region_id	gene_id	symbol	p12	effect_prior_sd_in_trait_sd	window	shared_variants	H0	H1	H2	H3	H4	H4_given_H3_or_H4	qtl_sdY_est	gwas_lead_covered	assumptions
R001	ENSG00000047849	MAP4	1e-06	0.1	gene_cis_shared_region	912	9.077009339844138e-06	0.9158472054410799	7.549343005455739e-07	0.07609042961340247	0.008052533001877223	0.09570061181105771	0.527558806144025	False	one causal variant per trait; shared observed subset; p1=p2=1e-4; effect prior SD as given times sdY; CP sdY=1; window sensitivity is not multi-signal conditioning
R001	ENSG00000047849	MAP4	1e-05	0.1	gene_cis_shared_region	912	8.463626644043578e-06	0.853958448166263	7.039193000003704e-07	0.07094858706444536	0.07508379722334681	0.5141585381183396	0.527558806144025	False	one causal variant per trait; shared observed subset; p1=p2=1e-4; effect prior SD as given times sdY; CP sdY=1; window sensitivity is not multi-signal conditioning
R001	ENSG00000047849	MAP4	0.0001	0.1	gene_cis_shared_region	912	5.050637360931805e-06	0.5095964914788917	4.200611942357945e-07	0.042338302432704256	0.44805973538984833	0.9136654326336761	0.527558806144025	False	one causal variant per trait; shared observed subset; p1=p2=1e-4; effect prior SD as given times sdY; CP sdY=1; window sensitivity is not multi-signal conditioning
R001	ENSG00000047849	MAP4	1e-06	0.15	gene_cis_shared_region	912	1.3395737188564956e-05	0.9222560798354054	1.0261306697564461e-06	0.0705744494718201	0.007155048824915531	0.09205062404495178	0.527558806144025	False	one causal variant per trait; shared observed subset; p1=p2=1e-4; effect prior SD as given times sdY; CP sdY=1; window sensitivity is not multi-signal conditioning
R001	ENSG00000047849	MAP4	1e-05	0.15	gene_cis_shared_region	912	1.2585301188260515e-05	0.8664600069446734	9.6405023147366e-07	0.06630472741408562	0.0672217162898207	0.5034337351100598	0.527558806144025	False	one causal variant per trait; shared observed subset; p1=p2=1e-4; effect prior SD as given times sdY; CP sdY=1; window sensitivity is not multi-signal conditioning
R001	ENSG00000047849	MAP4	0.0001	0.15	gene_cis_shared_region	912	7.841331397453673e-06	0.5398520031789767	6.006560538915258e-07	0.041311473845111656	0.4188280809884608	0.9102196857210992	0.527558806144025	False	one causal variant per trait; shared observed subset; p1=p2=1e-4; effect prior SD as given times sdY; CP sdY=1; window sensitivity is not multi-signal conditioning
R001	ENSG00000047849	MAP4	1e-06	0.2	gene_cis_shared_region	912	1.783491277100772e-05	0.9284454862588363	1.2544891273330308e-06	0.06524296066744259	0.006292463671823705	0.0879629041128051	0.527558806144025	False	one causal variant per trait; shared observed subset; p1=p2=1e-4; effect prior SD as given times sdY; CP sdY=1; window sensitivity is not multi-signal conditioning
R001	ENSG00000047849	MAP4	1e-05	0.2	gene_cis_shared_region	912	1.687901734014707e-05	0.8786837178939961	1.1872524416099948e-06	0.06174614244362654	0.05955207339259477	0.49095588902150783	0.527558806144025	False	one causal variant per trait; shared observed subset; p1=p2=1e-4; effect prior SD as given times sdY; CP sdY=1; window sensitivity is not multi-signal conditioning
R001	ENSG00000047849	MAP4	0.0001	0.2	gene_cis_shared_region	912	1.0989167796096808e-05	0.5720713843138442	7.729665794077667e-07	0.040200131702026846	0.38771672184975353	0.9060562084237647	0.527558806144025	False	one causal variant per trait; shared observed subset; p1=p2=1e-4; effect prior SD as given times sdY; CP sdY=1; window sensitivity is not multi-signal conditioning
R001	ENSG00000164045	CDC25A	1e-06	0.1	gene_cis_shared_region	990	6.044222168542914e-06	0.7574393529211348	1.8807589666317255e-06	0.23562036736112923	0.006932354736601016	0.028580816066074932	0.8387774911105839	False	one causal variant per trait; shared observed subset; p1=p2=1e-4; effect prior SD as given times sdY; CP sdY=1; window sensitivity is not multi-signal conditioning
R001	ENSG00000164045	CDC25A	1e-05	0.1	gene_cis_shared_region	990	5.689262307967289e-06	0.7129571086206756	1.7703073779978004e-06	0.22178305787529243	0.06525237393434609	0.22733212245943688	0.8387774911105839	False	one causal variant per trait; shared observed subset; p1=p2=1e-4; effect prior SD as given times sdY; CP sdY=1; window sensitivity is not multi-signal conditioning
R001	ENSG00000164045	CDC25A	0.0001	0.1	gene_cis_shared_region	990	3.584303498413389e-06	0.44917153056365544	1.1153148835022976e-06	0.13972598681519613	0.4110977830027666	0.7463326848415183	0.8387774911105839	False	one causal variant per trait; shared observed subset; p1=p2=1e-4; effect prior SD as given times sdY; CP sdY=1; window sensitivity is not multi-signal conditioning
R001	ENSG00000164045	CDC25A	1e-06	0.15	gene_cis_shared_region	990	6.5346972824299696e-06	0.5588723397419353	5.103952582263816e-06	0.43646304339289926	0.004652978215301064	0.010548195910766178	0.8387774911105839	False	one causal variant per trait; shared observed subset; p1=p2=1e-4; effect prior SD as given times sdY; CP sdY=1; window sensitivity is not multi-signal conditioning
R001	ENSG00000164045	CDC25A	1e-05	0.15	gene_cis_shared_region	990	6.272044120506834e-06	0.5364092353622915	4.898806234070799e-06	0.41892001217736446	0.04465958160998892	0.09633638367282087	0.8387774911105839	False	one causal variant per trait; shared observed subset; p1=p2=1e-4; effect prior SD as given times sdY; CP sdY=1; window sensitivity is not multi-signal conditioning
R001	ENSG00000164045	CDC25A	0.0001	0.15	gene_cis_shared_region	990	4.4738440780717414e-06	0.38262028055610253	3.494314586892213e-06	0.29881531118980614	0.31855644009542655	0.515988040321349	0.8387774911105839	False	one causal variant per trait; shared observed subset; p1=p2=1e-4; effect prior SD as given times sdY; CP sdY=1; window sensitivity is not multi-signal conditioning
R001	ENSG00000164045	CDC25A	1e-06	0.2	gene_cis_shared_region	990	6.417371829106835e-06	0.41502204410151083	8.9977117835271e-06	0.5818659281279542	0.00309661268692138	0.005293693990400954	0.8387774911105839	False	one causal variant per trait; shared observed subset; p1=p2=1e-4; effect prior SD as given times sdY; CP sdY=1; window sensitivity is not multi-signal conditioning
R001	ENSG00000164045	CDC25A	1e-05	0.2	gene_cis_shared_region	990	6.243372082313471e-06	0.4037691928548693	8.753749050223661e-06	0.5660892945062679	0.030126515517729366	0.05052954821261247	0.8387774911105839	False	one causal variant per trait; shared observed subset; p1=p2=1e-4; effect prior SD as given times sdY; CP sdY=1; window sensitivity is not multi-signal conditioning
R001	ENSG00000164045	CDC25A	0.0001	0.2	gene_cis_shared_region	990	4.911637399352107e-06	0.3176437095508378	6.886541544019223e-06	0.4453403246854947	0.23700416758472465	0.3473379946193912	0.8387774911105839	False	one causal variant per trait; shared observed subset; p1=p2=1e-4; effect prior SD as given times sdY; CP sdY=1; window sensitivity is not multi-signal conditioning
R001	ENSG00000164047	CAMP	1e-06	0.1	gene_cis_shared_region	1022	6.302677731191641e-06	0.9093500740327755	5.724500050813463e-07	0.08251174928311143	0.008131301556376156	0.08970683887036433	0.9599643874637653	False	one causal variant per trait; shared observed subset; p1=p2=1e-4; effect prior SD as given times sdY; CP sdY=1; window sensitivity is not multi-signal conditioning
R001	ENSG00000164047	CAMP	1e-05	0.1	gene_cis_shared_region	1022	5.872889603808769e-06	0.847340261359055	5.334138642222594e-07	0.07688516139079846	0.07576817094667905	0.496341414802364	0.9599643874637653	False	one causal variant per trait; shared observed subset; p1=p2=1e-4; effect prior SD as given times sdY; CP sdY=1; window sensitivity is not multi-signal conditioning
R001	ENSG00000164047	CAMP	0.0001	0.1	gene_cis_shared_region	1022	3.491790433517902e-06	0.5037953747043478	3.1714701856291654e-07	0.04571290951046655	0.4504879068477344	0.9078741751253651	0.9599643874637653	False	one causal variant per trait; shared observed subset; p1=p2=1e-4; effect prior SD as given times sdY; CP sdY=1; window sensitivity is not multi-signal conditioning
R001	ENSG00000164047	CAMP	1e-06	0.15	gene_cis_shared_region	1022	9.317738820140843e-06	0.9175291910454608	7.636803425462134e-07	0.07512720651339506	0.007333521021981574	0.08893349890510492	0.9599643874637653	False	one causal variant per trait; shared observed subset; p1=p2=1e-4; effect prior SD as given times sdY; CP sdY=1; window sensitivity is not multi-signal conditioning
R001	ENSG00000164047	CAMP	1e-05	0.15	gene_cis_shared_region	1022	8.740829320028973e-06	0.8607202036761321	7.163969347186341e-07	0.07047569180676275	0.06879464729085034	0.4939648150252072	0.9599643874637653	False	one causal variant per trait; shared observed subset; p1=p2=1e-4; effect prior SD as given times sdY; CP sdY=1; window sensitivity is not multi-signal conditioning
R001	ENSG00000164047	CAMP	0.0001	0.15	gene_cis_shared_region	1022	5.398400064610765e-06	0.5315870877938182	4.424519821946608e-07	0.04352630228476481	0.42488076906937094	0.9070759069479183	0.9599643874637653	False	one causal variant per trait; shared observed subset; p1=p2=1e-4; effect prior SD as given times sdY; CP sdY=1; window sensitivity is not multi-signal conditioning
R001	ENSG00000164047	CAMP	1e-06	0.2	gene_cis_shared_region	1022	1.2423349397531096e-05	0.9250882136501968	9.190262957426699e-07	0.0683687758885841	0.006529668085526737	0.08718029025788254	0.9599643874637653	False	one causal variant per trait; shared observed subset; p1=p2=1e-4; effect prior SD as given times sdY; CP sdY=1; window sensitivity is not multi-signal conditioning
R001	ENSG00000164047	CAMP	1e-05	0.2	gene_cis_shared_region	1022	1.1733789632368247e-05	0.8737410615298257	8.680156112330047e-07	0.06457395731449066	0.06167237935043968	0.48850826867257124	0.9599643874637653	False	one causal variant per trait; shared observed subset; p1=p2=1e-4; effect prior SD as given times sdY; CP sdY=1; window sensitivity is not multi-signal conditioning
R001	ENSG00000164047	CAMP	0.0001	0.2	gene_cis_shared_region	1022	7.545595936937003e-06	0.5618727802676503	5.581909403974644e-07	0.04152528767006897	0.396593828275403	0.9052191831884433	0.9599643874637653	False	one causal variant per trait; shared observed subset; p1=p2=1e-4; effect prior SD as given times sdY; CP sdY=1; window sensitivity is not multi-signal conditioning
R001	ENSG00000164048	ZNF589	1e-06	0.1	gene_cis_shared_region	1044	1.7274516861709865e-14	2.88733961472452e-09	5.982813154940523e-06	0.9999940124359007	1.863587515087856e-09	1.863598670031369e-09	0.8044391834188783	False	one causal variant per trait; shared observed subset; p1=p2=1e-4; effect prior SD as given times sdY; CP sdY=1; window sensitivity is not multi-signal conditioning
R001	ENSG00000164048	ZNF589	1e-05	0.1	gene_cis_shared_region	1044	1.727451657197672e-14	2.8873395662972224e-09	5.982813054595067e-06	0.9999939956637146	1.863587483831234e-08	1.8635986387743712e-08	0.8044391834188783	False	one causal variant per trait; shared observed subset; p1=p2=1e-4; effect prior SD as given times sdY; CP sdY=1; window sensitivity is not multi-signal conditioning
R001	ENSG00000164048	ZNF589	0.0001	0.1	gene_cis_shared_region	1044	1.7274513674645645e-14	2.8873390820244142e-09	5.9828120511406374e-06	0.9999938279418761	1.8635871712650407e-07	1.8635983262044362e-07	0.8044391834188783	False	one causal variant per trait; shared observed subset; p1=p2=1e-4; effect prior SD as given times sdY; CP sdY=1; window sensitivity is not multi-signal conditioning
R001	ENSG00000164048	ZNF589	1e-06	0.15	gene_cis_shared_region	1044	1.3120889034389113e-18	1.497116208910615e-13	8.764031770680985e-06	0.9999912341816862	1.7863921503012554e-09	1.786407806436296e-09	0.8044391834188783	False	one causal variant per trait; shared observed subset; p1=p2=1e-4; effect prior SD as given times sdY; CP sdY=1; window sensitivity is not multi-signal conditioning
R001	ENSG00000164048	ZNF589	1e-05	0.15	gene_cis_shared_region	1044	1.3120888823437646e-18	1.4971161848406863e-13	8.764031629777014e-06	0.9999912181042986	1.7863921215804803e-08	1.7864077777150167e-08	0.8044391834188783	False	one causal variant per trait; shared observed subset; p1=p2=1e-4; effect prior SD as given times sdY; CP sdY=1; window sensitivity is not multi-signal conditioning
R001	ENSG00000164048	ZNF589	0.0001	0.15	gene_cis_shared_region	1044	1.312088671392325e-18	1.497115944141433e-13	8.764030220737494e-06	0.9999910573304441	1.7863918343728194e-07	1.7864074905023237e-07	0.8044391834188783	False	one causal variant per trait; shared observed subset; p1=p2=1e-4; effect prior SD as given times sdY; CP sdY=1; window sensitivity is not multi-signal conditioning
R001	ENSG00000164048	ZNF589	1e-06	0.2	gene_cis_shared_region	1044	8.075464931628127e-21	6.968333004373564e-16	1.158867024366524e-05	0.999988409559274	1.7704780938879305e-09	1.7704986116125148e-09	0.8044391834188783	False	one causal variant per trait; shared observed subset; p1=p2=1e-4; effect prior SD as given times sdY; CP sdY=1; window sensitivity is not multi-signal conditioning
R001	ENSG00000164048	ZNF589	1e-05	0.2	gene_cis_shared_region	1044	8.075464802951268e-21	6.968332893338075e-16	1.1588670059007923e-05	0.9999883936251613	1.770478065676602e-08	1.770498583400523e-08	0.8044391834188783	False	one causal variant per trait; shared observed subset; p1=p2=1e-4; effect prior SD as given times sdY; CP sdY=1; window sensitivity is not multi-signal conditioning
R001	ENSG00000164048	ZNF589	0.0001	0.2	gene_cis_shared_region	1044	8.075463516182446e-21	6.968331782982977e-16	1.158866821243442e-05	0.9999882342840065	1.770477783563316e-07	1.770498301280705e-07	0.8044391834188783	False	one causal variant per trait; shared observed subset; p1=p2=1e-4; effect prior SD as given times sdY; CP sdY=1; window sensitivity is not multi-signal conditioning
R001	ENSG00000172113	NME6	1e-06	0.1	gene_cis_shared_region	1088	2.685990736199773e-06	0.5661675508744165	2.0337010027784412e-06	0.4286223644845673	0.005205364949278028	0.011998691176497968	0.7148216815800873	False	one causal variant per trait; shared observed subset; p1=p2=1e-4; effect prior SD as given times sdY; CP sdY=1; window sensitivity is not multi-signal conditioning
R001	ENSG00000172113	NME6	1e-05	0.1	gene_cis_shared_region	1088	2.5657879712446085e-06	0.5408305666004927	1.942689339807509e-06	0.40944076693164355	0.049724157990552735	0.10829258789524984	0.7148216815800873	False	one causal variant per trait; shared observed subset; p1=p2=1e-4; effect prior SD as given times sdY; CP sdY=1; window sensitivity is not multi-signal conditioning
R001	ENSG00000172113	NME6	0.0001	0.1	gene_cis_shared_region	1088	1.7725437582991095e-06	0.37362629175475304	1.3420835634830921e-06	0.2828572290273224	0.34351336459060244	0.5484187286099507	0.7148216815800873	False	one causal variant per trait; shared observed subset; p1=p2=1e-4; effect prior SD as given times sdY; CP sdY=1; window sensitivity is not multi-signal conditioning
R001	ENSG00000172113	NME6	1e-06	0.15	gene_cis_shared_region	1088	1.5218447717203654e-06	0.21903095459045493	5.413543913248135e-06	0.7791239548215638	0.0018381551992970122	0.002353705993813083	0.7148216815800873	False	one causal variant per trait; shared observed subset; p1=p2=1e-4; effect prior SD as given times sdY; CP sdY=1; window sensitivity is not multi-signal conditioning
R001	ENSG00000172113	NME6	1e-05	0.15	gene_cis_shared_region	1088	1.4970780160694437e-06	0.215466408302204	5.325442996652426e-06	0.7664443616268967	0.01808240754988741	0.023048808862011883	0.7148216815800873	False	one causal variant per trait; shared observed subset; p1=p2=1e-4; effect prior SD as given times sdY; CP sdY=1; window sensitivity is not multi-signal conditioning
R001	ENSG00000172113	NME6	0.0001	0.15	gene_cis_shared_region	1088	1.287541383728174e-06	0.1853089247951998	4.580074098528023e-06	0.6591699452715605	0.1555152623177581	0.1908900037327707	0.7148216815800873	False	one causal variant per trait; shared observed subset; p1=p2=1e-4; effect prior SD as given times sdY; CP sdY=1; window sensitivity is not multi-signal conditioning
R001	ENSG00000172113	NME6	1e-06	0.2	gene_cis_shared_region	1088	9.095490576366659e-07	0.09900645880725108	8.270340191510758e-06	0.9002376473131232	0.0007467139903763282	0.0008287757506645504	0.7148216815800873	False	one causal variant per trait; shared observed subset; p1=p2=1e-4; effect prior SD as given times sdY; CP sdY=1; window sensitivity is not multi-signal conditioning
R001	ENSG00000172113	NME6	1e-05	0.2	gene_cis_shared_region	1088	9.034773053416901e-07	0.09834553492586931	8.215131012174666e-06	0.8942280539270339	0.007417292538778495	0.008226396961790049	0.7148216815800873	False	one causal variant per trait; shared observed subset; p1=p2=1e-4; effect prior SD as given times sdY; CP sdY=1; window sensitivity is not multi-signal conditioning
R001	ENSG00000172113	NME6	0.0001	0.2	gene_cis_shared_region	1088	8.469393341085575e-07	0.09219124970844154	7.701043012291716e-06	0.8382688840731037	0.069531318236108	0.07659319535205886	0.7148216815800873	False	one causal variant per trait; shared observed subset; p1=p2=1e-4; effect prior SD as given times sdY; CP sdY=1; window sensitivity is not multi-signal conditioning
R001	ENSG00000229453	SPINK8	1e-06	0.1	gene_cis_shared_region	1114	3.6705138686580406e-06	0.7966310348461699	8.971884263706701e-07	0.19463424706584817	0.008730150385686	0.042928607441066816	0.8372114569216229	False	one causal variant per trait; shared observed subset; p1=p2=1e-4; effect prior SD as given times sdY; CP sdY=1; window sensitivity is not multi-signal conditioning
R001	ENSG00000229453	SPINK8	1e-05	0.1	gene_cis_shared_region	1114	3.403125678097422e-06	0.7385983618815456	8.318303870052202e-07	0.1804556058710956	0.08094179729129367	0.3096503496670538	0.8372114569216229	False	one causal variant per trait; shared observed subset; p1=p2=1e-4; effect prior SD as given times sdY; CP sdY=1; window sensitivity is not multi-signal conditioning
R001	ENSG00000229453	SPINK8	0.0001	0.1	gene_cis_shared_region	1114	1.9688588862808554e-06	0.42731185555155815	4.812507101557553e-07	0.1044015580985344	0.4682841362403109	0.8176983306365562	0.8372114569216229	False	one causal variant per trait; shared observed subset; p1=p2=1e-4; effect prior SD as given times sdY; CP sdY=1; window sensitivity is not multi-signal conditioning
R001	ENSG00000229453	SPINK8	1e-06	0.15	gene_cis_shared_region	1114	4.759425945209449e-06	0.7052298512561082	1.935704685303002e-06	0.28674362097604383	0.00801983263721731	0.027207689891364826	0.8372114569216229	False	one causal variant per trait; shared observed subset; p1=p2=1e-4; effect prior SD as given times sdY; CP sdY=1; window sensitivity is not multi-signal conditioning
R001	ENSG00000229453	SPINK8	1e-05	0.15	gene_cis_shared_region	1114	4.439023887365891e-06	0.6577541476321032	1.8053940613562719e-06	0.2674401908372239	0.07479941711272395	0.21855862201567058	0.8372114569216229	False	one causal variant per trait; shared observed subset; p1=p2=1e-4; effect prior SD as given times sdY; CP sdY=1; window sensitivity is not multi-signal conditioning
R001	ENSG00000229453	SPINK8	0.0001	0.15	gene_cis_shared_region	1114	2.65302283354361e-06	0.39311272405913683	1.079010113451868e-06	0.15983805244162502	0.447045491466292	0.7366248367646012	0.8372114569216229	False	one causal variant per trait; shared observed subset; p1=p2=1e-4; effect prior SD as given times sdY; CP sdY=1; window sensitivity is not multi-signal conditioning
R001	ENSG00000229453	SPINK8	1e-06	0.2	gene_cis_shared_region	1114	5.73764149726832e-06	0.6429759519491799	3.1213885118779236e-06	0.34971844965170334	0.0072967393691069525	0.020438176283535173	0.8372114569216229	False	one causal variant per trait; shared observed subset; p1=p2=1e-4; effect prior SD as given times sdY; CP sdY=1; window sensitivity is not multi-signal conditioning
R001	ENSG00000229453	SPINK8	1e-05	0.2	gene_cis_shared_region	1114	5.384066337942768e-06	0.6033533431191989	2.929036751850807e-06	0.32816747672780144	0.06847086704990983	0.1726279572412774	0.8372114569216229	False	one causal variant per trait; shared observed subset; p1=p2=1e-4; effect prior SD as given times sdY; CP sdY=1; window sensitivity is not multi-signal conditioning
R001	ENSG00000229453	SPINK8	0.0001	0.2	gene_cis_shared_region	1114	3.3312340092854632e-06	0.3733072830196101	1.8122560588547029e-06	0.20304405454906718	0.42364351894125546	0.676004339102788	0.8372114569216229	False	one causal variant per trait; shared observed subset; p1=p2=1e-4; effect prior SD as given times sdY; CP sdY=1; window sensitivity is not multi-signal conditioning
R001	ENSG00000164049	FBXW12	1e-06	0.1	gene_cis_shared_region	1148	1.5226475161235493e-17	0.895096497018798	1.6688645088780993e-18	0.09803642313017308	0.006867079851026161	0.06546092033034279	0.9287849076290347	False	one causal variant per trait; shared observed subset; p1=p2=1e-4; effect prior SD as given times sdY; CP sdY=1; window sensitivity is not multi-signal conditioning
R001	ENSG00000164049	FBXW12	1e-05	0.1	gene_cis_shared_region	1148	1.4340197621894104e-17	0.8429961972152977	1.5717259975180842e-18	0.09233008079305459	0.06467372199164421	0.4119245575238204	0.9287849076290347	False	one causal variant per trait; shared observed subset; p1=p2=1e-4; effect prior SD as given times sdY; CP sdY=1; window sensitivity is not multi-signal conditioning
R001	ENSG00000164049	FBXW12	0.0001	0.1	gene_cis_shared_region	1148	9.06423644860285e-18	0.5328459940584301	9.934658119473228e-19	0.058360540467664104	0.40879346547390344	0.8750721609460758	0.9287849076290347	False	one causal variant per trait; shared observed subset; p1=p2=1e-4; effect prior SD as given times sdY; CP sdY=1; window sensitivity is not multi-signal conditioning
R001	ENSG00000164049	FBXW12	1e-06	0.15	gene_cis_shared_region	1148	2.2389774851637308e-17	0.900906312333221	2.3247157496745607e-18	0.09348442338019282	0.005609264286582649	0.056605667007216906	0.9287849076290347	False	one causal variant per trait; shared observed subset; p1=p2=1e-4; effect prior SD as given times sdY; CP sdY=1; window sensitivity is not multi-signal conditioning
R001	ENSG00000164049	FBXW12	1e-05	0.15	gene_cis_shared_region	1148	2.131378307186461e-17	0.8576112013801517	2.2129962235277836e-18	0.08899181585017461	0.05339698276967576	0.3750083102550435	0.9287849076290347	False	one causal variant per trait; shared observed subset; p1=p2=1e-4; effect prior SD as given times sdY; CP sdY=1; window sensitivity is not multi-signal conditioning
R001	ENSG00000164049	FBXW12	0.0001	0.15	gene_cis_shared_region	1148	1.4395632842309958e-17	0.5792428277464375	1.494689188114058e-18	0.06010634070122862	0.36065083155233574	0.8571471987529039	0.9287849076290347	False	one causal variant per trait; shared observed subset; p1=p2=1e-4; effect prior SD as given times sdY; CP sdY=1; window sensitivity is not multi-signal conditioning
R001	ENSG00000164049	FBXW12	1e-06	0.2	gene_cis_shared_region	1148	2.97708452034493e-17	0.9067611943018699	2.910327845864199e-18	0.0885964189979389	0.004642386700188773	0.0497902849079715	0.9287849076290347	False	one causal variant per trait; shared observed subset; p1=p2=1e-4; effect prior SD as given times sdY; CP sdY=1; window sensitivity is not multi-signal conditioning
R001	ENSG00000164049	FBXW12	1e-05	0.2	gene_cis_shared_region	1148	2.857686162248506e-17	0.8703948106653542	2.793606817642189e-18	0.08504318868509876	0.044562000649544374	0.34382883029848765	0.9287849076290347	False	one causal variant per trait; shared observed subset; p1=p2=1e-4; effect prior SD as given times sdY; CP sdY=1; window sensitivity is not multi-signal conditioning
R001	ENSG00000164049	FBXW12	0.0001	0.2	gene_cis_shared_region	1148	2.039662990629111e-17	0.6212410956817214	1.99392659403529e-18	0.060699263221263476	0.3180596410970146	0.8397416865208356	0.9287849076290347	False	one causal variant per trait; shared observed subset; p1=p2=1e-4; effect prior SD as given times sdY; CP sdY=1; window sensitivity is not multi-signal conditioning
R001	ENSG00000164050	PLXNB1	1e-06	0.1	gene_cis_shared_region	1221	4.7617382900150596e-18	0.8947066054417966	5.252390913589046e-19	0.09862307262587003	0.006670321932330866	0.06334986121701915	0.354032383249766	False	one causal variant per trait; shared observed subset; p1=p2=1e-4; effect prior SD as given times sdY; CP sdY=1; window sensitivity is not multi-signal conditioning
R001	ENSG00000164050	PLXNB1	1e-05	0.1	gene_cis_shared_region	1221	4.4920665214588836e-18	0.8440366404136223	4.954931989862343e-19	0.09303774710068699	0.06292561248569077	0.4034640742067399	0.354032383249766	False	one causal variant per trait; shared observed subset; p1=p2=1e-4; effect prior SD as given times sdY; CP sdY=1; window sensitivity is not multi-signal conditioning
R001	ENSG00000164050	PLXNB1	0.0001	0.1	gene_cis_shared_region	1221	2.867891856782184e-18	0.538862413614009	3.163401306893541e-19	0.05939854096300535	0.4017390454229864	0.8711912827828217	0.354032383249766	False	one causal variant per trait; shared observed subset; p1=p2=1e-4; effect prior SD as given times sdY; CP sdY=1; window sensitivity is not multi-signal conditioning
R001	ENSG00000164050	PLXNB1	1e-06	0.15	gene_cis_shared_region	1221	7.022679648057416e-18	0.9031624495770847	7.114144014226306e-19	0.09143854637775305	0.005399004045163876	0.055753207527295984	0.354032383249766	False	one causal variant per trait; shared observed subset; p1=p2=1e-4; effect prior SD as given times sdY; CP sdY=1; window sensitivity is not multi-signal conditioning
R001	ENSG00000164050	PLXNB1	1e-05	0.15	gene_cis_shared_region	1221	6.6972531751979994e-18	0.8613104806543328	6.784479141273714e-19	0.08720134275714712	0.051488176588522776	0.37124778304403516	0.354032383249766	False	one causal variant per trait; shared observed subset; p1=p2=1e-4; effect prior SD as given times sdY; CP sdY=1; window sensitivity is not multi-signal conditioning
R001	ENSG00000164050	PLXNB1	0.0001	0.15	gene_cis_shared_region	1221	4.576522149735969e-18	0.5885706258070125	4.636127417050031e-19	0.05958844113773608	0.3518409330552538	0.8551672659381271	0.354032383249766	False	one causal variant per trait; shared observed subset; p1=p2=1e-4; effect prior SD as given times sdY; CP sdY=1; window sensitivity is not multi-signal conditioning
R001	ENSG00000164050	PLXNB1	1e-06	0.2	gene_cis_shared_region	1221	9.353797053101582e-18	0.9105813956814531	8.733383296492218e-19	0.08497403726203301	0.004444567056513818	0.04970517142808887	0.354032383249766	False	one causal variant per trait; shared observed subset; p1=p2=1e-4; effect prior SD as given times sdY; CP sdY=1; window sensitivity is not multi-signal conditioning
R001	ENSG00000164050	PLXNB1	1e-05	0.2	gene_cis_shared_region	1221	8.994026084727148e-18	0.8755581052841666	8.397475028659716e-19	0.08170571836448863	0.04273617635134511	0.34342273917424887	0.354032383249766	False	one causal variant per trait; shared observed subset; p1=p2=1e-4; effect prior SD as given times sdY; CP sdY=1; window sensitivity is not multi-signal conditioning
R001	ENSG00000164050	PLXNB1	0.0001	0.2	gene_cis_shared_region	1221	6.4956376424915645e-18	0.6323428610608661	6.064798387751148e-19	0.059009250675448474	0.30864788826368844	0.8394992387589214	0.354032383249766	False	one causal variant per trait; shared observed subset; p1=p2=1e-4; effect prior SD as given times sdY; CP sdY=1; window sensitivity is not multi-signal conditioning
R001	ENSG00000164051	CCDC51	1e-06	0.1	gene_cis_shared_region	1241	4.177647651875983e-18	0.8895646850480621	4.876654237518461e-19	0.10377410769077862	0.006661207261157003	0.06031772774910034	0.7388587383480978	False	one causal variant per trait; shared observed subset; p1=p2=1e-4; effect prior SD as given times sdY; CP sdY=1; window sensitivity is not multi-signal conditioning
R001	ENSG00000164051	CCDC51	1e-05	0.1	gene_cis_shared_region	1241	3.941359725665107e-18	0.8392508691938098	4.600830469539063e-19	0.0979046398122161	0.06284449099397504	0.3909476255255412	0.7388587383480978	False	one causal variant per trait; shared observed subset; p1=p2=1e-4; effect prior SD as given times sdY; CP sdY=1; window sensitivity is not multi-signal conditioning
R001	ENSG00000164051	CCDC51	0.0001	0.1	gene_cis_shared_region	1241	2.517474879266493e-18	0.5360568757122138	2.9387003311081697e-19	0.06253488350376235	0.4014082407840211	0.8652100220263809	0.7388587383480978	False	one causal variant per trait; shared observed subset; p1=p2=1e-4; effect prior SD as given times sdY; CP sdY=1; window sensitivity is not multi-signal conditioning
R001	ENSG00000164051	CCDC51	1e-06	0.15	gene_cis_shared_region	1241	6.149905289990937e-18	0.8963021431825897	6.748926361274427e-19	0.09830658022634226	0.005391276591070336	0.051990241230955234	0.7388587383480978	False	one causal variant per trait; shared observed subset; p1=p2=1e-4; effect prior SD as given times sdY; CP sdY=1; window sensitivity is not multi-signal conditioning
R001	ENSG00000164051	CCDC51	1e-05	0.15	gene_cis_shared_region	1241	5.865311634176903e-18	0.8548247721314556	6.436612344162526e-19	0.0937573347115009	0.05141789315704561	0.35417814672626907	0.7388587383480978	False	one causal variant per trait; shared observed subset; p1=p2=1e-4; effect prior SD as given times sdY; CP sdY=1; window sensitivity is not multi-signal conditioning
R001	ENSG00000164051	CCDC51	0.0001	0.15	gene_cis_shared_region	1241	4.009753801303539e-18	0.5843912639747652	4.400317054618849e-19	0.06409613891083323	0.35151259711440164	0.8457776909989172	0.7388587383480978	False	one causal variant per trait; shared observed subset; p1=p2=1e-4; effect prior SD as given times sdY; CP sdY=1; window sensitivity is not multi-signal conditioning
R001	ENSG00000164051	CCDC51	1e-06	0.2	gene_cis_shared_region	1241	8.186464288110663e-18	0.9031242991943934	8.382943345483511e-19	0.09243557011459051	0.004440130691017089	0.04583327556955411	0.7388587383480978	False	one causal variant per trait; shared observed subset; p1=p2=1e-4; effect prior SD as given times sdY; CP sdY=1; window sensitivity is not multi-signal conditioning
R001	ENSG00000164051	CCDC51	1e-05	0.2	gene_cis_shared_region	1241	7.871894139234218e-18	0.8684211678725952	8.06082336261846e-19	0.088883673956605	0.042695158170802786	0.32448348629102486	0.7388587383480978	False	one causal variant per trait; shared observed subset; p1=p2=1e-4; effect prior SD as given times sdY; CP sdY=1; window sensitivity is not multi-signal conditioning
R001	ENSG00000164051	CCDC51	0.0001	0.2	gene_cis_shared_region	1241	5.686731161498933e-18	0.6273557074443585	5.82321542855508e-19	0.06421041105193367	0.3084338815037093	0.8276898040982451	0.7388587383480978	False	one causal variant per trait; shared observed subset; p1=p2=1e-4; effect prior SD as given times sdY; CP sdY=1; window sensitivity is not multi-signal conditioning
R001	ENSG00000232112	TMA7	1e-06	0.1	gene_cis_shared_region	1240	4.155929961673172e-18	0.8849402428128342	5.090954400657012e-19	0.1083366755296397	0.006723081657528481	0.05843121715085854	0.5242733996310661	False	one causal variant per trait; shared observed subset; p1=p2=1e-4; effect prior SD as given times sdY; CP sdY=1; window sensitivity is not multi-signal conditioning
R001	ENSG00000232112	TMA7	1e-05	0.1	gene_cis_shared_region	1240	3.9188115511438925e-18	0.8344495883205015	4.80048775981044e-19	0.10215547889242009	0.06339493278707496	0.38293431072709927	0.5242733996310661	False	one causal variant per trait; shared observed subset; p1=p2=1e-4; effect prior SD as given times sdY; CP sdY=1; window sensitivity is not multi-signal conditioning
R001	ENSG00000232112	TMA7	0.0001	0.1	gene_cis_shared_region	1240	2.4951772211207744e-18	0.5313089383803523	3.056556191137013e-19	0.06504421573184531	0.40364684588780453	0.8612215571018725	0.5242733996310661	False	one causal variant per trait; shared observed subset; p1=p2=1e-4; effect prior SD as given times sdY; CP sdY=1; window sensitivity is not multi-signal conditioning
R001	ENSG00000232112	TMA7	1e-06	0.15	gene_cis_shared_region	1240	6.097347689656534e-18	0.8886422707782249	7.270023177706376e-19	0.10590051247046338	0.005457216751314175	0.04900617846153907	0.5242733996310661	False	one causal variant per trait; shared observed subset; p1=p2=1e-4; effect prior SD as given times sdY; CP sdY=1; window sensitivity is not multi-signal conditioning
R001	ENSG00000232112	TMA7	1e-05	0.15	gene_cis_shared_region	1240	5.81189667083559e-18	0.8470399455587997	6.929672646860224e-19	0.10094271594696273	0.0520173384942357	0.34007139108486933	0.5242733996310661	False	one causal variant per trait; shared observed subset; p1=p2=1e-4; effect prior SD as given times sdY; CP sdY=1; window sensitivity is not multi-signal conditioning
R001	ENSG00000232112	TMA7	0.0001	0.15	gene_cis_shared_region	1240	3.958636879844069e-18	0.5769413596109393	4.719983726270133e-19	0.06875475954424012	0.3543038808448218	0.8374817271643229	0.5242733996310661	False	one causal variant per trait; shared observed subset; p1=p2=1e-4; effect prior SD as given times sdY; CP sdY=1; window sensitivity is not multi-signal conditioning
R001	ENSG00000232112	TMA7	1e-06	0.2	gene_cis_shared_region	1240	8.100145598134023e-18	0.8936016892312925	9.240569560907104e-19	0.10189621539874325	0.004502095369965231	0.04231359819003149	0.5242733996310661	False	one causal variant per trait; shared observed subset; p1=p2=1e-4; effect prior SD as given times sdY; CP sdY=1; window sensitivity is not multi-signal conditioning
R001	ENSG00000232112	TMA7	1e-05	0.2	gene_cis_shared_region	1240	7.784717723556645e-18	0.8588039342850218	8.880732422034836e-19	0.09792827355605484	0.04326779215892641	0.3064376612749741	0.5242733996310661	False	one causal variant per trait; shared observed subset; p1=p2=1e-4; effect prior SD as given times sdY; CP sdY=1; window sensitivity is not multi-signal conditioning
R001	ENSG00000232112	TMA7	0.0001	0.2	gene_cis_shared_region	1240	5.60289403298679e-18	0.6181068613895406	6.39172857166081e-19	0.07048190558118768	0.311411233029275	0.8154407648232707	0.5242733996310661	False	one causal variant per trait; shared observed subset; p1=p2=1e-4; effect prior SD as given times sdY; CP sdY=1; window sensitivity is not multi-signal conditioning
R001	ENSG00000244380	RP11-24C3.2	1e-06	0.1	gene_cis_shared_region	1245	4.1193888164875116e-18	0.8771593778340033	5.362437990251311e-19	0.11409729119054025	0.008743330975453153	0.0711762185935396	0.7762864667144216	False	one causal variant per trait; shared observed subset; p1=p2=1e-4; effect prior SD as given times sdY; CP sdY=1; window sensitivity is not multi-signal conditioning
R001	ENSG00000244380	RP11-24C3.2	1e-05	0.1	gene_cis_shared_region	1245	3.818881140575785e-18	0.8131709713543667	4.971250401640723e-19	0.10577394194361764	0.08105508670201358	0.433846320829271	0.7762864667144216	False	one causal variant per trait; shared observed subset; p1=p2=1e-4; effect prior SD as given times sdY; CP sdY=1; window sensitivity is not multi-signal conditioning
R001	ENSG00000244380	RP11-24C3.2	0.0001	0.1	gene_cis_shared_region	1245	2.2080893078983657e-18	0.47017806033894627	2.8743929058481526e-19	0.061158832040724434	0.46866310762033075	0.8845671961416891	0.7762864667144216	False	one causal variant per trait; shared observed subset; p1=p2=1e-4; effect prior SD as given times sdY; CP sdY=1; window sensitivity is not multi-signal conditioning
R001	ENSG00000244380	RP11-24C3.2	1e-06	0.15	gene_cis_shared_region	1245	6.018843329198623e-18	0.8772008544946079	7.886306624253188e-19	0.11485753324172664	0.007941612263667245	0.06467155965119004	0.7762864667144216	False	one causal variant per trait; shared observed subset; p1=p2=1e-4; effect prior SD as given times sdY; CP sdY=1; window sensitivity is not multi-signal conditioning
R001	ENSG00000244380	RP11-24C3.2	1e-05	0.15	gene_cis_shared_region	1245	5.617346255958341e-18	0.8186856952754109	7.36023726920741e-19	0.1071957681958683	0.0741185365287181	0.4087848261134332	0.7762864667144216	False	one causal variant per trait; shared observed subset; p1=p2=1e-4; effect prior SD as given times sdY; CP sdY=1; window sensitivity is not multi-signal conditioning
R001	ENSG00000244380	RP11-24C3.2	0.0001	0.15	gene_cis_shared_region	1245	3.369598722171093e-18	0.4910935069622377	4.415082312380295e-19	0.06430202217849988	0.4446044708592614	0.8736466854752263	0.7762864667144216	False	one causal variant per trait; shared observed subset; p1=p2=1e-4; effect prior SD as given times sdY; CP sdY=1; window sensitivity is not multi-signal conditioning
R001	ENSG00000244380	RP11-24C3.2	1e-06	0.2	gene_cis_shared_region	1245	7.972631434497635e-18	0.8795344270264452	1.0291847293105204e-18	0.11346888267707114	0.006996690296481857	0.058080413547013224	0.7762864667144216	False	one causal variant per trait; shared observed subset; p1=p2=1e-4; effect prior SD as given times sdY; CP sdY=1; window sensitivity is not multi-signal conditioning
R001	ENSG00000244380	RP11-24C3.2	1e-05	0.2	gene_cis_shared_region	1245	7.500333818841693e-18	0.8274309256687304	9.682159641397654e-19	0.1067470013032959	0.06582207302797627	0.38142450078639784	0.7762864667144216	False	one causal variant per trait; shared observed subset; p1=p2=1e-4; effect prior SD as given times sdY; CP sdY=1; window sensitivity is not multi-signal conditioning
R001	ENSG00000244380	RP11-24C3.2	0.0001	0.2	gene_cis_shared_region	1245	4.710085495667265e-18	0.5196129260098316	6.080235999512463e-19	0.06703534998423259	0.413351724005936	0.8604555500891672	0.7762864667144216	False	one causal variant per trait; shared observed subset; p1=p2=1e-4; effect prior SD as given times sdY; CP sdY=1; window sensitivity is not multi-signal conditioning
R001	ENSG00000164053	ATRIP	1e-06	0.1	gene_cis_shared_region	1245	4.193675271307741e-18	0.8929775157652432	4.705072865544447e-19	0.10011811933219676	0.0069043649025633	0.06451321843191542	0.8832792061901719	False	one causal variant per trait; shared observed subset; p1=p2=1e-4; effect prior SD as given times sdY; CP sdY=1; window sensitivity is not multi-signal conditioning
R001	ENSG00000164053	ATRIP	1e-05	0.1	gene_cis_shared_region	1245	3.9483289376403526e-18	0.8407348538120454	4.429807781216811e-19	0.0942608194883372	0.06500432669961625	0.4081516154382124	0.8832792061901719	False	one causal variant per trait; shared observed subset; p1=p2=1e-4; effect prior SD as given times sdY; CP sdY=1; window sensitivity is not multi-signal conditioning
R001	ENSG00000164053	ATRIP	0.0001	0.1	gene_cis_shared_region	1245	2.4909980677835357e-18	0.530419053083171	2.7947627459474547e-19	0.05946908753592011	0.4101118593809119	0.8733571114280053	0.8832792061901719	False	one causal variant per trait; shared observed subset; p1=p2=1e-4; effect prior SD as given times sdY; CP sdY=1; window sensitivity is not multi-signal conditioning
R001	ENSG00000164053	ATRIP	1e-06	0.15	gene_cis_shared_region	1245	6.190101727518596e-18	0.9021604696779558	6.327306235248709e-19	0.09215889242957406	0.005680637892472487	0.05806076412850939	0.8832792061901719	False	one causal variant per trait; shared observed subset; p1=p2=1e-4; effect prior SD as given times sdY; CP sdY=1; window sensitivity is not multi-signal conditioning
R001	ENSG00000164053	ATRIP	1e-05	0.15	gene_cis_shared_region	1245	5.8890211569165965e-18	0.8582802555971945	6.019552169881203e-19	0.0876763728943309	0.05404337150847252	0.3813397472328736	0.8832792061901719	False	one causal variant per trait; shared observed subset; p1=p2=1e-4; effect prior SD as given times sdY; CP sdY=1; window sensitivity is not multi-signal conditioning
R001	ENSG00000164053	ATRIP	0.0001	0.15	gene_cis_shared_region	1245	3.961961393497492e-18	0.5774258823104113	4.0497788457089685e-19	0.05898610232045881	0.36358801536912855	0.8604124108618774	0.8832792061901719	False	one causal variant per trait; shared observed subset; p1=p2=1e-4; effect prior SD as given times sdY; CP sdY=1; window sensitivity is not multi-signal conditioning
R001	ENSG00000164053	ATRIP	1e-06	0.2	gene_cis_shared_region	1245	8.254131604132552e-18	0.9105893042576155	7.680747090174294e-19	0.08468615214541625	0.004724543596967063	0.05284092196955682	0.8832792061901719	False	one causal variant per trait; shared observed subset; p1=p2=1e-4; effect prior SD as given times sdY; CP sdY=1; window sensitivity is not multi-signal conditioning
R001	ENSG00000164053	ATRIP	1e-05	0.2	gene_cis_shared_region	1245	7.91747356290075e-18	0.8734494540298197	7.3674754591186e-19	0.08123209114080855	0.04531845482937363	0.3581055655030644	0.8832792061901719	False	one causal variant per trait; shared observed subset; p1=p2=1e-4; effect prior SD as given times sdY; CP sdY=1; window sensitivity is not multi-signal conditioning
R001	ENSG00000164053	ATRIP	0.0001	0.2	gene_cis_shared_region	1245	5.6237404960993515e-18	0.6204066267982234	5.233079689410872e-19	0.057698733933508564	0.3218946392682685	0.8479985742458203	0.8832792061901719	False	one causal variant per trait; shared observed subset; p1=p2=1e-4; effect prior SD as given times sdY; CP sdY=1; window sensitivity is not multi-signal conditioning
R001	ENSG00000164054	SHISA5	1e-06	0.1	gene_cis_shared_region	1306	3.560279516545119e-18	0.826891552882503	7.112512622784126e-19	0.16511145905690347	0.007996988060595218	0.046196405743084284	0.7746927275733619	False	one causal variant per trait; shared observed subset; p1=p2=1e-4; effect prior SD as given times sdY; CP sdY=1; window sensitivity is not multi-signal conditioning
R001	ENSG00000164054	SHISA5	1e-05	0.1	gene_cis_shared_region	1306	3.3212402489874286e-18	0.7713735660974422	6.634974328404649e-19	0.15402577826837832	0.07460065563417989	0.3262993450091387	0.7746927275733619	False	one causal variant per trait; shared observed subset; p1=p2=1e-4; effect prior SD as given times sdY; CP sdY=1; window sensitivity is not multi-signal conditioning
R001	ENSG00000164054	SHISA5	0.0001	0.1	gene_cis_shared_region	1306	1.9870937679359144e-18	0.46151181216415854	3.969696604275242e-19	0.09215342497185666	0.44633476286398543	0.828866394744485	0.7746927275733619	False	one causal variant per trait; shared observed subset; p1=p2=1e-4; effect prior SD as given times sdY; CP sdY=1; window sensitivity is not multi-signal conditioning
R001	ENSG00000164054	SHISA5	1e-06	0.15	gene_cis_shared_region	1306	4.932804344808513e-18	0.7841002664144769	1.3158325880238728e-18	0.20909178388009722	0.006807949705422828	0.031532923141501384	0.7746927275733619	False	one causal variant per trait; shared observed subset; p1=p2=1e-4; effect prior SD as given times sdY; CP sdY=1; window sensitivity is not multi-signal conditioning
R001	ENSG00000164054	SHISA5	1e-05	0.15	gene_cis_shared_region	1306	4.648013373326862e-18	0.7388309508280569	1.2398641905655542e-18	0.19702005994831093	0.06414898922363454	0.24562247872411888	0.7746927275733619	False	one causal variant per trait; shared observed subset; p1=p2=1e-4; effect prior SD as given times sdY; CP sdY=1; window sensitivity is not multi-signal conditioning
R001	ENSG00000164054	SHISA5	0.0001	0.15	gene_cis_shared_region	1306	2.9467398990599848e-18	0.4684028350605088	7.8604706705913815e-19	0.12490645463640981	0.4066907103030846	0.7650355139673733	0.7746927275733619	False	one causal variant per trait; shared observed subset; p1=p2=1e-4; effect prior SD as given times sdY; CP sdY=1; window sensitivity is not multi-signal conditioning
R001	ENSG00000164054	SHISA5	1e-06	0.2	gene_cis_shared_region	1306	6.281116546532319e-18	0.7557362418053727	1.983003493368305e-18	0.23853526408467216	0.005728494109952458	0.023452083732323915	0.7746927275733619	False	one causal variant per trait; shared observed subset; p1=p2=1e-4; effect prior SD as given times sdY; CP sdY=1; window sensitivity is not multi-signal conditioning
R001	ENSG00000164054	SHISA5	1e-05	0.2	gene_cis_shared_region	1306	5.97316155924308e-18	0.718683475308359	1.8857794073207544e-18	0.22684018986100005	0.05447633483064249	0.19364783099874863	0.7746927275733619	False	one causal variant per trait; shared observed subset; p1=p2=1e-4; effect prior SD as given times sdY; CP sdY=1; window sensitivity is not multi-signal conditioning
R001	ENSG00000164054	SHISA5	0.0001	0.2	gene_cis_shared_region	1306	4.008061202460527e-18	0.48224500972613116	1.2653800175863843e-18	0.1522124180173467	0.3655425722565202	0.7060145804933066	0.7746927275733619	False	one causal variant per trait; shared observed subset; p1=p2=1e-4; effect prior SD as given times sdY; CP sdY=1; window sensitivity is not multi-signal conditioning
R001	ENSG00000114268	PFKFB4	1e-06	0.1	gene_cis_shared_region	1365	3.62579538324576e-18	0.8811406707034524	4.609482946815847e-19	0.11195055111232996	0.006908778184219813	0.05812567027854127	0.8580476371406905	False	one causal variant per trait; shared observed subset; p1=p2=1e-4; effect prior SD as given times sdY; CP sdY=1; window sensitivity is not multi-signal conditioning
R001	ENSG00000114268	PFKFB4	1e-05	0.1	gene_cis_shared_region	1365	3.4135445821834873e-18	0.8295594882490979	4.33964796041109e-19	0.10539706652719492	0.06504344522370542	0.3816196311283478	0.8580476371406905	False	one causal variant per trait; shared observed subset; p1=p2=1e-4; effect prior SD as given times sdY; CP sdY=1; window sensitivity is not multi-signal conditioning
R001	ENSG00000114268	PFKFB4	0.0001	0.1	gene_cis_shared_region	1365	2.153124728904648e-18	0.5232522983789779	2.7372729763280073e-19	0.06648017180679477	0.4102675298142271	0.8605548142534278	0.8580476371406905	False	one causal variant per trait; shared observed subset; p1=p2=1e-4; effect prior SD as given times sdY; CP sdY=1; window sensitivity is not multi-signal conditioning
R001	ENSG00000114268	PFKFB4	1e-06	0.15	gene_cis_shared_region	1365	5.333371660057483e-18	0.8870303409382052	6.453123295459927e-19	0.10726940411665414	0.00570025494513859	0.05045828227223944	0.8580476371406905	False	one causal variant per trait; shared observed subset; p1=p2=1e-4; effect prior SD as given times sdY; CP sdY=1; window sensitivity is not multi-signal conditioning
R001	ENSG00000114268	PFKFB4	1e-05	0.15	gene_cis_shared_region	1365	5.073109502307682e-18	0.8437443212799332	6.138218597240601e-19	0.10203478550100063	0.05422089321906958	0.34700110526034406	0.8580476371406905	False	one causal variant per trait; shared observed subset; p1=p2=1e-4; effect prior SD as given times sdY; CP sdY=1; window sensitivity is not multi-signal conditioning
R001	ENSG00000114268	PFKFB4	0.0001	0.15	gene_cis_shared_region	1365	3.4093751894765124e-18	0.5670370320066938	4.125180066287909e-19	0.06857231565619197	0.36439065233711626	0.8416208296658484	0.8580476371406905	False	one causal variant per trait; shared observed subset; p1=p2=1e-4; effect prior SD as given times sdY; CP sdY=1; window sensitivity is not multi-signal conditioning
R001	ENSG00000114268	PFKFB4	1e-06	0.2	gene_cis_shared_region	1365	7.081391767537328e-18	0.8914652744874374	8.248841284725127e-19	0.10379597837374357	0.004738747138817187	0.04366111506191417	0.8580476371406905	False	one causal variant per trait; shared observed subset; p1=p2=1e-4; effect prior SD as given times sdY; CP sdY=1; window sensitivity is not multi-signal conditioning
R001	ENSG00000114268	PFKFB4	1e-05	0.2	gene_cis_shared_region	1365	6.791733018841531e-18	0.855000590087751	7.911428933712856e-19	0.09955028569038986	0.0454491242218591	0.31344351159335126	0.8580476371406905	False	one causal variant per trait; shared observed subset; p1=p2=1e-4; effect prior SD as given times sdY; CP sdY=1; window sensitivity is not multi-signal conditioning
R001	ENSG00000114268	PFKFB4	0.0001	0.2	gene_cis_shared_region	1365	4.820106462465075e-18	0.6067956231878465	5.614756885309227e-19	0.07065103620317802	0.32255334060897584	0.8203198123683901	0.8580476371406905	False	one causal variant per trait; shared observed subset; p1=p2=1e-4; effect prior SD as given times sdY; CP sdY=1; window sensitivity is not multi-signal conditioning
R001	ENSG00000145040	UCN2	1e-06	0.1	gene_cis_shared_region	1368	3.629978494190372e-18	0.8821572501829218	4.582211002663018e-19	0.1112913623252178	0.0065513874918633214	0.05559431956596882	0.8001372838265466	False	one causal variant per trait; shared observed subset; p1=p2=1e-4; effect prior SD as given times sdY; CP sdY=1; window sensitivity is not multi-signal conditioning
R001	ENSG00000145040	UCN2	1e-05	0.1	gene_cis_shared_region	1368	3.4278631559565773e-18	0.833039187560382	4.327075847415103e-19	0.10509471642914392	0.06186609601047195	0.37054261479978634	0.8001372838265466	False	one causal variant per trait; shared observed subset; p1=p2=1e-4; effect prior SD as given times sdY; CP sdY=1; window sensitivity is not multi-signal conditioning
R001	ENSG00000145040	UCN2	0.0001	0.1	gene_cis_shared_region	1368	2.2018720866932747e-18	0.5350988796106083	2.779477211297596e-19	0.06750710633304186	0.39739401405634933	0.8547925497006775	0.8001372838265466	False	one causal variant per trait; shared observed subset; p1=p2=1e-4; effect prior SD as given times sdY; CP sdY=1; window sensitivity is not multi-signal conditioning
R001	ENSG00000145040	UCN2	1e-06	0.15	gene_cis_shared_region	1368	5.349120518452112e-18	0.8896496437210577	6.320132072500732e-19	0.105061649559423	0.00528870671952062	0.04792650334677514	0.8001372838265466	False	one causal variant per trait; shared observed subset; p1=p2=1e-4; effect prior SD as given times sdY; CP sdY=1; window sensitivity is not multi-signal conditioning
R001	ENSG00000145040	UCN2	1e-05	0.15	gene_cis_shared_region	1368	5.106079505530365e-18	0.8492277930991529	6.03297247394596e-19	0.10028810040492746	0.05048410649592033	0.33483695392958035	0.8001372838265466	False	one causal variant per trait; shared observed subset; p1=p2=1e-4; effect prior SD as given times sdY; CP sdY=1; window sensitivity is not multi-signal conditioning
R001	ENSG00000145040	UCN2	0.0001	0.15	gene_cis_shared_region	1368	3.5108846393017435e-18	0.5839197785366729	4.1482061462548743e-19	0.06895700523954892	0.3471232162237761	0.834269927570621	0.8001372838265466	False	one causal variant per trait; shared observed subset; p1=p2=1e-4; effect prior SD as given times sdY; CP sdY=1; window sensitivity is not multi-signal conditioning
R001	ENSG00000145040	UCN2	1e-06	0.2	gene_cis_shared_region	1368	7.12273170371397e-18	0.8966694940477709	7.866173419512873e-19	0.09898254060911624	0.004347965343114128	0.04207823529988511	0.8001372838265466	False	one causal variant per trait; shared observed subset; p1=p2=1e-4; effect prior SD as given times sdY; CP sdY=1; window sensitivity is not multi-signal conditioning
R001	ENSG00000145040	UCN2	1e-05	0.2	gene_cis_shared_region	1368	6.854503414114512e-18	0.8629026564454175	7.569948553860823e-19	0.0952550497148645	0.0418422938397177	0.30520134639267565	0.8001372838265466	False	one causal variant per trait; shared observed subset; p1=p2=1e-4; effect prior SD as given times sdY; CP sdY=1; window sensitivity is not multi-signal conditioning
R001	ENSG00000145040	UCN2	0.0001	0.2	gene_cis_shared_region	1368	4.9793693099019686e-18	0.6268449726189621	5.499095591522257e-19	0.0691968538795535	0.3039581735014813	0.8145627184358006	0.8001372838265466	False	one causal variant per trait; shared observed subset; p1=p2=1e-4; effect prior SD as given times sdY; CP sdY=1; window sensitivity is not multi-signal conditioning
R001	ENSG00000114270	COL7A1	1e-06	0.1	gene_cis_shared_region	1395	3.487684693970028e-18	0.8502604047997655	5.818046627059186e-19	0.14175796765090387	0.007981627549329696	0.05330338671382522	0.7912540239354791	False	one causal variant per trait; shared observed subset; p1=p2=1e-4; effect prior SD as given times sdY; CP sdY=1; window sensitivity is not multi-signal conditioning
R001	ENSG00000114270	COL7A1	1e-05	0.1	gene_cis_shared_region	1395	3.253939122662472e-18	0.7932757225480324	5.428119568834266e-19	0.1322573103256453	0.07446696712632249	0.36022361787490015	0.7912540239354791	False	one causal variant per trait; shared observed subset; p1=p2=1e-4; effect prior SD as given times sdY; CP sdY=1; window sensitivity is not multi-signal conditioning
R001	ENSG00000114270	COL7A1	0.0001	0.1	gene_cis_shared_region	1395	1.9482300648914147e-18	0.47495775248308125	3.249976518053407e-19	0.07918638258581322	0.44585586493110213	0.8491809317053823	0.7912540239354791	False	one causal variant per trait; shared observed subset; p1=p2=1e-4; effect prior SD as given times sdY; CP sdY=1; window sensitivity is not multi-signal conditioning
R001	ENSG00000114270	COL7A1	1e-06	0.15	gene_cis_shared_region	1395	5.004228018742369e-18	0.8349177316086883	9.482480616823892e-19	0.158138606196445	0.0069436621948641	0.04206182930806914	0.7912540239354791	False	one causal variant per trait; shared observed subset; p1=p2=1e-4; effect prior SD as given times sdY; CP sdY=1; window sensitivity is not multi-signal conditioning
R001	ENSG00000114270	COL7A1	1e-05	0.15	gene_cis_shared_region	1395	4.709892872986245e-18	0.785810130734583	8.924746775754055e-19	0.1488373214567863	0.06535254780862947	0.3051150273015346	0.7912540239354791	False	one causal variant per trait; shared observed subset; p1=p2=1e-4; effect prior SD as given times sdY; CP sdY=1; window sensitivity is not multi-signal conditioning
R001	ENSG00000114270	COL7A1	0.0001	0.15	gene_cis_shared_region	1395	2.965604553002169e-18	0.49478877000957106	5.619505663148223e-19	0.0937160674503906	0.4114951625400385	0.8145012187235703	0.7912540239354791	False	one causal variant per trait; shared observed subset; p1=p2=1e-4; effect prior SD as given times sdY; CP sdY=1; window sensitivity is not multi-signal conditioning
R001	ENSG00000114270	COL7A1	1e-06	0.2	gene_cis_shared_region	1395	6.542523632849784e-18	0.8262283487121097	1.3293628517607827e-18	0.16782024232959394	0.005951408958293676	0.034248445671002874	0.7912540239354791	False	one causal variant per trait; shared observed subset; p1=p2=1e-4; effect prior SD as given times sdY; CP sdY=1; window sensitivity is not multi-signal conditioning
R001	ENSG00000114270	COL7A1	1e-05	0.2	gene_cis_shared_region	1395	6.209904501335241e-18	0.7842232492728874	1.2617786072041045e-18	0.1592883322614425	0.0564884184656689	0.26179103297884343	0.7912540239354791	False	one causal variant per trait; shared observed subset; p1=p2=1e-4; effect prior SD as given times sdY; CP sdY=1; window sensitivity is not multi-signal conditioning
R001	ENSG00000114270	COL7A1	0.0001	0.2	gene_cis_shared_region	1395	4.116893351548181e-18	0.5199054961902978	8.365036786004305e-19	0.105601153113599	0.37449335069610323	0.7800409038728411	0.7912540239354791	False	one causal variant per trait; shared observed subset; p1=p2=1e-4; effect prior SD as given times sdY; CP sdY=1; window sensitivity is not multi-signal conditioning
R001	ENSG00000010256	UQCRC1	1e-06	0.1	gene_cis_shared_region	1410	3.596807129321703e-18	0.8792349165597149	4.676247937649155e-19	0.11424508459011148	0.006519998850171368	0.05398910566227898	0.5903630901065331	False	one causal variant per trait; shared observed subset; p1=p2=1e-4; effect prior SD as given times sdY; CP sdY=1; window sensitivity is not multi-signal conditioning
R001	ENSG00000010256	UQCRC1	1e-05	0.1	gene_cis_shared_region	1410	3.3974450867873527e-18	0.830501119463978	4.41705518509737e-19	0.10791276467567408	0.06158611586034978	0.36334231627719094	0.5903630901065331	False	one causal variant per trait; shared observed subset; p1=p2=1e-4; effect prior SD as given times sdY; CP sdY=1; window sensitivity is not multi-signal conditioning
R001	ENSG00000010256	UQCRC1	0.0001	0.1	gene_cis_shared_region	1410	2.185871221859926e-18	0.5343334330314038	2.8418748700369583e-19	0.06942964514518507	0.3962369218234144	0.8509026628276992	0.5903630901065331	False	one causal variant per trait; shared observed subset; p1=p2=1e-4; effect prior SD as given times sdY; CP sdY=1; window sensitivity is not multi-signal conditioning
R001	ENSG00000010256	UQCRC1	1e-06	0.15	gene_cis_shared_region	1410	5.30855255563331e-18	0.8880828758289353	6.378122002739611e-19	0.10664873559191411	0.005268388579148259	0.04707401676168578	0.5903630901065331	False	one causal variant per trait; shared observed subset; p1=p2=1e-4; effect prior SD as given times sdY; CP sdY=1; window sensitivity is not multi-signal conditioning
R001	ENSG00000010256	UQCRC1	1e-05	0.15	gene_cis_shared_region	1410	5.068239461571713e-18	0.8478802139098969	6.08939052335467e-19	0.1018208493914369	0.050298936698663574	0.3306534803360264	0.5903630901065331	False	one causal variant per trait; shared observed subset; p1=p2=1e-4; effect prior SD as given times sdY; CP sdY=1; window sensitivity is not multi-signal conditioning
R001	ENSG00000010256	UQCRC1	0.0001	0.15	gene_cis_shared_region	1410	3.488864079986403e-18	0.5836620082516932	4.1918019120890653e-19	0.07009122333878957	0.34624676840951385	0.8316482648041327	0.5903630901065331	False	one causal variant per trait; shared observed subset; p1=p2=1e-4; effect prior SD as given times sdY; CP sdY=1; window sensitivity is not multi-signal conditioning
R001	ENSG00000010256	UQCRC1	1e-06	0.2	gene_cis_shared_region	1410	7.082363667692488e-18	0.8968152949133362	7.809576285661915e-19	0.09884659102678556	0.004338114059876213	0.0420422198835841	0.5903630901065331	False	one causal variant per trait; shared observed subset; p1=p2=1e-4; effect prior SD as given times sdY; CP sdY=1; window sensitivity is not multi-signal conditioning
R001	ENSG00000010256	UQCRC1	1e-05	0.2	gene_cis_shared_region	1410	6.816237140134899e-18	0.8631166101953315	7.516124054723817e-19	0.09513233668104194	0.04175105312362994	0.3050118292892025	0.5903630901065331	False	one causal variant per trait; shared observed subset; p1=p2=1e-4; effect prior SD as given times sdY; CP sdY=1; window sensitivity is not multi-signal conditioning
R001	ENSG00000010256	UQCRC1	0.0001	0.2	gene_cis_shared_region	1410	4.95452675309618e-18	0.6273746420990607	5.463254423683666e-19	0.069148959679746	0.3034763982211914	0.8144276598101805	0.5903630901065331	False	one causal variant per trait; shared observed subset; p1=p2=1e-4; effect prior SD as given times sdY; CP sdY=1; window sensitivity is not multi-signal conditioning
R001	ENSG00000010256	UQCRC1	1e-06	0.1	lead_250kb_shared_subset	11	2.3122301384931913e-15	0.9913010048389678	2.3188028853754082e-18	0.0009162918445495727	0.007782703316477427	0.8946669324918447	0.5757523900612546	False	one causal variant per trait; shared observed subset; p1=p2=1e-4; effect prior SD as given times sdY; CP sdY=1; window sensitivity is not multi-signal conditioning
R001	ENSG00000010256	UQCRC1	1e-05	0.1	lead_250kb_shared_subset	11	2.1608732217860617e-15	0.9264111562364054	2.167015721399262e-18	0.0008563120414641888	0.07273253172212782	0.9883635616804207	0.5757523900612546	False	one causal variant per trait; shared observed subset; p1=p2=1e-4; effect prior SD as given times sdY; CP sdY=1; window sensitivity is not multi-signal conditioning
R001	ENSG00000010256	UQCRC1	0.0001	0.1	lead_250kb_shared_subset	11	1.3059849170889343e-15	0.5599028137650965	1.309697310656121e-18	0.0005175364288838346	0.4395796498060177	0.9988240405867816	0.5757523900612546	False	one causal variant per trait; shared observed subset; p1=p2=1e-4; effect prior SD as given times sdY; CP sdY=1; window sensitivity is not multi-signal conditioning
R001	ENSG00000010256	UQCRC1	1e-06	0.15	lead_250kb_shared_subset	11	3.3895006385045274e-15	0.9927253737446392	3.204808946591419e-18	0.000874632474036316	0.0063999937813242645	0.8797694282380747	0.5757523900612546	False	one causal variant per trait; shared observed subset; p1=p2=1e-4; effect prior SD as given times sdY; CP sdY=1; window sensitivity is not multi-signal conditioning
R001	ENSG00000010256	UQCRC1	1e-05	0.15	lead_250kb_shared_subset	11	3.204898655329559e-15	0.9386586859678145	3.0302658057768237e-18	0.0008269974662649147	0.06051431656591567	0.9865180999247741	0.5757523900612546	False	one causal variant per trait; shared observed subset; p1=p2=1e-4; effect prior SD as given times sdY; CP sdY=1; window sensitivity is not multi-signal conditioning
R001	ENSG00000010256	UQCRC1	0.0001	0.15	lead_250kb_shared_subset	11	2.0748665009144215e-15	0.6076920591757986	1.9618083707006474e-18	0.0005354020590450556	0.39177253876515605	0.9986352505179471	0.5757523900612546	False	one causal variant per trait; shared observed subset; p1=p2=1e-4; effect prior SD as given times sdY; CP sdY=1; window sensitivity is not multi-signal conditioning
R001	ENSG00000010256	UQCRC1	1e-06	0.2	lead_250kb_shared_subset	11	4.485890131767095e-15	0.993846975256595	4.053443013235345e-18	0.0008449578383013663	0.005308066905102086	0.8626760213816416	0.5757523900612546	False	one causal variant per trait; shared observed subset; p1=p2=1e-4; effect prior SD as given times sdY; CP sdY=1; window sensitivity is not multi-signal conditioning
R001	ENSG00000010256	UQCRC1	1e-05	0.2	lead_250kb_shared_subset	11	4.281358495707594e-15	0.9485330817212794	3.868628560179538e-18	0.0008064324611760466	0.05066048581754028	0.9843310520981876	0.5757523900612546	False	one causal variant per trait; shared observed subset; p1=p2=1e-4; effect prior SD as given times sdY; CP sdY=1; window sensitivity is not multi-signal conditioning
R001	ENSG00000010256	UQCRC1	0.0001	0.2	lead_250kb_shared_subset	11	2.9406058205191204e-15	0.6514899193470931	2.6571266276570667e-18	0.0005538896104045856	0.3479561910424994	0.9984106927140618	0.5757523900612546	False	one causal variant per trait; shared observed subset; p1=p2=1e-4; effect prior SD as given times sdY; CP sdY=1; window sensitivity is not multi-signal conditioning
R001	ENSG00000225697	SLC26A6	1e-06	0.1	gene_cis_shared_region	1438	3.4641644277572666e-18	0.8498651609104774	5.866389478219746e-19	0.1438576493715787	0.0062771897179441	0.041810346992153635	0.625021660888142	False	one causal variant per trait; shared observed subset; p1=p2=1e-4; effect prior SD as given times sdY; CP sdY=1; window sensitivity is not multi-signal conditioning
R001	ENSG00000225697	SLC26A6	1e-05	0.1	gene_cis_shared_region	1438	3.2789226517573652e-18	0.8044197050002276	5.552691780458875e-19	0.1361650449884736	0.05941525001130083	0.3037895510453615	0.625021660888142	False	one causal variant per trait; shared observed subset; p1=p2=1e-4; effect prior SD as given times sdY; CP sdY=1; window sensitivity is not multi-signal conditioning
R001	ENSG00000225697	SLC26A6	0.0001	0.1	gene_cis_shared_region	1438	2.136471667407603e-18	0.5241416437549267	3.618008085808094e-19	0.08872205648194793	0.3871362997631252	0.813553644025419	0.625021660888142	False	one causal variant per trait; shared observed subset; p1=p2=1e-4; effect prior SD as given times sdY; CP sdY=1; window sensitivity is not multi-signal conditioning
R001	ENSG00000225697	SLC26A6	1e-06	0.15	gene_cis_shared_region	1438	4.939534326029954e-18	0.8293245877739631	9.877143526410256e-19	0.16578367826066973	0.0048917339653683015	0.028661035011240038	0.625021660888142	False	one causal variant per trait; shared observed subset; p1=p2=1e-4; effect prior SD as given times sdY; CP sdY=1; window sensitivity is not multi-signal conditioning
R001	ENSG00000225697	SLC26A6	1e-05	0.15	gene_cis_shared_region	1438	4.7312386775929326e-18	0.7943527278023	9.46063341032548e-19	0.15879273205312813	0.04685454014457061	0.22783934668254224	0.625021660888142	False	one causal variant per trait; shared observed subset; p1=p2=1e-4; effect prior SD as given times sdY; CP sdY=1; window sensitivity is not multi-signal conditioning
R001	ENSG00000225697	SLC26A6	0.0001	0.15	gene_cis_shared_region	1438	3.3278955407105087e-18	0.5587380136039602	6.654494073111748e-19	0.11169286964945425	0.3295691167465859	0.746878559466013	0.625021660888142	False	one causal variant per trait; shared observed subset; p1=p2=1e-4; effect prior SD as given times sdY; CP sdY=1; window sensitivity is not multi-signal conditioning
R001	ENSG00000225697	SLC26A6	1e-06	0.2	gene_cis_shared_region	1438	6.388928151015025e-18	0.8119196252740823	1.4495993519744522e-18	0.1841793966297687	0.003900978096148494	0.020741016184348045	0.625021660888142	False	one causal variant per trait; shared observed subset; p1=p2=1e-4; effect prior SD as given times sdY; CP sdY=1; window sensitivity is not multi-signal conditioning
R001	ENSG00000225697	SLC26A6	1e-05	0.2	gene_cis_shared_region	1438	6.172228594066189e-18	0.7843809491587458	1.4004318656761006e-18	0.1779324029705218	0.03768664787073598	0.17478347912069003	0.625021660888142	False	one causal variant per trait; shared observed subset; p1=p2=1e-4; effect prior SD as given times sdY; CP sdY=1; window sensitivity is not multi-signal conditioning
R001	ENSG00000225697	SLC26A6	0.0001	0.2	gene_cis_shared_region	1438	4.6089617331006115e-18	0.5857174153143538	1.0457384687471003e-18	0.1328666986116131	0.28141588607403084	0.6792848564647441	0.625021660888142	False	one causal variant per trait; shared observed subset; p1=p2=1e-4; effect prior SD as given times sdY; CP sdY=1; window sensitivity is not multi-signal conditioning
R001	ENSG00000225697	SLC26A6	1e-06	0.1	lead_250kb_shared_subset	39	7.547060516461027e-16	0.9890325327686881	2.6129449272796507e-18	0.0033480362683227433	0.0076194309629906715	0.6947302236961599	0.615337097191241	False	one causal variant per trait; shared observed subset; p1=p2=1e-4; effect prior SD as given times sdY; CP sdY=1; window sensitivity is not multi-signal conditioning
R001	ENSG00000225697	SLC26A6	1e-05	0.1	lead_250kb_shared_subset	39	7.062734364367829e-16	0.925562216100886	2.445261421959858e-18	0.0031331789050660893	0.07130460499404723	0.9579087562666758	0.615337097191241	False	one causal variant per trait; shared observed subset; p1=p2=1e-4; effect prior SD as given times sdY; CP sdY=1; window sensitivity is not multi-signal conditioning
R001	ENSG00000225697	SLC26A6	0.0001	0.1	lead_250kb_shared_subset	39	4.3019772608580815e-16	0.563768563527424	1.489431499391579e-18	0.0019084484433956198	0.43432298802917924	0.995625146920113	0.615337097191241	False	one causal variant per trait; shared observed subset; p1=p2=1e-4; effect prior SD as given times sdY; CP sdY=1; window sensitivity is not multi-signal conditioning
R001	ENSG00000225697	SLC26A6	1e-06	0.15	lead_250kb_shared_subset	39	1.1065609810548672e-15	0.9907400137816178	3.473036672896993e-18	0.003047396725222525	0.006212589493157339	0.6709069912897019	0.615337097191241	False	one causal variant per trait; shared observed subset; p1=p2=1e-4; effect prior SD as given times sdY; CP sdY=1; window sensitivity is not multi-signal conditioning
R001	ENSG00000225697	SLC26A6	1e-05	0.15	lead_250kb_shared_subset	39	1.0479657518809494e-15	0.9382778005342612	3.2891305138493247e-18	0.002886029288131042	0.05883617017760617	0.9532416324578142	0.615337097191241	False	one causal variant per trait; shared observed subset; p1=p2=1e-4; effect prior SD as given times sdY; CP sdY=1; window sensitivity is not multi-signal conditioning
R001	ENSG00000225697	SLC26A6	0.0001	0.15	lead_250kb_shared_subset	39	6.851574100798123e-16	0.6134436994678314	2.150425374339423e-18	0.00188687879248079	0.3846694217396852	0.9951187477997819	0.615337097191241	False	one causal variant per trait; shared observed subset; p1=p2=1e-4; effect prior SD as given times sdY; CP sdY=1; window sensitivity is not multi-signal conditioning
R001	ENSG00000225697	SLC26A6	1e-06	0.2	lead_250kb_shared_subset	39	1.4648289920853536e-15	0.9921108847243205	4.15506180538272e-18	0.002762910849706527	0.005126204425969021	0.6497819143009116	0.615337097191241	False	one causal variant per trait; shared observed subset; p1=p2=1e-4; effect prior SD as given times sdY; CP sdY=1; window sensitivity is not multi-signal conditioning
R001	ENSG00000225697	SLC26A6	1e-05	0.2	lead_250kb_shared_subset	39	1.400228284233322e-15	0.9483576099276118	3.9718186177840246e-18	0.002641063181762022	0.04900132689062453	0.9488586183160758	0.615337097191241	False	one causal variant per trait; shared observed subset; p1=p2=1e-4; effect prior SD as given times sdY; CP sdY=1; window sensitivity is not multi-signal conditioning
R001	ENSG00000225697	SLC26A6	0.0001	0.2	lead_250kb_shared_subset	39	9.716979043731875e-16	0.6581191885204566	2.7562704388337067e-18	0.00183278368815446	0.34004802779138493	0.9946391150757399	0.615337097191241	False	one causal variant per trait; shared observed subset; p1=p2=1e-4; effect prior SD as given times sdY; CP sdY=1; window sensitivity is not multi-signal conditioning
R001	ENSG00000008300	CELSR3	1e-06	0.1	gene_cis_shared_region	1462	3.583015840104948e-18	0.8808601111532328	4.581856907160188e-19	0.11257620355860606	0.0065636852881579355	0.055092256268595756	0.44294548652483	False	one causal variant per trait; shared observed subset; p1=p2=1e-4; effect prior SD as given times sdY; CP sdY=1; window sensitivity is not multi-signal conditioning
R001	ENSG00000008300	CELSR3	1e-05	0.1	gene_cis_shared_region	1462	3.383161758546671e-18	0.8317273424600599	4.326289294602514e-19	0.10629690846990116	0.06197574907003714	0.3683055225732537	0.44294548652483	False	one causal variant per trait; shared observed subset; p1=p2=1e-4; effect prior SD as given times sdY; CP sdY=1; window sensitivity is not multi-signal conditioning
R001	ENSG00000008300	CELSR3	0.0001	0.1	gene_cis_shared_region	1462	2.17178162263343e-18	0.5339177628244586	2.777211453303282e-19	0.06823607289083589	0.39784616428470254	0.8535964955361806	0.44294548652483	False	one causal variant per trait; shared observed subset; p1=p2=1e-4; effect prior SD as given times sdY; CP sdY=1; window sensitivity is not multi-signal conditioning
R001	ENSG00000008300	CELSR3	1e-06	0.15	gene_cis_shared_region	1462	5.3004842641479915e-18	0.891782866204887	6.118638321654689e-19	0.10289009378767724	0.0053270400074331625	0.04922547678557954	0.44294548652483	False	one causal variant per trait; shared observed subset; p1=p2=1e-4; effect prior SD as given times sdY; CP sdY=1; window sensitivity is not multi-signal conditioning
R001	ENSG00000008300	CELSR3	1e-05	0.15	gene_cis_shared_region	1462	5.0579873551654724e-18	0.8509838414816209	5.838710902528249e-19	0.09818287677409294	0.05083328174428321	0.341125970832315	0.44294548652483	False	one causal variant per trait; shared observed subset; p1=p2=1e-4; effect prior SD as given times sdY; CP sdY=1; window sensitivity is not multi-signal conditioning
R001	ENSG00000008300	CELSR3	0.0001	0.15	gene_cis_shared_region	1462	3.4703183303185786e-18	0.5838656003919518	4.0059778816532527e-19	0.06736391633019378	0.348770483277858	0.8381198084233304	0.44294548652483	False	one causal variant per trait; shared observed subset; p1=p2=1e-4; effect prior SD as given times sdY; CP sdY=1; window sensitivity is not multi-signal conditioning
R001	ENSG00000008300	CELSR3	1e-06	0.2	gene_cis_shared_region	1462	7.075062266216659e-18	0.9009895754181693	7.4332532315976705e-19	0.09461648079749958	0.004393943784328371	0.04437859753542377	0.44294548652483	False	one causal variant per trait; shared observed subset; p1=p2=1e-4; effect prior SD as given times sdY; CP sdY=1; window sensitivity is not multi-signal conditioning
R001	ENSG00000008300	CELSR3	1e-05	0.2	gene_cis_shared_region	1462	6.805918843043376e-18	0.8667149062425492	7.150483816320725e-19	0.09101716215234147	0.04226793160510954	0.3171242215729517	0.44294548652483	False	one causal variant per trait; shared observed subset; p1=p2=1e-4; effect prior SD as given times sdY; CP sdY=1; window sensitivity is not multi-signal conditioning
R001	ENSG00000008300	CELSR3	0.0001	0.2	gene_cis_shared_region	1462	4.930355486581874e-18	0.6278671097677109	5.1799658398141e-19	0.06593480985298444	0.3061980803793021	0.8228191821157551	0.44294548652483	False	one causal variant per trait; shared observed subset; p1=p2=1e-4; effect prior SD as given times sdY; CP sdY=1; window sensitivity is not multi-signal conditioning
R001	ENSG00000008300	CELSR3	1e-06	0.1	lead_250kb_shared_subset	63	5.408225939628862e-16	0.9860302231536685	3.1432886136439036e-18	0.005647636754315085	0.008322140092017321	0.5957246263530829	0.4321128648846369	False	one causal variant per trait; shared observed subset; p1=p2=1e-4; effect prior SD as given times sdY; CP sdY=1; window sensitivity is not multi-signal conditioning
R001	ENSG00000008300	CELSR3	1e-05	0.1	lead_250kb_shared_subset	63	5.031379345690563e-16	0.9173233800477055	2.9242634432757387e-18	0.005254107952371127	0.07742251199991965	0.9364498941127122	0.4321128648846369	False	one causal variant per trait; shared observed subset; p1=p2=1e-4; effect prior SD as given times sdY; CP sdY=1; window sensitivity is not multi-signal conditioning
R001	ENSG00000008300	CELSR3	0.0001	0.1	lead_250kb_shared_subset	63	2.9652119356553293e-16	0.5406187942681977	1.7233963629533595e-18	0.003096475646372503	0.45628473008542625	0.9932594638010065	0.4321128648846369	False	one causal variant per trait; shared observed subset; p1=p2=1e-4; effect prior SD as given times sdY; CP sdY=1; window sensitivity is not multi-signal conditioning
R001	ENSG00000008300	CELSR3	1e-06	0.15	lead_250kb_shared_subset	63	7.929996073372326e-16	0.987744399490045	4.212103439853127e-18	0.005175712650914493	0.007079887859041493	0.5776859202688649	0.4321128648846369	False	one causal variant per trait; shared observed subset; p1=p2=1e-4; effect prior SD as given times sdY; CP sdY=1; window sensitivity is not multi-signal conditioning
R001	ENSG00000008300	CELSR3	1e-05	0.15	lead_250kb_shared_subset	63	7.454972734782106e-16	0.928576445561914	3.9597896404548e-18	0.004865676645817772	0.0665578777922693	0.9318757420559971	0.4321128648846369	False	one causal variant per trait; shared observed subset; p1=p2=1e-4; effect prior SD as given times sdY; CP sdY=1; window sensitivity is not multi-signal conditioning
R001	ENSG00000008300	CELSR3	0.0001	0.15	lead_250kb_shared_subset	63	4.662210940566201e-16	0.5807156401058743	2.47638391726575e-18	0.0030429099741103353	0.4162414499200139	0.9927426103495043	0.4321128648846369	False	one causal variant per trait; shared observed subset; p1=p2=1e-4; effect prior SD as given times sdY; CP sdY=1; window sensitivity is not multi-signal conditioning
R001	ENSG00000008300	CELSR3	1e-06	0.2	lead_250kb_shared_subset	63	1.0499839096110401e-15	0.9893223025018574	5.031380169903144e-18	0.0046807283024482725	0.005996969195691396	0.5616350525697346	0.4321128648846369	False	one causal variant per trait; shared observed subset; p1=p2=1e-4; effect prior SD as given times sdY; CP sdY=1; window sensitivity is not multi-signal conditioning
R001	ENSG00000008300	CELSR3	1e-05	0.2	lead_250kb_shared_subset	63	9.96215449352682e-16	0.9386602529048458	4.7737290171246734e-18	0.004441033625790233	0.05689871346936175	0.92759941414657	0.4321128648846369	False	one causal variant per trait; shared observed subset; p1=p2=1e-4; effect prior SD as given times sdY; CP sdY=1; window sensitivity is not multi-signal conditioning
R001	ENSG00000008300	CELSR3	0.0001	0.2	lead_250kb_shared_subset	63	6.588341233021952e-16	0.6207707431188876	3.1570435631400777e-18	0.0029370197955715938	0.37629223708554216	0.9922552921688415	0.4321128648846369	False	one causal variant per trait; shared observed subset; p1=p2=1e-4; effect prior SD as given times sdY; CP sdY=1; window sensitivity is not multi-signal conditioning
R001	ENSG00000228350	LINC02585	1e-06	0.1	gene_cis_shared_region	1462	3.3698966048208317e-18	0.8284661945034644	6.704707353163152e-19	0.16476296857764225	0.006770836918895132	0.03947231800341426	0.9439528764273882	False	one causal variant per trait; shared observed subset; p1=p2=1e-4; effect prior SD as given times sdY; CP sdY=1; window sensitivity is not multi-signal conditioning
R001	ENSG00000228350	LINC02585	1e-05	0.1	gene_cis_shared_region	1462	3.176338382157479e-18	0.7808812199628915	6.319606149494273e-19	0.1552994060122496	0.06381937402485642	0.2912546976304319	0.9439528764273882	False	one causal variant per trait; shared observed subset; p1=p2=1e-4; effect prior SD as given times sdY; CP sdY=1; window sensitivity is not multi-signal conditioning
R001	ENSG00000228350	LINC02585	0.0001	0.1	gene_cis_shared_region	1462	2.0175241990100725e-18	0.4959946228265338	4.014042838268809e-19	0.09864198080457219	0.40536339636889374	0.8042838722122956	0.9439528764273882	False	one causal variant per trait; shared observed subset; p1=p2=1e-4; effect prior SD as given times sdY; CP sdY=1; window sensitivity is not multi-signal conditioning
R001	ENSG00000228350	LINC02585	1e-06	0.15	gene_cis_shared_region	1462	4.75246272791876e-18	0.7995806839201205	1.159136642630684e-18	0.19496503387591202	0.00545428220396766	0.027214353938787947	0.9439528764273882	False	one causal variant per trait; shared observed subset; p1=p2=1e-4; effect prior SD as given times sdY; CP sdY=1; window sensitivity is not multi-signal conditioning
R001	ENSG00000228350	LINC02585	1e-05	0.15	gene_cis_shared_region	1462	4.530087354364794e-18	0.7621670179004525	1.1048987750950093e-18	0.18584230641433247	0.051990675685217376	0.21860162213942058	0.9439528764273882	False	one causal variant per trait; shared observed subset; p1=p2=1e-4; effect prior SD as given times sdY; CP sdY=1; window sensitivity is not multi-signal conditioning
R001	ENSG00000228350	LINC02585	0.0001	0.15	gene_cis_shared_region	1462	3.0860669846763138e-18	0.5192170231519956	7.526988696905884e-19	0.1266028138792457	0.354180162968759	0.736673676116303	0.9439528764273882	False	one causal variant per trait; shared observed subset; p1=p2=1e-4; effect prior SD as given times sdY; CP sdY=1; window sensitivity is not multi-signal conditioning
R001	ENSG00000228350	LINC02585	1e-06	0.2	gene_cis_shared_region	1462	6.135933237965253e-18	0.7813940958889718	1.6819635527769644e-18	0.21414882714879813	0.0044570769622318315	0.020388639457642837	0.9439528764273882	False	one causal variant per trait; shared observed subset; p1=p2=1e-4; effect prior SD as given times sdY; CP sdY=1; window sensitivity is not multi-signal conditioning
R001	ENSG00000228350	LINC02585	1e-05	0.2	gene_cis_shared_region	1462	5.8992908960487105e-18	0.7512583493546363	1.6170958661983865e-18	0.20588982594884742	0.04285182469651818	0.17227442442927507	0.9439528764273882	False	one causal variant per trait; shared observed subset; p1=p2=1e-4; effect prior SD as given times sdY; CP sdY=1; window sensitivity is not multi-signal conditioning
R001	ENSG00000228350	LINC02585	0.0001	0.2	gene_cis_shared_region	1462	4.257367286413824e-18	0.5421639272492772	1.1670167077808043e-18	0.1485854190013181	0.3092506537494044	0.6754615290389794	0.9439528764273882	False	one causal variant per trait; shared observed subset; p1=p2=1e-4; effect prior SD as given times sdY; CP sdY=1; window sensitivity is not multi-signal conditioning
R001	ENSG00000228350	LINC02585	1e-06	0.1	lead_250kb_shared_subset	63	5.409892975988436e-16	0.986334157984052	3.438368056898446e-18	0.006194131235952258	0.007471710779997164	0.5467435355448219	0.9275707323818446	False	one causal variant per trait; shared observed subset; p1=p2=1e-4; effect prior SD as given times sdY; CP sdY=1; window sensitivity is not multi-signal conditioning
R001	ENSG00000228350	LINC02585	1e-05	0.1	lead_250kb_shared_subset	63	5.069024416590824e-16	0.924186846566075	3.2217220767587746e-18	0.005803849099043067	0.07000930433488001	0.9234453543196622	0.9275707323818446	False	one causal variant per trait; shared observed subset; p1=p2=1e-4; effect prior SD as given times sdY; CP sdY=1; window sensitivity is not multi-signal conditioning
R001	ENSG00000228350	LINC02585	0.0001	0.1	lead_250kb_shared_subset	63	3.1096711753331195e-16	0.5669566688182163	1.9764150758952278e-18	0.003560460705260433	0.42948287047652384	0.991778049795747	0.9275707323818446	False	one causal variant per trait; shared observed subset; p1=p2=1e-4; effect prior SD as given times sdY; CP sdY=1; window sensitivity is not multi-signal conditioning
R001	ENSG00000228350	LINC02585	1e-06	0.15	lead_250kb_shared_subset	63	7.929867320612411e-16	0.9877283623046103	5.048570640310598e-18	0.006227961529152893	0.006043676166239577	0.49249141119190193	0.9275707323818446	False	one causal variant per trait; shared observed subset; p1=p2=1e-4; effect prior SD as given times sdY; CP sdY=1; window sensitivity is not multi-signal conditioning
R001	ENSG00000228350	LINC02585	1e-05	0.15	lead_250kb_shared_subset	63	7.520788432409835e-16	0.9367743168002881	4.7881295028930636e-18	0.005906679031589299	0.057319004168124264	0.9065778536084518	0.9275707323818446	False	one causal variant per trait; shared observed subset; p1=p2=1e-4; effect prior SD as given times sdY; CP sdY=1; window sensitivity is not multi-signal conditioning
R001	ENSG00000228350	LINC02585	0.0001	0.15	lead_250kb_shared_subset	63	4.961364289107443e-16	0.6179775809538027	3.158665469820105e-18	0.003896557744964622	0.37812586130123543	0.9898001856679166	0.9275707323818446	False	one causal variant per trait; shared observed subset; p1=p2=1e-4; effect prior SD as given times sdY; CP sdY=1; window sensitivity is not multi-signal conditioning
R001	ENSG00000228350	LINC02585	1e-06	0.2	lead_250kb_shared_subset	63	1.049446038361371e-15	0.9888155061421213	6.656401133511236e-18	0.006222212435346133	0.0049622814225281815	0.4436750992566861	0.9275707323818446	False	one causal variant per trait; shared observed subset; p1=p2=1e-4; effect prior SD as given times sdY; CP sdY=1; window sensitivity is not multi-signal conditioning
R001	ENSG00000228350	LINC02585	1e-05	0.2	lead_250kb_shared_subset	63	1.0045809192635856e-15	0.9465424174580446	6.3718317333695e-18	0.005956205140297963	0.0475013774016592	0.8885807240605554	0.9275707323818446	False	one causal variant per trait; shared observed subset; p1=p2=1e-4; effect prior SD as given times sdY; CP sdY=1; window sensitivity is not multi-signal conditioning
R001	ENSG00000228350	LINC02585	0.0001	0.2	lead_250kb_shared_subset	63	7.037283330398745e-16	0.663071241764753	4.4635911733439506e-18	0.004172436718883791	0.33275632151636336	0.9876162642193619	0.9275707323818446	False	one causal variant per trait; shared observed subset; p1=p2=1e-4; effect prior SD as given times sdY; CP sdY=1; window sensitivity is not multi-signal conditioning
R001	ENSG00000213672	NCKIPSD	1e-06	0.1	gene_cis_shared_region	1481	3.717351670904087e-19	0.09145755072112931	3.69007499436115e-18	0.9078578133202343	0.0006846359586374512	0.0007535541781023664	0.6415702499656138	False	one causal variant per trait; shared observed subset; p1=p2=1e-4; effect prior SD as given times sdY; CP sdY=1; window sensitivity is not multi-signal conditioning
R001	ENSG00000213672	NCKIPSD	1e-05	0.1	gene_cis_shared_region	1481	3.6945866490538744e-19	0.09089746565927477	3.667477014586177e-18	0.9022981017871863	0.006804432553536002	0.0074847800952073575	0.6415702499656138	False	one causal variant per trait; shared observed subset; p1=p2=1e-4; effect prior SD as given times sdY; CP sdY=1; window sensitivity is not multi-signal conditioning
R001	ENSG00000213672	NCKIPSD	0.0001	0.1	gene_cis_shared_region	1481	3.4813868885695563e-19	0.08565213790057903	3.455841642252509e-18	0.8502301013694004	0.06411776073001983	0.07012403417535205	0.6415702499656138	False	one causal variant per trait; shared observed subset; p1=p2=1e-4; effect prior SD as given times sdY; CP sdY=1; window sensitivity is not multi-signal conditioning
R001	ENSG00000213672	NCKIPSD	1e-06	0.15	gene_cis_shared_region	1481	3.117129463459989e-20	0.005248381787451873	5.90786323099393e-18	0.9947200560464319	3.156216611880857e-05	3.172869039964167e-05	0.6415702499656138	False	one causal variant per trait; shared observed subset; p1=p2=1e-4; effect prior SD as given times sdY; CP sdY=1; window sensitivity is not multi-signal conditioning
R001	ENSG00000213672	NCKIPSD	1e-05	0.15	gene_cis_shared_region	1481	3.116244264687647e-20	0.005246891358141992	5.906185522916501e-18	0.9944375766105413	0.0003155320313185902	0.0003171963259802095	0.6415702499656138	False	one causal variant per trait; shared observed subset; p1=p2=1e-4; effect prior SD as given times sdY; CP sdY=1; window sensitivity is not multi-signal conditioning
R001	ENSG00000213672	NCKIPSD	0.0001	0.15	gene_cis_shared_region	1481	3.107419850210175e-20	0.005232033490744632	5.8894607014300556e-18	0.9916215812640199	0.003146385245236251	0.0031629338209162913	0.6415702499656138	False	one causal variant per trait; shared observed subset; p1=p2=1e-4; effect prior SD as given times sdY; CP sdY=1; window sensitivity is not multi-signal conditioning
R001	ENSG00000213672	NCKIPSD	1e-06	0.2	gene_cis_shared_region	1481	7.522822734379209e-21	0.000958731704612135	7.839080765489875e-18	0.9990365552534424	4.713041942169025e-06	4.717564821131623e-06	0.6415702499656138	False	one causal variant per trait; shared observed subset; p1=p2=1e-4; effect prior SD as given times sdY; CP sdY=1; window sensitivity is not multi-signal conditioning
R001	ENSG00000213672	NCKIPSD	1e-05	0.2	gene_cis_shared_region	1481	7.52250364950236e-21	0.000958691039452434	7.838748266345742e-18	0.9989941805401925	4.712842035769409e-05	4.7173645308749765e-05	0.6415702499656138	False	one causal variant per trait; shared observed subset; p1=p2=1e-4; effect prior SD as given times sdY; CP sdY=1; window sensitivity is not multi-signal conditioning
R001	ENSG00000213672	NCKIPSD	0.0001	0.2	gene_cis_shared_region	1481	7.519314288860861e-21	0.0009582845775069099	7.83542482559195e-18	0.9985706310320824	0.00047108439040836474	0.0004715362563305427	0.6415702499656138	False	one causal variant per trait; shared observed subset; p1=p2=1e-4; effect prior SD as given times sdY; CP sdY=1; window sensitivity is not multi-signal conditioning
R001	ENSG00000213672	NCKIPSD	1e-06	0.1	lead_250kb_shared_subset	82	4.867070549474958e-16	0.977686771601303	7.427133433436488e-18	0.014844783088978802	0.007468445309716538	0.3347093112780229	0.6378967581636262	False	one causal variant per trait; shared observed subset; p1=p2=1e-4; effect prior SD as given times sdY; CP sdY=1; window sensitivity is not multi-signal conditioning
R001	ENSG00000213672	NCKIPSD	1e-05	0.1	lead_250kb_shared_subset	82	4.560529933921596e-16	0.9161095452721361	6.959353475998193e-18	0.013909820486815043	0.06998063424104836	0.8341906652915658	0.6378967581636262	False	one causal variant per trait; shared observed subset; p1=p2=1e-4; effect prior SD as given times sdY; CP sdY=1; window sensitivity is not multi-signal conditioning
R001	ENSG00000213672	NCKIPSD	0.0001	0.1	lead_250kb_shared_subset	82	2.7981703264723973e-16	0.5620904988062035	4.269998590103643e-18	0.008534544778065879	0.4293749564157276	0.980510711106291	0.6378967581636262	False	one causal variant per trait; shared observed subset; p1=p2=1e-4; effect prior SD as given times sdY; CP sdY=1; window sensitivity is not multi-signal conditioning
R001	ENSG00000213672	NCKIPSD	1e-06	0.15	lead_250kb_shared_subset	82	7.079286314841492e-16	0.9714970606141383	1.6428663854461525e-17	0.022485029463633257	0.006017909922227021	0.21113295863136075	0.6378967581636262	False	one causal variant per trait; shared observed subset; p1=p2=1e-4; effect prior SD as given times sdY; CP sdY=1; window sensitivity is not multi-signal conditioning
R001	ENSG00000213672	NCKIPSD	1e-05	0.15	lead_250kb_shared_subset	82	6.715563413544078e-16	0.9215830277902807	1.5584584237416328e-17	0.02132978304633199	0.057087189163384545	0.7279953249241999	0.6378967581636262	False	one causal variant per trait; shared observed subset; p1=p2=1e-4; effect prior SD as given times sdY; CP sdY=1; window sensitivity is not multi-signal conditioning
R001	ENSG00000213672	NCKIPSD	0.0001	0.15	lead_250kb_shared_subset	82	4.436273799427628e-16	0.6087939891890013	1.029511278055763e-17	0.014090367680108148	0.37711564313088686	0.963982231124471	0.6378967581636262	False	one causal variant per trait; shared observed subset; p1=p2=1e-4; effect prior SD as given times sdY; CP sdY=1; window sensitivity is not multi-signal conditioning
R001	ENSG00000213672	NCKIPSD	1e-06	0.2	lead_250kb_shared_subset	82	9.299242870353522e-16	0.9653336759710159	2.870617095675172e-17	0.029750073756691062	0.004916250272293874	0.14181631338192469	0.6378967581636262	False	one causal variant per trait; shared observed subset; p1=p2=1e-4; effect prior SD as given times sdY; CP sdY=1; window sensitivity is not multi-signal conditioning
R001	ENSG00000213672	NCKIPSD	1e-05	0.2	lead_250kb_shared_subset	82	8.905220247168665e-16	0.9244310656663213	2.7489848193741417e-17	0.028489519293819102	0.04707941503985625	0.6229995891165626	0.6378967581636262	False	one causal variant per trait; shared observed subset; p1=p2=1e-4; effect prior SD as given times sdY; CP sdY=1; window sensitivity is not multi-signal conditioning
R001	ENSG00000213672	NCKIPSD	0.0001	0.2	lead_250kb_shared_subset	82	6.254918928632859e-16	0.6493091928513425	1.930853668295806e-17	0.020010693565408126	0.3306801135832518	0.9429392126696795	0.6378967581636262	False	one causal variant per trait; shared observed subset; p1=p2=1e-4; effect prior SD as given times sdY; CP sdY=1; window sensitivity is not multi-signal conditioning
R001	ENSG00000271973	RP11-572O6.1	1e-06	0.1	gene_cis_shared_region	1471	3.1711221162992238e-18	0.7798291753118295	8.70866213633185e-19	0.21409908352885673	0.006071741159317228	0.027577410258223738	0.9173743551680886	False	one causal variant per trait; shared observed subset; p1=p2=1e-4; effect prior SD as given times sdY; CP sdY=1; window sensitivity is not multi-signal conditioning
R001	ENSG00000271973	RP11-572O6.1	1e-05	0.1	gene_cis_shared_region	1471	3.0068128141982404e-18	0.739422914419232	8.2574293722263e-19	0.20300570090121428	0.05757138467955235	0.22093801744400862	0.9173743551680886	False	one causal variant per trait; shared observed subset; p1=p2=1e-4; effect prior SD as given times sdY; CP sdY=1; window sensitivity is not multi-signal conditioning
R001	ENSG00000271973	RP11-572O6.1	0.0001	0.1	gene_cis_shared_region	1471	1.98058672965867e-18	0.4870576595220386	5.439166335362993e-19	0.13371979637422599	0.3792225441037337	0.7393083280089028	0.9173743551680886	False	one causal variant per trait; shared observed subset; p1=p2=1e-4; effect prior SD as given times sdY; CP sdY=1; window sensitivity is not multi-signal conditioning
R001	ENSG00000271973	RP11-572O6.1	1e-06	0.15	gene_cis_shared_region	1471	3.9761214090219725e-18	0.6691619640654262	1.9407732247692793e-18	0.3265801494922662	0.004257886442308716	0.012870002780305275	0.9173743551680886	False	one causal variant per trait; shared observed subset; p1=p2=1e-4; effect prior SD as given times sdY; CP sdY=1; window sensitivity is not multi-signal conditioning
R001	ENSG00000271973	RP11-572O6.1	1e-05	0.15	gene_cis_shared_region	1471	3.829375976544675e-18	0.6444654189369683	1.8691457323182424e-18	0.31452716107823003	0.0410074199848009	0.11534017271172532	0.9173743551680886	False	one causal variant per trait; shared observed subset; p1=p2=1e-4; effect prior SD as given times sdY; CP sdY=1; window sensitivity is not multi-signal conditioning
R001	ENSG00000271973	RP11-572O6.1	0.0001	0.15	gene_cis_shared_region	1471	2.7970702619249112e-18	0.4707333699247026	1.3652699487054987e-18	0.22973836317148583	0.29952826690381334	0.5659307613276114	0.9173743551680886	False	one causal variant per trait; shared observed subset; p1=p2=1e-4; effect prior SD as given times sdY; CP sdY=1; window sensitivity is not multi-signal conditioning
R001	ENSG00000271973	RP11-572O6.1	1e-06	0.2	gene_cis_shared_region	1471	4.4978167026036005e-18	0.5729532630886609	3.329018332044456e-18	0.4240360663608049	0.0030106705505362668	0.007049979054543882	0.9173743551680886	False	one causal variant per trait; shared observed subset; p1=p2=1e-4; effect prior SD as given times sdY; CP sdY=1; window sensitivity is not multi-signal conditioning
R001	ENSG00000271973	RP11-572O6.1	1e-05	0.2	gene_cis_shared_region	1471	4.3791588610323275e-18	0.5578380634230177	3.2411948043309017e-18	0.4128494823558096	0.029312454221173893	0.06629348163276463	0.9173743551680886	False	one causal variant per trait; shared observed subset; p1=p2=1e-4; effect prior SD as given times sdY; CP sdY=1; window sensitivity is not multi-signal conditioning
R001	ENSG00000271973	RP11-572O6.1	0.0001	0.2	gene_cis_shared_region	1471	3.4650395439682e-18	0.441393201350027	2.5646176635992883e-18	0.32666999016620546	0.23193680848376927	0.41520584612344075	0.9173743551680886	False	one causal variant per trait; shared observed subset; p1=p2=1e-4; effect prior SD as given times sdY; CP sdY=1; window sensitivity is not multi-signal conditioning
R001	ENSG00000271973	RP11-572O6.1	1e-06	0.1	lead_250kb_shared_subset	72	5.176842805012847e-16	0.9814470653468302	5.45803511460196e-18	0.010264684046658774	0.008288250606510875	0.446735288052927	0.8994195160826102	False	one causal variant per trait; shared observed subset; p1=p2=1e-4; effect prior SD as given times sdY; CP sdY=1; window sensitivity is not multi-signal conditioning
R001	ENSG00000271973	RP11-572O6.1	1e-05	0.1	lead_250kb_shared_subset	72	4.817486022018181e-16	0.9133187343607945	5.079159028514116e-18	0.00955214863146476	0.07712911700773704	0.8898014633147583	0.8994195160826102	False	one causal variant per trait; shared observed subset; p1=p2=1e-4; effect prior SD as given times sdY; CP sdY=1; window sensitivity is not multi-signal conditioning
R001	ENSG00000271973	RP11-572O6.1	0.0001	0.1	lead_250kb_shared_subset	72	2.8435804079600503e-16	0.539097622158378	2.9980361201640943e-18	0.005638273277433724	0.455264104564189	0.9877668817769234	0.8994195160826102	False	one causal variant per trait; shared observed subset; p1=p2=1e-4; effect prior SD as given times sdY; CP sdY=1; window sensitivity is not multi-signal conditioning
R001	ENSG00000271973	RP11-572O6.1	1e-06	0.15	lead_250kb_shared_subset	72	7.561891797566823e-16	0.9794073633675922	1.0528044685526488e-17	0.013565529015796902	0.007027107616612601	0.34124370482763056	0.8994195160826102	False	one causal variant per trait; shared observed subset; p1=p2=1e-4; effect prior SD as given times sdY; CP sdY=1; window sensitivity is not multi-signal conditioning
R001	ENSG00000271973	RP11-572O6.1	1e-05	0.15	lead_250kb_shared_subset	72	7.11209470379859e-16	0.9211501709280361	9.901814632335878e-18	0.01275862306023993	0.06609120601172083	0.8381908596327327	0.8994195160826102	False	one causal variant per trait; shared observed subset; p1=p2=1e-4; effect prior SD as given times sdY; CP sdY=1; window sensitivity is not multi-signal conditioning
R001	ENSG00000271973	RP11-572O6.1	0.0001	0.15	lead_250kb_shared_subset	72	4.459494422517852e-16	0.5775884912444883	6.208731599443281e-18	0.00800003525624578	0.4144114734992644	0.9810610386070798	0.8994195160826102	False	one causal variant per trait; shared observed subset; p1=p2=1e-4; effect prior SD as given times sdY; CP sdY=1; window sensitivity is not multi-signal conditioning
R001	ENSG00000271973	RP11-572O6.1	1e-06	0.2	lead_250kb_shared_subset	72	9.978282828676468e-16	0.9776208338465893	1.6845925486970125e-17	0.01644543409576313	0.00593373205764405	0.26514535961567326	0.8994195160826102	False	one causal variant per trait; shared observed subset; p1=p2=1e-4; effect prior SD as given times sdY; CP sdY=1; window sensitivity is not multi-signal conditioning
R001	ENSG00000271973	RP11-572O6.1	1e-05	0.2	lead_250kb_shared_subset	72	9.472421527163262e-16	0.9280591451385074	1.599190060730418e-17	0.01561171261898516	0.056329142242504925	0.7829923949466147	0.8994195160826102	False	one causal variant per trait; shared observed subset; p1=p2=1e-4; effect prior SD as given times sdY; CP sdY=1; window sensitivity is not multi-signal conditioning
R001	ENSG00000271973	RP11-572O6.1	0.0001	0.2	lead_250kb_shared_subset	72	6.285772146875399e-16	0.6158476276035851	1.0612011207982621e-17	0.010359723547356528	0.3737926488490602	0.9730322541476691	0.8994195160826102	False	one causal variant per trait; shared observed subset; p1=p2=1e-4; effect prior SD as given times sdY; CP sdY=1; window sensitivity is not multi-signal conditioning
R001	ENSG00000068745	IP6K2	1e-06	0.1	gene_cis_shared_region	1538	3.451205272042743e-22	0.7878688423795386	9.047316751120043e-23	0.20648292678120075	0.00564823083925748	0.02662612556597276	0.8453200233917367	False	one causal variant per trait; shared observed subset; p1=p2=1e-4; effect prior SD as given times sdY; CP sdY=1; window sensitivity is not multi-signal conditioning
R001	ENSG00000068745	IP6K2	1e-05	0.1	gene_cis_shared_region	1538	3.284253285807294e-22	0.7497557028355576	8.609652983642515e-23	0.1964943193143878	0.053749977850056085	0.21479002102787256	0.8453200233917367	False	one causal variant per trait; shared observed subset; p1=p2=1e-4; effect prior SD as given times sdY; CP sdY=1; window sensitivity is not multi-signal conditioning
R001	ENSG00000068745	IP6K2	0.0001	0.1	gene_cis_shared_region	1538	2.2134818716520796e-22	0.5053114093136504	5.802631265640458e-23	0.13243089854383808	0.3622576921425099	0.7322944150377536	0.8453200233917367	False	one causal variant per trait; shared observed subset; p1=p2=1e-4; effect prior SD as given times sdY; CP sdY=1; window sensitivity is not multi-signal conditioning
R001	ENSG00000068745	IP6K2	1e-06	0.15	gene_cis_shared_region	1538	4.290488943595662e-22	0.6707556072203095	2.0819720269474714e-22	0.3254481133875277	0.0037962793921600623	0.011530278040909033	0.8453200233917367	False	one causal variant per trait; shared observed subset; p1=p2=1e-4; effect prior SD as given times sdY; CP sdY=1; window sensitivity is not multi-signal conditioning
R001	ENSG00000068745	IP6K2	1e-05	0.15	gene_cis_shared_region	1538	4.1487409264531387e-22	0.6485953642828164	2.0131883963529872e-22	0.3146960463476355	0.03670858936955071	0.1044624505155764	0.8453200233917367	False	one causal variant per trait; shared observed subset; p1=p2=1e-4; effect prior SD as given times sdY; CP sdY=1; window sensitivity is not multi-signal conditioning
R001	ENSG00000068745	IP6K2	0.0001	0.15	gene_cis_shared_region	1538	3.1184694093643643e-22	0.4875273820244763	1.513246197004971e-22	0.23654646341631386	0.27592615455920866	0.5384212636554717	0.8453200233917367	False	one causal variant per trait; shared observed subset; p1=p2=1e-4; effect prior SD as given times sdY; CP sdY=1; window sensitivity is not multi-signal conditioning
R001	ENSG00000068745	IP6K2	1e-06	0.2	gene_cis_shared_region	1538	3.641948567360696e-22	0.43106032728276666	4.790341699287975e-22	0.5669641609089849	0.0019755118082507746	0.003472269386340735	0.8453200233917367	False	one causal variant per trait; shared observed subset; p1=p2=1e-4; effect prior SD as given times sdY; CP sdY=1; window sensitivity is not multi-signal conditioning
R001	ENSG00000068745	IP6K2	1e-05	0.2	gene_cis_shared_region	1538	3.5783273165519667e-22	0.4235301283553215	4.706659152686067e-22	0.557059855998141	0.019410015646535043	0.033670477159817594	0.8453200233917367	False	one causal variant per trait; shared observed subset; p1=p2=1e-4; effect prior SD as given times sdY; CP sdY=1; window sensitivity is not multi-signal conditioning
R001	ENSG00000068745	IP6K2	0.0001	0.2	gene_cis_shared_region	1538	3.0461882603847457e-22	0.3605462526995435	4.006723976933454e-22	0.4742185506127135	0.16523519668774517	0.2584005448170538	0.8453200233917367	False	one causal variant per trait; shared observed subset; p1=p2=1e-4; effect prior SD as given times sdY; CP sdY=1; window sensitivity is not multi-signal conditioning
R001	ENSG00000068745	IP6K2	1e-06	0.1	lead_250kb_shared_subset	139	4.1790662451438576e-22	0.9539288102939854	1.7159596661702665e-23	0.03909939947563639	0.006971790230376684	0.15132646399766722	0.8104922310844351	False	one causal variant per trait; shared observed subset; p1=p2=1e-4; effect prior SD as given times sdY; CP sdY=1; window sensitivity is not multi-signal conditioning
R001	ENSG00000068745	IP6K2	1e-05	0.1	lead_250kb_shared_subset	139	3.9323279545954964e-22	0.8976074336634343	1.6146468537273486e-23	0.03679091274147745	0.06560165359508967	0.6406876587061532	0.8104922310844351	False	one causal variant per trait; shared observed subset; p1=p2=1e-4; effect prior SD as given times sdY; CP sdY=1; window sensitivity is not multi-signal conditioning
R001	ENSG00000068745	IP6K2	0.0001	0.1	lead_250kb_shared_subset	139	2.47251707602907e-22	0.5643857106856612	1.0152362579351925e-23	0.023132902709625557	0.4124813866047162	0.9468959047554735	0.8104922310844351	False	one causal variant per trait; shared observed subset; p1=p2=1e-4; effect prior SD as given times sdY; CP sdY=1; window sensitivity is not multi-signal conditioning
R001	ENSG00000068745	IP6K2	1e-06	0.15	lead_250kb_shared_subset	139	5.875626174036175e-22	0.9184706588445396	4.877614293628498e-23	0.07619290249908259	0.0053364386563759855	0.06545421048111462	0.8104922310844351	False	one causal variant per trait; shared observed subset; p1=p2=1e-4; effect prior SD as given times sdY; CP sdY=1; window sensitivity is not multi-signal conditioning
R001	ENSG00000068745	IP6K2	1e-05	0.15	lead_250kb_shared_subset	139	5.606364015165961e-22	0.8763799292551955	4.654087997717736e-23	0.07270121245451365	0.05091885829029027	0.4118979869814589	0.8104922310844351	False	one causal variant per trait; shared observed subset; p1=p2=1e-4; effect prior SD as given times sdY; CP sdY=1; window sensitivity is not multi-signal conditioning
R001	ENSG00000068745	IP6K2	0.0001	0.15	lead_250kb_shared_subset	139	3.8445315846183924e-22	0.6009724500644101	3.191513832568994e-23	0.04985443449004371	0.3491731154455461	0.8750601694091269	0.8104922310844351	False	one causal variant per trait; shared observed subset; p1=p2=1e-4; effect prior SD as given times sdY; CP sdY=1; window sensitivity is not multi-signal conditioning
R001	ENSG00000068745	IP6K2	1e-06	0.2	lead_250kb_shared_subset	139	7.48592475014052e-22	0.8859379781761534	9.28810418950022e-23	0.10988026313642997	0.004181758687415738	0.036662147667993576	0.8104922310844351	False	one causal variant per trait; shared observed subset; p1=p2=1e-4; effect prior SD as given times sdY; CP sdY=1; window sensitivity is not multi-signal conditioning
R001	ENSG00000068745	IP6K2	1e-05	0.2	lead_250kb_shared_subset	139	7.214404656036303e-22	0.8538043445592279	8.951217698150499e-23	0.10589482374413049	0.04030083169663972	0.2756636753338216	0.8104922310844351	False	one causal variant per trait; shared observed subset; p1=p2=1e-4; effect prior SD as given times sdY; CP sdY=1; window sensitivity is not multi-signal conditioning
R001	ENSG00000068745	IP6K2	0.0001	0.2	lead_250kb_shared_subset	139	5.294169683531294e-22	0.6265499777380419	6.568700762936339e-23	0.07770913779281698	0.2957408844691431	0.791915562564066	0.8104922310844351	False	one causal variant per trait; shared observed subset; p1=p2=1e-4; effect prior SD as given times sdY; CP sdY=1; window sensitivity is not multi-signal conditioning
R001	ENSG00000114302	PRKAR2A	1e-06	0.1	gene_cis_shared_region	1643	1.227860679457787e-22	0.8690250981222678	1.7638687044497653e-23	0.12477678923275369	0.006198112644976381	0.04732290351904634	0.8063858189985331	False	one causal variant per trait; shared observed subset; p1=p2=1e-4; effect prior SD as given times sdY; CP sdY=1; window sensitivity is not multi-signal conditioning
R001	ENSG00000114302	PRKAR2A	1e-05	0.1	gene_cis_shared_region	1643	1.1629858251203309e-22	0.8231095658477333	1.670673501454823e-23	0.11818412268548302	0.058706311466784046	0.3318795148427852	0.8063858189985331	False	one causal variant per trait; shared observed subset; p1=p2=1e-4; effect prior SD as given times sdY; CP sdY=1; window sensitivity is not multi-signal conditioning
R001	ENSG00000114302	PRKAR2A	0.0001	0.1	gene_cis_shared_region	1643	7.609386909421441e-23	0.5385585120724283	1.0931174565753848e-23	0.07732757327212678	0.3841139146554479	0.8324217147889752	0.8063858189985331	False	one causal variant per trait; shared observed subset; p1=p2=1e-4; effect prior SD as given times sdY; CP sdY=1; window sensitivity is not multi-signal conditioning
R001	ENSG00000114302	PRKAR2A	1e-06	0.15	gene_cis_shared_region	1643	1.8170090579089966e-22	0.8807814389240974	2.358438571340711e-23	0.11427408652349892	0.004944474552404495	0.0414740331352974	0.8063858189985331	False	one causal variant per trait; shared observed subset; p1=p2=1e-4; effect prior SD as given times sdY; CP sdY=1; window sensitivity is not multi-signal conditioning
R001	ENSG00000114302	PRKAR2A	1e-05	0.15	gene_cis_shared_region	1643	1.7395965404764595e-22	0.8432563048593107	2.2579587932004825e-23	0.10940551161101728	0.04733818352966913	0.3020101286190836	0.8063858189985331	False	one causal variant per trait; shared observed subset; p1=p2=1e-4; effect prior SD as given times sdY; CP sdY=1; window sensitivity is not multi-signal conditioning
R001	ENSG00000114302	PRKAR2A	0.0001	0.15	gene_cis_shared_region	1643	1.219876080455823e-22	0.5913257310282383	1.5833728444445815e-23	0.07671960916164965	0.3319546598101141	0.8122719853278788	0.8063858189985331	False	one causal variant per trait; shared observed subset; p1=p2=1e-4; effect prior SD as given times sdY; CP sdY=1; window sensitivity is not multi-signal conditioning
R001	ENSG00000114302	PRKAR2A	1e-06	0.2	gene_cis_shared_region	1643	2.4259050557609503e-22	0.8903285659194428	2.879349184111573e-23	0.10563428480858664	0.004037149271971443	0.03681131103844228	0.8063858189985331	False	one causal variant per trait; shared observed subset; p1=p2=1e-4; effect prior SD as given times sdY; CP sdY=1; window sensitivity is not multi-signal conditioning
R001	ENSG00000114302	PRKAR2A	1e-05	0.2	gene_cis_shared_region	1643	2.3408517445154684e-22	0.8591132500322608	2.778397919856984e-23	0.10193069975579058	0.03895605021194583	0.27650613149119346	0.8063858189985331	False	one causal variant per trait; shared observed subset; p1=p2=1e-4; effect prior SD as given times sdY; CP sdY=1; window sensitivity is not multi-signal conditioning
R001	ENSG00000114302	PRKAR2A	0.0001	0.2	gene_cis_shared_region	1643	1.7331882337640668e-22	0.6360953784943478	2.057151459802269e-23	0.07547043074812153	0.2884341907575294	0.7926093094507469	0.8063858189985331	False	one causal variant per trait; shared observed subset; p1=p2=1e-4; effect prior SD as given times sdY; CP sdY=1; window sensitivity is not multi-signal conditioning
R001	ENSG00000114302	PRKAR2A	1e-06	0.1	lead_250kb_shared_subset	244	1.3757288659977536e-22	0.9736460437430604	2.734556938881871e-24	0.01928259510165432	0.007071361155286381	0.26832256555119816	0.7766079284812206	False	one causal variant per trait; shared observed subset; p1=p2=1e-4; effect prior SD as given times sdY; CP sdY=1; window sensitivity is not multi-signal conditioning
R001	ENSG00000114302	PRKAR2A	1e-05	0.1	lead_250kb_shared_subset	244	1.2934131428904006e-22	0.915388650064549	2.570936739171198e-24	0.018128835230498453	0.06648251470495034	0.7857399126201249	0.7766079284812206	False	one causal variant per trait; shared observed subset; p1=p2=1e-4; effect prior SD as given times sdY; CP sdY=1; window sensitivity is not multi-signal conditioning
R001	ENSG00000114302	PRKAR2A	0.0001	0.1	lead_250kb_shared_subset	244	8.092214502175539e-23	0.5727111518772405	1.6085016360978763e-24	0.011342270964709182	0.41594657715805167	0.9734552609679845	0.7766079284812206	False	one causal variant per trait; shared observed subset; p1=p2=1e-4; effect prior SD as given times sdY; CP sdY=1; window sensitivity is not multi-signal conditioning
R001	ENSG00000114302	PRKAR2A	1e-06	0.15	lead_250kb_shared_subset	244	2.0173009210880495e-22	0.9778377202992995	3.422082151881735e-24	0.016531404939987476	0.005630874760714397	0.2540747087735775	0.7766079284812206	False	one causal variant per trait; shared observed subset; p1=p2=1e-4; effect prior SD as given times sdY; CP sdY=1; window sensitivity is not multi-signal conditioning
R001	ENSG00000114302	PRKAR2A	1e-05	0.15	lead_250kb_shared_subset	244	1.919999433911084e-22	0.9306731830662831	3.2570231469811416e-24	0.015734037393593928	0.053592779540122676	0.773045437689181	0.7766079284812206	False	one causal variant per trait; shared observed subset; p1=p2=1e-4; effect prior SD as given times sdY; CP sdY=1; window sensitivity is not multi-signal conditioning
R001	ENSG00000114302	PRKAR2A	0.0001	0.15	lead_250kb_shared_subset	244	1.2952533761713294e-22	0.6278426759861984	2.1972247245937782e-24	0.010614359928921869	0.36154296408487724	0.9714788363844526	0.7766079284812206	False	one causal variant per trait; shared observed subset; p1=p2=1e-4; effect prior SD as given times sdY; CP sdY=1; window sensitivity is not multi-signal conditioning
R001	ENSG00000114302	PRKAR2A	1e-06	0.2	lead_250kb_shared_subset	244	2.673409195030947e-22	0.9811309762138821	3.905233844075511e-24	0.014286231308441142	0.004582792477676053	0.24287385132493305	0.7766079284812206	False	one causal variant per trait; shared observed subset; p1=p2=1e-4; effect prior SD as given times sdY; CP sdY=1; window sensitivity is not multi-signal conditioning
R001	ENSG00000114302	PRKAR2A	1e-05	0.2	lead_250kb_shared_subset	244	2.567511829926178e-22	0.9422670471914053	3.7505422334630254e-24	0.013720334304849943	0.044012618503744355	0.7623483013186969	0.7766079284812206	False	one causal variant per trait; shared observed subset; p1=p2=1e-4; effect prior SD as given times sdY; CP sdY=1; window sensitivity is not multi-signal conditioning
R001	ENSG00000114302	PRKAR2A	0.0001	0.2	lead_250kb_shared_subset	244	1.8390422466138312e-22	0.6749214890382362	2.6864162940375682e-24	0.009827520220231874	0.31525099074153484	0.9697687792676406	0.7766079284812206	False	one causal variant per trait; shared observed subset; p1=p2=1e-4; effect prior SD as given times sdY; CP sdY=1; window sensitivity is not multi-signal conditioning
R001	ENSG00000224424	PRKAR2A-AS1	1e-06	0.1	gene_cis_shared_region	1643	1.2203391343010966e-22	0.8637016834815201	1.8401652584091893e-23	0.13017749237041643	0.006120824148062421	0.04490755501908625	0.540501518535358	False	one causal variant per trait; shared observed subset; p1=p2=1e-4; effect prior SD as given times sdY; CP sdY=1; window sensitivity is not multi-signal conditioning
R001	ENSG00000224424	PRKAR2A-AS1	1e-05	0.1	gene_cis_shared_region	1643	1.1566237207020415e-22	0.8186067517183572	1.7440879572438027e-23	0.12338076469485992	0.05801248358678062	0.31981611298292334	0.540501518535358	False	one causal variant per trait; shared observed subset; p1=p2=1e-4; effect prior SD as given times sdY; CP sdY=1; window sensitivity is not multi-signal conditioning
R001	ENSG00000224424	PRKAR2A-AS1	0.0001	0.1	gene_cis_shared_region	1643	7.598806480801044e-23	0.5378096764615287	1.1458339160247408e-23	0.08105890771463886	0.3811314158238297	0.8246200675642396	0.540501518535358	False	one causal variant per trait; shared observed subset; p1=p2=1e-4; effect prior SD as given times sdY; CP sdY=1; window sensitivity is not multi-signal conditioning
R001	ENSG00000224424	PRKAR2A-AS1	1e-06	0.15	gene_cis_shared_region	1643	1.8008249894415236e-22	0.8729363337770537	2.5220644397126572e-23	0.12220660119936445	0.00485706502358303	0.03822544373196948	0.540501518535358	False	one causal variant per trait; shared observed subset; p1=p2=1e-4; effect prior SD as given times sdY; CP sdY=1; window sensitivity is not multi-signal conditioning
R001	ENSG00000224424	PRKAR2A-AS1	1e-05	0.15	gene_cis_shared_region	1643	1.7254015037806677e-22	0.8363753678644849	2.4164334693408975e-23	0.11708825383786951	0.04653637829764663	0.2844093685057429	0.540501518535358	False	one causal variant per trait; shared observed subset; p1=p2=1e-4; effect prior SD as given times sdY; CP sdY=1; window sensitivity is not multi-signal conditioning
R001	ENSG00000224424	PRKAR2A-AS1	0.0001	0.15	gene_cis_shared_region	1643	1.2160756819968835e-22	0.5894835165337207	1.703120098591485e-23	0.08252466329008816	0.32799182017619116	0.7989735696036505	0.540501518535358	False	one causal variant per trait; shared observed subset; p1=p2=1e-4; effect prior SD as given times sdY; CP sdY=1; window sensitivity is not multi-signal conditioning
R001	ENSG00000224424	PRKAR2A-AS1	1e-06	0.2	gene_cis_shared_region	1643	2.4022279746642515e-22	0.8816388681887253	3.118286569479913e-23	0.11440430091576405	0.0039568308955106645	0.033430154265673806	0.540501518535358	False	one causal variant per trait; shared observed subset; p1=p2=1e-4; effect prior SD as given times sdY; CP sdY=1; window sensitivity is not multi-signal conditioning
R001	ENSG00000224424	PRKAR2A-AS1	1e-05	0.2	gene_cis_shared_region	1643	2.31962277896462e-22	0.85132203231335	3.0110583317622076e-23	0.11047029058631268	0.03820767710033977	0.2569827775751192	0.540501518535358	False	one causal variant per trait; shared observed subset; p1=p2=1e-4; effect prior SD as given times sdY; CP sdY=1; window sensitivity is not multi-signal conditioning
R001	ENSG00000224424	PRKAR2A-AS1	0.0001	0.2	gene_cis_shared_region	1643	1.7260779264054859e-22	0.6334858329398843	2.240589016759843e-23	0.08220316330474456	0.2843110037553698	0.7757162732231797	0.540501518535358	False	one causal variant per trait; shared observed subset; p1=p2=1e-4; effect prior SD as given times sdY; CP sdY=1; window sensitivity is not multi-signal conditioning
R001	ENSG00000224424	PRKAR2A-AS1	1e-06	0.1	lead_250kb_shared_subset	244	1.3755907929179705e-22	0.9735483251364361	2.7548510214024464e-24	0.019426686352721434	0.0070249885108442075	0.2655782118553249	0.5208867521795487	False	one causal variant per trait; shared observed subset; p1=p2=1e-4; effect prior SD as given times sdY; CP sdY=1; window sensitivity is not multi-signal conditioning
R001	ENSG00000224424	PRKAR2A-AS1	1e-05	0.1	lead_250kb_shared_subset	244	1.2937909912756641e-22	0.9156560651014353	2.5910332143445713e-24	0.018271474280642176	0.0660724606179248	0.7833694348904202	0.5208867521795487	False	one causal variant per trait; shared observed subset; p1=p2=1e-4; effect prior SD as given times sdY; CP sdY=1; window sensitivity is not multi-signal conditioning
R001	ENSG00000224424	PRKAR2A-AS1	0.0001	0.1	lead_250kb_shared_subset	244	8.113311701720607e-23	0.5742042662094905	1.6248265940359688e-24	0.011457968643192986	0.4143377651473133	0.9730904569165308	0.5208867521795487	False	one causal variant per trait; shared observed subset; p1=p2=1e-4; effect prior SD as given times sdY; CP sdY=1; window sensitivity is not multi-signal conditioning
R001	ENSG00000224424	PRKAR2A-AS1	1e-06	0.15	lead_250kb_shared_subset	244	2.0169177014498204e-22	0.9776519638692585	3.471068418879248e-24	0.01676937614226631	0.00557865998847678	0.24962640814789508	0.5208867521795487	False	one causal variant per trait; shared observed subset; p1=p2=1e-4; effect prior SD as given times sdY; CP sdY=1; window sensitivity is not multi-signal conditioning
R001	ENSG00000224424	PRKAR2A-AS1	1e-05	0.15	lead_250kb_shared_subset	244	1.9204936706620134e-22	0.9309127523505505	3.305124906237133e-24	0.01596767221539221	0.053119575434057945	0.7688767065028782	0.5208867521795487	False	one causal variant per trait; shared observed subset; p1=p2=1e-4; effect prior SD as given times sdY; CP sdY=1; window sensitivity is not multi-signal conditioning
R001	ENSG00000224424	PRKAR2A-AS1	0.0001	0.15	lead_250kb_shared_subset	244	1.2993198172524403e-22	0.6298137847260586	2.236099162820043e-24	0.010803010320621642	0.3593832049533184	0.9708173619792207	0.5208867521795487	False	one causal variant per trait; shared observed subset; p1=p2=1e-4; effect prior SD as given times sdY; CP sdY=1; window sensitivity is not multi-signal conditioning
R001	ENSG00000224424	PRKAR2A-AS1	1e-06	0.2	lead_250kb_shared_subset	244	2.6726805400736425e-22	0.980863562624181	3.9915278053486035e-24	0.014603424651960871	0.0045330127238593825	0.23687861198171858	0.5208867521795487	False	one causal variant per trait; shared observed subset; p1=p2=1e-4; effect prior SD as given times sdY; CP sdY=1; window sensitivity is not multi-signal conditioning
R001	ENSG00000224424	PRKAR2A-AS1	1e-05	0.2	lead_250kb_shared_subset	244	2.5679169386626826e-22	0.9424157205523176	3.835068093179344e-24	0.014031000324947638	0.04355327912273125	0.7563397430769935	0.5208867521795487	False	one causal variant per trait; shared observed subset; p1=p2=1e-4; effect prior SD as given times sdY; CP sdY=1; window sensitivity is not multi-signal conditioning
R001	ENSG00000224424	PRKAR2A-AS1	0.0001	0.2	lead_250kb_shared_subset	244	1.8447950679821188e-22	0.6770327525348768	2.75511820384553e-24	0.010079889971752328	0.3128873574933718	0.9687897455520135	0.5208867521795487	False	one causal variant per trait; shared observed subset; p1=p2=1e-4; effect prior SD as given times sdY; CP sdY=1; window sensitivity is not multi-signal conditioning
R001	ENSG00000178537	SLC25A20	1e-06	0.1	gene_cis_shared_region	1686	7.527703609846322e-23	0.8597536390639969	1.1475626017719383e-23	0.13097261447575115	0.009273746460249744	0.066124685149454	0.4288055552732927	True	one causal variant per trait; shared observed subset; p1=p2=1e-4; effect prior SD as given times sdY; CP sdY=1; window sensitivity is not multi-signal conditioning
R001	ENSG00000178537	SLC25A20	1e-05	0.1	gene_cis_shared_region	1686	6.947813280497877e-23	0.7935232390967054	1.0591610799294658e-23	0.1208832490490057	0.08559351185428589	0.4145430772927307	0.4288055552732927	True	one causal variant per trait; shared observed subset; p1=p2=1e-4; effect prior SD as given times sdY; CP sdY=1; window sensitivity is not multi-signal conditioning
R001	ENSG00000178537	SLC25A20	0.0001	0.1	gene_cis_shared_region	1686	3.9245608046764187e-23	0.4482317062981923	5.982806233146292e-24	0.06828244254797669	0.4834858511538277	0.876247977045091	0.4288055552732927	True	one causal variant per trait; shared observed subset; p1=p2=1e-4; effect prior SD as given times sdY; CP sdY=1; window sensitivity is not multi-signal conditioning
R001	ENSG00000178537	SLC25A20	1e-06	0.15	gene_cis_shared_region	1686	1.1121574894704933e-22	0.870459776756501	1.5450405122399724e-23	0.12083971910489341	0.008700504138609028	0.06716449856855895	0.4288055552732927	True	one causal variant per trait; shared observed subset; p1=p2=1e-4; effect prior SD as given times sdY; CP sdY=1; window sensitivity is not multi-signal conditioning
R001	ENSG00000178537	SLC25A20	1e-05	0.15	gene_cis_shared_region	1686	1.0313946116830987e-22	0.8072485524158738	1.432842447444293e-23	0.11206455591233323	0.0806868916717924	0.4186058921117929	0.4288055552732927	True	one causal variant per trait; shared observed subset; p1=p2=1e-4; effect prior SD as given times sdY; CP sdY=1; window sensitivity is not multi-signal conditioning
R001	ENSG00000178537	SLC25A20	0.0001	0.15	gene_cis_shared_region	1686	5.975004934114822e-23	0.4676497267976693	8.300645161717555e-24	0.06492047436847685	0.4674297988338523	0.8780493264745586	0.4288055552732927	True	one causal variant per trait; shared observed subset; p1=p2=1e-4; effect prior SD as given times sdY; CP sdY=1; window sensitivity is not multi-signal conditioning
R001	ENSG00000178537	SLC25A20	1e-06	0.2	gene_cis_shared_region	1686	1.486449479467599e-22	0.881014774057889	1.8772178306065125e-23	0.1111842066352898	0.007801019306819415	0.0655629238424517	0.4288055552732927	True	one causal variant per trait; shared observed subset; p1=p2=1e-4; effect prior SD as given times sdY; CP sdY=1; window sensitivity is not multi-signal conditioning
R001	ENSG00000178537	SLC25A20	1e-05	0.2	gene_cis_shared_region	1686	1.3889335990676485e-22	0.8232173631641196	1.75406628594746e-23	0.10389016405505112	0.07289247278082857	0.4123282358804276	0.4288055552732927	True	one causal variant per trait; shared observed subset; p1=p2=1e-4; effect prior SD as given times sdY; CP sdY=1; window sensitivity is not multi-signal conditioning
R001	ENSG00000178537	SLC25A20	0.0001	0.2	gene_cis_shared_region	1686	8.38711682608272e-23	0.4971022518824497	1.059198140991752e-23	0.06273438439357493	0.4401633637239777	0.8752541950557498	0.4288055552732927	True	one causal variant per trait; shared observed subset; p1=p2=1e-4; effect prior SD as given times sdY; CP sdY=1; window sensitivity is not multi-signal conditioning
R001	ENSG00000178537	SLC25A20	1e-06	0.1	lead_250kb_shared_subset	287	8.431998159257064e-23	0.9630142988467508	2.335987325074688e-24	0.02657508845397366	0.010410612699275245	0.2814766889544489	0.41353374652053954	True	one causal variant per trait; shared observed subset; p1=p2=1e-4; effect prior SD as given times sdY; CP sdY=1; window sensitivity is not multi-signal conditioning
R001	ENSG00000178537	SLC25A20	1e-05	0.1	lead_250kb_shared_subset	287	7.709639519463633e-23	0.8805140793403158	2.1358662393195737e-24	0.024298434168070215	0.09518748649161708	0.7966418634604191	0.41353374652053954	True	one causal variant per trait; shared observed subset; p1=p2=1e-4; effect prior SD as given times sdY; CP sdY=1; window sensitivity is not multi-signal conditioning
R001	ENSG00000178537	SLC25A20	0.0001	0.1	lead_250kb_shared_subset	287	4.1523627558697826e-23	0.47423927666673377	1.1503639568724312e-24	0.01308698192836751	0.5126737414049014	0.9751084831034973	0.41353374652053954	True	one causal variant per trait; shared observed subset; p1=p2=1e-4; effect prior SD as given times sdY; CP sdY=1; window sensitivity is not multi-signal conditioning
R001	ENSG00000178537	SLC25A20	1e-06	0.15	lead_250kb_shared_subset	287	1.2336411011495458e-22	0.9655215697616596	3.1708350182295883e-24	0.024719266371358177	0.009759163866985525	0.28305128161351994	0.41353374652053954	True	one causal variant per trait; shared observed subset; p1=p2=1e-4; effect prior SD as given times sdY; CP sdY=1; window sensitivity is not multi-signal conditioning
R001	ENSG00000178537	SLC25A20	1e-05	0.15	lead_250kb_shared_subset	287	1.1340359197983072e-22	0.8875645764635053	2.914819231522e-24	0.022723412790041548	0.0897120107464521	0.7978980994128945	0.41353374652053954	True	one causal variant per trait; shared observed subset; p1=p2=1e-4; effect prior SD as given times sdY; CP sdY=1; window sensitivity is not multi-signal conditioning
R001	ENSG00000178537	SLC25A20	0.0001	0.15	lead_250kb_shared_subset	287	6.274376671530435e-23	0.4910703775617497	1.612706746647198e-24	0.012572375232413325	0.496357247205839	0.9752964365246027	0.41353374652053954	True	one causal variant per trait; shared observed subset; p1=p2=1e-4; effect prior SD as given times sdY; CP sdY=1; window sensitivity is not multi-signal conditioning
R001	ENSG00000178537	SLC25A20	1e-06	0.2	lead_250kb_shared_subset	287	1.6344317276771395e-22	0.96870281100329	3.821225623278027e-24	0.02256045539072965	0.008736733605983656	0.2791539395726929	0.41353374652053954	True	one causal variant per trait; shared observed subset; p1=p2=1e-4; effect prior SD as given times sdY; CP sdY=1; window sensitivity is not multi-signal conditioning
R001	ENSG00000178537	SLC25A20	1e-05	0.2	lead_250kb_shared_subset	287	1.5152840313994935e-22	0.8980857846972996	3.5426638318854e-24	0.020915830998495005	0.08099838430420774	0.7947702296841379	0.41353374652053954	True	one causal variant per trait; shared observed subset; p1=p2=1e-4; effect prior SD as given times sdY; CP sdY=1; window sensitivity is not multi-signal conditioning
R001	ENSG00000178537	SLC25A20	0.0001	0.2	lead_250kb_shared_subset	287	8.764006797984402e-23	0.5194293452027545	2.0489841681326055e-24	0.012097169986474681	0.46847348481077	0.9748274892240797	0.41353374652053954	True	one causal variant per trait; shared observed subset; p1=p2=1e-4; effect prior SD as given times sdY; CP sdY=1; window sensitivity is not multi-signal conditioning
R001	ENSG00000221883	ARIH2OS	1e-06	0.1	gene_cis_shared_region	1706	7.534537998731642e-23	0.8605933176839723	1.165146497382297e-23	0.13301890580287107	0.006387776513155167	0.045821164430801656	0.7398404467346856	True	one causal variant per trait; shared observed subset; p1=p2=1e-4; effect prior SD as given times sdY; CP sdY=1; window sensitivity is not multi-signal conditioning
R001	ENSG00000221883	ARIH2OS	1e-05	0.1	gene_cis_shared_region	1706	7.124926079513525e-23	0.813807531935442	1.1018038089462746e-23	0.12578739017346152	0.06040507789109913	0.32442277885351506	0.7398404467346856	True	one causal variant per trait; shared observed subset; p1=p2=1e-4; effect prior SD as given times sdY; CP sdY=1; window sensitivity is not multi-signal conditioning
R001	ENSG00000221883	ARIH2OS	0.0001	0.1	gene_cis_shared_region	1706	4.6156485745440265e-23	0.5271983923498451	7.137672901354901e-24	0.08148721568061411	0.391314391969538	0.8276502990638934	0.7398404467346856	True	one causal variant per trait; shared observed subset; p1=p2=1e-4; effect prior SD as given times sdY; CP sdY=1; window sensitivity is not multi-signal conditioning
R001	ENSG00000221883	ARIH2OS	1e-06	0.15	gene_cis_shared_region	1706	1.1140239802956407e-22	0.8719803313000611	1.5700436360352944e-23	0.12284027972089502	0.00517938897904491	0.04045775958993198	0.7398404467346856	True	one causal variant per trait; shared observed subset; p1=p2=1e-4; effect prior SD as given times sdY; CP sdY=1; window sensitivity is not multi-signal conditioning
R001	ENSG00000221883	ARIH2OS	1e-05	0.15	gene_cis_shared_region	1706	1.0644071713433868e-22	0.8331437512322275	1.5001164562674116e-23	0.1173691742524691	0.04948707451530129	0.2965850837518056	0.7398404467346856	True	one causal variant per trait; shared observed subset; p1=p2=1e-4; effect prior SD as given times sdY; CP sdY=1; window sensitivity is not multi-signal conditioning
R001	ENSG00000221883	ARIH2OS	0.0001	0.15	gene_cis_shared_region	1706	7.364184285226954e-23	0.5764170221077987	1.037867305921309e-23	0.08120278140452863	0.34238019648767465	0.8082954565157391	0.7398404467346856	True	one causal variant per trait; shared observed subset; p1=p2=1e-4; effect prior SD as given times sdY; CP sdY=1; window sensitivity is not multi-signal conditioning
R001	ENSG00000221883	ARIH2OS	1e-06	0.2	gene_cis_shared_region	1706	1.4894683833300773e-22	0.8828644418869189	1.904748721744827e-23	0.1128589196110515	0.004276638502026941	0.03651016455565464	0.7398404467346856	True	one causal variant per trait; shared observed subset; p1=p2=1e-4; effect prior SD as given times sdY; CP sdY=1; window sensitivity is not multi-signal conditioning
R001	ENSG00000221883	ARIH2OS	1e-05	0.2	gene_cis_shared_region	1706	1.4342639282899428e-22	0.8501426661620028	1.834152651127184e-23	0.10867600762495278	0.04118132621304429	0.2748035425317473	0.7398404467346856	True	one causal variant per trait; shared observed subset; p1=p2=1e-4; effect prior SD as given times sdY; CP sdY=1; window sensitivity is not multi-signal conditioning
R001	ENSG00000221883	ARIH2OS	0.0001	0.2	gene_cis_shared_region	1706	1.046425295299978e-22	0.6202559884123683	1.3381802970317786e-23	0.0792889796137818	0.3004550319738524	0.79120413437913	0.7398404467346856	True	one causal variant per trait; shared observed subset; p1=p2=1e-4; effect prior SD as given times sdY; CP sdY=1; window sensitivity is not multi-signal conditioning
R001	ENSG00000221883	ARIH2OS	1e-06	0.1	lead_250kb_shared_subset	307	8.46894525293486e-23	0.9673004483579862	2.23182959209657e-24	0.025418555260747246	0.00728099638126965	0.22266349278973052	0.7167417217265003	True	one causal variant per trait; shared observed subset; p1=p2=1e-4; effect prior SD as given times sdY; CP sdY=1; window sensitivity is not multi-signal conditioning
R001	ENSG00000221883	ARIH2OS	1e-05	0.1	lead_250kb_shared_subset	307	7.948113577193655e-23	0.9078124367559606	2.0945743009471036e-24	0.023855339495857563	0.06833222374818457	0.7412303931636973	0.7167417217265003	True	one causal variant per trait; shared observed subset; p1=p2=1e-4; effect prior SD as given times sdY; CP sdY=1; window sensitivity is not multi-signal conditioning
R001	ENSG00000221883	ARIH2OS	0.0001	0.1	lead_250kb_shared_subset	307	4.9214629871416706e-23	0.5621164397525936	1.296958051217116e-24	0.014771199383893922	0.42311236086351306	0.9662668327270654	0.7167417217265003	True	one causal variant per trait; shared observed subset; p1=p2=1e-4; effect prior SD as given times sdY; CP sdY=1; window sensitivity is not multi-signal conditioning
R001	ENSG00000221883	ARIH2OS	1e-06	0.15	lead_250kb_shared_subset	307	1.2414138144031135e-22	0.9716714835615359	2.8743017731995197e-24	0.02243865242433749	0.005889864014127828	0.20791290030742282	0.7167417217265003	True	one causal variant per trait; shared observed subset; p1=p2=1e-4; effect prior SD as given times sdY; CP sdY=1; window sensitivity is not multi-signal conditioning
R001	ENSG00000221883	ARIH2OS	1e-05	0.15	lead_250kb_shared_subset	307	1.1789206724077828e-22	0.9227572510223877	2.729608563919942e-24	0.02130908396306479	0.05593366501455092	0.7241283583881772	0.7167417217265003	True	one causal variant per trait; shared observed subset; p1=p2=1e-4; effect prior SD as given times sdY; CP sdY=1; window sensitivity is not multi-signal conditioning
R001	ENSG00000221883	ARIH2OS	0.0001	0.15	lead_250kb_shared_subset	307	7.841681066670761e-23	0.6137790467018405	1.8156200239832243e-24	0.014173900260819584	0.3720470530373365	0.9633010582678626	0.7167417217265003	True	one causal variant per trait; shared observed subset; p1=p2=1e-4; effect prior SD as given times sdY; CP sdY=1; window sensitivity is not multi-signal conditioning
R001	ENSG00000221883	ARIH2OS	1e-06	0.2	lead_250kb_shared_subset	307	1.6455410710619844e-22	0.9753538470054969	3.349729993732166e-24	0.019806299063023662	0.0048398539314807015	0.19637360575339685	0.7167417217265003	True	one causal variant per trait; shared observed subset; p1=p2=1e-4; effect prior SD as given times sdY; CP sdY=1; window sensitivity is not multi-signal conditioning
R001	ENSG00000221883	ARIH2OS	1e-05	0.2	lead_250kb_shared_subset	307	1.5768553260208172e-22	0.9346420672520411	3.209910511646707e-24	0.018979573780029672	0.04637835896792784	0.7096056594503779	0.7167417217265003	True	one causal variant per trait; shared observed subset; p1=p2=1e-4; effect prior SD as given times sdY; CP sdY=1; window sensitivity is not multi-signal conditioning
R001	ENSG00000221883	ARIH2OS	0.0001	0.2	lead_250kb_shared_subset	307	1.1124943607195794e-22	0.6594035685778943	2.2646385395627084e-24	0.013390365273665857	0.32720606614843717	0.9606855385484907	0.7167417217265003	True	one causal variant per trait; shared observed subset; p1=p2=1e-4; effect prior SD as given times sdY; CP sdY=1; window sensitivity is not multi-signal conditioning
R001	ENSG00000177479	ARIH2	1e-06	0.1	gene_cis_shared_region	1706	7.44544611094461e-23	0.8504172613282571	1.254192266068006e-23	0.14318964123547304	0.00639309743626964	0.04273953995654008	0.6554962444477325	True	one causal variant per trait; shared observed subset; p1=p2=1e-4; effect prior SD as given times sdY; CP sdY=1; window sensitivity is not multi-signal conditioning
R001	ENSG00000177479	ARIH2	1e-05	0.1	gene_cis_shared_region	1706	7.040358812096313e-23	0.8041482767500149	1.1859549368700845e-23	0.13539906641607174	0.06045265683391104	0.30866543235236177	0.6554962444477325	True	one causal variant per trait; shared observed subset; p1=p2=1e-4; effect prior SD as given times sdY; CP sdY=1; window sensitivity is not multi-signal conditioning
R001	ENSG00000177479	ARIH2	0.0001	0.1	gene_cis_shared_region	1706	4.5595996147834635e-23	0.5207964921615126	7.680687614972951e-24	0.08768949815626466	0.3915140096822215	0.8170098992976903	0.6554962444477325	True	one causal variant per trait; shared observed subset; p1=p2=1e-4; effect prior SD as given times sdY; CP sdY=1; window sensitivity is not multi-signal conditioning
R001	ENSG00000177479	ARIH2	1e-06	0.15	gene_cis_shared_region	1706	1.0923657275930472e-22	0.8550277605286707	1.7868084142962795e-23	0.13980725994329835	0.0051649795280326784	0.03562736939753268	0.6554962444477325	True	one causal variant per trait; shared observed subset; p1=p2=1e-4; effect prior SD as given times sdY; CP sdY=1; window sensitivity is not multi-signal conditioning
R001	ENSG00000177479	ARIH2	1e-05	0.15	gene_cis_shared_region	1706	1.0438428834801291e-22	0.81704745989459	1.7074384524268344e-23	0.13359702676889199	0.04935551333651865	0.2697722223921121	0.6554962444477325	True	one causal variant per trait; shared observed subset; p1=p2=1e-4; effect prior SD as given times sdY; CP sdY=1; window sensitivity is not multi-signal conditioning
R001	ENSG00000177479	ARIH2	0.0001	0.15	gene_cis_shared_region	1706	7.227829650442674e-23	0.5657441316030593	1.1822731627591305e-23	0.09250592848531529	0.34174993991162356	0.786978288107419	0.6554962444477325	True	one causal variant per trait; shared observed subset; p1=p2=1e-4; effect prior SD as given times sdY; CP sdY=1; window sensitivity is not multi-signal conditioning
R001	ENSG00000177479	ARIH2	1e-06	0.2	gene_cis_shared_region	1706	1.4528472847028878e-22	0.8611577268182213	2.271382366750183e-23	0.13459094032347102	0.004251332858306149	0.03061987362264053	0.6554962444477325	True	one causal variant per trait; shared observed subset; p1=p2=1e-4; effect prior SD as given times sdY; CP sdY=1; window sensitivity is not multi-signal conditioning
R001	ENSG00000177479	ARIH2	1e-05	0.2	gene_cis_shared_region	1706	1.3993070060208946e-22	0.8294223715827065	2.187677461086929e-23	0.12963099957204938	0.04094662884524158	0.2400468878900824	0.6554962444477325	True	one causal variant per trait; shared observed subset; p1=p2=1e-4; effect prior SD as given times sdY; CP sdY=1; window sensitivity is not multi-signal conditioning
R001	ENSG00000177479	ARIH2	0.0001	0.2	gene_cis_shared_region	1706	1.02249682435878e-22	0.6060726755074802	1.5985721839866653e-23	0.09472352016430599	0.2992038043282129	0.7595406201224184	0.6554962444477325	True	one causal variant per trait; shared observed subset; p1=p2=1e-4; effect prior SD as given times sdY; CP sdY=1; window sensitivity is not multi-signal conditioning
R001	ENSG00000177479	ARIH2	1e-06	0.1	lead_250kb_shared_subset	307	8.462750357248086e-23	0.9665928838152503	2.286626209618423e-24	0.026043602508915565	0.007363513675830841	0.22041751928270303	0.6355869231793652	True	one causal variant per trait; shared observed subset; p1=p2=1e-4; effect prior SD as given times sdY; CP sdY=1; window sensitivity is not multi-signal conditioning
R001	ENSG00000177479	ARIH2	1e-05	0.1	lead_250kb_shared_subset	307	7.936767868569188e-23	0.906516560030865	2.1445062966301596e-24	0.024424923204489305	0.06905851676464692	0.7387245996451003	0.6355869231793652	True	one causal variant per trait; shared observed subset; p1=p2=1e-4; effect prior SD as given times sdY; CP sdY=1; window sensitivity is not multi-signal conditioning
R001	ENSG00000177479	ARIH2	0.0001	0.1	lead_250kb_shared_subset	307	4.894626840855799e-23	0.5590512863528206	1.3225230035312257e-24	0.015062918140263965	0.42588579550691685	0.9658397503517465	0.6355869231793652	True	one causal variant per trait; shared observed subset; p1=p2=1e-4; effect prior SD as given times sdY; CP sdY=1; window sensitivity is not multi-signal conditioning
R001	ENSG00000177479	ARIH2	1e-06	0.15	lead_250kb_shared_subset	307	1.2398661371898463e-22	0.9704600955485769	3.017975926846883e-24	0.023562332494217304	0.005977571957206581	0.202355832498925	0.6355869231793652	True	one causal variant per trait; shared observed subset; p1=p2=1e-4; effect prior SD as given times sdY; CP sdY=1; window sensitivity is not multi-signal conditioning
R001	ENSG00000177479	ARIH2	1e-05	0.15	lead_250kb_shared_subset	307	1.1765689093268278e-22	0.9209164940601693	2.863903237709893e-24	0.022359436242650178	0.05672406969718115	0.717268019709928	0.6355869231793652	True	one causal variant per trait; shared observed subset; p1=p2=1e-4; effect prior SD as given times sdY; CP sdY=1; window sensitivity is not multi-signal conditioning
R001	ENSG00000177479	ARIH2	0.0001	0.15	lead_250kb_shared_subset	307	7.789182112147038e-23	0.6096698820997032	1.8959759766942226e-24	0.014802509180579088	0.37552760871971536	0.9620769484553067	0.6355869231793652	True	one causal variant per trait; shared observed subset; p1=p2=1e-4; effect prior SD as given times sdY; CP sdY=1; window sensitivity is not multi-signal conditioning
R001	ENSG00000177479	ARIH2	1e-06	0.2	lead_250kb_shared_subset	307	1.6427646537010947e-22	0.9737081941552225	3.613981126478373e-24	0.021371780705595762	0.004920025139179903	0.18713150280461013	0.6355869231793652	True	one causal variant per trait; shared observed subset; p1=p2=1e-4; effect prior SD as given times sdY; CP sdY=1; window sensitivity is not multi-signal conditioning
R001	ENSG00000177479	ARIH2	1e-05	0.2	lead_250kb_shared_subset	307	1.5731071147407737e-22	0.932420407546507	3.4607388281659716e-24	0.020465561032681892	0.047114031420812476	0.6971635920005659	0.6355869231793652	True	one causal variant per trait; shared observed subset; p1=p2=1e-4; effect prior SD as given times sdY; CP sdY=1; window sensitivity is not multi-signal conditioning
R001	ENSG00000177479	ARIH2	0.0001	0.2	lead_250kb_shared_subset	307	1.1046896632143974e-22	0.654777526803391	2.4302492657594013e-24	0.014371617490530869	0.3308508557060759	0.9583699828187426	0.6355869231793652	True	one causal variant per trait; shared observed subset; p1=p2=1e-4; effect prior SD as given times sdY; CP sdY=1; window sensitivity is not multi-signal conditioning
R001	ENSG00000235236	RP13-131K19.1	1e-06	0.1	gene_cis_shared_region	1790	7.38118273765968e-23	0.8432942188502875	1.319195022040238e-23	0.15065648221116948	0.0060492989385395185	0.03860290854719849	0.9544860563418114	True	one causal variant per trait; shared observed subset; p1=p2=1e-4; effect prior SD as given times sdY; CP sdY=1; window sensitivity is not multi-signal conditioning
R001	ENSG00000235236	RP13-131K19.1	1e-05	0.1	gene_cis_shared_region	1790	7.000072933749256e-23	0.7997527288469213	1.2510815266780067e-23	0.14287769330510613	0.057369577847973446	0.2864936811254577	0.9544860563418114	True	one causal variant per trait; shared observed subset; p1=p2=1e-4; effect prior SD as given times sdY; CP sdY=1; window sensitivity is not multi-signal conditioning
R001	ENSG00000235236	RP13-131K19.1	0.0001	0.1	gene_cis_shared_region	1790	4.616469022847946e-23	0.5274278901952045	8.25074133888048e-24	0.09422622470387801	0.3783458851009183	0.8006098482138531	0.9544860563418114	True	one causal variant per trait; shared observed subset; p1=p2=1e-4; effect prior SD as given times sdY; CP sdY=1; window sensitivity is not multi-signal conditioning
R001	ENSG00000235236	RP13-131K19.1	1e-06	0.15	gene_cis_shared_region	1790	1.083905843366316e-22	0.8486236599167369	1.872728244955375e-23	0.14657370346299664	0.004802636620269427	0.03172646807042427	0.9544860563418114	True	one causal variant per trait; shared observed subset; p1=p2=1e-4; effect prior SD as given times sdY; CP sdY=1; window sensitivity is not multi-signal conditioning
R001	ENSG00000235236	RP13-131K19.1	1e-05	0.15	gene_cis_shared_region	1790	1.038996537971938e-22	0.8134627653230398	1.7951357813773785e-23	0.1405007375758849	0.046036497101075054	0.24679521587633585	0.9544860563418114	True	one causal variant per trait; shared observed subset; p1=p2=1e-4; effect prior SD as given times sdY; CP sdY=1; window sensitivity is not multi-signal conditioning
R001	ENSG00000235236	RP13-131K19.1	0.0001	0.15	gene_cis_shared_region	1790	7.346218061351768e-23	0.5751583032719086	1.2692495516370523e-23	0.09934095237967845	0.3255007443484106	0.7661694858467258	0.9544860563418114	True	one causal variant per trait; shared observed subset; p1=p2=1e-4; effect prior SD as given times sdY; CP sdY=1; window sensitivity is not multi-signal conditioning
R001	ENSG00000235236	RP13-131K19.1	1e-06	0.2	gene_cis_shared_region	1790	1.4439367827617067e-22	0.8560954863037359	2.3617374235946237e-23	0.13998583174864135	0.003918681947622262	0.02723112602217152	0.9544860563418114	True	one causal variant per trait; shared observed subset; p1=p2=1e-4; effect prior SD as given times sdY; CP sdY=1; window sensitivity is not multi-signal conditioning
R001	ENSG00000235236	RP13-131K19.1	1e-05	0.2	gene_cis_shared_region	1790	1.3947466655437582e-22	0.8269311642753892	2.281280895239942e-23	0.1352169806778919	0.037851855046722234	0.21870982657416052	0.9544860563418114	True	one causal variant per trait; shared observed subset; p1=p2=1e-4; effect prior SD as given times sdY; CP sdY=1; window sensitivity is not multi-signal conditioning
R001	ENSG00000235236	RP13-131K19.1	0.0001	0.2	gene_cis_shared_region	1790	1.0403381170786039e-22	0.6168059273047144	1.7016018246984324e-23	0.10085801425497559	0.2823360584403132	0.7367965178960985	0.9544860563418114	True	one causal variant per trait; shared observed subset; p1=p2=1e-4; effect prior SD as given times sdY; CP sdY=1; window sensitivity is not multi-signal conditioning
R001	ENSG00000235236	RP13-131K19.1	1e-06	0.1	lead_250kb_shared_subset	391	8.383652007071097e-23	0.9578050725764546	3.091219665428851e-24	0.03524670062580915	0.006948226797735421	0.1646697179495169	0.9324112439025642	True	one causal variant per trait; shared observed subset; p1=p2=1e-4; effect prior SD as given times sdY; CP sdY=1; window sensitivity is not multi-signal conditioning
R001	ENSG00000235236	RP13-131K19.1	1e-05	0.1	lead_250kb_shared_subset	391	7.890243213067887e-23	0.9014347168709094	2.909290004484931e-24	0.0331723024955308	0.06539298063355704	0.6634484126415375	0.9324112439025642	True	one causal variant per trait; shared observed subset; p1=p2=1e-4; effect prior SD as given times sdY; CP sdY=1; window sensitivity is not multi-signal conditioning
R001	ENSG00000235236	RP13-131K19.1	0.0001	0.1	lead_250kb_shared_subset	391	4.9669879132836557e-23	0.5674622723792022	1.8314274856040835e-24	0.0208822999623387	0.4116554276584591	0.9517214369317489	0.9324112439025642	True	one causal variant per trait; shared observed subset; p1=p2=1e-4; effect prior SD as given times sdY; CP sdY=1; window sensitivity is not multi-signal conditioning
R001	ENSG00000235236	RP13-131K19.1	1e-06	0.15	lead_250kb_shared_subset	391	1.2279059847188005e-22	0.9613453516852004	4.2383738401750085e-24	0.033127570914726116	0.005527077400073954	0.1429860997586091	0.9324112439025642	True	one causal variant per trait; shared observed subset; p1=p2=1e-4; effect prior SD as given times sdY; CP sdY=1; window sensitivity is not multi-signal conditioning
R001	ENSG00000235236	RP13-131K19.1	1e-05	0.15	lead_250kb_shared_subset	391	1.1697197979802733e-22	0.915790544680835	4.037532069875641e-24	0.03155777074156425	0.05265168457759725	0.6252467062996973	0.9324112439025642	True	one causal variant per trait; shared observed subset; p1=p2=1e-4; effect prior SD as given times sdY; CP sdY=1; window sensitivity is not multi-signal conditioning
R001	ENSG00000235236	RP13-131K19.1	0.0001	0.15	lead_250kb_shared_subset	391	7.93640984789407e-23	0.621353003511002	2.7394175370783595e-24	0.02141157249141112	0.357235423997589	0.9434524169214342	0.9324112439025642	True	one causal variant per trait; shared observed subset; p1=p2=1e-4; effect prior SD as given times sdY; CP sdY=1; window sensitivity is not multi-signal conditioning
R001	ENSG00000235236	RP13-131K19.1	1e-06	0.2	lead_250kb_shared_subset	391	1.6271867931603066e-22	0.9647219920420375	5.199238006469121e-24	0.030780119175811683	0.004497888782151004	0.1274983776723077	0.9324112439025642	True	one causal variant per trait; shared observed subset; p1=p2=1e-4; effect prior SD as given times sdY; CP sdY=1; window sensitivity is not multi-signal conditioning
R001	ENSG00000235236	RP13-131K19.1	1e-05	0.2	lead_250kb_shared_subset	391	1.5638793929563676e-22	0.9271884762266042	4.996956226273622e-24	0.029582586519340523	0.043228937254056	0.5937101026561781	0.9324112439025642	True	one causal variant per trait; shared observed subset; p1=p2=1e-4; effect prior SD as given times sdY; CP sdY=1; window sensitivity is not multi-signal conditioning
R001	ENSG00000235236	RP13-131K19.1	0.0001	0.2	lead_250kb_shared_subset	391	1.1258541048531164e-22	0.6674932585171245	3.597364160215939e-24	0.02129683184968038	0.3112099096331968	0.935950676504473	0.9324112439025642	True	one causal variant per trait; shared observed subset; p1=p2=1e-4; effect prior SD as given times sdY; CP sdY=1; window sensitivity is not multi-signal conditioning
R001	ENSG00000223343	RP13-131K19.2	1e-06	0.1	gene_cis_shared_region	1801	7.424136760283607e-23	0.8482334580127713	1.2339405855108747e-23	0.1408730708232672	0.01089347116395917	0.07177781756980424	0.7855158075638793	True	one causal variant per trait; shared observed subset; p1=p2=1e-4; effect prior SD as given times sdY; CP sdY=1; window sensitivity is not multi-signal conditioning
R001	ENSG00000223343	RP13-131K19.2	1e-05	0.1	gene_cis_shared_region	1801	6.761254938901726e-23	0.7724969033452252	1.1237652467191325e-23	0.12829488149483964	0.09920821515993823	0.43607413094020725	0.7855158075638793	True	one causal variant per trait; shared observed subset; p1=p2=1e-4; effect prior SD as given times sdY; CP sdY=1; window sensitivity is not multi-signal conditioning
R001	ENSG00000223343	RP13-131K19.2	0.0001	0.1	gene_cis_shared_region	1801	3.571952050657862e-23	0.40810795081172313	5.936820329582883e-24	0.0677778266291551	0.5241142225591209	0.8854895470853072	0.7855158075638793	True	one causal variant per trait; shared observed subset; p1=p2=1e-4; effect prior SD as given times sdY; CP sdY=1; window sensitivity is not multi-signal conditioning
R001	ENSG00000223343	RP13-131K19.2	1e-06	0.15	gene_cis_shared_region	1801	1.0968386440444124e-22	0.8587811968087188	1.6639999489591795e-23	0.13017415604652735	0.0110446471447545	0.07820946570262635	0.7855158075638793	True	one causal variant per trait; shared observed subset; p1=p2=1e-4; effect prior SD as given times sdY; CP sdY=1; window sensitivity is not multi-signal conditioning
R001	ENSG00000223343	RP13-131K19.2	1e-05	0.15	gene_cis_shared_region	1801	9.976685683053081e-23	0.7811349570511499	1.5135502890532638e-23	0.11840452978061927	0.10046051316822799	0.4590066637169986	0.7855158075638793	True	one causal variant per trait; shared observed subset; p1=p2=1e-4; effect prior SD as given times sdY; CP sdY=1; window sensitivity is not multi-signal conditioning
R001	ENSG00000223343	RP13-131K19.2	0.0001	0.15	gene_cis_shared_region	1801	5.239457962409718e-23	0.41022879746430563	7.948714999569722e-24	0.062182529955639124	0.5275886725800545	0.8945649945465491	0.7855158075638793	True	one causal variant per trait; shared observed subset; p1=p2=1e-4; effect prior SD as given times sdY; CP sdY=1; window sensitivity is not multi-signal conditioning
R001	ENSG00000223343	RP13-131K19.2	1e-06	0.2	gene_cis_shared_region	1801	1.467926895538931e-22	0.8703514119526107	2.0132104024190654e-23	0.11926178441049916	0.01038680363688858	0.08011505403431088	0.7855158075638793	True	one causal variant per trait; shared observed subset; p1=p2=1e-4; effect prior SD as given times sdY; CP sdY=1; window sensitivity is not multi-signal conditioning
R001	ENSG00000223343	RP13-131K19.2	1e-05	0.2	gene_cis_shared_region	1801	1.3424344667273423e-22	0.7959454500907094	1.8411019248946653e-23	0.1090661465789688	0.0949884033303231	0.46550495136005626	0.7855158075638793	True	one causal variant per trait; shared observed subset; p1=p2=1e-4; effect prior SD as given times sdY; CP sdY=1; window sensitivity is not multi-signal conditioning
R001	ENSG00000223343	RP13-131K19.2	0.0001	0.2	gene_cis_shared_region	1801	7.237250684271364e-23	0.42910524841892744	9.925636219874817e-24	0.058799074630717395	0.512095676950356	0.8970054034165222	0.7855158075638793	True	one causal variant per trait; shared observed subset; p1=p2=1e-4; effect prior SD as given times sdY; CP sdY=1; window sensitivity is not multi-signal conditioning
R001	ENSG00000223343	RP13-131K19.2	1e-06	0.1	lead_250kb_shared_subset	402	8.322591241550818e-23	0.9508646999872863	3.24590879242554e-24	0.0369631235742493	0.012172176438464315	0.2477277321053255	0.7660374267978705	True	one causal variant per trait; shared observed subset; p1=p2=1e-4; effect prior SD as given times sdY; CP sdY=1; window sensitivity is not multi-signal conditioning
R001	ENSG00000223343	RP13-131K19.2	1e-05	0.1	lead_250kb_shared_subset	402	7.500873626528286e-23	0.8569826083639718	2.92542922613657e-24	0.03331362922018613	0.10970376241584189	0.7670658873085336	0.7660374267978705	True	one causal variant per trait; shared observed subset; p1=p2=1e-4; effect prior SD as given times sdY; CP sdY=1; window sensitivity is not multi-signal conditioning
R001	ENSG00000223343	RP13-131K19.2	0.0001	0.1	lead_250kb_shared_subset	402	3.774339969204351e-23	0.43122226459349355	1.4720371259469283e-24	0.016762975693965766	0.5520147597125373	0.9705280733571869	0.7660374267978705	True	one causal variant per trait; shared observed subset; p1=p2=1e-4; effect prior SD as given times sdY; CP sdY=1; window sensitivity is not multi-signal conditioning
R001	ENSG00000223343	RP13-131K19.2	1e-06	0.15	lead_250kb_shared_subset	402	1.21766912776626e-22	0.9533663426677509	4.400675444592675e-24	0.03433179142198566	0.012301865910264512	0.26379800800562514	0.7660374267978705	True	one causal variant per trait; shared observed subset; p1=p2=1e-4; effect prior SD as given times sdY; CP sdY=1; window sensitivity is not multi-signal conditioning
R001	ENSG00000223343	RP13-131K19.2	1e-05	0.15	lead_250kb_shared_subset	402	1.0962912735536104e-22	0.8583343193431143	3.96201396392361e-24	0.03090958166150566	0.11075609899537839	0.7818131990882884	0.7660374267978705	True	one causal variant per trait; shared observed subset; p1=p2=1e-4; effect prior SD as given times sdY; CP sdY=1; window sensitivity is not multi-signal conditioning
R001	ENSG00000223343	RP13-131K19.2	0.0001	0.15	lead_250kb_shared_subset	402	5.4902273052197e-23	0.4298538746723214	1.98417681259883e-24	0.01547952020824125	0.5546666051194373	0.9728499072069554	0.7660374267978705	True	one causal variant per trait; shared observed subset; p1=p2=1e-4; effect prior SD as given times sdY; CP sdY=1; window sensitivity is not multi-signal conditioning
R001	ENSG00000223343	RP13-131K19.2	1e-06	0.2	lead_250kb_shared_subset	402	1.6145190365327693e-22	0.957247237179804	5.2855627434443186e-24	0.031222765535305376	0.011529997284891022	0.2696901094645573	0.7660374267978705	True	one causal variant per trait; shared observed subset; p1=p2=1e-4; effect prior SD as given times sdY; CP sdY=1; window sensitivity is not multi-signal conditioning
R001	ENSG00000223343	RP13-131K19.2	1e-05	0.2	lead_250kb_shared_subset	402	1.4627314316171319e-22	0.8672524696014259	4.788645152939057e-24	0.028287384352297364	0.10446014604627388	0.7869083946995837	0.7660374267978705	True	one causal variant per trait; shared observed subset; p1=p2=1e-4; effect prior SD as given times sdY; CP sdY=1; window sensitivity is not multi-signal conditioning
R001	ENSG00000223343	RP13-131K19.2	0.0001	0.2	lead_250kb_shared_subset	402	7.539303558705313e-23	0.4470047945256324	2.468194000795924e-24	0.0145800639067393	0.5384151415676252	0.9736343755562359	0.7660374267978705	True	one causal variant per trait; shared observed subset; p1=p2=1e-4; effect prior SD as given times sdY; CP sdY=1; window sensitivity is not multi-signal conditioning
R001	ENSG00000178467	P4HTM	1e-06	0.1	gene_cis_shared_region	1801	6.036998883781094e-23	0.6897481289142173	2.6655416490835907e-23	0.30448978763658746	0.005762083449195335	0.018572276225216233	0.5308232691143235	True	one causal variant per trait; shared observed subset; p1=p2=1e-4; effect prior SD as given times sdY; CP sdY=1; window sensitivity is not multi-signal conditioning
R001	ENSG00000178467	P4HTM	1e-05	0.1	gene_cis_shared_region	1801	5.739362702260467e-23	0.6557421595156535	2.5341250870814235e-23	0.28947782897155316	0.05478001151279183	0.15912494958929754	0.5308232691143235	True	one causal variant per trait; shared observed subset; p1=p2=1e-4; effect prior SD as given times sdY; CP sdY=1; window sensitivity is not multi-signal conditioning
R001	ENSG00000178467	P4HTM	0.0001	0.1	gene_cis_shared_region	1801	3.844129552149671e-23	0.4392051774305461	1.697314778913839e-23	0.19388742875640172	0.36690739381305354	0.6542631619385386	0.5308232691143235	True	one causal variant per trait; shared observed subset; p1=p2=1e-4; effect prior SD as given times sdY; CP sdY=1; window sensitivity is not multi-signal conditioning
R001	ENSG00000178467	P4HTM	1e-06	0.15	gene_cis_shared_region	1801	6.711006901189862e-23	0.5254452484591743	6.014508356414851e-23	0.4708753785005418	0.00367937304028648	0.007753316194474823	0.5308232691143235	True	one causal variant per trait; shared observed subset; p1=p2=1e-4; effect prior SD as given times sdY; CP sdY=1; window sensitivity is not multi-signal conditioning
R001	ENSG00000178467	P4HTM	1e-05	0.15	gene_cis_shared_region	1801	6.495899368122469e-23	0.5086031809688255	5.821725652684918e-23	0.4557824360341188	0.03561438299705237	0.07247581103041942	0.5308232691143235	True	one causal variant per trait; shared observed subset; p1=p2=1e-4; effect prior SD as given times sdY; CP sdY=1; window sensitivity is not multi-signal conditioning
R001	ENSG00000178467	P4HTM	0.0001	0.15	gene_cis_shared_region	1801	4.919162827463247e-23	0.3851509575454741	4.408629937051226e-23	0.34515128540202655	0.2696977570525027	0.4386406067672262	0.5308232691143235	True	one causal variant per trait; shared observed subset; p1=p2=1e-4; effect prior SD as given times sdY; CP sdY=1; window sensitivity is not multi-signal conditioning
R001	ENSG00000178467	P4HTM	1e-06	0.2	gene_cis_shared_region	1801	6.957208999844805e-23	0.41250124203502925	9.868324894406868e-23	0.5850806034104368	0.002418154554531222	0.004116016454072937	0.5308232691143235	True	one causal variant per trait; shared observed subset; p1=p2=1e-4; effect prior SD as given times sdY; CP sdY=1; window sensitivity is not multi-signal conditioning
R001	ENSG00000178467	P4HTM	1e-05	0.2	gene_cis_shared_region	1801	6.809021600488737e-23	0.40371503390333696	9.658131208672327e-23	0.5726184834662169	0.02366648263044931	0.03968988650740632	0.5308232691143235	True	one causal variant per trait; shared observed subset; p1=p2=1e-4; effect prior SD as given times sdY; CP sdY=1; window sensitivity is not multi-signal conditioning
R001	ENSG00000178467	P4HTM	0.0001	0.2	gene_cis_shared_region	1801	5.613380789840923e-23	0.33282406032025297	7.962196534761017e-23	0.4720686441597405	0.19510729552000988	0.2924375474536191	0.5308232691143235	True	one causal variant per trait; shared observed subset; p1=p2=1e-4; effect prior SD as given times sdY; CP sdY=1; window sensitivity is not multi-signal conditioning
R001	ENSG00000178467	P4HTM	1e-06	0.1	lead_250kb_shared_subset	402	8.249518125515349e-23	0.9425160205268187	4.345703371235414e-24	0.04957098274877499	0.007912996724403154	0.13765568767025488	0.5227370794063465	True	one causal variant per trait; shared observed subset; p1=p2=1e-4; effect prior SD as given times sdY; CP sdY=1; window sensitivity is not multi-signal conditioning
R001	ENSG00000178467	P4HTM	1e-05	0.1	lead_250kb_shared_subset	402	7.701071167229251e-23	0.8798553854777189	4.056791005773e-24	0.0462753896857414	0.07386922483653996	0.6148359219450538	0.5227370794063465	True	one causal variant per trait; shared observed subset; p1=p2=1e-4; effect prior SD as given times sdY; CP sdY=1; window sensitivity is not multi-signal conditioning
R001	ENSG00000178467	P4HTM	0.0001	0.1	lead_250kb_shared_subset	402	4.625759650359446e-23	0.528497848145276	2.4367701241744964e-24	0.027795981333591277	0.44370617052112993	0.9410480286797169	0.5227370794063465	True	one causal variant per trait; shared observed subset; p1=p2=1e-4; effect prior SD as given times sdY; CP sdY=1; window sensitivity is not multi-signal conditioning
R001	ENSG00000178467	P4HTM	1e-06	0.15	lead_250kb_shared_subset	402	1.1890011761826178e-22	0.9309209512803465	7.99189159084864e-24	0.06250628211249218	0.006572766607164091	0.0951484817609225	0.5227370794063465	True	one causal variant per trait; shared observed subset; p1=p2=1e-4; effect prior SD as given times sdY; CP sdY=1; window sensitivity is not multi-signal conditioning
R001	ENSG00000178467	P4HTM	1e-05	0.15	lead_250kb_shared_subset	402	1.1225942275145886e-22	0.8789280507988317	7.545536158015639e-24	0.059015241438335524	0.06205670776283381	0.5125605738759714	0.5227370794063465	True	one causal variant per trait; shared observed subset; p1=p2=1e-4; effect prior SD as given times sdY; CP sdY=1; window sensitivity is not multi-signal conditioning
R001	ENSG00000178467	P4HTM	0.0001	0.15	lead_250kb_shared_subset	402	7.202994918868992e-23	0.563953931775686	4.841505262917682e-24	0.03786644130152837	0.3981796269227859	0.9131595396428416	0.5227370794063465	True	one causal variant per trait; shared observed subset; p1=p2=1e-4; effect prior SD as given times sdY; CP sdY=1; window sensitivity is not multi-signal conditioning
R001	ENSG00000178467	P4HTM	1e-06	0.2	lead_250kb_shared_subset	402	1.5493072209372284e-22	0.918583196126211	1.2823367363559842e-23	0.07597524214675724	0.005441561727034991	0.06683585535327813	0.5227370794063465	True	one causal variant per trait; shared observed subset; p1=p2=1e-4; effect prior SD as given times sdY; CP sdY=1; window sensitivity is not multi-signal conditioning
R001	ENSG00000178467	P4HTM	1e-05	0.2	lead_250kb_shared_subset	402	1.4769738228985724e-22	0.8756967736923029	1.2224675430049601e-23	0.07242814228365829	0.051875084024042235	0.4173269316086014	0.5227370794063465	True	one causal variant per trait; shared observed subset; p1=p2=1e-4; effect prior SD as given times sdY; CP sdY=1; window sensitivity is not multi-signal conditioning
R001	ENSG00000178467	P4HTM	0.0001	0.2	lead_250kb_shared_subset	402	1.0068840640656821e-22	0.5969808758384896	8.333817897148685e-24	0.04937578522019981	0.3536433389413128	0.877485255016305	0.5227370794063465	True	one causal variant per trait; shared observed subset; p1=p2=1e-4; effect prior SD as given times sdY; CP sdY=1; window sensitivity is not multi-signal conditioning
R001	ENSG00000178252	WDR6	1e-06	0.1	gene_cis_shared_region	1821	6.305600334863582e-23	0.7204830165326919	2.400279294981755e-23	0.2742047396415512	0.005312243825757112	0.019005084270231547	0.6849991883523179	True	one causal variant per trait; shared observed subset; p1=p2=1e-4; effect prior SD as given times sdY; CP sdY=1; window sensitivity is not multi-signal conditioning
R001	ENSG00000178252	WDR6	1e-05	0.1	gene_cis_shared_region	1821	6.01788412478927e-23	0.6876083286471364	2.290757722855834e-23	0.26169313974869385	0.05069853160416816	0.16229155977369714	0.6849991883523179	True	one causal variant per trait; shared observed subset; p1=p2=1e-4; effect prior SD as given times sdY; CP sdY=1; window sensitivity is not multi-signal conditioning
R001	ENSG00000178252	WDR6	0.0001	0.1	gene_cis_shared_region	1821	4.132348236006041e-23	0.4721654663045802	1.573012779718819e-23	0.1796989044639116	0.34813562923150837	0.6595544758964094	0.6849991883523179	True	one causal variant per trait; shared observed subset; p1=p2=1e-4; effect prior SD as given times sdY; CP sdY=1; window sensitivity is not multi-signal conditioning
R001	ENSG00000178252	WDR6	1e-06	0.15	gene_cis_shared_region	1821	7.129705262380421e-23	0.5582633575231691	5.600008128670862e-23	0.43845364669423553	0.0032829957825949276	0.007432020500239855	0.6849991883523179	True	one causal variant per trait; shared observed subset; p1=p2=1e-4; effect prior SD as given times sdY; CP sdY=1; window sensitivity is not multi-signal conditioning
R001	ENSG00000178252	WDR6	1e-05	0.15	gene_cis_shared_region	1821	6.925089894131718e-23	0.5422417607985349	5.439293529220345e-23	0.425870468136813	0.03188777106465478	0.06966072553992934	0.6849991883523179	True	one causal variant per trait; shared observed subset; p1=p2=1e-4; effect prior SD as given times sdY; CP sdY=1; window sensitivity is not multi-signal conditioning
R001	ENSG00000178252	WDR6	0.0001	0.15	gene_cis_shared_region	1821	5.380842290330165e-23	0.42132556294472184	4.226368335860819e-23	0.33090427130702055	0.2477701657482602	0.42816850007941637	0.6849991883523179	True	one causal variant per trait; shared observed subset; p1=p2=1e-4; effect prior SD as given times sdY; CP sdY=1; window sensitivity is not multi-signal conditioning
R001	ENSG00000178252	WDR6	1e-06	0.2	gene_cis_shared_region	1821	7.329894504521138e-23	0.43462595621735695	9.500208893863548e-23	0.5632939055639041	0.002080138218741964	0.0036792248275579796	0.6849991883523179	True	one causal variant per trait; shared observed subset; p1=p2=1e-4; effect prior SD as given times sdY; CP sdY=1; window sensitivity is not multi-signal conditioning
R001	ENSG00000178252	WDR6	1e-05	0.2	gene_cis_shared_region	1821	7.195191567779367e-23	0.4266387481271768	9.325621655687832e-23	0.5529421408445896	0.020419111028236455	0.035612994358337806	0.6849991883523179	True	one causal variant per trait; shared observed subset; p1=p2=1e-4; effect prior SD as given times sdY; CP sdY=1; window sensitivity is not multi-signal conditioning
R001	ENSG00000178252	WDR6	0.0001	0.2	gene_cis_shared_region	1821	6.078190371383089e-23	0.36040618328190954	7.877886672064979e-23	0.46710189225035437	0.17249192446773695	0.26968979367692175	0.6849991883523179	True	one causal variant per trait; shared observed subset; p1=p2=1e-4; effect prior SD as given times sdY; CP sdY=1; window sensitivity is not multi-signal conditioning
R001	ENSG00000178252	WDR6	1e-06	0.1	lead_250kb_shared_subset	422	8.385464395483015e-23	0.9581095114386112	3.050353106147427e-24	0.03478175065601604	0.007108737905375927	0.16969813791877422	0.6755995113306157	True	one causal variant per trait; shared observed subset; p1=p2=1e-4; effect prior SD as given times sdY; CP sdY=1; window sensitivity is not multi-signal conditioning
R001	ENSG00000178252	WDR6	1e-05	0.1	lead_250kb_shared_subset	422	7.881233768407532e-23	0.9004969408074712	2.866930771143193e-24	0.03269027150627292	0.06681278768625681	0.671464658759686	0.6755995113306157	True	one causal variant per trait; shared observed subset; p1=p2=1e-4; effect prior SD as given times sdY; CP sdY=1; window sensitivity is not multi-signal conditioning
R001	ENSG00000178252	WDR6	0.0001	0.1	lead_250kb_shared_subset	422	4.921725787559684e-23	0.5623483765900601	1.790360179905552e-24	0.02041464027113367	0.4172369831388029	0.9533541310504593	0.6755995113306157	True	one causal variant per trait; shared observed subset; p1=p2=1e-4; effect prior SD as given times sdY; CP sdY=1; window sensitivity is not multi-signal conditioning
R001	ENSG00000178252	WDR6	1e-06	0.15	lead_250kb_shared_subset	422	1.2298094232680096e-22	0.9629330661315147	4.011535755409848e-24	0.03135293339171183	0.005714000476773923	0.1541535778774504	0.6755995113306157	True	one causal variant per trait; shared observed subset; p1=p2=1e-4; effect prior SD as given times sdY; CP sdY=1; window sensitivity is not multi-signal conditioning
R001	ENSG00000178252	WDR6	1e-05	0.15	lead_250kb_shared_subset	422	1.1696585572822447e-22	0.9158353152781975	3.815328647987012e-24	0.0298194388038317	0.05434524591796792	0.6457012949980419	0.6755995113306157	True	one causal variant per trait; shared observed subset; p1=p2=1e-4; effect prior SD as given times sdY; CP sdY=1; window sensitivity is not multi-signal conditioning
R001	ENSG00000178252	WDR6	0.0001	0.15	lead_250kb_shared_subset	422	7.854763893865272e-23	0.6150230870698478	2.562158462472278e-24	0.020025044898221753	0.36495186803192836	0.9479837771418383	0.6755995113306157	True	one causal variant per trait; shared observed subset; p1=p2=1e-4; effect prior SD as given times sdY; CP sdY=1; window sensitivity is not multi-signal conditioning
R001	ENSG00000178252	WDR6	1e-06	0.2	lead_250kb_shared_subset	422	1.6305958529294052e-22	0.9668408915020593	4.8114843586534285e-24	0.028482311249763227	0.004676797248179678	0.141041103335749	0.6755995113306157	True	one causal variant per trait; shared observed subset; p1=p2=1e-4; effect prior SD as given times sdY; CP sdY=1; window sensitivity is not multi-signal conditioning
R001	ENSG00000178252	WDR6	1e-05	0.2	lead_250kb_shared_subset	422	1.5647343454029813e-22	0.9277891555749018	4.6171433680692686e-24	0.027331880287133126	0.04487896413796226	0.6214989520655086	0.6755995113306157	True	one causal variant per trait; shared observed subset; p1=p2=1e-4; effect prior SD as given times sdY; CP sdY=1; window sensitivity is not multi-signal conditioning
R001	ENSG00000178252	WDR6	0.0001	0.2	lead_250kb_shared_subset	422	1.114554060146688e-22	0.6608605309547031	3.2887728848539103e-24	0.019468389784479394	0.31967107926081556	0.9425947388568942	0.6755995113306157	True	one causal variant per trait; shared observed subset; p1=p2=1e-4; effect prior SD as given times sdY; CP sdY=1; window sensitivity is not multi-signal conditioning
R001	ENSG00000178149	DALRD3	1e-06	0.1	gene_cis_shared_region	1834	6.866431672728272e-23	0.7845989091031795	1.820501395742489e-23	0.2079466634208554	0.007454427475964756	0.03460719462899805	0.5591283696042296	True	one causal variant per trait; shared observed subset; p1=p2=1e-4; effect prior SD as given times sdY; CP sdY=1; window sensitivity is not multi-signal conditioning
R001	ENSG00000178149	DALRD3	1e-05	0.1	gene_cis_shared_region	1834	6.434726832240989e-23	0.7352697723630333	1.7060432168637333e-23	0.1948726847605109	0.06985754287645264	0.2638820035778137	0.5591283696042296	True	one causal variant per trait; shared observed subset; p1=p2=1e-4; effect prior SD as given times sdY; CP sdY=1; window sensitivity is not multi-signal conditioning
R001	ENSG00000178149	DALRD3	0.0001	0.1	gene_cis_shared_region	1834	3.9507927603633924e-23	0.4514408411264658	1.0474761968574395e-23	0.1196479061530378	0.4289112527204937	0.781886959286697	0.5591283696042296	True	one causal variant per trait; shared observed subset; p1=p2=1e-4; effect prior SD as given times sdY; CP sdY=1; window sensitivity is not multi-signal conditioning
R001	ENSG00000178149	DALRD3	1e-06	0.15	gene_cis_shared_region	1834	9.598052951060852e-23	0.7515708109428991	3.0929259086746046e-23	0.24212701884269008	0.006302170214411684	0.025368074654718298	0.5591283696042296	True	one causal variant per trait; shared observed subset; p1=p2=1e-4; effect prior SD as given times sdY; CP sdY=1; window sensitivity is not multi-signal conditioning
R001	ENSG00000178149	DALRD3	1e-05	0.15	gene_cis_shared_region	1834	9.082876450228527e-23	0.7112301686810245	2.926912785482916e-23	0.22913082566055595	0.05963900565841804	0.20652782662930266	0.5591283696042296	True	one causal variant per trait; shared observed subset; p1=p2=1e-4; effect prior SD as given times sdY; CP sdY=1; window sensitivity is not multi-signal conditioning
R001	ENSG00000178149	DALRD3	0.0001	0.15	gene_cis_shared_region	1834	5.910441020851662e-23	0.4628141742623625	1.9046108891350484e-23	0.1491008094788834	0.38808501625875486	0.7224409090203652	0.5591283696042296	True	one causal variant per trait; shared observed subset; p1=p2=1e-4; effect prior SD as given times sdY; CP sdY=1; window sensitivity is not multi-signal conditioning
R001	ENSG00000178149	DALRD3	1e-06	0.2	gene_cis_shared_region	1834	1.2386927272015467e-22	0.734515076094369	4.388494117606815e-23	0.26017406640942636	0.005310857496204457	0.020004365664440714	0.5591283696042296	True	one causal variant per trait; shared observed subset; p1=p2=1e-4; effect prior SD as given times sdY; CP sdY=1; window sensitivity is not multi-signal conditioning
R001	ENSG00000178149	DALRD3	1e-05	0.2	gene_cis_shared_region	1834	1.1821868921392523e-22	0.7010084712446548	4.188302803541731e-23	0.24830562433240638	0.050685904422936245	0.16952287790204004	0.5591283696042296	True	one causal variant per trait; shared observed subset; p1=p2=1e-4; effect prior SD as given times sdY; CP sdY=1; window sensitivity is not multi-signal conditioning
R001	ENSG00000178149	DALRD3	0.0001	0.2	gene_cis_shared_region	1834	8.118450064917458e-23	0.48140461603202156	2.876239568667296e-23	0.17051929989960865	0.34807608406837115	0.6711900931417909	0.5591283696042296	True	one causal variant per trait; shared observed subset; p1=p2=1e-4; effect prior SD as given times sdY; CP sdY=1; window sensitivity is not multi-signal conditioning
R001	ENSG00000178149	DALRD3	1e-06	0.1	lead_250kb_shared_subset	435	8.197154021789633e-23	0.9366350766509475	4.771637529078399e-24	0.0544330566712808	0.008931866677770246	0.1409591648768878	0.5484881756503567	True	one causal variant per trait; shared observed subset; p1=p2=1e-4; effect prior SD as given times sdY; CP sdY=1; window sensitivity is not multi-signal conditioning
R001	ENSG00000178149	DALRD3	1e-05	0.1	lead_250kb_shared_subset	435	7.5872400709e-23	0.8669442060605627	4.416601099381294e-24	0.05038293384021901	0.08267286009921684	0.6213397977757193	0.5484881756503567	True	one causal variant per trait; shared observed subset; p1=p2=1e-4; effect prior SD as given times sdY; CP sdY=1; window sensitivity is not multi-signal conditioning
R001	ENSG00000178149	DALRD3	0.0001	0.1	lead_250kb_shared_subset	435	4.3503426484610775e-23	0.4970851479876948	2.5323738203000333e-24	0.02888837361036582	0.47402647840193946	0.9425581219270515	0.5484881756503567	True	one causal variant per trait; shared observed subset; p1=p2=1e-4; effect prior SD as given times sdY; CP sdY=1; window sensitivity is not multi-signal conditioning
R001	ENSG00000178149	DALRD3	1e-06	0.15	lead_250kb_shared_subset	435	1.18780290162291e-22	0.9300833779255495	7.934916544662293e-24	0.06205402221546455	0.007862599858984399	0.11245680391441264	0.5484881756503567	True	one causal variant per trait; shared observed subset; p1=p2=1e-4; effect prior SD as given times sdY; CP sdY=1; window sensitivity is not multi-signal conditioning
R001	ENSG00000178149	DALRD3	1e-05	0.15	lead_250kb_shared_subset	435	1.1093047287858093e-22	0.8686170810731341	7.41052276727732e-24	0.05795306627870826	0.07342985264815406	0.5588995376867116	0.5484881756503567	True	one causal variant per trait; shared observed subset; p1=p2=1e-4; effect prior SD as given times sdY; CP sdY=1; window sensitivity is not multi-signal conditioning
R001	ENSG00000178149	DALRD3	0.0001	0.15	lead_250kb_shared_subset	435	6.679063469994079e-23	0.5229896226944373	4.461835474428796e-24	0.034893226172391455	0.4421171511331702	0.9268501738484409	0.5484881756503567	True	one causal variant per trait; shared observed subset; p1=p2=1e-4; effect prior SD as given times sdY; CP sdY=1; window sensitivity is not multi-signal conditioning
R001	ENSG00000178149	DALRD3	1e-06	0.2	lead_250kb_shared_subset	435	1.5648686119943468e-22	0.9279097714384472	1.1024619675120643e-23	0.06530409542285791	0.006786133138695949	0.09413388297002895	0.5484881756503567	True	one causal variant per trait; shared observed subset; p1=p2=1e-4; effect prior SD as given times sdY; CP sdY=1; window sensitivity is not multi-signal conditioning
R001	ENSG00000178149	DALRD3	1e-05	0.2	lead_250kb_shared_subset	435	1.4747952026188182e-22	0.8744995387417802	1.0390045581426623e-23	0.06154520954845524	0.06395525170976782	0.5096017263090126	0.5484881756503567	True	one causal variant per trait; shared observed subset; p1=p2=1e-4; effect prior SD as given times sdY; CP sdY=1; window sensitivity is not multi-signal conditioning
R001	ENSG00000178149	DALRD3	0.0001	0.2	lead_250kb_shared_subset	435	9.360229514334183e-23	0.5550273270666519	6.594353652212374e-24	0.03906151076830076	0.40591116216504886	0.9122159333722689	0.5484881756503567	True	one causal variant per trait; shared observed subset; p1=p2=1e-4; effect prior SD as given times sdY; CP sdY=1; window sensitivity is not multi-signal conditioning
R001	ENSG00000178057	NDUFAF3	1e-06	0.1	gene_cis_shared_region	1831	7.389356113551303e-23	0.8443412003749668	1.3064530155697616e-23	0.14921680161055714	0.006441998014475677	0.041385376412986834	0.9053485500712952	True	one causal variant per trait; shared observed subset; p1=p2=1e-4; effect prior SD as given times sdY; CP sdY=1; window sensitivity is not multi-signal conditioning
R001	ENSG00000178057	NDUFAF3	1e-05	0.1	gene_cis_shared_region	1831	6.984413889854822e-23	0.7980706731484648	1.2348584163719246e-23	0.1410396096430129	0.06088971720852306	0.3015397424332072	0.9053485500712952	True	one causal variant per trait; shared observed subset; p1=p2=1e-4; effect prior SD as given times sdY; CP sdY=1; window sensitivity is not multi-signal conditioning
R001	ENSG00000178057	NDUFAF3	0.0001	0.1	gene_cis_shared_region	1831	4.511873549349996e-23	0.5155470476800954	7.977083136658901e-24	0.09111042017187584	0.39334253214803144	0.8119313346413228	0.9053485500712952	True	one causal variant per trait; shared observed subset; p1=p2=1e-4; effect prior SD as given times sdY; CP sdY=1; window sensitivity is not multi-signal conditioning
R001	ENSG00000178057	NDUFAF3	1e-06	0.15	gene_cis_shared_region	1831	1.0886956441973047e-22	0.8524875707720233	1.8173793789997538e-23	0.14225471880833102	0.005257710419643854	0.03564249092202435	0.9053485500712952	True	one causal variant per trait; shared observed subset; p1=p2=1e-4; effect prior SD as given times sdY; CP sdY=1; window sensitivity is not multi-signal conditioning
R001	ENSG00000178057	NDUFAF3	1e-05	0.15	gene_cis_shared_region	1831	1.0395068120254165e-22	0.8139709584655207	1.7352675695673024e-23	0.1358274463870463	0.05020159514743391	0.2698589141423336	0.9053485500712952	True	one causal variant per trait; shared observed subset; p1=p2=1e-4; effect prior SD as given times sdY; CP sdY=1; window sensitivity is not multi-signal conditioning
R001	ENSG00000178057	NDUFAF3	0.0001	0.15	gene_cis_shared_region	1831	7.160053263664979e-23	0.5606577417548527	1.1952406738541478e-23	0.09355703488887494	0.3457852233562709	0.7870520462507578	0.9053485500712952	True	one causal variant per trait; shared observed subset; p1=p2=1e-4; effect prior SD as given times sdY; CP sdY=1; window sensitivity is not multi-signal conditioning
R001	ENSG00000178057	NDUFAF3	1e-06	0.2	gene_cis_shared_region	1831	1.454731777832959e-22	0.8626107502868343	2.2441323437243968e-23	0.13302644814965936	0.004362801563505015	0.03175504322655151	0.9053485500712952	True	one causal variant per trait; shared observed subset; p1=p2=1e-4; effect prior SD as given times sdY; CP sdY=1; window sensitivity is not multi-signal conditioning
R001	ENSG00000178057	NDUFAF3	1e-05	0.2	gene_cis_shared_region	1831	1.3997695276778615e-22	0.8300198434501341	2.1593451924870155e-23	0.12800048182936824	0.04197967472049592	0.24696809070287606	0.9053485500712952	True	one causal variant per trait; shared observed subset; p1=p2=1e-4; effect prior SD as given times sdY; CP sdY=1; window sensitivity is not multi-signal conditioning
R001	ENSG00000178057	NDUFAF3	0.0001	0.2	gene_cis_shared_region	1831	1.0159327791996496e-22	0.6024165762102619	1.567221974244605e-23	0.0929009259542413	0.3046824978355	0.7663360180645479	0.9053485500712952	True	one causal variant per trait; shared observed subset; p1=p2=1e-4; effect prior SD as given times sdY; CP sdY=1; window sensitivity is not multi-signal conditioning
R001	ENSG00000178057	NDUFAF3	1e-06	0.1	lead_250kb_shared_subset	432	8.365281166970602e-23	0.9558343913638822	3.2281632409876484e-24	0.036812128514631816	0.007353480121482971	0.1664978780677311	0.8874345725278948	True	one causal variant per trait; shared observed subset; p1=p2=1e-4; effect prior SD as given times sdY; CP sdY=1; window sensitivity is not multi-signal conditioning
R001	ENSG00000178057	NDUFAF3	1e-05	0.1	lead_250kb_shared_subset	432	7.846021123679237e-23	0.8965026609017098	3.0277807133942717e-24	0.03452708070038395	0.06897025839790684	0.6663964407085501	0.8874345725278948	True	one causal variant per trait; shared observed subset; p1=p2=1e-4; effect prior SD as given times sdY; CP sdY=1; window sensitivity is not multi-signal conditioning
R001	ENSG00000178057	NDUFAF3	0.0001	0.1	lead_250kb_shared_subset	432	4.8410345125101244e-23	0.5531466527517046	1.868155935193405e-24	0.02130338252370148	0.42554996472459133	0.9523257850592661	0.8874345725278948	True	one causal variant per trait; shared observed subset; p1=p2=1e-4; effect prior SD as given times sdY; CP sdY=1; window sensitivity is not multi-signal conditioning
R001	ENSG00000178057	NDUFAF3	1e-06	0.15	lead_250kb_shared_subset	432	1.2271619223327066e-22	0.9608911180973091	4.236050765334125e-24	0.033109084953826945	0.005999796948862968	0.15341264329140286	0.8874345725278948	True	one causal variant per trait; shared observed subset; p1=p2=1e-4; effect prior SD as given times sdY; CP sdY=1; window sensitivity is not multi-signal conditioning
R001	ENSG00000178057	NDUFAF3	1e-05	0.15	lead_250kb_shared_subset	432	1.1642922675811454e-22	0.911662983040947	4.019030464850552e-24	0.03141284853848056	0.05692416842057279	0.6443976758572084	0.8874345725278948	True	one causal variant per trait; shared observed subset; p1=p2=1e-4; effect prior SD as given times sdY; CP sdY=1; window sensitivity is not multi-signal conditioning
R001	ENSG00000178057	NDUFAF3	0.0001	0.15	lead_250kb_shared_subset	432	7.698728973436978e-23	0.602825116766324	2.6575308577074583e-24	0.02077133155610627	0.37640355167756756	0.9477023033606945	0.8874345725278948	True	one causal variant per trait; shared observed subset; p1=p2=1e-4; effect prior SD as given times sdY; CP sdY=1; window sensitivity is not multi-signal conditioning
R001	ENSG00000178057	NDUFAF3	1e-06	0.2	lead_250kb_shared_subset	432	1.6283070163894732e-22	0.9655148916955442	4.9883339799421655e-24	0.029529079947710805	0.00495602835674573	0.14371502948434292	0.8874345725278948	True	one causal variant per trait; shared observed subset; p1=p2=1e-4; effect prior SD as given times sdY; CP sdY=1; window sensitivity is not multi-signal conditioning
R001	ENSG00000178057	NDUFAF3	1e-05	0.2	lead_250kb_shared_subset	432	1.5587788468859116e-22	0.9242877260736257	4.775333773588675e-24	0.028268198028500568	0.04744407589787201	0.6266365205727362	0.8874345725278948	True	one causal variant per trait; shared observed subset; p1=p2=1e-4; effect prior SD as given times sdY; CP sdY=1; window sensitivity is not multi-signal conditioning
R001	ENSG00000178057	NDUFAF3	0.0001	0.2	lead_250kb_shared_subset	432	1.0923493133288534e-22	0.647715399084261	3.3464224761047574e-24	0.019809575147343966	0.3324750257683981	0.9437682626607855	0.8874345725278948	True	one causal variant per trait; shared observed subset; p1=p2=1e-4; effect prior SD as given times sdY; CP sdY=1; window sensitivity is not multi-signal conditioning
R001	ENSG00000178035	IMPDH2	1e-06	0.1	gene_cis_shared_region	1844	7.18619992605044e-23	0.8211762653145646	1.5103177121921682e-23	0.17252293043668648	0.0063008042487492704	0.035234720155201175	0.7706009601635818	True	one causal variant per trait; shared observed subset; p1=p2=1e-4; effect prior SD as given times sdY; CP sdY=1; window sensitivity is not multi-signal conditioning
R001	ENSG00000178035	IMPDH2	1e-05	0.1	gene_cis_shared_region	1844	6.80055900632231e-23	0.7771085837201744	1.429267878120604e-23	0.16326464340704044	0.05962677287278809	0.2675148907391292	0.7706009601635818	True	one causal variant per trait; shared observed subset; p1=p2=1e-4; effect prior SD as given times sdY; CP sdY=1; window sensitivity is not multi-signal conditioning
R001	ENSG00000178035	IMPDH2	0.0001	0.1	gene_cis_shared_region	1844	4.425600515468487e-23	0.5057190365512125	9.301248106622645e-24	0.10624774953768443	0.38803321391110346	0.7850458395234299	0.7706009601635818	True	one causal variant per trait; shared observed subset; p1=p2=1e-4; effect prior SD as given times sdY; CP sdY=1; window sensitivity is not multi-signal conditioning
R001	ENSG00000178035	IMPDH2	1e-06	0.15	gene_cis_shared_region	1844	1.0373518617089001e-22	0.8123314596460224	2.3327074741364622e-23	0.18261960917054554	0.0050489311834313235	0.026903449954414974	0.7706009601635818	True	one causal variant per trait; shared observed subset; p1=p2=1e-4; effect prior SD as given times sdY; CP sdY=1; window sensitivity is not multi-signal conditioning
R001	ENSG00000178035	IMPDH2	1e-05	0.15	gene_cis_shared_region	1844	9.922630509671494e-23	0.7770232283741265	2.2313156420112105e-23	0.17468199291943223	0.048294778706442366	0.21659107517923254	0.7706009601635818	True	one causal variant per trait; shared observed subset; p1=p2=1e-4; effect prior SD as given times sdY; CP sdY=1; window sensitivity is not multi-signal conditioning
R001	ENSG00000178035	IMPDH2	0.0001	0.15	gene_cis_shared_region	1844	6.916397520420882e-23	0.5416105663511358	1.555299873218154e-23	0.12175905386304037	0.3366303797858268	0.7343763949927573	0.7706009601635818	True	one causal variant per trait; shared observed subset; p1=p2=1e-4; effect prior SD as given times sdY; CP sdY=1; window sensitivity is not multi-signal conditioning
R001	ENSG00000178035	IMPDH2	1e-06	0.2	gene_cis_shared_region	1844	1.3656832065157705e-22	0.8098554092793815	3.1374748979917404e-23	0.18601214722627937	0.004132443494339995	0.02173316358187554	0.7706009601635818	True	one causal variant per trait; shared observed subset; p1=p2=1e-4; effect prior SD as given times sdY; CP sdY=1; window sensitivity is not multi-signal conditioning
R001	ENSG00000178035	IMPDH2	1e-05	0.2	gene_cis_shared_region	1844	1.3167120627375615e-22	0.7808153321237408	3.0249702310257704e-23	0.1793420589050269	0.039842608971233505	0.181776441560805	0.7706009601635818	True	one causal variant per trait; shared observed subset; p1=p2=1e-4; effect prior SD as given times sdY; CP sdY=1; window sensitivity is not multi-signal conditioning
R001	ENSG00000178035	IMPDH2	0.0001	0.2	gene_cis_shared_region	1844	9.691800919140413e-23	0.5747275328990514	2.2265619109218492e-23	0.13200665358244767	0.2932658135185012	0.689595109501616	0.7706009601635818	True	one causal variant per trait; shared observed subset; p1=p2=1e-4; effect prior SD as given times sdY; CP sdY=1; window sensitivity is not multi-signal conditioning
R001	ENSG00000178035	IMPDH2	1e-06	0.1	lead_250kb_shared_subset	446	8.357600987778979e-23	0.9550133700462814	3.2976016460537407e-24	0.03760752039164712	0.007379109562073162	0.16402894748204913	0.7576688045947199	True	one causal variant per trait; shared observed subset; p1=p2=1e-4; effect prior SD as given times sdY; CP sdY=1; window sensitivity is not multi-signal conditioning
R001	ENSG00000178035	IMPDH2	1e-05	0.1	lead_250kb_shared_subset	446	7.837122141385292e-23	0.895538856024964	3.0922398558565646e-24	0.03526547045916126	0.06919567351587559	0.662405856213975	0.7576688045947199	True	one causal variant per trait; shared observed subset; p1=p2=1e-4; effect prior SD as given times sdY; CP sdY=1; window sensitivity is not multi-signal conditioning
R001	ENSG00000178035	IMPDH2	0.0001	0.1	lead_250kb_shared_subset	446	4.8294985174533336e-23	0.5518611933652893	1.9055423062258997e-24	0.021731770186461427	0.42640703644825145	0.9515066094149364	0.7576688045947199	True	one causal variant per trait; shared observed subset; p1=p2=1e-4; effect prior SD as given times sdY; CP sdY=1; window sensitivity is not multi-signal conditioning
R001	ENSG00000178035	IMPDH2	1e-06	0.15	lead_250kb_shared_subset	446	1.22577950951223e-22	0.9598652682808763	4.3631754981680776e-24	0.03410622355721547	0.006028508161909192	0.15020676366042676	0.7576688045947199	True	one causal variant per trait; shared observed subset; p1=p2=1e-4; effect prior SD as given times sdY; CP sdY=1; window sensitivity is not multi-signal conditioning
R001	ENSG00000178035	IMPDH2	1e-05	0.15	lead_250kb_shared_subset	446	1.162695628724018e-22	0.9104664769916736	4.138627738274448e-24	0.032350970737011576	0.057182552271313934	0.638671978382853	0.7576688045947199	True	one causal variant per trait; shared observed subset; p1=p2=1e-4; effect prior SD as given times sdY; CP sdY=1; window sensitivity is not multi-signal conditioning
R001	ENSG00000178035	IMPDH2	0.0001	0.15	lead_250kb_shared_subset	446	7.676367641840099e-23	0.601109630955531	2.73241141248436e-24	0.02135880954676386	0.37753155949770784	0.9464544365963807	0.7576688045947199	True	one causal variant per trait; shared observed subset; p1=p2=1e-4; effect prior SD as given times sdY; CP sdY=1; window sensitivity is not multi-signal conditioning
R001	ENSG00000178035	IMPDH2	1e-06	0.2	lead_250kb_shared_subset	446	1.6257378124966527e-22	0.9640482435888477	5.231123819606272e-24	0.030970290126017087	0.004981466285137308	0.13855974735052884	0.7576688045947199	True	one causal variant per trait; shared observed subset; p1=p2=1e-4; effect prior SD as given times sdY; CP sdY=1; window sensitivity is not multi-signal conditioning
R001	ENSG00000178035	IMPDH2	1e-05	0.2	lead_250kb_shared_subset	446	1.5559783301674472e-22	0.9226814832808867	5.006659279967313e-24	0.029641372639956767	0.04767714407915529	0.6166329373901475	0.7576688045947199	True	one causal variant per trait; shared observed subset; p1=p2=1e-4; effect prior SD as given times sdY; CP sdY=1; window sensitivity is not multi-signal conditioning
R001	ENSG00000178035	IMPDH2	0.0001	0.2	lead_250kb_shared_subset	446	1.088786326939336e-22	0.6456407288192916	3.503379232206736e-24	0.020741369347107533	0.33361790183360013	0.9414679647635624	0.7576688045947199	True	one causal variant per trait; shared observed subset; p1=p2=1e-4; effect prior SD as given times sdY; CP sdY=1; window sensitivity is not multi-signal conditioning
R001	ENSG00000272434	RP13-131K19.6	1e-06	0.1	gene_cis_shared_region	1844	7.245712585565367e-23	0.8279768531053725	1.358194480313537e-23	0.1550327177328015	0.016990429161822564	0.09876827315704417	0.8521605790063482	True	one causal variant per trait; shared observed subset; p1=p2=1e-4; effect prior SD as given times sdY; CP sdY=1; window sensitivity is not multi-signal conditioning
R001	ENSG00000272434	RP13-131K19.6	1e-05	0.1	gene_cis_shared_region	1844	6.28469551934057e-23	0.7181602026549354	1.1780537337106571e-23	0.1344703388356252	0.14736945850943875	0.5228837797133753	0.8521605790063482	True	one causal variant per trait; shared observed subset; p1=p2=1e-4; effect prior SD as given times sdY; CP sdY=1; window sensitivity is not multi-signal conditioning
R001	ENSG00000272434	RP13-131K19.6	0.0001	0.1	gene_cis_shared_region	1844	2.701555104022149e-23	0.3087101602643106	5.064011561617088e-24	0.0578037598007753	0.6334860799349121	0.9163827435640072	0.8521605790063482	True	one causal variant per trait; shared observed subset; p1=p2=1e-4; effect prior SD as given times sdY; CP sdY=1; window sensitivity is not multi-signal conditioning
R001	ENSG00000272434	RP13-131K19.6	1e-06	0.15	gene_cis_shared_region	1844	1.0582800986609553e-22	0.8287199830570418	1.930388659691934e-23	0.15096206104008783	0.020317955902870673	0.1186242053539566	0.8521605790063482	True	one causal variant per trait; shared observed subset; p1=p2=1e-4; effect prior SD as given times sdY; CP sdY=1; window sensitivity is not multi-signal conditioning
R001	ENSG00000272434	RP13-131K19.6	1e-05	0.15	gene_cis_shared_region	1844	8.946778692150769e-23	0.7006060395121968	1.6319649353657898e-23	0.12762444959000646	0.17176951089779435	0.5737240344392095	0.8521605790063482	True	one causal variant per trait; shared observed subset; p1=p2=1e-4; effect prior SD as given times sdY; CP sdY=1; window sensitivity is not multi-signal conditioning
R001	ENSG00000272434	RP13-131K19.6	0.0001	0.15	gene_cis_shared_region	1844	3.5141555978294977e-23	0.27518716180885844	6.4101045867029035e-24	0.05012889995145438	0.6746839382396892	0.9308388354757112	0.8521605790063482	True	one causal variant per trait; shared observed subset; p1=p2=1e-4; effect prior SD as given times sdY; CP sdY=1; window sensitivity is not multi-signal conditioning
R001	ENSG00000272434	RP13-131K19.6	1e-06	0.2	gene_cis_shared_region	1844	1.4083925164230686e-22	0.8351821947959577	2.4294147272322858e-23	0.1438556084493689	0.020962196754672844	0.1271840547125475	0.8521605790063482	True	one causal variant per trait; shared observed subset; p1=p2=1e-4; effect prior SD as given times sdY; CP sdY=1; window sensitivity is not multi-signal conditioning
R001	ENSG00000272434	RP13-131K19.6	1e-05	0.2	gene_cis_shared_region	1844	1.184857560616019e-22	0.7026251037666069	2.0438268265892987e-23	0.12102336764834896	0.17635152858504505	0.5930276254611484	0.8521605790063482	True	one causal variant per trait; shared observed subset; p1=p2=1e-4; effect prior SD as given times sdY; CP sdY=1; window sensitivity is not multi-signal conditioning
R001	ENSG00000272434	RP13-131K19.6	0.0001	0.2	gene_cis_shared_region	1844	4.5797547885735403e-23	0.2715812254997222	7.899874218822498e-24	0.046778394799511465	0.6816403797007667	0.9357809045605624	0.8521605790063482	True	one causal variant per trait; shared observed subset; p1=p2=1e-4; effect prior SD as given times sdY; CP sdY=1; window sensitivity is not multi-signal conditioning
R001	ENSG00000272434	RP13-131K19.6	1e-06	0.1	lead_250kb_shared_subset	446	8.125406980007184e-23	0.9284808301235273	4.632148482269728e-24	0.052743264321564676	0.01877590555490774	0.2625296908134896	0.8312582314450709	True	one causal variant per trait; shared observed subset; p1=p2=1e-4; effect prior SD as given times sdY; CP sdY=1; window sensitivity is not multi-signal conditioning
R001	ENSG00000272434	RP13-131K19.6	1e-05	0.1	lead_250kb_shared_subset	446	6.950833277663329e-23	0.7942636556636059	3.9625451250454954e-24	0.04511892606991614	0.16061741826647652	0.780695403063332	0.8312582314450709	True	one causal variant per trait; shared observed subset; p1=p2=1e-4; effect prior SD as given times sdY; CP sdY=1; window sensitivity is not multi-signal conditioning
R001	ENSG00000272434	RP13-131K19.6	0.0001	0.1	lead_250kb_shared_subset	446	2.842229376496814e-23	0.3247782538627873	1.6203038844696134e-24	0.01844934729250385	0.656772398844709	0.9726766097240673	0.8312582314450709	True	one causal variant per trait; shared observed subset; p1=p2=1e-4; effect prior SD as given times sdY; CP sdY=1; window sensitivity is not multi-signal conditioning
R001	ENSG00000272434	RP13-131K19.6	1e-06	0.15	lead_250kb_shared_subset	446	1.175719838127308e-22	0.9206652820426814	7.295994582132428e-24	0.056908128163215034	0.02242658979410435	0.28268317291011785	0.8312582314450709	True	one causal variant per trait; shared observed subset; p1=p2=1e-4; effect prior SD as given times sdY; CP sdY=1; window sensitivity is not multi-signal conditioning
R001	ENSG00000272434	RP13-131K19.6	1e-05	0.15	lead_250kb_shared_subset	446	9.782670862547305e-23	0.766046904774826	6.070690592889481e-24	0.04735086277961655	0.18660223244555724	0.7976053159970268	0.8312582314450709	True	one causal variant per trait; shared observed subset; p1=p2=1e-4; effect prior SD as given times sdY; CP sdY=1; window sensitivity is not multi-signal conditioning
R001	ENSG00000272434	RP13-131K19.6	0.0001	0.15	lead_250kb_shared_subset	446	3.6510403470209923e-23	0.28590026142565755	2.2656733115468348e-24	0.017672056323237935	0.6964276822511035	0.9752526777862722	0.8312582314450709	True	one causal variant per trait; shared observed subset; p1=p2=1e-4; effect prior SD as given times sdY; CP sdY=1; window sensitivity is not multi-signal conditioning
R001	ENSG00000272434	RP13-131K19.6	1e-06	0.2	lead_250kb_shared_subset	446	1.5505959975028744e-22	0.919489807285036	9.717053912006944e-24	0.05739007505081093	0.0231201176641528	0.2871700698321104	0.8312582314450709	True	one causal variant per trait; shared observed subset; p1=p2=1e-4; effect prior SD as given times sdY; CP sdY=1; window sensitivity is not multi-signal conditioning
R001	ENSG00000272434	RP13-131K19.6	1e-05	0.2	lead_250kb_shared_subset	446	1.2835198317035443e-22	0.7611159867561995	8.043379076096383e-24	0.04750515259248505	0.19137886065131846	0.8011371629795854	0.8312582314450709	True	one causal variant per trait; shared observed subset; p1=p2=1e-4; effect prior SD as given times sdY; CP sdY=1; window sensitivity is not multi-signal conditioning
R001	ENSG00000272434	RP13-131K19.6	0.0001	0.2	lead_250kb_shared_subset	446	4.7146460361248914e-23	0.2795743689623189	2.9545071561408106e-24	0.017449670338821714	0.702975960698862	0.9757786652958368	0.8312582314450709	True	one causal variant per trait; shared observed subset; p1=p2=1e-4; effect prior SD as given times sdY; CP sdY=1; window sensitivity is not multi-signal conditioning
R001	ENSG00000198218	QRICH1	1e-06	0.1	gene_cis_shared_region	1895	7.214050606133308e-23	0.8244442898779222	1.4797665186979962e-23	0.16904726634836276	0.006508443773713538	0.03707338125993029	0.6321738147601188	True	one causal variant per trait; shared observed subset; p1=p2=1e-4; effect prior SD as given times sdY; CP sdY=1; window sensitivity is not multi-signal conditioning
R001	ENSG00000198218	QRICH1	1e-05	0.1	gene_cis_shared_region	1895	6.814863219335965e-23	0.7788239054912983	1.397884069860301e-23	0.1596930851562506	0.061483009352453155	0.27798216389083436	0.6321738147601188	True	one causal variant per trait; shared observed subset; p1=p2=1e-4; effect prior SD as given times sdY; CP sdY=1; window sensitivity is not multi-signal conditioning
R001	ENSG00000198218	QRICH1	0.0001	0.1	gene_cis_shared_region	1895	4.38721216190278e-23	0.5013843418687106	8.999174003698997e-24	0.10280579709676779	0.39580986103452453	0.7938175518152347	0.6321738147601188	True	one causal variant per trait; shared observed subset; p1=p2=1e-4; effect prior SD as given times sdY; CP sdY=1; window sensitivity is not multi-signal conditioning
R001	ENSG00000198218	QRICH1	1e-06	0.15	gene_cis_shared_region	1895	1.0483015033407007e-22	0.8209907254962271	2.2185911346686454e-23	0.17369869552178363	0.005310578981990684	0.029666501898920956	0.6321738147601188	True	one causal variant per trait; shared observed subset; p1=p2=1e-4; effect prior SD as given times sdY; CP sdY=1; window sensitivity is not multi-signal conditioning
R001	ENSG00000198218	QRICH1	1e-05	0.15	gene_cis_shared_region	1895	1.0004831979546643e-22	0.7835412082478261	2.1173900316784696e-23	0.16577542417174976	0.050683367580424674	0.23414788177535661	0.6321738147601188	True	one causal variant per trait; shared observed subset; p1=p2=1e-4; effect prior SD as given times sdY; CP sdY=1; window sensitivity is not multi-signal conditioning
R001	ENSG00000198218	QRICH1	0.0001	0.15	gene_cis_shared_region	1895	6.87074124356729e-23	0.5380908851391658	1.454101283171248e-23	0.11384499473406602	0.3480641201267694	0.7535337773787699	0.6321738147601188	True	one causal variant per trait; shared observed subset; p1=p2=1e-4; effect prior SD as given times sdY; CP sdY=1; window sensitivity is not multi-signal conditioning
R001	ENSG00000198218	QRICH1	1e-06	0.2	gene_cis_shared_region	1895	1.3875449344614145e-22	0.8229043788103351	2.912678673970241e-23	0.17269679841990576	0.004398822769758264	0.024838687372440785	0.6321738147601188	True	one causal variant per trait; shared observed subset; p1=p2=1e-4; effect prior SD as given times sdY; CP sdY=1; window sensitivity is not multi-signal conditioning
R001	ENSG00000198218	QRICH1	1e-05	0.2	gene_cis_shared_region	1895	1.3347047669822613e-22	0.7915667232752048	2.801758713741864e-23	0.16612019861042757	0.042313078114370226	0.2030053875237866	0.6321738147601188	True	one causal variant per trait; shared observed subset; p1=p2=1e-4; effect prior SD as given times sdY; CP sdY=1; window sensitivity is not multi-signal conditioning
R001	ENSG00000198218	QRICH1	0.0001	0.2	gene_cis_shared_region	1895	9.66604616999107e-23	0.5732593966159383	2.0290576428699895e-23	0.12030566978246358	0.30643493360159624	0.718082439710593	0.6321738147601188	True	one causal variant per trait; shared observed subset; p1=p2=1e-4; effect prior SD as given times sdY; CP sdY=1; window sensitivity is not multi-signal conditioning
R001	ENSG00000198218	QRICH1	1e-06	0.1	lead_250kb_shared_subset	530	8.257360082698196e-23	0.9436568137669318	4.2814749098022e-24	0.04885410013791	0.007489086095156637	0.13291910869537316	0.6234854276670815	True	one causal variant per trait; shared observed subset; p1=p2=1e-4; effect prior SD as given times sdY; CP sdY=1; window sensitivity is not multi-signal conditioning
R001	ENSG00000198218	QRICH1	1e-05	0.1	lead_250kb_shared_subset	530	7.735943744152976e-23	0.8840689944457691	4.011118409821057e-24	0.045769176413897376	0.07016182914033568	0.6052033173085319	0.6234854276670815	True	one causal variant per trait; shared observed subset; p1=p2=1e-4; effect prior SD as given times sdY; CP sdY=1; window sensitivity is not multi-signal conditioning
R001	ENSG00000198218	QRICH1	0.0001	0.1	lead_250kb_shared_subset	530	4.7417408451233223e-23	0.5418894189915803	2.458611984200399e-24	0.0280541819365563	0.43005639907186494	0.9387611133652454	0.6234854276670815	True	one causal variant per trait; shared observed subset; p1=p2=1e-4; effect prior SD as given times sdY; CP sdY=1; window sensitivity is not multi-signal conditioning
R001	ENSG00000198218	QRICH1	1e-06	0.15	lead_250kb_shared_subset	530	1.2086721031848622e-22	0.9465668263772273	6.0425461845851764e-24	0.04726023452386644	0.006172939098902681	0.11552634216494016	0.6234854276670815	True	one causal variant per trait; shared observed subset; p1=p2=1e-4; effect prior SD as given times sdY; CP sdY=1; window sensitivity is not multi-signal conditioning
R001	ENSG00000198218	QRICH1	1e-05	0.15	lead_250kb_shared_subset	530	1.145056809629242e-22	0.8967467582451598	5.724512577006341e-24	0.044772815740210276	0.058480426014631125	0.566378595196882	0.6234854276670815	True	one causal variant per trait; shared observed subset; p1=p2=1e-4; effect prior SD as given times sdY; CP sdY=1; window sensitivity is not multi-signal conditioning
R001	ENSG00000198218	QRICH1	0.0001	0.15	lead_250kb_shared_subset	530	7.502056798324592e-23	0.5875206415520048	3.7505229552174286e-24	0.029333759153201848	0.3831455992947967	0.9288842979596033	0.6234854276670815	True	one causal variant per trait; shared observed subset; p1=p2=1e-4; effect prior SD as given times sdY; CP sdY=1; window sensitivity is not multi-signal conditioning
R001	ENSG00000198218	QRICH1	1e-06	0.2	lead_250kb_shared_subset	530	1.6017563662481032e-22	0.9499254411243215	7.587396029441295e-24	0.04494594737269736	0.00512861150298092	0.10241950439771	0.6234854276670815	True	one causal variant per trait; shared observed subset; p1=p2=1e-4; effect prior SD as given times sdY; CP sdY=1; window sensitivity is not multi-signal conditioning
R001	ENSG00000198218	QRICH1	1e-05	0.2	lead_250kb_shared_subset	530	1.5310852915055604e-22	0.9080137913477777	7.252632613982603e-24	0.04296288773074287	0.04902332092147906	0.5329420751193761	0.6234854276670815	True	one causal variant per trait; shared observed subset; p1=p2=1e-4; effect prior SD as given times sdY; CP sdY=1; window sensitivity is not multi-signal conditioning
R001	ENSG00000198218	QRICH1	0.0001	0.2	lead_250kb_shared_subset	530	1.0623610786619534e-22	0.6300357766924912	5.032322268182039e-24	0.029810292088419975	0.3401539312190872	0.9194238517932524	0.6234854276670815	True	one causal variant per trait; shared observed subset; p1=p2=1e-4; effect prior SD as given times sdY; CP sdY=1; window sensitivity is not multi-signal conditioning
R001	ENSG00000172053	QARS1	1e-06	0.1	gene_cis_shared_region	1891	7.277181832141334e-23	0.8316710652087199	1.3951999841894804e-23	0.1593604267617801	0.008968508029499403	0.0532796577167197	0.6640239870729645	True	one causal variant per trait; shared observed subset; p1=p2=1e-4; effect prior SD as given times sdY; CP sdY=1; window sensitivity is not multi-signal conditioning
R001	ENSG00000172053	QARS1	1e-05	0.1	gene_cis_shared_region	1891	6.733663588489476e-23	0.7695552067507346	1.2909952710956806e-23	0.14745811330320785	0.08298667994605441	0.36011523096679937	0.6640239870729645	True	one causal variant per trait; shared observed subset; p1=p2=1e-4; effect prior SD as given times sdY; CP sdY=1; window sensitivity is not multi-signal conditioning
R001	ENSG00000172053	QARS1	0.0001	0.1	gene_cis_shared_region	1891	3.85467984509489e-23	0.44053120655160627	7.390291163508592e-24	0.08441226828100284	0.47505652516738833	0.8491206850685774	0.6640239870729645	True	one causal variant per trait; shared observed subset; p1=p2=1e-4; effect prior SD as given times sdY; CP sdY=1; window sensitivity is not multi-signal conditioning
R001	ENSG00000172053	QARS1	1e-06	0.15	gene_cis_shared_region	1891	1.0616787943479903e-22	0.8314792165942959	2.0463047375216665e-23	0.16017783495114743	0.00834294845455322	0.049506940841048806	0.6640239870729645	True	one causal variant per trait; shared observed subset; p1=p2=1e-4; effect prior SD as given times sdY; CP sdY=1; window sensitivity is not multi-signal conditioning
R001	ENSG00000172053	QARS1	1e-05	0.15	gene_cis_shared_region	1891	9.875286860239746e-23	0.7734067804602592	1.903386070633945e-23	0.14899064361233197	0.07760257592740595	0.3424752783204825	0.6640239870729645	True	one causal variant per trait; shared observed subset; p1=p2=1e-4; effect prior SD as given times sdY; CP sdY=1; window sensitivity is not multi-signal conditioning
R001	ENSG00000172053	QARS1	0.0001	0.15	gene_cis_shared_region	1891	5.814385341102667e-23	0.45536753622044834	1.1206783381768354e-23	0.08772292151520988	0.45690954226433855	0.8389318901292715	0.6640239870729645	True	one causal variant per trait; shared observed subset; p1=p2=1e-4; effect prior SD as given times sdY; CP sdY=1; window sensitivity is not multi-signal conditioning
R001	ENSG00000172053	QARS1	1e-06	0.2	gene_cis_shared_region	1891	1.4045041943200547e-22	0.8329742234400207	2.692224987674207e-23	0.15959441701445282	0.00743135954552631	0.04449229154074731	0.6640239870729645	True	one causal variant per trait; shared observed subset; p1=p2=1e-4; effect prior SD as given times sdY; CP sdY=1; window sensitivity is not multi-signal conditioning
R001	ENSG00000172053	QARS1	1e-05	0.2	gene_cis_shared_region	1891	1.316456631337971e-22	0.7807555467729188	2.5234509461848427e-23	0.14958953447975043	0.06965491874733042	0.317704360233852	0.6640239870729645	True	one causal variant per trait; shared observed subset; p1=p2=1e-4; effect prior SD as given times sdY; CP sdY=1; window sensitivity is not multi-signal conditioning
R001	ENSG00000172053	QARS1	0.0001	0.2	gene_cis_shared_region	1891	8.091838889867682e-23	0.47990552415205756	1.551084784483849e-23	0.09194791410562539	0.4281465617423163	0.8232092083736958	0.6640239870729645	True	one causal variant per trait; shared observed subset; p1=p2=1e-4; effect prior SD as given times sdY; CP sdY=1; window sensitivity is not multi-signal conditioning
R001	ENSG00000172053	QARS1	1e-06	0.1	lead_250kb_shared_subset	535	8.251519538070617e-23	0.943002892252134	4.105719752948611e-24	0.04681934500879876	0.010177762739069444	0.17856630171642546	0.6545796161739037	True	one causal variant per trait; shared observed subset; p1=p2=1e-4; effect prior SD as given times sdY; CP sdY=1; window sensitivity is not multi-signal conditioning
R001	ENSG00000172053	QARS1	1e-05	0.1	lead_250kb_shared_subset	535	7.559106413689417e-23	0.8638723059507554	3.7611948168012166e-24	0.042890574215800815	0.09323711983344321	0.6849239641106004	0.6545796161739037	True	one causal variant per trait; shared observed subset; p1=p2=1e-4; effect prior SD as given times sdY; CP sdY=1; window sensitivity is not multi-signal conditioning
R001	ENSG00000172053	QARS1	0.0001	0.1	lead_250kb_shared_subset	535	4.1101442804271116e-23	0.4697168716784734	2.045090056656899e-24	0.023321069799739347	0.5069620585217905	0.9560214750306011	0.6545796161739037	True	one causal variant per trait; shared observed subset; p1=p2=1e-4; effect prior SD as given times sdY; CP sdY=1; window sensitivity is not multi-signal conditioning
R001	ENSG00000172053	QARS1	1e-06	0.15	lead_250kb_shared_subset	535	1.2093668845878936e-22	0.9471244909586289	5.545021389515974e-24	0.04333079202848808	0.009544717012883976	0.18051300471482518	0.6545796161739037	True	one causal variant per trait; shared observed subset; p1=p2=1e-4; effect prior SD as given times sdY; CP sdY=1; window sensitivity is not multi-signal conditioning
R001	ENSG00000172053	QARS1	1e-05	0.15	lead_250kb_shared_subset	535	1.1136975343574024e-22	0.8722003419744491	5.1063715470986845e-24	0.03990302435007128	0.08789663367548126	0.6877689270334902	0.6545796161739037	True	one causal variant per trait; shared observed subset; p1=p2=1e-4; effect prior SD as given times sdY; CP sdY=1; window sensitivity is not multi-signal conditioning
R001	ENSG00000172053	QARS1	0.0001	0.15	lead_250kb_shared_subset	535	6.21805802667901e-23	0.48697174681415356	2.8510177679402746e-24	0.022278878527992093	0.4907493746578578	0.9565737785596745	0.6545796161739037	True	one causal variant per trait; shared observed subset; p1=p2=1e-4; effect prior SD as given times sdY; CP sdY=1; window sensitivity is not multi-signal conditioning
R001	ENSG00000172053	QARS1	1e-06	0.2	lead_250kb_shared_subset	535	1.6046117838693664e-22	0.9516324495886063	6.728122826808398e-24	0.03981635132066085	0.008551199090730901	0.17679619947668226	0.6545796161739037	True	one causal variant per trait; shared observed subset; p1=p2=1e-4; effect prior SD as given times sdY; CP sdY=1; window sensitivity is not multi-signal conditioning
R001	ENSG00000172053	QARS1	1e-05	0.2	lead_250kb_shared_subset	535	1.4899444771455102e-22	0.8836277576859852	6.2473238375369676e-24	0.03697103146485033	0.07940121084916218	0.6823036943372655	0.6545796161739037	True	one causal variant per trait; shared observed subset; p1=p2=1e-4; effect prior SD as given times sdY; CP sdY=1; window sensitivity is not multi-signal conditioning
R001	ENSG00000172053	QARS1	0.0001	0.2	lead_250kb_shared_subset	535	8.68969443267942e-23	0.5153517680897457	3.6435810866050565e-24	0.021562344853683444	0.4630858870565744	0.9555092881104822	0.6545796161739037	True	one causal variant per trait; shared observed subset; p1=p2=1e-4; effect prior SD as given times sdY; CP sdY=1; window sensitivity is not multi-signal conditioning
R001	ENSG00000172046	USP19	1e-06	0.1	gene_cis_shared_region	1893	7.383298191616278e-23	0.843814702472499	1.3017820421148838e-23	0.14870187751367395	0.00748342001382418	0.0479137289635514	0.7018991066974641	True	one causal variant per trait; shared observed subset; p1=p2=1e-4; effect prior SD as given times sdY; CP sdY=1; window sensitivity is not multi-signal conditioning
R001	ENSG00000172046	USP19	1e-05	0.1	gene_cis_shared_region	1893	6.917405532561328e-23	0.7905692469481687	1.2196384416031836e-23	0.1393186572612432	0.07011209579058782	0.3347745962276902	0.7018991066974641	True	one causal variant per trait; shared observed subset; p1=p2=1e-4; effect prior SD as given times sdY; CP sdY=1; window sensitivity is not multi-signal conditioning
R001	ENSG00000172046	USP19	0.0001	0.1	gene_cis_shared_region	1893	4.24118206420412e-23	0.4847118034189366	7.477816153747998e-24	0.08541870035001412	0.4298694962310529	0.8342312109674421	0.7018991066974641	True	one causal variant per trait; shared observed subset; p1=p2=1e-4; effect prior SD as given times sdY; CP sdY=1; window sensitivity is not multi-signal conditioning
R001	ENSG00000172046	USP19	1e-06	0.15	gene_cis_shared_region	1893	1.0887262961391054e-22	0.8526783817080426	1.7989225329438269e-23	0.14082465150211243	0.006496966789846287	0.04410056626564298	0.7018991066974641	True	one causal variant per trait; shared observed subset; p1=p2=1e-4; effect prior SD as given times sdY; CP sdY=1; window sensitivity is not multi-signal conditioning
R001	ENSG00000172046	USP19	1e-05	0.15	gene_cis_shared_region	1893	1.0285823101519787e-22	0.805574277744688	1.6995455159681335e-23	0.1330451426424285	0.06138057961288487	0.31570194982885	0.7018991066974641	True	one causal variant per trait; shared observed subset; p1=p2=1e-4; effect prior SD as given times sdY; CP sdY=1; window sensitivity is not multi-signal conditioning
R001	ENSG00000172046	USP19	0.0001	0.15	gene_cis_shared_region	1893	6.62564804545224e-23	0.5189134195801068	1.0947680428577047e-23	0.08570148257512547	0.39538509784476855	0.8218585051773323	0.7018991066974641	True	one causal variant per trait; shared observed subset; p1=p2=1e-4; effect prior SD as given times sdY; CP sdY=1; window sensitivity is not multi-signal conditioning
R001	ENSG00000172046	USP19	1e-06	0.2	gene_cis_shared_region	1893	1.4531671572494577e-22	0.8618513571762018	2.2362456360159335e-23	0.13257256951542645	0.005576073308368275	0.04036285260855167	0.7018991066974641	True	one causal variant per trait; shared observed subset; p1=p2=1e-4; effect prior SD as given times sdY; CP sdY=1; window sensitivity is not multi-signal conditioning
R001	ENSG00000172046	USP19	1e-05	0.2	gene_cis_shared_region	1893	1.383725370317606e-22	0.8206664886540987	2.1293832615060322e-23	0.12623738909287718	0.0530961222530263	0.2960747372565132	0.7018991066974641	True	one causal variant per trait; shared observed subset; p1=p2=1e-4; effect prior SD as given times sdY; CP sdY=1; window sensitivity is not multi-signal conditioning
R001	ENSG00000172046	USP19	0.0001	0.2	gene_cis_shared_region	1893	9.363001873838301e-23	0.5553054121787868	1.440850901145555e-23	0.08541874970130588	0.35927583811990593	0.8079159224315807	0.7018991066974641	True	one causal variant per trait; shared observed subset; p1=p2=1e-4; effect prior SD as given times sdY; CP sdY=1; window sensitivity is not multi-signal conditioning
R001	ENSG00000172046	USP19	1e-06	0.1	lead_250kb_shared_subset	535	8.26762734928787e-23	0.9448437304754016	4.097498709445821e-24	0.046743038322177535	0.008413231202418813	0.15253444939141547	0.6912046118921301	True	one causal variant per trait; shared observed subset; p1=p2=1e-4; effect prior SD as given times sdY; CP sdY=1; window sensitivity is not multi-signal conditioning
R001	ENSG00000172046	USP19	1e-05	0.1	lead_250kb_shared_subset	535	7.685675095557484e-23	0.878336870025221	3.809078766470893e-24	0.04345282997719933	0.0782102999975765	0.6428430701543819	0.6912046118921301	True	one causal variant per trait; shared observed subset; p1=p2=1e-4; effect prior SD as given times sdY; CP sdY=1; window sensitivity is not multi-signal conditioning
R001	ENSG00000172046	USP19	0.0001	0.1	lead_250kb_shared_subset	535	4.5106567424438536e-23	0.5154883696822363	2.235515632245886e-24	0.025502092929769304	0.4590095373879938	0.9473653647631864	0.6912046118921301	True	one causal variant per trait; shared observed subset; p1=p2=1e-4; effect prior SD as given times sdY; CP sdY=1; window sensitivity is not multi-signal conditioning
R001	ENSG00000172046	USP19	1e-06	0.15	lead_250kb_shared_subset	535	1.2117274118894843e-22	0.9489731551211795	5.594670143615468e-24	0.043742220794491485	0.00728462408433132	0.14276062142644036	0.6912046118921301	True	one causal variant per trait; shared observed subset; p1=p2=1e-4; effect prior SD as given times sdY; CP sdY=1; window sensitivity is not multi-signal conditioning
R001	ENSG00000172046	USP19	1e-05	0.15	lead_250kb_shared_subset	535	1.1371725415326787e-22	0.8905849649573332	5.250442635717524e-24	0.04105086004086555	0.06836417500180081	0.6248151817082745	0.6912046118921301	True	one causal variant per trait; shared observed subset; p1=p2=1e-4; effect prior SD as given times sdY; CP sdY=1; window sensitivity is not multi-signal conditioning
R001	ENSG00000172046	USP19	0.0001	0.15	lead_250kb_shared_subset	535	7.040106041967859e-23	0.5513510363371434	3.250489400043114e-24	0.025414121186232454	0.4232348424766265	0.9433541070088595	0.6912046118921301	True	one causal variant per trait; shared observed subset; p1=p2=1e-4; effect prior SD as given times sdY; CP sdY=1; window sensitivity is not multi-signal conditioning
R001	ENSG00000172046	USP19	1e-06	0.2	lead_250kb_shared_subset	535	1.6071063659345893e-22	0.9531118885814469	6.866556670436388e-24	0.04066058499527019	0.00622752642328577	0.13281674682297456	0.6912046118921301	True	one causal variant per trait; shared observed subset; p1=p2=1e-4; effect prior SD as given times sdY; CP sdY=1; window sensitivity is not multi-signal conditioning
R001	ENSG00000172046	USP19	1e-05	0.2	lead_250kb_shared_subset	535	1.521812232909098e-22	0.9025272764263158	6.502127152583857e-24	0.03850260129301285	0.05897012228067192	0.6049910181907793	0.6912046118921301	True	one causal variant per trait; shared observed subset; p1=p2=1e-4; effect prior SD as given times sdY; CP sdY=1; window sensitivity is not multi-signal conditioning
R001	ENSG00000172046	USP19	0.0001	0.2	lead_250kb_shared_subset	535	9.941734589348257e-23	0.5896053696930522	4.247726560432025e-24	0.025153079649182675	0.385241550657764	0.938710017647234	0.6912046118921301	True	one causal variant per trait; shared observed subset; p1=p2=1e-4; effect prior SD as given times sdY; CP sdY=1; window sensitivity is not multi-signal conditioning
R001	ENSG00000172037	LAMB2	1e-06	0.1	gene_cis_shared_region	1892	7.375933272032595e-23	0.8429875594533167	1.319158247139429e-23	0.15070208784275052	0.006310352703934014	0.040190144691482306	0.45311926893568355	True	one causal variant per trait; shared observed subset; p1=p2=1e-4; effect prior SD as given times sdY; CP sdY=1; window sensitivity is not multi-signal conditioning
R001	ENSG00000172037	LAMB2	1e-05	0.1	gene_cis_shared_region	1892	6.979542876657154e-23	0.7976845232592006	1.2482652984289162e-23	0.14260319947422403	0.059712277266575194	0.2951443865220299	0.45311926893568355	True	one causal variant per trait; shared observed subset; p1=p2=1e-4; effect prior SD as given times sdY; CP sdY=1; window sensitivity is not multi-signal conditioning
R001	ENSG00000172037	LAMB2	0.0001	0.1	gene_cis_shared_region	1892	4.539804364250134e-23	0.5188494066134801	8.119271347271581e-24	0.09275544813891622	0.3883951452476038	0.8072215863102895	0.45311926893568355	True	one causal variant per trait; shared observed subset; p1=p2=1e-4; effect prior SD as given times sdY; CP sdY=1; window sensitivity is not multi-signal conditioning
R001	ENSG00000172037	LAMB2	1e-06	0.15	gene_cis_shared_region	1892	1.0863570439413915e-22	0.8508374582363858	1.8399289926598936e-23	0.14405258310045915	0.00510995866315759	0.03425765344797842	0.45311926893568355	True	one causal variant per trait; shared observed subset; p1=p2=1e-4; effect prior SD as given times sdY; CP sdY=1; window sensitivity is not multi-signal conditioning
R001	ENSG00000172037	LAMB2	1e-05	0.15	gene_cis_shared_region	1892	1.038592558562338e-22	0.8134281980299638	1.7590317757103422e-23	0.13771894027309423	0.04885286169694069	0.261844829610355	0.45311926893568355	True	one causal variant per trait; shared observed subset; p1=p2=1e-4; effect prior SD as given times sdY; CP sdY=1; window sensitivity is not multi-signal conditioning
R001	ENSG00000172037	LAMB2	0.0001	0.15	gene_cis_shared_region	1892	7.214072715739903e-23	0.5650079158803468	1.2218249625086094e-23	0.09565969265560745	0.3393323914640422	0.7800886587414425	0.45311926893568355	True	one causal variant per trait; shared observed subset; p1=p2=1e-4; effect prior SD as given times sdY; CP sdY=1; window sensitivity is not multi-signal conditioning
R001	ENSG00000172037	LAMB2	1e-06	0.2	gene_cis_shared_region	1892	1.4487637813827084e-22	0.8592545548303854	2.3027292418576462e-23	0.13653158131732213	0.004213863852294832	0.02993961081452097	0.45311926893568355	True	one causal variant per trait; shared observed subset; p1=p2=1e-4; effect prior SD as given times sdY; CP sdY=1; window sensitivity is not multi-signal conditioning
R001	ENSG00000172037	LAMB2	1e-05	0.2	gene_cis_shared_region	1892	1.3958273438866705e-22	0.8278582184369171	2.2185897263973993e-23	0.1315428484310391	0.04059893313204645	0.23584589844138434	0.45311926893568355	True	one causal variant per trait; shared observed subset; p1=p2=1e-4; effect prior SD as given times sdY; CP sdY=1; window sensitivity is not multi-signal conditioning
R001	ENSG00000172037	LAMB2	0.0001	0.2	gene_cis_shared_region	1892	1.0222917531415392e-22	0.6063161272668268	1.6248757346916908e-23	0.09634083307277366	0.29734303966039694	0.7552837701886986	0.45311926893568355	True	one causal variant per trait; shared observed subset; p1=p2=1e-4; effect prior SD as given times sdY; CP sdY=1; window sensitivity is not multi-signal conditioning
R001	ENSG00000172037	LAMB2	1e-06	0.1	lead_250kb_shared_subset	535	8.294542548676509e-23	0.9479196622176616	3.938713937850151e-24	0.044941149357519077	0.007139188424816354	0.1370803018723473	0.44686138374234474	True	one causal variant per trait; shared observed subset; p1=p2=1e-4; effect prior SD as given times sdY; CP sdY=1; window sensitivity is not multi-signal conditioning
R001	ENSG00000172037	LAMB2	1e-05	0.1	lead_250kb_shared_subset	535	7.793771705938254e-23	0.8906904027001922	3.700919859829917e-24	0.042227893369582575	0.06708170393022296	0.6136853998852149	0.44686138374234474	True	one causal variant per trait; shared observed subset; p1=p2=1e-4; effect prior SD as given times sdY; CP sdY=1; window sensitivity is not multi-signal conditioning
R001	ENSG00000172037	LAMB2	0.0001	0.1	lead_250kb_shared_subset	535	4.859761791137683e-23	0.5553849086286955	2.3076874208620232e-24	0.02633096149857376	0.4182841298727314	0.9407780752170097	0.44686138374234474	True	one causal variant per trait; shared observed subset; p1=p2=1e-4; effect prior SD as given times sdY; CP sdY=1; window sensitivity is not multi-signal conditioning
R001	ENSG00000172037	LAMB2	1e-06	0.15	lead_250kb_shared_subset	535	1.21700689837237e-22	0.9531078234433817	5.2575319118528864e-24	0.041116992558692285	0.005775183997925982	0.12315879581646087	0.44686138374234474	True	one causal variant per trait; shared observed subset; p1=p2=1e-4; effect prior SD as given times sdY; CP sdY=1; window sensitivity is not multi-signal conditioning
R001	ENSG00000172037	LAMB2	1e-05	0.15	lead_250kb_shared_subset	535	1.1568763350904271e-22	0.9060161345065935	4.997764809665291e-24	0.03908546099850129	0.05489840449490388	0.584125841246188	0.44686138374234474	True	one causal variant per trait; shared observed subset; p1=p2=1e-4; effect prior SD as given times sdY; CP sdY=1; window sensitivity is not multi-signal conditioning
R001	ENSG00000172037	LAMB2	0.0001	0.15	lead_250kb_shared_subset	535	7.743038978266224e-23	0.6064017416238612	3.345032355806708e-24	0.02616012090620247	0.36743813746993276	0.9335359840916699	0.44686138374234474	True	one causal variant per trait; shared observed subset; p1=p2=1e-4; effect prior SD as given times sdY; CP sdY=1; window sensitivity is not multi-signal conditioning
R001	ENSG00000172037	LAMB2	1e-06	0.2	lead_250kb_shared_subset	535	1.6145497214425397e-22	0.9575262514238465	6.369604023496999e-24	0.03772817284472165	0.004745575731433662	0.11172961865903731	0.44686138374234474	True	one causal variant per trait; shared observed subset; p1=p2=1e-4; effect prior SD as given times sdY; CP sdY=1; window sensitivity is not multi-signal conditioning
R001	ENSG00000172037	LAMB2	1e-05	0.2	lead_250kb_shared_subset	535	1.5484165686303553e-22	0.9183052667331344	6.108700323447014e-24	0.03618279893215164	0.04551193433471163	0.5570975326652057	0.44686138374234474	True	one causal variant per trait; shared observed subset; p1=p2=1e-4; effect prior SD as given times sdY; CP sdY=1; window sensitivity is not multi-signal conditioning
R001	ENSG00000172037	LAMB2	0.0001	0.2	lead_250kb_shared_subset	535	1.0984736308354095e-22	0.6514617196688204	4.333618200635633e-24	0.02566870654964975	0.3228695737815265	0.9263532644814231	0.44686138374234474	True	one causal variant per trait; shared observed subset; p1=p2=1e-4; effect prior SD as given times sdY; CP sdY=1; window sensitivity is not multi-signal conditioning
R001	ENSG00000177352	CCDC71	1e-06	0.1	gene_cis_shared_region	1902	3.003732404012601e-23	0.34329373166421695	5.724101205611795e-23	0.6541768110047648	0.002529457331014996	0.003851733191804501	0.8592892022423213	True	one causal variant per trait; shared observed subset; p1=p2=1e-4; effect prior SD as given times sdY; CP sdY=1; window sensitivity is not multi-signal conditioning
R001	ENSG00000177352	CCDC71	1e-05	0.1	gene_cis_shared_region	1902	2.936874123964442e-23	0.33565256215799777	5.596691866178778e-23	0.639615881285213	0.02473155655679014	0.03722684117985846	0.8592892022423213	True	one causal variant per trait; shared observed subset; p1=p2=1e-4; effect prior SD as given times sdY; CP sdY=1; window sensitivity is not multi-signal conditioning
R001	ENSG00000177352	CCDC71	0.0001	0.1	gene_cis_shared_region	1902	2.40218594576575e-23	0.2745435566669078	4.577756477205736e-23	0.523167223332625	0.2022892200004675	0.2788440599838833	0.8592892022423213	True	one causal variant per trait; shared observed subset; p1=p2=1e-4; effect prior SD as given times sdY; CP sdY=1; window sensitivity is not multi-signal conditioning
R001	ENSG00000177352	CCDC71	1e-06	0.15	gene_cis_shared_region	1902	8.182518847970315e-24	0.06408575075769173	1.1945067005606614e-22	0.9355377240229802	0.00037652521933047447	0.0004023073904850775	0.8592892022423213	True	one causal variant per trait; shared observed subset; p1=p2=1e-4; effect prior SD as given times sdY; CP sdY=1; window sensitivity is not multi-signal conditioning
R001	ENSG00000177352	CCDC71	1e-05	0.15	gene_cis_shared_region	1902	8.154884172006988e-24	0.06386931508684758	1.1904725142398802e-22	0.932378149039385	0.003752535873768485	0.004008559845591019	0.8592892022423213	True	one causal variant per trait; shared observed subset; p1=p2=1e-4; effect prior SD as given times sdY; CP sdY=1; window sensitivity is not multi-signal conditioning
R001	ENSG00000177352	CCDC71	0.0001	0.15	gene_cis_shared_region	1902	7.888468328481552e-24	0.06178273763272946	1.151580393593486e-22	0.9019178376699496	0.03629942469732029	0.03868978556814349	0.8592892022423213	True	one causal variant per trait; shared observed subset; p1=p2=1e-4; effect prior SD as given times sdY; CP sdY=1; window sensitivity is not multi-signal conditioning
R001	ENSG00000177352	CCDC71	1e-06	0.2	gene_cis_shared_region	1902	3.3962965030081684e-24	0.0201432853538977	1.651945083678299e-22	0.9797604087775907	9.630586850992534e-05	9.82856647001787e-05	0.8592892022423213	True	one causal variant per trait; shared observed subset; p1=p2=1e-4; effect prior SD as given times sdY; CP sdY=1; window sensitivity is not multi-signal conditioning
R001	ENSG00000177352	CCDC71	1e-05	0.2	gene_cis_shared_region	1902	3.393355302741833e-24	0.020125841224330306	1.6505144955904268e-22	0.9789119341015166	0.0009622246741527386	0.00098198800890414	0.8592892022423213	True	one causal variant per trait; shared observed subset; p1=p2=1e-4; effect prior SD as given times sdY; CP sdY=1; window sensitivity is not multi-signal conditioning
R001	ENSG00000177352	CCDC71	0.0001	0.2	gene_cis_shared_region	1902	3.364221074001444e-24	0.019953047393590384	1.6363437228408105e-22	0.9705073192998286	0.009539633306577778	0.00973385334366624	0.8592892022423213	True	one causal variant per trait; shared observed subset; p1=p2=1e-4; effect prior SD as given times sdY; CP sdY=1; window sensitivity is not multi-signal conditioning
R001	ENSG00000177352	CCDC71	1e-06	0.1	lead_250kb_shared_subset	535	8.035244546162165e-23	0.918286481904863	6.563621163539475e-24	0.07494288673300611	0.006770631362129055	0.08285815517386402	0.8579939512481451	True	one causal variant per trait; shared observed subset; p1=p2=1e-4; effect prior SD as given times sdY; CP sdY=1; window sensitivity is not multi-signal conditioning
R001	ENSG00000177352	CCDC71	1e-05	0.1	lead_250kb_shared_subset	535	7.573733903502867e-23	0.8655439695924434	6.186634376895366e-24	0.07063848260190692	0.06381754780564658	0.4746350729841376	0.8579939512481451	True	one causal variant per trait; shared observed subset; p1=p2=1e-4; effect prior SD as given times sdY; CP sdY=1; window sensitivity is not multi-signal conditioning
R001	ENSG00000177352	CCDC71	0.0001	0.1	lead_250kb_shared_subset	535	4.810681077012926e-23	0.5497758501807448	3.929623790131212e-24	0.044868121311303716	0.4053560285079496	0.9003427041190118	0.8579939512481451	True	one causal variant per trait; shared observed subset; p1=p2=1e-4; effect prior SD as given times sdY; CP sdY=1; window sensitivity is not multi-signal conditioning
R001	ENSG00000177352	CCDC71	1e-06	0.15	lead_250kb_shared_subset	535	1.132077573761582e-22	0.8865948038092587	1.3821404366522352e-23	0.10819119575922877	0.005214000431510708	0.04597673304793839	0.8579939512481451	True	one causal variant per trait; shared observed subset; p1=p2=1e-4; effect prior SD as given times sdY; CP sdY=1; window sensitivity is not multi-signal conditioning
R001	ENSG00000177352	CCDC71	1e-05	0.15	lead_250kb_shared_subset	535	1.0813348503734925e-22	0.8468552701150022	1.3201892316411662e-23	0.1033417790348998	0.04980295085010081	0.3252018589702618	0.8579939512481451	True	one causal variant per trait; shared observed subset; p1=p2=1e-4; effect prior SD as given times sdY; CP sdY=1; window sensitivity is not multi-signal conditioning
R001	ENSG00000177352	CCDC71	0.0001	0.15	lead_250kb_shared_subset	535	7.466613871019345e-23	0.5847533078585694	9.115902651188556e-24	0.071357467164892	0.3438892249765362	0.8281564464802805	0.8579939512481451	True	one causal variant per trait; shared observed subset; p1=p2=1e-4; effect prior SD as given times sdY; CP sdY=1; window sensitivity is not multi-signal conditioning
R001	ENSG00000177352	CCDC71	1e-06	0.2	lead_250kb_shared_subset	535	1.4373900552945942e-22	0.8524597868998678	2.4196641336015858e-23	0.14346000791279	0.004080205187342398	0.027654868470152263	0.8579939512481451	True	one causal variant per trait; shared observed subset; p1=p2=1e-4; effect prior SD as given times sdY; CP sdY=1; window sensitivity is not multi-signal conditioning
R001	ENSG00000177352	CCDC71	1e-05	0.2	lead_250kb_shared_subset	535	1.3864760927815487e-22	0.8222647083446574	2.3339569252216707e-23	0.13837849406893918	0.03935679758640081	0.22143490592020726	0.8579939512481451	True	one causal variant per trait; shared observed subset; p1=p2=1e-4; effect prior SD as given times sdY; CP sdY=1; window sensitivity is not multi-signal conditioning
R001	ENSG00000177352	CCDC71	0.0001	0.2	lead_250kb_shared_subset	535	1.0238256152522533e-22	0.607190903113412	1.7234807706949988e-23	0.10218383682590777	0.2906252600606806	0.7398638737345479	0.8579939512481451	True	one causal variant per trait; shared observed subset; p1=p2=1e-4; effect prior SD as given times sdY; CP sdY=1; window sensitivity is not multi-signal conditioning
R001	ENSG00000185909	KLHDC8B	1e-06	0.1	gene_cis_shared_region	1908	7.408539101357364e-23	0.8467149185884213	1.2881636709246013e-23	0.14716177307661815	0.006123308334958638	0.039947190415206175	0.8243305691670013	True	one causal variant per trait; shared observed subset; p1=p2=1e-4; effect prior SD as given times sdY; CP sdY=1; window sensitivity is not multi-signal conditioning
R001	ENSG00000185909	KLHDC8B	1e-05	0.1	gene_cis_shared_region	1908	7.021581333804527e-23	0.8024898817534766	1.2208811835780305e-23	0.13947531959371595	0.05803479865281093	0.2938320282932211	0.8243305691670013	True	one causal variant per trait; shared observed subset; p1=p2=1e-4; effect prior SD as given times sdY; CP sdY=1; window sensitivity is not multi-signal conditioning
R001	ENSG00000185909	KLHDC8B	0.0001	0.1	gene_cis_shared_region	1908	4.612442032118603e-23	0.5271516322298385	8.01990808003191e-24	0.09162064725221343	0.38122772051794684	0.806236727253021	0.8243305691670013	True	one causal variant per trait; shared observed subset; p1=p2=1e-4; effect prior SD as given times sdY; CP sdY=1; window sensitivity is not multi-signal conditioning
R001	ENSG00000185909	KLHDC8B	1e-06	0.15	gene_cis_shared_region	1908	1.097591506127829e-22	0.8596371985476831	1.7299729128225854e-23	0.13544283540351149	0.004919966048805076	0.03505178008631059	0.8243305691670013	True	one causal variant per trait; shared observed subset; p1=p2=1e-4; effect prior SD as given times sdY; CP sdY=1; window sensitivity is not multi-signal conditioning
R001	ENSG00000185909	KLHDC8B	1e-05	0.15	gene_cis_shared_region	1908	1.0510512767532189e-22	0.8231867411817193	1.6566183581224795e-23	0.12969976925218427	0.04711348956609732	0.26645903073659105	0.8243305691670013	True	one causal variant per trait; shared observed subset; p1=p2=1e-4; effect prior SD as given times sdY; CP sdY=1; window sensitivity is not multi-signal conditioning
R001	ENSG00000185909	KLHDC8B	0.0001	0.15	gene_cis_shared_region	1908	7.380867115161831e-23	0.5780718868820668	1.1633381008403926e-23	0.09107992948495248	0.3308481836329823	0.7841340108581616	0.8243305691670013	True	one causal variant per trait; shared observed subset; p1=p2=1e-4; effect prior SD as given times sdY; CP sdY=1; window sensitivity is not multi-signal conditioning
R001	ENSG00000185909	KLHDC8B	1e-06	0.2	gene_cis_shared_region	1908	1.4709497417211048e-22	0.8724138309018048	2.083660549444584e-23	0.12354053563817519	0.004045633460016562	0.031709028404975435	0.8243305691670013	True	one causal variant per trait; shared observed subset; p1=p2=1e-4; effect prior SD as given times sdY; CP sdY=1; window sensitivity is not multi-signal conditioning
R001	ENSG00000185909	KLHDC8B	1e-05	0.2	gene_cis_shared_region	1908	1.4192730160957675e-22	0.8417645919152222	2.010458351262069e-23	0.11920036671009794	0.039035041374678836	0.24668967487836405	0.8243305691670013	True	one causal variant per trait; shared observed subset; p1=p2=1e-4; effect prior SD as given times sdY; CP sdY=1; window sensitivity is not multi-signal conditioning
R001	ENSG00000185909	KLHDC8B	0.0001	0.2	gene_cis_shared_region	1908	1.0502899952987043e-22	0.6229223829797654	1.4877787912179954e-23	0.08821061992423937	0.2888669970959974	0.7660677379333672	0.8243305691670013	True	one causal variant per trait; shared observed subset; p1=p2=1e-4; effect prior SD as given times sdY; CP sdY=1; window sensitivity is not multi-signal conditioning
R001	ENSG00000185909	KLHDC8B	1e-06	0.1	lead_250kb_shared_subset	535	8.28175383408026e-23	0.9464581380951276	4.088377341836385e-24	0.04665405141348748	0.006887810491385667	0.1286434622617927	0.8134365908634741	True	one causal variant per trait; shared observed subset; p1=p2=1e-4; effect prior SD as given times sdY; CP sdY=1; window sensitivity is not multi-signal conditioning
R001	ENSG00000185909	KLHDC8B	1e-05	0.1	lead_250kb_shared_subset	535	7.798332882678598e-23	0.891211664613028	3.849731361301872e-24	0.043930770044239335	0.06485756534273583	0.5961812460134489	0.8134365908634741	True	one causal variant per trait; shared observed subset; p1=p2=1e-4; effect prior SD as given times sdY; CP sdY=1; window sensitivity is not multi-signal conditioning
R001	ENSG00000185909	KLHDC8B	0.0001	0.1	lead_250kb_shared_subset	535	4.924066310381056e-23	0.562733779021792	2.4308185846117362e-24	0.027739008839237262	0.40952721213897336	0.9365626533483832	0.8134365908634741	True	one causal variant per trait; shared observed subset; p1=p2=1e-4; effect prior SD as given times sdY; CP sdY=1; window sensitivity is not multi-signal conditioning
R001	ENSG00000185909	KLHDC8B	1e-06	0.15	lead_250kb_shared_subset	535	1.2154167079101657e-22	0.951862454191721	5.451790128243756e-24	0.04264112759806644	0.005496418210211161	0.11418152126205844	0.8134365908634741	True	one causal variant per trait; shared observed subset; p1=p2=1e-4; effect prior SD as given times sdY; CP sdY=1; window sensitivity is not multi-signal conditioning
R001	ENSG00000185909	KLHDC8B	1e-05	0.15	lead_250kb_shared_subset	535	1.15812676646956e-22	0.9069954189557815	5.19481428188519e-24	0.04063119332025397	0.05237338772396353	0.5631269678970272	0.8134365908634741	True	one causal variant per trait; shared observed subset; p1=p2=1e-4; effect prior SD as given times sdY; CP sdY=1; window sensitivity is not multi-signal conditioning
R001	ENSG00000185909	KLHDC8B	0.0001	0.15	lead_250kb_shared_subset	535	7.871128623623561e-23	0.6164331755668767	3.530619667240867e-24	0.02761471006580344	0.3559521143673189	0.928005478298037	0.8134365908634741	True	one causal variant per trait; shared observed subset; p1=p2=1e-4; effect prior SD as given times sdY; CP sdY=1; window sensitivity is not multi-signal conditioning
R001	ENSG00000185909	KLHDC8B	1e-06	0.2	lead_250kb_shared_subset	535	1.613770869500296e-22	0.9570643448187006	6.49106872683621e-24	0.03845114309928154	0.004484512082015098	0.10444727262409666	0.8134365908634741	True	one causal variant per trait; shared observed subset; p1=p2=1e-4; effect prior SD as given times sdY; CP sdY=1; window sensitivity is not multi-signal conditioning
R001	ENSG00000185909	KLHDC8B	1e-05	0.2	lead_250kb_shared_subset	535	1.5511649094996616e-22	0.9199352001413609	6.239248845368457e-24	0.03695943769528097	0.043105362163360056	0.5383809394323728	0.8134365908634741	True	one causal variant per trait; shared observed subset; p1=p2=1e-4; effect prior SD as given times sdY; CP sdY=1; window sensitivity is not multi-signal conditioning
R001	ENSG00000185909	KLHDC8B	0.0001	0.2	lead_250kb_shared_subset	535	1.1175956300357418e-22	0.6628022290200375	4.495303627348371e-24	0.02662882960016657	0.3105689413797943	0.9210290461802932	0.8134365908634741	True	one causal variant per trait; shared observed subset; p1=p2=1e-4; effect prior SD as given times sdY; CP sdY=1; window sensitivity is not multi-signal conditioning
R001	ENSG00000173421	IHO1	1e-06	0.1	gene_cis_shared_region	1913	7.261831803399963e-23	0.829947880684907	1.434121270409259e-23	0.16384226348768557	0.006209855827410869	0.03651736804234928	0.6299254872213557	True	one causal variant per trait; shared observed subset; p1=p2=1e-4; effect prior SD as given times sdY; CP sdY=1; window sensitivity is not multi-signal conditioning
R001	ENSG00000173421	IHO1	1e-05	0.1	gene_cis_shared_region	1913	6.877459514978141e-23	0.7860183357978525	1.3582125342246052e-23	0.15517001281293333	0.05881165138921765	0.2748443499049414	0.6299254872213557	True	one causal variant per trait; shared observed subset; p1=p2=1e-4; effect prior SD as given times sdY; CP sdY=1; window sensitivity is not multi-signal conditioning
R001	ENSG00000173421	IHO1	0.0001	0.1	gene_cis_shared_region	1913	4.49711478960578e-23	0.5139709910497495	8.881241193476996e-24	0.10146440818802532	0.3845646007622218	0.791237958394348	0.6299254872213557	True	one causal variant per trait; shared observed subset; p1=p2=1e-4; effect prior SD as given times sdY; CP sdY=1; window sensitivity is not multi-signal conditioning
R001	ENSG00000173421	IHO1	1e-06	0.15	gene_cis_shared_region	1913	1.0642344445154774e-22	0.833511840841998	2.0624747567260067e-23	0.16148364131596046	0.00500451784204003	0.03005930191882682	0.6299254872213557	True	one causal variant per trait; shared observed subset; p1=p2=1e-4; effect prior SD as given times sdY; CP sdY=1; window sensitivity is not multi-signal conditioning
R001	ENSG00000173421	IHO1	1e-05	0.15	gene_cis_shared_region	1913	1.018366542720447e-22	0.7975879525880882	1.9735832628603783e-23	0.15452378783672394	0.04788825957518579	0.23658799062356647	0.6299254872213557	True	one causal variant per trait; shared observed subset; p1=p2=1e-4; effect prior SD as given times sdY; CP sdY=1; window sensitivity is not multi-signal conditioning
R001	ENSG00000173421	IHO1	0.0001	0.15	gene_cis_shared_region	1913	7.116495970496423e-23	0.5573662539567305	1.3791691643821586e-23	0.10798350764237168	0.33465023840090014	0.7560432104247758	0.6299254872213557	True	one causal variant per trait; shared observed subset; p1=p2=1e-4; effect prior SD as given times sdY; CP sdY=1; window sensitivity is not multi-signal conditioning
R001	ENSG00000173421	IHO1	1e-06	0.2	gene_cis_shared_region	1913	1.4178703562138985e-22	0.8409326807604538	2.6131514607493702e-23	0.1549436284922756	0.0041236907472715825	0.02592418585405036	0.6299254872213557	True	one causal variant per trait; shared observed subset; p1=p2=1e-4; effect prior SD as given times sdY; CP sdY=1; window sensitivity is not multi-signal conditioning
R001	ENSG00000173421	IHO1	1e-05	0.2	gene_cis_shared_region	1913	1.3671317010987897e-22	0.8108398072638506	2.5196395327021893e-23	0.14939895277922535	0.03976123995692196	0.2101987705858572	0.6299254872213557	True	one causal variant per trait; shared observed subset; p1=p2=1e-4; effect prior SD as given times sdY; CP sdY=1; window sensitivity is not multi-signal conditioning
R001	ENSG00000173421	IHO1	0.0001	0.2	gene_cis_shared_region	1913	1.0068347266346495e-22	0.5971492541902506	1.8556080428002228e-23	0.11002601553316246	0.2928247302765866	0.7268814401422915	0.6299254872213557	True	one causal variant per trait; shared observed subset; p1=p2=1e-4; effect prior SD as given times sdY; CP sdY=1; window sensitivity is not multi-signal conditioning
R001	ENSG00000173421	IHO1	1e-06	0.1	lead_250kb_shared_subset	535	8.2937586032469e-23	0.9478300711060997	3.947848549511552e-24	0.04504569133812321	0.007124237555780241	0.13655831447017316	0.6234237208908877	True	one causal variant per trait; shared observed subset; p1=p2=1e-4; effect prior SD as given times sdY; CP sdY=1; window sensitivity is not multi-signal conditioning
R001	ENSG00000173421	IHO1	1e-05	0.1	lead_250kb_shared_subset	535	7.794020519957649e-23	0.8907188377464694	3.709972049648536e-24	0.04233147592305916	0.06694968633047277	0.6126370268203198	0.6234237208908877	True	one causal variant per trait; shared observed subset; p1=p2=1e-4; effect prior SD as given times sdY; CP sdY=1; window sensitivity is not multi-signal conditioning
R001	ENSG00000173421	IHO1	0.0001	0.1	lead_250kb_shared_subset	535	4.863520170852882e-23	0.555814425025677	2.3150470095072456e-24	0.026415119961076265	0.4177704550132472	0.9405313421927238	0.6234237208908877	True	one causal variant per trait; shared observed subset; p1=p2=1e-4; effect prior SD as given times sdY; CP sdY=1; window sensitivity is not multi-signal conditioning
R001	ENSG00000173421	IHO1	1e-06	0.15	lead_250kb_shared_subset	535	1.2178183593538587e-22	0.9537433250259202	5.177740857906359e-24	0.04049221029680253	0.005764464677275818	0.12461908860734482	0.6234237208908877	True	one causal variant per trait; shared observed subset; p1=p2=1e-4; effect prior SD as given times sdY; CP sdY=1; window sensitivity is not multi-signal conditioning
R001	ENSG00000173421	IHO1	1e-05	0.15	lead_250kb_shared_subset	535	1.1577538773739524e-22	0.9067033881425005	4.922367533906425e-24	0.03849507860879834	0.0548015332487039	0.5873903902577482	0.6234237208908877	True	one causal variant per trait; shared observed subset; p1=p2=1e-4; effect prior SD as given times sdY; CP sdY=1; window sensitivity is not multi-signal conditioning
R001	ENSG00000173421	IHO1	0.0001	0.15	lead_250kb_shared_subset	535	7.753436768160722e-23	0.6072160521185858	3.2964921275287065e-24	0.02578001799101635	0.3670039298903968	0.9343659074408007	0.6234237208908877	True	one causal variant per trait; shared observed subset; p1=p2=1e-4; effect prior SD as given times sdY; CP sdY=1; window sensitivity is not multi-signal conditioning
R001	ENSG00000173421	IHO1	1e-06	0.2	lead_250kb_shared_subset	535	1.6173045243057892e-22	0.9591600171877787	6.0949521669048055e-24	0.036099369800510116	0.004740613011714522	0.11607774257670632	0.6234237208908877	True	one causal variant per trait; shared observed subset; p1=p2=1e-4; effect prior SD as given times sdY; CP sdY=1; window sensitivity is not multi-signal conditioning
R001	ENSG00000173421	IHO1	1e-05	0.2	lead_250kb_shared_subset	535	1.551124975146031e-22	0.9199115166391266	5.8455488044000296e-24	0.034622195908738176	0.045466287452135455	0.5677006923363407	0.6234237208908877	True	one causal variant per trait; shared observed subset; p1=p2=1e-4; effect prior SD as given times sdY; CP sdY=1; window sensitivity is not multi-signal conditioning
R001	ENSG00000173421	IHO1	0.0001	0.2	lead_250kb_shared_subset	535	1.1007158187715908e-22	0.6527914735816335	4.148142890806535e-24	0.02456874805575828	0.32263977836260727	0.9292392145170006	0.6234237208908877	True	one causal variant per trait; shared observed subset; p1=p2=1e-4; effect prior SD as given times sdY; CP sdY=1; window sensitivity is not multi-signal conditioning
R001	ENSG00000225399	RP11-3B7.1	1e-06	0.1	gene_cis_shared_region	1929	7.400600617129863e-23	0.8458076370078731	1.2962155903042409e-23	0.1480821503209788	0.006110212671146012	0.039627206902965	0.776474348439422	True	one causal variant per trait; shared observed subset; p1=p2=1e-4; effect prior SD as given times sdY; CP sdY=1; window sensitivity is not multi-signal conditioning
R001	ENSG00000225399	RP11-3B7.1	1e-05	0.1	gene_cis_shared_region	1929	7.01484107948061e-23	0.801719544720182	1.228649786840651e-23	0.14036330359525423	0.05791715168456273	0.2920971288008644	0.776474348439422	True	one causal variant per trait; shared observed subset; p1=p2=1e-4; effect prior SD as given times sdY; CP sdY=1; window sensitivity is not multi-signal conditioning
R001	ENSG00000225399	RP11-3B7.1	0.0001	0.1	gene_cis_shared_region	1929	4.611221660315746e-23	0.5270121572570119	8.076557181879056e-24	0.09226813530319272	0.38071970743979244	0.8049249325984686	0.776474348439422	True	one causal variant per trait; shared observed subset; p1=p2=1e-4; effect prior SD as given times sdY; CP sdY=1; window sensitivity is not multi-signal conditioning
R001	ENSG00000225399	RP11-3B7.1	1e-06	0.15	gene_cis_shared_region	1929	1.0948712620938802e-22	0.8575066949353938	1.7574091432948492e-23	0.1375918348008908	0.0049014702637166134	0.0343978986345657	0.776474348439422	True	one causal variant per trait; shared observed subset; p1=p2=1e-4; effect prior SD as given times sdY; CP sdY=1; window sensitivity is not multi-signal conditioning
R001	ENSG00000225399	RP11-3B7.1	1e-05	0.15	gene_cis_shared_region	1929	1.048613529784551e-22	0.8212774901685069	1.6831595355802118e-23	0.13177865248208837	0.046943857349405614	0.2626633734814153	0.776474348439422	True	one causal variant per trait; shared observed subset; p1=p2=1e-4; effect prior SD as given times sdY; CP sdY=1; window sensitivity is not multi-signal conditioning
R001	ENSG00000225399	RP11-3B7.1	0.0001	0.15	gene_cis_shared_region	1929	7.371651492854606e-23	0.577350116557475	1.183244841950649e-23	0.09263911562304036	0.3300107678194861	0.7808135782068948	0.776474348439422	True	one causal variant per trait; shared observed subset; p1=p2=1e-4; effect prior SD as given times sdY; CP sdY=1; window sensitivity is not multi-signal conditioning
R001	ENSG00000225399	RP11-3B7.1	1e-06	0.2	gene_cis_shared_region	1929	1.4646620330671967e-22	0.8686846187857276	2.1469177500807393e-23	0.12729252018691087	0.004022861027364007	0.03063510907986988	0.776474348439422	True	one causal variant per trait; shared observed subset; p1=p2=1e-4; effect prior SD as given times sdY; CP sdY=1; window sensitivity is not multi-signal conditioning
R001	ENSG00000225399	RP11-3B7.1	1e-05	0.2	gene_cis_shared_region	1929	1.4134857234024928e-22	0.8383321742980072	2.0719029513611207e-23	0.12284483103814253	0.03882299466385101	0.24014051339698497	0.776474348439422	True	one causal variant per trait; shared observed subset; p1=p2=1e-4; effect prior SD as given times sdY; CP sdY=1; window sensitivity is not multi-signal conditioning
R001	ENSG00000225399	RP11-3B7.1	0.0001	0.2	gene_cis_shared_region	1929	1.0474866172388236e-22	0.6212597119580775	1.5354174278776328e-23	0.09103616285537633	0.2877041251865442	0.7596343306226243	0.776474348439422	True	one causal variant per trait; shared observed subset; p1=p2=1e-4; effect prior SD as given times sdY; CP sdY=1; window sensitivity is not multi-signal conditioning
R001	ENSG00000225399	RP11-3B7.1	1e-06	0.1	lead_250kb_shared_subset	535	8.291468790205363e-23	0.9475683859327297	3.991407245313238e-24	0.04554587525745524	0.006885738809813358	0.13132799613948767	0.7669096917612443	True	one causal variant per trait; shared observed subset; p1=p2=1e-4; effect prior SD as given times sdY; CP sdY=1; window sensitivity is not multi-signal conditioning
R001	ENSG00000225399	RP11-3B7.1	1e-05	0.1	lead_250kb_shared_subset	535	7.807617835901667e-23	0.8922727707163806	3.7584875716673744e-24	0.04288803311084432	0.06483919617277772	0.6018830763953876	0.7669096917612443	True	one causal variant per trait; shared observed subset; p1=p2=1e-4; effect prior SD as given times sdY; CP sdY=1; window sensitivity is not multi-signal conditioning
R001	ENSG00000225399	RP11-3B7.1	0.0001	0.1	lead_250kb_shared_subset	535	4.9304437501109943e-23	0.5634626077039212	2.3734526903182106e-24	0.027083425348199765	0.40945396694787767	0.9379585212488953	0.7669096917612443	True	one causal variant per trait; shared observed subset; p1=p2=1e-4; effect prior SD as given times sdY; CP sdY=1; window sensitivity is not multi-signal conditioning
R001	ENSG00000225399	RP11-3B7.1	1e-06	0.15	lead_250kb_shared_subset	535	1.2162968266468594e-22	0.9525517255957071	5.364570140934684e-24	0.04195812055342712	0.005490153850862284	0.11570818791180244	0.7669096917612443	True	one causal variant per trait; shared observed subset; p1=p2=1e-4; effect prior SD as given times sdY; CP sdY=1; window sensitivity is not multi-signal conditioning
R001	ENSG00000225399	RP11-3B7.1	1e-05	0.15	lead_250kb_shared_subset	535	1.1590276648690328e-22	0.9077009641041397	5.111980124633636e-24	0.039982528460095576	0.05231650743576372	0.5668153185781081	0.7669096917612443	True	one causal variant per trait; shared observed subset; p1=p2=1e-4; effect prior SD as given times sdY; CP sdY=1; window sensitivity is not multi-signal conditioning
R001	ENSG00000225399	RP11-3B7.1	0.0001	0.15	lead_250kb_shared_subset	535	7.87999316132589e-23	0.6171274082985563	3.47553122707375e-24	0.027183307214126953	0.3556892844873196	0.9290016893261356	0.7669096917612443	True	one causal variant per trait; shared observed subset; p1=p2=1e-4; effect prior SD as given times sdY; CP sdY=1; window sensitivity is not multi-signal conditioning
R001	ENSG00000225399	RP11-3B7.1	1e-06	0.2	lead_250kb_shared_subset	535	1.613805453571594e-22	0.9570848552778765	6.489120777141118e-24	0.0384396810561662	0.004475463665959049	0.1042863468115415	0.7669096917612443	True	one causal variant per trait; shared observed subset; p1=p2=1e-4; effect prior SD as given times sdY; CP sdY=1; window sensitivity is not multi-signal conditioning
R001	ENSG00000225399	RP11-3B7.1	1e-05	0.2	lead_250kb_shared_subset	535	1.551319583691665e-22	0.9200269313511799	6.237864744006393e-24	0.03695131273804847	0.04302175591077055	0.5379530464147804	0.7669096917612443	True	one causal variant per trait; shared observed subset; p1=p2=1e-4; effect prior SD as given times sdY; CP sdY=1; window sensitivity is not multi-signal conditioning
R001	ENSG00000225399	RP11-3B7.1	0.0001	0.2	lead_250kb_shared_subset	535	1.1183133484952051e-22	0.6632278797491172	4.4967442444899085e-24	0.02663741676040993	0.31013470349047023	0.9209037353194016	0.7669096917612443	True	one causal variant per trait; shared observed subset; p1=p2=1e-4; effect prior SD as given times sdY; CP sdY=1; window sensitivity is not multi-signal conditioning
R001	ENSG00000188315	C3orf62	1e-06	0.1	gene_cis_shared_region	1926	6.195470283115851e-23	0.7080744322542599	2.5070557547617437e-23	0.28647451781685196	0.005451049928888029	0.01867273898268397	0.833268475752868	True	one causal variant per trait; shared observed subset; p1=p2=1e-4; effect prior SD as given times sdY; CP sdY=1; window sensitivity is not multi-signal conditioning
R001	ENSG00000188315	C3orf62	1e-05	0.1	gene_cis_shared_region	1926	5.90573802742596e-23	0.6749612070948312	2.3898128521612766e-23	0.27307748668735926	0.051961306217808485	0.1598618606517178	0.833268475752868	True	one causal variant per trait; shared observed subset; p1=p2=1e-4; effect prior SD as given times sdY; CP sdY=1; window sensitivity is not multi-signal conditioning
R001	ENSG00000188315	C3orf62	0.0001	0.1	gene_cis_shared_region	1926	4.0239368797415084e-23	0.4598919357768257	1.6283241868897074e-23	0.18606422509860673	0.35404383912456505	0.6555055600470996	0.833268475752868	True	one causal variant per trait; shared observed subset; p1=p2=1e-4; effect prior SD as given times sdY; CP sdY=1; window sensitivity is not multi-signal conditioning
R001	ENSG00000188315	C3orf62	1e-06	0.15	gene_cis_shared_region	1926	6.701514909304493e-23	0.5248648037348174	6.024934787990131e-23	0.47184189797855697	0.0032932982866227343	0.006931286742194316	0.833268475752868	True	one causal variant per trait; shared observed subset; p1=p2=1e-4; effect prior SD as given times sdY; CP sdY=1; window sensitivity is not multi-signal conditioning
R001	ENSG00000188315	C3orf62	1e-05	0.15	gene_cis_shared_region	1926	6.508601998999992e-23	0.5097558025350583	5.851498226246118e-23	0.45825923868815327	0.0319849587767917	0.06524291147592581	0.833268475752868	True	one causal variant per trait; shared observed subset; p1=p2=1e-4; effect prior SD as given times sdY; CP sdY=1; window sensitivity is not multi-signal conditioning
R001	ENSG00000188315	C3orf62	0.0001	0.15	gene_cis_shared_region	1926	5.053793583956569e-23	0.3958147394220951	4.5435662215756126e-23	0.3558287325952397	0.24835652798266336	0.4110602230599111	0.833268475752868	True	one causal variant per trait; shared observed subset; p1=p2=1e-4; effect prior SD as given times sdY; CP sdY=1; window sensitivity is not multi-signal conditioning
R001	ENSG00000188315	C3orf62	1e-06	0.2	gene_cis_shared_region	1926	6.641270551404712e-23	0.39389083945314496	1.018529728578931e-22	0.6040650675471171	0.0020440929997371715	0.0033724832633991453	0.833268475752868	True	one causal variant per trait; shared observed subset; p1=p2=1e-4; effect prior SD as given times sdY; CP sdY=1; window sensitivity is not multi-signal conditioning
R001	ENSG00000188315	C3orf62	1e-05	0.2	gene_cis_shared_region	1926	6.521299271690638e-23	0.3867753955465796	1.0001304909603706e-22	0.5931529297832268	0.02007167467019458	0.032731358990536336	0.833268475752868	True	one causal variant per trait; shared observed subset; p1=p2=1e-4; effect prior SD as given times sdY; CP sdY=1; window sensitivity is not multi-signal conditioning
R001	ENSG00000188315	C3orf62	0.0001	0.2	gene_cis_shared_region	1926	5.523505265192229e-23	0.32759667126800823	8.471051246919309e-23	0.5023973282355553	0.17000600049643774	0.25283337132942546	0.833268475752868	True	one causal variant per trait; shared observed subset; p1=p2=1e-4; effect prior SD as given times sdY; CP sdY=1; window sensitivity is not multi-signal conditioning
R001	ENSG00000188315	C3orf62	1e-06	0.1	lead_250kb_shared_subset	535	8.180337929631939e-23	0.9348680920710115	5.074260152406086e-24	0.05791768592839341	0.0072142220005925245	0.11076325306573659	0.8268968936101062	True	one causal variant per trait; shared observed subset; p1=p2=1e-4; effect prior SD as given times sdY; CP sdY=1; window sensitivity is not multi-signal conditioning
R001	ENSG00000188315	C3orf62	1e-05	0.1	lead_250kb_shared_subset	535	7.681587811527345e-23	0.877869765676247	4.764885665425713e-24	0.054386480622987315	0.0677437537007682	0.5546845469991158	0.8268968936101062	True	one causal variant per trait; shared observed subset; p1=p2=1e-4; effect prior SD as given times sdY; CP sdY=1; window sensitivity is not multi-signal conditioning
R001	ENSG00000188315	C3orf62	0.0001	0.1	lead_250kb_shared_subset	535	4.772080187665543e-23	0.5453644505433638	2.9601193188662475e-24	0.03378684889448781	0.420848700562148	0.9256836625845282	0.8268968936101062	True	one causal variant per trait; shared observed subset; p1=p2=1e-4; effect prior SD as given times sdY; CP sdY=1; window sensitivity is not multi-signal conditioning
R001	ENSG00000188315	C3orf62	1e-06	0.15	lead_250kb_shared_subset	535	1.1843731110896728e-22	0.9275504350593685	8.514306849573044e-24	0.066622140470936	0.005827424469697875	0.08043422309675625	0.8268968936101062	True	one causal variant per trait; shared observed subset; p1=p2=1e-4; effect prior SD as given times sdY; CP sdY=1; window sensitivity is not multi-signal conditioning
R001	ENSG00000188315	C3orf62	1e-05	0.15	lead_250kb_shared_subset	535	1.125351978196766e-22	0.8813276046185924	8.0900114722512e-24	0.0633021442893887	0.05537025109201594	0.4665807150353702	0.8268968936101062	True	one causal variant per trait; shared observed subset; p1=p2=1e-4; effect prior SD as given times sdY; CP sdY=1; window sensitivity is not multi-signal conditioning
R001	ENSG00000188315	C3orf62	0.0001	0.15	lead_250kb_shared_subset	535	7.51069711551057e-23	0.5882057192839727	5.3993441168910846e-24	0.04224840243154708	0.3695458782844811	0.8974041058606119	0.8268968936101062	True	one causal variant per trait; shared observed subset; p1=p2=1e-4; effect prior SD as given times sdY; CP sdY=1; window sensitivity is not multi-signal conditioning
R001	ENSG00000188315	C3orf62	1e-06	0.2	lead_250kb_shared_subset	535	1.5561976543380079e-22	0.922919924139287	1.2199478668396269e-23	0.07230255831716065	0.004777517543551178	0.061981225241454475	0.8268968936101062	True	one causal variant per trait; shared observed subset; p1=p2=1e-4; effect prior SD as given times sdY; CP sdY=1; window sensitivity is not multi-signal conditioning
R001	ENSG00000188315	C3orf62	1e-05	0.2	lead_250kb_shared_subset	535	1.4920432875019996e-22	0.8848724799676275	1.1696554231054608e-23	0.06932187984323364	0.04580564018913688	0.397868730050449	0.8268968936101062	True	one causal variant per trait; shared observed subset; p1=p2=1e-4; effect prior SD as given times sdY; CP sdY=1; window sensitivity is not multi-signal conditioning
R001	ENSG00000188315	C3orf62	0.0001	0.2	lead_250kb_shared_subset	535	1.0565002533286586e-22	0.6265689521746559	8.282207769501477e-24	0.04908609839209978	0.32434494943324405	0.8685537834147694	0.8268968936101062	True	one causal variant per trait; shared observed subset; p1=p2=1e-4; effect prior SD as given times sdY; CP sdY=1; window sensitivity is not multi-signal conditioning
R001	ENSG00000114316	USP4	1e-06	0.1	gene_cis_shared_region	1879	6.689599105199045e-23	0.7645479474465606	1.9841990021911686e-23	0.2266845501262266	0.00876750242720943	0.03723689104481108	0.798189297762254	True	one causal variant per trait; shared observed subset; p1=p2=1e-4; effect prior SD as given times sdY; CP sdY=1; window sensitivity is not multi-signal conditioning
R001	ENSG00000114316	USP4	1e-05	0.1	gene_cis_shared_region	1879	6.200345228625455e-23	0.7086315851605308	1.8390816284219382e-23	0.21010563513229188	0.08126277970717417	0.27890044208102366	0.798189297762254	True	one causal variant per trait; shared observed subset; p1=p2=1e-4; effect prior SD as given times sdY; CP sdY=1; window sensitivity is not multi-signal conditioning
R001	ENSG00000114316	USP4	0.0001	0.1	gene_cis_shared_region	1879	3.581188926910074e-23	0.40929069147948305	1.0622148478091202e-23	0.1213525934884075	0.46935671503211013	0.7945646162367992	0.798189297762254	True	one causal variant per trait; shared observed subset; p1=p2=1e-4; effect prior SD as given times sdY; CP sdY=1; window sensitivity is not multi-signal conditioning
R001	ENSG00000114316	USP4	1e-06	0.15	gene_cis_shared_region	1879	8.844648198993248e-23	0.6927156924806253	3.827638547046499e-23	0.2997061003763827	0.0075782071429926065	0.024661874874670503	0.798189297762254	True	one causal variant per trait; shared observed subset; p1=p2=1e-4; effect prior SD as given times sdY; CP sdY=1; window sensitivity is not multi-signal conditioning
R001	ENSG00000114316	USP4	1e-05	0.15	gene_cis_shared_region	1879	8.279925297684048e-23	0.6484864131651858	3.58324723867348e-23	0.28057013309575274	0.07094345373906057	0.2018227926205282	0.798189297762254	True	one causal variant per trait; shared observed subset; p1=p2=1e-4; effect prior SD as given times sdY; CP sdY=1; window sensitivity is not multi-signal conditioning
R001	ENSG00000114316	USP4	0.0001	0.15	gene_cis_shared_region	1879	5.053384409777432e-23	0.39578269276874395	2.1869189734544337e-23	0.17123689954447205	0.43298040768678553	0.7165971621548851	0.798189297762254	True	one causal variant per trait; shared observed subset; p1=p2=1e-4; effect prior SD as given times sdY; CP sdY=1; window sensitivity is not multi-signal conditioning
R001	ENSG00000114316	USP4	1e-06	0.2	gene_cis_shared_region	1879	1.0479348964421239e-22	0.621525584384642	6.279004055432702e-23	0.3723436651859051	0.006130750429451903	0.016198586156699626	0.798189297762254	True	one causal variant per trait; shared observed subset; p1=p2=1e-4; effect prior SD as given times sdY; CP sdY=1; window sensitivity is not multi-signal conditioning
R001	ENSG00000114316	USP4	1e-05	0.2	gene_cis_shared_region	1879	9.931368300178912e-23	0.5890250918701715	5.950665641972272e-23	0.3528732639550913	0.058101644174733735	0.14137516190253568	0.798189297762254	True	one causal variant per trait; shared observed subset; p1=p2=1e-4; effect prior SD as given times sdY; CP sdY=1; window sensitivity is not multi-signal conditioning
R001	ENSG00000114316	USP4	0.0001	0.2	gene_cis_shared_region	1879	6.521289514034958e-23	0.38677481682430687	3.907418623456225e-23	0.23170913075212113	0.38151605242356923	0.6221467462373672	0.798189297762254	True	one causal variant per trait; shared observed subset; p1=p2=1e-4; effect prior SD as given times sdY; CP sdY=1; window sensitivity is not multi-signal conditioning
R001	ENSG00000114316	USP4	1e-06	0.1	lead_250kb_shared_subset	535	8.079136847117322e-23	0.9233025963983628	5.794090987022329e-24	0.06611035225037025	0.010587051351267146	0.13803663297724886	0.7926200603380791	True	one causal variant per trait; shared observed subset; p1=p2=1e-4; effect prior SD as given times sdY; CP sdY=1; window sensitivity is not multi-signal conditioning
R001	ENSG00000114316	USP4	1e-05	0.1	lead_250kb_shared_subset	535	7.376297667431367e-23	0.8429804961871156	5.290037864342821e-24	0.0603591257736237	0.09666037803926025	0.6155947235347776	0.7926200603380791	True	one causal variant per trait; shared observed subset; p1=p2=1e-4; effect prior SD as given times sdY; CP sdY=1; window sensitivity is not multi-signal conditioning
R001	ENSG00000114316	USP4	0.0001	0.1	lead_250kb_shared_subset	535	3.944663596849091e-23	0.45080535332043514	2.8289828759978797e-24	0.03227858431311938	0.5169160623664472	0.9412256027835015	0.7926200603380791	True	one causal variant per trait; shared observed subset; p1=p2=1e-4; effect prior SD as given times sdY; CP sdY=1; window sensitivity is not multi-signal conditioning
R001	ENSG00000114316	USP4	1e-06	0.15	lead_250kb_shared_subset	535	1.1612865623432682e-22	0.9094700361265989	1.029988571733473e-23	0.08056465266044838	0.009965311212952677	0.11007749022067845	0.7926200603380791	True	one causal variant per trait; shared observed subset; p1=p2=1e-4; effect prior SD as given times sdY; CP sdY=1; window sensitivity is not multi-signal conditioning
R001	ENSG00000114316	USP4	1e-05	0.15	lead_250kb_shared_subset	535	1.0657057566088815e-22	0.8346152314099601	9.452143732058961e-24	0.0739337015544108	0.09145106703562675	0.5529594279768251	0.7926200603380791	True	one causal variant per trait; shared observed subset; p1=p2=1e-4; effect prior SD as given times sdY; CP sdY=1; window sensitivity is not multi-signal conditioning
R001	ENSG00000114316	USP4	0.0001	0.15	lead_250kb_shared_subset	535	5.8456989265065e-23	0.4578101724648709	5.184769447385203e-24	0.04055473634528637	0.5016350911898457	0.9252019601148667	0.7926200603380791	True	one causal variant per trait; shared observed subset; p1=p2=1e-4; effect prior SD as given times sdY; CP sdY=1; window sensitivity is not multi-signal conditioning
R001	ENSG00000114316	USP4	1e-06	0.2	lead_250kb_shared_subset	535	1.5139930857894863e-22	0.8978900462863335	1.5734562698895088e-23	0.09322670082868155	0.008883252884983699	0.08699693381405249	0.7926200603380791	True	one causal variant per trait; shared observed subset; p1=p2=1e-4; effect prior SD as given times sdY; CP sdY=1; window sensitivity is not multi-signal conditioning
R001	ENSG00000114316	USP4	1e-05	0.2	lead_250kb_shared_subset	535	1.401911292951099e-22	0.8314187214803576	1.456972382785061e-23	0.08632507368958675	0.08225620483005729	0.4879320263339462	0.7926200603380791	True	one causal variant per trait; shared observed subset; p1=p2=1e-4; effect prior SD as given times sdY; CP sdY=1; window sensitivity is not multi-signal conditioning
R001	ENSG00000114316	USP4	0.0001	0.2	lead_250kb_shared_subset	535	8.055545513513916e-23	0.47774287755211	8.371932946450181e-24	0.04960339242293024	0.472653730024961	0.9050211279255853	0.7926200603380791	True	one causal variant per trait; shared observed subset; p1=p2=1e-4; effect prior SD as given times sdY; CP sdY=1; window sensitivity is not multi-signal conditioning
R001	ENSG00000233276	GPX1	1e-06	0.1	gene_cis_shared_region	1850	7.874255606525664e-24	0.08999412172487253	7.920115105667972e-23	0.9051337345446794	0.004872143730450342	0.005353969514664285	0.761207346337581	True	one causal variant per trait; shared observed subset; p1=p2=1e-4; effect prior SD as given times sdY; CP sdY=1; window sensitivity is not multi-signal conditioning
R001	ENSG00000233276	GPX1	1e-05	0.1	gene_cis_shared_region	1850	7.543479365268208e-24	0.08621371138427479	7.587412430534064e-23	0.8671115074912557	0.04667478112447168	0.051078443292444424	0.761207346337581	True	one causal variant per trait; shared observed subset; p1=p2=1e-4; effect prior SD as given times sdY; CP sdY=1; window sensitivity is not multi-signal conditioning
R001	ENSG00000233276	GPX1	0.0001	0.1	gene_cis_shared_region	1850	5.312036215932813e-24	0.06071075892271147	5.342973403199961e-23	0.6106105031921004	0.32867873788518887	0.34992281771291317	0.761207346337581	True	one causal variant per trait; shared observed subset; p1=p2=1e-4; effect prior SD as given times sdY; CP sdY=1; window sensitivity is not multi-signal conditioning
R001	ENSG00000233276	GPX1	1e-06	0.15	gene_cis_shared_region	1850	5.797703389125045e-25	0.00454077994696518	1.2704590649825848e-22	0.995023267540783	0.00043595251225281447	0.00043794110644692	0.761207346337581	True	one causal variant per trait; shared observed subset; p1=p2=1e-4; effect prior SD as given times sdY; CP sdY=1; window sensitivity is not multi-signal conditioning
R001	ENSG00000233276	GPX1	1e-05	0.15	gene_cis_shared_region	1850	5.7750445823785125e-25	0.0045230334966224785	1.2654938081385008e-22	0.9911344794441376	0.004342487059242022	0.0043622175151827374	0.761207346337581	True	one causal variant per trait; shared observed subset; p1=p2=1e-4; effect prior SD as given times sdY; CP sdY=1; window sensitivity is not multi-signal conditioning
R001	ENSG00000233276	GPX1	0.0001	0.15	gene_cis_shared_region	1850	5.557831288354332e-25	0.004352911345915473	1.2178955472572393e-22	0.9538555317182771	0.04179155693580644	0.0419742671997367	0.761207346337581	True	one causal variant per trait; shared observed subset; p1=p2=1e-4; effect prior SD as given times sdY; CP sdY=1; window sensitivity is not multi-signal conditioning
R001	ENSG00000233276	GPX1	1e-06	0.2	gene_cis_shared_region	1850	1.143183625793919e-25	0.0006780171874157646	1.6847861001281962e-22	0.9992384003150393	8.358249754295878e-05	8.363920636241448e-05	0.761207346337581	True	one causal variant per trait; shared observed subset; p1=p2=1e-4; effect prior SD as given times sdY; CP sdY=1; window sensitivity is not multi-signal conditioning
R001	ENSG00000233276	GPX1	1e-05	0.2	gene_cis_shared_region	1850	1.1423243209162025e-25	0.0006775075374669934	1.6835196851086986e-22	0.99848729575754	0.0008351967049907005	0.0008357629406825505	0.761207346337581	True	one causal variant per trait; shared observed subset; p1=p2=1e-4; effect prior SD as given times sdY; CP sdY=1; window sensitivity is not multi-signal conditioning
R001	ENSG00000233276	GPX1	0.0001	0.2	gene_cis_shared_region	1850	1.1338017932199143e-25	0.0006724528637226094	1.6709594665430313e-22	0.9910378915238455	0.008289655612429964	0.008295233766131263	0.761207346337581	True	one causal variant per trait; shared observed subset; p1=p2=1e-4; effect prior SD as given times sdY; CP sdY=1; window sensitivity is not multi-signal conditioning
R001	ENSG00000233276	GPX1	1e-06	0.1	lead_250kb_shared_subset	535	5.554289942673827e-23	0.6347572051647893	2.899614541275995e-23	0.331032608726947	0.034210186108263686	0.0936642326474874	0.7591669510013486	True	one causal variant per trait; shared observed subset; p1=p2=1e-4; effect prior SD as given times sdY; CP sdY=1; window sensitivity is not multi-signal conditioning
R001	ENSG00000233276	GPX1	1e-05	0.1	lead_250kb_shared_subset	535	4.2467507431627906e-23	0.485328576754821	2.217014296182304e-23	0.25310399558391133	0.26156742766127045	0.508222170199381	0.7591669510013486	True	one causal variant per trait; shared observed subset; p1=p2=1e-4; effect prior SD as given times sdY; CP sdY=1; window sensitivity is not multi-signal conditioning
R001	ENSG00000233276	GPX1	0.0001	0.1	lead_250kb_shared_subset	535	1.2661346028646633e-23	0.1446968145652673	6.609849942244327e-24	0.07546092208214414	0.7798422633525883	0.9117728971817298	0.7591669510013486	True	one causal variant per trait; shared observed subset; p1=p2=1e-4; effect prior SD as given times sdY; CP sdY=1; window sensitivity is not multi-signal conditioning
R001	ENSG00000233276	GPX1	1e-06	0.15	lead_250kb_shared_subset	535	2.6276156428938997e-23	0.20578363438972969	9.892421644444774e-23	0.774535402215526	0.019680963394746894	0.024780354884306768	0.7591669510013486	True	one causal variant per trait; shared observed subset; p1=p2=1e-4; effect prior SD as given times sdY; CP sdY=1; window sensitivity is not multi-signal conditioning
R001	ENSG00000233276	GPX1	1e-05	0.15	lead_250kb_shared_subset	535	2.232224657020788e-23	0.174818301123447	8.403857532243883e-23	0.6579870336960173	0.16719466518053228	0.2026155759491041	0.7591669510013486	True	one causal variant per trait; shared observed subset; p1=p2=1e-4; effect prior SD as given times sdY; CP sdY=1; window sensitivity is not multi-signal conditioning
R001	ENSG00000233276	GPX1	0.0001	0.15	lead_250kb_shared_subset	535	8.911958824429413e-24	0.06979465514229168	3.35516553220436e-23	0.26269548330917597	0.6675098615485352	0.71759409386176	0.7591669510013486	True	one causal variant per trait; shared observed subset; p1=p2=1e-4; effect prior SD as given times sdY; CP sdY=1; window sensitivity is not multi-signal conditioning
R001	ENSG00000233276	GPX1	1e-06	0.2	lead_250kb_shared_subset	535	1.0204143485456645e-23	0.06051678143359115	1.5717128993127187e-22	0.9320470470005733	0.007436171565833306	0.00791517231907606	0.7591669510013486	True	one causal variant per trait; shared observed subset; p1=p2=1e-4; effect prior SD as given times sdY; CP sdY=1; window sensitivity is not multi-signal conditioning
R001	ENSG00000233276	GPX1	1e-05	0.2	lead_250kb_shared_subset	535	9.564063342523155e-24	0.056720716612952825	1.4731233196310612e-22	0.8735820902979221	0.06969719308912332	0.07388818382490145	0.7591669510013486	True	one causal variant per trait; shared observed subset; p1=p2=1e-4; effect prior SD as given times sdY; CP sdY=1; window sensitivity is not multi-signal conditioning
R001	ENSG00000233276	GPX1	0.0001	0.2	lead_250kb_shared_subset	535	5.877350099738478e-24	0.03485626323282259	9.052701952595556e-23	0.5368374927750861	0.42830624399209016	0.4437745671196449	0.7591669510013486	True	one causal variant per trait; shared observed subset; p1=p2=1e-4; effect prior SD as given times sdY; CP sdY=1; window sensitivity is not multi-signal conditioning
R001	ENSG00000067560	RHOA	1e-06	0.1	gene_cis_shared_region	1830	7.464066727200932e-23	0.8530611186327349	1.2310655935206557e-23	0.14063427494063746	0.006304606426624501	0.04290631838190358	0.3736621793759943	True	one causal variant per trait; shared observed subset; p1=p2=1e-4; effect prior SD as given times sdY; CP sdY=1; window sensitivity is not multi-signal conditioning
R001	ENSG00000067560	RHOA	1e-05	0.1	gene_cis_shared_region	1830	7.06328560484448e-23	0.8072562236525839	1.1649638465376616e-23	0.13308295411078855	0.05966082223662835	0.30953436405173923	0.3736621793759943	True	one causal variant per trait; shared observed subset; p1=p2=1e-4; effect prior SD as given times sdY; CP sdY=1; window sensitivity is not multi-signal conditioning
R001	ENSG00000067560	RHOA	0.0001	0.1	gene_cis_shared_region	1830	4.5956586440424885e-23	0.525233474863541	7.579724891296778e-24	0.08658914033073728	0.38817738480572406	0.8176174272062482	0.3736621793759943	True	one causal variant per trait; shared observed subset; p1=p2=1e-4; effect prior SD as given times sdY; CP sdY=1; window sensitivity is not multi-signal conditioning
R001	ENSG00000067560	RHOA	1e-06	0.15	gene_cis_shared_region	1830	1.1033167708048125e-22	0.8641212445290233	1.670469804933211e-23	0.13078075252309665	0.005098002947876801	0.03751876391718823	0.3736621793759943	True	one causal variant per trait; shared observed subset; p1=p2=1e-4; effect prior SD as given times sdY; CP sdY=1; window sensitivity is not multi-signal conditioning
R001	ENSG00000067560	RHOA	1e-05	0.15	gene_cis_shared_region	1830	1.0549151269617231e-22	0.8262129213514178	1.5971876010471648e-23	0.12504350319212099	0.04874357545646421	0.2804787089782928	0.3736621793759943	True	one causal variant per trait; shared observed subset; p1=p2=1e-4; effect prior SD as given times sdY; CP sdY=1; window sensitivity is not multi-signal conditioning
R001	ENSG00000067560	RHOA	0.0001	0.15	gene_cis_shared_region	1830	7.3324588976055e-23	0.5742805398883671	1.1101663192728495e-23	0.0869147028168549	0.3388047572947792	0.7958404278863275	0.3736621793759943	True	one causal variant per trait; shared observed subset; p1=p2=1e-4; effect prior SD as given times sdY; CP sdY=1; window sensitivity is not multi-signal conditioning
R001	ENSG00000067560	RHOA	1e-06	0.2	gene_cis_shared_region	1830	1.4740760886679794e-22	0.8742680538145363	2.049825367241383e-23	0.12153224520569038	0.00419970097977328	0.03340201998924298	0.3736621793759943	True	one causal variant per trait; shared observed subset; p1=p2=1e-4; effect prior SD as given times sdY; CP sdY=1; window sensitivity is not multi-signal conditioning
R001	ENSG00000067560	RHOA	1e-05	0.2	gene_cis_shared_region	1830	1.4203891994545076e-22	0.8424265956233026	1.975169283851891e-23	0.11710595525065941	0.040467449126040785	0.2568164931519659	0.3736621793759943	True	one causal variant per trait; shared observed subset; p1=p2=1e-4; effect prior SD as given times sdY; CP sdY=1; window sensitivity is not multi-signal conditioning
R001	ENSG00000067560	RHOA	0.0001	0.2	gene_cis_shared_region	1830	1.0411830137104653e-22	0.6175210723918281	1.4478515524752268e-23	0.08584177594292501	0.29663715166524507	0.7755646919433284	0.3736621793759943	True	one causal variant per trait; shared observed subset; p1=p2=1e-4; effect prior SD as given times sdY; CP sdY=1; window sensitivity is not multi-signal conditioning
R001	ENSG00000067560	RHOA	1e-06	0.1	lead_250kb_shared_subset	535	8.282106322316962e-23	0.946498421272688	4.07391255576196e-24	0.046487481599217235	0.007014097128093674	0.13110075057492077	0.37143797818779084	True	one causal variant per trait; shared observed subset; p1=p2=1e-4; effect prior SD as given times sdY; CP sdY=1; window sensitivity is not multi-signal conditioning
R001	ENSG00000067560	RHOA	1e-05	0.1	lead_250kb_shared_subset	535	7.790327310572955e-23	0.8902967691668107	3.832009758015258e-24	0.04372712488926678	0.06597610594391999	0.6014053136159896	0.37143797818779084	True	one causal variant per trait; shared observed subset; p1=p2=1e-4; effect prior SD as given times sdY; CP sdY=1; window sensitivity is not multi-signal conditioning
R001	ENSG00000067560	RHOA	0.0001	0.1	lead_250kb_shared_subset	535	4.8879413081973523e-23	0.5586053295423142	2.404345548382426e-24	0.027436025665426373	0.41395864479226213	0.9378424174515348	0.37143797818779084	True	one causal variant per trait; shared observed subset; p1=p2=1e-4; effect prior SD as given times sdY; CP sdY=1; window sensitivity is not multi-signal conditioning
R001	ENSG00000067560	RHOA	1e-06	0.15	lead_250kb_shared_subset	535	1.2141323539823684e-22	0.9508566030512788	5.5631425273971685e-24	0.04351184064780692	0.005631556300916342	0.1145943636495533	0.37143797818779084	True	one causal variant per trait; shared observed subset; p1=p2=1e-4; effect prior SD as given times sdY; CP sdY=1; window sensitivity is not multi-signal conditioning
R001	ENSG00000067560	RHOA	1e-05	0.15	lead_250kb_shared_subset	535	1.1555637529747815e-22	0.9049881762550775	5.2947817725200314e-24	0.04141287044439521	0.053598953300524214	0.5641292966275717	0.37143797818779084	True	one causal variant per trait; shared observed subset; p1=p2=1e-4; effect prior SD as given times sdY; CP sdY=1; window sensitivity is not multi-signal conditioning
R001	ENSG00000067560	RHOA	0.0001	0.15	lead_250kb_shared_subset	535	7.795271831833723e-23	0.6104923956244702	3.571785901104911e-24	0.027936544532443337	0.36157105984308924	0.928277280806284	0.37143797818779084	True	one causal variant per trait; shared observed subset; p1=p2=1e-4; effect prior SD as given times sdY; CP sdY=1; window sensitivity is not multi-signal conditioning
R001	ENSG00000067560	RHOA	1e-06	0.2	lead_250kb_shared_subset	535	1.6101859562643156e-22	0.9549382730805933	6.828895478360411e-24	0.040453423433842735	0.00460830348556715	0.10226646426154098	0.37143797818779084	True	one causal variant per trait; shared observed subset; p1=p2=1e-4; effect prior SD as given times sdY; CP sdY=1; window sensitivity is not multi-signal conditioning
R001	ENSG00000067560	RHOA	1e-05	0.2	lead_250kb_shared_subset	535	1.5460633923840338e-22	0.9169096899973083	6.556947828562966e-24	0.038842443522969096	0.04424786647972452	0.5325273967360344	0.37143797818779084	True	one causal variant per trait; shared observed subset; p1=p2=1e-4; effect prior SD as given times sdY; CP sdY=1; window sensitivity is not multi-signal conditioning
R001	ENSG00000067560	RHOA	0.0001	0.2	lead_250kb_shared_subset	535	1.1057283205636668e-22	0.6557641922210654	4.68946030687699e-24	0.02777970816385086	0.3164560996150823	0.9193003530251831	0.37143797818779084	True	one causal variant per trait; shared observed subset; p1=p2=1e-4; effect prior SD as given times sdY; CP sdY=1; window sensitivity is not multi-signal conditioning
R001	ENSG00000235908	RHOA-IT1	1e-06	0.1	gene_cis_shared_region	1831	7.448248594733487e-23	0.8512532792509963	1.2398575156605414e-23	0.14163098409478161	0.007115736654223438	0.04783793967619978	0.8055253232773399	True	one causal variant per trait; shared observed subset; p1=p2=1e-4; effect prior SD as given times sdY; CP sdY=1; window sensitivity is not multi-signal conditioning
R001	ENSG00000235908	RHOA-IT1	1e-05	0.1	gene_cis_shared_region	1831	6.999959762398954e-23	0.800018773081828	1.1652340292278161e-23	0.13310661924918096	0.06687460766899066	0.3344044273533457	0.8055253232773399	True	one causal variant per trait; shared observed subset; p1=p2=1e-4; effect prior SD as given times sdY; CP sdY=1; window sensitivity is not multi-signal conditioning
R001	ENSG00000235908	RHOA-IT1	0.0001	0.1	gene_cis_shared_region	1831	4.369863561323936e-23	0.49942756866180316	7.274204277700385e-24	0.08309444410701518	0.41747798723118207	0.8340011576648837	0.8055253232773399	True	one causal variant per trait; shared observed subset; p1=p2=1e-4; effect prior SD as given times sdY; CP sdY=1; window sensitivity is not multi-signal conditioning
R001	ENSG00000235908	RHOA-IT1	1e-06	0.15	gene_cis_shared_region	1831	1.1004607208463071e-22	0.861884377012924	1.6871277653696764e-23	0.13207599307409268	0.006039629912983015	0.04372879607941369	0.8055253232773399	True	one causal variant per trait; shared observed subset; p1=p2=1e-4; effect prior SD as given times sdY; CP sdY=1; window sensitivity is not multi-signal conditioning
R001	ENSG00000235908	RHOA-IT1	1e-05	0.15	gene_cis_shared_region	1831	1.0437271873698135e-22	0.8174504910687489	1.6001489957120697e-23	0.12526690154309503	0.05728260738815349	0.3137921746463156	0.8055253232773399	True	one causal variant per trait; shared observed subset; p1=p2=1e-4; effect prior SD as given times sdY; CP sdY=1; window sensitivity is not multi-signal conditioning
R001	ENSG00000235908	RHOA-IT1	0.0001	0.15	gene_cis_shared_region	1831	6.88681790027941e-23	0.5393777936043896	1.0558252079793164e-23	0.08265477322991845	0.37796743316569126	0.8205584270964791	0.8055253232773399	True	one causal variant per trait; shared observed subset; p1=p2=1e-4; effect prior SD as given times sdY; CP sdY=1; window sensitivity is not multi-signal conditioning
R001	ENSG00000235908	RHOA-IT1	1e-06	0.2	gene_cis_shared_region	1831	1.4696136452710059e-22	0.8716213982355457	2.0791986259124668e-23	0.12326522350346193	0.005113378260991591	0.03983045609402659	0.8055253232773399	True	one causal variant per trait; shared observed subset; p1=p2=1e-4; effect prior SD as given times sdY; CP sdY=1; window sensitivity is not multi-signal conditioning
R001	ENSG00000235908	RHOA-IT1	1e-05	0.2	gene_cis_shared_region	1831	1.4049569579722877e-22	0.8332738009810341	1.9877228180903665e-23	0.11784208318592612	0.048884115833039685	0.29319996569632656	0.8055253232773399	True	one causal variant per trait; shared observed subset; p1=p2=1e-4; effect prior SD as given times sdY; CP sdY=1; window sensitivity is not multi-signal conditioning
R001	ENSG00000235908	RHOA-IT1	0.0001	0.2	gene_cis_shared_region	1831	9.756936606495083e-23	0.5786796247309319	1.3804042477843657e-23	0.08183722132540094	0.33948315394366757	0.8057601147983002	0.8055253232773399	True	one causal variant per trait; shared observed subset; p1=p2=1e-4; effect prior SD as given times sdY; CP sdY=1; window sensitivity is not multi-signal conditioning
R001	ENSG00000235908	RHOA-IT1	1e-06	0.1	lead_250kb_shared_subset	535	8.292428899351177e-23	0.9476781094445271	3.890162945476011e-24	0.04437825280312615	0.007943637752347413	0.15182245266778502	0.7987598600124608	True	one causal variant per trait; shared observed subset; p1=p2=1e-4; effect prior SD as given times sdY; CP sdY=1; window sensitivity is not multi-signal conditioning
R001	ENSG00000235908	RHOA-IT1	1e-05	0.1	lead_250kb_shared_subset	535	7.739136805651592e-23	0.8844465989073848	3.630601310753598e-24	0.04141722212005423	0.07413617897256294	0.641575049038514	0.7987598600124608	True	one causal variant per trait; shared observed subset; p1=p2=1e-4; effect prior SD as given times sdY; CP sdY=1; window sensitivity is not multi-signal conditioning
R001	ENSG00000235908	RHOA-IT1	0.0001	0.1	lead_250kb_shared_subset	535	4.6419253373608593e-23	0.530490050778365	2.1776304822439104e-24	0.024842002097932355	0.44466794712370594	0.9470895086693778	0.7987598600124608	True	one causal variant per trait; shared observed subset; p1=p2=1e-4; effect prior SD as given times sdY; CP sdY=1; window sensitivity is not multi-signal conditioning
R001	ENSG00000235908	RHOA-IT1	1e-06	0.15	lead_250kb_shared_subset	535	1.2176293467908594e-22	0.9535952984594607	5.076748645709607e-24	0.03969179803721871	0.006712903503321289	0.14465998660624452	0.7987598600124608	True	one causal variant per trait; shared observed subset; p1=p2=1e-4; effect prior SD as given times sdY; CP sdY=1; window sensitivity is not multi-signal conditioning
R001	ENSG00000235908	RHOA-IT1	1e-05	0.15	lead_250kb_shared_subset	535	1.1482561520769657e-22	0.8992651753455305	4.787506050464569e-24	0.03743039817769851	0.06330442647676773	0.6284264324071668	0.7987598600124608	True	one causal variant per trait; shared observed subset; p1=p2=1e-4; effect prior SD as given times sdY; CP sdY=1; window sensitivity is not multi-signal conditioning
R001	ENSG00000235908	RHOA-IT1	0.0001	0.15	lead_250kb_shared_subset	535	7.31494559841938e-23	0.5728752965361602	3.049872299652577e-24	0.023844969252007808	0.4032797342118301	0.9441732846200814	0.7987598600124608	True	one causal variant per trait; shared observed subset; p1=p2=1e-4; effect prior SD as given times sdY; CP sdY=1; window sensitivity is not multi-signal conditioning
R001	ENSG00000235908	RHOA-IT1	1e-06	0.2	lead_250kb_shared_subset	535	1.6166849115056694e-22	0.9587925490857105	6.003873687717382e-24	0.03555005111783531	0.005657399796457566	0.1372907003693181	0.7987598600124608	True	one causal variant per trait; shared observed subset; p1=p2=1e-4; effect prior SD as given times sdY; CP sdY=1; window sensitivity is not multi-signal conditioning
R001	ENSG00000235908	RHOA-IT1	1e-05	0.2	lead_250kb_shared_subset	535	1.5383570059924387e-22	0.9123393338320148	5.712987784361656e-24	0.03382766166202294	0.053833004505962775	0.6141067237933331	0.7987598600124608	True	one causal variant per trait; shared observed subset; p1=p2=1e-4; effect prior SD as given times sdY; CP sdY=1; window sensitivity is not multi-signal conditioning
R001	ENSG00000235908	RHOA-IT1	0.0001	0.2	lead_250kb_shared_subset	535	1.0362816253366719e-22	0.6145780752056872	3.848433259409453e-24	0.022787288042963195	0.36263463675134683	0.9408770322157355	0.7987598600124608	True	one causal variant per trait; shared observed subset; p1=p2=1e-4; effect prior SD as given times sdY; CP sdY=1; window sensitivity is not multi-signal conditioning
R001	ENSG00000145022	TCTA	1e-06	0.1	gene_cis_shared_region	1828	7.3530060189604e-23	0.8403680954497361	1.3363395915281748e-23	0.1526592601103266	0.006972644439936567	0.04367951669549302	0.8580285204677498	True	one causal variant per trait; shared observed subset; p1=p2=1e-4; effect prior SD as given times sdY; CP sdY=1; window sensitivity is not multi-signal conditioning
R001	ENSG00000145022	TCTA	1e-05	0.1	gene_cis_shared_region	1828	6.918823549952127e-23	0.7907457921880104	1.2574310170231258e-23	0.14364499107521855	0.0656092167367714	0.31353833895526617	0.8580285204677498	True	one causal variant per trait; shared observed subset; p1=p2=1e-4; effect prior SD as given times sdY; CP sdY=1; window sensitivity is not multi-signal conditioning
R001	ENSG00000145022	TCTA	0.0001	0.1	gene_cis_shared_region	1828	4.3501400296101507e-23	0.4971733848981674	7.905969796936866e-24	0.09031532907550803	0.412511286026327	0.8203847482154123	0.8580285204677498	True	one causal variant per trait; shared observed subset; p1=p2=1e-4; effect prior SD as given times sdY; CP sdY=1; window sensitivity is not multi-signal conditioning
R001	ENSG00000145022	TCTA	1e-06	0.15	gene_cis_shared_region	1828	1.0798798770372865e-22	0.8457653939281882	1.8950546883295955e-23	0.14836257253919574	0.005872033532617523	0.0380720882438241	0.8580285204677498	True	one causal variant per trait; shared observed subset; p1=p2=1e-4; effect prior SD as given times sdY; CP sdY=1; window sensitivity is not multi-signal conditioning
R001	ENSG00000145022	TCTA	1e-05	0.15	gene_cis_shared_region	1828	1.0256747104000466e-22	0.8033117330268791	1.7999313719757326e-23	0.1409154312985603	0.05577283567456334	0.2835595459396894	0.8580285204677498	True	one causal variant per trait; shared observed subset; p1=p2=1e-4; effect prior SD as given times sdY; CP sdY=1; window sensitivity is not multi-signal conditioning
R001	ENSG00000145022	TCTA	0.0001	0.15	gene_cis_shared_region	1828	6.828928660075197e-23	0.5348438896872386	1.1983919275400115e-23	0.09382130783611374	0.37133480247664535	0.7983014610449152	0.8580285204677498	True	one causal variant per trait; shared observed subset; p1=p2=1e-4; effect prior SD as given times sdY; CP sdY=1; window sensitivity is not multi-signal conditioning
R001	ENSG00000145022	TCTA	1e-06	0.2	gene_cis_shared_region	1828	1.4391441943310215e-22	0.8535501007096705	2.386493084247519e-23	0.14149228045298126	0.004957618837345859	0.03385197846751476	0.8580285204677498	True	one causal variant per trait; shared observed subset; p1=p2=1e-4; effect prior SD as given times sdY; CP sdY=1; window sensitivity is not multi-signal conditioning
R001	ENSG00000145022	TCTA	1e-05	0.2	gene_cis_shared_region	1828	1.3776743361647358e-22	0.8170925978165489	2.2845593155665367e-23	0.1354487509405601	0.04745865124288751	0.2594681826779689	0.8580285204677498	True	one causal variant per trait; shared observed subset; p1=p2=1e-4; effect prior SD as given times sdY; CP sdY=1; window sensitivity is not multi-signal conditioning
R001	ENSG00000145022	TCTA	0.0001	0.2	gene_cis_shared_region	1828	9.653475162483659e-23	0.5725433719285107	1.6008091339958824e-23	0.09491003197709137	0.332546596094397	0.7779657028473577	0.8580285204677498	True	one causal variant per trait; shared observed subset; p1=p2=1e-4; effect prior SD as given times sdY; CP sdY=1; window sensitivity is not multi-signal conditioning
R001	ENSG00000145022	TCTA	1e-06	0.1	lead_250kb_shared_subset	535	8.28463526960984e-23	0.9467874352658725	3.974873253922688e-24	0.04534712392878347	0.007865440805344287	0.1478117216233294	0.8548342340876706	True	one causal variant per trait; shared observed subset; p1=p2=1e-4; effect prior SD as given times sdY; CP sdY=1; window sensitivity is not multi-signal conditioning
R001	ENSG00000145022	TCTA	1e-05	0.1	lead_250kb_shared_subset	535	7.73694492846814e-23	0.8841961060722262	3.712097691983138e-24	0.0423492633149969	0.0734546306127736	0.6343019057596535	0.8548342340876706	True	one causal variant per trait; shared observed subset; p1=p2=1e-4; effect prior SD as given times sdY; CP sdY=1; window sensitivity is not multi-signal conditioning
R001	ENSG00000145022	TCTA	0.0001	0.1	lead_250kb_shared_subset	535	4.657747096390451e-23	0.5322981982906606	2.2347337878460842e-24	0.025494838087047878	0.44220696362229495	0.9454891172241157	0.8548342340876706	True	one causal variant per trait; shared observed subset; p1=p2=1e-4; effect prior SD as given times sdY; CP sdY=1; window sensitivity is not multi-signal conditioning
R001	ENSG00000145022	TCTA	1e-06	0.15	lead_250kb_shared_subset	535	1.215493880977118e-22	0.9519228928416331	5.3017109446734465e-24	0.04145450974031489	0.0066225974180538095	0.13774949886728002	0.8548342340876706	True	one causal variant per trait; shared observed subset; p1=p2=1e-4; effect prior SD as given times sdY; CP sdY=1; window sensitivity is not multi-signal conditioning
R001	ENSG00000145022	TCTA	1e-05	0.15	lead_250kb_shared_subset	535	1.147121562306584e-22	0.8983766130966263	5.0034862675431344e-24	0.03912266669720794	0.06250072020616311	0.6150229992392611	0.8548342340876706	True	one causal variant per trait; shared observed subset; p1=p2=1e-4; effect prior SD as given times sdY; CP sdY=1; window sensitivity is not multi-signal conditioning
R001	ENSG00000145022	TCTA	0.0001	0.15	lead_250kb_shared_subset	535	7.341547543178065e-23	0.5749586472305747	3.2022179271867793e-24	0.02503840281721577	0.4000029499522075	0.9410918428193537	0.8548342340876706	True	one causal variant per trait; shared observed subset; p1=p2=1e-4; effect prior SD as given times sdY; CP sdY=1; window sensitivity is not multi-signal conditioning
R001	ENSG00000145022	TCTA	1e-06	0.2	lead_250kb_shared_subset	535	1.6131549732806668e-22	0.9566990808750665	6.37127959990488e-24	0.03772985515019603	0.005571063974735395	0.12865925452209942	0.8548342340876706	True	one causal variant per trait; shared observed subset; p1=p2=1e-4; effect prior SD as given times sdY; CP sdY=1; window sensitivity is not multi-signal conditioning
R001	ENSG00000145022	TCTA	1e-05	0.2	lead_250kb_shared_subset	535	1.5361338725795805e-22	0.911020880411251	6.067078840655403e-24	0.03592841944123203	0.053050700147517046	0.5962151614076547	0.8548342340876706	True	one causal variant per trait; shared observed subset; p1=p2=1e-4; effect prior SD as given times sdY; CP sdY=1; window sensitivity is not multi-signal conditioning
R001	ENSG00000145022	TCTA	0.0001	0.2	lead_250kb_shared_subset	535	1.0397152668401778e-22	0.6166144335995606	4.1064353884466774e-24	0.024317754378891984	0.359067812021551	0.9365710227246993	0.8548342340876706	True	one causal variant per trait; shared observed subset; p1=p2=1e-4; effect prior SD as given times sdY; CP sdY=1; window sensitivity is not multi-signal conditioning
R001	ENSG00000173402	DAG1	1e-06	0.1	gene_cis_shared_region	1878	7.364372337157692e-23	0.8416671411938988	1.298403611691872e-23	0.1482929199517312	0.010039938854366928	0.06341033017449846	0.5652273137111282	True	one causal variant per trait; shared observed subset; p1=p2=1e-4; effect prior SD as given times sdY; CP sdY=1; window sensitivity is not multi-signal conditioning
R001	ENSG00000173402	DAG1	1e-05	0.1	gene_cis_shared_region	1878	6.754077601891895e-23	0.7719171337798113	1.1908032824054962e-23	0.13600370042556809	0.09207916579461735	0.4037092628682001	0.5652273137111282	True	one causal variant per trait; shared observed subset; p1=p2=1e-4; effect prior SD as given times sdY; CP sdY=1; window sensitivity is not multi-signal conditioning
R001	ENSG00000173402	DAG1	0.0001	0.1	gene_cis_shared_region	1878	3.6933512681074615e-23	0.4221096192500003	6.511703110883595e-24	0.07437128636090538	0.5035190943890965	0.8713055471447988	0.5652273137111282	True	one causal variant per trait; shared observed subset; p1=p2=1e-4; effect prior SD as given times sdY; CP sdY=1; window sensitivity is not multi-signal conditioning
R001	ENSG00000173402	DAG1	1e-06	0.15	gene_cis_shared_region	1878	1.085030106284547e-22	0.8497990700441654	1.7937469451399187e-23	0.14038871569213776	0.009812214263695605	0.06532725374324173	0.5652273137111282	True	one causal variant per trait; shared observed subset; p1=p2=1e-4; effect prior SD as given times sdY; CP sdY=1; window sensitivity is not multi-signal conditioning
R001	ENSG00000173402	DAG1	1e-05	0.15	gene_cis_shared_region	1878	9.969863161189648e-23	0.7808428903284901	1.6481949657678026e-23	0.12899699987298915	0.09016010979852329	0.41139486614721915	0.5652273137111282	True	one causal variant per trait; shared observed subset; p1=p2=1e-4; effect prior SD as given times sdY; CP sdY=1; window sensitivity is not multi-signal conditioning
R001	ENSG00000173402	DAG1	0.0001	0.15	gene_cis_shared_region	1878	5.503829948757902e-23	0.4310617323008287	9.098805738174645e-24	0.07121236668168666	0.49772590101748576	0.8748328760347328	0.5652273137111282	True	one causal variant per trait; shared observed subset; p1=p2=1e-4; effect prior SD as given times sdY; CP sdY=1; window sensitivity is not multi-signal conditioning
R001	ENSG00000173402	DAG1	1e-06	0.2	gene_cis_shared_region	1878	1.4482092355273547e-22	0.8589265368281265	2.2281438505525418e-23	0.1320600995037038	0.009013363668166819	0.06389127668316887	0.5652273137111282	True	one causal variant per trait; shared observed subset; p1=p2=1e-4; effect prior SD as given times sdY; CP sdY=1; window sensitivity is not multi-signal conditioning
R001	ENSG00000173402	DAG1	1e-05	0.2	gene_cis_shared_region	1878	1.3395449809581634e-22	0.7944782447136667	2.0609583467913717e-23	0.12215116375128283	0.0833705915350478	0.405653364622625	0.5652273137111282	True	one causal variant per trait; shared observed subset; p1=p2=1e-4; effect prior SD as given times sdY; CP sdY=1; window sensitivity is not multi-signal conditioning
R001	ENSG00000173402	DAG1	0.0001	0.2	gene_cis_shared_region	1878	7.653076314761131e-23	0.4539005948767806	1.1774648655886321e-23	0.0697872928057089	0.4763121123175105	0.8722077113598715	0.5652273137111282	True	one causal variant per trait; shared observed subset; p1=p2=1e-4; effect prior SD as given times sdY; CP sdY=1; window sensitivity is not multi-signal conditioning
R001	ENSG00000173402	DAG1	1e-06	0.1	lead_250kb_shared_subset	535	8.236114487014824e-23	0.9412423670986902	4.1689723021390515e-24	0.04753172847216333	0.01122590442914491	0.19105440220848252	0.5627183767279679	True	one causal variant per trait; shared observed subset; p1=p2=1e-4; effect prior SD as given times sdY; CP sdY=1; window sensitivity is not multi-signal conditioning
R001	ENSG00000173402	DAG1	1e-05	0.1	lead_250kb_shared_subset	535	7.480351125530037e-23	0.8548719679921774	3.786418547456685e-24	0.04317011609487783	0.10195791591294744	0.7025377144744159	0.5627183767279679	True	one causal variant per trait; shared observed subset; p1=p2=1e-4; effect prior SD as given times sdY; CP sdY=1; window sensitivity is not multi-signal conditioning
R001	ENSG00000173402	DAG1	0.0001	0.1	lead_250kb_shared_subset	535	3.900849112926405e-23	0.445798131938846	1.974539320969082e-24	0.022512326794245464	0.5316895412669098	0.9593788327112581	0.5627183767279679	True	one causal variant per trait; shared observed subset; p1=p2=1e-4; effect prior SD as given times sdY; CP sdY=1; window sensitivity is not multi-signal conditioning
R001	ENSG00000173402	DAG1	1e-06	0.15	lead_250kb_shared_subset	535	1.2066454509589614e-22	0.9449931803751095	5.643018235722181e-24	0.04408448529959509	0.010922334325292783	0.19856327633148535	0.5627183767279679	True	one causal variant per trait; shared observed subset; p1=p2=1e-4; effect prior SD as given times sdY; CP sdY=1; window sensitivity is not multi-signal conditioning
R001	ENSG00000173402	DAG1	1e-05	0.15	lead_250kb_shared_subset	535	1.098647311757559e-22	0.8604136504415913	5.137952337157497e-24	0.04013880069420907	0.09944754886419671	0.7124446565069448	0.5627183767279679	True	one causal variant per trait; shared observed subset; p1=p2=1e-4; effect prior SD as given times sdY; CP sdY=1; window sensitivity is not multi-signal conditioning
R001	ENSG00000173402	DAG1	0.0001	0.15	lead_250kb_shared_subset	535	5.797525665433711e-23	0.4540374484095954	2.7112805195685e-24	0.021181112875262482	0.524781438715143	0.9612040920873396	0.5627183767279679	True	one causal variant per trait; shared observed subset; p1=p2=1e-4; effect prior SD as given times sdY; CP sdY=1; window sensitivity is not multi-signal conditioning
R001	ENSG00000173402	DAG1	1e-06	0.2	lead_250kb_shared_subset	535	1.601552522069336e-22	0.949818121144828	6.794369660744404e-24	0.0401948773415937	0.009987001513580224	0.19901609388526373	0.5627183767279679	True	one causal variant per trait; shared observed subset; p1=p2=1e-4; effect prior SD as given times sdY; CP sdY=1; window sensitivity is not multi-signal conditioning
R001	ENSG00000173402	DAG1	1e-05	0.2	lead_250kb_shared_subset	535	1.469471954376621e-22	0.8714863056614732	6.2340357412887e-24	0.03687999247552816	0.09163370186299527	0.7130267504536831	0.5627183767279679	True	one causal variant per trait; shared observed subset; p1=p2=1e-4; effect prior SD as given times sdY; CP sdY=1; window sensitivity is not multi-signal conditioning
R001	ENSG00000173402	DAG1	0.0001	0.2	lead_250kb_shared_subset	535	8.053210299306414e-23	0.4776043851367521	3.4164653968702645e-24	0.020211500761051323	0.502184114102199	0.9613099723925858	0.5627183767279679	True	one causal variant per trait; shared observed subset; p1=p2=1e-4; effect prior SD as given times sdY; CP sdY=1; window sensitivity is not multi-signal conditioning
R001	ENSG00000226913	BSN-DT	1e-06	0.1	gene_cis_shared_region	1905	4.4048187428494575e-24	0.05034225632597888	8.291086370520667e-23	0.9475594274119423	0.002098316262078479	0.0022095499942542947	0.9063105716801465	True	one causal variant per trait; shared observed subset; p1=p2=1e-4; effect prior SD as given times sdY; CP sdY=1; window sensitivity is not multi-signal conditioning
R001	ENSG00000226913	BSN-DT	1e-05	0.1	gene_cis_shared_region	1905	4.323176224076178e-24	0.04940917170953352	8.137412584112322e-23	0.9299965847939886	0.020594243496479977	0.021664677255004053	0.9063105716801465	True	one causal variant per trait; shared observed subset; p1=p2=1e-4; effect prior SD as given times sdY; CP sdY=1; window sensitivity is not multi-signal conditioning
R001	ENSG00000226913	BSN-DT	0.0001	0.1	gene_cis_shared_region	1905	3.647178318735984e-24	0.04168325565868459	6.864997679738549e-23	0.7845767104448664	0.1737400338964488	0.18129708671204156	0.9063105716801465	True	one causal variant per trait; shared observed subset; p1=p2=1e-4; effect prior SD as given times sdY; CP sdY=1; window sensitivity is not multi-signal conditioning
R001	ENSG00000226913	BSN-DT	1e-06	0.15	gene_cis_shared_region	1905	3.0585974905515277e-25	0.002395503394841721	1.273541299478577e-22	0.9974399980539497	0.00016449855120853374	0.00016489355427759325	0.9063105716801465	True	one causal variant per trait; shared observed subset; p1=p2=1e-4; effect prior SD as given times sdY; CP sdY=1; window sensitivity is not multi-signal conditioning
R001	ENSG00000226913	BSN-DT	1e-05	0.15	gene_cis_shared_region	1905	3.0540759708990793e-25	0.0023919621261031102	1.2716586254648965e-22	0.9959654841411936	0.0016425537327015266	0.0016464920793963745	0.9063105716801465	True	one causal variant per trait; shared observed subset; p1=p2=1e-4; effect prior SD as given times sdY; CP sdY=1; window sensitivity is not multi-signal conditioning
R001	ENSG00000226913	BSN-DT	0.0001	0.15	gene_cis_shared_region	1905	3.009585320480726e-25	0.002357116905558362	1.2531335724222944e-22	0.9814566269268045	0.01618625616763583	0.016224499209005615	0.9063105716801465	True	one causal variant per trait; shared observed subset; p1=p2=1e-4; effect prior SD as given times sdY; CP sdY=1; window sensitivity is not multi-signal conditioning
R001	ENSG00000226913	BSN-DT	1e-06	0.2	gene_cis_shared_region	1905	7.466841296104118e-26	0.00044285507771758766	1.6852590536539604e-22	0.9995193649996387	3.777992264567999e-05	3.7796661088963935e-05	0.9063105716801465	True	one causal variant per trait; shared observed subset; p1=p2=1e-4; effect prior SD as given times sdY; CP sdY=1; window sensitivity is not multi-signal conditioning
R001	ENSG00000226913	BSN-DT	1e-05	0.2	gene_cis_shared_region	1905	7.464303288896384e-26	0.0004427045496248297	1.6846862278156365e-22	0.9991796246392854	0.00037767081109054177	0.0003778380817283441	0.9063105716801465	True	one causal variant per trait; shared observed subset; p1=p2=1e-4; effect prior SD as given times sdY; CP sdY=1; window sensitivity is not multi-signal conditioning
R001	ENSG00000226913	BSN-DT	0.0001	0.2	gene_cis_shared_region	1905	7.439017789954318e-26	0.00044120487778836527	1.6789793145000275e-22	0.9957948806968289	0.0037639144253802438	0.003765575815797865	0.9063105716801465	True	one causal variant per trait; shared observed subset; p1=p2=1e-4; effect prior SD as given times sdY; CP sdY=1; window sensitivity is not multi-signal conditioning
R001	ENSG00000226913	BSN-DT	1e-06	0.1	lead_250kb_shared_subset	535	5.855046820827747e-23	0.6691284024521902	2.652387897321687e-23	0.3028407649513762	0.028030832596436003	0.0847181589600946	0.9096136593001336	True	one causal variant per trait; shared observed subset; p1=p2=1e-4; effect prior SD as given times sdY; CP sdY=1; window sensitivity is not multi-signal conditioning
R001	ENSG00000226913	BSN-DT	1e-05	0.1	lead_250kb_shared_subset	535	4.6755186864222327e-23	0.5343291770361595	2.118051239736203e-23	0.24183199534865324	0.22383882761518456	0.48068037887906717	0.9096136593001336	True	one causal variant per trait; shared observed subset; p1=p2=1e-4; effect prior SD as given times sdY; CP sdY=1; window sensitivity is not multi-signal conditioning
R001	ENSG00000226913	BSN-DT	0.0001	0.1	lead_250kb_shared_subset	535	1.5509842403453806e-23	0.17725009529882976	7.02609552735767e-24	0.08022160507801387	0.742528299623156	0.9024957588938876	0.9096136593001336	True	one causal variant per trait; shared observed subset; p1=p2=1e-4; effect prior SD as given times sdY; CP sdY=1; window sensitivity is not multi-signal conditioning
R001	ENSG00000226913	BSN-DT	1e-06	0.15	lead_250kb_shared_subset	535	3.355674018708434e-23	0.262802056786543	9.184197448951817e-23	0.7190859982928316	0.018111944920623582	0.02456863192221262	0.9096136593001336	True	one causal variant per trait; shared observed subset; p1=p2=1e-4; effect prior SD as given times sdY; CP sdY=1; window sensitivity is not multi-signal conditioning
R001	ENSG00000226913	BSN-DT	1e-05	0.15	lead_250kb_shared_subset	535	2.885341673499934e-23	0.2259676363377992	7.896937393016464e-23	0.6182986744651624	0.15573368919703523	0.2011979040000456	0.9096136593001336	True	one causal variant per trait; shared observed subset; p1=p2=1e-4; effect prior SD as given times sdY; CP sdY=1; window sensitivity is not multi-signal conditioning
R001	ENSG00000226913	BSN-DT	0.0001	0.15	lead_250kb_shared_subset	535	1.201423145242315e-23	0.09409032935867884	3.288194062989783e-23	0.2574524691469288	0.6484572014943948	0.7158077924428495	0.9096136593001336	True	one causal variant per trait; shared observed subset; p1=p2=1e-4; effect prior SD as given times sdY; CP sdY=1; window sensitivity is not multi-signal conditioning
R001	ENSG00000226913	BSN-DT	1e-06	0.2	lead_250kb_shared_subset	535	1.804765905428571e-23	0.10703360256868284	1.490420541475077e-22	0.8838186149837236	0.009147782447590604	0.010244262800823072	0.9096136593001336	True	one causal variant per trait; shared observed subset; p1=p2=1e-4; effect prior SD as given times sdY; CP sdY=1; window sensitivity is not multi-signal conditioning
R001	ENSG00000226913	BSN-DT	1e-05	0.2	lead_250kb_shared_subset	535	1.6674820390704435e-23	0.09889183374056514	1.3770481124980987e-22	0.8165888228764542	0.08451934338297964	0.09379489227561398	0.9096136593001336	True	one causal variant per trait; shared observed subset; p1=p2=1e-4; effect prior SD as given times sdY; CP sdY=1; window sensitivity is not multi-signal conditioning
R001	ENSG00000226913	BSN-DT	0.0001	0.2	lead_250kb_shared_subset	535	9.470702432198984e-24	0.05616702959232424	7.821141459227324e-23	0.4637932865072274	0.48003968390044793	0.5086066062018384	0.9096136593001336	True	one causal variant per trait; shared observed subset; p1=p2=1e-4; effect prior SD as given times sdY; CP sdY=1; window sensitivity is not multi-signal conditioning
R001	ENSG00000164061	BSN	1e-06	0.1	gene_cis_shared_region	1905	7.413158168871021e-23	0.8472428277058023	1.2823798605604734e-23	0.14649940229615235	0.0062577699980454074	0.04096547418404326	0.44497680473097	True	one causal variant per trait; shared observed subset; p1=p2=1e-4; effect prior SD as given times sdY; CP sdY=1; window sensitivity is not multi-signal conditioning
R001	ENSG00000164061	BSN	1e-05	0.1	gene_cis_shared_region	1905	7.017909970698442e-23	0.8020702853915785	1.2140070675196199e-23	0.1386884769830975	0.05924123762532445	0.2993044159262569	0.44497680473097	True	one causal variant per trait; shared observed subset; p1=p2=1e-4; effect prior SD as given times sdY; CP sdY=1; window sensitivity is not multi-signal conditioning
R001	ENSG00000164061	BSN	0.0001	0.1	gene_cis_shared_region	1905	4.5773819985803686e-23	0.523144654359572	7.918274985309628e-24	0.0904585753598344	0.3863967702805909	0.8103018531996387	0.44497680473097	True	one causal variant per trait; shared observed subset; p1=p2=1e-4; effect prior SD as given times sdY; CP sdY=1; window sensitivity is not multi-signal conditioning
R001	ENSG00000164061	BSN	1e-06	0.15	gene_cis_shared_region	1905	1.093531456018349e-22	0.8564573545065602	1.7689246882398787e-23	0.13849224670052193	0.005050398792915731	0.0351839606658679	0.44497680473097	True	one causal variant per trait; shared observed subset; p1=p2=1e-4; effect prior SD as given times sdY; CP sdY=1; window sensitivity is not multi-signal conditioning
R001	ENSG00000164061	BSN	1e-05	0.15	gene_cis_shared_region	1905	1.0459875669103909e-22	0.8192208275971123	1.6920164669398462e-23	0.13247096584645648	0.04830820655643259	0.2672221911093369	0.44497680473097	True	one causal variant per trait; shared observed subset; p1=p2=1e-4; effect prior SD as given times sdY; CP sdY=1; window sensitivity is not multi-signal conditioning
R001	ENSG00000164061	BSN	0.0001	0.15	gene_cis_shared_region	1905	7.290260833394737e-23	0.5709755739232507	1.1792913958648664e-23	0.09232881196905553	0.3366956141076923	0.7847935773415873	0.44497680473097	True	one causal variant per trait; shared observed subset; p1=p2=1e-4; effect prior SD as given times sdY; CP sdY=1; window sensitivity is not multi-signal conditioning
R001	ENSG00000164061	BSN	1e-06	0.2	gene_cis_shared_region	1905	1.4534912398235877e-22	0.8620592703768272	2.2566734116884357e-23	0.1338009106914065	0.0041398189317673004	0.030011577748475373	0.44497680473097	True	one causal variant per trait; shared observed subset; p1=p2=1e-4; effect prior SD as given times sdY; CP sdY=1; window sensitivity is not multi-signal conditioning
R001	ENSG00000164061	BSN	1e-05	0.2	gene_cis_shared_region	1905	1.4012817648150857e-22	0.8310940600615251	2.1756135945654935e-23	0.12899477556553834	0.039911164372933225	0.2362922487360238	0.44497680473097	True	one causal variant per trait; shared observed subset; p1=p2=1e-4; effect prior SD as given times sdY; CP sdY=1; window sensitivity is not multi-signal conditioning
R001	ENSG00000164061	BSN	0.0001	0.2	gene_cis_shared_region	1905	1.0309603227028128e-22	0.6114580392548591	1.600656877045604e-23	0.09490489263704478	0.2936370681080989	0.7557409437708178	0.44497680473097	True	one causal variant per trait; shared observed subset; p1=p2=1e-4; effect prior SD as given times sdY; CP sdY=1; window sensitivity is not multi-signal conditioning
R001	ENSG00000164061	BSN	1e-06	0.1	lead_250kb_shared_subset	535	8.316294187281024e-23	0.9504054901940293	3.730835903267561e-24	0.04256658332843943	0.0070279264775331045	0.14170775162469193	0.4438342301772982	True	one causal variant per trait; shared observed subset; p1=p2=1e-4; effect prior SD as given times sdY; CP sdY=1; window sensitivity is not multi-signal conditioning
R001	ENSG00000164061	BSN	1e-05	0.1	lead_250kb_shared_subset	535	7.821569451861609e-23	0.8938671939182061	3.508893681940185e-24	0.04003435668991118	0.06609844939188493	0.6227899914465951	0.4438342301772982	True	one causal variant per trait; shared observed subset; p1=p2=1e-4; effect prior SD as given times sdY; CP sdY=1; window sensitivity is not multi-signal conditioning
R001	ENSG00000164061	BSN	0.0001	0.1	lead_250kb_shared_subset	535	4.904155678521483e-23	0.5604583455887718	2.2000905293399145e-24	0.025101703552610256	0.4144399508586174	0.9428911838031953	0.4438342301772982	True	one causal variant per trait; shared observed subset; p1=p2=1e-4; effect prior SD as given times sdY; CP sdY=1; window sensitivity is not multi-signal conditioning
R001	ENSG00000164061	BSN	1e-06	0.15	lead_250kb_shared_subset	535	1.222137020291633e-22	0.9571255158188375	4.759903978581287e-24	0.03722100012570152	0.005653484055461247	0.13186127281608553	0.4438342301772982	True	one causal variant per trait; shared observed subset; p1=p2=1e-4; effect prior SD as given times sdY; CP sdY=1; window sensitivity is not multi-signal conditioning
R001	ENSG00000164061	BSN	1e-05	0.15	lead_250kb_shared_subset	535	1.1629638424293623e-22	0.9107836102520209	4.5294399307245995e-24	0.03541884142820608	0.053797548319773646	0.6030007319478187	0.4438342301772982	True	one causal variant per trait; shared observed subset; p1=p2=1e-4; effect prior SD as given times sdY; CP sdY=1; window sensitivity is not multi-signal conditioning
R001	ENSG00000164061	BSN	0.0001	0.15	lead_250kb_shared_subset	535	7.835744051301918e-23	0.6136620069930535	3.051817322090165e-24	0.023864282439368174	0.36247371056757516	0.9382295221507265	0.4438342301772982	True	one causal variant per trait; shared observed subset; p1=p2=1e-4; effect prior SD as given times sdY; CP sdY=1; window sensitivity is not multi-signal conditioning
R001	ENSG00000164061	BSN	1e-06	0.2	lead_250kb_shared_subset	535	1.6233336521402852e-22	0.9627356569454457	5.510097664301207e-24	0.03263190842290205	0.004632434631654323	0.12431279480419842	0.4438342301772982	True	one causal variant per trait; shared observed subset; p1=p2=1e-4; effect prior SD as given times sdY; CP sdY=1; window sensitivity is not multi-signal conditioning
R001	ENSG00000164061	BSN	1e-05	0.2	lead_250kb_shared_subset	535	1.5583625387996048e-22	0.9242038323867373	5.289565563957245e-24	0.031325872896642994	0.044470294716616725	0.586709013356991	0.4438342301772982	True	one causal variant per trait; shared observed subset; p1=p2=1e-4; effect prior SD as given times sdY; CP sdY=1; window sensitivity is not multi-signal conditioning
R001	ENSG00000164061	BSN	0.0001	0.2	lead_250kb_shared_subset	535	1.112931151886384e-22	0.6600359095825583	3.777633348789363e-24	0.022371905727124615	0.31759218469031647	0.9341933270079961	0.4438342301772982	True	one causal variant per trait; shared observed subset; p1=p2=1e-4; effect prior SD as given times sdY; CP sdY=1; window sensitivity is not multi-signal conditioning
R001	ENSG00000235120	BSN-AS1	1e-06	0.1	gene_cis_shared_region	1938	7.306748787912296e-23	0.8350814003135711	1.3804765498244953e-23	0.15770118356453314	0.007217416121897495	0.04376350596973531	0.8877590173250495	True	one causal variant per trait; shared observed subset; p1=p2=1e-4; effect prior SD as given times sdY; CP sdY=1; window sensitivity is not multi-signal conditioning
R001	ENSG00000235120	BSN-AS1	1e-05	0.1	gene_cis_shared_region	1938	6.86107564607822e-23	0.7841458389349394	1.2962747606229349e-23	0.14808224304937148	0.06777191801568952	0.3139708666318564	0.8877590173250495	True	one causal variant per trait; shared observed subset; p1=p2=1e-4; effect prior SD as given times sdY; CP sdY=1; window sensitivity is not multi-signal conditioning
R001	ENSG00000235120	BSN-AS1	0.0001	0.1	gene_cis_shared_region	1938	4.261677265721777e-23	0.48706305937750677	8.051659772376047e-24	0.0919795614003056	0.4209573792221861	0.820680566915924	0.8877590173250495	True	one causal variant per trait; shared observed subset; p1=p2=1e-4; effect prior SD as given times sdY; CP sdY=1; window sensitivity is not multi-signal conditioning
R001	ENSG00000235120	BSN-AS1	1e-06	0.15	gene_cis_shared_region	1938	1.076076672084374e-22	0.8427867115732444	1.9290154759452588e-23	0.15101917151748756	0.006194116909271258	0.03939944880776996	0.8877590173250495	True	one causal variant per trait; shared observed subset; p1=p2=1e-4; effect prior SD as given times sdY; CP sdY=1; window sensitivity is not multi-signal conditioning
R001	ENSG00000235120	BSN-AS1	1e-05	0.15	gene_cis_shared_region	1938	1.0192561464972941e-22	0.7982846931281836	1.8271568667473573e-23	0.1430448431801512	0.05867046369166629	0.29085776682752773	0.8877590173250495	True	one causal variant per trait; shared observed subset; p1=p2=1e-4; effect prior SD as given times sdY; CP sdY=1; window sensitivity is not multi-signal conditioning
R001	ENSG00000235120	BSN-AS1	0.0001	0.15	gene_cis_shared_region	1938	6.670375338177786e-23	0.5224259425058266	1.1957565470483158e-23	0.09361364142677972	0.38396041606739223	0.8039808905911475	0.8877590173250495	True	one causal variant per trait; shared observed subset; p1=p2=1e-4; effect prior SD as given times sdY; CP sdY=1; window sensitivity is not multi-signal conditioning
R001	ENSG00000235120	BSN-AS1	1e-06	0.2	gene_cis_shared_region	1938	1.43723470004036e-22	0.8524175880326789	2.4000541376663516e-23	0.14229326529669084	0.0052891466706274	0.03583859756810769	0.8877590173250495	True	one causal variant per trait; shared observed subset; p1=p2=1e-4; effect prior SD as given times sdY; CP sdY=1; window sensitivity is not multi-signal conditioning
R001	ENSG00000235120	BSN-AS1	1e-05	0.2	gene_cis_shared_region	1938	1.3719277559364926e-22	0.8136843263230635	2.2909973486739687e-23	0.1358275583924345	0.05048811528450455	0.2709815781362985	0.8877590173250495	True	one causal variant per trait; shared observed subset; p1=p2=1e-4; effect prior SD as given times sdY; CP sdY=1; window sensitivity is not multi-signal conditioning
R001	ENSG00000235120	BSN-AS1	0.0001	0.2	gene_cis_shared_region	1938	9.432991773926745e-23	0.5594665989929783	1.5752257398843613e-23	0.09339123255173062	0.3471421684552936	0.7880041959627904	0.8877590173250495	True	one causal variant per trait; shared observed subset; p1=p2=1e-4; effect prior SD as given times sdY; CP sdY=1; window sensitivity is not multi-signal conditioning
R001	ENSG00000235120	BSN-AS1	1e-06	0.1	lead_250kb_shared_subset	535	8.271434990297394e-23	0.9452788765679573	4.0799321285892304e-24	0.046544650927258596	0.008176472504786054	0.14942077194266662	0.8852727564876887	True	one causal variant per trait; shared observed subset; p1=p2=1e-4; effect prior SD as given times sdY; CP sdY=1; window sensitivity is not multi-signal conditioning
R001	ENSG00000235120	BSN-AS1	1e-05	0.1	lead_250kb_shared_subset	535	7.704476060262696e-23	0.8804854881085141	3.800276427135671e-24	0.043354284863871544	0.07616022702761423	0.6372466893122114	0.8852727564876887	True	one causal variant per trait; shared observed subset; p1=p2=1e-4; effect prior SD as given times sdY; CP sdY=1; window sensitivity is not multi-signal conditioning
R001	ENSG00000235120	BSN-AS1	0.0001	0.1	lead_250kb_shared_subset	535	4.5711901463031345e-23	0.5224062682164153	2.2547654144256426e-24	0.02572279778918431	0.4518709339944019	0.9461408387980265	0.8852727564876887	True	one causal variant per trait; shared observed subset; p1=p2=1e-4; effect prior SD as given times sdY; CP sdY=1; window sensitivity is not multi-signal conditioning
R001	ENSG00000235120	BSN-AS1	1e-06	0.15	lead_250kb_shared_subset	535	1.2130574628346646e-22	0.9500147942138788	5.4986405355964344e-24	0.04299308293181876	0.00699212285429959	0.13988384651687097	0.8852727564876887	True	one causal variant per trait; shared observed subset; p1=p2=1e-4; effect prior SD as given times sdY; CP sdY=1; window sensitivity is not multi-signal conditioning
R001	ENSG00000235120	BSN-AS1	1e-05	0.15	lead_250kb_shared_subset	535	1.1412402354423215e-22	0.8937706090928256	5.1731018617970165e-24	0.04044774265915179	0.06578164824801944	0.6192415082705582	0.8852727564876887	True	one causal variant per trait; shared observed subset; p1=p2=1e-4; effect prior SD as given times sdY; CP sdY=1; window sensitivity is not multi-signal conditioning
R001	ENSG00000235120	BSN-AS1	0.0001	0.15	lead_250kb_shared_subset	535	7.168437592590329e-23	0.5614014152673269	3.24936474414012e-24	0.02540631761908619	0.4131922671135887	0.9420738723209258	0.8852727564876887	True	one causal variant per trait; shared observed subset; p1=p2=1e-4; effect prior SD as given times sdY; CP sdY=1; window sensitivity is not multi-signal conditioning
R001	ENSG00000235120	BSN-AS1	1e-06	0.2	lead_250kb_shared_subset	535	1.6098918719758257e-22	0.9547638631986178	6.636820201920767e-24	0.03930103212959835	0.005935104671782591	0.1312027306363926	0.8852727564876887	True	one causal variant per trait; shared observed subset; p1=p2=1e-4; effect prior SD as given times sdY; CP sdY=1; window sensitivity is not multi-signal conditioning
R001	ENSG00000235120	BSN-AS1	1e-05	0.2	lead_250kb_shared_subset	535	1.5282585042798478e-22	0.9063503076896577	6.300284566635798e-24	0.03730818052104316	0.05634151178930219	0.6016198280992987	0.8852727564876887	True	one causal variant per trait; shared observed subset; p1=p2=1e-4; effect prior SD as given times sdY; CP sdY=1; window sensitivity is not multi-signal conditioning
R001	ENSG00000235120	BSN-AS1	0.0001	0.2	lead_250kb_shared_subset	535	1.0140569764411804e-22	0.601397505748156	4.180475685540065e-24	0.024755380473749377	0.37384711377809643	0.9378945670668374	0.8852727564876887	True	one causal variant per trait; shared observed subset; p1=p2=1e-4; effect prior SD as given times sdY; CP sdY=1; window sensitivity is not multi-signal conditioning
R001	ENSG00000164062	APEH	1e-06	0.1	gene_cis_shared_region	1970	7.234646786970545e-23	0.8268409308982958	1.4610273074180478e-23	0.16691700691689854	0.006242062184806127	0.036048138957941976	0.6017450041867232	True	one causal variant per trait; shared observed subset; p1=p2=1e-4; effect prior SD as given times sdY; CP sdY=1; window sensitivity is not multi-signal conditioning
R001	ENSG00000164062	APEH	1e-05	0.1	gene_cis_shared_region	1970	6.84983303322992e-23	0.7828609313579725	1.383314681074264e-23	0.1580386246148735	0.059100444027156765	0.27217784619214797	0.6017450041867232	True	one causal variant per trait; shared observed subset; p1=p2=1e-4; effect prior SD as given times sdY; CP sdY=1; window sensitivity is not multi-signal conditioning
R001	ENSG00000164062	APEH	0.0001	0.1	gene_cis_shared_region	1970	4.4714505935246705e-23	0.5110378543807033	9.030035070510732e-24	0.10316483604868024	0.38579730957061514	0.7890126322191736	0.6017450041867232	True	one causal variant per trait; shared observed subset; p1=p2=1e-4; effect prior SD as given times sdY; CP sdY=1; window sensitivity is not multi-signal conditioning
R001	ENSG00000164062	APEH	1e-06	0.15	gene_cis_shared_region	1970	1.0567372487646786e-22	0.8276400130096954	2.1370438564987526e-23	0.16732359849428985	0.005036388496011929	0.02922017217543253	0.6017450041867232	True	one causal variant per trait; shared observed subset; p1=p2=1e-4; effect prior SD as given times sdY; CP sdY=1; window sensitivity is not multi-signal conditioning
R001	ENSG00000164062	APEH	1e-05	0.15	gene_cis_shared_region	1970	1.0109150025606035e-22	0.7917518823615067	2.0443773494215532e-23	0.16006811172601323	0.0481800059124807	0.23135866224787807	0.6017450041867232	True	one causal variant per trait; shared observed subset; p1=p2=1e-4; effect prior SD as given times sdY; CP sdY=1; window sensitivity is not multi-signal conditioning
R001	ENSG00000164062	APEH	0.0001	0.15	gene_cis_shared_region	1970	7.051484807954738e-23	0.5522745587908153	1.426024520821041e-23	0.11165309202207813	0.3360723491871035	0.7506215154525634	0.6017450041867232	True	one causal variant per trait; shared observed subset; p1=p2=1e-4; effect prior SD as given times sdY; CP sdY=1; window sensitivity is not multi-signal conditioning
R001	ENSG00000164062	APEH	1e-06	0.2	gene_cis_shared_region	1970	1.400082002239976e-22	0.8303824861477738	2.790786949360623e-23	0.16547896269743015	0.004138551154793152	0.02439931502827475	0.6017450041867232	True	one causal variant per trait; shared observed subset; p1=p2=1e-4; effect prior SD as given times sdY; CP sdY=1; window sensitivity is not multi-signal conditioning
R001	ENSG00000164062	APEH	1e-05	0.2	gene_cis_shared_region	1970	1.3498058376660055e-22	0.8005639137597884	2.6905713450371165e-23	0.1595367053519351	0.03989938088827516	0.20006099016713785	0.6017450041867232	True	one causal variant per trait; shared observed subset; p1=p2=1e-4; effect prior SD as given times sdY; CP sdY=1; window sensitivity is not multi-signal conditioning
R001	ENSG00000164062	APEH	0.0001	0.2	gene_cis_shared_region	1970	9.931656034068372e-23	0.5890421572407781	1.9796794759930026e-23	0.11738456288673958	0.2935732798724819	0.7143634926185976	0.6017450041867232	True	one causal variant per trait; shared observed subset; p1=p2=1e-4; effect prior SD as given times sdY; CP sdY=1; window sensitivity is not multi-signal conditioning
R001	ENSG00000164062	APEH	1e-06	0.1	lead_250kb_shared_subset	535	8.247931468543847e-23	0.9425928393005854	4.4058397107738915e-24	0.05027968877163074	0.007127471927782307	0.12415649617479134	0.5994605034794325	True	one causal variant per trait; shared observed subset; p1=p2=1e-4; effect prior SD as given times sdY; CP sdY=1; window sensitivity is not multi-signal conditioning
R001	ENSG00000164062	APEH	1e-05	0.1	lead_250kb_shared_subset	535	7.750742661866595e-23	0.8857729432161288	4.140253824595614e-24	0.04724880781004533	0.0669782489738264	0.5863606299561365	0.5994605034794325	True	one causal variant per trait; shared observed subset; p1=p2=1e-4; effect prior SD as given times sdY; CP sdY=1; window sensitivity is not multi-signal conditioning
R001	ENSG00000164062	APEH	0.0001	0.1	lead_250kb_shared_subset	535	4.835738803741831e-23	0.5526395056165224	2.583131314040541e-24	0.0294788387804055	0.41788165560306934	0.9341049575219388	0.5994605034794325	True	one causal variant per trait; shared observed subset; p1=p2=1e-4; effect prior SD as given times sdY; CP sdY=1; window sensitivity is not multi-signal conditioning
R001	ENSG00000164062	APEH	1e-06	0.15	lead_250kb_shared_subset	535	1.2065784234339986e-22	0.944940687280359	6.301807911383465e-24	0.04929542917268923	0.005763883546948642	0.10468498900991277	0.5994605034794325	True	one causal variant per trait; shared observed subset; p1=p2=1e-4; effect prior SD as given times sdY; CP sdY=1; window sensitivity is not multi-signal conditioning
R001	ENSG00000164062	APEH	1e-05	0.15	lead_250kb_shared_subset	535	1.1470740141009255e-22	0.8983393753727774	5.991023837829317e-24	0.0468643436014813	0.054796281025742265	0.5390118467860412	0.5994605034794325	True	one causal variant per trait; shared observed subset; p1=p2=1e-4; effect prior SD as given times sdY; CP sdY=1; window sensitivity is not multi-signal conditioning
R001	ENSG00000164062	APEH	0.0001	0.15	lead_250kb_shared_subset	535	7.682157292202082e-23	0.6016337480019875	4.012294489960223e-24	0.03138587872418729	0.36698037327382504	0.9212135100130322	0.5994605034794325	True	one causal variant per trait; shared observed subset; p1=p2=1e-4; effect prior SD as given times sdY; CP sdY=1; window sensitivity is not multi-signal conditioning
R001	ENSG00000164062	APEH	1e-06	0.2	lead_250kb_shared_subset	535	1.5980843936715747e-22	0.9477613099236797	8.017571157677227e-24	0.04750170688074816	0.004736983195571672	0.09067959377716059	0.5994605034794325	True	one causal variant per trait; shared observed subset; p1=p2=1e-4; effect prior SD as given times sdY; CP sdY=1; window sensitivity is not multi-signal conditioning
R001	ENSG00000164062	APEH	1e-05	0.2	lead_250kb_shared_subset	535	1.5327393488244165e-22	0.9090077212229744	7.689735813725192e-24	0.045559380694014266	0.04543289808300851	0.49930498162753073	0.5994605034794325	True	one causal variant per trait; shared observed subset; p1=p2=1e-4; effect prior SD as given times sdY; CP sdY=1; window sensitivity is not multi-signal conditioning
R001	ENSG00000164062	APEH	0.0001	0.2	lead_250kb_shared_subset	535	1.0879009229948807e-22	0.6451914604309098	5.457986510070838e-24	0.032336934747651674	0.32247160482143794	0.9088608893491558	0.5994605034794325	True	one causal variant per trait; shared observed subset; p1=p2=1e-4; effect prior SD as given times sdY; CP sdY=1; window sensitivity is not multi-signal conditioning
R001	ENSG00000173531	MST1	1e-06	0.1	gene_cis_shared_region	1967	6.838760115077934e-23	0.7815954180271714	1.787450888760322e-23	0.20414345832804245	0.014261123644782927	0.0652968152772424	0.7766209579684585	True	one causal variant per trait; shared observed subset; p1=p2=1e-4; effect prior SD as given times sdY; CP sdY=1; window sensitivity is not multi-signal conditioning
R001	ENSG00000173531	MST1	1e-05	0.1	gene_cis_shared_region	1967	6.060849409665156e-23	0.6926887400981734	1.584127894771902e-23	0.18092208793324804	0.12638917196857868	0.41127413297174603	0.7766209579684585	True	one causal variant per trait; shared observed subset; p1=p2=1e-4; effect prior SD as given times sdY; CP sdY=1; window sensitivity is not multi-signal conditioning
R001	ENSG00000173531	MST1	0.0001	0.1	gene_cis_shared_region	1967	2.835481724285173e-23	0.3240645213910708	7.411115820487333e-24	0.08464181159758954	0.5912936670113399	0.8747782676361628	0.7766209579684585	True	one causal variant per trait; shared observed subset; p1=p2=1e-4; effect prior SD as given times sdY; CP sdY=1; window sensitivity is not multi-signal conditioning
R001	ENSG00000173531	MST1	1e-06	0.15	gene_cis_shared_region	1967	9.401299551636022e-23	0.7363128055076994	3.1712042772822845e-23	0.24821501747909688	0.015472177013203654	0.05867625480635704	0.7766209579684585	True	one causal variant per trait; shared observed subset; p1=p2=1e-4; effect prior SD as given times sdY; CP sdY=1; window sensitivity is not multi-signal conditioning
R001	ENSG00000173531	MST1	1e-05	0.15	gene_cis_shared_region	1967	8.252186007720098e-23	0.6463138630508143	2.783590440968023e-23	0.21787588863611446	0.13581024831307345	0.38398521775419353	0.7766209579684585	True	one causal variant per trait; shared observed subset; p1=p2=1e-4; effect prior SD as given times sdY; CP sdY=1; window sensitivity is not multi-signal conditioning
R001	ENSG00000173531	MST1	0.0001	0.15	gene_cis_shared_region	1967	3.7133667113754486e-23	0.2908320755140653	1.2525762351846592e-23	0.09804106103713674	0.6111268634487965	0.8617519805225181	0.7766209579684585	True	one causal variant per trait; shared observed subset; p1=p2=1e-4; effect prior SD as given times sdY; CP sdY=1; window sensitivity is not multi-signal conditioning
R001	ENSG00000173531	MST1	1e-06	0.2	gene_cis_shared_region	1967	1.1812098436505196e-22	0.7005703702093741	4.801847917006486e-23	0.2846476713257425	0.01478195846488018	0.049367053204509265	0.7766209579684585	True	one causal variant per trait; shared observed subset; p1=p2=1e-4; effect prior SD as given times sdY; CP sdY=1; window sensitivity is not multi-signal conditioning
R001	ENSG00000173531	MST1	1e-05	0.2	gene_cis_shared_region	1967	1.0425159909550843e-22	0.6183116553409655	4.2380304113811063e-23	0.2512252592038268	0.13046308545521101	0.341805264113458	0.7766209579684585	True	one causal variant per trait; shared observed subset; p1=p2=1e-4; effect prior SD as given times sdY; CP sdY=1; window sensitivity is not multi-signal conditioning
R001	ENSG00000173531	MST1	0.0001	0.2	gene_cis_shared_region	1967	4.7950117087243654e-23	0.28439003839974764	1.9492655864093955e-23	0.11555007979360227	0.6000598818066469	0.8385292463855467	0.7766209579684585	True	one causal variant per trait; shared observed subset; p1=p2=1e-4; effect prior SD as given times sdY; CP sdY=1; window sensitivity is not multi-signal conditioning
R001	ENSG00000173531	MST1	1e-06	0.1	lead_250kb_shared_subset	535	7.927623223896447e-23	0.9059872662638732	6.798058797422445e-24	0.07752492288012416	0.01648781085600307	0.17537848545369053	0.7724708703181663	True	one causal variant per trait; shared observed subset; p1=p2=1e-4; effect prior SD as given times sdY; CP sdY=1; window sensitivity is not multi-signal conditioning
R001	ENSG00000173531	MST1	1e-05	0.1	lead_250kb_shared_subset	535	6.90324817246029e-23	0.7889192969282405	5.919641441602028e-24	0.06750746939879199	0.14357323367296873	0.6801817105193098	0.7724708703181663	True	one causal variant per trait; shared observed subset; p1=p2=1e-4; effect prior SD as given times sdY; CP sdY=1; window sensitivity is not multi-signal conditioning
R001	ENSG00000173531	MST1	0.0001	0.1	lead_250kb_shared_subset	535	3.011679321585673e-23	0.344181734974755	2.582561321204911e-24	0.029451476256062262	0.6263667887691852	0.9550920158423333	0.7724708703181663	True	one causal variant per trait; shared observed subset; p1=p2=1e-4; effect prior SD as given times sdY; CP sdY=1; window sensitivity is not multi-signal conditioning
R001	ENSG00000173531	MST1	1e-06	0.15	lead_250kb_shared_subset	535	1.1023269127157047e-22	0.8632953567532389	1.5164566108898942e-23	0.11858117012321633	0.01812347312354317	0.1325739396490673	0.7724708703181663	True	one causal variant per trait; shared observed subset; p1=p2=1e-4; effect prior SD as given times sdY; CP sdY=1; window sensitivity is not multi-signal conditioning
R001	ENSG00000173531	MST1	1e-05	0.15	lead_250kb_shared_subset	535	9.477398701351594e-23	0.7422293875434148	1.3037932530647148e-23	0.10195170005981401	0.15581891239676804	0.604486721398521	0.7724708703181663	True	one causal variant per trait; shared observed subset; p1=p2=1e-4; effect prior SD as given times sdY; CP sdY=1; window sensitivity is not multi-signal conditioning
R001	ENSG00000173531	MST1	0.0001	0.15	lead_250kb_shared_subset	535	3.945020070472106e-23	0.308957122415395	5.42711213611061e-24	0.042437963794575775	0.6486049137900283	0.9385885229829605	0.7724708703181663	True	one causal variant per trait; shared observed subset; p1=p2=1e-4; effect prior SD as given times sdY; CP sdY=1; window sensitivity is not multi-signal conditioning
R001	ENSG00000173531	MST1	1e-06	0.2	lead_250kb_shared_subset	535	1.3883453140323813e-22	0.8233732703131251	2.688001795995781e-23	0.15924100932904117	0.017385720357835047	0.09843198925019132	0.7724708703181663	True	one causal variant per trait; shared observed subset; p1=p2=1e-4; effect prior SD as given times sdY; CP sdY=1; window sensitivity is not multi-signal conditioning
R001	ENSG00000173531	MST1	1e-05	0.2	lead_250kb_shared_subset	535	1.2005011227480912e-22	0.7119702320892622	2.324313080777652e-23	0.13769557800559873	0.15033418990513817	0.5219397668359339	0.7724708703181663	True	one causal variant per trait; shared observed subset; p1=p2=1e-4; effect prior SD as given times sdY; CP sdY=1; window sensitivity is not multi-signal conditioning
R001	ENSG00000173531	MST1	0.0001	0.2	lead_250kb_shared_subset	535	5.101985505961947e-23	0.30257879280284544	9.878051277702729e-24	0.05851896594744225	0.6389022412497106	0.916092362343522	0.7724708703181663	True	one causal variant per trait; shared observed subset; p1=p2=1e-4; effect prior SD as given times sdY; CP sdY=1; window sensitivity is not multi-signal conditioning
R001	ENSG00000164068	RNF123	1e-06	0.1	gene_cis_shared_region	1967	7.43368229182028e-24	0.08495885102836717	3.7237364383809553e-23	0.4206382829288454	0.49440286604278383	0.5403067027077628	0.3295750767299276	True	one causal variant per trait; shared observed subset; p1=p2=1e-4; effect prior SD as given times sdY; CP sdY=1; window sensitivity is not multi-signal conditioning
R001	ENSG00000164068	RNF123	1e-05	0.1	gene_cis_shared_region	1967	1.3640720615128296e-24	0.015589850428978758	6.833013089114616e-24	0.07718663607366327	0.9072235134973595	0.9215909790169281	0.3295750767299276	True	one causal variant per trait; shared observed subset; p1=p2=1e-4; effect prior SD as given times sdY; CP sdY=1; window sensitivity is not multi-signal conditioning
R001	ENSG00000164068	RNF123	0.0001	0.1	gene_cis_shared_region	1967	1.4883473342427762e-25	0.0017010180753559772	7.455542198225783e-25	0.008421880872774077	0.989877101051869	0.9915637689457147	0.3295750767299276	True	one causal variant per trait; shared observed subset; p1=p2=1e-4; effect prior SD as given times sdY; CP sdY=1; window sensitivity is not multi-signal conditioning
R001	ENSG00000164068	RNF123	1e-06	0.15	gene_cis_shared_region	1967	1.2240166029776003e-24	0.009586537414070619	5.723390147072914e-23	0.4427814374189752	0.5476320251669555	0.5529327355235154	0.3295750767299276	True	one causal variant per trait; shared observed subset; p1=p2=1e-4; effect prior SD as given times sdY; CP sdY=1; window sensitivity is not multi-signal conditioning
R001	ENSG00000164068	RNF123	1e-05	0.15	gene_cis_shared_region	1967	2.0645656445653006e-25	0.0016169744550264304	9.653720904884263e-24	0.07468455423910504	0.9236984713058704	0.9251944871575337	0.3295750767299276	True	one causal variant per trait; shared observed subset; p1=p2=1e-4; effect prior SD as given times sdY; CP sdY=1; window sensitivity is not multi-signal conditioning
R001	ENSG00000164068	RNF123	0.0001	0.15	gene_cis_shared_region	1967	2.216796081397705e-26	0.0001736201822915399	1.0365536561740296e-24	0.00801914085967664	0.9918072389580287	0.9919794666138548	0.3295750767299276	True	one causal variant per trait; shared observed subset; p1=p2=1e-4; effect prior SD as given times sdY; CP sdY=1; window sensitivity is not multi-signal conditioning
R001	ENSG00000164068	RNF123	1e-06	0.2	gene_cis_shared_region	1967	5.006452328552223e-25	0.002969304886936861	7.614387026098901e-23	0.44609660930104833	0.5509340858120143	0.552574849011583	0.3295750767299276	True	one causal variant per trait; shared observed subset; p1=p2=1e-4; effect prior SD as given times sdY; CP sdY=1; window sensitivity is not multi-signal conditioning
R001	ENSG00000164068	RNF123	1e-05	0.2	gene_cis_shared_region	1967	8.402333912179147e-26	0.0004983387338939007	1.2779233303585495e-23	0.07486843821645373	0.9246332230496551	0.9250942333386271	0.3295750767299276	True	one causal variant per trait; shared observed subset; p1=p2=1e-4; effect prior SD as given times sdY; CP sdY=1; window sensitivity is not multi-signal conditioning
R001	ENSG00000164068	RNF123	0.0001	0.2	gene_cis_shared_region	1967	9.013736557538123e-27	5.3460075625246625e-05	1.3709124584881328e-24	0.008031630087674203	0.991914909836699	0.9919679405178184	0.3295750767299276	True	one causal variant per trait; shared observed subset; p1=p2=1e-4; effect prior SD as given times sdY; CP sdY=1; window sensitivity is not multi-signal conditioning
R001	ENSG00000164068	RNF123	1e-06	0.1	lead_250kb_shared_subset	535	8.725694224500461e-24	0.09971926810144403	3.577954412311109e-23	0.4039335003681778	0.49634723153037535	0.5513249522553433	0.3212863964303906	True	one causal variant per trait; shared observed subset; p1=p2=1e-4; effect prior SD as given times sdY; CP sdY=1; window sensitivity is not multi-signal conditioning
R001	ENSG00000164068	RNF123	1e-05	0.1	lead_250kb_shared_subset	535	1.5960297397253007e-24	0.018239799999713684	6.5444897592166234e-24	0.07388407877607703	0.9078761212242096	0.9247432532139157	0.3212863964303906	True	one causal variant per trait; shared observed subset; p1=p2=1e-4; effect prior SD as given times sdY; CP sdY=1; window sensitivity is not multi-signal conditioning
R001	ENSG00000164068	RNF123	0.0001	0.1	lead_250kb_shared_subset	535	1.7403224703888902e-25	0.0019888810969377326	7.136159372039625e-25	0.008056373844269379	0.9899547450587902	0.9919275710543943	0.3212863964303906	True	one causal variant per trait; shared observed subset; p1=p2=1e-4; effect prior SD as given times sdY; CP sdY=1; window sensitivity is not multi-signal conditioning
R001	ENSG00000164068	RNF123	1e-06	0.15	lead_250kb_shared_subset	535	1.391055913565554e-24	0.01089415578366627	5.688156405111966e-23	0.4399808652768761	0.5491249789394596	0.5551731214110144	0.3212863964303906	True	one causal variant per trait; shared observed subset; p1=p2=1e-4; effect prior SD as given times sdY; CP sdY=1; window sensitivity is not multi-signal conditioning
R001	ENSG00000164068	RNF123	1e-05	0.15	lead_250kb_shared_subset	535	2.341007565371224e-25	0.001833377138847378	9.572596649440414e-24	0.07404436616725579	0.9241222566938937	0.9258196332441826	0.3212863964303906	True	one causal variant per trait; shared observed subset; p1=p2=1e-4; effect prior SD as given times sdY; CP sdY=1; window sensitivity is not multi-signal conditioning
R001	ENSG00000164068	RNF123	0.0001	0.15	lead_250kb_shared_subset	535	2.5125924240582156e-26	0.00019677550716411168	1.0274223020776528e-24	0.007947147041643055	0.991856077451193	0.9920512888466885	0.3212863964303906	True	one causal variant per trait; shared observed subset; p1=p2=1e-4; effect prior SD as given times sdY; CP sdY=1; window sensitivity is not multi-signal conditioning
R001	ENSG00000164068	RNF123	1e-06	0.2	lead_250kb_shared_subset	535	5.467243315941055e-25	0.003242408040092947	7.59344290775517e-23	0.4448179844527661	0.5519396075071407	0.5537350424608972	0.3212863964303906	True	one causal variant per trait; shared observed subset; p1=p2=1e-4; effect prior SD as given times sdY; CP sdY=1; window sensitivity is not multi-signal conditioning
R001	ENSG00000164068	RNF123	1e-05	0.2	lead_250kb_shared_subset	535	9.16176489205734e-26	0.0005433484195011505	1.2724756265971753e-23	0.07454063332854598	0.9249160182519552	0.9254188431177376	0.3212863964303906	True	one causal variant per trait; shared observed subset; p1=p2=1e-4; effect prior SD as given times sdY; CP sdY=1; window sensitivity is not multi-signal conditioning
R001	ENSG00000164068	RNF123	0.0001	0.2	lead_250kb_shared_subset	535	9.825745369439182e-27	5.8272650300532445e-05	1.3646957374556435e-24	0.007994281575572663	0.9919474457741235	0.9920052525493048	0.3212863964303906	True	one causal variant per trait; shared observed subset; p1=p2=1e-4; effect prior SD as given times sdY; CP sdY=1; window sensitivity is not multi-signal conditioning
R001	ENSG00000173540	GMPPB	1e-06	0.1	gene_cis_shared_region	1970	8.782412975004009e-24	0.10037336629707602	7.825838305007764e-23	0.8943549326938147	0.005271701009112134	0.0058598765439096	0.7497933740820176	True	one causal variant per trait; shared observed subset; p1=p2=1e-4; effect prior SD as given times sdY; CP sdY=1; window sensitivity is not multi-signal conditioning
R001	ENSG00000173540	GMPPB	1e-05	0.1	gene_cis_shared_region	1970	8.384602898934155e-24	0.09582683260574629	7.471357441913976e-23	0.8538440383848149	0.05032912900943994	0.05566315261763842	0.7497933740820176	True	one causal variant per trait; shared observed subset; p1=p2=1e-4; effect prior SD as given times sdY; CP sdY=1; window sensitivity is not multi-signal conditioning
R001	ENSG00000173540	GMPPB	0.0001	0.1	gene_cis_shared_region	1970	5.77069597784514e-24	0.06595273791176384	5.142155550929797e-23	0.5876574499002993	0.34638981218793957	0.3708482710109548	0.7497933740820176	True	one causal variant per trait; shared observed subset; p1=p2=1e-4; effect prior SD as given times sdY; CP sdY=1; window sensitivity is not multi-signal conditioning
R001	ENSG00000173540	GMPPB	1e-06	0.15	gene_cis_shared_region	1970	3.229396304684222e-25	0.0025292735755712004	1.2732833511944202e-22	0.9972372826759394	0.00023344374848848694	0.0002340356887718384	0.7497933740820176	True	one causal variant per trait; shared observed subset; p1=p2=1e-4; effect prior SD as given times sdY; CP sdY=1; window sensitivity is not multi-signal conditioning
R001	ENSG00000173540	GMPPB	1e-05	0.15	gene_cis_shared_region	1970	3.222625588508019e-25	0.00252397072887898	1.2706137995601667e-22	0.9951464861417596	0.002329543129361412	0.0023354377057698958	0.7497933740820176	True	one causal variant per trait; shared observed subset; p1=p2=1e-4; effect prior SD as given times sdY; CP sdY=1; window sensitivity is not multi-signal conditioning
R001	ENSG00000173540	GMPPB	0.0001	0.15	gene_cis_shared_region	1970	3.156447855767705e-25	0.0024721401156871264	1.2445213050602465e-22	0.9747108083415837	0.022817051542731386	0.02287359828263595	0.7497933740820176	True	one causal variant per trait; shared observed subset; p1=p2=1e-4; effect prior SD as given times sdY; CP sdY=1; window sensitivity is not multi-signal conditioning
R001	ENSG00000173540	GMPPB	1e-06	0.2	gene_cis_shared_region	1970	3.3574476979761833e-26	0.0001991287483230373	1.6856938942421242e-22	0.9997774102316206	2.3461020057582475e-05	2.3465692751608607e-05	0.7497933740820176	True	one causal variant per trait; shared observed subset; p1=p2=1e-4; effect prior SD as given times sdY; CP sdY=1; window sensitivity is not multi-signal conditioning
R001	ENSG00000173540	GMPPB	1e-05	0.2	gene_cis_shared_region	1970	3.3567389253028813e-26	0.00019908671132708787	1.6853380364968162e-22	0.9995663526153891	0.00023456067328187814	0.00023460738049371416	0.7497933740820176	True	one causal variant per trait; shared observed subset; p1=p2=1e-4; effect prior SD as given times sdY; CP sdY=1; window sensitivity is not multi-signal conditioning
R001	ENSG00000173540	GMPPB	0.0001	0.2	gene_cis_shared_region	1970	3.349667622667287e-26	0.0001986673154735983	1.6817877051887979e-22	0.997460667204343	0.0023406654801801613	0.002341130586308924	0.7497933740820176	True	one causal variant per trait; shared observed subset; p1=p2=1e-4; effect prior SD as given times sdY; CP sdY=1; window sensitivity is not multi-signal conditioning
R001	ENSG00000173540	GMPPB	1e-06	0.1	lead_250kb_shared_subset	535	1.0781539426365485e-23	0.12321394641416959	7.616649713834774e-23	0.8703844726513722	0.006401580934454933	0.0073011892790426245	0.7446310791571494	True	one causal variant per trait; shared observed subset; p1=p2=1e-4; effect prior SD as given times sdY; CP sdY=1; window sensitivity is not multi-signal conditioning
R001	ENSG00000173540	GMPPB	1e-05	0.1	lead_250kb_shared_subset	535	1.019420799829195e-23	0.1165017859105368	7.201727727590134e-23	0.8229697079244309	0.060528506165035426	0.06851004925620154	0.7446310791571494	True	one causal variant per trait; shared observed subset; p1=p2=1e-4; effect prior SD as given times sdY; CP sdY=1; window sensitivity is not multi-signal conditioning
R001	ENSG00000173540	GMPPB	0.0001	0.1	lead_250kb_shared_subset	535	6.5992327154029465e-24	0.07541757016459753	4.662047040368447e-23	0.5327504227136111	0.3918320071217886	0.4237934817683537	0.7446310791571494	True	one causal variant per trait; shared observed subset; p1=p2=1e-4; effect prior SD as given times sdY; CP sdY=1; window sensitivity is not multi-signal conditioning
R001	ENSG00000173540	GMPPB	1e-06	0.15	lead_250kb_shared_subset	535	3.706538335043238e-25	0.0029028025147163957	1.272840084523981e-22	0.9968313314963034	0.0002658659889789757	0.00026663999221891304	0.7446310791571494	True	one causal variant per trait; shared observed subset; p1=p2=1e-4; effect prior SD as given times sdY; CP sdY=1; window sensitivity is not multi-signal conditioning
R001	ENSG00000173540	GMPPB	1e-05	0.15	lead_250kb_shared_subset	535	3.69769052371103e-25	0.0028958732867782823	1.269801710735299e-22	0.9944518132628813	0.0026523134503427413	0.0026600165211286605	0.7446310791571494	True	one causal variant per trait; shared observed subset; p1=p2=1e-4; effect prior SD as given times sdY; CP sdY=1; window sensitivity is not multi-signal conditioning
R001	ENSG00000173540	GMPPB	0.0001	0.15	lead_250kb_shared_subset	535	3.611481495202509e-25	0.0028283580577086573	1.2401971856461943e-22	0.9712668754834239	0.025904766458865896	0.025978242229601135	0.7446310791571494	True	one causal variant per trait; shared observed subset; p1=p2=1e-4; effect prior SD as given times sdY; CP sdY=1; window sensitivity is not multi-signal conditioning
R001	ENSG00000173540	GMPPB	1e-06	0.2	lead_250kb_shared_subset	535	3.774039668631636e-26	0.000223823522350306	1.6857463286715875e-22	0.9997499100978272	2.626637981899115e-05	2.627226016880233e-05	0.7446310791571494	True	one causal variant per trait; shared observed subset; p1=p2=1e-4; effect prior SD as given times sdY; CP sdY=1; window sensitivity is not multi-signal conditioning
R001	ENSG00000173540	GMPPB	1e-05	0.2	lead_250kb_shared_subset	535	3.773147706254752e-26	0.00022377062355259135	1.6853479167750086e-22	0.9995136276566247	0.0002626017198212859	0.0002626604955241524	0.7446310791571494	True	one causal variant per trait; shared observed subset; p1=p2=1e-4; effect prior SD as given times sdY; CP sdY=1; window sensitivity is not multi-signal conditioning
R001	ENSG00000173540	GMPPB	0.0001	0.2	lead_250kb_shared_subset	535	3.7642512166647363e-26	0.00022324300757305075	1.681374131128534e-22	0.9971569315302615	0.002619825462164909	0.00262041045047495	0.7446310791571494	True	one causal variant per trait; shared observed subset; p1=p2=1e-4; effect prior SD as given times sdY; CP sdY=1; window sensitivity is not multi-signal conditioning
R001	ENSG00000176095	IP6K1	1e-06	0.1	gene_cis_shared_region	2002	7.281628031109371e-23	0.8322103728050476	1.4049514728996058e-23	0.16049765377484776	0.007291973420104365	0.04345902390993416	0.6141478360968075	True	one causal variant per trait; shared observed subset; p1=p2=1e-4; effect prior SD as given times sdY; CP sdY=1; window sensitivity is not multi-signal conditioning
R001	ENSG00000176095	IP6K1	1e-05	0.1	gene_cis_shared_region	2002	6.833181622232767e-23	0.7809578573620932	1.3184261189573317e-23	0.15061324383781813	0.06842889880008818	0.3124006091978678	0.6141478360968075	True	one causal variant per trait; shared observed subset; p1=p2=1e-4; effect prior SD as given times sdY; CP sdY=1; window sensitivity is not multi-signal conditioning
R001	ENSG00000176095	IP6K1	0.0001	0.1	gene_cis_shared_region	2002	4.228820098906252e-23	0.48330784489414286	8.15928388706863e-24	0.09320933467223116	0.42348282043362734	0.8196037355102969	0.6141478360968075	True	one causal variant per trait; shared observed subset; p1=p2=1e-4; effect prior SD as given times sdY; CP sdY=1; window sensitivity is not multi-signal conditioning
R001	ENSG00000176095	IP6K1	1e-06	0.15	gene_cis_shared_region	2002	1.0728004373108515e-22	0.8402207539581885	1.960540572346795e-23	0.15348724840273983	0.006291997639074466	0.03937931737034137	0.6141478360968075	True	one causal variant per trait; shared observed subset; p1=p2=1e-4; effect prior SD as given times sdY; CP sdY=1; window sensitivity is not multi-signal conditioning
R001	ENSG00000176095	IP6K1	1e-05	0.15	gene_cis_shared_region	2002	1.0153057262200104e-22	0.7951907112575655	1.8554691071714975e-23	0.1452613895233715	0.05954789921906064	0.290748039723667	0.6141478360968075	True	one causal variant per trait; shared observed subset; p1=p2=1e-4; effect prior SD as given times sdY; CP sdY=1; window sensitivity is not multi-signal conditioning
R001	ENSG00000176095	IP6K1	0.0001	0.15	gene_cis_shared_region	2002	6.610359871390531e-23	0.5177255118386337	1.2080418943676347e-23	0.09457545992010372	0.38769902824126296	0.8038970290950592	0.6141478360968075	True	one causal variant per trait; shared observed subset; p1=p2=1e-4; effect prior SD as given times sdY; CP sdY=1; window sensitivity is not multi-signal conditioning
R001	ENSG00000176095	IP6K1	1e-06	0.2	gene_cis_shared_region	2002	1.432807613522079e-22	0.849791902463148	2.4426917413871747e-23	0.14482110438141896	0.00538699315543319	0.03586353361616568	0.6141478360968075	True	one causal variant per trait; shared observed subset; p1=p2=1e-4; effect prior SD as given times sdY; CP sdY=1; window sensitivity is not multi-signal conditioning
R001	ENSG00000176095	IP6K1	1e-05	0.2	gene_cis_shared_region	2002	1.3665531035822805e-22	0.8104966436181004	2.3297391420763905e-23	0.13812442632835845	0.05137893005354463	0.271124116398242	0.6141478360968075	True	one causal variant per trait; shared observed subset; p1=p2=1e-4; effect prior SD as given times sdY; CP sdY=1; window sensitivity is not multi-signal conditioning
R001	ENSG00000176095	IP6K1	0.0001	0.2	gene_cis_shared_region	2002	9.344525525567527e-23	0.5542197046585633	1.59308166100373e-23	0.09444984056208709	0.35133045477935276	0.7881246848523342	0.6141478360968075	True	one causal variant per trait; shared observed subset; p1=p2=1e-4; effect prior SD as given times sdY; CP sdY=1; window sensitivity is not multi-signal conditioning
R001	ENSG00000176095	IP6K1	1e-06	0.1	lead_250kb_shared_subset	535	8.226630207473654e-23	0.940158481518951	4.521301668004562e-24	0.05158795401486605	0.008253564466184015	0.1379237137640092	0.6099590925824127	True	one causal variant per trait; shared observed subset; p1=p2=1e-4; effect prior SD as given times sdY; CP sdY=1; window sensitivity is not multi-signal conditioning
R001	ENSG00000176095	IP6K1	1e-05	0.1	lead_250kb_shared_subset	535	7.657793385118518e-23	0.8751504831465892	4.208672704641112e-24	0.04802086432035662	0.07682865253305535	0.6153700428273281	0.6099590925824127	True	one causal variant per trait; shared observed subset; p1=p2=1e-4; effect prior SD as given times sdY; CP sdY=1; window sensitivity is not multi-signal conditioning
R001	ENSG00000176095	IP6K1	0.0001	0.1	lead_250kb_shared_subset	535	4.527333200710038e-23	0.5173941942161271	2.488192447666688e-24	0.028390221886481184	0.4542155838973908	0.9411730618524815	0.6099590925824127	True	one causal variant per trait; shared observed subset; p1=p2=1e-4; effect prior SD as given times sdY; CP sdY=1; window sensitivity is not multi-signal conditioning
R001	ENSG00000176095	IP6K1	1e-06	0.15	lead_250kb_shared_subset	535	1.202620319053895e-22	0.9418408689837434	6.531607027968585e-24	0.05108198508081332	0.007077145935440701	0.12168589543510917	0.6099590925824127	True	one causal variant per trait; shared observed subset; p1=p2=1e-4; effect prior SD as given times sdY; CP sdY=1; window sensitivity is not multi-signal conditioning
R001	ENSG00000176095	IP6K1	1e-05	0.15	lead_250kb_shared_subset	535	1.130607077505555e-22	0.8854431739476385	6.140492569688043e-24	0.048023181506558675	0.06653364454580055	0.5807916196577474	0.6099590925824127	True	one causal variant per trait; shared observed subset; p1=p2=1e-4; effect prior SD as given times sdY; CP sdY=1; window sensitivity is not multi-signal conditioning
R001	ENSG00000176095	IP6K1	0.0001	0.15	lead_250kb_shared_subset	535	7.071585544261505e-23	0.553816376505248	3.8406816439053994e-24	0.03003696358247485	0.4161466599122779	0.9326802643557174	0.6099590925824127	True	one causal variant per trait; shared observed subset; p1=p2=1e-4; effect prior SD as given times sdY; CP sdY=1; window sensitivity is not multi-signal conditioning
R001	ENSG00000176095	IP6K1	1e-06	0.2	lead_250kb_shared_subset	535	1.5932354095316967e-22	0.9448855672042034	8.288849083133315e-24	0.04909775312225855	0.006016679673535332	0.10916704333741237	0.6099590925824127	True	one causal variant per trait; shared observed subset; p1=p2=1e-4; effect prior SD as given times sdY; CP sdY=1; window sensitivity is not multi-signal conditioning
R001	ENSG00000176095	IP6K1	1e-05	0.2	lead_250kb_shared_subset	535	1.5113932861597085e-22	0.8963482068738378	7.86306328574573e-24	0.046575674875516344	0.0570761182506467	0.5506524926315043	0.6099590925824127	True	one causal variant per trait; shared observed subset; p1=p2=1e-4; effect prior SD as given times sdY; CP sdY=1; window sensitivity is not multi-signal conditioning
R001	ENSG00000176095	IP6K1	0.0001	0.2	lead_250kb_shared_subset	535	9.984859610825019e-23	0.5921629459391602	5.194649449495259e-24	0.03076972613085426	0.3770673279299831	0.924553873110646	0.6099590925824127	True	one causal variant per trait; shared observed subset; p1=p2=1e-4; effect prior SD as given times sdY; CP sdY=1; window sensitivity is not multi-signal conditioning
R001	ENSG00000185614	INKA1	1e-06	0.1	gene_cis_shared_region	2022	7.194286106092972e-23	0.8222281468977551	1.481027434876697e-23	0.16917929761326841	0.008592555488973067	0.04833473544336207	0.7924869330324946	True	one causal variant per trait; shared observed subset; p1=p2=1e-4; effect prior SD as given times sdY; CP sdY=1; window sensitivity is not multi-signal conditioning
R001	ENSG00000185614	INKA1	1e-05	0.1	gene_cis_shared_region	2022	6.677866648561462e-23	0.7632070560867483	1.374716485711003e-23	0.15703528779622586	0.07975765611702698	0.3368244627519203	0.7924869330324946	True	one causal variant per trait; shared observed subset; p1=p2=1e-4; effect prior SD as given times sdY; CP sdY=1; window sensitivity is not multi-signal conditioning
R001	ENSG00000185614	INKA1	0.0001	0.1	gene_cis_shared_region	2022	3.8874101506959954e-23	0.4442884251894367	8.002685741011758e-24	0.09141550796436164	0.46429606684620367	0.8354982834476248	0.7924869330324946	True	one causal variant per trait; shared observed subset; p1=p2=1e-4; effect prior SD as given times sdY; CP sdY=1; window sensitivity is not multi-signal conditioning
R001	ENSG00000185614	INKA1	1e-06	0.15	gene_cis_shared_region	2022	1.0546644010579055e-22	0.8260165520169024	2.1208803421363084e-23	0.16602848106501247	0.00795496691808833	0.04572255010638141	0.7924869330324946	True	one causal variant per trait; shared observed subset; p1=p2=1e-4; effect prior SD as given times sdY; CP sdY=1; window sensitivity is not multi-signal conditioning
R001	ENSG00000185614	INKA1	1e-05	0.15	gene_cis_shared_region	2022	9.842008352886183e-23	0.7708292606082041	1.9791814364683005e-23	0.1549358920069534	0.07423484738484105	0.32392812268204896	0.7924869330324946	True	one causal variant per trait; shared observed subset; p1=p2=1e-4; effect prior SD as given times sdY; CP sdY=1; window sensitivity is not multi-signal conditioning
R001	ENSG00000185614	INKA1	0.0001	0.15	gene_cis_shared_region	2022	5.900082702250557e-23	0.4620963754383888	1.1864787896159053e-23	0.09288089824877203	0.4450227263128374	0.8273279933287867	0.7924869330324946	True	one causal variant per trait; shared observed subset; p1=p2=1e-4; effect prior SD as given times sdY; CP sdY=1; window sensitivity is not multi-signal conditioning
R001	ENSG00000185614	INKA1	1e-06	0.2	gene_cis_shared_region	2022	1.4054487082601864e-22	0.8335654559169422	2.687658502934317e-23	0.1593328281881228	0.00710171589493329	0.04266972300767868	0.7924869330324946	True	one causal variant per trait; shared observed subset; p1=p2=1e-4; effect prior SD as given times sdY; CP sdY=1; window sensitivity is not multi-signal conditioning
R001	ENSG00000185614	INKA1	1e-05	0.2	gene_cis_shared_region	2022	1.321015422264461e-22	0.7834884448371731	2.526195592403763e-23	0.14976080028568223	0.06675075487714453	0.30830111966515994	0.7924869330324946	True	one causal variant per trait; shared observed subset; p1=p2=1e-4; effect prior SD as given times sdY; CP sdY=1; window sensitivity is not multi-signal conditioning
R001	ENSG00000185614	INKA1	0.0001	0.2	gene_cis_shared_region	2022	8.252443015098546e-23	0.489448770622494	1.5781257977722265e-23	0.09355624843006011	0.4169949809474444	0.8167544351149059	0.7924869330324946	True	one causal variant per trait; shared observed subset; p1=p2=1e-4; effect prior SD as given times sdY; CP sdY=1; window sensitivity is not multi-signal conditioning
R001	ENSG00000185614	INKA1	1e-06	0.1	lead_250kb_shared_subset	535	8.183955179453286e-23	0.9352814798146617	4.815793561144529e-24	0.0549382085625417	0.00978031162279987	0.151120754844068	0.7867095316993808	True	one causal variant per trait; shared observed subset; p1=p2=1e-4; effect prior SD as given times sdY; CP sdY=1; window sensitivity is not multi-signal conditioning
R001	ENSG00000185614	INKA1	1e-05	0.1	lead_250kb_shared_subset	535	7.521859969123439e-23	0.8596156954210494	4.42618807322883e-24	0.05049361863557304	0.08989068594337697	0.640318632577788	0.7867095316993808	True	one causal variant per trait; shared observed subset; p1=p2=1e-4; effect prior SD as given times sdY; CP sdY=1; window sensitivity is not multi-signal conditioning
R001	ENSG00000185614	INKA1	0.0001	0.1	lead_250kb_shared_subset	535	4.1579838142687405e-23	0.4751840851497025	2.4467377009066458e-24	0.027912198561579695	0.49690371628871793	0.946815258890269	0.7867095316993808	True	one causal variant per trait; shared observed subset; p1=p2=1e-4; effect prior SD as given times sdY; CP sdY=1; window sensitivity is not multi-signal conditioning
R001	ENSG00000185614	INKA1	1e-06	0.15	lead_250kb_shared_subset	535	1.1936665907022016e-22	0.9348286913597718	7.180813350206288e-24	0.05614681827090048	0.009024490369328335	0.13847336439332625	0.7867095316993808	True	one causal variant per trait; shared observed subset; p1=p2=1e-4; effect prior SD as given times sdY; CP sdY=1; window sensitivity is not multi-signal conditioning
R001	ENSG00000185614	INKA1	1e-05	0.15	lead_250kb_shared_subset	535	1.1039993104019937e-22	0.864605107191665	6.641396390335071e-24	0.051929114155633255	0.08346577865270494	0.6164617949870319	0.7867095316993808	True	one causal variant per trait; shared observed subset; p1=p2=1e-4; effect prior SD as given times sdY; CP sdY=1; window sensitivity is not multi-signal conditioning
R001	ENSG00000185614	INKA1	0.0001	0.15	lead_250kb_shared_subset	535	6.304273348883411e-23	0.49372376261649653	3.792500399997013e-24	0.02965358105914736	0.476622656324353	0.9414280606721722	0.7867095316993808	True	one causal variant per trait; shared observed subset; p1=p2=1e-4; effect prior SD as given times sdY; CP sdY=1; window sensitivity is not multi-signal conditioning
R001	ENSG00000185614	INKA1	1e-06	0.2	lead_250kb_shared_subset	535	1.5797203741220479e-22	0.936870328638432	9.307222256108418e-24	0.05511736963159616	0.008012301729971756	0.12691815998981243	0.7867095316993808	True	one causal variant per trait; shared observed subset; p1=p2=1e-4; effect prior SD as given times sdY; CP sdY=1; window sensitivity is not multi-signal conditioning
R001	ENSG00000185614	INKA1	1e-05	0.2	lead_250kb_shared_subset	535	1.47346757305988e-22	0.8738559507266508	8.681213722560654e-24	0.05141014713420277	0.07473390213914416	0.5924488913242357	0.7867095316993808	True	one causal variant per trait; shared observed subset; p1=p2=1e-4; effect prior SD as given times sdY; CP sdY=1; window sensitivity is not multi-signal conditioning
R001	ENSG00000185614	INKA1	0.0001	0.2	lead_250kb_shared_subset	535	8.809416855776255e-23	0.5224520364479645	5.1902350546681514e-24	0.030736571676394677	0.4468113918756444	0.935636681501532	0.7867095316993808	True	one causal variant per trait; shared observed subset; p1=p2=1e-4; effect prior SD as given times sdY; CP sdY=1; window sensitivity is not multi-signal conditioning
R001	ENSG00000182179	UBA7	1e-06	0.1	gene_cis_shared_region	2038	7.270373696502133e-23	0.8309241255593565	1.4236847866141248e-23	0.16264730045531742	0.006428573985324072	0.03802182899595762	0.6764673155538033	True	one causal variant per trait; shared observed subset; p1=p2=1e-4; effect prior SD as given times sdY; CP sdY=1; window sensitivity is not multi-signal conditioning
R001	ENSG00000182179	UBA7	1e-05	0.1	gene_cis_shared_region	2038	6.872736633151381e-23	0.7854785621059021	1.3458194854180192e-23	0.1537516648780024	0.0607697730160928	0.283280653032419	0.6764673155538033	True	one causal variant per trait; shared observed subset; p1=p2=1e-4; effect prior SD as given times sdY; CP sdY=1; window sensitivity is not multi-signal conditioning
R001	ENSG00000182179	UBA7	0.0001	0.1	gene_cis_shared_region	2038	4.442829157885529e-23	0.5077667376027377	8.699949336373724e-24	0.09939161301459802	0.39284164938266253	0.7980802586754422	0.6764673155538033	True	one causal variant per trait; shared observed subset; p1=p2=1e-4; effect prior SD as given times sdY; CP sdY=1; window sensitivity is not multi-signal conditioning
R001	ENSG00000182179	UBA7	1e-06	0.15	gene_cis_shared_region	2038	1.070217456258163e-22	0.8381977548876531	1.9992545358346926e-23	0.15652953131675745	0.005272713795586201	0.032587395755387785	0.6764673155538033	True	one causal variant per trait; shared observed subset; p1=p2=1e-4; effect prior SD as given times sdY; CP sdY=1; window sensitivity is not multi-signal conditioning
R001	ENSG00000182179	UBA7	1e-05	0.15	gene_cis_shared_region	2038	1.0217317637625518e-22	0.800223604534988	1.9086792606155288e-23	0.14943803539924397	0.0503383600657684	0.2519735124292217	0.6764673155538033	True	one causal variant per trait; shared observed subset; p1=p2=1e-4; effect prior SD as given times sdY; CP sdY=1; window sensitivity is not multi-signal conditioning
R001	ENSG00000182179	UBA7	0.0001	0.15	gene_cis_shared_region	2038	7.031658307805585e-23	0.5507217409204729	1.3135718058152154e-23	0.10284472308540676	0.3464335359941212	0.7710890277750966	0.6764673155538033	True	one causal variant per trait; shared observed subset; p1=p2=1e-4; effect prior SD as given times sdY; CP sdY=1; window sensitivity is not multi-signal conditioning
R001	ENSG00000182179	UBA7	1e-06	0.2	gene_cis_shared_region	2038	1.4269749701841954e-22	0.8463325873173377	2.5178164590400543e-23	0.14928678201432238	0.004380630668342837	0.028507219532544408	0.6764673155538033	True	one causal variant per trait; shared observed subset; p1=p2=1e-4; effect prior SD as given times sdY; CP sdY=1; window sensitivity is not multi-signal conditioning
R001	ENSG00000182179	UBA7	1e-05	0.2	gene_cis_shared_region	2038	1.3728494524542458e-22	0.8142309804795067	2.422315050646787e-23	0.14362429701241636	0.042144722508079026	0.22686625906118493	0.6764673155538033	True	one causal variant per trait; shared observed subset; p1=p2=1e-4; effect prior SD as given times sdY; CP sdY=1; window sensitivity is not multi-signal conditioning
R001	ENSG00000182179	UBA7	0.0001	0.2	gene_cis_shared_region	2038	9.953215120639379e-23	0.590320817196214	1.7561883967647552e-23	0.1041282073689596	0.3055509754348284	0.7458298792330124	0.6764673155538033	True	one causal variant per trait; shared observed subset; p1=p2=1e-4; effect prior SD as given times sdY; CP sdY=1; window sensitivity is not multi-signal conditioning
R001	ENSG00000182179	UBA7	1e-06	0.1	lead_250kb_shared_subset	535	8.28453564722956e-23	0.9467760501879722	4.021146195885329e-24	0.04588116849351123	0.0073427813185150586	0.13796009774637039	0.6724102249797339	True	one causal variant per trait; shared observed subset; p1=p2=1e-4; effect prior SD as given times sdY; CP sdY=1; window sensitivity is not multi-signal conditioning
R001	ENSG00000182179	UBA7	1e-05	0.1	lead_250kb_shared_subset	535	7.770989554861251e-23	0.8880868053557007	3.771881299979041e-24	0.04303706282525762	0.06887613181903855	0.6154424600062021	0.6724102249797339	True	one causal variant per trait; shared observed subset; p1=p2=1e-4; effect prior SD as given times sdY; CP sdY=1; window sensitivity is not multi-signal conditioning
R001	ENSG00000182179	UBA7	0.0001	0.1	lead_250kb_shared_subset	535	4.7972471260563705e-23	0.5482405869425064	2.328486816049169e-24	0.02656797110520127	0.42519144195229003	0.9411899999484455	0.6724102249797339	True	one causal variant per trait; shared observed subset; p1=p2=1e-4; effect prior SD as given times sdY; CP sdY=1; window sensitivity is not multi-signal conditioning
R001	ENSG00000182179	UBA7	1e-06	0.15	lead_250kb_shared_subset	535	1.2152559056849922e-22	0.9517365207569598	5.403081617099172e-24	0.04225453811339184	0.006008941129649732	0.12450285855668138	0.6724102249797339	True	one causal variant per trait; shared observed subset; p1=p2=1e-4; effect prior SD as given times sdY; CP sdY=1; window sensitivity is not multi-signal conditioning
R001	ENSG00000182179	UBA7	1e-05	0.15	lead_250kb_shared_subset	535	1.1529061965189722e-22	0.9029068915453016	5.125872046793471e-24	0.04008663409417254	0.05700647436052552	0.5871320350931367	0.6724102249797339	True	one causal variant per trait; shared observed subset; p1=p2=1e-4; effect prior SD as given times sdY; CP sdY=1; window sensitivity is not multi-signal conditioning
R001	ENSG00000182179	UBA7	0.0001	0.15	lead_250kb_shared_subset	535	7.619707845716084e-23	0.5967429740799074	3.387755878927331e-24	0.026493780780949244	0.37676324513914006	0.9343005103990444	0.6724102249797339	True	one causal variant per trait; shared observed subset; p1=p2=1e-4; effect prior SD as given times sdY; CP sdY=1; window sensitivity is not multi-signal conditioning
R001	ENSG00000182179	UBA7	1e-06	0.2	lead_250kb_shared_subset	535	1.612492530727137e-22	0.9563062121224717	6.537550753033924e-24	0.038721936411223845	0.004971851466307332	0.11378852024097517	0.6724102249797339	True	one causal variant per trait; shared observed subset; p1=p2=1e-4; effect prior SD as given times sdY; CP sdY=1; window sensitivity is not multi-signal conditioning
R001	ENSG00000182179	UBA7	1e-05	0.2	lead_250kb_shared_subset	535	1.543429223112469e-22	0.9153474672953875	6.25754643047146e-24	0.037063469810700723	0.047589062893909476	0.562169392615441	0.6724102249797339	True	one causal variant per trait; shared observed subset; p1=p2=1e-4; effect prior SD as given times sdY; CP sdY=1; window sensitivity is not multi-signal conditioning
R001	ENSG00000182179	UBA7	0.0001	0.2	lead_250kb_shared_subset	535	1.0806045864572297e-22	0.6408642887859377	4.381110109539365e-24	0.02594933079386419	0.3331863804201993	0.9277450557446875	0.6724102249797339	True	one causal variant per trait; shared observed subset; p1=p2=1e-4; effect prior SD as given times sdY; CP sdY=1; window sensitivity is not multi-signal conditioning
R001	ENSG00000183763	TRAIP	1e-06	0.1	gene_cis_shared_region	2094	6.777958426325494e-23	0.7746464505919184	1.600063839005322e-23	0.1824406521091442	0.04291289729893521	0.19042476771123218	0.886297607370295	True	one causal variant per trait; shared observed subset; p1=p2=1e-4; effect prior SD as given times sdY; CP sdY=1; window sensitivity is not multi-signal conditioning
R001	ENSG00000183763	TRAIP	1e-05	0.1	gene_cis_shared_region	2094	4.8895396216998094e-23	0.558820853528265	1.1542672654466317e-23	0.13161054420630539	0.30956860226543037	0.7016845758489697	0.886297607370295	True	one causal variant per trait; shared observed subset; p1=p2=1e-4; effect prior SD as given times sdY; CP sdY=1; window sensitivity is not multi-signal conditioning
R001	ENSG00000183763	TRAIP	0.0001	0.1	gene_cis_shared_region	2094	1.2914389805685363e-23	0.1475973382439009	3.0486832215786433e-24	0.03476134773252408	0.8176413140235737	0.9592195692339702	0.886297607370295	True	one causal variant per trait; shared observed subset; p1=p2=1e-4; effect prior SD as given times sdY; CP sdY=1; window sensitivity is not multi-signal conditioning
R001	ENSG00000183763	TRAIP	1e-06	0.15	gene_cis_shared_region	2094	9.471364533093939e-23	0.7418003173970684	2.3893130645268844e-23	0.18641391018892775	0.07178577241400098	0.2780242473202278	0.886297607370295	True	one causal variant per trait; shared observed subset; p1=p2=1e-4; effect prior SD as given times sdY; CP sdY=1; window sensitivity is not multi-signal conditioning
R001	ENSG00000183763	TRAIP	1e-05	0.15	gene_cis_shared_region	2094	5.753918911723538e-23	0.45064878033991534	1.4515240734291995e-23	0.11324772893035541	0.4361034907297285	0.7938518658419863	0.886297607370295	True	one causal variant per trait; shared observed subset; p1=p2=1e-4; effect prior SD as given times sdY; CP sdY=1; window sensitivity is not multi-signal conditioning
R001	ENSG00000183763	TRAIP	0.0001	0.15	gene_cis_shared_region	2094	1.1683246780589167e-23	0.09150356466364681	2.947298044692046e-24	0.022994782942436107	0.8855016523939204	0.9746891874882012	0.886297607370295	True	one causal variant per trait; shared observed subset; p1=p2=1e-4; effect prior SD as given times sdY; CP sdY=1; window sensitivity is not multi-signal conditioning
R001	ENSG00000183763	TRAIP	1e-06	0.2	gene_cis_shared_region	2094	1.2251465845499932e-22	0.7266290582597631	3.124082285466448e-23	0.1843982209974244	0.08897272074280954	0.3254651726201183	0.886297607370295	True	one causal variant per trait; shared observed subset; p1=p2=1e-4; effect prior SD as given times sdY; CP sdY=1; window sensitivity is not multi-signal conditioning
R001	ENSG00000183763	TRAIP	1e-05	0.2	gene_cis_shared_region	2094	6.803518156465469e-23	0.40351367364759394	1.7348740811508826e-23	0.10240053397665214	0.4940857923757564	0.8283271058318391	0.886297607370295	True	one causal variant per trait; shared observed subset; p1=p2=1e-4; effect prior SD as given times sdY; CP sdY=1; window sensitivity is not multi-signal conditioning
R001	ENSG00000183763	TRAIP	0.0001	0.2	gene_cis_shared_region	2094	1.2490917542275537e-23	0.0740830833224566	3.1851416569371947e-24	0.01880022360154685	0.9071166930759988	0.979695560948376	0.886297607370295	True	one causal variant per trait; shared observed subset; p1=p2=1e-4; effect prior SD as given times sdY; CP sdY=1; window sensitivity is not multi-signal conditioning
R001	ENSG00000183763	TRAIP	1e-06	0.1	lead_250kb_shared_subset	535	7.69695824941264e-23	0.879626335155861	6.392531079058001e-24	0.07257737274844087	0.04779629209569834	0.3970660206913644	0.875487568537685	True	one causal variant per trait; shared observed subset; p1=p2=1e-4; effect prior SD as given times sdY; CP sdY=1; window sensitivity is not multi-signal conditioning
R001	ENSG00000183763	TRAIP	1e-05	0.1	lead_250kb_shared_subset	535	5.381861172037735e-23	0.6150516432174278	4.4697806186037344e-24	0.050747494231653215	0.3342008625509201	0.8681706433148475	0.875487568537685	True	one causal variant per trait; shared observed subset; p1=p2=1e-4; effect prior SD as given times sdY; CP sdY=1; window sensitivity is not multi-signal conditioning
R001	ENSG00000183763	TRAIP	0.0001	0.1	lead_250kb_shared_subset	535	1.3428441408240596e-23	0.1534633594210709	1.1152682171822624e-24	0.01266215777629882	0.8338744828026297	0.9850423984393168	0.875487568537685	True	one causal variant per trait; shared observed subset; p1=p2=1e-4; effect prior SD as given times sdY; CP sdY=1; window sensitivity is not multi-signal conditioning
R001	ENSG00000183763	TRAIP	1e-06	0.15	lead_250kb_shared_subset	535	1.063974648090346e-22	0.8332595011553064	1.1233344768431017e-23	0.08717914483263416	0.07956135401205933	0.4771567469410348	0.875487568537685	True	one causal variant per trait; shared observed subset; p1=p2=1e-4; effect prior SD as given times sdY; CP sdY=1; window sensitivity is not multi-signal conditioning
R001	ENSG00000183763	TRAIP	1e-05	0.15	lead_250kb_shared_subset	535	6.200129906906314e-23	0.4855676930460246	6.546039135269382e-24	0.0508021524860087	0.46363015446796757	0.9012461857482957	0.875487568537685	True	one causal variant per trait; shared observed subset; p1=p2=1e-4; effect prior SD as given times sdY; CP sdY=1; window sensitivity is not multi-signal conditioning
R001	ENSG00000183763	TRAIP	0.0001	0.15	lead_250kb_shared_subset	535	1.198632087597684e-23	0.09387174564478723	1.265504541358739e-24	0.00982126036116304	0.8963069939940475	0.9891612911152939	0.875487568537685	True	one causal variant per trait; shared observed subset; p1=p2=1e-4; effect prior SD as given times sdY; CP sdY=1; window sensitivity is not multi-signal conditioning
R001	ENSG00000183763	TRAIP	1e-06	0.2	lead_250kb_shared_subset	535	1.362630656498647e-22	0.8081229133201392	1.5946676465231417e-23	0.09359063254976069	0.09828645413010129	0.5122365355384392	0.875487568537685	True	one causal variant per trait; shared observed subset; p1=p2=1e-4; effect prior SD as given times sdY; CP sdY=1; window sensitivity is not multi-signal conditioning
R001	ENSG00000183763	TRAIP	1e-05	0.2	lead_250kb_shared_subset	535	7.230428209765484e-23	0.42880839951464894	8.461669258380366e-24	0.049661318460014946	0.5215302820253329	0.9130566373563316	0.875487568537685	True	one causal variant per trait; shared observed subset; p1=p2=1e-4; effect prior SD as given times sdY; CP sdY=1; window sensitivity is not multi-signal conditioning
R001	ENSG00000183763	TRAIP	0.0001	0.2	lead_250kb_shared_subset	535	1.2698835721343554e-23	0.07531182474108819	1.4861270276549833e-24	0.008722041164551034	0.9159661340943617	0.9905675865681868	0.875487568537685	True	one causal variant per trait; shared observed subset; p1=p2=1e-4; effect prior SD as given times sdY; CP sdY=1; window sensitivity is not multi-signal conditioning
R001	ENSG00000164076	CAMKV	1e-06	0.1	gene_cis_shared_region	2109	7.285053095361255e-23	0.8326018201552507	1.4101265130659743e-23	0.16109903247580012	0.006299147368952658	0.037629724378094004	0.42988018916611365	True	one causal variant per trait; shared observed subset; p1=p2=1e-4; effect prior SD as given times sdY; CP sdY=1; window sensitivity is not multi-signal conditioning
R001	ENSG00000164076	CAMKV	1e-05	0.1	gene_cis_shared_region	2109	6.89420459853999e-23	0.7879321155424537	1.3344721807302787e-23	0.1524559500084095	0.05961193444913509	0.28109835962016794	0.42988018916611365	True	one causal variant per trait; shared observed subset; p1=p2=1e-4; effect prior SD as given times sdY; CP sdY=1; window sensitivity is not multi-signal conditioning
R001	ENSG00000164076	CAMKV	0.0001	0.1	gene_cis_shared_region	2109	4.4869322161945093e-23	0.5128072343763099	8.685100846299314e-24	0.09922239815571152	0.3879703674679815	0.7963385231537884	0.42988018916611365	True	one causal variant per trait; shared observed subset; p1=p2=1e-4; effect prior SD as given times sdY; CP sdY=1; window sensitivity is not multi-signal conditioning
R001	ENSG00000164076	CAMKV	1e-06	0.15	gene_cis_shared_region	2109	1.0775121614095873e-22	0.843910991431065	1.9279325618892686e-23	0.15094485699356391	0.005144151575368744	0.03295652668007667	0.42988018916611365	True	one causal variant per trait; shared observed subset; p1=p2=1e-4; effect prior SD as given times sdY; CP sdY=1; window sensitivity is not multi-signal conditioning
R001	ENSG00000164076	CAMKV	1e-05	0.15	gene_cis_shared_region	2109	1.0298335810640097e-22	0.8065689739109794	1.8426239307248253e-23	0.14426573377837482	0.049165292310648	0.25417479969330586	0.42988018916611365	True	one causal variant per trait; shared observed subset; p1=p2=1e-4; effect prior SD as given times sdY; CP sdY=1; window sensitivity is not multi-signal conditioning
R001	ENSG00000164076	CAMKV	0.0001	0.15	gene_cis_shared_region	2109	7.139288816610802e-23	0.5591513969974139	1.2773932277729372e-23	0.10001176488340648	0.34083683811918253	0.7731380700715998	0.42988018916611365	True	one causal variant per trait; shared observed subset; p1=p2=1e-4; effect prior SD as given times sdY; CP sdY=1; window sensitivity is not multi-signal conditioning
R001	ENSG00000164076	CAMKV	1e-06	0.2	gene_cis_shared_region	2109	1.4415125869722872e-22	0.8549547839828515	2.374358537007883e-23	0.14077950486271365	0.00426571115443552	0.029409526708769014	0.42988018916611365	True	one causal variant per trait; shared observed subset; p1=p2=1e-4; effect prior SD as given times sdY; CP sdY=1; window sensitivity is not multi-signal conditioning
R001	ENSG00000164076	CAMKV	1e-05	0.2	gene_cis_shared_region	2109	1.3882169925819814e-22	0.8233454010326091	2.2865737679610035e-23	0.13557460588545933	0.04107999308193151	0.23254414729114742	0.42988018916611365	True	one causal variant per trait; shared observed subset; p1=p2=1e-4; effect prior SD as given times sdY; CP sdY=1; window sensitivity is not multi-signal conditioning
R001	ENSG00000164076	CAMKV	0.0001	0.2	gene_cis_shared_region	2109	1.0135042604951397e-22	0.6011049254292637	1.6693732090504176e-23	0.09897980028633598	0.29991527428439757	0.7518650728067977	0.42988018916611365	True	one causal variant per trait; shared observed subset; p1=p2=1e-4; effect prior SD as given times sdY; CP sdY=1; window sensitivity is not multi-signal conditioning
R001	ENSG00000164076	CAMKV	1e-06	0.1	lead_250kb_shared_subset	535	8.293404350114005e-23	0.9477895862320874	3.945297141588088e-24	0.045015829789253135	0.007194583978659229	0.13779978857552933	0.42654799702648083	True	one causal variant per trait; shared observed subset; p1=p2=1e-4; effect prior SD as given times sdY; CP sdY=1; window sensitivity is not multi-signal conditioning
R001	ENSG00000164076	CAMKV	1e-05	0.1	lead_250kb_shared_subset	535	7.789053363286206e-23	0.8901511795005148	3.705369794182041e-24	0.042278259399745964	0.06757056109973734	0.6151232283832777	0.42654799702648083	True	one causal variant per trait; shared observed subset; p1=p2=1e-4; effect prior SD as given times sdY; CP sdY=1; window sensitivity is not multi-signal conditioning
R001	ENSG00000164076	CAMKV	0.0001	0.1	lead_250kb_shared_subset	535	4.843531868658684e-23	0.5535301152457179	2.3041409329508012e-24	0.026290241856514	0.4201796428977711	0.9411153075397619	0.42654799702648083	True	one causal variant per trait; shared observed subset; p1=p2=1e-4; effect prior SD as given times sdY; CP sdY=1; window sensitivity is not multi-signal conditioning
R001	ENSG00000164076	CAMKV	1e-06	0.15	lead_250kb_shared_subset	535	1.2172067343468375e-22	0.9532643264434265	5.229442873718548e-24	0.04089637001363232	0.00583930354294058	0.12494317720428663	0.42654799702648083	True	one causal variant per trait; shared observed subset; p1=p2=1e-4; effect prior SD as given times sdY; CP sdY=1; window sensitivity is not multi-signal conditioning
R001	ENSG00000164076	CAMKV	1e-05	0.15	lead_250kb_shared_subset	535	1.156431921214384e-22	0.9056680885401572	4.968338162029921e-24	0.03885442498059904	0.05547748647924051	0.5881094278775348	0.42654799702648083	True	one causal variant per trait; shared observed subset; p1=p2=1e-4; effect prior SD as given times sdY; CP sdY=1; window sensitivity is not multi-signal conditioning
R001	ENSG00000164076	CAMKV	0.0001	0.15	lead_250kb_shared_subset	535	7.713159096666134e-23	0.6040616769163649	3.313777662720742e-24	0.02591508898942626	0.3700232340942112	0.9345476618994722	0.42654799702648083	True	one causal variant per trait; shared observed subset; p1=p2=1e-4; effect prior SD as given times sdY; CP sdY=1; window sensitivity is not multi-signal conditioning
R001	ENSG00000164076	CAMKV	1e-06	0.2	lead_250kb_shared_subset	535	1.6153368157746686e-22	0.9579930462678523	6.280491419533177e-24	0.03719905766308697	0.004807896069062284	0.11445476622082809	0.42654799702648083	True	one causal variant per trait; shared observed subset; p1=p2=1e-4; effect prior SD as given times sdY; CP sdY=1; window sensitivity is not multi-signal conditioning
R001	ENSG00000164076	CAMKV	1e-05	0.2	lead_250kb_shared_subset	535	1.5483385579764152e-22	0.9182590016673725	6.019999626665937e-24	0.03565617692711589	0.04608482140551169	0.5637907824171579	0.42654799702648083	True	one causal variant per trait; shared observed subset; p1=p2=1e-4; effect prior SD as given times sdY; CP sdY=1; window sensitivity is not multi-signal conditioning
R001	ENSG00000164076	CAMKV	0.0001	0.2	lead_250kb_shared_subset	535	1.0944151976371432e-22	0.6490548217731533	4.255128212917298e-24	0.02520292588313162	0.32574225234371523	0.9281855758484285	0.42654799702648083	True	one causal variant per trait; shared observed subset; p1=p2=1e-4; effect prior SD as given times sdY; CP sdY=1; window sensitivity is not multi-signal conditioning
R001	ENSG00000164078	MST1R	1e-06	0.1	gene_cis_shared_region	2136	6.674183569672671e-23	0.7627861204880091	1.9350310601402074e-23	0.22099063516646664	0.016223244345520804	0.06839078884800656	0.7475381362675032	True	one causal variant per trait; shared observed subset; p1=p2=1e-4; effect prior SD as given times sdY; CP sdY=1; window sensitivity is not multi-signal conditioning
R001	ENSG00000164078	MST1R	1e-05	0.1	gene_cis_shared_region	2136	5.823848163572976e-23	0.6656020920954258	1.6884952246836253e-23	0.19283495746644153	0.14156295043813208	0.4233368304401282	0.7475381362675032	True	one causal variant per trait; shared observed subset; p1=p2=1e-4; effect prior SD as given times sdY; CP sdY=1; window sensitivity is not multi-signal conditioning
R001	ENSG00000164078	MST1R	0.0001	0.1	gene_cis_shared_region	2136	2.5609840457283452e-23	0.2926924416267767	7.425003554780738e-24	0.08479741154983711	0.6225101468233831	0.88011239163785	0.7475381362675032	True	one causal variant per trait; shared observed subset; p1=p2=1e-4; effect prior SD as given times sdY; CP sdY=1; window sensitivity is not multi-signal conditioning
R001	ENSG00000164078	MST1R	1e-06	0.15	gene_cis_shared_region	2136	9.117502686235328e-23	0.7140857437052582	3.416247158113896e-23	0.2673761959082661	0.01853806038647689	0.06483783154683408	0.7475381362675032	True	one causal variant per trait; shared observed subset; p1=p2=1e-4; effect prior SD as given times sdY; CP sdY=1; window sensitivity is not multi-signal conditioning
R001	ENSG00000164078	MST1R	1e-05	0.15	gene_cis_shared_region	2136	7.813824356332227e-23	0.6119812374826584	2.92777048386514e-23	0.22914505252031056	0.15887370999703113	0.40944852503087553	0.7475381362675032	True	one causal variant per trait; shared observed subset; p1=p2=1e-4; effect prior SD as given times sdY; CP sdY=1; window sensitivity is not multi-signal conditioning
R001	ENSG00000164078	MST1R	0.0001	0.15	gene_cis_shared_region	2136	3.215746361945941e-23	0.25185828965034385	1.2049115583807893e-23	0.09430367709800745	0.6538380332516491	0.8739494459493068	0.7475381362675032	True	one causal variant per trait; shared observed subset; p1=p2=1e-4; effect prior SD as given times sdY; CP sdY=1; window sensitivity is not multi-signal conditioning
R001	ENSG00000164078	MST1R	1e-06	0.2	gene_cis_shared_region	2136	1.1400001163759818e-22	0.676129061962461	5.156361509710615e-23	0.30563921919731557	0.018231718840222542	0.05629316094459022	0.7475381362675032	True	one causal variant per trait; shared observed subset; p1=p2=1e-4; effect prior SD as given times sdY; CP sdY=1; window sensitivity is not multi-signal conditioning
R001	ENSG00000164078	MST1R	1e-05	0.2	gene_cis_shared_region	2136	9.793096350604864e-23	0.5808242432721537	4.429538590195416e-23	0.26255736987449424	0.1566183868533494	0.3736341721571372	0.7475381362675032	True	one causal variant per trait; shared observed subset; p1=p2=1e-4; effect prior SD as given times sdY; CP sdY=1; window sensitivity is not multi-signal conditioning
R001	ENSG00000164078	MST1R	0.0001	0.2	gene_cis_shared_region	2136	4.064258234549521e-23	0.2410493708048775	1.8383142619999512e-23	0.10896461286099454	0.6499860163341243	0.8564272711960809	0.7475381362675032	True	one causal variant per trait; shared observed subset; p1=p2=1e-4; effect prior SD as given times sdY; CP sdY=1; window sensitivity is not multi-signal conditioning
R001	ENSG00000164078	MST1R	1e-06	0.1	lead_250kb_shared_subset	535	7.687997783406164e-23	0.878602312208203	9.017995942203836e-24	0.10287452869415417	0.018523159097641507	0.15258247034663328	0.7373737075936777	True	one causal variant per trait; shared observed subset; p1=p2=1e-4; effect prior SD as given times sdY; CP sdY=1; window sensitivity is not multi-signal conditioning
R001	ENSG00000164078	MST1R	1e-05	0.1	lead_250kb_shared_subset	535	6.589476490733883e-23	0.7530607375429467	7.729434103499184e-24	0.0881750108966757	0.15876425156037724	0.6429283459449431	0.7373737075936777	True	one causal variant per trait; shared observed subset; p1=p2=1e-4; effect prior SD as given times sdY; CP sdY=1; window sensitivity is not multi-signal conditioning
R001	ENSG00000164078	MST1R	0.0001	0.1	lead_250kb_shared_subset	535	2.712971081458926e-23	0.310044660817753	3.182306094926251e-24	0.03630277079012158	0.6536525683921289	0.9473838830885077	0.7373737075936777	True	one causal variant per trait; shared observed subset; p1=p2=1e-4; effect prior SD as given times sdY; CP sdY=1; window sensitivity is not multi-signal conditioning
R001	ENSG00000164078	MST1R	1e-06	0.15	lead_250kb_shared_subset	535	1.0472972193016801e-22	0.8201984512346726	2.0278598811605137e-23	0.1586013224738605	0.02120022629146806	0.11790903046746246	0.7373737075936777	True	one causal variant per trait; shared observed subset; p1=p2=1e-4; effect prior SD as given times sdY; CP sdY=1; window sensitivity is not multi-signal conditioning
R001	ENSG00000164078	MST1R	1e-05	0.15	lead_250kb_shared_subset	535	8.794889386245342e-23	0.6887781730375035	1.7029361882105718e-23	0.13318865570939958	0.17803317125309998	0.5720459036909129	0.7373737075936777	True	one causal variant per trait; shared observed subset; p1=p2=1e-4; effect prior SD as given times sdY; CP sdY=1; window sensitivity is not multi-signal conditioning
R001	ENSG00000164078	MST1R	0.0001	0.15	lead_250kb_shared_subset	535	3.3796619591257394e-23	0.26468068982556725	6.543969345555233e-24	0.05118115911635368	0.6841381510580811	0.9303960083623911	0.7373737075936777	True	one causal variant per trait; shared observed subset; p1=p2=1e-4; effect prior SD as given times sdY; CP sdY=1; window sensitivity is not multi-signal conditioning
R001	ENSG00000164078	MST1R	1e-06	0.2	lead_250kb_shared_subset	535	1.3055507562477522e-22	0.7742710584078893	3.45756268986943e-23	0.204845678701702	0.02088326289041127	0.09251477787082713	0.7373737075936777	True	one causal variant per trait; shared observed subset; p1=p2=1e-4; effect prior SD as given times sdY; CP sdY=1; window sensitivity is not multi-signal conditioning
R001	ENSG00000164078	MST1R	1e-05	0.2	lead_250kb_shared_subset	535	1.0989952885186273e-22	0.6517710944247069	2.910530354901983e-23	0.17243637192137592	0.17579253365391578	0.5048189017034576	0.7373737075936777	True	one causal variant per trait; shared observed subset; p1=p2=1e-4; effect prior SD as given times sdY; CP sdY=1; window sensitivity is not multi-signal conditioning
R001	ENSG00000164078	MST1R	0.0001	0.2	lead_250kb_shared_subset	535	4.256153236156656e-23	0.25241579120036994	1.1271807366568425e-23	0.0667805977015194	0.6808036110981138	0.9106714709654631	0.7373737075936777	True	one causal variant per trait; shared observed subset; p1=p2=1e-4; effect prior SD as given times sdY; CP sdY=1; window sensitivity is not multi-signal conditioning
R001	ENSG00000164077	MON1A	1e-06	0.1	gene_cis_shared_region	2165	7.147764702343614e-23	0.8169112597136992	1.5513325912829178e-23	0.1772418641616211	0.005846876124683121	0.031934657016811044	0.5393048468175712	True	one causal variant per trait; shared observed subset; p1=p2=1e-4; effect prior SD as given times sdY; CP sdY=1; window sensitivity is not multi-signal conditioning
R001	ENSG00000164077	MON1A	1e-05	0.1	gene_cis_shared_region	2165	6.790439001288841e-23	0.7760728436867942	1.4737795339519167e-23	0.168381321599687	0.05554583471352229	0.24805314204870152	0.5393048468175712	True	one causal variant per trait; shared observed subset; p1=p2=1e-4; effect prior SD as given times sdY; CP sdY=1; window sensitivity is not multi-signal conditioning
R001	ENSG00000164077	MON1A	0.0001	0.1	gene_cis_shared_region	2165	4.5272233847327723e-23	0.5174120738774112	9.825769981559806e-24	0.11226076201459524	0.3703271641079927	0.7673775991111752	0.5393048468175712	True	one causal variant per trait; shared observed subset; p1=p2=1e-4; effect prior SD as given times sdY; CP sdY=1; window sensitivity is not multi-signal conditioning
R001	ENSG00000164077	MON1A	1e-06	0.15	gene_cis_shared_region	2165	1.042914331171559e-22	0.8168138594791226	2.2806852682314196e-23	0.17857792177154602	0.004608218749334376	0.025155935575863667	0.5393048468175712	True	one causal variant per trait; shared observed subset; p1=p2=1e-4; effect prior SD as given times sdY; CP sdY=1; window sensitivity is not multi-signal conditioning
R001	ENSG00000164077	MON1A	1e-05	0.15	gene_cis_shared_region	2165	1.0013830037723188e-22	0.7842863902437957	2.189862960263766e-23	0.17146652449403563	0.0442470852621668	0.20511958106015868	0.5393048468175712	True	one causal variant per trait; shared observed subset; p1=p2=1e-4; effect prior SD as given times sdY; CP sdY=1; window sensitivity is not multi-signal conditioning
R001	ENSG00000164077	MON1A	0.0001	0.15	gene_cis_shared_region	2165	7.161822214361259e-23	0.5609162199587642	1.5661748937362464e-23	0.12263167634308207	0.3164521036981516	0.7207100742105164	0.5393048468175712	True	one causal variant per trait; shared observed subset; p1=p2=1e-4; effect prior SD as given times sdY; CP sdY=1; window sensitivity is not multi-signal conditioning
R001	ENSG00000164077	MON1A	1e-06	0.2	gene_cis_shared_region	2165	1.3775452677685578e-22	0.8170160479176644	3.023035082381998e-23	0.17925761964708256	0.0037263324352521682	0.020364258137650686	0.5393048468175712	True	one causal variant per trait; shared observed subset; p1=p2=1e-4; effect prior SD as given times sdY; CP sdY=1; window sensitivity is not multi-signal conditioning
R001	ENSG00000164077	MON1A	1e-05	0.2	gene_cis_shared_region	2165	1.3328456344974524e-22	0.7905048917524041	2.9249413480344856e-23	0.17344093249584613	0.036054175751751384	0.17210032278720214	0.5393048468175712	True	one causal variant per trait; shared observed subset; p1=p2=1e-4; effect prior SD as given times sdY; CP sdY=1; window sensitivity is not multi-signal conditioning
R001	ENSG00000164077	MON1A	0.0001	0.2	gene_cis_shared_region	2165	1.0063104047533208e-22	0.5968382811853389	2.208356943698219e-23	0.1309494591596098	0.2722122596550533	0.6751937174377203	0.5393048468175712	True	one causal variant per trait; shared observed subset; p1=p2=1e-4; effect prior SD as given times sdY; CP sdY=1; window sensitivity is not multi-signal conditioning
R001	ENSG00000164077	MON1A	1e-06	0.1	lead_250kb_shared_subset	535	8.281067977217824e-23	0.9463797567737281	4.102784187987823e-24	0.046819567558678964	0.006800675667594952	0.12683037708159112	0.5348728431929675	True	one causal variant per trait; shared observed subset; p1=p2=1e-4; effect prior SD as given times sdY; CP sdY=1; window sensitivity is not multi-signal conditioning
R001	ENSG00000164077	MON1A	1e-05	0.1	lead_250kb_shared_subset	535	7.803449419880051e-23	0.8917963944142513	3.866152165363934e-24	0.04411920398551729	0.06408440160023356	0.5922575431134499	0.5348728431929675	True	one causal variant per trait; shared observed subset; p1=p2=1e-4; effect prior SD as given times sdY; CP sdY=1; window sensitivity is not multi-signal conditioning
R001	ENSG00000164077	MON1A	0.0001	0.1	lead_250kb_shared_subset	535	4.9490419139375725e-23	0.5655880492299487	2.451960419362944e-24	0.027980932275619586	0.40643101849443464	0.9355889444891661	0.5348728431929675	True	one causal variant per trait; shared observed subset; p1=p2=1e-4; effect prior SD as given times sdY; CP sdY=1; window sensitivity is not multi-signal conditioning
R001	ENSG00000164077	MON1A	1e-06	0.15	lead_250kb_shared_subset	535	1.2118436188470255e-22	0.9490641634470313	5.823258271798608e-24	0.04555142753320473	0.00538440901976604	0.10570964146562153	0.5348728431929675	True	one causal variant per trait; shared observed subset; p1=p2=1e-4; effect prior SD as given times sdY; CP sdY=1; window sensitivity is not multi-signal conditioning
R001	ENSG00000164077	MON1A	1e-05	0.15	lead_250kb_shared_subset	535	1.1558323515936957e-22	0.905198531221344	5.5541079703288536e-24	0.043446045995807626	0.05135542278284736	0.5417154759780503	0.5348728431929675	True	one causal variant per trait; shared observed subset; p1=p2=1e-4; effect prior SD as given times sdY; CP sdY=1; window sensitivity is not multi-signal conditioning
R001	ENSG00000164077	MON1A	0.0001	0.15	lead_250kb_shared_subset	535	7.90475513729907e-23	0.6190666604963474	3.798462938940477e-24	0.029712817330918292	0.35122052217273697	0.9219999557675019	0.5348728431929675	True	one causal variant per trait; shared observed subset; p1=p2=1e-4; effect prior SD as given times sdY; CP sdY=1; window sensitivity is not multi-signal conditioning
R001	ENSG00000164077	MON1A	1e-06	0.2	lead_250kb_shared_subset	535	1.6025224010903468e-22	0.9503933184341958	7.636203520756768e-24	0.045243704745139696	0.004362976820663792	0.08795139450874745	0.5348728431929675	True	one causal variant per trait; shared observed subset; p1=p2=1e-4; effect prior SD as given times sdY; CP sdY=1; window sensitivity is not multi-signal conditioning
R001	ENSG00000164077	MON1A	1e-05	0.2	lead_250kb_shared_subset	535	1.5419740285872206e-22	0.9144844483741685	7.347683563113817e-24	0.043534254264780546	0.041981297361048914	0.4909200322385421	0.5348728431929675	True	one causal variant per trait; shared observed subset; p1=p2=1e-4; effect prior SD as given times sdY; CP sdY=1; window sensitivity is not multi-signal conditioning
R001	ENSG00000164077	MON1A	0.0001	0.2	lead_250kb_shared_subset	535	1.1191309179250336e-22	0.6637127481808698	5.332787516625269e-24	0.0315962065724052	0.304691045246727	0.906043995419134	0.5348728431929675	True	one causal variant per trait; shared observed subset; p1=p2=1e-4; effect prior SD as given times sdY; CP sdY=1; window sensitivity is not multi-signal conditioning
R001	ENSG00000004534	RBM6	1e-06	0.1	gene_cis_shared_region	2170	1.247003087053158e-23	0.14251880204974643	7.209896404138249e-23	0.8236741627279632	0.033807035222293176	0.03942597843906819	0.6476296825126575	True	one causal variant per trait; shared observed subset; p1=p2=1e-4; effect prior SD as given times sdY; CP sdY=1; window sensitivity is not multi-signal conditioning
R001	ENSG00000004534	RBM6	1e-05	0.1	gene_cis_shared_region	2170	9.56097645926924e-24	0.1092714946376706	5.5279454004108e-23	0.6315244414158095	0.2592040639465165	0.2910023226898737	0.6476296825126575	True	one causal variant per trait; shared observed subset; p1=p2=1e-4; effect prior SD as given times sdY; CP sdY=1; window sensitivity is not multi-signal conditioning
R001	ENSG00000004534	RBM6	0.0001	0.1	gene_cis_shared_region	2170	2.8687204555721053e-24	0.032786334451657274	1.6586308014669305e-23	0.18948557095618546	0.7777280945921592	0.8040913009135784	0.6476296825126575	True	one causal variant per trait; shared observed subset; p1=p2=1e-4; effect prior SD as given times sdY; CP sdY=1; window sensitivity is not multi-signal conditioning
R001	ENSG00000004534	RBM6	1e-06	0.15	gene_cis_shared_region	2170	1.8892395225421185e-24	0.014796584721916856	1.2429363443734413e-22	0.9733532420048999	0.011850173273181101	0.012028148795887296	0.6476296825126575	True	one causal variant per trait; shared observed subset; p1=p2=1e-4; effect prior SD as given times sdY; CP sdY=1; window sensitivity is not multi-signal conditioning
R001	ENSG00000004534	RBM6	1e-05	0.15	gene_cis_shared_region	2170	1.707167451574667e-24	0.013370590404404534	1.1231505831713484e-22	0.8795480688438752	0.10708134075171907	0.10853248414276465	0.6476296825126575	True	one causal variant per trait; shared observed subset; p1=p2=1e-4; effect prior SD as given times sdY; CP sdY=1; window sensitivity is not multi-signal conditioning
R001	ENSG00000004534	RBM6	0.0001	0.15	gene_cis_shared_region	2170	8.693484617718758e-25	0.006808765121622573	5.719469586405078e-23	0.44789616859117104	0.5452950662872097	0.5490333051056202	0.6476296825126575	True	one causal variant per trait; shared observed subset; p1=p2=1e-4; effect prior SD as given times sdY; CP sdY=1; window sensitivity is not multi-signal conditioning
R001	ENSG00000004534	RBM6	1e-06	0.2	gene_cis_shared_region	2170	6.632538791470733e-25	0.003933729626065872	1.6688410704716202e-22	0.9897188347273321	0.006347435646600084	0.006372503351827383	0.6476296825126575	True	one causal variant per trait; shared observed subset; p1=p2=1e-4; effect prior SD as given times sdY; CP sdY=1; window sensitivity is not multi-signal conditioning
R001	ENSG00000004534	RBM6	1e-05	0.2	gene_cis_shared_region	2170	6.274117762822378e-25	0.0037211516882161644	1.5786572431416899e-22	0.9362346329806641	0.060044215331116854	0.06026848350024017	0.6476296825126575	True	one causal variant per trait; shared observed subset; p1=p2=1e-4; effect prior SD as given times sdY; CP sdY=1; window sensitivity is not multi-signal conditioning
R001	ENSG00000004534	RBM6	0.0001	0.2	gene_cis_shared_region	2170	4.073049962044061e-25	0.0024157080430111345	1.0248372866636096e-22	0.607787513795537	0.38979677816145536	0.39074069359770974	0.6476296825126575	True	one causal variant per trait; shared observed subset; p1=p2=1e-4; effect prior SD as given times sdY; CP sdY=1; window sensitivity is not multi-signal conditioning
R001	ENSG00000004534	RBM6	1e-06	0.1	lead_250kb_shared_subset	535	1.541339809876928e-23	0.17614790729770893	6.879421208933198e-23	0.7858159343978004	0.038036158304487463	0.0461686735294031	0.6286301951307144	True	one causal variant per trait; shared observed subset; p1=p2=1e-4; effect prior SD as given times sdY; CP sdY=1; window sensitivity is not multi-signal conditioning
R001	ENSG00000004534	RBM6	1e-05	0.1	lead_250kb_shared_subset	535	1.1482609071306508e-23	0.13122593377964026	5.1250025382360155e-23	0.5854138794620418	0.28336018675831826	0.3261609637947519	0.6286301951307144	True	one causal variant per trait; shared observed subset; p1=p2=1e-4; effect prior SD as given times sdY; CP sdY=1; window sensitivity is not multi-signal conditioning
R001	ENSG00000004534	RBM6	0.0001	0.1	lead_250kb_shared_subset	535	3.2343175771173345e-24	0.03696253539256249	1.4435644102531193e-23	0.16489409231599791	0.7981433722914383	0.8287770742302182	0.6286301951307144	True	one causal variant per trait; shared observed subset; p1=p2=1e-4; effect prior SD as given times sdY; CP sdY=1; window sensitivity is not multi-signal conditioning
R001	ENSG00000004534	RBM6	1e-06	0.15	lead_250kb_shared_subset	535	2.277049637135558e-24	0.01783288021148727	1.2375151269300783e-22	0.9690376979077252	0.013129421880789326	0.01336780840679784	0.6286301951307144	True	one causal variant per trait; shared observed subset; p1=p2=1e-4; effect prior SD as given times sdY; CP sdY=1; window sensitivity is not multi-signal conditioning
R001	ENSG00000004534	RBM6	1e-05	0.15	lead_250kb_shared_subset	535	2.036416853216315e-24	0.015948347024065543	1.1067376922712692e-22	0.8666322715317043	0.11741938144422914	0.11932237610610551	0.6286301951307144	True	one causal variant per trait; shared observed subset; p1=p2=1e-4; effect prior SD as given times sdY; CP sdY=1; window sensitivity is not multi-signal conditioning
R001	ENSG00000004534	RBM6	0.0001	0.15	lead_250kb_shared_subset	535	9.901021816222786e-25	0.007754057405710908	5.380938592561295e-23	0.4213550390493975	0.5708909035448898	0.5753522176692009	0.6286301951307144	True	one causal variant per trait; shared observed subset; p1=p2=1e-4; effect prior SD as given times sdY; CP sdY=1; window sensitivity is not multi-signal conditioning
R001	ENSG00000004534	RBM6	1e-06	0.2	lead_250kb_shared_subset	535	7.608652235682984e-25	0.004512393862427408	1.6671886530727113e-22	0.9886762278699243	0.006811378267649112	0.006842253209034729	0.6286301951307144	True	one causal variant per trait; shared observed subset; p1=p2=1e-4; effect prior SD as given times sdY; CP sdY=1; window sensitivity is not multi-signal conditioning
R001	ENSG00000004534	RBM6	1e-05	0.2	lead_250kb_shared_subset	535	7.169165172975469e-25	0.004251751285667606	1.5708893583458506e-22	0.931568819370225	0.06417942934410975	0.06445346946577644	0.6286301951307144	True	one causal variant per trait; shared observed subset; p1=p2=1e-4; effect prior SD as given times sdY; CP sdY=1; window sensitivity is not multi-signal conditioning
R001	ENSG00000004534	RBM6	0.0001	0.2	lead_250kb_shared_subset	535	4.544306304491512e-25	0.0026950502194344277	9.957369153243948e-23	0.5904919131853169	0.4068130365952511	0.4079123809470314	0.6286301951307144	True	one causal variant per trait; shared observed subset; p1=p2=1e-4; effect prior SD as given times sdY; CP sdY=1; window sensitivity is not multi-signal conditioning
R001	ENSG00000003756	RBM5	1e-06	0.1	gene_cis_shared_region	2082	7.290040781771429e-23	0.8331718581123057	1.3971994584659796e-23	0.15961244616244913	0.007215695725245949	0.04325226933297256	0.5479758146672365	True	one causal variant per trait; shared observed subset; p1=p2=1e-4; effect prior SD as given times sdY; CP sdY=1; window sensitivity is not multi-signal conditioning
R001	ENSG00000003756	RBM5	1e-05	0.1	gene_cis_shared_region	2082	6.845486267774898e-23	0.7823641436500143	1.3119967353525943e-23	0.14987910782379818	0.06775674852618647	0.3113308149794281	0.5479758146672365	True	one causal variant per trait; shared observed subset; p1=p2=1e-4; effect prior SD as given times sdY; CP sdY=1; window sensitivity is not multi-signal conditioning
R001	ENSG00000003756	RBM5	0.0001	0.1	gene_cis_shared_region	2082	4.2523547095082264e-23	0.4859975932552565	8.15000611819134e-24	0.09310355832743264	0.4208988484173079	0.8188655206556865	0.5479758146672365	True	one causal variant per trait; shared observed subset; p1=p2=1e-4; effect prior SD as given times sdY; CP sdY=1; window sensitivity is not multi-signal conditioning
R001	ENSG00000003756	RBM5	1e-06	0.15	gene_cis_shared_region	2082	1.0788298576350296e-22	0.8449430153541763	1.900990368663617e-23	0.14882384588027822	0.006233138765542219	0.04019901960417901	0.5479758146672365	True	one causal variant per trait; shared observed subset; p1=p2=1e-4; effect prior SD as given times sdY; CP sdY=1; window sensitivity is not multi-signal conditioning
R001	ENSG00000003756	RBM5	1e-05	0.15	gene_cis_shared_region	2082	1.0215241420663753e-22	0.8000609945545737	1.800012802465924e-23	0.14091856135233213	0.05902044409309662	0.2951922460632907	0.5479758146672365	True	one causal variant per trait; shared observed subset; p1=p2=1e-4; effect prior SD as given times sdY; CP sdY=1; window sensitivity is not multi-signal conditioning
R001	ENSG00000003756	RBM5	0.0001	0.15	gene_cis_shared_region	2082	6.6714656381988e-23	0.5225113351542481	1.1755692367365556e-23	0.09203241520506389	0.3854562496406908	0.8072573822568259	0.5479758146672365	True	one causal variant per trait; shared observed subset; p1=p2=1e-4; effect prior SD as given times sdY; CP sdY=1; window sensitivity is not multi-signal conditioning
R001	ENSG00000003756	RBM5	1e-06	0.2	gene_cis_shared_region	2082	1.4448214090917694e-22	0.8569172318490483	2.3232929673226057e-23	0.1377400583671878	0.00534270978376251	0.037339994555640875	0.5479758146672365	True	one causal variant per trait; shared observed subset; p1=p2=1e-4; effect prior SD as given times sdY; CP sdY=1; window sensitivity is not multi-signal conditioning
R001	ENSG00000003756	RBM5	1e-05	0.2	gene_cis_shared_region	2082	1.3785353789827893e-22	0.8176032785301006	2.2167041068483306e-23	0.1314207710153486	0.05097595045455397	0.2794784360362834	0.5479758146672365	True	one causal variant per trait; shared observed subset; p1=p2=1e-4; effect prior SD as given times sdY; CP sdY=1; window sensitivity is not multi-signal conditioning
R001	ENSG00000003756	RBM5	0.0001	0.2	gene_cis_shared_region	2082	9.449896628714007e-23	0.5604692185055323	1.5195565515061084e-23	0.09008928750724818	0.3494414939872198	0.7950330413698634	0.5479758146672365	True	one causal variant per trait; shared observed subset; p1=p2=1e-4; effect prior SD as given times sdY; CP sdY=1; window sensitivity is not multi-signal conditioning
R001	ENSG00000003756	RBM5	1e-06	0.1	lead_250kb_shared_subset	535	8.279265090852885e-23	0.9461737187162896	3.9980892151722325e-24	0.045608922163888045	0.008217359119824179	0.1526644405641068	0.5426401968861124	True	one causal variant per trait; shared observed subset; p1=p2=1e-4; effect prior SD as given times sdY; CP sdY=1; window sensitivity is not multi-signal conditioning
R001	ENSG00000003756	RBM5	1e-05	0.1	lead_250kb_shared_subset	535	7.709127098066245e-23	0.8810170195531752	3.72276736774901e-24	0.042468138646228934	0.07651484180059316	0.6430738372265812	0.5426401968861124	True	one causal variant per trait; shared observed subset; p1=p2=1e-4; effect prior SD as given times sdY; CP sdY=1; window sensitivity is not multi-signal conditioning
R001	ENSG00000003756	RBM5	0.0001	0.1	lead_250kb_shared_subset	535	4.5653048753122886e-23	0.5217336857253421	2.2046034262298275e-24	0.025149410295194116	0.4531169039794658	0.9474154680257258	0.5426401968861124	True	one causal variant per trait; shared observed subset; p1=p2=1e-4; effect prior SD as given times sdY; CP sdY=1; window sensitivity is not multi-signal conditioning
R001	ENSG00000003756	RBM5	1e-06	0.15	lead_250kb_shared_subset	535	1.2153686037198514e-22	0.9518247810444362	5.259407558052388e-24	0.04111887017075361	0.007056348784813064	0.14647258357707368	0.5426401968861124	True	one causal variant per trait; shared observed subset; p1=p2=1e-4; effect prior SD as given times sdY; CP sdY=1; window sensitivity is not multi-signal conditioning
R001	ENSG00000003756	RBM5	1e-05	0.15	lead_250kb_shared_subset	535	1.1427930843889606e-22	0.8949867340643823	4.945342974081574e-24	0.03866346417473876	0.0663498017608786	0.6318230479714537	0.5426401968861124	True	one causal variant per trait; shared observed subset; p1=p2=1e-4; effect prior SD as given times sdY; CP sdY=1; window sensitivity is not multi-signal conditioning
R001	ENSG00000003756	RBM5	0.0001	0.15	lead_250kb_shared_subset	535	7.155209973936328e-23	0.5603654846705887	3.096358199577694e-24	0.024207812268827292	0.4154267030605815	0.9449365065190823	0.5426401968861124	True	one causal variant per trait; shared observed subset; p1=p2=1e-4; effect prior SD as given times sdY; CP sdY=1; window sensitivity is not multi-signal conditioning
R001	ENSG00000003756	RBM5	1e-06	0.2	lead_250kb_shared_subset	535	1.614053440369712e-22	0.9572319265424223	6.208727236386309e-24	0.036761465257764935	0.006006608199810052	0.14044607844607446	0.5426401968861124	True	one causal variant per trait; shared observed subset; p1=p2=1e-4; effect prior SD as given times sdY; CP sdY=1; window sensitivity is not multi-signal conditioning
R001	ENSG00000003756	RBM5	1e-05	0.2	lead_250kb_shared_subset	535	1.5312735955529056e-22	0.9081384403225831	5.890300681054775e-24	0.03487608258507031	0.05698547709234373	0.620340839982001	0.5426401968861124	True	one causal variant per trait; shared observed subset; p1=p2=1e-4; effect prior SD as given times sdY; CP sdY=1; window sensitivity is not multi-signal conditioning
R001	ENSG00000003756	RBM5	0.0001	0.2	lead_250kb_shared_subset	535	1.0121651631088379e-22	0.6002755453003271	3.8934630407750144e-24	0.023052938365053496	0.3766715163346164	0.9423279259149302	0.5426401968861124	True	one causal variant per trait; shared observed subset; p1=p2=1e-4; effect prior SD as given times sdY; CP sdY=1; window sensitivity is not multi-signal conditioning
R001	ENSG00000235016	SEMA3F-AS1	1e-06	0.1	gene_cis_shared_region	2036	7.224923488015011e-23	0.8257296642675218	1.462337527512824e-23	0.16705703837921726	0.007213297353257872	0.041391423978955934	0.8402636184216923	True	one causal variant per trait; shared observed subset; p1=p2=1e-4; effect prior SD as given times sdY; CP sdY=1; window sensitivity is not multi-signal conditioning
R001	ENSG00000235016	SEMA3F-AS1	1e-05	0.1	gene_cis_shared_region	2036	6.784477411419755e-23	0.7753914992256014	1.3731904482780812e-23	0.15687290047882207	0.06773560029557804	0.3015718463995831	0.8402636184216923	True	one causal variant per trait; shared observed subset; p1=p2=1e-4; effect prior SD as given times sdY; CP sdY=1; window sensitivity is not multi-signal conditioning
R001	ENSG00000235016	SEMA3F-AS1	0.0001	0.1	gene_cis_shared_region	2036	4.214954905024244e-23	0.4817232050141238	8.531144647574152e-24	0.09745956265188926	0.4208172323339844	0.8119546088214394	0.8402636184216923	True	one causal variant per trait; shared observed subset; p1=p2=1e-4; effect prior SD as given times sdY; CP sdY=1; window sensitivity is not multi-signal conditioning
R001	ENSG00000235016	SEMA3F-AS1	1e-06	0.15	gene_cis_shared_region	2036	1.058509661480698e-22	0.8290281723511586	2.1048419053213308e-23	0.16479007770344045	0.00618174994540161	0.03615654128759895	0.8402636184216923	True	one causal variant per trait; shared observed subset; p1=p2=1e-4; effect prior SD as given times sdY; CP sdY=1; window sensitivity is not multi-signal conditioning
R001	ENSG00000235016	SEMA3F-AS1	1e-05	0.15	gene_cis_shared_region	2036	1.0027224466142037e-22	0.7853354461868689	1.993909268704765e-23	0.15610505591549736	0.05855949789763292	0.2727953770542393	0.8402636184216923	True	one causal variant per trait; shared observed subset; p1=p2=1e-4; effect prior SD as given times sdY; CP sdY=1; window sensitivity is not multi-signal conditioning
R001	ENSG00000235016	SEMA3F-AS1	0.0001	0.15	gene_cis_shared_region	2036	6.56646462403008e-23	0.5142876219432092	1.3057386638431381e-23	0.10222752375421204	0.3834848543025778	0.7895307421169746	0.8402636184216923	True	one causal variant per trait; shared observed subset; p1=p2=1e-4; effect prior SD as given times sdY; CP sdY=1; window sensitivity is not multi-signal conditioning
R001	ENSG00000235016	SEMA3F-AS1	1e-06	0.2	gene_cis_shared_region	2036	1.4060217002744046e-22	0.8339052949639038	2.712665826596743e-23	0.16083441583789684	0.005260289198201681	0.03167042078227855	0.8402636184216923	True	one causal variant per trait; shared observed subset; p1=p2=1e-4; effect prior SD as given times sdY; CP sdY=1; window sensitivity is not multi-signal conditioning
R001	ENSG00000235016	SEMA3F-AS1	1e-05	0.2	gene_cis_shared_region	2036	1.3424658717569863e-22	0.7962106122174358	2.5900462937213997e-23	0.15356428298667726	0.05022510479588942	0.2464559383704374	0.8402636184216923	True	one causal variant per trait; shared observed subset; p1=p2=1e-4; effect prior SD as given times sdY; CP sdY=1; window sensitivity is not multi-signal conditioning
R001	ENSG00000235016	SEMA3F-AS1	0.0001	0.2	gene_cis_shared_region	2036	9.245467535054073e-23	0.5483446187490406	1.7837465686593688e-23	0.10575863586304927	0.34589674538791115	0.765842187974984	0.8402636184216923	True	one causal variant per trait; shared observed subset; p1=p2=1e-4; effect prior SD as given times sdY; CP sdY=1; window sensitivity is not multi-signal conditioning
R001	ENSG00000235016	SEMA3F-AS1	1e-06	0.1	lead_250kb_shared_subset	535	8.247886958417477e-23	0.9425877525795631	4.308427932936314e-24	0.0491551479866787	0.008257099433759059	0.14382121942189768	0.8319668196000259	True	one causal variant per trait; shared observed subset; p1=p2=1e-4; effect prior SD as given times sdY; CP sdY=1; window sensitivity is not multi-signal conditioning
R001	ENSG00000235016	SEMA3F-AS1	1e-05	0.1	lead_250kb_shared_subset	535	7.677352957587703e-23	0.8773857966939373	4.010399524174447e-24	0.04575492155491388	0.0768592817511515	0.6268383244255805	0.8319668196000259	True	one causal variant per trait; shared observed subset; p1=p2=1e-4; effect prior SD as given times sdY; CP sdY=1; window sensitivity is not multi-signal conditioning
R001	ENSG00000235016	SEMA3F-AS1	0.0001	0.1	lead_250kb_shared_subset	535	4.538157337016446e-23	0.5186312017510399	2.3705858159109682e-24	0.027046175173413907	0.4543226230755453	0.9438140251885917	0.8319668196000259	True	one causal variant per trait; shared observed subset; p1=p2=1e-4; effect prior SD as given times sdY; CP sdY=1; window sensitivity is not multi-signal conditioning
R001	ENSG00000235016	SEMA3F-AS1	1e-06	0.15	lead_250kb_shared_subset	535	1.2069523482064195e-22	0.9452335291914856	6.09761930232489e-24	0.04768311648944941	0.00708335431906151	0.12933742515248453	0.8319668196000259	True	one causal variant per trait; shared observed subset; p1=p2=1e-4; effect prior SD as given times sdY; CP sdY=1; window sensitivity is not multi-signal conditioning
R001	ENSG00000235016	SEMA3F-AS1	1e-05	0.15	lead_250kb_shared_subset	535	1.1346201023821025e-22	0.8885860036313696	5.732191040824518e-24	0.044825483453058375	0.06658851291557157	0.5976673944560202	0.8319668196000259	True	one causal variant per trait; shared observed subset; p1=p2=1e-4; effect prior SD as given times sdY; CP sdY=1; window sensitivity is not multi-signal conditioning
R001	ENSG00000235016	SEMA3F-AS1	0.0001	0.15	lead_250kb_shared_subset	535	7.094494485016331e-23	0.5556105068992028	3.58419506589125e-24	0.028028248792547554	0.41636124430824756	0.9369286420410703	0.8319668196000259	True	one causal variant per trait; shared observed subset; p1=p2=1e-4; effect prior SD as given times sdY; CP sdY=1; window sensitivity is not multi-signal conditioning
R001	ENSG00000235016	SEMA3F-AS1	1e-06	0.2	lead_250kb_shared_subset	535	1.5991071761887276e-22	0.9483678822061339	7.70090633008728e-24	0.045610848863551386	0.0060212689303127875	0.11661867046306475	0.8319668196000259	True	one causal variant per trait; shared observed subset; p1=p2=1e-4; effect prior SD as given times sdY; CP sdY=1; window sensitivity is not multi-signal conditioning
R001	ENSG00000235016	SEMA3F-AS1	1e-05	0.2	lead_250kb_shared_subset	535	1.5169039941751788e-22	0.8996163921261507	7.305036050629073e-24	0.04326619244104748	0.057117415432800155	0.5689914582924711	0.8319668196000259	True	one causal variant per trait; shared observed subset; p1=p2=1e-4; effect prior SD as given times sdY; CP sdY=1; window sensitivity is not multi-signal conditioning
R001	ENSG00000235016	SEMA3F-AS1	0.0001	0.2	lead_250kb_shared_subset	535	1.0018805472785993e-22	0.5941761421587106	4.824809971097584e-24	0.02857633490843843	0.37724752293284963	0.9295843889995885	0.8319668196000259	True	one causal variant per trait; shared observed subset; p1=p2=1e-4; effect prior SD as given times sdY; CP sdY=1; window sensitivity is not multi-signal conditioning
R001	ENSG00000001617	SEMA3F	1e-06	0.1	gene_cis_shared_region	2038	6.537775339744044e-23	0.7471961530524815	1.838730857205693e-23	0.2097159294266257	0.043087917520891084	0.17044011806448628	0.6658539516516289	True	one causal variant per trait; shared observed subset; p1=p2=1e-4; effect prior SD as given times sdY; CP sdY=1; window sensitivity is not multi-signal conditioning
R001	ENSG00000001617	SEMA3F	1e-05	0.1	gene_cis_shared_region	2038	4.710921259610479e-23	0.5384067300562685	1.3249333046447604e-23	0.15111489445177856	0.31047837549195295	0.6726232718466637	0.6658539516516289	True	one causal variant per trait; shared observed subset; p1=p2=1e-4; effect prior SD as given times sdY; CP sdY=1; window sensitivity is not multi-signal conditioning
R001	ENSG00000001617	SEMA3F	0.0001	0.1	gene_cis_shared_region	2038	1.241576728418516e-23	0.14189862865953431	3.491899497147596e-24	0.03982676124887342	0.8182746100915935	0.9535873469277193	0.6658539516516289	True	one causal variant per trait; shared observed subset; p1=p2=1e-4; effect prior SD as given times sdY; CP sdY=1; window sensitivity is not multi-signal conditioning
R001	ENSG00000001617	SEMA3F	1e-06	0.15	gene_cis_shared_region	2038	8.862110181501374e-23	0.6940833205686003	3.0067708354711337e-23	0.23477989130311577	0.07113678812828474	0.2325364810460968	0.6658539516516289	True	one causal variant per trait; shared observed subset; p1=p2=1e-4; effect prior SD as given times sdY; CP sdY=1; window sensitivity is not multi-signal conditioning
R001	ENSG00000001617	SEMA3F	1e-05	0.15	gene_cis_shared_region	2038	5.402964386230124e-23	0.4231619089927822	1.8331385425015897e-23	0.1431383006229798	0.43369979038424095	0.7518570585845934	0.6658539516516289	True	one causal variant per trait; shared observed subset; p1=p2=1e-4; effect prior SD as given times sdY; CP sdY=1; window sensitivity is not multi-signal conditioning
R001	ENSG00000001617	SEMA3F	0.0001	0.15	gene_cis_shared_region	2038	1.1019041186585158e-23	0.08630148508232029	3.7385826847242465e-24	0.029192249239364955	0.8845062656783126	0.9680504578230653	0.6658539516516289	True	one causal variant per trait; shared observed subset; p1=p2=1e-4; effect prior SD as given times sdY; CP sdY=1; window sensitivity is not multi-signal conditioning
R001	ENSG00000001617	SEMA3F	1e-06	0.2	gene_cis_shared_region	2038	1.1244102752640298e-22	0.6668827956720009	4.160067824841207e-23	0.24585921563708651	0.08725798869091521	0.2619438070361481	0.6658539516516289	True	one causal variant per trait; shared observed subset; p1=p2=1e-4; effect prior SD as given times sdY; CP sdY=1; window sensitivity is not multi-signal conditioning
R001	ENSG00000001617	SEMA3F	1e-05	0.2	gene_cis_shared_region	2038	6.29808146299105e-23	0.3735364453533857	2.3301500020769208e-23	0.13771142105099088	0.48875213359562125	0.7801764842829941	0.6658539516516289	True	one causal variant per trait; shared observed subset; p1=p2=1e-4; effect prior SD as given times sdY; CP sdY=1; window sensitivity is not multi-signal conditioning
R001	ENSG00000001617	SEMA3F	0.0001	0.2	gene_cis_shared_region	2038	1.166577274730918e-23	0.06918918578517066	4.31607634024819e-24	0.02550792891660875	0.9053028852982213	0.9725960114267413	0.6658539516516289	True	one causal variant per trait; shared observed subset; p1=p2=1e-4; effect prior SD as given times sdY; CP sdY=1; window sensitivity is not multi-signal conditioning
R001	ENSG00000001617	SEMA3F	1e-06	0.1	lead_250kb_shared_subset	535	7.512031228519254e-23	0.8584924440278751	8.195743331281114e-24	0.09317958602968436	0.0483279699424409	0.34152218664536005	0.6560385049475855	True	one causal variant per trait; shared observed subset; p1=p2=1e-4; effect prior SD as given times sdY; CP sdY=1; window sensitivity is not multi-signal conditioning
R001	ENSG00000001617	SEMA3F	1e-05	0.1	lead_250kb_shared_subset	535	5.2350410638768667e-23	0.5982726989275081	5.7115115183977896e-24	0.06493569373467556	0.3367916073378128	0.8383587733238015	0.6560385049475855	True	one causal variant per trait; shared observed subset; p1=p2=1e-4; effect prior SD as given times sdY; CP sdY=1; window sensitivity is not multi-signal conditioning
R001	ENSG00000001617	SEMA3F	0.0001	0.1	lead_250kb_shared_subset	535	1.2986552779450902e-23	0.14841335313944673	1.4168531799287387e-24	0.016108580690503988	0.8354780661700472	0.9810840379544586	0.6560385049475855	True	one causal variant per trait; shared observed subset; p1=p2=1e-4; effect prior SD as given times sdY; CP sdY=1; window sensitivity is not multi-signal conditioning
R001	ENSG00000001617	SEMA3F	1e-06	0.15	lead_250kb_shared_subset	535	1.0162920506386702e-22	0.7959165273939628	1.5919492748840382e-23	0.123872558724303	0.08021091388173775	0.39302993455317925	0.6560385049475855	True	one causal variant per trait; shared observed subset; p1=p2=1e-4; effect prior SD as given times sdY; CP sdY=1; window sensitivity is not multi-signal conditioning
R001	ENSG00000001617	SEMA3F	1e-05	0.15	lead_250kb_shared_subset	535	5.902160975145082e-23	0.46223203896020837	9.245315732545949e-24	0.0719395356417963	0.4658284253979981	0.8662256942516647	0.6560385049475855	True	one causal variant per trait; shared observed subset; p1=p2=1e-4; effect prior SD as given times sdY; CP sdY=1; window sensitivity is not multi-signal conditioning
R001	ENSG00000001617	SEMA3F	0.0001	0.15	lead_250kb_shared_subset	535	1.13668005467788e-23	0.08901992702871721	1.780528527879798e-24	0.013854626407374166	0.897125446563907	0.9847915154036406	0.6560385049475855	True	one causal variant per trait; shared observed subset; p1=p2=1e-4; effect prior SD as given times sdY; CP sdY=1; window sensitivity is not multi-signal conditioning
R001	ENSG00000001617	SEMA3F	1e-06	0.2	lead_250kb_shared_subset	535	1.2826384553384071e-22	0.760682669453464	2.3880264071216627e-23	0.14063770396133046	0.09867962658520311	0.41233798805897826	0.6560385049475855	True	one causal variant per trait; shared observed subset; p1=p2=1e-4; effect prior SD as given times sdY; CP sdY=1; window sensitivity is not multi-signal conditioning
R001	ENSG00000001617	SEMA3F	1e-05	0.2	lead_250kb_shared_subset	535	6.79321620636989e-23	0.402879066702597	1.2647663589517187e-23	0.07448570762870944	0.5226352256686906	0.8752585892151074	0.6560385049475855	True	one causal variant per trait; shared observed subset; p1=p2=1e-4; effect prior SD as given times sdY; CP sdY=1; window sensitivity is not multi-signal conditioning
R001	ENSG00000001617	SEMA3F	0.0001	0.2	lead_250kb_shared_subset	535	1.1910156428565206e-23	0.07063447651972196	2.217442331156332e-24	0.01305915199222496	0.9163063714880504	0.9859483145626908	0.6560385049475855	True	one causal variant per trait; shared observed subset; p1=p2=1e-4; effect prior SD as given times sdY; CP sdY=1; window sensitivity is not multi-signal conditioning
R001	ENSG00000188338	SLC38A3	1e-06	0.1	gene_cis_shared_region	1993	7.237108790831199e-23	0.8271223109882991	1.4520900141050167e-23	0.16588809682674713	0.00698959218495385	0.04043085157437967	0.6192121147386846	True	one causal variant per trait; shared observed subset; p1=p2=1e-4; effect prior SD as given times sdY; CP sdY=1; window sensitivity is not multi-signal conditioning
R001	ENSG00000188338	SLC38A3	1e-05	0.1	gene_cis_shared_region	1993	6.808792636614542e-23	0.7781704632893768	1.3661505003580487e-23	0.1560702878485029	0.06575924886212234	0.29644045530286944	0.6192121147386846	True	one causal variant per trait; shared observed subset; p1=p2=1e-4; effect prior SD as given times sdY; CP sdY=1; window sensitivity is not multi-signal conditioning
R001	ENSG00000188338	SLC38A3	0.0001	0.1	gene_cis_shared_region	1993	4.277327842233596e-23	0.4888517489477334	8.582246344879618e-24	0.09804437044681955	0.4131038806054457	0.8081879958603351	0.6192121147386846	True	one causal variant per trait; shared observed subset; p1=p2=1e-4; effect prior SD as given times sdY; CP sdY=1; window sensitivity is not multi-signal conditioning
R001	ENSG00000188338	SLC38A3	1e-06	0.15	gene_cis_shared_region	1993	1.058405945299071e-22	0.8289469415040285	2.1094065249375153e-23	0.16515037080284992	0.0059026876931181065	0.03450793423408586	0.6192121147386846	True	one causal variant per trait; shared observed subset; p1=p2=1e-4; effect prior SD as given times sdY; CP sdY=1; window sensitivity is not multi-signal conditioning
R001	ENSG00000188338	SLC38A3	1e-05	0.15	gene_cis_shared_region	1993	1.0050153211890751e-22	0.7871312329306357	2.0029988357438497e-23	0.15681946392508303	0.056049303144282775	0.26330449467027	0.6192121147386846	True	one causal variant per trait; shared observed subset; p1=p2=1e-4; effect prior SD as given times sdY; CP sdY=1; window sensitivity is not multi-signal conditioning
R001	ENSG00000188338	SLC38A3	0.0001	0.15	gene_cis_shared_region	1993	6.680311814159355e-23	0.5232041705015057	1.3313883384718815e-23	0.10423750717644846	0.372558322322045	0.781379154918179	0.6192121147386846	True	one causal variant per trait; shared observed subset; p1=p2=1e-4; effect prior SD as given times sdY; CP sdY=1; window sensitivity is not multi-signal conditioning
R001	ENSG00000188338	SLC38A3	1e-06	0.2	gene_cis_shared_region	1993	1.4034155669751009e-22	0.8323596087506349	2.743447627709768e-23	0.16266289891065533	0.004977492338707294	0.029691486053044027	0.6192121147386846	True	one causal variant per trait; shared observed subset; p1=p2=1e-4; effect prior SD as given times sdY; CP sdY=1; window sensitivity is not multi-signal conditioning
R001	ENSG00000188338	SLC38A3	1e-05	0.2	gene_cis_shared_region	1993	1.3432417856989752e-22	0.7966708033684932	2.6258177386184477e-23	0.15568845603634168	0.04764074059516798	0.23430349101072065	0.6192121147386846	True	one causal variant per trait; shared observed subset; p1=p2=1e-4; effect prior SD as given times sdY; CP sdY=1; window sensitivity is not multi-signal conditioning
R001	ENSG00000188338	SLC38A3	0.0001	0.2	gene_cis_shared_region	1993	9.401407649469459e-23	0.5575933584436619	1.8378212498142435e-23	0.10896702716499396	0.33343961439134245	0.7536948659232142	0.6192121147386846	True	one causal variant per trait; shared observed subset; p1=p2=1e-4; effect prior SD as given times sdY; CP sdY=1; window sensitivity is not multi-signal conditioning
R001	ENSG00000188338	SLC38A3	1e-06	0.1	lead_250kb_shared_subset	535	8.236157575407338e-23	0.9412472913406528	4.450037383361794e-24	0.050776300719075455	0.00797640794026966	0.1357623864887282	0.6136727817416532	True	one causal variant per trait; shared observed subset; p1=p2=1e-4; effect prior SD as given times sdY; CP sdY=1; window sensitivity is not multi-signal conditioning
R001	ENSG00000188338	SLC38A3	1e-05	0.1	lead_250kb_shared_subset	535	7.684504864820225e-23	0.8782031333280288	4.1519766478465314e-24	0.04737533568546522	0.07442153098650647	0.6110299305723651	0.6136727817416532	True	one causal variant per trait; shared observed subset; p1=p2=1e-4; effect prior SD as given times sdY; CP sdY=1; window sensitivity is not multi-signal conditioning
R001	ENSG00000188338	SLC38A3	0.0001	0.1	lead_250kb_shared_subset	535	4.602068208674953e-23	0.5259350851802997	2.48652061132664e-24	0.028371968014686666	0.44569294680501637	0.9401517236822363	0.6136727817416532	True	one causal variant per trait; shared observed subset; p1=p2=1e-4; effect prior SD as given times sdY; CP sdY=1; window sensitivity is not multi-signal conditioning
R001	ENSG00000188338	SLC38A3	1e-06	0.15	lead_250kb_shared_subset	535	1.2033078875155254e-22	0.9423793432362798	6.505176852704871e-24	0.05087834356405001	0.006742313199667043	0.11701208521997594	0.6136727817416532	True	one causal variant per trait; shared observed subset; p1=p2=1e-4; effect prior SD as given times sdY; CP sdY=1; window sensitivity is not multi-signal conditioning
R001	ENSG00000188338	SLC38A3	1e-05	0.15	lead_250kb_shared_subset	535	1.134467472392201e-22	0.8884664703422307	6.1330201672571775e-24	0.04796762858571814	0.06356590107204908	0.569926382381124	0.6136727817416532	True	one causal variant per trait; shared observed subset; p1=p2=1e-4; effect prior SD as given times sdY; CP sdY=1; window sensitivity is not multi-signal conditioning
R001	ENSG00000188338	SLC38A3	0.0001	0.15	lead_250kb_shared_subset	535	7.216286779896208e-23	0.5651487592493235	3.901181252953044e-24	0.030511951417715132	0.4043392893329583	0.9298335877689045	0.6136727817416532	True	one causal variant per trait; shared observed subset; p1=p2=1e-4; effect prior SD as given times sdY; CP sdY=1; window sensitivity is not multi-signal conditioning
R001	ENSG00000188338	SLC38A3	1e-06	0.2	lead_250kb_shared_subset	535	1.5911122652997724e-22	0.9436264134533914	8.557844027633701e-24	0.05069645231642013	0.005677134230187261	0.10070557113646898	0.6136727817416532	True	one causal variant per trait; shared observed subset; p1=p2=1e-4; effect prior SD as given times sdY; CP sdY=1; window sensitivity is not multi-signal conditioning
R001	ENSG00000188338	SLC38A3	1e-05	0.2	lead_250kb_shared_subset	535	1.513767513017502e-22	0.8977562679034736	8.141843006949638e-24	0.0482320727553307	0.054011659341196505	0.5282637696578278	0.6136727817416532	True	one causal variant per trait; shared observed subset; p1=p2=1e-4; effect prior SD as given times sdY; CP sdY=1; window sensitivity is not multi-signal conditioning
R001	ENSG00000188338	SLC38A3	0.0001	0.2	lead_250kb_shared_subset	535	1.018614149184579e-22	0.6041001865489545	5.4786461038436446e-24	0.03245536142808732	0.3634444520229598	0.9180212762790291	0.6136727817416532	True	one causal variant per trait; shared observed subset; p1=p2=1e-4; effect prior SD as given times sdY; CP sdY=1; window sensitivity is not multi-signal conditioning
R001	ENSG00000114353	GNAI2	1e-06	0.1	gene_cis_shared_region	1970	7.332713690285759e-23	0.8380489044200359	1.361643376187998e-23	0.15555699109888937	0.006394104481072434	0.03948169944867959	0.40406186302331976	True	one causal variant per trait; shared observed subset; p1=p2=1e-4; effect prior SD as given times sdY; CP sdY=1; window sensitivity is not multi-signal conditioning
R001	ENSG00000114353	GNAI2	1e-05	0.1	gene_cis_shared_region	1970	6.933700444540139e-23	0.7924460583837591	1.2875488777486863e-23	0.14709228041490088	0.06046166120133919	0.2913057720345811	0.40406186302331976	True	one causal variant per trait; shared observed subset; p1=p2=1e-4; effect prior SD as given times sdY; CP sdY=1; window sensitivity is not multi-signal conditioning
R001	ENSG00000114353	GNAI2	0.0001	0.1	gene_cis_shared_region	1970	4.4902879992022586e-23	0.5131907636387258	8.338210340041167e-24	0.09525746126549431	0.39155177509577777	0.8043228144611423	0.40406186302331976	True	one causal variant per trait; shared observed subset; p1=p2=1e-4; effect prior SD as given times sdY; CP sdY=1; window sensitivity is not multi-signal conditioning
R001	ENSG00000114353	GNAI2	1e-06	0.15	gene_cis_shared_region	1970	1.081373914729513e-22	0.8469355290554174	1.8883105054849102e-23	0.14784085009587475	0.005223620848706295	0.034126932373467485	0.40406186302331976	True	one causal variant per trait; shared observed subset; p1=p2=1e-4; effect prior SD as given times sdY; CP sdY=1; window sensitivity is not multi-signal conditioning
R001	ENSG00000114353	GNAI2	1e-05	0.15	gene_cis_shared_region	1970	1.0328184469765225e-22	0.8089067304966889	1.8035222573056116e-23	0.1412025527117544	0.04989071679155943	0.2610804499877703	0.40406186302331976	True	one causal variant per trait; shared observed subset; p1=p2=1e-4; effect prior SD as given times sdY; CP sdY=1; window sensitivity is not multi-signal conditioning
R001	ENSG00000114353	GNAI2	0.0001	0.15	gene_cis_shared_region	1970	7.127720642338721e-23	0.5582453738666653	1.2446527131604135e-23	0.09744717018376137	0.34430745594957246	0.7794088292029587	0.40406186302331976	True	one causal variant per trait; shared observed subset; p1=p2=1e-4; effect prior SD as given times sdY; CP sdY=1; window sensitivity is not multi-signal conditioning
R001	ENSG00000114353	GNAI2	1e-06	0.2	gene_cis_shared_region	1970	1.4437602313941687e-22	0.8562878520174609	2.350792805028508e-23	0.13938117907189518	0.004330968910645265	0.0301364148504094	0.40406186302331976	True	one causal variant per trait; shared observed subset; p1=p2=1e-4; effect prior SD as given times sdY; CP sdY=1; window sensitivity is not multi-signal conditioning
R001	ENSG00000114353	GNAI2	1e-05	0.2	gene_cis_shared_region	1970	1.3895955743175148e-22	0.8241630318050058	2.2625995694940467e-23	0.1341521018309473	0.041684866364048695	0.23706542936876554	0.40406186302331976	True	one causal variant per trait; shared observed subset; p1=p2=1e-4; effect prior SD as given times sdY; CP sdY=1; window sensitivity is not multi-signal conditioning
R001	ENSG00000114353	GNAI2	0.0001	0.2	gene_cis_shared_region	1970	1.0104945876772342e-22	0.5993199016999212	1.6453309591011558e-23	0.09755354387356643	0.30312655442651454	0.7565300989805943	0.40406186302331976	True	one causal variant per trait; shared observed subset; p1=p2=1e-4; effect prior SD as given times sdY; CP sdY=1; window sensitivity is not multi-signal conditioning
R001	ENSG00000114353	GNAI2	1e-06	0.1	lead_250kb_shared_subset	535	8.302029984734573e-23	0.9487753438682631	3.853090484364511e-24	0.043961383727116096	0.00726327240462409	0.14179250683390276	0.40084691654077104	True	one causal variant per trait; shared observed subset; p1=p2=1e-4; effect prior SD as given times sdY; CP sdY=1; window sensitivity is not multi-signal conditioning
R001	ENSG00000114353	GNAI2	1e-05	0.1	lead_250kb_shared_subset	535	7.792630032653941e-23	0.8905599296153079	3.6166707036955805e-24	0.04126397998307178	0.06817609040161728	0.6229536417691786	0.40084691654077104	True	one causal variant per trait; shared observed subset; p1=p2=1e-4; effect prior SD as given times sdY; CP sdY=1; window sensitivity is not multi-signal conditioning
R001	ENSG00000114353	GNAI2	0.0001	0.1	lead_250kb_shared_subset	535	4.8293897952583284e-23	0.5519139261235269	2.2413886603171228e-24	0.025572860896377232	0.42251321298009675	0.9429286862786389	0.40084691654077104	True	one causal variant per trait; shared observed subset; p1=p2=1e-4; effect prior SD as given times sdY; CP sdY=1; window sensitivity is not multi-signal conditioning
R001	ENSG00000114353	GNAI2	1e-06	0.15	lead_250kb_shared_subset	535	1.2189921293933295e-22	0.9546625715881536	5.0410267785723285e-24	0.039419994325066966	0.005917434086782808	0.13051984406853076	0.40084691654077104	True	one causal variant per trait; shared observed subset; p1=p2=1e-4; effect prior SD as given times sdY; CP sdY=1; window sensitivity is not multi-signal conditioning
R001	ENSG00000114353	GNAI2	1e-05	0.15	lead_250kb_shared_subset	535	1.1573549829535921e-22	0.9063909910695819	4.786132183057443e-24	0.037426760813315745	0.056182248117105704	0.600179926687028	0.40084691654077104	True	one causal variant per trait; shared observed subset; p1=p2=1e-4; effect prior SD as given times sdY; CP sdY=1; window sensitivity is not multi-signal conditioning
R001	ENSG00000114353	GNAI2	0.0001	0.15	lead_250kb_shared_subset	535	7.686796337834799e-23	0.601997058242198	3.1788019992993314e-24	0.024857705042459766	0.3731452367153398	0.9375439163020391	0.40084691654077104	True	one causal variant per trait; shared observed subset; p1=p2=1e-4; effect prior SD as given times sdY; CP sdY=1; window sensitivity is not multi-signal conditioning
R001	ENSG00000114353	GNAI2	1e-06	0.2	lead_250kb_shared_subset	535	1.6181721433972023e-22	0.9596745681150317	5.984428971118352e-24	0.03544247655843127	0.004882955326534178	0.1210887298234912	0.40084691654077104	True	one causal variant per trait; shared observed subset; p1=p2=1e-4; effect prior SD as given times sdY; CP sdY=1; window sensitivity is not multi-signal conditioning
R001	ENSG00000114353	GNAI2	1e-05	0.2	lead_250kb_shared_subset	535	1.5500526047904787e-22	0.9192755357504286	5.732504883807434e-24	0.03395046894966641	0.0467739952999052	0.5794277575543454	0.40084691654077104	True	one causal variant per trait; shared observed subset; p1=p2=1e-4; effect prior SD as given times sdY; CP sdY=1; window sensitivity is not multi-signal conditioning
R001	ENSG00000114353	GNAI2	0.0001	0.2	lead_250kb_shared_subset	535	1.0908442924982834e-22	0.6469370576892157	4.0342309769965086e-24	0.02389252801287334	0.3291704142979082	0.9323278510723958	0.40084691654077104	True	one causal variant per trait; shared observed subset; p1=p2=1e-4; effect prior SD as given times sdY; CP sdY=1; window sensitivity is not multi-signal conditioning
R001	ENSG00000213600	U73169.1	1e-06	0.1	gene_cis_shared_region	1952	7.274819417457914e-23	0.8314322227978083	1.410506120371552e-23	0.16113104155250346	0.00743673564968865	0.04411718403789891	0.8594567327563327	True	one causal variant per trait; shared observed subset; p1=p2=1e-4; effect prior SD as given times sdY; CP sdY=1; window sensitivity is not multi-signal conditioning
R001	ENSG00000213600	U73169.1	1e-05	0.1	gene_cis_shared_region	1952	6.818455928916279e-23	0.7792748718165077	1.3220223441066256e-23	0.151022979755288	0.06970214842820303	0.31578710136826343	0.8594567327563327	True	one causal variant per trait; shared observed subset; p1=p2=1e-4; effect prior SD as given times sdY; CP sdY=1; window sensitivity is not multi-signal conditioning
R001	ENSG00000213600	U73169.1	0.0001	0.1	gene_cis_shared_region	1952	4.1899925716416045e-23	0.4788702835683052	8.123926969828416e-24	0.09280475959934988	0.42832495683234706	0.8219162011431494	0.8594567327563327	True	one causal variant per trait; shared observed subset; p1=p2=1e-4; effect prior SD as given times sdY; CP sdY=1; window sensitivity is not multi-signal conditioning
R001	ENSG00000213600	U73169.1	1e-06	0.15	gene_cis_shared_region	1952	1.06462527914986e-22	0.8338179437850554	2.040562209193175e-23	0.1597532001612813	0.006428856053664826	0.038685621059770144	0.8594567327563327	True	one causal variant per trait; shared observed subset; p1=p2=1e-4; effect prior SD as given times sdY; CP sdY=1; window sensitivity is not multi-signal conditioning
R001	ENSG00000213600	U73169.1	1e-05	0.15	gene_cis_shared_region	1952	1.0063955311259158e-22	0.7882122177936357	1.9289535280961186e-23	0.15101548861751782	0.060772293588844256	0.2869490060084243	0.8594567327563327	True	one causal variant per trait; shared observed subset; p1=p2=1e-4; effect prior SD as given times sdY; CP sdY=1; window sensitivity is not multi-signal conditioning
R001	ENSG00000213600	U73169.1	0.0001	0.15	gene_cis_shared_region	1952	6.505673184438984e-23	0.5095264168363702	1.2469392851659824e-23	0.09762140076623764	0.39285218239739256	0.8009650180615956	0.8594567327563327	True	one causal variant per trait; shared observed subset; p1=p2=1e-4; effect prior SD as given times sdY; CP sdY=1; window sensitivity is not multi-signal conditioning
R001	ENSG00000213600	U73169.1	1e-06	0.2	gene_cis_shared_region	1952	1.4124508977813905e-22	0.8377184237672487	2.644455299541912e-23	0.15678653188592742	0.005495044346826851	0.033861171886484014	0.8594567327563327	True	one causal variant per trait; shared observed subset; p1=p2=1e-4; effect prior SD as given times sdY; CP sdY=1; window sensitivity is not multi-signal conditioning
R001	ENSG00000213600	U73169.1	1e-05	0.2	gene_cis_shared_region	1952	1.3458894003154678e-22	0.7982410919687944	2.5198358136569956e-23	0.14939799444281468	0.05236091358839104	0.2595221896239271	0.8594567327563327	True	one causal variant per trait; shared observed subset; p1=p2=1e-4; effect prior SD as given times sdY; CP sdY=1; window sensitivity is not multi-signal conditioning
R001	ENSG00000213600	U73169.1	0.0001	0.2	gene_cis_shared_region	1952	9.147942406452247e-23	0.5425604462062394	1.7127196998242837e-23	0.10154506369408954	0.3558944900996717	0.778014247233479	0.8594567327563327	True	one causal variant per trait; shared observed subset; p1=p2=1e-4; effect prior SD as given times sdY; CP sdY=1; window sensitivity is not multi-signal conditioning
R001	ENSG00000213600	U73169.1	1e-06	0.1	lead_250kb_shared_subset	535	8.292113215256414e-23	0.9476420323301209	3.845649340300811e-24	0.043864038025362595	0.008493929644514916	0.1622280241675925	0.8524800010605426	True	one causal variant per trait; shared observed subset; p1=p2=1e-4; effect prior SD as given times sdY; CP sdY=1; window sensitivity is not multi-signal conditioning
R001	ENSG00000213600	U73169.1	1e-05	0.1	lead_250kb_shared_subset	535	7.703236477204526e-23	0.8803438256663847	3.572544839624054e-24	0.04074896820424212	0.07890720612937593	0.6594495149859269	0.8524800010605426	True	one causal variant per trait; shared observed subset; p1=p2=1e-4; effect prior SD as given times sdY; CP sdY=1; window sensitivity is not multi-signal conditioning
R001	ENSG00000213600	U73169.1	0.0001	0.1	lead_250kb_shared_subset	535	4.5043824014639036e-23	0.5147713233656434	2.0890061147237473e-24	0.023827508839973918	0.46140116779438506	0.9508942690583619	0.8524800010605426	True	one causal variant per trait; shared observed subset; p1=p2=1e-4; effect prior SD as given times sdY; CP sdY=1; window sensitivity is not multi-signal conditioning
R001	ENSG00000213600	U73169.1	1e-06	0.15	lead_250kb_shared_subset	535	1.2173074085009584e-22	0.9533431701410582	5.024713110457821e-24	0.03927761483472074	0.0073792150242235986	0.15815937444813277	0.8524800010605426	True	one causal variant per trait; shared observed subset; p1=p2=1e-4; effect prior SD as given times sdY; CP sdY=1; window sensitivity is not multi-signal conditioning
R001	ENSG00000213600	U73169.1	1e-05	0.15	lead_250kb_shared_subset	535	1.1414972271056498e-22	0.8939718739872197	4.71178934962055e-24	0.036831525141516594	0.06919660087126576	0.6526249540892921	0.8524800010605426	True	one causal variant per trait; shared observed subset; p1=p2=1e-4; effect prior SD as given times sdY; CP sdY=1; window sensitivity is not multi-signal conditioning
R001	ENSG00000213600	U73169.1	0.0001	0.15	lead_250kb_shared_subset	535	7.034254044905017e-23	0.5508927329215405	2.903548296420096e-24	0.022696709072492112	0.42641055800596456	0.9494626100794599	0.8524800010605426	True	one causal variant per trait; shared observed subset; p1=p2=1e-4; effect prior SD as given times sdY; CP sdY=1; window sensitivity is not multi-signal conditioning
R001	ENSG00000213600	U73169.1	1e-06	0.2	lead_250kb_shared_subset	535	1.615838608633129e-22	0.9582906399736217	5.9781071916227284e-24	0.035390626779180714	0.006318733247197427	0.1514943706448933	0.8524800010605426	True	one causal variant per trait; shared observed subset; p1=p2=1e-4; effect prior SD as given times sdY; CP sdY=1; window sensitivity is not multi-signal conditioning
R001	ENSG00000213600	U73169.1	1e-05	0.2	lead_250kb_shared_subset	535	1.5288926265936577e-22	0.906726380816439	5.656433728854964e-24	0.03348630738498624	0.05978731179857421	0.640988441554027	0.8524800010605426	True	one causal variant per trait; shared observed subset; p1=p2=1e-4; effect prior SD as given times sdY; CP sdY=1; window sensitivity is not multi-signal conditioning
R001	ENSG00000213600	U73169.1	0.0001	0.2	lead_250kb_shared_subset	535	9.940229735190747e-23	0.589516122682493	3.67758008434974e-24	0.021771416945844436	0.38871246037166024	0.9469615783983533	0.8524800010605426	True	one causal variant per trait; shared observed subset; p1=p2=1e-4; effect prior SD as given times sdY; CP sdY=1; window sensitivity is not multi-signal conditioning
R001	ENSG00000230454	LINC03143	1e-06	0.1	gene_cis_shared_region	1935	6.98190502573583e-23	0.7979553143243739	1.7002171719900252e-23	0.1942381452711389	0.007806540404489259	0.0386376923420903	0.7878106838397443	True	one causal variant per trait; shared observed subset; p1=p2=1e-4; effect prior SD as given times sdY; CP sdY=1; window sensitivity is not multi-signal conditioning
R001	ENSG00000230454	LINC03143	1e-05	0.1	gene_cis_shared_region	1935	6.523566646285357e-23	0.7455722549310989	1.5886036824837505e-23	0.1814870699696446	0.07294067509925461	0.28668522404858887	0.7878106838397443	True	one causal variant per trait; shared observed subset; p1=p2=1e-4; effect prior SD as given times sdY; CP sdY=1; window sensitivity is not multi-signal conditioning
R001	ENSG00000230454	LINC03143	0.0001	0.1	gene_cis_shared_region	1935	3.938243433550162e-23	0.4500981129535238	9.590318241966144e-24	0.10956280518559554	0.44033908186088183	0.8007593576845912	0.7878106838397443	True	one causal variant per trait; shared observed subset; p1=p2=1e-4; effect prior SD as given times sdY; CP sdY=1; window sensitivity is not multi-signal conditioning
R001	ENSG00000230454	LINC03143	1e-06	0.15	gene_cis_shared_region	1935	9.907543833329026e-23	0.7759620205208235	2.774576813009804e-23	0.21723774631116194	0.006800233168017272	0.030353037390471762	0.7878106838397443	True	one causal variant per trait; shared observed subset; p1=p2=1e-4; effect prior SD as given times sdY; CP sdY=1; window sensitivity is not multi-signal conditioning
R001	ENSG00000230454	LINC03143	1e-05	0.15	gene_cis_shared_region	1935	9.336151753958808e-23	0.7312104090340108	2.6145602396563897e-23	0.2047091186643311	0.06408047230166088	0.23840384618825705	0.7878106838397443	True	one causal variant per trait; shared observed subset; p1=p2=1e-4; effect prior SD as given times sdY; CP sdY=1; window sensitivity is not multi-signal conditioning
R001	ENSG00000230454	LINC03143	0.0001	0.15	gene_cis_shared_region	1935	5.921233056271836e-23	0.4637528779699116	1.6582228874014226e-23	0.12983190851000592	0.4064152135200844	0.7578879155220516	0.7878106838397443	True	one causal variant per trait; shared observed subset; p1=p2=1e-4; effect prior SD as given times sdY; CP sdY=1; window sensitivity is not multi-signal conditioning
R001	ENSG00000230454	LINC03143	1e-06	0.2	gene_cis_shared_region	1935	1.2868491483195845e-22	0.7632245778241253	3.8950357655057834e-23	0.2309546527972825	0.0058207693785896995	0.024583503326059512	0.7878106838397443	True	one causal variant per trait; shared observed subset; p1=p2=1e-4; effect prior SD as given times sdY; CP sdY=1; window sensitivity is not multi-signal conditioning
R001	ENSG00000230454	LINC03143	1e-05	0.2	gene_cis_shared_region	1935	1.222790894180221e-22	0.7252319086480143	3.701144203876747e-23	0.21945792696669386	0.055310164385288955	0.20129762561998382	0.7878106838397443	True	one causal variant per trait; shared observed subset; p1=p2=1e-4; effect prior SD as given times sdY; CP sdY=1; window sensitivity is not multi-signal conditioning
R001	ENSG00000230454	LINC03143	0.0001	0.2	gene_cis_shared_region	1935	8.163959475953672e-23	0.4842008507791761	2.4710677384760763e-23	0.14652101442365073	0.36927813479717125	0.7159339742126586	0.7878106838397443	True	one causal variant per trait; shared observed subset; p1=p2=1e-4; effect prior SD as given times sdY; CP sdY=1; window sensitivity is not multi-signal conditioning
R001	ENSG00000230454	LINC03143	1e-06	0.1	lead_250kb_shared_subset	535	8.064625977443221e-23	0.9216442603781139	6.074105639954542e-24	0.06932599809117444	0.00902974153071012	0.1152403330538933	0.7804131190861128	True	one causal variant per trait; shared observed subset; p1=p2=1e-4; effect prior SD as given times sdY; CP sdY=1; window sensitivity is not multi-signal conditioning
R001	ENSG00000230454	LINC03143	1e-05	0.1	lead_250kb_shared_subset	535	7.458491706569821e-23	0.8523738226254568	5.617578132841424e-24	0.06411548201478143	0.08351069535976446	0.5656902918232956	0.7804131190861128	True	one causal variant per trait; shared observed subset; p1=p2=1e-4; effect prior SD as given times sdY; CP sdY=1; window sensitivity is not multi-signal conditioning
R001	ENSG00000230454	LINC03143	0.0001	0.1	lead_250kb_shared_subset	535	4.258111235104548e-23	0.48662688026232126	3.2071192812964443e-24	0.03660403001732943	0.47676908972035087	0.9286989742742412	0.7804131190861128	True	one causal variant per trait; shared observed subset; p1=p2=1e-4; effect prior SD as given times sdY; CP sdY=1; window sensitivity is not multi-signal conditioning
R001	ENSG00000230454	LINC03143	1e-06	0.15	lead_250kb_shared_subset	535	1.1601429161429023e-22	0.9085743812685387	1.0663808964951489e-23	0.08343448588484384	0.007991132846615302	0.08740583829229902	0.7804131190861128	True	one causal variant per trait; shared observed subset; p1=p2=1e-4; effect prior SD as given times sdY; CP sdY=1; window sensitivity is not multi-signal conditioning
R001	ENSG00000230454	LINC03143	1e-05	0.15	lead_250kb_shared_subset	535	1.0823034409500804e-22	0.8476138288852886	9.948323586522396e-24	0.0778364716196262	0.07454969949508873	0.4892156483081946	0.7804131190861128	True	one causal variant per trait; shared observed subset; p1=p2=1e-4; effect prior SD as given times sdY; CP sdY=1; window sensitivity is not multi-signal conditioning
R001	ENSG00000230454	LINC03143	0.0001	0.15	lead_250kb_shared_subset	535	6.477184791485893e-23	0.5072654482821829	5.953702796956673e-24	0.04658224219956257	0.4461523095182567	0.9054617906595691	0.7804131190861128	True	one causal variant per trait; shared observed subset; p1=p2=1e-4; effect prior SD as given times sdY; CP sdY=1; window sensitivity is not multi-signal conditioning
R001	ENSG00000230454	LINC03143	1e-06	0.2	lead_250kb_shared_subset	535	1.518246406386826e-22	0.9004125242711154	1.563976260793996e-23	0.09268427915408205	0.006903196574802351	0.0693179189880816	0.7804131190861128	True	one causal variant per trait; shared observed subset; p1=p2=1e-4; effect prior SD as given times sdY; CP sdY=1; window sensitivity is not multi-signal conditioning
R001	ENSG00000230454	LINC03143	1e-05	0.2	lead_250kb_shared_subset	535	1.4294372306369732e-22	0.8477432778438078	1.4724921367221996e-23	0.08726275179066005	0.06499397036553203	0.42687094169056244	0.7804131190861128	True	one causal variant per trait; shared observed subset; p1=p2=1e-4; effect prior SD as given times sdY; CP sdY=1; window sensitivity is not multi-signal conditioning
R001	ENSG00000230454	LINC03143	0.0001	0.2	lead_250kb_shared_subset	535	9.0188402076705e-23	0.5348721158321255	9.290489294329442e-24	0.05505724893781281	0.41007063523006465	0.8816298682322362	0.7804131190861128	True	one causal variant per trait; shared observed subset; p1=p2=1e-4; effect prior SD as given times sdY; CP sdY=1; window sensitivity is not multi-signal conditioning
R001	ENSG00000232352	SEMA3B-AS1	1e-06	0.1	gene_cis_shared_region	1931	6.892122369400337e-23	0.7876941395457215	1.7601539365192046e-23	0.2010538061973813	0.011252054256899032	0.052999263575779346	0.709353015239286	True	one causal variant per trait; shared observed subset; p1=p2=1e-4; effect prior SD as given times sdY; CP sdY=1; window sensitivity is not multi-signal conditioning
R001	ENSG00000232352	SEMA3B-AS1	1e-05	0.1	gene_cis_shared_region	1931	6.25834884276389e-23	0.7152607632976169	1.598296832425468e-23	0.18256565799456848	0.10217357870781299	0.3588321015786387	0.709353015239286	True	one causal variant per trait; shared observed subset; p1=p2=1e-4; effect prior SD as given times sdY; CP sdY=1; window sensitivity is not multi-signal conditioning
R001	ENSG00000232352	SEMA3B-AS1	0.0001	0.1	gene_cis_shared_region	1931	3.260300091069802e-23	0.3726166102763944	8.326361216406746e-24	0.09510796638863006	0.5322754233349779	0.8484053483938591	0.709353015239286	True	one causal variant per trait; shared observed subset; p1=p2=1e-4; effect prior SD as given times sdY; CP sdY=1; window sensitivity is not multi-signal conditioning
R001	ENSG00000232352	SEMA3B-AS1	1e-06	0.15	gene_cis_shared_region	1931	9.398815342446552e-23	0.7361182414447504	3.2316588329293704e-23	0.25299569890064455	0.010886059654608302	0.041253551265571564	0.709353015239286	True	one causal variant per trait; shared observed subset; p1=p2=1e-4; effect prior SD as given times sdY; CP sdY=1; window sensitivity is not multi-signal conditioning
R001	ENSG00000232352	SEMA3B-AS1	1e-05	0.15	gene_cis_shared_region	1931	8.560139626785849e-23	0.6704328895721098	2.943291237043317e-23	0.23042036987206654	0.09914674055582647	0.3008393053150827	0.709353015239286	True	one causal variant per trait; shared observed subset; p1=p2=1e-4; effect prior SD as given times sdY; CP sdY=1; window sensitivity is not multi-signal conditioning
R001	ENSG00000232352	SEMA3B-AS1	0.0001	0.15	gene_cis_shared_region	1931	4.523620010657553e-23	0.3542913745917609	1.5553871452540102e-23	0.12176602736184215	0.5239425980463995	0.8114226408469346	0.709353015239286	True	one causal variant per trait; shared observed subset; p1=p2=1e-4; effect prior SD as given times sdY; CP sdY=1; window sensitivity is not multi-signal conditioning
R001	ENSG00000232352	SEMA3B-AS1	1e-06	0.2	gene_cis_shared_region	1931	1.1426237707490523e-22	0.6776851398476257	5.276638966994123e-23	0.31286059691709356	0.00945426323527788	0.02933238396395519	0.709353015239286	True	one causal variant per trait; shared observed subset; p1=p2=1e-4; effect prior SD as given times sdY; CP sdY=1; window sensitivity is not multi-signal conditioning
R001	ENSG00000232352	SEMA3B-AS1	1e-05	0.2	gene_cis_shared_region	1931	1.0530237013583954e-22	0.6245437322296497	4.8628656588454753e-23	0.28832729740854474	0.08712897036180572	0.23206156839309594	0.709353015239286	True	one causal variant per trait; shared observed subset; p1=p2=1e-4; effect prior SD as given times sdY; CP sdY=1; window sensitivity is not multi-signal conditioning
R001	ENSG00000232352	SEMA3B-AS1	0.0001	0.2	gene_cis_shared_region	1931	5.902067463599713e-23	0.3500490289850738	2.725575991110567e-23	0.16160388020776645	0.48834709080715966	0.751359891107763	0.709353015239286	True	one causal variant per trait; shared observed subset; p1=p2=1e-4; effect prior SD as given times sdY; CP sdY=1; window sensitivity is not multi-signal conditioning
R001	ENSG00000232352	SEMA3B-AS1	1e-06	0.1	lead_250kb_shared_subset	535	8.152240893287197e-23	0.9316570972458086	4.829416764679384e-24	0.05505886040166011	0.013284042352530213	0.194373399682906	0.7033295613270036	True	one causal variant per trait; shared observed subset; p1=p2=1e-4; effect prior SD as given times sdY; CP sdY=1; window sensitivity is not multi-signal conditioning
R001	ENSG00000232352	SEMA3B-AS1	1e-05	0.1	lead_250kb_shared_subset	535	7.281670695983608e-23	0.8321663052555432	4.3136878552024605e-24	0.04917917608042604	0.11865451866403336	0.7069767417364828	0.7033295613270036	True	one causal variant per trait; shared observed subset; p1=p2=1e-4; effect prior SD as given times sdY; CP sdY=1; window sensitivity is not multi-signal conditioning
R001	ENSG00000232352	SEMA3B-AS1	0.0001	0.1	lead_250kb_shared_subset	535	3.521303523802668e-23	0.40242277705616075	2.086032845935689e-24	0.02378229025452017	0.5737949326893216	0.9602021473687341	0.7033295613270036	True	one causal variant per trait; shared observed subset; p1=p2=1e-4; effect prior SD as given times sdY; CP sdY=1; window sensitivity is not multi-signal conditioning
R001	ENSG00000232352	SEMA3B-AS1	1e-06	0.15	lead_250kb_shared_subset	535	1.18862623572645e-22	0.9308813006204543	7.084354825783296e-24	0.05534389314721591	0.013774806232332655	0.19929203465898063	0.7033295613270036	True	one causal variant per trait; shared observed subset; p1=p2=1e-4; effect prior SD as given times sdY; CP sdY=1; window sensitivity is not multi-signal conditioning
R001	ENSG00000232352	SEMA3B-AS1	1e-05	0.15	lead_250kb_shared_subset	535	1.0575218131615601e-22	0.8282059164449487	6.302956753990388e-24	0.049239510679901295	0.1225545728751526	0.7133806376741619	0.7033295613270036	True	one causal variant per trait; shared observed subset; p1=p2=1e-4; effect prior SD as given times sdY; CP sdY=1; window sensitivity is not multi-signal conditioning
R001	ENSG00000232352	SEMA3B-AS1	0.0001	0.15	lead_250kb_shared_subset	535	5.028655542399824e-23	0.393822824280879	2.9971389733989332e-24	0.023414036023076644	0.5827631396960422	0.9613742698324129	0.7033295613270036	True	one causal variant per trait; shared observed subset; p1=p2=1e-4; effect prior SD as given times sdY; CP sdY=1; window sensitivity is not multi-signal conditioning
R001	ENSG00000232352	SEMA3B-AS1	1e-06	0.2	lead_250kb_shared_subset	535	1.5740490492247134e-22	0.9335068877995214	9.03174491289713e-24	0.05343314466405443	0.013059967536424357	0.1964108327047191	0.7033295613270036	True	one causal variant per trait; shared observed subset; p1=p2=1e-4; effect prior SD as given times sdY; CP sdY=1; window sensitivity is not multi-signal conditioning
R001	ENSG00000232352	SEMA3B-AS1	1e-05	0.2	lead_250kb_shared_subset	535	1.408494962818118e-22	0.8353232384144947	8.081811187230468e-24	0.04781319562050586	0.11686356596500017	0.709654263539306	0.7033295613270036	True	one causal variant per trait; shared observed subset; p1=p2=1e-4; effect prior SD as given times sdY; CP sdY=1; window sensitivity is not multi-signal conditioning
R001	ENSG00000232352	SEMA3B-AS1	0.0001	0.2	lead_250kb_shared_subset	535	6.864772979188155e-23	0.4071228188478975	3.9389419575911174e-24	0.023303365791778885	0.5695738153603213	0.9606944464509581	0.7033295613270036	True	one causal variant per trait; shared observed subset; p1=p2=1e-4; effect prior SD as given times sdY; CP sdY=1; window sensitivity is not multi-signal conditioning
R001	ENSG00000012171	SEMA3B	1e-06	0.1	gene_cis_shared_region	1931	7.181067277609437e-23	0.8207173795070992	1.5104696949886403e-23	0.1725629545383475	0.006719665954551445	0.03748085528913606	0.5200231065982911	True	one causal variant per trait; shared observed subset; p1=p2=1e-4; effect prior SD as given times sdY; CP sdY=1; window sensitivity is not multi-signal conditioning
R001	ENSG00000012171	SEMA3B	1e-05	0.1	gene_cis_shared_region	1931	6.771544617194472e-23	0.773913422419479	1.424330470266901e-23	0.16272201620708374	0.06336456137343888	0.28026679890304884	0.5200231065982911	True	one causal variant per trait; shared observed subset; p1=p2=1e-4; effect prior SD as given times sdY; CP sdY=1; window sensitivity is not multi-signal conditioning
R001	ENSG00000012171	SEMA3B	0.0001	0.1	gene_cis_shared_region	1931	4.312313777850977e-23	0.492850258401757	9.070544843710539e-24	0.10362604577214214	0.40352369582610126	0.7956697257784798	0.5200231065982911	True	one causal variant per trait; shared observed subset; p1=p2=1e-4; effect prior SD as given times sdY; CP sdY=1; window sensitivity is not multi-signal conditioning
R001	ENSG00000012171	SEMA3B	1e-06	0.15	gene_cis_shared_region	1931	1.0313287177808331e-22	0.8077399697978088	2.3853000770817205e-23	0.18676249408411097	0.005497536118079379	0.028594274703368623	0.5200231065982911	True	one causal variant per trait; shared observed subset; p1=p2=1e-4; effect prior SD as given times sdY; CP sdY=1; window sensitivity is not multi-signal conditioning
R001	ENSG00000012171	SEMA3B	1e-05	0.15	gene_cis_shared_region	1931	9.827065357185634e-23	0.769658920377417	2.2728446662883795e-23	0.17795754195468627	0.05238353766789539	0.22741726206079627	0.5200231065982911	True	one causal variant per trait; shared observed subset; p1=p2=1e-4; effect prior SD as given times sdY; CP sdY=1; window sensitivity is not multi-signal conditioning
R001	ENSG00000012171	SEMA3B	0.0001	0.15	gene_cis_shared_region	1931	6.678482500514755e-23	0.5230608980683266	1.5446272898852876e-23	0.12094010638791174	0.3559989955437598	0.7464244263091723	0.5200231065982911	True	one causal variant per trait; shared observed subset; p1=p2=1e-4; effect prior SD as given times sdY; CP sdY=1; window sensitivity is not multi-signal conditioning
R001	ENSG00000012171	SEMA3B	1e-06	0.2	gene_cis_shared_region	1931	1.3385907272655545e-22	0.7939122810398128	3.399635337082454e-23	0.20158586008015483	0.004501858880030507	0.021844382104594176	0.5200231065982911	True	one causal variant per trait; shared observed subset; p1=p2=1e-4; effect prior SD as given times sdY; CP sdY=1; window sensitivity is not multi-signal conditioning
R001	ENSG00000012171	SEMA3B	1e-05	0.2	gene_cis_shared_region	1931	1.2864672799332329e-22	0.7629980933614063	3.267256776681473e-23	0.19373629878647033	0.043265607852124056	0.18255383876763506	0.5200231065982911	True	one causal variant per trait; shared observed subset; p1=p2=1e-4; effect prior SD as given times sdY; CP sdY=1; window sensitivity is not multi-signal conditioning
R001	ENSG00000012171	SEMA3B	0.0001	0.2	gene_cis_shared_region	1931	9.259220550963508e-23	0.5491603040820879	2.351575633815884e-23	0.1394397780007582	0.3113999179171571	0.6907109572131686	0.5200231065982911	True	one causal variant per trait; shared observed subset; p1=p2=1e-4; effect prior SD as given times sdY; CP sdY=1; window sensitivity is not multi-signal conditioning
R001	ENSG00000012171	SEMA3B	1e-06	0.1	lead_250kb_shared_subset	535	8.286485542715871e-23	0.9469988887905709	3.9642006763024215e-24	0.04522605911035747	0.007775052099072868	0.14669602054851777	0.5159230466551185	True	one causal variant per trait; shared observed subset; p1=p2=1e-4; effect prior SD as given times sdY; CP sdY=1; window sensitivity is not multi-signal conditioning
R001	ENSG00000012171	SEMA3B	1e-05	0.1	lead_250kb_shared_subset	535	7.744556565674842e-23	0.8850659817196846	3.704945385718783e-24	0.04226831401770867	0.07266570426261014	0.6322384386264284	0.5159230466551185	True	one causal variant per trait; shared observed subset; p1=p2=1e-4; effect prior SD as given times sdY; CP sdY=1; window sensitivity is not multi-signal conditioning
R001	ENSG00000012171	SEMA3B	0.0001	0.1	lead_250kb_shared_subset	535	4.6823440885352726e-23	0.5351091999039094	2.2400028946853884e-24	0.025555341819099357	0.4393354582769948	0.9450293664365546	0.5159230466551185	True	one causal variant per trait; shared observed subset; p1=p2=1e-4; effect prior SD as given times sdY; CP sdY=1; window sensitivity is not multi-signal conditioning
R001	ENSG00000012171	SEMA3B	1e-06	0.15	lead_250kb_shared_subset	535	1.2158461191930936e-22	0.9521987507680024	5.280770730097923e-24	0.04129164485389566	0.006509604378102589	0.13618063298950453	0.5159230466551185	True	one causal variant per trait; shared observed subset; p1=p2=1e-4; effect prior SD as given times sdY; CP sdY=1; window sensitivity is not multi-signal conditioning
R001	ENSG00000012171	SEMA3B	1e-05	0.15	lead_250kb_shared_subset	535	1.1485562953922454e-22	0.8995002347706906	4.988511597670182e-24	0.039006398832376235	0.061493366396929997	0.611875721864853	0.5159230466551185	True	one causal variant per trait; shared observed subset; p1=p2=1e-4; effect prior SD as given times sdY; CP sdY=1; window sensitivity is not multi-signal conditioning
R001	ENSG00000012171	SEMA3B	0.0001	0.15	lead_250kb_shared_subset	535	7.393630107234527e-23	0.5790375311985778	3.2112670216331955e-24	0.025109686476740178	0.3958527823246802	0.9403517217384405	0.5159230466551185	True	one causal variant per trait; shared observed subset; p1=p2=1e-4; effect prior SD as given times sdY; CP sdY=1; window sensitivity is not multi-signal conditioning
R001	ENSG00000012171	SEMA3B	1e-06	0.2	lead_250kb_shared_subset	535	1.6134442146853042e-22	0.956870618632164	6.3615457678465935e-24	0.037673277199839206	0.005456104167999316	0.12650550494721263	0.5159230466551185	True	one causal variant per trait; shared observed subset; p1=p2=1e-4; effect prior SD as given times sdY; CP sdY=1; window sensitivity is not multi-signal conditioning
R001	ENSG00000012171	SEMA3B	1e-05	0.2	lead_250kb_shared_subset	535	1.5379245268940066e-22	0.9120828474045971	6.063784031875121e-24	0.035909922690082086	0.05200722990532022	0.5915481606263938	0.5159230466551185	True	one causal variant per trait; shared observed subset; p1=p2=1e-4; effect prior SD as given times sdY; CP sdY=1; window sensitivity is not multi-signal conditioning
R001	ENSG00000012171	SEMA3B	0.0001	0.2	lead_250kb_shared_subset	535	1.0475860772211336e-22	0.6212823031979096	4.1304599907105905e-24	0.02446071597557007	0.3542569808265187	0.935411742883637	0.5159230466551185	True	one causal variant per trait; shared observed subset; p1=p2=1e-4; effect prior SD as given times sdY; CP sdY=1; window sensitivity is not multi-signal conditioning
R001	ENSG00000179564	LSMEM2	1e-06	0.1	gene_cis_shared_region	1922	7.382426539537496e-23	0.8437305388886183	1.313861570538724e-23	0.15009828303923803	0.006171178072143872	0.03949062106092074	0.7612536399222084	True	one causal variant per trait; shared observed subset; p1=p2=1e-4; effect prior SD as given times sdY; CP sdY=1; window sensitivity is not multi-signal conditioning
R001	ENSG00000179564	LSMEM2	1e-05	0.1	gene_cis_shared_region	1922	6.993976850353657e-23	0.7993349917293058	1.2447285942777238e-23	0.14220038780365973	0.05846462046703719	0.291354337115759	0.7612536399222084	True	one causal variant per trait; shared observed subset; p1=p2=1e-4; effect prior SD as given times sdY; CP sdY=1; window sensitivity is not multi-signal conditioning
R001	ENSG00000179564	LSMEM2	0.0001	0.1	gene_cis_shared_region	1922	4.5826636376329104e-23	0.5237482878857778	8.155835499269655e-24	0.09317396388181899	0.38307774823240026	0.804359834281345	0.7612536399222084	True	one causal variant per trait; shared observed subset; p1=p2=1e-4; effect prior SD as given times sdY; CP sdY=1; window sensitivity is not multi-signal conditioning
R001	ENSG00000179564	LSMEM2	1e-06	0.15	gene_cis_shared_region	1922	1.0888078420469744e-22	0.8527578048471806	1.817317056104593e-23	0.1422832672293644	0.0049589279234560375	0.033678714979148754	0.7612536399222084	True	one causal variant per trait; shared observed subset; p1=p2=1e-4; effect prior SD as given times sdY; CP sdY=1; window sensitivity is not multi-signal conditioning
R001	ENSG00000179564	LSMEM2	1e-05	0.15	gene_cis_shared_region	1922	1.04229007005246e-22	0.8163249361622464	1.7396747603816878e-23	0.136204416280636	0.04747064755712046	0.2584490597975354	0.7612536399222084	True	one causal variant per trait; shared observed subset; p1=p2=1e-4; effect prior SD as given times sdY; CP sdY=1; window sensitivity is not multi-signal conditioning
R001	ENSG00000179564	LSMEM2	0.0001	0.15	gene_cis_shared_region	1922	7.302858081293706e-23	0.5719621944315347	1.218911917872992e-23	0.09543231301175795	0.33260549255670796	0.7770469996569187	0.7612536399222084	True	one causal variant per trait; shared observed subset; p1=p2=1e-4; effect prior SD as given times sdY; CP sdY=1; window sensitivity is not multi-signal conditioning
R001	ENSG00000179564	LSMEM2	1e-06	0.2	gene_cis_shared_region	1922	1.4507194680980797e-22	0.8604153447404864	2.2856438912355932e-23	0.13551988762199685	0.004064767637520233	0.02912044758761613	0.7612536399222084	True	one causal variant per trait; shared observed subset; p1=p2=1e-4; effect prior SD as given times sdY; CP sdY=1; window sensitivity is not multi-signal conditioning
R001	ENSG00000179564	LSMEM2	1e-05	0.2	gene_cis_shared_region	1922	1.3995209219344645e-22	0.8300497118829281	2.204979333509331e-23	0.13073714266331843	0.039213145453749966	0.2307330331016469	0.7612536399222084	True	one causal variant per trait; shared observed subset; p1=p2=1e-4; effect prior SD as given times sdY; CP sdY=1; window sensitivity is not multi-signal conditioning
R001	ENSG00000179564	LSMEM2	0.0001	0.2	gene_cis_shared_region	1922	1.0344459917038727e-22	0.6135253742297803	1.629794880226459e-23	0.0966334343955024	0.2898411913747172	0.749961762165063	0.7612536399222084	True	one causal variant per trait; shared observed subset; p1=p2=1e-4; effect prior SD as given times sdY; CP sdY=1; window sensitivity is not multi-signal conditioning
R001	ENSG00000179564	LSMEM2	1e-06	0.1	lead_250kb_shared_subset	535	8.294748682472416e-23	0.9479432196684844	3.951925503263622e-24	0.04509389726104811	0.006962883070469442	0.1337555458890683	0.7542943588638404	True	one causal variant per trait; shared observed subset; p1=p2=1e-4; effect prior SD as given times sdY; CP sdY=1; window sensitivity is not multi-signal conditioning
R001	ENSG00000179564	LSMEM2	1e-05	0.1	lead_250kb_shared_subset	535	7.805603163382332e-23	0.8920425292434121	3.718878460405774e-24	0.042434687364772426	0.06552278339181396	0.6069314419152088	0.7542943588638404	True	one causal variant per trait; shared observed subset; p1=p2=1e-4; effect prior SD as given times sdY; CP sdY=1; window sensitivity is not multi-signal conditioning
R001	ENSG00000179564	LSMEM2	0.0001	0.1	lead_250kb_shared_subset	535	4.910095215963501e-23	0.561137129776414	2.339351226930122e-24	0.02669343432652677	0.4121694358970595	0.9391759108877739	0.7542943588638404	True	one causal variant per trait; shared observed subset; p1=p2=1e-4; effect prior SD as given times sdY; CP sdY=1; window sensitivity is not multi-signal conditioning
R001	ENSG00000179564	LSMEM2	1e-06	0.15	lead_250kb_shared_subset	535	1.2176920191843775e-22	0.9536443808012748	5.2137900121422285e-24	0.04077638417239831	0.005579235026329422	0.1203572538295972	0.7542943588638404	True	one causal variant per trait; shared observed subset; p1=p2=1e-4; effect prior SD as given times sdY; CP sdY=1; window sensitivity is not multi-signal conditioning
R001	ENSG00000179564	LSMEM2	1e-05	0.15	lead_250kb_shared_subset	535	1.1594713506406942e-22	0.9080484398503221	4.9645066667881046e-24	0.03882677104370157	0.053124789105976115	0.5777475555553402	0.7542943588638404	True	one causal variant per trait; shared observed subset; p1=p2=1e-4; effect prior SD as given times sdY; CP sdY=1; window sensitivity is not multi-signal conditioning
R001	ENSG00000179564	LSMEM2	0.0001	0.15	lead_250kb_shared_subset	535	7.84421371337817e-23	0.6143253147522448	3.3586557575793385e-24	0.026267616677109203	0.359407068570649	0.9318917790514697	0.7542943588638404	True	one causal variant per trait; shared observed subset; p1=p2=1e-4; effect prior SD as given times sdY; CP sdY=1; window sensitivity is not multi-signal conditioning
R001	ENSG00000179564	LSMEM2	1e-06	0.2	lead_250kb_shared_subset	535	1.616562169225761e-22	0.9587197554432412	6.1990937238161936e-24	0.036718784142821516	0.004561460413939109	0.11049983988508279	0.7542943588638404	True	one causal variant per trait; shared observed subset; p1=p2=1e-4; effect prior SD as given times sdY; CP sdY=1; window sensitivity is not multi-signal conditioning
R001	ENSG00000179564	LSMEM2	1e-05	0.2	lead_250kb_shared_subset	535	1.5528142621430728e-22	0.9209133666437281	5.954637149101237e-24	0.03527080664818118	0.04381582670809418	0.5540231623049293	0.7542943588638404	True	one causal variant per trait; shared observed subset; p1=p2=1e-4; effect prior SD as given times sdY; CP sdY=1; window sensitivity is not multi-signal conditioning
R001	ENSG00000179564	LSMEM2	0.0001	0.2	lead_250kb_shared_subset	535	1.1136534449369859e-22	0.6604642733226074	4.270570110100742e-24	0.0252956559500187	0.3142400707273732	0.9254992804511166	0.7542943588638404	True	one causal variant per trait; shared observed subset; p1=p2=1e-4; effect prior SD as given times sdY; CP sdY=1; window sensitivity is not multi-signal conditioning
R001	ENSG00000214706	IFRD2	1e-06	0.1	gene_cis_shared_region	1915	7.414148704662902e-23	0.847356035103532	1.2820346305310618e-23	0.14646069124646344	0.006183273650004531	0.04050781604237277	0.739651147220945	True	one causal variant per trait; shared observed subset; p1=p2=1e-4; effect prior SD as given times sdY; CP sdY=1; window sensitivity is not multi-signal conditioning
R001	ENSG00000214706	IFRD2	1e-05	0.1	gene_cis_shared_region	1915	7.023305524777297e-23	0.8026869381582772	1.2144510802570981e-23	0.13873989084506197	0.05857317099665738	0.29685399663831497	0.739651147220945	True	one causal variant per trait; shared observed subset; p1=p2=1e-4; effect prior SD as given times sdY; CP sdY=1; window sensitivity is not multi-signal conditioning
R001	ENSG00000214706	IFRD2	0.0001	0.1	gene_cis_shared_region	1915	4.5989367479257314e-23	0.5256081262523666	7.952357592658725e-24	0.09084838758040395	0.383543486167232	0.8084950594479767	0.739651147220945	True	one causal variant per trait; shared observed subset; p1=p2=1e-4; effect prior SD as given times sdY; CP sdY=1; window sensitivity is not multi-signal conditioning
R001	ENSG00000214706	IFRD2	1e-06	0.15	gene_cis_shared_region	1915	1.096011796361008e-22	0.8583999650427807	1.7450652092576696e-23	0.13662431138265083	0.004975723574567358	0.035139282105902586	0.739651147220945	True	one causal variant per trait; shared observed subset; p1=p2=1e-4; effect prior SD as given times sdY; CP sdY=1; window sensitivity is not multi-signal conditioning
R001	ENSG00000214706	IFRD2	1e-05	0.15	gene_cis_shared_region	1915	1.0490344474831343e-22	0.8216071542642305	1.6702680789511132e-23	0.13076830877179207	0.04762453696397786	0.2669643884403183	0.739651147220945	True	one causal variant per trait; shared observed subset; p1=p2=1e-4; effect prior SD as given times sdY; CP sdY=1; window sensitivity is not multi-signal conditioning
R001	ENSG00000214706	IFRD2	0.0001	0.15	gene_cis_shared_region	1915	7.342987190788032e-23	0.5751051191976274	1.1691472227957837e-23	0.09153465060905175	0.3333602301933222	0.7845710674692122	0.739651147220945	True	one causal variant per trait; shared observed subset; p1=p2=1e-4; effect prior SD as given times sdY; CP sdY=1; window sensitivity is not multi-signal conditioning
R001	ENSG00000214706	IFRD2	1e-06	0.2	gene_cis_shared_region	1915	1.4636425714310635e-22	0.868079980566973	2.1560618811712203e-23	0.1278342252541275	0.004085794178899035	0.030971752403154553	0.739651147220945	True	one causal variant per trait; shared observed subset; p1=p2=1e-4; effect prior SD as given times sdY; CP sdY=1; window sensitivity is not multi-signal conditioning
R001	ENSG00000214706	IFRD2	1e-05	0.2	gene_cis_shared_region	1915	1.411730219417035e-22	0.8372909925946823	2.0795908591306726e-23	0.12330021167023424	0.03940879573508385	0.2422041432341489	0.739651147220945	True	one causal variant per trait; shared observed subset; p1=p2=1e-4; effect prior SD as given times sdY; CP sdY=1; window sensitivity is not multi-signal conditioning
R001	ENSG00000214706	IFRD2	0.0001	0.2	gene_cis_shared_region	1915	1.0421140735148214e-22	0.6180732798724303	1.5351168882307922e-23	0.0910180175231836	0.2909087026043892	0.7616872223740162	0.739651147220945	True	one causal variant per trait; shared observed subset; p1=p2=1e-4; effect prior SD as given times sdY; CP sdY=1; window sensitivity is not multi-signal conditioning
R001	ENSG00000214706	IFRD2	1e-06	0.1	lead_250kb_shared_subset	535	8.290393747390274e-23	0.9474455275332258	3.997170066954942e-24	0.04561115837402081	0.006943314092750191	0.13211652152231745	0.732871553158756	True	one causal variant per trait; shared observed subset; p1=p2=1e-4; effect prior SD as given times sdY; CP sdY=1; window sensitivity is not multi-signal conditioning
R001	ENSG00000214706	IFRD2	1e-05	0.1	lead_250kb_shared_subset	535	7.802798236749341e-23	0.8917219756877595	3.76207843689466e-24	0.0429285600878651	0.06534946422437694	0.6035339547379279	0.732871553158756	True	one causal variant per trait; shared observed subset; p1=p2=1e-4; effect prior SD as given times sdY; CP sdY=1; window sensitivity is not multi-signal conditioning
R001	ENSG00000214706	IFRD2	0.0001	0.1	lead_250kb_shared_subset	535	4.913151734956845e-23	0.5614864358936266	2.3688504608794116e-24	0.02703062710010056	0.41148293700627386	0.938358515419734	0.732871553158756	True	one causal variant per trait; shared observed subset; p1=p2=1e-4; effect prior SD as given times sdY; CP sdY=1; window sensitivity is not multi-signal conditioning
R001	ENSG00000214706	IFRD2	1e-06	0.15	lead_250kb_shared_subset	535	1.2153487794827662e-22	0.9518092555486605	5.451696943963649e-24	0.042639853087043995	0.005550891364295402	0.115185839677169	0.732871553158756	True	one causal variant per trait; shared observed subset; p1=p2=1e-4; effect prior SD as given times sdY; CP sdY=1; window sensitivity is not multi-signal conditioning
R001	ENSG00000214706	IFRD2	1e-05	0.15	lead_250kb_shared_subset	535	1.1575213043709777e-22	0.9065212468999542	5.192299909411773e-24	0.04061100747104663	0.05286774562899789	0.5655589519087488	0.732871553158756	True	one causal variant per trait; shared observed subset; p1=p2=1e-4; effect prior SD as given times sdY; CP sdY=1; window sensitivity is not multi-signal conditioning
R001	ENSG00000214706	IFRD2	0.0001	0.15	lead_250kb_shared_subset	535	7.843296435910758e-23	0.6142534774987644	3.5182719505797636e-24	0.02751778035994752	0.35822874214128747	0.9286635685488016	0.732871553158756	True	one causal variant per trait; shared observed subset; p1=p2=1e-4; effect prior SD as given times sdY; CP sdY=1; window sensitivity is not multi-signal conditioning
R001	ENSG00000214706	IFRD2	1e-06	0.2	lead_250kb_shared_subset	535	1.610260421748358e-22	0.9549824356448356	6.835008886428768e-24	0.04049049197556131	0.004527072379601244	0.10056235703658377	0.732871553158756	True	one causal variant per trait; shared observed subset; p1=p2=1e-4; effect prior SD as given times sdY; CP sdY=1; window sensitivity is not multi-signal conditioning
R001	ENSG00000214706	IFRD2	1e-05	0.2	lead_250kb_shared_subset	535	1.5472209891041436e-22	0.9175962153073352	6.567427893628357e-24	0.038905346115208427	0.04349843857745434	0.527869426625103	0.732871553158756	True	one causal variant per trait; shared observed subset; p1=p2=1e-4; effect prior SD as given times sdY; CP sdY=1; window sensitivity is not multi-signal conditioning
R001	ENSG00000214706	IFRD2	0.0001	0.2	lead_250kb_shared_subset	535	1.1119199530694195e-22	0.6594362071393365	4.719722758866032e-24	0.02795956811031877	0.31260422475034505	0.9179021120376177	0.732871553158756	True	one causal variant per trait; shared observed subset; p1=p2=1e-4; effect prior SD as given times sdY; CP sdY=1; window sensitivity is not multi-signal conditioning
R001	ENSG00000186792	HYAL3	1e-06	0.1	gene_cis_shared_region	1909	6.512304648802568e-30	7.442851319026167e-08	8.749743715245134e-23	0.9999999241932074	1.3782850986918007e-09	1.3782852012755112e-09	0.5466269489911152	True	one causal variant per trait; shared observed subset; p1=p2=1e-4; effect prior SD as given times sdY; CP sdY=1; window sensitivity is not multi-signal conditioning
R001	ENSG00000186792	HYAL3	1e-05	0.1	gene_cis_shared_region	1909	6.512304568020231e-30	7.4428512267008e-08	8.749743606708327e-23	0.9999999117886386	1.3782850815947636e-08	1.378285184178477e-08	0.5466269489911152	True	one causal variant per trait; shared observed subset; p1=p2=1e-4; effect prior SD as given times sdY; CP sdY=1; window sensitivity is not multi-signal conditioning
R001	ENSG00000186792	HYAL3	0.0001	0.1	gene_cis_shared_region	1909	6.512303760197191e-30	7.442850303447498e-08	8.749742521340714e-23	0.9999997877430017	1.3782849106245043e-07	1.3782850132082003e-07	0.5466269489911152	True	one causal variant per trait; shared observed subset; p1=p2=1e-4; effect prior SD as given times sdY; CP sdY=1; window sensitivity is not multi-signal conditioning
R001	ENSG00000186792	HYAL3	1e-06	0.15	gene_cis_shared_region	1909	2.931193858633731e-33	2.2957204604356598e-11	1.2768078296469896e-22	0.9999999999765521	4.92505352452021e-13	4.925053524633266e-13	0.5466269489911152	True	one causal variant per trait; shared observed subset; p1=p2=1e-4; effect prior SD as given times sdY; CP sdY=1; window sensitivity is not multi-signal conditioning
R001	ENSG00000186792	HYAL3	1e-05	0.15	gene_cis_shared_region	1909	2.9311938586207347e-33	2.295720460425481e-11	1.2768078296413284e-22	0.9999999999721183	4.9250535244983605e-12	4.925053524611423e-12	0.5466269489911152	True	one causal variant per trait; shared observed subset; p1=p2=1e-4; effect prior SD as given times sdY; CP sdY=1; window sensitivity is not multi-signal conditioning
R001	ENSG00000186792	HYAL3	0.0001	0.15	gene_cis_shared_region	1909	2.9311938584908136e-33	2.2957204603237264e-11	1.2768078295847356e-22	0.9999999999277946	4.925053524280087e-11	4.9250535243931404e-11	0.5466269489911152	True	one causal variant per trait; shared observed subset; p1=p2=1e-4; effect prior SD as given times sdY; CP sdY=1; window sensitivity is not multi-signal conditioning
R001	ENSG00000186792	HYAL3	1e-06	0.2	gene_cis_shared_region	1909	6.245606478802876e-35	3.7042417708902493e-13	1.686068800336297e-22	0.9999999999996163	8.004641357869233e-15	8.00464135787224e-15	0.5466269489911152	True	one causal variant per trait; shared observed subset; p1=p2=1e-4; effect prior SD as given times sdY; CP sdY=1; window sensitivity is not multi-signal conditioning
R001	ENSG00000186792	HYAL3	1e-05	0.2	gene_cis_shared_region	1909	6.245606478802431e-35	3.7042417708899863e-13	1.6860688003361772e-22	0.9999999999995453	8.004641357868644e-14	8.004641357871643e-14	0.5466269489911152	True	one causal variant per trait; shared observed subset; p1=p2=1e-4; effect prior SD as given times sdY; CP sdY=1; window sensitivity is not multi-signal conditioning
R001	ENSG00000186792	HYAL3	0.0001	0.2	gene_cis_shared_region	1909	6.245606478797993e-35	3.7042417708873544e-13	1.6860688003349792e-22	0.9999999999988347	8.004641357862993e-13	8.004641357865914e-13	0.5466269489911152	True	one causal variant per trait; shared observed subset; p1=p2=1e-4; effect prior SD as given times sdY; CP sdY=1; window sensitivity is not multi-signal conditioning
R001	ENSG00000186792	HYAL3	1e-06	0.1	lead_250kb_shared_subset	535	7.739293027858581e-23	0.8844644523454509	8.697235471703208e-24	0.09923098925497009	0.01630455839957898	0.14112157453331645	0.541696274436915	True	one causal variant per trait; shared observed subset; p1=p2=1e-4; effect prior SD as given times sdY; CP sdY=1; window sensitivity is not multi-signal conditioning
R001	ENSG00000186792	HYAL3	1e-05	0.1	lead_250kb_shared_subset	535	6.748945799540724e-23	0.7712852619758684	7.584306550104763e-24	0.08653304193366415	0.1421816960904655	0.6216551557576722	0.541696274436915	True	one causal variant per trait; shared observed subset; p1=p2=1e-4; effect prior SD as given times sdY; CP sdY=1; window sensitivity is not multi-signal conditioning
R001	ENSG00000186792	HYAL3	0.0001	0.1	lead_250kb_shared_subset	535	2.9605375490148005e-23	0.3383371339619687	3.326982463891184e-24	0.037959160954073555	0.6237037050839571	0.9426306614705928	0.541696274436915	True	one causal variant per trait; shared observed subset; p1=p2=1e-4; effect prior SD as given times sdY; CP sdY=1; window sensitivity is not multi-signal conditioning
R001	ENSG00000186792	HYAL3	1e-06	0.15	lead_250kb_shared_subset	535	9.712057006696966e-23	0.7606068237732141	2.85084516379625e-23	0.22310311643733297	0.016290059789454858	0.0680473021253645	0.541696274436915	True	one causal variant per trait; shared observed subset; p1=p2=1e-4; effect prior SD as given times sdY; CP sdY=1; window sensitivity is not multi-signal conditioning
R001	ENSG00000186792	HYAL3	1e-05	0.15	lead_250kb_shared_subset	535	8.470231769147381e-23	0.6633523751056767	2.4863238816098728e-23	0.19457619568544696	0.14207142920887486	0.42201821341669343	0.541696274436915	True	one causal variant per trait; shared observed subset; p1=p2=1e-4; effect prior SD as given times sdY; CP sdY=1; window sensitivity is not multi-signal conditioning
R001	ENSG00000186792	HYAL3	0.0001	0.15	lead_250kb_shared_subset	535	3.717226559339893e-23	0.29111730754827186	1.0911424173191904e-23	0.0853912646229828	0.6234914278287449	0.8795410502580472	0.541696274436915	True	one causal variant per trait; shared observed subset; p1=p2=1e-4; effect prior SD as given times sdY; CP sdY=1; window sensitivity is not multi-signal conditioning
R001	ENSG00000186792	HYAL3	1e-06	0.2	lead_250kb_shared_subset	535	1.0289555669378516e-22	0.6102332766880751	6.35173065731003e-23	0.3765642620094819	0.013202461302444955	0.03387272569156485	0.541696274436915	True	one causal variant per trait; shared observed subset; p1=p2=1e-4; effect prior SD as given times sdY; CP sdY=1; window sensitivity is not multi-signal conditioning
R001	ENSG00000186792	HYAL3	1e-05	0.2	lead_250kb_shared_subset	535	9.196775067012746e-23	0.5454247359590166	5.677158472000145e-23	0.3365720471568266	0.1180032168841551	0.259590052998389	0.541696274436915	True	one causal variant per trait; shared observed subset; p1=p2=1e-4; effect prior SD as given times sdY; CP sdY=1; window sensitivity is not multi-signal conditioning
R001	ENSG00000186792	HYAL3	0.0001	0.2	lead_250kb_shared_subset	535	4.460061076389179e-23	0.2645087671738405	2.753190476113861e-23	0.16322372527181708	0.5722675075543452	0.7780752264787418	0.541696274436915	True	one causal variant per trait; shared observed subset; p1=p2=1e-4; effect prior SD as given times sdY; CP sdY=1; window sensitivity is not multi-signal conditioning
R001	ENSG00000243477	NAA80	1e-06	0.1	gene_cis_shared_region	1909	4.974761128227302e-23	0.5685607388142508	3.712934139314921e-23	0.4242760953997012	0.007163165786044949	0.01660295302369576	0.4390644342747226	True	one causal variant per trait; shared observed subset; p1=p2=1e-4; effect prior SD as given times sdY; CP sdY=1; window sensitivity is not multi-signal conditioning
R001	ENSG00000243477	NAA80	1e-05	0.1	gene_cis_shared_region	1909	4.6734695909436103e-23	0.5341264143067866	3.4880639182464535e-23	0.39858022906144164	0.06729335663177409	0.14444552921291337	0.4390644342747226	True	one causal variant per trait; shared observed subset; p1=p2=1e-4; effect prior SD as given times sdY; CP sdY=1; window sensitivity is not multi-signal conditioning
R001	ENSG00000243477	NAA80	0.0001	0.1	gene_cis_shared_region	1909	2.910658043284568e-23	0.33265635170612	2.1723820175932383e-23	0.24823757318546094	0.4191060751084161	0.6280213742648151	0.4390644342747226	True	one causal variant per trait; shared observed subset; p1=p2=1e-4; effect prior SD as given times sdY; CP sdY=1; window sensitivity is not multi-signal conditioning
R001	ENSG00000243477	NAA80	1e-06	0.15	gene_cis_shared_region	1909	1.5743131427557036e-23	0.12330071183492632	1.117430464858194e-22	0.8751597396334527	0.0015395485316187765	0.0017560736644842568	0.4390644342747226	True	one causal variant per trait; shared observed subset; p1=p2=1e-4; effect prior SD as given times sdY; CP sdY=1; window sensitivity is not multi-signal conditioning
R001	ENSG00000243477	NAA80	1e-05	0.15	gene_cis_shared_region	1909	1.5527976763134767e-23	0.12161561358112949	1.1021590191621395e-22	0.8631993046359324	0.015185081782934855	0.017287513323003992	0.4390644342747226	True	one causal variant per trait; shared observed subset; p1=p2=1e-4; effect prior SD as given times sdY; CP sdY=1; window sensitivity is not multi-signal conditioning
R001	ENSG00000243477	NAA80	0.0001	0.15	gene_cis_shared_region	1909	1.3660987809085055e-23	0.10699329602749932	9.696421597044899e-23	0.7594134997315378	0.13359320424095947	0.1495993295981727	0.4390644342747226	True	one causal variant per trait; shared observed subset; p1=p2=1e-4; effect prior SD as given times sdY; CP sdY=1; window sensitivity is not multi-signal conditioning
R001	ENSG00000243477	NAA80	1e-06	0.2	gene_cis_shared_region	1909	5.477757518198451e-24	0.032488339248693855	1.6306671535229628e-22	0.9671377878786813	0.00037387287262269153	0.0003864272522900315	0.4390644342747226	True	one causal variant per trait; shared observed subset; p1=p2=1e-4; effect prior SD as given times sdY; CP sdY=1; window sensitivity is not multi-signal conditioning
R001	ENSG00000243477	NAA80	1e-05	0.2	gene_cis_shared_region	1909	5.4593874663252866e-24	0.03237938727787574	1.6251985945189245e-22	0.9638944220902533	0.003726190631867617	0.0038508797589429772	0.4390644342747226	True	one causal variant per trait; shared observed subset; p1=p2=1e-4; effect prior SD as given times sdY; CP sdY=1; window sensitivity is not multi-signal conditioning
R001	ENSG00000243477	NAA80	0.0001	0.2	gene_cis_shared_region	1909	5.2822436452497575e-24	0.03132875505551251	1.5724648600449649e-22	0.932618396694425	0.03605284825006271	0.03721886908300743	0.4390644342747226	True	one causal variant per trait; shared observed subset; p1=p2=1e-4; effect prior SD as given times sdY; CP sdY=1; window sensitivity is not multi-signal conditioning
R001	ENSG00000243477	NAA80	1e-06	0.1	lead_250kb_shared_subset	535	7.972137872927136e-23	0.9110745041465266	6.787834614997915e-24	0.0774582845348565	0.011467211318616518	0.12895302082443955	0.4349006793272958	True	one causal variant per trait; shared observed subset; p1=p2=1e-4; effect prior SD as given times sdY; CP sdY=1; window sensitivity is not multi-signal conditioning
R001	ENSG00000243477	NAA80	1e-05	0.1	lead_250kb_shared_subset	535	7.22634377297597e-23	0.8258434154926458	6.152832174247225e-24	0.070212056168108	0.1039445283392444	0.5968452392040117	0.4349006793272958	True	one causal variant per trait; shared observed subset; p1=p2=1e-4; effect prior SD as given times sdY; CP sdY=1; window sensitivity is not multi-signal conditioning
R001	ENSG00000243477	NAA80	0.0001	0.1	lead_250kb_shared_subset	535	3.7335783797084256e-23	0.4266820425342305	3.1789355587609375e-24	0.03627591256929168	0.5370420448964779	0.9367263625761146	0.4349006793272958	True	one causal variant per trait; shared observed subset; p1=p2=1e-4; effect prior SD as given times sdY; CP sdY=1; window sensitivity is not multi-signal conditioning
R001	ENSG00000243477	NAA80	1e-06	0.15	lead_250kb_shared_subset	535	1.1286798783016138e-22	0.8839338738433689	1.3422949264591227e-23	0.10501226699706281	0.011053859159567418	0.09523759882060964	0.4349006793272958	True	one causal variant per trait; shared observed subset; p1=p2=1e-4; effect prior SD as given times sdY; CP sdY=1; window sensitivity is not multi-signal conditioning
R001	ENSG00000243477	NAA80	1e-05	0.15	lead_250kb_shared_subset	535	1.0265534800113344e-22	0.8039528406045765	1.2208399870046661e-23	0.09551043675194054	0.10053672264348405	0.5128190735000795	0.4349006793272958	True	one causal variant per trait; shared observed subset; p1=p2=1e-4; effect prior SD as given times sdY; CP sdY=1; window sensitivity is not multi-signal conditioning
R001	ENSG00000243477	NAA80	0.0001	0.15	lead_250kb_shared_subset	535	5.389211680346832e-23	0.42206004104007916	6.4091791084546104e-24	0.05014117348595439	0.5277987854739671	0.9132415526758351	0.4349006793272958	True	one causal variant per trait; shared observed subset; p1=p2=1e-4; effect prior SD as given times sdY; CP sdY=1; window sensitivity is not multi-signal conditioning
R001	ENSG00000243477	NAA80	1e-06	0.2	lead_250kb_shared_subset	535	1.4484626106924329e-22	0.8590264861615683	2.21141096761653e-23	0.13105090362490415	0.009922610213530142	0.07038634381279707	0.4349006793272958	True	one causal variant per trait; shared observed subset; p1=p2=1e-4; effect prior SD as given times sdY; CP sdY=1; window sensitivity is not multi-signal conditioning
R001	ENSG00000243477	NAA80	1e-05	0.2	lead_250kb_shared_subset	535	1.3297144656509125e-22	0.7886016087638307	2.0301146411594727e-23	0.12030706281286342	0.09109132842330686	0.4308988724589742	0.4349006793272958	True	one causal variant per trait; shared observed subset; p1=p2=1e-4; effect prior SD as given times sdY; CP sdY=1; window sensitivity is not multi-signal conditioning
R001	ENSG00000243477	NAA80	0.0001	0.2	lead_250kb_shared_subset	535	7.306838239893805e-23	0.43333997935689655	1.1155567360193399e-23	0.0661092490003125	0.500550771642792	0.8833352511347371	0.4349006793272958	True	one causal variant per trait; shared observed subset; p1=p2=1e-4; effect prior SD as given times sdY; CP sdY=1; window sensitivity is not multi-signal conditioning
R001	ENSG00000114378	HYAL1	1e-06	0.1	gene_cis_shared_region	1899	7.26396528292781e-23	0.830191714039983	1.4339411548024382e-23	0.1638239332769719	0.005984352683048466	0.03524181784896775	0.7585689333279938	True	one causal variant per trait; shared observed subset; p1=p2=1e-4; effect prior SD as given times sdY; CP sdY=1; window sensitivity is not multi-signal conditioning
R001	ENSG00000114378	HYAL1	1e-05	0.1	gene_cis_shared_region	1899	6.892728612249627e-23	0.7877634264669187	1.3606572775366143e-23	0.15545144673575942	0.05678512679732313	0.2675558027159334	0.7585689333279938	True	one causal variant per trait; shared observed subset; p1=p2=1e-4; effect prior SD as given times sdY; CP sdY=1; window sensitivity is not multi-signal conditioning
R001	ENSG00000114378	HYAL1	0.0001	0.1	gene_cis_shared_region	1899	4.5615002708522714e-23	0.5213295467357109	9.004617603818116e-24	0.10287534244846946	0.3757951108158187	0.7850810683071994	0.7585689333279938	True	one causal variant per trait; shared observed subset; p1=p2=1e-4; effect prior SD as given times sdY; CP sdY=1; window sensitivity is not multi-signal conditioning
R001	ENSG00000114378	HYAL1	1e-06	0.15	gene_cis_shared_region	1899	1.0603874657234748e-22	0.830498874675448	2.1043854863907308e-23	0.1647688253254177	0.00473229999913242	0.027918988679699375	0.7585689333279938	True	one causal variant per trait; shared observed subset; p1=p2=1e-4; effect prior SD as given times sdY; CP sdY=1; window sensitivity is not multi-signal conditioning
R001	ENSG00000114378	HYAL1	1e-05	0.15	gene_cis_shared_region	1899	1.0170697530022232e-22	0.7965723027086917	2.0184195834534954e-23	0.15803788133411462	0.04538981595719052	0.22312505406868488	0.7585689333279938	True	one causal variant per trait; shared observed subset; p1=p2=1e-4; effect prior SD as given times sdY; CP sdY=1; window sensitivity is not multi-signal conditioning
R001	ENSG00000114378	HYAL1	0.0001	0.15	gene_cis_shared_region	1899	7.220899738457199e-23	0.5655431906526147	1.433019259419897e-23	0.1122023039838983	0.3222545053634906	0.7417411775581538	0.7585689333279938	True	one causal variant per trait; shared observed subset; p1=p2=1e-4; effect prior SD as given times sdY; CP sdY=1; window sensitivity is not multi-signal conditioning
R001	ENSG00000114378	HYAL1	1e-06	0.2	gene_cis_shared_region	1899	1.4065844763164676e-22	0.8342390749626504	2.7305918282327935e-23	0.16191170986177678	0.0038492151755700524	0.023221487058562227	0.7585689333279938	True	one causal variant per trait; shared observed subset; p1=p2=1e-4; effect prior SD as given times sdY; CP sdY=1; window sensitivity is not multi-signal conditioning
R001	ENSG00000114378	HYAL1	1e-05	0.2	gene_cis_shared_region	1899	1.3594878257862963e-22	0.8063062583891156	2.639163456001926e-23	0.15649042209378428	0.037203319517099306	0.1920729044092608	0.7585689333279938	True	one causal variant per trait; shared observed subset; p1=p2=1e-4; effect prior SD as given times sdY; CP sdY=1; window sensitivity is not multi-signal conditioning
R001	ENSG00000114378	HYAL1	0.0001	0.2	gene_cis_shared_region	1899	1.0184727286841097e-22	0.6040517020898467	1.977153421674106e-23	0.11723622983574872	0.278712068074402	0.7039102568326935	0.7585689333279938	True	one causal variant per trait; shared observed subset; p1=p2=1e-4; effect prior SD as given times sdY; CP sdY=1; window sensitivity is not multi-signal conditioning
R001	ENSG00000114378	HYAL1	1e-06	0.1	lead_250kb_shared_subset	535	8.241658998532515e-23	0.9418760068026485	4.4955785007359766e-24	0.05130836300437724	0.0068156301929709	0.11726018496062067	0.7523949957175038	True	one causal variant per trait; shared observed subset; p1=p2=1e-4; effect prior SD as given times sdY; CP sdY=1; window sensitivity is not multi-signal conditioning
R001	ENSG00000114378	HYAL1	1e-05	0.1	lead_250kb_shared_subset	535	7.765328530231676e-23	0.8874398502616516	4.2357544758739865e-24	0.04834297259184304	0.06421717714650532	0.5705143187511862	0.7523949957175038	True	one causal variant per trait; shared observed subset; p1=p2=1e-4; effect prior SD as given times sdY; CP sdY=1; window sensitivity is not multi-signal conditioning
R001	ENSG00000114378	HYAL1	0.0001	0.1	lead_250kb_shared_subset	535	4.921135600600207e-23	0.5623988506747232	2.6843322939233395e-24	0.030636478873284856	0.40696467045199247	0.9299899487912172	0.7523949957175038	True	one causal variant per trait; shared observed subset; p1=p2=1e-4; effect prior SD as given times sdY; CP sdY=1; window sensitivity is not multi-signal conditioning
R001	ENSG00000114378	HYAL1	1e-06	0.15	lead_250kb_shared_subset	535	1.20520727119534e-22	0.9438668594100773	6.483983133439735e-24	0.05072571225542879	0.005407428334494123	0.09633218946357815	0.7523949957175038	True	one causal variant per trait; shared observed subset; p1=p2=1e-4; effect prior SD as given times sdY; CP sdY=1; window sensitivity is not multi-signal conditioning
R001	ENSG00000114378	HYAL1	1e-05	0.15	lead_250kb_shared_subset	535	1.1492756402445238e-22	0.900063594935187	6.18307244332153e-24	0.04837161774787242	0.051564787316943014	0.5159760077771439	0.7523949957175038	True	one causal variant per trait; shared observed subset; p1=p2=1e-4; effect prior SD as given times sdY; CP sdY=1; window sensitivity is not multi-signal conditioning
R001	ENSG00000114378	HYAL1	0.0001	0.15	lead_250kb_shared_subset	535	7.849797947603071e-23	0.6147626481260171	4.223170462843865e-24	0.03303884746384265	0.3521985044101423	0.9142376841105221	0.7523949957175038	True	one causal variant per trait; shared observed subset; p1=p2=1e-4; effect prior SD as given times sdY; CP sdY=1; window sensitivity is not multi-signal conditioning
R001	ENSG00000114378	HYAL1	1e-06	0.2	lead_250kb_shared_subset	535	1.5963943618613859e-22	0.9467590181995503	8.243507024357625e-24	0.04884505464225959	0.004395927158187587	0.0825666058275181	0.7523949957175038	True	one causal variant per trait; shared observed subset; p1=p2=1e-4; effect prior SD as given times sdY; CP sdY=1; window sensitivity is not multi-signal conditioning
R001	ENSG00000114378	HYAL1	1e-05	0.2	lead_250kb_shared_subset	535	1.5356393339805532e-22	0.9107275889228427	7.929778467638898e-24	0.04698612634263124	0.04228628473452566	0.4736769649693702	0.7523949957175038	True	one causal variant per trait; shared observed subset; p1=p2=1e-4; effect prior SD as given times sdY; CP sdY=1; window sensitivity is not multi-signal conditioning
R001	ENSG00000114378	HYAL1	0.0001	0.2	lead_250kb_shared_subset	535	1.1123174009825246e-22	0.6596719179417463	5.7438165201380445e-24	0.03403369839466092	0.3062943836635957	0.8999973843215351	0.7523949957175038	True	one causal variant per trait; shared observed subset; p1=p2=1e-4; effect prior SD as given times sdY; CP sdY=1; window sensitivity is not multi-signal conditioning
R001	ENSG00000068001	HYAL2	1e-06	0.1	gene_cis_shared_region	1888	7.420988748521953e-23	0.8481377772394423	1.2744146773643657e-23	0.14558891365975846	0.006273309100797928	0.04130921427832092	0.6884672740191093	True	one causal variant per trait; shared observed subset; p1=p2=1e-4; effect prior SD as given times sdY; CP sdY=1; window sensitivity is not multi-signal conditioning
R001	ENSG00000068001	HYAL2	1e-05	0.1	gene_cis_shared_region	1888	7.024393048948024e-23	0.8028112302659882	1.2063068553955923e-23	0.13780828778633958	0.05938048194767031	0.30113521184684755	0.6884672740191093	True	one causal variant per trait; shared observed subset; p1=p2=1e-4; effect prior SD as given times sdY; CP sdY=1; window sensitivity is not multi-signal conditioning
R001	ENSG00000068001	HYAL2	0.0001	0.1	gene_cis_shared_region	1888	4.5778686359079826e-23	0.523200271678955	7.861624883623635e-24	0.08981106752272984	0.38698866079831856	0.8116377544111006	0.6884672740191093	True	one causal variant per trait; shared observed subset; p1=p2=1e-4; effect prior SD as given times sdY; CP sdY=1; window sensitivity is not multi-signal conditioning
R001	ENSG00000068001	HYAL2	1e-06	0.15	gene_cis_shared_region	1888	1.0960639588166904e-22	0.8584408188458902	1.7433213846854165e-23	0.13648676758113665	0.005072413572971799	0.035832459128523175	0.6884672740191093	True	one causal variant per trait; shared observed subset; p1=p2=1e-4; effect prior SD as given times sdY; CP sdY=1; window sensitivity is not multi-signal conditioning
R001	ENSG00000068001	HYAL2	1e-05	0.15	gene_cis_shared_region	1888	1.0482113074475389e-22	0.8209624683401133	1.6672103605296724e-23	0.13052794222881536	0.04850958943107284	0.2709464824572366	0.6884672740191093	True	one causal variant per trait; shared observed subset; p1=p2=1e-4; effect prior SD as given times sdY; CP sdY=1; window sensitivity is not multi-signal conditioning
R001	ENSG00000068001	HYAL2	0.0001	0.15	gene_cis_shared_region	1888	7.29654253202244e-23	0.5714675585807455	1.1605361647028455e-23	0.09085979852755836	0.33767264289169635	0.7879745154727604	0.6884672740191093	True	one causal variant per trait; shared observed subset; p1=p2=1e-4; effect prior SD as given times sdY; CP sdY=1; window sensitivity is not multi-signal conditioning
R001	ENSG00000068001	HYAL2	1e-06	0.2	gene_cis_shared_region	1888	1.4625483765743157e-22	0.8674310184033122	2.165504836716272e-23	0.1283933847735661	0.004175596823123123	0.03149754016988997	0.6884672740191093	True	one causal variant per trait; shared observed subset; p1=p2=1e-4; effect prior SD as given times sdY; CP sdY=1; window sensitivity is not multi-signal conditioning
R001	ENSG00000068001	HYAL2	1e-05	0.2	gene_cis_shared_region	1888	1.4095759874384258e-22	0.8360133270698954	2.08707189957482e-23	0.1237430740900796	0.04024359884002403	0.24540774028129186	0.6884672740191093	True	one causal variant per trait; shared observed subset; p1=p2=1e-4; effect prior SD as given times sdY; CP sdY=1; window sensitivity is not multi-signal conditioning
R001	ENSG00000068001	HYAL2	0.0001	0.2	gene_cis_shared_region	1888	1.0347848059065336e-22	0.613726323445253	1.5321417999175913e-23	0.09084111395603234	0.29543256259871525	0.764827065705687	0.6884672740191093	True	one causal variant per trait; shared observed subset; p1=p2=1e-4; effect prior SD as given times sdY; CP sdY=1; window sensitivity is not multi-signal conditioning
R001	ENSG00000068001	HYAL2	1e-06	0.1	lead_250kb_shared_subset	535	8.299070162748043e-23	0.9484370885104504	3.901700092611898e-24	0.044519100276012	0.007043811213535347	0.13660615760541847	0.6822775101461557	True	one causal variant per trait; shared observed subset; p1=p2=1e-4; effect prior SD as given times sdY; CP sdY=1; window sensitivity is not multi-signal conditioning
R001	ENSG00000068001	HYAL2	1e-05	0.1	lead_250kb_shared_subset	535	7.804320707336792e-23	0.8918959671763225	3.669100059337981e-24	0.041865092033519624	0.06623894079015971	0.61273330013689	0.6822775101461557	True	one causal variant per trait; shared observed subset; p1=p2=1e-4; effect prior SD as given times sdY; CP sdY=1; window sensitivity is not multi-signal conditioning
R001	ENSG00000068001	HYAL2	0.0001	0.1	lead_250kb_shared_subset	535	4.8894642880757467e-23	0.5587793792338337	2.298718156551978e-24	0.02622878788444246	0.4149918328817272	0.940554029775633	0.6822775101461557	True	one causal variant per trait; shared observed subset; p1=p2=1e-4; effect prior SD as given times sdY; CP sdY=1; window sensitivity is not multi-signal conditioning
R001	ENSG00000068001	HYAL2	1e-06	0.15	lead_250kb_shared_subset	535	1.21786641439891e-22	0.9537809596847341	5.185014999415835e-24	0.04055013384836309	0.005668906466906061	0.12265305441734264	0.6822775101461557	True	one causal variant per trait; shared observed subset; p1=p2=1e-4; effect prior SD as given times sdY; CP sdY=1; window sensitivity is not multi-signal conditioning
R001	ENSG00000068001	HYAL2	1e-05	0.15	lead_250kb_shared_subset	535	1.1587469611259952e-22	0.9074811289216796	4.933316415438856e-24	0.03858168992469848	0.05393718115362427	0.5829857252361329	0.6822775101461557	True	one causal variant per trait; shared observed subset; p1=p2=1e-4; effect prior SD as given times sdY; CP sdY=1; window sensitivity is not multi-signal conditioning
R001	ENSG00000068001	HYAL2	0.0001	0.15	lead_250kb_shared_subset	535	7.800726719475491e-23	0.6109195991263013	3.3211265676282945e-24	0.025973334090615887	0.36310706678308075	0.9332443010948595	0.6822775101461557	True	one causal variant per trait; shared observed subset; p1=p2=1e-4; effect prior SD as given times sdY; CP sdY=1; window sensitivity is not multi-signal conditioning
R001	ENSG00000068001	HYAL2	1e-06	0.2	lead_250kb_shared_subset	535	1.6154545816534756e-22	0.9580628886015892	6.296085186342646e-24	0.03729317781599365	0.004643933582420142	0.11073565697697986	0.6822775101461557	True	one causal variant per trait; shared observed subset; p1=p2=1e-4; effect prior SD as given times sdY; CP sdY=1; window sensitivity is not multi-signal conditioning
R001	ENSG00000068001	HYAL2	1e-05	0.2	lead_250kb_shared_subset	535	1.5506447601681385e-22	0.9196267199298322	6.04349488661061e-24	0.03579702668656875	0.04457625338360212	0.5546153316709768	0.6822775101461557	True	one causal variant per trait; shared observed subset; p1=p2=1e-4; effect prior SD as given times sdY; CP sdY=1; window sensitivity is not multi-signal conditioning
R001	ENSG00000068001	HYAL2	0.0001	0.2	lead_250kb_shared_subset	535	1.1066656745079316e-22	0.6563201001603436	4.313127362808077e-24	0.02554765714306769	0.318132242696591	0.9256643837623709	0.6822775101461557	True	one causal variant per trait; shared observed subset; p1=p2=1e-4; effect prior SD as given times sdY; CP sdY=1; window sensitivity is not multi-signal conditioning
R001	ENSG00000114383	TUSC2	1e-06	0.1	gene_cis_shared_region	1883	7.38637104564836e-23	0.8441813527570319	1.3102904087976543e-23	0.14969056934709885	0.006128077895868197	0.03932827042396745	0.4948316226218403	True	one causal variant per trait; shared observed subset; p1=p2=1e-4; effect prior SD as given times sdY; CP sdY=1; window sensitivity is not multi-signal conditioning
R001	ENSG00000114383	TUSC2	1e-05	0.1	gene_cis_shared_region	1883	7.000286345481921e-23	0.8000560979531435	1.2418016913361018e-23	0.14186626181814432	0.058077640228714096	0.29046967491463255	0.4948316226218403	True	one causal variant per trait; shared observed subset; p1=p2=1e-4; effect prior SD as given times sdY; CP sdY=1; window sensitivity is not multi-signal conditioning
R001	ENSG00000114383	TUSC2	0.0001	0.1	gene_cis_shared_region	1883	4.597289050145882e-23	0.5254198124332893	8.155268279442185e-24	0.09316764770095762	0.38141253986575235	0.8036840767022931	0.4948316226218403	True	one causal variant per trait; shared observed subset; p1=p2=1e-4; effect prior SD as given times sdY; CP sdY=1; window sensitivity is not multi-signal conditioning
R001	ENSG00000114383	TUSC2	1e-06	0.15	gene_cis_shared_region	1883	1.0890939887338703e-22	0.8529819158529599	1.8151014665949406e-23	0.14211025250901585	0.0049078316380210965	0.03338250301991852	0.4948316226218403	True	one causal variant per trait; shared observed subset; p1=p2=1e-4; effect prior SD as given times sdY; CP sdY=1; window sensitivity is not multi-signal conditioning
R001	ENSG00000114383	TUSC2	1e-05	0.15	gene_cis_shared_region	1883	1.0430231505756241e-22	0.8168990871864845	1.7383190706095455e-23	0.1360987066629298	0.0470022061505873	0.25670110229574694	0.4948316226218403	True	one causal variant per trait; shared observed subset; p1=p2=1e-4; effect prior SD as given times sdY; CP sdY=1; window sensitivity is not multi-signal conditioning
R001	ENSG00000114383	TUSC2	0.0001	0.15	gene_cis_shared_region	1883	7.32964579974331e-23	0.5740602171587592	1.2215704960599585e-23	0.0956407643580978	0.3302990184831419	0.775459423583014	0.4948316226218403	True	one causal variant per trait; shared observed subset; p1=p2=1e-4; effect prior SD as given times sdY; CP sdY=1; window sensitivity is not multi-signal conditioning
R001	ENSG00000114383	TUSC2	1e-06	0.2	gene_cis_shared_region	1883	1.4540833634132954e-22	0.8624104562771826	2.2526851627676769e-23	0.1335655274259661	0.0040240162968479525	0.029246526937793168	0.4948316226218403	True	one causal variant per trait; shared observed subset; p1=p2=1e-4; effect prior SD as given times sdY; CP sdY=1; window sensitivity is not multi-signal conditioning
R001	ENSG00000114383	TUSC2	1e-05	0.2	gene_cis_shared_region	1883	1.403262599298297e-22	0.8322688842933805	2.173952963388381e-23	0.12889736167013452	0.03883375403648416	0.23152385216592092	0.4948316226218403	True	one causal variant per trait; shared observed subset; p1=p2=1e-4; effect prior SD as given times sdY; CP sdY=1; window sensitivity is not multi-signal conditioning
R001	ENSG00000114383	TUSC2	0.0001	0.2	gene_cis_shared_region	1883	1.039835985281821e-22	0.6167221557471603	1.6109276501573436e-23	0.0955146350651079	0.28776320918773163	0.7507953133808092	0.4948316226218403	True	one causal variant per trait; shared observed subset; p1=p2=1e-4; effect prior SD as given times sdY; CP sdY=1; window sensitivity is not multi-signal conditioning
R001	ENSG00000114383	TUSC2	1e-06	0.1	lead_250kb_shared_subset	535	8.307143577270967e-23	0.9493597371462975	3.831876867718377e-24	0.0437224037024003	0.00691785915130115	0.1366078839536573	0.49085088685930006	True	one causal variant per trait; shared observed subset; p1=p2=1e-4; effect prior SD as given times sdY; CP sdY=1; window sensitivity is not multi-signal conditioning
R001	ENSG00000114383	TUSC2	1e-05	0.1	lead_250kb_shared_subset	535	7.820249138647755e-23	0.8937163054456528	3.607284681604516e-24	0.04115976649649189	0.06512392805785802	0.6127367733209146	0.49085088685930006	True	one causal variant per trait; shared observed subset; p1=p2=1e-4; effect prior SD as given times sdY; CP sdY=1; window sensitivity is not multi-signal conditioning
R001	ENSG00000114383	TUSC2	0.0001	0.1	lead_250kb_shared_subset	535	4.9304416139844e-23	0.5634623635823933	2.2742889890521782e-24	0.025950046086546462	0.4105875903310574	0.9405548481466511	0.49085088685930006	True	one causal variant per trait; shared observed subset; p1=p2=1e-4; effect prior SD as given times sdY; CP sdY=1; window sensitivity is not multi-signal conditioning
R001	ENSG00000114383	TUSC2	1e-06	0.15	lead_250kb_shared_subset	535	1.2197121337144233e-22	0.9552264482204598	5.0185314316179144e-24	0.039247736564383094	0.005525815215156009	0.12341695030951802	0.49085088685930006	True	one causal variant per trait; shared observed subset; p1=p2=1e-4; effect prior SD as given times sdY; CP sdY=1; window sensitivity is not multi-signal conditioning
R001	ENSG00000114383	TUSC2	1e-05	0.15	lead_250kb_shared_subset	535	1.1619267986676509e-22	0.9099714418708372	4.780772445540057e-24	0.0373883276559108	0.0526402304732543	0.5847059151800554	0.49085088685930006	True	one causal variant per trait; shared observed subset; p1=p2=1e-4; effect prior SD as given times sdY; CP sdY=1; window sensitivity is not multi-signal conditioning
R001	ENSG00000114383	TUSC2	0.0001	0.15	lead_250kb_shared_subset	535	7.88408671224376e-23	0.6174479977225524	3.243924191727385e-24	0.025369310493827152	0.3571826917836195	0.9336840211453709	0.49085088685930006	True	one causal variant per trait; shared observed subset; p1=p2=1e-4; effect prior SD as given times sdY; CP sdY=1; window sensitivity is not multi-signal conditioning
R001	ENSG00000114383	TUSC2	1e-06	0.2	lead_250kb_shared_subset	535	1.6189175974775145e-22	0.9601166677553526	5.972432326919156e-24	0.03537507614910277	0.004508256095541707	0.11303609407278335	0.49085088685930006	True	one causal variant per trait; shared observed subset; p1=p2=1e-4; effect prior SD as given times sdY; CP sdY=1; window sensitivity is not multi-signal conditioning
R001	ENSG00000114383	TUSC2	1e-05	0.2	lead_250kb_shared_subset	535	1.5557924022499507e-22	0.9226795849861438	5.739553916549402e-24	0.03399572330768487	0.04332469170617077	0.5603266834303345	0.49085088685930006	True	one causal variant per trait; shared observed subset; p1=p2=1e-4; effect prior SD as given times sdY; CP sdY=1; window sensitivity is not multi-signal conditioning
R001	ENSG00000114383	TUSC2	0.0001	0.2	lead_250kb_shared_subset	535	1.1193377398163308e-22	0.6638354061502443	4.129406532139774e-24	0.024458723436118095	0.3117058704136392	0.9272418217635094	0.49085088685930006	True	one causal variant per trait; shared observed subset; p1=p2=1e-4; effect prior SD as given times sdY; CP sdY=1; window sensitivity is not multi-signal conditioning
R001	ENSG00000068028	RASSF1	1e-06	0.1	gene_cis_shared_region	1877	7.044512166067493e-23	0.8051106251110653	1.5066424459672795e-23	0.17196347957810185	0.02292589531083432	0.11763542945273113	0.6878784383354513	True	one causal variant per trait; shared observed subset; p1=p2=1e-4; effect prior SD as given times sdY; CP sdY=1; window sensitivity is not multi-signal conditioning
R001	ENSG00000068028	RASSF1	1e-05	0.1	gene_cis_shared_region	1877	5.839607992612881e-23	0.6674032680336327	1.2489440094745164e-23	0.1425505820855707	0.19004614988079396	0.571401134212026	0.6878784383354513	True	one causal variant per trait; shared observed subset; p1=p2=1e-4; effect prior SD as given times sdY; CP sdY=1; window sensitivity is not multi-signal conditioning
R001	ENSG00000068028	RASSF1	0.0001	0.1	gene_cis_shared_region	1877	2.154506686557962e-23	0.24623652913484537	4.607943243713104e-24	0.052593630028694924	0.7011698408364597	0.9302252867622665	0.6878784383354513	True	one causal variant per trait; shared observed subset; p1=p2=1e-4; effect prior SD as given times sdY; CP sdY=1; window sensitivity is not multi-signal conditioning
R001	ENSG00000068028	RASSF1	1e-06	0.15	gene_cis_shared_region	1877	1.0086030137385039e-22	0.7899411252778157	2.295058441393938e-23	0.17944356238192188	0.030615312340264482	0.1457463407854336	0.6878784383354513	True	one causal variant per trait; shared observed subset; p1=p2=1e-4; effect prior SD as given times sdY; CP sdY=1; window sensitivity is not multi-signal conditioning
R001	ENSG00000068028	RASSF1	1e-05	0.15	gene_cis_shared_region	1877	7.907276483622594e-23	0.6193004381578309	1.7992868745164068e-23	0.1406807080320612	0.24001885381010507	0.6304679013778697	0.6878784383354513	True	one causal variant per trait; shared observed subset; p1=p2=1e-4; effect prior SD as given times sdY; CP sdY=1; window sensitivity is not multi-signal conditioning
R001	ENSG00000068028	RASSF1	0.0001	0.15	gene_cis_shared_region	1877	2.5021683243558902e-23	0.19597062817112046	5.6936400708498934e-24	0.044516820957867465	0.7595125508710101	0.9446328423840938	0.6878784383354513	True	one causal variant per trait; shared observed subset; p1=p2=1e-4; effect prior SD as given times sdY; CP sdY=1; window sensitivity is not multi-signal conditioning
R001	ENSG00000068028	RASSF1	1e-06	0.2	gene_cis_shared_region	1877	1.324303641255305e-22	0.7854386730782668	3.0581752913754836e-23	0.1810438586499871	0.03351746827174334	0.15621393077966064	0.6878784383354513	True	one causal variant per trait; shared observed subset; p1=p2=1e-4; effect prior SD as given times sdY; CP sdY=1; window sensitivity is not multi-signal conditioning
R001	ENSG00000068028	RASSF1	1e-05	0.2	gene_cis_shared_region	1877	1.0173981494961154e-22	0.6034143738931684	2.3494475023348028e-23	0.13908720102403124	0.2574984250828039	0.6492883456483042	0.6878784383354513	True	one causal variant per trait; shared observed subset; p1=p2=1e-4; effect prior SD as given times sdY; CP sdY=1; window sensitivity is not multi-signal conditioning
R001	ENSG00000068028	RASSF1	0.0001	0.2	gene_cis_shared_region	1877	3.066774668939427e-23	0.18188905863904156	7.082012179530595e-24	0.04192548463798966	0.7761854567229666	0.9487533016387177	0.6878784383354513	True	one causal variant per trait; shared observed subset; p1=p2=1e-4; effect prior SD as given times sdY; CP sdY=1; window sensitivity is not multi-signal conditioning
R001	ENSG00000068028	RASSF1	1e-06	0.1	lead_250kb_shared_subset	535	7.978931090514969e-23	0.9118508488916938	5.485816377080634e-24	0.06243605770943037	0.025713093398874096	0.2916998414117647	0.6806322455910984	True	one causal variant per trait; shared observed subset; p1=p2=1e-4; effect prior SD as given times sdY; CP sdY=1; window sensitivity is not multi-signal conditioning
R001	ENSG00000068028	RASSF1	1e-05	0.1	lead_250kb_shared_subset	535	6.479466861299459e-23	0.7404885805900827	4.454878105755605e-24	0.050702576860119794	0.20880884254979717	0.80462294501179	0.6806322455910984	True	one causal variant per trait; shared observed subset; p1=p2=1e-4; effect prior SD as given times sdY; CP sdY=1; window sensitivity is not multi-signal conditioning
R001	ENSG00000068028	RASSF1	0.0001	0.1	lead_250kb_shared_subset	535	2.2503778027227636e-23	0.25717842233016924	1.5472197045880863e-24	0.017609466326366185	0.7252121113434631	0.976293814213629	0.6806322455910984	True	one causal variant per trait; shared observed subset; p1=p2=1e-4; effect prior SD as given times sdY; CP sdY=1; window sensitivity is not multi-signal conditioning
R001	ENSG00000068028	RASSF1	1e-06	0.15	lead_250kb_shared_subset	535	1.1440721355168484e-22	0.8959884322784223	8.916400895246792e-24	0.06948416956209377	0.034527398159486175	0.33195729009594144	0.6806322455910984	True	one causal variant per trait; shared observed subset; p1=p2=1e-4; effect prior SD as given times sdY; CP sdY=1; window sensitivity is not multi-signal conditioning
R001	ENSG00000068028	RASSF1	1e-05	0.15	lead_250kb_shared_subset	535	8.728400668558758e-23	0.6835710606470516	6.80253605687645e-24	0.05301113917839125	0.26341780017455435	0.8324706353129652	0.6806322455910984	True	one causal variant per trait; shared observed subset; p1=p2=1e-4; effect prior SD as given times sdY; CP sdY=1; window sensitivity is not multi-signal conditioning
R001	ENSG00000068028	RASSF1	0.0001	0.15	lead_250kb_shared_subset	535	2.5894457471316813e-23	0.2027943311803852	2.0181014519235185e-24	0.015726760732989693	0.7814789080866243	0.9802726431232286	0.6806322455910984	True	one causal variant per trait; shared observed subset; p1=p2=1e-4; effect prior SD as given times sdY; CP sdY=1; window sensitivity is not multi-signal conditioning
R001	ENSG00000068028	RASSF1	1e-06	0.2	lead_250kb_shared_subset	535	1.50077752957562e-22	0.8900524171109134	1.220759586745272e-23	0.07201918948938854	0.03792839339969536	0.3449679602138944	0.6806322455910984	True	one causal variant per trait; shared observed subset; p1=p2=1e-4; effect prior SD as given times sdY; CP sdY=1; window sensitivity is not multi-signal conditioning
R001	ENSG00000068028	RASSF1	1e-05	0.2	lead_250kb_shared_subset	535	1.11885140378768e-22	0.6635469792853037	9.100939682268838e-24	0.05369134976497072	0.28276167094972604	0.8404194747578161	0.6806322455910984	True	one causal variant per trait; shared observed subset; p1=p2=1e-4; effect prior SD as given times sdY; CP sdY=1; window sensitivity is not multi-signal conditioning
R001	ENSG00000068028	RASSF1	0.0001	0.2	lead_250kb_shared_subset	535	3.1562684273998124e-23	0.18718592779387125	2.5673658254859952e-24	0.015146275145561331	0.7976677970605649	0.9813656337119613	0.6806322455910984	True	one causal variant per trait; shared observed subset; p1=p2=1e-4; effect prior SD as given times sdY; CP sdY=1; window sensitivity is not multi-signal conditioning
R001	ENSG00000004838	ZMYND10	1e-06	0.1	gene_cis_shared_region	1873	7.277698343632148e-23	0.8317612525442413	1.3706178431935774e-23	0.1565295232377945	0.011709224217962439	0.06959885516885285	0.8118822910082145	True	one causal variant per trait; shared observed subset; p1=p2=1e-4; effect prior SD as given times sdY; CP sdY=1; window sensitivity is not multi-signal conditioning
R001	ENSG00000004838	ZMYND10	1e-05	0.1	gene_cis_shared_region	1873	6.58387022902915e-23	0.7524642943022786	1.239948344530403e-23	0.1416065930942537	0.1059291126034702	0.42793467837251986	0.8118822910082145	True	one causal variant per trait; shared observed subset; p1=p2=1e-4; effect prior SD as given times sdY; CP sdY=1; window sensitivity is not multi-signal conditioning
R001	ENSG00000004838	ZMYND10	0.0001	0.1	gene_cis_shared_region	1873	3.370532540183918e-23	0.3852149725080995	6.347765217120897e-24	0.07249377848067731	0.5422912490112259	0.8820827195866737	0.8118822910082145	True	one causal variant per trait; shared observed subset; p1=p2=1e-4; effect prior SD as given times sdY; CP sdY=1; window sensitivity is not multi-signal conditioning
R001	ENSG00000004838	ZMYND10	1e-06	0.15	gene_cis_shared_region	1873	1.0673524393642264e-22	0.8359538644388755	1.9407486421312996e-23	0.15187838048636518	0.012167755074761461	0.07417276263863912	0.8118822910082145	True	one causal variant per trait; shared observed subset; p1=p2=1e-4; effect prior SD as given times sdY; CP sdY=1; window sensitivity is not multi-signal conditioning
R001	ENSG00000004838	ZMYND10	1e-05	0.15	gene_cis_shared_region	1873	9.620036195506823e-23	0.7534443298284853	1.7491946891323673e-23	0.13688782296352708	0.1096678472079857	0.444799534043151	0.8118822910082145	True	one causal variant per trait; shared observed subset; p1=p2=1e-4; effect prior SD as given times sdY; CP sdY=1; window sensitivity is not multi-signal conditioning
R001	ENSG00000004838	ZMYND10	0.0001	0.15	gene_cis_shared_region	1873	4.84146188001743e-23	0.37918485205737956	8.803147135889888e-24	0.06889133920577471	0.5519238087368427	0.8890308340025517	0.8118822910082145	True	one causal variant per trait; shared observed subset; p1=p2=1e-4; effect prior SD as given times sdY; CP sdY=1; window sensitivity is not multi-signal conditioning
R001	ENSG00000004838	ZMYND10	1e-06	0.2	gene_cis_shared_region	1873	1.4227090236019745e-22	0.8438024731361321	2.4400632264317647e-23	0.14460313432001423	0.01159439254385017	0.07422904047613625	0.8118822910082145	True	one causal variant per trait; shared observed subset; p1=p2=1e-4; effect prior SD as given times sdY; CP sdY=1; window sensitivity is not multi-signal conditioning
R001	ENSG00000004838	ZMYND10	1e-05	0.2	gene_cis_shared_region	1873	1.2882778334436016e-22	0.7640719246961698	2.2095026563157276e-23	0.13093964366606797	0.10498843163775924	0.44500185703865713	0.8118822910082145	True	one causal variant per trait; shared observed subset; p1=p2=1e-4; effect prior SD as given times sdY; CP sdY=1; window sensitivity is not multi-signal conditioning
R001	ENSG00000004838	ZMYND10	0.0001	0.2	gene_cis_shared_region	1873	6.623890993609337e-23	0.3928600655136769	1.1360518954521288e-23	0.06732475742966773	0.5398151770566585	0.8891116304404715	0.8118822910082145	True	one causal variant per trait; shared observed subset; p1=p2=1e-4; effect prior SD as given times sdY; CP sdY=1; window sensitivity is not multi-signal conditioning
R001	ENSG00000004838	ZMYND10	1e-06	0.1	lead_250kb_shared_subset	535	8.180980659075325e-23	0.934941544690405	4.554969466712722e-24	0.051923907636499164	0.013134547673098282	0.20188840344570352	0.8039764888107018	True	one causal variant per trait; shared observed subset; p1=p2=1e-4; effect prior SD as given times sdY; CP sdY=1; window sensitivity is not multi-signal conditioning
R001	ENSG00000004838	ZMYND10	1e-05	0.1	lead_250kb_shared_subset	535	7.316133697573457e-23	0.8361048174319945	4.073443881066668e-24	0.046434806070305555	0.11746037649770022	0.7166798600011434	0.8039764888107018	True	one causal variant per trait; shared observed subset; p1=p2=1e-4; effect prior SD as given times sdY; CP sdY=1; window sensitivity is not multi-signal conditioning
R001	ENSG00000004838	ZMYND10	0.0001	0.1	lead_250kb_shared_subset	535	3.556452962173787e-23	0.4064397368284882	1.980145819625077e-24	0.022572469342854767	0.5709877938286568	0.9619710571219079	0.8039764888107018	True	one causal variant per trait; shared observed subset; p1=p2=1e-4; effect prior SD as given times sdY; CP sdY=1; window sensitivity is not multi-signal conditioning
R001	ENSG00000004838	ZMYND10	1e-06	0.15	lead_250kb_shared_subset	535	1.1956576379039782e-22	0.9363879944889456	6.398426357146479e-24	0.04997335591286321	0.013638649598189598	0.2144037039646523	0.8039764888107018	True	one causal variant per trait; shared observed subset; p1=p2=1e-4; effect prior SD as given times sdY; CP sdY=1; window sensitivity is not multi-signal conditioning
R001	ENSG00000004838	ZMYND10	1e-05	0.15	lead_250kb_shared_subset	535	1.064938705298002e-22	0.8340145095846693	5.698898802393969e-24	0.04450986574930802	0.1214756246660262	0.7318448399439372	0.8039764888107018	True	one causal variant per trait; shared observed subset; p1=p2=1e-4; effect prior SD as given times sdY; CP sdY=1; window sensitivity is not multi-signal conditioning
R001	ENSG00000004838	ZMYND10	0.0001	0.15	lead_250kb_shared_subset	535	5.087414912786257e-23	0.3984246072034587	2.7224724399181073e-24	0.021263210140885908	0.5803121826556548	0.9646541224998586	0.8039764888107018	True	one causal variant per trait; shared observed subset; p1=p2=1e-4; effect prior SD as given times sdY; CP sdY=1; window sensitivity is not multi-signal conditioning
R001	ENSG00000004838	ZMYND10	1e-06	0.2	lead_250kb_shared_subset	535	1.5855002573741505e-22	0.9402981511889252	7.903133597395713e-24	0.04674078165838524	0.012961067152690643	0.21709657926516518	0.8039764888107018	True	one causal variant per trait; shared observed subset; p1=p2=1e-4; effect prior SD as given times sdY; CP sdY=1; window sensitivity is not multi-signal conditioning
R001	ENSG00000004838	ZMYND10	1e-05	0.2	lead_250kb_shared_subset	535	1.419872671931571e-22	0.8420709124021759	7.077541214752611e-24	0.041858055987562294	0.11607103161026189	0.7349566401969198	0.8039764888107018	True	one causal variant per trait; shared observed subset; p1=p2=1e-4; effect prior SD as given times sdY; CP sdY=1; window sensitivity is not multi-signal conditioning
R001	ENSG00000004838	ZMYND10	0.0001	0.2	lead_250kb_shared_subset	535	6.944367560090647e-23	0.41184326193323784	3.4615109219667585e-24	0.02047209808841891	0.5676846399783434	0.9651927849101763	0.8039764888107018	True	one causal variant per trait; shared observed subset; p1=p2=1e-4; effect prior SD as given times sdY; CP sdY=1; window sensitivity is not multi-signal conditioning
R001	ENSG00000114388	NPRL2	1e-06	0.1	gene_cis_shared_region	1870	7.379086015700457e-23	0.8433487535823777	1.3086219560689434e-23	0.14948954725186747	0.007161699165752959	0.045717473237719464	0.7227049107331284	True	one causal variant per trait; shared observed subset; p1=p2=1e-4; effect prior SD as given times sdY; CP sdY=1; window sensitivity is not multi-signal conditioning
R001	ENSG00000114388	NPRL2	1e-05	0.1	gene_cis_shared_region	1870	6.932264856729531e-23	0.792281986412217	1.2293817930160369e-23	0.1404376006266352	0.06728041296115128	0.32390263992543433	0.7227049107331284	True	one causal variant per trait; shared observed subset; p1=p2=1e-4; effect prior SD as given times sdY; CP sdY=1; window sensitivity is not multi-signal conditioning
R001	ENSG00000114388	NPRL2	0.0001	0.1	gene_cis_shared_region	1870	4.317759236339661e-23	0.4934726146961977	7.657201075677122e-24	0.08747152045790524	0.41905586484589374	0.8273113695413672	0.7227049107331284	True	one causal variant per trait; shared observed subset; p1=p2=1e-4; effect prior SD as given times sdY; CP sdY=1; window sensitivity is not multi-signal conditioning
R001	ENSG00000114388	NPRL2	1e-06	0.15	gene_cis_shared_region	1870	1.08862230494583e-22	0.8526124915926468	1.8046336797289538e-23	0.14127839929923153	0.006109109108122648	0.04144930037922957	0.7227049107331284	True	one causal variant per trait; shared observed subset; p1=p2=1e-4; effect prior SD as given times sdY; CP sdY=1; window sensitivity is not multi-signal conditioning
R001	ENSG00000114388	NPRL2	1e-05	0.15	gene_cis_shared_region	1870	1.0318871066497358e-22	0.8081773017564045	1.7105824654500704e-23	0.13391546179300842	0.05790723645058784	0.3018789589595453	0.7227049107331284	True	one causal variant per trait; shared observed subset; p1=p2=1e-4; effect prior SD as given times sdY; CP sdY=1; window sensitivity is not multi-signal conditioning
R001	ENSG00000114388	NPRL2	0.0001	0.15	gene_cis_shared_region	1870	6.783531173692737e-23	0.531288343948304	1.1245212198868501e-23	0.08803479604098646	0.38067686001071266	0.8121770711175227	0.7227049107331284	True	one causal variant per trait; shared observed subset; p1=p2=1e-4; effect prior SD as given times sdY; CP sdY=1; window sensitivity is not multi-signal conditioning
R001	ENSG00000114388	NPRL2	1e-06	0.2	gene_cis_shared_region	1870	1.4545549882702376e-22	0.8626901749083843	2.2284347617547987e-23	0.13211554414656834	0.005194280945049958	0.03782890948687859	0.7227049107331284	True	one causal variant per trait; shared observed subset; p1=p2=1e-4; effect prior SD as given times sdY; CP sdY=1; window sensitivity is not multi-signal conditioning
R001	ENSG00000114388	NPRL2	1e-05	0.2	gene_cis_shared_region	1870	1.389593535275423e-22	0.8241618224580969	2.1289112915559186e-23	0.12621517064390145	0.04962300689800198	0.2822083781332213	0.7227049107331284	True	one causal variant per trait; shared observed subset; p1=p2=1e-4; effect prior SD as given times sdY; CP sdY=1; window sensitivity is not multi-signal conditioning
R001	ENSG00000114388	NPRL2	0.0001	0.2	gene_cis_shared_region	1870	9.605881041915165e-23	0.569720585541681	1.4716583012472667e-23	0.08724910444046045	0.34303031001786183	0.7972268681496228	0.7227049107331284	True	one causal variant per trait; shared observed subset; p1=p2=1e-4; effect prior SD as given times sdY; CP sdY=1; window sensitivity is not multi-signal conditioning
R001	ENSG00000114388	NPRL2	1e-06	0.1	lead_250kb_shared_subset	535	8.241928706525899e-23	0.9419068296609899	4.3882022364259085e-24	0.050069158200276645	0.00802401213873273	0.1381231578842691	0.715310671121258	True	one causal variant per trait; shared observed subset; p1=p2=1e-4; effect prior SD as given times sdY; CP sdY=1; window sensitivity is not multi-signal conditioning
R001	ENSG00000114388	NPRL2	1e-05	0.1	lead_250kb_shared_subset	535	7.686816711140262e-23	0.8784673365158391	4.0926471805214454e-24	0.04669689045743295	0.07483577302672595	0.6157667484715365	0.715310671121258	True	one causal variant per trait; shared observed subset; p1=p2=1e-4; effect prior SD as given times sdY; CP sdY=1; window sensitivity is not multi-signal conditioning
R001	ENSG00000114388	NPRL2	0.0001	0.1	lead_250kb_shared_subset	535	4.5931974049596806e-23	0.5249213090483391	2.4455294194465032e-24	0.027903362878149124	0.44717532807351307	0.9412658083606023	0.715310671121258	True	one causal variant per trait; shared observed subset; p1=p2=1e-4; effect prior SD as given times sdY; CP sdY=1; window sensitivity is not multi-signal conditioning
R001	ENSG00000114388	NPRL2	1e-06	0.15	lead_250kb_shared_subset	535	1.207585513004264e-22	0.94572939681817	6.0684942691649785e-24	0.047457726445105056	0.006812876736722433	0.12553530525350276	0.715310671121258	True	one causal variant per trait; shared observed subset; p1=p2=1e-4; effect prior SD as given times sdY; CP sdY=1; window sensitivity is not multi-signal conditioning
R001	ENSG00000114388	NPRL2	1e-05	0.15	lead_250kb_shared_subset	535	1.1378191202685846e-22	0.8910913378073873	5.717896361242504e-24	0.04471592940807821	0.06419273278453477	0.5894180636523219	0.715310671121258	True	one causal variant per trait; shared observed subset; p1=p2=1e-4; effect prior SD as given times sdY; CP sdY=1; window sensitivity is not multi-signal conditioning
R001	ENSG00000114388	NPRL2	0.0001	0.15	lead_250kb_shared_subset	535	7.211727015624759e-23	0.5647916579867105	3.624118010179092e-24	0.028341857716794688	0.4068664842964976	0.9348774943382655	0.715310671121258	True	one causal variant per trait; shared observed subset; p1=p2=1e-4; effect prior SD as given times sdY; CP sdY=1; window sensitivity is not multi-signal conditioning
R001	ENSG00000114388	NPRL2	1e-06	0.2	lead_250kb_shared_subset	535	1.6025196041156525e-22	0.9503916596579692	7.402961504194931e-24	0.04384644847801812	0.005761891864015603	0.11614764421242864	0.715310671121258	True	one causal variant per trait; shared observed subset; p1=p2=1e-4; effect prior SD as given times sdY; CP sdY=1; window sensitivity is not multi-signal conditioning
R001	ENSG00000114388	NPRL2	1e-05	0.2	lead_250kb_shared_subset	535	1.5235146634207967e-22	0.9035369213350648	7.037992156485827e-24	0.041684798752929415	0.05477827991200795	0.5678678378312934	0.715310671121258	True	one causal variant per trait; shared observed subset; p1=p2=1e-4; effect prior SD as given times sdY; CP sdY=1; window sensitivity is not multi-signal conditioning
R001	ENSG00000114388	NPRL2	0.0001	0.2	lead_250kb_shared_subset	535	1.0204353997728677e-22	0.6051802989948873	4.713979137999438e-24	0.027920075402745492	0.36689962560236367	0.9292839862558323	0.715310671121258	True	one causal variant per trait; shared observed subset; p1=p2=1e-4; effect prior SD as given times sdY; CP sdY=1; window sensitivity is not multi-signal conditioning
R001	ENSG00000114395	CYB561D2	1e-06	0.1	gene_cis_shared_region	1870	7.362023651730044e-23	0.8413987121603099	1.3002920876873308e-23	0.1485082208032626	0.010093067036425334	0.0636379891607644	0.7903475511836471	True	one causal variant per trait; shared observed subset; p1=p2=1e-4; effect prior SD as given times sdY; CP sdY=1; window sensitivity is not multi-signal conditioning
R001	ENSG00000114395	CYB561D2	1e-05	0.1	gene_cis_shared_region	1870	6.748963942268459e-23	0.7713326984635007	1.1920125266313803e-23	0.13614145712451375	0.09252584441198504	0.4046308492306081	0.7903475511836471	True	one causal variant per trait; shared observed subset; p1=p2=1e-4; effect prior SD as given times sdY; CP sdY=1; window sensitivity is not multi-signal conditioning
R001	ENSG00000114395	CYB561D2	0.0001	0.1	gene_cis_shared_region	1870	3.682459701619436e-23	0.4208648324291539	6.504017699152566e-24	0.07428331724235934	0.5048518503284858	0.8717340589867177	0.7903475511836471	True	one causal variant per trait; shared observed subset; p1=p2=1e-4; effect prior SD as given times sdY; CP sdY=1; window sensitivity is not multi-signal conditioning
R001	ENSG00000114395	CYB561D2	1e-06	0.15	gene_cis_shared_region	1870	1.0851518400976733e-22	0.8498944123582527	1.7917758711292385e-23	0.14023374425020144	0.009871843391544125	0.06576599543452763	0.7903475511836471	True	one causal variant per trait; shared observed subset; p1=p2=1e-4; effect prior SD as given times sdY; CP sdY=1; window sensitivity is not multi-signal conditioning
R001	ENSG00000114395	CYB561D2	1e-05	0.15	gene_cis_shared_region	1870	9.966067300404156e-23	0.7805455972905508	1.6455723760563305e-23	0.12879109460473082	0.09066330810471937	0.41313050449370275	0.7903475511836471	True	one causal variant per trait; shared observed subset; p1=p2=1e-4; effect prior SD as given times sdY; CP sdY=1; window sensitivity is not multi-signal conditioning
R001	ENSG00000114395	CYB561D2	0.0001	0.15	gene_cis_shared_region	1870	5.488013869446607e-23	0.42982301188075595	9.061672724816053e-24	0.07092138675636975	0.4992556013628721	0.8756151366432595	0.7903475511836471	True	one causal variant per trait; shared observed subset; p1=p2=1e-4; effect prior SD as given times sdY; CP sdY=1; window sensitivity is not multi-signal conditioning
R001	ENSG00000114395	CYB561D2	1e-06	0.2	gene_cis_shared_region	1870	1.4498614169387657e-22	0.8599064383665932	2.2105729271788012e-23	0.1310173472486679	0.009076214384740537	0.06478680589541176	0.7903475511836471	True	one causal variant per trait; shared observed subset; p1=p2=1e-4; effect prior SD as given times sdY; CP sdY=1; window sensitivity is not multi-signal conditioning
R001	ENSG00000114395	CYB561D2	1e-05	0.2	gene_cis_shared_region	1870	1.340371893030906e-22	0.7949686826320821	2.0436365741365619e-23	0.12112327957686553	0.08390803779105453	0.4092449820262584	0.7903475511836471	True	one causal variant per trait; shared observed subset; p1=p2=1e-4; effect prior SD as given times sdY; CP sdY=1; window sensitivity is not multi-signal conditioning
R001	ENSG00000114395	CYB561D2	0.0001	0.2	gene_cis_shared_region	1870	7.636696764145973e-23	0.45292913092395226	1.1643509457295963e-23	0.06900933703673755	0.4780615320393117	0.8738566775575389	0.7903475511836471	True	one causal variant per trait; shared observed subset; p1=p2=1e-4; effect prior SD as given times sdY; CP sdY=1; window sensitivity is not multi-signal conditioning
R001	ENSG00000114395	CYB561D2	1e-06	0.1	lead_250kb_shared_subset	535	8.246136733169769e-23	0.9423877327573875	4.0623422309889944e-24	0.0463123954836381	0.011299871758972933	0.19613655736525762	0.7827809793181523	True	one causal variant per trait; shared observed subset; p1=p2=1e-4; effect prior SD as given times sdY; CP sdY=1; window sensitivity is not multi-signal conditioning
R001	ENSG00000114395	CYB561D2	1e-05	0.1	lead_250kb_shared_subset	535	7.484928176494196e-23	0.8553950440483234	3.687343638747037e-24	0.04203725515271404	0.10256770079896037	0.7092958890927467	0.7827809793181523	True	one causal variant per trait; shared observed subset; p1=p2=1e-4; effect prior SD as given times sdY; CP sdY=1; window sensitivity is not multi-signal conditioning
R001	ENSG00000114395	CYB561D2	0.0001	0.1	lead_250kb_shared_subset	535	3.892097109876959e-23	0.44479793262397455	1.917386403861595e-24	0.02185900457947641	0.5333430627965489	0.9606287406623221	0.7827809793181523	True	one causal variant per trait; shared observed subset; p1=p2=1e-4; effect prior SD as given times sdY; CP sdY=1; window sensitivity is not multi-signal conditioning
R001	ENSG00000114395	CYB561D2	1e-06	0.15	lead_250kb_shared_subset	535	1.2089742809820217e-22	0.9468170205829317	5.3976661498893426e-24	0.04216200616598087	0.011020973251084516	0.20722745081010072	0.7827809793181523	True	one causal variant per trait; shared observed subset; p1=p2=1e-4; effect prior SD as given times sdY; CP sdY=1; window sensitivity is not multi-signal conditioning
R001	ENSG00000114395	CYB561D2	1e-05	0.15	lead_250kb_shared_subset	535	1.0998786794328213e-22	0.8613780050121344	4.9105907465105255e-24	0.03835738476289978	0.10026461022496735	0.7232951035926368	0.7827809793181523	True	one causal variant per trait; shared observed subset; p1=p2=1e-4; effect prior SD as given times sdY; CP sdY=1; window sensitivity is not multi-signal conditioning
R001	ENSG00000114395	CYB561D2	0.0001	0.15	lead_250kb_shared_subset	535	5.781588414541478e-23	0.45278931098902025	2.5812860181288668e-24	0.020162824819156454	0.5270478641918226	0.9631534521820134	0.7827809793181523	True	one causal variant per trait; shared observed subset; p1=p2=1e-4; effect prior SD as given times sdY; CP sdY=1; window sensitivity is not multi-signal conditioning
R001	ENSG00000114395	CYB561D2	1e-06	0.2	lead_250kb_shared_subset	535	1.6052383101956731e-22	0.9520040178324822	6.408412231956731e-24	0.03790487381457697	0.010091108352941169	0.2102490228811371	0.7827809793181523	True	one causal variant per trait; shared observed subset; p1=p2=1e-4; effect prior SD as given times sdY; CP sdY=1; window sensitivity is not multi-signal conditioning
R001	ENSG00000114395	CYB561D2	1e-05	0.2	lead_250kb_shared_subset	535	1.4715886642394662e-22	0.8727416434398051	5.874857793028569e-24	0.034748972953529494	0.09250938360666347	0.7269415235840069	0.7827809793181523	True	one causal variant per trait; shared observed subset; p1=p2=1e-4; effect prior SD as given times sdY; CP sdY=1; window sensitivity is not multi-signal conditioning
R001	ENSG00000114395	CYB561D2	0.0001	0.2	lead_250kb_shared_subset	535	8.030127409757732e-23	0.4762354292967403	3.2057773845797153e-24	0.01896173074418711	0.5048028399590752	0.9637972253092126	0.7827809793181523	True	one causal variant per trait; shared observed subset; p1=p2=1e-4; effect prior SD as given times sdY; CP sdY=1; window sensitivity is not multi-signal conditioning
R001	ENSG00000126062	TMEM115	1e-06	0.1	gene_cis_shared_region	1859	7.384553191379273e-23	0.8439708045318074	1.3095360381344552e-23	0.1496008561248179	0.0064283393433779805	0.04119959296135894	0.8780583216056064	True	one causal variant per trait; shared observed subset; p1=p2=1e-4; effect prior SD as given times sdY; CP sdY=1; window sensitivity is not multi-signal conditioning
R001	ENSG00000126062	TMEM115	1e-05	0.1	gene_cis_shared_region	1859	6.98068526763231e-23	0.7978132743880437	1.2379163223457464e-23	0.14141904937387845	0.06076767623807743	0.3005522546257808	0.8780583216056064	True	one causal variant per trait; shared observed subset; p1=p2=1e-4; effect prior SD as given times sdY; CP sdY=1; window sensitivity is not multi-signal conditioning
R001	ENSG00000126062	TMEM115	0.0001	0.1	gene_cis_shared_region	1859	4.512666794814053e-23	0.5157467116425272	8.002515037470996e-24	0.09142040126386125	0.39283288709361186	0.8112136696604625	0.8780583216056064	True	one causal variant per trait; shared observed subset; p1=p2=1e-4; effect prior SD as given times sdY; CP sdY=1; window sensitivity is not multi-signal conditioning
R001	ENSG00000126062	TMEM115	1e-06	0.15	gene_cis_shared_region	1859	1.0877105494454748e-22	0.8518955914622511	1.8247492764697113e-23	0.14286205541178046	0.005242353125965213	0.035396334097841216	0.8780583216056064	True	one causal variant per trait; shared observed subset; p1=p2=1e-4; effect prior SD as given times sdY; CP sdY=1; window sensitivity is not multi-signal conditioning
R001	ENSG00000126062	TMEM115	1e-05	0.15	gene_cis_shared_region	1859	1.0387033038390005e-22	0.8135130856539299	1.7425344482621724e-23	0.13642534682144805	0.05006156752462138	0.26844547082655146	0.8780583216056064	True	one causal variant per trait; shared observed subset; p1=p2=1e-4; effect prior SD as given times sdY; CP sdY=1; window sensitivity is not multi-signal conditioning
R001	ENSG00000126062	TMEM115	0.0001	0.15	gene_cis_shared_region	1859	7.160734634508091e-23	0.5608291902545613	1.201288830927648e-23	0.09405050531740122	0.3451203044280368	0.7858452719753463	0.8780583216056064	True	one causal variant per trait; shared observed subset; p1=p2=1e-4; effect prior SD as given times sdY; CP sdY=1; window sensitivity is not multi-signal conditioning
R001	ENSG00000126062	TMEM115	1e-06	0.2	gene_cis_shared_region	1859	1.4500255638905224e-22	0.860000957326476	2.2880660186214886e-23	0.13566035625891185	0.004338686414611	0.030990829163945053	0.8780583216056064	True	one causal variant per trait; shared observed subset; p1=p2=1e-4; effect prior SD as given times sdY; CP sdY=1; window sensitivity is not multi-signal conditioning
R001	ENSG00000126062	TMEM115	1e-05	0.2	gene_cis_shared_region	1859	1.3955325604403578e-22	0.8276815028963093	2.202078852221187e-23	0.1305621425130571	0.0417563545906354	0.2423207913977369	0.8780583216056064	True	one causal variant per trait; shared observed subset; p1=p2=1e-4; effect prior SD as given times sdY; CP sdY=1; window sensitivity is not multi-signal conditioning
R001	ENSG00000126062	TMEM115	0.0001	0.2	gene_cis_shared_region	1859	1.0143373063094454e-22	0.6015970174605441	1.6005722794014992e-23	0.09489857542334586	0.30350440711610693	0.7618025477157458	0.8780583216056064	True	one causal variant per trait; shared observed subset; p1=p2=1e-4; effect prior SD as given times sdY; CP sdY=1; window sensitivity is not multi-signal conditioning
R001	ENSG00000126062	TMEM115	1e-06	0.1	lead_250kb_shared_subset	535	8.282963880833646e-23	0.9465964250594787	4.045868317640141e-24	0.04616473811007517	0.007238836830445541	0.1355496675739019	0.8697705240360378	True	one causal variant per trait; shared observed subset; p1=p2=1e-4; effect prior SD as given times sdY; CP sdY=1; window sensitivity is not multi-signal conditioning
R001	ENSG00000126062	TMEM115	1e-05	0.1	lead_250kb_shared_subset	535	7.776339036051828e-23	0.888698156539139	3.798404072000353e-24	0.04334108662301156	0.06796075683785029	0.6105986632804333	0.8697705240360378	True	one causal variant per trait; shared observed subset; p1=p2=1e-4; effect prior SD as given times sdY; CP sdY=1; window sensitivity is not multi-signal conditioning
R001	ENSG00000126062	TMEM115	0.0001	0.1	lead_250kb_shared_subset	535	4.8250888348285274e-23	0.5514224023373864	2.356846453454189e-24	0.02689242228052405	0.4216851753820883	0.940049564622372	0.8697705240360378	True	one causal variant per trait; shared observed subset; p1=p2=1e-4; effect prior SD as given times sdY; CP sdY=1; window sensitivity is not multi-signal conditioning
R001	ENSG00000126062	TMEM115	1e-06	0.15	lead_250kb_shared_subset	535	1.2159886771845976e-22	0.9523103960981797	5.344209086861338e-24	0.04179461310483624	0.0058949907969866105	0.1236116535822451	0.8697705240360378	True	one causal variant per trait; shared observed subset; p1=p2=1e-4; effect prior SD as given times sdY; CP sdY=1; window sensitivity is not multi-signal conditioning
R001	ENSG00000126062	TMEM115	1e-05	0.15	lead_250kb_shared_subset	535	1.1547248461164252e-22	0.9043311802340123	5.074957630138471e-24	0.03968892070419425	0.05597989906179623	0.5851425699483401	0.8697705240360378	True	one causal variant per trait; shared observed subset; p1=p2=1e-4; effect prior SD as given times sdY; CP sdY=1; window sensitivity is not multi-signal conditioning
R001	ENSG00000126062	TMEM115	0.0001	0.15	lead_250kb_shared_subset	535	7.678615417240774e-23	0.6013563634826561	3.374712861828899e-24	0.026392084611137352	0.37225155190620485	0.933795294359379	0.8697705240360378	True	one causal variant per trait; shared observed subset; p1=p2=1e-4; effect prior SD as given times sdY; CP sdY=1; window sensitivity is not multi-signal conditioning
R001	ENSG00000126062	TMEM115	1e-06	0.2	lead_250kb_shared_subset	535	1.6148813243364915e-22	0.957722912122362	6.316338527704091e-24	0.03741107163044418	0.004866016247195764	0.11509818891214041	0.8697705240360378	True	one causal variant per trait; shared observed subset; p1=p2=1e-4; effect prior SD as given times sdY; CP sdY=1; window sensitivity is not multi-signal conditioning
R001	ENSG00000126062	TMEM115	1e-05	0.2	lead_250kb_shared_subset	535	1.547126251069006e-22	0.9175400298864418	6.051325877376569e-24	0.03584142693820813	0.046618543175350774	0.5653475633225494	0.8697705240360378	True	one causal variant per trait; shared observed subset; p1=p2=1e-4; effect prior SD as given times sdY; CP sdY=1; window sensitivity is not multi-signal conditioning
R001	ENSG00000126062	TMEM115	0.0001	0.2	lead_250kb_shared_subset	535	1.0898579443611892e-22	0.646352093211648	4.262797284203757e-24	0.025248142392294653	0.3283997643960553	0.928606554972754	0.8697705240360378	True	one causal variant per trait; shared observed subset; p1=p2=1e-4; effect prior SD as given times sdY; CP sdY=1; window sensitivity is not multi-signal conditioning
R001	ENSG00000007402	CACNA2D2	1e-06	0.1	gene_cis_shared_region	1688	7.385547443829935e-23	0.8440700708060425	1.3111149693387526e-23	0.14978155954729072	0.006148369646667363	0.0394303369369169	0.5600246800070232	True	one causal variant per trait; shared observed subset; p1=p2=1e-4; effect prior SD as given times sdY; CP sdY=1; window sensitivity is not multi-signal conditioning
R001	ENSG00000007402	CACNA2D2	1e-05	0.1	gene_cis_shared_region	1688	6.998294528891084e-23	0.79981220125497	1.2423681232101604e-23	0.14192793109524784	0.05825986764978246	0.29102606659852076	0.5600246800070232	True	one causal variant per trait; shared observed subset; p1=p2=1e-4; effect prior SD as given times sdY; CP sdY=1; window sensitivity is not multi-signal conditioning
R001	ENSG00000007402	CACNA2D2	0.0001	0.1	gene_cis_shared_region	1688	4.5910361189188306e-23	0.5246945079482652	8.150209887715366e-24	0.09310786438777602	0.38219762766395843	0.804109428683728	0.5600246800070232	True	one causal variant per trait; shared observed subset; p1=p2=1e-4; effect prior SD as given times sdY; CP sdY=1; window sensitivity is not multi-signal conditioning
R001	ENSG00000007402	CACNA2D2	1e-06	0.15	gene_cis_shared_region	1688	1.0737060765863857e-22	0.8409129863192474	1.9697961346266858e-23	0.15422329873031107	0.004863714950442134	0.030572671130796137	0.5600246800070232	True	one causal variant per trait; shared observed subset; p1=p2=1e-4; effect prior SD as given times sdY; CP sdY=1; window sensitivity is not multi-signal conditioning
R001	ENSG00000007402	CACNA2D2	1e-05	0.15	gene_cis_shared_region	1688	1.0286773365191014e-22	0.8056470479904289	1.8871874579452368e-23	0.14775553163624303	0.046597420373325045	0.23975668952551354	0.5600246800070232	True	one causal variant per trait; shared observed subset; p1=p2=1e-4; effect prior SD as given times sdY; CP sdY=1; window sensitivity is not multi-signal conditioning
R001	ENSG00000007402	CACNA2D2	0.0001	0.15	gene_cis_shared_region	1688	7.247387364502587e-23	0.5676061898682865	1.3295887885934772e-23	0.10409887872512545	0.3282949314065908	0.7592498405714578	0.5600246800070232	True	one causal variant per trait; shared observed subset; p1=p2=1e-4; effect prior SD as given times sdY; CP sdY=1; window sensitivity is not multi-signal conditioning
R001	ENSG00000007402	CACNA2D2	1e-06	0.2	gene_cis_shared_region	1688	1.4167138149111651e-22	0.8402296954665932	2.6280325219261223e-23	0.15582483791949847	0.003945466613909422	0.024694617847989563	0.5600246800070232	True	one causal variant per trait; shared observed subset; p1=p2=1e-4; effect prior SD as given times sdY; CP sdY=1; window sensitivity is not multi-signal conditioning
R001	ENSG00000007402	CACNA2D2	1e-05	0.2	gene_cis_shared_region	1688	1.3681325241347682e-22	0.8114169298079302	2.5379132538186812e-23	0.15048136510129434	0.03810170509077599	0.20204202345401268	0.5600246800070232	True	one causal variant per trait; shared observed subset; p1=p2=1e-4; effect prior SD as given times sdY; CP sdY=1; window sensitivity is not multi-signal conditioning
R001	ENSG00000007402	CACNA2D2	0.0001	0.2	gene_cis_shared_region	1688	1.0187779359259905e-22	0.6042204613532729	1.889853490559894e-23	0.11205573424268692	0.28372380440403927	0.7168733517002046	0.5600246800070232	True	one causal variant per trait; shared observed subset; p1=p2=1e-4; effect prior SD as given times sdY; CP sdY=1; window sensitivity is not multi-signal conditioning
R001	ENSG00000007402	CACNA2D2	1e-06	0.1	lead_250kb_shared_subset	535	8.286749881399477e-23	0.9470290980316718	4.034611848745196e-24	0.046039167583413754	0.006931734384911463	0.13085928551974446	0.5542337057097493	True	one causal variant per trait; shared observed subset; p1=p2=1e-4; effect prior SD as given times sdY; CP sdY=1; window sensitivity is not multi-signal conditioning
R001	ENSG00000007402	CACNA2D2	1e-05	0.1	lead_250kb_shared_subset	535	7.800133781536059e-23	0.8914174755334778	3.7976906057490756e-24	0.043335646843553365	0.06524687762296948	0.6008966723101542	0.5542337057097493	True	one causal variant per trait; shared observed subset; p1=p2=1e-4; effect prior SD as given times sdY; CP sdY=1; window sensitivity is not multi-signal conditioning
R001	ENSG00000007402	CACNA2D2	0.0001	0.1	lead_250kb_shared_subset	535	4.9143310008405653e-23	0.5616212051484228	2.3926652026932787e-24	0.0273028282192891	0.4110759666322893	0.9377186384470695	0.5542337057097493	True	one causal variant per trait; shared observed subset; p1=p2=1e-4; effect prior SD as given times sdY; CP sdY=1; window sensitivity is not multi-signal conditioning
R001	ENSG00000007402	CACNA2D2	1e-06	0.15	lead_250kb_shared_subset	535	1.2165039436471961e-22	0.9527139307842339	5.336512177057072e-24	0.04173780142472164	0.005548267791042621	0.11733408767233576	0.5542337057097493	True	one causal variant per trait; shared observed subset; p1=p2=1e-4; effect prior SD as given times sdY; CP sdY=1; window sensitivity is not multi-signal conditioning
R001	ENSG00000007402	CACNA2D2	1e-05	0.15	lead_250kb_shared_subset	535	1.1586475611451492e-22	0.9074032831021356	5.082710048954651e-24	0.03975277028969434	0.05284394660816699	0.5706892034461267	0.5542337057097493	True	one causal variant per trait; shared observed subset; p1=p2=1e-4; effect prior SD as given times sdY; CP sdY=1; window sensitivity is not multi-signal conditioning
R001	ENSG00000007402	CACNA2D2	0.0001	0.15	lead_250kb_shared_subset	535	7.852067493120036e-23	0.6149403892374911	3.4445144227383985e-24	0.026940153832859404	0.358119456929647	0.9300364071435284	0.5542337057097493	True	one causal variant per trait; shared observed subset; p1=p2=1e-4; effect prior SD as given times sdY; CP sdY=1; window sensitivity is not multi-signal conditioning
R001	ENSG00000007402	CACNA2D2	1e-06	0.2	lead_250kb_shared_subset	535	1.615415901534188e-22	0.9580399489366572	6.318140548793162e-24	0.03742506905465454	0.004534982008691734	0.10807856267489663	0.5542337057097493	True	one causal variant per trait; shared observed subset; p1=p2=1e-4; effect prior SD as given times sdY; CP sdY=1; window sensitivity is not multi-signal conditioning
R001	ENSG00000007402	CACNA2D2	1e-05	0.2	lead_250kb_shared_subset	535	1.5520684779214962e-22	0.920471071209544	6.070379012331366e-24	0.03595747070992618	0.04357145808052805	0.5478692941449236	0.5542337057097493	True	one causal variant per trait; shared observed subset; p1=p2=1e-4; effect prior SD as given times sdY; CP sdY=1; window sensitivity is not multi-signal conditioning
R001	ENSG00000007402	CACNA2D2	0.0001	0.2	lead_250kb_shared_subset	535	1.114877093156726e-22	0.6611899711920185	4.360456129288068e-24	0.025828860641533034	0.31298116816645055	0.9237659501036457	0.5542337057097493	True	one causal variant per trait; shared observed subset; p1=p2=1e-4; effect prior SD as given times sdY; CP sdY=1; window sensitivity is not multi-signal conditioning
R001	ENSG00000271858	XXcos-LUCA11.4	1e-06	0.1	gene_cis_shared_region	1853	7.426756750399606e-23	0.8487935982299949	1.2535059911473272e-23	0.14318118704986724	0.008025214720134639	0.0530745697681616	0.9741727611275748	True	one causal variant per trait; shared observed subset; p1=p2=1e-4; effect prior SD as given times sdY; CP sdY=1; window sensitivity is not multi-signal conditioning
R001	ENSG00000271858	XXcos-LUCA11.4	1e-05	0.1	gene_cis_shared_region	1853	6.926478458448664e-23	0.7916174948765967	1.1690678094110377e-23	0.13353627176528332	0.07484623335811647	0.3591771454796269	0.9741727611275748	True	one causal variant per trait; shared observed subset; p1=p2=1e-4; effect prior SD as given times sdY; CP sdY=1; window sensitivity is not multi-signal conditioning
R001	ENSG00000271858	XXcos-LUCA11.4	0.0001	0.1	gene_cis_shared_region	1853	4.138630392911217e-23	0.47299825495888453	6.9852806103815e-24	0.07978906975589342	0.44721267528522046	0.8485980919291478	0.9741727611275748	True	one causal variant per trait; shared observed subset; p1=p2=1e-4; effect prior SD as given times sdY; CP sdY=1; window sensitivity is not multi-signal conditioning
R001	ENSG00000271858	XXcos-LUCA11.4	1e-06	0.15	gene_cis_shared_region	1853	1.0984859412074725e-22	0.8603342825374215	1.6927575776886042e-23	0.13250518252555446	0.007160534937021064	0.05126909500135409	0.9741727611275748	True	one causal variant per trait; shared observed subset; p1=p2=1e-4; effect prior SD as given times sdY; CP sdY=1; window sensitivity is not multi-signal conditioning
R001	ENSG00000271858	XXcos-LUCA11.4	1e-05	0.15	gene_cis_shared_region	1853	1.0319801706135566e-22	0.8082469573545238	1.5902727456941923e-23	0.12448290482406398	0.0672701378214147	0.35081653408643243	0.9741727611275748	True	one causal variant per trait; shared observed subset; p1=p2=1e-4; effect prior SD as given times sdY; CP sdY=1; window sensitivity is not multi-signal conditioning
R001	ENSG00000271858	XXcos-LUCA11.4	0.0001	0.15	gene_cis_shared_region	1853	6.428055868410163e-23	0.503445390259629	9.90557991948107e-24	0.07753860875013954	0.41901600099022945	0.8438467648287833	0.9741727611275748	True	one causal variant per trait; shared observed subset; p1=p2=1e-4; effect prior SD as given times sdY; CP sdY=1; window sensitivity is not multi-signal conditioning
R001	ENSG00000271858	XXcos-LUCA11.4	1e-06	0.2	gene_cis_shared_region	1853	1.4700357155933788e-22	0.8718682408624143	2.0561406183561326e-23	0.121885850390734	0.0062459087468538	0.048745984515415466	0.9741727611275748	True	one causal variant per trait; shared observed subset; p1=p2=1e-4; effect prior SD as given times sdY; CP sdY=1; window sensitivity is not multi-signal conditioning
R001	ENSG00000271858	XXcos-LUCA11.4	1e-05	0.2	gene_cis_shared_region	1853	1.391798308531363e-22	0.8254661638643992	1.9467098685936077e-23	0.11539891079398375	0.059134925341615956	0.33881639601201774	0.9741727611275748	True	one causal variant per trait; shared observed subset; p1=p2=1e-4; effect prior SD as given times sdY; CP sdY=1; window sensitivity is not multi-signal conditioning
R001	ENSG00000271858	XXcos-LUCA11.4	0.0001	0.2	gene_cis_shared_region	1853	9.08357455631133e-23	0.5387406635870049	1.2705206007569013e-23	0.07531512313881006	0.38594421327418277	0.836718485257118	0.9741727611275748	True	one causal variant per trait; shared observed subset; p1=p2=1e-4; effect prior SD as given times sdY; CP sdY=1; window sensitivity is not multi-signal conditioning
R001	ENSG00000271858	XXcos-LUCA11.4	1e-06	0.1	lead_250kb_shared_subset	535	8.267038376323622e-23	0.9447764212717837	4.056803925328995e-24	0.04627259127832224	0.008950987449892644	0.16208633442510667	0.9643170429769676	True	one causal variant per trait; shared observed subset; p1=p2=1e-4; effect prior SD as given times sdY; CP sdY=1; window sensitivity is not multi-signal conditioning
R001	ENSG00000271858	XXcos-LUCA11.4	1e-05	0.1	lead_250kb_shared_subset	535	7.650706014644538e-23	0.8743405219237393	3.754357096083852e-24	0.042822831622523726	0.08283664645373903	0.6592152674982897	0.9643170429769676	True	one causal variant per trait; shared observed subset; p1=p2=1e-4; effect prior SD as given times sdY; CP sdY=1; window sensitivity is not multi-signal conditioning
R001	ENSG00000271858	XXcos-LUCA11.4	0.0001	0.1	lead_250kb_shared_subset	535	4.383027969722063e-23	0.5009026559532739	2.1508409980676233e-24	0.024532855972370076	0.4745644880743556	0.9508455489395005	0.9643170429769676	True	one causal variant per trait; shared observed subset; p1=p2=1e-4; effect prior SD as given times sdY; CP sdY=1; window sensitivity is not multi-signal conditioning
R001	ENSG00000271858	XXcos-LUCA11.4	1e-06	0.15	lead_250kb_shared_subset	535	1.2130281481107314e-22	0.9499918361741503	5.381549138053781e-24	0.04206657849216664	0.007941585333683205	0.15880577741944807	0.9643170429769676	True	one causal variant per trait; shared observed subset; p1=p2=1e-4; effect prior SD as given times sdY; CP sdY=1; window sensitivity is not multi-signal conditioning
R001	ENSG00000271858	XXcos-LUCA11.4	1e-05	0.15	lead_250kb_shared_subset	535	1.1321113202012668e-22	0.8866212325794818	5.022564982435923e-24	0.03926046546182012	0.07411830195869755	0.6537229469411632	0.9643170429769676	True	one causal variant per trait; shared observed subset; p1=p2=1e-4; effect prior SD as given times sdY; CP sdY=1; window sensitivity is not multi-signal conditioning
R001	ENSG00000271858	XXcos-LUCA11.4	0.0001	0.15	lead_250kb_shared_subset	535	6.791046011770388e-23	0.5318457185278747	3.012819436057337e-24	0.023550654660651472	0.44460362681147353	0.9496946720500008	0.9643170429769676	True	one causal variant per trait; shared observed subset; p1=p2=1e-4; effect prior SD as given times sdY; CP sdY=1; window sensitivity is not multi-signal conditioning
R001	ENSG00000271858	XXcos-LUCA11.4	1e-06	0.2	lead_250kb_shared_subset	535	1.610836849452024e-22	0.9553242923563248	6.383615629953458e-24	0.03778986755534636	0.006885840088331871	0.1541294016706245	0.9643170429769676	True	one causal variant per trait; shared observed subset; p1=p2=1e-4; effect prior SD as given times sdY; CP sdY=1; window sensitivity is not multi-signal conditioning
R001	ENSG00000271858	XXcos-LUCA11.4	1e-05	0.2	lead_250kb_shared_subset	535	1.5168347176937922e-22	0.8995753069563025	6.011092815029695e-24	0.035584598840347544	0.06484009420334857	0.6456588737108292	0.9643170429769676	True	one causal variant per trait; shared observed subset; p1=p2=1e-4; effect prior SD as given times sdY; CP sdY=1; window sensitivity is not multi-signal conditioning
R001	ENSG00000271858	XXcos-LUCA11.4	0.0001	0.2	lead_250kb_shared_subset	535	9.578632357400271e-23	0.5680711973833789	3.79593422208333e-24	0.022471254507906765	0.40945754810871776	0.9479746329215002	0.9643170429769676	True	one causal variant per trait; shared observed subset; p1=p2=1e-4; effect prior SD as given times sdY; CP sdY=1; window sensitivity is not multi-signal conditioning
R001	ENSG00000088543	C3orf18	1e-06	0.1	gene_cis_shared_region	1621	7.542120624002857e-23	0.8619634821601811	1.1485927701723807e-23	0.13120042582009378	0.006836092019725912	0.0495237936069834	0.6126219659258403	True	one causal variant per trait; shared observed subset; p1=p2=1e-4; effect prior SD as given times sdY; CP sdY=1; window sensitivity is not multi-signal conditioning
R001	ENSG00000088543	C3orf18	1e-05	0.1	gene_cis_shared_region	1621	7.1049874895074e-23	0.8120050132412204	1.0820215784724794e-23	0.12359619138192357	0.06439879537685773	0.3425559185761088	0.6126219659258403	True	one causal variant per trait; shared observed subset; p1=p2=1e-4; effect prior SD as given times sdY; CP sdY=1; window sensitivity is not multi-signal conditioning
R001	ENSG00000088543	C3orf18	0.0001	0.1	gene_cis_shared_region	1621	4.497997122708419e-23	0.5140608929400168	6.850019023770346e-24	0.07824578354777022	0.40769332351221166	0.838980270550417	0.6126219659258403	True	one causal variant per trait; shared observed subset; p1=p2=1e-4; effect prior SD as given times sdY; CP sdY=1; window sensitivity is not multi-signal conditioning
R001	ENSG00000088543	C3orf18	1e-06	0.15	gene_cis_shared_region	1621	1.1120725388403898e-22	0.8709602809003404	1.575913094093932e-23	0.12336666707009873	0.00567305202956293	0.043963611120243086	0.6126219659258403	True	one causal variant per trait; shared observed subset; p1=p2=1e-4; effect prior SD as given times sdY; CP sdY=1; window sensitivity is not multi-signal conditioning
R001	ENSG00000088543	C3orf18	1e-05	0.15	gene_cis_shared_region	1621	1.0580511269997198e-22	0.8286514364786945	1.4993595894368305e-23	0.11737385518378604	0.05397470833751595	0.31499947958890145	0.6126219659258403	True	one causal variant per trait; shared observed subset; p1=p2=1e-4; effect prior SD as given times sdY; CP sdY=1; window sensitivity is not multi-signal conditioning
R001	ENSG00000088543	C3orf18	0.0001	0.15	gene_cis_shared_region	1621	7.121219540596952e-23	0.557724352936432	1.0091448829090286e-23	0.07899854456562526	0.36327710249794326	0.8213816539750135	0.6126219659258403	True	one causal variant per trait; shared observed subset; p1=p2=1e-4; effect prior SD as given times sdY; CP sdY=1; window sensitivity is not multi-signal conditioning
R001	ENSG00000088543	C3orf18	1e-06	0.2	gene_cis_shared_region	1621	1.484639419636257e-22	0.8805144153224326	1.9354229393604586e-23	0.11473918216742082	0.004746402510144686	0.03972364133257546	0.6126219659258403	True	one causal variant per trait; shared observed subset; p1=p2=1e-4; effect prior SD as given times sdY; CP sdY=1; window sensitivity is not multi-signal conditioning
R001	ENSG00000088543	C3orf18	1e-05	0.2	gene_cis_shared_region	1621	1.4238173283642367e-22	0.8444418663743575	1.8561333360326792e-23	0.1100385949959084	0.04551953862973164	0.2926207557830254	0.6126219659258403	True	one causal variant per trait; shared observed subset; p1=p2=1e-4; effect prior SD as given times sdY; CP sdY=1; window sensitivity is not multi-signal conditioning
R001	ENSG00000088543	C3orf18	0.0001	0.2	gene_cis_shared_region	1621	1.0100317251799755e-22	0.599032655465829	1.316709326547511e-23	0.0780595022451264	0.32290784228904346	0.8053220460239393	0.6126219659258403	True	one causal variant per trait; shared observed subset; p1=p2=1e-4; effect prior SD as given times sdY; CP sdY=1; window sensitivity is not multi-signal conditioning
R001	ENSG00000088543	C3orf18	1e-06	0.1	lead_250kb_shared_subset	535	8.280053289412961e-23	0.9462637958855179	4.048769864762318e-24	0.04619487272149444	0.007541331392984827	0.14033986056995806	0.6047738137212152	True	one causal variant per trait; shared observed subset; p1=p2=1e-4; effect prior SD as given times sdY; CP sdY=1; window sensitivity is not multi-signal conditioning
R001	ENSG00000088543	C3orf18	1e-05	0.1	lead_250kb_shared_subset	535	7.753788304982685e-23	0.8861210064127303	3.7914374859278364e-24	0.04325881142770783	0.07062018215956442	0.6201335288886618	0.6047738137212152	True	one causal variant per trait; shared observed subset; p1=p2=1e-4; effect prior SD as given times sdY; CP sdY=1; window sensitivity is not multi-signal conditioning
R001	ENSG00000088543	C3orf18	0.0001	0.1	lead_250kb_shared_subset	535	4.740691701366864e-23	0.541777301143001	2.3180973633545026e-24	0.026448579749661676	0.4317741191073342	0.9422800751345671	0.6047738137212152	True	one causal variant per trait; shared observed subset; p1=p2=1e-4; effect prior SD as given times sdY; CP sdY=1; window sensitivity is not multi-signal conditioning
R001	ENSG00000088543	C3orf18	1e-06	0.15	lead_250kb_shared_subset	535	1.2153296496918283e-22	0.951794273913447	5.365675865328256e-24	0.04195921655783442	0.0062465095287194145	0.12958023944092759	0.6047738137212152	True	one causal variant per trait; shared observed subset; p1=p2=1e-4; effect prior SD as given times sdY; CP sdY=1; window sensitivity is not multi-signal conditioning
R001	ENSG00000088543	C3orf18	1e-05	0.15	lead_250kb_shared_subset	535	1.1506421739578625e-22	0.9011338057736992	5.0800809015069094e-24	0.039725883565761545	0.0591403106605416	0.5981853668319665	0.6047738137212152	True	one causal variant per trait; shared observed subset; p1=p2=1e-4; effect prior SD as given times sdY; CP sdY=1; window sensitivity is not multi-signal conditioning
R001	ENSG00000088543	C3orf18	0.0001	0.15	lead_250kb_shared_subset	535	7.509430999715095e-23	0.5881065625025553	3.315410982340164e-24	0.02592628605934679	0.38596715143809596	0.9370558409066477	0.6047738137212152	True	one causal variant per trait; shared observed subset; p1=p2=1e-4; effect prior SD as given times sdY; CP sdY=1; window sensitivity is not multi-signal conditioning
R001	ENSG00000088543	C3orf18	1e-06	0.2	lead_250kb_shared_subset	535	1.6138516585227019e-22	0.9571122576260631	6.3623413306948446e-24	0.03768048382795423	0.005207258545980041	0.12141600974419298	0.6047738137212152	True	one causal variant per trait; shared observed subset; p1=p2=1e-4; effect prior SD as given times sdY; CP sdY=1; window sensitivity is not multi-signal conditioning
R001	ENSG00000088543	C3orf18	1e-05	0.2	lead_250kb_shared_subset	535	1.5416038883247546e-22	0.9142649326706179	6.0775165316165245e-24	0.0359936305647234	0.049741436764661584	0.5801760972970404	0.6047738137212152	True	one causal variant per trait; shared observed subset; p1=p2=1e-4; effect prior SD as given times sdY; CP sdY=1; window sensitivity is not multi-signal conditioning
R001	ENSG00000088543	C3orf18	0.0001	0.2	lead_250kb_shared_subset	535	1.064884101539131e-22	0.6315410844310151	4.198128183493733e-24	0.02486309565987062	0.3435958199091151	0.9325213894703125	0.6047738137212152	True	one causal variant per trait; shared observed subset; p1=p2=1e-4; effect prior SD as given times sdY; CP sdY=1; window sensitivity is not multi-signal conditioning
R001	ENSG00000114735	HEMK1	1e-06	0.1	gene_cis_shared_region	1621	6.727607199962543e-23	0.7688754950736815	1.9694000859699063e-23	0.22501498626275346	0.006109518663564416	0.026433885344663566	0.8582683485774648	True	one causal variant per trait; shared observed subset; p1=p2=1e-4; effect prior SD as given times sdY; CP sdY=1; window sensitivity is not multi-signal conditioning
R001	ENSG00000114735	HEMK1	1e-05	0.1	gene_cis_shared_region	1621	6.376965492710955e-23	0.7288018391298495	1.8667552989184766e-23	0.21328724464597124	0.05791091622418243	0.21353727487816357	0.8582683485774648	True	one causal variant per trait; shared observed subset; p1=p2=1e-4; effect prior SD as given times sdY; CP sdY=1; window sensitivity is not multi-signal conditioning
R001	ENSG00000114735	HEMK1	0.0001	0.1	gene_cis_shared_region	1621	4.192067345203197e-23	0.4790972123704349	1.2271610908081523e-23	0.14021002535621974	0.3806927622733461	0.7308326453880902	0.8582683485774648	True	one causal variant per trait; shared observed subset; p1=p2=1e-4; effect prior SD as given times sdY; CP sdY=1; window sensitivity is not multi-signal conditioning
R001	ENSG00000114735	HEMK1	1e-06	0.15	gene_cis_shared_region	1621	8.022977517290221e-23	0.6283488269031986	4.693522877636105e-23	0.3675493920907882	0.004101781006010252	0.011036642160529174	0.8582683485774648	True	one causal variant per trait; shared observed subset; p1=p2=1e-4; effect prior SD as given times sdY; CP sdY=1; window sensitivity is not multi-signal conditioning
R001	ENSG00000114735	HEMK1	1e-05	0.15	gene_cis_shared_region	1621	7.73734544793282e-23	0.6059785067421526	4.5264252322511655e-23	0.3544639891680333	0.03955750408981559	0.10039427992302197	0.8582683485774648	True	one causal variant per trait; shared observed subset; p1=p2=1e-4; effect prior SD as given times sdY; CP sdY=1; window sensitivity is not multi-signal conditioning
R001	ENSG00000114735	HEMK1	0.0001	0.15	gene_cis_shared_region	1621	5.70593317409759e-23	0.4468810249817594	3.338028535313054e-23	0.26140074117502565	0.29171823384321605	0.5274059416124628	0.8582683485774648	True	one causal variant per trait; shared observed subset; p1=p2=1e-4; effect prior SD as given times sdY; CP sdY=1; window sensitivity is not multi-signal conditioning
R001	ENSG00000114735	HEMK1	1e-06	0.2	gene_cis_shared_region	1621	8.008188132326872e-23	0.47495203197928315	8.81002620233949e-23	0.522482026146336	0.002565941874378437	0.00488706181275461	0.8582683485774648	True	one causal variant per trait; shared observed subset; p1=p2=1e-4; effect prior SD as given times sdY; CP sdY=1; window sensitivity is not multi-signal conditioning
R001	ENSG00000114735	HEMK1	1e-05	0.2	gene_cis_shared_region	1621	7.827425658925506e-23	0.4642313168026488	8.611164474723833e-23	0.510688454143111	0.02508022905424087	0.04681167421837251	0.8582683485774648	True	one causal variant per trait; shared observed subset; p1=p2=1e-4; effect prior SD as given times sdY; CP sdY=1; window sensitivity is not multi-signal conditioning
R001	ENSG00000114735	HEMK1	0.0001	0.2	gene_cis_shared_region	1621	6.385971098066155e-23	0.37874109587210864	7.025380994014979e-23	0.41664294882893466	0.20461595529895824	0.3293569781284548	0.8582683485774648	True	one causal variant per trait; shared observed subset; p1=p2=1e-4; effect prior SD as given times sdY; CP sdY=1; window sensitivity is not multi-signal conditioning
R001	ENSG00000114735	HEMK1	1e-06	0.1	lead_250kb_shared_subset	535	8.302734163847056e-23	0.9488558190991186	3.82027423673192e-24	0.043583376679488466	0.0075608042213906905	0.1478331276053484	0.851949205927206	True	one causal variant per trait; shared observed subset; p1=p2=1e-4; effect prior SD as given times sdY; CP sdY=1; window sensitivity is not multi-signal conditioning
R001	ENSG00000114735	HEMK1	1e-05	0.1	lead_250kb_shared_subset	535	7.773751823423784e-23	0.8884024838475989	3.576877595706763e-24	0.04080660024120943	0.07079091591118981	0.6343413218491053	0.851949205927206	True	one causal variant per trait; shared observed subset; p1=p2=1e-4; effect prior SD as given times sdY; CP sdY=1; window sensitivity is not multi-signal conditioning
R001	ENSG00000114735	HEMK1	0.0001	0.1	lead_250kb_shared_subset	535	4.748436379418386e-23	0.5426623810084067	2.1848620956746814e-24	0.024925872282400847	0.43241174670919025	0.9454978745519311	0.851949205927206	True	one causal variant per trait; shared observed subset; p1=p2=1e-4; effect prior SD as given times sdY; CP sdY=1; window sensitivity is not multi-signal conditioning
R001	ENSG00000114735	HEMK1	1e-06	0.15	lead_250kb_shared_subset	535	1.2198072554267935e-22	0.9553009434828617	4.915803900972702e-24	0.038435844451636066	0.006263212065504393	0.14011955852139027	0.851949205927206	True	one causal variant per trait; shared observed subset; p1=p2=1e-4; effect prior SD as given times sdY; CP sdY=1; window sensitivity is not multi-signal conditioning
R001	ENSG00000114735	HEMK1	1e-05	0.15	lead_250kb_shared_subset	535	1.1547171120886857e-22	0.9043251232738133	4.653491655236479e-24	0.03638486909176017	0.05929000763442557	0.6197029948009141	0.851949205927206	True	one causal variant per trait; shared observed subset; p1=p2=1e-4; effect prior SD as given times sdY; CP sdY=1; window sensitivity is not multi-signal conditioning
R001	ENSG00000114735	HEMK1	0.0001	0.15	lead_250kb_shared_subset	535	7.529404870562082e-23	0.5896708307572522	3.034338225981579e-24	0.023724980576300844	0.3866041886664469	0.9421806141150416	0.851949205927206	True	one causal variant per trait; shared observed subset; p1=p2=1e-4; effect prior SD as given times sdY; CP sdY=1; window sensitivity is not multi-signal conditioning
R001	ENSG00000114735	HEMK1	1e-06	0.2	lead_250kb_shared_subset	535	1.6202981103172443e-22	0.9609353958916952	5.7157039596123874e-24	0.03384541131094237	0.005219192797359889	0.13360413900241402	0.851949205927206	True	one causal variant per trait; shared observed subset; p1=p2=1e-4; effect prior SD as given times sdY; CP sdY=1; window sensitivity is not multi-signal conditioning
R001	ENSG00000114735	HEMK1	1e-05	0.2	lead_250kb_shared_subset	535	1.5476029660356938e-22	0.9178227508760701	5.459267245054164e-24	0.03232692712408144	0.04985032199984978	0.606619502736952	0.851949205927206	True	one causal variant per trait; shared observed subset; p1=p2=1e-4; effect prior SD as given times sdY; CP sdY=1; window sensitivity is not multi-signal conditioning
R001	ENSG00000114735	HEMK1	0.0001	0.2	lead_250kb_shared_subset	535	1.068304883919219e-22	0.6335698165820546	3.7685129768464595e-24	0.022315164087092065	0.3441150193308506	0.9391011846269229	0.851949205927206	True	one causal variant per trait; shared observed subset; p1=p2=1e-4; effect prior SD as given times sdY; CP sdY=1; window sensitivity is not multi-signal conditioning
R001	ENSG00000114737	CISH	1e-06	0.1	gene_cis_shared_region	1583	7.25120934442443e-23	0.8287161244180689	1.3318991078808432e-23	0.15202564981524957	0.01925822576667842	0.1124345517127611	0.7697171696547265	True	one causal variant per trait; shared observed subset; p1=p2=1e-4; effect prior SD as given times sdY; CP sdY=1; window sensitivity is not multi-signal conditioning
R001	ENSG00000114737	CISH	1e-05	0.1	gene_cis_shared_region	1583	6.180056955521206e-23	0.7062977505677002	1.1351502838682494e-23	0.12956834231806885	0.16413390711422832	0.5588445693946368	0.7697171696547265	True	one causal variant per trait; shared observed subset; p1=p2=1e-4; effect prior SD as given times sdY; CP sdY=1; window sensitivity is not multi-signal conditioning
R001	ENSG00000114737	CISH	0.0001	0.1	gene_cis_shared_region	1583	2.4947699307521704e-23	0.2851187946900709	4.582383003038946e-24	0.05230424358852222	0.6625769617214062	0.9268350556707581	0.7697171696547265	True	one causal variant per trait; shared observed subset; p1=p2=1e-4; effect prior SD as given times sdY; CP sdY=1; window sensitivity is not multi-signal conditioning
R001	ENSG00000114737	CISH	1e-06	0.15	gene_cis_shared_region	1583	1.0415763884683632e-22	0.8157485536214563	2.0530898471721244e-23	0.16055829113384465	0.023693155244699532	0.12859142063949933	0.7697171696547265	True	one causal variant per trait; shared observed subset; p1=p2=1e-4; effect prior SD as given times sdY; CP sdY=1; window sensitivity is not multi-signal conditioning
R001	ENSG00000114737	CISH	1e-05	0.15	gene_cis_shared_region	1583	8.585092516608589e-23	0.6723728456851978	1.692239424590014e-23	0.13233861663469348	0.1952885376801082	0.5960694500079945	0.7697171696547265	True	one causal variant per trait; shared observed subset; p1=p2=1e-4; effect prior SD as given times sdY; CP sdY=1; window sensitivity is not multi-signal conditioning
R001	ENSG00000114737	CISH	0.0001	0.15	gene_cis_shared_region	1583	3.1132515075500167e-23	0.24382565143189042	6.136645504458258e-24	0.04799056002576416	0.708183788542342	0.9365350595181664	0.7697171696547265	True	one causal variant per trait; shared observed subset; p1=p2=1e-4; effect prior SD as given times sdY; CP sdY=1; window sensitivity is not multi-signal conditioning
R001	ENSG00000114737	CISH	1e-06	0.2	gene_cis_shared_region	1583	1.369064046764474e-22	0.8119685370049615	2.757468503913647e-23	0.16329337325883767	0.024738089736200803	0.13156356570417982	0.7697171696547265	True	one causal variant per trait; shared observed subset; p1=p2=1e-4; effect prior SD as given times sdY; CP sdY=1; window sensitivity is not multi-signal conditioning
R001	ENSG00000114737	CISH	1e-05	0.2	gene_cis_shared_region	1583	1.1197579851003193e-22	0.6641093637001666	2.2553344989353354e-23	0.13355770977455722	0.20233292652527382	0.6023773950776715	0.7697171696547265	True	one causal variant per trait; shared observed subset; p1=p2=1e-4; effect prior SD as given times sdY; CP sdY=1; window sensitivity is not multi-signal conditioning
R001	ENSG00000114737	CISH	0.0001	0.2	gene_cis_shared_region	1583	3.9693705721200327e-23	0.23541659894522945	7.99481540607988e-24	0.04734416274882648	0.7172392383059428	0.9380784847231661	0.7697171696547265	True	one causal variant per trait; shared observed subset; p1=p2=1e-4; effect prior SD as given times sdY; CP sdY=1; window sensitivity is not multi-signal conditioning
R001	ENSG00000114737	CISH	1e-06	0.1	lead_250kb_shared_subset	523	7.934698403885292e-23	0.906795800311966	6.351604092877101e-24	0.07237936142297284	0.020824838265058227	0.22343240256085237	0.7569730187453769	True	one causal variant per trait; shared observed subset; p1=p2=1e-4; effect prior SD as given times sdY; CP sdY=1; window sensitivity is not multi-signal conditioning
R001	ENSG00000114737	CISH	1e-05	0.1	lead_250kb_shared_subset	523	6.682281517326154e-23	0.7636666837200216	5.3490636284831104e-24	0.060954965703015666	0.17537835057696094	0.742080521432686	0.7569730187453769	True	one causal variant per trait; shared observed subset; p1=p2=1e-4; effect prior SD as given times sdY; CP sdY=1; window sensitivity is not multi-signal conditioning
R001	ENSG00000114737	CISH	0.0001	0.1	lead_250kb_shared_subset	523	2.5916336320801696e-23	0.2961779230785643	2.0745628815202442e-24	0.023640569279912635	0.680181507641526	0.9664111569456333	0.7569730187453769	True	one causal variant per trait; shared observed subset; p1=p2=1e-4; effect prior SD as given times sdY; CP sdY=1; window sensitivity is not multi-signal conditioning
R001	ENSG00000114737	CISH	1e-06	0.15	lead_250kb_shared_subset	523	1.1337937985540804e-22	0.8879388445585389	1.106808519413395e-23	0.08642414260052043	0.025637012840937858	0.2287769811041334	0.7569730187453769	True	one causal variant per trait; shared observed subset; p1=p2=1e-4; effect prior SD as given times sdY; CP sdY=1; window sensitivity is not multi-signal conditioning
R001	ENSG00000114737	CISH	1e-05	0.15	lead_250kb_shared_subset	523	9.212344936622715e-23	0.72147148177485	8.99308310967316e-24	0.07022167641975226	0.2083068418053969	0.7478833518835999	0.7569730187453769	True	one causal variant per trait; shared observed subset; p1=p2=1e-4; effect prior SD as given times sdY; CP sdY=1; window sensitivity is not multi-signal conditioning
R001	ENSG00000114737	CISH	0.0001	0.15	lead_250kb_shared_subset	523	3.204559645132165e-23	0.2509674150843269	3.1282883366657367e-24	0.024426956656137085	0.7246056282595382	0.9673886595215521	0.7569730187453769	True	one causal variant per trait; shared observed subset; p1=p2=1e-4; effect prior SD as given times sdY; CP sdY=1; window sensitivity is not multi-signal conditioning
R001	ENSG00000114737	CISH	1e-06	0.2	lead_250kb_shared_subset	523	1.4820559123998966e-22	0.8789493258339238	1.5940698732091323e-23	0.09427023759796717	0.02678043656810915	0.22123327071576276	0.7569730187453769	True	one causal variant per trait; shared observed subset; p1=p2=1e-4; effect prior SD as given times sdY; CP sdY=1; window sensitivity is not multi-signal conditioning
R001	ENSG00000114737	CISH	1e-05	0.2	lead_250kb_shared_subset	523	1.1942202544468223e-22	0.70824526845518	1.2844795622502566e-23	0.07596165987334892	0.21579307167147369	0.7396386359489808	0.7569730187453769	True	one causal variant per trait; shared observed subset; p1=p2=1e-4; effect prior SD as given times sdY; CP sdY=1; window sensitivity is not multi-signal conditioning
R001	ENSG00000114737	CISH	0.0001	0.2	lead_250kb_shared_subset	523	4.0590223793871986e-23	0.2407247226003804	4.365803769970665e-24	0.02581852688004728	0.7334567505195709	0.9659958283266233	0.7569730187453769	True	one causal variant per trait; shared observed subset; p1=p2=1e-4; effect prior SD as given times sdY; CP sdY=1; window sensitivity is not multi-signal conditioning
R001	ENSG00000114738	MAPKAPK3	1e-06	0.1	gene_cis_shared_region	1584	7.576089047764385e-23	0.8658455239245106	1.1199465573104756e-23	0.12793267587641227	0.006221800199080088	0.04637788004612617	0.4132743126325337	True	one causal variant per trait; shared observed subset; p1=p2=1e-4; effect prior SD as given times sdY; CP sdY=1; window sensitivity is not multi-signal conditioning
R001	ENSG00000114738	MAPKAPK3	1e-05	0.1	gene_cis_shared_region	1584	7.17435255440308e-23	0.8199324225365776	1.0605592666055513e-23	0.12114880305378693	0.058918774409637754	0.32720368230424673	0.4132743126325337	True	one causal variant per trait; shared observed subset; p1=p2=1e-4; effect prior SD as given times sdY; CP sdY=1; window sensitivity is not multi-signal conditioning
R001	ENSG00000114738	MAPKAPK3	0.0001	0.1	gene_cis_shared_region	1584	4.6882951275367684e-23	0.5358093503682705	6.930541542789394e-24	0.0791683066530368	0.3850223429786924	0.8294487260442539	0.4132743126325337	True	one causal variant per trait; shared observed subset; p1=p2=1e-4; effect prior SD as given times sdY; CP sdY=1; window sensitivity is not multi-signal conditioning
R001	ENSG00000114738	MAPKAPK3	1e-06	0.15	gene_cis_shared_region	1584	1.1158569070157124e-22	0.8739240520660356	1.547115687623967e-23	0.12111843505626371	0.004957512877700516	0.03932163873395702	0.4132743126325337	True	one causal variant per trait; shared observed subset; p1=p2=1e-4; effect prior SD as given times sdY; CP sdY=1; window sensitivity is not multi-signal conditioning
R001	ENSG00000114738	MAPKAPK3	1e-05	0.15	gene_cis_shared_region	1584	1.0681965247686118e-22	0.836597084679333	1.4810354182013878e-23	0.11594523509159219	0.04745768022907215	0.2904334976884622	0.4132743126325337	True	one causal variant per trait; shared observed subset; p1=p2=1e-4; effect prior SD as given times sdY; CP sdY=1; window sensitivity is not multi-signal conditioning
R001	ENSG00000114738	MAPKAPK3	0.0001	0.15	gene_cis_shared_region	1584	7.484985018107474e-23	0.5862139128727859	1.037779814807507e-23	0.08124425866012867	0.33254182846708685	0.8036563790141384	0.4132743126325337	True	one causal variant per trait; shared observed subset; p1=p2=1e-4; effect prior SD as given times sdY; CP sdY=1; window sensitivity is not multi-signal conditioning
R001	ENSG00000114738	MAPKAPK3	1e-06	0.2	gene_cis_shared_region	1584	1.4869485082011334e-22	0.8818838005856208	1.9239972616666096e-23	0.11406851944847299	0.004047679965902879	0.034268626877358176	0.4132743126325337	True	one causal variant per trait; shared observed subset; p1=p2=1e-4; effect prior SD as given times sdY; CP sdY=1; window sensitivity is not multi-signal conditioning
R001	ENSG00000114738	MAPKAPK3	1e-05	0.2	gene_cis_shared_region	1584	1.4346842248521564e-22	0.850886745488912	1.8563712897571656e-23	0.1100591610955966	0.039054093415489356	0.26190893320342523	0.4132743126325337	True	one causal variant per trait; shared observed subset; p1=p2=1e-4; effect prior SD as given times sdY; CP sdY=1; window sensitivity is not multi-signal conditioning
R001	ENSG00000114738	MAPKAPK3	0.0001	0.2	gene_cis_shared_region	1584	1.0615598921164742e-22	0.62959306730903	1.3735770366373307e-23	0.08143561430119645	0.28897131838977347	0.7801455450372521	0.4132743126325337	True	one causal variant per trait; shared observed subset; p1=p2=1e-4; effect prior SD as given times sdY; CP sdY=1; window sensitivity is not multi-signal conditioning
R001	ENSG00000114738	MAPKAPK3	1e-06	0.1	lead_250kb_shared_subset	524	8.295399041846626e-23	0.9480175086900723	3.954605090464487e-24	0.045125578212669	0.006856913097258221	0.13190812761120474	0.4076908075908729	True	one causal variant per trait; shared observed subset; p1=p2=1e-4; effect prior SD as given times sdY; CP sdY=1; window sensitivity is not multi-signal conditioning
R001	ENSG00000114738	MAPKAPK3	1e-05	0.1	lead_250kb_shared_subset	524	7.813227447308819e-23	0.8929138166905738	3.724742942469239e-24	0.0425026456820599	0.06458353762736285	0.6030986970630039	0.4076908075908729	True	one causal variant per trait; shared observed subset; p1=p2=1e-4; effect prior SD as given times sdY; CP sdY=1; window sensitivity is not multi-signal conditioning
R001	ENSG00000114738	MAPKAPK3	0.0001	0.1	lead_250kb_shared_subset	524	4.941165762689536e-23	0.5646879231173004	2.3555659202635573e-24	0.026879112259845343	0.40843296462285233	0.9382532355814047	0.4076908075908729	True	one causal variant per trait; shared observed subset; p1=p2=1e-4; effect prior SD as given times sdY; CP sdY=1; window sensitivity is not multi-signal conditioning
R001	ENSG00000114738	MAPKAPK3	1e-06	0.15	lead_250kb_shared_subset	524	1.2167747459677385e-22	0.9529259759582898	5.321158820633201e-24	0.041618486236134844	0.005455537805577162	0.11589274375063077	0.4076908075908729	True	one causal variant per trait; shared observed subset; p1=p2=1e-4; effect prior SD as given times sdY; CP sdY=1; window sensitivity is not multi-signal conditioning
R001	ENSG00000114738	MAPKAPK3	1e-05	0.15	lead_250kb_shared_subset	524	1.1598274056333414e-22	0.9083272529438469	5.072118607285472e-24	0.03967066301926934	0.052002084036883216	0.567257835145163	0.4076908075908729	True	one causal variant per trait; shared observed subset; p1=p2=1e-4; effect prior SD as given times sdY; CP sdY=1; window sensitivity is not multi-signal conditioning
R001	ENSG00000114738	MAPKAPK3	0.0001	0.15	lead_250kb_shared_subset	524	7.900630701281573e-23	0.6187436291436957	3.4550775222782995e-24	0.02702326714025914	0.35423310371604416	0.9291204837323379	0.4076908075908729	True	one causal variant per trait; shared observed subset; p1=p2=1e-4; effect prior SD as given times sdY; CP sdY=1; window sensitivity is not multi-signal conditioning
R001	ENSG00000114738	MAPKAPK3	1e-06	0.2	lead_250kb_shared_subset	524	1.6143930504530868e-22	0.9574333002248017	6.43599874341444e-24	0.0381249709873034	0.004441728787892844	0.1043475019522433	0.4076908075908729	True	one causal variant per trait; shared observed subset; p1=p2=1e-4; effect prior SD as given times sdY; CP sdY=1; window sensitivity is not multi-signal conditioning
R001	ENSG00000114738	MAPKAPK3	1e-05	0.2	lead_250kb_shared_subset	524	1.552337491338846e-22	0.920630578147072	6.1886057678506235e-24	0.03665948747932662	0.04270993437360228	0.5381157299185517	0.4076908075908729	True	one causal variant per trait; shared observed subset; p1=p2=1e-4; effect prior SD as given times sdY; CP sdY=1; window sensitivity is not multi-signal conditioning
R001	ENSG00000114738	MAPKAPK3	0.0001	0.2	lead_250kb_shared_subset	524	1.1213156362224467e-22	0.6650083942574108	4.47027817895599e-24	0.02648061826492155	0.308510987477666	0.9209513975545117	0.4076908075908729	True	one causal variant per trait; shared observed subset; p1=p2=1e-4; effect prior SD as given times sdY; CP sdY=1; window sensitivity is not multi-signal conditioning
R001	ENSG00000273356	LINC02019	1e-06	0.1	gene_cis_shared_region	1525	7.544557937569677e-23	0.8622418295863815	1.150529485755936e-23	0.13142678229144383	0.0063313881221781195	0.045960164127964144	0.8043729743928051	True	one causal variant per trait; shared observed subset; p1=p2=1e-4; effect prior SD as given times sdY; CP sdY=1; window sensitivity is not multi-signal conditioning
R001	ENSG00000273356	LINC02019	1e-05	0.1	gene_cis_shared_region	1525	7.137826772745523e-23	0.8157579101029889	1.0885038241097097e-23	0.12434149396934115	0.05990059592767028	0.32511895604936863	0.8043729743928051	True	one causal variant per trait; shared observed subset; p1=p2=1e-4; effect prior SD as given times sdY; CP sdY=1; window sensitivity is not multi-signal conditioning
R001	ENSG00000273356	LINC02019	0.0001	0.1	gene_cis_shared_region	1525	4.637646611284534e-23	0.5300208351739665	7.072315190567353e-24	0.08078816235087273	0.3891910024751585	0.8281026726349082	0.8043729743928051	True	one causal variant per trait; shared observed subset; p1=p2=1e-4; effect prior SD as given times sdY; CP sdY=1; window sensitivity is not multi-signal conditioning
R001	ENSG00000273356	LINC02019	1e-06	0.15	gene_cis_shared_region	1525	1.104251963300781e-22	0.864835106275205	1.6619153356802766e-23	0.13010838172554376	0.005056511999254755	0.03740995061594935	0.8043729743928051	True	one causal variant per trait; shared observed subset; p1=p2=1e-4; effect prior SD as given times sdY; CP sdY=1; window sensitivity is not multi-signal conditioning
R001	ENSG00000273356	LINC02019	1e-05	0.15	gene_cis_shared_region	1525	1.0561863908707895e-22	0.8271908042298506	1.5895759470312607e-23	0.12444506026140553	0.04836413550874535	0.279870149810044	0.8043729743928051	True	one causal variant per trait; shared observed subset; p1=p2=1e-4; effect prior SD as given times sdY; CP sdY=1; window sensitivity is not multi-signal conditioning
R001	ENSG00000273356	LINC02019	0.0001	0.15	gene_cis_shared_region	1525	7.358762310606491e-23	0.5763282472166954	1.1075044774262076e-23	0.08670454638577291	0.33696720639753225	0.7953497116195056	0.8043729743928051	True	one causal variant per trait; shared observed subset; p1=p2=1e-4; effect prior SD as given times sdY; CP sdY=1; window sensitivity is not multi-signal conditioning
R001	ENSG00000273356	LINC02019	1e-06	0.2	gene_cis_shared_region	1525	1.4646293735428897e-22	0.8686465914204244	2.1458264127935848e-23	0.1272239944652284	0.0041294141143447885	0.03143743401103453	0.8043729743928051	True	one causal variant per trait; shared observed subset; p1=p2=1e-4; effect prior SD as given times sdY; CP sdY=1; window sensitivity is not multi-signal conditioning
R001	ENSG00000273356	LINC02019	1e-05	0.2	gene_cis_shared_region	1525	1.4121473044481877e-22	0.8375203752914065	2.0689350079810133e-23	0.12266517665872985	0.039814448049860285	0.24504271302489866	0.8043729743928051	True	one causal variant per trait; shared observed subset; p1=p2=1e-4; effect prior SD as given times sdY; CP sdY=1; window sensitivity is not multi-signal conditioning
R001	ENSG00000273356	LINC02019	0.0001	0.2	gene_cis_shared_region	1525	1.0396201738265517e-22	0.6165809157451657	1.5231460385597308e-23	0.09030587098011371	0.29311321327471923	0.7644721541296743	0.8043729743928051	True	one causal variant per trait; shared observed subset; p1=p2=1e-4; effect prior SD as given times sdY; CP sdY=1; window sensitivity is not multi-signal conditioning
R001	ENSG00000273356	LINC02019	1e-06	0.1	lead_250kb_shared_subset	465	8.336708335658516e-23	0.9527383086180023	3.5256154112637735e-24	0.04022114279097565	0.007040548591021529	0.14896945888194343	0.7932567114123864	True	one causal variant per trait; shared observed subset; p1=p2=1e-4; effect prior SD as given times sdY; CP sdY=1; window sensitivity is not multi-signal conditioning
R001	ENSG00000273356	LINC02019	1e-05	0.1	lead_250kb_shared_subset	465	7.839931563547541e-23	0.8959655102225869	3.3155272357879814e-24	0.037824401933333876	0.06621008784407675	0.6364244010398673	0.7932567114123864	True	one causal variant per trait; shared observed subset; p1=p2=1e-4; effect prior SD as given times sdY; CP sdY=1; window sensitivity is not multi-signal conditioning
R001	ENSG00000273356	LINC02019	0.0001	0.1	lead_250kb_shared_subset	465	4.912573974197966e-23	0.5614203149123945	2.077540177137261e-24	0.023701121753570323	0.4148785633340327	0.9459593716730491	0.7932567114123864	True	one causal variant per trait; shared observed subset; p1=p2=1e-4; effect prior SD as given times sdY; CP sdY=1; window sensitivity is not multi-signal conditioning
R001	ENSG00000273356	LINC02019	1e-06	0.15	lead_250kb_shared_subset	465	1.2229556587146028e-22	0.9577664800712079	4.678362704612012e-24	0.036582421491744045	0.005651098437050826	0.13380600164462966	0.7932567114123864	True	one causal variant per trait; shared observed subset; p1=p2=1e-4; effect prior SD as given times sdY; CP sdY=1; window sensitivity is not multi-signal conditioning
R001	ENSG00000273356	LINC02019	1e-05	0.15	lead_250kb_shared_subset	465	1.163766621111691e-22	0.9114121614989983	4.451937662894321e-24	0.03481189260473907	0.053775945896260266	0.6070353087535106	0.7932567114123864	True	one causal variant per trait; shared observed subset; p1=p2=1e-4; effect prior SD as given times sdY; CP sdY=1; window sensitivity is not multi-signal conditioning
R001	ENSG00000273356	LINC02019	0.0001	0.15	lead_250kb_shared_subset	465	7.842180259179642e-23	0.6141659617334672	2.9999913231484128e-24	0.02345840927356908	0.3623756289929651	0.9392007781921926	0.7932567114123864	True	one causal variant per trait; shared observed subset; p1=p2=1e-4; effect prior SD as given times sdY; CP sdY=1; window sensitivity is not multi-signal conditioning
R001	ENSG00000273356	LINC02019	1e-06	0.2	lead_250kb_shared_subset	465	1.622805371173109e-22	0.9624221951849358	5.564271846522298e-24	0.03295326782037806	0.004624536994686268	0.12306565052018063	0.7932567114123864	True	one causal variant per trait; shared observed subset; p1=p2=1e-4; effect prior SD as given times sdY; CP sdY=1; window sensitivity is not multi-signal conditioning
R001	ENSG00000273356	LINC02019	1e-05	0.2	lead_250kb_shared_subset	465	1.5579617072113715e-22	0.9239659622179619	5.341936019800932e-24	0.03163652912642054	0.04439750865561428	0.5839162295035243	0.7932567114123864	True	one causal variant per trait; shared observed subset; p1=p2=1e-4; effect prior SD as given times sdY; CP sdY=1; window sensitivity is not multi-signal conditioning
R001	ENSG00000273356	LINC02019	0.0001	0.2	lead_250kb_shared_subset	465	1.1131656664208845e-22	0.6601748819125689	3.816820235012788e-24	0.02260434121406665	0.3172207768733622	0.933482429605892	0.7932567114123864	True	one causal variant per trait; shared observed subset; p1=p2=1e-4; effect prior SD as given times sdY; CP sdY=1; window sensitivity is not multi-signal conditioning
R001	ENSG00000088538	DOCK3	1e-06	0.1	gene_cis_shared_region	1522	7.591407436908507e-23	0.8675960968656694	1.1040574369263947e-23	0.12611608546791384	0.006287817666417284	0.04748966999891191	0.3516309657568199	True	one causal variant per trait; shared observed subset; p1=p2=1e-4; effect prior SD as given times sdY; CP sdY=1; window sensitivity is not multi-signal conditioning
R001	ENSG00000088538	DOCK3	1e-05	0.1	gene_cis_shared_region	1522	7.184816113701294e-23	0.8211281595344488	1.0449247691164482e-23	0.11936138200952653	0.05951045845602521	0.3326988658535445	0.3516309657568199	True	one causal variant per trait; shared observed subset; p1=p2=1e-4; effect prior SD as given times sdY; CP sdY=1; window sensitivity is not multi-signal conditioning
R001	ENSG00000088538	DOCK3	0.0001	0.1	gene_cis_shared_region	1522	4.678851000771275e-23	0.5347299430075515	6.80469371009771e-24	0.07772977245774143	0.38754028453470357	0.8329362242646885	0.3516309657568199	True	one causal variant per trait; shared observed subset; p1=p2=1e-4; effect prior SD as given times sdY; CP sdY=1; window sensitivity is not multi-signal conditioning
R001	ENSG00000088538	DOCK3	1e-06	0.15	gene_cis_shared_region	1522	1.110021496893447e-22	0.8693537240233034	1.605034826104422e-23	0.1256542218711451	0.0049920541055502796	0.03821045849359502	0.3516309657568199	True	one causal variant per trait; shared observed subset; p1=p2=1e-4; effect prior SD as given times sdY; CP sdY=1; window sensitivity is not multi-signal conditioning
R001	ENSG00000088538	DOCK3	1e-05	0.15	gene_cis_shared_region	1522	1.0622942246827782e-22	0.8319743742089621	1.536023609414046e-23	0.12025150375402058	0.04777412203701717	0.2843264044523224	0.3516309657568199	True	one causal variant per trait; shared observed subset; p1=p2=1e-4; effect prior SD as given times sdY; CP sdY=1; window sensitivity is not multi-signal conditioning
R001	ENSG00000088538	DOCK3	0.0001	0.15	gene_cis_shared_region	1522	7.428801864889336e-23	0.5818136481452976	1.0741670988126296e-23	0.0840938955128349	0.3340924563418642	0.7989080821507686	0.3516309657568199	True	one causal variant per trait; shared observed subset; p1=p2=1e-4; effect prior SD as given times sdY; CP sdY=1; window sensitivity is not multi-signal conditioning
R001	ENSG00000088538	DOCK3	1e-06	0.2	gene_cis_shared_region	1522	1.465295826367544e-22	0.8690418507525686	2.1405494788841243e-23	0.12691185944416625	0.004046289803261714	0.030897579314570097	0.3516309657568199	True	one causal variant per trait; shared observed subset; p1=p2=1e-4; effect prior SD as given times sdY; CP sdY=1; window sensitivity is not multi-signal conditioning
R001	ENSG00000088538	DOCK3	1e-05	0.2	gene_cis_shared_region	1522	1.41380967338115e-22	0.8385062954917959	2.0653369136385245e-23	0.1224525528020882	0.03904115170611271	0.2417503011959834	0.3516309657568199	True	one causal variant per trait; shared observed subset; p1=p2=1e-4; effect prior SD as given times sdY; CP sdY=1; window sensitivity is not multi-signal conditioning
R001	ENSG00000088538	DOCK3	0.0001	0.2	gene_cis_shared_region	1522	1.0462044378261423e-22	0.620485928201863	1.5283278119658547e-23	0.09061361410712834	0.2889004576910087	0.7612378015977085	0.3516309657568199	True	one causal variant per trait; shared observed subset; p1=p2=1e-4; effect prior SD as given times sdY; CP sdY=1; window sensitivity is not multi-signal conditioning
R001	ENSG00000088538	DOCK3	1e-06	0.1	lead_250kb_shared_subset	462	8.358364575656777e-23	0.9552132311345983	3.315298396132358e-24	0.037818312115103135	0.006968456750296246	0.15559186176700995	0.3467550466165781	True	one causal variant per trait; shared observed subset; p1=p2=1e-4; effect prior SD as given times sdY; CP sdY=1; window sensitivity is not multi-signal conditioning
R001	ENSG00000088538	DOCK3	1e-05	0.1	lead_250kb_shared_subset	462	7.865096323548733e-23	0.8988413946769601	3.1196463124891516e-24	0.03558646729117385	0.06557213803186682	0.6482111711847771	0.3467550466165781	True	one causal variant per trait; shared observed subset; p1=p2=1e-4; effect prior SD as given times sdY; CP sdY=1; window sensitivity is not multi-signal conditioning
R001	ENSG00000088538	DOCK3	0.0001	0.1	lead_250kb_shared_subset	462	4.9461372017118995e-23	0.5652559965908184	1.9618575599877497e-24	0.022379325377029895	0.4123646780321547	0.9485229808771708	0.3467550466165781	True	one causal variant per trait; shared observed subset; p1=p2=1e-4; effect prior SD as given times sdY; CP sdY=1; window sensitivity is not multi-signal conditioning
R001	ENSG00000088538	DOCK3	1e-06	0.15	lead_250kb_shared_subset	462	1.2269434961665496e-22	0.9608895808426147	4.289926096796561e-24	0.0335411707938985	0.005569248363487503	0.14239807405479443	0.3467550466165781	True	one causal variant per trait; shared observed subset; p1=p2=1e-4; effect prior SD as given times sdY; CP sdY=1; window sensitivity is not multi-signal conditioning
R001	ENSG00000088538	DOCK3	1e-05	0.15	lead_250kb_shared_subset	462	1.1683804861716657e-22	0.9150255404017279	4.0851644385221954e-24	0.031940223458849795	0.05303423613942026	0.6241197224454011	0.3467550466165781	True	one causal variant per trait; shared observed subset; p1=p2=1e-4; effect prior SD as given times sdY; CP sdY=1; window sensitivity is not multi-signal conditioning
R001	ENSG00000088538	DOCK3	0.0001	0.15	lead_250kb_shared_subset	462	7.908847627641397e-23	0.6193870626981883	2.765275820721319e-24	0.021620556275855605	0.3589923810259553	0.9431954246507617	0.3467550466165781	True	one causal variant per trait; shared observed subset; p1=p2=1e-4; effect prior SD as given times sdY; CP sdY=1; window sensitivity is not multi-signal conditioning
R001	ENSG00000088538	DOCK3	1e-06	0.2	lead_250kb_shared_subset	462	1.628235324400797e-22	0.9656424847104433	5.034505543002163e-24	0.029812224101869417	0.0045452911876883335	0.13229394353408844	0.3467550466165781	True	one causal variant per trait; shared observed subset; p1=p2=1e-4; effect prior SD as given times sdY; CP sdY=1; window sensitivity is not multi-signal conditioning
R001	ENSG00000088538	DOCK3	1e-05	0.2	lead_250kb_shared_subset	462	1.5642457524931172e-22	0.9276927803363356	4.836649711209479e-24	0.02864060509243878	0.0436666145712222	0.603903936209118	0.3467550466165781	True	one causal variant per trait; shared observed subset; p1=p2=1e-4; effect prior SD as given times sdY; CP sdY=1; window sensitivity is not multi-signal conditioning
R001	ENSG00000088538	DOCK3	0.0001	0.2	lead_250kb_shared_subset	462	1.1229334378970363e-22	0.6659677620827839	3.472111514099231e-24	0.02056038387104085	0.3134718540461778	0.9384479055098381	0.3467550466165781	True	one causal variant per trait; shared observed subset; p1=p2=1e-4; effect prior SD as given times sdY; CP sdY=1; window sensitivity is not multi-signal conditioning
R002	ENSG00000146263	MMS22L	1e-06	0.1	gene_cis_shared_region	1578	3.683839842359062e-21	0.8518563473376523	6.002510385613664e-22	0.138708550043218	0.009435102619131098	0.0636888752880672	0.6488503470030811	True	one causal variant per trait; shared observed subset; p1=p2=1e-4; effect prior SD as given times sdY; CP sdY=1; window sensitivity is not multi-signal conditioning
R002	ENSG00000146263	MMS22L	1e-05	0.1	gene_cis_shared_region	1578	3.395507211498652e-21	0.7851819010387833	5.532696364018578e-22	0.1278518888233366	0.08696621013788028	0.4048365131169935	0.6488503470030811	True	one causal variant per trait; shared observed subset; p1=p2=1e-4; effect prior SD as given times sdY; CP sdY=1; window sensitivity is not multi-signal conditioning
R002	ENSG00000146263	MMS22L	0.0001	0.1	gene_cis_shared_region	1578	1.904703560591623e-21	0.44044635144821076	3.103555907209305e-22	0.07171828322010623	0.4878353653316821	0.8718294780031829	0.6488503470030811	True	one causal variant per trait; shared observed subset; p1=p2=1e-4; effect prior SD as given times sdY; CP sdY=1; window sensitivity is not multi-signal conditioning
R002	ENSG00000146263	MMS22L	1e-06	0.15	gene_cis_shared_region	1578	5.3829880517373584e-21	0.8518372878177667	8.801384236841373e-22	0.13918880296089714	0.008973909221339687	0.060567932978318986	0.6488503470030811	True	one causal variant per trait; shared observed subset; p1=p2=1e-4; effect prior SD as given times sdY; CP sdY=1; window sensitivity is not multi-signal conditioning
R002	ENSG00000146263	MMS22L	1e-05	0.15	gene_cis_shared_region	1578	4.980719342600159e-21	0.7881798018876631	8.1436600432251575e-22	0.1287872751188725	0.08303292299346382	0.3919971925879717	0.6488503470030811	True	one causal variant per trait; shared observed subset; p1=p2=1e-4; effect prior SD as given times sdY; CP sdY=1; window sensitivity is not multi-signal conditioning
R002	ENSG00000146263	MMS22L	0.0001	0.15	gene_cis_shared_region	1578	2.8505293136682863e-21	0.4510853704415219	4.660720686511086e-22	0.07370660294265036	0.4752080266158293	0.8657230123344746	0.6488503470030811	True	one causal variant per trait; shared observed subset; p1=p2=1e-4; effect prior SD as given times sdY; CP sdY=1; window sensitivity is not multi-signal conditioning
R002	ENSG00000146263	MMS22L	1e-06	0.2	gene_cis_shared_region	1578	7.136465400532353e-21	0.8547826192884963	1.145184642729185e-21	0.13708517048777644	0.008132210223730422	0.05600025412857509	0.6488503470030811	True	one causal variant per trait; shared observed subset; p1=p2=1e-4; effect prior SD as given times sdY; CP sdY=1; window sensitivity is not multi-signal conditioning
R002	ENSG00000146263	MMS22L	1e-05	0.2	gene_cis_shared_region	1578	6.649769489668347e-21	0.7964877657249518	1.067084819985145e-21	0.12773617372650595	0.07577606054854197	0.37234154899076094	0.6488503470030811	True	one causal variant per trait; shared observed subset; p1=p2=1e-4; effect prior SD as given times sdY; CP sdY=1; window sensitivity is not multi-signal conditioning
R002	ENSG00000146263	MMS22L	0.0001	0.2	gene_cis_shared_region	1578	3.953525916564157e-21	0.47354047819436956	6.344201099809666e-22	0.07594372618405902	0.45051579562156874	0.8557463146955904	0.6488503470030811	True	one causal variant per trait; shared observed subset; p1=p2=1e-4; effect prior SD as given times sdY; CP sdY=1; window sensitivity is not multi-signal conditioning
R002	ENSG00000146263	MMS22L	1e-06	0.1	lead_250kb_shared_subset	702	4.0002745624860376e-21	0.9250291605958854	2.803403524754034e-22	0.06472383042552486	0.010247008978589867	0.13667992862338776	0.641513035339443	True	one causal variant per trait; shared observed subset; p1=p2=1e-4; effect prior SD as given times sdY; CP sdY=1; window sensitivity is not multi-signal conditioning
R002	ENSG00000146263	MMS22L	1e-05	0.1	lead_250kb_shared_subset	702	3.6625068933072285e-21	0.8469232859574384	2.566695003993058e-22	0.059258801212738084	0.09381791282982055	0.6128816745030021	0.641513035339443	True	one causal variant per trait; shared observed subset; p1=p2=1e-4; effect prior SD as given times sdY; CP sdY=1; window sensitivity is not multi-signal conditioning
R002	ENSG00000146263	MMS22L	0.0001	0.1	lead_250kb_shared_subset	702	1.985786115317495e-21	0.4591959963451928	1.3916444254338796e-22	0.03212971554364899	0.5086742881111559	0.9405889835753558	0.641513035339443	True	one causal variant per trait; shared observed subset; p1=p2=1e-4; effect prior SD as given times sdY; CP sdY=1; window sensitivity is not multi-signal conditioning
R002	ENSG00000146263	MMS22L	1e-06	0.15	lead_250kb_shared_subset	702	5.8640060506975604e-21	0.9279565479178408	3.939311709959274e-22	0.06224006854622436	0.009803383535932029	0.13607598265491938	0.641513035339443	True	one causal variant per trait; shared observed subset; p1=p2=1e-4; effect prior SD as given times sdY; CP sdY=1; window sensitivity is not multi-signal conditioning
R002	ENSG00000146263	MMS22L	1e-05	0.15	lead_250kb_shared_subset	702	5.3885700780309166e-21	0.8527206221467175	3.6199241652893986e-22	0.05719383099594204	0.09008554685734015	0.6116643631335964	0.641513035339443	True	one causal variant per trait; shared observed subset; p1=p2=1e-4; effect prior SD as given times sdY; CP sdY=1; window sensitivity is not multi-signal conditioning
R002	ENSG00000146263	MMS22L	0.0001	0.15	lead_250kb_shared_subset	702	2.975844701973064e-21	0.47091605174145884	1.999107739683907e-22	0.03158536615283495	0.4974985821057091	0.940301787161004	0.641513035339443	True	one causal variant per trait; shared observed subset; p1=p2=1e-4; effect prior SD as given times sdY; CP sdY=1; window sensitivity is not multi-signal conditioning
R002	ENSG00000146263	MMS22L	1e-06	0.2	lead_250kb_shared_subset	702	7.784392388502125e-21	0.9323892069758893	4.90776627879655e-22	0.05869446530075214	0.008916327723355617	0.13187728355998354	0.641513035339443	True	one causal variant per trait; shared observed subset; p1=p2=1e-4; effect prior SD as given times sdY; CP sdY=1; window sensitivity is not multi-signal conditioning
R002	ENSG00000146263	MMS22L	1e-05	0.2	lead_250kb_shared_subset	702	7.206122999960053e-21	0.8631259800350743	4.543189204118384e-22	0.05433430321406154	0.08253971675086336	0.6030342118395795	0.641513035339443	True	one causal variant per trait; shared observed subset; p1=p2=1e-4; effect prior SD as given times sdY; CP sdY=1; window sensitivity is not multi-signal conditioning
R002	ENSG00000146263	MMS22L	0.0001	0.2	lead_250kb_shared_subset	702	4.1346600072352085e-21	0.4952361305623705	2.6067474434831565e-22	0.03117541436933801	0.47358845506829433	0.9382376270233622	0.641513035339443	True	one causal variant per trait; shared observed subset; p1=p2=1e-4; effect prior SD as given times sdY; CP sdY=1; window sensitivity is not multi-signal conditioning
R002	ENSG00000226207	RP1-104O17.3	1e-06	0.1	gene_cis_shared_region	2221	3.563760942391775e-21	0.8240891322860469	7.25894728444586e-22	0.16777557308348598	0.008135294630467636	0.046246685814183654	0.8181224113348491	True	one causal variant per trait; shared observed subset; p1=p2=1e-4; effect prior SD as given times sdY; CP sdY=1; window sensitivity is not multi-signal conditioning
R002	ENSG00000226207	RP1-104O17.3	1e-05	0.1	gene_cis_shared_region	2221	3.3206320608241317e-21	0.7678676650542166	6.763723344581549e-22	0.1563294946013581	0.07580284034442232	0.3265501135898527	0.8181224113348491	True	one causal variant per trait; shared observed subset; p1=p2=1e-4; effect prior SD as given times sdY; CP sdY=1; window sensitivity is not multi-signal conditioning
R002	ENSG00000226207	RP1-104O17.3	0.0001	0.1	gene_cis_shared_region	2221	1.973951730174206e-21	0.45645939634830124	4.020699419237322e-22	0.09293016229838584	0.4506104413533128	0.8290281136790002	0.8181224113348491	True	one causal variant per trait; shared observed subset; p1=p2=1e-4; effect prior SD as given times sdY; CP sdY=1; window sensitivity is not multi-signal conditioning
R002	ENSG00000226207	RP1-104O17.3	1e-06	0.15	gene_cis_shared_region	2221	5.277606925733812e-21	0.8351611273471761	9.950442471605608e-22	0.15738743512437167	0.007451437528453398	0.04520437084125917	0.8181224113348491	True	one causal variant per trait; shared observed subset; p1=p2=1e-4; effect prior SD as given times sdY; CP sdY=1; window sensitivity is not multi-signal conditioning
R002	ENSG00000226207	RP1-104O17.3	1e-05	0.15	gene_cis_shared_region	2221	4.945919063435979e-21	0.782672790701014	9.325075512912388e-22	0.14749592508136422	0.06983128421762018	0.32131864409831407	0.8181224113348491	True	one causal variant per trait; shared observed subset; p1=p2=1e-4; effect prior SD as given times sdY; CP sdY=1; window sensitivity is not multi-signal conditioning
R002	ENSG00000226207	RP1-104O17.3	0.0001	0.15	gene_cis_shared_region	2221	3.037135446370075e-21	0.4806150778165086	5.726239555701216e-22	0.09057267143157624	0.4288122507519147	0.8256155164250643	0.8181224113348491	True	one causal variant per trait; shared observed subset; p1=p2=1e-4; effect prior SD as given times sdY; CP sdY=1; window sensitivity is not multi-signal conditioning
R002	ENSG00000226207	RP1-104O17.3	1e-06	0.2	gene_cis_shared_region	2221	7.064527341977702e-21	0.8461661125632922	1.2296806832966284e-21	0.14722102493964226	0.0066128624970658405	0.042987033658540105	0.8181224113348491	True	one causal variant per trait; shared observed subset; p1=p2=1e-4; effect prior SD as given times sdY; CP sdY=1; window sensitivity is not multi-signal conditioning
R002	ENSG00000226207	RP1-104O17.3	1e-05	0.2	gene_cis_shared_region	2221	6.667694424370374e-21	0.7986347561151849	1.160606313610437e-21	0.13895123617220514	0.06241400771260956	0.3099542230252592	0.8181224113348491	True	one causal variant per trait; shared observed subset; p1=p2=1e-4; effect prior SD as given times sdY; CP sdY=1; window sensitivity is not multi-signal conditioning
R002	ENSG00000226207	RP1-104O17.3	0.0001	0.2	gene_cis_shared_region	2221	4.269439151306757e-21	0.5113795381638943	7.431561375205222e-22	0.08897286079394737	0.39964760104215674	0.8179100800248699	0.8181224113348491	True	one causal variant per trait; shared observed subset; p1=p2=1e-4; effect prior SD as given times sdY; CP sdY=1; window sensitivity is not multi-signal conditioning
R002	ENSG00000226207	RP1-104O17.3	1e-06	0.1	lead_250kb_shared_subset	801	4.00610215127134e-21	0.9263767404877556	2.791440001596609e-22	0.0644580017320754	0.009165257780166422	0.1244886173321687	0.8052041613026623	True	one causal variant per trait; shared observed subset; p1=p2=1e-4; effect prior SD as given times sdY; CP sdY=1; window sensitivity is not multi-signal conditioning
R002	ENSG00000226207	RP1-104O17.3	1e-05	0.1	lead_250kb_shared_subset	801	3.700830556788223e-21	0.8557853042281924	2.5787276672591226e-22	0.05954619563654147	0.0846685001352663	0.5871003622906644	0.8052041613026623	True	one causal variant per trait; shared observed subset; p1=p2=1e-4; effect prior SD as given times sdY; CP sdY=1; window sensitivity is not multi-signal conditioning
R002	ENSG00000226207	RP1-104O17.3	0.0001	0.1	lead_250kb_shared_subset	801	2.100338194467114e-21	0.4856851815161308	1.4635093743318757e-22	0.03379434619108284	0.48052047229278483	0.9342924897814454	0.8052041613026623	True	one causal variant per trait; shared observed subset; p1=p2=1e-4; effect prior SD as given times sdY; CP sdY=1; window sensitivity is not multi-signal conditioning
R002	ENSG00000226207	RP1-104O17.3	1e-06	0.15	lead_250kb_shared_subset	801	5.899519761284106e-21	0.9335764569006639	3.6733485242606027e-22	0.05804555674356318	0.008377986355776199	0.12612977213887167	0.8052041613026623	True	one causal variant per trait; shared observed subset; p1=p2=1e-4; effect prior SD as given times sdY; CP sdY=1; window sensitivity is not multi-signal conditioning
R002	ENSG00000226207	RP1-104O17.3	1e-05	0.15	lead_250kb_shared_subset	801	5.485874524074348e-21	0.8681186788790736	3.4157914377256193e-22	0.053975688506875126	0.07790563261405384	0.5907252971982139	0.8052041613026623	True	one causal variant per trait; shared observed subset; p1=p2=1e-4; effect prior SD as given times sdY; CP sdY=1; window sensitivity is not multi-signal conditioning
R002	ENSG00000226207	RP1-104O17.3	0.0001	0.15	lead_250kb_shared_subset	801	3.2248022147303695e-21	0.5103126267311794	2.0079299563077875e-22	0.03172892837317263	0.457958444895645	0.9352057453281426	0.8052041613026623	True	one causal variant per trait; shared observed subset; p1=p2=1e-4; effect prior SD as given times sdY; CP sdY=1; window sensitivity is not multi-signal conditioning
R002	ENSG00000226207	RP1-104O17.3	1e-06	0.2	lead_250kb_shared_subset	801	7.848470720146016e-21	0.9400643011700146	4.391431062917656e-22	0.052525026541398644	0.0074106722885845435	0.12364371206559305	0.8052041613026623	True	one causal variant per trait; shared observed subset; p1=p2=1e-4; effect prior SD as given times sdY; CP sdY=1; window sensitivity is not multi-signal conditioning
R002	ENSG00000226207	RP1-104O17.3	1e-05	0.2	lead_250kb_shared_subset	801	7.357738613311185e-21	0.8812860051780036	4.116853212739296e-22	0.049240855923286635	0.06947313889870652	0.5852143970294209	0.8052041613026623	True	one causal variant per trait; shared observed subset; p1=p2=1e-4; effect prior SD as given times sdY; CP sdY=1; window sensitivity is not multi-signal conditioning
R002	ENSG00000226207	RP1-104O17.3	0.0001	0.2	lead_250kb_shared_subset	801	4.5271196826173165e-21	0.5422436742776674	2.533045571382566e-22	0.030297250249681617	0.42745907547265094	0.9338135847672383	0.8052041613026623	True	one causal variant per trait; shared observed subset; p1=p2=1e-4; effect prior SD as given times sdY; CP sdY=1; window sensitivity is not multi-signal conditioning
R002	ENSG00000271860	MIR2113HG	1e-06	0.1	gene_cis_shared_region	1578	3.418455735914915e-21	0.7904885503564982	8.79684485040185e-22	0.203357952383852	0.006153497259651029	0.02937069678111432	0.505833728007357	True	one causal variant per trait; shared observed subset; p1=p2=1e-4; effect prior SD as given times sdY; CP sdY=1; window sensitivity is not multi-signal conditioning
R002	ENSG00000271860	MIR2113HG	1e-05	0.1	gene_cis_shared_region	1578	3.2390711944454112e-21	0.749007414692578	8.335227646092678e-22	0.19268667977988155	0.05830590552754337	0.23230130665464943	0.505833728007357	True	one causal variant per trait; shared observed subset; p1=p2=1e-4; effect prior SD as given times sdY; CP sdY=1; window sensitivity is not multi-signal conditioning
R002	ENSG00000271860	MIR2113HG	0.0001	0.1	gene_cis_shared_region	1578	2.124324973508633e-21	0.491231918305214	5.466607921072872e-22	0.12637237693966402	0.3823957047551195	0.751611035584822	0.505833728007357	True	one causal variant per trait; shared observed subset; p1=p2=1e-4; effect prior SD as given times sdY; CP sdY=1; window sensitivity is not multi-signal conditioning
R002	ENSG00000271860	MIR2113HG	1e-06	0.15	gene_cis_shared_region	1578	4.524927248768312e-21	0.7160524448720387	1.7657821479534066e-21	0.27938262760984817	0.004564927518112431	0.016076657240648728	0.505833728007357	True	one causal variant per trait; shared observed subset; p1=p2=1e-4; effect prior SD as given times sdY; CP sdY=1; window sensitivity is not multi-signal conditioning
R002	ENSG00000271860	MIR2113HG	1e-05	0.15	gene_cis_shared_region	1578	4.3463598880587436e-21	0.6877948424442343	1.696099025902342e-21	0.26835734130188055	0.04384781625388576	0.1404455217753846	0.505833728007357	True	one causal variant per trait; shared observed subset; p1=p2=1e-4; effect prior SD as given times sdY; CP sdY=1; window sensitivity is not multi-signal conditioning
R002	ENSG00000271860	MIR2113HG	0.0001	0.15	gene_cis_shared_region	1578	3.116495994538336e-21	0.49317358128366084	1.2161638604956634e-21	0.1924218428322115	0.3144045758841257	0.6203397539544856	0.505833728007357	True	one causal variant per trait; shared observed subset; p1=p2=1e-4; effect prior SD as given times sdY; CP sdY=1; window sensitivity is not multi-signal conditioning
R002	ENSG00000271860	MIR2113HG	1e-06	0.2	gene_cis_shared_region	1578	5.470851316144698e-21	0.6552807805112095	2.849437992672231e-21	0.3412618431851681	0.0034573763036207642	0.010029543199674154	0.505833728007357	True	one causal variant per trait; shared observed subset; p1=p2=1e-4; effect prior SD as given times sdY; CP sdY=1; window sensitivity is not multi-signal conditioning
R002	ENSG00000271860	MIR2113HG	1e-05	0.2	gene_cis_shared_region	1578	5.3057553798371914e-21	0.6355061261199348	2.763449431447373e-21	0.3309634562850496	0.033530417595015974	0.09199171782527393	0.505833728007357	True	one causal variant per trait; shared observed subset; p1=p2=1e-4; effect prior SD as given times sdY; CP sdY=1; window sensitivity is not multi-signal conditioning
R002	ENSG00000271860	MIR2113HG	0.0001	0.2	gene_cis_shared_region	1578	4.075789165193547e-21	0.4881847725390677	2.122833874711933e-21	0.25424038098850416	0.25757484647242695	0.5032574895245544	0.505833728007357	True	one causal variant per trait; shared observed subset; p1=p2=1e-4; effect prior SD as given times sdY; CP sdY=1; window sensitivity is not multi-signal conditioning
R002	ENSG00000271860	MIR2113HG	1e-06	0.1	lead_250kb_shared_subset	702	3.729520269269133e-21	0.8624195540126522	5.660569357653664e-22	0.13082828667234606	0.006752159314998178	0.04907789959933185	0.4984277488401373	True	one causal variant per trait; shared observed subset; p1=p2=1e-4; effect prior SD as given times sdY; CP sdY=1; window sensitivity is not multi-signal conditioning
R002	ENSG00000271860	MIR2113HG	1e-05	0.1	lead_250kb_shared_subset	702	3.515863250118223e-21	0.813013202025213	5.336286262688674e-22	0.12333338659595852	0.06365341137882512	0.3404166073126146	0.4984277488401373	True	one causal variant per trait; shared observed subset; p1=p2=1e-4; effect prior SD as given times sdY; CP sdY=1; window sensitivity is not multi-signal conditioning
R002	ENSG00000271860	MIR2113HG	0.0001	0.1	lead_250kb_shared_subset	702	2.23530191751506e-21	0.5168943841575488	3.3926834085472947e-22	0.0784124227648223	0.40469319307762885	0.8376909309404635	0.4984277488401373	True	one causal variant per trait; shared observed subset; p1=p2=1e-4; effect prior SD as given times sdY; CP sdY=1; window sensitivity is not multi-signal conditioning
R002	ENSG00000271860	MIR2113HG	1e-06	0.15	lead_250kb_shared_subset	702	4.966295441192425e-21	0.785897274611581	1.3213551085080146e-21	0.20904885761618744	0.005053867772234639	0.023604873609460064	0.4984277488401373	True	one causal variant per trait; shared observed subset; p1=p2=1e-4; effect prior SD as given times sdY; CP sdY=1; window sensitivity is not multi-signal conditioning
R002	ENSG00000271860	MIR2113HG	1e-05	0.15	lead_250kb_shared_subset	702	4.75023203964999e-21	0.7517060670150516	1.2638682991205395e-21	0.19995398845265078	0.04833994453229562	0.19468838384877646	0.4984277488401373	True	one causal variant per trait; shared observed subset; p1=p2=1e-4; effect prior SD as given times sdY; CP sdY=1; window sensitivity is not multi-signal conditioning
R002	ENSG00000271860	MIR2113HG	0.0001	0.15	lead_250kb_shared_subset	702	3.3101289786470768e-21	0.5238152610403185	8.807079416736337e-22	0.13933498112272236	0.3368497578369558	0.7073930142592814	0.4984277488401373	True	one causal variant per trait; shared observed subset; p1=p2=1e-4; effect prior SD as given times sdY; CP sdY=1; window sensitivity is not multi-signal conditioning
R002	ENSG00000271860	MIR2113HG	1e-06	0.2	lead_250kb_shared_subset	702	6.03902768966987e-21	0.723335098933803	2.277958630083191e-21	0.2728079072985301	0.0038569937676700833	0.013941030296239798	0.4984277488401373	True	one causal variant per trait; shared observed subset; p1=p2=1e-4; effect prior SD as given times sdY; CP sdY=1; window sensitivity is not multi-signal conditioning
R002	ENSG00000271860	MIR2113HG	1e-05	0.2	lead_250kb_shared_subset	702	5.836428088794458e-21	0.6990683775551539	2.2015368064086608e-21	0.263655643726551	0.037275978718298235	0.12386859983493322	0.4984277488401373	True	one causal variant per trait; shared observed subset; p1=p2=1e-4; effect prior SD as given times sdY; CP sdY=1; window sensitivity is not multi-signal conditioning
R002	ENSG00000271860	MIR2113HG	0.0001	0.2	lead_250kb_shared_subset	702	4.370272444938279e-21	0.523457022184959	1.6484938210816744e-21	0.19742331734418953	0.27911966047085196	0.5857177074576166	0.4984277488401373	True	one causal variant per trait; shared observed subset; p1=p2=1e-4; effect prior SD as given times sdY; CP sdY=1; window sensitivity is not multi-signal conditioning
R002	ENSG00000184486	POU3F2	1e-06	0.1	gene_cis_shared_region	3171	3.2519471730848473e-21	0.7519848742460756	1.0237678387679076e-21	0.23662361117843853	0.011391514575485524	0.04593072515580349	0.5760195002590176	True	one causal variant per trait; shared observed subset; p1=p2=1e-4; effect prior SD as given times sdY; CP sdY=1; window sensitivity is not multi-signal conditioning
R002	ENSG00000184486	POU3F2	1e-05	0.1	gene_cis_shared_region	3171	2.9495487272288486e-21	0.6820578289480066	9.285677057758665e-22	0.21461999043532662	0.10332218061666361	0.3249716144127614	0.5760195002590176	True	one causal variant per trait; shared observed subset; p1=p2=1e-4; effect prior SD as given times sdY; CP sdY=1; window sensitivity is not multi-signal conditioning
R002	ENSG00000184486	POU3F2	0.0001	0.1	gene_cis_shared_region	3171	1.5283430745204121e-21	0.3534162191226058	4.811481869225425e-22	0.11120785122395395	0.5353759296534373	0.8280070510382292	0.5760195002590176	True	one causal variant per trait; shared observed subset; p1=p2=1e-4; effect prior SD as given times sdY; CP sdY=1; window sensitivity is not multi-signal conditioning
R002	ENSG00000184486	POU3F2	1e-06	0.15	gene_cis_shared_region	3171	4.7841417978132406e-21	0.7570721566564761	1.4578954217340312e-21	0.23058292993188037	0.012344913411644787	0.05081720251468992	0.5760195002590176	True	one causal variant per trait; shared observed subset; p1=p2=1e-4; effect prior SD as given times sdY; CP sdY=1; window sensitivity is not multi-signal conditioning
R002	ENSG00000184486	POU3F2	1e-05	0.15	gene_cis_shared_region	3171	4.30575431958896e-21	0.6813691664101893	1.3121140164594516e-21	0.20752592388283342	0.11110490970697622	0.3486947840396622	0.5760195002590176	True	one causal variant per trait; shared observed subset; p1=p2=1e-4; effect prior SD as given times sdY; CP sdY=1; window sensitivity is not multi-signal conditioning
R002	ENSG00000184486	POU3F2	0.0001	0.15	gene_cis_shared_region	3171	2.1529372403470526e-21	0.34069409072293827	6.560753168765496e-22	0.10376585766450136	0.5555400516125636	0.8426134876020122	0.5760195002590176	True	one causal variant per trait; shared observed subset; p1=p2=1e-4; effect prior SD as given times sdY; CP sdY=1; window sensitivity is not multi-signal conditioning
R002	ENSG00000184486	POU3F2	1e-06	0.2	gene_cis_shared_region	3171	6.390370543929841e-21	0.7654178035189423	1.858587924035222e-21	0.22249474324479065	0.012087453236267823	0.05152758145157803	0.5760195002590176	True	one causal variant per trait; shared observed subset; p1=p2=1e-4; effect prior SD as given times sdY; CP sdY=1; window sensitivity is not multi-signal conditioning
R002	ENSG00000184486	POU3F2	1e-05	0.2	gene_cis_shared_region	3171	5.763388358533798e-21	0.6903199161754295	1.6762351934147404e-21	0.20066498558054058	0.10901509824403122	0.3520248925849113	0.5760195002590176	True	one causal variant per trait; shared observed subset; p1=p2=1e-4; effect prior SD as given times sdY; CP sdY=1; window sensitivity is not multi-signal conditioning
R002	ENSG00000184486	POU3F2	0.0001	0.2	gene_cis_shared_region	3171	2.909133292930024e-21	0.3484465258956623	8.460980424342548e-22	0.10128784561486366	0.550265628489471	0.844544078666605	0.5760195002590176	True	one causal variant per trait; shared observed subset; p1=p2=1e-4; effect prior SD as given times sdY; CP sdY=1; window sensitivity is not multi-signal conditioning
R002	ENSG00000184486	POU3F2	1e-06	0.1	lead_250kb_shared_subset	801	3.952595105703408e-21	0.9140036954193417	3.132062717122049e-22	0.07228919113572177	0.013707113444936237	0.1593918891256543	0.557674885319756	True	one causal variant per trait; shared observed subset; p1=p2=1e-4; effect prior SD as given times sdY; CP sdY=1; window sensitivity is not multi-signal conditioning
R002	ENSG00000184486	POU3F2	1e-05	0.1	lead_250kb_shared_subset	801	3.518534537156803e-21	0.8136309142268155	2.7881102283493133e-22	0.06435063771321999	0.12201844805996519	0.6547139916137381	0.557674885319756	True	one causal variant per trait; shared observed subset; p1=p2=1e-4; effect prior SD as given times sdY; CP sdY=1; window sensitivity is not multi-signal conditioning
R002	ENSG00000184486	POU3F2	0.0001	0.1	lead_250kb_shared_subset	801	1.6769571533373093e-21	0.3877819493827034	1.328832030025043e-22	0.03066994542625765	0.5815481051910381	0.9499035590418587	0.557674885319756	True	one causal variant per trait; shared observed subset; p1=p2=1e-4; effect prior SD as given times sdY; CP sdY=1; window sensitivity is not multi-signal conditioning
R002	ENSG00000184486	POU3F2	1e-06	0.15	lead_250kb_shared_subset	801	5.7885162065990904e-21	0.9160105685776354	4.3742421078260095e-22	0.06907153070977842	0.0149179007125858	0.17761640315871394	0.557674885319756	True	one causal variant per trait; shared observed subset; p1=p2=1e-4; effect prior SD as given times sdY; CP sdY=1; window sensitivity is not multi-signal conditioning
R002	ENSG00000184486	POU3F2	1e-05	0.15	lead_250kb_shared_subset	801	5.103336589670596e-21	0.8075835126483532	3.8564683943524187e-22	0.06089561770146083	0.13152086965018805	0.6835218304854945	0.557674885319756	True	one causal variant per trait; shared observed subset; p1=p2=1e-4; effect prior SD as given times sdY; CP sdY=1; window sensitivity is not multi-signal conditioning
R002	ENSG00000184486	POU3F2	0.0001	0.15	lead_250kb_shared_subset	801	2.3370266239145875e-21	0.36982553216531744	1.7660346625242968e-22	0.027886594847788465	0.6022878729868972	0.9557478186261523	0.557674885319756	True	one causal variant per trait; shared observed subset; p1=p2=1e-4; effect prior SD as given times sdY; CP sdY=1; window sensitivity is not multi-signal conditioning
R002	ENSG00000184486	POU3F2	1e-06	0.2	lead_250kb_shared_subset	801	7.683671556932293e-21	0.9203251932948655	5.4415775645571365e-22	0.0650310085927307	0.014643798112401966	0.18379458599249554	0.557674885319756	True	one causal variant per trait; shared observed subset; p1=p2=1e-4; effect prior SD as given times sdY; CP sdY=1; window sensitivity is not multi-signal conditioning
R002	ENSG00000184486	POU3F2	1e-05	0.2	lead_250kb_shared_subset	801	6.788930065435239e-21	0.813155966967377	4.807921480986507e-22	0.05745833435871537	0.12938569867390454	0.6924796932172617	0.557674885319756	True	one causal variant per trait; shared observed subset; p1=p2=1e-4; effect prior SD as given times sdY; CP sdY=1; window sensitivity is not multi-signal conditioning
R002	ENSG00000184486	POU3F2	0.0001	0.2	lead_250kb_shared_subset	801	3.1365304325676525e-21	0.37568341583050946	2.221291410746476e-22	0.026546129151973286	0.5977704550175158	0.9574796988817991	0.557674885319756	True	one causal variant per trait; shared observed subset; p1=p2=1e-4; effect prior SD as given times sdY; CP sdY=1; window sensitivity is not multi-signal conditioning
R002	ENSG00000112234	FBXL4	1e-06	0.1	gene_cis_shared_region	2998	3.251404616945912e-21	0.7518593140287042	1.0090995530669377e-21	0.23319613498209849	0.01494455098919547	0.06022612104378692	0.8527923696651872	True	one causal variant per trait; shared observed subset; p1=p2=1e-4; effect prior SD as given times sdY; CP sdY=1; window sensitivity is not multi-signal conditioning
R002	ENSG00000112234	FBXL4	1e-05	0.1	gene_cis_shared_region	2998	2.8659337759313425e-21	0.6627225020205102	8.89465579687915e-22	0.20554952655803474	0.13172797142145362	0.3905625848465725	0.8527923696651872	True	one causal variant per trait; shared observed subset; p1=p2=1e-4; effect prior SD as given times sdY; CP sdY=1; window sensitivity is not multi-signal conditioning
R002	ENSG00000112234	FBXL4	0.0001	0.1	gene_cis_shared_region	2998	1.3113090483361139e-21	0.3032289234084041	4.0697530160104846e-22	0.0940492611240339	0.6027218154675605	0.8650212899420336	0.8527923696651872	True	one causal variant per trait; shared observed subset; p1=p2=1e-4; effect prior SD as given times sdY; CP sdY=1; window sensitivity is not multi-signal conditioning
R002	ENSG00000112234	FBXL4	1e-06	0.15	gene_cis_shared_region	2998	4.73687207727174e-21	0.7495918060927388	1.4697990127524098e-21	0.23241006518005075	0.01799812872721354	0.07187515890106588	0.8527923696651872	True	one causal variant per trait; shared observed subset; p1=p2=1e-4; effect prior SD as given times sdY; CP sdY=1; window sensitivity is not multi-signal conditioning
R002	ENSG00000112234	FBXL4	1e-05	0.15	gene_cis_shared_region	2998	4.0765410775862016e-21	0.645096962533781	1.2649056072318162e-21	0.2000115608139131	0.15489147665230707	0.4364332234464172	0.8527923696651872	True	one causal variant per trait; shared observed subset; p1=p2=1e-4; effect prior SD as given times sdY; CP sdY=1; window sensitivity is not multi-signal conditioning
R002	ENSG00000112234	FBXL4	0.0001	0.15	gene_cis_shared_region	2998	1.7027992563122648e-21	0.2694614397709562	5.283597751883576e-22	0.08354620511010531	0.646992355118936	0.8856375150356038	0.8527923696651872	True	one causal variant per trait; shared observed subset; p1=p2=1e-4; effect prior SD as given times sdY; CP sdY=1; window sensitivity is not multi-signal conditioning
R002	ENSG00000112234	FBXL4	1e-06	0.2	gene_cis_shared_region	2998	6.2945316873300574e-21	0.7539384386134284	1.899339725834351e-21	0.22730918262733943	0.018752378759233128	0.07621011040311326	0.8527923696651872	True	one causal variant per trait; shared observed subset; p1=p2=1e-4; effect prior SD as given times sdY; CP sdY=1; window sensitivity is not multi-signal conditioning
R002	ENSG00000112234	FBXL4	1e-05	0.2	gene_cis_shared_region	2998	5.385596909505614e-21	0.6450692007996334	1.6250737410924966e-21	0.19448557768390737	0.16044522151645943	0.4520464887181693	0.8527923696651872	True	one causal variant per trait; shared observed subset; p1=p2=1e-4; effect prior SD as given times sdY; CP sdY=1; window sensitivity is not multi-signal conditioning
R002	ENSG00000112234	FBXL4	0.0001	0.2	gene_cis_shared_region	2998	2.20359308443164e-21	0.26393917958342056	6.649218866050646e-22	0.07957652256698362	0.6564842978495949	0.8918886587090089	0.8527923696651872	True	one causal variant per trait; shared observed subset; p1=p2=1e-4; effect prior SD as given times sdY; CP sdY=1; window sensitivity is not multi-signal conditioning
R002	ENSG00000112234	FBXL4	1e-06	0.1	lead_250kb_shared_subset	643	3.9546345020457545e-21	0.9144751681921567	2.936163970236096e-22	0.06771819660558923	0.017806635202256362	0.20820427033710784	0.8241597735787481	True	one causal variant per trait; shared observed subset; p1=p2=1e-4; effect prior SD as given times sdY; CP sdY=1; window sensitivity is not multi-signal conditioning
R002	ENSG00000112234	FBXL4	1e-05	0.1	lead_250kb_shared_subset	643	3.408404553493779e-21	0.7881641971491286	2.5306092486625697e-22	0.058364688202026616	0.15347111464884208	0.724481473780355	0.8241597735787481	True	one causal variant per trait; shared observed subset; p1=p2=1e-4; effect prior SD as given times sdY; CP sdY=1; window sensitivity is not multi-signal conditioning
R002	ENSG00000112234	FBXL4	0.0001	0.1	lead_250kb_shared_subset	643	1.4313569854025552e-21	0.3309889749082747	1.062727492745703e-22	0.02451020788397306	0.6445008172077554	0.9633635217287899	0.8241597735787481	True	one causal variant per trait; shared observed subset; p1=p2=1e-4; effect prior SD as given times sdY; CP sdY=1; window sensitivity is not multi-signal conditioning
R002	ENSG00000112234	FBXL4	1e-06	0.15	lead_250kb_shared_subset	643	5.7342590626354676e-21	0.9074244643398236	4.501149161724281e-22	0.07101333402446149	0.021562201635716104	0.23291468401398976	0.8241597735787481	True	one causal variant per trait; shared observed subset; p1=p2=1e-4; effect prior SD as given times sdY; CP sdY=1; window sensitivity is not multi-signal conditioning
R002	ENSG00000112234	FBXL4	1e-05	0.15	lead_250kb_shared_subset	643	4.802321451520553e-21	0.7599489180962922	3.7696178250285683e-22	0.059472174801416935	0.18057890710228877	0.7522520026580273	0.8241597735787481	True	one causal variant per trait; shared observed subset; p1=p2=1e-4; effect prior SD as given times sdY; CP sdY=1; window sensitivity is not multi-signal conditioning
R002	ENSG00000112234	FBXL4	0.0001	0.15	lead_250kb_shared_subset	643	1.829309332075939e-21	0.2894811731801896	1.4359299216634398e-22	0.022654252836122938	0.6878645739836907	0.9681159006897532	0.8241597735787481	True	one causal variant per trait; shared observed subset; p1=p2=1e-4; effect prior SD as given times sdY; CP sdY=1; window sensitivity is not multi-signal conditioning
R002	ENSG00000112234	FBXL4	1e-06	0.2	lead_250kb_shared_subset	643	7.565998814214228e-21	0.9062306166512141	5.964024781639214e-22	0.07120954171925553	0.022559841629531938	0.24058856765238243	0.8241597735787481	True	one causal variant per trait; shared observed subset; p1=p2=1e-4; effect prior SD as given times sdY; CP sdY=1; window sensitivity is not multi-signal conditioning
R002	ENSG00000112234	FBXL4	1e-05	0.2	lead_250kb_shared_subset	643	6.289074160665304e-21	0.7532847539015701	4.957467621764379e-22	0.059191403516747565	0.18752384258168234	0.7600821009126754	0.8241597735787481	True	one causal variant per trait; shared observed subset; p1=p2=1e-4; effect prior SD as given times sdY; CP sdY=1; window sensitivity is not multi-signal conditioning
R002	ENSG00000112234	FBXL4	0.0001	0.2	lead_250kb_shared_subset	643	2.339933786085013e-21	0.2802696233447744	1.8444918417629092e-22	0.02202294986452774	0.6977074267907014	0.9694011110565125	0.8241597735787481	True	one causal variant per trait; shared observed subset; p1=p2=1e-4; effect prior SD as given times sdY; CP sdY=1; window sensitivity is not multi-signal conditioning
R002	ENSG00000146267	FAXC	1e-06	0.1	gene_cis_shared_region	2358	0.0004662294059855957	0.7979805192327677	0.00011329740276805531	0.1938395212226757	0.007600432735802805	0.037730512673615046	0.32262258903692725	False	one causal variant per trait; shared observed subset; p1=p2=1e-4; effect prior SD as given times sdY; CP sdY=1; window sensitivity is not multi-signal conditioning
R002	ENSG00000146267	FAXC	1e-05	0.1	gene_cis_shared_region	2358	0.00043637935834223916	0.746890312970007	0.00010604360704629983	0.18142906647791202	0.07113819758669286	0.2816604038142339	0.32262258903692725	False	one causal variant per trait; shared observed subset; p1=p2=1e-4; effect prior SD as given times sdY; CP sdY=1; window sensitivity is not multi-signal conditioning
R002	ENSG00000146267	FAXC	0.0001	0.1	gene_cis_shared_region	2358	0.0002660454281983462	0.4553532364275182	6.465112591829756e-05	0.11061103774960614	0.43370502926875837	0.796788953235374	0.32262258903692725	False	one causal variant per trait; shared observed subset; p1=p2=1e-4; effect prior SD as given times sdY; CP sdY=1; window sensitivity is not multi-signal conditioning
R002	ENSG00000146267	FAXC	1e-06	0.15	gene_cis_shared_region	2358	0.0006727357301965267	0.7972515756973522	0.00016441282612953884	0.19477240929811165	0.007138866448210017	0.035356452589498676	0.32262258903692725	False	one causal variant per trait; shared observed subset; p1=p2=1e-4; effect prior SD as given times sdY; CP sdY=1; window sensitivity is not multi-signal conditioning
R002	ENSG00000146267	FAXC	1e-05	0.15	gene_cis_shared_region	2358	0.0006321220181947399	0.7491207206900167	0.00015448706350076592	0.18301380903048983	0.06707886119779825	0.2682160222311503	0.32262258903692725	False	one causal variant per trait; shared observed subset; p1=p2=1e-4; effect prior SD as given times sdY; CP sdY=1; window sensitivity is not multi-signal conditioning
R002	ENSG00000146267	FAXC	0.0001	0.15	gene_cis_shared_region	2358	0.0003941623587979184	0.4671173947315456	9.633106204262325e-05	0.11411903490731773	0.41827307694029586	0.7856485241464622	0.32262258903692725	False	one causal variant per trait; shared observed subset; p1=p2=1e-4; effect prior SD as given times sdY; CP sdY=1; window sensitivity is not multi-signal conditioning
R002	ENSG00000146267	FAXC	1e-06	0.2	gene_cis_shared_region	2358	0.0008874194581826568	0.7993276341416636	0.00021428786982989945	0.1929498617578219	0.006620796772501818	0.03317520131094733	0.32262258903692725	False	one causal variant per trait; shared observed subset; p1=p2=1e-4; effect prior SD as given times sdY; CP sdY=1; window sensitivity is not multi-signal conditioning
R002	ENSG00000146267	FAXC	1e-05	0.2	gene_cis_shared_region	2358	0.0008375143475783224	0.754376474210336	0.0002022371313133825	0.18209909203069113	0.062484682280081284	0.25547353848864546	0.32262258903692725	False	one causal variant per trait; shared observed subset; p1=p2=1e-4; effect prior SD as given times sdY; CP sdY=1; window sensitivity is not multi-signal conditioning
R002	ENSG00000146267	FAXC	0.0001	0.2	gene_cis_shared_region	2358	0.000536056478749018	0.48284354481279457	0.00012944318482139923	0.11655370244058642	0.39993725308304845	0.7743354434494973	0.32262258903692725	False	one causal variant per trait; shared observed subset; p1=p2=1e-4; effect prior SD as given times sdY; CP sdY=1; window sensitivity is not multi-signal conditioning
R002	ENSG00000146267	FAXC	1e-06	0.1	lead_250kb_shared_subset	3	0.9943411392671082	0.005283122389277283	0.0003236817819370363	1.2113301635518005e-06	5.084523151386977e-05	0.9767304999692827	0.3154210228118293	False	one causal variant per trait; shared observed subset; p1=p2=1e-4; effect prior SD as given times sdY; CP sdY=1; window sensitivity is not multi-signal conditioning
R002	ENSG00000146267	FAXC	1e-05	0.1	lead_250kb_shared_subset	3	0.9938863298422546	0.005280705900850512	0.0003235337306101174	1.2107761038300037e-06	0.0005082197501809759	0.9976232753214456	0.3154210228118293	False	one causal variant per trait; shared observed subset; p1=p2=1e-4; effect prior SD as given times sdY; CP sdY=1; window sensitivity is not multi-signal conditioning
R002	ENSG00000146267	FAXC	0.0001	0.1	lead_250kb_shared_subset	3	0.9893610145732675	0.005256662045606078	0.00032206063244264924	1.2052632565098717e-06	0.005059057485427209	0.9997618180485146	0.3154210228118293	False	one causal variant per trait; shared observed subset; p1=p2=1e-4; effect prior SD as given times sdY; CP sdY=1; window sensitivity is not multi-signal conditioning
R002	ENSG00000146267	FAXC	1e-06	0.15	lead_250kb_shared_subset	3	0.9960506704700831	0.0035753458584199993	0.00034040280867703626	8.950250143065148e-07	3.2685837805502894e-05	0.9733471704074698	0.3154210228118293	False	one causal variant per trait; shared observed subset; p1=p2=1e-4; effect prior SD as given times sdY; CP sdY=1; window sensitivity is not multi-signal conditioning
R002	ENSG00000146267	FAXC	1e-05	0.15	lead_250kb_shared_subset	3	0.9957577458845032	0.0035742943991570004	0.0003403027009670391	8.947617999549039e-07	0.0003267622535728376	0.9972692121396	0.3154210228118293	False	one causal variant per trait; shared observed subset; p1=p2=1e-4; effect prior SD as given times sdY; CP sdY=1; window sensitivity is not multi-signal conditioning
R002	ENSG00000146267	FAXC	0.0001	0.15	lead_250kb_shared_subset	3	0.9928379481960367	0.0035638137209321086	0.00033930485280189124	8.92138146314213e-07	0.0032580410920830436	0.9997262484121986	0.3154210228118293	False	one causal variant per trait; shared observed subset; p1=p2=1e-4; effect prior SD as given times sdY; CP sdY=1; window sensitivity is not multi-signal conditioning
R002	ENSG00000146267	FAXC	1e-06	0.2	lead_250kb_shared_subset	3	0.9969321039206547	0.002696427518298171	0.0003477635389028614	7.106612451111417e-07	2.299436089914037e-05	0.9700206462248137	0.3154210228118293	False	one causal variant per trait; shared observed subset; p1=p2=1e-4; effect prior SD as given times sdY; CP sdY=1; window sensitivity is not multi-signal conditioning
R002	ENSG00000146267	FAXC	1e-05	0.2	lead_250kb_shared_subset	3	0.9967258322591146	0.0026958696101094027	0.0003476915843909035	7.10514204730714e-07	0.0002298960321804049	0.9969189330664356	0.3154210228118293	False	one causal variant per trait; shared observed subset; p1=p2=1e-4; effect prior SD as given times sdY; CP sdY=1; window sensitivity is not multi-signal conditioning
R002	ENSG00000146267	FAXC	0.0001	0.2	lead_250kb_shared_subset	3	0.9946678006327868	0.0026903031998303756	0.0003469736735535147	7.090471406124125e-07	0.0022942134466887314	0.999691036563318	0.3154210228118293	False	one causal variant per trait; shared observed subset; p1=p2=1e-4; effect prior SD as given times sdY; CP sdY=1; window sensitivity is not multi-signal conditioning
R002	ENSG00000132423	COQ3	1e-06	0.1	gene_cis_shared_region	2326	0.00046108893684041304	0.7886366836880497	0.0001189306611265279	0.20334205386621296	0.007441242847770263	0.03530281081933859	0.6689751998977257	False	one causal variant per trait; shared observed subset; p1=p2=1e-4; effect prior SD as given times sdY; CP sdY=1; window sensitivity is not multi-signal conditioning
R002	ENSG00000132423	COQ3	1e-05	0.1	gene_cis_shared_region	2326	0.0004321475059967897	0.7391358776220786	0.00011146567285817767	0.19057876782882494	0.0697417413702414	0.26790721017263414	0.6689751998977257	False	one causal variant per trait; shared observed subset; p1=p2=1e-4; effect prior SD as given times sdY; CP sdY=1; window sensitivity is not multi-signal conditioning
R002	ENSG00000132423	COQ3	0.0001	0.1	gene_cis_shared_region	2326	0.00026549976346184364	0.45410513297346644	6.848150080075034e-05	0.117086450985508	0.4284744347767621	0.7853833475948112	0.6689751998977257	False	one causal variant per trait; shared observed subset; p1=p2=1e-4; effect prior SD as given times sdY; CP sdY=1; window sensitivity is not multi-signal conditioning
R002	ENSG00000132423	COQ3	1e-06	0.15	gene_cis_shared_region	2326	0.0006466330477112727	0.7658012678722823	0.00019140067715787124	0.22660642913400084	0.006754269268847697	0.028943473837174848	0.6689751998977257	False	one causal variant per trait; shared observed subset; p1=p2=1e-4; effect prior SD as given times sdY; CP sdY=1; window sensitivity is not multi-signal conditioning
R002	ENSG00000132423	COQ3	1e-05	0.15	gene_cis_shared_region	2326	0.0006095777757705377	0.7219170674992794	0.00018043247167126786	0.21362075992825894	0.06367216232502025	0.2296205824787051	0.6689751998977257	False	one causal variant per trait; shared observed subset; p1=p2=1e-4; effect prior SD as given times sdY; CP sdY=1; window sensitivity is not multi-signal conditioning
R002	ENSG00000132423	COQ3	0.0001	0.15	gene_cis_shared_region	2326	0.00038751341957932883	0.45892839699692994	0.00011470235116774213	0.13580040884577058	0.4047689783865522	0.7487826501958258	0.6689751998977257	False	one causal variant per trait; shared observed subset; p1=p2=1e-4; effect prior SD as given times sdY; CP sdY=1; window sensitivity is not multi-signal conditioning
R002	ENSG00000132423	COQ3	1e-06	0.2	gene_cis_shared_region	2326	0.000826317032639034	0.7437937492531614	0.00027676223910475136	0.24906191621995494	0.006041255255139796	0.023681615638908637	0.6689751998977257	False	one causal variant per trait; shared observed subset; p1=p2=1e-4; effect prior SD as given times sdY; CP sdY=1; window sensitivity is not multi-signal conditioning
R002	ENSG00000132423	COQ3	1e-05	0.2	gene_cis_shared_region	2326	0.000783705924808436	0.7054381612630052	0.0002624903009162498	0.2362184145742858	0.05729722793698469	0.19521013410651386	0.6689751998977257	False	one causal variant per trait; shared observed subset; p1=p2=1e-4; effect prior SD as given times sdY; CP sdY=1; window sensitivity is not multi-signal conditioning
R002	ENSG00000132423	COQ3	0.0001	0.2	gene_cis_shared_region	2326	0.00051706724608784	0.46542836513414265	0.00017318375773758422	0.1558503020492246	0.3780310818128072	0.7080806584379796	0.6689751998977257	False	one causal variant per trait; shared observed subset; p1=p2=1e-4; effect prior SD as given times sdY; CP sdY=1; window sensitivity is not multi-signal conditioning
R002	ENSG00000132424	PNISR	1e-06	0.1	gene_cis_shared_region	2281	0.0004615099016599005	0.7893513373203791	0.00011840153731275987	0.2024337401000265	0.007635011140621665	0.03634529693507454	0.5905773854242913	False	one causal variant per trait; shared observed subset; p1=p2=1e-4; effect prior SD as given times sdY; CP sdY=1; window sensitivity is not multi-signal conditioning
R002	ENSG00000132424	PNISR	1e-05	0.1	gene_cis_shared_region	2281	0.00043183623170029806	0.738598469437001	0.00011078868192592667	0.18941787203130017	0.07144103361807301	0.2738684862616829	0.5905773854242913	False	one causal variant per trait; shared observed subset; p1=p2=1e-4; effect prior SD as given times sdY; CP sdY=1; window sensitivity is not multi-signal conditioning
R002	ENSG00000132424	PNISR	0.0001	0.1	gene_cis_shared_region	2281	0.0002628388923802361	0.4495509856970276	6.743198534088344e-05	0.1152899641739206	0.43482877925133073	0.79042712950284	0.5905773854242913	False	one causal variant per trait; shared observed subset; p1=p2=1e-4; effect prior SD as given times sdY; CP sdY=1; window sensitivity is not multi-signal conditioning
R002	ENSG00000132424	PNISR	1e-06	0.15	gene_cis_shared_region	2281	0.0006504441280560362	0.7703096212834886	0.00018728123942444574	0.2217226005806347	0.007130052768396316	0.031155648248141692	0.5905773854242913	False	one causal variant per trait; shared observed subset; p1=p2=1e-4; effect prior SD as given times sdY; CP sdY=1; window sensitivity is not multi-signal conditioning
R002	ENSG00000132424	PNISR	1e-05	0.15	gene_cis_shared_region	2281	0.0006112217387986108	0.7238592306788124	0.00017598800553013353	0.2083525203969097	0.06700103917994926	0.24332730356894977	0.5905773854242913	False	one causal variant per trait; shared observed subset; p1=p2=1e-4; effect prior SD as given times sdY; CP sdY=1; window sensitivity is not multi-signal conditioning
R002	ENSG00000132424	PNISR	0.0001	0.15	gene_cis_shared_region	2281	0.00038129642712301566	0.45156269955376344	0.00010978601294031387	0.12997586074992767	0.4179703572562451	0.7627944924542513	0.5905773854242913	False	one causal variant per trait; shared observed subset; p1=p2=1e-4; effect prior SD as given times sdY; CP sdY=1; window sensitivity is not multi-signal conditioning
R002	ENSG00000132424	PNISR	1e-06	0.2	gene_cis_shared_region	2281	0.0008366991574524395	0.753134116408906	0.000265843929497308	0.23922749991880402	0.006535840585339836	0.026594041942677914	0.5905773854242913	False	one causal variant per trait; shared observed subset; p1=p2=1e-4; effect prior SD as given times sdY; CP sdY=1; window sensitivity is not multi-signal conditioning
R002	ENSG00000132424	PNISR	1e-05	0.2	gene_cis_shared_region	2281	0.0007902165904828592	0.711293979854158	0.00025107505092697544	0.22593728899066265	0.061727439513769494	0.21458118913184185	0.5905773854242913	False	one causal variant per trait; shared observed subset; p1=p2=1e-4; effect prior SD as given times sdY; CP sdY=1; window sensitivity is not multi-signal conditioning
R002	ENSG00000132424	PNISR	0.0001	0.2	gene_cis_shared_region	2281	0.0005079991880835928	0.45726294361127756	0.0001614062822206928	0.1452462030630504	0.39682144785536755	0.7320515201064633	0.5905773854242913	False	one causal variant per trait; shared observed subset; p1=p2=1e-4; effect prior SD as given times sdY; CP sdY=1; window sensitivity is not multi-signal conditioning
R002	ENSG00000228506	PNISR-AS1	1e-06	0.1	gene_cis_shared_region	2283	6.003642482062297e-39	1.0268436526442465e-35	0.0005843278445202915	0.999415503150019	1.6900546271240765e-07	1.6910427504894582e-07	0.8954958060286533	False	one causal variant per trait; shared observed subset; p1=p2=1e-4; effect prior SD as given times sdY; CP sdY=1; window sensitivity is not multi-signal conditioning
R002	ENSG00000228506	PNISR-AS1	1e-05	0.1	gene_cis_shared_region	2283	6.003633350240818e-39	1.0268420907669442e-35	0.0005843269557302649	0.9994139829922172	1.6900520564718192e-06	1.6910401768303574e-06	0.8954958060286533	False	one causal variant per trait; shared observed subset; p1=p2=1e-4; effect prior SD as given times sdY; CP sdY=1; window sensitivity is not multi-signal conditioning
R002	ENSG00000228506	PNISR-AS1	0.0001	0.1	gene_cis_shared_region	2283	6.003542033553793e-39	1.0268264722552269e-35	0.0005843180679786945	0.9993987816685238	1.6900263503792263e-05	1.691014440670112e-05	0.8954958060286533	False	one causal variant per trait; shared observed subset; p1=p2=1e-4; effect prior SD as given times sdY; CP sdY=1; window sensitivity is not multi-signal conditioning
R002	ENSG00000228506	PNISR-AS1	1e-06	0.15	gene_cis_shared_region	2283	3.6712844955275347e-47	4.347839802863101e-44	0.000843680236705942	0.9991561570711599	1.626921288578871e-07	1.6282950489311888e-07	0.8954958060286533	False	one causal variant per trait; shared observed subset; p1=p2=1e-4; effect prior SD as given times sdY; CP sdY=1; window sensitivity is not multi-signal conditioning
R002	ENSG00000228506	PNISR-AS1	1e-05	0.15	gene_cis_shared_region	2283	3.6712791199336317e-47	4.347833436638646e-44	0.0008436790013665555	0.999154694079732	1.6269189063967922e-06	1.628292662724404e-06	0.8954958060286533	False	one causal variant per trait; shared observed subset; p1=p2=1e-4; effect prior SD as given times sdY; CP sdY=1; window sensitivity is not multi-signal conditioning
R002	ENSG00000228506	PNISR-AS1	0.0001	0.15	gene_cis_shared_region	2283	3.671225364860008e-47	4.347769775418986e-44	0.0008436666481715649	0.9991400644009778	1.6268950849594147e-05	1.6282688010411132e-05	0.8954958060286533	False	one causal variant per trait; shared observed subset; p1=p2=1e-4; effect prior SD as given times sdY; CP sdY=1; window sensitivity is not multi-signal conditioning
R002	ENSG00000228506	PNISR-AS1	1e-06	0.2	gene_cis_shared_region	2283	7.242431535765757e-51	6.519098677851608e-48	0.0011097229310539506	0.9988901165672309	1.6050170939576666e-07	1.6068001969818887e-07	0.8954958060286533	False	one causal variant per trait; shared observed subset; p1=p2=1e-4; effect prior SD as given times sdY; CP sdY=1; window sensitivity is not multi-signal conditioning
R002	ENSG00000228506	PNISR-AS1	1e-05	0.2	gene_cis_shared_region	2283	7.242421073977109e-51	6.51908926092689e-48	0.0011097213280444218	0.9988886736571764	1.6050147754891416e-06	1.6067978733590704e-06	0.8954958060286533	False	one causal variant per trait; shared observed subset; p1=p2=1e-4; effect prior SD as given times sdY; CP sdY=1; window sensitivity is not multi-signal conditioning
R002	ENSG00000228506	PNISR-AS1	0.0001	0.2	gene_cis_shared_region	2283	7.242316457752867e-51	6.518995093175939e-48	0.001109705298203832	0.9988742447858904	1.6049915911721763e-05	1.6067746375004204e-05	0.8954958060286533	False	one causal variant per trait; shared observed subset; p1=p2=1e-4; effect prior SD as given times sdY; CP sdY=1; window sensitivity is not multi-signal conditioning
R002	ENSG00000123552	USP45	1e-06	0.1	gene_cis_shared_region	2094	0.00048384468814377513	0.8275354926858758	9.588748536310134e-05	0.16391987269559538	0.007964902445022336	0.04633861514788791	0.9088458245209402	False	one causal variant per trait; shared observed subset; p1=p2=1e-4; effect prior SD as given times sdY; CP sdY=1; window sensitivity is not multi-signal conditioning
R002	ENSG00000123552	USP45	1e-05	0.1	gene_cis_shared_region	2094	0.0004514806911932831	0.7721822836541561	8.947364563327552e-05	0.15295539919812282	0.0743213628108943	0.3270081910439468	0.9088458245209402	False	one causal variant per trait; shared observed subset; p1=p2=1e-4; effect prior SD as given times sdY; CP sdY=1; window sensitivity is not multi-signal conditioning
R002	ENSG00000123552	USP45	0.0001	0.1	gene_cis_shared_region	2094	0.0002705271637846873	0.46269151083653165	5.3612595308718954e-05	0.09165085271145791	0.4453334966929173	0.8293230467273071	0.9088458245209402	False	one causal variant per trait; shared observed subset; p1=p2=1e-4; effect prior SD as given times sdY; CP sdY=1; window sensitivity is not multi-signal conditioning
R002	ENSG00000123552	USP45	1e-06	0.15	gene_cis_shared_region	2094	0.0007060903512775704	0.8361942549392519	0.0001311534472699589	0.15524246454363616	0.007726036718564119	0.04740815960584731	0.9088458245209402	False	one causal variant per trait; shared observed subset; p1=p2=1e-4; effect prior SD as given times sdY; CP sdY=1; window sensitivity is not multi-signal conditioning
R002	ENSG00000123552	USP45	1e-05	0.15	gene_cis_shared_region	2094	0.0006601848404148123	0.7818302144392848	0.0001226266829720958	0.14514958531143182	0.07223738872589597	0.3322986073374019	0.9088458245209402	False	one causal variant per trait; shared observed subset; p1=p2=1e-4; effect prior SD as given times sdY; CP sdY=1; window sensitivity is not multi-signal conditioning
R002	ENSG00000123552	USP45	0.0001	0.15	gene_cis_shared_region	2094	0.00040007892741097614	0.47379729806250265	7.43130541510403e-05	0.0879621688511627	0.4377661411047723	0.8326851204597762	0.9088458245209402	False	one causal variant per trait; shared observed subset; p1=p2=1e-4; effect prior SD as given times sdY; CP sdY=1; window sensitivity is not multi-signal conditioning
R002	ENSG00000123552	USP45	1e-06	0.2	gene_cis_shared_region	2094	0.0009396965033162679	0.8458283983846261	0.00016189918724555564	0.14565258949225077	0.007417416432560911	0.048457673910356824	0.9088458245209402	False	one causal variant per trait; shared observed subset; p1=p2=1e-4; effect prior SD as given times sdY; CP sdY=1; window sensitivity is not multi-signal conditioning
R002	ENSG00000123552	USP45	1e-05	0.2	gene_cis_shared_region	2094	0.0008808910795945407	0.7928971624086023	0.00015176767108839297	0.1365377718771682	0.06953240696354679	0.3374210055754496	0.9088458245209402	False	one causal variant per trait; shared observed subset; p1=p2=1e-4; effect prior SD as given times sdY; CP sdY=1; window sensitivity is not multi-signal conditioning
R002	ENSG00000123552	USP45	0.0001	0.2	gene_cis_shared_region	2094	0.000541822854563562	0.4876991195203376	9.33500119190973e-05	0.08398232997011065	0.4276833776430689	0.8358648455026002	0.9088458245209402	False	one causal variant per trait; shared observed subset; p1=p2=1e-4; effect prior SD as given times sdY; CP sdY=1; window sensitivity is not multi-signal conditioning
R002	ENSG00000112237	CCNC	1e-06	0.1	gene_cis_shared_region	2040	0.0004754107930772728	0.8131103982323573	0.00010409946849516169	0.17796118623959245	0.008348905266477885	0.0448118789432609	0.752104654664752	False	one causal variant per trait; shared observed subset; p1=p2=1e-4; effect prior SD as given times sdY; CP sdY=1; window sensitivity is not multi-signal conditioning
R002	ENSG00000112237	CCNC	1e-05	0.1	gene_cis_shared_region	2040	0.00044218495070405935	0.756283169408173	9.682409195402928e-05	0.1655237102532496	0.07765411129591936	0.31933056559690504	0.752104654664752	False	one causal variant per trait; shared observed subset; p1=p2=1e-4; effect prior SD as given times sdY; CP sdY=1; window sensitivity is not multi-signal conditioning
R002	ENSG00000112237	CCNC	0.0001	0.1	gene_cis_shared_region	2040	0.0002602792006008307	0.4451639035837834	5.699266158328059e-05	0.0974306767261128	0.4570881478279198	0.8242968995606765	0.752104654664752	False	one causal variant per trait; shared observed subset; p1=p2=1e-4; effect prior SD as given times sdY; CP sdY=1; window sensitivity is not multi-signal conditioning
R002	ENSG00000112237	CCNC	1e-06	0.15	gene_cis_shared_region	2040	0.0006810967847678237	0.8065950684614949	0.00015555321121543046	0.1841309331445578	0.008437348397964083	0.04381483975646837	0.752104654664752	False	one causal variant per trait; shared observed subset; p1=p2=1e-4; effect prior SD as given times sdY; CP sdY=1; window sensitivity is not multi-signal conditioning
R002	ENSG00000112237	CCNC	1e-05	0.15	gene_cis_shared_region	2040	0.0006330271493294595	0.7496681650397681	0.00014457476245217335	0.17113556005348982	0.07841867299496028	0.3142349942817262	0.752104654664752	False	one causal variant per trait; shared observed subset; p1=p2=1e-4; effect prior SD as given times sdY; CP sdY=1; window sensitivity is not multi-signal conditioning
R002	ENSG00000112237	CCNC	0.0001	0.15	gene_cis_shared_region	2040	0.0003711097454009199	0.4394900947894242	8.475640158855293e-05	0.10032756760554132	0.459726471458045	0.8208609158978845	0.752104654664752	False	one causal variant per trait; shared observed subset; p1=p2=1e-4; effect prior SD as given times sdY; CP sdY=1; window sensitivity is not multi-signal conditioning
R002	ENSG00000112237	CCNC	1e-06	0.2	gene_cis_shared_region	2040	0.0008932834235544521	0.8040512984151874	0.0002071646823611251	0.18638590473012076	0.008462348748775923	0.04343045727988755	0.752104654664752	False	one causal variant per trait; shared observed subset; p1=p2=1e-4; effect prior SD as given times sdY; CP sdY=1; window sensitivity is not multi-signal conditioning
R002	ENSG00000112237	CCNC	1e-05	0.2	gene_cis_shared_region	2040	0.0008300647471819862	0.747147680278953	0.00019250340390833607	0.17319516382883224	0.07863458774112467	0.3122529695196892	0.752104654664752	False	one causal variant per trait; shared observed subset; p1=p2=1e-4; effect prior SD as given times sdY; CP sdY=1; window sensitivity is not multi-signal conditioning
R002	ENSG00000112237	CCNC	0.0001	0.2	gene_cis_shared_region	2040	0.000486068548122282	0.4375140486558937	0.0001127259654912287	0.10141946409588252	0.4604676927346106	0.8195020781966759	0.752104654664752	False	one causal variant per trait; shared observed subset; p1=p2=1e-4; effect prior SD as given times sdY; CP sdY=1; window sensitivity is not multi-signal conditioning
R003	ENSG00000138814	PPP3CA	1e-06	0.1	gene_cis_shared_region	2339	2.5538448848357523e-17	0.8018772054075751	6.082240705334473e-18	0.19090299427928614	0.007219800313135908	0.03644103813490251	0.6658903561674294	True	one causal variant per trait; shared observed subset; p1=p2=1e-4; effect prior SD as given times sdY; CP sdY=1; window sensitivity is not multi-signal conditioning
R003	ENSG00000138814	PPP3CA	1e-05	0.1	gene_cis_shared_region	2339	2.398025497683984e-17	0.7529517536467816	5.711141025458767e-18	0.17925530661013117	0.06779293974308921	0.27441174241796235	0.6658903561674294	True	one causal variant per trait; shared observed subset; p1=p2=1e-4; effect prior SD as given times sdY; CP sdY=1; window sensitivity is not multi-signal conditioning
R003	ENSG00000138814	PPP3CA	0.0001	0.1	gene_cis_shared_region	2339	1.4893306006669826e-17	0.46763226188172846	3.546991932385724e-18	0.1113292638982576	0.4210384742200167	0.7908790185299998	0.6658903561674294	True	one causal variant per trait; shared observed subset; p1=p2=1e-4; effect prior SD as given times sdY; CP sdY=1; window sensitivity is not multi-signal conditioning
R003	ENSG00000138814	PPP3CA	1e-06	0.15	gene_cis_shared_region	2339	3.528529703206129e-17	0.802109615630919	8.422501619784886e-18	0.19139637968522907	0.006494004683850361	0.032816170955222296	0.6658903561674294	True	one causal variant per trait; shared observed subset; p1=p2=1e-4; effect prior SD as given times sdY; CP sdY=1; window sensitivity is not multi-signal conditioning
R003	ENSG00000138814	PPP3CA	1e-05	0.15	gene_cis_shared_region	2339	3.333688787784762e-17	0.7578181444167741	7.957421809277486e-18	0.18082771540777628	0.06135414017544671	0.2533391282666222	0.6658903561674294	True	one causal variant per trait; shared observed subset; p1=p2=1e-4; effect prior SD as given times sdY; CP sdY=1; window sensitivity is not multi-signal conditioning
R003	ENSG00000138814	PPP3CA	0.0001	0.15	gene_cis_shared_region	2339	2.1477362108960062e-17	0.48822597838218174	5.126586209181056e-18	0.11649864670569657	0.3952753749121251	0.7723631099182786	0.6658903561674294	True	one causal variant per trait; shared observed subset; p1=p2=1e-4; effect prior SD as given times sdY; CP sdY=1; window sensitivity is not multi-signal conditioning
R003	ENSG00000138814	PPP3CA	1e-06	0.2	gene_cis_shared_region	2339	4.590162384481837e-17	0.8055509214758584	1.0753308413267752e-17	0.1886573563491148	0.0057917221750269	0.02978528990204411	0.6658903561674294	True	one causal variant per trait; shared observed subset; p1=p2=1e-4; effect prior SD as given times sdY; CP sdY=1; window sensitivity is not multi-signal conditioning
R003	ENSG00000138814	PPP3CA	1e-05	0.2	gene_cis_shared_region	2339	4.362751768999946e-17	0.7656414769921186	1.0220556784916839e-17	0.17931069670422262	0.055047826303659494	0.2348872385657085	0.6658903561674294	True	one causal variant per trait; shared observed subset; p1=p2=1e-4; effect prior SD as given times sdY; CP sdY=1; window sensitivity is not multi-signal conditioning
R003	ENSG00000138814	PPP3CA	0.0001	0.2	gene_cis_shared_region	2339	2.9173886406453216e-17	0.5119873570748051	6.834525053031323e-18	0.11990574238676195	0.3681069005384333	0.754297877063112	0.6658903561674294	True	one causal variant per trait; shared observed subset; p1=p2=1e-4; effect prior SD as given times sdY; CP sdY=1; window sensitivity is not multi-signal conditioning
R003	ENSG00000138814	PPP3CA	1e-06	0.1	lead_250kb_shared_subset	796	2.930431277900134e-17	0.920120755181228	2.282658288403799e-18	0.07158987625737531	0.008289368561398542	0.10377374723816003	0.6637887866441973	True	one causal variant per trait; shared observed subset; p1=p2=1e-4; effect prior SD as given times sdY; CP sdY=1; window sensitivity is not multi-signal conditioning
R003	ENSG00000138814	PPP3CA	1e-05	0.1	lead_250kb_shared_subset	796	2.7269863254762412e-17	0.8562414468098613	2.1241849229348476e-18	0.0666197549380142	0.07713879825212808	0.5365857998730721	0.6637887866441973	True	one causal variant per trait; shared observed subset; p1=p2=1e-4; effect prior SD as given times sdY; CP sdY=1; window sensitivity is not multi-signal conditioning
R003	ENSG00000138814	PPP3CA	0.0001	0.1	lead_250kb_shared_subset	796	1.6095544568035672e-17	0.5053810589138409	1.2537618094537503e-18	0.039321107872778156	0.45529783321337847	0.9205022197766404	0.6637887866441973	True	one causal variant per trait; shared observed subset; p1=p2=1e-4; effect prior SD as given times sdY; CP sdY=1; window sensitivity is not multi-signal conditioning
R003	ENSG00000138814	PPP3CA	1e-06	0.15	lead_250kb_shared_subset	796	4.065850802377483e-17	0.9242539557511531	3.005875458527973e-18	0.0682550017651349	0.007491042483710762	0.09889681445410826	0.6637887866441973	True	one causal variant per trait; shared observed subset; p1=p2=1e-4; effect prior SD as given times sdY; CP sdY=1; window sensitivity is not multi-signal conditioning
R003	ENSG00000138814	PPP3CA	1e-05	0.15	lead_250kb_shared_subset	796	3.809047193253395e-17	0.8658770592242758	2.8160210580969163e-18	0.06394394077297842	0.07017900000274337	0.523243820906787	0.6637887866441973	True	one causal variant per trait; shared observed subset; p1=p2=1e-4; effect prior SD as given times sdY; CP sdY=1; window sensitivity is not multi-signal conditioning
R003	ENSG00000138814	PPP3CA	0.0001	0.15	lead_250kb_shared_subset	796	2.3345314497118157e-17	0.5306884172827782	1.7259144845519528e-18	0.039190677662758244	0.43012090505446177	0.9164932656555117	0.6637887866441973	True	one causal variant per trait; shared observed subset; p1=p2=1e-4; effect prior SD as given times sdY; CP sdY=1; window sensitivity is not multi-signal conditioning
R003	ENSG00000138814	PPP3CA	1e-06	0.2	lead_250kb_shared_subset	796	5.295592353800447e-17	0.9293502733794268	3.648230425469325e-18	0.06395771998792227	0.006692006632652466	0.09472091333901365	0.6637887866441973	True	one causal variant per trait; shared observed subset; p1=p2=1e-4; effect prior SD as given times sdY; CP sdY=1; window sensitivity is not multi-signal conditioning
R003	ENSG00000138814	PPP3CA	1e-05	0.2	lead_250kb_shared_subset	796	4.994767215771916e-17	0.8765569491225889	3.4409864859855625e-18	0.06032449283259772	0.06311855804481023	0.5113172235794273	0.6637887866441973	True	one causal variant per trait; shared observed subset; p1=p2=1e-4; effect prior SD as given times sdY; CP sdY=1; window sensitivity is not multi-signal conditioning
R003	ENSG00000138814	PPP3CA	0.0001	0.2	lead_250kb_shared_subset	796	3.185302123194136e-17	0.5590047724995432	2.194412889770327e-18	0.038470608698945516	0.4025246188015105	0.9127641155733238	0.6637887866441973	True	one causal variant per trait; shared observed subset; p1=p2=1e-4; effect prior SD as given times sdY; CP sdY=1; window sensitivity is not multi-signal conditioning
R003	ENSG00000254531	PPP3CA-DT	1e-06	0.1	gene_cis_shared_region	2337	2.192566136169653e-17	0.6884399347754752	9.710655597443687e-18	0.3048359034158904	0.006724161808631797	0.02158223263878863	0.547300383868423	True	one causal variant per trait; shared observed subset; p1=p2=1e-4; effect prior SD as given times sdY; CP sdY=1; window sensitivity is not multi-signal conditioning
R003	ENSG00000254531	PPP3CA-DT	1e-05	0.1	gene_cis_shared_region	2337	2.0674493599241245e-17	0.6491547411127355	9.156525939259182e-18	0.2874407220847041	0.06340453680256211	0.18071937755024725	0.547300383868423	True	one causal variant per trait; shared observed subset; p1=p2=1e-4; effect prior SD as given times sdY; CP sdY=1; window sensitivity is not multi-signal conditioning
R003	ENSG00000254531	PPP3CA-DT	0.0001	0.1	gene_cis_shared_region	2337	1.316309444415874e-17	0.41330565728845486	5.8298025603529405e-18	0.18300856336510243	0.4036857793464395	0.6880683005749014	0.547300383868423	True	one causal variant per trait; shared observed subset; p1=p2=1e-4; effect prior SD as given times sdY; CP sdY=1; window sensitivity is not multi-signal conditioning
R003	ENSG00000254531	PPP3CA-DT	1e-06	0.15	gene_cis_shared_region	2337	2.3410664101752016e-17	0.532174031786063	2.0362505101758322e-17	0.46283298498670555	0.004992983227233796	0.010672736373091796	0.547300383868423	True	one causal variant per trait; shared observed subset; p1=p2=1e-4; effect prior SD as given times sdY; CP sdY=1; window sensitivity is not multi-signal conditioning
R003	ENSG00000254531	PPP3CA-DT	1e-05	0.15	gene_cis_shared_region	2337	2.2403903281949797e-17	0.509288223754744	1.948682843404949e-17	0.4429291448661747	0.04778263137907809	0.0973741281383001	0.547300383868423	True	one causal variant per trait; shared observed subset; p1=p2=1e-4; effect prior SD as given times sdY; CP sdY=1; window sensitivity is not multi-signal conditioning
R003	ENSG00000254531	PPP3CA-DT	0.0001	0.15	gene_cis_shared_region	2337	1.5666586662700193e-17	0.3561347321194092	1.362673649324187e-17	0.3097311993429433	0.3341340685376493	0.5189502916309128	0.547300383868423	True	one causal variant per trait; shared observed subset; p1=p2=1e-4; effect prior SD as given times sdY; CP sdY=1; window sensitivity is not multi-signal conditioning
R003	ENSG00000254531	PPP3CA-DT	1e-06	0.2	gene_cis_shared_region	2337	2.3644118846727174e-17	0.4149426562523641	3.3130769860882264e-17	0.5813920626713973	0.0036652810762389573	0.0062648236372193486	0.547300383868423	True	one causal variant per trait; shared observed subset; p1=p2=1e-4; effect prior SD as given times sdY; CP sdY=1; window sensitivity is not multi-signal conditioning
R003	ENSG00000254531	PPP3CA-DT	1e-05	0.2	gene_cis_shared_region	2337	2.2889065131222706e-17	0.4016918349231519	3.2072768459216783e-17	0.5628258289313902	0.0354823361454572	0.05930444913934913	0.547300383868423	True	one causal variant per trait; shared observed subset; p1=p2=1e-4; effect prior SD as given times sdY; CP sdY=1; window sensitivity is not multi-signal conditioning
R003	ENSG00000254531	PPP3CA-DT	0.0001	0.2	gene_cis_shared_region	2337	1.7348861812176248e-17	0.304463991657531	2.4309687824421566e-17	0.42659617046284465	0.26893983787962716	0.3866655854677262	0.547300383868423	True	one causal variant per trait; shared observed subset; p1=p2=1e-4; effect prior SD as given times sdY; CP sdY=1; window sensitivity is not multi-signal conditioning
R003	ENSG00000254531	PPP3CA-DT	1e-06	0.1	lead_250kb_shared_subset	794	2.9329465659436254e-17	0.9209105258718188	2.2353336158270074e-18	0.07009690552161088	0.008992568606570108	0.1137012062059709	0.549586326385071	True	one causal variant per trait; shared observed subset; p1=p2=1e-4; effect prior SD as given times sdY; CP sdY=1; window sensitivity is not multi-signal conditioning
R003	ENSG00000254531	PPP3CA-DT	1e-05	0.1	lead_250kb_shared_subset	794	2.7133469393905613e-17	0.851958840928601	2.0679666296851412e-18	0.06484851318681269	0.0831926458845878	0.5619561911458952	0.549586326385071	True	one causal variant per trait; shared observed subset; p1=p2=1e-4; effect prior SD as given times sdY; CP sdY=1; window sensitivity is not multi-signal conditioning
R003	ENSG00000254531	PPP3CA-DT	0.0001	0.1	lead_250kb_shared_subset	794	1.5516066077522685e-17	0.4871861198165433	1.182550834413879e-18	0.03708312420459161	0.47573075597886666	0.9276869725302185	0.549586326385071	True	one causal variant per trait; shared observed subset; p1=p2=1e-4; effect prior SD as given times sdY; CP sdY=1; window sensitivity is not multi-signal conditioning
R003	ENSG00000254531	PPP3CA-DT	1e-06	0.15	lead_250kb_shared_subset	794	4.065364975784121e-17	0.924143517082213	2.959608299675215e-18	0.06719151201916294	0.008664970898621992	0.11422848206676407	0.549586326385071	True	one causal variant per trait; shared observed subset; p1=p2=1e-4; effect prior SD as given times sdY; CP sdY=1; window sensitivity is not multi-signal conditioning
R003	ENSG00000254531	PPP3CA-DT	1e-05	0.15	lead_250kb_shared_subset	794	3.771263944790435e-17	0.8572881270301581	2.745501114353173e-18	0.06233067096883412	0.08038120200100497	0.563241167873908	0.549586326385071	True	one causal variant per trait; shared observed subset; p1=p2=1e-4; effect prior SD as given times sdY; CP sdY=1; window sensitivity is not multi-signal conditioning
R003	ENSG00000254531	PPP3CA-DT	0.0001	0.15	lead_250kb_shared_subset	794	2.1882305372414616e-17	0.4974311228927185	1.5930439943767768e-18	0.03616662201784233	0.4664022550894367	0.9280364868075145	0.549586326385071	True	one causal variant per trait; shared observed subset; p1=p2=1e-4; effect prior SD as given times sdY; CP sdY=1; window sensitivity is not multi-signal conditioning
R003	ENSG00000254531	PPP3CA-DT	1e-06	0.2	lead_250kb_shared_subset	794	5.2815111147031483e-17	0.9268790855442824	3.705216775815525e-18	0.06494294260672791	0.008177971848991505	0.11184176114132056	0.549586326385071	True	one causal variant per trait; shared observed subset; p1=p2=1e-4; effect prior SD as given times sdY; CP sdY=1; window sensitivity is not multi-signal conditioning
R003	ENSG00000254531	PPP3CA-DT	1e-05	0.2	lead_250kb_shared_subset	794	4.919432304602595e-17	0.8633360447151758	3.451202261367741e-18	0.06049071996196042	0.07617323532286183	0.5573761945065082	0.549586326385071	True	one causal variant per trait; shared observed subset; p1=p2=1e-4; effect prior SD as given times sdY; CP sdY=1; window sensitivity is not multi-signal conditioning
R003	ENSG00000254531	PPP3CA-DT	0.0001	0.2	lead_250kb_shared_subset	794	2.918575950462531e-17	0.5121956480457567	2.0475118461912615e-18	0.035887628810740056	0.4519167231435009	0.9264302815934973	0.549586326385071	True	one causal variant per trait; shared observed subset; p1=p2=1e-4; effect prior SD as given times sdY; CP sdY=1; window sensitivity is not multi-signal conditioning
R003	ENSG00000153064	BANK1	1e-06	0.1	gene_cis_shared_region	2470	2.4821186381827752e-17	0.7793560090108719	6.78267860435005e-18	0.21289058300255348	0.007753407986577317	0.03513990094096539	0.946523443359521	True	one causal variant per trait; shared observed subset; p1=p2=1e-4; effect prior SD as given times sdY; CP sdY=1; window sensitivity is not multi-signal conditioning
R003	ENSG00000153064	BANK1	1e-05	0.1	gene_cis_shared_region	2470	2.3202126411787174e-17	0.7285194334665256	6.340251588613455e-18	0.19900395342587915	0.07247661310759627	0.2669679602965592	0.946523443359521	True	one causal variant per trait; shared observed subset; p1=p2=1e-4; effect prior SD as given times sdY; CP sdY=1; window sensitivity is not multi-signal conditioning
R003	ENSG00000153064	BANK1	0.0001	0.1	gene_cis_shared_region	2470	1.4042409734775842e-17	0.4409151214384633	3.837252200455352e-18	0.12044133383510834	0.4386435447264265	0.7845741524167298	0.946523443359521	True	one causal variant per trait; shared observed subset; p1=p2=1e-4; effect prior SD as given times sdY; CP sdY=1; window sensitivity is not multi-signal conditioning
R003	ENSG00000153064	BANK1	1e-06	0.15	gene_cis_shared_region	2470	3.369273225008697e-17	0.7659072414821244	9.97445168546541e-18	0.2266661693753456	0.007426589142530892	0.03172498452985576	0.946523443359521	True	one causal variant per trait; shared observed subset; p1=p2=1e-4; effect prior SD as given times sdY; CP sdY=1; window sensitivity is not multi-signal conditioning
R003	ENSG00000153064	BANK1	1e-05	0.15	gene_cis_shared_region	2470	3.1581825095862646e-17	0.7179218461892668	9.349535271265744e-18	0.21246514717852436	0.06961300663220543	0.2467862388198794	0.946523443359521	True	one causal variant per trait; shared observed subset; p1=p2=1e-4; effect prior SD as given times sdY; CP sdY=1; window sensitivity is not multi-signal conditioning
R003	ENSG00000153064	BANK1	0.0001	0.15	gene_cis_shared_region	2470	1.9416842207535716e-17	0.4413859921802267	5.748193795796142e-18	0.13062583384095508	0.42798817397882116	0.7661608337557149	0.946523443359521	True	one causal variant per trait; shared observed subset; p1=p2=1e-4; effect prior SD as given times sdY; CP sdY=1; window sensitivity is not multi-signal conditioning
R003	ENSG00000153064	BANK1	1e-06	0.2	gene_cis_shared_region	2470	4.325883315168548e-17	0.7591712446853505	1.3326889614482389e-17	0.23381017198716308	0.0070185833274879475	0.029143460540324295	0.946523443359521	True	one causal variant per trait; shared observed subset; p1=p2=1e-4; effect prior SD as given times sdY; CP sdY=1; window sensitivity is not multi-signal conditioning
R003	ENSG00000153064	BANK1	1e-05	0.2	gene_cis_shared_region	2470	4.068864344140197e-17	0.7140656794337046	1.2535082899837142e-17	0.21991852363655076	0.06601579692974177	0.23087748542741415	0.946523443359521	True	one causal variant per trait; shared observed subset; p1=p2=1e-4; effect prior SD as given times sdY; CP sdY=1; window sensitivity is not multi-signal conditioning
R003	ENSG00000153064	BANK1	0.0001	0.2	gene_cis_shared_region	2470	2.5523848591854087e-17	0.4479309887230123	7.863215161806736e-18	0.13795414703189227	0.4141148642450944	0.7501143077877318	0.946523443359521	True	one causal variant per trait; shared observed subset; p1=p2=1e-4; effect prior SD as given times sdY; CP sdY=1; window sensitivity is not multi-signal conditioning
R003	ENSG00000153064	BANK1	1e-06	0.1	lead_250kb_shared_subset	927	2.898851059320182e-17	0.9102049401322465	2.5743071875868495e-18	0.08073964622958725	0.009055413638165583	0.10084534329062304	0.9455897519920881	True	one causal variant per trait; shared observed subset; p1=p2=1e-4; effect prior SD as given times sdY; CP sdY=1; window sensitivity is not multi-signal conditioning
R003	ENSG00000153064	BANK1	1e-05	0.1	lead_250kb_shared_subset	927	2.6804017409900634e-17	0.8416144383631681	2.38031458886653e-18	0.07465533202366716	0.08373022961316358	0.5286481213808638	0.9455897519920881	True	one causal variant per trait; shared observed subset; p1=p2=1e-4; effect prior SD as given times sdY; CP sdY=1; window sensitivity is not multi-signal conditioning
R003	ENSG00000153064	BANK1	0.0001	0.1	lead_250kb_shared_subset	927	1.5285381149528112e-17	0.4799428859710903	1.3574090476887996e-18	0.04257328994290318	0.47748382408600354	0.9181372799362633	0.9455897519920881	True	one causal variant per trait; shared observed subset; p1=p2=1e-4; effect prior SD as given times sdY; CP sdY=1; window sensitivity is not multi-signal conditioning
R003	ENSG00000153064	BANK1	1e-06	0.15	lead_250kb_shared_subset	927	4.0246291213710774e-17	0.914883395054146	3.3579459663254623e-18	0.07624449905739862	0.008872105888457988	0.1042347247531972	0.9455897519920881	True	one causal variant per trait; shared observed subset; p1=p2=1e-4; effect prior SD as given times sdY; CP sdY=1; window sensitivity is not multi-signal conditioning
R003	ENSG00000153064	BANK1	1e-05	0.15	lead_250kb_shared_subset	927	3.727029701889723e-17	0.8472327472427794	3.1096441377366526e-18	0.07060663331279093	0.08216061944442893	0.5378156506813662	0.9455897519920881	True	one causal variant per trait; shared observed subset; p1=p2=1e-4; effect prior SD as given times sdY; CP sdY=1; window sensitivity is not multi-signal conditioning
R003	ENSG00000153064	BANK1	0.0001	0.15	lead_250kb_shared_subset	927	2.1426538176625682e-17	0.4870705697376274	1.787721434018949e-18	0.04059145875420471	0.4723379715081667	0.9208634631601437	0.9455897519920881	True	one causal variant per trait; shared observed subset; p1=p2=1e-4; effect prior SD as given times sdY; CP sdY=1; window sensitivity is not multi-signal conditioning
R003	ENSG00000153064	BANK1	1e-06	0.2	lead_250kb_shared_subset	927	5.2464147970278996e-17	0.9207198553314013	4.037222441217591e-18	0.07076611731525452	0.008514027353343487	0.107391672769182	0.9455897519920881	True	one causal variant per trait; shared observed subset; p1=p2=1e-4; effect prior SD as given times sdY; CP sdY=1; window sensitivity is not multi-signal conditioning
R003	ENSG00000153064	BANK1	1e-05	0.2	lead_250kb_shared_subset	927	4.873014024729917e-17	0.8551898661194173	3.7498829845007115e-18	0.06572951157965486	0.07908062230092902	0.5460986754293177	0.9455897519920881	True	one causal variant per trait; shared observed subset; p1=p2=1e-4; effect prior SD as given times sdY; CP sdY=1; window sensitivity is not multi-signal conditioning
R003	ENSG00000153064	BANK1	0.0001	0.2	lead_250kb_shared_subset	927	2.846842988568563e-17	0.4996068679264445	2.190703336416127e-18	0.03839956097662733	0.4619935710969295	0.9232612150020822	0.9455897519920881	True	one causal variant per trait; shared observed subset; p1=p2=1e-4; effect prior SD as given times sdY; CP sdY=1; window sensitivity is not multi-signal conditioning
R003	ENSG00000138821	SLC39A8	1e-06	0.1	gene_cis_shared_region	3140	2.3367428435588324e-17	0.7337097222613348	8.23021506699987e-18	0.2583395492927218	0.007950728445946223	0.029857374116185005	0.7708706001271892	True	one causal variant per trait; shared observed subset; p1=p2=1e-4; effect prior SD as given times sdY; CP sdY=1; window sensitivity is not multi-signal conditioning
R003	ENSG00000138821	SLC39A8	1e-05	0.1	gene_cis_shared_region	3140	2.1806994977961367e-17	0.6847139501352462	7.680616595374606e-18	0.2410881141484643	0.07419793571629194	0.23533529551377097	0.7708706001271892	True	one causal variant per trait; shared observed subset; p1=p2=1e-4; effect prior SD as given times sdY; CP sdY=1; window sensitivity is not multi-signal conditioning
R003	ENSG00000138821	SLC39A8	0.0001	0.1	gene_cis_shared_region	3140	1.3075451433585347e-17	0.41055377001461385	4.605289696003718e-18	0.1445561816723829	0.44489004831300416	0.7547593413635598	0.7708706001271892	True	one causal variant per trait; shared observed subset; p1=p2=1e-4; effect prior SD as given times sdY; CP sdY=1; window sensitivity is not multi-signal conditioning
R003	ENSG00000138821	SLC39A8	1e-06	0.15	gene_cis_shared_region	3140	3.188093946032229e-17	0.7247213498944285	1.1752993317151701e-17	0.26708855659507746	0.008190093510496163	0.029752011306925313	0.7708706001271892	True	one causal variant per trait; shared observed subset; p1=p2=1e-4; effect prior SD as given times sdY; CP sdY=1; window sensitivity is not multi-signal conditioning
R003	ENSG00000138821	SLC39A8	1e-05	0.15	gene_cis_shared_region	3140	2.969229537906019e-17	0.6749688294273076	1.0946143842320161e-17	0.2487527798438253	0.07627839072886501	0.23468023265112056	0.7708706001271892	True	one causal variant per trait; shared observed subset; p1=p2=1e-4; effect prior SD as given times sdY; CP sdY=1; window sensitivity is not multi-signal conditioning
R003	ENSG00000138821	SLC39A8	0.0001	0.15	gene_cis_shared_region	3140	1.7605809816518115e-17	0.40021738606828994	6.49042872071278e-18	0.14749597757097377	0.4522866363607382	0.7540842729599914	0.7708706001271892	True	one causal variant per trait; shared observed subset; p1=p2=1e-4; effect prior SD as given times sdY; CP sdY=1; window sensitivity is not multi-signal conditioning
R003	ENSG00000138821	SLC39A8	1e-06	0.2	gene_cis_shared_region	3140	4.131159716978245e-17	0.7249982109631232	1.5202766090122297e-17	0.26671823173335296	0.008283557303522421	0.030121830598024462	0.7708706001271892	True	one causal variant per trait; shared observed subset; p1=p2=1e-4; effect prior SD as given times sdY; CP sdY=1; window sensitivity is not multi-signal conditioning
R003	ENSG00000138821	SLC39A8	1e-05	0.2	gene_cis_shared_region	3140	3.84454140562491e-17	0.6746981070706419	1.4148003882129568e-17	0.24821342087542805	0.07708847205392665	0.23697517207705837	0.7708706001271892	True	one causal variant per trait; shared observed subset; p1=p2=1e-4; effect prior SD as given times sdY; CP sdY=1; window sensitivity is not multi-signal conditioning
R003	ENSG00000138821	SLC39A8	0.0001	0.2	gene_cis_shared_region	3140	2.2697779671332133e-17	0.3983348691874747	8.352836945282707e-18	0.14654266774849153	0.4551224630640359	0.7564381576333152	0.7708706001271892	True	one causal variant per trait; shared observed subset; p1=p2=1e-4; effect prior SD as given times sdY; CP sdY=1; window sensitivity is not multi-signal conditioning
R003	ENSG00000138821	SLC39A8	1e-06	0.1	lead_250kb_shared_subset	1131	2.8463238328107556e-17	0.8937120123888382	3.0799094178488404e-18	0.09660871960463095	0.009679268006530916	0.09106643397879559	0.7669351013800901	True	one causal variant per trait; shared observed subset; p1=p2=1e-4; effect prior SD as given times sdY; CP sdY=1; window sensitivity is not multi-signal conditioning
R003	ENSG00000138821	SLC39A8	1e-05	0.1	lead_250kb_shared_subset	1131	2.6182400117945284e-17	0.8220963907494502	2.833107736216878e-18	0.08886719502583768	0.08903641422471555	0.5004755923715959	0.7669351013800901	True	one causal variant per trait; shared observed subset; p1=p2=1e-4; effect prior SD as given times sdY; CP sdY=1; window sensitivity is not multi-signal conditioning
R003	ENSG00000138821	SLC39A8	0.0001	0.1	lead_250kb_shared_subset	1131	1.453505639792103e-17	0.4563835763811679	1.5727886115022298e-18	0.049334273626820024	0.4942821499920097	0.9092480074490686	0.7669351013800901	True	one causal variant per trait; shared observed subset; p1=p2=1e-4; effect prior SD as given times sdY; CP sdY=1; window sensitivity is not multi-signal conditioning
R003	ENSG00000138821	SLC39A8	1e-06	0.15	lead_250kb_shared_subset	1131	3.951263546383887e-17	0.8982058468130208	4.036107766256772e-18	0.09164780997018575	0.010146343216791493	0.09967510804038535	0.7669351013800901	True	one causal variant per trait; shared observed subset; p1=p2=1e-4; effect prior SD as given times sdY; CP sdY=1; window sensitivity is not multi-signal conditioning
R003	ENSG00000138821	SLC39A8	1e-05	0.15	lead_250kb_shared_subset	1131	3.6206374722689415e-17	0.8230475412753757	3.698382264073154e-18	0.08397908444581366	0.09297337427881064	0.5254144245799772	0.7669351013800901	True	one causal variant per trait; shared observed subset; p1=p2=1e-4; effect prior SD as given times sdY; CP sdY=1; window sensitivity is not multi-signal conditioning
R003	ENSG00000138821	SLC39A8	0.0001	0.15	lead_250kb_shared_subset	1131	1.9712084027637267e-17	0.4480973976716147	2.0135355310800405e-18	0.04572130686485258	0.50618129546353	0.9171569282841534	0.7669351013800901	True	one causal variant per trait; shared observed subset; p1=p2=1e-4; effect prior SD as given times sdY; CP sdY=1; window sensitivity is not multi-signal conditioning
R003	ENSG00000138821	SLC39A8	1e-06	0.2	lead_250kb_shared_subset	1131	5.150539121451535e-17	0.9038941483369072	4.893618977297024e-18	0.08577730790352688	0.010328543759568645	0.10747049821457218	0.7669351013800901	True	one causal variant per trait; shared observed subset; p1=p2=1e-4; effect prior SD as given times sdY; CP sdY=1; window sensitivity is not multi-signal conditioning
R003	ENSG00000138821	SLC39A8	1e-05	0.2	lead_250kb_shared_subset	1131	4.7124814807415545e-17	0.8270171984225004	4.477412608763669e-18	0.07848187644661893	0.09450092513087976	0.5463024316237707	0.7669351013800901	True	one causal variant per trait; shared observed subset; p1=p2=1e-4; effect prior SD as given times sdY; CP sdY=1; window sensitivity is not multi-signal conditioning
R003	ENSG00000138821	SLC39A8	0.0001	0.2	lead_250kb_shared_subset	1131	2.546587558714111e-17	0.446913524637115	2.419558207560959e-18	0.04241098261293278	0.5106754927499553	0.9233194364676767	0.7669351013800901	True	one causal variant per trait; shared observed subset; p1=p2=1e-4; effect prior SD as given times sdY; CP sdY=1; window sensitivity is not multi-signal conditioning
R003	ENSG00000248161	NFKB1-AS1	1e-06	0.1	gene_cis_shared_region	3116	3.318292505766364e-19	0.010419047519494028	3.151315839298688e-17	0.9894749862720889	0.00010596620841636698	0.00010708189981905953	0.9629589426070835	True	one causal variant per trait; shared observed subset; p1=p2=1e-4; effect prior SD as given times sdY; CP sdY=1; window sensitivity is not multi-signal conditioning
R003	ENSG00000248161	NFKB1-AS1	1e-05	0.1	gene_cis_shared_region	3116	3.315130879119376e-19	0.010409120384313323	3.148313305883298e-17	0.9885322271639966	0.001058652451686641	0.001069788003803934	0.9629589426070835	True	one causal variant per trait; shared observed subset; p1=p2=1e-4; effect prior SD as given times sdY; CP sdY=1; window sensitivity is not multi-signal conditioning
R003	ENSG00000248161	NFKB1-AS1	0.0001	0.1	gene_cis_shared_region	3116	3.28384284461375e-19	0.010310879642202977	3.118599687042655e-17	0.9792025109141069	0.01048660944368951	0.010595862102534125	0.9629589426070835	True	one causal variant per trait; shared observed subset; p1=p2=1e-4; effect prior SD as given times sdY; CP sdY=1; window sensitivity is not multi-signal conditioning
R003	ENSG00000248161	NFKB1-AS1	1e-06	0.15	gene_cis_shared_region	3116	5.8810909190587356e-21	0.0001336896660469059	4.398467737298714e-17	0.9998649622706127	1.3480633420041137e-06	1.348243588239173e-06	0.9629589426070835	True	one causal variant per trait; shared observed subset; p1=p2=1e-4; effect prior SD as given times sdY; CP sdY=1; window sensitivity is not multi-signal conditioning
R003	ENSG00000248161	NFKB1-AS1	1e-05	0.15	gene_cis_shared_region	3116	5.8810195671767035e-21	0.00013368804406734257	4.398414373228097e-17	0.9998528314860666	1.3480469867295747e-05	1.3482272285907216e-05	0.9629589426070835	True	one causal variant per trait; shared observed subset; p1=p2=1e-4; effect prior SD as given times sdY; CP sdY=1; window sensitivity is not multi-signal conditioning
R003	ENSG00000248161	NFKB1-AS1	0.0001	0.15	gene_cis_shared_region	3116	5.880306143568693e-21	0.00013367182643608715	4.397880803731204e-17	0.9997315398279841	0.00013478834558087847	0.00013480636539395574	0.9629589426070835	True	one causal variant per trait; shared observed subset; p1=p2=1e-4; effect prior SD as given times sdY; CP sdY=1; window sensitivity is not multi-signal conditioning
R003	ENSG00000248161	NFKB1-AS1	1e-06	0.2	gene_cis_shared_region	3116	6.393440296027243e-22	1.1220173254181886e-05	5.698100842942837e-17	0.9999886703778218	1.0944892097694913e-07	1.0945014902658425e-07	0.9629589426070835	True	one causal variant per trait; shared observed subset; p1=p2=1e-4; effect prior SD as given times sdY; CP sdY=1; window sensitivity is not multi-signal conditioning
R003	ENSG00000248161	NFKB1-AS1	1e-05	0.2	gene_cis_shared_region	3116	6.3934339982372115e-22	1.1220162201870141e-05	5.698095230089502e-17	0.9999876853496698	1.0944881316545903e-06	1.0945004121267408e-06	0.9629589426070835	True	one causal variant per trait; shared observed subset; p1=p2=1e-4; effect prior SD as given times sdY; CP sdY=1; window sensitivity is not multi-signal conditioning
R003	ENSG00000248161	NFKB1-AS1	0.0001	0.2	gene_cis_shared_region	3116	6.3933710210188455e-22	1.1220051679949483e-05	5.698039102163934e-17	0.9999778351748122	1.0944773506223544e-05	1.0944896308525774e-05	0.9629589426070835	True	one causal variant per trait; shared observed subset; p1=p2=1e-4; effect prior SD as given times sdY; CP sdY=1; window sensitivity is not multi-signal conditioning
R003	ENSG00000248161	NFKB1-AS1	1e-06	0.1	lead_250kb_shared_subset	1131	4.0209793610523374e-19	0.012625399524520645	3.144218751426856e-17	0.9872462089157157	0.00012839155976536145	0.000130033281900844	0.9464516919514324	True	one causal variant per trait; shared observed subset; p1=p2=1e-4; effect prior SD as given times sdY; CP sdY=1; window sensitivity is not multi-signal conditioning
R003	ENSG00000248161	NFKB1-AS1	1e-05	0.1	lead_250kb_shared_subset	1131	4.0163383855035805e-19	0.012610827410310327	3.1405897245070546e-17	0.9861067388750185	0.0012824337146693082	0.0012988128189676098	0.9464516919514324	True	one causal variant per trait; shared observed subset; p1=p2=1e-4; effect prior SD as given times sdY; CP sdY=1; window sensitivity is not multi-signal conditioning
R003	ENSG00000248161	NFKB1-AS1	0.0001	0.1	lead_250kb_shared_subset	1131	3.9705111294714644e-19	0.012466935247589416	3.1047549427774115e-17	0.9748550559589253	0.012678008793488411	0.01283806005692269	0.9464516919514324	True	one causal variant per trait; shared observed subset; p1=p2=1e-4; effect prior SD as given times sdY; CP sdY=1; window sensitivity is not multi-signal conditioning
R003	ENSG00000248161	NFKB1-AS1	1e-06	0.15	lead_250kb_shared_subset	1131	6.975275071244987e-21	0.0001585627680506193	4.3983578777271376e-17	0.999839836683194	1.6005487583408677e-06	1.6008025860300066e-06	0.9464516919514324	True	one causal variant per trait; shared observed subset; p1=p2=1e-4; effect prior SD as given times sdY; CP sdY=1; window sensitivity is not multi-signal conditioning
R003	ENSG00000248161	NFKB1-AS1	1e-05	0.15	lead_250kb_shared_subset	1131	6.975174594281643e-21	0.00015856048399654683	4.3982945205636226e-17	0.999825434258975	1.6005257028660217e-05	1.6007795232419985e-05	0.9464516919514324	True	one causal variant per trait; shared observed subset; p1=p2=1e-4; effect prior SD as given times sdY; CP sdY=1; window sensitivity is not multi-signal conditioning
R003	ENSG00000248161	NFKB1-AS1	0.0001	0.15	lead_250kb_shared_subset	1131	6.974169983833276e-21	0.00015853764707443572	4.397661049304856e-17	0.9996814328344625	0.00016002951846442632	0.0001600548931905953	0.9464516919514324	True	one causal variant per trait; shared observed subset; p1=p2=1e-4; effect prior SD as given times sdY; CP sdY=1; window sensitivity is not multi-signal conditioning
R003	ENSG00000248161	NFKB1-AS1	1e-06	0.2	lead_250kb_shared_subset	1131	7.2663929364781315e-22	1.2752160307731434e-05	5.698092873200638e-17	0.9999871230739594	1.2476573599655312e-07	1.2476732704950843e-07	0.9464516919514324	True	one causal variant per trait; shared observed subset; p1=p2=1e-4; effect prior SD as given times sdY; CP sdY=1; window sensitivity is not multi-signal conditioning
R003	ENSG00000248161	NFKB1-AS1	1e-05	0.2	lead_250kb_shared_subset	1131	7.266384777115484e-22	1.2752145988453437e-05	5.698086474867027e-17	0.9999860001980495	1.2476559589830944e-06	1.2476718694769234e-06	0.9464516919514324	True	one causal variant per trait; shared observed subset; p1=p2=1e-4; effect prior SD as given times sdY; CP sdY=1; window sensitivity is not multi-signal conditioning
R003	ENSG00000248161	NFKB1-AS1	0.0001	0.2	lead_250kb_shared_subset	1131	7.266303184497292e-22	1.2752002797442957e-05	5.69802249232159e-17	0.9999747715777089	1.2476419493318887e-05	1.2476578594684033e-05	0.9464516919514324	True	one causal variant per trait; shared observed subset; p1=p2=1e-4; effect prior SD as given times sdY; CP sdY=1; window sensitivity is not multi-signal conditioning
R003	ENSG00000260651	AF213884.2	1e-06	0.1	gene_cis_shared_region	2955	2.4397202294391452e-17	0.7660434081873275	7.215269365947043e-18	0.22647615294590848	0.007480438866763266	0.03197361873331113	0.7888801224537825	True	one causal variant per trait; shared observed subset; p1=p2=1e-4; effect prior SD as given times sdY; CP sdY=1; window sensitivity is not multi-signal conditioning
R003	ENSG00000260651	AF213884.2	1e-05	0.1	gene_cis_shared_region	2955	2.285829180441729e-17	0.7177234318879941	6.760149406647542e-18	0.21219064089039003	0.07008592722161709	0.2482881511929359	0.7888801224537825	True	one causal variant per trait; shared observed subset; p1=p2=1e-4; effect prior SD as given times sdY; CP sdY=1; window sensitivity is not multi-signal conditioning
R003	ENSG00000260651	AF213884.2	0.0001	0.1	gene_cis_shared_region	2955	1.4016841687152777e-17	0.44011231486641056	4.1453641779202026e-18	0.13011657416506167	0.42977111096852844	0.7676023645099184	0.7888801224537825	True	one causal variant per trait; shared observed subset; p1=p2=1e-4; effect prior SD as given times sdY; CP sdY=1; window sensitivity is not multi-signal conditioning
R003	ENSG00000260651	AF213884.2	1e-06	0.15	gene_cis_shared_region	2955	3.387094478539827e-17	0.7699583902671271	9.805492956369371e-18	0.22282750406084276	0.007214105672027856	0.03136000343766084	0.7888801224537825	True	one causal variant per trait; shared observed subset; p1=p2=1e-4; effect prior SD as given times sdY; CP sdY=1; window sensitivity is not multi-signal conditioning
R003	ENSG00000260651	AF213884.2	1e-05	0.15	gene_cis_shared_region	2955	3.1805885607513074e-17	0.7230152166862032	9.207667198879179e-18	0.20924205537431942	0.06774272793947714	0.2445720199103186	0.7888801224537825	True	one causal variant per trait; shared observed subset; p1=p2=1e-4; effect prior SD as given times sdY; CP sdY=1; window sensitivity is not multi-signal conditioning
R003	ENSG00000260651	AF213884.2	0.0001	0.15	gene_cis_shared_region	2955	1.9759079863665064e-17	0.44916577973773425	5.720168706691406e-18	0.12998947848828282	0.4208447417739834	0.7640134296188216	0.7888801224537825	True	one causal variant per trait; shared observed subset; p1=p2=1e-4; effect prior SD as given times sdY; CP sdY=1; window sensitivity is not multi-signal conditioning
R003	ENSG00000260651	AF213884.2	1e-06	0.2	gene_cis_shared_region	2955	4.4291805915737456e-17	0.7772994086203865	1.23037047067165e-17	0.21585551518710022	0.006845076192515485	0.030736677213610803	0.7888801224537825	True	one causal variant per trait; shared observed subset; p1=p2=1e-4; effect prior SD as given times sdY; CP sdY=1; window sensitivity is not multi-signal conditioning
R003	ENSG00000260651	AF213884.2	1e-05	0.2	gene_cis_shared_region	2955	4.172152288838824e-17	0.7321922057001351	1.1589712519508039e-17	0.20332927572645107	0.06447851857341468	0.24076415976608118	0.7888801224537825	True	one causal variant per trait; shared observed subset; p1=p2=1e-4; effect prior SD as given times sdY; CP sdY=1; window sensitivity is not multi-signal conditioning
R003	ENSG00000260651	AF213884.2	0.0001	0.2	gene_cis_shared_region	2955	2.6400902910412555e-17	0.4633228606290898	7.333837640722442e-18	0.12866444213119937	0.40801269723971073	0.7602572707270164	0.7888801224537825	True	one causal variant per trait; shared observed subset; p1=p2=1e-4; effect prior SD as given times sdY; CP sdY=1; window sensitivity is not multi-signal conditioning
R003	ENSG00000260651	AF213884.2	1e-06	0.1	lead_250kb_shared_subset	1131	2.8184423786305747e-17	0.8849575656050758	3.391277875737579e-18	0.10639564563573987	0.008646788759185604	0.0751617331870979	0.7809265093199347	True	one causal variant per trait; shared observed subset; p1=p2=1e-4; effect prior SD as given times sdY; CP sdY=1; window sensitivity is not multi-signal conditioning
R003	ENSG00000260651	AF213884.2	1e-05	0.1	lead_250kb_shared_subset	1131	2.6149445225029175e-17	0.8210616460964839	3.146420012941368e-18	0.09871364157833888	0.08022471232517556	0.4483371539699847	0.7809265093199347	True	one causal variant per trait; shared observed subset; p1=p2=1e-4; effect prior SD as given times sdY; CP sdY=1; window sensitivity is not multi-signal conditioning
R003	ENSG00000260651	AF213884.2	0.0001	0.1	lead_250kb_shared_subset	1131	1.518531063190914e-17	0.47680079009813275	1.8271655426646604e-18	0.05732424906434492	0.46587496083752467	0.8904351383193094	0.7809265093199347	True	one causal variant per trait; shared observed subset; p1=p2=1e-4; effect prior SD as given times sdY; CP sdY=1; window sensitivity is not multi-signal conditioning
R003	ENSG00000260651	AF213884.2	1e-06	0.15	lead_250kb_shared_subset	1131	3.8793673323523e-17	0.8818623154214	4.836539445321499e-18	0.1098620232561235	0.008275661322479432	0.07005098628772616	0.7809265093199347	True	one causal variant per trait; shared observed subset; p1=p2=1e-4; effect prior SD as given times sdY; CP sdY=1; window sensitivity is not multi-signal conditioning
R003	ENSG00000260651	AF213884.2	1e-05	0.15	lead_250kb_shared_subset	1131	3.6104570541563027e-17	0.8207333167331679	4.501279838194095e-18	0.10224659921762043	0.07702008404921232	0.42963970016988806	0.7809265093199347	True	one causal variant per trait; shared observed subset; p1=p2=1e-4; effect prior SD as given times sdY; CP sdY=1; window sensitivity is not multi-signal conditioning
R003	ENSG00000260651	AF213884.2	0.0001	0.15	lead_250kb_shared_subset	1131	2.1323518120659862e-17	0.4847287057864926	2.6584756654395976e-18	0.06038729109609258	0.4548840031174159	0.8828048607127134	0.7809265093199347	True	one causal variant per trait; shared observed subset; p1=p2=1e-4; effect prior SD as given times sdY; CP sdY=1; window sensitivity is not multi-signal conditioning
R003	ENSG00000260651	AF213884.2	1e-06	0.2	lead_250kb_shared_subset	1131	5.023102589640384e-17	0.8815296671297465	6.311478269603209e-18	0.11068547425689694	0.007784858613353943	0.06571146062263493	0.7809265093199347	True	one causal variant per trait; shared observed subset; p1=p2=1e-4; effect prior SD as given times sdY; CP sdY=1; window sensitivity is not multi-signal conditioning
R003	ENSG00000260651	AF213884.2	1e-05	0.2	lead_250kb_shared_subset	1131	4.6942088218251745e-17	0.8238104371340982	5.898226532946516e-18	0.10343820784712002	0.07275135501877922	0.41291523649531653	0.7809265093199347	True	one causal variant per trait; shared observed subset; p1=p2=1e-4; effect prior SD as given times sdY; CP sdY=1; window sensitivity is not multi-signal conditioning
R003	ENSG00000260651	AF213884.2	0.0001	0.2	lead_250kb_shared_subset	1131	2.8367875671378414e-17	0.49784219118563855	3.564395264870123e-18	0.06250940959921747	0.4396483992151451	0.875518395807072	0.7809265093199347	True	one causal variant per trait; shared observed subset; p1=p2=1e-4; effect prior SD as given times sdY; CP sdY=1; window sensitivity is not multi-signal conditioning
R003	ENSG00000109320	NFKB1	1e-06	0.1	gene_cis_shared_region	2955	2.481153227402618e-17	0.779052881400022	6.772719747517673e-18	0.21257166618690598	0.008375452413069601	0.03790704520674625	0.7047419931382816	True	one causal variant per trait; shared observed subset; p1=p2=1e-4; effect prior SD as given times sdY; CP sdY=1; window sensitivity is not multi-signal conditioning
R003	ENSG00000109320	NFKB1	1e-05	0.1	gene_cis_shared_region	2955	2.3072359251325742e-17	0.7244448975147889	6.297983590753829e-18	0.1976713809832482	0.07788372150196393	0.2826430024323125	0.7047419931382816	True	one causal variant per trait; shared observed subset; p1=p2=1e-4; effect prior SD as given times sdY; CP sdY=1; window sensitivity is not multi-signal conditioning
R003	ENSG00000109320	NFKB1	0.0001	0.1	gene_cis_shared_region	2955	1.3564368067236581e-17	0.42590517628826535	3.702619510030926e-18	0.11621210205721207	0.45788272165452176	0.797573332388092	0.7047419931382816	True	one causal variant per trait; shared observed subset; p1=p2=1e-4; effect prior SD as given times sdY; CP sdY=1; window sensitivity is not multi-signal conditioning
R003	ENSG00000109320	NFKB1	1e-06	0.15	gene_cis_shared_region	2955	3.470781200807781e-17	0.7889821566168463	8.90021601107492e-18	0.20223293160848643	0.008784911774664143	0.04163113239060619	0.7047419931382816	True	one causal variant per trait; shared observed subset; p1=p2=1e-4; effect prior SD as given times sdY; CP sdY=1; window sensitivity is not multi-signal conditioning
R003	ENSG00000109320	NFKB1	1e-05	0.15	gene_cis_shared_region	2955	3.216473293803179e-17	0.7311725773594417	8.248087520480774e-18	0.18741510513391943	0.08141231750664059	0.302842309415339	0.7047419931382816	True	one causal variant per trait; shared observed subset; p1=p2=1e-4; effect prior SD as given times sdY; CP sdY=1; window sensitivity is not multi-signal conditioning
R003	ENSG00000109320	NFKB1	0.0001	0.15	gene_cis_shared_region	2955	1.8563243138748685e-17	0.42198187549258726	4.76022152484048e-18	0.10816294266076318	0.46985518184664893	0.8128727490112186	0.7047419931382816	True	one causal variant per trait; shared observed subset; p1=p2=1e-4; effect prior SD as given times sdY; CP sdY=1; window sensitivity is not multi-signal conditioning
R003	ENSG00000109320	NFKB1	1e-06	0.2	gene_cis_shared_region	2955	4.5474226535084285e-17	0.7980503089089718	1.1003903117767467e-17	0.19302382875512472	0.008925862335905033	0.044198445106220334	0.7047419931382816	True	one causal variant per trait; shared observed subset; p1=p2=1e-4; effect prior SD as given times sdY; CP sdY=1; window sensitivity is not multi-signal conditioning
R003	ENSG00000109320	NFKB1	1e-05	0.2	gene_cis_shared_region	2955	4.2092796012237094e-17	0.7387078664106824	1.0185660858184124e-17	0.17867071676352575	0.08262141682578997	0.31620323080850826	0.7047419931382816	True	one causal variant per trait; shared observed subset; p1=p2=1e-4; effect prior SD as given times sdY; CP sdY=1; window sensitivity is not multi-signal conditioning
R003	ENSG00000109320	NFKB1	0.0001	0.2	gene_cis_shared_region	2955	2.414141489041173e-17	0.42366995722134104	5.8417660028800145e-18	0.1024727343106775	0.4738573084679824	0.8221978264110166	0.7047419931382816	True	one causal variant per trait; shared observed subset; p1=p2=1e-4; effect prior SD as given times sdY; CP sdY=1; window sensitivity is not multi-signal conditioning
R003	ENSG00000109320	NFKB1	1e-06	0.1	lead_250kb_shared_subset	1131	2.859005028260844e-17	0.8976937577456212	2.954265400691682e-18	0.092664016521544	0.009642225732834304	0.09424865502204148	0.6979742374923498	True	one causal variant per trait; shared observed subset; p1=p2=1e-4; effect prior SD as given times sdY; CP sdY=1; window sensitivity is not multi-signal conditioning
R003	ENSG00000109320	NFKB1	1e-05	0.1	lead_250kb_shared_subset	1131	2.6307117771234015e-17	0.8260123775256637	2.718365552184934e-18	0.0852647397150861	0.08872288275925053	0.5099378995901691	0.6979742374923498	True	one causal variant per trait; shared observed subset; p1=p2=1e-4; effect prior SD as given times sdY; CP sdY=1; window sensitivity is not multi-signal conditioning
R003	ENSG00000109320	NFKB1	0.0001	0.1	lead_250kb_shared_subset	1131	1.4627206458121007e-17	0.45927697926083066	1.5114576407124199e-18	0.04740865047459781	0.49331437026457364	0.9123235951563706	0.6979742374923498	True	one causal variant per trait; shared observed subset; p1=p2=1e-4; effect prior SD as given times sdY; CP sdY=1; window sensitivity is not multi-signal conditioning
R003	ENSG00000109320	NFKB1	1e-06	0.15	lead_250kb_shared_subset	1131	3.978038207053222e-17	0.9042922939652591	3.772002188484378e-18	0.08564496715625185	0.010062738878489885	0.10514032041304103	0.6979742374923498	True	one causal variant per trait; shared observed subset; p1=p2=1e-4; effect prior SD as given times sdY; CP sdY=1; window sensitivity is not multi-signal conditioning
R003	ENSG00000109320	NFKB1	1e-05	0.15	lead_250kb_shared_subset	1131	3.6476867349355227e-17	0.8291964112745281	3.4587607335411764e-18	0.07853268227940595	0.09227090644606355	0.5402164388616532	0.6979742374923498	True	one causal variant per trait; shared observed subset; p1=p2=1e-4; effect prior SD as given times sdY; CP sdY=1; window sensitivity is not multi-signal conditioning
R003	ENSG00000109320	NFKB1	0.0001	0.15	lead_250kb_shared_subset	1131	1.992794303901568e-17	0.45300432994356626	1.8895807642541705e-18	0.04290376155870142	0.5040919084977318	0.9215647144806921	0.6979742374923498	True	one causal variant per trait; shared observed subset; p1=p2=1e-4; effect prior SD as given times sdY; CP sdY=1; window sensitivity is not multi-signal conditioning
R003	ENSG00000109320	NFKB1	1e-06	0.2	lead_250kb_shared_subset	1131	5.1925380868243356e-17	0.9112647590907539	4.481095701202906e-18	0.07853905193314625	0.010196188976096966	0.11490574513146859	0.6979742374923498	True	one causal variant per trait; shared observed subset; p1=p2=1e-4; effect prior SD as given times sdY; CP sdY=1; window sensitivity is not multi-signal conditioning
R003	ENSG00000109320	NFKB1	1e-05	0.2	lead_250kb_shared_subset	1131	4.7560919738469644e-17	0.8346706243250218	4.104448141191319e-18	0.07193764365072508	0.09339173202425105	0.5648828687761542	0.6979742374923498	True	one causal variant per trait; shared observed subset; p1=p2=1e-4; effect prior SD as given times sdY; CP sdY=1; window sensitivity is not multi-signal conditioning
R003	ENSG00000109320	NFKB1	0.0001	0.2	lead_250kb_shared_subset	1131	2.5840944588285485e-17	0.4534958001496913	2.230041335727731e-18	0.03908538088859988	0.5074188189617089	0.9284810969443498	0.6979742374923498	True	one causal variant per trait; shared observed subset; p1=p2=1e-4; effect prior SD as given times sdY; CP sdY=1; window sensitivity is not multi-signal conditioning
R003	ENSG00000109323	MANBA	1e-06	0.1	gene_cis_shared_region	2284	2.5572372523294203e-17	0.8029423688339709	5.801636760609375e-18	0.1820141239429564	0.015043507223072954	0.07634064783006635	0.8562275160936708	True	one causal variant per trait; shared observed subset; p1=p2=1e-4; effect prior SD as given times sdY; CP sdY=1; window sensitivity is not multi-signal conditioning
R003	ENSG00000109323	MANBA	1e-05	0.1	gene_cis_shared_region	2284	2.2522954469123467e-17	0.7071942346414727	5.109811398475794e-18	0.16030956152270656	0.13249620383582397	0.45250544733498316	0.8562275160936708	True	one causal variant per trait; shared observed subset; p1=p2=1e-4; effect prior SD as given times sdY; CP sdY=1; window sensitivity is not multi-signal conditioning
R003	ENSG00000109323	MANBA	0.0001	0.1	gene_cis_shared_region	2284	1.0272887319144714e-17	0.3225565586957103	2.3306230446181042e-18	0.07311838524390323	0.6043250560603858	0.8920671737508779	0.8562275160936708	True	one causal variant per trait; shared observed subset; p1=p2=1e-4; effect prior SD as given times sdY; CP sdY=1; window sensitivity is not multi-signal conditioning
R003	ENSG00000109323	MANBA	1e-06	0.15	gene_cis_shared_region	2284	3.5064093289770807e-17	0.7970811855595793	7.88453311299585e-18	0.17899289575161917	0.0239259186887989	0.1179088235597007	0.8562275160936708	True	one causal variant per trait; shared observed subset; p1=p2=1e-4; effect prior SD as given times sdY; CP sdY=1; window sensitivity is not multi-signal conditioning
R003	ENSG00000109323	MANBA	1e-05	0.15	gene_cis_shared_region	2284	2.8851422245461037e-17	0.6558540002288028	6.487548164199216e-18	0.14727885793568482	0.1968671418355147	0.5720454166731531	0.8562275160936708	True	one causal variant per trait; shared observed subset; p1=p2=1e-4; effect prior SD as given times sdY; CP sdY=1; window sensitivity is not multi-signal conditioning
R003	ENSG00000109323	MANBA	0.0001	0.15	gene_cis_shared_region	2284	1.0408895927416553e-17	0.23661627402217347	2.340550600616426e-18	0.053134652826429964	0.7102490731513988	0.9303958795317925	0.8562275160936708	True	one causal variant per trait; shared observed subset; p1=p2=1e-4; effect prior SD as given times sdY; CP sdY=1; window sensitivity is not multi-signal conditioning
R003	ENSG00000109323	MANBA	1e-06	0.2	gene_cis_shared_region	2284	4.4892417497940854e-17	0.7878398464735058	1.013755440929539e-17	0.17756312336216734	0.03459703016432761	0.1630703484573368	0.8562275160936708	True	one causal variant per trait; shared observed subset; p1=p2=1e-4; effect prior SD as given times sdY; CP sdY=1; window sensitivity is not multi-signal conditioning
R003	ENSG00000109323	MANBA	1e-05	0.2	gene_cis_shared_region	2284	3.423313443571397e-17	0.6007746715662364	7.73048729128237e-18	0.13540242677198552	0.2638229016617785	0.6608370834005081	0.8562275160936708	True	one causal variant per trait; shared observed subset; p1=p2=1e-4; effect prior SD as given times sdY; CP sdY=1; window sensitivity is not multi-signal conditioning
R003	ENSG00000109323	MANBA	0.0001	0.2	gene_cis_shared_region	2284	1.0144936107122972e-17	0.17803863882995152	2.2909178764877572e-18	0.040126298423848704	0.7818350627461969	0.9511822570750409	0.8562275160936708	True	one causal variant per trait; shared observed subset; p1=p2=1e-4; effect prior SD as given times sdY; CP sdY=1; window sensitivity is not multi-signal conditioning
R003	ENSG00000109323	MANBA	1e-06	0.1	lead_250kb_shared_subset	1131	2.81421540861778e-17	0.8836303470247812	3.1893961895155096e-18	0.09997936451098714	0.016390288464229016	0.14084675897177196	0.847415463073313	True	one causal variant per trait; shared observed subset; p1=p2=1e-4; effect prior SD as given times sdY; CP sdY=1; window sensitivity is not multi-signal conditioning
R003	ENSG00000109323	MANBA	1e-05	0.1	lead_250kb_shared_subset	1131	2.4524483809510162e-17	0.7700397799273202	2.7793997208729637e-18	0.08712703010318269	0.14283318996949546	0.6211212962152911	0.847415463073313	True	one causal variant per trait; shared observed subset; p1=p2=1e-4; effect prior SD as given times sdY; CP sdY=1; window sensitivity is not multi-signal conditioning
R003	ENSG00000109323	MANBA	0.0001	0.1	lead_250kb_shared_subset	1131	1.0730473705870545e-17	0.3369241805521814	1.2161020739350256e-18	0.03812167109630458	0.6249541483515135	0.9425078249301102	0.847415463073313	True	one causal variant per trait; shared observed subset; p1=p2=1e-4; effect prior SD as given times sdY; CP sdY=1; window sensitivity is not multi-signal conditioning
R003	ENSG00000109323	MANBA	1e-06	0.15	lead_250kb_shared_subset	1131	3.8621276620182265e-17	0.877943373414769	4.237047302361861e-18	0.09605705874045259	0.025999567844775716	0.21301234166603017	0.847415463073313	True	one causal variant per trait; shared observed subset; p1=p2=1e-4; effect prior SD as given times sdY; CP sdY=1; window sensitivity is not multi-signal conditioning
R003	ENSG00000109323	MANBA	1e-05	0.15	lead_250kb_shared_subset	1131	3.12977296187024e-17	0.7114636471469711	3.433598587512152e-18	0.07784227025927636	0.21069408259375588	0.7302167664851374	0.847415463073313	True	one causal variant per trait; shared observed subset; p1=p2=1e-4; effect prior SD as given times sdY; CP sdY=1; window sensitivity is not multi-signal conditioning
R003	ENSG00000109323	MANBA	0.0001	0.15	lead_250kb_shared_subset	1131	1.0806306365516415e-17	0.24565021912655255	1.1855338621970972e-18	0.026876947013639095	0.7274728338598105	0.9643707101200206	0.847415463073313	True	one causal variant per trait; shared observed subset; p1=p2=1e-4; effect prior SD as given times sdY; CP sdY=1; window sensitivity is not multi-signal conditioning
R003	ENSG00000109323	MANBA	1e-06	0.2	lead_250kb_shared_subset	1131	4.967227182462409e-17	0.8717238094528746	5.1785857580171456e-18	0.09050389649690745	0.03777229405021662	0.29446067808149035	0.847415463073313	True	one causal variant per trait; shared observed subset; p1=p2=1e-4; effect prior SD as given times sdY; CP sdY=1; window sensitivity is not multi-signal conditioning
R003	ENSG00000109323	MANBA	1e-05	0.2	lead_250kb_shared_subset	1131	3.707022490429126e-17	0.6505641172390279	3.864758580272728e-18	0.0675427089322675	0.28189317382870605	0.8067092927074433	0.847415463073313	True	one causal variant per trait; shared observed subset; p1=p2=1e-4; effect prior SD as given times sdY; CP sdY=1; window sensitivity is not multi-signal conditioning
R003	ENSG00000109323	MANBA	0.0001	0.2	lead_250kb_shared_subset	1131	1.0480582619818838e-17	0.18392904272409344	1.0926537864493295e-18	0.019095836163892824	0.7969751211120162	0.9766002747755712	0.847415463073313	True	one causal variant per trait; shared observed subset; p1=p2=1e-4; effect prior SD as given times sdY; CP sdY=1; window sensitivity is not multi-signal conditioning
R003	ENSG00000109332	UBE2D3	1e-06	0.1	gene_cis_shared_region	2050	2.4744769692195328e-17	0.7769566041799245	6.863835589467032e-18	0.21544031701304364	0.00760307880703342	0.03408789029183636	0.6919925034315895	True	one causal variant per trait; shared observed subset; p1=p2=1e-4; effect prior SD as given times sdY; CP sdY=1; window sensitivity is not multi-signal conditioning
R003	ENSG00000109332	UBE2D3	1e-05	0.1	gene_cis_shared_region	2050	2.315998497386143e-17	0.7271962318495525	6.424239590528533e-18	0.20164239016376	0.071161377986685	0.2608518880407881	0.6919925034315895	True	one causal variant per trait; shared observed subset; p1=p2=1e-4; effect prior SD as given times sdY; CP sdY=1; window sensitivity is not multi-signal conditioning
R003	ENSG00000109332	UBE2D3	0.0001	0.1	gene_cis_shared_region	2050	1.4118047525985576e-17	0.44329005280256345	3.916138976763683e-18	0.12291876919601681	0.4337911780014173	0.7792050064583732	0.6919925034315895	True	one causal variant per trait; shared observed subset; p1=p2=1e-4; effect prior SD as given times sdY; CP sdY=1; window sensitivity is not multi-signal conditioning
R003	ENSG00000109332	UBE2D3	1e-06	0.15	gene_cis_shared_region	2050	3.2601565395271974e-17	0.7411026951747055	1.1085384084437842e-17	0.25192455320056373	0.006972751624731939	0.02693249985525019	0.6919925034315895	True	one causal variant per trait; shared observed subset; p1=p2=1e-4; effect prior SD as given times sdY; CP sdY=1; window sensitivity is not multi-signal conditioning
R003	ENSG00000109332	UBE2D3	1e-05	0.15	gene_cis_shared_region	2050	3.067647069721635e-17	0.6973412115803483	1.0430801586078536e-17	0.2370486226801609	0.06561016573948844	0.2167793179972595	0.6919925034315895	True	one causal variant per trait; shared observed subset; p1=p2=1e-4; effect prior SD as given times sdY; CP sdY=1; window sensitivity is not multi-signal conditioning
R003	ENSG00000109332	UBE2D3	0.0001	0.15	gene_cis_shared_region	2050	1.9287415781953034e-17	0.43844384911141476	6.5582253289654896e-18	0.14904111334379946	0.41251503754478486	0.7345926794534033	0.6919925034315895	True	one causal variant per trait; shared observed subset; p1=p2=1e-4; effect prior SD as given times sdY; CP sdY=1; window sensitivity is not multi-signal conditioning
R003	ENSG00000109332	UBE2D3	1e-06	0.2	gene_cis_shared_region	2050	4.1166847352914326e-17	0.722457913048847	1.5453664543669663e-17	0.2711401890936291	0.0064018978575269446	0.02306640383032646	0.6919925034315895	True	one causal variant per trait; shared observed subset; p1=p2=1e-4; effect prior SD as given times sdY; CP sdY=1; window sensitivity is not multi-signal conditioning
R003	ENSG00000109332	UBE2D3	1e-05	0.2	gene_cis_shared_region	2050	3.8924151380929535e-17	0.6830997023597186	1.4611776630141142e-17	0.2563689581390093	0.06053133950127124	0.19101067418365603	0.6919925034315895	True	one causal variant per trait; shared observed subset; p1=p2=1e-4; effect prior SD as given times sdY; CP sdY=1; window sensitivity is not multi-signal conditioning
R003	ENSG00000109332	UBE2D3	0.0001	0.2	gene_cis_shared_region	2050	2.5197179914187132e-17	0.4421981080907633	9.458794901202778e-18	0.1659580115035269	0.3918438804057127	0.7024785790247373	0.6919925034315895	True	one causal variant per trait; shared observed subset; p1=p2=1e-4; effect prior SD as given times sdY; CP sdY=1; window sensitivity is not multi-signal conditioning
R003	ENSG00000109332	UBE2D3	1e-06	0.1	lead_250kb_shared_subset	1131	2.8585720384181726e-17	0.8975578040571557	2.9856571772744797e-18	0.09365826410975983	0.008783931833081508	0.08574525128280724	0.6910255043824215	True	one causal variant per trait; shared observed subset; p1=p2=1e-4; effect prior SD as given times sdY; CP sdY=1; window sensitivity is not multi-signal conditioning
R003	ENSG00000109332	UBE2D3	1e-05	0.1	lead_250kb_shared_subset	1131	2.6491430135909842e-17	0.8317995677407671	2.7669174489411337e-18	0.08679653081918713	0.08140390144004893	0.4839696328163209	0.6910255043824215	True	one causal variant per trait; shared observed subset; p1=p2=1e-4; effect prior SD as given times sdY; CP sdY=1; window sensitivity is not multi-signal conditioning
R003	ENSG00000109332	UBE2D3	0.0001	0.1	lead_250kb_shared_subset	1131	1.5289676365063175e-17	0.48007775065779695	1.5969418074492784e-18	0.050095100907243804	0.4698271484349621	0.903648861016002	0.6910255043824215	True	one causal variant per trait; shared observed subset; p1=p2=1e-4; effect prior SD as given times sdY; CP sdY=1; window sensitivity is not multi-signal conditioning
R003	ENSG00000109332	UBE2D3	1e-06	0.15	lead_250kb_shared_subset	1131	3.981301868239513e-17	0.9050341932400433	3.806687076708524e-18	0.08644888627255201	0.008516920487403531	0.08968407448937592	0.6910255043824215	True	one causal variant per trait; shared observed subset; p1=p2=1e-4; effect prior SD as given times sdY; CP sdY=1; window sensitivity is not multi-signal conditioning
R003	ENSG00000109332	UBE2D3	1e-05	0.15	lead_250kb_shared_subset	1131	3.697852989284908e-17	0.8406002628375464	3.5356699018915e-18	0.08029415580704617	0.07910558135541072	0.4962717176552679	0.6910255043824215	True	one causal variant per trait; shared observed subset; p1=p2=1e-4; effect prior SD as given times sdY; CP sdY=1; window sensitivity is not multi-signal conditioning
R003	ENSG00000109332	UBE2D3	0.0001	0.15	lead_250kb_shared_subset	1131	2.160023650065846e-17	0.4910191003379478	2.065287784301155e-18	0.046902155387965	0.4620787442740894	0.9078508536978374	0.6910255043824215	True	one causal variant per trait; shared observed subset; p1=p2=1e-4; effect prior SD as given times sdY; CP sdY=1; window sensitivity is not multi-signal conditioning
R003	ENSG00000109332	UBE2D3	1e-06	0.2	lead_250kb_shared_subset	1131	5.2023511400287255e-17	0.9129869014062688	4.501592426633619e-18	0.07891978811456543	0.008093310479169167	0.09301255339678166	0.6910255043824215	True	one causal variant per trait; shared observed subset; p1=p2=1e-4; effect prior SD as given times sdY; CP sdY=1; window sensitivity is not multi-signal conditioning
R003	ENSG00000109332	UBE2D3	1e-05	0.2	lead_250kb_shared_subset	1131	4.8491407268895783e-17	0.8510002203929304	4.195959592940172e-18	0.07356157791027583	0.07543820169679016	0.5062974045715478	0.6910255043824215	True	one causal variant per trait; shared observed subset; p1=p2=1e-4; effect prior SD as given times sdY; CP sdY=1; window sensitivity is not multi-signal conditioning
R003	ENSG00000109332	UBE2D3	0.0001	0.2	lead_250kb_shared_subset	1131	2.888209053086482e-17	0.5068664077097267	2.4991661750531077e-18	0.04381419868919042	0.44931939360108375	0.911151462049659	0.6910255043824215	True	one causal variant per trait; shared observed subset; p1=p2=1e-4; effect prior SD as given times sdY; CP sdY=1; window sensitivity is not multi-signal conditioning
R003	ENSG00000246560	UBE2D3-AS1	1e-06	0.1	gene_cis_shared_region	2135	2.3884628474238686e-17	0.7499491836974636	7.731420692488295e-18	0.2426838276143681	0.007366988688170486	0.02946196615993888	0.8848990786236277	True	one causal variant per trait; shared observed subset; p1=p2=1e-4; effect prior SD as given times sdY; CP sdY=1; window sensitivity is not multi-signal conditioning
R003	ENSG00000246560	UBE2D3-AS1	1e-05	0.1	gene_cis_shared_region	2135	2.2399478154567988e-17	0.7033172140561368	7.250679619821321e-18	0.22759370533973744	0.06908908060412429	0.2328718883514776	0.8848990786236277	True	one causal variant per trait; shared observed subset; p1=p2=1e-4; effect prior SD as given times sdY; CP sdY=1; window sensitivity is not multi-signal conditioning
R003	ENSG00000246560	UBE2D3-AS1	0.0001	0.1	gene_cis_shared_region	2135	1.381147757043529e-17	0.4336641175212556	4.470755892103322e-18	0.14033386558298006	0.4260020168957667	0.7522073562269005	0.8848990786236277	True	one causal variant per trait; shared observed subset; p1=p2=1e-4; effect prior SD as given times sdY; CP sdY=1; window sensitivity is not multi-signal conditioning
R003	ENSG00000246560	UBE2D3-AS1	1e-06	0.15	gene_cis_shared_region	2135	3.092695297383847e-17	0.7030352047382681	1.2773573736009646e-17	0.2903038004290362	0.006660994832695951	0.02243025078721952	0.8848990786236277	True	one causal variant per trait; shared observed subset; p1=p2=1e-4; effect prior SD as given times sdY; CP sdY=1; window sensitivity is not multi-signal conditioning
R003	ENSG00000246560	UBE2D3-AS1	1e-05	0.15	gene_cis_shared_region	2135	2.917777584654772e-17	0.6632727004641291	1.205112160722443e-17	0.2738846993263315	0.06284260020953907	0.18662757755655218	0.8848990786236277	True	one causal variant per trait; shared observed subset; p1=p2=1e-4; effect prior SD as given times sdY; CP sdY=1; window sensitivity is not multi-signal conditioning
R003	ENSG00000246560	UBE2D3-AS1	0.0001	0.15	gene_cis_shared_region	2135	1.8636998713323777e-17	0.4236584902887774	7.697527702904883e-18	0.1749409830203989	0.4014005266908239	0.6964629823243974	0.8848990786236277	True	one causal variant per trait; shared observed subset; p1=p2=1e-4; effect prior SD as given times sdY; CP sdY=1; window sensitivity is not multi-signal conditioning
R003	ENSG00000246560	UBE2D3-AS1	1e-06	0.2	gene_cis_shared_region	2135	3.860001603014221e-17	0.6774112864587475	1.8039672977438425e-17	0.31652676402820845	0.006061949513042521	0.018791573476011743	0.8848990786236277	True	one causal variant per trait; shared observed subset; p1=p2=1e-4; effect prior SD as given times sdY; CP sdY=1; window sensitivity is not multi-signal conditioning
R003	ENSG00000246560	UBE2D3-AS1	1e-05	0.2	gene_cis_shared_region	2135	3.660304379837713e-17	0.6423654064910808	1.7106390307868125e-17	0.30015124859108544	0.05748334491783068	0.16073205993255674	0.8848990786236277	True	one causal variant per trait; shared observed subset; p1=p2=1e-4; effect prior SD as given times sdY; CP sdY=1; window sensitivity is not multi-signal conditioning
R003	ENSG00000246560	UBE2D3-AS1	0.0001	0.2	gene_cis_shared_region	2135	2.4123004767061755e-17	0.42334686285480283	1.127385845879347e-17	0.19781278410849856	0.378840353036698	0.6569640025062572	0.8848990786236277	True	one causal variant per trait; shared observed subset; p1=p2=1e-4; effect prior SD as given times sdY; CP sdY=1; window sensitivity is not multi-signal conditioning
R003	ENSG00000246560	UBE2D3-AS1	1e-06	0.1	lead_250kb_shared_subset	1131	2.7803696670621895e-17	0.8730031845607794	3.774191456362085e-18	0.11841937255136724	0.008577442887851078	0.06754061397670488	0.8814370203079009	True	one causal variant per trait; shared observed subset; p1=p2=1e-4; effect prior SD as given times sdY; CP sdY=1; window sensitivity is not multi-signal conditioning
R003	ENSG00000246560	UBE2D3-AS1	1e-05	0.1	lead_250kb_shared_subset	1131	2.5811153421536752e-17	0.8104396836553618	3.5037152029265065e-18	0.10993288515606192	0.079627431188574	0.4200638230831231	0.8814370203079009	True	one causal variant per trait; shared observed subset; p1=p2=1e-4; effect prior SD as given times sdY; CP sdY=1; window sensitivity is not multi-signal conditioning
R003	ENSG00000246560	UBE2D3-AS1	0.0001	0.1	lead_250kb_shared_subset	1131	1.503579665204891e-17	0.47210622800084684	2.0410226717701904e-18	0.0640393119820982	0.46385446001705205	0.8786890177931456	0.8814370203079009	True	one causal variant per trait; shared observed subset; p1=p2=1e-4; effect prior SD as given times sdY; CP sdY=1; window sensitivity is not multi-signal conditioning
R003	ENSG00000246560	UBE2D3-AS1	1e-06	0.15	lead_250kb_shared_subset	1131	3.79736699836975e-17	0.8632219036748456	5.660567693977721e-18	0.12859485388943726	0.008183242435718403	0.05982860308469854	0.8814370203079009	True	one causal variant per trait; shared observed subset; p1=p2=1e-4; effect prior SD as given times sdY; CP sdY=1; window sensitivity is not multi-signal conditioning
R003	ENSG00000246560	UBE2D3-AS1	1e-05	0.15	lead_250kb_shared_subset	1131	3.5368787703761396e-17	0.8040074152806329	5.27226936814428e-18	0.11977362443409685	0.07621896028526891	0.3888869591388057	0.8814370203079009	True	one causal variant per trait; shared observed subset; p1=p2=1e-4; effect prior SD as given times sdY; CP sdY=1; window sensitivity is not multi-signal conditioning
R003	ENSG00000246560	UBE2D3-AS1	0.0001	0.15	lead_250kb_shared_subset	1131	2.097829393393305e-17	0.4768810292308988	3.1271418582446848e-18	0.07104134639717308	0.4520776243719272	0.864196577897516	0.8814370203079009	True	one causal variant per trait; shared observed subset; p1=p2=1e-4; effect prior SD as given times sdY; CP sdY=1; window sensitivity is not multi-signal conditioning
R003	ENSG00000246560	UBE2D3-AS1	1e-06	0.2	lead_250kb_shared_subset	1131	4.902703143234772e-17	0.8604001596155184	7.51984447635298e-18	0.13189247866265075	0.0077073617218301384	0.055210390646599584	0.8814370203079009	True	one causal variant per trait; shared observed subset; p1=p2=1e-4; effect prior SD as given times sdY; CP sdY=1; window sensitivity is not multi-signal conditioning
R003	ENSG00000246560	UBE2D3-AS1	1e-05	0.2	lead_250kb_shared_subset	1131	4.5846809902923544e-17	0.8045888442740005	7.032057012928457e-18	0.12333704938297113	0.07207410634303094	0.36883312048003264	0.8814370203079009	True	one causal variant per trait; shared observed subset; p1=p2=1e-4; effect prior SD as given times sdY; CP sdY=1; window sensitivity is not multi-signal conditioning
R003	ENSG00000246560	UBE2D3-AS1	0.0001	0.2	lead_250kb_shared_subset	1131	2.780841194507921e-17	0.4880238794228479	4.265298690374703e-18	0.07481016639095597	0.4371659541861936	0.8538795787846069	0.8814370203079009	True	one causal variant per trait; shared observed subset; p1=p2=1e-4; effect prior SD as given times sdY; CP sdY=1; window sensitivity is not multi-signal conditioning
R003	ENSG00000145354	CISD2	1e-06	0.1	gene_cis_shared_region	2050	2.5540810950559395e-17	0.801951361479312	5.9998024338581606e-18	0.18828912997797767	0.009759508542710677	0.049278342005321024	0.6711519432364986	True	one causal variant per trait; shared observed subset; p1=p2=1e-4; effect prior SD as given times sdY; CP sdY=1; window sensitivity is not multi-signal conditioning
R003	ENSG00000145354	CISD2	1e-05	0.1	gene_cis_shared_region	2050	2.347855824288194e-17	0.737199057026735	5.515357799789767e-18	0.1730860195961277	0.08971492337713627	0.34137976204394144	0.6711519432364986	True	one causal variant per trait; shared observed subset; p1=p2=1e-4; effect prior SD as given times sdY; CP sdY=1; window sensitivity is not multi-signal conditioning
R003	ENSG00000145354	CISD2	0.0001	0.1	gene_cis_shared_region	2050	1.2989992558988725e-17	0.4078704563630537	3.0514845093245937e-18	0.09576338050060315	0.4963661631363441	0.8382729226574133	0.6711519432364986	True	one causal variant per trait; shared observed subset; p1=p2=1e-4; effect prior SD as given times sdY; CP sdY=1; window sensitivity is not multi-signal conditioning
R003	ENSG00000145354	CISD2	1e-06	0.15	gene_cis_shared_region	2050	3.4881555974112504e-17	0.7929317145013881	8.628309547536967e-18	0.19602937854445707	0.011038906954154236	0.053310466774634434	0.6711519432364986	True	one causal variant per trait; shared observed subset; p1=p2=1e-4; effect prior SD as given times sdY; CP sdY=1; window sensitivity is not multi-signal conditioning
R003	ENSG00000145354	CISD2	1e-05	0.15	gene_cis_shared_region	2050	3.1729249843395345e-17	0.7212731134138146	7.848554392560164e-18	0.17831386687849307	0.10041301970769234	0.36025595139937655	0.6711519432364986	True	one causal variant per trait; shared observed subset; p1=p2=1e-4; effect prior SD as given times sdY; CP sdY=1; window sensitivity is not multi-signal conditioning
R003	ENSG00000145354	CISD2	0.0001	0.15	gene_cis_shared_region	2050	1.6666997714041894e-17	0.37887619126836286	4.122752311037163e-18	0.09366615429971935	0.5274576544319176	0.8491988988620643	0.6711519432364986	True	one causal variant per trait; shared observed subset; p1=p2=1e-4; effect prior SD as given times sdY; CP sdY=1; window sensitivity is not multi-signal conditioning
R003	ENSG00000145354	CISD2	1e-06	0.2	gene_cis_shared_region	2050	4.5092133196512664e-17	0.7913447479909325	1.1208375455080761e-17	0.19658072841656835	0.01207452359249559	0.057868294597114074	0.6711519432364986	True	one causal variant per trait; shared observed subset; p1=p2=1e-4; effect prior SD as given times sdY; CP sdY=1; window sensitivity is not multi-signal conditioning
R003	ENSG00000145354	CISD2	1e-05	0.2	gene_cis_shared_region	2050	4.067225073678219e-17	0.7137779858241905	1.0109742532568763e-17	0.1773120965764445	0.10890991759936344	0.38050852906257243	0.6711519432364986	True	one causal variant per trait; shared observed subset; p1=p2=1e-4; effect prior SD as given times sdY; CP sdY=1; window sensitivity is not multi-signal conditioning
R003	ENSG00000145354	CISD2	0.0001	0.2	gene_cis_shared_region	2050	2.053957749965932e-17	0.36045947769810044	5.105442568033463e-18	0.08954300495510496	0.5499975173467926	0.8599885357806368	0.6711519432364986	True	one causal variant per trait; shared observed subset; p1=p2=1e-4; effect prior SD as given times sdY; CP sdY=1; window sensitivity is not multi-signal conditioning
R003	ENSG00000145354	CISD2	1e-06	0.1	lead_250kb_shared_subset	1131	2.82983224348992e-17	0.888533848432399	3.209446089130006e-18	0.10066479697924131	0.010801354588357312	0.09690255235740182	0.6686381642933881	True	one causal variant per trait; shared observed subset; p1=p2=1e-4; effect prior SD as given times sdY; CP sdY=1; window sensitivity is not multi-signal conditioning
R003	ENSG00000145354	CISD2	1e-05	0.1	lead_250kb_shared_subset	1131	2.5791111928399408e-17	0.8098104044793039	2.9250915316037383e-18	0.09174597017593362	0.09844362534476352	0.517607837985283	0.6686381642933881	True	one causal variant per trait; shared observed subset; p1=p2=1e-4; effect prior SD as given times sdY; CP sdY=1; window sensitivity is not multi-signal conditioning
R003	ENSG00000145354	CISD2	0.0001	0.1	lead_250kb_shared_subset	1131	1.367508628829729e-17	0.42938153225651465	1.5509559730072192e-18	0.04864598557218174	0.5219724821713043	0.9147486660139962	0.6686381642933881	True	one causal variant per trait; shared observed subset; p1=p2=1e-4; effect prior SD as given times sdY; CP sdY=1; window sensitivity is not multi-signal conditioning
R003	ENSG00000145354	CISD2	1e-06	0.15	lead_250kb_shared_subset	1131	3.9075893674212535e-17	0.8882777814135623	4.376873421394326e-18	0.09937209687976889	0.012350121706671624	0.11054311186199924	0.6686381642933881	True	one causal variant per trait; shared observed subset; p1=p2=1e-4; effect prior SD as given times sdY; CP sdY=1; window sensitivity is not multi-signal conditioning
R003	ENSG00000145354	CISD2	1e-05	0.15	lead_250kb_shared_subset	1131	3.51670387919212e-17	0.7994212354402912	3.939044329498754e-18	0.08943166891949039	0.11114709564021774	0.5541319186215825	0.6686381642933881	True	one causal variant per trait; shared observed subset; p1=p2=1e-4; effect prior SD as given times sdY; CP sdY=1; window sensitivity is not multi-signal conditioning
R003	ENSG00000145354	CISD2	0.0001	0.15	lead_250kb_shared_subset	1131	1.7580672550956547e-17	0.399645902906831	1.9692032909102536e-18	0.044708594779959414	0.5556455023132122	0.925529624938962	0.6686381642933881	True	one causal variant per trait; shared observed subset; p1=p2=1e-4; effect prior SD as given times sdY; CP sdY=1; window sensitivity is not multi-signal conditioning
R003	ENSG00000145354	CISD2	1e-06	0.2	lead_250kb_shared_subset	1131	5.070099910784212e-17	0.88977746460642	5.5155638499272755e-18	0.09665979088233544	0.013562744511246892	0.12304874373300415	0.6686381642933881	True	one causal variant per trait; shared observed subset; p1=p2=1e-4; effect prior SD as given times sdY; CP sdY=1; window sensitivity is not multi-signal conditioning
R003	ENSG00000145354	CISD2	1e-05	0.2	lead_250kb_shared_subset	1131	4.518545060786201e-17	0.7929823156629554	4.915548851124116e-18	0.08614457867763167	0.12087310565941221	0.5838781650297066	0.6686381642933881	True	one causal variant per trait; shared observed subset; p1=p2=1e-4; effect prior SD as given times sdY; CP sdY=1; window sensitivity is not multi-signal conditioning
R003	ENSG00000145354	CISD2	0.0001	0.2	lead_250kb_shared_subset	1131	2.1642013810198626e-17	0.3798066412075334	2.3543502319798527e-18	0.04125978907667819	0.5789335697157905	0.9334727009057111	0.6686381642933881	True	one causal variant per trait; shared observed subset; p1=p2=1e-4; effect prior SD as given times sdY; CP sdY=1; window sensitivity is not multi-signal conditioning
R003	ENSG00000164037	SLC9B1	1e-06	0.1	gene_cis_shared_region	1848	2.711059325300763e-17	0.8512405571671869	4.475578264573016e-18	0.14044471576894418	0.0083147270638682	0.05589377659348285	0.8957206290438025	True	one causal variant per trait; shared observed subset; p1=p2=1e-4; effect prior SD as given times sdY; CP sdY=1; window sensitivity is not multi-signal conditioning
R003	ENSG00000164037	SLC9B1	1e-05	0.1	gene_cis_shared_region	1848	2.5223085600701817e-17	0.7919750497468401	4.163977255180205e-18	0.13066660161017754	0.07735834864298023	0.37187053066874104	0.8957206290438025	True	one causal variant per trait; shared observed subset; p1=p2=1e-4; effect prior SD as given times sdY; CP sdY=1; window sensitivity is not multi-signal conditioning
R003	ENSG00000164037	SLC9B1	0.0001	0.1	gene_cis_shared_region	1848	1.4870128403834452e-17	0.4669044409872284	2.454849396120391e-18	0.07703376084890891	0.4560617981638642	0.855497275213536	0.8957206290438025	True	one causal variant per trait; shared observed subset; p1=p2=1e-4; effect prior SD as given times sdY; CP sdY=1; window sensitivity is not multi-signal conditioning
R003	ENSG00000164037	SLC9B1	1e-06	0.15	gene_cis_shared_region	1848	3.795566658495976e-17	0.8628126483108609	5.682644497045685e-18	0.12909764168094862	0.008089710008187714	0.05896833715777843	0.8957206290438025	True	one causal variant per trait; shared observed subset; p1=p2=1e-4; effect prior SD as given times sdY; CP sdY=1; window sensitivity is not multi-signal conditioning
R003	ENSG00000164037	SLC9B1	1e-05	0.15	gene_cis_shared_region	1848	3.53797586930797e-17	0.8042568090918871	5.296984854527664e-18	0.12033627179999302	0.07540691910811712	0.38523393206313983	0.8957206290438025	True	one causal variant per trait; shared observed subset; p1=p2=1e-4; effect prior SD as given times sdY; CP sdY=1; window sensitivity is not multi-signal conditioning
R003	ENSG00000164037	SLC9B1	0.0001	0.15	gene_cis_shared_region	1848	2.1076162420386853e-17	0.47910578710188406	3.15547977872984e-18	0.07168581423978333	0.44920839865833295	0.8623793229705075	0.8957206290438025	True	one causal variant per trait; shared observed subset; p1=p2=1e-4; effect prior SD as given times sdY; CP sdY=1; window sensitivity is not multi-signal conditioning
R003	ENSG00000164037	SLC9B1	1e-06	0.2	gene_cis_shared_region	1848	4.9782280578223205e-17	0.87365440868335	6.7648543216540315e-18	0.11864282067268435	0.007702770643962734	0.06096588384044256	0.8957206290438025	True	one causal variant per trait; shared observed subset; p1=p2=1e-4; effect prior SD as given times sdY; CP sdY=1; window sensitivity is not multi-signal conditioning
R003	ENSG00000164037	SLC9B1	1e-05	0.2	gene_cis_shared_region	1848	4.655486738573191e-17	0.8170149029895059	6.326285018894154e-18	0.11095114001470943	0.07203395699578695	0.3936602388535223	0.8957206290438025	True	one causal variant per trait; shared observed subset; p1=p2=1e-4; effect prior SD as given times sdY; CP sdY=1; window sensitivity is not multi-signal conditioning
R003	ENSG00000164037	SLC9B1	0.0001	0.2	gene_cis_shared_region	1848	2.8244075018388456e-17	0.4956695509404292	3.838053434475365e-18	0.0673122381809553	0.4370182108786171	0.8665314808842639	0.8957206290438025	True	one causal variant per trait; shared observed subset; p1=p2=1e-4; effect prior SD as given times sdY; CP sdY=1; window sensitivity is not multi-signal conditioning
R003	ENSG00000164037	SLC9B1	1e-06	0.1	lead_250kb_shared_subset	1129	2.8664472061842706e-17	0.9000305135749581	2.9066078780992933e-18	0.0911761152349171	0.008793371190127306	0.087960551810181	0.8921201796381437	True	one causal variant per trait; shared observed subset; p1=p2=1e-4; effect prior SD as given times sdY; CP sdY=1; window sensitivity is not multi-signal conditioning
R003	ENSG00000164037	SLC9B1	1e-05	0.1	lead_250kb_shared_subset	1129	2.6562320933117e-17	0.8340254549114934	2.693447523409083e-18	0.0844895810074458	0.08148496408106204	0.4909485610435579	0.8921201796381437	True	one causal variant per trait; shared observed subset; p1=p2=1e-4; effect prior SD as given times sdY; CP sdY=1; window sensitivity is not multi-signal conditioning
R003	ENSG00000164037	SLC9B1	0.0001	0.1	lead_250kb_shared_subset	1129	1.5324138820708835e-17	0.4811598309970719	1.5538839342745655e-18	0.048743107634370855	0.4700970613685542	0.9060537125950708	0.8921201796381437	True	one causal variant per trait; shared observed subset; p1=p2=1e-4; effect prior SD as given times sdY; CP sdY=1; window sensitivity is not multi-signal conditioning
R003	ENSG00000164037	SLC9B1	1e-06	0.15	lead_250kb_shared_subset	1129	3.9945362524739156e-17	0.9080426489299174	3.674247229965783e-18	0.08343822615519236	0.008519124914888255	0.09264213046323874	0.8921201796381437	True	one causal variant per trait; shared observed subset; p1=p2=1e-4; effect prior SD as given times sdY; CP sdY=1; window sensitivity is not multi-signal conditioning
R003	ENSG00000164037	SLC9B1	1e-05	0.15	lead_250kb_shared_subset	1129	3.710076784346817e-17	0.843378990215754	3.412596228011243e-18	0.07749641165322732	0.07912459813101616	0.5051978546174354	0.8921201796381437	True	one causal variant per trait; shared observed subset; p1=p2=1e-4; effect prior SD as given times sdY; CP sdY=1; window sensitivity is not multi-signal conditioning
R003	ENSG00000164037	SLC9B1	0.0001	0.15	lead_250kb_shared_subset	1129	2.1669472858622687e-17	0.4925929893181557	1.9931975977512557e-18	0.045263386354843685	0.4621436243269974	0.9107947162692531	0.8921201796381437	True	one causal variant per trait; shared observed subset; p1=p2=1e-4; effect prior SD as given times sdY; CP sdY=1; window sensitivity is not multi-signal conditioning
R003	ENSG00000164037	SLC9B1	1e-06	0.2	lead_250kb_shared_subset	1129	5.2189310309654096e-17	0.9158965902843352	4.336305053757136e-18	0.07601916712788308	0.008084242587785239	0.09612264966564321	0.8921201796381437	True	one causal variant per trait; shared observed subset; p1=p2=1e-4; effect prior SD as given times sdY; CP sdY=1; window sensitivity is not multi-signal conditioning
R003	ENSG00000164037	SLC9B1	1e-05	0.2	lead_250kb_shared_subset	1129	4.8649650147243206e-17	0.853777304662779	4.042201794684065e-18	0.07086328336805404	0.07535941196916761	0.5153742501830667	0.8921201796381437	True	one causal variant per trait; shared observed subset; p1=p2=1e-4; effect prior SD as given times sdY; CP sdY=1; window sensitivity is not multi-signal conditioning
R003	ENSG00000164037	SLC9B1	0.0001	0.2	lead_250kb_shared_subset	1129	2.898858540070615e-17	0.5087353400177362	2.4086033831165526e-18	0.04222489443340179	0.44903976554886155	0.9140485814002451	0.8921201796381437	True	one causal variant per trait; shared observed subset; p1=p2=1e-4; effect prior SD as given times sdY; CP sdY=1; window sensitivity is not multi-signal conditioning
