marker	region_id	chr37	pos37	status	chr38	pos38
rs2352974	R001	3	49890613	unique_+	chr3	49853180
rs2271960	R001	3	49878078	unique_+	chr3	49840645
rs2271961	R001	3	49878113	unique_+	chr3	49840680
rs2247036	R001	3	49882349	unique_+	chr3	49844916
rs7649348	R001	3	49772375	unique_+	chr3	49734942
rs7618519	R001	3	49772708	unique_+	chr3	49735275
rs7618501	R001	3	49772647	unique_+	chr3	49735214
rs35261599	R001	3	49773236	unique_+	chr3	49735803
rs9873183	R001	3	49734229	unique_+	chr3	49696796
rs9865480	R001	3	49799729	unique_+	chr3	49762296
rs12490656	R001	3	49798520	unique_+	chr3	49761087
rs6802890	R001	3	49832261	unique_+	chr3	49794828
rs9859153	R001	3	49807085	unique_+	chr3	49769652
rs9882639	R001	3	49799475	unique_+	chr3	49762042
rs60205400	R001	3	49800272	unique_+	chr3	49762839
rs6766836	R001	3	49810961	unique_+	chr3	49773528
rs2234391	R001	3	49842625	unique_+	chr3	49805192
rs4855850	R001	3	49761571	unique_+	chr3	49724138
rs1049256	R001	3	49763338	unique_+	chr3	49725905
rs11130221	R001	3	49819102	unique_+	chr3	49781669
rs6446295	R001	3	49809063	unique_+	chr3	49771630
rs6809431	R001	3	49804119	unique_+	chr3	49766686
rs7634902	R001	3	49762662	unique_+	chr3	49725229
rs7372966	R001	3	49788969	unique_+	chr3	49751536
rs13063621	R001	3	49821625	unique_+	chr3	49784192
rs9876508	R001	3	49780844	unique_+	chr3	49743411
rs9814765	R001	3	49818555	unique_+	chr3	49781122
rs9815766	R001	3	49783103	unique_+	chr3	49745670
rs3749240	R001	3	49750188	unique_+	chr3	49712755
rs9871654	R001	3	49825370	unique_+	chr3	49787937
rs11130218	R001	3	49752372	unique_+	chr3	49714939
rs3811695	R001	3	49761613	unique_+	chr3	49724180
rs3811696	R001	3	49761605	unique_+	chr3	49724172
rs7431106	R001	3	49808374	unique_+	chr3	49770941
rs34451146	R001	3	49813013	unique_+	chr3	49775580
rs7634886	R001	3	49798920	unique_+	chr3	49761487
rs4855841	R001	3	49745677	unique_+	chr3	49708244
rs57648519	R001	3	49813169	unique_+	chr3	49775736
rs6785549	R001	3	49736565	unique_+	chr3	49699132
rs7374277	R001	3	49784777	unique_+	chr3	49747344
rs1491986	R001	3	49739086	unique_+	chr3	49701653
rs3749241	R001	3	49744392	unique_+	chr3	49706959
rs7648987	R001	3	49868455	unique_+	chr3	49831022
rs11130219	R001	3	49752427	unique_+	chr3	49714994
rs13085679	R001	3	49869631	unique_+	chr3	49832198
rs7374183	R001	3	49785133	unique_+	chr3	49747700
rs4855862	R001	3	49748833	unique_+	chr3	49711400
rs34614773	R001	3	49753003	unique_+	chr3	49715570
rs9872864	R001	3	49792023	unique_+	chr3	49754590
rs7429353	R001	3	49789664	unique_+	chr3	49752231
rs2246832	R001	3	49881134	unique_+	chr3	49843701
rs11709680	R001	3	49745188	unique_+	chr3	49707755
rs7372725	R001	3	49790544	unique_+	chr3	49753111
rs11716575	R001	3	49744890	unique_+	chr3	49707457
rs7372730	R001	3	49790682	unique_+	chr3	49753249
rs9855505	R001	3	49792158	unique_+	chr3	49754725
rs6775384	R001	3	49853073	unique_+	chr3	49815640
rs4855867	R001	3	49745822	unique_+	chr3	49708389
rs1128535	R001	3	49866392	unique_+	chr3	49828959
rs10865958	R001	3	49858142	unique_+	chr3	49820709
rs695238	R001	3	49869158	unique_+	chr3	49831725
rs1906252	R002	6	98550289	unique_+	chr6	98102413
rs9401593	R002	6	98549801	unique_+	chr6	98101925
rs1487441	R002	6	98553894	unique_+	chr6	98106018
rs9375188	R002	6	98555272	unique_+	chr6	98107396
rs7645061	R001	3	49868842	unique_+	chr3	49831409
rs968050	R002	6	98574560	unique_+	chr6	98126684
rs9372734	R002	6	98577689	unique_+	chr6	98129813
rs12202969	R002	6	98576223	unique_+	chr6	98128347
rs12206087	R002	6	98582900	unique_+	chr6	98135024
rs2388334	R002	6	98591622	unique_+	chr6	98143746
rs1487445	R002	6	98565211	unique_+	chr6	98117335
rs62262093	R001	3	49960388	unique_+	chr3	49922955
rs1062633	R001	3	49924940	unique_+	chr3	49887507
rs7634084	R001	3	49949834	unique_+	chr3	49912401
rs11713193	R001	3	49924424	unique_+	chr3	49886991
rs6795703	R001	3	49930215	unique_+	chr3	49892782
rs1317154	R001	3	49910084	unique_+	chr3	49872651
rs9848497	R001	3	49951316	unique_+	chr3	49913883
rs6446187	R001	3	49907111	unique_+	chr3	49869678
rs11130224	R001	3	49936910	unique_+	chr3	49899477
rs3733135	R001	3	49939587	unique_+	chr3	49902154
rs3819325	R001	3	49843723	unique_+	chr3	49806290
rs9843653	R001	3	49920571	unique_+	chr3	49883138
rs2230590	R001	3	49936102	unique_+	chr3	49898669
rs3774758	R001	3	49938227	unique_+	chr3	49900794
rs2624825	R001	3	50154989	unique_+	chr3	50117556
rs9862795	R001	3	49915506	unique_+	chr3	49878073
rs2681781	R001	3	49898273	unique_+	chr3	49860840
rs2681780	R001	3	49897830	unique_+	chr3	49860397
rs2777888	R001	3	49898000	unique_+	chr3	49860567
rs2240329	R001	3	50107512	unique_+	chr3	50070079
rs2856234	R001	3	50139142	unique_+	chr3	50101709
rs901628	R002	6	98539377	unique_+	chr6	98091501
rs3733133	R001	3	50146094	unique_+	chr3	50108661
rs4688756	R001	3	50040194	unique_+	chr3	50002761
rs2353587	R001	3	50046064	unique_+	chr3	50008631
rs6446190	R001	3	50052729	unique_+	chr3	50015296
rs2071206	R001	3	50160109	unique_+	chr3	50122676
rs7650214	R001	3	50059866	unique_+	chr3	50022433
rs11713562	R001	3	50060332	unique_+	chr3	50022899
rs6446193	R001	3	50059758	unique_+	chr3	50022325
rs66851636	R001	3	50073046	unique_+	chr3	50035613
rs9861216	R001	3	50059339	unique_+	chr3	50021906
rs9311446	R001	3	50092226	unique_+	chr3	50054793
rs4688755	R001	3	50064424	unique_+	chr3	50026991
rs9814664	R001	3	50078541	unique_+	chr3	50041108
rs2526748	R001	3	50080439	unique_+	chr3	50043006
rs901629	R002	6	98539379	unique_+	chr6	98091503
rs9401458	R002	6	98458340	unique_+	chr6	98010464
rs2526751	R001	3	50064867	unique_+	chr3	50027434
rs11925192	R001	3	50038664	unique_+	chr3	50001231
rs7742854	R002	6	98528143	unique_+	chr6	98080267
rs7766486	R002	6	98528141	unique_+	chr6	98080265
rs35065728	R001	3	50009176	unique_+	chr3	49971743
rs11130233	R001	3	50018585	unique_+	chr3	49981152
rs9881008	R001	3	50047404	unique_+	chr3	50009971
rs9401452	R002	6	98452680	unique_+	chr6	98004804
rs55751738	R001	3	49972101	unique_+	chr3	49934668
rs13060128	R001	3	50025028	unique_+	chr3	49987595
rs11130229	R001	3	50011540	unique_+	chr3	49974107
rs2245365	R001	3	50097319	unique_+	chr3	50059886
rs11130226	R001	3	49993191	unique_+	chr3	49955758
rs2353586	R001	3	50046046	unique_+	chr3	50008613
rs2681778	R001	3	50011095	unique_+	chr3	49973662
rs9866695	R001	3	50069452	unique_+	chr3	50032019
rs7621026	R001	3	49975334	unique_+	chr3	49937901
rs12496973	R001	3	50002245	unique_+	chr3	49964812
rs2252833	R001	3	50004209	unique_+	chr3	49966776
rs4688689	R001	3	50035542	unique_+	chr3	49998109
rs2624843	R001	3	49997963	unique_+	chr3	49960530
rs11130228	R001	3	50003246	unique_+	chr3	49965813
rs2353579	R001	3	50027774	unique_+	chr3	49990341
rs6767381	R001	3	50037940	unique_+	chr3	50000507
rs6792892	R001	3	49995518	unique_+	chr3	49958085
rs7634917	R001	3	50049299	unique_+	chr3	50011866
rs6771546	R001	3	49968572	unique_+	chr3	49931139
rs9388090	R002	6	98527087	unique_+	chr6	98079211
rs7609971	R001	3	49975654	unique_+	chr3	49938221
rs7628058	R001	3	50039474	unique_+	chr3	50002041
rs4688758	R001	3	50028385	unique_+	chr3	49990952
rs7621352	R001	3	50070763	unique_+	chr3	50033330
rs6780731	R001	3	50017478	unique_+	chr3	49980045
rs9398676	R002	6	98526943	unique_+	chr6	98079067
rs13216075	R002	6	98522436	unique_+	chr6	98074560
rs3774733	R001	3	50037123	unique_+	chr3	49999690
rs4401671	R002	6	98519911	unique_+	chr6	98072035
rs4688757	R001	3	50035323	unique_+	chr3	49997890
rs12485600	R001	3	50025530	unique_+	chr3	49988097
rs2883057	R001	3	49998282	unique_+	chr3	49960849
rs901630	R002	6	98539519	unique_+	chr6	98091643
rs35062457	R002	6	98522698	unique_+	chr6	98074822
rs4458695	R002	6	98528404	unique_+	chr6	98080528
rs4688690	R001	3	50022292	unique_+	chr3	49984859
rs12176311	R002	6	98529166	unique_+	chr6	98081290
rs9388083	R002	6	98525726	unique_+	chr6	98077850
rs34080578	R001	3	50026029	unique_+	chr3	49988596
rs4839938	R002	6	98507430	unique_+	chr6	98059554
rs9853222	R001	3	50022926	unique_+	chr3	49985493
rs6772095	R001	3	49978069	unique_+	chr3	49940636
rs6446189	R001	3	50008566	unique_+	chr3	49971133
rs9385269	R002	6	98547979	unique_+	chr6	98100103
rs72942333	R001	3	49986118	unique_+	chr3	49948685
rs4576255	R002	6	98509656	unique_+	chr6	98061780
rs4839939	R002	6	98507832	unique_+	chr6	98059956
rs55731746	R002	6	98514302	unique_+	chr6	98066426
rs9320823	R002	6	98429337	unique_+	chr6	97981461
rs10872224	R002	6	98435125	unique_+	chr6	97987249
rs13215227	R002	6	98506764	unique_+	chr6	98058888
rs9401501	R002	6	98500712	unique_+	chr6	98052836
rs11130227	R001	3	49993319	unique_+	chr3	49955886
rs9375195	R002	6	98562720	unique_+	chr6	98114844
rs6938973	R002	6	98421721	unique_+	chr6	97973845
rs9821675	R001	3	49902544	unique_+	chr3	49865111
rs6765484	R001	3	50041313	unique_+	chr3	50003880
rs2013208	R001	3	50129399	unique_+	chr3	50091966
rs62422661	R002	6	98545611	unique_+	chr6	98097735
rs2301166	R001	3	50148305	unique_+	chr3	50110872
rs3004179	R002	6	98513032	unique_+	chr6	98065156
rs6905544	R002	6	98411631	unique_+	chr6	97963755
rs9388171	R002	6	98575726	unique_+	chr6	98127850
rs7613875	R001	3	49971514	unique_+	chr3	49934081
rs2624824	R001	3	50088266	unique_+	chr3	50050833
rs13107325	R003	4	103188709	unique_+	chr4	102267552
rs2526743	R001	3	50115245	unique_+	chr3	50077812
rs2624816	R001	3	50117312	unique_+	chr3	50079879
rs2071207	R001	3	50159844	unique_+	chr3	50122411
rs4688686	R001	3	50169715	unique_+	chr3	50132282
rs2624853	R001	3	50128893	unique_+	chr3	50091460
rs34831713	R001	3	50118748	unique_+	chr3	50081315
rs2526754	R001	3	50125996	unique_+	chr3	50088563
rs2008877	R001	3	50162291	unique_+	chr3	50124858
rs4548017	R002	6	98399521	unique_+	chr6	97951645
rs2624823	R001	3	50089690	unique_+	chr3	50052257
rs2240327	R001	3	50113034	unique_+	chr3	50075601
rs10049087	R001	3	50123417	unique_+	chr3	50085984
rs35121390	R002	6	98399208	unique_+	chr6	97951332
rs2240326	R001	3	50128386	unique_+	chr3	50090953
rs7623659	R001	3	49414791	unique_+	chr3	49377358
rs9859556	R001	3	49455986	unique_+	chr3	49418553
rs9482120	R002	6	98392667	unique_+	chr6	97944791
rs13090388	R001	3	49391082	unique_+	chr3	49353649
rs1800668	R001	3	49395757	unique_+	chr3	49358324
rs6809216	R001	3	49412559	unique_+	chr3	49375126
rs1987628	R001	3	49399259	unique_+	chr3	49361826
rs11715915	R001	3	49455330	unique_+	chr3	49417897
rs1050450	R001	3	49394834	unique_+	chr3	49357401
rs17080528	R001	3	49389842	unique_+	chr3	49352409
rs7642934	R001	3	50174848	unique_+	chr3	50137415
rs7648841	R001	3	49416825	unique_+	chr3	49379392
rs35169793	R001	3	49423274	unique_+	chr3	49385841
rs9871380	R001	3	49438221	unique_+	chr3	49400788
rs9814873	R001	3	49454112	unique_+	chr3	49416679
rs11716974	R001	3	49431853	unique_+	chr3	49394420
rs67485053	R001	3	49405164	unique_+	chr3	49367731
rs9878943	R001	3	49434654	unique_+	chr3	49397221
rs6446264	R001	3	49417243	unique_+	chr3	49379810
rs11706370	R001	3	49441091	unique_+	chr3	49403658
rs111903592	R001	3	49427319	unique_+	chr3	49389886
rs3811699	R001	3	49396360	unique_+	chr3	49358927
rs13086611	R001	3	49385417	unique_+	chr3	49347984
rs13087851	R001	3	49408974	unique_+	chr3	49371541
rs11922013	R001	3	49458355	unique_+	chr3	49420922
rs34588335	R001	3	49407660	unique_+	chr3	49370227
rs6793308	R001	3	49424283	unique_+	chr3	49386850
rs7646366	R001	3	49470668	unique_+	chr3	49433235
rs35115732	R001	3	49475155	unique_+	chr3	49437722
rs6446277	R001	3	49473077	unique_+	chr3	49435644
rs6997	R001	3	49453834	unique_+	chr3	49416401
rs10640	R001	3	49454277	unique_+	chr3	49416844
rs6446272	R001	3	49463287	unique_+	chr3	49425854
rs13079643	R001	3	49477466	unique_+	chr3	49440033
rs6779524	R001	3	49450449	unique_+	chr3	49413016
rs71324962	R001	3	49487487	unique_+	chr3	49450054
rs1872841	R002	6	98576688	unique_+	chr6	98128812
rs13208578	R002	6	98572976	unique_+	chr6	98125100
rs9375225	R002	6	98588754	unique_+	chr6	98140878
rs10457441	R002	6	98572120	unique_+	chr6	98124244
rs7428430	R001	3	50174184	unique_+	chr3	50136751
rs12204181	R002	6	98579481	unique_+	chr6	98131605
rs9401634	R002	6	98578511	unique_+	chr6	98130635
rs13062429	R001	3	49559485	unique_+	chr3	49522052
rs9841110	R001	3	49492481	unique_+	chr3	49455048
rs7622302	R001	3	49547561	unique_+	chr3	49510128
rs9850072	R001	3	49529482	unique_+	chr3	49492049
rs34196454	R001	3	49563456	unique_+	chr3	49526023
rs11719996	R001	3	49525958	unique_+	chr3	49488525
rs67216675	R001	3	49493151	unique_+	chr3	49455718
rs7630869	R001	3	49522543	unique_+	chr3	49485110
rs6766131	R001	3	49538932	unique_+	chr3	49501499
rs34363169	R001	3	49537712	unique_+	chr3	49500279
rs9818590	R001	3	49525096	unique_+	chr3	49487663
rs9853683	R001	3	49512588	unique_+	chr3	49475155
rs9858418	R001	3	49543288	unique_+	chr3	49505855
rs12330269	R001	3	49513910	unique_+	chr3	49476477
rs6766581	R001	3	49539401	unique_+	chr3	49501968
rs6797664	R001	3	49539222	unique_+	chr3	49501789
rs7633271	R001	3	49555963	unique_+	chr3	49518530
rs35099767	R002	6	98546547	unique_+	chr6	98098671
rs3926569	R001	3	49558716	unique_+	chr3	49521283
rs9821311	R001	3	49543656	unique_+	chr3	49506223
rs9827021	R001	3	49514764	unique_+	chr3	49477331
rs1801143	R001	3	49570200	unique_+	chr3	49532767
rs35261698	R001	3	49537839	unique_+	chr3	49500406
rs4625	R001	3	49572140	unique_+	chr3	49534707
rs11926781	R001	3	49603289	unique_+	chr3	49565856
rs2280406	R001	3	49941436	unique_+	chr3	49904003
rs9837341	R001	3	49664767	unique_+	chr3	49627334
rs9827708	R001	3	49649989	unique_+	chr3	49612556
rs3811697	R001	3	49590770	unique_+	chr3	49553337
rs71324979	R001	3	49619651	unique_+	chr3	49582218
rs7614725	R001	3	49650395	unique_+	chr3	49612962
rs35999162	R001	3	49597230	unique_+	chr3	49559797
rs1873625	R001	3	49666964	unique_+	chr3	49629531
rs9837027	R001	3	49597013	unique_+	chr3	49559580
rs9833611	R001	3	49651210	unique_+	chr3	49613777
rs34427167	R001	3	49610223	unique_+	chr3	49572790
rs9811982	R001	3	49624377	unique_+	chr3	49586944
rs9824092	R001	3	49674147	unique_+	chr3	49636714
rs11713474	R001	3	49611457	unique_+	chr3	49574024
rs6803222	R001	3	49665976	unique_+	chr3	49628543
rs11917431	R001	3	49644012	unique_+	chr3	49606579
rs9858280	R001	3	49597737	unique_+	chr3	49560304
rs34293138	R001	3	49579017	unique_+	chr3	49541584
rs11710037	R001	3	49675334	unique_+	chr3	49637901
rs9875617	R001	3	49634696	unique_+	chr3	49597263
rs13064576	R001	3	49642430	unique_+	chr3	49604997
rs9862080	R001	3	49674458	unique_+	chr3	49637025
rs13079082	R001	3	49574808	unique_+	chr3	49537375
rs11130203	R001	3	49575367	unique_+	chr3	49537934
rs11921590	R001	3	49644193	unique_+	chr3	49606760
rs11720597	R001	3	49635354	unique_+	chr3	49597921
rs9852529	R001	3	49730625	unique_+	chr3	49693192
rs9858213	R001	3	49731861	unique_+	chr3	49694428
rs9812791	R001	3	49682311	unique_+	chr3	49644878
rs2172252	R001	3	49678307	unique_+	chr3	49640874
rs11709525	R001	3	49690496	unique_+	chr3	49653063
rs9836291	R001	3	49697459	unique_+	chr3	49660026
rs6770670	R001	3	49686682	unique_+	chr3	49649249
rs4283605	R001	3	49678651	unique_+	chr3	49641218
rs9823546	R001	3	49705512	unique_+	chr3	49668079
rs11718165	R001	3	49696797	unique_+	chr3	49659364
rs34762726	R001	3	49689210	unique_+	chr3	49651777
rs1131095	R001	3	49714225	unique_+	chr3	49676792
rs9858542	R001	3	49701983	unique_+	chr3	49664550
rs13316695	R001	3	49684917	unique_+	chr3	49647484
rs11130213	R001	3	49712297	unique_+	chr3	49674864
rs9882740	R001	3	49702484	unique_+	chr3	49665051
rs13085791	R001	3	49721798	unique_+	chr3	49684365
rs13135092	R003	4	103198082	unique_+	chr4	102276925
rs13100903	R001	3	50174572	unique_+	chr3	50137139
rs9822268	R001	3	49719729	unique_+	chr3	49682296
rs9482094	R002	6	98364895	unique_+	chr6	97917019
rs3774750	R001	3	50208406	unique_+	chr3	50170973
rs6937215	R002	6	98373765	unique_+	chr6	97925889
rs3774745	R001	3	50204745	unique_+	chr3	50167312
rs4339469	R002	6	98369230	unique_+	chr6	97921354
rs11153969	R002	6	98358220	unique_+	chr6	97910344
rs3774749	R001	3	50207227	unique_+	chr3	50169794
rs4839715	R002	6	98365289	unique_+	chr6	97917413
rs3197999	R001	3	49721532	unique_+	chr3	49684099
rs3774751	R001	3	50209053	unique_+	chr3	50171620
rs35518360	R003	4	103146890	unique_+	chr4	102225733
rs9398662	R002	6	98489561	unique_+	chr6	98041685
rs4524616	R002	6	98445008	unique_+	chr6	97997132
rs9388046	R002	6	98491210	unique_+	chr6	98043334
rs7772104	R002	6	98475160	unique_+	chr6	98027284
rs12663336	R002	6	98488641	unique_+	chr6	98040765
rs4368816	R002	6	98439152	unique_+	chr6	97991276
rs9398648	R002	6	98438566	unique_+	chr6	97990690
rs9375104	R002	6	98487056	unique_+	chr6	98039180
rs4412208	R002	6	98431600	unique_+	chr6	97983724
rs4240559	R002	6	98437775	unique_+	chr6	97989899
rs4460216	R002	6	98433708	unique_+	chr6	97985832
rs1813006	R003	4	103001649	unique_+	chr4	102080492
rs7760876	R002	6	98481755	unique_+	chr6	98033879
rs9387955	R002	6	98419195	unique_+	chr6	97971319
rs9387963	R002	6	98423208	unique_+	chr6	97975332
rs13194250	R002	6	98494218	unique_+	chr6	98046342
rs7765605	R002	6	98409668	unique_+	chr6	97961792
rs4412207	R002	6	98410756	unique_+	chr6	97962880
rs9387952	R002	6	98415577	unique_+	chr6	97967701
rs2352984	R001	3	49948728	unique_+	chr3	49911295
rs35275715	R001	3	49959148	unique_+	chr3	49921715
rs6569187	R002	6	98400486	unique_+	chr6	97952610
rs9372650	R002	6	98395421	unique_+	chr6	97947545
rs9320798	R002	6	98399407	unique_+	chr6	97951531
rs7757790	R002	6	98402394	unique_+	chr6	97954518
rs9490266	R002	6	98418637	unique_+	chr6	97970761
rs7761851	R002	6	98402438	unique_+	chr6	97954562
rs11130222	R001	3	49901060	unique_+	chr3	49863627
rs6569192	R002	6	98402211	unique_+	chr6	97954335
rs6650999	R002	6	98401847	unique_+	chr6	97953971
rs9490147	R002	6	98397820	unique_+	chr6	97949944
rs6917037	R002	6	98405214	unique_+	chr6	97957338
rs34034116	R001	3	49959156	unique_+	chr3	49921723
rs9372625	R002	6	98344031	unique_+	chr6	97896155
rs6917247	R002	6	98405337	unique_+	chr6	97957461
rs6774354	R001	3	49961780	unique_+	chr3	49924347
rs6651004	R002	6	98401808	unique_+	chr6	97953932
rs7772327	R002	6	98404174	unique_+	chr6	97956298
rs7753937	R002	6	98396351	unique_+	chr6	97948475
rs9375023	R002	6	98403903	unique_+	chr6	97956027
rs7772622	R002	6	98404346	unique_+	chr6	97956470
rs6569189	R002	6	98401483	unique_+	chr6	97953607
rs9490143	R002	6	98396176	unique_+	chr6	97948300
rs6900820	R002	6	98405151	unique_+	chr6	97957275
rs11709573	R001	3	49956628	unique_+	chr3	49919195
rs9482139	R002	6	98406850	unique_+	chr6	97958974
rs4313006	R002	6	98406939	unique_+	chr6	97959063
rs2883059	R001	3	49902160	unique_+	chr3	49864727
rs9375031	R002	6	98415905	unique_+	chr6	97968029
rs868891	R001	3	49949071	unique_+	chr3	49911638
rs11154009	R002	6	98398832	unique_+	chr6	97950956
rs11154010	R002	6	98398945	unique_+	chr6	97951069
rs4464802	R002	6	98399612	unique_+	chr6	97951736
rs6935884	R002	6	98416581	unique_+	chr6	97968705
rs4644071	R002	6	98399604	unique_+	chr6	97951728
rs34654589	R001	3	49911449	unique_+	chr3	49874016
rs55692411	R001	3	49911155	unique_+	chr3	49873722
rs9388017	R002	6	98463359	unique_+	chr6	98015483
rs3733134	R001	3	49939503	unique_+	chr3	49902070
rs7627864	R001	3	49926613	unique_+	chr3	49889180
rs3774759	R001	3	49939120	unique_+	chr3	49901687
rs7615206	R001	3	49937505	unique_+	chr3	49900072
rs4363043	R002	6	98403022	unique_+	chr6	97955146
rs3796386	R001	3	49899795	unique_+	chr3	49862362
rs35225200	R003	4	103146888	unique_+	chr4	102225731
rs952594	R001	3	49908023	unique_+	chr3	49870590
rs9375075	R002	6	98464373	unique_+	chr6	98016497
rs9385222	R002	6	98465097	unique_+	chr6	98017221
rs11712056	R001	3	49914397	unique_+	chr3	49876964
rs7613360	R001	3	49916710	unique_+	chr3	49879277
rs7634441	R001	3	50071677	unique_+	chr3	50034244
rs6446191	R001	3	50052834	unique_+	chr3	50015401
rs6793528	R001	3	50100188	unique_+	chr3	50062755
rs6446195	R001	3	50070853	unique_+	chr3	50033420
rs2624822	R001	3	50107219	unique_+	chr3	50069786
rs2526750	R001	3	50070279	unique_+	chr3	50032846
rs4688753	R001	3	50074773	unique_+	chr3	50037340
rs2526749	R001	3	50076734	unique_+	chr3	50039301
rs6446194	R001	3	50067298	unique_+	chr3	50029865
rs7645466	R001	3	50049958	unique_+	chr3	50012525
rs9844201	R001	3	50072152	unique_+	chr3	50034719
rs9682295	R001	3	50081107	unique_+	chr3	50043674
rs7430334	R001	3	50078221	unique_+	chr3	50040788
rs17657664	R001	3	50032008	unique_+	chr3	49994575
rs2624815	R001	3	50098112	unique_+	chr3	50060679
rs4688754	R001	3	50074641	unique_+	chr3	50037208
rs7624030	R001	3	50071279	unique_+	chr3	50033846
rs6762477	R001	3	50093209	unique_+	chr3	50055776
rs17657688	R001	3	50033228	unique_+	chr3	49995795
rs3774734	R001	3	50108792	unique_+	chr3	50071359
rs2624832	R001	3	50030858	unique_+	chr3	49993425
rs2624819	R001	3	50010571	unique_+	chr3	49973138
rs13082703	R001	3	50025006	unique_+	chr3	49987573
rs11709503	R001	3	49991167	unique_+	chr3	49953734
rs11706185	R001	3	49988065	unique_+	chr3	49950632
rs2681776	R001	3	50020437	unique_+	chr3	49983004
rs13077403	R001	3	49996053	unique_+	chr3	49958620
rs4562150	R002	6	98464961	unique_+	chr6	98017085
rs62262114	R001	3	49999086	unique_+	chr3	49961653
rs13079006	R001	3	49996924	unique_+	chr3	49959491
rs11721204	R001	3	49982765	unique_+	chr3	49945332
rs12634780	R001	3	50043341	unique_+	chr3	50005908
rs9812936	R001	3	50043654	unique_+	chr3	50006221
rs1138536	R001	3	50153356	unique_+	chr3	50115923
rs6808044	R001	3	50136165	unique_+	chr3	50098732
rs1046953	R001	3	50197097	unique_+	chr3	50159664
rs2247510	R001	3	50126215	unique_+	chr3	50088782
rs1061474	R001	3	50144951	unique_+	chr3	50107518
rs6446197	R001	3	50088943	unique_+	chr3	50051510
rs2624829	R001	3	50156695	unique_+	chr3	50119262
rs2624826	R001	3	50155468	unique_+	chr3	50118035
rs7061	R001	3	50114515	unique_+	chr3	50077082
rs2526747	R001	3	50082914	unique_+	chr3	50045481
rs2856237	R001	3	50158774	unique_+	chr3	50121341
rs2003485	R001	3	50176589	unique_+	chr3	50139156
rs17304079	R001	3	50085153	unique_+	chr3	50047720
rs2856238	R001	3	50158191	unique_+	chr3	50120758
rs55924524	R001	3	50120257	unique_+	chr3	50082824
rs9681286	R001	3	50125219	unique_+	chr3	50087786
rs35849525	R001	3	50067350	unique_+	chr3	50029917
rs2624848	R001	3	50165101	unique_+	chr3	50127668
rs7627910	R001	3	49971831	unique_+	chr3	49934398
rs7648652	R001	3	50135412	unique_+	chr3	50097979
rs143336190	R001	3	50124950	unique_+	chr3	50087517
rs62422687	R002	6	98664414	unique_+	chr6	98216538
rs2014004	R001	3	50175940	unique_+	chr3	50138507
rs1338549	R002	6	98312143	unique_+	chr6	97864267
rs1933721	R002	6	98313223	unique_+	chr6	97865347
rs9320747	R002	6	98310291	unique_+	chr6	97862415
rs13126505	R003	4	102865304	unique_+	chr4	101944147
rs9374897	R002	6	98310571	unique_+	chr6	97862695
rs9374896	R002	6	98310484	unique_+	chr6	97862608
rs7756023	R002	6	98330225	unique_+	chr6	97882349
rs6906737	R002	6	98345853	unique_+	chr6	97897977
rs9372620	R002	6	98330025	unique_+	chr6	97882149
rs10484867	R002	6	98332567	unique_+	chr6	97884691
rs7744474	R002	6	98330626	unique_+	chr6	97882750
rs7775492	R002	6	98332930	unique_+	chr6	97885054
rs2526387	R001	3	50175348	unique_+	chr3	50137915
rs12662607	R002	6	98329264	unique_+	chr6	97881388
rs9320759	R002	6	98331357	unique_+	chr6	97883481
rs10484868	R002	6	98332622	unique_+	chr6	97884746
rs9490001	R002	6	98331133	unique_+	chr6	97883257
rs9490000	R002	6	98331085	unique_+	chr6	97883209
rs9490003	R002	6	98331316	unique_+	chr6	97883440
rs9401305	R002	6	98331937	unique_+	chr6	97884061
rs2039722	R002	6	98314912	unique_+	chr6	97867036
rs2189691	R001	3	50174025	unique_+	chr3	50136592
rs4839928	R002	6	98326012	unique_+	chr6	97878136
rs4142530	R002	6	98322282	unique_+	chr6	97874406
rs4839927	R002	6	98325884	unique_+	chr6	97878008
rs2039719	R002	6	98326863	unique_+	chr6	97878987
rs9489980	R002	6	98325541	unique_+	chr6	97877665
rs9387845	R002	6	98328963	unique_+	chr6	97881087
rs9387823	R002	6	98325000	unique_+	chr6	97877124
rs12662596	R002	6	98329165	unique_+	chr6	97881289
rs4839929	R002	6	98326080	unique_+	chr6	97878204
rs9401278	R002	6	98324943	unique_+	chr6	97877067
rs17813294	R002	6	98464608	unique_+	chr6	98016732
rs12189679	R002	6	98333409	unique_+	chr6	97885533
rs12205774	R002	6	98324132	unique_+	chr6	97876256
rs9401250	R002	6	98316447	unique_+	chr6	97868571
rs4580876	R002	6	98322872	unique_+	chr6	97874996
rs6931604	R002	6	98578215	unique_+	chr6	98130339
rs13109404	R003	4	102896591	unique_+	chr4	101975434
rs13127398	R003	4	102921704	unique_+	chr4	102000547
rs35012435	R001	3	50031840	unique_+	chr3	49994407
rs13083396	R001	3	49997193	unique_+	chr3	49959760
rs6855246	R003	4	103112470	unique_+	chr4	102191313
rs13105682	R003	4	102702364	unique_+	chr4	101781207
rs62262118	R001	3	50003586	unique_+	chr3	49966153
rs62262106	R001	3	49991427	unique_+	chr3	49953994
rs71326904	R001	3	49991060	unique_+	chr3	49953627
rs2526389	R001	3	50192826	unique_+	chr3	50155393
rs13097720	R001	3	50101468	unique_+	chr3	50064035
rs2624839	R001	3	50202231	unique_+	chr3	50164798
rs35375092	R001	3	50065274	unique_+	chr3	50027841
rs6928583	R002	6	98398142	unique_+	chr6	97950266
rs6800021	R001	3	50190346	unique_+	chr3	50152913
rs1005678	R001	3	50210289	unique_+	chr3	50172856
rs6787892	R001	3	50046112	unique_+	chr3	50008679
rs13071931	R001	3	50062878	unique_+	chr3	50025445
rs7615318	R001	3	49987475	unique_+	chr3	49950042
rs13095697	R001	3	50136463	unique_+	chr3	50099030
rs7635601	R001	3	50044006	unique_+	chr3	50006573
rs2518795	R001	3	50208819	unique_+	chr3	50171386
rs2188151	R001	3	50201924	unique_+	chr3	50164491
rs2518796	R001	3	50207075	unique_+	chr3	50169642
rs1601732	R002	6	98553660	unique_+	chr6	98105784
rs1906251	R002	6	98560826	unique_+	chr6	98112950
rs62263602	R001	3	50152491	unique_+	chr3	50115058
rs2263208	R002	6	98591810	unique_+	chr6	98143934
rs2450527	R002	6	98585068	unique_+	chr6	98137192
rs17814604	R002	6	98585502	unique_+	chr6	98137626
rs9490616	R002	6	98567517	unique_+	chr6	98119641
rs2450525	R002	6	98586363	unique_+	chr6	98138487
rs2450526	R002	6	98585152	unique_+	chr6	98137276
rs1487450	R002	6	98579021	unique_+	chr6	98131145
rs2450512	R002	6	98589701	unique_+	chr6	98141825
rs9375216	R002	6	98575858	unique_+	chr6	98127982
rs2502933	R002	6	98580861	unique_+	chr6	98132985
rs2046604	R002	6	98569894	unique_+	chr6	98122018
rs9388109	R002	6	98539872	unique_+	chr6	98091996
rs2450518	R002	6	98580836	unique_+	chr6	98132960
rs7773141	R002	6	98537134	unique_+	chr6	98089258
rs9398685	R002	6	98536617	unique_+	chr6	98088741
rs3811067	R002	6	98574920	unique_+	chr6	98127044
rs11714286	R001	3	50185508	unique_+	chr3	50148075
rs17199964	R003	4	102707791	unique_+	chr4	101786634
rs12631337	R001	3	50198537	unique_+	chr3	50161104
rs62260755	R001	3	49898318	unique_+	chr3	49860885
rs1806415	R002	6	98591836	unique_+	chr6	98143960
rs12211582	R002	6	98379875	unique_+	chr6	97931999
rs6934716	R002	6	98378486	unique_+	chr6	97930610
rs2280405	R001	3	49895052	unique_+	chr3	49857619
rs6940021	R002	6	98379027	unique_+	chr6	97931151
rs9482117	R002	6	98380233	unique_+	chr6	97932357
rs4395728	R002	6	98378173	unique_+	chr6	97930297
rs4463263	R002	6	98385908	unique_+	chr6	97938032
rs11154000	R002	6	98390906	unique_+	chr6	97943030
rs12154193	R002	6	98387276	unique_+	chr6	97939400
rs2073726	R001	3	50223593	unique_+	chr3	50186160
rs11711407	R001	3	50225029	unique_+	chr3	50187596
rs9858059	R001	3	50227871	unique_+	chr3	50190438
rs9387925	R002	6	98391101	unique_+	chr6	97943225
rs9490127	R002	6	98390318	unique_+	chr6	97942442
rs11717349	R001	3	50223977	unique_+	chr3	50186544
rs1933720	R002	6	98297832	unique_+	chr6	97849956
rs2503776	R002	6	98520526	unique_+	chr6	98072650
rs2503788	R002	6	98498892	unique_+	chr6	98051016
rs2505057	R002	6	98500437	unique_+	chr6	98052561
rs3755831	R001	3	50228767	unique_+	chr3	50191334
rs2505058	R002	6	98496511	unique_+	chr6	98048635
rs2503784	R002	6	98505761	unique_+	chr6	98057885
rs2503781	R002	6	98506949	unique_+	chr6	98059073
rs2505059	R002	6	98495952	unique_+	chr6	98048076
rs2505051	R002	6	98511047	unique_+	chr6	98063171
rs3004176	R002	6	98504640	unique_+	chr6	98056764
rs67627084	R001	3	50216114	unique_+	chr3	50178681
rs2503782	R002	6	98506649	unique_+	chr6	98058773
rs4587178	R002	6	98421991	unique_+	chr6	97974115
rs71326915	R001	3	50119256	unique_+	chr3	50081823
rs9831967	R001	3	50217234	unique_+	chr3	50179801
rs13085567	R001	3	50217654	unique_+	chr3	50180221
rs34877766	R001	3	50234126	unique_+	chr3	50196693
rs62260729	R001	3	49889919	unique_+	chr3	49852486
rs3749237	R001	3	49770032	unique_+	chr3	49732599
rs34522271	R001	3	49808517	unique_+	chr3	49771084
rs10865959	R001	3	49891002	unique_+	chr3	49853569
rs71324996	R001	3	49834767	unique_+	chr3	49797334
rs13316065	R001	3	49884913	unique_+	chr3	49847480
rs9819511	R001	3	49884261	unique_+	chr3	49846828
rs1317140	R001	3	49878652	unique_+	chr3	49841219
rs7431078	R001	3	49808190	unique_+	chr3	49770757
rs11717463	R001	3	49808981	unique_+	chr3	49771548
rs35210174	R001	3	49812606	unique_+	chr3	49775173
rs1506505	R003	4	103125489	unique_+	chr4	102204332
rs75541746	R002	6	98289395	unique_+	chr6	97841519
rs11920900	R001	3	49823024	unique_+	chr3	49785591
rs13086130	R001	3	49779764	unique_+	chr3	49742331
rs56116382	R001	3	49606188	unique_+	chr3	49568755
rs2307021	R001	3	49765483	unique_+	chr3	49728050
rs978998	R003	4	103133429	unique_+	chr4	102212272
rs2352967	R001	3	49871641	unique_+	chr3	49834208
rs2291542	R001	3	49751585	unique_+	chr3	49714152
rs35474403	R001	3	49819779	unique_+	chr3	49782346
rs13105581	R003	4	103228830	unique_+	chr4	102307673
rs11130214	R001	3	49735746	unique_+	chr3	49698313
rs11130216	R001	3	49736172	unique_+	chr3	49698739
rs13084243	R001	3	49821878	unique_+	chr3	49784445
rs6804655	R001	3	49738945	unique_+	chr3	49701512
rs2352975	R001	3	49891885	unique_+	chr3	49854452
rs11710675	R001	3	49751900	unique_+	chr3	49714467
rs11714957	R001	3	49776178	unique_+	chr3	49738745
rs7667281	R003	4	103133044	unique_+	chr4	102211887
rs4768	R001	3	49758764	unique_+	chr3	49721331
rs2234385	R001	3	49846041	unique_+	chr3	49808608
rs34735338	R001	3	49831698	unique_+	chr3	49794265
rs10031823	R003	4	103125031	unique_+	chr4	102203874
rs13086465	R001	3	49779906	unique_+	chr3	49742473
rs2276864	R001	3	49894030	unique_+	chr3	49856597
rs4688745	R001	3	50240338	unique_+	chr3	50202905
rs1799843	R001	3	49849723	unique_+	chr3	49812290
rs1799845	R001	3	49847623	unique_+	chr3	49810190
rs62260719	R001	3	49852419	unique_+	chr3	49814986
rs10049413	R001	3	49892896	unique_+	chr3	49855463
rs62260715	R001	3	49829326	unique_+	chr3	49791893
rs9850465	R001	3	49860678	unique_+	chr3	49823245
rs79690157	R002	6	98540145	unique_+	chr6	98092269
rs6920575	R002	6	98365764	unique_+	chr6	97917888
rs11717256	R001	3	49868520	unique_+	chr3	49831087
rs4320374	R002	6	98450190	unique_+	chr6	98002314
rs79245415	R002	6	98323549	unique_+	chr6	97875673
rs2236942	R001	3	50248807	unique_+	chr3	50211374
rs1858828	R001	3	50242387	unique_+	chr3	50204954
rs34333163	R003	4	103283117	unique_+	chr4	102361960
rs12496226	R001	3	49734040	unique_+	chr3	49696607
rs13109272	R003	4	103292422	unique_+	chr4	102371265
rs2526397	R001	3	50187790	unique_+	chr3	50150357
rs78323999	R002	6	98459501	unique_+	chr6	98011625
rs75477016	R002	6	98781196	unique_+	chr6	98333320
rs56306491	R001	3	49314960	unique_+	chr3	49277527
rs2503773	R002	6	98537145	unique_+	chr6	98089269
rs2526398	R001	3	50187596	unique_+	chr3	50150163
rs9490512	R002	6	98537993	unique_+	chr6	98090117
rs4839930	R002	6	98360211	unique_+	chr6	97912335
rs2450528	R002	6	98540357	unique_+	chr6	98092481
rs9482077	R002	6	98351457	unique_+	chr6	97903581
rs11153981	R002	6	98370615	unique_+	chr6	97922739
rs73084135	R001	3	49272218	unique_+	chr3	49234785
rs11153968	R002	6	98355661	unique_+	chr6	97907785
rs6920927	R002	6	98358083	unique_+	chr6	97910207
rs6934784	R002	6	98361795	unique_+	chr6	97913919
rs6925043	R002	6	98355221	unique_+	chr6	97907345
rs7761915	R002	6	98349530	unique_+	chr6	97901654
rs6927038	R002	6	98350319	unique_+	chr6	97902443
rs11153975	R002	6	98368639	unique_+	chr6	97920763
rs11153961	R002	6	98348985	unique_+	chr6	97901109
rs7757867	R002	6	98349496	unique_+	chr6	97901620
rs10872213	R002	6	98356503	unique_+	chr6	97908627
rs6569161	R002	6	98353622	unique_+	chr6	97905746
rs6907873	R002	6	98356183	unique_+	chr6	97908307
rs2388151	R002	6	98361406	unique_+	chr6	97913530
rs6924808	R002	6	98358575	unique_+	chr6	97910699
rs11710905	R001	3	49651534	unique_+	chr3	49614101
rs9813813	R001	3	49207093	unique_+	chr3	49169660
rs7761722	R002	6	98349364	unique_+	chr6	97901488
rs11718982	R001	3	49132554	unique_+	chr3	49095121
rs2282749	R001	3	50250837	unique_+	chr3	50213404
rs6924833	R002	6	98358618	unique_+	chr6	97910742
rs112837572	R001	3	48901171	unique_+	chr3	48863738
rs12192282	R002	6	98366713	unique_+	chr6	97918837
rs6927014	R002	6	98359053	unique_+	chr6	97911177
rs2526390	R001	3	50192760	unique_+	chr3	50155327
rs6901729	R002	6	98355187	unique_+	chr6	97907311
rs34823813	R001	3	49749976	unique_+	chr3	49712543
rs6939508	R002	6	98361770	unique_+	chr6	97913894
rs6934796	R002	6	98361813	unique_+	chr6	97913937
rs73074866	R001	3	49626666	unique_+	chr3	49589233
rs55873331	R001	3	49597055	unique_+	chr3	49559622
rs9832454	R001	3	50217558	unique_+	chr3	50180125
rs13101632	R003	4	103034391	unique_+	chr4	102113234
rs238449	R003	4	103112813	unique_+	chr4	102191656
rs11716159	R001	3	49631585	unique_+	chr3	49594152
rs2624838	R001	3	50205642	unique_+	chr3	50168209
rs112736626	R001	3	48952483	unique_+	chr3	48915050
rs13077498	R001	3	49313978	unique_+	chr3	49276545
rs111353936	R001	3	49475898	unique_+	chr3	49438465
rs12209045	R002	6	98448725	unique_+	chr6	98000849
rs2624841	R001	3	50198415	unique_+	chr3	50160982
rs4699006	R003	4	103190828	unique_+	chr4	102269671
rs80170003	R001	3	48951640	unique_+	chr3	48914207
rs6909175	R002	6	98356211	unique_+	chr6	97908335
rs112837936	R001	3	49466021	unique_+	chr3	49428588
rs138320228	R001	3	49626600	unique_+	chr3	49589167
rs61729488	R001	3	49067904	unique_+	chr3	49030471
rs1338554	R002	6	98346801	unique_+	chr6	97898925
rs56735597	R001	3	48765168	unique_+	chr3	48727735
rs9992479	R003	4	103192243	unique_+	chr4	102271086
rs10049462	R001	3	49309684	unique_+	chr3	49272251
rs11716820	R001	3	50228316	unique_+	chr3	50190883
rs4839933	R002	6	98449707	unique_+	chr6	98001831
rs6569235	R002	6	98460173	unique_+	chr6	98012297
rs112101327	R001	3	49813826	unique_+	chr3	49776393
rs11720460	R001	3	49269270	unique_+	chr3	49231837
rs34343820	R001	3	49309534	unique_+	chr3	49272101
rs13068038	R001	3	49294250	unique_+	chr3	49256817
rs35185152	R001	3	49277521	unique_+	chr3	49240088
rs67831908	R001	3	49313513	unique_+	chr3	49276080
rs9311439	R001	3	49310408	unique_+	chr3	49272975
rs150429489	R001	3	49319336	unique_+	chr3	49281903
rs17032400	R003	4	103190229	unique_+	chr4	102269072
rs11715835	R001	3	48770732	unique_+	chr3	48733299
rs12715434	R001	3	49295025	unique_+	chr3	49257592
rs67286839	R001	3	49265744	unique_+	chr3	49228311
rs9990153	R001	3	49291883	unique_+	chr3	49254450
rs11715689	R001	3	48770281	unique_+	chr3	48732848
rs9320842	R002	6	98453465	unique_+	chr6	98005589
rs111256226	R001	3	49288614	unique_+	chr3	49251181
rs11719220	R001	3	49245201	unique_+	chr3	49207768
rs1338553	R002	6	98346704	unique_+	chr6	97898828
rs9847839	R001	3	49289003	unique_+	chr3	49251570
rs113186424	R001	3	49272726	unique_+	chr3	49235293
rs35060561	R001	3	49255503	unique_+	chr3	49218070
rs34784192	R001	3	49274823	unique_+	chr3	49237390
rs9828310	R001	3	49289387	unique_+	chr3	49251954
rs9850917	R001	3	49286983	unique_+	chr3	49249550
rs2624835	R001	3	50209049	unique_+	chr3	50171616
rs9853352	R001	3	49813258	unique_+	chr3	49775825
rs147876732	R001	3	49254385	unique_+	chr3	49216952
rs11715713	R001	3	48770306	unique_+	chr3	48732873
rs34580506	R001	3	49113713	unique_+	chr3	49076280
rs9490122	R002	6	98385548	unique_+	chr6	97937672
rs6926135	R002	6	98388730	unique_+	chr6	97940854
rs12216151	R002	6	98426502	unique_+	chr6	97978626
rs138186184	R001	3	49319337	unique_+	chr3	49281904
rs9654630	R002	6	98436333	unique_+	chr6	97988457
rs1338552	R002	6	98346633	unique_+	chr6	97898757
rs2023953	R001	3	50103917	unique_+	chr3	50066484
rs2624833	R001	3	50212512	unique_+	chr3	50175079
rs13084000	R001	3	48772714	unique_+	chr3	48735281
rs9826525	R001	3	49264615	unique_+	chr3	49227182
rs9880309	R001	3	49304329	unique_+	chr3	49266896
rs71324929	R001	3	49044713	unique_+	chr3	49007280
rs34571182	R001	3	49209057	unique_+	chr3	49171624
rs13074318	R001	3	48816725	unique_+	chr3	48779292
rs73079018	R001	3	49875327	unique_+	chr3	49837894
rs11710247	R001	3	49249800	unique_+	chr3	49212367
rs34889065	R001	3	49124817	unique_+	chr3	49087384
rs34566463	R001	3	49245077	unique_+	chr3	49207644
rs2851245	R003	4	103113209	unique_+	chr4	102192052
rs71324939	R001	3	49248608	unique_+	chr3	49211175
rs4560655	R002	6	98444794	unique_+	chr6	97996918
rs63519	R003	4	103202914	unique_+	chr4	102281757
rs12207309	R002	6	98419613	unique_+	chr6	97971737
rs4428508	R002	6	98434438	unique_+	chr6	97986562
rs9835439	R001	3	49220330	unique_+	chr3	49182897
rs9482159	R002	6	98413299	unique_+	chr6	97965423
rs10154895	R001	3	49174356	unique_+	chr3	49136923
rs11712006	R001	3	49115948	unique_+	chr3	49078515
rs9490133	R002	6	98392312	unique_+	chr6	97944436
rs4610575	R002	6	98417147	unique_+	chr6	97969271
rs9880088	R001	3	49178990	unique_+	chr3	49141557
rs35108630	R001	3	49088356	unique_+	chr3	49050923
rs74477111	R001	3	49233006	unique_+	chr3	49195573
rs13072554	R001	3	49087211	unique_+	chr3	49049778
rs4395729	R002	6	98440879	unique_+	chr6	97993003
rs13073997	R001	3	48911647	unique_+	chr3	48874214
rs13080725	R001	3	49076092	unique_+	chr3	49038659
rs72934736	R002	6	98423345	unique_+	chr6	97975469
rs2498442	R002	6	98493210	unique_+	chr6	98045334
rs6928545	R002	6	98337903	unique_+	chr6	97890027
rs34037363	R001	3	48821036	unique_+	chr3	48783603
rs9837625	R001	3	49215966	unique_+	chr3	49178533
rs9482158	R002	6	98412564	unique_+	chr6	97964688
rs12214442	R002	6	98517272	unique_+	chr6	98069396
rs9490129	R002	6	98390677	unique_+	chr6	97942801
rs11709246	R001	3	48859498	unique_+	chr3	48822065
rs11713297	R001	3	49213030	unique_+	chr3	49175597
rs7740370	R002	6	98473185	unique_+	chr6	98025309
rs11552724	R001	3	49156473	unique_+	chr3	49119040
rs11706052	R001	3	49064110	unique_+	chr3	49026677
rs11708022	R001	3	48893136	unique_+	chr3	48855703
rs9862483	R001	3	49195441	unique_+	chr3	49158008
rs9844757	R001	3	49343601	unique_+	chr3	49306168
rs7741660	R002	6	98473269	unique_+	chr6	98025393
rs11706189	R001	3	49210833	unique_+	chr3	49173400
rs13094900	R001	3	48837732	unique_+	chr3	48800299
rs11713694	R001	3	48833615	unique_+	chr3	48796182
rs66991555	R001	3	49228643	unique_+	chr3	49191210
rs13096406	R001	3	49209058	unique_+	chr3	49171625
rs11708786	R001	3	48752654	unique_+	chr3	48715221
rs9320825	R002	6	98431805	unique_+	chr6	97983929
rs35283189	R001	3	49113668	unique_+	chr3	49076235
rs9855123	R001	3	49229457	unique_+	chr3	49192024
rs11154040	R002	6	98436938	unique_+	chr6	97989062
rs2505049	R002	6	98517804	unique_+	chr6	98069928
rs11715177	R001	3	48763894	unique_+	chr3	48726461
rs35102816	R001	3	49109585	unique_+	chr3	49072152
rs67332931	R001	3	48866548	unique_+	chr3	48829115
rs9490128	R002	6	98390463	unique_+	chr6	97942587
rs4295488	R002	6	98394217	unique_+	chr6	97946341
rs9814987	R001	3	49207849	unique_+	chr3	49170416
rs116432667	R001	3	48947589	unique_+	chr3	48910156
rs9837237	R001	3	49215583	unique_+	chr3	49178150
rs34477108	R001	3	48941782	unique_+	chr3	48904349
rs34504524	R001	3	49032381	unique_+	chr3	48994948
rs71324924	R001	3	48865444	unique_+	chr3	48828011
rs67060340	R001	3	48915321	unique_+	chr3	48877888
rs12196026	R002	6	98398914	unique_+	chr6	97951038
rs28567949	R001	3	48744560	unique_+	chr3	48707127
rs13063223	R001	3	48750340	unique_+	chr3	48712907
rs2503789	R002	6	98494482	unique_+	chr6	98046606
rs13087930	R001	3	48961726	unique_+	chr3	48924293
rs13086240	R001	3	49001409	unique_+	chr3	48963976
rs7452685	R002	6	98511568	unique_+	chr6	98063692
rs2498443	R002	6	98493740	unique_+	chr6	98045864
rs9877685	R001	3	48748588	unique_+	chr3	48711155
rs11154067	R002	6	98486851	unique_+	chr6	98038975
rs9882549	R001	3	48749358	unique_+	chr3	48711925
rs34509487	R001	3	48964108	unique_+	chr3	48926675
rs13324950	R001	3	48762409	unique_+	chr3	48724976
rs17080319	R001	3	48732480	unique_+	chr3	48695047
rs35673421	R001	3	49139406	unique_+	chr3	49101973
rs112274965	R001	3	49342417	unique_+	chr3	49304984
rs13090839	R001	3	48977633	unique_+	chr3	48940200
rs9877542	R001	3	48748545	unique_+	chr3	48711112
rs11557629	R001	3	48732223	unique_+	chr3	48694790
rs4601136	R002	6	98488771	unique_+	chr6	98040895
rs9834996	R001	3	48754877	unique_+	chr3	48717444
rs11719457	R001	3	48974385	unique_+	chr3	48936952
rs3004178	R002	6	98512865	unique_+	chr6	98064989
rs11719291	R001	3	48735706	unique_+	chr3	48698273
rs431451	R003	4	103205128	unique_+	chr4	102283971
rs4132635	R002	6	98476651	unique_+	chr6	98028775
rs13067082	R001	3	50221715	unique_+	chr3	50184282
rs1046956	R001	3	50222926	unique_+	chr3	50185493
rs7775196	R002	6	98402387	unique_+	chr6	97954511
rs5030795	R001	3	49141116	unique_+	chr3	49103683
rs9854034	R001	3	48733507	unique_+	chr3	48696074
rs9858297	R001	3	50218879	unique_+	chr3	50181446
rs12632110	R001	3	50224225	unique_+	chr3	50186792
rs61137521	R001	3	48757773	unique_+	chr3	48720340
rs2505056	R002	6	98500715	unique_+	chr6	98052839
rs9858428	R001	3	49877585	unique_+	chr3	49840152
rs233828	R003	4	103199767	unique_+	chr4	102278610
rs151410	R003	4	103140736	unique_+	chr4	102219579
rs34153629	R001	3	48739149	unique_+	chr3	48701716
rs13316551	R001	3	48745167	unique_+	chr3	48707734
rs2505054	R002	6	98502762	unique_+	chr6	98054886
rs11717978	R001	3	48969036	unique_+	chr3	48931603
rs2624818	R001	3	50056265	unique_+	chr3	50018832
rs12637671	R001	3	50224562	unique_+	chr3	50187129
rs11706983	R001	3	48738678	unique_+	chr3	48701245
rs9870030	R001	3	49332709	unique_+	chr3	49295276
rs13059311	R001	3	50216421	unique_+	chr3	50178988
rs111881466	R001	3	48729460	unique_+	chr3	48692027
rs9811027	R001	3	48725014	unique_+	chr3	48687581
rs28793701	R001	3	48762683	unique_+	chr3	48725250
rs233823	R003	4	103203945	unique_+	chr4	102282788
rs28657585	R001	3	48736216	unique_+	chr3	48698783
rs4839932	R002	6	98403406	unique_+	chr6	97955530
rs11757426	R002	6	98400834	unique_+	chr6	97952958
rs9818758	R001	3	49382925	unique_+	chr3	49345492
rs151404	R003	4	103191787	unique_+	chr4	102270630
rs14321	R001	3	50226151	unique_+	chr3	50188718
rs11706203	R001	3	48746239	unique_+	chr3	48708806
rs35064573	R001	3	48740280	unique_+	chr3	48702847
rs11717829	R001	3	49979727	unique_+	chr3	49942294
rs13434258	R001	3	48738491	unique_+	chr3	48701058
rs13090013	R001	3	48742578	unique_+	chr3	48705145
rs151401	R003	4	103190128	unique_+	chr4	102268971
rs657985	R003	4	103170700	unique_+	chr4	102249543
rs233830	R003	4	103198424	unique_+	chr4	102277267
rs59357103	R001	3	49890967	unique_+	chr3	49853534
rs34514189	R001	3	49373045	unique_+	chr3	49335612
rs35869135	R001	3	49359102	unique_+	chr3	49321669
rs13077723	R001	3	49336926	unique_+	chr3	49299493
rs11919418	R001	3	50233215	unique_+	chr3	50195782
rs13064381	R001	3	50233317	unique_+	chr3	50195884
rs151406	R003	4	103194264	unique_+	chr4	102273107
rs55662945	R001	3	49732699	unique_+	chr3	49695266
rs67882627	R001	3	49380441	unique_+	chr3	49343008
rs2230929	R001	3	49343175	unique_+	chr3	49305742
rs4688759	R001	3	50008118	unique_+	chr3	49970685
rs34915642	R001	3	49358646	unique_+	chr3	49321213
rs34567776	R001	3	49375349	unique_+	chr3	49337916
rs2304442	R001	3	49322027	unique_+	chr3	49284594
rs56038006	R001	3	49362369	unique_+	chr3	49324936
rs651547	R003	4	103169974	unique_+	chr4	102248817
rs9784827	R002	6	98313181	unique_+	chr6	97865305
rs11964122	R002	6	98546394	unique_+	chr6	98098518
rs4410472	R001	3	49329090	unique_+	chr3	49291657
rs11734114	R003	4	103219675	unique_+	chr4	102298518
rs465164	R003	4	103165513	unique_+	chr4	102244356
rs1338548	R002	6	98312172	unique_+	chr6	97864296
rs112375785	R002	6	98224217	unique_+	chr6	97776341
rs460624	R003	4	103164921	unique_+	chr4	102243764
rs621412	R003	4	103170568	unique_+	chr4	102249411
rs12715435	R001	3	49338992	unique_+	chr3	49301559
rs151412	R003	4	103138621	unique_+	chr4	102217464
rs659763	R003	4	103170292	unique_+	chr4	102249135
rs9864406	R001	3	49352619	unique_+	chr3	49315186
rs233816	R003	4	103206555	unique_+	chr4	102285398
rs9874474	R001	3	49326178	unique_+	chr3	49288745
rs233806	R003	4	103212846	unique_+	chr4	102291689
rs9489945	R002	6	98311875	unique_+	chr6	97863999
rs9873994	R001	3	49359943	unique_+	chr3	49322510
rs9863142	R001	3	49366741	unique_+	chr3	49329308
rs35446411	R001	3	49350033	unique_+	chr3	49312600
rs233812	R003	4	103210831	unique_+	chr4	102289674
rs9883409	R001	3	49331060	unique_+	chr3	49293627
rs659812	R003	4	103170246	unique_+	chr4	102249089
rs230489	R003	4	103388441	unique_+	chr4	102467284
rs233813	R003	4	103209753	unique_+	chr4	102288596
rs151411	R003	4	103138628	unique_+	chr4	102217471
rs458870	R003	4	103160208	unique_+	chr4	102239051
rs12185979	R001	3	49651970	unique_+	chr3	49614537
rs56318350	R001	3	48953777	unique_+	chr3	48916344
rs6774721	R001	3	49381898	unique_+	chr3	49344465
rs13150344	R003	4	103170124	unique_+	chr4	102248967
rs233810	R003	4	103211903	unique_+	chr4	102290746
rs73077175	R001	3	49774658	unique_+	chr3	49737225
rs11725311	R003	4	103196355	unique_+	chr4	102275198
rs2298952	R001	3	50286953	unique_+	chr3	50249521
rs680310	R003	4	103166627	unique_+	chr4	102245470
rs35166705	R003	4	103156923	unique_+	chr4	102235766
rs233807	R003	4	103212512	unique_+	chr4	102291355
rs144401529	R003	4	103194531	unique_+	chr4	102273374
rs151407	R003	4	103144890	unique_+	chr4	102223733
rs73080976	R001	3	50187326	unique_+	chr3	50149893
rs4557524	R002	6	98466195	unique_+	chr6	98018319
rs11710277	R001	3	50199747	unique_+	chr3	50162314
rs11716445	R001	3	49406095	unique_+	chr3	49368662
rs604362	R003	4	103147494	unique_+	chr4	102226337
rs2165265	R003	4	103203500	unique_+	chr4	102282343
rs13114461	R003	4	103284697	unique_+	chr4	102363540
rs7747481	R002	6	98315696	unique_+	chr6	97867820
rs4839924	R002	6	98313975	unique_+	chr6	97866099
rs7752040	R002	6	98340994	unique_+	chr6	97893118
rs1540293	R001	3	50463935	unique_+	chr3	50426504
rs9385616	R002	6	99532265	unique_+	chr6	99084389
rs62327949	R003	4	103216782	unique_+	chr4	102295625
rs13114738	R003	4	103284865	unique_+	chr4	102363708
rs9385615	R002	6	99531774	unique_+	chr6	99083898
rs1338547	R002	6	98338459	unique_+	chr6	97890583
rs13143234	R003	4	103287131	unique_+	chr4	102365974
rs7637711	R001	3	49829653	unique_+	chr3	49792220
rs11733504	R003	4	103203467	unique_+	chr4	102282310
rs6908348	R002	6	98328077	unique_+	chr6	97880201
rs9401295	R002	6	98328774	unique_+	chr6	97880898
rs9489958	R002	6	98319621	unique_+	chr6	97871745
rs13135688	R003	4	103285906	unique_+	chr4	102364749
rs6790568	R001	3	49835450	unique_+	chr3	49798017
rs4363046	R002	6	98326007	unique_+	chr6	97878131
rs10872204	R002	6	98322436	unique_+	chr6	97874560
rs1996664	R001	3	49878395	unique_+	chr3	49840962
rs35129566	R001	3	49866584	unique_+	chr3	49829151
rs7770226	R002	6	98320402	unique_+	chr6	97872526
rs73073015	R001	3	49503166	unique_+	chr3	49465733
rs6446298	R001	3	49860854	unique_+	chr3	49823421
rs6929455	R002	6	98327350	unique_+	chr6	97879474
rs1158653	R002	6	99530312	unique_+	chr6	99082436
rs11097772	R003	4	103215245	unique_+	chr4	102294088
rs4486020	R002	6	98325888	unique_+	chr6	97878012
rs7649428	R001	3	49868876	unique_+	chr3	49831443
rs170869	R003	4	103220401	unique_+	chr4	102299244
rs111599092	R001	3	49502779	unique_+	chr3	49465346
rs9399012	R002	6	99492949	unique_+	chr6	99045073
rs73078305	R001	3	48584813	unique_+	chr3	48547380
rs2165266	R003	4	103208891	unique_+	chr4	102287734
rs11737763	R003	4	103215692	unique_+	chr4	102294535
rs7694296	R003	4	103218060	unique_+	chr4	102296903
rs4839925	R002	6	98317476	unique_+	chr6	97869600
rs77941694	R001	3	49886319	unique_+	chr3	49848886
rs13121488	R003	4	102880524	unique_+	chr4	101959367
rs4698844	R003	4	103217980	unique_+	chr4	102296823
rs62260723	R001	3	49872124	unique_+	chr3	49834691
rs62260720	R001	3	49853796	unique_+	chr3	49816363
rs173048	R003	4	103213362	unique_+	chr4	102292205
rs10489122	R003	4	103206090	unique_+	chr4	102284933
rs34205595	R003	4	102903175	unique_+	chr4	101982018
rs7620853	R001	3	48666503	unique_+	chr3	48629070
rs7699390	R003	4	103218446	unique_+	chr4	102297289
rs4698845	R003	4	103218327	unique_+	chr4	102297170
rs1586827	R001	3	49671224	unique_+	chr3	49633791
rs59684465	R001	3	49874246	unique_+	chr3	49836813
rs13113094	R003	4	102928866	unique_+	chr4	102007709
rs113176147	R001	3	49534439	unique_+	chr3	49497006
rs3821876	R001	3	48668394	unique_+	chr3	48630961
rs4855882	R001	3	49715354	unique_+	chr3	49677921
rs2131108	R001	3	49665390	unique_+	chr3	49627957
rs151415	R003	4	103137539	unique_+	chr4	102216382
rs73079012	R001	3	49861068	unique_+	chr3	49823635
rs9829155	R001	3	49817450	unique_+	chr3	49780017
rs62262722	R001	3	49769419	unique_+	chr3	49731986
rs9824435	R001	3	49674343	unique_+	chr3	49636910
rs6809879	R001	3	49834571	unique_+	chr3	49797138
rs62259939	R001	3	49386047	unique_+	chr3	49348614
rs74926817	R001	3	49378833	unique_+	chr3	49341400
rs7623687	R001	3	49448566	unique_+	chr3	49411133
rs6797765	R001	3	49423976	unique_+	chr3	49386543
rs61557789	R001	3	49871201	unique_+	chr3	49833768
rs233811	R003	4	103211254	unique_+	chr4	102290097
rs6804970	R001	3	49804290	unique_+	chr3	49766857
rs9836756	R001	3	49822909	unique_+	chr3	49785476
rs73077200	R001	3	49826987	unique_+	chr3	49789554
rs9883000	R001	3	49667691	unique_+	chr3	49630258
rs6807194	R001	3	50236373	unique_+	chr3	50198940
rs396902	R003	4	103215671	unique_+	chr4	102294514
rs9872660	R001	3	49378832	unique_+	chr3	49341399
rs3020779	R001	3	49724808	unique_+	chr3	49687375
rs11130217	R001	3	49737323	unique_+	chr3	49699890
rs9851930	R001	3	49825369	unique_+	chr3	49787936
rs62260663	R001	3	49814949	unique_+	chr3	49777516
rs2236974	R001	3	50474574	unique_+	chr3	50437143
rs7621797	R001	3	49798864	unique_+	chr3	49761431
rs1078341	R001	3	49685592	unique_+	chr3	49648159
rs62262675	R001	3	49673662	unique_+	chr3	49636229
rs9851651	R001	3	49825326	unique_+	chr3	49787893
rs55997059	R001	3	49858661	unique_+	chr3	49821228
rs12715437	R001	3	49751856	unique_+	chr3	49714423
rs9835157	R001	3	49797769	unique_+	chr3	49760336
rs148383796	R001	3	49811047	unique_+	chr3	49773614
rs233815	R003	4	103207807	unique_+	chr4	102286650
rs17650792	R001	3	49390250	unique_+	chr3	49352817
rs4855885	R001	3	49690199	unique_+	chr3	49652766
rs62262672	R001	3	49655927	unique_+	chr3	49618494
rs6774202	R001	3	49687779	unique_+	chr3	49650346
rs6446274	R001	3	49465601	unique_+	chr3	49428168
rs13107511	R003	4	103385407	unique_+	chr4	102464250
rs9830730	R001	3	49675875	unique_+	chr3	49638442
rs4855845	R001	3	49687043	unique_+	chr3	49649610
rs13096480	R001	3	49658084	unique_+	chr3	49620651
rs4855848	R001	3	49653457	unique_+	chr3	49616024
rs62262730	R001	3	49808274	unique_+	chr3	49770841
rs13063312	R001	3	48661985	unique_+	chr3	48624552
rs62259942	R001	3	49422687	unique_+	chr3	49385254
rs58339610	R001	3	49845006	unique_+	chr3	49807573
rs4855849	R001	3	49653378	unique_+	chr3	49615945
rs2329021	R001	3	49679072	unique_+	chr3	49641639
rs4855846	R001	3	49683526	unique_+	chr3	49646093
rs71621626	R003	4	103345983	unique_+	chr4	102424826
rs7620848	R001	3	49828021	unique_+	chr3	49790588
rs1464568	R001	3	49458266	unique_+	chr3	49420833
rs57334642	R001	3	48666795	unique_+	chr3	48629362
rs2117939	R001	3	49415179	unique_+	chr3	49377746
rs73088122	R001	3	49432404	unique_+	chr3	49394971
rs4855833	R001	3	49657441	unique_+	chr3	49620008
rs7631908	R001	3	49425707	unique_+	chr3	49388274
rs9870755	R001	3	49809841	unique_+	chr3	49772408
rs1352889	R001	3	49652148	unique_+	chr3	49614715
rs10452032	R001	3	49680973	unique_+	chr3	49643540
rs7613603	R001	3	49812866	unique_+	chr3	49775433
rs62262671	R001	3	49649873	unique_+	chr3	49612440
rs3806694	R001	3	48672334	unique_+	chr3	48634901
rs9870858	R001	3	49769071	unique_+	chr3	49731638
rs55754265	R001	3	49687486	unique_+	chr3	49650053
rs28535523	R001	3	49848414	unique_+	chr3	49810981
rs112890859	R001	3	49252583	unique_+	chr3	49215150
rs11709734	R001	3	49745235	unique_+	chr3	49707802
rs6784820	R001	3	49450864	unique_+	chr3	49413431
rs55957735	R001	3	49438158	unique_+	chr3	49400725
rs6446286	R001	3	49681704	unique_+	chr3	49644271
rs7628207	R001	3	49754970	unique_+	chr3	49717537
rs2119213	R003	4	103203853	unique_+	chr4	102282696
rs1491985	R001	3	49739507	unique_+	chr3	49702074
rs11153822	R002	6	98214814	unique_+	chr6	97766938
rs233805	R003	4	103212864	unique_+	chr4	102291707
rs62262673	R001	3	49661634	unique_+	chr3	49624201
rs440702	R003	4	103214388	unique_+	chr4	102293231
rs4855866	R001	3	49504118	unique_+	chr3	49466685
rs233804	R003	4	103212916	unique_+	chr4	102291759
rs13125328	R003	4	102855110	unique_+	chr4	101933953
rs13096357	R001	3	48675856	unique_+	chr3	48638423
rs4855843	R001	3	49429039	unique_+	chr3	49391606
rs7373849	R001	3	49407229	unique_+	chr3	49369796
rs34368826	R001	3	48670827	unique_+	chr3	48633394
rs4955412	R001	3	49418168	unique_+	chr3	49380735
rs11716948	R001	3	49431903	unique_+	chr3	49394470
rs233808	R003	4	103212456	unique_+	chr4	102291299
rs1799844	R001	3	49847642	unique_+	chr3	49810209
rs72692219	R003	4	103207425	unique_+	chr4	102286268
rs13129951	R003	4	103374760	unique_+	chr4	102453603
rs1464566	R001	3	49459376	unique_+	chr3	49421943
rs17595772	R001	3	49409704	unique_+	chr3	49372271
rs4855873	R001	3	49459114	unique_+	chr3	49421681
rs10865955	R001	3	49499829	unique_+	chr3	49462396
rs1464567	R001	3	49459252	unique_+	chr3	49421819
rs7621003	R001	3	49411404	unique_+	chr3	49373971
rs11130193	R001	3	49473646	unique_+	chr3	49436213
rs7643586	R001	3	49431647	unique_+	chr3	49394214
rs6912645	R002	6	99525921	unique_+	chr6	99078045
rs6773518	R001	3	49443372	unique_+	chr3	49405939
rs11130194	R001	3	49475689	unique_+	chr3	49438256
rs2878298	R001	3	49406080	unique_+	chr3	49368647
rs4459909	R001	3	49469217	unique_+	chr3	49431784
rs151381	R003	4	103118768	unique_+	chr4	102197611
rs34937635	R001	3	49437569	unique_+	chr3	49400136
rs151422	R003	4	103132116	unique_+	chr4	102210959
rs55683636	R002	6	99509733	unique_+	chr6	99061857
rs4855842	R001	3	49433133	unique_+	chr3	49395700
rs73491410	R002	6	99509628	unique_+	chr6	99061752
rs2276850	R001	3	48669648	unique_+	chr3	48632215
rs9868809	R001	3	48681053	unique_+	chr3	48643620
rs151421	R003	4	103132210	unique_+	chr4	102211053
rs13324142	R001	3	48669447	unique_+	chr3	48632014
rs7645445	R001	3	49502243	unique_+	chr3	49464810
rs4855877	R001	3	49448527	unique_+	chr3	49411094
rs11711814	R001	3	50044813	unique_+	chr3	50007380
rs233809	R003	4	103212430	unique_+	chr4	102291273
rs111533129	R001	3	49437600	unique_+	chr3	49400167
rs4855839	R001	3	49507847	unique_+	chr3	49470414
rs111271782	R001	3	49440568	unique_+	chr3	49403135
rs6773261	R001	3	48675064	unique_+	chr3	48637631
rs55921200	R001	3	49189316	unique_+	chr3	49151883
rs11130196	R001	3	49490149	unique_+	chr3	49452716
rs2310997	R001	3	48678011	unique_+	chr3	48640578
rs73080361	R001	3	48832146	unique_+	chr3	48794713
rs59152804	R001	3	49489463	unique_+	chr3	49452030
rs80033912	R001	3	49468689	unique_+	chr3	49431256
rs13070798	R001	3	48705934	unique_+	chr3	48668501
rs12715429	R001	3	48709246	unique_+	chr3	48671813
rs55761431	R001	3	48885212	unique_+	chr3	48847779
rs73073007	R001	3	49496059	unique_+	chr3	49458626
rs13096366	R001	3	48675924	unique_+	chr3	48638491
rs28452701	R001	3	48708575	unique_+	chr3	48671142
rs7631574	R001	3	48663046	unique_+	chr3	48625613
rs2302295	R001	3	48690110	unique_+	chr3	48652677
rs73078367	R001	3	48708347	unique_+	chr3	48670914
rs9385595	R002	6	99490342	unique_+	chr6	99042466
rs9858236	R001	3	48709529	unique_+	chr3	48672096
rs112928349	R001	3	48714335	unique_+	chr3	48676902
rs59895492	R002	6	99504541	unique_+	chr6	99056665
rs111742464	R001	3	50001393	unique_+	chr3	49963960
rs13076269	R001	3	48675925	unique_+	chr3	48638492
rs13324119	R001	3	48710606	unique_+	chr3	48673173
rs73080977	R001	3	50189531	unique_+	chr3	50152098
rs151382	R003	4	103117826	unique_+	chr4	102196669
rs2286651	R001	3	48694147	unique_+	chr3	48656714
rs4639344	R002	6	99496657	unique_+	chr6	99048781
rs2286652	R001	3	48689192	unique_+	chr3	48651759
rs34638686	R001	3	48682658	unique_+	chr3	48645225
rs11709092	R001	3	48887027	unique_+	chr3	48849594
rs12649383	R003	4	103215239	unique_+	chr4	102294082
rs73078349	R001	3	48688114	unique_+	chr3	48650681
rs2294405	R002	6	99292136	unique_+	chr6	98844260
rs73082362	R001	3	49113729	unique_+	chr3	49076296
rs2276852	R001	3	48666923	unique_+	chr3	48629490
rs3821875	R001	3	48697654	unique_+	chr3	48660221
rs13096760	R001	3	49476806	unique_+	chr3	49439373
rs73088161	R001	3	49465162	unique_+	chr3	49427729
rs7371895	R001	3	49533139	unique_+	chr3	49495706
rs4855861	R001	3	49525962	unique_+	chr3	49488529
rs73079033	R001	3	49979174	unique_+	chr3	49941741
rs4855859	R001	3	49526300	unique_+	chr3	49488867
rs885592	R001	3	49497883	unique_+	chr3	49460450
rs7643845	R001	3	49530711	unique_+	chr3	49493278
rs35137368	R001	3	50243948	unique_+	chr3	50206515
rs11720705	R001	3	49753788	unique_+	chr3	49716355
rs1050088	R001	3	49570882	unique_+	chr3	49533449
rs11130192	R001	3	49467206	unique_+	chr3	49429773
rs11130202	R001	3	49566715	unique_+	chr3	49529282
rs35701831	R001	3	49515000	unique_+	chr3	49477567
rs2236941	R001	3	50247824	unique_+	chr3	50210391
rs62261185	R001	3	49533348	unique_+	chr3	49495915
rs7637665	R001	3	49552295	unique_+	chr3	49514862
rs35219849	R001	3	50243801	unique_+	chr3	50206368
rs1568662	R001	3	49521263	unique_+	chr3	49483830
rs73078362	R001	3	48703917	unique_+	chr3	48666484
rs3733086	R001	3	48699519	unique_+	chr3	48662086
rs3877784	R001	3	49539417	unique_+	chr3	49501984
rs3924462	R001	3	49524236	unique_+	chr3	49486803
rs12489092	R001	3	49550914	unique_+	chr3	49513481
rs4855855	R001	3	49559984	unique_+	chr3	49522551
rs7638643	R001	3	49565842	unique_+	chr3	49528409
rs2312461	R001	3	49558658	unique_+	chr3	49521225
rs457134	R003	4	103113350	unique_+	chr4	102192193
rs151304	R003	4	103116262	unique_+	chr4	102195105
rs7637999	R001	3	49535115	unique_+	chr3	49497682
rs11716961	R001	3	49908338	unique_+	chr3	49870905
rs1568661	R001	3	49520958	unique_+	chr3	49483525
rs73073005	R001	3	49491310	unique_+	chr3	49453877
rs1585606	R003	4	103376409	unique_+	chr4	102455252
rs3870338	R001	3	49557051	unique_+	chr3	49519618
rs4241408	R001	3	49517216	unique_+	chr3	49479783
rs4855864	R001	3	49521974	unique_+	chr3	49484541
rs7629936	R001	3	49836707	unique_+	chr3	49799274
rs740787	R001	3	48671578	unique_+	chr3	48634145
rs9375711	R002	6	99297389	unique_+	chr6	98849513
rs151384	R003	4	103115430	unique_+	chr4	102194273
rs11710798	R001	3	48570686	unique_+	chr3	48533253
rs12488065	R001	3	49549674	unique_+	chr3	49512241
rs113519699	R001	3	49071450	unique_+	chr3	49034017
rs3924463	R001	3	49524169	unique_+	chr3	49486736
rs2236940	R001	3	50244080	unique_+	chr3	50206647
rs3870337	R001	3	49557095	unique_+	chr3	49519662
rs11130199	R001	3	49538799	unique_+	chr3	49501366
rs73078304	R001	3	48579409	unique_+	chr3	48541976
rs34316881	R003	4	103387094	unique_+	chr4	102465937
rs56004653	R001	3	49072228	unique_+	chr3	49034795
rs71324982	R001	3	49669948	unique_+	chr3	49632515
rs34890793	R001	3	49619493	unique_+	chr3	49582060
rs75534462	R001	3	49363770	unique_+	chr3	49326337
rs11716614	R001	3	49017208	unique_+	chr3	48979775
rs11707940	R001	3	49363772	unique_+	chr3	49326339
rs151326	R003	4	103114452	unique_+	chr4	102193295
rs9869120	R001	3	49624065	unique_+	chr3	49586632
rs4241405	R001	3	49642027	unique_+	chr3	49604594
rs1532204	R001	3	49609477	unique_+	chr3	49572044
rs2310996	R001	3	48671834	unique_+	chr3	48634401
rs1463728	R001	3	49647404	unique_+	chr3	49609971
rs4476601	R003	4	103179173	unique_+	chr4	102258016
rs151503	R003	4	103114110	unique_+	chr4	102192953
rs9869256	R001	3	49624095	unique_+	chr3	49586662
rs12637313	R001	3	49645458	unique_+	chr3	49608025
rs6446285	R001	3	49626306	unique_+	chr3	49588873
rs2029591	R001	3	49646981	unique_+	chr3	49609548
rs11721148	R001	3	49646669	unique_+	chr3	49609236
rs139036380	R003	4	103198466	unique_+	chr4	102277309
rs9812200	R001	3	48695667	unique_+	chr3	48658234
rs7629322	R001	3	49621994	unique_+	chr3	49584561
rs11130208	R001	3	49615624	unique_+	chr3	49578191
rs11130211	R001	3	49645209	unique_+	chr3	49607776
rs2144241	R002	6	99500963	unique_+	chr6	99053087
rs6446284	R001	3	49616997	unique_+	chr3	49579564
rs6797299	R001	3	49609794	unique_+	chr3	49572361
rs3823036	R002	6	99284532	unique_+	chr6	98836656
rs1491983	R001	3	49639803	unique_+	chr3	49602370
rs73078357	R001	3	48695834	unique_+	chr3	48658401
rs111327216	R001	3	49525218	unique_+	chr3	49487785
rs9821797	R001	3	48718253	unique_+	chr3	48680820
rs13116385	R003	4	103373286	unique_+	chr4	102452129
rs6768448	R001	3	48714165	unique_+	chr3	48676732
rs9878063	R001	3	48678971	unique_+	chr3	48641538
rs2495644	R002	6	99276162	unique_+	chr6	98828286
rs4563439	R001	3	49383779	unique_+	chr3	49346346
rs13140033	R003	4	103363860	unique_+	chr4	102442703
rs9841602	R001	3	48713570	unique_+	chr3	48676137
rs9811318	R001	3	48702606	unique_+	chr3	48665173
rs1817180	R002	6	99274775	unique_+	chr6	98826899
rs9836462	R001	3	48712791	unique_+	chr3	48675358
rs12208753	R002	6	98248413	unique_+	chr6	97800537
rs7617915	R001	3	50239012	unique_+	chr3	50201579
rs12107252	R001	3	48691316	unique_+	chr3	48653883
rs73080312	R001	3	48737847	unique_+	chr3	48700414
rs12107418	R001	3	48689787	unique_+	chr3	48652354
rs1817179	R002	6	99274811	unique_+	chr6	98826935
rs73082941	R001	3	50517669	unique_+	chr3	50480238
rs7738097	R002	6	99299896	unique_+	chr6	98852020
rs9809222	R001	3	48714411	unique_+	chr3	48676978
rs9873726	R001	3	48712367	unique_+	chr3	48674934
rs2014442	R002	6	99273730	unique_+	chr6	98825854
rs921766	R002	6	99274066	unique_+	chr6	98826190
rs2444936	R002	6	99274969	unique_+	chr6	98827093
rs9883469	R001	3	48719637	unique_+	chr3	48682204
rs11720264	R001	3	49580347	unique_+	chr3	49542914
rs1869642	R002	6	99277627	unique_+	chr6	98829751
rs9877501	R001	3	48718390	unique_+	chr3	48680957
rs73082914	R001	3	50387873	unique_+	chr3	50350442
rs11130206	R001	3	49596593	unique_+	chr3	49559160
rs34096717	R001	3	48719453	unique_+	chr3	48682020
rs9877794	R001	3	48718388	unique_+	chr3	48680955
rs11730750	R003	4	103217040	unique_+	chr4	102295883
rs4855836	R001	3	49590256	unique_+	chr3	49552823
rs1809181	R002	6	99273688	unique_+	chr6	98825812
rs4241406	R001	3	49600426	unique_+	chr3	49562993
rs12196849	R002	6	98790797	unique_+	chr6	98342921
rs7655493	R003	4	103213671	unique_+	chr4	102292514
rs11549673	R001	3	50362371	unique_+	chr3	50324940
rs1048940	R001	3	48725707	unique_+	chr3	48688274
rs9387711	R002	6	98286151	unique_+	chr6	97838275
rs9812977	R001	3	48720303	unique_+	chr3	48682870
rs77418166	R002	6	98204498	unique_+	chr6	97756622
rs17032357	R003	4	103182616	unique_+	chr4	102261459
rs1343667	R002	6	98293830	unique_+	chr6	97845954
rs2014830	R001	3	50172397	unique_+	chr3	50134964
rs7761172	R002	6	98284050	unique_+	chr6	97836174
rs233822	R003	4	103204126	unique_+	chr4	102282969
rs1869641	R002	6	99277867	unique_+	chr6	98829991
rs1470115	R003	4	103214560	unique_+	chr4	102293403
rs4688760	R001	3	49980596	unique_+	chr3	49943163
rs7654606	R003	4	103219249	unique_+	chr4	102298092
rs1470116	R003	4	103214762	unique_+	chr4	102293605
rs6915773	R002	6	98287329	unique_+	chr6	97839453
rs62322235	R003	4	103121884	unique_+	chr4	102200727
rs17032332	R003	4	103182661	unique_+	chr4	102261504
rs115913853	R003	4	103156540	unique_+	chr4	102235383
rs9321329	R002	6	99490353	unique_+	chr6	99042477
rs9715335	R003	4	103125969	unique_+	chr4	102204812
rs1440234	R003	4	103125530	unique_+	chr4	102204373
rs6852794	R003	4	103160210	unique_+	chr4	102239053
rs17225749	R001	3	50131140	unique_+	chr3	50093707
rs11727215	R003	4	103125915	unique_+	chr4	102204758
rs73074855	R001	3	49606385	unique_+	chr3	49568952
rs11727107	R003	4	103125773	unique_+	chr4	102204616
rs2747731	R002	6	99434650	unique_+	chr6	98986774
rs9388909	R002	6	99431791	unique_+	chr6	98983915
rs1547383	R003	4	103123404	unique_+	chr4	102202247
rs9489931	R002	6	98303699	unique_+	chr6	97855823
rs3172494	R001	3	48731487	unique_+	chr3	48694054
rs73082363	R001	3	49130378	unique_+	chr3	49092945
rs9489891	R002	6	98285098	unique_+	chr6	97837222
rs13435395	R003	4	103125220	unique_+	chr4	102204063
rs73077107	R001	3	49671037	unique_+	chr3	49633604
rs9489926	R002	6	98300239	unique_+	chr6	97852363
rs7769267	R002	6	98243389	unique_+	chr6	97795513
rs1440235	R003	4	103125285	unique_+	chr4	102204128
rs1968543	R003	4	103155520	unique_+	chr4	102234363
rs34290943	R001	3	49161660	unique_+	chr3	49124227
rs1348024	R003	4	103122561	unique_+	chr4	102201404
rs2119211	R003	4	103155652	unique_+	chr4	102234495
rs2572099	R002	6	99435808	unique_+	chr6	98987932
rs2747733	R002	6	99434867	unique_+	chr6	98986991
rs4698993	R003	4	103124607	unique_+	chr4	102203450
rs4698991	R003	4	103121486	unique_+	chr4	102200329
rs73082337	R001	3	49009570	unique_+	chr3	48972137
rs11755344	R002	6	98286626	unique_+	chr6	97838750
rs7763892	R002	6	98266607	unique_+	chr6	97818731
rs17754668	R002	6	98303377	unique_+	chr6	97855501
rs9490542	R002	6	98547488	unique_+	chr6	98099612
rs6569109	R002	6	98283371	unique_+	chr6	97835495
rs143311886	R001	3	49621367	unique_+	chr3	49583934
rs2572109	R002	6	99440369	unique_+	chr6	98992493
rs62322251	R003	4	103149809	unique_+	chr4	102228652
rs57957741	R003	4	103164166	unique_+	chr4	102243009
rs2388195	R002	6	98283960	unique_+	chr6	97836084
rs78807522	R001	3	49056150	unique_+	chr3	49018717
rs11962819	R002	6	98282773	unique_+	chr6	97834897
rs115770773	R001	3	49809752	unique_+	chr3	49772319
rs73074830	R001	3	49577017	unique_+	chr3	49539584
rs1832465	R002	6	98217905	unique_+	chr6	97770029
rs233821	R003	4	103204358	unique_+	chr4	102283201
rs73082331	R001	3	48994943	unique_+	chr3	48957510
rs1538362	R002	6	98280184	unique_+	chr6	97832308
rs11715134	R001	3	50552866	unique_+	chr3	50515435
rs11715725	R001	3	50519141	unique_+	chr3	50481710
rs9388895	R002	6	99410427	unique_+	chr6	98962551
rs34759087	R001	3	49162284	unique_+	chr3	49124851
rs7759889	R002	6	98266586	unique_+	chr6	97818710
rs9320691	R002	6	98219254	unique_+	chr6	97771378
rs75654367	R001	3	48710739	unique_+	chr3	48673306
rs761636	R002	6	99535539	unique_+	chr6	99087663
rs1416221	R002	6	98301643	unique_+	chr6	97853767
rs13216468	R002	6	99536298	unique_+	chr6	99088422
rs2388148	R002	6	98233195	unique_+	chr6	97785319
rs752183	R001	3	50536273	unique_+	chr3	50498842
rs195852	R002	6	99290592	unique_+	chr6	98842716
rs4839738	R002	6	99497355	unique_+	chr6	99049479
rs7738376	R002	6	99409228	unique_+	chr6	98961352
rs72686716	R003	4	102735510	unique_+	chr4	101814353
rs73082357	R001	3	49083566	unique_+	chr3	49046133
rs62323492	R003	4	103162157	unique_+	chr4	102241000
rs6825428	R003	4	103141441	unique_+	chr4	102220284
rs11733720	R003	4	103157504	unique_+	chr4	102236347
rs10433893	R003	4	103160885	unique_+	chr4	102239728
rs2119210	R003	4	103158770	unique_+	chr4	102237613
rs9402445	R002	6	99540511	unique_+	chr6	99092635
rs147028814	R003	4	103166989	unique_+	chr4	102245832
rs9388899	R002	6	99418752	unique_+	chr6	98970876
rs77360747	R002	6	99405919	unique_+	chr6	98958043
rs448195	R003	4	103205126	unique_+	chr4	102283969
rs6901726	R002	6	99413801	unique_+	chr6	98965925
rs62422686	R002	6	98661637	unique_+	chr6	98213761
rs9374860	R002	6	98278033	unique_+	chr6	97830157
rs28488166	R002	6	99421105	unique_+	chr6	98973229
rs10433991	R003	4	103159089	unique_+	chr4	102237932
rs9402444	R002	6	99539153	unique_+	chr6	99091277
rs11735227	R003	4	103125383	unique_+	chr4	102204226
rs2119209	R003	4	103158782	unique_+	chr4	102237625
rs1884185	R002	6	99426211	unique_+	chr6	98978335
rs113254306	R002	6	99536647	unique_+	chr6	99088771
rs17598137	R001	3	49891362	unique_+	chr3	49853929
rs6855701	R003	4	103165608	unique_+	chr4	102244451
rs73505759	R002	6	99406083	unique_+	chr6	98958207
rs6907789	R002	6	99525506	unique_+	chr6	99077630
rs62327916	R003	4	103187146	unique_+	chr4	102265989
rs11712982	R001	3	48938762	unique_+	chr3	48901329
rs233825	R003	4	103203250	unique_+	chr4	102282093
rs58321370	R003	4	103174117	unique_+	chr4	102252960
rs9375892	R002	6	99523104	unique_+	chr6	99075228
rs6915078	R002	6	99416644	unique_+	chr6	98968768
rs7763914	R002	6	99523812	unique_+	chr6	99075936
rs6569799	R002	6	99520208	unique_+	chr6	99072332
rs7755688	R002	6	99523448	unique_+	chr6	99075572
rs9385612	R002	6	99524355	unique_+	chr6	99076479
rs6932462	R002	6	99522505	unique_+	chr6	99074629
rs4839981	R002	6	99245060	unique_+	chr6	98797184
rs73082936	R001	3	50512974	unique_+	chr3	50475543
rs9372961	R002	6	99314450	unique_+	chr6	98866574
rs9375894	R002	6	99524281	unique_+	chr6	99076405
rs56176327	R001	3	49706736	unique_+	chr3	49669303
rs7669715	R003	4	103121120	unique_+	chr4	102199963
rs233827	R003	4	103201821	unique_+	chr4	102280664
rs1933717	R002	6	98271019	unique_+	chr6	97823143
rs9490788	R002	6	98622703	unique_+	chr6	98174827
rs233832	R003	4	103197384	unique_+	chr4	102276227
rs13203162	R002	6	98614497	unique_+	chr6	98166621
rs7613681	R001	3	50438793	unique_+	chr3	50401362
rs2450510	R002	6	98612792	unique_+	chr6	98164916
rs6928671	R002	6	98620633	unique_+	chr6	98172757
rs73077157	R001	3	49749705	unique_+	chr3	49712272
rs233829	R003	4	103198929	unique_+	chr4	102277772
rs2572095	R002	6	99447208	unique_+	chr6	98999332
rs12526299	R002	6	98621599	unique_+	chr6	98173723
rs2502947	R002	6	98623103	unique_+	chr6	98175227
rs7767095	R002	6	99519941	unique_+	chr6	99072065
rs9401196	R002	6	98274551	unique_+	chr6	97826675
rs6924636	R002	6	99520595	unique_+	chr6	99072719
rs2444933	R002	6	99278428	unique_+	chr6	98830552
rs151405	R003	4	103193578	unique_+	chr4	102272421
rs233817	R003	4	103204845	unique_+	chr4	102283688
rs9375247	R002	6	98607366	unique_+	chr6	98159490
rs7756392	R002	6	99244520	unique_+	chr6	98796644
rs10014145	R003	4	103200577	unique_+	chr4	102279420
rs55923681	R002	6	99414565	unique_+	chr6	98966689
rs6569342	R002	6	98613835	unique_+	chr6	98165959
rs9402166	R002	6	99245445	unique_+	chr6	98797569
rs1538360	R002	6	98276688	unique_+	chr6	97828812
rs4839979	R002	6	99243515	unique_+	chr6	98795639
rs7771174	R002	6	99246652	unique_+	chr6	98798776
rs1843843	R002	6	98618459	unique_+	chr6	98170583
rs9320716	R002	6	98256949	unique_+	chr6	97809073
rs7762652	R002	6	99242592	unique_+	chr6	98794716
rs4839980	R002	6	99243587	unique_+	chr6	98795711
rs4839982	R002	6	99245393	unique_+	chr6	98797517
rs7356956	R002	6	99244848	unique_+	chr6	98796972
rs1376497	R002	6	98791216	unique_+	chr6	98343340
rs151390	R003	4	103183510	unique_+	chr4	102262353
rs2124137	R002	6	99305714	unique_+	chr6	98857838
rs4839713	R002	6	98263613	unique_+	chr6	97815737
rs9375647	R002	6	99237448	unique_+	chr6	98789572
rs10457368	R002	6	98259776	unique_+	chr6	97811900
rs13078949	R001	3	49361791	unique_+	chr3	49324358
rs9375807	R002	6	99396772	unique_+	chr6	98948896
rs4144555	R002	6	99239617	unique_+	chr6	98791741
rs7767083	R002	6	99246485	unique_+	chr6	98798609
rs9402371	R002	6	99466513	unique_+	chr6	99018637
rs9388719	R002	6	99237315	unique_+	chr6	98789439
rs11154300	R002	6	98795760	unique_+	chr6	98347884
rs9398911	R002	6	99236457	unique_+	chr6	98788581
rs6569622	R002	6	99241797	unique_+	chr6	98793921
rs12205221	R002	6	98790100	unique_+	chr6	98342224
rs9375138	R002	6	98518518	unique_+	chr6	98070642
rs6924301	R002	6	99311129	unique_+	chr6	98863253
rs6569407	R002	6	98770554	unique_+	chr6	98322678
rs6924344	R002	6	98773548	unique_+	chr6	98325672
rs4144556	R002	6	99239439	unique_+	chr6	98791563
rs2747738	R002	6	99458443	unique_+	chr6	99010567
rs2747736	R002	6	99453705	unique_+	chr6	99005829
rs9372960	R002	6	99313252	unique_+	chr6	98865376
rs11726012	R003	4	102706018	unique_+	chr4	101784861
rs9385544	R002	6	99324672	unique_+	chr6	98876796
rs9375721	R002	6	99324687	unique_+	chr6	98876811
rs3756986	R002	6	99375324	unique_+	chr6	98927448
rs73503620	R002	6	99304172	unique_+	chr6	98856296
rs2016597	R002	6	99311410	unique_+	chr6	98863534
rs9388789	R002	6	99320715	unique_+	chr6	98872839
rs9402350	R002	6	99460810	unique_+	chr6	99012934
rs9372983	R002	6	99360105	unique_+	chr6	98912229
rs9372982	R002	6	99358039	unique_+	chr6	98910163
rs73079004	R001	3	49833904	unique_+	chr3	49796471
rs9375729	R002	6	99326589	unique_+	chr6	98878713
rs9321025	R002	6	98797708	unique_+	chr6	98349832
rs72940140	R002	6	98815591	unique_+	chr6	98367715
rs67597785	R002	6	99399037	unique_+	chr6	98951161
rs12173555	R002	6	99467661	unique_+	chr6	99019785
rs6928645	R002	6	99324348	unique_+	chr6	98876472
rs11097768	R003	4	103137712	unique_+	chr4	102216555
rs1474606	R002	6	99356369	unique_+	chr6	98908493
rs6920360	R002	6	99261798	unique_+	chr6	98813922
rs4554325	R002	6	99257760	unique_+	chr6	98809884
rs78509684	R003	4	103135610	unique_+	chr4	102214453
rs7752402	R002	6	99253421	unique_+	chr6	98805545
rs6569803	R002	6	99522139	unique_+	chr6	99074263
rs2526388	R001	3	50174886	unique_+	chr3	50137453
rs4418199	R002	6	99249414	unique_+	chr6	98801538
rs2300063	R002	6	99372358	unique_+	chr6	98924482
rs2092774	R002	6	99473961	unique_+	chr6	99026085
rs4240569	R002	6	99263177	unique_+	chr6	98815301
rs6782577	R001	3	49620770	unique_+	chr3	49583337
rs2180048	R002	6	99481310	unique_+	chr6	99033434
rs6569636	R002	6	99258445	unique_+	chr6	98810569
rs9375682	R002	6	99267064	unique_+	chr6	98819188
rs73079003	R001	3	49832788	unique_+	chr3	49795355
rs6920333	R002	6	99261747	unique_+	chr6	98813871
rs9321196	R002	6	99263617	unique_+	chr6	98815741
rs9388738	R002	6	99254865	unique_+	chr6	98806989
rs4839923	R002	6	98274701	unique_+	chr6	97826825
rs4371620	R003	4	102708235	unique_+	chr4	101787078
rs2300062	R002	6	99371775	unique_+	chr6	98923899
rs9388733	R002	6	99249784	unique_+	chr6	98801908
rs4839732	R002	6	99251140	unique_+	chr6	98803264
rs2572116	R002	6	99482764	unique_+	chr6	99034888
rs714256	R002	6	99451721	unique_+	chr6	99003845
rs7742800	R002	6	99381645	unique_+	chr6	98933769
rs34484573	R001	3	49880399	unique_+	chr3	49842966
rs9375689	R002	6	99270533	unique_+	chr6	98822657
rs6921272	R002	6	99546454	unique_+	chr6	99098578
rs11720458	R001	3	49610957	unique_+	chr3	49573524
rs2572096	R002	6	99451071	unique_+	chr6	99003195
rs171895	R002	6	99297567	unique_+	chr6	98849691
rs6787417	R001	3	49626182	unique_+	chr3	49588749
rs185063430	R002	6	98837449	unique_+	chr6	98389573
rs6902917	R002	6	99266583	unique_+	chr6	98818707
rs4283895	R002	6	99269129	unique_+	chr6	98821253
rs7693147	R003	4	102704153	unique_+	chr4	101782996
rs9321199	R002	6	99266697	unique_+	chr6	98818821
rs12636099	R001	3	49631326	unique_+	chr3	49593893
rs73079014	R001	3	49863483	unique_+	chr3	49826050
rs1986599	R001	3	50034637	unique_+	chr3	49997204
rs4855835	R001	3	49647821	unique_+	chr3	49610388
rs9374829	R002	6	98252007	unique_+	chr6	97804131
rs7377083	R003	4	102708997	unique_+	chr4	101787840
rs12190777	R002	6	98366735	unique_+	chr6	97918859
rs73079046	R001	3	50042243	unique_+	chr3	50004810
rs12510679	R003	4	103350585	unique_+	chr4	102429428
rs17256786	R001	3	48604016	unique_+	chr3	48566583
rs76062146	R003	4	102456330	unique_+	chr4	101535173
rs170871	R003	4	103180149	unique_+	chr4	102258992
rs150897884	R001	3	50034119	unique_+	chr3	49996686
rs17249398	R003	4	102507114	unique_+	chr4	101585957
rs11097755	R003	4	102709308	unique_+	chr4	101788151
rs2029241	R002	6	98587934	unique_+	chr6	98140058
rs6929427	R002	6	99327568	unique_+	chr6	98879692
rs2502946	R002	6	98622734	unique_+	chr6	98174858
rs2633958	R001	3	48635432	unique_+	chr3	48597999
rs2450520	R002	6	98569408	unique_+	chr6	98121532
rs675974	R002	6	98237598	unique_+	chr6	97789722
rs7776239	R002	6	99219794	unique_+	chr6	98771918
rs1134043	R001	3	49200137	unique_+	chr3	49162704
rs2502943	R002	6	98615667	unique_+	chr6	98167791
rs12488468	R001	3	50478487	unique_+	chr3	50441056
rs7767825	R002	6	98829949	unique_+	chr6	98382073
rs2450516	R002	6	98549562	unique_+	chr6	98101686
rs9402228	R002	6	99319584	unique_+	chr6	98871708
rs4407721	R002	6	99308824	unique_+	chr6	98860948
rs41290686	R001	3	48604059	unique_+	chr3	48566626
rs13213457	R002	6	98559692	unique_+	chr6	98111816
rs10046126	R002	6	98559282	unique_+	chr6	98111406
rs1487443	R002	6	98563661	unique_+	chr6	98115785
rs12661050	R002	6	99234271	unique_+	chr6	98786395
rs9402235	R002	6	99324991	unique_+	chr6	98877115
rs760766	R002	6	99307455	unique_+	chr6	98859579
rs760765	R002	6	99307480	unique_+	chr6	98859604
rs9375728	R002	6	99326490	unique_+	chr6	98878614
rs3811071	R002	6	99316448	unique_+	chr6	98868572
rs1470987	R002	6	99310967	unique_+	chr6	98863091
rs9375713	R002	6	99319052	unique_+	chr6	98871176
rs3823035	R002	6	99342518	unique_+	chr6	98894642
rs9388815	R002	6	99333788	unique_+	chr6	98885912
rs6569077	R002	6	98212409	unique_+	chr6	97764533
rs3765239	R002	6	99322354	unique_+	chr6	98874478
rs9375730	R002	6	99326742	unique_+	chr6	98878866
rs9321243	R002	6	99335730	unique_+	chr6	98887854
rs13217727	R002	6	99320024	unique_+	chr6	98872148
rs7680534	R003	4	103118764	unique_+	chr4	102197607
rs9375733	R002	6	99327143	unique_+	chr6	98879267
rs4365937	R002	6	98595522	unique_+	chr6	98147646
rs2267924	R002	6	99337248	unique_+	chr6	98889372
rs9388788	R002	6	99319072	unique_+	chr6	98871196
rs10484609	R002	6	99336279	unique_+	chr6	98888403
rs6846971	R003	4	103359744	unique_+	chr4	102438587
rs150399044	R001	3	49920555	unique_+	chr3	49883122
rs12110701	R002	6	99336123	unique_+	chr6	98888247
rs9402227	R002	6	99314096	unique_+	chr6	98866220
rs13091525	R001	3	49965551	unique_+	chr3	49928118
rs12110362	R002	6	99333178	unique_+	chr6	98885302
rs9375750	R002	6	99332953	unique_+	chr6	98885077
rs9402255	R002	6	99332848	unique_+	chr6	98884972
rs12110702	R002	6	99336136	unique_+	chr6	98888260
rs2281123	R002	6	99328207	unique_+	chr6	98880331
rs195842	R002	6	99369889	unique_+	chr6	98922013
rs35727107	R002	6	99301012	unique_+	chr6	98853136
rs9388809	R002	6	99331962	unique_+	chr6	98884086
rs12196119	R002	6	98604814	unique_+	chr6	98156938
rs9388203	R002	6	98598427	unique_+	chr6	98150551
rs13194064	R002	6	99317443	unique_+	chr6	98869567
rs13209138	R002	6	99280657	unique_+	chr6	98832781
rs9398724	R002	6	98601586	unique_+	chr6	98153710
rs62262097	R001	3	49970310	unique_+	chr3	49932877
rs28547477	R003	4	103120047	unique_+	chr4	102198890
rs13216048	R002	6	98770272	unique_+	chr6	98322396
rs9388206	R002	6	98600835	unique_+	chr6	98152959
rs2300060	R002	6	99335055	unique_+	chr6	98887179
rs67070774	R001	3	49900350	unique_+	chr3	49862917
rs12203165	R002	6	98613744	unique_+	chr6	98165868
rs9491284	R002	6	98777303	unique_+	chr6	98329427
rs9385288	R002	6	98598130	unique_+	chr6	98150254
rs12215368	R002	6	98617582	unique_+	chr6	98169706
rs9482585	R002	6	98773048	unique_+	chr6	98325172
rs6923729	R002	6	98780316	unique_+	chr6	98332440
rs6926777	R002	6	98771197	unique_+	chr6	98323321
rs9320942	R002	6	98628831	unique_+	chr6	98180955
rs9491281	R002	6	98776484	unique_+	chr6	98328608
rs1843844	R002	6	98614660	unique_+	chr6	98166784
rs6927085	R002	6	98616281	unique_+	chr6	98168405
rs11729389	R003	4	102681058	unique_+	chr4	101759901
rs181654690	R001	3	49923985	unique_+	chr3	49886552
rs2298955	R001	3	50431194	unique_+	chr3	50393763
rs12190064	R002	6	98624142	unique_+	chr6	98176266
rs1487439	R002	6	98611300	unique_+	chr6	98163424
rs12190650	R002	6	98619046	unique_+	chr6	98171170
rs2073496	R001	3	50431142	unique_+	chr3	50393711
rs6911367	R002	6	98780601	unique_+	chr6	98332725
rs4569970	R002	6	99232194	unique_+	chr6	98784318
rs9321021	R002	6	98784444	unique_+	chr6	98336568
rs185111171	R001	3	50112481	unique_+	chr3	50075048
rs9385541	R002	6	99316250	unique_+	chr6	98868374
rs35663811	R003	4	102691162	unique_+	chr4	101770005
rs12203171	R002	6	98613792	unique_+	chr6	98165916
rs1107265	R001	3	50431995	unique_+	chr3	50394564
rs138700629	R001	3	50111322	unique_+	chr3	50073889
rs13119968	R003	4	103348467	unique_+	chr4	102427310
rs78309979	R002	6	98406902	unique_+	chr6	97959026
rs734767	R001	3	50431410	unique_+	chr3	50393979
rs79667528	R002	6	98223662	unique_+	chr6	97775786
rs11720093	R001	3	50562042	unique_+	chr3	50524611
rs72934581	R002	6	98633018	unique_+	chr6	98185142
rs1487440	R002	6	98611276	unique_+	chr6	98163400
rs2236954	R001	3	50425177	unique_+	chr3	50387746
rs1349486	R002	6	98782770	unique_+	chr6	98334894
rs13132193	R003	4	103353591	unique_+	chr4	102432434
rs6446206	R001	3	50455470	unique_+	chr3	50418039
rs743757	R001	3	50476378	unique_+	chr3	50438947
rs2236973	R001	3	50474284	unique_+	chr3	50436853
rs2236964	R001	3	50449062	unique_+	chr3	50411631
rs12216178	R002	6	98637119	unique_+	chr6	98189243
rs2236957	R001	3	50440426	unique_+	chr3	50402995
rs12195240	R002	6	98636905	unique_+	chr6	98189029
rs2236965	R001	3	50453456	unique_+	chr3	50416025
rs9402143	R002	6	99232128	unique_+	chr6	98784252
rs7758926	R002	6	98785796	unique_+	chr6	98337920
rs4555920	R002	6	99230880	unique_+	chr6	98783004
rs9388268	R002	6	98633802	unique_+	chr6	98185926
rs9385308	R002	6	98632010	unique_+	chr6	98184134
rs1487447	R002	6	98632082	unique_+	chr6	98184206
rs2236955	R001	3	50429876	unique_+	chr3	50392445
rs9835537	R001	3	50464335	unique_+	chr3	50426904
rs9402142	R002	6	99231022	unique_+	chr6	98783146
rs7769568	R002	6	99265084	unique_+	chr6	98817208
rs1826347	R001	3	49671654	unique_+	chr3	49634221
rs4839989	R002	6	99267877	unique_+	chr6	98820001
rs2282752	R001	3	50433967	unique_+	chr3	50396536
rs9401694	R002	6	98639952	unique_+	chr6	98192076
rs2236959	R001	3	50441627	unique_+	chr3	50404196
rs11919311	R001	3	49656789	unique_+	chr3	49619356
rs1352890	R001	3	49652156	unique_+	chr3	49614723
rs9398735	R002	6	98631890	unique_+	chr6	98184014
rs2236984	R001	3	50495487	unique_+	chr3	50458056
rs12490267	R001	3	49657852	unique_+	chr3	49620419
rs112707579	R002	6	98667648	unique_+	chr6	98219772
rs17058256	R002	6	98629062	unique_+	chr6	98181186
rs4855852	R001	3	49649071	unique_+	chr3	49611638
rs6532996	R003	4	103115404	unique_+	chr4	102194247
rs6419158	R003	4	103117289	unique_+	chr4	102196132
rs2282754	R001	3	50436827	unique_+	chr3	50399396
rs743857	R001	3	50493550	unique_+	chr3	50456119
rs2236979	R001	3	50486895	unique_+	chr3	50449464
rs2282753	R001	3	50436716	unique_+	chr3	50399285
rs7683088	R003	4	103114064	unique_+	chr4	102192907
rs2236981	R001	3	50488845	unique_+	chr3	50451414
rs10004577	R003	4	103114471	unique_+	chr4	102193314
rs12497288	R001	3	49670650	unique_+	chr3	49633217
rs6821687	R003	4	103115045	unique_+	chr4	102193888
rs7617480	R001	3	49210732	unique_+	chr3	49173299
rs6933464	R002	6	98741736	unique_+	chr6	98293860
rs743756	R001	3	50481717	unique_+	chr3	50444286
rs150807778	R001	3	50019405	unique_+	chr3	49981972
rs13084037	R001	3	49214066	unique_+	chr3	49176633
rs1873626	R001	3	49675142	unique_+	chr3	49637709
rs4240567	R002	6	99229022	unique_+	chr6	98781146
rs7752649	R002	6	99220565	unique_+	chr6	98772689
rs59635538	R002	6	98642222	unique_+	chr6	98194346
rs2144380	R002	6	98223989	unique_+	chr6	97776113
rs34894675	R002	6	98631150	unique_+	chr6	98183274
rs9388294	R002	6	98670458	unique_+	chr6	98222582
rs11968507	R002	6	98226346	unique_+	chr6	97778470
rs1451342	R002	6	98657850	unique_+	chr6	98209974
rs35007338	R001	3	49671186	unique_+	chr3	49633753
rs73072475	R001	3	50764842	unique_+	chr3	50727411
rs9375284	R002	6	98647647	unique_+	chr6	98199771
rs9385494	R002	6	99221705	unique_+	chr6	98773829
rs12055628	R002	6	98650114	unique_+	chr6	98202238
rs77803031	R002	6	99287746	unique_+	chr6	98839870
rs2029242	R002	6	98587906	unique_+	chr6	98140030
rs9388280	R002	6	98641374	unique_+	chr6	98193498
rs736471	R001	3	50519392	unique_+	chr3	50481961
rs195851	R002	6	99294322	unique_+	chr6	98846446
rs9372768	R002	6	98671543	unique_+	chr6	98223667
rs2505065	R002	6	98597809	unique_+	chr6	98149933
rs9375283	R002	6	98647345	unique_+	chr6	98199469
rs9490948	R002	6	98655178	unique_+	chr6	98207302
rs585581	R002	6	98239148	unique_+	chr6	97791272
rs9831648	R001	3	49214303	unique_+	chr3	49176870
rs2087181	R002	6	98590686	unique_+	chr6	98142810
rs9401631	R002	6	98575301	unique_+	chr6	98127425
rs13196036	R002	6	98595064	unique_+	chr6	98147188
rs9489721	R002	6	98220929	unique_+	chr6	97773053
rs141667625	R001	3	50185364	unique_+	chr3	50147931
rs10223664	R002	6	98677699	unique_+	chr6	98229823
rs675971	R002	6	98239034	unique_+	chr6	97791158
rs2526391	R001	3	50169266	unique_+	chr3	50131833
rs1451343	R002	6	98657843	unique_+	chr6	98209967
rs72926948	R002	6	98223093	unique_+	chr6	97775217
rs13196883	R002	6	98619894	unique_+	chr6	98172018
rs2502932	R002	6	98554881	unique_+	chr6	98107005
rs1601733	R002	6	98557239	unique_+	chr6	98109363
rs6569608	R002	6	99228583	unique_+	chr6	98780707
rs9372740	R002	6	98598340	unique_+	chr6	98150464
rs9388292	R002	6	98669276	unique_+	chr6	98221400
rs72936319	R002	6	98672518	unique_+	chr6	98224642
rs1531270	R001	3	50881994	unique_+	chr3	50844563
rs71325001	R001	3	49970013	unique_+	chr3	49932580
rs9489751	R002	6	98233325	unique_+	chr6	97785449
rs9481962	R002	6	98243643	unique_+	chr6	97795767
rs9385493	R002	6	99221669	unique_+	chr6	98773793
rs192662300	R001	3	49819842	unique_+	chr3	49782409
rs6938289	R002	6	98566974	unique_+	chr6	98119098
rs2388335	R002	6	98589992	unique_+	chr6	98142116
rs34385501	R002	6	98559572	unique_+	chr6	98111696
rs9401614	R002	6	98565236	unique_+	chr6	98117360
rs150381745	R001	3	49889096	unique_+	chr3	49851663
rs2505066	R002	6	98597788	unique_+	chr6	98149912
rs1386550	R002	6	98552535	unique_+	chr6	98104659
rs4469306	R002	6	99229066	unique_+	chr6	98781190
rs1032210	R002	6	98596683	unique_+	chr6	98148807
rs2450521	R002	6	98568517	unique_+	chr6	98120641
rs6939063	R002	6	98567343	unique_+	chr6	98119467
rs9375292	R002	6	98661205	unique_+	chr6	98213329
rs9375298	R002	6	98669091	unique_+	chr6	98221215
rs1466612	R002	6	98684466	unique_+	chr6	98236590
rs618730	R002	6	98233966	unique_+	chr6	97786090
rs2236987	R001	3	50504546	unique_+	chr3	50467115
rs2129622	R002	6	98595713	unique_+	chr6	98147837
rs62420439	R002	6	98505224	unique_+	chr6	98057348
rs2282762	R001	3	50514612	unique_+	chr3	50477181
rs7745518	R002	6	98243344	unique_+	chr6	97795468
rs9375223	R002	6	98585767	unique_+	chr6	98137891
rs143278393	R002	6	98229167	unique_+	chr6	97781291
rs11154193	R002	6	98659374	unique_+	chr6	98211498
rs625214	R002	6	98242511	unique_+	chr6	97794635
rs2572106	R002	6	99507658	unique_+	chr6	99059782
rs1386549	R002	6	98552463	unique_+	chr6	98104587
rs1823601	R002	6	98680495	unique_+	chr6	98232619
rs4839978	R002	6	99231487	unique_+	chr6	98783611
rs1487449	R002	6	98576999	unique_+	chr6	98129123
rs9375113	R002	6	98506125	unique_+	chr6	98058249
rs7750492	R002	6	98749236	unique_+	chr6	98301360
rs12529845	R002	6	98498950	unique_+	chr6	98051074
rs62420424	R002	6	98496988	unique_+	chr6	98049112
rs12192372	R002	6	98673904	unique_+	chr6	98226028
rs1562865	R002	6	98747312	unique_+	chr6	98299436
rs9490569	R002	6	98559975	unique_+	chr6	98112099
rs2505062	R002	6	98582695	unique_+	chr6	98134819
rs9481918	R002	6	98215949	unique_+	chr6	97768073
rs9385344	R002	6	98748500	unique_+	chr6	98300624
rs9372938	R002	6	99229813	unique_+	chr6	98781937
rs7640031	R001	3	48547832	unique_+	chr3	48510399
rs142696360	R001	3	49505378	unique_+	chr3	49467945
rs9401770	R002	6	98748008	unique_+	chr6	98300132
rs9481917	R002	6	98215769	unique_+	chr6	97767893
rs13193014	R002	6	98791240	unique_+	chr6	98343364
rs6927923	R002	6	98560126	unique_+	chr6	98112250
rs148556290	R001	3	49211532	unique_+	chr3	49174099
rs2005557	R001	3	49701298	unique_+	chr3	49663865
rs7754741	R002	6	98749329	unique_+	chr6	98301453
rs73072351	R001	3	48190802	unique_+	chr3	48149312
rs1828075	R002	6	98750734	unique_+	chr6	98302858
rs2892512	R002	6	98744946	unique_+	chr6	98297070
rs6939461	R002	6	98750517	unique_+	chr6	98302641
rs9491326	R002	6	98792109	unique_+	chr6	98344233
rs77580539	R001	3	50127445	unique_+	chr3	50090012
rs12529268	R002	6	98789325	unique_+	chr6	98341449
rs1494776	R002	6	98893952	unique_+	chr6	98446076
rs77612416	R002	6	98682264	unique_+	chr6	98234388
rs9375282	R002	6	98646912	unique_+	chr6	98199036
rs2747739	R002	6	99462075	unique_+	chr6	99014199
rs9489792	R002	6	98247381	unique_+	chr6	97799505
rs17058157	R002	6	98490015	unique_+	chr6	98042139
rs9388303	R002	6	98687387	unique_+	chr6	98239511
rs76328824	R001	3	50263012	unique_+	chr3	50225580
rs74403826	R001	3	50178822	unique_+	chr3	50141389
rs66779961	R002	6	98563749	unique_+	chr6	98115873
rs34136796	R001	3	50337032	unique_+	chr3	50299601
rs138446255	R001	3	50104154	unique_+	chr3	50066721
rs2388336	R002	6	98595632	unique_+	chr6	98147756
rs963458	R002	6	98219539	unique_+	chr6	97771663
rs12191745	R002	6	98719643	unique_+	chr6	98271767
rs12501273	R003	4	102638020	unique_+	chr4	101716863
rs35917071	R001	3	49965609	unique_+	chr3	49928176
rs9388352	R002	6	98739949	unique_+	chr6	98292073
rs6911443	R002	6	98722903	unique_+	chr6	98275027
rs12202650	R002	6	99609494	unique_+	chr6	99161618
rs12191679	R002	6	98719562	unique_+	chr6	98271686
rs12665591	R002	6	98718455	unique_+	chr6	98270579
rs9320990	R002	6	98713523	unique_+	chr6	98265647
rs6569386	R002	6	98723395	unique_+	chr6	98275519
rs9481926	R002	6	98217999	unique_+	chr6	97770123
rs75190186	R002	6	98559286	unique_+	chr6	98111410
rs72938320	R002	6	98732817	unique_+	chr6	98284941
rs9388334	R002	6	98716807	unique_+	chr6	98268931
rs12202066	R002	6	98718294	unique_+	chr6	98270418
rs1868885	R002	6	98719233	unique_+	chr6	98271357
rs72926935	R002	6	98214594	unique_+	chr6	97766718
rs9490425	R002	6	98507665	unique_+	chr6	98059789
rs9375110	R002	6	98502794	unique_+	chr6	98054918
rs9375352	R002	6	98739938	unique_+	chr6	98292062
rs9489705	R002	6	98213933	unique_+	chr6	97766057
rs1451345	R002	6	98719688	unique_+	chr6	98271812
rs11154238	R002	6	98717726	unique_+	chr6	98269850
rs9375351	R002	6	98739867	unique_+	chr6	98291991
rs2063144	R002	6	98713238	unique_+	chr6	98265362
rs17058149	R002	6	98475452	unique_+	chr6	98027576
rs9375371	R002	6	98751680	unique_+	chr6	98303804
rs11130212	R001	3	49678077	unique_+	chr3	49640644
rs4131042	R002	6	98468284	unique_+	chr6	98020408
rs2388905	R002	6	99605296	unique_+	chr6	99157420
rs4839936	R002	6	98489654	unique_+	chr6	98041778
rs1376503	R002	6	98704423	unique_+	chr6	98256547
rs9489706	R002	6	98214395	unique_+	chr6	97766519
rs2329020	R001	3	49685073	unique_+	chr3	49647640
rs12512546	R003	4	102638137	unique_+	chr4	101716980
rs62420425	R002	6	98497095	unique_+	chr6	98049219
rs73074378	R001	3	48446237	unique_+	chr3	48404830
rs1376505	R002	6	98735611	unique_+	chr6	98287735
rs9375098	R002	6	98481792	unique_+	chr6	98033916
rs9320995	R002	6	98726381	unique_+	chr6	98278505
rs12175163	R002	6	98725162	unique_+	chr6	98277286
rs1979969	R002	6	98714443	unique_+	chr6	98266567
rs9375079	R002	6	98468782	unique_+	chr6	98020906
rs9311451	R001	3	50428138	unique_+	chr3	50390707
rs6569382	R002	6	98709685	unique_+	chr6	98261809
rs9481925	R002	6	98217876	unique_+	chr6	97770000
rs4839945	R002	6	98704480	unique_+	chr6	98256604
rs55711239	R002	6	98698501	unique_+	chr6	98250625
rs72938314	R002	6	98725637	unique_+	chr6	98277761
rs6927284	R002	6	98741419	unique_+	chr6	98293543
rs717296	R002	6	98741067	unique_+	chr6	98293191
rs9320996	R002	6	98726528	unique_+	chr6	98278652
rs4565311	R002	6	98714495	unique_+	chr6	98266619
rs9385223	R002	6	98466369	unique_+	chr6	98018493
rs2960545	R001	3	49730058	unique_+	chr3	49692625
rs9388349	R002	6	98734648	unique_+	chr6	98286772
rs9401757	R002	6	98733864	unique_+	chr6	98285988
rs9375344	R002	6	98734001	unique_+	chr6	98286125
rs143062053	R001	3	49499356	unique_+	chr3	49461923
rs186286721	R001	3	49852550	unique_+	chr3	49815117
rs139072603	R001	3	49253862	unique_+	chr3	49216429
rs139959082	R001	3	49806949	unique_+	chr3	49769516
rs10499017	R002	6	98724638	unique_+	chr6	98276762
rs12201246	R002	6	98707846	unique_+	chr6	98259970
rs9375350	R002	6	98739311	unique_+	chr6	98291435
rs9482508	R002	6	98685769	unique_+	chr6	98237893
rs9375338	R002	6	98727298	unique_+	chr6	98279422
rs145473917	R001	3	50162567	unique_+	chr3	50125134
rs4855847	R001	3	49677292	unique_+	chr3	49639859
rs7770988	R002	6	98737183	unique_+	chr6	98289307
rs4839946	R002	6	98728004	unique_+	chr6	98280128
rs12205529	R002	6	98713048	unique_+	chr6	98265172
rs9320980	R002	6	98685930	unique_+	chr6	98238054
rs7765628	R002	6	98513212	unique_+	chr6	98065336
rs1451346	R002	6	98729160	unique_+	chr6	98281284
rs12195792	R002	6	98705295	unique_+	chr6	98257419
rs2131104	R001	3	49696633	unique_+	chr3	49659200
rs9375321	R002	6	98706822	unique_+	chr6	98258946
rs12210016	R002	6	98723744	unique_+	chr6	98275868
rs73833363	R001	3	50442309	unique_+	chr3	50404878
rs17058348	R002	6	98726503	unique_+	chr6	98278627
rs76787405	R002	6	98826896	unique_+	chr6	98379020
rs6767505	R001	3	50448778	unique_+	chr3	50411347
rs9372780	R002	6	98723574	unique_+	chr6	98275698
rs11961524	R002	6	98266203	unique_+	chr6	97818327
rs4855881	R001	3	49715446	unique_+	chr3	49678013
rs1060962	R001	3	49708502	unique_+	chr3	49671069
rs9491071	R002	6	98688123	unique_+	chr6	98240247
rs4466255	R002	6	98517095	unique_+	chr6	98069219
rs9320989	R002	6	98713474	unique_+	chr6	98265598
rs11711534	R001	3	50684811	unique_+	chr3	50647380
rs9388329	R002	6	98711358	unique_+	chr6	98263482
rs9372699	R002	6	98518283	unique_+	chr6	98070407
rs35021997	R003	4	102678690	unique_+	chr4	101757533
rs7766224	R002	6	98744693	unique_+	chr6	98296817
rs2131109	R001	3	49704987	unique_+	chr3	49667554
rs4855883	R001	3	49711314	unique_+	chr3	49673881
rs9388073	R002	6	98516675	unique_+	chr6	98068799
rs9375328	R002	6	98711221	unique_+	chr6	98263345
rs35404120	R001	3	49706738	unique_+	chr3	49669305
rs1385025	R001	3	50686062	unique_+	chr3	50648631
rs9490465	R002	6	98524279	unique_+	chr6	98076403
rs114371293	R001	3	48406286	unique_+	chr3	48364796
rs926861	R002	6	99452599	unique_+	chr6	99004723
rs4307179	R002	6	98484453	unique_+	chr6	98036577
rs6909430	R002	6	98739774	unique_+	chr6	98291898
rs9388075	R002	6	98518836	unique_+	chr6	98070960
rs10085261	R002	6	98262514	unique_+	chr6	97814638
rs13149344	R003	4	102686178	unique_+	chr4	101765021
rs9388354	R002	6	98741815	unique_+	chr6	98293939
rs4499937	R002	6	98493009	unique_+	chr6	98045133
rs143833572	R001	3	49405244	unique_+	chr3	49367811
rs9388076	R002	6	98520569	unique_+	chr6	98072693
rs62420423	R002	6	98490784	unique_+	chr6	98042908
rs9401724	R002	6	98687596	unique_+	chr6	98239720
rs2572104	R002	6	99510555	unique_+	chr6	99062679
rs9401542	R002	6	98518198	unique_+	chr6	98070322
rs6767878	R001	3	49710345	unique_+	chr3	49672912
rs193151065	R001	3	49476661	unique_+	chr3	49439228
rs151017204	R001	3	50916956	unique_+	chr3	50879525
rs9385327	R002	6	98708623	unique_+	chr6	98260747
rs1039738	R002	6	98747835	unique_+	chr6	98299959
rs17058141	R002	6	98470173	unique_+	chr6	98022297
rs118099815	R002	6	98661558	unique_+	chr6	98213682
rs1126239	R002	6	98748005	unique_+	chr6	98300129
rs2503775	R002	6	98521600	unique_+	chr6	98073724
rs17058139	R002	6	98469518	unique_+	chr6	98021642
rs9831288	R001	3	50773804	unique_+	chr3	50736373
rs6765869	R001	3	49704729	unique_+	chr3	49667296
rs4855884	R001	3	49704077	unique_+	chr3	49666644
rs149496329	R003	4	102386634	unique_+	chr4	101465477
rs9375085	R002	6	98472564	unique_+	chr6	98024688
rs9401491	R002	6	98481904	unique_+	chr6	98034028
rs730995	R001	3	50177978	unique_+	chr3	50140545
rs6446213	R001	3	50749265	unique_+	chr3	50711834
rs115888014	R001	3	50868436	unique_+	chr3	50831005
rs2960548	R001	3	49720393	unique_+	chr3	49682960
rs72932564	R002	6	98555831	unique_+	chr6	98107955
rs4144177	R002	6	98715164	unique_+	chr6	98267288
rs12524696	R002	6	98470643	unique_+	chr6	98022767
rs1824281	R001	3	50750145	unique_+	chr3	50712714
rs58369753	R002	6	98435590	unique_+	chr6	97987714
rs6778680	R001	3	50748140	unique_+	chr3	50710709
rs13130964	R003	4	102686316	unique_+	chr4	101765159
rs12492271	R001	3	48536456	unique_+	chr3	48499022
rs6909726	R002	6	98459736	unique_+	chr6	98011860
rs9401449	R002	6	98448147	unique_+	chr6	98000271
rs6928075	R002	6	98515781	unique_+	chr6	98067905
rs2747753	R002	6	99504537	unique_+	chr6	99056661
rs7742764	R002	6	99358821	unique_+	chr6	98910945
rs114057053	R001	3	49454428	unique_+	chr3	49416995
rs6916891	R002	6	98457595	unique_+	chr6	98009719
rs9401450	R002	6	98450232	unique_+	chr6	98002356
rs9398651	R002	6	98454680	unique_+	chr6	98006804
rs9825535	R001	3	50772664	unique_+	chr3	50735233
rs62420419	R002	6	98449723	unique_+	chr6	98001847
rs685887	R001	3	50677055	unique_+	chr3	50639624
rs9375029	R002	6	98415180	unique_+	chr6	97967304
rs147036949	R001	3	50372879	unique_+	chr3	50335448
rs9586	R001	3	49213637	unique_+	chr3	49176204
rs9401391	R002	6	98403681	unique_+	chr6	97955805
rs995561	R002	6	99497269	unique_+	chr6	99049393
rs6779819	R001	3	50719345	unique_+	chr3	50681914
rs9875961	R001	3	50878122	unique_+	chr3	50840691
rs12511373	R003	4	102666785	unique_+	chr4	101745628
rs141887252	R001	3	50372932	unique_+	chr3	50335501
rs9385205	R002	6	98438038	unique_+	chr6	97990162
rs2747754	R002	6	99505675	unique_+	chr6	99057799
rs7638082	R001	3	50880677	unique_+	chr3	50843246
rs4699257	R003	4	102688240	unique_+	chr4	101767083
rs141814201	R001	3	50439216	unique_+	chr3	50401785
rs59012751	R001	3	50458613	unique_+	chr3	50421182
rs900735	R001	3	50695135	unique_+	chr3	50657704
rs9834639	R001	3	48659009	unique_+	chr3	48621576
rs6778080	R001	3	49317338	unique_+	chr3	49279905
rs9481938	R002	6	98227554	unique_+	chr6	97779678
rs728901	R001	3	50695409	unique_+	chr3	50657978
rs6809851	R001	3	49309787	unique_+	chr3	49272354
rs1458385	R001	3	50876124	unique_+	chr3	50838693
rs62420386	R002	6	98402147	unique_+	chr6	97954271
rs9859692	R001	3	50882396	unique_+	chr3	50844965
rs3943212	R001	3	50718100	unique_+	chr3	50680669
rs6932108	R002	6	98713992	unique_+	chr6	98266116
rs4955414	R001	3	49317727	unique_+	chr3	49280294
rs17815686	R002	6	98712579	unique_+	chr6	98264703
rs9826757	R001	3	50730251	unique_+	chr3	50692820
rs74332078	R003	4	103766720	unique_+	chr4	102845563
rs13110006	R003	4	102669939	unique_+	chr4	101748782
rs11716398	R001	3	50699715	unique_+	chr3	50662284
rs3792328	R001	3	50664139	unique_+	chr3	50626708
rs150189108	R001	3	50933638	unique_+	chr3	50896207
rs3804632	R001	3	50671362	unique_+	chr3	50633931
rs1971976	R001	3	50706496	unique_+	chr3	50669065
rs10499023	R002	6	99226729	unique_+	chr6	98778853
rs10154992	R001	3	49276077	unique_+	chr3	49238644
rs9828829	R001	3	50447295	unique_+	chr3	50409864
rs396302	R001	3	50674468	unique_+	chr3	50637037
rs148221436	R001	3	49632750	unique_+	chr3	49595317
rs1013233	R001	3	50695772	unique_+	chr3	50658341
rs7626076	R001	3	49298139	unique_+	chr3	49260706
rs148149389	R001	3	50180898	unique_+	chr3	50143465
rs7619016	R001	3	49272589	unique_+	chr3	49235156
rs147997200	R001	3	49726178	unique_+	chr3	49688745
rs13195190	R002	6	98226117	unique_+	chr6	97778241
rs11130187	R001	3	49307872	unique_+	chr3	49270439
rs72926945	R002	6	98221113	unique_+	chr6	97773237
rs34848480	R001	3	50701801	unique_+	chr3	50664370
rs6446212	R001	3	50728997	unique_+	chr3	50691566
rs7621650	R001	3	50797071	unique_+	chr3	50759640
rs9682401	R001	3	50680758	unique_+	chr3	50643327
rs2086827	R001	3	50725691	unique_+	chr3	50688260
rs12637346	R001	3	49284513	unique_+	chr3	49247080
rs11130186	R001	3	49275828	unique_+	chr3	49238395
rs9375027	R002	6	98413502	unique_+	chr6	97965626
rs448028	R001	3	50673928	unique_+	chr3	50636497
rs2099526	R001	3	49269758	unique_+	chr3	49232325
rs808149	R001	3	50678732	unique_+	chr3	50641301
rs9481948	R002	6	98234452	unique_+	chr6	97786576
rs4346541	R001	3	50910499	unique_+	chr3	50873068
rs28593422	R001	3	50443996	unique_+	chr3	50406565
rs6808036	R001	3	49236439	unique_+	chr3	49199006
rs73833373	R001	3	50474801	unique_+	chr3	50437370
rs2017703	R002	6	99451483	unique_+	chr6	99003607
rs4955417	R001	3	49298205	unique_+	chr3	49260772
rs6776224	R001	3	50727034	unique_+	chr3	50689603
rs56231335	R002	6	98187291	unique_+	chr6	97739415
rs9401416	R002	6	98430759	unique_+	chr6	97982883
rs4955443	R001	3	49286618	unique_+	chr3	49249185
rs9401406	R002	6	98420653	unique_+	chr6	97972777
rs28580410	R001	3	50474732	unique_+	chr3	50437301
rs443436	R001	3	50676596	unique_+	chr3	50639165
rs3792325	R001	3	50663574	unique_+	chr3	50626143
rs9489754	R002	6	98236029	unique_+	chr6	97788153
rs17057975	R002	6	98179726	unique_+	chr6	97731850
rs4644075	R002	6	98425740	unique_+	chr6	97977864
rs4688714	R001	3	50560693	unique_+	chr3	50523262
rs11751573	R002	6	98188295	unique_+	chr6	97740419
rs62420388	R002	6	98412917	unique_+	chr6	97965041
rs1563684	R001	3	50737293	unique_+	chr3	50699862
rs73832881	R001	3	50441611	unique_+	chr3	50404180
rs9398636	R002	6	98422743	unique_+	chr6	97974867
rs9398634	R002	6	98420848	unique_+	chr6	97972972
rs9820606	R001	3	50771819	unique_+	chr3	50734388
rs62420418	R002	6	98423765	unique_+	chr6	97975889
rs118010457	R002	6	98600127	unique_+	chr6	98152251
rs4601135	R002	6	98425571	unique_+	chr6	97977695
rs145972896	R002	6	98229086	unique_+	chr6	97781210
rs1966921	R001	3	50735388	unique_+	chr3	50697957
rs62421906	R002	6	98188959	unique_+	chr6	97741083
rs9372657	R002	6	98422401	unique_+	chr6	97974525
rs9387964	R002	6	98423507	unique_+	chr6	97975631
rs9834003	R001	3	49216472	unique_+	chr3	49179039
rs7428949	R001	3	48545777	unique_+	chr3	48508344
rs35926495	R001	3	50255663	unique_+	chr3	50218231
rs10865956	R001	3	49581559	unique_+	chr3	49544126
rs62420389	R002	6	98412949	unique_+	chr6	97965073
rs7434107	R001	3	48541182	unique_+	chr3	48503749
rs6446257	R001	3	49253492	unique_+	chr3	49216059
rs7615703	R001	3	50732402	unique_+	chr3	50694971
rs6796769	R001	3	50723927	unique_+	chr3	50686496
rs616589	R001	3	50663629	unique_+	chr3	50626198
rs4636034	R002	6	98416139	unique_+	chr6	97968263
rs7432077	R001	3	49222904	unique_+	chr3	49185471
rs3870341	R001	3	49584745	unique_+	chr3	49547312
rs9387948	R002	6	98408170	unique_+	chr6	97960294
rs751851	R001	3	50703858	unique_+	chr3	50666427
rs9375030	R002	6	98415843	unique_+	chr6	97967967
rs56114301	R001	3	50481551	unique_+	chr3	50444120
rs116033001	R001	3	48194646	unique_+	chr3	48153156
rs6912235	R002	6	98421767	unique_+	chr6	97973891
rs4395727	R002	6	98416272	unique_+	chr6	97968396
rs2608990	R001	3	50874280	unique_+	chr3	50836849
rs4955439	R001	3	49245645	unique_+	chr3	49208212
rs7645212	R001	3	50734849	unique_+	chr3	50697418
rs7610830	R001	3	50512074	unique_+	chr3	50474643
rs7429661	R001	3	49228800	unique_+	chr3	49191367
rs11961336	R002	6	98240533	unique_+	chr6	97792657
rs4241407	R001	3	49600319	unique_+	chr3	49562886
rs55790255	R001	3	50466518	unique_+	chr3	50429087
rs9320692	R002	6	98219443	unique_+	chr6	97771567
rs41311613	R001	3	50468624	unique_+	chr3	50431193
rs9387968	R002	6	98425218	unique_+	chr6	97977342
rs9867285	R001	3	49249381	unique_+	chr3	49211948
rs11130183	R001	3	49228946	unique_+	chr3	49191513
rs7640842	R001	3	50455398	unique_+	chr3	50417967
rs2067872	R002	6	99615417	unique_+	chr6	99167541
rs2082923	R001	3	49255172	unique_+	chr3	49217739
rs4955423	R001	3	49220448	unique_+	chr3	49183015
rs4955421	R001	3	49218888	unique_+	chr3	49181455
rs62261249	R001	3	49594060	unique_+	chr3	49556627
rs12525015	R002	6	98408519	unique_+	chr6	97960643
rs71326918	R001	3	50174844	unique_+	chr3	50137411
rs9489770	R002	6	98242041	unique_+	chr6	97794165
rs111420947	R001	3	49217614	unique_+	chr3	49180181
rs6446256	R001	3	49224210	unique_+	chr3	49186777
rs56249615	R001	3	50461181	unique_+	chr3	50423750
rs1034408	R001	3	50458194	unique_+	chr3	50420763
rs9399068	R002	6	99633011	unique_+	chr6	99185135
rs17810234	R002	6	98241631	unique_+	chr6	97793755
rs62259943	R001	3	49425167	unique_+	chr3	49387734
rs414171	R001	3	50649499	unique_+	chr3	50612068
rs73832879	R001	3	50440423	unique_+	chr3	50402992
rs73833366	R001	3	50450804	unique_+	chr3	50413373
rs7634307	R001	3	50465518	unique_+	chr3	50428087
rs9489803	R002	6	98248616	unique_+	chr6	97800740
rs60273100	R001	3	50460018	unique_+	chr3	50422587
rs7434077	R001	3	48541016	unique_+	chr3	48503583
rs142685853	R001	3	49426600	unique_+	chr3	49389167
rs11154726	R002	6	99618365	unique_+	chr6	99170489
rs73833371	R001	3	50462516	unique_+	chr3	50425085
rs9387954	R002	6	98419104	unique_+	chr6	97971228
rs75565393	R001	3	49326280	unique_+	chr3	49288847
rs813243	R001	3	50658512	unique_+	chr3	50621081
rs9375028	R002	6	98413511	unique_+	chr6	97965635
rs143615444	R001	3	50488741	unique_+	chr3	50451310
rs61413553	R001	3	50466462	unique_+	chr3	50429031
rs9862534	R001	3	49598064	unique_+	chr3	49560631
rs11130204	R001	3	49584243	unique_+	chr3	49546810
rs1598926	R001	3	50840348	unique_+	chr3	50802917
rs7773562	R002	6	99610936	unique_+	chr6	99163060
rs9481943	R002	6	98231307	unique_+	chr6	97783431
rs57405128	R001	3	50483981	unique_+	chr3	50446550
rs11928090	R001	3	49604904	unique_+	chr3	49567471
rs7625295	R001	3	50464905	unique_+	chr3	50427474
rs2675784	R001	3	50874112	unique_+	chr3	50836681
rs7625857	R001	3	49596462	unique_+	chr3	49559029
rs6769821	R001	3	49244657	unique_+	chr3	49207224
rs4855837	R001	3	49582677	unique_+	chr3	49545244
rs1566115	R002	6	99632323	unique_+	chr6	99184447
rs1884186	R002	6	99443674	unique_+	chr6	98995798
rs7612820	R001	3	50460788	unique_+	chr3	50423357
rs1598927	R001	3	50904642	unique_+	chr3	50867211
rs57273516	R001	3	49483074	unique_+	chr3	49445641
rs11928733	R001	3	50833438	unique_+	chr3	50796007
rs3866330	R001	3	49582994	unique_+	chr3	49545561
rs73833372	R001	3	50463593	unique_+	chr3	50426162
rs2312462	R001	3	49601255	unique_+	chr3	49563822
rs9867489	R001	3	50773154	unique_+	chr3	50735723
rs4855838	R001	3	49579876	unique_+	chr3	49542443
rs1555230	R002	6	99511328	unique_+	chr6	99063452
rs6770954	R001	3	50891886	unique_+	chr3	50854455
rs79978588	R002	6	98714089	unique_+	chr6	98266213
rs4447760	R001	3	50950909	unique_+	chr3	50913478
rs743755	R001	3	50455031	unique_+	chr3	50417600
rs1464569	R001	3	49460350	unique_+	chr3	49422917
rs4855853	R001	3	49579331	unique_+	chr3	49541898
rs9824522	R001	3	50771992	unique_+	chr3	50734561
rs1982861	R001	3	49577665	unique_+	chr3	49540232
rs113950665	R001	3	49189263	unique_+	chr3	49151830
rs9398680	R002	6	98535471	unique_+	chr6	98087595
rs148743234	R003	4	102664794	unique_+	chr4	101743637
rs60149721	R001	3	50446159	unique_+	chr3	50408728
rs6446220	R001	3	50825303	unique_+	chr3	50787872
rs6770258	R001	3	50479263	unique_+	chr3	50441832
rs2355697	R001	3	50866106	unique_+	chr3	50828675
rs1379873	R001	3	50876831	unique_+	chr3	50839400
rs6770669	R001	3	50479702	unique_+	chr3	50442271
rs6763990	R001	3	50873740	unique_+	chr3	50836309
rs7631586	R001	3	49220137	unique_+	chr3	49182704
rs9824444	R001	3	50782765	unique_+	chr3	50745334
rs3123344	R002	6	98852218	unique_+	chr6	98404342
rs4840016	R002	6	99667374	unique_+	chr6	99219498
rs2609019	R001	3	50878734	unique_+	chr3	50841303
rs1908805	R002	6	99646446	unique_+	chr6	99198570
rs62259947	R001	3	49439924	unique_+	chr3	49402491
rs7766939	R002	6	98247270	unique_+	chr6	97799394
rs13218491	R002	6	99230981	unique_+	chr6	98783105
rs73080339	R001	3	48766111	unique_+	chr3	48728678
rs7633959	R001	3	50919626	unique_+	chr3	50882195
rs9847585	R001	3	49414062	unique_+	chr3	49376629
rs4955413	R001	3	49410066	unique_+	chr3	49372633
rs57415469	R001	3	50496902	unique_+	chr3	50459471
rs8897	R001	3	49460407	unique_+	chr3	49422974
rs10510754	R001	3	50861611	unique_+	chr3	50824180
rs1379875	R001	3	50880360	unique_+	chr3	50842929
rs55786114	R001	3	48982335	unique_+	chr3	48944902
rs11715060	R001	3	49442020	unique_+	chr3	49404587
rs10155014	R001	3	49432321	unique_+	chr3	49394888
rs7642158	R001	3	50897315	unique_+	chr3	50859884
rs3448	R001	3	49396751	unique_+	chr3	49359318
rs4530518	R001	3	50910359	unique_+	chr3	50872928
rs2219432	R001	3	50875048	unique_+	chr3	50837617
rs72926977	R002	6	98249041	unique_+	chr6	97801165
rs4485709	R001	3	50776497	unique_+	chr3	50739066
rs2085582	R001	3	50890839	unique_+	chr3	50853408
rs11712367	R001	3	50775446	unique_+	chr3	50738015
rs4310069	R002	6	99445599	unique_+	chr6	98997723
rs2085585	R001	3	50884219	unique_+	chr3	50846788
rs2219431	R001	3	50875146	unique_+	chr3	50837715
rs9861027	R001	3	49436584	unique_+	chr3	49399151
rs144963411	R002	6	98246495	unique_+	chr6	97798619
rs2177268	R001	3	49439725	unique_+	chr3	49402292
rs9388107	R002	6	98537083	unique_+	chr6	98089207
rs6446222	R001	3	50837083	unique_+	chr3	50799652
rs13209399	R002	6	99230391	unique_+	chr6	98782515
rs9481928	R002	6	98218109	unique_+	chr6	97770233
rs2388150	R002	6	98246610	unique_+	chr6	97798734
rs6796147	R001	3	49408816	unique_+	chr3	49371383
rs62420383	R002	6	98395749	unique_+	chr6	97947873
rs2355350	R001	3	50814508	unique_+	chr3	50777077
rs974495	R001	3	49400482	unique_+	chr3	49363049
rs6775069	R001	3	49412496	unique_+	chr3	49375063
rs9812360	R001	3	49402351	unique_+	chr3	49364918
rs9817807	R001	3	49442548	unique_+	chr3	49405115
rs2219433	R001	3	50900103	unique_+	chr3	50862672
rs150760522	R001	3	49237966	unique_+	chr3	49200533
rs11154737	R002	6	99634156	unique_+	chr6	99186280
rs188046406	R001	3	48976467	unique_+	chr3	48939034
rs7639301	R001	3	50837991	unique_+	chr3	50800560
rs9688806	R002	6	98630881	unique_+	chr6	98183005
rs6769744	R001	3	49412015	unique_+	chr3	49374582
rs1531271	R001	3	50881974	unique_+	chr3	50844543
rs11154741	R002	6	99638145	unique_+	chr6	99190269
rs13200146	R002	6	98778927	unique_+	chr6	98331051
rs7619789	R001	3	49476263	unique_+	chr3	49438830
rs11917538	R001	3	50872976	unique_+	chr3	50835545
rs9388111	R002	6	98540972	unique_+	chr6	98093096
rs2609018	R001	3	50881857	unique_+	chr3	50844426
rs9398682	R002	6	98535875	unique_+	chr6	98087999
rs193100523	R001	3	49402669	unique_+	chr3	49365236
rs12203275	R002	6	99449248	unique_+	chr6	99001372
rs1841067	R001	3	50903207	unique_+	chr3	50865776
rs138084484	R001	3	49483193	unique_+	chr3	49445760
rs11719762	R001	3	49409002	unique_+	chr3	49371569
rs112649351	R001	3	49181392	unique_+	chr3	49143959
rs12527158	R002	6	98408610	unique_+	chr6	97960734
rs71329014	R001	3	50906647	unique_+	chr3	50869216
rs66684483	R001	3	50921662	unique_+	chr3	50884231
rs73833386	R001	3	50492672	unique_+	chr3	50455241
rs2355702	R001	3	50914241	unique_+	chr3	50876810
rs34058795	R001	3	50915928	unique_+	chr3	50878497
rs1379874	R001	3	50876769	unique_+	chr3	50839338
rs375544	R001	3	50657826	unique_+	chr3	50620395
rs6446262	R001	3	49401153	unique_+	chr3	49363720
rs9871024	R001	3	49554241	unique_+	chr3	49516808
rs2140270	R001	3	49439440	unique_+	chr3	49402007
rs1598928	R001	3	50909434	unique_+	chr3	50872003
rs4955427	R001	3	49260646	unique_+	chr3	49223213
rs11720657	R001	3	49392620	unique_+	chr3	49355187
rs56127630	R001	3	49438036	unique_+	chr3	49400603
rs2675821	R001	3	50902456	unique_+	chr3	50865025
rs58412961	R001	3	50505546	unique_+	chr3	50468115
rs2168865	R001	3	50908897	unique_+	chr3	50871466
rs62259944	R001	3	49430883	unique_+	chr3	49393450
rs9842132	R001	3	49427933	unique_+	chr3	49390500
rs113741748	R001	3	49490780	unique_+	chr3	49453347
rs73088137	R001	3	49448423	unique_+	chr3	49410990
rs7648995	R001	3	49438803	unique_+	chr3	49401370
rs55876418	R001	3	50482829	unique_+	chr3	50445398
rs28584184	R003	4	103685218	unique_+	chr4	102764061
rs9372649	R002	6	98395205	unique_+	chr6	97947329
rs17058404	R002	6	98781853	unique_+	chr6	98333977
rs76644123	R001	3	50920349	unique_+	chr3	50882918
rs140034116	R001	3	50869143	unique_+	chr3	50831712
rs12216403	R002	6	99637492	unique_+	chr6	99189616
rs2085586	R001	3	50884142	unique_+	chr3	50846711
rs36057916	R001	3	50894785	unique_+	chr3	50857354
rs11130190	R001	3	49402137	unique_+	chr3	49364704
rs76860393	R002	6	98774370	unique_+	chr6	98326494
rs9654010	R001	3	49480908	unique_+	chr3	49443475
rs55952419	R002	6	99231260	unique_+	chr6	98783384
rs7622786	R001	3	49518551	unique_+	chr3	49481118
rs62259933	R001	3	49469703	unique_+	chr3	49432270
rs67672341	R001	3	50912347	unique_+	chr3	50874916
rs4855858	R001	3	49529601	unique_+	chr3	49492168
rs1009051	R001	3	49521549	unique_+	chr3	49484116
rs7647973	R001	3	49510931	unique_+	chr3	49473498
rs9809237	R001	3	49516350	unique_+	chr3	49478917
rs7616183	R001	3	50956372	unique_+	chr3	50918941
rs71329017	R001	3	50921599	unique_+	chr3	50884168
rs2085584	R001	3	50884232	unique_+	chr3	50846801
rs6805609	R001	3	49471522	unique_+	chr3	49434089
rs67211895	R001	3	50913439	unique_+	chr3	50876008
rs117360302	R002	6	98769682	unique_+	chr6	98321806
rs6790105	R001	3	49393409	unique_+	chr3	49355976
rs4346542	R001	3	50868583	unique_+	chr3	50831152
rs13072085	R001	3	50887492	unique_+	chr3	50850061
rs76747326	R001	3	50919618	unique_+	chr3	50882187
rs6785045	R001	3	49435243	unique_+	chr3	49397810
rs11923032	R001	3	49484992	unique_+	chr3	49447559
rs7374731	R001	3	49533094	unique_+	chr3	49495661
rs9375977	R002	6	99637123	unique_+	chr6	99189247
rs6783003	R001	3	49524778	unique_+	chr3	49487345
rs74365977	R001	3	50925785	unique_+	chr3	50888354
rs62261183	R001	3	49522458	unique_+	chr3	49485025
rs115936237	R001	3	50904909	unique_+	chr3	50867478
rs4955440	R001	3	49388633	unique_+	chr3	49351200
rs7651372	R001	3	49533931	unique_+	chr3	49496498
rs144358790	R001	3	50916648	unique_+	chr3	50879217
rs1106620	R001	3	49500414	unique_+	chr3	49462981
rs9398681	R002	6	98535581	unique_+	chr6	98087705
rs4840007	R002	6	99649289	unique_+	chr6	99201413
rs9490475	R002	6	98527018	unique_+	chr6	98079142
rs2675825	R001	3	50900974	unique_+	chr3	50863543
rs2329025	R001	3	49496263	unique_+	chr3	49458830
rs7613491	R001	3	49508976	unique_+	chr3	49471543
rs2675822	R001	3	50902312	unique_+	chr3	50864881
rs7620024	R001	3	49451691	unique_+	chr3	49414258
rs35193996	R001	3	50913949	unique_+	chr3	50876518
rs78956898	R001	3	50919292	unique_+	chr3	50881861
rs9388085	R002	6	98525837	unique_+	chr6	98077961
rs2355700	R001	3	50910625	unique_+	chr3	50873194
rs6446275	R001	3	49466871	unique_+	chr3	49429438
rs7355800	R001	3	49516519	unique_+	chr3	49479086
rs13322887	R001	3	49555583	unique_+	chr3	49518150
rs66472954	R001	3	50912294	unique_+	chr3	50874863
rs61108141	R001	3	50966191	unique_+	chr3	50928760
rs7772558	R002	6	99463041	unique_+	chr6	99015165
rs9869945	R001	3	50849368	unique_+	chr3	50811937
rs2609016	R001	3	50896991	unique_+	chr3	50859560
rs7625232	R001	3	50941441	unique_+	chr3	50904010
rs12639243	R001	3	50900354	unique_+	chr3	50862923
rs940045	R001	3	49449638	unique_+	chr3	49412205
rs7751565	R002	6	99465934	unique_+	chr6	99018058
rs148866261	R002	6	99653012	unique_+	chr6	99205136
rs9860055	R001	3	49506900	unique_+	chr3	49469467
rs12215641	R002	6	99642209	unique_+	chr6	99194333
rs667320	R002	6	98673816	unique_+	chr6	98225940
rs6569760	R002	6	99457217	unique_+	chr6	99009341
rs7638750	R001	3	49452957	unique_+	chr3	49415524
rs12583	R001	3	49571462	unique_+	chr3	49534029
rs56258146	R001	3	50488333	unique_+	chr3	50450902
rs17248480	R003	4	102435265	unique_+	chr4	101514108
rs112014511	R001	3	49090619	unique_+	chr3	49053186
rs6908689	R002	6	99665546	unique_+	chr6	99217670
rs2609028	R001	3	50901345	unique_+	chr3	50863914
rs73831575	R001	3	48428472	unique_+	chr3	48386981
rs9811047	R001	3	49328833	unique_+	chr3	49291400
rs77648866	R001	3	49469449	unique_+	chr3	49432016
rs12524864	R002	6	99625695	unique_+	chr6	99177819
rs12525432	R002	6	99627125	unique_+	chr6	99179249
rs2892632	R002	6	99629281	unique_+	chr6	99181405
rs74471041	R001	3	49542543	unique_+	chr3	49505110
rs9388110	R002	6	98540805	unique_+	chr6	98092929
rs6795573	R001	3	50921261	unique_+	chr3	50883830
rs6784203	R001	3	49381678	unique_+	chr3	49344245
rs7627266	R001	3	50962368	unique_+	chr3	50924937
rs12201712	R002	6	99642178	unique_+	chr6	99194302
rs1496971	R002	6	99641248	unique_+	chr6	99193372
rs149273410	R001	3	49543515	unique_+	chr3	49506082
rs142055972	R001	3	50804973	unique_+	chr3	50767542
rs9860285	R001	3	49355374	unique_+	chr3	49317941
rs3905330	R001	3	49550774	unique_+	chr3	49513341
rs12196981	R002	6	99624196	unique_+	chr6	99176320
rs7644148	R001	3	49545241	unique_+	chr3	49507808
rs17760286	R002	6	98763844	unique_+	chr6	98315968
rs6809204	R001	3	49369383	unique_+	chr3	49331950
rs4955425	R001	3	49383178	unique_+	chr3	49345745
rs56048629	R001	3	50255666	unique_+	chr3	50218234
rs7639828	R001	3	50823597	unique_+	chr3	50786166
rs3870339	R001	3	49536863	unique_+	chr3	49499430
rs62262521	R001	3	49173197	unique_+	chr3	49135764
rs12530395	R002	6	99667242	unique_+	chr6	99219366
rs4955430	R001	3	49378088	unique_+	chr3	49340655
rs12193899	R002	6	99468593	unique_+	chr6	99020717
rs12216144	R002	6	99623458	unique_+	chr6	99175582
rs148366291	R001	3	50915743	unique_+	chr3	50878312
rs2269506	R001	3	50595141	unique_+	chr3	50557710
rs12505043	R003	4	102655362	unique_+	chr4	101734205
rs12528029	R002	6	98379774	unique_+	chr6	97931898
rs2239752	R001	3	50645413	unique_+	chr3	50607982
rs6903828	R002	6	99665310	unique_+	chr6	99217434
rs2029240	R002	6	98588028	unique_+	chr6	98140152
rs34406062	R003	4	103698324	unique_+	chr4	102777167
rs7614738	R001	3	49311131	unique_+	chr3	49273698
rs12199968	R002	6	99628239	unique_+	chr6	99180363
rs28496577	R001	3	48766252	unique_+	chr3	48728819
rs115535738	R002	6	99647361	unique_+	chr6	99199485
rs289764	R002	6	98660208	unique_+	chr6	98212332
rs59790001	R001	3	50514967	unique_+	chr3	50477536
rs9482263	R002	6	98539569	unique_+	chr6	98091693
rs147238396	R002	6	99648850	unique_+	chr6	99200974
rs4955424	R001	3	49383078	unique_+	chr3	49345645
rs1487451	R002	6	98579210	unique_+	chr6	98131334
rs2144240	R002	6	99473161	unique_+	chr6	99025285
rs55649146	R002	6	99667079	unique_+	chr6	99219203
rs2388830	R002	6	99472179	unique_+	chr6	99024303
rs11720542	R001	3	49357427	unique_+	chr3	49319994
rs116585134	R002	6	99647794	unique_+	chr6	99199918
rs113748673	R001	3	49249819	unique_+	chr3	49212386
rs79707780	R001	3	49140563	unique_+	chr3	49103130
rs2236972	R001	3	50473924	unique_+	chr3	50436493
rs4422301	R001	3	50511332	unique_+	chr3	50473901
rs7772998	R002	6	99469809	unique_+	chr6	99021933
rs10499016	R002	6	98678145	unique_+	chr6	98230269
rs9481914	R002	6	98213620	unique_+	chr6	97765744
rs55892059	R001	3	50507117	unique_+	chr3	50469686
rs73835505	R001	3	50509330	unique_+	chr3	50471899
rs7772670	R002	6	99666588	unique_+	chr6	99218712
rs195822	R002	6	99352338	unique_+	chr6	98904462
rs60391761	R001	3	50470952	unique_+	chr3	50433521
rs7772505	R002	6	99666305	unique_+	chr6	99218429
rs4401452	R003	4	102659717	unique_+	chr4	101738560
rs6785832	R001	3	49224316	unique_+	chr3	49186883
rs9388104	R002	6	98535424	unique_+	chr6	98087548
rs11710434	R001	3	49346130	unique_+	chr3	49308697
rs13096474	R001	3	49443081	unique_+	chr3	49405648
rs138596149	R001	3	49526405	unique_+	chr3	49488972
rs12201236	R002	6	99478174	unique_+	chr6	99030298
rs2444932	R002	6	99301320	unique_+	chr6	98853444
rs2526385	R001	3	50181135	unique_+	chr3	50143702
rs77855778	R003	4	103203482	unique_+	chr4	102282325
rs7772789	R002	6	99469671	unique_+	chr6	99021795
rs9837658	R001	3	50480131	unique_+	chr3	50442700
rs75169053	R002	6	98384748	unique_+	chr6	97936872
rs7100	R001	3	49053219	unique_+	chr3	49015786
rs9881860	R001	3	49352522	unique_+	chr3	49315089
rs143928419	R001	3	48137242	unique_+	chr3	48095752
rs148169643	R001	3	49219878	unique_+	chr3	49182445
rs195824	R002	6	99351047	unique_+	chr6	98903171
rs13066140	R001	3	50154223	unique_+	chr3	50116790
rs145965071	R001	3	50240245	unique_+	chr3	50202812
rs9490041	R002	6	98349189	unique_+	chr6	97901313
rs9834535	R001	3	49378797	unique_+	chr3	49341364
rs195834	R002	6	99405194	unique_+	chr6	98957318
rs13205478	R002	6	99222466	unique_+	chr6	98774590
rs71597136	R003	4	103858283	unique_+	chr4	102937126
rs145308061	R001	3	50594370	unique_+	chr3	50556939
rs2604065	R002	6	99301511	unique_+	chr6	98853635
rs175634	R001	3	50644134	unique_+	chr3	50606703
rs201193	R001	3	50643305	unique_+	chr3	50605874
rs13198731	R002	6	98212183	unique_+	chr6	97764307
rs195833	R002	6	99324963	unique_+	chr6	98877087
rs2505060	R002	6	98583468	unique_+	chr6	98135592
rs7632477	R001	3	49120040	unique_+	chr3	49082607
rs743754	R001	3	50456059	unique_+	chr3	50418628
rs7626470	R001	3	50452132	unique_+	chr3	50414701
rs9817768	R001	3	50480102	unique_+	chr3	50442671
rs2038051	R002	6	99304776	unique_+	chr6	98856900
rs13137839	R003	4	103338853	unique_+	chr4	102417696
rs149997315	R001	3	50572075	unique_+	chr3	50534644
rs2743875	R002	6	99304340	unique_+	chr6	98856464
rs2604066	R002	6	99303615	unique_+	chr6	98855739
rs75412778	R002	6	98836336	unique_+	chr6	98388460
rs3087866	R001	3	49054692	unique_+	chr3	49017259
rs140581370	R001	3	49180103	unique_+	chr3	49142670
rs195857	R002	6	99306510	unique_+	chr6	98858634
rs195856	R002	6	99306950	unique_+	chr6	98859074
rs195828	R002	6	99390190	unique_+	chr6	98942314
rs150751569	R001	3	48283246	unique_+	chr3	48241756
rs116761807	R001	3	49504045	unique_+	chr3	49466612
rs1034409	R001	3	50457993	unique_+	chr3	50420562
rs2124136	R002	6	99302836	unique_+	chr6	98854960
rs2236969	R001	3	50470047	unique_+	chr3	50432616
rs754298	R001	3	50548895	unique_+	chr3	50511464
rs36001212	R002	6	98792000	unique_+	chr6	98344124
rs195829	R002	6	99388940	unique_+	chr6	98941064
rs2282757	R001	3	50468491	unique_+	chr3	50431060
rs2236951	R001	3	50421081	unique_+	chr3	50383650
rs150228862	R003	4	102949070	unique_+	chr4	102027913
rs73080980	R001	3	50196533	unique_+	chr3	50159100
rs12526814	R002	6	98212163	unique_+	chr6	97764287
rs4261877	R001	3	50692394	unique_+	chr3	50654963
rs34109912	R002	6	98795355	unique_+	chr6	98347479
rs72682927	R003	4	102374875	unique_+	chr4	101453718
rs7647409	R001	3	50457599	unique_+	chr3	50420168
rs11968196	R002	6	98793832	unique_+	chr6	98345956
rs116352796	R001	3	49267774	unique_+	chr3	49230341
rs9402399	R002	6	99510333	unique_+	chr6	99062457
rs141834977	R001	3	48912427	unique_+	chr3	48874994
rs12207893	R002	6	99304256	unique_+	chr6	98856380
rs13196732	R002	6	98799148	unique_+	chr6	98351272
rs9375403	R002	6	98831636	unique_+	chr6	98383760
rs9883635	R001	3	50478854	unique_+	chr3	50441423
rs2035484	R001	3	50721892	unique_+	chr3	50684461
rs144299445	R001	3	50847867	unique_+	chr3	50810436
rs6916751	R002	6	99501709	unique_+	chr6	99053833
rs9879397	R001	3	50685642	unique_+	chr3	50648211
rs41305886	R001	3	50423455	unique_+	chr3	50386024
rs72934530	R002	6	98603711	unique_+	chr6	98155835
rs143363956	R001	3	50697798	unique_+	chr3	50660367
rs9868889	R001	3	50673010	unique_+	chr3	50635579
rs4552340	R001	3	50919168	unique_+	chr3	50881737
rs725487	R002	6	99409754	unique_+	chr6	98961878
rs12212965	R002	6	99359444	unique_+	chr6	98911568
rs17058987	R002	6	99431600	unique_+	chr6	98983724
rs11154582	R002	6	99318519	unique_+	chr6	98870643
rs78394565	R001	3	49994617	unique_+	chr3	49957184
rs129310	R001	3	50594836	unique_+	chr3	50557405
rs12486717	R001	3	50705872	unique_+	chr3	50668441
rs7739884	R002	6	99346145	unique_+	chr6	98898269
rs7752268	R002	6	99301013	unique_+	chr6	98853137
rs2236978	R001	3	50486239	unique_+	chr3	50448808
rs3804627	R001	3	50606374	unique_+	chr3	50568943
rs146555027	R001	3	50194619	unique_+	chr3	50157186
rs399971	R001	3	50612658	unique_+	chr3	50575227
rs9837861	R001	3	50489208	unique_+	chr3	50451777
rs4688705	R001	3	50690570	unique_+	chr3	50653139
rs10456990	R002	6	99355380	unique_+	chr6	98907504
rs6935315	R002	6	99353272	unique_+	chr6	98905396
rs2355323	R001	3	50631800	unique_+	chr3	50594369
rs11154609	R002	6	99358218	unique_+	chr6	98910342
rs7646236	R001	3	50635553	unique_+	chr3	50598122
rs4648075	R003	4	103519397	unique_+	chr4	102598240
rs9398720	R002	6	98594709	unique_+	chr6	98146833
rs17058417	R002	6	98795332	unique_+	chr6	98347456
rs13136118	R003	4	102743438	unique_+	chr4	101822281
rs9374991	R002	6	98372330	unique_+	chr6	97924454
rs72556577	R001	3	48491394	unique_+	chr3	48449988
rs809454	R001	3	50590675	unique_+	chr3	50553244
rs6803264	R001	3	49254427	unique_+	chr3	49216994
rs1467913	R001	3	50525017	unique_+	chr3	50487586
rs453570	R001	3	50637469	unique_+	chr3	50600038
rs6917998	R002	6	99501726	unique_+	chr6	99053850
rs68030076	R002	6	99508112	unique_+	chr6	99060236
rs12492113	R001	3	50521402	unique_+	chr3	50483971
rs616689	R001	3	50668532	unique_+	chr3	50631101
rs72682964	R003	4	102473867	unique_+	chr4	101552710
rs9863307	R001	3	50499532	unique_+	chr3	50462101
rs2236982	R001	3	50489399	unique_+	chr3	50451968
rs150187075	R001	3	50605940	unique_+	chr3	50568509
rs142776668	R001	3	50719756	unique_+	chr3	50682325
rs142866429	R001	3	50694980	unique_+	chr3	50657549
rs56856095	R001	3	50714581	unique_+	chr3	50677150
rs62420421	R002	6	98481058	unique_+	chr6	98033182
rs60697536	R002	6	98594210	unique_+	chr6	98146334
rs28428559	R001	3	50473164	unique_+	chr3	50435733
rs417592	R001	3	50610696	unique_+	chr3	50573265
rs6914446	R002	6	99503968	unique_+	chr6	99056092
rs695170	R001	3	50625521	unique_+	chr3	50588090
rs62421933	R002	6	98290348	unique_+	chr6	97842472
rs111278853	R002	6	98588501	unique_+	chr6	98140625
rs4511895	R001	3	50915158	unique_+	chr3	50877727
rs1392	R002	6	99372799	unique_+	chr6	98924923
rs441516	R001	3	50628931	unique_+	chr3	50591500
rs115685970	R003	4	103404125	unique_+	chr4	102482968
rs4974078	R001	3	49009386	unique_+	chr3	48971953
rs12200990	R002	6	99441083	unique_+	chr6	98993207
rs2239751	R001	3	50647888	unique_+	chr3	50610457
rs2269505	R001	3	50597948	unique_+	chr3	50560517
rs6786523	R001	3	50524221	unique_+	chr3	50486790
rs443030	R001	3	50592768	unique_+	chr3	50555337
rs9311453	R001	3	50499727	unique_+	chr3	50462296
rs12492093	R001	3	50697043	unique_+	chr3	50659612
rs6569751	R002	6	99433539	unique_+	chr6	98985663
rs12494849	R001	3	50524558	unique_+	chr3	50487127
rs2236976	R001	3	50485958	unique_+	chr3	50448527
rs9854585	R001	3	50492653	unique_+	chr3	50455222
rs1467914	R001	3	50523668	unique_+	chr3	50486237
rs150167851	R001	3	50726162	unique_+	chr3	50688731
rs115259458	R001	3	48776793	unique_+	chr3	48739360
rs148000660	R001	3	48305173	unique_+	chr3	48263683
rs12489607	R001	3	50689039	unique_+	chr3	50651608
rs7767360	R002	6	99404349	unique_+	chr6	98956473
rs12214836	R002	6	99319578	unique_+	chr6	98871702
rs192022433	R001	3	50203308	unique_+	chr3	50165875
rs2187815	R001	3	50492528	unique_+	chr3	50455097
rs77945157	R001	3	48291033	unique_+	chr3	48249543
rs139311446	R001	3	50738302	unique_+	chr3	50700871
rs181479876	R001	3	50604081	unique_+	chr3	50566650
rs140154767	R001	3	48800735	unique_+	chr3	48763302
rs17051043	R001	3	50693998	unique_+	chr3	50656567
rs1011674	R002	6	99374055	unique_+	chr6	98926179
rs13117052	R003	4	103749747	unique_+	chr4	102828590
rs72942785	R001	3	50696023	unique_+	chr3	50658592
rs150042930	R001	3	50802605	unique_+	chr3	50765174
rs2157328	R001	3	50492156	unique_+	chr3	50454725
rs2170840	R001	3	50686517	unique_+	chr3	50649086
rs113789440	R002	6	98446692	unique_+	chr6	97998816
rs636234	R002	6	98202741	unique_+	chr6	97754865
rs9865051	R001	3	49166069	unique_+	chr3	49128636
rs6794155	R001	3	50702510	unique_+	chr3	50665079
rs9814606	R001	3	50504514	unique_+	chr3	50467083
rs72944730	R001	3	50749786	unique_+	chr3	50712355
rs7434187	R001	3	49032967	unique_+	chr3	48995534
rs743859	R001	3	50493380	unique_+	chr3	50455949
rs146477906	R001	3	50531386	unique_+	chr3	50493955
rs143206595	R001	3	50580670	unique_+	chr3	50543239
rs2236990	R001	3	50510658	unique_+	chr3	50473227
rs745356	R001	3	50681336	unique_+	chr3	50643905
rs7372883	R001	3	48991255	unique_+	chr3	48953822
rs61493458	R001	3	50482994	unique_+	chr3	50445563
rs75294785	R002	6	98751343	unique_+	chr6	98303467
rs138487881	R001	3	50693472	unique_+	chr3	50656041
rs4476497	R001	3	50680490	unique_+	chr3	50643059
rs2076927	R001	3	50703635	unique_+	chr3	50666204
rs7649603	R001	3	50498475	unique_+	chr3	50461044
rs115980427	R003	4	103179168	unique_+	chr4	102258011
rs72944726	R001	3	50749365	unique_+	chr3	50711934
rs74461473	R001	3	50250747	unique_+	chr3	50213314
rs650655	R001	3	50674940	unique_+	chr3	50637509
rs56049603	R001	3	49585243	unique_+	chr3	49547810
rs149156272	R001	3	50659253	unique_+	chr3	50621822
rs75258089	R002	6	98556635	unique_+	chr6	98108759
rs9843693	R001	3	50490594	unique_+	chr3	50453163
rs57910827	R001	3	50697693	unique_+	chr3	50660262
rs876103	R001	3	50684011	unique_+	chr3	50646580
rs6771348	R001	3	50680130	unique_+	chr3	50642699
rs1338551	R002	6	98209349	unique_+	chr6	97761473
rs115979122	R001	3	48353292	unique_+	chr3	48311802
rs808148	R001	3	50678659	unique_+	chr3	50641228
rs9990256	R001	3	50510824	unique_+	chr3	50473393
rs6783922	R001	3	50680114	unique_+	chr3	50642683
rs73082321	R001	3	48973599	unique_+	chr3	48936166
rs728902	R001	3	50695362	unique_+	chr3	50657931
rs79959264	R002	6	98678403	unique_+	chr6	98230527
rs139709184	R001	3	48941770	unique_+	chr3	48904337
rs926865	R002	6	99480271	unique_+	chr6	99032395
rs876105	R001	3	50683809	unique_+	chr3	50646378
rs150600331	R001	3	50796001	unique_+	chr3	50758570
rs743753	R001	3	50651395	unique_+	chr3	50613964
rs59036236	R001	3	50703289	unique_+	chr3	50665858
rs79745238	R002	6	98812327	unique_+	chr6	98364451
rs7771685	R002	6	99395018	unique_+	chr6	98947142
rs12493985	R001	3	50544715	unique_+	chr3	50507284
rs1872184	R001	3	50647343	unique_+	chr3	50609912
rs1361226	R002	6	98201869	unique_+	chr6	97753993
rs876104	R001	3	50683977	unique_+	chr3	50646546
rs12491440	R001	3	50687862	unique_+	chr3	50650431
rs12663777	R002	6	98210337	unique_+	chr6	97762461
rs77553353	R001	3	50728646	unique_+	chr3	50691215
rs76407418	R003	4	103168210	unique_+	chr4	102247053
rs74951356	R001	3	49158763	unique_+	chr3	49121330
rs9854297	R001	3	49417896	unique_+	chr3	49380463
rs139257974	R001	3	50640182	unique_+	chr3	50602751
rs60697422	R001	3	50516599	unique_+	chr3	50479168
rs145694276	R001	3	48941995	unique_+	chr3	48904562
rs6798112	R001	3	49093377	unique_+	chr3	49055944
rs145987365	R001	3	50789194	unique_+	chr3	50751763
rs9864243	R001	3	48982732	unique_+	chr3	48945299
rs17051403	R001	3	50751643	unique_+	chr3	50714212
rs750510	R001	3	50546340	unique_+	chr3	50508909
rs150050029	R001	3	50671876	unique_+	chr3	50634445
rs17249006	R003	4	102484787	unique_+	chr4	101563630
rs148357527	R001	3	50542624	unique_+	chr3	50505193
rs7642779	R001	3	50508498	unique_+	chr3	50471067
rs12492540	R001	3	50692835	unique_+	chr3	50655404
rs7757117	R002	6	98204977	unique_+	chr6	97757101
rs7773841	R002	6	99470250	unique_+	chr6	99022374
rs12492982	R001	3	50698155	unique_+	chr3	50660724
rs11715038	R001	3	50492577	unique_+	chr3	50455146
rs4974081	R001	3	49070499	unique_+	chr3	49033066
rs62420444	R002	6	98532334	unique_+	chr6	98084458
rs150382377	R001	3	50540058	unique_+	chr3	50502627
rs11707968	R001	3	48953349	unique_+	chr3	48915916
rs56324858	R001	3	49544229	unique_+	chr3	49506796
rs73082332	R001	3	48995680	unique_+	chr3	48958247
rs142032081	R001	3	50588883	unique_+	chr3	50551452
rs4688707	R001	3	50634026	unique_+	chr3	50596595
rs6446204	R001	3	49034879	unique_+	chr3	48997446
rs628081	R001	3	50576839	unique_+	chr3	50539408
rs6923754	R002	6	98208916	unique_+	chr6	97761040
rs73072380	R001	3	48301600	unique_+	chr3	48260110
rs6446208	R001	3	50687825	unique_+	chr3	50650394
rs7653408	R001	3	48972351	unique_+	chr3	48934918
rs113016568	R001	3	49786127	unique_+	chr3	49748694
rs72942794	R001	3	50700288	unique_+	chr3	50662857
rs6772452	R001	3	49040462	unique_+	chr3	49003029
rs6923577	R002	6	98208805	unique_+	chr6	97760929
rs62259536	R001	3	48947164	unique_+	chr3	48909731
rs13212098	R002	6	98209570	unique_+	chr6	97761694
rs74986114	R001	3	48591716	unique_+	chr3	48554283
rs6446200	R001	3	49013376	unique_+	chr3	48975943
rs7770553	R002	6	99474984	unique_+	chr6	99027108
rs4688712	R001	3	50575898	unique_+	chr3	50538467
rs4974083	R001	3	49000626	unique_+	chr3	48963193
rs61574029	R001	3	50558817	unique_+	chr3	50521386
rs7693849	R003	4	102469539	unique_+	chr4	101548382
rs140168082	R001	3	50548034	unique_+	chr3	50510603
rs60877431	R001	3	50684999	unique_+	chr3	50647568
rs1365385	R003	4	102471427	unique_+	chr4	101550270
rs7373072	R001	3	48960017	unique_+	chr3	48922584
rs146532814	R001	3	48513554	unique_+	chr3	48472145
rs17050991	R001	3	50555933	unique_+	chr3	50518502
rs6787808	R001	3	49079105	unique_+	chr3	49041672
rs13198282	R002	6	98209439	unique_+	chr6	97761563
rs73835503	R001	3	50500270	unique_+	chr3	50462839
rs600613	R002	6	98206805	unique_+	chr6	97758929
rs2092772	R002	6	99473410	unique_+	chr6	99025534
rs80026423	R001	3	48734861	unique_+	chr3	48697428
rs144483183	R001	3	48626745	unique_+	chr3	48589312
rs146931994	R001	3	50973576	unique_+	chr3	50936145
rs4292260	R001	3	49148890	unique_+	chr3	49111457
rs12494326	R001	3	50629659	unique_+	chr3	50592228
rs4839712	R002	6	98210879	unique_+	chr6	97763003
rs150555129	R001	3	50653496	unique_+	chr3	50616065
rs9398586	R002	6	98332859	unique_+	chr6	97884983
rs2717840	R003	4	102512515	unique_+	chr4	101591358
rs67589689	R003	4	102466389	unique_+	chr4	101545232
rs12715430	R001	3	48942855	unique_+	chr3	48905422
rs76584106	R002	6	99222646	unique_+	chr6	98774770
rs9879978	R001	3	48846600	unique_+	chr3	48809167
rs13099075	R001	3	49100305	unique_+	chr3	49062872
rs4955416	R001	3	49108428	unique_+	chr3	49070995
rs57759452	R003	4	102469776	unique_+	chr4	101548619
rs11130181	R001	3	49109919	unique_+	chr3	49072486
rs182326068	R001	3	50112609	unique_+	chr3	50075176
rs139030386	R001	3	50326292	unique_+	chr3	50288861
rs72938758	R001	3	50560558	unique_+	chr3	50523127
rs61316441	R001	3	50633835	unique_+	chr3	50596404
rs2239753	R001	3	50645158	unique_+	chr3	50607727
rs62421912	R002	6	98237151	unique_+	chr6	97789275
rs146648877	R001	3	50759019	unique_+	chr3	50721588
rs964503	R003	4	103349213	unique_+	chr4	102428056
rs1440236	R003	4	103120989	unique_+	chr4	102199832
rs6922758	R002	6	98318226	unique_+	chr6	97870350
rs17249745	R003	4	102547366	unique_+	chr4	101626209
rs9832993	R001	3	50488687	unique_+	chr3	50451256
rs12212298	R002	6	99531172	unique_+	chr6	99083296
rs388483	R001	3	50615539	unique_+	chr3	50578108
rs12491425	R001	3	50575312	unique_+	chr3	50537881
rs1933722	R002	6	98310727	unique_+	chr6	97862851
rs147009213	R001	3	50809277	unique_+	chr3	50771846
rs720754	R003	4	102474521	unique_+	chr4	101553364
rs4955411	R001	3	49145304	unique_+	chr3	49107871
rs17080138	R001	3	48414274	unique_+	chr3	48372784
rs150229636	R001	3	48726170	unique_+	chr3	48688737
rs2615967	R003	4	102488578	unique_+	chr4	101567421
rs7621226	R001	3	48928759	unique_+	chr3	48891326
rs114955564	R001	3	50171537	unique_+	chr3	50134104
rs142351870	R001	3	48778362	unique_+	chr3	48740929
rs4955426	R001	3	49143438	unique_+	chr3	49106005
rs11936790	R003	4	102482104	unique_+	chr4	101560947
rs7611358	R001	3	48927856	unique_+	chr3	48890423
rs13152048	R003	4	103275840	unique_+	chr4	102354683
rs4839995	R002	6	99485647	unique_+	chr6	99037771
rs17051045	R001	3	50694626	unique_+	chr3	50657195
rs6414614	R001	3	49061328	unique_+	chr3	49023895
rs13069677	R001	3	48568138	unique_+	chr3	48530705
rs2723060	R003	4	102509862	unique_+	chr4	101588705
rs17031441	R003	4	102484972	unique_+	chr4	101563815
rs61613532	R001	3	50560201	unique_+	chr3	50522770
rs6838771	R003	4	102475025	unique_+	chr4	101553868
rs115534265	R001	3	49443418	unique_+	chr3	49405985
rs7611628	R001	3	48838364	unique_+	chr3	48800931
rs9810318	R001	3	49076071	unique_+	chr3	49038638
rs9867588	R001	3	50526880	unique_+	chr3	50489449
rs6900631	R002	6	98209037	unique_+	chr6	97761161
rs7621347	R001	3	49110889	unique_+	chr3	49073456
rs17809769	R002	6	98208361	unique_+	chr6	97760485
rs2236971	R001	3	50473349	unique_+	chr3	50435918
rs2236977	R001	3	50486057	unique_+	chr3	50448626
rs12510778	R003	4	102484821	unique_+	chr4	101563664
rs9859473	R001	3	48837182	unique_+	chr3	48799749
rs147886226	R001	3	50566274	unique_+	chr3	50528843
rs61193866	R001	3	50560498	unique_+	chr3	50523067
rs398703	R001	3	50574213	unique_+	chr3	50536782
rs62420441	R002	6	98520861	unique_+	chr6	98072985
rs11154646	R002	6	99461627	unique_+	chr6	99013751
rs189956992	R001	3	48952411	unique_+	chr3	48914978
rs2717839	R003	4	102509619	unique_+	chr4	101588462
rs57984173	R002	6	98730208	unique_+	chr6	98282332
rs9284885	R001	3	48883100	unique_+	chr3	48845667
rs11938286	R003	4	102479730	unique_+	chr4	101558573
rs6442131	R001	3	48782573	unique_+	chr3	48745140
rs58502571	R002	6	98195269	unique_+	chr6	97747393
rs181121136	R003	4	103011237	unique_+	chr4	102090080
rs4601134	R002	6	98325331	unique_+	chr6	97877455
rs4142529	R002	6	98322361	unique_+	chr6	97874485
rs3749265	R001	3	50623575	unique_+	chr3	50586144
rs7619073	R001	3	49125652	unique_+	chr3	49088219
rs4839926	R002	6	98317776	unique_+	chr6	97869900
rs11097751	R003	4	102464510	unique_+	chr4	101543353
rs9320760	R002	6	98331498	unique_+	chr6	97883622
rs57660261	R002	6	99271591	unique_+	chr6	98823715
rs1890408	R002	6	98330521	unique_+	chr6	97882645
rs6766238	R001	3	48801929	unique_+	chr3	48764496
rs6796790	R001	3	48780317	unique_+	chr3	48742884
rs4240558	R002	6	98325892	unique_+	chr6	97878016
rs391620	R001	3	50581248	unique_+	chr3	50543817
rs7744286	R002	6	98310091	unique_+	chr6	97862215
rs9372607	R002	6	98319491	unique_+	chr6	97871615
rs2039720	R002	6	98326839	unique_+	chr6	97878963
rs60955862	R003	4	102471035	unique_+	chr4	101549878
rs6934408	R002	6	99457352	unique_+	chr6	99009476
rs6801211	R001	3	48774420	unique_+	chr3	48736987
rs62420387	R002	6	98404243	unique_+	chr6	97956367
rs9387758	R002	6	98315273	unique_+	chr6	97867397
rs79268967	R002	6	99236720	unique_+	chr6	98788844
rs6533014	R003	4	103349740	unique_+	chr4	102428583
rs2039721	R002	6	98326667	unique_+	chr6	97878791
rs2723055	R003	4	102492778	unique_+	chr4	101571621
rs76716208	R003	4	102476090	unique_+	chr4	101554933
rs2717837	R003	4	102511475	unique_+	chr4	101590318
rs75992367	R002	6	98803551	unique_+	chr6	98355675
rs9387768	R002	6	98316879	unique_+	chr6	97869003
rs6932943	R002	6	99529330	unique_+	chr6	99081454
rs12506137	R003	4	102486019	unique_+	chr4	101564862
rs2185131	R002	6	98330898	unique_+	chr6	97883022
rs763030	R001	3	50528092	unique_+	chr3	50490661
rs11154681	R002	6	99520322	unique_+	chr6	99072446
rs114738417	R001	3	49407292	unique_+	chr3	49369859
rs6937563	R002	6	98208026	unique_+	chr6	97760150
rs142487205	R001	3	49250358	unique_+	chr3	49212925
rs12193332	R002	6	99532039	unique_+	chr6	99084163
rs7639370	R001	3	48837917	unique_+	chr3	48800484
rs72940708	R001	3	50624321	unique_+	chr3	50586890
rs35340033	R003	4	103696253	unique_+	chr4	102775096
rs4476839	R002	6	98342192	unique_+	chr6	97894316
rs62420390	R002	6	98415742	unique_+	chr6	97967866
rs56170012	R001	3	50588176	unique_+	chr3	50550745
rs59405041	R002	6	99237294	unique_+	chr6	98789418
rs115548824	R001	3	49696151	unique_+	chr3	49658718
rs7743106	R002	6	98337728	unique_+	chr6	97889852
rs75195683	R001	3	49943570	unique_+	chr3	49906137
rs116310208	R001	3	49793248	unique_+	chr3	49755815
rs13128934	R003	4	103726568	unique_+	chr4	102805411
rs73082325	R001	3	48981024	unique_+	chr3	48943591
rs2572135	R002	6	99518250	unique_+	chr6	99070374
rs143353824	R003	4	102499015	unique_+	chr4	101577858
rs140195698	R001	3	49267435	unique_+	chr3	49230002
rs7759801	R002	6	98337458	unique_+	chr6	97889582
rs60552073	R001	3	50589366	unique_+	chr3	50551935
rs13114007	R003	4	102503137	unique_+	chr4	101581980
rs73501534	R002	6	99247317	unique_+	chr6	98799441
rs2087182	R002	6	98590665	unique_+	chr6	98142789
rs138835565	R001	3	48797078	unique_+	chr3	48759645
rs17059161	R002	6	99552165	unique_+	chr6	99104289
rs2615960	R003	4	102502643	unique_+	chr4	101581486
rs2572100	R002	6	99514940	unique_+	chr6	99067064
rs4394001	R003	4	103306670	unique_+	chr4	102385513
rs1894459	R001	3	50623676	unique_+	chr3	50586245
rs144906913	R001	3	49658238	unique_+	chr3	49620805
rs2743877	R002	6	99319240	unique_+	chr6	98871364
rs12491812	R001	3	50556581	unique_+	chr3	50519150
rs2282760	R001	3	50494497	unique_+	chr3	50457066
rs55674449	R001	3	48940875	unique_+	chr3	48903442
rs1933718	R002	6	98341457	unique_+	chr6	97893581
rs1338556	R002	6	98340176	unique_+	chr6	97892300
rs6787890	R001	3	50520128	unique_+	chr3	50482697
rs2615965	R003	4	102496302	unique_+	chr4	101575145
rs13087550	R001	3	50455867	unique_+	chr3	50418436
rs61737505	R001	3	50645296	unique_+	chr3	50607865
rs1338557	R002	6	98340128	unique_+	chr6	97892252
rs62321740	R003	4	102824467	unique_+	chr4	101903310
rs77735669	R001	3	48723928	unique_+	chr3	48686495
rs10004772	R003	4	103605743	unique_+	chr4	102684586
rs9833388	R001	3	49320183	unique_+	chr3	49282750
rs2615968	R003	4	102513167	unique_+	chr4	101592010
rs78166579	R001	3	50378802	unique_+	chr3	50341371
rs14018	R001	3	48784270	unique_+	chr3	48746837
rs72943209	R002	6	99526311	unique_+	chr6	99078435
rs7756014	R002	6	98340936	unique_+	chr6	97893060
rs1338546	R002	6	98338726	unique_+	chr6	97890850
rs6933760	R002	6	98338208	unique_+	chr6	97890332
rs144339338	R001	3	49048054	unique_+	chr3	49010621
rs2282758	R001	3	50477905	unique_+	chr3	50440474
rs2723051	R003	4	102515788	unique_+	chr4	101594631
rs73074316	R001	3	48406223	unique_+	chr3	48364733
rs12192804	R002	6	98728844	unique_+	chr6	98280968
rs6569153	R002	6	98339769	unique_+	chr6	97891893
rs147380840	R002	6	98228405	unique_+	chr6	97780529
rs11719998	R001	3	50567736	unique_+	chr3	50530305
rs12664173	R002	6	99253006	unique_+	chr6	98805130
rs75968694	R002	6	98590144	unique_+	chr6	98142268
rs4974088	R001	3	48898749	unique_+	chr3	48861316
rs750453	R001	3	50565137	unique_+	chr3	50527706
rs12500442	R003	4	102464521	unique_+	chr4	101543364
rs9311431	R001	3	48848787	unique_+	chr3	48811354
rs2282756	R001	3	50452237	unique_+	chr3	50414806
rs13115792	R003	4	103285161	unique_+	chr4	102364004
rs2236983	R001	3	50490244	unique_+	chr3	50452813
rs76357131	R002	6	98755332	unique_+	chr6	98307456
rs3123339	R002	6	98893182	unique_+	chr6	98445306
rs111962691	R002	6	98521230	unique_+	chr6	98073354
rs1119263	R002	6	98892634	unique_+	chr6	98444758
rs4688710	R001	3	50590628	unique_+	chr3	50553197
rs59758229	R002	6	99239156	unique_+	chr6	98791280
rs3731507	R001	3	48222353	unique_+	chr3	48180863
rs144979077	R001	3	50631347	unique_+	chr3	50593916
rs143356980	R001	3	50638812	unique_+	chr3	50601381
rs2236967	R001	3	50461240	unique_+	chr3	50423809
rs2027854	R001	3	50521177	unique_+	chr3	50483746
rs1119264	R002	6	98892535	unique_+	chr6	98444659
rs117937941	R002	6	98715160	unique_+	chr6	98267284
rs146029584	R003	4	103301035	unique_+	chr4	102379878
rs8180034	R001	3	50518935	unique_+	chr3	50481504
rs62421914	R002	6	98248825	unique_+	chr6	97800949
rs6788459	R001	3	50520695	unique_+	chr3	50483264
rs7429596	R001	3	48808531	unique_+	chr3	48771098
rs114616495	R001	3	48552598	unique_+	chr3	48515165
rs147026698	R001	3	49820445	unique_+	chr3	49783012
rs2285090	R001	3	50620043	unique_+	chr3	50582612
rs2723048	R003	4	102504356	unique_+	chr4	101583199
rs79192940	R001	3	50627050	unique_+	chr3	50589619
rs79724002	R002	6	98564214	unique_+	chr6	98116338
rs79714979	R002	6	99246102	unique_+	chr6	98798226
rs2723049	R003	4	102505609	unique_+	chr4	101584452
rs114924982	R001	3	50391167	unique_+	chr3	50353736
rs7762769	R002	6	99246366	unique_+	chr6	98798490
rs1494777	R002	6	98892120	unique_+	chr6	98444244
rs73072383	R001	3	48309270	unique_+	chr3	48267780
rs62261501	R001	3	48813784	unique_+	chr3	48776351
rs2227293	R001	3	50608448	unique_+	chr3	50571017
rs143989994	R001	3	50636106	unique_+	chr3	50598675
rs139891423	R001	3	50609111	unique_+	chr3	50571680
rs78388200	R002	6	99290086	unique_+	chr6	98842210
rs62422436	R002	6	99615511	unique_+	chr6	99167635
rs9873227	R001	3	48773108	unique_+	chr3	48735675
rs9320768	R002	6	98342812	unique_+	chr6	97894936
rs2236968	R001	3	50465975	unique_+	chr3	50428544
rs762897	R001	3	50428766	unique_+	chr3	50391335
rs2236953	R001	3	50424182	unique_+	chr3	50386751
rs4518507	R002	6	99255316	unique_+	chr6	98807440
rs147265662	R001	3	50615378	unique_+	chr3	50577947
rs13118152	R003	4	103235640	unique_+	chr4	102314483
rs73835531	R001	3	50568188	unique_+	chr3	50530757
rs138271004	R001	3	50949710	unique_+	chr3	50912279
rs138532604	R001	3	50722879	unique_+	chr3	50685448
rs929047	R001	3	50503170	unique_+	chr3	50465739
rs9401127	R002	6	98185340	unique_+	chr6	97737464
rs141559521	R001	3	50543391	unique_+	chr3	50505960
rs2236975	R001	3	50483437	unique_+	chr3	50446006
rs4688720	R001	3	50497035	unique_+	chr3	50459604
rs142175103	R001	3	50868465	unique_+	chr3	50831034
rs62329082	R003	4	103729474	unique_+	chr4	102808317
rs79411313	R003	4	103214942	unique_+	chr4	102293785
rs115704895	R001	3	49204293	unique_+	chr3	49166860
rs74784922	R002	6	99246090	unique_+	chr6	98798214
rs72936510	R002	6	99300812	unique_+	chr6	98852936
rs62261502	R001	3	48817138	unique_+	chr3	48779705
rs4131463	R002	6	99257831	unique_+	chr6	98809955
rs11130250	R001	3	50508326	unique_+	chr3	50470895
rs78501564	R001	3	50067927	unique_+	chr3	50030494
rs71326932	R001	3	50485005	unique_+	chr3	50447574
rs36038787	R003	4	103879936	unique_+	chr4	102958779
rs140342176	R001	3	49767027	unique_+	chr3	49729594
rs12490042	R001	3	50434984	unique_+	chr3	50397553
rs117980795	R002	6	98664910	unique_+	chr6	98217034
rs762898	R001	3	50480863	unique_+	chr3	50443432
rs80101110	R002	6	98358808	unique_+	chr6	97910932
rs55689339	R001	3	50308040	unique_+	chr3	50270609
rs12494094	R001	3	50581957	unique_+	chr3	50544526
rs116136108	R001	3	49129814	unique_+	chr3	49092381
rs9398912	R002	6	99237248	unique_+	chr6	98789372
rs150533228	R001	3	48978098	unique_+	chr3	48940665
rs112690498	R002	6	98541224	unique_+	chr6	98093348
rs79712001	R002	6	99377785	unique_+	chr6	98929909
rs79760945	R002	6	98745424	unique_+	chr6	98297548
rs35915701	R001	3	50301433	unique_+	chr3	50264001
rs17051000	R001	3	50578281	unique_+	chr3	50540850
rs1107312	R001	3	50539219	unique_+	chr3	50501788
rs2236956	R001	3	50440390	unique_+	chr3	50402959
rs147488827	R001	3	49789885	unique_+	chr3	49752452
rs141493000	R001	3	49990001	unique_+	chr3	49952568
rs9375649	R002	6	99238571	unique_+	chr6	98790695
rs34345884	R001	3	49760431	unique_+	chr3	49722998
rs118023465	R002	6	98927230	unique_+	chr6	98479354
rs191156009	R001	3	50097216	unique_+	chr3	50059783
rs35726701	R001	3	49740895	unique_+	chr3	49703462
rs762895	R001	3	50429282	unique_+	chr3	50391851
rs11154514	R002	6	99260396	unique_+	chr6	98812520
rs138096147	R001	3	48179876	unique_+	chr3	48138386
rs916217	R001	3	50457227	unique_+	chr3	50419796
rs116656374	R001	3	49413266	unique_+	chr3	49375833
rs2926005	R003	4	103423230	unique_+	chr4	102502073
rs17761552	R002	6	98902085	unique_+	chr6	98454209
rs117202367	R002	6	98249259	unique_+	chr6	97801383
rs141767461	R001	3	49108626	unique_+	chr3	49071193
rs144622669	R001	3	50680969	unique_+	chr3	50643538
rs73072377	R001	3	48282239	unique_+	chr3	48240749
rs12487817	R001	3	50562566	unique_+	chr3	50525135
rs142217494	R001	3	48278659	unique_+	chr3	48237169
rs17058429	R002	6	98812908	unique_+	chr6	98365032
rs191506708	R001	3	49195243	unique_+	chr3	49157810
rs7652260	R001	3	50571585	unique_+	chr3	50534154
rs74702223	R002	6	98346396	unique_+	chr6	97898520
rs148532090	R001	3	48751928	unique_+	chr3	48714495
rs9388744	R002	6	99258432	unique_+	chr6	98810556
rs7742166	R002	6	99253715	unique_+	chr6	98805839
rs62260803	R001	3	50341480	unique_+	chr3	50304049
rs1883306	R002	6	99279449	unique_+	chr6	98831573
rs2236958	R001	3	50441613	unique_+	chr3	50404182
rs13099869	R001	3	50515600	unique_+	chr3	50478169
rs2236988	R001	3	50504896	unique_+	chr3	50467465
rs74638578	R003	4	103143615	unique_+	chr4	102222458
rs4131462	R002	6	99257847	unique_+	chr6	98809971
rs117594310	R002	6	97804390	unique_+	chr6	97356514
rs34591495	R001	3	48644202	unique_+	chr3	48606769
rs192046925	R001	3	49392575	unique_+	chr3	49355142
rs4688719	R001	3	50508213	unique_+	chr3	50470782
rs149830369	R002	6	97767370	unique_+	chr6	97319494
rs4839986	R002	6	99251754	unique_+	chr6	98803878
rs144313213	R001	3	50774268	unique_+	chr3	50736837
rs74472533	R002	6	98851931	unique_+	chr6	98404055
rs4438966	R002	6	99252901	unique_+	chr6	98805025
rs4131464	R002	6	99257727	unique_+	chr6	98809851
rs181104404	R003	4	103876894	unique_+	chr4	102955737
rs9492388	R002	6	99254616	unique_+	chr6	98806740
rs9372947	R002	6	99255058	unique_+	chr6	98807182
rs73072366	R001	3	48248644	unique_+	chr3	48207154
rs138074169	R001	3	49990872	unique_+	chr3	49953439
rs4418200	R002	6	99249489	unique_+	chr6	98801613
rs34366243	R003	4	103855848	unique_+	chr4	102934691
rs4839985	R002	6	99247926	unique_+	chr6	98800050
rs2236962	R001	3	50448515	unique_+	chr3	50411084
rs112004945	R002	6	99576002	unique_+	chr6	99128126
rs56766970	R001	3	50522877	unique_+	chr3	50485446
rs62420371	R002	6	98360026	unique_+	chr6	97912150
rs189406410	R001	3	48996442	unique_+	chr3	48959009
rs9492389	R002	6	99254666	unique_+	chr6	98806790
rs17050995	R001	3	50569775	unique_+	chr3	50532344
rs10014485	R003	4	102839879	unique_+	chr4	101918722
rs12486143	R001	3	50564170	unique_+	chr3	50526739
rs76331936	R001	3	49141714	unique_+	chr3	49104281
rs9401134	R002	6	98199541	unique_+	chr6	97751665
rs116836607	R001	3	49159360	unique_+	chr3	49121927
rs114233097	R001	3	48132270	unique_+	chr3	48090780
rs13209261	R002	6	98831926	unique_+	chr6	98384050
rs148163613	R002	6	99944564	unique_+	chr6	99496688
rs41447444	R002	6	98781880	unique_+	chr6	98334004
rs114786792	R001	3	48716075	unique_+	chr3	48678642
rs9814874	R001	3	50534635	unique_+	chr3	50497204
rs62260792	R001	3	50248427	unique_+	chr3	50210994
rs62260798	R001	3	50274278	unique_+	chr3	50236846
rs223487	R003	4	103683546	unique_+	chr4	102762389
rs4688713	R001	3	50566497	unique_+	chr3	50529066
rs2236963	R001	3	50448632	unique_+	chr3	50411201
rs62261468	R001	3	48586195	unique_+	chr3	48548762
rs195846	R002	6	99338067	unique_+	chr6	98890191
rs62259531	R001	3	48901370	unique_+	chr3	48863937
rs62327215	R003	4	103603833	unique_+	chr4	102682676
rs112017743	R001	3	49746570	unique_+	chr3	49709137
rs117455688	R002	6	98659528	unique_+	chr6	98211652
rs34082147	R002	6	98843023	unique_+	chr6	98395147
rs13119516	R003	4	102841605	unique_+	chr4	101920448
rs12201198	R002	6	99529542	unique_+	chr6	99081666
rs77410917	R002	6	99239871	unique_+	chr6	98791995
rs183210656	R002	6	98354319	unique_+	chr6	97906443
rs138885265	R002	6	98276006	unique_+	chr6	97828130
rs6766638	R001	3	50566535	unique_+	chr3	50529104
rs60429865	R001	3	50205315	unique_+	chr3	50167882
rs2717833	R003	4	102520862	unique_+	chr4	101599705
rs74713159	R003	4	102705551	unique_+	chr4	101784394
rs2230593	R001	3	49940078	unique_+	chr3	49902645
rs1283	R001	3	50337422	unique_+	chr3	50299991
rs17813462	R002	6	98470233	unique_+	chr6	98022357
rs2236961	R001	3	50446524	unique_+	chr3	50409093
rs114424909	R001	3	49828169	unique_+	chr3	49790736
rs79294227	R002	6	98250718	unique_+	chr6	97802842
rs9882962	R001	3	48573311	unique_+	chr3	48535878
rs62262471	R001	3	49033485	unique_+	chr3	48996052
rs2388832	R002	6	99501425	unique_+	chr6	99053549
rs12635454	R001	3	48763656	unique_+	chr3	48726223
rs190931779	R001	3	48151083	unique_+	chr3	48109593
rs13090170	R001	3	50522718	unique_+	chr3	50485287
rs1317571	R001	3	49910657	unique_+	chr3	49873224
rs80329255	R002	6	99592409	unique_+	chr6	99144533
rs77068319	R001	3	49799403	unique_+	chr3	49761970
rs137990030	R002	6	98552412	unique_+	chr6	98104536
rs34547772	R001	3	50504598	unique_+	chr3	50467167
rs13133568	R003	4	103672724	unique_+	chr4	102751567
rs62421932	R002	6	98275029	unique_+	chr6	97827153
rs35896972	R001	3	50472890	unique_+	chr3	50435459
rs113011189	R001	3	49250007	unique_+	chr3	49212574
rs7769752	R002	6	99662681	unique_+	chr6	99214805
rs56050567	R001	3	50526129	unique_+	chr3	50488698
rs11712752	R001	3	48459828	unique_+	chr3	48418419
rs62259945	R001	3	49434677	unique_+	chr3	49397244
rs4572885	R003	4	102735513	unique_+	chr4	101814356
rs11539148	R001	3	49138810	unique_+	chr3	49101377
rs17757231	R002	6	98475302	unique_+	chr6	98027426
rs187569219	R001	3	48875340	unique_+	chr3	48837907
rs9321055	R002	6	98850853	unique_+	chr6	98402977
rs60433598	R003	4	102453040	unique_+	chr4	101531883
rs62262683	R001	3	49723147	unique_+	chr3	49685714
rs62422378	R002	6	99504147	unique_+	chr6	99056271
rs223389	R003	4	103748943	unique_+	chr4	102827786
rs72682953	R003	4	102453786	unique_+	chr4	101532629
rs13113605	R003	4	103673907	unique_+	chr4	102752750
rs1390908	R002	6	99593216	unique_+	chr6	99145340
rs2624847	R001	3	50174197	unique_+	chr3	50136764
rs223391	R003	4	103748224	unique_+	chr4	102827067
rs9321197	R002	6	99263766	unique_+	chr6	98815890
rs35761247	R001	3	48623124	unique_+	chr3	48585691
rs17058051	R002	6	98275801	unique_+	chr6	97827925
rs12636449	R001	3	50180613	unique_+	chr3	50143180
rs9492426	R002	6	99269213	unique_+	chr6	98821337
rs143436976	R001	3	49894123	unique_+	chr3	49856690
rs181392167	R001	3	49314452	unique_+	chr3	49277019
rs112061518	R002	6	98509550	unique_+	chr6	98061674
rs36022378	R001	3	49913705	unique_+	chr3	49876272
rs146157404	R001	3	49905308	unique_+	chr3	49867875
rs223408	R003	4	103736345	unique_+	chr4	102815188
rs115323316	R001	3	48894005	unique_+	chr3	48856572
rs2088089	R002	6	98854550	unique_+	chr6	98406674
rs12662039	R002	6	99594892	unique_+	chr6	99147016
rs3104086	R002	6	98871180	unique_+	chr6	98423304
rs62262727	R001	3	49803395	unique_+	chr3	49765962
rs117062671	R002	6	99648212	unique_+	chr6	99200336
rs55933602	R001	3	50343600	unique_+	chr3	50306169
rs143071414	R001	3	49477440	unique_+	chr3	49440007
rs17058818	R002	6	99235230	unique_+	chr6	98787354
rs6914567	R002	6	98849411	unique_+	chr6	98401535
rs62260717	R001	3	49833029	unique_+	chr3	49795596
rs9851743	R001	3	48531591	unique_+	chr3	48490339
rs4615176	R003	4	102737936	unique_+	chr4	101816779
rs1451341	R002	6	98808365	unique_+	chr6	98360489
rs77715746	R002	6	99579634	unique_+	chr6	99131758
rs2723053	R003	4	102520785	unique_+	chr4	101599628
rs9375688	R002	6	99270438	unique_+	chr6	98822562
rs2717838	R003	4	102507944	unique_+	chr4	101586787
rs62260773	R001	3	50208630	unique_+	chr3	50171197
rs143330206	R003	4	102627905	unique_+	chr4	101706748
rs2132029	R002	6	98888740	unique_+	chr6	98440864
rs190624773	R002	6	99440919	unique_+	chr6	98993043
rs73072389	R001	3	48319424	unique_+	chr3	48277934
rs2723058	R003	4	102508948	unique_+	chr4	101587791
rs896302	R002	6	98806496	unique_+	chr6	98358620
rs139682949	R001	3	48267956	unique_+	chr3	48226466
rs1908401	R002	6	98887617	unique_+	chr6	98439741
rs3104090	R002	6	98854837	unique_+	chr6	98406961
rs76398786	R001	3	48731450	unique_+	chr3	48694017
rs3105730	R002	6	98856008	unique_+	chr6	98408132
rs76599352	R003	4	103121300	unique_+	chr4	102200143
rs2088088	R002	6	98887788	unique_+	chr6	98439912
rs6919139	R002	6	98849613	unique_+	chr6	98401737
rs74433784	R001	3	49424231	unique_+	chr3	49386798
rs41290716	R001	3	49717795	unique_+	chr3	49680362
rs76194913	R001	3	49657209	unique_+	chr3	49619776
rs78096163	R001	3	49663488	unique_+	chr3	49626055
rs150298538	R001	3	50168712	unique_+	chr3	50131279
rs111494817	R001	3	49120006	unique_+	chr3	49082573
rs9492390	R002	6	99255837	unique_+	chr6	98807961
rs9402177	R002	6	99255318	unique_+	chr6	98807442
rs62262676	R001	3	49673855	unique_+	chr3	49636422
rs9871608	R001	3	48531687	unique_+	chr3	48490435
rs148543367	R002	6	98821239	unique_+	chr6	98373363
rs6569438	R002	6	98850598	unique_+	chr6	98402722
rs79145099	R002	6	98628526	unique_+	chr6	98180650
rs62260802	R001	3	50341071	unique_+	chr3	50303640
rs116608907	R001	3	49349482	unique_+	chr3	49312049
rs3125568	R002	6	98872898	unique_+	chr6	98425022
rs7623614	R001	3	48530359	unique_+	chr3	48489106
rs3104095	R002	6	98883438	unique_+	chr6	98435562
rs4699228	R003	4	102468211	unique_+	chr4	101547054
rs2723057	R003	4	102508557	unique_+	chr4	101587400
rs144715416	R002	6	98352621	unique_+	chr6	97904745
rs2228561	R001	3	48628014	unique_+	chr3	48590581
rs11706087	R001	3	48539536	unique_+	chr3	48502103
rs17059192	R002	6	99589084	unique_+	chr6	99141208
rs4521599	R002	6	98498099	unique_+	chr6	98050223
rs115615516	R001	3	49871947	unique_+	chr3	49834514
rs10865953	R001	3	48759562	unique_+	chr3	48722129
rs4276281	R003	4	102746780	unique_+	chr4	101825623
rs1494783	R002	6	98847958	unique_+	chr6	98400082
rs143098938	R002	6	98455711	unique_+	chr6	98007835
rs74473238	R001	3	49585241	unique_+	chr3	49547808
rs12163856	R003	4	102747927	unique_+	chr4	101826770
rs116905845	R002	6	98300140	unique_+	chr6	97852264
rs34967349	R001	3	49161004	unique_+	chr3	49123571
rs34866311	R001	3	50499944	unique_+	chr3	50462513
rs78618550	R001	3	48762507	unique_+	chr3	48725074
rs2236950	R001	3	50420554	unique_+	chr3	50383123
rs3105721	R002	6	98871525	unique_+	chr6	98423649
rs62420587	R002	6	98769680	unique_+	chr6	98321804
rs3125569	R002	6	98872914	unique_+	chr6	98425038
rs2723059	R003	4	102509402	unique_+	chr4	101588245
rs150252215	R001	3	49296234	unique_+	chr3	49258801
rs11130252	R001	3	50591727	unique_+	chr3	50554296
rs3105726	R002	6	98859786	unique_+	chr6	98411910
rs7753457	R002	6	98876968	unique_+	chr6	98429092
rs9372830	R002	6	98861469	unique_+	chr6	98413593
rs62422431	R002	6	99593538	unique_+	chr6	99145662
rs11154712	R002	6	99577246	unique_+	chr6	99129370
rs724549	R002	6	98876155	unique_+	chr6	98428279
rs2615961	R003	4	102501876	unique_+	chr4	101580719
rs75517474	R002	6	98596926	unique_+	chr6	98149050
rs223370	R003	4	103761608	unique_+	chr4	102840451
rs6532967	R003	4	102704134	unique_+	chr4	101782977
rs6532968	R003	4	102704140	unique_+	chr4	101782983
rs77908736	R002	6	99584943	unique_+	chr6	99137067
rs13216442	R002	6	99242639	unique_+	chr6	98794763
rs1603113	R002	6	98853394	unique_+	chr6	98405518
rs5002301	R002	6	98870458	unique_+	chr6	98422582
rs114561213	R001	3	49369947	unique_+	chr3	49332514
rs1507775	R002	6	98852043	unique_+	chr6	98404167
rs2388357	R002	6	98814598	unique_+	chr6	98366722
rs1494780	R002	6	98873180	unique_+	chr6	98425304
rs13145909	R003	4	102755378	unique_+	chr4	101834221
rs72940132	R002	6	98797541	unique_+	chr6	98349665
rs13089255	R001	3	50744232	unique_+	chr3	50706801
rs56081104	R003	4	102466607	unique_+	chr4	101545450
rs9385387	R002	6	98861515	unique_+	chr6	98413639
rs3125567	R002	6	98870602	unique_+	chr6	98422726
rs148346196	R002	6	98860907	unique_+	chr6	98413031
rs2047179	R002	6	98878812	unique_+	chr6	98430936
rs728758	R002	6	99584658	unique_+	chr6	99136782
rs140794312	R001	3	48948629	unique_+	chr3	48911196
rs141743678	R002	6	98860993	unique_+	chr6	98413117
rs78386140	R002	6	99486604	unique_+	chr6	99038728
rs6906002	R002	6	99555919	unique_+	chr6	99108043
rs2047180	R002	6	98877814	unique_+	chr6	98429938
rs13137133	R003	4	102744092	unique_+	chr4	101822935
rs9850102	R001	3	48566778	unique_+	chr3	48529345
rs12205367	R002	6	99591429	unique_+	chr6	99143553
rs7746757	R002	6	98822564	unique_+	chr6	98374688
rs58651820	R002	6	99587855	unique_+	chr6	99139979
rs1908402	R002	6	98887344	unique_+	chr6	98439468
rs17059178	R002	6	99578193	unique_+	chr6	99130317
rs6937003	R002	6	99587628	unique_+	chr6	99139752
rs34976037	R002	6	99582233	unique_+	chr6	99134357
rs11154714	R002	6	99585670	unique_+	chr6	99137794
rs7611428	R001	3	50748598	unique_+	chr3	50711167
rs3806706	R001	3	50542726	unique_+	chr3	50505295
rs9492353	R002	6	99237468	unique_+	chr6	98789592
rs11154710	R002	6	99577030	unique_+	chr6	99129154
rs3105722	R002	6	98863047	unique_+	chr6	98415171
rs9882605	R001	3	48535894	unique_+	chr3	48498460
rs6809981	R001	3	48535896	unique_+	chr3	48498462
rs112497172	R001	3	49738270	unique_+	chr3	49700837
rs147860188	R001	3	49909623	unique_+	chr3	49872190
rs151376	R003	4	103121972	unique_+	chr4	102200815
rs1463497	R001	3	50754211	unique_+	chr3	50716780
rs61351493	R002	6	99581892	unique_+	chr6	99134016
rs113739481	R001	3	50698195	unique_+	chr3	50660764
rs3104098	R002	6	98886180	unique_+	chr6	98438304
rs76932531	R002	6	99598593	unique_+	chr6	99150717
rs1824280	R001	3	50757234	unique_+	chr3	50719803
rs11154711	R002	6	99577230	unique_+	chr6	99129354
rs6918459	R002	6	99581022	unique_+	chr6	99133146
rs7652715	R001	3	50763034	unique_+	chr3	50725603
rs55752627	R002	6	99580286	unique_+	chr6	99132410
rs1081025	R002	6	99559773	unique_+	chr6	99111897
rs11710858	R001	3	50749011	unique_+	chr3	50711580
rs12213133	R002	6	99583110	unique_+	chr6	99135234
rs138470745	R002	6	98857226	unique_+	chr6	98409350
rs6938340	R002	6	99581087	unique_+	chr6	99133211
rs9402154	R002	6	99236649	unique_+	chr6	98788773
rs59114122	R002	6	99578093	unique_+	chr6	99130217
rs11759977	R002	6	99579542	unique_+	chr6	99131666
rs1965263	R001	3	50754004	unique_+	chr3	50716573
rs61402310	R002	6	99577820	unique_+	chr6	99129944
rs7698632	R003	4	102747265	unique_+	chr4	101826108
rs6918076	R002	6	99580787	unique_+	chr6	99132911
rs17059190	R002	6	99588888	unique_+	chr6	99141012
rs11154709	R002	6	99576699	unique_+	chr6	99128823
rs114093899	R001	3	49577388	unique_+	chr3	49539955
rs62422399	R002	6	99578145	unique_+	chr6	99130269
rs58172619	R002	6	99581730	unique_+	chr6	99133854
rs59421664	R002	6	99580049	unique_+	chr6	99132173
rs12206964	R002	6	99583059	unique_+	chr6	99135183
rs56705277	R002	6	99580667	unique_+	chr6	99132791
rs6919692	R002	6	98849871	unique_+	chr6	98401995
rs6915113	R002	6	99584268	unique_+	chr6	99136392
rs12205232	R002	6	99591167	unique_+	chr6	99143291
rs936405	R001	3	50752559	unique_+	chr3	50715128
rs115919678	R001	3	50848219	unique_+	chr3	50810788
rs3123342	R002	6	98857656	unique_+	chr6	98409780
rs7610519	R001	3	48746427	unique_+	chr3	48708994
rs1975834	R001	3	50755160	unique_+	chr3	50717729
rs1463496	R001	3	50754276	unique_+	chr3	50716845
rs4240561	R002	6	98822234	unique_+	chr6	98374358
rs1376496	R002	6	98817952	unique_+	chr6	98370076
rs1458386	R001	3	50753363	unique_+	chr3	50715932
rs150845673	R001	3	50117519	unique_+	chr3	50080086
rs6442129	R001	3	48735256	unique_+	chr3	48697823
rs145885061	R001	3	48793504	unique_+	chr3	48756071
rs936406	R001	3	50752406	unique_+	chr3	50714975
rs4411998	R003	4	102738147	unique_+	chr4	101816990
rs11723338	R003	4	102503001	unique_+	chr4	101581844
rs11154713	R002	6	99577267	unique_+	chr6	99129391
rs13100178	R001	3	48536077	unique_+	chr3	48498643
rs9401115	R002	6	98174949	unique_+	chr6	97727073
rs11154655	R002	6	99470965	unique_+	chr6	99023089
rs76424424	R001	3	49811278	unique_+	chr3	49773845
rs2883652	R001	3	50760711	unique_+	chr3	50723280
rs12639126	R001	3	50763413	unique_+	chr3	50725982
rs6446215	R001	3	50765079	unique_+	chr3	50727648
rs223373	R003	4	103759002	unique_+	chr4	102837845
rs6446214	R001	3	50762822	unique_+	chr3	50725391
rs6569771	R002	6	99474578	unique_+	chr6	99026702
rs7629253	R001	3	50759683	unique_+	chr3	50722252
rs6800008	R001	3	50760904	unique_+	chr3	50723473
rs35170043	R001	3	50743869	unique_+	chr3	50706438
rs4858800	R001	3	48755820	unique_+	chr3	48718387
rs62422430	R002	6	99592317	unique_+	chr6	99144441
rs76989089	R001	3	49743010	unique_+	chr3	49705577
rs2355341	R001	3	50747047	unique_+	chr3	50709616
rs147118406	R001	3	49216295	unique_+	chr3	49178862
rs9388432	R002	6	98822020	unique_+	chr6	98374144
rs9835827	R001	3	48549762	unique_+	chr3	48512329
rs4688703	R001	3	50758454	unique_+	chr3	50721023
rs1458387	R001	3	50747485	unique_+	chr3	50710054
rs2675802	R001	3	50781612	unique_+	chr3	50744181
rs1507773	R002	6	98858831	unique_+	chr6	98410955
rs6806356	R001	3	48727636	unique_+	chr3	48690203
rs12198341	R002	6	99576626	unique_+	chr6	99128750
rs7650574	R001	3	50759485	unique_+	chr3	50722054
rs1902960	R001	3	50757892	unique_+	chr3	50720461
rs4429624	R001	3	50757396	unique_+	chr3	50719965
rs9389036	R002	6	99556784	unique_+	chr6	99108908
rs3104094	R002	6	98860482	unique_+	chr6	98412606
rs4858830	R001	3	48734002	unique_+	chr3	48696569
rs9321056	R002	6	98851017	unique_+	chr6	98403141
rs2609035	R001	3	50746994	unique_+	chr3	50709563
rs1421627	R003	4	102739536	unique_+	chr4	101818379
rs148909396	R002	6	99489174	unique_+	chr6	99041298
rs3104088	R002	6	98854251	unique_+	chr6	98406375
rs34773360	R001	3	50748460	unique_+	chr3	50711029
rs4699258	R003	4	102710688	unique_+	chr4	101789531
rs3104091	R002	6	98857550	unique_+	chr6	98409674
rs9389084	R002	6	99623995	unique_+	chr6	99176119
rs35452137	R001	3	48587408	unique_+	chr3	48549975
rs3206653	R001	3	49771943	unique_+	chr3	49734510
rs2132030	R002	6	98856955	unique_+	chr6	98409079
rs188308436	R001	3	50868779	unique_+	chr3	50831348
rs4543035	R001	3	48369401	unique_+	chr3	48327911
rs2168866	R001	3	50739697	unique_+	chr3	50702266
rs114231931	R003	4	102459102	unique_+	chr4	101537945
rs2892533	R002	6	98879255	unique_+	chr6	98431379
rs223494	R003	4	103666965	unique_+	chr4	102745808
rs3105728	R002	6	98857397	unique_+	chr6	98409521
rs34492910	R001	3	50693407	unique_+	chr3	50655976
rs2221616	R002	6	98870688	unique_+	chr6	98422812
rs77113873	R002	6	98191388	unique_+	chr6	97743512
rs192988303	R002	6	99467370	unique_+	chr6	99019494
rs1565886	R002	6	98863291	unique_+	chr6	98415415
rs1451337	R002	6	98818350	unique_+	chr6	98370474
rs9816942	R001	3	48550253	unique_+	chr3	48512820
rs112843883	R001	3	49646000	unique_+	chr3	49608567
rs9851771	R001	3	48531740	unique_+	chr3	48490488
rs35531616	R001	3	50698231	unique_+	chr3	50660800
rs118185758	R002	6	98408609	unique_+	chr6	97960733
rs10028805	R003	4	102737250	unique_+	chr4	101816093
rs35388091	R003	4	102739452	unique_+	chr4	101818295
rs117746845	R002	6	98333182	unique_+	chr6	97885306
rs62262721	R001	3	49768927	unique_+	chr3	49731494
rs2125369	R001	3	50740039	unique_+	chr3	50702608
rs151247451	R002	6	98274565	unique_+	chr6	97826689
rs9839684	R001	3	50778204	unique_+	chr3	50740773
rs34866096	R001	3	50720991	unique_+	chr3	50683560
rs7751824	R002	6	99601554	unique_+	chr6	99153678
rs13129744	R003	4	102756731	unique_+	chr4	101835574
rs2609036	R001	3	50745664	unique_+	chr3	50708233
rs6446210	R001	3	50727794	unique_+	chr3	50690363
rs181384342	R001	3	49840986	unique_+	chr3	49803553
rs10016325	R003	4	102757578	unique_+	chr4	101836421
rs35860392	R003	4	103084603	unique_+	chr4	102163446
rs138792863	R001	3	49455678	unique_+	chr3	49418245
rs13094785	R001	3	50720909	unique_+	chr3	50683478
rs146609672	R003	4	102703041	unique_+	chr4	101781884
rs1507771	R002	6	98847330	unique_+	chr6	98399454
rs1389924	R002	6	98880506	unique_+	chr6	98432630
rs1494778	R002	6	98891421	unique_+	chr6	98443545
rs186104462	R002	6	99453576	unique_+	chr6	99005700
rs1563683	R001	3	50769966	unique_+	chr3	50732535
rs13136297	R003	4	102736456	unique_+	chr4	101815299
rs2388490	R002	6	98877694	unique_+	chr6	98429818
rs6775012	R001	3	50777126	unique_+	chr3	50739695
rs13136219	R003	4	102743687	unique_+	chr4	101822530
rs77124719	R001	3	50701090	unique_+	chr3	50663659
rs17059175	R002	6	99567448	unique_+	chr6	99119572
rs1845535	R002	6	98884595	unique_+	chr6	98436719
rs78165652	R001	3	50326883	unique_+	chr3	50289452
rs77901935	R001	3	50776308	unique_+	chr3	50738877
rs1507772	R002	6	98858833	unique_+	chr6	98410957
rs147151258	R002	6	98658994	unique_+	chr6	98211118
rs3125570	R002	6	98880970	unique_+	chr6	98433094
rs12199644	R002	6	99573640	unique_+	chr6	99125764
rs112656971	R001	3	50731423	unique_+	chr3	50693992
rs12191183	R002	6	99573140	unique_+	chr6	99125264
rs139301447	R003	4	102988742	unique_+	chr4	102067585
rs4688702	R001	3	50771004	unique_+	chr3	50733573
rs12205179	R002	6	99591093	unique_+	chr6	99143217
rs35429015	R001	3	50699192	unique_+	chr3	50661761
rs13096772	R001	3	50678499	unique_+	chr3	50641068
rs2125366	R001	3	50770158	unique_+	chr3	50732727
rs223495	R003	4	103656377	unique_+	chr4	102735220
rs1125271	R003	4	102745985	unique_+	chr4	101824828
rs9321179	R002	6	99250286	unique_+	chr6	98802410
rs9372831	R002	6	98861497	unique_+	chr6	98413621
rs13106926	R003	4	102739791	unique_+	chr4	101818634
rs13107612	R003	4	102739980	unique_+	chr4	101818823
rs13063742	R001	3	48544284	unique_+	chr3	48506851
rs185648834	R003	4	103687623	unique_+	chr4	102766466
rs13062576	R001	3	48536615	unique_+	chr3	48499181
rs66867590	R001	3	50659586	unique_+	chr3	50622155
rs4598080	R002	6	99030889	unique_+	chr6	98583013
rs74855816	R003	4	103060113	unique_+	chr4	102138956
rs3104093	R002	6	98860467	unique_+	chr6	98412591
rs13112246	R003	4	102743811	unique_+	chr4	101822654
rs13089719	R001	3	50707187	unique_+	chr3	50669756
rs3922975	R002	6	99616581	unique_+	chr6	99168705
rs79828036	R001	3	49554728	unique_+	chr3	49517295
rs4698854	R003	4	103373259	unique_+	chr4	102452102
rs3105723	R002	6	98862614	unique_+	chr6	98414738
rs6791880	R001	3	50679244	unique_+	chr3	50641813
rs181798681	R002	6	98612324	unique_+	chr6	98164448
rs223493	R003	4	103668344	unique_+	chr4	102747187
rs2052445	R003	4	102738722	unique_+	chr4	101817565
rs13135381	R003	4	102743353	unique_+	chr4	101822196
rs13136796	R003	4	102736743	unique_+	chr4	101815586
rs113632544	R001	3	48653370	unique_+	chr3	48615937
rs143296746	R001	3	49961021	unique_+	chr3	49923588
rs13085096	R001	3	50706980	unique_+	chr3	50669549
rs73072442	R001	3	50737694	unique_+	chr3	50700263
rs4839983	R002	6	99247385	unique_+	chr6	98799509
rs4028317	R001	3	50785241	unique_+	chr3	50747810
rs10516487	R003	4	102751076	unique_+	chr4	101829919
rs34712521	R001	3	50844836	unique_+	chr3	50807405
rs113649916	R001	3	50731206	unique_+	chr3	50693775
rs2085580	R001	3	50866573	unique_+	chr3	50829142
rs60561470	R003	4	102458312	unique_+	chr4	101537155
rs6797500	R001	3	49896618	unique_+	chr3	49859185
rs13107572	R003	4	102739928	unique_+	chr4	101818771
rs34266990	R001	3	50720265	unique_+	chr3	50682834
rs11755926	R002	6	99572651	unique_+	chr6	99124775
rs4637409	R003	4	102753408	unique_+	chr4	101832251
rs17266594	R003	4	102750922	unique_+	chr4	101829765
rs73072418	R001	3	50711083	unique_+	chr3	50673652
rs34029191	R003	4	102752201	unique_+	chr4	101831044
rs150808379	R003	4	103857542	unique_+	chr4	102936385
rs73072438	R001	3	50735933	unique_+	chr3	50698502
rs9848268	R001	3	48762271	unique_+	chr3	48724838
rs139127961	R002	6	98447910	unique_+	chr6	98000034
rs61549968	R001	3	50703275	unique_+	chr3	50665844
rs990211	R001	3	48721040	unique_+	chr3	48683607
rs35566897	R001	3	50720888	unique_+	chr3	50683457
rs2609025	R001	3	50799662	unique_+	chr3	50762231
rs77567985	R001	3	49943200	unique_+	chr3	49905767
rs13094578	R001	3	48556231	unique_+	chr3	48518798
rs71326944	R001	3	50734791	unique_+	chr3	50697360
rs147191869	R001	3	49357830	unique_+	chr3	49320397
rs12660289	R002	6	99515134	unique_+	chr6	99067258
rs10516486	R003	4	102751276	unique_+	chr4	101830119
rs11130263	R001	3	50932324	unique_+	chr3	50894893
rs68191286	R001	3	50702484	unique_+	chr3	50665053
rs3969942	R001	3	48555652	unique_+	chr3	48518219
rs34390947	R001	3	50698236	unique_+	chr3	50660805
rs1494785	R002	6	98885899	unique_+	chr6	98438023
rs11921011	R001	3	50856087	unique_+	chr3	50818656
rs2675800	R001	3	50838551	unique_+	chr3	50801120
rs12638046	R001	3	49980820	unique_+	chr3	49943387
rs114582462	R001	3	48517349	unique_+	chr3	48475940
rs13093798	R001	3	50927145	unique_+	chr3	50889714
rs4688693	R001	3	50957788	unique_+	chr3	50920357
rs2199051	R001	3	50805704	unique_+	chr3	50768273
rs2085588	R001	3	50854591	unique_+	chr3	50817160
rs143189157	R001	3	50956008	unique_+	chr3	50918577
rs62260771	R001	3	50165563	unique_+	chr3	50128130
rs2609005	R001	3	50813179	unique_+	chr3	50775748
rs2262810	R001	3	50813608	unique_+	chr3	50776177
rs61729114	R001	3	49946812	unique_+	chr3	49909379
rs34640865	R001	3	50952460	unique_+	chr3	50915029
rs9844519	R001	3	50839017	unique_+	chr3	50801586
rs1471177	R001	3	50858068	unique_+	chr3	50820637
rs78367270	R001	3	50955718	unique_+	chr3	50918287
rs144519232	R001	3	48866313	unique_+	chr3	48828880
rs13095920	R001	3	50796281	unique_+	chr3	50758850
rs13115343	R003	4	103365532	unique_+	chr4	102444375
rs13075344	R001	3	50708169	unique_+	chr3	50670738
rs17200824	R003	4	102752589	unique_+	chr4	101831432
rs34972378	R001	3	50934315	unique_+	chr3	50896884
rs12636232	R001	3	50157895	unique_+	chr3	50120462
rs6783865	R001	3	50794670	unique_+	chr3	50757239
rs116005007	R001	3	48627789	unique_+	chr3	48590356
rs181069440	R002	6	98237087	unique_+	chr6	97789211
rs11130259	R001	3	50833878	unique_+	chr3	50796447
rs2608988	R001	3	50790523	unique_+	chr3	50753092
rs2199050	R001	3	50813854	unique_+	chr3	50776423
rs34846525	R001	3	50667463	unique_+	chr3	50630032
rs809451	R001	3	50650892	unique_+	chr3	50613461
rs11928995	R001	3	50161568	unique_+	chr3	50124135
rs2854395	R001	3	48621554	unique_+	chr3	48584121
rs73088112	R001	3	49413352	unique_+	chr3	49375919
rs147797513	R001	3	50270670	unique_+	chr3	50233238
rs72682954	R003	4	102456945	unique_+	chr4	101535788
rs13084771	R001	3	50673138	unique_+	chr3	50635707
rs150173449	R001	3	49944461	unique_+	chr3	49907028
rs7623976	R001	3	50967299	unique_+	chr3	50929868
rs36011798	R001	3	50699836	unique_+	chr3	50662405
rs2609037	R001	3	50845681	unique_+	chr3	50808250
rs17647531	R001	3	48179938	unique_+	chr3	48138448
rs11130255	R001	3	50732729	unique_+	chr3	50695298
rs13096264	R001	3	50678280	unique_+	chr3	50640849
rs138484388	R001	3	49511263	unique_+	chr3	49473830
rs116547893	R001	3	50830182	unique_+	chr3	50792751
rs71326945	R001	3	50734970	unique_+	chr3	50697539
rs2675816	R001	3	50809998	unique_+	chr3	50772567
rs67895930	R001	3	50952307	unique_+	chr3	50914876
rs138523729	R001	3	50841751	unique_+	chr3	50804320
rs2675794	R001	3	50842376	unique_+	chr3	50804945
rs35122553	R001	3	50951692	unique_+	chr3	50914261
rs2675774	R001	3	50798070	unique_+	chr3	50760639
rs13326300	R001	3	49905300	unique_+	chr3	49867867
rs41305602	R001	3	50264706	unique_+	chr3	50227274
rs230506	R003	4	103480450	unique_+	chr4	102559293
rs185284784	R001	3	49334217	unique_+	chr3	49296784
rs2609007	R001	3	50806969	unique_+	chr3	50769538
rs2125364	R001	3	50871586	unique_+	chr3	50834155
rs56142306	R001	3	50721022	unique_+	chr3	50683591
rs13099712	R001	3	50869346	unique_+	chr3	50831915
rs2675799	R001	3	50839188	unique_+	chr3	50801757
rs2675769	R001	3	50796351	unique_+	chr3	50758920
rs4452323	R001	3	50945503	unique_+	chr3	50908072
rs4131887	R001	3	50970412	unique_+	chr3	50932981
rs13065995	R001	3	50858674	unique_+	chr3	50821243
rs112213545	R001	3	50931450	unique_+	chr3	50894019
rs11714141	R001	3	50326003	unique_+	chr3	50288572
rs2675829	R001	3	50854353	unique_+	chr3	50816922
rs139586035	R001	3	49280255	unique_+	chr3	49242822
rs71329007	R001	3	50827602	unique_+	chr3	50790171
rs13075377	R001	3	50833360	unique_+	chr3	50795929
rs2675777	R001	3	50803588	unique_+	chr3	50766157
rs35121433	R001	3	50959940	unique_+	chr3	50922509
rs2675772	R001	3	50797870	unique_+	chr3	50760439
rs2675789	R001	3	50847489	unique_+	chr3	50810058
rs68130118	R001	3	50965041	unique_+	chr3	50927610
rs148121598	R001	3	50804163	unique_+	chr3	50766732
rs35140911	R001	3	50798607	unique_+	chr3	50761176
rs2608993	R001	3	50859020	unique_+	chr3	50821589
rs67316637	R001	3	50847702	unique_+	chr3	50810271
rs67794896	R001	3	50954638	unique_+	chr3	50917207
rs13088988	R001	3	50946842	unique_+	chr3	50909411
rs34075959	R001	3	50954504	unique_+	chr3	50917073
rs145967219	R001	3	50937219	unique_+	chr3	50899788
rs2675773	R001	3	50797893	unique_+	chr3	50760462
rs3101107	R001	3	50834161	unique_+	chr3	50796730
rs151209464	R001	3	50936517	unique_+	chr3	50899086
rs34307982	R001	3	50951758	unique_+	chr3	50914327
rs34632971	R001	3	50657660	unique_+	chr3	50620229
rs9882443	R001	3	48749064	unique_+	chr3	48711631
rs6533016	R003	4	103357253	unique_+	chr4	102436096
rs141778723	R001	3	50956459	unique_+	chr3	50919028
rs71329023	R001	3	50964223	unique_+	chr3	50926792
rs115355405	R001	3	49840843	unique_+	chr3	49803410
rs17660513	R001	3	50852176	unique_+	chr3	50814745
rs34320663	R001	3	50852317	unique_+	chr3	50814886
rs2609022	R001	3	50851433	unique_+	chr3	50814002
rs2675835	R001	3	50862740	unique_+	chr3	50825309
rs2675837	R001	3	50863960	unique_+	chr3	50826529
rs2609006	R001	3	50811795	unique_+	chr3	50774364
rs3940822	R001	3	50853864	unique_+	chr3	50816433
rs2675771	R001	3	50797275	unique_+	chr3	50759844
rs765789	R003	4	103560745	unique_+	chr4	102639588
rs68096338	R001	3	50954676	unique_+	chr3	50917245
rs2675830	R001	3	50856768	unique_+	chr3	50819337
rs11920034	R001	3	50100066	unique_+	chr3	50062633
rs2675836	R001	3	50863104	unique_+	chr3	50825673
rs2355696	R001	3	50865881	unique_+	chr3	50828450
rs113420322	R001	3	49972086	unique_+	chr3	49934653
rs62263586	R001	3	50109044	unique_+	chr3	50071611
rs35150418	R001	3	50954329	unique_+	chr3	50916898
rs2675834	R001	3	50862363	unique_+	chr3	50824932
rs2675787	R001	3	50848394	unique_+	chr3	50810963
rs113115750	R001	3	49470063	unique_+	chr3	49432630
rs66626892	R001	3	50969703	unique_+	chr3	50932272
rs12501044	R003	4	103658651	unique_+	chr4	102737494
rs139064121	R001	3	50957844	unique_+	chr3	50920413
rs13097480	R001	3	50939067	unique_+	chr3	50901636
rs80173828	R001	3	50932726	unique_+	chr3	50895295
rs11130237	R001	3	50039303	unique_+	chr3	50001870
rs67410403	R001	3	50827379	unique_+	chr3	50789948
rs2608999	R001	3	50825067	unique_+	chr3	50787636
rs67843425	R001	3	50965660	unique_+	chr3	50928229
rs2675791	R001	3	50846794	unique_+	chr3	50809363
rs80037828	R001	3	49991540	unique_+	chr3	49954107
rs142340979	R001	3	50942307	unique_+	chr3	50904876
rs34855107	R001	3	50955224	unique_+	chr3	50917793
rs2085587	R001	3	50854529	unique_+	chr3	50817098
rs112222273	R001	3	50025181	unique_+	chr3	49987748
rs62262138	R001	3	50021659	unique_+	chr3	49984226
rs2675809	R001	3	50789232	unique_+	chr3	50751801
rs3104096	R002	6	98884257	unique_+	chr6	98436381
rs28762180	R001	3	50950745	unique_+	chr3	50913314
rs35071080	R001	3	50940844	unique_+	chr3	50903413
rs2675828	R001	3	50854125	unique_+	chr3	50816694
rs2675804	R001	3	50868515	unique_+	chr3	50831084
rs12629129	R001	3	50060979	unique_+	chr3	50023546
rs116629809	R001	3	50939943	unique_+	chr3	50902512
rs6569881	R002	6	99617351	unique_+	chr6	99169475
rs4482663	R001	3	50798902	unique_+	chr3	50761471
rs2675790	R001	3	50847250	unique_+	chr3	50809819
rs13086545	R001	3	50937594	unique_+	chr3	50900163
rs35190976	R001	3	50960348	unique_+	chr3	50922917
rs2609024	R001	3	50800146	unique_+	chr3	50762715
rs7682827	R003	4	102757065	unique_+	chr4	101835908
rs13095706	R001	3	50833246	unique_+	chr3	50795815
rs62262096	R001	3	49962641	unique_+	chr3	49925208
rs13060835	R001	3	50792107	unique_+	chr3	50754676
rs2168863	R001	3	50846601	unique_+	chr3	50809170
rs11916999	R001	3	50104873	unique_+	chr3	50067440
rs34184643	R001	3	50962794	unique_+	chr3	50925363
rs2023952	R001	3	50104307	unique_+	chr3	50066874
rs2608997	R001	3	50833047	unique_+	chr3	50795616
rs36018544	R001	3	50960614	unique_+	chr3	50923183
rs73079191	R001	3	50932822	unique_+	chr3	50895391
rs2045510	R001	3	50867740	unique_+	chr3	50830309
rs116789950	R001	3	50023438	unique_+	chr3	49986005
rs77396270	R002	6	98906816	unique_+	chr6	98458940
rs61491513	R001	3	50012470	unique_+	chr3	49975037
rs35842302	R001	3	50946649	unique_+	chr3	50909218
rs34456131	R001	3	50833591	unique_+	chr3	50796160
rs2675832	R001	3	50861562	unique_+	chr3	50824131
rs1947607	R001	3	50851100	unique_+	chr3	50813669
rs71329008	R001	3	50861024	unique_+	chr3	50823593
rs10032160	R003	4	102762581	unique_+	chr4	101841424
rs34058359	R001	3	50791137	unique_+	chr3	50753706
rs34786937	R001	3	50962551	unique_+	chr3	50925120
rs34576538	R001	3	50852142	unique_+	chr3	50814711
rs4643809	R003	4	102756099	unique_+	chr4	101834942
rs62262116	R001	3	50001152	unique_+	chr3	49963719
rs34627371	R001	3	50792841	unique_+	chr3	50755410
rs138360806	R001	3	50956791	unique_+	chr3	50919360
rs73081144	R001	3	50966039	unique_+	chr3	50928608
rs13088434	R001	3	50927540	unique_+	chr3	50890109
rs12494916	R001	3	50119739	unique_+	chr3	50082306
rs62262099	R001	3	49979205	unique_+	chr3	49941772
rs186728769	R002	6	99525990	unique_+	chr6	99078114
rs7655375	R003	4	103361487	unique_+	chr4	102440330
rs57009357	R001	3	49969619	unique_+	chr3	49932186
rs2609003	R001	3	50816822	unique_+	chr3	50779391
rs2675788	R001	3	50848015	unique_+	chr3	50810584
rs62262104	R001	3	49989490	unique_+	chr3	49952057
rs3804628	R001	3	50662081	unique_+	chr3	50624650
rs11929782	R003	4	102724542	unique_+	chr4	101803385
rs2609031	R001	3	50857796	unique_+	chr3	50820365
rs117151885	R001	3	50941768	unique_+	chr3	50904337
rs193190126	R001	3	48923922	unique_+	chr3	48886489
rs34006781	R001	3	50948707	unique_+	chr3	50911276
rs36110549	R001	3	50969437	unique_+	chr3	50932006
rs35499413	R001	3	50967970	unique_+	chr3	50930539
rs59802870	R001	3	50088301	unique_+	chr3	50050868
rs73081114	R001	3	50945367	unique_+	chr3	50907936
rs2675792	R001	3	50844281	unique_+	chr3	50806850
rs112666031	R001	3	50044840	unique_+	chr3	50007407
rs13096268	R001	3	50833495	unique_+	chr3	50796064
rs56338239	R002	6	99857533	unique_+	chr6	99409657
rs113465792	R001	3	49616129	unique_+	chr3	49578696
rs12489386	R001	3	49927503	unique_+	chr3	49890070
rs1966920	R001	3	50857832	unique_+	chr3	50820401
rs6569880	R002	6	99617247	unique_+	chr6	99169371
rs138757207	R001	3	49431429	unique_+	chr3	49393996
rs1834625	R003	4	102453448	unique_+	chr4	101532291
rs35098074	R001	3	50821329	unique_+	chr3	50783898
rs3106826	R001	3	50833926	unique_+	chr3	50796495
rs12637222	R001	3	50039631	unique_+	chr3	50002198
rs188040823	R001	3	50185293	unique_+	chr3	50147860
rs6834176	R003	4	103558833	unique_+	chr4	102637676
rs12637457	R001	3	50064630	unique_+	chr3	50027197
rs73833887	R001	3	50857588	unique_+	chr3	50820157
rs111401003	R001	3	50044314	unique_+	chr3	50006881
rs7623868	R001	3	50967228	unique_+	chr3	50929797
rs35517507	R001	3	50809153	unique_+	chr3	50771722
rs143811615	R001	3	48120080	unique_+	chr3	48078590
rs34900426	R001	3	50817167	unique_+	chr3	50779736
rs34602347	R001	3	50817164	unique_+	chr3	50779733
rs2675793	R001	3	50843007	unique_+	chr3	50805576
rs12494172	R001	3	50113346	unique_+	chr3	50075913
rs13088041	R001	3	50946367	unique_+	chr3	50908936
rs62262060	R001	3	49912027	unique_+	chr3	49874594
rs57732473	R001	3	50959822	unique_+	chr3	50922391
rs2675827	R001	3	50818296	unique_+	chr3	50780865
rs12486808	R001	3	50074377	unique_+	chr3	50036944
rs62262525	R001	3	49187139	unique_+	chr3	49149706
rs6768300	R001	3	50649370	unique_+	chr3	50611939
rs2675813	R001	3	50816961	unique_+	chr3	50779530
rs2609008	R001	3	50795456	unique_+	chr3	50758025
rs13100403	R001	3	50869779	unique_+	chr3	50832348
rs149246503	R001	3	50956915	unique_+	chr3	50919484
rs12495114	R001	3	50084455	unique_+	chr3	50047022
rs62262144	R001	3	50041827	unique_+	chr3	50004394
rs11130240	R001	3	50069357	unique_+	chr3	50031924
rs13092418	R001	3	50938678	unique_+	chr3	50901247
rs2045511	R001	3	50867588	unique_+	chr3	50830157
rs2609020	R001	3	50848166	unique_+	chr3	50810735
rs4699038	R003	4	103879412	unique_+	chr4	102958255
rs2675810	R001	3	50788586	unique_+	chr3	50751155
rs7454673	R002	6	98818060	unique_+	chr6	98370184
rs112827798	R001	3	50019897	unique_+	chr3	49982464
rs35082196	R001	3	50950346	unique_+	chr3	50912915
rs2126627	R003	4	103364463	unique_+	chr4	102443306
rs61745903	R001	3	49830032	unique_+	chr3	49792599
rs13131758	R003	4	103091829	unique_+	chr4	102170672
rs34851381	R003	4	102729463	unique_+	chr4	101808306
rs2675812	R001	3	50817444	unique_+	chr3	50780013
rs78774254	R002	6	99104541	unique_+	chr6	98656665
rs3755819	R001	3	48595419	unique_+	chr3	48557986
rs4699261	R003	4	102725474	unique_+	chr4	101804317
rs6807104	R001	3	48544169	unique_+	chr3	48506736
rs12490944	R001	3	50059651	unique_+	chr3	50022218
rs34048522	R001	3	50825861	unique_+	chr3	50788430
rs7685305	R003	4	103377005	unique_+	chr4	102455848
rs62263578	R001	3	50073640	unique_+	chr3	50036207
rs150224618	R001	3	50944579	unique_+	chr3	50907148
rs2608989	R001	3	50789151	unique_+	chr3	50751720
rs12494077	R001	3	50112998	unique_+	chr3	50075565
rs72624917	R001	3	49062285	unique_+	chr3	49024852
rs79166522	R003	4	102450823	unique_+	chr4	101529666
rs12631248	R001	3	50080174	unique_+	chr3	50042741
rs55768089	R003	4	102743698	unique_+	chr4	101822541
rs1317215	R001	3	49912291	unique_+	chr3	49874858
rs2609021	R001	3	50850743	unique_+	chr3	50813312
rs112512657	R001	3	50119146	unique_+	chr3	50081713
rs62260770	R001	3	50159955	unique_+	chr3	50122522
rs980899	R002	6	98819800	unique_+	chr6	98371924
rs34749007	R003	4	102754507	unique_+	chr4	101833350
rs62324184	R003	4	103028926	unique_+	chr4	102107769
rs6446296	R001	3	49838052	unique_+	chr3	49800619
rs10446708	R003	4	102723740	unique_+	chr4	101802583
rs6817730	R003	4	103368088	unique_+	chr4	102446931
rs1585607	R003	4	103376474	unique_+	chr4	102455317
rs1585605	R003	4	103376367	unique_+	chr4	102455210
rs12637681	R001	3	49925464	unique_+	chr3	49888031
rs17266357	R003	4	102721809	unique_+	chr4	101800652
rs115177119	R002	6	98280927	unique_+	chr6	97833051
rs11130223	R001	3	49930270	unique_+	chr3	49892837
rs180921080	R001	3	48646156	unique_+	chr3	48608723
rs181401053	R001	3	49796625	unique_+	chr3	49759192
rs79699910	R002	6	99097385	unique_+	chr6	98649509
rs62263596	R001	3	50131520	unique_+	chr3	50094087
rs117187406	R002	6	99436199	unique_+	chr6	98988323
rs76087816	R001	3	48894361	unique_+	chr3	48856928
rs62260756	R001	3	49910838	unique_+	chr3	49873405
rs7644771	R001	3	48530019	unique_+	chr3	48488766
rs13091933	R001	3	50577415	unique_+	chr3	50539984
rs17660179	R001	3	50815636	unique_+	chr3	50778205
rs34499378	R003	4	102722182	unique_+	chr4	101801025
rs34443943	R002	6	99527373	unique_+	chr6	99079497
rs7685474	R003	4	103376965	unique_+	chr4	102455808
rs10446707	R003	4	102722017	unique_+	chr4	101800860
rs41291716	R001	3	49936715	unique_+	chr3	49899282
rs2071208	R001	3	50159679	unique_+	chr3	50122246
rs35194352	R003	4	102726594	unique_+	chr4	101805437
rs7377115	R003	4	102709020	unique_+	chr4	101787863
rs149017183	R002	6	98599913	unique_+	chr6	98152037
rs116642728	R001	3	49832263	unique_+	chr3	49794830
rs2061388	R001	3	50855461	unique_+	chr3	50818030
rs9859813	R001	3	49902553	unique_+	chr3	49865120
rs192931294	R002	6	98014701	unique_+	chr6	97566825
rs10031415	R003	4	103369480	unique_+	chr4	102448323
rs9838283	R001	3	50820486	unique_+	chr3	50783055
rs9810549	R001	3	48583513	unique_+	chr3	48546080
rs6442126	R001	3	48525955	unique_+	chr3	48484583
rs72682957	R003	4	102460338	unique_+	chr4	101539181
rs192322195	R001	3	49125181	unique_+	chr3	49087748
rs13146194	R003	4	102723640	unique_+	chr4	101802483
rs4698969	R003	4	102725955	unique_+	chr4	101804798
rs71597107	R003	4	102697725	unique_+	chr4	101776568
rs75815271	R001	3	48405661	unique_+	chr3	48364171
rs62259941	R001	3	49415301	unique_+	chr3	49377868
rs62263597	R001	3	50131691	unique_+	chr3	50094258
rs9830581	R001	3	48645837	unique_+	chr3	48608404
rs6781283	R001	3	48607242	unique_+	chr3	48569809
rs117080396	R002	6	98323023	unique_+	chr6	97875147
rs1973871	R003	4	103371426	unique_+	chr4	102450269
rs62262510	R001	3	49111878	unique_+	chr3	49074445
rs2854394	R001	3	48621593	unique_+	chr3	48584160
rs1540692	R002	6	99615825	unique_+	chr6	99167949
rs111226181	R001	3	49931760	unique_+	chr3	49894327
rs58025924	R001	3	49945996	unique_+	chr3	49908563
rs4398527	R003	4	102718240	unique_+	chr4	101797083
rs2080820	R003	4	102758403	unique_+	chr4	101837246
rs112502530	R001	3	48995818	unique_+	chr3	48958385
rs10446682	R003	4	102723839	unique_+	chr4	101802682
rs72932747	R002	6	98357472	unique_+	chr6	97909596
rs140724462	R001	3	50145370	unique_+	chr3	50107937
rs7375516	R003	4	102709119	unique_+	chr4	101787962
rs12495831	R001	3	49927722	unique_+	chr3	49890289
rs150525910	R001	3	49451639	unique_+	chr3	49414206
rs4506054	R002	6	99621031	unique_+	chr6	99173155
rs10446706	R003	4	102721732	unique_+	chr4	101800575
rs223496	R003	4	103654439	unique_+	chr4	102733282
rs9843316	R001	3	48635680	unique_+	chr3	48598247
rs6785845	R001	3	48522402	unique_+	chr3	48480993
rs9862906	R001	3	48563933	unique_+	chr3	48526500
rs6915520	R002	6	99636993	unique_+	chr6	99189117
rs12636045	R001	3	50157112	unique_+	chr3	50119679
rs223500	R003	4	103647047	unique_+	chr4	102725890
rs13152198	R003	4	102730070	unique_+	chr4	101808913
rs13131198	R003	4	102730555	unique_+	chr4	101809398
rs35755371	R001	3	48540149	unique_+	chr3	48502716
rs4699262	R003	4	102726005	unique_+	chr4	101804848
rs12493565	R001	3	49937205	unique_+	chr3	49899772
rs2609001	R001	3	50820714	unique_+	chr3	50783283
rs11916261	R001	3	50014496	unique_+	chr3	49977063
rs12495032	R001	3	48536376	unique_+	chr3	48498942
rs7692330	R003	4	102997333	unique_+	chr4	102076176
rs13064619	R001	3	48524582	unique_+	chr3	48483163
rs66708693	R003	4	102697972	unique_+	chr4	101776815
rs13124747	R003	4	102729954	unique_+	chr4	101808797
rs35753061	R002	6	99613534	unique_+	chr6	99165658
rs58257680	R002	6	99612114	unique_+	chr6	99164238
rs35416717	R003	4	102726657	unique_+	chr4	101805500
rs1507774	R002	6	98824077	unique_+	chr6	98376201
rs78804971	R001	3	49821769	unique_+	chr3	49784336
rs11940179	R003	4	102727577	unique_+	chr4	101806420
rs2532848	R001	3	48606065	unique_+	chr3	48568632
rs9402556	R002	6	99673466	unique_+	chr6	99225590
rs62263588	R001	3	50109394	unique_+	chr3	50071961
rs201194	R001	3	50642975	unique_+	chr3	50605544
rs190462557	R001	3	48335433	unique_+	chr3	48293943
rs143636081	R001	3	48245031	unique_+	chr3	48203541
rs9813644	R001	3	49918751	unique_+	chr3	49881318
rs12631306	R001	3	50003305	unique_+	chr3	49965872
rs11935577	R003	4	102718619	unique_+	chr4	101797462
rs17031641	R003	4	102718100	unique_+	chr4	101796943
rs12486470	R001	3	50094271	unique_+	chr3	50056838
rs66638185	R003	4	102729417	unique_+	chr4	101808260
rs12206927	R002	6	99613136	unique_+	chr6	99165260
rs4496585	R003	4	102718286	unique_+	chr4	101797129
rs62262095	R001	3	49961237	unique_+	chr3	49923804
rs17200433	R003	4	102722913	unique_+	chr4	101801756
rs118176366	R002	6	99446857	unique_+	chr6	98998981
rs62423594	R002	6	99334854	unique_+	chr6	98886978
rs62263591	R001	3	50118110	unique_+	chr3	50080677
rs6916079	R002	6	98824191	unique_+	chr6	98376315
rs142613783	R001	3	50379257	unique_+	chr3	50341826
rs58766761	R001	3	49951725	unique_+	chr3	49914292
rs11924670	R001	3	50104708	unique_+	chr3	50067275
rs35846973	R002	6	99613601	unique_+	chr6	99165725
rs66469923	R002	6	99613855	unique_+	chr6	99165979
rs2023951	R001	3	50108188	unique_+	chr3	50070755
rs12528848	R002	6	99613770	unique_+	chr6	99165894
rs142527941	R001	3	48463856	unique_+	chr3	48422447
rs6786424	R001	3	48522991	unique_+	chr3	48481572
rs17058212	R002	6	98577823	unique_+	chr6	98129947
rs11944613	R003	4	102718795	unique_+	chr4	101797638
rs3125575	R002	6	98895069	unique_+	chr6	98447193
rs112093796	R001	3	49999210	unique_+	chr3	49961777
rs10499012	R002	6	97767591	unique_+	chr6	97319715
rs11925156	R001	3	49985853	unique_+	chr3	49948420
rs6442127	R001	3	48529038	unique_+	chr3	48487785
rs6533015	R003	4	103355533	unique_+	chr4	102434376
rs9849280	R001	3	48576897	unique_+	chr3	48539464
rs111873781	R001	3	49930316	unique_+	chr3	49892883
rs1313925	R003	4	103377576	unique_+	chr4	102456419
rs12492291	R001	3	50120330	unique_+	chr3	50082897
rs9402517	R002	6	99629505	unique_+	chr6	99181629
rs739983	R001	3	50178011	unique_+	chr3	50140578
rs184341444	R001	3	48238148	unique_+	chr3	48196658
rs117698982	R002	6	99530919	unique_+	chr6	99083043
rs36101217	R002	6	99525649	unique_+	chr6	99077773
rs11944577	R003	4	102718658	unique_+	chr4	101797501
rs6569893	R002	6	99639868	unique_+	chr6	99191992
rs35796820	R001	3	48643648	unique_+	chr3	48606215
rs10049154	R001	3	48524031	unique_+	chr3	48482612
rs11130225	R001	3	49992478	unique_+	chr3	49955045
rs146757030	R001	3	49206739	unique_+	chr3	49169306
rs62263580	R001	3	50087725	unique_+	chr3	50050292
rs4699259	R003	4	102722393	unique_+	chr4	101801236
rs11924711	R001	3	50097366	unique_+	chr3	50059933
rs62263600	R001	3	50149270	unique_+	chr3	50111837
rs12513074	R003	4	103625531	unique_+	chr4	102704374
rs62262117	R001	3	50001425	unique_+	chr3	49963992
rs58621288	R001	3	50000753	unique_+	chr3	49963320
rs62263584	R001	3	50095691	unique_+	chr3	50058258
rs6446297	R001	3	49854358	unique_+	chr3	49816925
rs62262105	R001	3	49990270	unique_+	chr3	49952837
rs28581474	R001	3	48625680	unique_+	chr3	48588247
rs35333166	R001	3	50128005	unique_+	chr3	50090572
rs2207444	R002	6	99513061	unique_+	chr6	99065185
rs12631309	R001	3	50003328	unique_+	chr3	49965895
rs12630917	R001	3	49990559	unique_+	chr3	49953126
rs62263590	R001	3	50117420	unique_+	chr3	50079987
rs11927030	R001	3	50789602	unique_+	chr3	50752171
rs12636669	R001	3	50003323	unique_+	chr3	49965890
rs35446399	R003	4	102729766	unique_+	chr4	101808609
rs17266552	R003	4	102726519	unique_+	chr4	101805362
rs11940244	R003	4	102727575	unique_+	chr4	101806418
rs73086963	R001	3	50635590	unique_+	chr3	50598159
rs11130239	R001	3	50042658	unique_+	chr3	50005225
rs11923132	R001	3	50031000	unique_+	chr3	49993567
rs112911401	R001	3	50318315	unique_+	chr3	50280884
rs12630959	R001	3	49990884	unique_+	chr3	49953451
rs62262148	R001	3	50067638	unique_+	chr3	50030205
rs9875911	R001	3	48547195	unique_+	chr3	48509762
rs12486832	R001	3	50074400	unique_+	chr3	50036967
rs62262145	R001	3	50049051	unique_+	chr3	50011618
rs35838403	R003	4	102722868	unique_+	chr4	101801711
rs11130230	R001	3	50013469	unique_+	chr3	49976036
rs57575459	R001	3	50053514	unique_+	chr3	50016081
rs12631608	R001	3	50042725	unique_+	chr3	50005292
rs9399079	R002	6	99661454	unique_+	chr6	99213578
rs77033961	R001	3	50001345	unique_+	chr3	49963912
rs13069446	R001	3	48593926	unique_+	chr3	48556493
rs62262100	R001	3	49982234	unique_+	chr3	49944801
rs7743429	R002	6	99660092	unique_+	chr6	99212216
rs62262682	R001	3	49722761	unique_+	chr3	49685328
rs183507293	R001	3	50461774	unique_+	chr3	50424343
rs188146975	R001	3	48947188	unique_+	chr3	48909755
rs114182490	R001	3	48865926	unique_+	chr3	48828493
rs67800004	R003	4	102717916	unique_+	chr4	101796759
rs62263031	R001	3	48345545	unique_+	chr3	48304055
rs991204	R002	6	99645117	unique_+	chr6	99197241
rs35124980	R001	3	50199330	unique_+	chr3	50161897
rs147151674	R002	6	98558213	unique_+	chr6	98110337
rs9822677	R001	3	48521406	unique_+	chr3	48479997
rs17659990	R001	3	50751149	unique_+	chr3	50713718
rs73078310	R001	3	48616291	unique_+	chr3	48578858
rs190276441	R001	3	48213787	unique_+	chr3	48172297
rs9389083	R002	6	99623885	unique_+	chr6	99176009
rs9871180	R001	3	48611390	unique_+	chr3	48573957
rs193034040	R001	3	49916129	unique_+	chr3	49878696
rs139043388	R002	6	98538461	unique_+	chr6	98090585
rs62420365	R002	6	98335213	unique_+	chr6	97887337
rs17080289	R001	3	48643891	unique_+	chr3	48606458
rs9373057	R002	6	99630038	unique_+	chr6	99182162
rs2518797	R001	3	50200122	unique_+	chr3	50162689
rs184488305	R001	3	49497748	unique_+	chr3	49460315
rs2169597	R003	4	103368598	unique_+	chr4	102447441
rs13060933	R001	3	48606701	unique_+	chr3	48569268
rs11931087	R003	4	102727619	unique_+	chr4	101806462
rs114541445	R001	3	50487487	unique_+	chr3	50450056
rs1566114	R002	6	99629539	unique_+	chr6	99181663
rs1060970	R001	3	49708769	unique_+	chr3	49671336
rs113893318	R001	3	49512662	unique_+	chr3	49475229
rs34261083	R003	4	102717797	unique_+	chr4	101796640
rs12196940	R002	6	99624131	unique_+	chr6	99176255
rs9835902	R001	3	48528850	unique_+	chr3	48487597
rs140573464	R003	4	102226241	unique_+	chr4	101305084
rs78767095	R002	6	98264449	unique_+	chr6	97816573
rs1038000	R003	4	103361697	unique_+	chr4	102440540
rs62422666	R002	6	98613738	unique_+	chr6	98165862
rs114465719	R001	3	49587448	unique_+	chr3	49550015
rs188360413	R002	6	97809815	unique_+	chr6	97361939
rs77125954	R001	3	50793739	unique_+	chr3	50756308
rs143467028	R001	3	50805483	unique_+	chr3	50768052
rs4533647	R001	3	50545833	unique_+	chr3	50508402
rs180770886	R001	3	48950371	unique_+	chr3	48912938
rs146646960	R002	6	99648420	unique_+	chr6	99200544
rs117787843	R002	6	98415359	unique_+	chr6	97967483
rs13117264	R003	4	102719650	unique_+	chr4	101798493
rs12710964	R003	4	103361790	unique_+	chr4	102440633
rs148856927	R001	3	49514656	unique_+	chr3	49477223
rs117887550	R002	6	98784543	unique_+	chr6	98336667
rs117685026	R002	6	98397390	unique_+	chr6	97949514
rs188722350	R002	6	98949331	unique_+	chr6	98501455
rs28478136	R001	3	49905750	unique_+	chr3	49868317
rs35864641	R001	3	50544863	unique_+	chr3	50507432
rs11938245	R003	4	102721078	unique_+	chr4	101799921
rs145532912	R001	3	48571578	unique_+	chr3	48534145
rs143867864	R001	3	49435706	unique_+	chr3	49398273
rs73082948	R001	3	50544417	unique_+	chr3	50506986
rs62259533	R001	3	48934620	unique_+	chr3	48897187
rs150578843	R003	4	102246521	unique_+	chr4	101325364
rs191282820	R002	6	98330986	unique_+	chr6	97883110
rs62262670	R001	3	49646206	unique_+	chr3	49608773
rs192158140	R002	6	98396770	unique_+	chr6	97948894
rs34434811	R001	3	50544836	unique_+	chr3	50507405
rs34267788	R001	3	50544811	unique_+	chr3	50507380
rs184530106	R001	3	49819056	unique_+	chr3	49781623
rs7767885	R002	6	99659802	unique_+	chr6	99211926
rs138127079	R003	4	102407197	unique_+	chr4	101486040
rs62323925	R003	4	102700442	unique_+	chr4	101779285
rs62259535	R001	3	48939052	unique_+	chr3	48901619
rs230490	R003	4	103387419	unique_+	chr4	102466262
rs143000580	R002	6	99578371	unique_+	chr6	99130495
rs6762848	R001	3	49087238	unique_+	chr3	49049805
rs62420603	R002	6	98813560	unique_+	chr6	98365684
rs7764372	R002	6	99524062	unique_+	chr6	99076186
rs4840006	R002	6	99649153	unique_+	chr6	99201277
rs140962298	R001	3	50082717	unique_+	chr3	50045284
rs2006871	R001	3	48586697	unique_+	chr3	48549264
rs6852602	R003	4	102403067	unique_+	chr4	101481910
rs185050272	R001	3	49151003	unique_+	chr3	49113570
rs62260128	R001	3	50737456	unique_+	chr3	50700025
rs11154734	R002	6	99626855	unique_+	chr6	99178979
rs6806059	R001	3	48564507	unique_+	chr3	48527074
rs77491117	R001	3	48206655	unique_+	chr3	48165165
rs140746667	R001	3	49734204	unique_+	chr3	49696771
rs184214126	R001	3	48273311	unique_+	chr3	48231821
rs13319635	R001	3	48599944	unique_+	chr3	48562511
rs114292886	R001	3	50698933	unique_+	chr3	50661502
rs73080990	R001	3	50212958	unique_+	chr3	50175525
rs35562294	R001	3	48611650	unique_+	chr3	48574217
rs4454147	R002	6	99575874	unique_+	chr6	99127998
rs115669815	R001	3	50102446	unique_+	chr3	50065013
rs4620132	R002	6	98662128	unique_+	chr6	98214252
rs490634	R001	3	50640830	unique_+	chr3	50603399
rs62422667	R002	6	98631530	unique_+	chr6	98183654
rs117465767	R002	6	99513439	unique_+	chr6	99065563
rs9491350	R002	6	98800429	unique_+	chr6	98352553
rs2465897	R003	4	102380890	unique_+	chr4	101459733
rs2169598	R003	4	103365842	unique_+	chr4	102444685
rs62422663	R002	6	98550406	unique_+	chr6	98102530
rs2471678	R003	4	102387851	unique_+	chr4	101466694
rs4840003	R002	6	99643330	unique_+	chr6	99195454
rs11938185	R003	4	102720906	unique_+	chr4	101799749
rs141937084	R001	3	48147788	unique_+	chr3	48106298
rs9402527	R002	6	99644339	unique_+	chr6	99196463
rs6901630	R002	6	99652453	unique_+	chr6	99204577
rs189203830	R003	4	102237212	unique_+	chr4	101316055
rs117163283	R002	6	99438000	unique_+	chr6	98990124
rs13076850	R001	3	50584999	unique_+	chr3	50547568
rs201198	R001	3	50636111	unique_+	chr3	50598680
rs201197	R001	3	50636364	unique_+	chr3	50598933
rs13213378	R002	6	99603809	unique_+	chr6	99155933
rs13319651	R001	3	48599841	unique_+	chr3	48562408
rs71324984	R001	3	49709147	unique_+	chr3	49671714
rs142310042	R002	6	98619914	unique_+	chr6	98172038
rs201196	R001	3	50637070	unique_+	chr3	50599639
rs13094336	R001	3	50632870	unique_+	chr3	50595439
rs186909500	R001	3	49270107	unique_+	chr3	49232674
rs138855842	R003	4	103804638	unique_+	chr4	102883481
rs76037525	R001	3	48924190	unique_+	chr3	48886757
rs62420384	R002	6	98398543	unique_+	chr6	97950667
rs71326937	R001	3	50637383	unique_+	chr3	50599952
rs118028166	R002	6	97740931	unique_+	chr6	97293055
rs34790532	R003	4	102700484	unique_+	chr4	101779327
rs72627723	R002	6	97774774	unique_+	chr6	97326898
rs34584636	R001	3	50607064	unique_+	chr3	50569633
rs399484	R001	3	50589455	unique_+	chr3	50552024
rs75729494	R001	3	50056478	unique_+	chr3	50019045
rs1467916	R001	3	50523494	unique_+	chr3	50486063
rs149534615	R001	3	49193969	unique_+	chr3	49156536
rs2471676	R003	4	102390918	unique_+	chr4	101469761
rs6848517	R003	4	103229362	unique_+	chr4	102308205
rs62423627	R002	6	99465382	unique_+	chr6	99017506
rs2269507	R001	3	50616783	unique_+	chr3	50579352
rs6532969	R003	4	102709828	unique_+	chr4	101788671
rs3135952	R001	3	48510210	unique_+	chr3	48468811
rs72627724	R002	6	97780753	unique_+	chr6	97332877
rs72627725	R002	6	97783708	unique_+	chr6	97335832
rs12201299	R002	6	99604119	unique_+	chr6	99156243
rs2232253	R001	3	50617502	unique_+	chr3	50580071
rs181861135	R001	3	49885642	unique_+	chr3	49848209
rs147991994	R001	3	49056282	unique_+	chr3	49018849
rs17787569	R001	3	50616646	unique_+	chr3	50579215
rs6913680	R002	6	99649218	unique_+	chr6	99201342
rs4075082	R001	3	48555082	unique_+	chr3	48517649
rs41308228	R001	3	50408329	unique_+	chr3	50370898
rs139904492	R001	3	48352176	unique_+	chr3	48310686
rs35690191	R001	3	50594734	unique_+	chr3	50557303
rs74882567	R003	4	102603982	unique_+	chr4	101682825
rs4839721	R002	6	98809159	unique_+	chr6	98361283
rs67588094	R001	3	50624872	unique_+	chr3	50587441
rs146151926	R001	3	48971699	unique_+	chr3	48934266
rs17250634	R003	4	102587555	unique_+	chr4	101666398
rs150807904	R001	3	48549664	unique_+	chr3	48512231
rs145226670	R002	6	98623749	unique_+	chr6	98175873
rs13061156	R001	3	49747560	unique_+	chr3	49710127
rs138852487	R001	3	49855982	unique_+	chr3	49818549
rs183938645	R001	3	48806775	unique_+	chr3	48769342
rs62421939	R002	6	98323844	unique_+	chr6	97875968
rs1034405	R001	3	50597092	unique_+	chr3	50559661
rs34495934	R001	3	50371757	unique_+	chr3	50334326
rs6787521	R001	3	50590946	unique_+	chr3	50553515
rs13083004	R001	3	50595281	unique_+	chr3	50557850
rs139755042	R001	3	48438684	unique_+	chr3	48397218
rs36116071	R001	3	49706699	unique_+	chr3	49669266
rs72627727	R002	6	97814848	unique_+	chr6	97366972
rs75951948	R002	6	99133544	unique_+	chr6	98685668
rs2355321	R001	3	50609808	unique_+	chr3	50572377
rs34202063	R001	3	50630814	unique_+	chr3	50593383
rs2227280	R001	3	50614688	unique_+	chr3	50577257
rs59949730	R001	3	50629340	unique_+	chr3	50591909
rs72624912	R001	3	49063926	unique_+	chr3	49026493
rs112524388	R001	3	49964340	unique_+	chr3	49926907
rs72928606	R002	6	98530400	unique_+	chr6	98082524
rs62263027	R001	3	48322023	unique_+	chr3	48280533
rs34399912	R001	3	50599491	unique_+	chr3	50562060
rs182251210	R001	3	49174489	unique_+	chr3	49137056
rs114205165	R001	3	49807614	unique_+	chr3	49770181
rs2045797	R003	4	103353074	unique_+	chr4	102431917
rs62262466	R001	3	48989644	unique_+	chr3	48952211
rs139063082	R002	6	98365933	unique_+	chr6	97918057
rs67813889	R001	3	50630221	unique_+	chr3	50592790
rs28563843	R001	3	48574829	unique_+	chr3	48537396
rs2045798	R003	4	103351396	unique_+	chr4	102430239
rs143433540	R001	3	50632617	unique_+	chr3	50595186
rs13100791	R001	3	49641049	unique_+	chr3	49603616
rs35655236	R001	3	50598047	unique_+	chr3	50560616
rs6814302	R003	4	103316254	unique_+	chr4	102395097
rs9837687	R001	3	48581848	unique_+	chr3	48544415
rs4628108	R002	6	99603656	unique_+	chr6	99155780
rs4648073	R003	4	103518843	unique_+	chr4	102597686
rs78834306	R001	3	50497567	unique_+	chr3	50460136
rs62258672	R001	3	50857286	unique_+	chr3	50819855
rs34889917	R001	3	50628537	unique_+	chr3	50591106
rs17757107	R002	6	98472940	unique_+	chr6	98025064
rs9401123	R002	6	98183112	unique_+	chr6	97735236
rs13084476	R001	3	50555065	unique_+	chr3	50517634
rs2866434	R003	4	102590589	unique_+	chr4	101669432
rs62323924	R003	4	102700194	unique_+	chr4	101779037
rs1870952	R003	4	103315072	unique_+	chr4	102393915
rs62263033	R001	3	48370424	unique_+	chr3	48328934
rs140037490	R002	6	98608513	unique_+	chr6	98160637
rs1117522	R003	4	103311673	unique_+	chr4	102390516
rs10017300	R003	4	102648382	unique_+	chr4	101727225
rs112519623	R003	4	103184239	unique_+	chr4	102263082
rs79695765	R001	3	50845981	unique_+	chr3	50808550
rs140300210	R001	3	48287367	unique_+	chr3	48245877
rs11097776	R003	4	103314759	unique_+	chr4	102393602
rs77736660	R002	6	98214510	unique_+	chr6	97766634
rs60546701	R003	4	102601991	unique_+	chr4	101680834
rs138916547	R001	3	50101637	unique_+	chr3	50064204
rs35714264	R001	3	50579906	unique_+	chr3	50542475
rs2086004	R003	4	103311182	unique_+	chr4	102390025
rs1117520	R003	4	103311561	unique_+	chr4	102390404
rs62422694	R002	6	98694803	unique_+	chr6	98246927
rs77527896	R002	6	97879356	unique_+	chr6	97431480
rs2903280	R003	4	103349447	unique_+	chr4	102428290
rs28444377	R003	4	103760250	unique_+	chr4	102839093
rs186331677	R001	3	48523020	unique_+	chr3	48481601
rs7436937	R003	4	103238462	unique_+	chr4	102317305
rs7751514	R002	6	98533115	unique_+	chr6	98085239
rs9401120	R002	6	98181585	unique_+	chr6	97733709
rs190313640	R001	3	48249203	unique_+	chr3	48207713
rs71326929	R001	3	50422330	unique_+	chr3	50384899
rs74379911	R002	6	97877808	unique_+	chr6	97429932
rs78014863	R002	6	98327298	unique_+	chr6	97879422
rs74868338	R002	6	99219065	unique_+	chr6	98771189
rs11935847	R003	4	103321128	unique_+	chr4	102399971
rs4699021	R003	4	103312301	unique_+	chr4	102391144
rs6533013	R003	4	103349526	unique_+	chr4	102428369
rs111812549	R001	3	49394400	unique_+	chr3	49356967
rs35620248	R001	3	49737954	unique_+	chr3	49700521
rs743856	R001	3	50527874	unique_+	chr3	50490443
rs13071087	R001	3	49634594	unique_+	chr3	49597161
rs13117712	R003	4	103321557	unique_+	chr4	102400400
rs4839962	R002	6	98938124	unique_+	chr6	98490248
rs3113677	R003	4	102970187	unique_+	chr4	102049030
rs3135465	R003	4	102935902	unique_+	chr4	102014745
rs11914934	R001	3	50836602	unique_+	chr3	50799171
rs13112930	R003	4	103317618	unique_+	chr4	102396461
rs148426881	R002	6	99234245	unique_+	chr6	98786369
rs191838284	R003	4	103604061	unique_+	chr4	102682904
rs56342064	R003	4	102593985	unique_+	chr4	101672828
rs9869698	R001	3	48580539	unique_+	chr3	48543106
rs62260811	R001	3	50435832	unique_+	chr3	50398401
rs151377	R003	4	103121726	unique_+	chr4	102200569
rs6835467	R003	4	103322783	unique_+	chr4	102401626
rs12528927	R002	6	99943871	unique_+	chr6	99495995
rs113754979	R001	3	49200298	unique_+	chr3	49162865
rs28581841	R003	4	102693958	unique_+	chr4	101772801
rs1159788	R003	4	103307549	unique_+	chr4	102386392
rs148487324	R001	3	49629598	unique_+	chr3	49592165
rs34045152	R001	3	48168730	unique_+	chr3	48127240
rs151375	R003	4	103122348	unique_+	chr4	102201191
rs55935606	R001	3	49565505	unique_+	chr3	49528072
rs984055	R003	4	103318943	unique_+	chr4	102397786
rs9810991	R001	3	48583650	unique_+	chr3	48546217
rs71326934	R001	3	50536383	unique_+	chr3	50498952
rs1451340	R002	6	98810540	unique_+	chr6	98362664
rs116809139	R001	3	49204405	unique_+	chr3	49166972
rs9848824	R001	3	48584069	unique_+	chr3	48546636
rs181889035	R002	6	98694006	unique_+	chr6	98246130
rs59070334	R002	6	97865591	unique_+	chr6	97417715
rs34756253	R001	3	50567007	unique_+	chr3	50529576
rs77074932	R002	6	98762138	unique_+	chr6	98314262
rs138014720	R001	3	50070843	unique_+	chr3	50033410
rs138736131	R001	3	49994442	unique_+	chr3	49957009
rs10470687	R001	3	48591363	unique_+	chr3	48553930
rs1462949	R003	4	103307146	unique_+	chr4	102385989
rs71323399	R001	3	48393144	unique_+	chr3	48351654
rs12208363	R002	6	99269040	unique_+	chr6	98821164
rs142578159	R002	6	99907746	unique_+	chr6	99459870
rs2903288	R003	4	102593169	unique_+	chr4	101672012
rs1462948	R003	4	103306947	unique_+	chr4	102385790
rs74621225	R002	6	97804399	unique_+	chr6	97356523
rs146958887	R001	3	50025158	unique_+	chr3	49987725
rs7657947	R003	4	103319681	unique_+	chr4	102398524
rs13125848	R003	4	103322953	unique_+	chr4	102401796
rs962399	R003	4	103308907	unique_+	chr4	102387750
rs75204487	R002	6	98476077	unique_+	chr6	98028201
rs79966226	R001	3	49559063	unique_+	chr3	49521630
rs139102136	R002	6	97856182	unique_+	chr6	97408306
rs146205564	R001	3	49072525	unique_+	chr3	49035092
rs6784166	R001	3	50579050	unique_+	chr3	50541619
rs12512457	R003	4	103290581	unique_+	chr4	102369424
rs9372956	R002	6	99280951	unique_+	chr6	98833075
rs9320676	R002	6	98182191	unique_+	chr6	97734315
rs116645331	R001	3	48141643	unique_+	chr3	48100153
rs7433168	R001	3	48528403	unique_+	chr3	48487150
rs62258667	R001	3	50837725	unique_+	chr3	50800294
rs1599685	R003	4	103305215	unique_+	chr4	102384058
rs2169596	R003	4	103344382	unique_+	chr4	102423225
rs993348	R002	6	99042937	unique_+	chr6	98595061
rs1481440	R002	6	99032723	unique_+	chr6	98584847
rs9864729	R001	3	48579736	unique_+	chr3	48542303
rs186459158	R002	6	98459708	unique_+	chr6	98011832
rs148513294	R002	6	98527957	unique_+	chr6	98080081
rs2903287	R003	4	102590476	unique_+	chr4	101669319
rs35198275	R001	3	50536092	unique_+	chr3	50498661
rs11931083	R003	4	103292490	unique_+	chr4	102371333
rs4312759	R003	4	103291575	unique_+	chr4	102370418
rs12194075	R002	6	97927427	unique_+	chr6	97479551
rs17058713	R002	6	99040065	unique_+	chr6	98592189
rs10856965	R003	4	103295376	unique_+	chr4	102374219
rs3113675	R003	4	102963778	unique_+	chr4	102042621
rs4596242	R003	4	103291541	unique_+	chr4	102370384
rs114719593	R001	3	49088359	unique_+	chr3	49050926
rs1381899	R003	4	103308207	unique_+	chr4	102387050
rs7441941	R003	4	103294225	unique_+	chr4	102373068
rs11931076	R003	4	103292435	unique_+	chr4	102371278
rs78528639	R001	3	48347522	unique_+	chr3	48306032
rs184241056	R001	3	50044699	unique_+	chr3	50007266
rs80094684	R001	3	50450304	unique_+	chr3	50412873
rs59855894	R002	6	99040525	unique_+	chr6	98592649
rs79071996	R002	6	99431537	unique_+	chr6	98983661
rs1462952	R003	4	103309755	unique_+	chr4	102388598
rs12513242	R003	4	103340510	unique_+	chr4	102419353
rs148120883	R001	3	49847679	unique_+	chr3	49810246
rs739431	R001	3	50255305	unique_+	chr3	50217873
rs12513366	R003	4	103340908	unique_+	chr4	102419751
rs146847340	R001	3	48465366	unique_+	chr3	48423957
rs117630704	R002	6	98871999	unique_+	chr6	98424123
rs147858311	R001	3	48806860	unique_+	chr3	48769427
rs141938556	R001	3	50145870	unique_+	chr3	50108437
rs6792525	R001	3	48590517	unique_+	chr3	48553084
rs187652687	R001	3	49282865	unique_+	chr3	49245432
rs6810692	R003	4	103303359	unique_+	chr4	102382202
rs4699019	R003	4	103303098	unique_+	chr4	102381941
rs11097781	R003	4	103337946	unique_+	chr4	102416789
rs111695135	R003	4	102393229	unique_+	chr4	101472072
rs1599684	R003	4	103290829	unique_+	chr4	102369672
rs1383807	R002	6	99032385	unique_+	chr6	98584509
rs17058279	R002	6	98652002	unique_+	chr6	98204126
rs2397338	R002	6	99940500	unique_+	chr6	99492624
rs34519883	R001	3	49575831	unique_+	chr3	49538398
rs13150351	R003	4	103336841	unique_+	chr4	102415684
rs116254545	R001	3	49508903	unique_+	chr3	49471470
rs13087050	R001	3	48392800	unique_+	chr3	48351310
rs183540074	R001	3	48659462	unique_+	chr3	48622029
rs35335661	R001	3	50535195	unique_+	chr3	50497764
rs1381897	R003	4	103324850	unique_+	chr4	102403693
rs72684823	R003	4	102592137	unique_+	chr4	101670980
rs62260817	R001	3	50485986	unique_+	chr3	50448555
rs147267420	R003	4	103301737	unique_+	chr4	102380580
rs13149930	R003	4	102624280	unique_+	chr4	101703123
rs6792156	R001	3	48654938	unique_+	chr3	48617505
rs7654834	R003	4	103361435	unique_+	chr4	102440278
rs7453049	R002	6	99042384	unique_+	chr6	98594508
rs62263038	R001	3	48393187	unique_+	chr3	48351697
rs55759820	R003	4	102593941	unique_+	chr4	101672784
rs116786562	R001	3	48086709	unique_+	chr3	48045219
rs150665862	R001	3	48539056	unique_+	chr3	48501623
rs12513230	R003	4	103340629	unique_+	chr4	102419472
rs35684775	R001	3	50527549	unique_+	chr3	50490118
rs73835511	R001	3	50532900	unique_+	chr3	50495469
rs2199540	R003	4	103294060	unique_+	chr4	102372903
rs35986136	R001	3	50535221	unique_+	chr3	50497790
rs35053615	R001	3	50534129	unique_+	chr3	50496698
rs2126625	R003	4	103291177	unique_+	chr4	102370020
rs7450490	R002	6	97878682	unique_+	chr6	97430806
rs146138946	R001	3	48800585	unique_+	chr3	48763152
rs183146511	R002	6	99766112	unique_+	chr6	99318236
rs111229888	R003	4	103166258	unique_+	chr4	102245101
rs6569513	R002	6	99035435	unique_+	chr6	98587559
rs11154752	R002	6	99663753	unique_+	chr6	99215877
rs6442128	R001	3	48530953	unique_+	chr3	48489701
rs7613931	R001	3	50534350	unique_+	chr3	50496919
rs145337139	R002	6	99581931	unique_+	chr6	99134055
rs9387633	R002	6	98180542	unique_+	chr6	97732666
rs148742320	R001	3	49341921	unique_+	chr3	49304488
rs62263037	R001	3	48393176	unique_+	chr3	48351686
rs9388950	R002	6	99468942	unique_+	chr6	99021066
rs1462950	R003	4	103309617	unique_+	chr4	102388460
rs12507566	R003	4	103290258	unique_+	chr4	102369101
rs150287649	R003	4	103505193	unique_+	chr4	102584036
rs138483413	R001	3	48291566	unique_+	chr3	48250076
rs146428585	R001	3	50073531	unique_+	chr3	50036098
rs141464166	R001	3	48806919	unique_+	chr3	48769486
rs9375692	R002	6	99272682	unique_+	chr6	98824806
rs11730944	R003	4	103329490	unique_+	chr4	102408333
rs7661593	R003	4	103304542	unique_+	chr4	102383385
rs180676210	R002	6	99254886	unique_+	chr6	98807010
rs140641362	R001	3	50557310	unique_+	chr3	50519879
rs6807916	R001	3	50532006	unique_+	chr3	50494575
rs6843751	R003	4	103308071	unique_+	chr4	102386914
rs13142002	R003	4	103286769	unique_+	chr4	102365612
rs11097782	R003	4	103337971	unique_+	chr4	102416814
rs79843117	R003	4	103442022	unique_+	chr4	102520865
rs147076626	R001	3	49163437	unique_+	chr3	49126004
rs5030975	R001	3	49924947	unique_+	chr3	49887514
rs3731553	R001	3	48206148	unique_+	chr3	48164658
rs761176	R002	6	99773437	unique_+	chr6	99325561
rs4699025	R003	4	103339144	unique_+	chr4	102417987
rs58432784	R001	3	50527218	unique_+	chr3	50489787
rs138054413	R002	6	99640660	unique_+	chr6	99192784
rs13219823	R002	6	99484121	unique_+	chr6	99036245
rs34071734	R001	3	49425004	unique_+	chr3	49387571
rs118156823	R002	6	99601506	unique_+	chr6	99153630
rs7668453	R003	4	102696881	unique_+	chr4	101775724
rs2169595	R003	4	103344422	unique_+	chr4	102423265
rs140273099	R002	6	97808578	unique_+	chr6	97360702
rs77889231	R002	6	97951931	unique_+	chr6	97504055
rs62424045	R002	6	99043753	unique_+	chr6	98595877
rs148125466	R001	3	49680130	unique_+	chr3	49642697
rs62420622	R002	6	98857828	unique_+	chr6	98409952
rs72936857	R002	6	98495694	unique_+	chr6	98047818
rs13122985	R003	4	103343816	unique_+	chr4	102422659
rs62424020	R002	6	99036791	unique_+	chr6	98588915
rs6913076	R002	6	99763266	unique_+	chr6	99315390
rs35829757	R001	3	50528212	unique_+	chr3	50490781
rs223369	R003	4	103761862	unique_+	chr4	102840705
rs6804828	R001	3	48393556	unique_+	chr3	48352066
rs138901672	R001	3	49297640	unique_+	chr3	49260207
rs13082269	R001	3	48392274	unique_+	chr3	48350784
rs148225349	R003	4	102883276	unique_+	chr4	101962119
rs12506451	R003	4	102642299	unique_+	chr4	101721142
rs111989234	R003	4	103858494	unique_+	chr4	102937337
rs293208	R003	4	102318545	unique_+	chr4	101397388
rs62261465	R001	3	48551897	unique_+	chr3	48514464
rs188872480	R002	6	98350733	unique_+	chr6	97902857
rs9373003	R002	6	99466373	unique_+	chr6	99018497
rs181166676	R002	6	99075354	unique_+	chr6	98627478
rs184304851	R001	3	48985565	unique_+	chr3	48948132
rs117473357	R002	6	99290363	unique_+	chr6	98842487
rs4840024	R002	6	99718498	unique_+	chr6	99270622
rs223501	R003	4	103643128	unique_+	chr4	102721971
rs9372526	R002	6	98199481	unique_+	chr6	97751605
rs72692237	R003	4	103221638	unique_+	chr4	102300481
rs11730958	R003	4	103329311	unique_+	chr4	102408154
rs36059704	R001	3	50535915	unique_+	chr3	50498484
rs13113284	R003	4	103338768	unique_+	chr4	102417611
rs4699028	R003	4	103343362	unique_+	chr4	102422205
rs6779517	R001	3	48384388	unique_+	chr3	48342898
rs78831030	R001	3	50968137	unique_+	chr3	50930706
rs17729979	R001	3	50150770	unique_+	chr3	50113337
rs35460860	R001	3	48392085	unique_+	chr3	48350595
rs147391408	R001	3	48664638	unique_+	chr3	48627205
rs13147260	R003	4	103335061	unique_+	chr4	102413904
rs58356214	R001	3	50866507	unique_+	chr3	50829076
rs187563523	R001	3	49559766	unique_+	chr3	49522333
rs73082910	R001	3	50368955	unique_+	chr3	50331524
rs6917201	R002	6	99469570	unique_+	chr6	99021694
rs4699024	R003	4	103327883	unique_+	chr4	102406726
rs149770158	R002	6	98185686	unique_+	chr6	97737810
rs56102978	R003	4	102594173	unique_+	chr4	101673016
rs724987	R002	6	99039803	unique_+	chr6	98591927
rs11728286	R003	4	103282130	unique_+	chr4	102360973
rs12486944	R001	3	48390016	unique_+	chr3	48348526
rs1381894	R003	4	103333139	unique_+	chr4	102411982
rs11707229	R001	3	48519639	unique_+	chr3	48478230
rs140750015	R001	3	50214303	unique_+	chr3	50176870
rs12494708	R001	3	50860736	unique_+	chr3	50823305
rs76574820	R002	6	98002458	unique_+	chr6	97554582
rs1381895	R003	4	103333010	unique_+	chr4	102411853
rs1883656	R002	6	99759886	unique_+	chr6	99312010
rs182337709	R002	6	99366857	unique_+	chr6	98918981
rs11730379	R003	4	103283378	unique_+	chr4	102362221
rs6783952	R001	3	48523105	unique_+	chr3	48481686
rs78816577	R002	6	98226049	unique_+	chr6	97778173
rs12495399	R001	3	50776882	unique_+	chr3	50739451
rs141116541	R003	4	102315567	unique_+	chr4	101394410
rs7683109	R003	4	103329088	unique_+	chr4	102407931
rs9992771	R003	4	103878488	unique_+	chr4	102957331
rs13107285	R003	4	103283598	unique_+	chr4	102362441
rs3789753	R003	4	102220884	unique_+	chr4	101299727
rs117195363	R002	6	99358252	unique_+	chr6	98910376
rs4688695	R001	3	50827848	unique_+	chr3	50790417
rs73072368	R001	3	48249691	unique_+	chr3	48208201
rs6934106	R002	6	99758080	unique_+	chr6	99310204
rs79901104	R002	6	98457976	unique_+	chr6	98010100
rs62257807	R001	3	50929873	unique_+	chr3	50892442
rs1555231	R002	6	99467587	unique_+	chr6	99019711
rs62257803	R001	3	50910004	unique_+	chr3	50872573
rs12494776	R001	3	50848066	unique_+	chr3	50810635
rs979224	R002	6	99046165	unique_+	chr6	98598289
rs6917190	R002	6	99469344	unique_+	chr6	99021468
rs12496601	R001	3	50820117	unique_+	chr3	50782686
rs1555232	R002	6	99467611	unique_+	chr6	99019735
rs151374	R003	4	103123440	unique_+	chr4	102202283
rs115061664	R001	3	49358975	unique_+	chr3	49321542
rs143616524	R002	6	99054847	unique_+	chr6	98606971
rs28611191	R003	4	103715355	unique_+	chr4	102794198
rs141379923	R002	6	98729717	unique_+	chr6	98281841
rs9491837	R002	6	99033705	unique_+	chr6	98585829
rs6929790	R002	6	99045749	unique_+	chr6	98597873
rs9399110	R002	6	99724096	unique_+	chr6	99276220
rs17250606	R003	4	102587222	unique_+	chr4	101666065
rs4648110	R003	4	103533821	unique_+	chr4	102612664
rs78749233	R002	6	99706937	unique_+	chr6	99259061
rs140590826	R002	6	99077285	unique_+	chr6	98629409
rs144714180	R001	3	48449943	unique_+	chr3	48408536
rs115718965	R001	3	50363256	unique_+	chr3	50325825
rs182042992	R002	6	97755807	unique_+	chr6	97307931
rs186560205	R002	6	99492226	unique_+	chr6	99044350
rs148569687	R001	3	48959145	unique_+	chr3	48921712
rs75695930	R002	6	98723485	unique_+	chr6	98275609
rs187505488	R001	3	48748298	unique_+	chr3	48710865
rs13138587	R003	4	102518496	unique_+	chr4	101597339
rs75910794	R001	3	50573921	unique_+	chr3	50536490
rs151373	R003	4	103124254	unique_+	chr4	102203097
rs34604833	R002	6	98461034	unique_+	chr6	98013158
rs11961623	R002	6	98537742	unique_+	chr6	98089866
rs13123939	R003	4	102641727	unique_+	chr4	101720570
rs13211477	R002	6	98491129	unique_+	chr6	98043253
rs12486935	R001	3	48390164	unique_+	chr3	48348674
rs10433986	R003	4	102640341	unique_+	chr4	101719184
rs151419	R003	4	103134766	unique_+	chr4	102213609
rs116616880	R001	3	50839887	unique_+	chr3	50802456
rs11130165	R001	3	48384721	unique_+	chr3	48343231
rs139727667	R001	3	48920519	unique_+	chr3	48883086
rs17059176	R002	6	99567864	unique_+	chr6	99119988
rs2866429	R003	4	102626578	unique_+	chr4	101705421
rs1462951	R003	4	103309701	unique_+	chr4	102388544
rs62424019	R002	6	99031334	unique_+	chr6	98583458
rs62263035	R001	3	48391569	unique_+	chr3	48350079
rs151305	R003	4	103133389	unique_+	chr4	102212232
rs11757409	R002	6	99552675	unique_+	chr6	99104799
rs56081191	R002	6	98557732	unique_+	chr6	98109856
rs34199888	R002	6	98421042	unique_+	chr6	97973166
rs12185901	R001	3	48382919	unique_+	chr3	48341429
rs147261858	R002	6	99493181	unique_+	chr6	99045305
rs145692731	R001	3	50804141	unique_+	chr3	50766710
rs4688696	R001	3	50818396	unique_+	chr3	50780965
rs62260850	R001	3	48101802	unique_+	chr3	48060312
rs12499248	R003	4	103277284	unique_+	chr4	102356127
rs2017859	R001	3	48382261	unique_+	chr3	48340771
rs4607438	R002	6	98441782	unique_+	chr6	97993906
rs150194639	R001	3	50956793	unique_+	chr3	50919362
rs78407378	R001	3	49546864	unique_+	chr3	49509431
rs11726077	R003	4	102702604	unique_+	chr4	101781447
rs142150840	R002	6	98534872	unique_+	chr6	98086996
rs41291728	R001	3	50310922	unique_+	chr3	50273491
rs62323922	R003	4	102698447	unique_+	chr4	101777290
rs12487821	R001	3	50842478	unique_+	chr3	50805047
rs12196814	R002	6	99909915	unique_+	chr6	99462039
rs146998023	R001	3	49949537	unique_+	chr3	49912104
rs35783527	R002	6	98380290	unique_+	chr6	97932414
rs139730180	R003	4	102215473	unique_+	chr4	101294316
rs114745265	R001	3	49763253	unique_+	chr3	49725820
rs170872	R003	4	103135158	unique_+	chr4	102214001
rs151418	R003	4	103135250	unique_+	chr4	102214093
rs13212473	R002	6	98455754	unique_+	chr6	98007878
rs62323870	R003	4	102592672	unique_+	chr4	101671515
rs60602904	R001	3	50854271	unique_+	chr3	50816840
rs4699026	R003	4	103339675	unique_+	chr4	102418518
rs60552386	R001	3	50783365	unique_+	chr3	50745934
rs11967581	R002	6	98390994	unique_+	chr6	97943118
rs77640010	R002	6	98793980	unique_+	chr6	98346104
rs28392891	R003	4	103134678	unique_+	chr4	102213521
rs151420	R003	4	103134685	unique_+	chr4	102213528
rs62420656	R002	6	98891541	unique_+	chr6	98443665
rs113295653	R003	4	103883608	unique_+	chr4	102962451
rs76806268	R001	3	48594926	unique_+	chr3	48557493
rs62260810	R001	3	50427616	unique_+	chr3	50390185
rs7774063	R002	6	98392028	unique_+	chr6	97944152
rs7742142	R002	6	100031898	unique_+	chr6	99584022
rs12153821	R002	6	99563874	unique_+	chr6	99115998
rs4602725	R002	6	99565315	unique_+	chr6	99117439
rs7738123	R002	6	100031990	unique_+	chr6	99584114
rs56844171	R001	3	50866200	unique_+	chr3	50828769
rs62420657	R002	6	98891605	unique_+	chr6	98443729
rs1323717	R002	6	99962734	unique_+	chr6	99514858
rs72684842	R003	4	102606143	unique_+	chr4	101684986
rs13069884	R001	3	48381148	unique_+	chr3	48339658
rs62261251	R001	3	49637049	unique_+	chr3	49599616
rs11706939	R001	3	48383992	unique_+	chr3	48342502
rs114338085	R001	3	49401053	unique_+	chr3	49363620
rs2355707	R001	3	50937957	unique_+	chr3	50900526
rs76189449	R002	6	98482523	unique_+	chr6	98034647
rs116781994	R001	3	49831058	unique_+	chr3	49793625
rs13082217	R001	3	48383264	unique_+	chr3	48341774
rs71562348	R002	6	98386756	unique_+	chr6	97938880
rs72937251	R001	3	50930962	unique_+	chr3	50893531
rs73074869	R001	3	49636901	unique_+	chr3	49599468
rs12492367	R001	3	50840373	unique_+	chr3	50802942
rs17593974	R001	3	48387334	unique_+	chr3	48345844
rs146637200	R001	3	49748002	unique_+	chr3	49710569
rs12215489	R002	6	99561979	unique_+	chr6	99114103
rs7744196	R002	6	99555976	unique_+	chr6	99108100
rs12486154	R001	3	50801841	unique_+	chr3	50764410
rs71562347	R002	6	98386651	unique_+	chr6	97938775
rs34566840	R002	6	98414863	unique_+	chr6	97966987
rs72937253	R001	3	50927802	unique_+	chr3	50890371
rs34498499	R002	6	98540271	unique_+	chr6	98092395
rs72942530	R001	3	50813534	unique_+	chr3	50776103
rs149660549	R002	6	98029907	unique_+	chr6	97582031
rs28611147	R003	4	103865217	unique_+	chr4	102944060
rs12498074	R001	3	48388253	unique_+	chr3	48346763
rs140290144	R001	3	49039984	unique_+	chr3	49002551
rs10457592	R002	6	99551970	unique_+	chr6	99104094
rs183977518	R001	3	49378793	unique_+	chr3	49341360
rs189191355	R001	3	49509976	unique_+	chr3	49472543
rs138654854	R001	3	49189010	unique_+	chr3	49151577
rs185471936	R001	3	48558101	unique_+	chr3	48520668
rs184252462	R003	4	103118964	unique_+	chr4	102197807
rs75518901	R003	4	102208389	unique_+	chr4	101287232
rs72684896	R003	4	102701288	unique_+	chr4	101780131
rs2017858	R001	3	48382282	unique_+	chr3	48340792
rs62262514	R001	3	49125477	unique_+	chr3	49088044
rs10456996	R002	6	99546363	unique_+	chr6	99098487
rs62421936	R002	6	98304670	unique_+	chr6	97856794
rs76100153	R001	3	49740450	unique_+	chr3	49703017
rs12501586	R003	4	102642012	unique_+	chr4	101720855
rs141674903	R001	3	49579959	unique_+	chr3	49542526
rs36046126	R001	3	50540425	unique_+	chr3	50502994
rs11154701	R002	6	99559563	unique_+	chr6	99111687
rs5005876	R002	6	98491722	unique_+	chr6	98043846
rs12510124	R003	4	103337685	unique_+	chr4	102416528
rs117541436	R002	6	99275151	unique_+	chr6	98827275
rs12505568	R003	4	103340702	unique_+	chr4	102419545
rs62260855	R001	3	48132202	unique_+	chr3	48090712
rs140958184	R001	3	50901934	unique_+	chr3	50864503
rs142463765	R002	6	99242447	unique_+	chr6	98794571
rs78213522	R002	6	98344339	unique_+	chr6	97896463
rs34762184	R001	3	50541769	unique_+	chr3	50504338
rs57521024	R002	6	98498014	unique_+	chr6	98050138
rs116869685	R002	6	97816312	unique_+	chr6	97368436
rs114034010	R003	4	103857063	unique_+	chr4	102935906
rs35908181	R001	3	50541915	unique_+	chr3	50504484
rs3774997	R003	4	103746753	unique_+	chr4	102825596
rs62421934	R002	6	98300414	unique_+	chr6	97852538
rs1471217	R001	3	48384895	unique_+	chr3	48343405
rs34675186	R001	3	49765557	unique_+	chr3	49728124
rs34704833	R001	3	50539595	unique_+	chr3	50502164
rs79295073	R001	3	50834061	unique_+	chr3	50796630
rs62422397	R002	6	99558698	unique_+	chr6	99110822
rs13104988	R003	4	103337394	unique_+	chr4	102416237
rs117834527	R002	6	98518180	unique_+	chr6	98070304
rs58153001	R003	4	103863176	unique_+	chr4	102942019
rs28462287	R003	4	103736988	unique_+	chr4	102815831
rs28473453	R003	4	103724265	unique_+	chr4	102803108
rs34173171	R002	6	98513904	unique_+	chr6	98066028
rs150734700	R002	6	98424803	unique_+	chr6	97976927
rs113434111	R002	6	98420599	unique_+	chr6	97972723
rs67838007	R003	4	102606385	unique_+	chr4	101685228
rs78573682	R003	4	103423667	unique_+	chr4	102502510
rs9878950	R001	3	48608506	unique_+	chr3	48571073
rs11130166	R001	3	48388056	unique_+	chr3	48346566
rs141447993	R001	3	50936687	unique_+	chr3	50899256
rs73835516	R001	3	50539185	unique_+	chr3	50501754
rs12488948	R001	3	50969965	unique_+	chr3	50932534
rs17058113	R002	6	98388121	unique_+	chr6	97940245
rs149597291	R002	6	98527934	unique_+	chr6	98080058
rs13094496	R001	3	48387050	unique_+	chr3	48345560
rs34008503	R001	3	48382538	unique_+	chr3	48341048
rs35035552	R002	6	98501139	unique_+	chr6	98053263
rs28438577	R002	6	99561306	unique_+	chr6	99113430
rs34860383	R001	3	50539527	unique_+	chr3	50502096
rs146245122	R001	3	50886802	unique_+	chr3	50849371
rs137883912	R001	3	50937196	unique_+	chr3	50899765
rs150979059	R001	3	48374791	unique_+	chr3	48333301
rs111501786	R003	4	103150196	unique_+	chr4	102229039
rs77495508	R001	3	50457737	unique_+	chr3	50420306
rs57361338	R001	3	50538995	unique_+	chr3	50501564
rs12193689	R002	6	99569269	unique_+	chr6	99121393
rs34945278	R002	6	98392262	unique_+	chr6	97944386
rs75528980	R002	6	99669839	unique_+	chr6	99221963
rs10019247	R003	4	103343210	unique_+	chr4	102422053
rs78478854	R003	4	103732287	unique_+	chr4	102811130
rs144236907	R001	3	50869101	unique_+	chr3	50831670
rs62263011	R001	3	50658211	unique_+	chr3	50620780
rs79044692	R002	6	98393529	unique_+	chr6	97945653
rs74735576	R001	3	48357600	unique_+	chr3	48316110
rs62420613	R002	6	97763857	unique_+	chr6	97315981
rs11715496	R001	3	48633245	unique_+	chr3	48595812
rs72914681	R002	6	99707736	unique_+	chr6	99259860
rs78045907	R003	4	102348872	unique_+	chr4	101427715
rs146948889	R001	3	48477252	unique_+	chr3	48435842
rs77985169	R003	4	103577992	unique_+	chr4	102656835
rs34855170	R002	6	98388247	unique_+	chr6	97940371
rs139162921	R001	3	49040282	unique_+	chr3	49002849
rs187222187	R001	3	48151185	unique_+	chr3	48109695
rs145320616	R001	3	48923012	unique_+	chr3	48885579
rs191370724	R001	3	50418691	unique_+	chr3	50381260
rs117767668	R002	6	98913382	unique_+	chr6	98465506
rs183136832	R001	3	48904978	unique_+	chr3	48867545
rs188621076	R002	6	98654421	unique_+	chr6	98206545
rs140019398	R001	3	49757512	unique_+	chr3	49720079
rs138458970	R001	3	49692704	unique_+	chr3	49655271
rs185640199	R001	3	50175248	unique_+	chr3	50137815
rs149006242	R002	6	98357629	unique_+	chr6	97909753
rs61451841	R002	6	97947247	unique_+	chr6	97499371
rs72627728	R002	6	97873897	unique_+	chr6	97426021
rs183920803	R002	6	99294259	unique_+	chr6	98846383
rs13205483	R002	6	98405391	unique_+	chr6	97957515
rs71562352	R002	6	98471068	unique_+	chr6	98023192
rs2091973	R003	4	103379765	unique_+	chr4	102458608
rs62261464	R001	3	48550196	unique_+	chr3	48512763
rs61423002	R001	3	50537048	unique_+	chr3	50499617
rs62422088	R002	6	97922805	unique_+	chr6	97474929
rs17595410	R001	3	49318265	unique_+	chr3	49280832
rs72684815	R003	4	102576679	unique_+	chr4	101655522
rs150425171	R001	3	50959214	unique_+	chr3	50921783
rs57552919	R002	6	98496313	unique_+	chr6	98048437
rs1997937	R002	6	99487230	unique_+	chr6	99039354
rs71562349	R002	6	98387269	unique_+	chr6	97939393
rs17250305	R003	4	102570753	unique_+	chr4	101649596
rs4586936	R003	4	102785436	unique_+	chr4	101864279
rs36063897	R002	6	98517837	unique_+	chr6	98069961
rs77082222	R001	3	48855915	unique_+	chr3	48818482
rs11963407	R002	6	98384237	unique_+	chr6	97936361
rs10008684	R003	4	103343134	unique_+	chr4	102421977
rs73835517	R001	3	50539263	unique_+	chr3	50501832
rs12202410	R002	6	99570192	unique_+	chr6	99122316
rs74949973	R002	6	99194277	unique_+	chr6	98746401
rs34759078	R002	6	98401616	unique_+	chr6	97953740
rs9881877	R001	3	48613396	unique_+	chr3	48575963
rs12200817	R002	6	99548422	unique_+	chr6	99100546
rs71562357	R002	6	98516625	unique_+	chr6	98068749
rs9483412	R002	6	99494602	unique_+	chr6	99046726
rs139538126	R002	6	99299155	unique_+	chr6	98851279
rs9373091	R002	6	99706592	unique_+	chr6	99258716
rs191413135	R001	3	49745681	unique_+	chr3	49708248
rs9375844	R002	6	99463771	unique_+	chr6	99015895
rs182848561	R001	3	49834716	unique_+	chr3	49797283
rs9402366	R002	6	99464003	unique_+	chr6	99016127
rs9388942	R002	6	99463906	unique_+	chr6	99016030
rs28456194	R002	6	99247735	unique_+	chr6	98799859
rs142982401	R001	3	50127706	unique_+	chr3	50090273
rs149087483	R001	3	49321124	unique_+	chr3	49283691
rs41305991	R001	3	50289318	unique_+	chr3	50251886
rs144889836	R003	4	102541192	unique_+	chr4	101620035
rs146684724	R003	4	102540860	unique_+	chr4	101619703
rs149016624	R003	4	102541208	unique_+	chr4	101620051
rs143807941	R003	4	102541246	unique_+	chr4	101620089
rs139180731	R001	3	50564958	unique_+	chr3	50527527
rs188259071	R001	3	49130501	unique_+	chr3	49093068
rs189976326	R001	3	49093057	unique_+	chr3	49055624
rs145199481	R002	6	98844207	unique_+	chr6	98396331
rs9375842	R002	6	99463685	unique_+	chr6	99015809
rs75760739	R001	3	48851870	unique_+	chr3	48814437
rs151142489	R001	3	49154238	unique_+	chr3	49116805
rs145132454	R001	3	49125731	unique_+	chr3	49088298
rs182228347	R001	3	49559765	unique_+	chr3	49522332
rs148692582	R001	3	48594761	unique_+	chr3	48557328
rs147313775	R003	4	103586775	unique_+	chr4	102665618
rs143856593	R002	6	98509059	unique_+	chr6	98061183
rs182619100	R001	3	48515969	unique_+	chr3	48474560
rs62260813	R001	3	50448666	unique_+	chr3	50411235
rs79316393	R001	3	50429922	unique_+	chr3	50392491
rs115999105	R002	6	100029816	unique_+	chr6	99581940
rs9493282	R002	6	99504377	unique_+	chr6	99056501
rs80031977	R001	3	49599902	unique_+	chr3	49562469
rs62420629	R002	6	98880543	unique_+	chr6	98432667
rs2747751	R002	6	99489023	unique_+	chr6	99041147
rs147934857	R001	3	48480937	unique_+	chr3	48439527
rs62434578	R002	6	100030020	unique_+	chr6	99582144
rs34835832	R003	4	103280897	unique_+	chr4	102359740
rs116503914	R001	3	49475327	unique_+	chr3	49437894
rs1003649	R001	3	48618666	unique_+	chr3	48581233
rs137865305	R001	3	49475846	unique_+	chr3	49438413
rs61018691	R001	3	50538600	unique_+	chr3	50501169
rs10033243	R003	4	103741940	unique_+	chr4	102820783
rs117909491	R002	6	98432794	unique_+	chr6	97984918
rs62422285	R002	6	99104464	unique_+	chr6	98656588
rs79866315	R003	4	103539993	unique_+	chr4	102618836
rs75372300	R003	4	103695645	unique_+	chr4	102774488
rs62260125	R001	3	50726194	unique_+	chr3	50688763
rs11751475	R002	6	99462982	unique_+	chr6	99015106
rs10031684	R003	4	103688439	unique_+	chr4	102767282
rs2747752	R002	6	99489185	unique_+	chr6	99041309
rs9375841	R002	6	99463683	unique_+	chr6	99015807
rs34883511	R002	6	98409078	unique_+	chr6	97961202
rs189979563	R002	6	98775781	unique_+	chr6	98327905
rs80322712	R003	4	103327679	unique_+	chr4	102406522
rs117539899	R002	6	98396508	unique_+	chr6	97948632
rs148078077	R001	3	49443637	unique_+	chr3	49406204
rs148494336	R003	4	102539956	unique_+	chr4	101618799
rs138136335	R003	4	102541847	unique_+	chr4	101620690
rs117796039	R003	4	102540464	unique_+	chr4	101619307
rs117435649	R003	4	102540809	unique_+	chr4	101619652
rs139093905	R003	4	102541691	unique_+	chr4	101620534
rs139127815	R001	3	50071911	unique_+	chr3	50034478
rs76844392	R002	6	98704632	unique_+	chr6	98256756
rs150781321	R002	6	98739520	unique_+	chr6	98291644
rs118035143	R002	6	99455519	unique_+	chr6	99007643
rs17196313	R003	4	103738973	unique_+	chr4	102817816
rs59815116	R003	4	102612840	unique_+	chr4	101691683
rs114035345	R001	3	48500072	unique_+	chr3	48458673
rs9998865	R003	4	102717146	unique_+	chr4	101795989
rs57698433	R003	4	102693793	unique_+	chr4	101772636
rs72932303	R002	6	99090309	unique_+	chr6	98642433
rs113179669	R003	4	103462055	unique_+	chr4	102540898
rs9321339	R002	6	99508384	unique_+	chr6	99060508
rs2293995	R003	4	103561106	unique_+	chr4	102639949
rs75218974	R001	3	48925045	unique_+	chr3	48887612
rs13202059	R002	6	98544610	unique_+	chr6	98096734
rs114953223	R001	3	49280206	unique_+	chr3	49242773
rs142991920	R003	4	103406838	unique_+	chr4	102485681
rs116413271	R001	3	50128441	unique_+	chr3	50091008
rs62328535	R003	4	103389514	unique_+	chr4	102468357
rs13209672	R002	6	98406254	unique_+	chr6	97958378
rs17464	R001	3	48200169	unique_+	chr3	48158679
rs62422286	R002	6	99104642	unique_+	chr6	98656766
rs13132235	R003	4	103332490	unique_+	chr4	102411333
rs10005010	R003	4	103734219	unique_+	chr4	102813062
rs77031559	R001	3	50902213	unique_+	chr3	50864782
rs3974636	R003	4	103701536	unique_+	chr4	102780379
rs62323869	R003	4	102589541	unique_+	chr4	101668384
rs10034220	R003	4	103702145	unique_+	chr4	102780988
rs9385565	R002	6	99357830	unique_+	chr6	98909954
rs4839740	R002	6	99670624	unique_+	chr6	99222748
rs189654387	R003	4	102352871	unique_+	chr4	101431714
rs180701333	R002	6	99344488	unique_+	chr6	98896612
rs12506013	R003	4	102542268	unique_+	chr4	101621111
rs144838025	R001	3	50928180	unique_+	chr3	50890749
rs146571775	R003	4	102541535	unique_+	chr4	101620378
rs143284446	R002	6	99482598	unique_+	chr6	99034722
rs148233066	R001	3	48556514	unique_+	chr3	48519081
rs150570265	R003	4	103059545	unique_+	chr4	102138388
rs183410603	R002	6	98481645	unique_+	chr6	98033769
rs116486750	R001	3	49588990	unique_+	chr3	49551557
rs11730344	R003	4	103323995	unique_+	chr4	102402838
rs4334756	R003	4	103857931	unique_+	chr4	102936774
rs139060543	R002	6	99145999	unique_+	chr6	98698123
rs55899902	R002	6	99103537	unique_+	chr6	98655661
rs144238215	R001	3	50942001	unique_+	chr3	50904570
rs7695738	R003	4	102701232	unique_+	chr4	101780075
rs2023532	R003	4	103747541	unique_+	chr4	102826384
rs117312312	R002	6	99259222	unique_+	chr6	98811346
rs34716437	R002	6	98577778	unique_+	chr6	98129902
rs138815861	R003	4	103318223	unique_+	chr4	102397066
rs56332533	R002	6	99103275	unique_+	chr6	98655399
rs140184249	R001	3	50934600	unique_+	chr3	50897169
rs55642522	R002	6	99103158	unique_+	chr6	98655282
rs1481453	R002	6	99098420	unique_+	chr6	98650544
rs142613277	R001	3	50065383	unique_+	chr3	50027950
rs62420579	R002	6	98750290	unique_+	chr6	98302414
rs142344547	R001	3	49956036	unique_+	chr3	49918603
rs28419386	R003	4	103766349	unique_+	chr4	102845192
rs10020074	R003	4	103804194	unique_+	chr4	102883037
rs12214333	R002	6	97742350	unique_+	chr6	97294474
rs17814372	R002	6	98578368	unique_+	chr6	98130492
rs13132722	R003	4	103332834	unique_+	chr4	102411677
rs4648004	R003	4	103461107	unique_+	chr4	102539950
rs71562365	R002	6	98589989	unique_+	chr6	98142113
rs116857405	R002	6	99224588	unique_+	chr6	98776712
rs35680095	R003	4	103486698	unique_+	chr4	102565541
rs78395062	R001	3	50546842	unique_+	chr3	50509411
rs6786055	R001	3	48751820	unique_+	chr3	48714387
rs13204685	R002	6	98587655	unique_+	chr6	98139779
rs28710123	R003	4	103771811	unique_+	chr4	102850654
rs78827771	R002	6	98250273	unique_+	chr6	97802397
rs115235457	R001	3	48645842	unique_+	chr3	48608409
rs139678287	R001	3	48567004	unique_+	chr3	48529571
rs190690719	R003	4	103363177	unique_+	chr4	102442020
rs115960069	R001	3	50295339	unique_+	chr3	50257907
rs6831711	R003	4	103714500	unique_+	chr4	102793343
rs145932323	R001	3	49881339	unique_+	chr3	49843906
rs12502896	R003	4	102542673	unique_+	chr4	101621516
rs12501991	R003	4	102542213	unique_+	chr4	101621056
rs137976800	R002	6	97977273	unique_+	chr6	97529397
rs185827071	R001	3	48124454	unique_+	chr3	48082964
rs184226880	R002	6	97971122	unique_+	chr6	97523246
rs145260513	R001	3	50875635	unique_+	chr3	50838204
rs115324393	R001	3	49670351	unique_+	chr3	49632918
rs144329768	R002	6	98477492	unique_+	chr6	98029616
rs74411561	R002	6	98991294	unique_+	chr6	98543418
rs138059539	R002	6	98547198	unique_+	chr6	98099322
rs189012487	R001	3	50908993	unique_+	chr3	50871562
rs17769046	R002	6	99097988	unique_+	chr6	98650112
rs150350500	R001	3	49625933	unique_+	chr3	49588500
rs10440386	R003	4	102720758	unique_+	chr4	101799601
rs3974635	R003	4	103690988	unique_+	chr4	102769831
rs143645633	R001	3	48987208	unique_+	chr3	48949775
rs28454488	R003	4	103138667	unique_+	chr4	102217510
rs12191555	R002	6	99537716	unique_+	chr6	99089840
rs34899549	R002	6	98595060	unique_+	chr6	98147184
rs147338936	R002	6	98931988	unique_+	chr6	98484112
rs55693359	R002	6	99030833	unique_+	chr6	98582957
rs148342516	R002	6	99251722	unique_+	chr6	98803846
rs17195906	R003	4	103731282	unique_+	chr4	102810125
rs1481456	R002	6	99101906	unique_+	chr6	98654030
rs149502526	R001	3	48306040	unique_+	chr3	48264550
rs11706153	R001	3	48694981	unique_+	chr3	48657548
rs13202681	R002	6	98591890	unique_+	chr6	98144014
rs145905368	R002	6	98354317	unique_+	chr6	97906441
rs138228527	R001	3	50046080	unique_+	chr3	50008647
rs146737237	R002	6	99937294	unique_+	chr6	99489418
rs11915036	R001	3	50836911	unique_+	chr3	50799480
rs4443516	R002	6	99105037	unique_+	chr6	98657161
rs11097778	R003	4	103327797	unique_+	chr4	102406640
rs151378	R003	4	103121043	unique_+	chr4	102199886
rs139145737	R001	3	50420281	unique_+	chr3	50382850
rs11097780	R003	4	103335544	unique_+	chr4	102414387
rs67425923	R001	3	50569152	unique_+	chr3	50531721
rs13114804	R003	4	103335494	unique_+	chr4	102414337
rs137950269	R001	3	48990051	unique_+	chr3	48952618
rs13192990	R002	6	98602106	unique_+	chr6	98154230
rs192724708	R003	4	103007650	unique_+	chr4	102086493
rs189884698	R003	4	103184653	unique_+	chr4	102263496
rs117577980	R002	6	98155019	unique_+	chr6	97707143
rs185173249	R001	3	48953661	unique_+	chr3	48916228
rs141512051	R001	3	48633502	unique_+	chr3	48596069
rs78966950	R003	4	103179429	unique_+	chr4	102258272
rs183733892	R001	3	49489595	unique_+	chr3	49452162
rs189701834	R002	6	98385510	unique_+	chr6	97937634
rs184066187	R001	3	48412391	unique_+	chr3	48370901
rs148465175	R001	3	50100839	unique_+	chr3	50063406
rs186143569	R001	3	49892838	unique_+	chr3	49855405
rs147382174	R001	3	49858796	unique_+	chr3	49821363
rs142549005	R002	6	97837848	unique_+	chr6	97389972
rs186139031	R001	3	50118065	unique_+	chr3	50080632
rs187974052	R001	3	48620392	unique_+	chr3	48582959
rs150306838	R002	6	97838761	unique_+	chr6	97390885
rs141688342	R001	3	49172999	unique_+	chr3	49135566
rs146109831	R001	3	49575107	unique_+	chr3	49537674
rs186158947	R003	4	103084323	unique_+	chr4	102163166
rs35343040	R001	3	48641971	unique_+	chr3	48604538
rs74886544	R003	4	102366059	unique_+	chr4	101444902
rs143257166	R003	4	103072519	unique_+	chr4	102151362
rs17768999	R002	6	99095870	unique_+	chr6	98647994
rs80228787	R002	6	98569281	unique_+	chr6	98121405
rs1481452	R002	6	99096458	unique_+	chr6	98648582
rs9483633	R002	6	99668620	unique_+	chr6	99220744
rs71562364	R002	6	98576808	unique_+	chr6	98128932
rs28721993	R003	4	102693963	unique_+	chr4	101772806
rs6833249	R003	4	102726073	unique_+	chr4	101804916
rs187374815	R003	4	103403991	unique_+	chr4	102482834
rs17814204	R002	6	98575356	unique_+	chr6	98127480
rs13134240	R003	4	103326112	unique_+	chr4	102404955
rs7738785	R002	6	99095148	unique_+	chr6	98647272
rs6533017	R003	4	103381102	unique_+	chr4	102459945
rs12500141	R003	4	103335561	unique_+	chr4	102414404
rs12721536	R001	3	50289635	unique_+	chr3	50252203
rs112623404	R003	4	103726725	unique_+	chr4	102805568
rs2132683	R002	6	99672014	unique_+	chr6	99224138
rs4313000	R002	6	99103683	unique_+	chr6	98655807
rs190848966	R001	3	49965345	unique_+	chr3	49927912
rs4557261	R003	4	103267798	unique_+	chr4	102346641
rs13140586	R003	4	103325015	unique_+	chr4	102403858
rs79895922	R002	6	99674740	unique_+	chr6	99226864
rs181463541	R001	3	48639726	unique_+	chr3	48602293
rs55808443	R002	6	99202405	unique_+	chr6	98754529
rs10025625	R003	4	103802242	unique_+	chr4	102881085
rs6940049	R002	6	99551169	unique_+	chr6	99103293
rs34927743	R002	6	98599540	unique_+	chr6	98151664
rs183243004	R001	3	48528787	unique_+	chr3	48487534
rs142873994	R001	3	48832521	unique_+	chr3	48795088
rs74520662	R002	6	99736132	unique_+	chr6	99288256
rs140844720	R001	3	50007313	unique_+	chr3	49969880
rs141786906	R001	3	50017290	unique_+	chr3	49979857
rs79877293	R002	6	99266977	unique_+	chr6	98819101
rs77332324	R003	4	103569020	unique_+	chr4	102647863
rs182552329	R001	3	48951365	unique_+	chr3	48913932
rs139942659	R003	4	103040241	unique_+	chr4	102119084
rs77594033	R003	4	103739822	unique_+	chr4	102818665
rs191547276	R002	6	98366157	unique_+	chr6	97918281
rs60034796	R001	3	50177372	unique_+	chr3	50139939
rs75303802	R001	3	50515194	unique_+	chr3	50477763
rs138898522	R002	6	98814905	unique_+	chr6	98367029
rs13091944	R001	3	48574739	unique_+	chr3	48537306
rs7700116	R003	4	102701345	unique_+	chr4	101780188
rs114260039	R001	3	49299504	unique_+	chr3	49262071
rs150003797	R003	4	102584893	unique_+	chr4	101663736
rs1031035	R003	4	102223084	unique_+	chr4	101301927
rs2054393	R003	4	103268999	unique_+	chr4	102347842
rs62422322	R002	6	99162131	unique_+	chr6	98714255
rs17757989	R002	6	98580446	unique_+	chr6	98132570
rs1462943	R003	4	103265343	unique_+	chr4	102344186
rs1598861	R003	4	103486697	unique_+	chr4	102565540
rs13202791	R002	6	98571559	unique_+	chr6	98123683
rs140531469	R002	6	99625763	unique_+	chr6	99177887
rs7745011	R002	6	99550277	unique_+	chr6	99102401
rs71562362	R002	6	98569611	unique_+	chr6	98121735
rs148996405	R001	3	50798274	unique_+	chr3	50760843
rs1481455	R002	6	99101672	unique_+	chr6	98653796
rs138926273	R002	6	98621074	unique_+	chr6	98173198
rs6569850	R002	6	99551277	unique_+	chr6	99103401
rs114614648	R003	4	102810526	unique_+	chr4	101889369
rs142207347	R001	3	50947838	unique_+	chr3	50910407
rs9490810	R002	6	98630465	unique_+	chr6	98182589
rs1481454	R002	6	99098503	unique_+	chr6	98650627
rs12215527	R002	6	99663277	unique_+	chr6	99215401
rs147472678	R001	3	49432289	unique_+	chr3	49394856
rs115459806	R001	3	48695084	unique_+	chr3	48657651
rs146246022	R001	3	50115976	unique_+	chr3	50078543
rs192968718	R001	3	48423886	unique_+	chr3	48382396
rs114270573	R003	4	103163629	unique_+	chr4	102242472
rs185758742	R001	3	49556169	unique_+	chr3	49518736
rs143929703	R003	4	102539209	unique_+	chr4	101618052
rs184727110	R002	6	99929469	unique_+	chr6	99481593
rs186799048	R002	6	98592505	unique_+	chr6	98144629
rs62422281	R002	6	99097136	unique_+	chr6	98649260
rs73082903	R001	3	50272712	unique_+	chr3	50235280
rs78492053	R003	4	103500379	unique_+	chr4	102579222
rs74819220	R003	4	103593829	unique_+	chr4	102672672
rs139068998	R001	3	49668020	unique_+	chr3	49630587
rs71562363	R002	6	98570301	unique_+	chr6	98122425
rs80036485	R002	6	97759950	unique_+	chr6	97312074
rs17058768	R002	6	99095770	unique_+	chr6	98647894
rs6856330	R003	4	102628941	unique_+	chr4	101707784
rs4141060	R001	3	50300117	unique_+	chr3	50262685
rs3774934	R003	4	103427476	unique_+	chr4	102506319
rs74458418	R003	4	103391786	unique_+	chr4	102470629
rs17058263	R002	6	98638360	unique_+	chr6	98190484
rs10856967	R003	4	103327536	unique_+	chr4	102406379
rs144469272	R002	6	100018664	unique_+	chr6	99570788
rs183270404	R001	3	50211084	unique_+	chr3	50173651
rs59974855	R003	4	102690442	unique_+	chr4	101769285
rs2062036	R002	6	99100078	unique_+	chr6	98652202
rs149390179	R002	6	99182954	unique_+	chr6	98735078
rs140864960	R001	3	49762626	unique_+	chr3	49725193
rs114215528	R001	3	50696452	unique_+	chr3	50659021
rs76778895	R003	4	103560801	unique_+	chr4	102639644
rs10213251	R003	4	103549149	unique_+	chr4	102627992
rs77470513	R002	6	99959953	unique_+	chr6	99512077
rs116482870	R001	3	50339622	unique_+	chr3	50302191
rs113660021	R001	3	48715245	unique_+	chr3	48677812
rs72930246	R003	4	103360109	unique_+	chr4	102438952
rs77594406	R003	4	102542972	unique_+	chr4	101621815
rs117763705	R003	4	102543158	unique_+	chr4	101622001
rs12198856	R002	6	99835811	unique_+	chr6	99387935
rs149866571	R003	4	103578744	unique_+	chr4	102657587
rs139053663	R003	4	102539323	unique_+	chr4	101618166
rs140551475	R003	4	102538767	unique_+	chr4	101617610
rs118114237	R003	4	102539084	unique_+	chr4	101617927
rs190936823	R001	3	49598114	unique_+	chr3	49560681
rs114617092	R003	4	102713097	unique_+	chr4	101791940
rs141260127	R001	3	49374250	unique_+	chr3	49336817
rs112324997	R003	4	103861624	unique_+	chr4	102940467
rs643287	R002	6	98242838	unique_+	chr6	97794962
rs2583398	R003	4	102228696	unique_+	chr4	101307539
rs72932314	R002	6	99109224	unique_+	chr6	98661348
rs117724233	R002	6	98890346	unique_+	chr6	98442470
rs141438167	R001	3	50041579	unique_+	chr3	50004146
rs12197777	R002	6	99667806	unique_+	chr6	99219930
rs78514870	R003	4	103552897	unique_+	chr4	102631740
rs17058771	R002	6	99097734	unique_+	chr6	98649858
rs1381893	R003	4	103261236	unique_+	chr4	102340079
rs115261880	R001	3	50130161	unique_+	chr3	50092728
rs330856	R002	6	100025778	unique_+	chr6	99577902
rs13212223	R002	6	98558552	unique_+	chr6	98110676
rs62263029	R001	3	48333477	unique_+	chr3	48291987
rs147367066	R002	6	98518801	unique_+	chr6	98070925
rs11731743	R003	4	103305324	unique_+	chr4	102384167
rs595074	R002	6	98240442	unique_+	chr6	97792566
rs17053261	R002	6	99093293	unique_+	chr6	98645417
rs77048338	R002	6	99549635	unique_+	chr6	99101759
rs58179287	R003	4	102689163	unique_+	chr4	101768006
rs7340881	R003	4	103476566	unique_+	chr4	102555409
rs117682707	R002	6	98892618	unique_+	chr6	98444742
rs4839739	R002	6	99663048	unique_+	chr6	99215172
rs12152655	R003	4	103573491	unique_+	chr4	102652334
rs2086513	R002	6	99093625	unique_+	chr6	98645749
rs34868064	R002	6	98630983	unique_+	chr6	98183107
rs3104083	R002	6	98895337	unique_+	chr6	98447461
rs10499021	R002	6	99093367	unique_+	chr6	98645491
rs35423101	R002	6	98634508	unique_+	chr6	98186632
rs74780677	R001	3	48601774	unique_+	chr3	48564341
rs1982956	R002	6	99665470	unique_+	chr6	99217594
rs114770071	R003	4	103410684	unique_+	chr4	102489527
rs117784428	R002	6	98882580	unique_+	chr6	98434704
rs150346095	R002	6	99665177	unique_+	chr6	99217301
rs140219141	R003	4	102538431	unique_+	chr4	101617274
rs190273072	R003	4	102538709	unique_+	chr4	101617552
rs187263396	R001	3	50831923	unique_+	chr3	50794492
rs76303883	R003	4	102597180	unique_+	chr4	101676023
rs115229766	R003	4	102340749	unique_+	chr4	101419592
rs190872247	R001	3	48271824	unique_+	chr3	48230334
rs189386289	R001	3	48525230	unique_+	chr3	48483859
rs181432701	R002	6	97822727	unique_+	chr6	97374851
rs187358632	R003	4	102765495	unique_+	chr4	101844338
rs10461136	R003	4	103253946	unique_+	chr4	102332789
rs56181677	R002	6	98627410	unique_+	chr6	98179534
rs114158393	R001	3	50635008	unique_+	chr3	50597577
rs17256589	R003	4	103760794	unique_+	chr4	102839637
rs34405452	R002	6	98562887	unique_+	chr6	98115011
rs13142626	R003	4	103321791	unique_+	chr4	102400634
rs72624911	R001	3	49064576	unique_+	chr3	49027143
rs62422279	R002	6	99094390	unique_+	chr6	98646514
rs7743747	R002	6	98199741	unique_+	chr6	97751865
rs6834845	R003	4	103294689	unique_+	chr4	102373532
rs9389116	R002	6	99664294	unique_+	chr6	99216418
rs116222707	R001	3	49869243	unique_+	chr3	49831810
rs6841750	R003	4	103346430	unique_+	chr4	102425273
rs150198841	R001	3	50889393	unique_+	chr3	50851962
rs6844796	R003	4	103254016	unique_+	chr4	102332859
rs114934413	R001	3	48939197	unique_+	chr3	48901764
rs62422280	R002	6	99094420	unique_+	chr6	98646544
rs17058761	R002	6	99092539	unique_+	chr6	98644663
rs111389326	R001	3	49982379	unique_+	chr3	49944946
rs630100	R002	6	98231005	unique_+	chr6	97783129
rs79156696	R002	6	98563932	unique_+	chr6	98116056
rs117904432	R002	6	98506686	unique_+	chr6	98058810
rs34484745	R002	6	98567998	unique_+	chr6	98120122
rs2198199	R003	4	103789782	unique_+	chr4	102868625
rs13191690	R002	6	98641962	unique_+	chr6	98194086
rs9482420	R002	6	98637627	unique_+	chr6	98189751
rs1609992	R003	4	103361105	unique_+	chr4	102439948
rs72921074	R002	6	99734588	unique_+	chr6	99286712
rs144517773	R002	6	99604431	unique_+	chr6	99156555
rs116628938	R001	3	49286575	unique_+	chr3	49249142
rs75077023	R001	3	49639606	unique_+	chr3	49602173
rs144430203	R002	6	98553187	unique_+	chr6	98105311
rs145549228	R001	3	49668933	unique_+	chr3	49631500
rs187049861	R001	3	49996742	unique_+	chr3	49959309
rs184743743	R002	6	98435331	unique_+	chr6	97987455
rs145375577	R002	6	99275739	unique_+	chr6	98827863
rs72928499	R002	6	99010586	unique_+	chr6	98562710
rs182200991	R001	3	50770907	unique_+	chr3	50733476
rs34688651	R002	6	98556868	unique_+	chr6	98108992
rs139342274	R002	6	98399761	unique_+	chr6	97951885
rs76922848	R003	4	103209461	unique_+	chr4	102288304
rs73503608	R002	6	99297848	unique_+	chr6	98849972
rs188382804	R001	3	50627389	unique_+	chr3	50589958
rs12216050	R002	6	99160374	unique_+	chr6	98712498
rs62423988	R002	6	99745442	unique_+	chr6	99297566
rs77576684	R003	4	102839639	unique_+	chr4	101918482
rs62257806	R001	3	50934349	unique_+	chr3	50896918
rs2624837	R001	3	50205962	unique_+	chr3	50168529
rs112634398	R001	3	50075494	unique_+	chr3	50038061
rs11733421	R003	4	103322604	unique_+	chr4	102401447
rs35689869	R002	6	98553964	unique_+	chr6	98106088
rs4699023	R003	4	103318166	unique_+	chr4	102397009
rs223340	R003	4	103785051	unique_+	chr4	102863894
rs12200267	R002	6	99520522	unique_+	chr6	99072646
rs7774540	R002	6	98640180	unique_+	chr6	98192304
rs13117745	R003	4	103478703	unique_+	chr4	102557546
rs2126626	R003	4	103291318	unique_+	chr4	102370161
rs71562361	R002	6	98568438	unique_+	chr6	98120562
rs74515880	R002	6	98478460	unique_+	chr6	98030584
rs28731337	R003	4	103785845	unique_+	chr4	102864688
rs7442162	R003	4	102688906	unique_+	chr4	101767749
rs35332023	R002	6	98568012	unique_+	chr6	98120136
rs187495655	R001	3	50449951	unique_+	chr3	50412520
rs17768797	R002	6	99087871	unique_+	chr6	98639995
rs4840058	R002	6	99988812	unique_+	chr6	99540936
rs12107768	R001	3	50063753	unique_+	chr3	50026320
rs13112672	R003	4	103317355	unique_+	chr4	102396198
rs118072975	R002	6	99204090	unique_+	chr6	98756214
rs80355640	R003	4	103406112	unique_+	chr4	102484955
rs62422134	R002	6	98032708	unique_+	chr6	97584832
rs114205489	R001	3	48143415	unique_+	chr3	48101925
rs34783059	R002	6	98556740	unique_+	chr6	98108864
rs4699022	R003	4	103317999	unique_+	chr4	102396842
rs11932504	R003	4	103302704	unique_+	chr4	102381547
rs117762752	R002	6	98854845	unique_+	chr6	98406969
rs149258162	R001	3	48506698	unique_+	chr3	48465299
rs116739481	R003	4	103176673	unique_+	chr4	102255516
rs62422277	R002	6	99087841	unique_+	chr6	98639965
rs184409684	R001	3	50912011	unique_+	chr3	50874580
rs62422093	R002	6	97953945	unique_+	chr6	97506069
rs13209388	R002	6	99441609	unique_+	chr6	98993733
rs114783302	R001	3	50566730	unique_+	chr3	50529299
rs71562360	R002	6	98568435	unique_+	chr6	98120559
rs149955034	R001	3	49118007	unique_+	chr3	49080574
rs4699017	R003	4	103289743	unique_+	chr4	102368586
rs13150460	R003	4	103315938	unique_+	chr4	102394781
rs2526393	R001	3	50189173	unique_+	chr3	50151740
rs146350625	R001	3	50823497	unique_+	chr3	50786066
rs113157811	R003	4	103543459	unique_+	chr4	102622302
rs6446201	R001	3	50210865	unique_+	chr3	50173432
rs7744245	R002	6	98222845	unique_+	chr6	97774969
rs2044044	R003	4	102333865	unique_+	chr4	101412708
rs13105296	R003	4	103316551	unique_+	chr4	102395394
rs117655117	R002	6	97841412	unique_+	chr6	97393536
rs34503514	R002	6	98553862	unique_+	chr6	98105986
rs4518246	R003	4	103302153	unique_+	chr4	102380996
rs35684057	R003	4	103315018	unique_+	chr4	102393861
rs2960588	R003	4	102350464	unique_+	chr4	101429307
rs112190442	R003	4	103831195	unique_+	chr4	102910038
rs72684898	R003	4	102712657	unique_+	chr4	101791500
rs7761939	R002	6	98226979	unique_+	chr6	97779103
rs62261476	R001	3	48768586	unique_+	chr3	48731153
rs10007902	R003	4	102336118	unique_+	chr4	101414961
rs4698847	R003	4	103289554	unique_+	chr4	102368397
rs56367540	R002	6	99089701	unique_+	chr6	98641825
rs7690316	R003	4	102339106	unique_+	chr4	101417949
rs2119591	R003	4	102319644	unique_+	chr4	101398487
rs187347965	R001	3	49541081	unique_+	chr3	49503648
rs143921188	R001	3	48792675	unique_+	chr3	48755242
rs2526394	R001	3	50189057	unique_+	chr3	50151624
rs113401905	R003	4	103542251	unique_+	chr4	102621094
rs2100692	R001	3	48193753	unique_+	chr3	48152263
rs4698846	R003	4	103281909	unique_+	chr4	102360752
rs2471674	R003	4	102342577	unique_+	chr4	101421420
rs75635329	R001	3	48268987	unique_+	chr3	48227497
rs17058020	R002	6	98208611	unique_+	chr6	97760735
rs117783207	R003	4	102543624	unique_+	chr4	101622467
rs142542970	R003	4	102543253	unique_+	chr4	101622096
rs78459646	R003	4	102543954	unique_+	chr4	101622797
rs184159033	R001	3	50436699	unique_+	chr3	50399268
rs143811715	R001	3	49016100	unique_+	chr3	48978667
rs9490897	R002	6	98646011	unique_+	chr6	98198135
rs2912483	R003	4	102349697	unique_+	chr4	101428540
rs141868585	R001	3	49388066	unique_+	chr3	49350633
rs142516627	R001	3	48664720	unique_+	chr3	48627287
rs145331450	R001	3	49879430	unique_+	chr3	49841997
rs191567056	R002	6	98499481	unique_+	chr6	98051605
rs150546256	R001	3	48812437	unique_+	chr3	48775004
rs116046745	R002	6	99494009	unique_+	chr6	99046133
rs79410424	R003	4	103212586	unique_+	chr4	102291429
rs2526383	R001	3	50184538	unique_+	chr3	50147105
rs111526998	R002	6	98364325	unique_+	chr6	97916449
rs7654186	R003	4	102671442	unique_+	chr4	101750285
rs2624836	R001	3	50208868	unique_+	chr3	50171435
rs13143896	R003	4	102361202	unique_+	chr4	101440045
rs6899638	R002	6	98895339	unique_+	chr6	98447463
rs113827356	R003	4	103802026	unique_+	chr4	102880869
rs293197	R003	4	102324762	unique_+	chr4	101403605
rs2433310	R003	4	102352913	unique_+	chr4	101431756
rs62260156	R001	3	50784776	unique_+	chr3	50747345
rs1549516	R003	4	102338742	unique_+	chr4	101417585
rs192555233	R001	3	48397531	unique_+	chr3	48356041
rs1549513	R003	4	102340930	unique_+	chr4	101419773
rs13195916	R002	6	99438159	unique_+	chr6	98990283
rs10007821	R003	4	102336044	unique_+	chr4	101414887
rs35726481	R003	4	103445043	unique_+	chr4	102523886
rs7747322	R002	6	98644775	unique_+	chr6	98196899
rs113848605	R003	4	103545829	unique_+	chr4	102624672
rs11940362	R003	4	103285618	unique_+	chr4	102364461
rs76580528	R002	6	99056035	unique_+	chr6	98608159
rs117807350	R002	6	97860552	unique_+	chr6	97412676
rs191907377	R001	3	48748869	unique_+	chr3	48711436
rs77154719	R002	6	98469592	unique_+	chr6	98021716
rs190236212	R001	3	49207891	unique_+	chr3	49170458
rs148037012	R001	3	48360799	unique_+	chr3	48319309
rs115384932	R003	4	102561350	unique_+	chr4	101640193
rs140602138	R001	3	50461361	unique_+	chr3	50423930
rs60201679	R003	4	103388619	unique_+	chr4	102467462
rs145661217	R003	4	103030966	unique_+	chr4	102109809
rs149600482	R003	4	103554273	unique_+	chr4	102633116
rs144906083	R001	3	50656363	unique_+	chr3	50618932
rs2211058	R002	6	98186297	unique_+	chr6	97738421
rs4688688	R001	3	50042690	unique_+	chr3	50005257
rs2471681	R003	4	102348067	unique_+	chr4	101426910
rs114852012	R003	4	102993916	unique_+	chr4	102072759
rs11097774	R003	4	103283988	unique_+	chr4	102362831
rs2433303	R003	4	102346312	unique_+	chr4	101425155
rs2526396	R001	3	50188309	unique_+	chr3	50150876
rs9482436	R002	6	98646199	unique_+	chr6	98198323
rs2859580	R001	3	50194644	unique_+	chr3	50157211
rs114646090	R001	3	50848441	unique_+	chr3	50811010
rs833955	R003	4	102332790	unique_+	chr4	101411633
rs2583392	R003	4	102259365	unique_+	chr4	101338208
rs6840099	R003	4	102344513	unique_+	chr4	101423356
rs150478785	R001	3	49970127	unique_+	chr3	49932694
rs77249608	R003	4	103598839	unique_+	chr4	102677682
rs2125365	R001	3	50821797	unique_+	chr3	50784366
rs13105418	R003	4	103289029	unique_+	chr4	102367872
rs293199	R003	4	102324381	unique_+	chr4	101403224
rs13142667	R003	4	103287073	unique_+	chr4	102365916
rs151379	R003	4	103119955	unique_+	chr4	102198798
rs9376188	R002	6	99918660	unique_+	chr6	99470784
rs148641669	R001	3	50218945	unique_+	chr3	50181512
rs13118067	R003	4	103409547	unique_+	chr4	102488390
rs115963468	R003	4	103401583	unique_+	chr4	102480426
rs111917101	R003	4	103547225	unique_+	chr4	102626068
rs1426538	R003	4	102449905	unique_+	chr4	101528748
rs9715047	R003	4	102366382	unique_+	chr4	101445225
rs145777753	R001	3	48516849	unique_+	chr3	48475440
rs2180046	R002	6	99450081	unique_+	chr6	99002205
rs138864055	R001	3	48762425	unique_+	chr3	48724992
rs189616022	R002	6	99221183	unique_+	chr6	98773307
rs181448179	R002	6	98833843	unique_+	chr6	98385967
rs145457342	R001	3	48359654	unique_+	chr3	48318164
rs78069483	R002	6	99485749	unique_+	chr6	99037873
rs80182344	R003	4	102229768	unique_+	chr4	101308611
rs7745012	R002	6	99921822	unique_+	chr6	99473946
rs116191162	R003	4	103294700	unique_+	chr4	102373543
rs2624840	R001	3	50199015	unique_+	chr3	50161582
rs11734743	R003	4	103283326	unique_+	chr4	102362169
rs74842085	R003	4	103332820	unique_+	chr4	102411663
rs985709	R003	4	103286191	unique_+	chr4	102365034
rs74367254	R002	6	99987309	unique_+	chr6	99539433
rs2526392	R001	3	50191191	unique_+	chr3	50153758
rs13069856	R001	3	50200789	unique_+	chr3	50163356
rs77719483	R003	4	103543385	unique_+	chr4	102622228
rs151504	R003	4	103114369	unique_+	chr4	102193212
rs142016390	R001	3	50072306	unique_+	chr3	50034873
rs2850372	R003	4	102247191	unique_+	chr4	101326034
rs10452178	R003	4	103813318	unique_+	chr4	102892161
rs142704314	R001	3	50795960	unique_+	chr3	50758529
rs62424053	R002	6	99057084	unique_+	chr6	98609208
rs768893	R002	6	99059720	unique_+	chr6	98611844
rs114561744	R003	4	102303688	unique_+	chr4	101382531
rs118041766	R002	6	100009630	unique_+	chr6	99561754
rs77935955	R002	6	99083527	unique_+	chr6	98635651
rs72926919	R002	6	98205366	unique_+	chr6	97757490
rs117769366	R002	6	98606985	unique_+	chr6	98159109
rs117988724	R002	6	100022891	unique_+	chr6	99575015
rs13192052	R002	6	99436700	unique_+	chr6	98988824
rs142619404	R001	3	50164395	unique_+	chr3	50126962
rs185453332	R002	6	97739262	unique_+	chr6	97291386
rs149311549	R001	3	49149674	unique_+	chr3	49112241
rs187746081	R001	3	49969495	unique_+	chr3	49932062
rs183800502	R001	3	48121976	unique_+	chr3	48080486
rs142036751	R003	4	102544030	unique_+	chr4	101622873
rs139329334	R001	3	49929672	unique_+	chr3	49892239
rs190725922	R003	4	102669185	unique_+	chr4	101748028
rs139132912	R001	3	49619213	unique_+	chr3	49581780
rs139385092	R003	4	102680092	unique_+	chr4	101758935
rs111604062	R002	6	99061122	unique_+	chr6	98613246
rs4840061	R002	6	100005314	unique_+	chr6	99557438
rs2850369	R003	4	102232985	unique_+	chr4	101311828
rs13147820	R003	4	103415618	unique_+	chr4	102494461
rs4586943	R003	4	102366529	unique_+	chr4	101445372
rs35867590	R002	6	98729602	unique_+	chr6	98281726
rs7745682	R002	6	99966805	unique_+	chr6	99518929
rs62424055	R002	6	99057523	unique_+	chr6	98609647
rs330867	R002	6	100011512	unique_+	chr6	99563636
rs2850326	R003	4	102264575	unique_+	chr4	101343418
rs833949	R003	4	102312520	unique_+	chr4	101391363
rs62424054	R002	6	99057453	unique_+	chr6	98609577
rs1819637	R002	6	98197154	unique_+	chr6	97749278
rs76082653	R001	3	49029468	unique_+	chr3	48992035
rs4307178	R002	6	99454457	unique_+	chr6	99006581
rs7762102	R002	6	99070270	unique_+	chr6	98622394
rs71326927	R001	3	50368201	unique_+	chr3	50330770
rs13217532	R002	6	99441331	unique_+	chr6	98993455
rs17254118	R003	4	103651441	unique_+	chr4	102730284
rs183867796	R002	6	98538394	unique_+	chr6	98090518
rs62424056	R002	6	99059026	unique_+	chr6	98611150
rs7759062	R002	6	98795356	unique_+	chr6	98347480
rs293216	R003	4	102312273	unique_+	chr4	101391116
rs17598830	R001	3	50005017	unique_+	chr3	49967584
rs146601862	R001	3	49798126	unique_+	chr3	49760693
rs17830067	R002	6	99050825	unique_+	chr6	98602949
rs138930099	R002	6	98534495	unique_+	chr6	98086619
rs11154725	R002	6	99618321	unique_+	chr6	99170445
rs77304577	R003	4	102404477	unique_+	chr4	101483320
rs9389427	R002	6	99944858	unique_+	chr6	99496982
rs148412812	R001	3	50185777	unique_+	chr3	50148344
rs62424041	R002	6	99041300	unique_+	chr6	98593424
rs293196	R003	4	102326029	unique_+	chr4	101404872
rs4307177	R002	6	99042491	unique_+	chr6	98594615
rs17830097	R002	6	99051041	unique_+	chr6	98603165
rs36091095	R001	3	50781416	unique_+	chr3	50743985
rs6532931	R003	4	102305000	unique_+	chr4	101383843
rs146674222	R001	3	50219095	unique_+	chr3	50181662
rs62424057	R002	6	99059082	unique_+	chr6	98611206
rs141491956	R001	3	49753777	unique_+	chr3	49716344
rs17770851	R002	6	99252705	unique_+	chr6	98804829
rs150935290	R001	3	48801831	unique_+	chr3	48764398
rs77451061	R002	6	98593064	unique_+	chr6	98145188
rs75978715	R003	4	103356920	unique_+	chr4	102435763
rs145880557	R001	3	49691434	unique_+	chr3	49654001
rs7642692	R001	3	50222693	unique_+	chr3	50185260
rs151269103	R003	4	103867849	unique_+	chr4	102946692
rs193029633	R001	3	48358850	unique_+	chr3	48317360
rs151256107	R001	3	49635219	unique_+	chr3	49597786
rs144298735	R002	6	99131069	unique_+	chr6	98683193
rs75432907	R002	6	99056910	unique_+	chr6	98609034
rs11756869	R002	6	99045780	unique_+	chr6	98597904
rs75239846	R002	6	97811265	unique_+	chr6	97363389
rs9878281	R001	3	48293689	unique_+	chr3	48252199
rs2352969	R001	3	50003632	unique_+	chr3	49966199
rs1596061	R003	4	102300375	unique_+	chr4	101379218
rs2433301	R003	4	102346140	unique_+	chr4	101424983
rs2583399	R003	4	102236914	unique_+	chr4	101315757
rs13148622	R003	4	102303578	unique_+	chr4	101382421
rs2119593	R003	4	102302564	unique_+	chr4	101381407
rs330869	R002	6	100013376	unique_+	chr6	99565500
rs62424049	R002	6	99051790	unique_+	chr6	98603914
rs62424040	R002	6	99041152	unique_+	chr6	98593276
rs73084153	R001	3	49278923	unique_+	chr3	49241490
rs733615	R002	6	99945794	unique_+	chr6	99497918
rs2044043	R003	4	102236140	unique_+	chr4	101314983
rs62424047	R002	6	99046787	unique_+	chr6	98598911
rs9389461	R002	6	99980962	unique_+	chr6	99533086
rs1530259	R003	4	102224910	unique_+	chr4	101303753
rs57842657	R001	3	50227787	unique_+	chr3	50190354
rs7677529	R003	4	102544950	unique_+	chr4	101623793
rs11154432	R002	6	99070053	unique_+	chr6	98622177
rs330816	R002	6	100002493	unique_+	chr6	99554617
rs12204950	R002	6	99129338	unique_+	chr6	98681462
rs2583396	R003	4	102229778	unique_+	chr4	101308621
rs56044380	R002	6	99050810	unique_+	chr6	98602934
rs74701946	R002	6	99108448	unique_+	chr6	98660572
rs11751296	R002	6	99056683	unique_+	chr6	98608807
rs920560	R003	4	102210349	unique_+	chr4	101289192
rs7651237	R001	3	48105528	unique_+	chr3	48064038
rs116238056	R001	3	49821362	unique_+	chr3	49783929
rs117044027	R002	6	98588130	unique_+	chr6	98140254
rs2433307	R003	4	102347216	unique_+	chr4	101426059
rs11751328	R002	6	99056844	unique_+	chr6	98608968
rs11759228	R002	6	99054170	unique_+	chr6	98606294
rs113239747	R001	3	49382614	unique_+	chr3	49345181
rs189237953	R003	4	103807383	unique_+	chr4	102886226
rs1967643	R003	4	103385770	unique_+	chr4	102464613
rs181504911	R001	3	48575300	unique_+	chr3	48537867
rs114586700	R003	4	102424250	unique_+	chr4	101503093
rs188708027	R002	6	99454229	unique_+	chr6	99006353
rs79917908	R002	6	99225926	unique_+	chr6	98778050
rs62425262	R002	6	99064602	unique_+	chr6	98616726
rs183705005	R001	3	50772184	unique_+	chr3	50734753
rs13135111	R003	4	102301819	unique_+	chr4	101380662
rs148511047	R003	4	103601912	unique_+	chr4	102680755
rs2850366	R003	4	102231024	unique_+	chr4	101309867
rs142494134	R003	4	102259894	unique_+	chr4	101338737
rs145128110	R002	6	98830330	unique_+	chr6	98382454
rs72917091	R003	4	102697108	unique_+	chr4	101775951
rs544576	R002	6	100004695	unique_+	chr6	99556819
rs6799579	R001	3	50057500	unique_+	chr3	50020067
rs7752117	R002	6	99061538	unique_+	chr6	98613662
rs2119594	R003	4	102302426	unique_+	chr4	101381269
rs77801231	R001	3	50425674	unique_+	chr3	50388243
rs2583389	R003	4	102271461	unique_+	chr4	101350304
rs543967	R002	6	100005775	unique_+	chr6	99557899
rs4576256	R002	6	99042118	unique_+	chr6	98594242
rs62422309	R002	6	99113107	unique_+	chr6	98665231
rs210811	R003	4	102316990	unique_+	chr4	101395833
rs293198	R003	4	102324622	unique_+	chr4	101403465
rs28664200	R003	4	102251501	unique_+	chr4	101330344
rs1383813	R002	6	99041556	unique_+	chr6	98593680
rs2583394	R003	4	102251782	unique_+	chr4	101330625
rs2471682	R003	4	102349979	unique_+	chr4	101428822
rs6532930	R003	4	102304915	unique_+	chr4	101383758
rs17830326	R002	6	99066197	unique_+	chr6	98618321
rs1031033	R003	4	102248836	unique_+	chr4	101327679
rs11736431	R003	4	103295470	unique_+	chr4	102374313
rs145272874	R001	3	48472728	unique_+	chr3	48431319
rs62262463	R001	3	48961019	unique_+	chr3	48923586
rs6532935	R003	4	102309557	unique_+	chr4	101388400
rs17768215	R002	6	99051542	unique_+	chr6	98603666
rs2850371	R003	4	102240747	unique_+	chr4	101319590
rs138043057	R003	4	103119211	unique_+	chr4	102198054
rs2526395	R001	3	50188886	unique_+	chr3	50151453
rs7670594	R003	4	102299262	unique_+	chr4	101378105
rs77232083	R002	6	99040942	unique_+	chr6	98593066
rs10516494	R003	4	103285705	unique_+	chr4	102364548
rs59979574	R003	4	103394219	unique_+	chr4	102473062
rs13135270	R003	4	102301759	unique_+	chr4	101380602
rs142577483	R001	3	50119553	unique_+	chr3	50082120
rs76227412	R001	3	49818437	unique_+	chr3	49781004
rs330811	R002	6	99996648	unique_+	chr6	99548772
rs62424046	R002	6	99046144	unique_+	chr6	98598268
rs12499349	R003	4	102301355	unique_+	chr4	101380198
rs2624821	R001	3	50014114	unique_+	chr3	49976681
rs72932135	R003	4	103378082	unique_+	chr4	102456925
rs139058610	R003	4	103301572	unique_+	chr4	102380415
rs11097747	R003	4	102297796	unique_+	chr4	101376639
rs148614740	R003	4	102543980	unique_+	chr4	101622823
rs191852870	R001	3	49563083	unique_+	chr3	49525650
rs76004181	R003	4	103398745	unique_+	chr4	102477588
rs188438338	R003	4	102674237	unique_+	chr4	101753080
rs62424050	R002	6	99055652	unique_+	chr6	98607776
rs78180115	R001	3	48123224	unique_+	chr3	48081734
rs189583244	R001	3	48837045	unique_+	chr3	48799612
rs189018751	R003	4	103166905	unique_+	chr4	102245748
rs188539658	R003	4	103712252	unique_+	chr4	102791095
rs2850367	R003	4	102231463	unique_+	chr4	101310306
rs4555919	R002	6	99110182	unique_+	chr6	98662306
rs2583395	R003	4	102241741	unique_+	chr4	101320584
rs6532929	R003	4	102298464	unique_+	chr4	101377307
rs11754417	R002	6	99045563	unique_+	chr6	98597687
rs9375322	R002	6	98706927	unique_+	chr6	98259051
rs7677595	R003	4	102303727	unique_+	chr4	101382570
rs330806	R002	6	99993188	unique_+	chr6	99545312
rs2583391	R003	4	102267453	unique_+	chr4	101346296
rs13148645	R003	4	102306832	unique_+	chr4	101385675
rs17830127	R002	6	99051151	unique_+	chr6	98603275
rs72692260	R003	4	103254262	unique_+	chr4	102333105
rs2119595	R003	4	102302329	unique_+	chr4	101381172
rs2119596	R003	4	102302197	unique_+	chr4	101381040
rs449095	R003	4	103113737	unique_+	chr4	102192580
rs1481464	R002	6	99048570	unique_+	chr6	98600694
rs34506242	R003	4	103398374	unique_+	chr4	102477217
rs12665342	R002	6	99034316	unique_+	chr6	98586440
rs293217	R003	4	102312193	unique_+	chr4	101391036
rs73072311	R001	3	48144085	unique_+	chr3	48102595
rs2572107	R002	6	99500086	unique_+	chr6	99052210
rs62321870	R003	4	102315464	unique_+	chr4	101394307
rs330809	R002	6	99995523	unique_+	chr6	99547647
rs4858819	R001	3	48478088	unique_+	chr3	48436678
rs17830031	R002	6	99046589	unique_+	chr6	98598713
rs188450414	R001	3	48382322	unique_+	chr3	48340832
rs62420702	R002	6	98153280	unique_+	chr6	97705404
rs1031034	R003	4	102223386	unique_+	chr4	101302229
rs9321571	R002	6	99953402	unique_+	chr6	99505526
rs138087158	R003	4	102451893	unique_+	chr4	101530736
rs293200	R003	4	102324270	unique_+	chr4	101403113
rs1549514	R003	4	102339027	unique_+	chr4	101417870
rs4441958	R002	6	99120092	unique_+	chr6	98672216
rs833945	R003	4	102318093	unique_+	chr4	101396936
rs62425261	R002	6	99064531	unique_+	chr6	98616655
rs62425263	R002	6	99065613	unique_+	chr6	98617737
rs4699211	R003	4	102285035	unique_+	chr4	101363878
rs56049561	R002	6	99060375	unique_+	chr6	98612499
rs2253056	R002	6	99501264	unique_+	chr6	99053388
rs117694900	R002	6	98392239	unique_+	chr6	97944363
rs833948	R003	4	102312686	unique_+	chr4	101391529
rs72930243	R003	4	103358461	unique_+	chr4	102437304
rs151113402	R002	6	99362158	unique_+	chr6	98914282
rs17830308	R002	6	99065895	unique_+	chr6	98618019
rs148078590	R003	4	103206601	unique_+	chr4	102285444
rs189415595	R003	4	103348872	unique_+	chr4	102427715
rs148924359	R001	3	48741874	unique_+	chr3	48704441
rs144817855	R001	3	48811561	unique_+	chr3	48774128
rs182699012	R001	3	48267406	unique_+	chr3	48225916
rs186297643	R001	3	48223013	unique_+	chr3	48181523
rs117090858	R002	6	99230656	unique_+	chr6	98782780
rs293201	R003	4	102323582	unique_+	chr4	101402425
rs6532934	R003	4	102307618	unique_+	chr4	101386461
rs6847376	R003	4	102308497	unique_+	chr4	101387340
rs76988304	R003	4	103552155	unique_+	chr4	102630998
rs2252933	R002	6	99500622	unique_+	chr6	99052746
rs1125180	R003	4	102321630	unique_+	chr4	101400473
rs144195078	R002	6	99121264	unique_+	chr6	98673388
rs144943025	R001	3	48914418	unique_+	chr3	48876985
rs6768830	R001	3	50278069	unique_+	chr3	50240637
rs223366	R003	4	103765156	unique_+	chr4	102843999
rs72692251	R003	4	103236265	unique_+	chr4	102315108
rs6532932	R003	4	102305036	unique_+	chr4	101383879
rs9402854	R002	6	99958527	unique_+	chr6	99510651
rs10433984	R003	4	102340309	unique_+	chr4	101419152
rs6919202	R002	6	99958818	unique_+	chr6	99510942
rs62425260	R002	6	99063643	unique_+	chr6	98615767
rs293213	R003	4	102314873	unique_+	chr4	101393716
rs6842703	R003	4	102305149	unique_+	chr4	101383992
rs6532933	R003	4	102305037	unique_+	chr4	101383880
rs2433306	R003	4	102347000	unique_+	chr4	101425843
rs2583400	R003	4	102205012	unique_+	chr4	101283855
rs7772948	R002	6	99961180	unique_+	chr6	99513304
rs143390263	R002	6	99557687	unique_+	chr6	99109811
rs191903670	R001	3	48578053	unique_+	chr3	48540620
rs2471679	R003	4	102347511	unique_+	chr4	101426354
rs10223754	R002	6	99121790	unique_+	chr6	98673914
rs7758807	R002	6	99036034	unique_+	chr6	98588158
rs1549515	R003	4	102338907	unique_+	chr4	101417750
rs4132092	R002	6	99115472	unique_+	chr6	98667596
rs330814	R002	6	100001973	unique_+	chr6	99554097
rs188123419	R002	6	99407183	unique_+	chr6	98959307
rs2127991	R002	6	99049167	unique_+	chr6	98601291
rs7434301	R003	4	102366527	unique_+	chr4	101445370
rs11752460	R002	6	99033489	unique_+	chr6	98585613
rs62422313	R002	6	99127132	unique_+	chr6	98679256
rs9388508	R002	6	98938249	unique_+	chr6	98490373
rs62423578	R002	6	99263543	unique_+	chr6	98815667
rs71614694	R003	4	102370206	unique_+	chr4	101449049
rs12176309	R002	6	99109512	unique_+	chr6	98661636
rs72932131	R003	4	103375564	unique_+	chr4	102454407
rs7765208	R002	6	98570690	unique_+	chr6	98122814
rs193209550	R003	4	103443841	unique_+	chr4	102522684
rs183905735	R002	6	99359359	unique_+	chr6	98911483
rs2471673	R003	4	102353587	unique_+	chr4	101432430
rs192390126	R002	6	98383191	unique_+	chr6	97935315
rs74635873	R003	4	102895712	unique_+	chr4	101974555
rs192032678	R003	4	102681935	unique_+	chr4	101760778
rs113469010	R002	6	98308473	unique_+	chr6	97860597
rs78596048	R002	6	99532845	unique_+	chr6	99084969
rs138652899	R003	4	103633275	unique_+	chr4	102712118
rs190826819	R002	6	98885640	unique_+	chr6	98437764
rs183006616	R003	4	102926471	unique_+	chr4	102005314
rs17767849	R002	6	99037510	unique_+	chr6	98589634
rs2889854	R001	3	48268509	unique_+	chr3	48227019
rs17829700	R002	6	99034878	unique_+	chr6	98587002
rs115506546	R001	3	49808007	unique_+	chr3	49770574
rs2850355	R003	4	102211222	unique_+	chr4	101290065
rs113044297	R001	3	50506057	unique_+	chr3	50468626
rs62260815	R001	3	50474624	unique_+	chr3	50437193
rs13220768	R002	6	98724217	unique_+	chr6	98276341
rs2236948	R001	3	50409826	unique_+	chr3	50372395
rs833946	R003	4	102316899	unique_+	chr4	101395742
rs33940030	R003	4	103280629	unique_+	chr4	102359472
rs1481436	R002	6	99036749	unique_+	chr6	98588873
rs9402863	R002	6	99971429	unique_+	chr6	99523553
rs35979968	R001	3	48092335	unique_+	chr3	48050845
rs2471680	R003	4	102347743	unique_+	chr4	101426586
rs2119592	R003	4	102309138	unique_+	chr4	101387981
rs531371	R002	6	100017821	unique_+	chr6	99569945
rs79402695	R001	3	50558373	unique_+	chr3	50520942
rs57453427	R001	3	50285930	unique_+	chr3	50248498
rs7670922	R003	4	102305925	unique_+	chr4	101384768
rs79448908	R001	3	49169782	unique_+	chr3	49132349
rs72692262	R003	4	103267164	unique_+	chr4	102346007
rs143967460	R001	3	50934012	unique_+	chr3	50896581
rs6825658	R003	4	102309101	unique_+	chr4	101387944
rs112212780	R002	6	98571896	unique_+	chr6	98124020
rs182290865	R002	6	99310974	unique_+	chr6	98863098
rs34732773	R001	3	48968989	unique_+	chr3	48931556
rs141571159	R002	6	98798057	unique_+	chr6	98350181
rs330874	R002	6	100017181	unique_+	chr6	99569305
rs117712898	R002	6	99226000	unique_+	chr6	98778124
rs117745171	R002	6	99437820	unique_+	chr6	98989944
rs79327433	R002	6	99113309	unique_+	chr6	98665433
rs34284887	R001	3	50965291	unique_+	chr3	50927860
rs13102837	R003	4	102344534	unique_+	chr4	101423377
rs140778304	R001	3	50832369	unique_+	chr3	50794938
rs17059629	R002	6	100025000	unique_+	chr6	99577124
rs6934223	R002	6	99119312	unique_+	chr6	98671436
rs12642424	R003	4	102303786	unique_+	chr4	101382629
rs12502761	R003	4	103554552	unique_+	chr4	102633395
rs76480459	R002	6	99893102	unique_+	chr6	99445226
rs2209156	R002	6	99963966	unique_+	chr6	99516090
rs2850351	R003	4	102205398	unique_+	chr4	101284241
rs1365382	R003	4	102343886	unique_+	chr4	101422729
rs184510185	R002	6	98734441	unique_+	chr6	98286565
rs1365383	R003	4	102344007	unique_+	chr4	101422850
rs1476159	R003	4	102281095	unique_+	chr4	101359938
rs330860	R002	6	100028441	unique_+	chr6	99580565
rs4452435	R003	4	102337706	unique_+	chr4	101416549
rs1837772	R003	4	102288125	unique_+	chr4	101366968
rs11154865	R002	6	99910842	unique_+	chr6	99462966
rs150885617	R003	4	103406401	unique_+	chr4	102485244
rs116767188	R003	4	103250964	unique_+	chr4	102329807
rs2583397	R003	4	102229722	unique_+	chr4	101308565
rs4235418	R003	4	102341919	unique_+	chr4	101420762
rs62262519	R001	3	49164894	unique_+	chr3	49127461
rs17032996	R003	4	103545219	unique_+	chr4	102624062
rs138648825	R002	6	98510191	unique_+	chr6	98062315
rs2433309	R003	4	102357538	unique_+	chr4	101436381
rs10012024	R003	4	102353025	unique_+	chr4	101431868
rs12199099	R002	6	98844985	unique_+	chr6	98397109
rs191581757	R003	4	103138211	unique_+	chr4	102217054
rs2114365	R003	4	102345646	unique_+	chr4	101424489
rs2850349	R003	4	102205055	unique_+	chr4	101283898
rs2433298	R003	4	102342326	unique_+	chr4	101421169
rs2583401	R003	4	102204529	unique_+	chr4	101283372
rs62424059	R002	6	99062793	unique_+	chr6	98614917
rs9372891	R002	6	99114295	unique_+	chr6	98666419
rs2433297	R003	4	102342310	unique_+	chr4	101421153
rs10433982	R003	4	102283898	unique_+	chr4	101362741
rs1365384	R003	4	102344395	unique_+	chr4	101423238
rs6824603	R003	4	102289902	unique_+	chr4	101368745
rs62422310	R002	6	99116035	unique_+	chr6	98668159
rs10433981	R003	4	102283589	unique_+	chr4	101362432
rs2850333	R003	4	102279893	unique_+	chr4	101358736
rs2433305	R003	4	102346629	unique_+	chr4	101425472
rs62422311	R002	6	99117706	unique_+	chr6	98669830
rs2850328	R003	4	102268940	unique_+	chr4	101347783
rs79119253	R002	6	98995957	unique_+	chr6	98548081
rs189296497	R002	6	97734423	unique_+	chr6	97286547
rs6846097	R003	4	102286050	unique_+	chr4	101364893
rs6852377	R003	4	102286709	unique_+	chr4	101365552
rs74732757	R001	3	49376253	unique_+	chr3	49338820
rs184495886	R001	3	50265401	unique_+	chr3	50227969
rs35470737	R002	6	99631582	unique_+	chr6	99183706
rs185656811	R002	6	98176423	unique_+	chr6	97728547
rs115665946	R003	4	102427038	unique_+	chr4	101505881
rs184840251	R003	4	103653153	unique_+	chr4	102731996
rs12664548	R002	6	99062458	unique_+	chr6	98614582
rs142234264	R002	6	99088358	unique_+	chr6	98640482
rs57501407	R002	6	98591106	unique_+	chr6	98143230
rs2850358	R003	4	102213077	unique_+	chr4	101291920
rs150156796	R001	3	49994299	unique_+	chr3	49956866
rs145379690	R001	3	49728542	unique_+	chr3	49691109
rs182334051	R003	4	102892127	unique_+	chr4	101970970
rs330859	R002	6	100027219	unique_+	chr6	99579343
rs113221940	R003	4	102650028	unique_+	chr4	101728871
rs1822168	R003	4	102293544	unique_+	chr4	101372387
rs143827255	R001	3	50118644	unique_+	chr3	50081211
rs17058737	R002	6	99076746	unique_+	chr6	98628870
rs6532928	R003	4	102294237	unique_+	chr4	101373080
rs13109704	R003	4	102286213	unique_+	chr4	101365056
rs79672978	R001	3	48860623	unique_+	chr3	48823190
rs2433302	R003	4	102346195	unique_+	chr4	101425038
rs2433300	R003	4	102346073	unique_+	chr4	101424916
rs115961639	R001	3	50361284	unique_+	chr3	50323853
rs62422272	R002	6	99083395	unique_+	chr6	98635519
rs2162338	R003	4	102345568	unique_+	chr4	101424411
rs2433299	R003	4	102342470	unique_+	chr4	101421313
rs72694182	R003	4	103387641	unique_+	chr4	102466484
rs4699210	R003	4	102284986	unique_+	chr4	101363829
rs1365381	R003	4	102343875	unique_+	chr4	101422718
rs6816400	R003	4	102288452	unique_+	chr4	101367295
rs2866376	R003	4	102285706	unique_+	chr4	101364549
rs62422288	R002	6	99111801	unique_+	chr6	98663925
rs9388634	R002	6	99112708	unique_+	chr6	98664832
rs1348161	R003	4	102252696	unique_+	chr4	101331539
rs2433304	R003	4	102346466	unique_+	chr4	101425309
rs7668224	R003	4	102284427	unique_+	chr4	101363270
rs7699920	R003	4	102343459	unique_+	chr4	101422302
rs79821347	R001	3	50531835	unique_+	chr3	50494404
rs1946946	R003	4	102291577	unique_+	chr4	101370420
rs2583385	R003	4	102281812	unique_+	chr4	101360655
rs2850334	R003	4	102281388	unique_+	chr4	101360231
rs2583386	R003	4	102281451	unique_+	chr4	101360294
rs10213549	R003	4	102343198	unique_+	chr4	101422041
rs1037999	R003	4	103362252	unique_+	chr4	102441095
rs4600918	R003	4	102345901	unique_+	chr4	101424744
rs1822169	R003	4	102293264	unique_+	chr4	101372107
rs13135441	R003	4	102292884	unique_+	chr4	101371727
rs74864228	R003	4	102641823	unique_+	chr4	101720666
rs17212693	R003	4	103258848	unique_+	chr4	102337691
rs4698957	R003	4	102288919	unique_+	chr4	101367762
rs4699212	R003	4	102288777	unique_+	chr4	101367620
rs9388047	R002	6	98494649	unique_+	chr6	98046773
rs4699214	R003	4	102292234	unique_+	chr4	101371077
rs4699213	R003	4	102289107	unique_+	chr4	101367950
rs6856370	R003	4	102290686	unique_+	chr4	101369529
rs10003889	R003	4	102696219	unique_+	chr4	101775062
rs116892567	R002	6	99957757	unique_+	chr6	99509881
rs10003315	R003	4	102345044	unique_+	chr4	101423887
rs6939149	R002	6	99119423	unique_+	chr6	98671547
rs76749513	R002	6	98907876	unique_+	chr6	98460000
rs2233474	R001	3	50388607	unique_+	chr3	50351176
rs2482409	R002	6	97718939	unique_+	chr6	97271063
rs1383806	R002	6	99033850	unique_+	chr6	98585974
rs2850368	R003	4	102232629	unique_+	chr4	101311472
rs4574415	R003	4	102282433	unique_+	chr4	101361276
rs148230564	R003	4	103119323	unique_+	chr4	102198166
rs147295404	R001	3	49816529	unique_+	chr3	49779096
rs139967875	R001	3	49947766	unique_+	chr3	49910333
rs148976133	R002	6	98176046	unique_+	chr6	97728170
rs190524835	R002	6	98424800	unique_+	chr6	97976924
rs188456300	R001	3	48928691	unique_+	chr3	48891258
rs4699215	R003	4	102343571	unique_+	chr4	101422414
rs117523835	R002	6	99544781	unique_+	chr6	99096905
rs79581555	R001	3	49738816	unique_+	chr3	49701383
rs2471683	R003	4	102357934	unique_+	chr4	101436777
rs12649313	R003	4	102341509	unique_+	chr4	101420352
rs149313226	R003	4	103247546	unique_+	chr4	102326389
rs985708	R003	4	103285964	unique_+	chr4	102364807
rs7687487	R003	4	102283981	unique_+	chr4	101362824
rs13209381	R002	6	99441597	unique_+	chr6	98993721
rs71564229	R002	6	98749106	unique_+	chr6	98301230
rs9398872	R002	6	99124690	unique_+	chr6	98676814
rs969540	R002	6	99058170	unique_+	chr6	98610294
rs890448	R003	4	102432702	unique_+	chr4	101511545
rs9388631	R002	6	99108884	unique_+	chr6	98661008
rs62328512	R003	4	103364983	unique_+	chr4	102443826
rs148669563	R003	4	103064202	unique_+	chr4	102143045
rs2850356	R003	4	102211922	unique_+	chr4	101290765
rs6926881	R002	6	99953624	unique_+	chr6	99505748
rs76880129	R002	6	99073037	unique_+	chr6	98625161
rs17058746	R002	6	99083521	unique_+	chr6	98635645
rs151201882	R002	6	99425909	unique_+	chr6	98978033
rs9385694	R002	6	99729955	unique_+	chr6	99282079
rs115853677	R003	4	102312284	unique_+	chr4	101391127
rs1894324	R001	3	50280881	unique_+	chr3	50243449
rs6829044	R003	4	102286734	unique_+	chr4	101365577
rs150545443	R002	6	99446578	unique_+	chr6	98998702
rs146031555	R002	6	99621518	unique_+	chr6	99173642
rs186579029	R001	3	49772004	unique_+	chr3	49734571
rs7756007	R002	6	98649013	unique_+	chr6	98201137
rs117929786	R003	4	102542945	unique_+	chr4	101621788
rs142142776	R002	6	99425547	unique_+	chr6	98977671
rs148621335	R001	3	48914843	unique_+	chr3	48877410
rs10499020	R002	6	99076079	unique_+	chr6	98628203
rs139849537	R001	3	48760918	unique_+	chr3	48723485
rs114113286	R002	6	99487792	unique_+	chr6	99039916
rs145051487	R001	3	50852778	unique_+	chr3	50815347
rs62425264	R002	6	99074582	unique_+	chr6	98626706
rs113705174	R002	6	99219088	unique_+	chr6	98771212
rs6905020	R002	6	99953697	unique_+	chr6	99505821
rs2046172	R002	6	99039738	unique_+	chr6	98591862
rs146574044	R003	4	102419679	unique_+	chr4	101498522
rs9375573	R002	6	99126994	unique_+	chr6	98679118
rs640674	R002	6	99761561	unique_+	chr6	99313685
rs12509142	R003	4	102655378	unique_+	chr4	101734221
rs12491769	R001	3	48768150	unique_+	chr3	48730717
rs17058043	R002	6	98251106	unique_+	chr6	97803230
rs293210	R003	4	102316405	unique_+	chr4	101395248
rs221533	R002	6	99756591	unique_+	chr6	99308715
rs17032779	R003	4	103466250	unique_+	chr4	102545093
rs12663008	R002	6	99038351	unique_+	chr6	98590475
rs116968815	R002	6	97898997	unique_+	chr6	97451121
rs2073499	R001	3	50374293	unique_+	chr3	50336862
rs77323389	R002	6	99116117	unique_+	chr6	98668241
rs1441433	R003	4	102209360	unique_+	chr4	101288203
rs9402636	R002	6	99746934	unique_+	chr6	99299058
rs3733202	R003	4	103556861	unique_+	chr4	102635704
rs11754659	R002	6	99902096	unique_+	chr6	99454220
rs34166099	R003	4	102778580	unique_+	chr4	101857423
rs2583387	R003	4	102280398	unique_+	chr4	101359241
rs1481460	R002	6	99085537	unique_+	chr6	98637661
rs62262960	R001	3	50546737	unique_+	chr3	50509306
rs9376234	R002	6	99954574	unique_+	chr6	99506698
rs4648127	R003	4	103535905	unique_+	chr4	102614748
rs140479018	R002	6	98315470	unique_+	chr6	97867594
rs188642620	R002	6	99934246	unique_+	chr6	99486370
rs330858	R002	6	100026322	unique_+	chr6	99578446
rs112074855	R002	6	98591051	unique_+	chr6	98143175
rs144999362	R003	4	102537529	unique_+	chr4	101616372
rs141643610	R001	3	48889876	unique_+	chr3	48852443
rs12663996	R002	6	99038430	unique_+	chr6	98590554
rs7690879	R003	4	103132510	unique_+	chr4	102211353
rs17829845	R002	6	99037787	unique_+	chr6	98589911
rs118035806	R002	6	98565538	unique_+	chr6	98117662
rs72694140	R003	4	103353736	unique_+	chr4	102432579
rs2850370	R003	4	102236741	unique_+	chr4	101315584
rs7698946	R003	4	102358076	unique_+	chr4	101436919
rs990960	R003	4	102353934	unique_+	chr4	101432777
rs9492007	R002	6	99129491	unique_+	chr6	98681615
rs1426541	R003	4	102356859	unique_+	chr4	101435702
rs12211254	R002	6	99928694	unique_+	chr6	99480818
rs293212	R003	4	102316234	unique_+	chr4	101395077
rs62263023	R001	3	48260304	unique_+	chr3	48218814
rs13214012	R002	6	99909482	unique_+	chr6	99461606
rs12661190	R002	6	99086147	unique_+	chr6	98638271
rs12664196	R002	6	99086290	unique_+	chr6	98638414
rs653771	R002	6	99762201	unique_+	chr6	99314325
rs7682019	R003	4	102219380	unique_+	chr4	101298223
rs2433308	R003	4	102347578	unique_+	chr4	101426421
rs77079938	R003	4	102655390	unique_+	chr4	101734233
rs145062902	R002	6	98600539	unique_+	chr6	98152663
rs13200647	R002	6	99906175	unique_+	chr6	99458299
rs610343	R002	6	99759432	unique_+	chr6	99311556
rs72692239	R003	4	103224388	unique_+	chr4	102303231
rs641135	R002	6	99761664	unique_+	chr6	99313788
rs146856324	R003	4	102438643	unique_+	chr4	101517486
rs589735	R002	6	99759280	unique_+	chr6	99311404
rs149721006	R002	6	99897586	unique_+	chr6	99449710
rs74665992	R001	3	50024568	unique_+	chr3	49987135
rs12211598	R002	6	99929263	unique_+	chr6	99481387
rs590983	R002	6	99759026	unique_+	chr6	99311150
rs223413	R003	4	103732866	unique_+	chr4	102811709
rs56039225	R002	6	99812405	unique_+	chr6	99364529
rs9851719	R001	3	50291049	unique_+	chr3	50253617
rs612135	R002	6	99759827	unique_+	chr6	99311951
rs148891686	R001	3	48618122	unique_+	chr3	48580689
rs146142570	R001	3	50354287	unique_+	chr3	50316856
rs12529673	R002	6	98622351	unique_+	chr6	98174475
rs76993172	R002	6	98580170	unique_+	chr6	98132294
rs74539987	R002	6	98580120	unique_+	chr6	98132244
rs183870248	R002	6	98893534	unique_+	chr6	98445658
rs142055635	R001	3	48478910	unique_+	chr3	48437500
rs669194	R002	6	99761001	unique_+	chr6	99313125
rs9489802	R002	6	98248494	unique_+	chr6	97800618
rs12529031	R002	6	99903749	unique_+	chr6	99455873
rs146088243	R001	3	50199924	unique_+	chr3	50162491
rs35535366	R002	6	99904096	unique_+	chr6	99456220
rs3886048	R002	6	99895392	unique_+	chr6	99447516
rs58415636	R001	3	50414620	unique_+	chr3	50377189
rs451461	R003	4	103113866	unique_+	chr4	102192709
rs73496877	R002	6	99950664	unique_+	chr6	99502788
rs1351480	R002	6	99082928	unique_+	chr6	98635052
rs13202824	R002	6	99435235	unique_+	chr6	98987359
rs72929172	R001	3	48731961	unique_+	chr3	48694528
rs62422312	R002	6	99118355	unique_+	chr6	98670479
rs625620	R002	6	99760489	unique_+	chr6	99312613
rs3886049	R002	6	99895335	unique_+	chr6	99447459
rs11756832	R002	6	99075699	unique_+	chr6	98627823
rs12202281	R002	6	99903305	unique_+	chr6	99455429
rs17059258	R002	6	99665528	unique_+	chr6	99217652
rs330849	R002	6	100022617	unique_+	chr6	99574741
rs118168647	R002	6	99640080	unique_+	chr6	99192204
rs11757142	R002	6	99080658	unique_+	chr6	98632782
rs75957611	R002	6	99825047	unique_+	chr6	99377171
rs4648008	R003	4	103461788	unique_+	chr4	102540631
rs13212024	R002	6	99913962	unique_+	chr6	99466086
rs11154862	R002	6	99902611	unique_+	chr6	99454735
rs17181306	R002	6	99905520	unique_+	chr6	99457644
rs11154866	R002	6	99911124	unique_+	chr6	99463248
rs11154870	R002	6	99919228	unique_+	chr6	99471352
rs115931880	R001	3	49025625	unique_+	chr3	48988192
rs11757056	R002	6	99901957	unique_+	chr6	99454081
rs34292633	R002	6	99908970	unique_+	chr6	99461094
rs12496747	R001	3	48819376	unique_+	chr3	48781943
rs1481461	R002	6	99085636	unique_+	chr6	98637760
rs62422274	R002	6	99086540	unique_+	chr6	98638664
rs5026469	R003	4	103554713	unique_+	chr4	102633556
rs11757336	R002	6	99082037	unique_+	chr6	98634161
rs78359112	R003	4	103117261	unique_+	chr4	102196104
rs149130226	R001	3	48468798	unique_+	chr3	48427389
rs72932126	R003	4	103374721	unique_+	chr4	102453564
rs147422510	R003	4	102536416	unique_+	chr4	101615259
rs192778115	R002	6	99263113	unique_+	chr6	98815237
rs75218679	R002	6	98608016	unique_+	chr6	98160140
rs76582083	R002	6	98583075	unique_+	chr6	98135199
rs12528650	R002	6	98602288	unique_+	chr6	98154412
rs34353991	R002	6	99921206	unique_+	chr6	99473330
rs9376245	R002	6	99978987	unique_+	chr6	99531111
rs111325934	R002	6	99517725	unique_+	chr6	99069849
rs116950289	R002	6	98235899	unique_+	chr6	97788023
rs149349651	R001	3	50166766	unique_+	chr3	50129333
rs118055133	R003	4	102544149	unique_+	chr4	101622992
rs79367219	R002	6	99492885	unique_+	chr6	99045009
rs117006254	R002	6	98815928	unique_+	chr6	98368052
rs73080319	R001	3	48739946	unique_+	chr3	48702513
rs184446646	R001	3	48342700	unique_+	chr3	48301210
rs6939311	R002	6	99119473	unique_+	chr6	98671597
rs9482911	R002	6	99136866	unique_+	chr6	98688990
rs116427462	R001	3	50539429	unique_+	chr3	50501998
rs75411336	R001	3	48879153	unique_+	chr3	48841720
rs9398875	R002	6	99128549	unique_+	chr6	98680673
rs293214	R003	4	102314273	unique_+	chr4	101393116
rs145597899	R002	6	99897622	unique_+	chr6	99449746
rs1383814	R002	6	99039136	unique_+	chr6	98591260
rs9321332	R002	6	99496429	unique_+	chr6	99048553
rs12191324	R002	6	99913218	unique_+	chr6	99465342
rs2572098	R002	6	99538132	unique_+	chr6	99090256
rs142574598	R002	6	98586998	unique_+	chr6	98139122
rs117274904	R002	6	98043438	unique_+	chr6	97595562
rs74844562	R001	3	50928246	unique_+	chr3	50890815
rs4840053	R002	6	99938929	unique_+	chr6	99491053
rs11154871	R002	6	99920126	unique_+	chr6	99472250
rs4840054	R002	6	99941530	unique_+	chr6	99493654
rs11154875	R002	6	99923899	unique_+	chr6	99476023
rs62420599	R002	6	98780531	unique_+	chr6	98332655
rs62422275	R002	6	99086574	unique_+	chr6	98638698
rs17031366	R003	4	102424799	unique_+	chr4	101503642
rs142666037	R002	6	98647943	unique_+	chr6	98200067
rs6940360	R002	6	99934940	unique_+	chr6	99487064
rs221534	R002	6	99756757	unique_+	chr6	99308881
rs142406655	R002	6	98511704	unique_+	chr6	98063828
rs116305673	R001	3	48695027	unique_+	chr3	48657594
rs78292306	R001	3	50646863	unique_+	chr3	50609432
rs11154864	R002	6	99905048	unique_+	chr6	99457172
rs2850350	R003	4	102205385	unique_+	chr4	101284228
rs4648009	R003	4	103461819	unique_+	chr4	102540662
rs12203426	R002	6	99893878	unique_+	chr6	99446002
rs7640221	R001	3	48385718	unique_+	chr3	48344228
rs141259336	R001	3	49237814	unique_+	chr3	49200381
rs9402840	R002	6	99942603	unique_+	chr6	99494727
rs6934517	R002	6	99934104	unique_+	chr6	99486228
rs191506247	R002	6	98188866	unique_+	chr6	97740990
rs12214543	R002	6	99905353	unique_+	chr6	99457477
rs185827463	R001	3	50670825	unique_+	chr3	50633394
rs912338	R002	6	99945885	unique_+	chr6	99498009
rs17058751	R002	6	99084667	unique_+	chr6	98636791
rs147838410	R001	3	50356693	unique_+	chr3	50319262
rs181320468	R001	3	48305077	unique_+	chr3	48263587
rs114181246	R003	4	102522975	unique_+	chr4	101601818
rs144599470	R001	3	50068963	unique_+	chr3	50031530
rs13209484	R002	6	98581820	unique_+	chr6	98133944
rs116969911	R003	4	102537761	unique_+	chr4	101616604
rs181122045	R002	6	99084210	unique_+	chr6	98636334
rs187714448	R001	3	49746446	unique_+	chr3	49709013
rs191998748	R001	3	49516429	unique_+	chr3	49478996
rs117200861	R002	6	99526318	unique_+	chr6	99078442
rs62422314	R002	6	99127714	unique_+	chr6	98679838
rs113360567	R003	4	103811855	unique_+	chr4	102890698
rs71537090	R002	6	99536654	unique_+	chr6	99088778
rs79737997	R002	6	99585816	unique_+	chr6	99137940
rs9868262	R001	3	50551417	unique_+	chr3	50513986
rs6934692	R002	6	99951750	unique_+	chr6	99503874
rs74601309	R003	4	103340594	unique_+	chr4	102419437
rs11757366	R002	6	99076034	unique_+	chr6	98628158
rs10499025	R002	6	99925771	unique_+	chr6	99477895
rs1372242	R003	4	102290528	unique_+	chr4	101369371
rs113752873	R002	6	99557496	unique_+	chr6	99109620
rs117635724	R003	4	103131810	unique_+	chr4	102210653
rs2181687	R002	6	99935975	unique_+	chr6	99488099
rs79321595	R001	3	50559237	unique_+	chr3	50521806
rs75824351	R003	4	102625441	unique_+	chr4	101704284
rs5026471	R003	4	103554733	unique_+	chr4	102633576
rs1003242	R002	6	99594857	unique_+	chr6	99146981
rs140867372	R001	3	49945862	unique_+	chr3	49908429
rs624728	R002	6	99762672	unique_+	chr6	99314796
rs2397339	R002	6	99940614	unique_+	chr6	99492738
rs2388491	R002	6	99080342	unique_+	chr6	98632466
rs5026470	R003	4	103554722	unique_+	chr4	102633565
rs1351481	R002	6	99072799	unique_+	chr6	98624923
rs76061303	R001	3	48609041	unique_+	chr3	48571608
rs187481302	R003	4	102535925	unique_+	chr4	101614768
rs188443718	R001	3	49852778	unique_+	chr3	49815345
rs78899870	R002	6	98608896	unique_+	chr6	98161020
rs117520934	R002	6	98617547	unique_+	chr6	98169671
rs7755617	R002	6	98627310	unique_+	chr6	98179434
rs77979969	R002	6	98614117	unique_+	chr6	98166241
rs72936885	R001	3	49159328	unique_+	chr3	49121895
rs117703048	R002	6	98685667	unique_+	chr6	98237791
rs9321565	R002	6	99943328	unique_+	chr6	99495452
rs1318420	R002	6	99085640	unique_+	chr6	98637764
rs140213193	R002	6	99533932	unique_+	chr6	99086056
rs4428509	R002	6	98441875	unique_+	chr6	97993999
rs2179571	R002	6	99782008	unique_+	chr6	99334132
rs631986	R002	6	99768270	unique_+	chr6	99320394
rs10009249	R003	4	102290617	unique_+	chr4	101369460
rs62422273	R002	6	99084291	unique_+	chr6	98636415
rs926866	R002	6	99480376	unique_+	chr6	99032500
rs605277	R002	6	99776883	unique_+	chr6	99329007
rs9878345	R001	3	50261332	unique_+	chr3	50223900
rs985989	R003	4	103225255	unique_+	chr4	102304098
rs7662536	R003	4	103392853	unique_+	chr4	102471696
rs79590323	R003	4	103436737	unique_+	chr4	102515580
rs114397936	R001	3	50466479	unique_+	chr3	50429048
rs186086318	R001	3	48938167	unique_+	chr3	48900734
rs997476	R003	4	103542005	unique_+	chr4	102620848
rs7674104	R003	4	103134179	unique_+	chr4	102213022
rs150905459	R001	3	50640657	unique_+	chr3	50603226
rs79729458	R002	6	98607028	unique_+	chr6	98159152
rs112002645	R002	6	98601653	unique_+	chr6	98153777
rs7762856	R002	6	98610099	unique_+	chr6	98162223
rs7738225	R002	6	98610321	unique_+	chr6	98162445
rs78631131	R002	6	98609629	unique_+	chr6	98161753
rs184068298	R001	3	50467355	unique_+	chr3	50429924
rs141170522	R002	6	98898155	unique_+	chr6	98450279
rs145931220	R001	3	49699197	unique_+	chr3	49661764
rs147772661	R001	3	50006298	unique_+	chr3	49968865
rs189833777	R003	4	103578290	unique_+	chr4	102657133
rs11751123	R002	6	99951768	unique_+	chr6	99503892
rs186554741	R003	4	102530069	unique_+	chr4	101608912
rs117979350	R002	6	99521197	unique_+	chr6	99073321
rs114802185	R003	4	103316953	unique_+	chr4	102395796
rs140813952	R002	6	98440989	unique_+	chr6	97993113
rs112172773	R003	4	103379760	unique_+	chr4	102458603
rs75434734	R002	6	98114188	unique_+	chr6	97666312
rs182481510	R002	6	98053781	unique_+	chr6	97605905
rs115642203	R002	6	99504679	unique_+	chr6	99056803
rs138412093	R001	3	48940334	unique_+	chr3	48902901
rs13108283	R003	4	102292868	unique_+	chr4	101371711
rs57462170	R001	3	50239803	unique_+	chr3	50202370
rs13132496	R003	4	102308227	unique_+	chr4	101387070
rs140502640	R001	3	48926161	unique_+	chr3	48888728
rs10027194	R003	4	102292437	unique_+	chr4	101371280
rs10499018	R002	6	98772968	unique_+	chr6	98325092
rs1389925	R002	6	98896216	unique_+	chr6	98448340
rs11715758	R001	3	50292324	unique_+	chr3	50254892
rs221535	R002	6	99757001	unique_+	chr6	99309125
rs221527	R002	6	99771540	unique_+	chr6	99323664
rs227280	R003	4	103603949	unique_+	chr4	102682792
rs138973038	R003	4	102377401	unique_+	chr4	101456244
rs72688576	R003	4	103092818	unique_+	chr4	102171661
rs62422276	R002	6	99087017	unique_+	chr6	98639141
rs9385638	R002	6	99596394	unique_+	chr6	99148518
rs221532	R002	6	99755911	unique_+	chr6	99308035
rs73494567	R002	6	99912744	unique_+	chr6	99464868
rs147742571	R002	6	98220653	unique_+	chr6	97772777
rs4579121	R003	4	103558169	unique_+	chr4	102637012
rs28465302	R003	4	102404636	unique_+	chr4	101483479
rs221526	R002	6	99772200	unique_+	chr6	99324324
rs72928622	R002	6	99826239	unique_+	chr6	99378363
rs114834839	R001	3	49625889	unique_+	chr3	49588456
rs182516289	R002	6	98364792	unique_+	chr6	97916916
rs116309740	R003	4	102501651	unique_+	chr4	101580494
rs149086566	R001	3	49723376	unique_+	chr3	49685943
rs181514254	R002	6	99350966	unique_+	chr6	98903090
rs76016852	R003	4	103465229	unique_+	chr4	102544072
rs140663703	R001	3	48319461	unique_+	chr3	48277971
rs146157916	R001	3	50501405	unique_+	chr3	50463974
rs7695728	R003	4	102434437	unique_+	chr4	101513280
rs78102755	R003	4	102544280	unique_+	chr4	101623123
rs293209	R003	4	102316442	unique_+	chr4	101395285
rs113568938	R002	6	98610797	unique_+	chr6	98162921
rs117104384	R002	6	98600116	unique_+	chr6	98152240
rs113007897	R002	6	98614770	unique_+	chr6	98166894
rs113608826	R002	6	98619348	unique_+	chr6	98171472
rs113954365	R002	6	98601968	unique_+	chr6	98154092
rs147317191	R002	6	99848778	unique_+	chr6	99400902
rs10433985	R003	4	102402373	unique_+	chr4	101481216
rs115431681	R001	3	49182351	unique_+	chr3	49144918
rs126849	R002	6	99774534	unique_+	chr6	99326658
rs293211	R003	4	102316381	unique_+	chr4	101395224
rs126850	R002	6	99774442	unique_+	chr6	99326566
rs223401	R003	4	103738972	unique_+	chr4	102817815
rs10433980	R003	4	102283586	unique_+	chr4	101362429
rs3774965	R003	4	103524935	unique_+	chr4	102603778
rs2609038	R001	3	50741003	unique_+	chr3	50703572
rs145802912	R003	4	102594041	unique_+	chr4	101672884
rs62324183	R003	4	103024423	unique_+	chr4	102103266
rs4072313	R002	6	99133102	unique_+	chr6	98685226
rs138282747	R001	3	49910089	unique_+	chr3	49872656
rs126851	R002	6	99773552	unique_+	chr6	99325676
rs151321348	R001	3	48654467	unique_+	chr3	48617034
rs909349	R003	4	103556316	unique_+	chr4	102635159
rs12526314	R002	6	99922476	unique_+	chr6	99474600
rs77033638	R002	6	98891110	unique_+	chr6	98443234
rs221523	R002	6	99774964	unique_+	chr6	99327088
rs2272697	R003	4	103555992	unique_+	chr4	102634835
rs71564272	R002	6	99922631	unique_+	chr6	99474755
rs11727546	R003	4	103557664	unique_+	chr4	102636507
rs2526400	R001	3	50186948	unique_+	chr3	50149515
rs78900265	R003	4	103441742	unique_+	chr4	102520585
rs9321566	R002	6	99943332	unique_+	chr6	99495456
rs34723698	R003	4	102581150	unique_+	chr4	101659993
rs223374	R003	4	103758301	unique_+	chr4	102837144
rs145362997	R003	4	103172714	unique_+	chr4	102251557
rs12529612	R002	6	98619770	unique_+	chr6	98171894
rs149208648	R001	3	50651665	unique_+	chr3	50614234
rs143708227	R002	6	99519420	unique_+	chr6	99071544
rs146933521	R001	3	48611799	unique_+	chr3	48574366
rs149834433	R001	3	50849448	unique_+	chr3	50812017
rs11724614	R003	4	103550248	unique_+	chr4	102629091
rs11154874	R002	6	99923706	unique_+	chr6	99475830
rs223471	R003	4	103698786	unique_+	chr4	102777629
rs2433296	R003	4	102381117	unique_+	chr4	101459960
rs11733665	R003	4	103157352	unique_+	chr4	102236195
rs2850352	R003	4	102207871	unique_+	chr4	101286714
rs2903283	R003	4	103557753	unique_+	chr4	102636596
rs61740999	R001	3	48732846	unique_+	chr3	48695413
rs223361	R003	4	103769304	unique_+	chr4	102848147
rs146597499	R003	4	102661574	unique_+	chr4	101740417
rs4586937	R003	4	103556462	unique_+	chr4	102635305
rs6839064	R003	4	103555676	unique_+	chr4	102634519
rs41291730	R001	3	50388087	unique_+	chr3	50350656
rs2272695	R003	4	103555803	unique_+	chr4	102634646
rs2272696	R003	4	103555821	unique_+	chr4	102634664
rs35430913	R002	6	99925555	unique_+	chr6	99477679
rs6570100	R002	6	99948800	unique_+	chr6	99500924
rs6810869	R003	4	103558514	unique_+	chr4	102637357
rs886075	R001	3	50256928	unique_+	chr3	50219496
rs13194567	R002	6	99922159	unique_+	chr6	99474283
rs6812747	R003	4	103555417	unique_+	chr4	102634260
rs13090437	R001	3	50950638	unique_+	chr3	50913207
rs227284	R003	4	103607635	unique_+	chr4	102686478
rs2236939	R001	3	50243510	unique_+	chr3	50206077
rs2572112	R002	6	99594284	unique_+	chr6	99146408
rs114872512	R001	3	50282876	unique_+	chr3	50245444
rs2850357	R003	4	102213056	unique_+	chr4	101291899
rs56287038	R001	3	50418547	unique_+	chr3	50381116
rs2866413	R003	4	103557077	unique_+	chr4	102635920
rs77739565	R003	4	103602229	unique_+	chr4	102681072
rs78943857	R002	6	98700661	unique_+	chr6	98252785
rs221536	R002	6	99757255	unique_+	chr6	99309379
rs150808062	R001	3	50843162	unique_+	chr3	50805731
rs117898021	R002	6	99951270	unique_+	chr6	99503394
rs4547797	R003	4	103557192	unique_+	chr4	102636035
rs192262230	R003	4	102891654	unique_+	chr4	101970497
rs184252610	R001	3	50305214	unique_+	chr3	50267782
rs978999	R003	4	103133586	unique_+	chr4	102212429
rs111772538	R001	3	48458563	unique_+	chr3	48417154
rs111294440	R002	6	99511923	unique_+	chr6	99064047
rs75399993	R002	6	99479450	unique_+	chr6	99031574
rs117291436	R002	6	99523403	unique_+	chr6	99075527
rs7699678	R003	4	103550096	unique_+	chr4	102628939
rs9991603	R003	4	102425631	unique_+	chr4	101504474
rs56020359	R002	6	99720447	unique_+	chr6	99272571
rs17031373	R003	4	102431871	unique_+	chr4	101510714
rs142412647	R001	3	49111267	unique_+	chr3	49073834
rs11097750	R003	4	102438310	unique_+	chr4	101517153
rs6533020	R003	4	103558805	unique_+	chr4	102637648
rs28556768	R003	4	103125127	unique_+	chr4	102203970
rs7699231	R003	4	103550075	unique_+	chr4	102628918
rs17031377	R003	4	102431940	unique_+	chr4	101510783
rs17813721	R002	6	98478844	unique_+	chr6	98030968
rs6533022	R003	4	103558951	unique_+	chr4	102637794
rs2866414	R003	4	103557219	unique_+	chr4	102636062
rs9996834	R003	4	103557529	unique_+	chr4	102636372
rs151502	R003	4	103114104	unique_+	chr4	102192947
rs170267	R002	6	99744730	unique_+	chr6	99296854
rs115671887	R001	3	48555447	unique_+	chr3	48518014
rs192237270	R002	6	99912105	unique_+	chr6	99464229
rs35742391	R001	3	50257389	unique_+	chr3	50219957
rs151097911	R002	6	100006793	unique_+	chr6	99558917
rs6533021	R003	4	103558853	unique_+	chr4	102637696
rs67536946	R001	3	48149863	unique_+	chr3	48108373
rs4540050	R003	4	102407449	unique_+	chr4	101486292
rs35414716	R002	6	99499292	unique_+	chr6	99051416
rs9830408	R001	3	50294551	unique_+	chr3	50257119
rs7677509	R003	4	103550006	unique_+	chr4	102628849
rs2221617	R002	6	98778792	unique_+	chr6	98330916
rs4339470	R002	6	99084146	unique_+	chr6	98636270
rs7659504	R003	4	102383461	unique_+	chr4	101462304
rs2433314	R003	4	102389775	unique_+	chr4	101468618
rs141192821	R002	6	98269384	unique_+	chr6	97821508
rs79319842	R002	6	99512426	unique_+	chr6	99064550
rs117629319	R002	6	98947232	unique_+	chr6	98499356
rs1038266	R002	6	99079250	unique_+	chr6	98631374
rs1346215	R003	4	102437573	unique_+	chr4	101516416
rs117612722	R002	6	99522876	unique_+	chr6	99075000
rs144343956	R001	3	50937600	unique_+	chr3	50900169
rs150245860	R001	3	50953454	unique_+	chr3	50916023
rs170564	R003	4	103608308	unique_+	chr4	102687151
rs62423624	R002	6	99435036	unique_+	chr6	98987160
rs72692266	R003	4	103274946	unique_+	chr4	102353789
rs112978264	R001	3	49495682	unique_+	chr3	49458249
rs227282	R003	4	103606886	unique_+	chr4	102685729
rs2125211	R003	4	103559876	unique_+	chr4	102638719
rs10499014	R002	6	97947755	unique_+	chr6	97499879
rs144842468	R002	6	99133547	unique_+	chr6	98685671
rs2085583	R001	3	50888677	unique_+	chr3	50851246
rs227285	R003	4	103607806	unique_+	chr4	102686649
rs221580	R002	6	99745231	unique_+	chr6	99297355
rs150858838	R001	3	48956257	unique_+	chr3	48918824
rs13214352	R002	6	99503282	unique_+	chr6	99055406
rs189167807	R001	3	48285919	unique_+	chr3	48244429
rs7665090	R003	4	103551603	unique_+	chr4	102630446
rs2903278	R003	4	103124634	unique_+	chr4	102203477
rs185357981	R001	3	50843790	unique_+	chr3	50806359
rs75160702	R001	3	49878779	unique_+	chr3	49841346
rs188304317	R003	4	103471656	unique_+	chr4	102550499
rs185188117	R002	6	98997639	unique_+	chr6	98549763
rs227283	R003	4	103607253	unique_+	chr4	102686096
rs73834285	R003	4	102655292	unique_+	chr4	101734135
rs139963536	R002	6	99896837	unique_+	chr6	99448961
rs67491109	R002	6	98765700	unique_+	chr6	98317824
rs1451350	R002	6	98780251	unique_+	chr6	98332375
rs111674320	R001	3	49021111	unique_+	chr3	48983678
rs77628558	R002	6	99121469	unique_+	chr6	98673593
rs113692063	R003	4	103453385	unique_+	chr4	102532228
rs192983796	R001	3	48996488	unique_+	chr3	48959055
rs293215	R003	4	102313874	unique_+	chr4	101392717
rs137920315	R001	3	49220504	unique_+	chr3	49183071
rs186898194	R002	6	98487537	unique_+	chr6	98039661
rs9483641	R002	6	99673676	unique_+	chr6	99225800
rs189301948	R003	4	103747146	unique_+	chr4	102825989
rs138352293	R002	6	99397263	unique_+	chr6	98949387
rs4699221	R003	4	102416820	unique_+	chr4	101495663
rs1599686	R003	4	103310927	unique_+	chr4	102389770
rs13106325	R003	4	103554992	unique_+	chr4	102633835
rs7673910	R003	4	102434524	unique_+	chr4	101513367
rs227281	R003	4	103606872	unique_+	chr4	102685715
rs995313	R003	4	102434059	unique_+	chr4	101512902
rs75092450	R001	3	48133968	unique_+	chr3	48092478
rs170268	R002	6	99744554	unique_+	chr6	99296678
rs6446203	R001	3	50377129	unique_+	chr3	50339698
rs13362677	R002	6	98769909	unique_+	chr6	98322033
rs1451349	R002	6	98701062	unique_+	chr6	98253186
rs1349484	R002	6	98701058	unique_+	chr6	98253182
rs112497464	R001	3	50289969	unique_+	chr3	50252537
rs147125745	R001	3	50953977	unique_+	chr3	50916546
rs3731565	R001	3	48199290	unique_+	chr3	48157800
rs188165785	R002	6	99435364	unique_+	chr6	98987488
rs28589339	R003	4	102384103	unique_+	chr4	101462946
rs183698341	R002	6	98569254	unique_+	chr6	98121378
rs111664251	R001	3	48305206	unique_+	chr3	48263716
rs227372	R003	4	103612917	unique_+	chr4	102691760
rs145728998	R001	3	48297285	unique_+	chr3	48255795
rs189051509	R002	6	98861377	unique_+	chr6	98413501
rs80255665	R002	6	98637403	unique_+	chr6	98189527
rs77586676	R002	6	98628162	unique_+	chr6	98180286
rs187342575	R002	6	99130080	unique_+	chr6	98682204
rs150568866	R001	3	49507030	unique_+	chr3	49469597
rs6822371	R003	4	103233207	unique_+	chr4	102312050
rs17031369	R003	4	102431763	unique_+	chr4	101510606
rs2572128	R002	6	99475471	unique_+	chr6	99027595
rs2624834	R001	3	50132131	unique_+	chr3	50094698
rs11097749	R003	4	102436717	unique_+	chr4	101515560
rs35441946	R001	3	49895712	unique_+	chr3	49858279
rs7664828	R003	4	103551376	unique_+	chr4	102630219
rs13106304	R003	4	103554975	unique_+	chr4	102633818
rs4648134	R003	4	103536441	unique_+	chr4	102615284
rs4648043	R003	4	103508598	unique_+	chr4	102587441
rs6831916	R003	4	102436953	unique_+	chr4	101515796
rs4648016	R003	4	103489670	unique_+	chr4	102568513
rs9307258	R003	4	102411353	unique_+	chr4	101490196
rs118119388	R002	6	99931783	unique_+	chr6	99483907
rs13128485	R003	4	103253183	unique_+	chr4	102332026
rs7690700	R003	4	103552068	unique_+	chr4	102630911
rs170563	R003	4	103606672	unique_+	chr4	102685515
rs34221642	R001	3	48965078	unique_+	chr3	48927645
rs7665659	R003	4	103551818	unique_+	chr4	102630661
rs7665854	R003	4	103551909	unique_+	chr4	102630752
rs72684847	R003	4	102616869	unique_+	chr4	101695712
rs76824329	R001	3	50935778	unique_+	chr3	50898347
rs4648091	R003	4	103527169	unique_+	chr4	102606012
rs117480489	R002	6	99055073	unique_+	chr6	98607197
rs187321957	R003	4	103679667	unique_+	chr4	102758510
rs187321524	R002	6	98624407	unique_+	chr6	98176531
rs12529102	R002	6	98638219	unique_+	chr6	98190343
rs143098980	R002	6	99534689	unique_+	chr6	99086813
rs761175	R002	6	99785354	unique_+	chr6	99337478
rs149588881	R001	3	48399239	unique_+	chr3	48357749
rs148027730	R002	6	99803999	unique_+	chr6	99356123
rs117516868	R002	6	98307456	unique_+	chr6	97859580
rs73834811	R003	4	103486350	unique_+	chr4	102565193
rs227373	R003	4	103613266	unique_+	chr4	102692109
rs137933897	R002	6	99565143	unique_+	chr6	99117267
rs17278473	R003	4	103243101	unique_+	chr4	102321944
rs2866626	R003	4	102569209	unique_+	chr4	101648052
rs12644381	R003	4	103552430	unique_+	chr4	102631273
rs7690123	R003	4	103551759	unique_+	chr4	102630602
rs4547694	R001	3	50297330	unique_+	chr3	50259898
rs142018793	R003	4	103494406	unique_+	chr4	102573249
rs151380	R003	4	103118915	unique_+	chr4	102197758
rs13206123	R002	6	99495672	unique_+	chr6	99047796
rs227374	R003	4	103613299	unique_+	chr4	102692142
rs9372805	R002	6	98776853	unique_+	chr6	98328977
rs2433311	R003	4	102355935	unique_+	chr4	101434778
rs6912279	R002	6	99073313	unique_+	chr6	98625437
rs62420621	R002	6	98854800	unique_+	chr6	98406924
rs117050908	R002	6	98135725	unique_+	chr6	97687849
rs75411978	R002	6	99796888	unique_+	chr6	99349012
rs11914549	R001	3	50408855	unique_+	chr3	50371424
rs78025186	R003	4	103072838	unique_+	chr4	102151681
rs735405	R003	4	103553916	unique_+	chr4	102632759
rs9385718	R002	6	99787550	unique_+	chr6	99339674
rs2850354	R003	4	102208664	unique_+	chr4	101287507
rs2298953	R001	3	50287260	unique_+	chr3	50249828
rs2572119	R002	6	99468645	unique_+	chr6	99020769
rs11916258	R001	3	50304845	unique_+	chr3	50267413
rs73082350	R001	3	49063203	unique_+	chr3	49025770
rs181397936	R003	4	102569424	unique_+	chr4	101648267
rs1054037	R003	4	103552709	unique_+	chr4	102631552
rs735403	R003	4	103553543	unique_+	chr4	102632386
rs12210665	R002	6	99652221	unique_+	chr6	99204345
rs189818962	R003	4	102977624	unique_+	chr4	102056467
rs7751593	R002	6	98641552	unique_+	chr6	98193676
rs77755106	R002	6	98642290	unique_+	chr6	98194414
rs186635826	R001	3	48446488	unique_+	chr3	48405081
rs4699209	R003	4	102284940	unique_+	chr4	101363783
rs186521501	R002	6	98572652	unique_+	chr6	98124776
rs12637870	R001	3	50506073	unique_+	chr3	50468642
rs13103835	R003	4	103232168	unique_+	chr4	102311011
rs5026474	R003	4	103554810	unique_+	chr4	102633653
rs188800057	R003	4	103868332	unique_+	chr4	102947175
rs9321488	R002	6	99789499	unique_+	chr6	99341623
rs1077358	R003	4	103553926	unique_+	chr4	102632769
rs151383	R003	4	103116022	unique_+	chr4	102194865
rs181385639	R003	4	103380695	unique_+	chr4	102459538
rs2866409	R003	4	103554261	unique_+	chr4	102633104
rs4698960	R003	4	102441268	unique_+	chr4	101520111
rs12498722	R003	4	103554522	unique_+	chr4	102633365
rs2866408	R003	4	103554113	unique_+	chr4	102632956
rs735404	R003	4	103553665	unique_+	chr4	102632508
rs182201148	R003	4	102230546	unique_+	chr4	101309389
rs1863568	R003	4	102432547	unique_+	chr4	101511390
rs9307257	R003	4	102396292	unique_+	chr4	101475135
rs2866406	R003	4	103554019	unique_+	chr4	102632862
rs1426542	R003	4	102439470	unique_+	chr4	101518313
rs7641224	R001	3	50307111	unique_+	chr3	50269680
rs2866412	R003	4	103554350	unique_+	chr4	102633193
rs143249625	R002	6	99545188	unique_+	chr6	99097312
rs61382127	R001	3	50353615	unique_+	chr3	50316184
rs5026476	R003	4	103554910	unique_+	chr4	102633753
rs114790596	R001	3	48110256	unique_+	chr3	48068766
rs76949547	R003	4	102544194	unique_+	chr4	101623037
rs77053876	R002	6	98636380	unique_+	chr6	98188504
rs150250479	R002	6	98263615	unique_+	chr6	97815739
rs139328407	R002	6	98667514	unique_+	chr6	98219638
rs12530108	R002	6	98701238	unique_+	chr6	98253362
rs7751657	R002	6	98711315	unique_+	chr6	98263439
rs1901307	R002	6	98702587	unique_+	chr6	98254711
rs116068019	R001	3	49264867	unique_+	chr3	49227434
rs193204298	R003	4	102294798	unique_+	chr4	101373641
rs144773376	R001	3	50488688	unique_+	chr3	50451257
rs1395973	R002	6	98771028	unique_+	chr6	98323152
rs4395393	R001	3	49928614	unique_+	chr3	49891181
rs5026472	R003	4	103554773	unique_+	chr4	102633616
rs62432266	R002	6	99847378	unique_+	chr6	99399502
rs227364	R003	4	103610310	unique_+	chr4	102689153
rs1054029	R003	4	103553053	unique_+	chr4	102631896
rs4019	R003	4	103552830	unique_+	chr4	102631673
rs9491331	R002	6	98794833	unique_+	chr6	98346957
rs114302200	R001	3	49490488	unique_+	chr3	49453055
rs73501499	R002	6	99904074	unique_+	chr6	99456198
rs2388906	R002	6	99796886	unique_+	chr6	99349010
rs3194585	R003	4	103553090	unique_+	chr4	102631933
rs117898239	R002	6	99313564	unique_+	chr6	98865688
rs28793343	R003	4	102592464	unique_+	chr4	101671307
rs147695196	R001	3	50342287	unique_+	chr3	50304856
rs74677336	R002	6	98651398	unique_+	chr6	98203522
rs180693428	R001	3	50394324	unique_+	chr3	50356893
rs77249897	R002	6	98704610	unique_+	chr6	98256734
rs1376501	R002	6	98700935	unique_+	chr6	98253059
rs191109100	R002	6	99794141	unique_+	chr6	99346265
rs76914703	R003	4	102544282	unique_+	chr4	101623125
rs113852790	R001	3	48333462	unique_+	chr3	48291972
rs12525438	R002	6	98640507	unique_+	chr6	98192631
rs12717176	R002	6	98769729	unique_+	chr6	98321853
rs13112128	R003	4	103609793	unique_+	chr4	102688636
rs141087679	R002	6	99549465	unique_+	chr6	99101589
rs2866421	R003	4	102603229	unique_+	chr4	101682072
rs227369	R003	4	103612018	unique_+	chr4	102690861
rs6532943	R003	4	102433354	unique_+	chr4	101512197
rs117749017	R002	6	98155777	unique_+	chr6	97707901
rs4013	R003	4	103552813	unique_+	chr4	102631656
rs4648015	R003	4	103488938	unique_+	chr4	102567781
rs6925239	R002	6	99795428	unique_+	chr6	99347552
rs170933	R003	4	103114000	unique_+	chr4	102192843
rs6569995	R002	6	99786673	unique_+	chr6	99338797
rs6903212	R002	6	99552258	unique_+	chr6	99104382
rs126854	R002	6	99749532	unique_+	chr6	99301656
rs9494107	R002	6	99762501	unique_+	chr6	99314625
rs6820608	R003	4	102602859	unique_+	chr4	101681702
rs144866425	R002	6	99381552	unique_+	chr6	98933676
rs148877366	R002	6	99122490	unique_+	chr6	98674614
rs112209763	R002	6	99778648	unique_+	chr6	99330772
rs115744844	R001	3	48632756	unique_+	chr3	48595323
rs185376721	R001	3	48213499	unique_+	chr3	48172009
rs227366	R003	4	103611364	unique_+	chr4	102690207
rs78509033	R001	3	48404641	unique_+	chr3	48363151
rs227371	R003	4	103612137	unique_+	chr4	102690980
rs3974662	R003	4	102428196	unique_+	chr4	101507039
rs77522595	R003	4	102576393	unique_+	chr4	101655236
rs78650301	R003	4	102205938	unique_+	chr4	101284781
rs227363	R003	4	103610248	unique_+	chr4	102689091
rs2269569	R001	3	50412797	unique_+	chr3	50375366
rs9402823	R002	6	99928848	unique_+	chr6	99480972
rs76077701	R002	6	98667131	unique_+	chr6	98219255
rs1376500	R002	6	98701014	unique_+	chr6	98253138
rs113697725	R002	6	98649294	unique_+	chr6	98201418
rs76618970	R002	6	98654201	unique_+	chr6	98206325
rs78762787	R002	6	98654758	unique_+	chr6	98206882
rs682730	R002	6	98674928	unique_+	chr6	98227052
rs7674640	R003	4	103540780	unique_+	chr4	102619623
rs184178626	R002	6	99448228	unique_+	chr6	99000352
rs11970114	R002	6	98633264	unique_+	chr6	98185388
rs12525418	R002	6	98640384	unique_+	chr6	98192508
rs73834831	R003	4	103523142	unique_+	chr4	102601985
rs9491328	R002	6	98792723	unique_+	chr6	98344847
rs150731349	R002	6	98548367	unique_+	chr6	98100491
rs146289858	R003	4	103361761	unique_+	chr4	102440604
rs4840048	R002	6	99928081	unique_+	chr6	99480205
rs56338858	R002	6	98773336	unique_+	chr6	98325460
rs117546336	R002	6	98545963	unique_+	chr6	98098087
rs4648116	R003	4	103534425	unique_+	chr4	102613268
rs72928451	R002	6	98966733	unique_+	chr6	98518857
rs17058384	R002	6	98766589	unique_+	chr6	98318713
rs75005074	R003	4	102721771	unique_+	chr4	101800614
rs223322	R003	4	103800194	unique_+	chr4	102879037
rs13200353	R002	6	99547785	unique_+	chr6	99099909
rs76833819	R002	6	98498408	unique_+	chr6	98050532
rs73834812	R003	4	103486844	unique_+	chr4	102565687
rs79958823	R003	4	103453384	unique_+	chr4	102532227
rs4140520	R002	6	99762502	unique_+	chr6	99314626
rs13207525	R002	6	98785917	unique_+	chr6	98338041
rs6930106	R002	6	99552544	unique_+	chr6	99104668
rs148026569	R003	4	103213069	unique_+	chr4	102291912
rs7629917	R001	3	50358464	unique_+	chr3	50321033
rs2866407	R003	4	103554108	unique_+	chr4	102632951
rs75113299	R002	6	98652464	unique_+	chr6	98204588
rs145746864	R002	6	98664039	unique_+	chr6	98216163
rs143031205	R001	3	50158145	unique_+	chr3	50120712
rs140389270	R003	4	102266301	unique_+	chr4	101345144
rs78577483	R002	6	98636604	unique_+	chr6	98188728
rs193047925	R001	3	49262670	unique_+	chr3	49225237
rs140523623	R002	6	98573447	unique_+	chr6	98125571
rs141683806	R001	3	48376391	unique_+	chr3	48334901
rs77971107	R002	6	99285228	unique_+	chr6	98837352
rs581629	R002	6	99705914	unique_+	chr6	99258038
rs72690499	R003	4	103186044	unique_+	chr4	102264887
rs7762570	R002	6	99214884	unique_+	chr6	98767008
rs73837261	R003	4	103452421	unique_+	chr4	102531264
rs1078326	R002	6	98785243	unique_+	chr6	98337367
rs150168772	R001	3	49403287	unique_+	chr3	49365854
rs149907535	R003	4	103195128	unique_+	chr4	102273971
rs115311469	R003	4	102341691	unique_+	chr4	101420534
rs114912702	R001	3	48376499	unique_+	chr3	48335009
rs12195354	R002	6	99911959	unique_+	chr6	99464083
rs55822687	R002	6	99776034	unique_+	chr6	99328158
rs116915314	R002	6	98809185	unique_+	chr6	98361309
rs73082341	R001	3	49024066	unique_+	chr3	48986633
rs80234075	R002	6	98670260	unique_+	chr6	98222384
rs78308400	R002	6	98688405	unique_+	chr6	98240529
rs111431034	R002	6	98689244	unique_+	chr6	98241368
rs17058272	R002	6	98648235	unique_+	chr6	98200359
rs112894420	R002	6	98685857	unique_+	chr6	98237981
rs77978035	R002	6	98671727	unique_+	chr6	98223851
rs76090848	R002	6	98687786	unique_+	chr6	98239910
rs76598295	R002	6	98680182	unique_+	chr6	98232306
rs17058311	R002	6	98686810	unique_+	chr6	98238934
rs188853628	R003	4	103456875	unique_+	chr4	102535718
rs74425221	R002	6	99058554	unique_+	chr6	98610678
rs139083518	R001	3	49523947	unique_+	chr3	49486514
rs7679591	R003	4	103458418	unique_+	chr4	102537261
rs115012662	R003	4	103047347	unique_+	chr4	102126190
rs41288947	R002	6	99894086	unique_+	chr6	99446210
rs117372469	R002	6	98861728	unique_+	chr6	98413852
rs72694174	R003	4	103378675	unique_+	chr4	102457518
rs7674004	R003	4	103540313	unique_+	chr4	102619156
rs17058035	R002	6	98242182	unique_+	chr6	97794306
rs3895736	R001	3	48658467	unique_+	chr3	48621034
rs141296181	R002	6	99121723	unique_+	chr6	98673847
rs117521190	R002	6	98409908	unique_+	chr6	97962032
rs143972964	R003	4	102333789	unique_+	chr4	101412632
rs4448102	R002	6	99926169	unique_+	chr6	99478293
rs10499013	R002	6	97946396	unique_+	chr6	97498520
rs221528	R002	6	99767254	unique_+	chr6	99319378
rs146593670	R002	6	98228178	unique_+	chr6	97780302
rs117686854	R002	6	99643104	unique_+	chr6	99195228
rs150096716	R002	6	97801325	unique_+	chr6	97353449
rs76737087	R001	3	48553225	unique_+	chr3	48515792
rs13195003	R002	6	99545664	unique_+	chr6	99097788
rs227370	R003	4	103612043	unique_+	chr4	102690886
rs183854392	R002	6	99891616	unique_+	chr6	99443740
rs112631652	R001	3	48168018	unique_+	chr3	48126528
rs28602275	R002	6	99553074	unique_+	chr6	99105198
rs149772221	R002	6	98215110	unique_+	chr6	97767234
rs144645205	R001	3	50417867	unique_+	chr3	50380436
rs189102154	R002	6	98221116	unique_+	chr6	97773240
rs12190963	R002	6	99932154	unique_+	chr6	99484278
rs182527458	R002	6	98405723	unique_+	chr6	97957847
rs111622953	R002	6	98574134	unique_+	chr6	98126258
rs111427218	R002	6	98554516	unique_+	chr6	98106640
rs7775072	R002	6	98655465	unique_+	chr6	98207589
rs74518564	R002	6	98569110	unique_+	chr6	98121234
rs112617841	R002	6	98566072	unique_+	chr6	98118196
rs141092748	R001	3	49220086	unique_+	chr3	49182653
rs77154212	R002	6	99042546	unique_+	chr6	98594670
rs192035214	R003	4	103301931	unique_+	chr4	102380774
rs142054839	R002	6	98164584	unique_+	chr6	97716708
rs148675210	R001	3	48121470	unique_+	chr3	48079980
rs223317	R003	4	103802824	unique_+	chr4	102881667
rs4839955	R002	6	98809679	unique_+	chr6	98361803
rs9884436	R003	4	102413271	unique_+	chr4	101492114
rs10002033	R003	4	103135116	unique_+	chr4	102213959
rs7749262	R002	6	98793259	unique_+	chr6	98345383
rs139933905	R003	4	102905040	unique_+	chr4	101983883
rs12207489	R002	6	99911409	unique_+	chr6	99463533
rs3870336	R001	3	49557857	unique_+	chr3	49520424
rs4858820	R001	3	48484016	unique_+	chr3	48442607
rs73834806	R003	4	103472137	unique_+	chr4	102550980
rs4647987	R003	4	103447269	unique_+	chr4	102526112
rs6819693	R003	4	102602651	unique_+	chr4	101681494
rs2583406	R003	4	102213720	unique_+	chr4	101292563
rs34208976	R003	4	102790037	unique_+	chr4	101868880
rs73837271	R003	4	103469533	unique_+	chr4	102548376
rs145355355	R002	6	98439129	unique_+	chr6	97991253
rs145401859	R001	3	49477855	unique_+	chr3	49440422
rs73834805	R003	4	103471882	unique_+	chr4	102550725
rs144239650	R001	3	48513197	unique_+	chr3	48471788
rs143162395	R002	6	99592418	unique_+	chr6	99144542
rs182730354	R003	4	102400532	unique_+	chr4	101479375
rs80027679	R003	4	102544110	unique_+	chr4	101622953
rs192653664	R003	4	103248559	unique_+	chr4	102327402
rs114811343	R002	6	99511092	unique_+	chr6	99063216
rs77246993	R001	3	48388880	unique_+	chr3	48347390
rs620466	R002	6	98684540	unique_+	chr6	98236664
rs112850876	R002	6	98667629	unique_+	chr6	98219753
rs78550985	R002	6	98676791	unique_+	chr6	98228915
rs111455452	R002	6	98700076	unique_+	chr6	98252200
rs80174938	R002	6	98576937	unique_+	chr6	98129061
rs1157240	R002	6	98578341	unique_+	chr6	98130465
rs620482	R002	6	98684542	unique_+	chr6	98236666
rs34586333	R002	6	98601084	unique_+	chr6	98153208
rs150237408	R001	3	50700797	unique_+	chr3	50663366
rs181516088	R002	6	97856775	unique_+	chr6	97408899
rs146135401	R003	4	102530485	unique_+	chr4	101609328
rs6941784	R002	6	98767943	unique_+	chr6	98320067
rs7614770	R001	3	50418873	unique_+	chr3	50381442
rs13199801	R002	6	99553314	unique_+	chr6	99105438
rs56023037	R001	3	48412246	unique_+	chr3	48370756
rs13220816	R002	6	99448773	unique_+	chr6	99000897
rs150315209	R002	6	99173896	unique_+	chr6	98726020
rs6933065	R002	6	99792878	unique_+	chr6	99345002
rs221551	R002	6	99718440	unique_+	chr6	99270564
rs983523	R002	6	99726621	unique_+	chr6	99278745
rs144919459	R001	3	48387474	unique_+	chr3	48345984
rs2866420	R003	4	102603135	unique_+	chr4	101681978
rs60521077	R002	6	99553171	unique_+	chr6	99105295
rs117751495	R002	6	97907208	unique_+	chr6	97459332
rs17033377	R003	4	103805801	unique_+	chr4	102884644
rs3860236	R002	6	99551765	unique_+	chr6	99103889
rs11965838	R002	6	99526555	unique_+	chr6	99078679
rs78786596	R002	6	97876827	unique_+	chr6	97428951
rs73834807	R003	4	103476271	unique_+	chr4	102555114
rs77416893	R003	4	103460474	unique_+	chr4	102539317
rs4596489	R002	6	98426069	unique_+	chr6	97978193
rs4839941	R002	6	98682687	unique_+	chr6	98234811
rs79591848	R002	6	98576011	unique_+	chr6	98128135
rs80270781	R002	6	98556437	unique_+	chr6	98108561
rs289756	R002	6	98680669	unique_+	chr6	98232793
rs116476805	R001	3	50573572	unique_+	chr3	50536141
rs143791813	R002	6	97992900	unique_+	chr6	97545024
rs138443817	R001	3	50465806	unique_+	chr3	50428375
rs116604207	R001	3	50147061	unique_+	chr3	50109628
rs111289199	R002	6	99235383	unique_+	chr6	98787507
rs17179130	R002	6	99814820	unique_+	chr6	99366944
rs227365	R003	4	103610872	unique_+	chr4	102689715
rs2038161	R002	6	99800968	unique_+	chr6	99353092
rs147320814	R002	6	99384964	unique_+	chr6	98937088
rs2109181	R001	3	48580173	unique_+	chr3	48542740
rs6820207	R003	4	102602644	unique_+	chr4	101681487
rs9494131	R002	6	99774396	unique_+	chr6	99326520
rs393223	R003	4	103605916	unique_+	chr4	102684759
rs75744242	R003	4	103460347	unique_+	chr4	102539190
rs73837260	R003	4	103452275	unique_+	chr4	102531118
rs4648097	R003	4	103528128	unique_+	chr4	102606971
rs112673097	R003	4	103202927	unique_+	chr4	102281770
rs73837258	R003	4	103451774	unique_+	chr4	102530617
rs9389250	R002	6	99771197	unique_+	chr6	99323321
rs12213066	R002	6	99552921	unique_+	chr6	99105045
rs2526386	R001	3	50175959	unique_+	chr3	50138526
rs192030629	R001	3	48122715	unique_+	chr3	48081225
rs34310541	R002	6	99552973	unique_+	chr6	99105097
rs9389234	R002	6	99758668	unique_+	chr6	99310792
rs980760	R002	6	98699980	unique_+	chr6	98252104
rs289773	R002	6	98689140	unique_+	chr6	98241264
rs117753356	R002	6	98600426	unique_+	chr6	98152550
rs78766088	R002	6	98576423	unique_+	chr6	98128547
rs149643454	R002	6	98072251	unique_+	chr6	97624375
rs182810129	R001	3	49986553	unique_+	chr3	49949120
rs141920218	R001	3	48237586	unique_+	chr3	48196096
rs192475647	R002	6	98691095	unique_+	chr6	98243219
rs184522160	R002	6	99441345	unique_+	chr6	98993469
rs142582757	R001	3	50844284	unique_+	chr3	50806853
rs187291824	R003	4	102276455	unique_+	chr4	101355298
rs76037637	R003	4	103792253	unique_+	chr4	102871096
rs13219806	R002	6	99461867	unique_+	chr6	99013991
rs141605222	R002	6	99452024	unique_+	chr6	99004148
rs9875873	R001	3	50306632	unique_+	chr3	50269200
rs4618535	R002	6	99935669	unique_+	chr6	99487793
rs57302549	R003	4	102371832	unique_+	chr4	101450675
rs146859119	R002	6	99876315	unique_+	chr6	99428439
rs6914132	R002	6	99702420	unique_+	chr6	99254544
rs73837268	R003	4	103460969	unique_+	chr4	102539812
rs9883813	R001	3	49370544	unique_+	chr3	49333111
rs721032	R002	6	99719374	unique_+	chr6	99271498
rs2850360	R003	4	102216212	unique_+	chr4	101295055
rs187435692	R003	4	103649134	unique_+	chr4	102727977
rs79798791	R002	6	98038589	unique_+	chr6	97590713
rs79730802	R002	6	99671257	unique_+	chr6	99223381
rs58231937	R001	3	50799712	unique_+	chr3	50762281
rs56198179	R001	3	50871018	unique_+	chr3	50833587
rs289771	R002	6	98687875	unique_+	chr6	98239999
rs149076172	R001	3	50936273	unique_+	chr3	50898842
rs186460329	R002	6	99660046	unique_+	chr6	99212170
rs142132348	R001	3	50134415	unique_+	chr3	50096982
rs55962826	R003	4	102372145	unique_+	chr4	101450988
rs221549	R002	6	99737490	unique_+	chr6	99289614
rs998719	R003	4	103244676	unique_+	chr4	102323519
rs74452645	R002	6	100015844	unique_+	chr6	99567968
rs17032815	R003	4	103487285	unique_+	chr4	102566128
rs910034	R002	6	99724713	unique_+	chr6	99276837
rs6532951	R003	4	102567436	unique_+	chr4	101646279
rs11154802	R002	6	99819128	unique_+	chr6	99371252
rs2170367	R002	6	99094546	unique_+	chr6	98646670
rs113143617	R002	6	99810132	unique_+	chr6	99362256
rs34187446	R002	6	99539930	unique_+	chr6	99092054
rs145201717	R001	3	48468764	unique_+	chr3	48427355
rs7755530	R002	6	99944051	unique_+	chr6	99496175
rs113708437	R002	6	99967714	unique_+	chr6	99519838
rs192201007	R001	3	49673356	unique_+	chr3	49635923
rs190992572	R001	3	50674927	unique_+	chr3	50637496
rs113766734	R002	6	98626067	unique_+	chr6	98178191
rs113939992	R001	3	49229102	unique_+	chr3	49191669
rs74846782	R002	6	98387545	unique_+	chr6	97939669
rs139860867	R001	3	49109625	unique_+	chr3	49072192
rs3974654	R003	4	102403680	unique_+	chr4	101482523
rs78020607	R001	3	50254624	unique_+	chr3	50217192
rs77160456	R003	4	103226969	unique_+	chr4	102305812
rs112040988	R001	3	50972844	unique_+	chr3	50935413
rs1426537	R003	4	102433000	unique_+	chr4	101511843
rs1540052	R003	4	103137977	unique_+	chr4	102216820
rs709210	R001	3	50357869	unique_+	chr3	50320438
rs73837257	R003	4	103448758	unique_+	chr4	102527601
rs150900	R003	4	103625183	unique_+	chr4	102704026
rs6909059	R002	6	99725979	unique_+	chr6	99278103
rs75604237	R003	4	102580376	unique_+	chr4	101659219
rs730566	R001	3	48487048	unique_+	chr3	48445644
rs148663309	R001	3	48255577	unique_+	chr3	48214087
rs10489124	R003	4	103189437	unique_+	chr4	102268280
rs184903981	R001	3	50246788	unique_+	chr3	50209355
rs113161556	R002	6	98741415	unique_+	chr6	98293539
rs11937097	R003	4	102381937	unique_+	chr4	101460780
rs187782965	R001	3	50502633	unique_+	chr3	50465202
rs146103732	R001	3	50111632	unique_+	chr3	50074199
rs190084129	R002	6	98709885	unique_+	chr6	98262009
rs111284966	R002	6	99207322	unique_+	chr6	98759446
rs2850331	R003	4	102278368	unique_+	chr4	101357211
rs139396959	R002	6	99458605	unique_+	chr6	99010729
rs2850329	R003	4	102275264	unique_+	chr4	101354107
rs1016127	R003	4	102405953	unique_+	chr4	101484796
rs6921857	R002	6	99756083	unique_+	chr6	99308207
rs117688739	R002	6	99162109	unique_+	chr6	98714233
rs111523228	R003	4	103114236	unique_+	chr4	102193079
rs62422090	R002	6	97944199	unique_+	chr6	97496323
rs2471677	R003	4	102379595	unique_+	chr4	101458438
rs117428639	R002	6	98472445	unique_+	chr6	98024569
rs3113676	R003	4	102965043	unique_+	chr4	102043886
rs12203944	R002	6	99821121	unique_+	chr6	99373245
rs80351783	R001	3	50935786	unique_+	chr3	50898355
rs112972883	R002	6	99065124	unique_+	chr6	98617248
rs6446202	R001	3	50219991	unique_+	chr3	50182558
rs183873982	R002	6	99470260	unique_+	chr6	99022384
rs187956073	R001	3	48395370	unique_+	chr3	48353880
rs192156005	R001	3	49747001	unique_+	chr3	49709568
rs184376744	R001	3	49875389	unique_+	chr3	49837956
rs2850330	R003	4	102278055	unique_+	chr4	101356898
rs10872431	R002	6	99821895	unique_+	chr6	99374019
rs1863569	R003	4	102432542	unique_+	chr4	101511385
rs62322244	R003	4	103135778	unique_+	chr4	102214621
rs4296896	R002	6	99466279	unique_+	chr6	99018403
rs73837266	R003	4	103460028	unique_+	chr4	102538871
rs79450040	R002	6	98485532	unique_+	chr6	98037656
rs148115848	R001	3	50428885	unique_+	chr3	50391454
rs6833608	R003	4	102404135	unique_+	chr4	101482978
rs111509387	R002	6	99826997	unique_+	chr6	99379121
rs148009310	R002	6	99044065	unique_+	chr6	98596189
rs17058091	R002	6	98341767	unique_+	chr6	97893891
rs150628303	R001	3	49955296	unique_+	chr3	49917863
rs13196334	R002	6	99460660	unique_+	chr6	99012784
rs142214604	R003	4	102210962	unique_+	chr4	101289805
rs12211829	R002	6	98417580	unique_+	chr6	97969704
rs4858880	R001	3	48104449	unique_+	chr3	48062959
rs2282751	R001	3	50291785	unique_+	chr3	50254353
rs113548230	R002	6	99811832	unique_+	chr6	99363956
rs139407620	R001	3	48985792	unique_+	chr3	48948359
rs189837174	R001	3	48374129	unique_+	chr3	48332639
rs190418813	R001	3	50902534	unique_+	chr3	50865103
rs146851911	R002	6	98145855	unique_+	chr6	97697979
rs4648002	R003	4	103458949	unique_+	chr4	102537792
rs12199977	R002	6	99552895	unique_+	chr6	99105019
rs13195172	R002	6	99450054	unique_+	chr6	99002178
rs148540285	R003	4	103339149	unique_+	chr4	102417992
rs146884970	R002	6	99068370	unique_+	chr6	98620494
rs4840031	R002	6	99773417	unique_+	chr6	99325541
rs116464690	R003	4	102835020	unique_+	chr4	101913863
rs2236944	R001	3	50292193	unique_+	chr3	50254761
rs11924107	R001	3	48113624	unique_+	chr3	48072134
rs117501794	R002	6	99139642	unique_+	chr6	98691766
rs111876322	R002	6	99879407	unique_+	chr6	99431531
rs112123307	R003	4	102279064	unique_+	chr4	101357907
rs141524407	R003	4	102273885	unique_+	chr4	101352728
rs6904416	R002	6	98990489	unique_+	chr6	98542613
rs180889177	R003	4	103313006	unique_+	chr4	102391849
rs6826588	R003	4	102402870	unique_+	chr4	101481713
rs142922893	R001	3	50570449	unique_+	chr3	50533018
rs192691826	R001	3	48201439	unique_+	chr3	48159949
rs187633135	R001	3	48235754	unique_+	chr3	48194264
rs186783373	R002	6	98263044	unique_+	chr6	97815168
rs11919665	R001	3	48085349	unique_+	chr3	48043859
rs189799987	R002	6	99942719	unique_+	chr6	99494843
rs142074392	R003	4	102831228	unique_+	chr4	101910071
rs118030859	R002	6	98330930	unique_+	chr6	97883054
rs6532941	R003	4	102413626	unique_+	chr4	101492469
rs6913114	R002	6	99802203	unique_+	chr6	99354327
rs11756488	R002	6	99451827	unique_+	chr6	99003951
rs138238225	R002	6	100012023	unique_+	chr6	99564147
rs1863573	R003	4	102401787	unique_+	chr4	101480630
rs1863575	R003	4	102407109	unique_+	chr4	101485952
rs185681165	R002	6	98384736	unique_+	chr6	97936860
rs11712474	R001	3	50444851	unique_+	chr3	50407420
rs78219085	R003	4	103334392	unique_+	chr4	102413235
rs6533039	R003	4	103859538	unique_+	chr4	102938381
rs72692226	R003	4	103213879	unique_+	chr4	102292722
rs191509672	R003	4	102488340	unique_+	chr4	101567183
rs117784420	R002	6	97862719	unique_+	chr6	97414843
rs147114459	R003	4	102405807	unique_+	chr4	101484650
rs9388295	R002	6	98671448	unique_+	chr6	98223572
rs4392441	R001	3	48077701	unique_+	chr3	48036211
rs4273407	R001	3	49277998	unique_+	chr3	49240565
rs2866418	R003	4	102602011	unique_+	chr4	101680854
rs2866416	R003	4	103880711	unique_+	chr4	102959554
rs221575	R002	6	99750433	unique_+	chr6	99302557
rs73837252	R003	4	103444274	unique_+	chr4	102523117
rs12208335	R002	6	99552868	unique_+	chr6	99104992
rs185655733	R003	4	103231888	unique_+	chr4	102310731
rs55748593	R001	3	50727896	unique_+	chr3	50690465
rs149171038	R001	3	50221561	unique_+	chr3	50184128
rs6532939	R003	4	102399209	unique_+	chr4	101478052
rs9489942	R002	6	98310619	unique_+	chr6	97862743
rs12524335	R002	6	98728111	unique_+	chr6	98280235
rs111602935	R001	3	49460449	unique_+	chr3	49423016
rs190538785	R001	3	50230146	unique_+	chr3	50192713
rs145760942	R002	6	99379828	unique_+	chr6	98931952
rs4858876	R001	3	48082861	unique_+	chr3	48041371
rs138418223	R002	6	98275094	unique_+	chr6	97827218
rs2433313	R003	4	102388941	unique_+	chr4	101467784
rs223499	R003	4	103647335	unique_+	chr4	102726178
rs150724484	R003	4	102263550	unique_+	chr4	101342393
rs10011201	R003	4	102391455	unique_+	chr4	101470298
rs9388920	R002	6	99461146	unique_+	chr6	99013270
rs34166957	R001	3	50605877	unique_+	chr3	50568446
rs56347941	R001	3	50707887	unique_+	chr3	50670456
rs223508	R003	4	103632963	unique_+	chr4	102711806
rs114300800	R001	3	49398464	unique_+	chr3	49361031
rs13124358	R003	4	102576983	unique_+	chr4	101655826
rs73079138	R001	3	50881291	unique_+	chr3	50843860
rs111982633	R003	4	103125471	unique_+	chr4	102204314
rs116379815	R001	3	50055358	unique_+	chr3	50017925
rs185109799	R001	3	50866530	unique_+	chr3	50829099
rs191279156	R002	6	98347225	unique_+	chr6	97899349
rs183981005	R001	3	50004099	unique_+	chr3	49966666
rs144519943	R002	6	97969039	unique_+	chr6	97521163
rs74898120	R001	3	50399274	unique_+	chr3	50361843
rs75905599	R002	6	98981393	unique_+	chr6	98533517
rs115881614	R003	4	102615396	unique_+	chr4	101694239
rs28803469	R003	4	102595770	unique_+	chr4	101674613
rs144246364	R001	3	50834376	unique_+	chr3	50796945
rs221560	R002	6	99713978	unique_+	chr6	99266102
rs113123639	R003	4	102845197	unique_+	chr4	101924040
rs151002517	R003	4	102334592	unique_+	chr4	101413435
rs114976310	R001	3	48298716	unique_+	chr3	48257226
rs12529995	R002	6	99462000	unique_+	chr6	99014124
rs2960591	R003	4	102375963	unique_+	chr4	101454806
rs2953534	R003	4	102376054	unique_+	chr4	101454897
rs192595058	R002	6	98078316	unique_+	chr6	97630440
rs62422089	R002	6	97944162	unique_+	chr6	97496286
rs9402113	R002	6	99196009	unique_+	chr6	98748133
rs7680807	R003	4	103061135	unique_+	chr4	102139978
rs191509973	R001	3	50897506	unique_+	chr3	50860075
rs72930253	R003	4	103364132	unique_+	chr4	102442975
rs79727002	R002	6	98729375	unique_+	chr6	98281499
rs77659002	R002	6	98726351	unique_+	chr6	98278475
rs6939980	R002	6	98685137	unique_+	chr6	98237261
rs28863533	R003	4	102409554	unique_+	chr4	101488397
rs117229870	R002	6	98449910	unique_+	chr6	98002034
rs5012971	R001	3	48074547	unique_+	chr3	48033057
rs11752997	R002	6	99124184	unique_+	chr6	98676308
rs9402352	R002	6	99461549	unique_+	chr6	99013673
rs2471675	R003	4	102388542	unique_+	chr4	101467385
rs35689209	R001	3	48119763	unique_+	chr3	48078273
rs9991503	R003	4	102425539	unique_+	chr4	101504382
rs11720973	R001	3	48146676	unique_+	chr3	48105186
rs4858881	R001	3	48123796	unique_+	chr3	48082306
rs139908160	R002	6	100006794	unique_+	chr6	99558918
rs4699220	R003	4	102416439	unique_+	chr4	101495282
rs115561554	R001	3	50280634	unique_+	chr3	50243202
rs72920760	R003	4	102412147	unique_+	chr4	101490990
rs10012311	R003	4	102414297	unique_+	chr4	101493140
rs28360513	R002	6	99617911	unique_+	chr6	99170035
rs4840030	R002	6	99765175	unique_+	chr6	99317299
rs62420614	R002	6	97767512	unique_+	chr6	97319636
rs4339472	R002	6	99860731	unique_+	chr6	99412855
rs4839909	R002	6	97766853	unique_+	chr6	97318977
rs79892443	R003	4	103087414	unique_+	chr4	102166257
rs117879006	R002	6	98133048	unique_+	chr6	97685172
rs192088637	R003	4	102431637	unique_+	chr4	101510480
rs80242137	R002	6	99289959	unique_+	chr6	98842083
rs6791834	R001	3	48115088	unique_+	chr3	48073598
rs117668398	R002	6	99515552	unique_+	chr6	99067676
rs181413454	R002	6	99529927	unique_+	chr6	99082051
rs184423206	R002	6	97767302	unique_+	chr6	97319426
rs148698248	R001	3	49698524	unique_+	chr3	49661091
rs144200861	R002	6	98233483	unique_+	chr6	97785607
rs148534249	R001	3	48518605	unique_+	chr3	48477196
rs181940114	R001	3	48203153	unique_+	chr3	48161663
rs9402354	R002	6	99462324	unique_+	chr6	99014448
rs7673593	R003	4	102443369	unique_+	chr4	101522212
rs221564	R002	6	99712697	unique_+	chr6	99264821
rs9849892	R001	3	50479018	unique_+	chr3	50441587
rs144475548	R002	6	98573743	unique_+	chr6	98125867
rs76772800	R001	3	48250911	unique_+	chr3	48209421
rs190094	R002	6	99707611	unique_+	chr6	99259735
rs75153707	R002	6	99891782	unique_+	chr6	99443906
rs910036	R002	6	99723762	unique_+	chr6	99275886
rs116144986	R003	4	103055621	unique_+	chr4	102134464
rs182378528	R002	6	98072312	unique_+	chr6	97624436
rs112196011	R002	6	98615152	unique_+	chr6	98167276
rs140259667	R002	6	98187472	unique_+	chr6	97739596
rs151116526	R001	3	50512868	unique_+	chr3	50475437
rs145028651	R003	4	102926395	unique_+	chr4	102005238
rs140564231	R001	3	48939121	unique_+	chr3	48901688
rs76438336	R002	6	99551143	unique_+	chr6	99103267
rs186162842	R001	3	48500153	unique_+	chr3	48458754
rs12530355	R002	6	99461814	unique_+	chr6	99013938
rs7620736	R001	3	48109969	unique_+	chr3	48068479
rs117278682	R002	6	99518763	unique_+	chr6	99070887
rs150507089	R001	3	50439490	unique_+	chr3	50402059
rs221571	R002	6	99708653	unique_+	chr6	99260777
rs112874363	R001	3	49646945	unique_+	chr3	49609512
rs13200556	R002	6	97853758	unique_+	chr6	97405882
rs182420788	R002	6	99380489	unique_+	chr6	98932613
rs910037	R002	6	99723554	unique_+	chr6	99275678
rs9375849	R002	6	99464409	unique_+	chr6	99016533
rs221552	R002	6	99718118	unique_+	chr6	99270242
rs150021639	R001	3	49689642	unique_+	chr3	49652209
rs1389926	R002	6	98896185	unique_+	chr6	98448309
rs7627645	R001	3	48093133	unique_+	chr3	48051643
rs221565	R002	6	99711246	unique_+	chr6	99263370
rs4496586	R003	4	103557311	unique_+	chr4	102636154
rs11942437	R003	4	102802286	unique_+	chr4	101881129
rs2209157	R002	6	99964012	unique_+	chr6	99516136
rs9388921	R002	6	99461569	unique_+	chr6	99013693
rs606898	R002	6	99705552	unique_+	chr6	99257676
rs17807080	R002	6	97769724	unique_+	chr6	97321848
rs140906364	R003	4	103747147	unique_+	chr4	102825990
rs111247421	R002	6	98819694	unique_+	chr6	98371818
rs137886183	R001	3	48841184	unique_+	chr3	48803751
rs140454992	R003	4	103203150	unique_+	chr4	102281993
rs115818960	R003	4	102537861	unique_+	chr4	101616704
rs189384085	R001	3	49769709	unique_+	chr3	49732276
rs12205258	R002	6	98519420	unique_+	chr6	98071544
rs183992176	R001	3	49982028	unique_+	chr3	49944595
rs12189817	R002	6	98442061	unique_+	chr6	97994185
rs13209986	R002	6	97803962	unique_+	chr6	97356086
rs72694103	R003	4	103318323	unique_+	chr4	102397166
rs56067795	R001	3	48115740	unique_+	chr3	48074250
rs117787686	R002	6	98338483	unique_+	chr6	97890607
rs2433312	R003	4	102386132	unique_+	chr4	101464975
rs6442094	R001	3	48079577	unique_+	chr3	48038087
rs76300578	R003	4	102627687	unique_+	chr4	101706530
rs143519195	R003	4	103461783	unique_+	chr4	102540626
rs41455847	R001	3	48600906	unique_+	chr3	48563473
rs182679612	R001	3	48470361	unique_+	chr3	48428952
rs6921952	R002	6	99697681	unique_+	chr6	99249805
rs140521774	R003	4	103643021	unique_+	chr4	102721864
rs4840038	R002	6	99828941	unique_+	chr6	99381065
rs7773881	R002	6	98025405	unique_+	chr6	97577529
rs79913640	R002	6	98742242	unique_+	chr6	98294366
rs145746762	R002	6	99563569	unique_+	chr6	99115693
rs191199100	R003	4	103358526	unique_+	chr4	102437369
rs150219403	R003	4	102614919	unique_+	chr4	101693762
rs28888113	R003	4	102284678	unique_+	chr4	101363521
rs56116307	R001	3	50592504	unique_+	chr3	50555073
rs223507	R003	4	103633815	unique_+	chr4	102712658
rs221584	R002	6	99739942	unique_+	chr6	99292066
rs148381330	R002	6	98354945	unique_+	chr6	97907069
rs148542436	R003	4	103664609	unique_+	chr4	102743452
rs7642590	R001	3	48099750	unique_+	chr3	48058260
rs6916697	R002	6	99697116	unique_+	chr6	99249240
rs649444	R002	6	99702210	unique_+	chr6	99254334
rs12197025	R002	6	99546481	unique_+	chr6	99098605
rs35927298	R002	6	97804911	unique_+	chr6	97357035
rs6442096	R001	3	48086398	unique_+	chr3	48044908
rs221530	R002	6	99753499	unique_+	chr6	99305623
rs626068	R002	6	99702599	unique_+	chr6	99254723
rs221562	R002	6	99712921	unique_+	chr6	99265045
rs182883506	R002	6	98189610	unique_+	chr6	97741734
rs7660137	R003	4	103115421	unique_+	chr4	102194264
rs13081463	R001	3	48121072	unique_+	chr3	48079582
rs149450731	R001	3	48384903	unique_+	chr3	48343413
rs2126394	R002	6	97818572	unique_+	chr6	97370696
rs186601813	R002	6	98593419	unique_+	chr6	98145543
rs149610301	R001	3	50827751	unique_+	chr3	50790320
rs142771793	R001	3	48713794	unique_+	chr3	48676361
rs12215335	R002	6	98520032	unique_+	chr6	98072156
rs60241377	R002	6	97821038	unique_+	chr6	97373162
rs117704417	R002	6	99563761	unique_+	chr6	99115885
rs1988009	R002	6	99726388	unique_+	chr6	99278512
rs78423413	R002	6	99891841	unique_+	chr6	99443965
rs17807469	R002	6	97818371	unique_+	chr6	97370495
rs35476121	R003	4	102769511	unique_+	chr4	101848354
rs74872511	R002	6	97812831	unique_+	chr6	97364955
rs10499010	R002	6	97764445	unique_+	chr6	97316569
rs116982140	R002	6	97995791	unique_+	chr6	97547915
rs74680554	R001	3	49753926	unique_+	chr3	49716493
rs192790000	R001	3	48497759	unique_+	chr3	48456359
rs191088299	R002	6	98943149	unique_+	chr6	98495273
rs113315211	R001	3	49471325	unique_+	chr3	49433892
rs62321929	R003	4	102518343	unique_+	chr4	101597186
rs12194369	R002	6	99696449	unique_+	chr6	99248573
rs11944753	R003	4	102424608	unique_+	chr4	101503451
rs34348185	R002	6	97765290	unique_+	chr6	97317414
rs3774753	R001	3	50333627	unique_+	chr3	50296196
rs4839908	R002	6	97766845	unique_+	chr6	97318969
rs59964988	R002	6	99886404	unique_+	chr6	99438528
rs117039010	R002	6	98113564	unique_+	chr6	97665688
rs76683572	R002	6	99800546	unique_+	chr6	99352670
rs113926309	R003	4	103191137	unique_+	chr4	102269980
rs72694157	R003	4	103363763	unique_+	chr4	102442606
rs2179572	R002	6	99703420	unique_+	chr6	99255544
rs7636294	R001	3	49868804	unique_+	chr3	49831371
rs6935493	R002	6	97959438	unique_+	chr6	97511562
rs147407056	R002	6	99795368	unique_+	chr6	99347492
rs145618257	R002	6	98910981	unique_+	chr6	98463105
rs190102149	R001	3	49487638	unique_+	chr3	49450205
rs115641191	R003	4	103054209	unique_+	chr4	102133052
rs115654252	R001	3	49244058	unique_+	chr3	49206625
rs113014455	R002	6	97787931	unique_+	chr6	97340055
rs7662572	R003	4	102791185	unique_+	chr4	101870028
rs4839910	R002	6	97803634	unique_+	chr6	97355758
rs13219392	R002	6	97776512	unique_+	chr6	97328636
rs2465896	R003	4	102385032	unique_+	chr4	101463875
rs34965788	R002	6	97769296	unique_+	chr6	97321420
rs56233909	R002	6	97778504	unique_+	chr6	97330628
rs1076904	R001	3	50652469	unique_+	chr3	50615038
rs11711129	R001	3	48109566	unique_+	chr3	48068076
rs13220643	R002	6	97780258	unique_+	chr6	97332382
rs223513	R003	4	103625590	unique_+	chr4	102704433
rs56078850	R002	6	99696344	unique_+	chr6	99248468
rs17031708	R003	4	102764358	unique_+	chr4	101843201
rs150287708	R003	4	102901914	unique_+	chr4	101980757
rs79176091	R001	3	50663332	unique_+	chr3	50625901
rs78648597	R002	6	97917607	unique_+	chr6	97469731
rs11755930	R002	6	98152951	unique_+	chr6	97705075
rs138838615	R001	3	48766667	unique_+	chr3	48729234
rs187231357	R003	4	103200268	unique_+	chr4	102279111
rs6768318	R001	3	48117970	unique_+	chr3	48076480
rs144976828	R001	3	49586414	unique_+	chr3	49548981
rs138389736	R003	4	102401601	unique_+	chr4	101480444
rs77604677	R003	4	102530982	unique_+	chr4	101609825
rs140609664	R001	3	49968608	unique_+	chr3	49931175
rs4648141	R003	4	103536901	unique_+	chr4	102615744
rs79375231	R002	6	99753785	unique_+	chr6	99305909
rs117747354	R002	6	98566814	unique_+	chr6	98118938
rs17807164	R002	6	97779380	unique_+	chr6	97331504
rs142876825	R001	3	48569708	unique_+	chr3	48532275
rs13148620	R003	4	102655670	unique_+	chr4	101734513
rs34775307	R002	6	97840196	unique_+	chr6	97392320
rs11154867	R002	6	99911462	unique_+	chr6	99463586
rs13214188	R002	6	97814397	unique_+	chr6	97366521
rs72690422	R003	4	103139877	unique_+	chr4	102218720
rs141060371	R001	3	48451656	unique_+	chr3	48410247
rs148735949	R003	4	103507270	unique_+	chr4	102586113
rs188674853	R002	6	99428333	unique_+	chr6	98980457
rs10489113	R003	4	103542201	unique_+	chr4	102621044
rs144257490	R003	4	102399060	unique_+	chr4	101477903
rs28827307	R003	4	102288647	unique_+	chr4	101367490
rs188717712	R003	4	103195337	unique_+	chr4	102274180
rs4840032	R002	6	99776384	unique_+	chr6	99328508
rs73072312	R001	3	48146328	unique_+	chr3	48104838
rs10457644	R002	6	99865941	unique_+	chr6	99418065
rs2092450	R002	6	99701635	unique_+	chr6	99253759
rs6916617	R002	6	99905574	unique_+	chr6	99457698
rs117959384	R002	6	99022588	unique_+	chr6	98574712
rs76630667	R002	6	99022490	unique_+	chr6	98574614
rs72692249	R003	4	103235173	unique_+	chr4	102314016
rs9376100	R002	6	99796023	unique_+	chr6	99348147
rs9389445	R002	6	99959434	unique_+	chr6	99511558
rs148128768	R002	6	99644845	unique_+	chr6	99196969
rs62420620	R002	6	97780983	unique_+	chr6	97333107
rs56044068	R002	6	97778418	unique_+	chr6	97330542
rs7618163	R001	3	48118703	unique_+	chr3	48077213
rs6803741	R001	3	48123540	unique_+	chr3	48082050
rs6938743	R002	6	98025019	unique_+	chr6	97577143
rs62420645	R002	6	97833962	unique_+	chr6	97386086
rs6902260	R002	6	99868788	unique_+	chr6	99420912
rs35449126	R002	6	97776284	unique_+	chr6	97328408
rs116527235	R003	4	102582806	unique_+	chr4	101661649
rs192574903	R001	3	48316535	unique_+	chr3	48275045
rs183231658	R002	6	99045427	unique_+	chr6	98597551
rs118176493	R002	6	99076910	unique_+	chr6	98629034
rs146504720	R002	6	99814311	unique_+	chr6	99366435
rs41291734	R001	3	50513613	unique_+	chr3	50476182
rs146005746	R002	6	99502201	unique_+	chr6	99054325
rs4858882	R001	3	48132431	unique_+	chr3	48090941
rs12214898	R002	6	99906156	unique_+	chr6	99458280
rs187817145	R002	6	99663983	unique_+	chr6	99216107
rs11942541	R003	4	102431453	unique_+	chr4	101510296
rs11930376	R003	4	102809755	unique_+	chr4	101888598
rs6846296	R003	4	102595706	unique_+	chr4	101674549
rs6570130	R002	6	99970055	unique_+	chr6	99522179
rs9375824	R002	6	99446985	unique_+	chr6	98999109
rs9375642	R002	6	99235909	unique_+	chr6	98788033
rs117233481	R002	6	98558849	unique_+	chr6	98110973
rs3731529	R001	3	48213498	unique_+	chr3	48172008
rs12193590	R002	6	99826265	unique_+	chr6	99378389
rs17181369	R002	6	99908023	unique_+	chr6	99460147
rs77750646	R002	6	99882475	unique_+	chr6	99434599
rs12213819	R002	6	99548260	unique_+	chr6	99100384
rs1363067	R003	4	102794164	unique_+	chr4	101873007
rs140684282	R003	4	103482047	unique_+	chr4	102560890
rs140644236	R002	6	97825847	unique_+	chr6	97377971
rs12204243	R002	6	99889369	unique_+	chr6	99441493
rs227367	R003	4	103611533	unique_+	chr4	102690376
rs12497634	R001	3	48487795	unique_+	chr3	48446391
rs116892638	R002	6	97805978	unique_+	chr6	97358102
rs665943	R001	3	50619906	unique_+	chr3	50582475
rs190862243	R002	6	98777955	unique_+	chr6	98330079
rs150463669	R001	3	49259644	unique_+	chr3	49222211
rs79113006	R002	6	98393808	unique_+	chr6	97945932
rs181303060	R002	6	98913535	unique_+	chr6	98465659
rs221541	R002	6	99729819	unique_+	chr6	99281943
rs183639776	R003	4	103679147	unique_+	chr4	102757990
rs183972951	R003	4	102374666	unique_+	chr4	101453509
rs10872148	R002	6	97965871	unique_+	chr6	97517995
rs146900615	R002	6	98935716	unique_+	chr6	98487840
rs191656372	R003	4	103829840	unique_+	chr4	102908683
rs223505	R003	4	103634220	unique_+	chr4	102713063
rs35417611	R002	6	97784461	unique_+	chr6	97336585
rs6570015	R002	6	99830581	unique_+	chr6	99382705
rs695095	R002	6	99701622	unique_+	chr6	99253746
rs9321484	R002	6	99783126	unique_+	chr6	99335250
rs150652270	R003	4	102763821	unique_+	chr4	101842664
rs140602019	R002	6	99692740	unique_+	chr6	99244864
rs80288687	R002	6	97921847	unique_+	chr6	97473971
rs183545902	R003	4	102716586	unique_+	chr4	101795429
rs62420638	R002	6	97811877	unique_+	chr6	97364001
rs116793213	R003	4	103168489	unique_+	chr4	102247332
rs11154868	R002	6	99911545	unique_+	chr6	99463669
rs141743384	R002	6	99903877	unique_+	chr6	99456001
rs184522666	R002	6	98458888	unique_+	chr6	98011012
rs73074826	R001	3	49566946	unique_+	chr3	49529513
rs6916603	R002	6	99905558	unique_+	chr6	99457682
rs11939568	R003	4	102810162	unique_+	chr4	101889005
rs115713563	R003	4	103018604	unique_+	chr4	102097447
rs4858887	R001	3	48092017	unique_+	chr3	48050527
rs9494161	R002	6	99788587	unique_+	chr6	99340711
rs13215636	R002	6	99888033	unique_+	chr6	99440157
rs12195636	R002	6	99888950	unique_+	chr6	99441074
rs13199545	R002	6	99259457	unique_+	chr6	98811581
rs12506564	R003	4	102769808	unique_+	chr4	101848651
rs115300197	R003	4	103410140	unique_+	chr4	102488983
rs9828959	R001	3	48091207	unique_+	chr3	48049717
rs11928552	R001	3	48739883	unique_+	chr3	48702450
rs188362141	R003	4	103157241	unique_+	chr4	102236084
rs192877786	R001	3	50816995	unique_+	chr3	50779564
rs7454755	R002	6	99894713	unique_+	chr6	99446837
rs113140493	R001	3	49481402	unique_+	chr3	49443969
rs41288025	R002	6	99846175	unique_+	chr6	99398299
rs144925554	R003	4	103167149	unique_+	chr4	102245992
rs142050892	R001	3	49487190	unique_+	chr3	49449757
rs12199567	R002	6	98787169	unique_+	chr6	98339293
rs191867848	R003	4	102527168	unique_+	chr4	101606011
rs145921824	R001	3	49543115	unique_+	chr3	49505682
rs13209692	R002	6	99885572	unique_+	chr6	99437696
rs7766335	R002	6	99966713	unique_+	chr6	99518837
rs115562858	R001	3	48778919	unique_+	chr3	48741486
rs35622985	R002	6	97783799	unique_+	chr6	97335923
rs4698978	R003	4	102809439	unique_+	chr4	101888282
rs72929302	R002	6	99702957	unique_+	chr6	99255081
rs6937434	R002	6	97961272	unique_+	chr6	97513396
rs62422084	R002	6	97908951	unique_+	chr6	97461075
rs7760158	R002	6	99907286	unique_+	chr6	99459410
rs34623546	R002	6	99875212	unique_+	chr6	99427336
rs147717797	R002	6	99067783	unique_+	chr6	98619907
rs9402707	R002	6	99821638	unique_+	chr6	99373762
rs146544419	R003	4	103080648	unique_+	chr4	102159491
rs149222977	R002	6	98786065	unique_+	chr6	98338189
rs148085797	R001	3	49075231	unique_+	chr3	49037798
rs111367580	R002	6	99989134	unique_+	chr6	99541258
rs6788650	R001	3	48749543	unique_+	chr3	48712110
rs79449573	R002	6	99900075	unique_+	chr6	99452199
rs12193060	R002	6	99690449	unique_+	chr6	99242573
rs11933157	R003	4	102792348	unique_+	chr4	101871191
rs79483457	R003	4	102678772	unique_+	chr4	101757615
rs182648841	R003	4	103303354	unique_+	chr4	102382197
rs9402856	R002	6	99959410	unique_+	chr6	99511534
rs9790475	R003	4	102818960	unique_+	chr4	101897803
rs17059418	R002	6	99790144	unique_+	chr6	99342268
rs149133647	R003	4	102460981	unique_+	chr4	101539824
rs1045731	R002	6	99721003	unique_+	chr6	99273127
rs111684186	R002	6	99660441	unique_+	chr6	99212565
rs72622933	R001	3	48488192	unique_+	chr3	48446788
rs12497850	R001	3	48748989	unique_+	chr3	48711556
rs13208607	R002	6	99883515	unique_+	chr6	99435639
rs146807538	R001	3	48426979	unique_+	chr3	48385489
rs4839742	R002	6	99711750	unique_+	chr6	99263874
rs1160074	R002	6	99687642	unique_+	chr6	99239766
rs34321727	R003	4	102821717	unique_+	chr4	101900560
rs4425378	R003	4	102672985	unique_+	chr4	101751828
rs116643069	R001	3	49743712	unique_+	chr3	49706279
rs141162152	R003	4	103285352	unique_+	chr4	102364195
rs142479103	R002	6	99163891	unique_+	chr6	98716015
rs9321483	R002	6	99781686	unique_+	chr6	99333810
rs191208396	R001	3	48108619	unique_+	chr3	48067129
rs4304169	R002	6	99467206	unique_+	chr6	99019330
rs78325533	R002	6	99995344	unique_+	chr6	99547468
rs2388051	R002	6	98001290	unique_+	chr6	97553414
rs1045728	R002	6	99721049	unique_+	chr6	99273173
rs6570121	R002	6	99968156	unique_+	chr6	99520280
rs1426540	R003	4	102445776	unique_+	chr4	101524619
rs17297787	R002	6	97916243	unique_+	chr6	97468367
rs4839748	R002	6	99889915	unique_+	chr6	99442039
rs34816217	R002	6	97849801	unique_+	chr6	97401925
rs139417381	R002	6	99033940	unique_+	chr6	98586064
rs111655452	R003	4	102789783	unique_+	chr4	101868626
rs9389444	R002	6	99958250	unique_+	chr6	99510374
rs2132678	R002	6	99715097	unique_+	chr6	99267221
rs11154467	R002	6	99195548	unique_+	chr6	98747672
rs181022188	R002	6	99948513	unique_+	chr6	99500637
rs7775139	R002	6	97967913	unique_+	chr6	97520037
rs184603285	R003	4	103398409	unique_+	chr4	102477252
rs189136813	R002	6	98303916	unique_+	chr6	97856040
rs185042526	R001	3	48448181	unique_+	chr3	48406774
rs151113986	R003	4	102823635	unique_+	chr4	101902478
rs148745917	R002	6	98397452	unique_+	chr6	97949576
rs6570125	R002	6	99968319	unique_+	chr6	99520443
rs186059107	R002	6	98145296	unique_+	chr6	97697420
rs12198927	R002	6	99835932	unique_+	chr6	99388056
rs146892499	R002	6	99522910	unique_+	chr6	99075034
rs9492037	R002	6	99139729	unique_+	chr6	98691853
rs150138349	R002	6	99700251	unique_+	chr6	99252375
rs76299747	R002	6	99129696	unique_+	chr6	98681820
rs67506144	R002	6	97886478	unique_+	chr6	97438602
rs34843632	R002	6	97791070	unique_+	chr6	97343194
rs78823572	R002	6	99732295	unique_+	chr6	99284419
rs35246285	R002	6	97900538	unique_+	chr6	97452662
rs11537982	R002	6	99323424	unique_+	chr6	98875548
rs1316831	R002	6	97766168	unique_+	chr6	97318292
rs191216345	R003	4	103719261	unique_+	chr4	102798104
rs4351270	R002	6	99873534	unique_+	chr6	99425658
rs34170066	R003	4	102271840	unique_+	chr4	101350683
rs4839921	R002	6	98171423	unique_+	chr6	97723547
rs17080505	R001	3	49332815	unique_+	chr3	49295382
rs116945307	R003	4	102478857	unique_+	chr4	101557700
rs187990972	R001	3	48546403	unique_+	chr3	48508970
rs13103438	R003	4	102805940	unique_+	chr4	101884783
rs115466756	R001	3	49903953	unique_+	chr3	49866520
rs111495531	R003	4	103369907	unique_+	chr4	102448750
rs115294083	R001	3	48170721	unique_+	chr3	48129231
rs4840020	R002	6	99706316	unique_+	chr6	99258440
rs115324892	R001	3	48274844	unique_+	chr3	48233354
rs67894915	R002	6	97858551	unique_+	chr6	97410675
rs10457648	R002	6	99881639	unique_+	chr6	99433763
rs55837132	R003	4	102685306	unique_+	chr4	101764149
rs189622592	R002	6	98716549	unique_+	chr6	98268673
rs189811946	R001	3	48251304	unique_+	chr3	48209814
rs35814698	R002	6	97782539	unique_+	chr6	97334663
rs35759029	R002	6	97924978	unique_+	chr6	97477102
rs13214046	R002	6	99832388	unique_+	chr6	99384512
rs146119674	R002	6	98995841	unique_+	chr6	98547965
rs142535187	R002	6	99405780	unique_+	chr6	98957904
rs35860418	R003	4	102795091	unique_+	chr4	101873934
rs185843580	R002	6	98270489	unique_+	chr6	97822613
rs4345184	R003	4	102807050	unique_+	chr4	101885893
rs148552650	R003	4	102590499	unique_+	chr4	101669342
rs116687942	R003	4	102898358	unique_+	chr4	101977201
rs114135823	R003	4	103006671	unique_+	chr4	102085514
rs145504971	R002	6	98601243	unique_+	chr6	98153367
rs35260967	R001	3	49334627	unique_+	chr3	49297194
rs193031606	R002	6	98303917	unique_+	chr6	97856041
rs149373450	R001	3	49316104	unique_+	chr3	49278671
rs35389371	R002	6	97905314	unique_+	chr6	97457438
rs143624206	R001	3	50607655	unique_+	chr3	50570224
rs13215710	R002	6	99395370	unique_+	chr6	98947494
rs140543125	R001	3	49547442	unique_+	chr3	49510009
rs223510	R003	4	103627968	unique_+	chr4	102706811
rs6899669	R002	6	99712289	unique_+	chr6	99264413
rs2747726	R002	6	99528046	unique_+	chr6	99080170
rs4839976	R002	6	99218958	unique_+	chr6	98771082
rs74705335	R002	6	99318236	unique_+	chr6	98870360
rs13202443	R002	6	99319633	unique_+	chr6	98871757
rs145318854	R002	6	98221430	unique_+	chr6	97773554
rs10484608	R002	6	99335648	unique_+	chr6	98887772
rs6442112	R001	3	48316034	unique_+	chr3	48274544
rs149242779	R003	4	102462262	unique_+	chr4	101541105
rs118026375	R002	6	98449639	unique_+	chr6	98001763
rs138204184	R001	3	48919056	unique_+	chr3	48881623
rs114646475	R003	4	103082145	unique_+	chr4	102160988
rs142990217	R003	4	102435220	unique_+	chr4	101514063
rs188997050	R002	6	98656586	unique_+	chr6	98208710
rs7753232	R002	6	99961212	unique_+	chr6	99513336
rs4130897	R001	3	50887862	unique_+	chr3	50850431
rs62420653	R002	6	97871638	unique_+	chr6	97423762
rs55661539	R002	6	99876885	unique_+	chr6	99429009
rs6914775	R002	6	99709259	unique_+	chr6	99261383
rs7437975	R003	4	103832044	unique_+	chr4	102910887
rs6835816	R003	4	103169912	unique_+	chr4	102248755
rs184608585	R001	3	50761440	unique_+	chr3	50724009
rs4858831	R001	3	48735558	unique_+	chr3	48698125
rs1352420	R001	3	48757291	unique_+	chr3	48719858
rs4840055	R002	6	99956029	unique_+	chr6	99508153
rs72937262	R001	3	50948501	unique_+	chr3	50911070
rs994197	R002	6	99960694	unique_+	chr6	99512818
rs4840043	R002	6	99881061	unique_+	chr6	99433185
rs62324236	R003	4	103093504	unique_+	chr4	102172347
rs6830565	R003	4	102805158	unique_+	chr4	101884001
rs56214307	R003	4	103357425	unique_+	chr4	102436268
rs10865952	R001	3	48744484	unique_+	chr3	48707051
rs9384992	R002	6	97979053	unique_+	chr6	97531177
rs147437560	R002	6	98015723	unique_+	chr6	97567847
rs4858828	R001	3	48724811	unique_+	chr3	48687378
rs6841991	R003	4	103082967	unique_+	chr4	102161810
rs7755247	R002	6	98019214	unique_+	chr6	97571338
rs79376720	R002	6	99618677	unique_+	chr6	99170801
rs62420652	R002	6	97865979	unique_+	chr6	97418103
rs79339683	R002	6	99768521	unique_+	chr6	99320645
rs10025620	R003	4	102323972	unique_+	chr4	101402815
rs28847572	R003	4	102345468	unique_+	chr4	101424311
rs10033722	R003	4	102345331	unique_+	chr4	101424174
rs72918881	R003	4	102337219	unique_+	chr4	101416062
rs994198	R002	6	99960761	unique_+	chr6	99512885
rs191880549	R003	4	103878306	unique_+	chr4	102957149
rs6442101	R001	3	48130893	unique_+	chr3	48089403
rs151253114	R003	4	103187335	unique_+	chr4	102266178
rs55811025	R002	6	98935588	unique_+	chr6	98487712
rs77060219	R002	6	98678444	unique_+	chr6	98230568
rs7738258	R002	6	99709944	unique_+	chr6	99262068
rs12214037	R002	6	99880572	unique_+	chr6	99432696
rs223512	R003	4	103626859	unique_+	chr4	102705702
rs34164847	R002	6	98593305	unique_+	chr6	98145429
rs72694137	R003	4	103352793	unique_+	chr4	102431636
rs186108786	R003	4	103547929	unique_+	chr4	102626772
rs113809797	R001	3	48635443	unique_+	chr3	48598010
rs146972253	R002	6	97729460	unique_+	chr6	97281584
rs9402344	R002	6	99453034	unique_+	chr6	99005158
rs181586127	R002	6	98316916	unique_+	chr6	97869040
rs13194314	R002	6	97857171	unique_+	chr6	97409295
rs13209856	R002	6	99326498	unique_+	chr6	98878622
rs74661992	R002	6	99727505	unique_+	chr6	99279629
rs9991335	R003	4	103850929	unique_+	chr4	102929772
rs75475384	R001	3	48745354	unique_+	chr3	48707921
rs13209689	R002	6	97790408	unique_+	chr6	97342532
rs34688770	R002	6	97908467	unique_+	chr6	97460591
rs13101528	R003	4	102786685	unique_+	chr4	101865528
rs77945992	R002	6	99875460	unique_+	chr6	99427584
rs142303869	R001	3	48298985	unique_+	chr3	48257495
rs4699029	R003	4	103360161	unique_+	chr4	102439004
rs72929292	R002	6	99693620	unique_+	chr6	99245744
rs4698975	R003	4	102779328	unique_+	chr4	101858171
rs1037954	R002	6	97807378	unique_+	chr6	97359502
rs12525613	R002	6	99882964	unique_+	chr6	99435088
rs148796553	R002	6	99163889	unique_+	chr6	98716013
rs117120945	R002	6	99199804	unique_+	chr6	98751928
rs181484946	R001	3	50637834	unique_+	chr3	50600403
rs28635484	R003	4	102341556	unique_+	chr4	101420399
rs9884171	R003	4	102320471	unique_+	chr4	101399314
rs185012177	R002	6	98491900	unique_+	chr6	98044024
rs141357764	R002	6	99718269	unique_+	chr6	99270393
rs142246877	R001	3	50005373	unique_+	chr3	49967940
rs111971783	R001	3	49639238	unique_+	chr3	49601805
rs187453356	R002	6	98697957	unique_+	chr6	98250081
rs13217201	R002	6	99319629	unique_+	chr6	98871753
rs71537089	R002	6	99321077	unique_+	chr6	98873201
rs3731523	R001	3	48215110	unique_+	chr3	48173620
rs60369168	R003	4	102608138	unique_+	chr4	101686981
rs9836046	R001	3	50288462	unique_+	chr3	50251030
rs35395347	R001	3	49334797	unique_+	chr3	49297364
rs4839746	R002	6	99794202	unique_+	chr6	99346326
rs223511	R003	4	103627874	unique_+	chr4	102706717
rs6933093	R002	6	99729901	unique_+	chr6	99282025
rs55760375	R003	4	103357437	unique_+	chr4	102436280
rs4688739	R001	3	50308718	unique_+	chr3	50271287
rs141606337	R001	3	49943904	unique_+	chr3	49906471
rs144494671	R001	3	50663167	unique_+	chr3	50625736
rs11154824	R002	6	99852267	unique_+	chr6	99404391
rs141029001	R003	4	102350406	unique_+	chr4	101429249
rs74792145	R002	6	99472219	unique_+	chr6	99024343
rs12207531	R002	6	99866415	unique_+	chr6	99418539
rs141710722	R001	3	50429147	unique_+	chr3	50391716
rs17297752	R002	6	97915394	unique_+	chr6	97467518
rs140047703	R002	6	99048775	unique_+	chr6	98600899
rs117632856	R003	4	102479199	unique_+	chr4	101558042
rs10457647	R002	6	99870845	unique_+	chr6	99422969
rs17196685	R003	4	103747122	unique_+	chr4	102825965
rs13192865	R002	6	97929355	unique_+	chr6	97481479
rs12493578	R001	3	48730116	unique_+	chr3	48692683
rs9402748	R002	6	99842705	unique_+	chr6	99394829
rs13203526	R002	6	99356935	unique_+	chr6	98909059
rs13142517	R003	4	102797300	unique_+	chr4	101876143
rs4698977	R003	4	102787423	unique_+	chr4	101866266
rs4858798	R001	3	48727112	unique_+	chr3	48689679
rs72684892	R003	4	102683142	unique_+	chr4	101761985
rs11154812	R002	6	99836954	unique_+	chr6	99389078
rs117035652	R002	6	99330611	unique_+	chr6	98882735
rs35241090	R002	6	97866319	unique_+	chr6	97418443
rs13192888	R002	6	99484994	unique_+	chr6	99037118
rs144188368	R002	6	99712885	unique_+	chr6	99265009
rs62420650	R002	6	97856824	unique_+	chr6	97408948
rs143050036	R001	3	50071965	unique_+	chr3	50034532
rs17211449	R003	4	102968557	unique_+	chr4	102047400
rs34058293	R002	6	98692485	unique_+	chr6	98244609
rs117359815	R002	6	99481369	unique_+	chr6	99033493
rs9373177	R002	6	99972361	unique_+	chr6	99524485
rs188209010	R003	4	103133738	unique_+	chr4	102212581
rs184560909	R003	4	102240024	unique_+	chr4	101318867
rs116385783	R003	4	102383768	unique_+	chr4	101462611
rs12211967	R002	6	99865994	unique_+	chr6	99418118
rs1353588	R002	6	99693276	unique_+	chr6	99245400
rs17231825	R002	6	97906884	unique_+	chr6	97459008
rs149468758	R002	6	98808375	unique_+	chr6	98360499
rs145852774	R001	3	50605622	unique_+	chr3	50568191
rs9492034	R002	6	99138243	unique_+	chr6	98690367
rs9321491	R002	6	99792538	unique_+	chr6	99344662
rs10457645	R002	6	99868083	unique_+	chr6	99420207
rs56133710	R003	4	103297641	unique_+	chr4	102376484
rs223504	R003	4	103635183	unique_+	chr4	102714026
rs79895707	R001	3	48598219	unique_+	chr3	48560786
rs17032286	R003	4	103174653	unique_+	chr4	102253496
rs140150129	R003	4	102465687	unique_+	chr4	101544530
rs34814827	R003	4	102787117	unique_+	chr4	101865960
rs11724581	R003	4	103820499	unique_+	chr4	102899342
rs4839977	R002	6	99229574	unique_+	chr6	98781698
rs59773356	R003	4	103354425	unique_+	chr4	102433268
rs148506936	R001	3	50345177	unique_+	chr3	50307746
rs143380246	R002	6	98354894	unique_+	chr6	97907018
rs9374631	R002	6	97984727	unique_+	chr6	97536851
rs13213841	R002	6	99354863	unique_+	chr6	98906987
rs144025509	R001	3	50516747	unique_+	chr3	50479316
rs9320584	R002	6	97968264	unique_+	chr6	97520388
rs114894986	R003	4	102674762	unique_+	chr4	101753605
rs190853232	R002	6	99820513	unique_+	chr6	99372637
rs41290676	R001	3	48205625	unique_+	chr3	48164135
rs34188355	R002	6	99839639	unique_+	chr6	99391763
rs35358580	R002	6	97890588	unique_+	chr6	97442712
rs4240568	R002	6	99229261	unique_+	chr6	98781385
rs223488	R003	4	103682810	unique_+	chr4	102761653
rs1128347	R002	6	99848256	unique_+	chr6	99400380
rs114507891	R001	3	49276196	unique_+	chr3	49238763
rs1974311	R002	6	97999920	unique_+	chr6	97552044
rs9388713	R002	6	99230519	unique_+	chr6	98782643
rs13206027	R002	6	99831117	unique_+	chr6	99383241
rs145990737	R001	3	48996385	unique_+	chr3	48958952
rs35157729	R003	4	102677651	unique_+	chr4	101756494
rs9372939	R002	6	99230183	unique_+	chr6	98782307
rs181389553	R001	3	48165603	unique_+	chr3	48124113
rs10457013	R002	6	99870985	unique_+	chr6	99423109
rs17756008	R002	6	98361554	unique_+	chr6	97913678
rs6917749	R002	6	97944222	unique_+	chr6	97496346
rs143318637	R003	4	102768561	unique_+	chr4	101847404
rs11154691	R002	6	99536185	unique_+	chr6	99088309
rs62258674	R001	3	50886749	unique_+	chr3	50849318
rs4451139	R002	6	99232481	unique_+	chr6	98784605
rs17058254	R002	6	98622001	unique_+	chr6	98174125
rs3733209	R003	4	103728206	unique_+	chr4	102807049
rs920559	R003	4	102218715	unique_+	chr4	101297558
rs2013410	R003	4	102370183	unique_+	chr4	101449026
rs76565639	R002	6	99447810	unique_+	chr6	98999934
rs13209641	R002	6	99367381	unique_+	chr6	98919505
rs1160386	R002	6	99693278	unique_+	chr6	99245402
rs181595887	R002	6	99473105	unique_+	chr6	99025229
rs148975042	R003	4	103444976	unique_+	chr4	102523819
rs144591592	R002	6	99636346	unique_+	chr6	99188470
rs138622005	R003	4	103068326	unique_+	chr4	102147169
rs9389279	R002	6	99799704	unique_+	chr6	99351828
rs188911755	R002	6	98580343	unique_+	chr6	98132467
rs9493152	R002	6	99468824	unique_+	chr6	99020948
rs7749175	R002	6	98770345	unique_+	chr6	98322469
rs34508783	R002	6	99867134	unique_+	chr6	99419258
rs28573147	R003	4	103418185	unique_+	chr4	102497028
rs35208690	R002	6	99839601	unique_+	chr6	99391725
rs4698971	R003	4	102772861	unique_+	chr4	101851704
rs11932972	R003	4	102784230	unique_+	chr4	101863073
rs145663361	R001	3	48839507	unique_+	chr3	48802074
rs140940948	R002	6	98659883	unique_+	chr6	98212007
rs117510132	R002	6	99477976	unique_+	chr6	99030100
rs114210086	R003	4	103045070	unique_+	chr4	102123913
rs118184337	R002	6	98402641	unique_+	chr6	97954765
rs73833947	R001	3	50963792	unique_+	chr3	50926361
rs4423762	R001	3	50822004	unique_+	chr3	50784573
rs192493257	R001	3	50072784	unique_+	chr3	50035351
rs181221502	R001	3	49315249	unique_+	chr3	49277816
rs188873776	R002	6	97926073	unique_+	chr6	97478197
rs7628500	R001	3	50574367	unique_+	chr3	50536936
rs4267639	R001	3	50678151	unique_+	chr3	50640720
rs78814341	R003	4	102355643	unique_+	chr4	101434486
rs61368683	R001	3	48616491	unique_+	chr3	48579058
rs187010344	R002	6	99944790	unique_+	chr6	99496914
rs182717614	R002	6	98520735	unique_+	chr6	98072859
rs184961824	R003	4	103731346	unique_+	chr4	102810189
rs185892254	R002	6	98763319	unique_+	chr6	98315443
rs181912206	R002	6	97906130	unique_+	chr6	97458254
rs184872974	R001	3	50337741	unique_+	chr3	50300310
rs144103019	R002	6	99942200	unique_+	chr6	99494324
rs2200595	R002	6	98548502	unique_+	chr6	98100626
rs13126550	R003	4	102777778	unique_+	chr4	101856621
rs79536261	R003	4	102486123	unique_+	chr4	101564966
rs189993910	R002	6	98739772	unique_+	chr6	98291896
rs13116542	R003	4	102788747	unique_+	chr4	101867590
rs149757168	R002	6	99142881	unique_+	chr6	98695005
rs184024140	R002	6	98543600	unique_+	chr6	98095724
rs147756576	R003	4	103323378	unique_+	chr4	102402221
rs151193177	R002	6	99603609	unique_+	chr6	99155733
rs35343445	R003	4	102483611	unique_+	chr4	101562454
rs72694145	R003	4	103358118	unique_+	chr4	102436961
rs12192654	R002	6	99839651	unique_+	chr6	99391775
rs6912892	R002	6	99972609	unique_+	chr6	99524733
rs12191620	R002	6	99847586	unique_+	chr6	99399710
rs4644074	R002	6	97864464	unique_+	chr6	97416588
rs146344516	R002	6	98307060	unique_+	chr6	97859184
rs2047357	R002	6	99671626	unique_+	chr6	99223750
rs4493533	R003	4	102820684	unique_+	chr4	101899527
rs200825	R002	6	97888120	unique_+	chr6	97440244
rs60448423	R003	4	102781633	unique_+	chr4	101860476
rs35228286	R002	6	97844065	unique_+	chr6	97396189
rs7636862	R001	3	50260057	unique_+	chr3	50222625
rs75477638	R003	4	102997491	unique_+	chr4	102076334
rs141288910	R001	3	48473111	unique_+	chr3	48431701
rs7755707	R002	6	99973544	unique_+	chr6	99525668
rs13197500	R002	6	99405793	unique_+	chr6	98957917
rs4295265	R003	4	102835645	unique_+	chr4	101914488
rs114044305	R003	4	103777146	unique_+	chr4	102855989
rs141235065	R001	3	49800361	unique_+	chr3	49762928
rs11934097	R003	4	102818067	unique_+	chr4	101896910
rs17180915	R002	6	99883226	unique_+	chr6	99435350
rs72690426	R003	4	103142932	unique_+	chr4	102221775
rs5030977	R001	3	50416501	unique_+	chr3	50379070
rs9917656	R001	3	48581513	unique_+	chr3	48544080
rs200827	R002	6	97893014	unique_+	chr6	97445138
rs117910142	R002	6	97907983	unique_+	chr6	97460107
rs35220094	R001	3	49335745	unique_+	chr3	49298312
rs4839731	R002	6	99232632	unique_+	chr6	98784756
rs6532950	R003	4	102560065	unique_+	chr4	101638908
rs62618742	R001	3	48638801	unique_+	chr3	48601368
rs6570131	R002	6	99970320	unique_+	chr6	99522444
rs74966608	R001	3	50965468	unique_+	chr3	50928037
rs4839735	R002	6	99467850	unique_+	chr6	99019974
rs76185286	R003	4	102671958	unique_+	chr4	101750801
rs200830	R002	6	97895282	unique_+	chr6	97447406
rs189738842	R002	6	100019661	unique_+	chr6	99571785
rs13192500	R002	6	99370472	unique_+	chr6	98922596
rs142187733	R003	4	103320340	unique_+	chr4	102399183
rs35906570	R002	6	97842747	unique_+	chr6	97394871
rs12528912	R002	6	97835327	unique_+	chr6	97387451
rs114469478	R003	4	103123292	unique_+	chr4	102202135
rs7748783	R002	6	99822231	unique_+	chr6	99374355
rs9400879	R002	6	97870513	unique_+	chr6	97422637
rs7740694	R002	6	97840911	unique_+	chr6	97393035
rs7760581	R002	6	97840999	unique_+	chr6	97393123
rs12206447	R002	6	99833140	unique_+	chr6	99385264
rs11756151	R002	6	99485266	unique_+	chr6	99037390
rs71614699	R003	4	102540919	unique_+	chr4	101619762
rs9374549	R002	6	97839931	unique_+	chr6	97392055
rs1462142	R002	6	97852338	unique_+	chr6	97404462
rs13211832	R002	6	99358720	unique_+	chr6	98910844
rs6932177	R002	6	99469360	unique_+	chr6	99021484
rs79642742	R001	3	50475823	unique_+	chr3	50438392
rs55970820	R003	4	103344017	unique_+	chr4	102422860
rs6844122	R003	4	103848496	unique_+	chr4	102927339
rs7757056	R002	6	99680609	unique_+	chr6	99232733
rs6931205	R002	6	99228209	unique_+	chr6	98780333
rs1856693	R002	6	97963227	unique_+	chr6	97515351
rs13209858	R002	6	99306101	unique_+	chr6	98858225
rs11714518	R001	3	48156635	unique_+	chr3	48115145
rs6771917	R001	3	48108442	unique_+	chr3	48066952
rs6442102	R001	3	48152562	unique_+	chr3	48111072
rs76298543	R001	3	50124046	unique_+	chr3	50086613
rs73072330	R001	3	48165089	unique_+	chr3	48123599
rs139125439	R001	3	49995603	unique_+	chr3	49958170
rs3731510	R001	3	48221109	unique_+	chr3	48179619
rs55714725	R002	6	99674278	unique_+	chr6	99226402
rs150903418	R002	6	99495854	unique_+	chr6	99047978
rs72684879	R003	4	102651821	unique_+	chr4	101730664
rs10446426	R001	3	48170521	unique_+	chr3	48129031
rs72684880	R003	4	102652570	unique_+	chr4	101731413
rs4840026	R002	6	99737100	unique_+	chr6	99289224
rs77462565	R001	3	50584640	unique_+	chr3	50547209
rs2388907	R002	6	99797521	unique_+	chr6	99349645
rs9374686	R002	6	98066596	unique_+	chr6	97618720
rs143310625	R002	6	98965424	unique_+	chr6	98517548
rs34939633	R002	6	97833377	unique_+	chr6	97385501
rs55840168	R002	6	99692608	unique_+	chr6	99244732
rs2361683	R001	3	48152716	unique_+	chr3	48111226
rs77195337	R002	6	98561355	unique_+	chr6	98113479
rs7356837	R002	6	98033236	unique_+	chr6	97585360
rs9400860	R002	6	97840432	unique_+	chr6	97392556
rs13198405	R002	6	99376582	unique_+	chr6	98928706
rs141804341	R002	6	98239502	unique_+	chr6	97791626
rs4647998	R003	4	103458158	unique_+	chr4	102537001
rs12525356	R002	6	97835025	unique_+	chr6	97387149
rs1120986	R003	4	103436641	unique_+	chr4	102515484
rs77557946	R002	6	98544503	unique_+	chr6	98096627
rs77720976	R003	4	102414969	unique_+	chr4	101493812
rs223506	R003	4	103633894	unique_+	chr4	102712737
rs28802702	R003	4	103161472	unique_+	chr4	102240315
rs13208107	R002	6	99335860	unique_+	chr6	98887984
rs34065023	R002	6	99350234	unique_+	chr6	98902358
rs2100857	R002	6	97830524	unique_+	chr6	97382648
rs10499015	R002	6	97995198	unique_+	chr6	97547322
rs10457310	R002	6	97983877	unique_+	chr6	97536001
rs3125579	R002	6	98908958	unique_+	chr6	98461082
rs9387316	R002	6	97811437	unique_+	chr6	97363561
rs78119833	R003	4	103286566	unique_+	chr4	102365409
rs9384947	R002	6	97833900	unique_+	chr6	97386024
rs141110679	R003	4	103156357	unique_+	chr4	102235200
rs147925531	R002	6	98465923	unique_+	chr6	98018047
rs148877314	R001	3	49277522	unique_+	chr3	49240089
rs17533164	R002	6	99728927	unique_+	chr6	99281051
rs62420654	R002	6	97872694	unique_+	chr6	97424818
rs7757750	R002	6	99680361	unique_+	chr6	99232485
rs145576289	R003	4	102552899	unique_+	chr4	101631742
rs9384940	R002	6	97812057	unique_+	chr6	97364181
rs183452758	R002	6	98536112	unique_+	chr6	98088236
rs196961	R002	6	99434172	unique_+	chr6	98986296
rs4698855	R003	4	103373464	unique_+	chr4	102452307
rs11097788	R003	4	103407428	unique_+	chr4	102486271
rs56358795	R002	6	99692241	unique_+	chr6	99244365
rs4240566	R002	6	99228778	unique_+	chr6	98780902
rs73079076	R001	3	50061961	unique_+	chr3	50024528
rs13219984	R002	6	99536742	unique_+	chr6	99088866
rs114644068	R001	3	50603713	unique_+	chr3	50566282
rs72929278	R002	6	99684592	unique_+	chr6	99236716
rs7749001	R002	6	98073471	unique_+	chr6	97625595
rs6834196	R003	4	103382418	unique_+	chr4	102461261
rs17032321	R003	4	103177480	unique_+	chr4	102256323
rs141374223	R001	3	48803313	unique_+	chr3	48765880
rs6901184	R002	6	97779994	unique_+	chr6	97332118
rs200807	R002	6	97903674	unique_+	chr6	97455798
rs10013187	R003	4	102821550	unique_+	chr4	101900393
rs35316897	R002	6	99419897	unique_+	chr6	98972021
rs186956490	R002	6	99835838	unique_+	chr6	99387962
rs140178843	R002	6	99622578	unique_+	chr6	99174702
rs149188558	R001	3	48738090	unique_+	chr3	48700657
rs144605970	R002	6	99887205	unique_+	chr6	99439329
rs183844384	R002	6	99091366	unique_+	chr6	98643490
rs57899609	R003	4	102362381	unique_+	chr4	101441224
rs143972928	R003	4	102904038	unique_+	chr4	101982881
rs184220909	R002	6	99779509	unique_+	chr6	99331633
rs142295782	R002	6	99824005	unique_+	chr6	99376129
rs609678	R001	3	50623754	unique_+	chr3	50586323
rs667894	R001	3	50620015	unique_+	chr3	50582584
rs139212771	R002	6	98324153	unique_+	chr6	97876277
rs147766469	R001	3	49753517	unique_+	chr3	49716084
rs184120144	R003	4	102975449	unique_+	chr4	102054292
rs189544711	R003	4	103793358	unique_+	chr4	102872201
rs147275473	R003	4	102367940	unique_+	chr4	101446783
rs2067012	R002	6	99513800	unique_+	chr6	99065924
rs189408059	R002	6	99640937	unique_+	chr6	99193061
rs139976923	R003	4	102857819	unique_+	chr4	101936662
rs111643498	R002	6	99759920	unique_+	chr6	99312044
rs116991712	R002	6	99790690	unique_+	chr6	99342814
rs148038777	R001	3	49318875	unique_+	chr3	49281442
rs150975488	R002	6	98670858	unique_+	chr6	98222982
rs117444423	R002	6	98084323	unique_+	chr6	97636447
rs13206505	R002	6	99333489	unique_+	chr6	98885613
rs141515048	R001	3	50188936	unique_+	chr3	50151503
rs114471990	R001	3	49118055	unique_+	chr3	49080622
rs142427337	R003	4	102518519	unique_+	chr4	101597362
rs143880686	R002	6	98996602	unique_+	chr6	98548726
rs4648138	R003	4	103536694	unique_+	chr4	102615537
rs141389561	R001	3	50950759	unique_+	chr3	50913328
rs187662240	R001	3	50640650	unique_+	chr3	50603219
rs28555671	R003	4	102288236	unique_+	chr4	101367079
rs2165503	R003	4	102303145	unique_+	chr4	101381988
rs74411651	R003	4	102318084	unique_+	chr4	101396927
rs111590825	R001	3	49467181	unique_+	chr3	49429748
rs147434158	R001	3	50554782	unique_+	chr3	50517351
rs12605	R002	6	99880131	unique_+	chr6	99432255
rs181178347	R003	4	103539638	unique_+	chr4	102618481
rs116508804	R001	3	50637813	unique_+	chr3	50600382
rs150532456	R003	4	102485501	unique_+	chr4	101564344
rs4485821	R003	4	102366637	unique_+	chr4	101445480
rs58947457	R003	4	102362361	unique_+	chr4	101441204
rs72930867	R003	4	102311217	unique_+	chr4	101390060
rs149737904	R003	4	102638661	unique_+	chr4	101717504
rs140919210	R003	4	102355769	unique_+	chr4	101434612
rs141547587	R003	4	102359072	unique_+	chr4	101437915
rs183594128	R003	4	103436122	unique_+	chr4	102514965
rs148763850	R001	3	50167773	unique_+	chr3	50130340
rs117052827	R002	6	98980500	unique_+	chr6	98532624
rs116930801	R002	6	98458783	unique_+	chr6	98010907
rs13197993	R002	6	99376101	unique_+	chr6	98928225
rs13080997	R001	3	48151062	unique_+	chr3	48109572
rs116683617	R001	3	49246390	unique_+	chr3	49208957
rs1426543	R003	4	102462028	unique_+	chr4	101540871
rs4346857	R002	6	97980882	unique_+	chr6	97533006
rs74452628	R002	6	99812222	unique_+	chr6	99364346
rs196960	R002	6	99433614	unique_+	chr6	98985738
rs17181201	R002	6	99890228	unique_+	chr6	99442352
rs13211626	R002	6	99382101	unique_+	chr6	98934225
rs62260153	R001	3	50777952	unique_+	chr3	50740521
rs75497061	R002	6	98206884	unique_+	chr6	97759008
rs115549790	R001	3	49775567	unique_+	chr3	49738134
rs78275320	R003	4	103674329	unique_+	chr4	102753172
rs34597784	R001	3	48153826	unique_+	chr3	48112336
rs77097132	R001	3	50301050	unique_+	chr3	50263618
rs1884184	R002	6	99515956	unique_+	chr6	99068080
rs13086658	R001	3	49503155	unique_+	chr3	49465722
rs1609991	R003	4	103359330	unique_+	chr4	102438173
rs17745356	R002	6	97782828	unique_+	chr6	97334952
rs116095386	R003	4	103160587	unique_+	chr4	102239430
rs17057674	R002	6	97765598	unique_+	chr6	97317722
rs72924805	R003	4	103173900	unique_+	chr4	102252743
rs12486714	R001	3	48148700	unique_+	chr3	48107210
rs13210820	R002	6	99333787	unique_+	chr6	98885911
rs13195046	R002	6	99332734	unique_+	chr6	98884858
rs330855	R002	6	100025279	unique_+	chr6	99577403
rs12662876	R002	6	99536745	unique_+	chr6	99088869
rs3123337	R002	6	98899247	unique_+	chr6	98451371
rs13218404	R002	6	99425971	unique_+	chr6	98978095
rs9387317	R002	6	97811838	unique_+	chr6	97363962
rs6569864	R002	6	99574801	unique_+	chr6	99126925
rs117364595	R002	6	99219282	unique_+	chr6	98771406
rs7640903	R001	3	49338465	unique_+	chr3	49301032
rs189387723	R001	3	48148870	unique_+	chr3	48107380
rs71324958	R001	3	49477951	unique_+	chr3	49440518
rs140155611	R003	4	103407282	unique_+	chr4	102486125
rs72929283	R002	6	99688822	unique_+	chr6	99240946
rs115386517	R003	4	103122390	unique_+	chr4	102201233
rs9384930	R002	6	97789513	unique_+	chr6	97341637
rs11130155	R001	3	48140428	unique_+	chr3	48098938
rs13203862	R002	6	99417376	unique_+	chr6	98969500
rs6924993	R002	6	99798835	unique_+	chr6	99350959
rs62257822	R001	3	50973119	unique_+	chr3	50935688
rs115974143	R001	3	48090485	unique_+	chr3	48048995
rs12191711	R002	6	99598181	unique_+	chr6	99150305
rs6931800	R002	6	97787552	unique_+	chr6	97339676
rs1593545	R003	4	102458007	unique_+	chr4	101536850
rs113121599	R002	6	99693814	unique_+	chr6	99245938
rs13148076	R003	4	102771423	unique_+	chr4	101850266
rs13192484	R002	6	99467138	unique_+	chr6	99019262
rs116622689	R003	4	103324171	unique_+	chr4	102403014
rs7746683	R002	6	99878855	unique_+	chr6	99430979
rs13149073	R003	4	102693004	unique_+	chr4	101771847
rs35201947	R003	4	102781331	unique_+	chr4	101860174
rs9387289	R002	6	97787669	unique_+	chr6	97339793
rs188276256	R003	4	102917629	unique_+	chr4	101996472
rs13098087	R001	3	49209987	unique_+	chr3	49172554
rs9387284	R002	6	97778472	unique_+	chr6	97330596
rs936428	R001	3	48167281	unique_+	chr3	48125791
rs4473861	R002	6	98088956	unique_+	chr6	97641080
rs114125976	R003	4	103491110	unique_+	chr4	102569953
rs4270589	R003	4	102793376	unique_+	chr4	101872219
rs13197565	R002	6	97774827	unique_+	chr6	97326951
rs13195671	R002	6	99468141	unique_+	chr6	99020265
rs7771583	R002	6	98637186	unique_+	chr6	98189310
rs9387282	R002	6	97775990	unique_+	chr6	97328114
rs11710866	R001	3	48144829	unique_+	chr3	48103339
rs1888803	R002	6	97788898	unique_+	chr6	97341022
rs147092836	R002	6	99499906	unique_+	chr6	99052030
rs7772838	R002	6	99882077	unique_+	chr6	99434201
rs111332831	R003	4	102578249	unique_+	chr4	101657092
rs79668951	R002	6	99753815	unique_+	chr6	99305939
rs190877453	R001	3	48912325	unique_+	chr3	48874892
rs9400790	R002	6	97787469	unique_+	chr6	97339593
rs9375908	R002	6	99537595	unique_+	chr6	99089719
rs12331849	R003	4	102790818	unique_+	chr4	101869661
rs13197885	R002	6	99428336	unique_+	chr6	98980460
rs7768686	R002	6	97779066	unique_+	chr6	97331190
rs73836551	R003	4	103178952	unique_+	chr4	102257795
rs3135941	R001	3	48507667	unique_+	chr3	48466268
rs142693882	R002	6	97763959	unique_+	chr6	97316083
rs146179438	R001	3	48229366	unique_+	chr3	48187876
rs41291736	R001	3	50598396	unique_+	chr3	50560965
rs142523571	R003	4	103393395	unique_+	chr4	102472238
rs9398402	R002	6	97775648	unique_+	chr6	97327772
rs72928972	R002	6	98316968	unique_+	chr6	97869092
rs2717845	R003	4	102497728	unique_+	chr4	101576571
rs118107724	R002	6	99599539	unique_+	chr6	99151663
rs72692236	R003	4	103221459	unique_+	chr4	102300302
rs12493348	R001	3	48143538	unique_+	chr3	48102048
rs7427648	R001	3	48158239	unique_+	chr3	48116749
rs3104078	R002	6	98904002	unique_+	chr6	98456126
rs150321493	R001	3	48298792	unique_+	chr3	48257302
rs7374482	R001	3	48168390	unique_+	chr3	48126900
rs13204602	R002	6	97785297	unique_+	chr6	97337421
rs6857428	R003	4	102792611	unique_+	chr4	101871454
rs4270588	R003	4	102793278	unique_+	chr4	101872121
rs56299640	R003	4	102579438	unique_+	chr4	101658281
rs75602844	R001	3	50199880	unique_+	chr3	50162447
rs72926242	R002	6	99958847	unique_+	chr6	99510971
rs10001055	R003	4	102245853	unique_+	chr4	101324696
rs150490645	R001	3	50054767	unique_+	chr3	50017334
rs6832886	R003	4	102638076	unique_+	chr4	101716919
rs10014486	R003	4	102308004	unique_+	chr4	101386847
rs9491794	R002	6	99019431	unique_+	chr6	98571555
rs12663742	R002	6	97792735	unique_+	chr6	97344859
rs7754408	R002	6	99810226	unique_+	chr6	99362350
rs2114364	R003	4	102455353	unique_+	chr4	101534196
rs2361684	R001	3	48152618	unique_+	chr3	48111128
rs148529945	R002	6	98572431	unique_+	chr6	98124555
rs7774778	R002	6	99809886	unique_+	chr6	99362010
rs9373160	R002	6	99888244	unique_+	chr6	99440368
rs3774968	R003	4	103531112	unique_+	chr4	102609955
rs13210049	R002	6	99481925	unique_+	chr6	99034049
rs6903544	R002	6	98028863	unique_+	chr6	97580987
rs4509127	R002	6	98049376	unique_+	chr6	97601500
rs633989	R002	6	100018691	unique_+	chr6	99570815
rs721150	R002	6	99735012	unique_+	chr6	99287136
rs3104081	R002	6	98898640	unique_+	chr6	98450764
rs10516483	R003	4	102791905	unique_+	chr4	101870748
rs9375909	R002	6	99537871	unique_+	chr6	99089995
rs7754710	R002	6	99986195	unique_+	chr6	99538319
rs9398522	R002	6	98243684	unique_+	chr6	97795808
rs67379318	R002	6	99428151	unique_+	chr6	98980275
rs28763896	R001	3	50290016	unique_+	chr3	50252584
rs6902628	R002	6	99537026	unique_+	chr6	99089150
rs113282927	R002	6	98249328	unique_+	chr6	97801452
rs149794385	R002	6	99498221	unique_+	chr6	99050345
rs192178475	R003	4	103118378	unique_+	chr4	102197221
rs78393402	R001	3	50579086	unique_+	chr3	50541655
rs77722117	R002	6	98911504	unique_+	chr6	98463628
rs138766938	R001	3	49057200	unique_+	chr3	49019767
rs181274640	R003	4	102579522	unique_+	chr4	101658365
rs73833770	R003	4	102369092	unique_+	chr4	101447935
rs191200606	R001	3	48312613	unique_+	chr3	48271123
rs184138500	R001	3	48287210	unique_+	chr3	48245720
rs188471193	R001	3	50103569	unique_+	chr3	50066136
rs182732362	R003	4	103675720	unique_+	chr4	102754563
rs147541367	R001	3	49157576	unique_+	chr3	49120143
rs116746221	R001	3	49850518	unique_+	chr3	49813085
rs188615157	R002	6	98082016	unique_+	chr6	97634140
rs79037931	R003	4	102559686	unique_+	chr4	101638529
rs142182486	R001	3	48274342	unique_+	chr3	48232852
rs78271252	R003	4	102414026	unique_+	chr4	101492869
rs150254581	R003	4	102411467	unique_+	chr4	101490310
rs115084343	R003	4	102413617	unique_+	chr4	101492460
rs143476846	R003	4	102412958	unique_+	chr4	101491801
rs77728038	R002	6	98384388	unique_+	chr6	97936512
rs78685844	R001	3	50675516	unique_+	chr3	50638085
rs144174453	R002	6	98818372	unique_+	chr6	98370496
rs138345497	R002	6	99032791	unique_+	chr6	98584915
rs13209880	R002	6	99472084	unique_+	chr6	99024208
rs186835642	R003	4	103214711	unique_+	chr4	102293554
rs181718953	R002	6	98260357	unique_+	chr6	97812481
rs148528826	R002	6	98670408	unique_+	chr6	98222532
rs186832478	R003	4	102234323	unique_+	chr4	101313166
rs191815834	R001	3	50754470	unique_+	chr3	50717039
rs143408324	R001	3	50152397	unique_+	chr3	50114964
rs146122730	R001	3	49956109	unique_+	chr3	49918676
rs6937224	R002	6	98050067	unique_+	chr6	97602191
rs2129069	R001	3	50710094	unique_+	chr3	50672663
rs117616272	R002	6	98571442	unique_+	chr6	98123566
rs189184846	R002	6	98563784	unique_+	chr6	98115908
rs183599885	R002	6	98784648	unique_+	chr6	98336772
rs183975361	R001	3	49785162	unique_+	chr3	49747729
rs138597259	R003	4	102513290	unique_+	chr4	101592133
rs145140238	R001	3	50802143	unique_+	chr3	50764712
rs76578445	R003	4	102513745	unique_+	chr4	101592588
rs186775124	R001	3	49224526	unique_+	chr3	49187093
rs148877383	R003	4	102520868	unique_+	chr4	101599711
rs146463754	R003	4	102506922	unique_+	chr4	101585765
rs142665722	R003	4	102513130	unique_+	chr4	101591973
rs190754524	R001	3	50063580	unique_+	chr3	50026147
rs144087408	R001	3	50514781	unique_+	chr3	50477350
rs78448826	R003	4	103186348	unique_+	chr4	102265191
rs144758080	R002	6	99650045	unique_+	chr6	99202169
rs184267932	R001	3	50857213	unique_+	chr3	50819782
rs186109288	R002	6	98452625	unique_+	chr6	98004749
rs144071080	R003	4	103610104	unique_+	chr4	102688947
rs76370586	R003	4	102349499	unique_+	chr4	101428342
rs117761401	R003	4	102336598	unique_+	chr4	101415441
rs151066754	R003	4	102355100	unique_+	chr4	101433943
rs139547169	R003	4	102354020	unique_+	chr4	101432863
rs140531086	R003	4	102289563	unique_+	chr4	101368406
rs149564421	R003	4	102352698	unique_+	chr4	101431541
rs117591518	R003	4	102351025	unique_+	chr4	101429868
rs117154871	R003	4	102313444	unique_+	chr4	101392287
rs144175687	R003	4	102306266	unique_+	chr4	101385109
rs189536402	R001	3	49436027	unique_+	chr3	49398594
rs183362904	R003	4	103293267	unique_+	chr4	102372110
rs186723383	R001	3	50534722	unique_+	chr3	50497291
rs143972186	R001	3	50005855	unique_+	chr3	49968422
rs7697450	R003	4	102299583	unique_+	chr4	101378426
rs72627742	R002	6	98374296	unique_+	chr6	97926420
rs13193511	R002	6	99427048	unique_+	chr6	98979172
rs6850747	R003	4	102800943	unique_+	chr4	101879786
rs200815	R002	6	97934984	unique_+	chr6	97487108
rs115622727	R001	3	48951632	unique_+	chr3	48914199
rs13089844	R001	3	48140231	unique_+	chr3	48098741
rs56735060	R002	6	98833880	unique_+	chr6	98386004
rs149245867	R003	4	102961060	unique_+	chr4	102039903
rs10016018	R003	4	102794621	unique_+	chr4	101873464
rs187650180	R002	6	98615775	unique_+	chr6	98167899
rs11720964	R001	3	49336232	unique_+	chr3	49298799
rs34564922	R002	6	99470052	unique_+	chr6	99022176
rs62263025	R001	3	48295311	unique_+	chr3	48253821
rs4627868	R003	4	102675672	unique_+	chr4	101754515
rs2298954	R001	3	50287551	unique_+	chr3	50250119
rs141815183	R001	3	49998596	unique_+	chr3	49961163
rs2076517	R002	6	99748757	unique_+	chr6	99300881
rs13193847	R002	6	99472547	unique_+	chr6	99024671
rs330857	R002	6	100026256	unique_+	chr6	99578380
rs6777081	R001	3	48155569	unique_+	chr3	48114079
rs141353061	R002	6	98844106	unique_+	chr6	98396230
rs146982884	R003	4	102389959	unique_+	chr4	101468802
rs151301212	R003	4	103697833	unique_+	chr4	102776676
rs185495574	R003	4	102974562	unique_+	chr4	102053405
rs73834284	R003	4	102653353	unique_+	chr4	101732196
rs4648039	R003	4	103505961	unique_+	chr4	102584804
rs11940934	R003	4	102770557	unique_+	chr4	101849400
rs73836536	R003	4	103141168	unique_+	chr4	102220011
rs11130254	R001	3	50686198	unique_+	chr3	50648767
rs13108400	R003	4	102794613	unique_+	chr4	101873456
rs148658917	R001	3	48735544	unique_+	chr3	48698111
rs4365725	R003	4	102780881	unique_+	chr4	101859724
rs114830774	R003	4	102902486	unique_+	chr4	101981329
rs3125574	R002	6	98886380	unique_+	chr6	98438504
rs7682189	R003	4	102462555	unique_+	chr4	101541398
rs148259165	R001	3	48904518	unique_+	chr3	48867085
rs116763591	R001	3	48313327	unique_+	chr3	48271837
rs10007459	R003	4	102451710	unique_+	chr4	101530553
rs4699227	R003	4	102463642	unique_+	chr4	101542485
rs200810	R002	6	97922184	unique_+	chr6	97474308
rs200832	R002	6	97896930	unique_+	chr6	97449054
rs1609993	R003	4	103514658	unique_+	chr4	102593501
rs1811840	R002	6	99740840	unique_+	chr6	99292964
rs9321514	R002	6	99834220	unique_+	chr6	99386344
rs72684808	R003	4	102572708	unique_+	chr4	101651551
rs865020	R003	4	102319286	unique_+	chr4	101398129
rs10000402	R003	4	103148482	unique_+	chr4	102227325
rs13085054	R001	3	48134137	unique_+	chr3	48092647
rs9385722	R002	6	99803501	unique_+	chr6	99355625
rs3755832	R001	3	50305234	unique_+	chr3	50267802
rs9389281	R002	6	99800303	unique_+	chr6	99352427
rs6938927	R002	6	98763376	unique_+	chr6	98315500
rs115258642	R001	3	50259237	unique_+	chr3	50221805
rs141650285	R001	3	48412354	unique_+	chr3	48370864
rs7751429	R002	6	99538723	unique_+	chr6	99090847
rs2624842	R001	3	50196418	unique_+	chr3	50158985
rs145150975	R003	4	103305814	unique_+	chr4	102384657
rs9321515	R002	6	99834929	unique_+	chr6	99387053
rs59375880	R003	4	102573919	unique_+	chr4	101652762
rs62433960	R002	6	99801032	unique_+	chr6	99353156
rs12198238	R002	6	99803269	unique_+	chr6	99355393
rs72684813	R003	4	102574573	unique_+	chr4	101653416
rs17224485	R002	6	99968859	unique_+	chr6	99520983
rs183394099	R002	6	97780731	unique_+	chr6	97332855
rs10018084	R003	4	102451839	unique_+	chr4	101530682
rs72684854	R003	4	102625100	unique_+	chr4	101703943
rs55913858	R001	3	50592359	unique_+	chr3	50554928
rs145260901	R003	4	103682580	unique_+	chr4	102761423
rs142774456	R001	3	50489989	unique_+	chr3	50452558
rs11934404	R003	4	103437601	unique_+	chr4	102516444
rs56153510	R001	3	50592877	unique_+	chr3	50555446
rs13103794	R003	4	102656452	unique_+	chr4	101735295
rs115098803	R001	3	48518906	unique_+	chr3	48477497
rs75356109	R002	6	99016826	unique_+	chr6	98568950
rs143756010	R001	3	49312248	unique_+	chr3	49274815
rs72922981	R003	4	103165069	unique_+	chr4	102243912
rs9883222	R001	3	50267837	unique_+	chr3	50230405
rs9389197	R002	6	99736465	unique_+	chr6	99288589
rs76068580	R002	6	99080186	unique_+	chr6	98632310
rs56211812	R002	6	99804552	unique_+	chr6	99356676
rs10489114	R003	4	103511388	unique_+	chr4	102590231
rs1834627	R003	4	102452643	unique_+	chr4	101531486
rs76683871	R001	3	48626047	unique_+	chr3	48588614
rs2034963	R001	3	48170802	unique_+	chr3	48129312
rs10510755	R001	3	50281168	unique_+	chr3	50243736
rs74936293	R003	4	102596532	unique_+	chr4	101675375
rs4495277	R002	6	99805598	unique_+	chr6	99357722
rs9376117	R002	6	99835471	unique_+	chr6	99387595
rs138575905	R003	4	103265826	unique_+	chr4	102344669
rs11931658	R003	4	102766892	unique_+	chr4	101845735
rs146838416	R001	3	50917299	unique_+	chr3	50879868
rs28762091	R003	4	102672947	unique_+	chr4	101751790
rs187028029	R002	6	99985179	unique_+	chr6	99537303
rs6848852	R003	4	102448154	unique_+	chr4	101526997
rs72928980	R002	6	99809269	unique_+	chr6	99361393
rs80061841	R003	4	102615747	unique_+	chr4	101694590
rs149407215	R001	3	49256529	unique_+	chr3	49219096
rs9399153	R002	6	99837084	unique_+	chr6	99389208
rs9917916	R003	4	102455733	unique_+	chr4	101534576
rs833947	R003	4	102313550	unique_+	chr4	101392393
rs17059074	R002	6	99484649	unique_+	chr6	99036773
rs10018181	R003	4	102451921	unique_+	chr4	101530764
rs72921077	R002	6	99734871	unique_+	chr6	99286995
rs190390844	R001	3	49004749	unique_+	chr3	48967316
rs138468226	R001	3	49543126	unique_+	chr3	49505693
rs143835616	R003	4	102454527	unique_+	chr4	101533370
rs144735293	R001	3	49266750	unique_+	chr3	49229317
rs138234733	R001	3	48756856	unique_+	chr3	48719423
rs188758240	R003	4	103677648	unique_+	chr4	102756491
rs142780464	R003	4	102806954	unique_+	chr4	101885797
rs186927476	R002	6	98349951	unique_+	chr6	97902075
rs190771887	R003	4	102670497	unique_+	chr4	101749340
rs112804428	R002	6	98571069	unique_+	chr6	98123193
rs28503560	R003	4	102354526	unique_+	chr4	101433369
rs188227606	R001	3	48284784	unique_+	chr3	48243294
rs146550155	R001	3	48375026	unique_+	chr3	48333536
rs11930412	R003	4	102385431	unique_+	chr4	101464274
rs181211826	R001	3	49983903	unique_+	chr3	49946470
rs190342601	R001	3	50044206	unique_+	chr3	50006773
rs58051625	R001	3	50278717	unique_+	chr3	50241285
rs187767810	R003	4	103483538	unique_+	chr4	102562381
rs72684814	R003	4	102574695	unique_+	chr4	101653538
rs117691199	R001	3	50353703	unique_+	chr3	50316272
rs12525712	R002	6	98630862	unique_+	chr6	98182986
rs112153559	R002	6	98640987	unique_+	chr6	98193111
rs184934439	R002	6	99974641	unique_+	chr6	99526765
rs189371574	R003	4	102308690	unique_+	chr4	101387533
rs77027002	R001	3	50895926	unique_+	chr3	50858495
rs76201741	R001	3	50962131	unique_+	chr3	50924700
rs60132317	R001	3	50754731	unique_+	chr3	50717300
rs73833769	R003	4	102360321	unique_+	chr4	101439164
rs116228021	R003	4	102382594	unique_+	chr4	101461437
rs185742508	R001	3	49103909	unique_+	chr3	49066476
rs191047694	R003	4	103426283	unique_+	chr4	102505126
rs117261738	R003	4	102503832	unique_+	chr4	101582675
rs146231882	R003	4	102506580	unique_+	chr4	101585423
rs117081382	R003	4	102470652	unique_+	chr4	101549495
rs143276810	R003	4	102471388	unique_+	chr4	101550231
rs78212239	R003	4	102473518	unique_+	chr4	101552361
rs143707097	R003	4	102488607	unique_+	chr4	101567450
rs141612014	R002	6	99842935	unique_+	chr6	99395059
rs186795610	R003	4	103119974	unique_+	chr4	102198817
rs117476441	R002	6	98501986	unique_+	chr6	98054110
rs12205324	R002	6	98033298	unique_+	chr6	97585422
rs118159227	R002	6	98448488	unique_+	chr6	98000612
rs113797632	R003	4	102314957	unique_+	chr4	101393800
rs113508950	R002	6	98810475	unique_+	chr6	98362599
rs143189541	R001	3	48179094	unique_+	chr3	48137604
rs148555673	R003	4	102488143	unique_+	chr4	101566986
rs189243106	R001	3	50671067	unique_+	chr3	50633636
rs149438640	R003	4	103091025	unique_+	chr4	102169868
rs77829928	R002	6	99272242	unique_+	chr6	98824366
rs140239095	R001	3	50596267	unique_+	chr3	50558836
rs6763139	R001	3	48198455	unique_+	chr3	48156965
rs147190890	R002	6	99790370	unique_+	chr6	99342494
rs142278803	R001	3	50039825	unique_+	chr3	50002392
rs145133102	R003	4	103095063	unique_+	chr4	102173906
rs185311451	R002	6	99309758	unique_+	chr6	98861882
rs75665968	R003	4	102405847	unique_+	chr4	101484690
rs12526273	R002	6	98677651	unique_+	chr6	98229775
rs79178713	R002	6	99601733	unique_+	chr6	99153857
rs17031987	R003	4	102980397	unique_+	chr4	102059240
rs74585283	R003	4	102975869	unique_+	chr4	102054712
rs5026475	R003	4	103554821	unique_+	chr4	102633664
rs11097757	R003	4	102770948	unique_+	chr4	101849791
rs2866380	R003	4	102456043	unique_+	chr4	101534886
rs76069535	R003	4	102574172	unique_+	chr4	101653015
rs6941978	R002	6	98314410	unique_+	chr6	97866534
rs7637429	R001	3	50692172	unique_+	chr3	50654741
rs9402727	R002	6	99835122	unique_+	chr6	99387246
rs185013091	R001	3	50737555	unique_+	chr3	50700124
rs140915571	R003	4	102761528	unique_+	chr4	101840371
rs6766641	R001	3	48145224	unique_+	chr3	48103734
rs144951608	R003	4	103383471	unique_+	chr4	102462314
rs2866624	R003	4	102565132	unique_+	chr4	101643975
rs145445043	R003	4	102673744	unique_+	chr4	101752587
rs9790787	R003	4	102298696	unique_+	chr4	101377539
rs9307256	R003	4	102375268	unique_+	chr4	101454111
rs12661405	R002	6	99469840	unique_+	chr6	99021964
rs2572101	R002	6	99528098	unique_+	chr6	99080222
rs1834628	R003	4	102452563	unique_+	chr4	101531406
rs55852549	R001	3	50669655	unique_+	chr3	50632224
rs726488	R002	6	99539193	unique_+	chr6	99091317
rs10856963	R003	4	102770684	unique_+	chr4	101849527
rs2572110	R002	6	99595703	unique_+	chr6	99147827
rs10516481	R003	4	102658991	unique_+	chr4	101737834
rs75491041	R002	6	99859806	unique_+	chr6	99411930
rs138772768	R001	3	49998090	unique_+	chr3	49960657
rs73834286	R003	4	102657648	unique_+	chr4	101736491
rs9389284	R002	6	99802192	unique_+	chr6	99354316
rs35762866	R001	3	49690627	unique_+	chr3	49653194
rs143867221	R003	4	102662065	unique_+	chr4	101740908
rs78865887	R002	6	99323260	unique_+	chr6	98875384
rs9402726	R002	6	99835007	unique_+	chr6	99387131
rs145804812	R001	3	48352262	unique_+	chr3	48310772
rs140269757	R001	3	48406528	unique_+	chr3	48365038
rs55734745	R002	6	100027513	unique_+	chr6	99579637
rs2114366	R003	4	102460068	unique_+	chr4	101538911
rs75541530	R003	4	102672330	unique_+	chr4	101751173
rs7686702	R003	4	102770103	unique_+	chr4	101848946
rs7682346	R003	4	102822045	unique_+	chr4	101900888
rs13434873	R003	4	102451022	unique_+	chr4	101529865
rs1038267	R002	6	99051167	unique_+	chr6	98603291
rs3733197	R003	4	102839287	unique_+	chr4	101918130
rs4648018	R003	4	103490200	unique_+	chr4	102569043
rs1472392	R002	6	99585783	unique_+	chr6	99137907
rs7757576	R002	6	99806051	unique_+	chr6	99358175
rs7679882	R003	4	102799072	unique_+	chr4	101877915
rs12331595	R003	4	102849219	unique_+	chr4	101928062
rs6941388	R002	6	98924533	unique_+	chr6	98476657
rs151478	R003	4	103096805	unique_+	chr4	102175648
rs4639076	R003	4	102793224	unique_+	chr4	101872067
rs9389319	R002	6	99842451	unique_+	chr6	99394575
rs2207445	R002	6	99521031	unique_+	chr6	99073155
rs2747727	R002	6	99530202	unique_+	chr6	99082326
rs4443287	R003	4	102780792	unique_+	chr4	101859635
rs139002962	R003	4	102663042	unique_+	chr4	101741885
rs116781404	R001	3	48730203	unique_+	chr3	48692770
rs9402699	R002	6	99800122	unique_+	chr6	99352246
rs11936512	R003	4	102451310	unique_+	chr4	101530153
rs2388831	R002	6	99485050	unique_+	chr6	99037174
rs9825114	R001	3	48138082	unique_+	chr3	48096592
rs2572102	R002	6	99527789	unique_+	chr6	99079913
rs6845263	R003	4	102276682	unique_+	chr4	101355525
rs6858663	R003	4	102684284	unique_+	chr4	101763127
rs140695104	R002	6	98246493	unique_+	chr6	97798617
rs57319506	R001	3	50285677	unique_+	chr3	50248245
rs4426778	R003	4	102780724	unique_+	chr4	101859567
rs114030456	R003	4	103045625	unique_+	chr4	102124468
rs1834626	R003	4	102453391	unique_+	chr4	101532234
rs10033677	R003	4	102559146	unique_+	chr4	101637989
rs4431445	R002	6	99844939	unique_+	chr6	99397063
rs13437130	R002	6	98798280	unique_+	chr6	98350404
rs9389317	R002	6	99841907	unique_+	chr6	99394031
rs145537054	R003	4	103316477	unique_+	chr4	102395320
rs140711597	R001	3	48469441	unique_+	chr3	48428032
rs75024436	R001	3	50046446	unique_+	chr3	50009013
rs77845705	R003	4	103601430	unique_+	chr4	102680273
rs9402384	R002	6	99474531	unique_+	chr6	99026655
rs9372463	R002	6	97927429	unique_+	chr6	97479553
rs115778686	R001	3	50877498	unique_+	chr3	50840067
rs4610336	R003	4	102772299	unique_+	chr4	101851142
rs9375853	R002	6	99470259	unique_+	chr6	99022383
rs4577807	R002	6	99845243	unique_+	chr6	99397367
rs3811072	R002	6	99851977	unique_+	chr6	99404101
rs147121806	R001	3	50472339	unique_+	chr3	50434908
rs9917976	R003	4	102455781	unique_+	chr4	101534624
rs28818302	R003	4	102602464	unique_+	chr4	101681307
rs9376140	R002	6	99844825	unique_+	chr6	99396949
rs41496148	R003	4	103384449	unique_+	chr4	102463292
rs9385592	R002	6	99473519	unique_+	chr6	99025643
rs55672941	R001	3	50727754	unique_+	chr3	50690323
rs9483935	R002	6	99933680	unique_+	chr6	99485804
rs13211771	R002	6	99437538	unique_+	chr6	98989662
rs4839725	R002	6	99050242	unique_+	chr6	98602366
rs4574651	R002	6	99819556	unique_+	chr6	99371680
rs3125584	R002	6	98920687	unique_+	chr6	98472811
rs2388833	R002	6	99539387	unique_+	chr6	99091511
rs1903061	R001	3	48231919	unique_+	chr3	48190429
rs6913836	R002	6	99846411	unique_+	chr6	99398535
rs72690436	R003	4	103150981	unique_+	chr4	102229824
rs9402385	R002	6	99475384	unique_+	chr6	99027508
rs113636443	R002	6	98830923	unique_+	chr6	98383047
rs13434875	R003	4	102451154	unique_+	chr4	101529997
rs77719387	R001	3	49917021	unique_+	chr3	49879588
rs3774932	R003	4	103424193	unique_+	chr4	102503036
rs9402378	R002	6	99470913	unique_+	chr6	99023037
rs4280731	R003	4	103865971	unique_+	chr4	102944814
rs140042863	R002	6	99594258	unique_+	chr6	99146382
rs35202395	R001	3	49264270	unique_+	chr3	49226837
rs3811073	R002	6	99873069	unique_+	chr6	99425193
rs4839994	R002	6	99474114	unique_+	chr6	99026238
rs3125578	R002	6	98907028	unique_+	chr6	98459152
rs75975062	R003	4	102660230	unique_+	chr4	101739073
rs9402705	R002	6	99821481	unique_+	chr6	99373605
rs10010829	R003	4	102567644	unique_+	chr4	101646487
rs9375833	R002	6	99458475	unique_+	chr6	99010599
rs4277781	R003	4	102681271	unique_+	chr4	101760114
rs10010108	R003	4	103151461	unique_+	chr4	102230304
rs187979386	R001	3	48442923	unique_+	chr3	48401516
rs142341445	R002	6	98744186	unique_+	chr6	98296310
rs149172031	R002	6	100009755	unique_+	chr6	99561879
rs4648121	R003	4	103535219	unique_+	chr4	102614062
rs192030893	R002	6	99523313	unique_+	chr6	99075437
rs143920072	R001	3	49991730	unique_+	chr3	49954297
rs77734821	R003	4	102534158	unique_+	chr4	101613001
rs74341450	R001	3	49473808	unique_+	chr3	49436375
rs181686792	R001	3	49106022	unique_+	chr3	49068589
rs112046030	R002	6	98571025	unique_+	chr6	98123149
rs112414767	R002	6	98581770	unique_+	chr6	98133894
rs117601128	R002	6	99577022	unique_+	chr6	99129146
rs188080148	R002	6	97922430	unique_+	chr6	97474554
rs187626676	R002	6	98340421	unique_+	chr6	97892545
rs183561361	R002	6	99692441	unique_+	chr6	99244565
rs182676731	R002	6	100006267	unique_+	chr6	99558391
rs113937196	R002	6	98652862	unique_+	chr6	98204986
rs114752197	R001	3	50329941	unique_+	chr3	50292510
rs73833767	R003	4	102354745	unique_+	chr4	101433588
rs185779152	R001	3	48460248	unique_+	chr3	48418839
rs17057822	R002	6	98005823	unique_+	chr6	97557947
rs189514029	R002	6	99108293	unique_+	chr6	98660417
rs187202740	R003	4	102352116	unique_+	chr4	101430959
rs76307420	R002	6	99627160	unique_+	chr6	99179284
rs142413200	R003	4	102662568	unique_+	chr4	101741411
rs145312996	R002	6	98202972	unique_+	chr6	97755096
rs79966492	R001	3	50931674	unique_+	chr3	50894243
rs79581101	R001	3	50967965	unique_+	chr3	50930534
rs7431469	R001	3	50916316	unique_+	chr3	50878885
rs4240574	R002	6	99807903	unique_+	chr6	99360027
rs138541485	R002	6	99941152	unique_+	chr6	99493276
rs192862775	R002	6	98245823	unique_+	chr6	97797947
rs184886480	R001	3	50816077	unique_+	chr3	50778646
rs115414140	R001	3	49215879	unique_+	chr3	49178446
rs138753886	R001	3	50115439	unique_+	chr3	50078006
rs183873299	R001	3	50026551	unique_+	chr3	49989118
rs147329401	R001	3	49203802	unique_+	chr3	49166369
rs423561	R001	3	48600146	unique_+	chr3	48562713
rs191179429	R001	3	50815341	unique_+	chr3	50777910
rs138818350	R001	3	49914893	unique_+	chr3	49877460
rs117279812	R003	4	102491487	unique_+	chr4	101570330
rs181343261	R002	6	99970453	unique_+	chr6	99522577
rs146832030	R001	3	48383856	unique_+	chr3	48342366
rs76054174	R002	6	98399696	unique_+	chr6	97951820
rs79159497	R002	6	97937522	unique_+	chr6	97489646
rs1395972	R002	6	98745825	unique_+	chr6	98297949
rs184592082	R003	4	102848135	unique_+	chr4	101926978
rs145104176	R003	4	103420060	unique_+	chr4	102498903
rs145550668	R002	6	98506888	unique_+	chr6	98059012
rs144783187	R003	4	103159779	unique_+	chr4	102238622
rs184046264	R003	4	102923258	unique_+	chr4	102002101
rs146536381	R001	3	50188212	unique_+	chr3	50150779
rs144609792	R002	6	99329127	unique_+	chr6	98881251
rs140825699	R003	4	102504388	unique_+	chr4	101583231
rs146160031	R003	4	102493436	unique_+	chr4	101572279
rs117150518	R003	4	102501881	unique_+	chr4	101580724
rs149730185	R003	4	102503267	unique_+	chr4	101582110
rs150984571	R003	4	102497002	unique_+	chr4	101575845
rs145403829	R001	3	49548225	unique_+	chr3	49510792
rs149340625	R003	4	102279142	unique_+	chr4	101357985
rs7751297	R002	6	99826762	unique_+	chr6	99378886
rs187753247	R003	4	103043000	unique_+	chr4	102121843
rs4314508	R002	6	99629096	unique_+	chr6	99181220
rs73833231	R001	3	50696363	unique_+	chr3	50658932
rs150595995	R002	6	99750590	unique_+	chr6	99302714
rs12201682	R002	6	99827489	unique_+	chr6	99379613
rs4478192	R003	4	102689724	unique_+	chr4	101768567
rs13128022	R003	4	102806042	unique_+	chr4	101884885
rs221561	R002	6	99713159	unique_+	chr6	99265283
rs11154839	R002	6	99872068	unique_+	chr6	99424192
rs7682856	R003	4	102660258	unique_+	chr4	101739101
rs13434472	R003	4	102799510	unique_+	chr4	101878353
rs140440099	R001	3	50632595	unique_+	chr3	50595164
rs221559	R002	6	99715157	unique_+	chr6	99267281
rs145831787	R001	3	50260468	unique_+	chr3	50223036
rs4699246	R003	4	102563794	unique_+	chr4	101642637
rs9483838	R002	6	99817928	unique_+	chr6	99370052
rs4467784	R002	6	99138743	unique_+	chr6	98690867
rs4144165	R002	6	99847260	unique_+	chr6	99399384
rs221556	R002	6	99716082	unique_+	chr6	99268206
rs148991476	R003	4	103400772	unique_+	chr4	102479615
rs9375834	R002	6	99459802	unique_+	chr6	99011926
rs11720151	R001	3	48140634	unique_+	chr3	48099144
rs13200599	R002	6	99578094	unique_+	chr6	99130218
rs9389293	R002	6	99821577	unique_+	chr6	99373701
rs4240576	R002	6	99854869	unique_+	chr6	99406993
rs7748842	R002	6	99829452	unique_+	chr6	99381576
rs9388959	R002	6	99474422	unique_+	chr6	99026546
rs75277930	R001	3	49749616	unique_+	chr3	49712183
rs138961154	R003	4	102661191	unique_+	chr4	101740034
rs11720680	R001	3	48159232	unique_+	chr3	48117742
rs56252928	R002	6	99023065	unique_+	chr6	98575189
rs9991697	R003	4	102476938	unique_+	chr4	101555781
rs73836538	R003	4	103163142	unique_+	chr4	102241985
rs4588697	R002	6	99823117	unique_+	chr6	99375241
rs9995491	R003	4	102451459	unique_+	chr4	101530302
rs73074893	R001	3	49652597	unique_+	chr3	49615164
rs9321534	R002	6	99857773	unique_+	chr6	99409897
rs7756804	R002	6	99709863	unique_+	chr6	99261987
rs1903643	R002	6	97857571	unique_+	chr6	97409695
rs57799233	R003	4	102824391	unique_+	chr4	101903234
rs6928638	R002	6	99716590	unique_+	chr6	99268714
rs114952527	R003	4	102464094	unique_+	chr4	101542937
rs4839993	R002	6	99473736	unique_+	chr6	99025860
rs4839736	R002	6	99473684	unique_+	chr6	99025808
rs9388962	R002	6	99477424	unique_+	chr6	99029548
rs2132679	R002	6	99714933	unique_+	chr6	99267057
rs12174480	R002	6	98054557	unique_+	chr6	97606681
rs9999440	R003	4	102802051	unique_+	chr4	101880894
rs6776145	R001	3	50316119	unique_+	chr3	50278688
rs221558	R002	6	99715200	unique_+	chr6	99267324
rs56236271	R003	4	102655510	unique_+	chr4	101734353
rs3974650	R003	4	102797173	unique_+	chr4	101876016
rs4648069	R003	4	103518479	unique_+	chr4	102597322
rs7769516	R002	6	99863847	unique_+	chr6	99415971
rs11097760	R003	4	102797863	unique_+	chr4	101876706
rs35353532	R002	6	98224100	unique_+	chr6	97776224
rs3974649	R003	4	102797036	unique_+	chr4	101875879
rs4424090	R002	6	99147074	unique_+	chr6	98699198
rs12635953	R001	3	50322710	unique_+	chr3	50285279
rs116739049	R001	3	50887538	unique_+	chr3	50850107
rs9321546	R002	6	99870525	unique_+	chr6	99422649
rs9483707	R002	6	99717329	unique_+	chr6	99269453
rs11736568	R003	4	102798192	unique_+	chr4	101877035
rs62433962	R002	6	99821680	unique_+	chr6	99373804
rs7449468	R002	6	99820572	unique_+	chr6	99372696
rs117967012	R002	6	98288337	unique_+	chr6	97840461
rs7776325	R002	6	99864964	unique_+	chr6	99417088
rs9494536	R002	6	99925443	unique_+	chr6	99477567
rs11097761	R003	4	102798735	unique_+	chr4	101877578
rs2132680	R002	6	99714484	unique_+	chr6	99266608
rs62323863	R003	4	102541247	unique_+	chr4	101620090
rs9321539	R002	6	99860747	unique_+	chr6	99412871
rs12198321	R002	6	99871010	unique_+	chr6	99423134
rs223411	R003	4	103734458	unique_+	chr4	102813301
rs1264195	R001	3	48677895	unique_+	chr3	48640462
rs7441177	R003	4	102770588	unique_+	chr4	101849431
rs141671500	R002	6	98526270	unique_+	chr6	98078394
rs1135676	R002	6	99856341	unique_+	chr6	99408465
rs114949086	R003	4	103719512	unique_+	chr4	102798355
rs2216546	R003	4	102793500	unique_+	chr4	101872343
rs17761570	R002	6	98904572	unique_+	chr6	98456696
rs185434127	R001	3	50774235	unique_+	chr3	50736804
rs150132445	R002	6	97946391	unique_+	chr6	97498515
rs4337942	R002	6	98088333	unique_+	chr6	97640457
rs6851800	R003	4	102683235	unique_+	chr4	101762078
rs62262965	R001	3	50613893	unique_+	chr3	50576462
rs9402778	R002	6	99865652	unique_+	chr6	99417776
rs11717049	R001	3	50830570	unique_+	chr3	50793139
rs146349677	R003	4	102459513	unique_+	chr4	101538356
rs5027414	R002	6	99868207	unique_+	chr6	99420331
rs114353727	R001	3	49089064	unique_+	chr3	49051631
rs145155052	R003	4	103052280	unique_+	chr4	102131123
rs7755791	R002	6	99824405	unique_+	chr6	99376529
rs1390909	R002	6	99721806	unique_+	chr6	99273930
rs6816787	R003	4	102795845	unique_+	chr4	101874688
rs10007196	R003	4	103557463	unique_+	chr4	102636306
rs113732593	R003	4	103167226	unique_+	chr4	102246069
rs4840025	R002	6	99727507	unique_+	chr6	99279631
rs114161669	R001	3	50648722	unique_+	chr3	50611291
rs7656720	R003	4	102812305	unique_+	chr4	101891148
rs12190591	R002	6	99593258	unique_+	chr6	99145382
rs34445385	R002	6	99097861	unique_+	chr6	98649985
rs17032603	R003	4	103352710	unique_+	chr4	102431553
rs146313686	R003	4	102347256	unique_+	chr4	101426099
rs138940228	R001	3	48765852	unique_+	chr3	48728419
rs62263042	R001	3	50704132	unique_+	chr3	50666701
rs10024842	R003	4	102476944	unique_+	chr4	101555787
rs76498000	R002	6	99780586	unique_+	chr6	99332710
rs79222307	R002	6	99401854	unique_+	chr6	98953978
rs145229058	R001	3	48694471	unique_+	chr3	48657038
rs117044732	R002	6	98781210	unique_+	chr6	98333334
rs77617795	R003	4	102689113	unique_+	chr4	101767956
rs62422688	R002	6	98664932	unique_+	chr6	98217056
rs991582	R002	6	99025167	unique_+	chr6	98577291
rs991583	R002	6	99024788	unique_+	chr6	98576912
rs112430837	R001	3	48764280	unique_+	chr3	48726847
rs7771567	R002	6	97846571	unique_+	chr6	97398695
rs1598856	R003	4	103446115	unique_+	chr4	102524958
rs4699226	R003	4	102463368	unique_+	chr4	101542211
rs34083726	R003	4	102679010	unique_+	chr4	101757853
rs4240575	R002	6	99807907	unique_+	chr6	99360031
rs12662926	R002	6	99469868	unique_+	chr6	99021992
rs56118462	R002	6	99937453	unique_+	chr6	99489577
rs189352680	R002	6	98144027	unique_+	chr6	97696151
rs139969535	R003	4	102757587	unique_+	chr4	101836430
rs9376089	R002	6	99778405	unique_+	chr6	99330529
rs150356212	R001	3	50319526	unique_+	chr3	50282095
rs117541444	R002	6	99167751	unique_+	chr6	98719875
rs62424017	R002	6	99024574	unique_+	chr6	98576698
rs2067871	R002	6	99615598	unique_+	chr6	99167722
rs9385588	R002	6	99462752	unique_+	chr6	99014876
rs9307264	R003	4	102641265	unique_+	chr4	101720108
rs72684821	R003	4	102588864	unique_+	chr4	101667707
rs1481462	R002	6	99074025	unique_+	chr6	98626149
rs116626829	R001	3	48918313	unique_+	chr3	48880880
rs4482766	R003	4	102692822	unique_+	chr4	101771665
rs13201585	R002	6	98766744	unique_+	chr6	98318868
rs189617065	R003	4	102619550	unique_+	chr4	101698393
rs193208750	R001	3	49002129	unique_+	chr3	48964696
rs151201679	R003	4	103824143	unique_+	chr4	102902986
rs78785182	R001	3	49787832	unique_+	chr3	49750399
rs184781674	R002	6	98316346	unique_+	chr6	97868470
rs139928165	R001	3	50898162	unique_+	chr3	50860731
rs17031465	R003	4	102541907	unique_+	chr4	101620750
rs186430799	R003	4	102344945	unique_+	chr4	101423788
rs143206601	R002	6	99287627	unique_+	chr6	98839751
rs184574071	R002	6	98535163	unique_+	chr6	98087287
rs78194083	R002	6	99306150	unique_+	chr6	98858274
rs117927528	R002	6	98348871	unique_+	chr6	97900995
rs151130613	R001	3	50744208	unique_+	chr3	50706777
rs148593027	R002	6	99733974	unique_+	chr6	99286098
rs2675815	R001	3	50812808	unique_+	chr3	50775377
rs2675823	R001	3	50901856	unique_+	chr3	50864425
rs2355701	R001	3	50913957	unique_+	chr3	50876526
rs2609017	R001	3	50896996	unique_+	chr3	50859565
rs421689	R001	3	50657761	unique_+	chr3	50620330
rs2609015	R001	3	50896819	unique_+	chr3	50859388
rs2675775	R001	3	50798126	unique_+	chr3	50760695
rs9854588	R001	3	50853881	unique_+	chr3	50816450
rs2675826	R001	3	50900969	unique_+	chr3	50863538
rs2609014	R001	3	50876803	unique_+	chr3	50839372
rs73833251	R001	3	50775457	unique_+	chr3	50738026
rs140489163	R001	3	49231792	unique_+	chr3	49194359
rs2459450	R001	3	50858367	unique_+	chr3	50820936
rs6569191	R002	6	98401987	unique_+	chr6	97954111
rs2355704	R001	3	50919437	unique_+	chr3	50882006
rs6807662	R001	3	50832341	unique_+	chr3	50794910
rs2675779	R001	3	50808061	unique_+	chr3	50770630
rs2675781	R001	3	50881235	unique_+	chr3	50843804
rs4440121	R001	3	50931317	unique_+	chr3	50893886
rs2609030	R001	3	50903143	unique_+	chr3	50865712
rs2675797	R001	3	50839505	unique_+	chr3	50802074
rs2609027	R001	3	50901030	unique_+	chr3	50863599
rs2675785	R001	3	50851988	unique_+	chr3	50814557
rs142159511	R002	6	98082030	unique_+	chr6	97634154
rs141803091	R003	4	103524452	unique_+	chr4	102603295
rs72926260	R002	6	99969441	unique_+	chr6	99521565
rs60942358	R003	4	102682512	unique_+	chr4	101761355
rs28523914	R003	4	102643196	unique_+	chr4	101722039
rs151329184	R003	4	102318826	unique_+	chr4	101397669
rs145725958	R002	6	98709671	unique_+	chr6	98261795
rs140970158	R001	3	48680639	unique_+	chr3	48643206
rs148829752	R003	4	102471853	unique_+	chr4	101550696
rs141182962	R001	3	50202832	unique_+	chr3	50165399
rs191733238	R003	4	102919766	unique_+	chr4	101998609
rs191972046	R001	3	50108406	unique_+	chr3	50070973
rs77736259	R001	3	48760694	unique_+	chr3	48723261
rs190879314	R001	3	50023251	unique_+	chr3	49985818
rs186425968	R003	4	103539751	unique_+	chr4	102618594
rs146673533	R003	4	102538314	unique_+	chr4	101617157
rs117066810	R002	6	99823562	unique_+	chr6	99375686
rs111829790	R003	4	102891388	unique_+	chr4	101970231
rs140282395	R001	3	49942620	unique_+	chr3	49905187
rs186578150	R002	6	99949246	unique_+	chr6	99501370
rs116983440	R002	6	98626775	unique_+	chr6	98178899
rs182940894	R001	3	48272052	unique_+	chr3	48230562
rs2057518	R002	6	99980522	unique_+	chr6	99532646
rs182826381	R002	6	98302102	unique_+	chr6	97854226
rs144837944	R002	6	99587612	unique_+	chr6	99139736
rs73833763	R003	4	102350183	unique_+	chr4	101429026
rs184220427	R003	4	102611746	unique_+	chr4	101690589
rs150034287	R001	3	50516913	unique_+	chr3	50479482
rs73833250	R001	3	50762463	unique_+	chr3	50725032
rs77131522	R002	6	99602621	unique_+	chr6	99154745
rs139667252	R002	6	98571279	unique_+	chr6	98123403
rs35527510	R003	4	102576115	unique_+	chr4	101654958
rs12498921	R003	4	102769693	unique_+	chr4	101848536
rs12212417	R002	6	99821257	unique_+	chr6	99373381
rs72682987	R003	4	102517121	unique_+	chr4	101595964
rs4698839	R003	4	102801941	unique_+	chr4	101880784
rs34276912	R001	3	50238989	unique_+	chr3	50201556
rs62260127	R001	3	50730021	unique_+	chr3	50692590
rs115015060	R001	3	48261405	unique_+	chr3	48219915
rs144881474	R001	3	50505930	unique_+	chr3	50468499
rs191503312	R001	3	49122547	unique_+	chr3	49085114
rs9376088	R002	6	99778293	unique_+	chr6	99330417
rs143470662	R003	4	102462468	unique_+	chr4	101541311
rs149068743	R002	6	98728076	unique_+	chr6	98280200
rs2232245	R001	3	50606807	unique_+	chr3	50569376
rs7742736	R002	6	99820155	unique_+	chr6	99372279
rs62327954	R003	4	103231927	unique_+	chr4	102310770
rs4296682	R003	4	102782908	unique_+	chr4	101861751
rs640199	R002	6	100030492	unique_+	chr6	99582616
rs58654655	R003	4	102823169	unique_+	chr4	101902012
rs140921451	R003	4	103858105	unique_+	chr4	102936948
rs4512227	R002	6	99816760	unique_+	chr6	99368884
rs12110504	R002	6	99026982	unique_+	chr6	98579106
rs9402672	R002	6	99772859	unique_+	chr6	99324983
rs55941349	R002	6	99580086	unique_+	chr6	99132210
rs4698974	R003	4	102779314	unique_+	chr4	101858157
rs1828074	R002	6	98750650	unique_+	chr6	98302774
rs137859847	R002	6	98138316	unique_+	chr6	97690440
rs13112336	R003	4	102591039	unique_+	chr4	101669882
rs140675990	R003	4	103094126	unique_+	chr4	102172969
rs114738323	R003	4	103801182	unique_+	chr4	102880025
rs79700173	R002	6	98154565	unique_+	chr6	97706689
rs140403650	R002	6	98256640	unique_+	chr6	97808764
rs871061	R003	4	102679337	unique_+	chr4	101758180
rs138558275	R001	3	50328588	unique_+	chr3	50291157
rs79997911	R002	6	99743930	unique_+	chr6	99296054
rs144851158	R001	3	48491101	unique_+	chr3	48449695
rs9402648	R002	6	99750162	unique_+	chr6	99302286
rs1863576	R003	4	102370546	unique_+	chr4	101449389
rs77902687	R002	6	99813338	unique_+	chr6	99365462
rs236753	R003	4	103103382	unique_+	chr4	102182225
rs118098120	R002	6	98182786	unique_+	chr6	97734910
rs115056558	R003	4	102742445	unique_+	chr4	101821288
rs45536634	R001	3	50400081	unique_+	chr3	50362650
rs4530633	R003	4	102832259	unique_+	chr4	101911102
rs7683892	R003	4	102712542	unique_+	chr4	101791385
rs4554079	R003	4	102784239	unique_+	chr4	101863082
rs10013714	R003	4	102639290	unique_+	chr4	101718133
rs221581	R002	6	99744568	unique_+	chr6	99296692
rs4463068	R003	4	102801474	unique_+	chr4	101880317
rs117345564	R001	3	48259712	unique_+	chr3	48218222
rs138447330	R001	3	48088970	unique_+	chr3	48047480
rs1002243	R002	6	99465481	unique_+	chr6	99017605
rs10021755	R003	4	103151438	unique_+	chr4	102230281
rs139928512	R001	3	49622149	unique_+	chr3	49584716
rs149687792	R003	4	103607131	unique_+	chr4	102685974
rs62420601	R002	6	98792816	unique_+	chr6	98344940
rs73834752	R003	4	103230847	unique_+	chr4	102309690
rs185979845	R003	4	103732139	unique_+	chr4	102810982
rs188746284	R003	4	103707312	unique_+	chr4	102786155
rs17762161	R002	6	99028910	unique_+	chr6	98581034
rs9401968	R002	6	99027074	unique_+	chr6	98579198
rs2747737	R002	6	99458136	unique_+	chr6	99010260
rs74398439	R001	3	50331927	unique_+	chr3	50294496
rs9399134	R002	6	99774687	unique_+	chr6	99326811
rs4382271	R002	6	99822990	unique_+	chr6	99375114
rs144170082	R001	3	48234070	unique_+	chr3	48192580
rs6532966	R003	4	102684689	unique_+	chr4	101763532
rs148923297	R002	6	98280316	unique_+	chr6	97832440
rs230547	R003	4	103536261	unique_+	chr4	102615104
rs55937925	R003	4	103387944	unique_+	chr4	102466787
rs143209251	R003	4	102661910	unique_+	chr4	101740753
rs58251277	R003	4	102333138	unique_+	chr4	101411981
rs113529475	R003	4	103486373	unique_+	chr4	102565216
rs115918155	R003	4	102406722	unique_+	chr4	101485565
rs17829549	R002	6	99028023	unique_+	chr6	98580147
rs2388834	R002	6	99539510	unique_+	chr6	99091634
rs221525	R002	6	99774241	unique_+	chr6	99326365
rs9389252	R002	6	99773908	unique_+	chr6	99326032
rs6905786	R002	6	99555756	unique_+	chr6	99107880
rs12215280	R002	6	98751389	unique_+	chr6	98303513
rs114681250	R003	4	103497383	unique_+	chr4	102576226
rs4699012	R003	4	103249884	unique_+	chr4	102328727
rs13137392	R003	4	103426586	unique_+	chr4	102505429
rs117069643	R001	3	48190272	unique_+	chr3	48148782
rs6917584	R002	6	99793275	unique_+	chr6	99345399
rs71326941	R001	3	50680386	unique_+	chr3	50642955
rs12190587	R002	6	99333458	unique_+	chr6	98885582
rs147278437	R001	3	48259423	unique_+	chr3	48217933
rs9307263	R003	4	102641136	unique_+	chr4	101719979
rs17080039	R001	3	48300348	unique_+	chr3	48258858
rs147737977	R001	3	48297577	unique_+	chr3	48256087
rs79850873	R001	3	50678967	unique_+	chr3	50641536
rs143418533	R003	4	103383708	unique_+	chr4	102462551
rs112790613	R003	4	103724561	unique_+	chr4	102803404
rs116062681	R001	3	50502200	unique_+	chr3	50464769
rs330868	R002	6	100012955	unique_+	chr6	99565079
rs78643545	R003	4	103090543	unique_+	chr4	102169386
rs28396651	R003	4	102819025	unique_+	chr4	101897868
rs72926237	R002	6	99956872	unique_+	chr6	99508996
rs4458693	R002	6	99018120	unique_+	chr6	98570244
rs141144119	R002	6	99254753	unique_+	chr6	98806877
rs143208781	R001	3	50208756	unique_+	chr3	50171323
rs117736106	R002	6	99233785	unique_+	chr6	98785909
rs192898291	R002	6	98091614	unique_+	chr6	97643738
rs148659867	R002	6	99351705	unique_+	chr6	98903829
rs148132200	R001	3	50448642	unique_+	chr3	50411211
rs115930226	R001	3	48080320	unique_+	chr3	48038830
rs181781805	R003	4	103859402	unique_+	chr4	102938245
rs190144355	R002	6	98351611	unique_+	chr6	97903735
rs28594407	R002	6	99182828	unique_+	chr6	98734952
rs183367396	R001	3	48810113	unique_+	chr3	48772680
rs143273231	R002	6	99664774	unique_+	chr6	99216898
rs7764055	R002	6	99978570	unique_+	chr6	99530694
rs57063733	R003	4	102354003	unique_+	chr4	101432846
rs190777069	R001	3	49393871	unique_+	chr3	49356438
rs17032989	R003	4	103544079	unique_+	chr4	102622922
rs143014446	R002	6	99922431	unique_+	chr6	99474555
rs191588550	R002	6	99709891	unique_+	chr6	99262015
rs184503068	R002	6	97863478	unique_+	chr6	97415602
rs148615823	R002	6	99264922	unique_+	chr6	98817046
rs183644990	R002	6	100023763	unique_+	chr6	99575887
rs140426101	R001	3	50214692	unique_+	chr3	50177259
rs9851304	R001	3	50905951	unique_+	chr3	50868520
rs9825283	R001	3	50712159	unique_+	chr3	50674728
rs628865	R001	3	50668108	unique_+	chr3	50630677
rs2675833	R001	3	50862213	unique_+	chr3	50824782
rs2355338	R001	3	50720198	unique_+	chr3	50682767
rs4340700	R001	3	50665068	unique_+	chr3	50627637
rs9857033	R001	3	50741151	unique_+	chr3	50703720
rs6789273	R001	3	50792399	unique_+	chr3	50754968
rs1552255	R001	3	50692547	unique_+	chr3	50655116
rs2608994	R001	3	50843862	unique_+	chr3	50806431
rs2883746	R001	3	50940779	unique_+	chr3	50903348
rs936714	R001	3	50682899	unique_+	chr3	50645468
rs6784819	R001	3	50742188	unique_+	chr3	50704757
rs1038415	R001	3	50695670	unique_+	chr3	50658239
rs9840476	R001	3	50711758	unique_+	chr3	50674327
rs407164	R001	3	50654131	unique_+	chr3	50616700
rs2609004	R001	3	50815265	unique_+	chr3	50777834
rs4234695	R001	3	50664766	unique_+	chr3	50627335
rs621975	R001	3	50645635	unique_+	chr3	50608204
rs650473	R001	3	50668604	unique_+	chr3	50631173
rs2355337	R001	3	50724631	unique_+	chr3	50687200
rs2675798	R001	3	50839252	unique_+	chr3	50801821
rs4234694	R001	3	50664785	unique_+	chr3	50627354
rs1843073	R001	3	50723398	unique_+	chr3	50685967
rs4258960	R001	3	50805393	unique_+	chr3	50767962
rs4688704	R001	3	50733296	unique_+	chr3	50695865
rs57591074	R001	3	50558176	unique_+	chr3	50520745
rs184941058	R002	6	98479235	unique_+	chr6	98031359
rs143557138	R001	3	49135733	unique_+	chr3	49098300
rs142480129	R003	4	103573429	unique_+	chr4	102652272
rs148870975	R003	4	102427798	unique_+	chr4	101506641
rs185364577	R002	6	98545751	unique_+	chr6	98097875
rs143320362	R001	3	48683674	unique_+	chr3	48646241
rs118176045	R002	6	98843607	unique_+	chr6	98395731
rs140658720	R003	4	102467928	unique_+	chr4	101546771
rs140788365	R003	4	102469532	unique_+	chr4	101548375
rs137866214	R003	4	102466032	unique_+	chr4	101544875
rs145881583	R003	4	102466886	unique_+	chr4	101545729
rs2262848	R001	3	50907242	unique_+	chr3	50869811
rs144744048	R003	4	103742338	unique_+	chr4	102821181
rs139507801	R002	6	98598876	unique_+	chr6	98151000
rs139872666	R002	6	98228401	unique_+	chr6	97780525
rs138450497	R001	3	50343454	unique_+	chr3	50306023
rs138414162	R001	3	50308928	unique_+	chr3	50271497
rs140372423	R001	3	50277296	unique_+	chr3	50239864
rs139772784	R001	3	50312503	unique_+	chr3	50275072
rs141909335	R002	6	98537943	unique_+	chr6	98090067
rs7751134	R002	6	99980953	unique_+	chr6	99533077
rs140752392	R003	4	103644366	unique_+	chr4	102723209
rs181802191	R003	4	103412289	unique_+	chr4	102491132
rs139373337	R002	6	99801652	unique_+	chr6	99353776
rs150605229	R001	3	49152707	unique_+	chr3	49115274
rs189455787	R001	3	49742650	unique_+	chr3	49705217
rs149315260	R001	3	49701910	unique_+	chr3	49664477
rs116436136	R001	3	49551094	unique_+	chr3	49513661
rs141655141	R001	3	49386955	unique_+	chr3	49349522
rs186404498	R003	4	103041769	unique_+	chr4	102120612
rs184357737	R002	6	99632733	unique_+	chr6	99184857
rs2851323	R003	4	102901435	unique_+	chr4	101980278
rs188487820	R003	4	102541618	unique_+	chr4	101620461
rs142889002	R001	3	50268755	unique_+	chr3	50231323
rs142494990	R002	6	99587594	unique_+	chr6	99139718
rs145342511	R001	3	48263229	unique_+	chr3	48221739
rs78440668	R002	6	99780441	unique_+	chr6	99332565
rs142688797	R003	4	103059519	unique_+	chr4	102138362
rs2006308	R002	6	99762901	unique_+	chr6	99315025
rs221524	R002	6	99774592	unique_+	chr6	99326716
rs10457612	R002	6	99652157	unique_+	chr6	99204281
rs6778802	R001	3	50146592	unique_+	chr3	50109159
rs151477	R003	4	103096795	unique_+	chr4	102175638
rs9373109	R002	6	99750257	unique_+	chr6	99302381
rs74864009	R003	4	103773405	unique_+	chr4	102852248
rs13191961	R002	6	97752227	unique_+	chr6	97304351
rs77217288	R001	3	50393676	unique_+	chr3	50356245
rs12629572	R001	3	50324672	unique_+	chr3	50287241
rs75203126	R002	6	99752190	unique_+	chr6	99304314
rs76846888	R001	3	50406058	unique_+	chr3	50368627
rs76610280	R002	6	99662205	unique_+	chr6	99214329
rs184572900	R002	6	97976167	unique_+	chr6	97528291
rs2170366	R002	6	99016484	unique_+	chr6	98568608
rs75747211	R001	3	48261366	unique_+	chr3	48219876
rs78138837	R001	3	50344178	unique_+	chr3	50306747
rs236749	R003	4	103097205	unique_+	chr4	102176048
rs182331256	R002	6	98141818	unique_+	chr6	97693942
rs60355660	R002	6	99759218	unique_+	chr6	99311342
rs146865241	R001	3	49791857	unique_+	chr3	49754424
rs12528764	R002	6	97759498	unique_+	chr6	97311622
rs55996371	R001	3	50699383	unique_+	chr3	50661952
rs9402650	R002	6	99751460	unique_+	chr6	99303584
rs330812	R002	6	100000485	unique_+	chr6	99552609
rs142798591	R002	6	99179928	unique_+	chr6	98732052
rs80191827	R003	4	102705929	unique_+	chr4	101784772
rs11946693	R003	4	102378907	unique_+	chr4	101457750
rs115269729	R001	3	50666243	unique_+	chr3	50628812
rs10028863	R003	4	102378063	unique_+	chr4	101456906
rs56120867	R003	4	103229659	unique_+	chr4	102308502
rs4839724	R002	6	99027776	unique_+	chr6	98579900
rs73082917	R001	3	50391555	unique_+	chr3	50354124
rs35391003	R002	6	98675583	unique_+	chr6	98227707
rs12486033	R001	3	48118193	unique_+	chr3	48076703
rs72929239	R002	6	99666152	unique_+	chr6	99218276
rs7656627	R003	4	102724506	unique_+	chr4	101803349
rs1481447	R002	6	99017775	unique_+	chr6	98569899
rs330807	R002	6	99993742	unique_+	chr6	99545866
rs6811141	R003	4	102726241	unique_+	chr4	101805084
rs4840018	R002	6	99684639	unique_+	chr6	99236763
rs2892615	R002	6	99539944	unique_+	chr6	99092068
rs9402791	R002	6	99883694	unique_+	chr6	99435818
rs71562340	R002	6	98031290	unique_+	chr6	97583414
rs115970881	R001	3	49544423	unique_+	chr3	49506990
rs139946791	R001	3	49279669	unique_+	chr3	49242236
rs114897840	R003	4	102450319	unique_+	chr4	101529162
rs330850	R002	6	100023574	unique_+	chr6	99575698
rs2207446	R002	6	99464542	unique_+	chr6	99016666
rs72627734	R002	6	98084186	unique_+	chr6	97636310
rs17059187	R002	6	99587912	unique_+	chr6	99140036
rs13122215	R003	4	102470438	unique_+	chr4	101549281
rs2604068	R002	6	99355873	unique_+	chr6	98907997
rs485924	R002	6	100002903	unique_+	chr6	99555027
rs78752824	R002	6	98803839	unique_+	chr6	98355963
rs1349485	R002	6	98701016	unique_+	chr6	98253140
rs34691305	R001	3	50015625	unique_+	chr3	49978192
rs7759571	R002	6	99433084	unique_+	chr6	98985208
rs9373110	R002	6	99751318	unique_+	chr6	99303442
rs2388839	R002	6	99574363	unique_+	chr6	99126487
rs9399120	R002	6	99750197	unique_+	chr6	99302321
rs221582	R002	6	99744107	unique_+	chr6	99296231
rs146231194	R001	3	49651603	unique_+	chr3	49614170
rs330808	R002	6	99994764	unique_+	chr6	99546888
rs181053313	R002	6	99301121	unique_+	chr6	98853245
rs113983990	R002	6	98407458	unique_+	chr6	97959582
rs4235405	R003	4	103516811	unique_+	chr4	102595654
rs17829357	R002	6	99017732	unique_+	chr6	98569856
rs139379641	R001	3	50347933	unique_+	chr3	50310502
rs12491849	R001	3	48531227	unique_+	chr3	48489975
rs77440492	R001	3	49131874	unique_+	chr3	49094441
rs9402664	R002	6	99767039	unique_+	chr6	99319163
rs11154700	R002	6	99555101	unique_+	chr6	99107225
rs149957351	R001	3	48377519	unique_+	chr3	48336029
rs639488	R002	6	100003394	unique_+	chr6	99555518
rs9399123	R002	6	99753078	unique_+	chr6	99305202
rs12506517	R003	4	102642526	unique_+	chr4	101721369
rs117741698	R002	6	98251897	unique_+	chr6	97804021
rs330861	R002	6	100029028	unique_+	chr6	99581152
rs9373111	R002	6	99751681	unique_+	chr6	99303805
rs116346390	R001	3	49300117	unique_+	chr3	49262684
rs515259	R002	6	100007023	unique_+	chr6	99559147
rs57838764	R001	3	50374568	unique_+	chr3	50337137
rs114649319	R001	3	49623509	unique_+	chr3	49586076
rs10457006	R002	6	99691340	unique_+	chr6	99243464
rs75829635	R003	4	103244470	unique_+	chr4	102323313
rs330853	R002	6	100024123	unique_+	chr6	99576247
rs116236361	R003	4	102835660	unique_+	chr4	101914503
rs182791	R002	6	100008089	unique_+	chr6	99560213
rs486881	R002	6	100006244	unique_+	chr6	99558368
rs330813	R002	6	100000890	unique_+	chr6	99553014
rs170710	R002	6	99995053	unique_+	chr6	99547177
rs76643488	R002	6	98630501	unique_+	chr6	98182625
rs230487	R003	4	103389409	unique_+	chr4	102468252
rs113008381	R003	4	103811384	unique_+	chr4	102890227
rs117055288	R002	6	99098328	unique_+	chr6	98650452
rs330862	R002	6	100008287	unique_+	chr6	99560411
rs330863	R002	6	100008420	unique_+	chr6	99560544
rs330865	R002	6	100010247	unique_+	chr6	99562371
rs138958327	R001	3	49125873	unique_+	chr3	49088440
rs1451344	R002	6	98650125	unique_+	chr6	98202249
rs13211103	R002	6	98022156	unique_+	chr6	97574280
rs41340152	R003	4	102677410	unique_+	chr4	101756253
rs62420678	R002	6	98109644	unique_+	chr6	97661768
rs78931818	R002	6	98625263	unique_+	chr6	98177387
rs4518254	R003	4	102714254	unique_+	chr4	101793097
rs2240328	R001	3	50113004	unique_+	chr3	50075571
rs12110494	R002	6	99026808	unique_+	chr6	98578932
rs17032290	R003	4	103174728	unique_+	chr4	102253571
rs151295085	R001	3	50476471	unique_+	chr3	50439040
rs143422428	R001	3	48089273	unique_+	chr3	48047783
rs146564295	R001	3	48289637	unique_+	chr3	48248147
rs147999680	R001	3	49265829	unique_+	chr3	49228396
rs7752902	R002	6	99985823	unique_+	chr6	99537947
rs115028144	R003	4	103046345	unique_+	chr4	102125188
rs144194784	R001	3	50547114	unique_+	chr3	50509683
rs191715973	R002	6	99967989	unique_+	chr6	99520113
rs148301192	R002	6	99218555	unique_+	chr6	98770679
rs116798108	R003	4	102289146	unique_+	chr4	101367989
rs145791029	R002	6	99174867	unique_+	chr6	98726991
rs150996745	R003	4	103593080	unique_+	chr4	102671923
rs188543106	R001	3	48287215	unique_+	chr3	48245725
rs78015194	R002	6	99752061	unique_+	chr6	99304185
rs74782353	R002	6	99752023	unique_+	chr6	99304147
rs620791	R002	6	100019358	unique_+	chr6	99571482
rs187364574	R001	3	48950429	unique_+	chr3	48912996
rs2355709	R001	3	50947274	unique_+	chr3	50909843
rs11923336	R001	3	50946547	unique_+	chr3	50909116
rs13092850	R001	3	50945928	unique_+	chr3	50908497
rs116439030	R002	6	98325318	unique_+	chr6	97877442
rs185633338	R002	6	99249791	unique_+	chr6	98801915
rs186741949	R001	3	49853382	unique_+	chr3	49815949
rs118086194	R002	6	97789089	unique_+	chr6	97341213
rs192277856	R001	3	49833209	unique_+	chr3	49795776
rs139285506	R003	4	102510547	unique_+	chr4	101589390
rs142601505	R003	4	102510653	unique_+	chr4	101589496
rs149411379	R003	4	102470314	unique_+	chr4	101549157
rs149500368	R003	4	103653142	unique_+	chr4	102731985
rs186813697	R003	4	102902617	unique_+	chr4	101981460
rs186097600	R002	6	98987930	unique_+	chr6	98540054
rs11723038	R003	4	102298384	unique_+	chr4	101377227
rs148362773	R001	3	48166821	unique_+	chr3	48125331
rs184984197	R001	3	48503838	unique_+	chr3	48462439
rs191044480	R001	3	48397132	unique_+	chr3	48355642
rs188118558	R003	4	102708720	unique_+	chr4	101787563
rs142396671	R001	3	49051059	unique_+	chr3	49013626
rs188077108	R001	3	49026534	unique_+	chr3	48989101
rs185898901	R001	3	48708723	unique_+	chr3	48671290
rs77111792	R001	3	49793886	unique_+	chr3	49756453
rs140593977	R001	3	48507846	unique_+	chr3	48466447
rs143365506	R003	4	102375752	unique_+	chr4	101454595
rs9998913	R003	4	102203022	unique_+	chr4	101281865
rs191667668	R003	4	102386783	unique_+	chr4	101465626
rs147105833	R003	4	102374449	unique_+	chr4	101453292
rs114331483	R003	4	102383265	unique_+	chr4	101462108
rs116733550	R001	3	50968065	unique_+	chr3	50930634
rs189703269	R003	4	102420226	unique_+	chr4	101499069
rs11932302	R003	4	102381962	unique_+	chr4	101460805
rs114416698	R001	3	49483367	unique_+	chr3	49445934
rs115354473	R001	3	49601474	unique_+	chr3	49564041
rs482396	R002	6	100019957	unique_+	chr6	99572081
rs179367	R002	6	100020322	unique_+	chr6	99572446
rs2866379	R003	4	102321327	unique_+	chr4	101400170
rs10022523	R003	4	102323037	unique_+	chr4	101401880
rs10012025	R003	4	102322944	unique_+	chr4	101401787
rs55859752	R003	4	102317273	unique_+	chr4	101396116
rs74685087	R001	3	49895915	unique_+	chr3	49858482
rs190751452	R002	6	99673713	unique_+	chr6	99225837
rs143910386	R002	6	98012478	unique_+	chr6	97564602
rs75161382	R002	6	97850850	unique_+	chr6	97402974
rs148275530	R001	3	50389497	unique_+	chr3	50352066
rs185576473	R002	6	97849858	unique_+	chr6	97401982
rs192605041	R002	6	98527278	unique_+	chr6	98079402
rs2572136	R002	6	99435498	unique_+	chr6	98987622
rs28464806	R003	4	103614683	unique_+	chr4	102693526
rs181086615	R001	3	48291229	unique_+	chr3	48249739
rs140299993	R001	3	48909568	unique_+	chr3	48872135
rs485009	R002	6	100020197	unique_+	chr6	99572321
rs13199141	R002	6	97753101	unique_+	chr6	97305225
rs111508519	R002	6	99752159	unique_+	chr6	99304283
rs330810	R002	6	99996416	unique_+	chr6	99548540
rs62323872	R003	4	102649343	unique_+	chr4	101728186
rs112824960	R003	4	102785353	unique_+	chr4	101864196
rs3827787	R002	6	99874394	unique_+	chr6	99426518
rs116699774	R003	4	103582090	unique_+	chr4	102660933
rs517333	R002	6	100004086	unique_+	chr6	99556210
rs79292643	R002	6	99555466	unique_+	chr6	99107590
rs141606272	R001	3	50927363	unique_+	chr3	50889932
rs195811	R002	6	99377344	unique_+	chr6	98929468
rs330852	R002	6	100023604	unique_+	chr6	99575728
rs916288	R001	3	50513157	unique_+	chr3	50475726
rs330854	R002	6	100024561	unique_+	chr6	99576685
rs149952098	R001	3	50341505	unique_+	chr3	50304074
rs7771438	R002	6	99989539	unique_+	chr6	99541663
rs144828750	R002	6	97987491	unique_+	chr6	97539615
rs330872	R002	6	100016240	unique_+	chr6	99568364
rs236748	R003	4	103097554	unique_+	chr4	102176397
rs62260158	R001	3	50794403	unique_+	chr3	50756972
rs11937607	R003	4	102549706	unique_+	chr4	101628549
rs148654174	R001	3	48378051	unique_+	chr3	48336561
rs145937512	R002	6	97955787	unique_+	chr6	97507911
rs12190462	R002	6	98558587	unique_+	chr6	98110711
rs147367607	R001	3	50444675	unique_+	chr3	50407244
rs61705576	R002	6	99133818	unique_+	chr6	98685942
rs559790	R002	6	100018656	unique_+	chr6	99570780
rs864512	R002	6	100031957	unique_+	chr6	99584081
rs111512209	R003	4	102581190	unique_+	chr4	101660033
rs9321373	R002	6	99554068	unique_+	chr6	99106192
rs4572884	R003	4	102783351	unique_+	chr4	101862194
rs857917	R002	6	100031814	unique_+	chr6	99583938
rs9389457	R002	6	99975325	unique_+	chr6	99527449
rs626345	R002	6	98649075	unique_+	chr6	98201199
rs73836548	R003	4	103174425	unique_+	chr4	102253268
rs11154718	R002	6	99592404	unique_+	chr6	99144528
rs1339972	R002	6	98003468	unique_+	chr6	97555592
rs1264194	R001	3	48625266	unique_+	chr3	48587833
rs2615971	R003	4	102513322	unique_+	chr4	101592165
rs4527719	R002	6	98020739	unique_+	chr6	97572863
rs10499019	R002	6	99020586	unique_+	chr6	98572710
rs72684874	R003	4	102644099	unique_+	chr4	101722942
rs78336631	R003	4	102468074	unique_+	chr4	101546917
rs35713889	R001	3	49162583	unique_+	chr3	49125150
rs330864	R002	6	100010166	unique_+	chr6	99562290
rs147159639	R002	6	99675325	unique_+	chr6	99227449
rs55918515	R002	6	99485582	unique_+	chr6	99037706
rs79732956	R002	6	99596020	unique_+	chr6	99148144
rs113424976	R003	4	102752678	unique_+	chr4	101831521
rs189467723	R003	4	103839983	unique_+	chr4	102918826
rs72917399	R002	6	99796579	unique_+	chr6	99348703
rs7663310	R003	4	102565480	unique_+	chr4	101644323
rs4607219	R003	4	102773838	unique_+	chr4	101852681
rs2038714	R002	6	99981879	unique_+	chr6	99534003
rs2301639	R001	3	50380661	unique_+	chr3	50343230
rs148265971	R003	4	103615527	unique_+	chr4	102694370
rs17752168	R002	6	98022968	unique_+	chr6	97575092
rs330848	R002	6	100022121	unique_+	chr6	99574245
rs72926495	R002	6	98932361	unique_+	chr6	98484485
rs3860237	R002	6	99551774	unique_+	chr6	99103898
rs2239801	R001	3	50402309	unique_+	chr3	50364878
rs2866627	R003	4	102569368	unique_+	chr4	101648211
rs62264271	R001	3	48532673	unique_+	chr3	48491421
rs55674120	R003	4	102657746	unique_+	chr4	101736589
rs13130798	R003	4	102524376	unique_+	chr4	101603219
rs9398440	R002	6	97934398	unique_+	chr6	97486522
rs2267846	R001	3	48556339	unique_+	chr3	48518906
rs143936567	R002	6	98473234	unique_+	chr6	98025358
rs76570343	R001	3	49749804	unique_+	chr3	49712371
rs9398847	R002	6	99026809	unique_+	chr6	98578933
rs28397699	R003	4	103143804	unique_+	chr4	102222647
rs195841	R002	6	99399173	unique_+	chr6	98951297
rs9372414	R002	6	97764299	unique_+	chr6	97316423
rs114318273	R001	3	50734104	unique_+	chr3	50696673
rs189232581	R003	4	103771245	unique_+	chr4	102850088
rs114680247	R003	4	102619570	unique_+	chr4	101698413
rs111820006	R001	3	49018679	unique_+	chr3	48981246
rs112311189	R002	6	98030472	unique_+	chr6	97582596
rs2071802	R001	3	50412945	unique_+	chr3	50375514
rs150118477	R003	4	102497682	unique_+	chr4	101576525
rs72925088	R002	6	98164526	unique_+	chr6	97716650
rs117942469	R002	6	98651482	unique_+	chr6	98203606
rs13126723	R003	4	102532725	unique_+	chr4	101611568
rs6907383	R002	6	98677162	unique_+	chr6	98229286
rs55909234	R002	6	99263384	unique_+	chr6	98815508
rs77629332	R001	3	49424237	unique_+	chr3	49386804
rs289770	R002	6	98649701	unique_+	chr6	98201825
rs28365992	R001	3	50340996	unique_+	chr3	50303565
rs17823175	R003	4	103176308	unique_+	chr4	102255151
rs75597991	R002	6	99814970	unique_+	chr6	99367094
rs1481445	R002	6	99026037	unique_+	chr6	98578161
rs6833764	R003	4	102726095	unique_+	chr4	101804938
rs80329965	R003	4	102718981	unique_+	chr4	101797824
rs977574	R003	4	103102270	unique_+	chr4	102181113
rs138877108	R003	4	102470037	unique_+	chr4	101548880
rs146366339	R002	6	99416860	unique_+	chr6	98968984
rs11969441	R002	6	99580350	unique_+	chr6	99132474
rs144482303	R002	6	99043916	unique_+	chr6	98596040
rs191972964	R003	4	102824252	unique_+	chr4	101903095
rs188007417	R002	6	98134691	unique_+	chr6	97686815
rs149228321	R003	4	103132903	unique_+	chr4	102211746
rs72940764	R003	4	103602619	unique_+	chr4	102681462
rs148504900	R002	6	97795209	unique_+	chr6	97347333
rs118046612	R002	6	98605984	unique_+	chr6	98158108
rs142268652	R001	3	50629810	unique_+	chr3	50592379
rs187402968	R001	3	49407187	unique_+	chr3	49369754
rs35886230	R002	6	98023987	unique_+	chr6	97576111
rs141326796	R002	6	97876616	unique_+	chr6	97428740
rs189772696	R002	6	98615905	unique_+	chr6	98168029
rs117147138	R002	6	98852286	unique_+	chr6	98404410
rs140687005	R002	6	98179958	unique_+	chr6	97732082
rs139480728	R001	3	50454288	unique_+	chr3	50416857
rs185361893	R003	4	102670523	unique_+	chr4	101749366
rs185066363	R002	6	98305382	unique_+	chr6	97857506
rs185241068	R002	6	98789117	unique_+	chr6	98341241
rs148813748	R002	6	97981563	unique_+	chr6	97533687
rs181690290	R001	3	48292187	unique_+	chr3	48250697
rs3974661	R003	4	102323247	unique_+	chr4	101402090
rs76990320	R003	4	102445471	unique_+	chr4	101524314
rs111989986	R003	4	102319302	unique_+	chr4	101398145
rs58911362	R001	3	50857708	unique_+	chr3	50820277
rs76280679	R001	3	50865096	unique_+	chr3	50827665
rs138618959	R001	3	50895304	unique_+	chr3	50857873
rs73833949	R001	3	50966275	unique_+	chr3	50928844
rs7650772	R001	3	50956769	unique_+	chr3	50919338
rs681339	R002	6	98696267	unique_+	chr6	98248391
rs57077411	R001	3	50841867	unique_+	chr3	50804436
rs13210081	R002	6	98004459	unique_+	chr6	97556583
rs181171654	R003	4	102508088	unique_+	chr4	101586931
rs117145497	R002	6	99256300	unique_+	chr6	98808424
rs115494631	R001	3	48257312	unique_+	chr3	48215822
rs150836185	R003	4	103596610	unique_+	chr4	102675453
rs79549093	R001	3	48786058	unique_+	chr3	48748625
rs189722759	R002	6	98356777	unique_+	chr6	97908901
rs147944291	R001	3	50377046	unique_+	chr3	50339615
rs186700896	R001	3	49829489	unique_+	chr3	49792056
rs137910811	R001	3	48215045	unique_+	chr3	48173555
rs77185339	R003	4	102371103	unique_+	chr4	101449946
rs28704863	R003	4	102316762	unique_+	chr4	101395605
rs139827846	R001	3	48636464	unique_+	chr3	48599031
rs139367042	R001	3	50372560	unique_+	chr3	50335129
rs192966391	R001	3	48842818	unique_+	chr3	48805385
rs187039775	R001	3	49336583	unique_+	chr3	49299150
rs184896425	R002	6	99075191	unique_+	chr6	98627315
rs4435950	R002	6	97877556	unique_+	chr6	97429680
rs2071803	R001	3	50407344	unique_+	chr3	50369913
rs142317851	R002	6	99757732	unique_+	chr6	99309856
rs188513836	R003	4	103820646	unique_+	chr4	102899489
rs9488660	R002	6	97823737	unique_+	chr6	97375861
rs9399138	R002	6	99783225	unique_+	chr6	99335349
rs75377761	R002	6	99819482	unique_+	chr6	99371606
rs4240557	R002	6	98123876	unique_+	chr6	97676000
rs13216937	R002	6	98741495	unique_+	chr6	98293619
rs13220278	R002	6	98024830	unique_+	chr6	97576954
rs75826658	R003	4	103553372	unique_+	chr4	102632215
rs13193660	R002	6	99427242	unique_+	chr6	98979366
rs72684841	R003	4	102605656	unique_+	chr4	101684499
rs117103727	R002	6	98506141	unique_+	chr6	98058265
rs1376499	R002	6	98652595	unique_+	chr6	98204719
rs1383810	R002	6	99019102	unique_+	chr6	98571226
rs2717842	R003	4	102491286	unique_+	chr4	101570129
rs7750579	R002	6	98717898	unique_+	chr6	98270022
rs10007495	R003	4	102566525	unique_+	chr4	101645368
rs17752324	R002	6	98025365	unique_+	chr6	97577489
rs4235402	R003	4	102778646	unique_+	chr4	101857489
rs7656409	R003	4	102724405	unique_+	chr4	101803248
rs4698972	R003	4	102778455	unique_+	chr4	101857298
rs62424012	R002	6	99020209	unique_+	chr6	98572333
rs146753195	R001	3	50632474	unique_+	chr3	50595043
rs114109120	R003	4	103725297	unique_+	chr4	102804140
rs13194534	R002	6	98026003	unique_+	chr6	97578127
rs6925042	R002	6	99497948	unique_+	chr6	99050072
rs62424011	R002	6	99020017	unique_+	chr6	98572141
rs62422125	R002	6	98012637	unique_+	chr6	97564761
rs7754270	R002	6	99867984	unique_+	chr6	99420108
rs7675129	R003	4	102675023	unique_+	chr4	101753866
rs13198995	R002	6	97752967	unique_+	chr6	97305091
rs4582392	R002	6	99127383	unique_+	chr6	98679507
rs74797114	R002	6	99754260	unique_+	chr6	99306384
rs67152947	R003	4	103231262	unique_+	chr4	102310105
rs35997403	R002	6	98030207	unique_+	chr6	97582331
rs149502130	R002	6	98060905	unique_+	chr6	97613029
rs78501918	R001	3	50369914	unique_+	chr3	50332483
rs74992770	R002	6	97740064	unique_+	chr6	97292188
rs117911374	R002	6	99822281	unique_+	chr6	99374405
rs9483434	R002	6	99504838	unique_+	chr6	99056962
rs115748867	R003	4	102558667	unique_+	chr4	101637510
rs9481964	R002	6	98248487	unique_+	chr6	97800611
rs139294222	R001	3	48244149	unique_+	chr3	48202659
rs75208336	R001	3	50203360	unique_+	chr3	50165927
rs55927334	R002	6	98680890	unique_+	chr6	98233014
rs150868205	R001	3	48150511	unique_+	chr3	48109021
rs2717841	R003	4	102493055	unique_+	chr4	101571898
rs6819732	R003	4	102722142	unique_+	chr4	101800985
rs7633840	R001	3	48719638	unique_+	chr3	48682205
rs17808421	R002	6	98013067	unique_+	chr6	97565191
rs289769	R002	6	98651922	unique_+	chr6	98204046
rs2615970	R003	4	102513254	unique_+	chr4	101592097
rs141015497	R001	3	48246516	unique_+	chr3	48205026
rs10011987	R003	4	103134486	unique_+	chr4	102213329
rs150155617	R001	3	50083667	unique_+	chr3	50046234
rs117898768	R002	6	97916368	unique_+	chr6	97468492
rs9399170	R002	6	99863245	unique_+	chr6	99415369
rs78033406	R002	6	99755114	unique_+	chr6	99307238
rs178358	R002	6	99697740	unique_+	chr6	99249864
rs62422358	R002	6	99227100	unique_+	chr6	98779224
rs7695247	R003	4	103272760	unique_+	chr4	102351603
rs55839714	R002	6	98019876	unique_+	chr6	97572000
rs2502944	R002	6	98615812	unique_+	chr6	98167936
rs114522238	R003	4	103068236	unique_+	chr4	102147079
rs238458	R003	4	103104722	unique_+	chr4	102183565
rs223492	R003	4	103675108	unique_+	chr4	102753951
rs35520411	R002	6	98012083	unique_+	chr6	97564207
rs80033764	R001	3	50701250	unique_+	chr3	50663819
rs56298324	R001	3	48435090	unique_+	chr3	48393626
rs144707564	R002	6	99456081	unique_+	chr6	99008205
rs141148959	R003	4	103157994	unique_+	chr4	102236837
rs141150840	R001	3	50240377	unique_+	chr3	50202944
rs9376014	R002	6	99690090	unique_+	chr6	99242214
rs2723056	R003	4	102503199	unique_+	chr4	101582042
rs4414957	R003	4	102723246	unique_+	chr4	101802089
rs12497569	R001	3	49364830	unique_+	chr3	49327397
rs35348105	R002	6	97752194	unique_+	chr6	97304318
rs289768	R002	6	98653755	unique_+	chr6	98205879
rs34694061	R002	6	99341816	unique_+	chr6	98893940
rs148413558	R002	6	99115350	unique_+	chr6	98667474
rs223502	R003	4	103640758	unique_+	chr4	102719601
rs36003008	R003	4	103227284	unique_+	chr4	102306127
rs6569372	R002	6	98675915	unique_+	chr6	98228039
rs17829375	R002	6	99020150	unique_+	chr6	98572274
rs2717834	R003	4	102488667	unique_+	chr4	101567510
rs72926492	R002	6	98931748	unique_+	chr6	98483872
rs189563129	R001	3	49151400	unique_+	chr3	49113967
rs149089100	R002	6	98522404	unique_+	chr6	98074528
rs17059457	R002	6	99806408	unique_+	chr6	99358532
rs62432321	R002	6	99972276	unique_+	chr6	99524400
rs72688582	R003	4	103096591	unique_+	chr4	102175434
rs13211994	R002	6	98009031	unique_+	chr6	97561155
rs13434749	R003	4	103148845	unique_+	chr4	102227688
rs4699016	R003	4	103278179	unique_+	chr4	102357022
rs13213903	R002	6	98014794	unique_+	chr6	97566918
rs141846944	R001	3	50953824	unique_+	chr3	50916393
rs116766128	R001	3	49805186	unique_+	chr3	49767753
rs6856511	R003	4	102334776	unique_+	chr4	101413619
rs114980420	R001	3	48480501	unique_+	chr3	48439091
rs184827349	R001	3	50539315	unique_+	chr3	50501884
rs1376498	R002	6	98655928	unique_+	chr6	98208052
rs137912876	R001	3	49787850	unique_+	chr3	49750417
rs148136744	R001	3	48249816	unique_+	chr3	48208326
rs139882143	R001	3	48277570	unique_+	chr3	48236080
rs62422127	R002	6	98015333	unique_+	chr6	97567457
rs188753231	R002	6	98330862	unique_+	chr6	97882986
rs118114768	R002	6	99952140	unique_+	chr6	99504264
rs190720671	R003	4	102724183	unique_+	chr4	101803026
rs117761653	R002	6	99295298	unique_+	chr6	98847422
rs151403	R003	4	103191447	unique_+	chr4	102270290
rs59486246	R001	3	50778365	unique_+	chr3	50740934
rs55723661	R001	3	50814325	unique_+	chr3	50776894
rs6789552	R001	3	50626425	unique_+	chr3	50588994
rs59340349	R001	3	50724975	unique_+	chr3	50687544
rs60455882	R001	3	50769674	unique_+	chr3	50732243
rs2675824	R001	3	50901188	unique_+	chr3	50863757
rs56413944	R001	3	50749754	unique_+	chr3	50712323
rs17051404	R001	3	50751850	unique_+	chr3	50714419
rs74510365	R001	3	50859352	unique_+	chr3	50821921
rs56684767	R001	3	50806092	unique_+	chr3	50768661
rs75496338	R001	3	50782584	unique_+	chr3	50745153
rs73833239	R001	3	50713088	unique_+	chr3	50675657
rs57987466	R001	3	50650019	unique_+	chr3	50612588
rs56112107	R001	3	50611532	unique_+	chr3	50574101
rs73833247	R001	3	50756730	unique_+	chr3	50719299
rs140861883	R001	3	50725987	unique_+	chr3	50688556
rs6768539	R001	3	50732166	unique_+	chr3	50694735
rs75472980	R001	3	50614160	unique_+	chr3	50576729
rs61032466	R001	3	50650937	unique_+	chr3	50613506
rs56341000	R001	3	50886485	unique_+	chr3	50849054
rs150689942	R001	3	50728440	unique_+	chr3	50691009
rs59337835	R001	3	50698407	unique_+	chr3	50660976
rs73833232	R001	3	50696476	unique_+	chr3	50659045
rs78758310	R001	3	50742049	unique_+	chr3	50704618
rs77069087	R001	3	50613857	unique_+	chr3	50576426
rs61242765	R001	3	50808849	unique_+	chr3	50771418
rs73833935	R001	3	50872540	unique_+	chr3	50835109
rs1365386	R003	4	102484276	unique_+	chr4	101563119
rs190806634	R001	3	50785046	unique_+	chr3	50747615
rs1020541	R002	6	98698678	unique_+	chr6	98250802
rs183493902	R001	3	49105473	unique_+	chr3	49068040
rs191181506	R001	3	49104403	unique_+	chr3	49066970
rs75866840	R002	6	99241098	unique_+	chr6	98793222
rs142984255	R001	3	50663902	unique_+	chr3	50626471
rs189441329	R002	6	98817066	unique_+	chr6	98369190
rs6787988	R001	3	48557611	unique_+	chr3	48520178
rs188907749	R002	6	98561092	unique_+	chr6	98113216
rs144770661	R001	3	50362283	unique_+	chr3	50324852
rs146563826	R001	3	50397008	unique_+	chr3	50359577
rs187696595	R001	3	50739859	unique_+	chr3	50702428
rs188481263	R002	6	99564148	unique_+	chr6	99116272
rs192948692	R002	6	98121831	unique_+	chr6	97673955
rs72627737	R002	6	98131772	unique_+	chr6	97683896
rs118006877	R002	6	99720428	unique_+	chr6	99272552
rs149874100	R003	4	103866456	unique_+	chr4	102945299
rs182660760	R001	3	50222978	unique_+	chr3	50185545
rs79092812	R002	6	99804255	unique_+	chr6	99356379
rs147955384	R002	6	98246526	unique_+	chr6	97798650
rs612509	R002	6	98241976	unique_+	chr6	97794100
rs186078107	R002	6	98082182	unique_+	chr6	97634306
rs142946775	R003	4	102609242	unique_+	chr4	101688085
rs149821170	R002	6	98106307	unique_+	chr6	97658431
rs181509845	R003	4	103134367	unique_+	chr4	102213210
rs138682640	R003	4	103661401	unique_+	chr4	102740244
rs2615969	R003	4	102513186	unique_+	chr4	101592029
rs112181477	R002	6	99799983	unique_+	chr6	99352107
rs28835344	R003	4	103147396	unique_+	chr4	102226239
rs79536844	R001	3	50375066	unique_+	chr3	50337635
rs1451347	R002	6	98730699	unique_+	chr6	98282823
rs4699233	R003	4	102474733	unique_+	chr4	101553576
rs149087450	R003	4	102499192	unique_+	chr4	101578035
rs55962838	R002	6	99021575	unique_+	chr6	98573699
rs62422357	R002	6	99226230	unique_+	chr6	98778354
rs74481168	R002	6	98069684	unique_+	chr6	97621808
rs11920251	R001	3	49356671	unique_+	chr3	49319238
rs9389280	R002	6	99799919	unique_+	chr6	99352043
rs980758	R002	6	98699740	unique_+	chr6	98251864
rs4286516	R003	4	102645282	unique_+	chr4	101724125
rs116986242	R002	6	97910614	unique_+	chr6	97462738
rs2615972	R003	4	102513507	unique_+	chr4	101592350
rs289767	R002	6	98663243	unique_+	chr6	98215367
rs75077622	R001	3	50743684	unique_+	chr3	50706253
rs113809508	R002	6	99711302	unique_+	chr6	99263426
rs62422355	R002	6	99224582	unique_+	chr6	98776706
rs185026539	R001	3	48231570	unique_+	chr3	48190080
rs17031480	R003	4	102545658	unique_+	chr4	101624501
rs146066772	R003	4	102662892	unique_+	chr4	101741735
rs114562154	R001	3	49435446	unique_+	chr3	49398013
rs56072709	R003	4	103186222	unique_+	chr4	102265065
rs2073498	R001	3	50369546	unique_+	chr3	50332115
rs184831084	R003	4	103140399	unique_+	chr4	102219242
rs2717846	R003	4	102513480	unique_+	chr4	101592323
rs139957126	R002	6	99491739	unique_+	chr6	99043863
rs144693039	R003	4	102977984	unique_+	chr4	102056827
rs11721050	R001	3	48077723	unique_+	chr3	48036233
rs2443453	R002	6	98655680	unique_+	chr6	98207804
rs2723045	R003	4	102512419	unique_+	chr4	101591262
rs111500078	R003	4	103343181	unique_+	chr4	102422024
rs140632620	R001	3	49808851	unique_+	chr3	49771418
rs35741076	R002	6	98008217	unique_+	chr6	97560341
rs228611	R003	4	103561709	unique_+	chr4	102640552
rs150144376	R002	6	97726165	unique_+	chr6	97278289
rs62423563	R002	6	99230209	unique_+	chr6	98782333
rs79158519	R002	6	99755093	unique_+	chr6	99307217
rs6532945	R003	4	102483783	unique_+	chr4	101562626
rs6532948	R003	4	102552162	unique_+	chr4	101631005
rs221579	R002	6	99746537	unique_+	chr6	99298661
rs114877151	R001	3	49463700	unique_+	chr3	49426267
rs144409767	R001	3	48529466	unique_+	chr3	48488213
rs6764415	R001	3	48512195	unique_+	chr3	48470796
rs35768187	R001	3	50245991	unique_+	chr3	50208558
rs66466366	R003	4	103855668	unique_+	chr4	102934511
rs9389456	R002	6	99975293	unique_+	chr6	99527417
rs79480342	R001	3	50106674	unique_+	chr3	50069241
rs2615963	R003	4	102498400	unique_+	chr4	101577243
rs12500878	R003	4	102511193	unique_+	chr4	101590036
rs13210406	R002	6	97752902	unique_+	chr6	97305026
rs6914364	R002	6	99172999	unique_+	chr6	98725123
rs17222142	R003	4	103089214	unique_+	chr4	102168057
rs73074997	R001	3	50829826	unique_+	chr3	50792395
rs147025639	R001	3	49293819	unique_+	chr3	49256386
rs76081488	R001	3	48360574	unique_+	chr3	48319084
rs13202886	R002	6	98006567	unique_+	chr6	97558691
rs41291718	R001	3	50085481	unique_+	chr3	50048048
rs7429494	R001	3	50967904	unique_+	chr3	50930473
rs74803171	R002	6	98376615	unique_+	chr6	97928739
rs2717847	R003	4	102514043	unique_+	chr4	101592886
rs1865741	R001	3	49362892	unique_+	chr3	49325459
rs35546377	R002	6	98009629	unique_+	chr6	97561753
rs112765127	R002	6	99642036	unique_+	chr6	99194160
rs7769277	R002	6	98641766	unique_+	chr6	98193890
rs149907057	R003	4	102661557	unique_+	chr4	101740400
rs35600586	R002	6	98008034	unique_+	chr6	97560158
rs1997936	R002	6	99436003	unique_+	chr6	98988127
rs9401107	R002	6	98168794	unique_+	chr6	97720918
rs62422353	R002	6	99221821	unique_+	chr6	98773945
rs116890881	R002	6	98878311	unique_+	chr6	98430435
rs147462817	R001	3	50824660	unique_+	chr3	50787229
rs34533891	R002	6	97992000	unique_+	chr6	97544124
rs10019129	R003	4	102575356	unique_+	chr4	101654199
rs9489244	R002	6	98052940	unique_+	chr6	97605064
rs140850679	R001	3	49576683	unique_+	chr3	49539250
rs4398748	R002	6	99219522	unique_+	chr6	98771646
rs10031210	R003	4	102714886	unique_+	chr4	101793729
rs4146610	R003	4	103265177	unique_+	chr4	102344020
rs116891671	R002	6	99624606	unique_+	chr6	99176730
rs2624817	R001	3	50117520	unique_+	chr3	50080087
rs12193803	R002	6	98801640	unique_+	chr6	98353764
rs142873571	R003	4	103166984	unique_+	chr4	102245827
rs7691030	R003	4	102715698	unique_+	chr4	101794541
rs62329462	R003	4	103264105	unique_+	chr4	102342948
rs182113257	R002	6	99615945	unique_+	chr6	99168069
rs9376137	R002	6	99842056	unique_+	chr6	99394180
rs59740076	R002	6	97996564	unique_+	chr6	97548688
rs41442345	R003	4	102680913	unique_+	chr4	101759756
rs140085867	R003	4	103867306	unique_+	chr4	102946149
rs115522114	R001	3	49656003	unique_+	chr3	49618570
rs9991351	R003	4	103624587	unique_+	chr4	102703430
rs139483937	R001	3	50093158	unique_+	chr3	50055725
rs181737423	R002	6	99208031	unique_+	chr6	98760155
rs79679148	R002	6	98759472	unique_+	chr6	98311596
rs150041548	R002	6	99802345	unique_+	chr6	99354469
rs117218985	R002	6	98064035	unique_+	chr6	97616159
rs72682943	R003	4	102437548	unique_+	chr4	101516391
rs146836849	R001	3	48241380	unique_+	chr3	48199890
rs187446277	R002	6	98045270	unique_+	chr6	97597394
rs150985701	R001	3	50048619	unique_+	chr3	50011186
rs139198283	R001	3	50056435	unique_+	chr3	50019002
rs145437859	R002	6	99715603	unique_+	chr6	99267727
rs188087519	R003	4	102374611	unique_+	chr4	101453454
rs115299736	R003	4	102390045	unique_+	chr4	101468888
rs72924893	R003	4	103230803	unique_+	chr4	102309646
rs143153144	R002	6	98585405	unique_+	chr6	98137529
rs59944295	R001	3	50945960	unique_+	chr3	50908529
rs79958197	R002	6	99243331	unique_+	chr6	98795455
rs148971313	R003	4	103651626	unique_+	chr4	102730469
rs193084672	R002	6	99602066	unique_+	chr6	99154190
rs74436499	R003	4	102592467	unique_+	chr4	101671310
rs147891053	R002	6	99925893	unique_+	chr6	99478017
rs118111496	R002	6	99462005	unique_+	chr6	99014129
rs78256302	R001	3	48833336	unique_+	chr3	48795903
rs11130258	R001	3	50833564	unique_+	chr3	50796133
rs6446223	R001	3	50887986	unique_+	chr3	50850555
rs78924665	R001	3	48665148	unique_+	chr3	48627715
rs146036110	R002	6	99183962	unique_+	chr6	98736086
rs187660109	R001	3	48678366	unique_+	chr3	48640933
rs117815795	R002	6	99954262	unique_+	chr6	99506386
rs74674484	R001	3	48568636	unique_+	chr3	48531203
rs619205	R002	6	98234067	unique_+	chr6	97786191
rs6913014	R002	6	98235314	unique_+	chr6	97787438
rs684296	R002	6	98247136	unique_+	chr6	97799260
rs192497276	R001	3	49740631	unique_+	chr3	49703198
rs56841797	R001	3	48564299	unique_+	chr3	48526866
rs13090141	R001	3	48889433	unique_+	chr3	48852000
rs189839399	R002	6	97972164	unique_+	chr6	97524288
rs181083660	R001	3	50075580	unique_+	chr3	50038147
rs150162031	R001	3	49308804	unique_+	chr3	49271371
rs78404686	R002	6	98249593	unique_+	chr6	97801717
rs138206240	R002	6	99525750	unique_+	chr6	99077874
rs185812010	R003	4	103005512	unique_+	chr4	102084355
rs192468377	R001	3	50233886	unique_+	chr3	50196453
rs148572108	R001	3	50971599	unique_+	chr3	50934168
rs181975731	R001	3	50220790	unique_+	chr3	50183357
rs7654435	R003	4	103209901	unique_+	chr4	102288744
rs185410457	R003	4	102416044	unique_+	chr4	101494887
rs147383836	R003	4	102489899	unique_+	chr4	101568742
rs150572593	R002	6	98590918	unique_+	chr6	98143042
rs138117252	R002	6	98072181	unique_+	chr6	97624305
rs114038753	R001	3	50644507	unique_+	chr3	50607076
rs74425485	R002	6	99504480	unique_+	chr6	99056604
rs115696506	R001	3	50328303	unique_+	chr3	50290872
rs9387404	R002	6	97925015	unique_+	chr6	97477139
rs761638	R002	6	99541396	unique_+	chr6	99093520
rs7650241	R001	3	50124923	unique_+	chr3	50087490
rs138073187	R001	3	49247045	unique_+	chr3	49209612
rs34142492	R001	3	49363759	unique_+	chr3	49326326
rs4699237	R003	4	102486504	unique_+	chr4	101565347
rs6918730	R002	6	99020289	unique_+	chr6	98572413
rs10457438	R002	6	98551738	unique_+	chr6	98103862
rs143786338	R001	3	50645689	unique_+	chr3	50608258
rs233834	R003	4	103195240	unique_+	chr4	102274083
rs113014003	R001	3	50599511	unique_+	chr3	50562080
rs223490	R003	4	103679117	unique_+	chr4	102757960
rs7432782	R001	3	48941551	unique_+	chr3	48904118
rs72684831	R003	4	102601109	unique_+	chr4	101679952
rs149972755	R001	3	49346980	unique_+	chr3	49309547
rs761637	R002	6	99541053	unique_+	chr6	99093177
rs3974634	R003	4	103633009	unique_+	chr4	102711852
rs114701174	R001	3	50860142	unique_+	chr3	50822711
rs62422120	R002	6	98001344	unique_+	chr6	97553468
rs117854904	R002	6	99457449	unique_+	chr6	99009573
rs7612733	R001	3	50238156	unique_+	chr3	50200723
rs72622931	R001	3	48256447	unique_+	chr3	48214957
rs4522865	R003	4	102715888	unique_+	chr4	101794731
rs115854006	R001	3	48388170	unique_+	chr3	48346680
rs148923907	R001	3	49125063	unique_+	chr3	49087630
rs138328584	R001	3	49016013	unique_+	chr3	48978580
rs72940762	R003	4	103602600	unique_+	chr4	102681443
rs2162339	R003	4	102352222	unique_+	chr4	101431065
rs62422359	R002	6	99227408	unique_+	chr6	98779532
rs11756472	R002	6	97829508	unique_+	chr6	97381632
rs2615964	R003	4	102497755	unique_+	chr4	101576598
rs188700113	R002	6	98699553	unique_+	chr6	98251677
rs17808124	R002	6	98000224	unique_+	chr6	97552348
rs11709788	R001	3	49349444	unique_+	chr3	49312011
rs139787101	R001	3	49688155	unique_+	chr3	49650722
rs11545105	R001	3	50336454	unique_+	chr3	50299023
rs74709981	R003	4	102477378	unique_+	chr4	101556221
rs143053219	R001	3	50639585	unique_+	chr3	50602154
rs4554002	R001	3	49337120	unique_+	chr3	49299687
rs62329460	R003	4	103259561	unique_+	chr4	102338404
rs76551806	R002	6	99467567	unique_+	chr6	99019691
rs73072483	R001	3	50771624	unique_+	chr3	50734193
rs2723046	R003	4	102513093	unique_+	chr4	101591936
rs138653738	R001	3	49194532	unique_+	chr3	49157099
rs13209872	R002	6	97753223	unique_+	chr6	97305347
rs7664683	R003	4	103255692	unique_+	chr4	102334535
rs6795772	R001	3	49365269	unique_+	chr3	49327836
rs182710040	R003	4	103435059	unique_+	chr4	102513902
rs72688581	R003	4	103096232	unique_+	chr4	102175075
rs2723047	R003	4	102514020	unique_+	chr4	101592863
rs17751639	R002	6	97999310	unique_+	chr6	97551434
rs238460	R003	4	103106858	unique_+	chr4	102185701
rs11754157	R002	6	99607499	unique_+	chr6	99159623
rs62422348	R002	6	99192002	unique_+	chr6	98744126
rs113473583	R003	4	103691297	unique_+	chr4	102770140
rs116958918	R002	6	98102440	unique_+	chr6	97654564
rs112428059	R002	6	97728353	unique_+	chr6	97280477
rs4437483	R002	6	98051562	unique_+	chr6	97603686
rs56266334	R002	6	99968921	unique_+	chr6	99521045
rs139513999	R002	6	99146118	unique_+	chr6	98698242
rs195835	R002	6	99405074	unique_+	chr6	98957198
rs9814951	R001	3	48610925	unique_+	chr3	48573492
rs1009257	R003	4	102569411	unique_+	chr4	101648254
rs2615966	R003	4	102491451	unique_+	chr4	101570294
rs117393548	R002	6	99446568	unique_+	chr6	98998692
rs112035262	R003	4	103369079	unique_+	chr4	102447922
rs13210630	R002	6	98005129	unique_+	chr6	97557253
rs72684838	R003	4	102605444	unique_+	chr4	101684287
rs187466611	R001	3	48495380	unique_+	chr3	48453980
rs191185501	R001	3	49959924	unique_+	chr3	49922491
rs13218275	R002	6	97998314	unique_+	chr6	97550438
rs2615973	R003	4	102515133	unique_+	chr4	101593976
rs79233059	R001	3	48188671	unique_+	chr3	48147181
rs34810691	R001	3	49815618	unique_+	chr3	49778185
rs665912	R001	3	50594812	unique_+	chr3	50557381
rs2054394	R003	4	103268763	unique_+	chr4	102347606
rs62420696	R002	6	98130107	unique_+	chr6	97682231
rs117047767	R002	6	98827607	unique_+	chr6	98379731
rs13206562	R002	6	99634361	unique_+	chr6	99186485
rs115292135	R001	3	48341331	unique_+	chr3	48299841
rs2723054	R003	4	102492986	unique_+	chr4	101571829
rs420536	R001	3	50580658	unique_+	chr3	50543227
rs113097055	R002	6	99580375	unique_+	chr6	99132499
rs76716089	R002	6	99500590	unique_+	chr6	99052714
rs74754890	R002	6	98139925	unique_+	chr6	97692049
rs145688906	R002	6	99117853	unique_+	chr6	98669977
rs2502929	R002	6	98646886	unique_+	chr6	98199010
rs117555536	R002	6	99661104	unique_+	chr6	99213228
rs184534740	R002	6	98970538	unique_+	chr6	98522662
rs117945907	R002	6	99101102	unique_+	chr6	98653226
rs190074014	R002	6	97877206	unique_+	chr6	97429330
rs145671130	R001	3	48868729	unique_+	chr3	48831296
rs4955431	R001	3	49368521	unique_+	chr3	49331088
rs6850372	R003	4	102324976	unique_+	chr4	101403819
rs182316398	R003	4	102864399	unique_+	chr4	101943242
rs7683610	R003	4	102423925	unique_+	chr4	101502768
rs191598079	R002	6	99324865	unique_+	chr6	98876989
rs185863468	R001	3	50522451	unique_+	chr3	50485020
rs182776672	R001	3	50442191	unique_+	chr3	50404760
rs183707699	R003	4	103380718	unique_+	chr4	102459561
rs183320657	R001	3	49605655	unique_+	chr3	49568222
rs7428650	R001	3	50970553	unique_+	chr3	50933122
rs12108646	R003	4	103236001	unique_+	chr4	102314844
rs182355203	R002	6	97802529	unique_+	chr6	97354653
rs150653616	R002	6	99584989	unique_+	chr6	99137113
rs186781283	R003	4	102499714	unique_+	chr4	101578557
rs185832171	R001	3	50628090	unique_+	chr3	50590659
rs12215710	R002	6	98395693	unique_+	chr6	97947817
rs187649244	R002	6	99320306	unique_+	chr6	98872430
rs139834677	R001	3	50178854	unique_+	chr3	50141421
rs9839959	R001	3	48599898	unique_+	chr3	48562465
rs139281488	R002	6	98243076	unique_+	chr6	97795200
rs149647267	R001	3	50581774	unique_+	chr3	50544343
rs183464976	R002	6	97975165	unique_+	chr6	97527289
rs185388429	R002	6	97925833	unique_+	chr6	97477957
rs112432211	R003	4	102385583	unique_+	chr4	101464426
rs145286434	R003	4	102433511	unique_+	chr4	101512354
rs112786981	R003	4	102454211	unique_+	chr4	101533054
rs113770433	R003	4	102374643	unique_+	chr4	101453486
rs114570156	R001	3	49152189	unique_+	chr3	49114756
rs147975088	R001	3	50394861	unique_+	chr3	50357430
rs189150077	R001	3	48522399	unique_+	chr3	48480990
rs188003590	R003	4	102965431	unique_+	chr4	102044274
rs116547287	R003	4	102962772	unique_+	chr4	102041615
rs144417241	R002	6	99053771	unique_+	chr6	98605895
rs183983407	R002	6	98443423	unique_+	chr6	97995547
rs184376968	R002	6	99198005	unique_+	chr6	98750129
rs145543835	R003	4	103119097	unique_+	chr4	102197940
rs188074002	R001	3	48654475	unique_+	chr3	48617042
rs114297216	R001	3	50787306	unique_+	chr3	50749875
rs76698037	R002	6	99266866	unique_+	chr6	98818990
rs183759441	R001	3	48118837	unique_+	chr3	48077347
rs114473485	R003	4	103251464	unique_+	chr4	102330307
rs140396743	R001	3	48448813	unique_+	chr3	48407406
rs149448101	R002	6	98877089	unique_+	chr6	98429213
rs11730599	R003	4	102556955	unique_+	chr4	101635798
rs141696305	R003	4	103695007	unique_+	chr4	102773850
rs72688593	R003	4	103108859	unique_+	chr4	102187702
rs56875319	R003	4	102543892	unique_+	chr4	101622735
rs12528379	R002	6	97959168	unique_+	chr6	97511292
rs9491610	R002	6	98900019	unique_+	chr6	98452143
rs60247651	R001	3	50272953	unique_+	chr3	50235521
rs236744	R003	4	103110066	unique_+	chr4	102188909
rs141958301	R003	4	102931208	unique_+	chr4	102010051
rs238457	R003	4	103104682	unique_+	chr4	102183525
rs118071053	R002	6	98249308	unique_+	chr6	97801432
rs9402716	R002	6	99827314	unique_+	chr6	99379438
rs180892637	R002	6	99554519	unique_+	chr6	99106643
rs77068789	R003	4	102786904	unique_+	chr4	101865747
rs236743	R003	4	103109495	unique_+	chr4	102188338
rs223489	R003	4	103680984	unique_+	chr4	102759827
rs71323398	R001	3	48375344	unique_+	chr3	48333854
rs72921075	R002	6	99734869	unique_+	chr6	99286993
rs111474964	R002	6	100032060	unique_+	chr6	99584184
rs149682985	R001	3	49611494	unique_+	chr3	49574061
rs76782146	R003	4	103597818	unique_+	chr4	102676661
rs186296816	R003	4	103631613	unique_+	chr4	102710456
rs4839956	R002	6	98836863	unique_+	chr6	98388987
rs17279528	R003	4	103313490	unique_+	chr4	102392333
rs180853567	R003	4	102595769	unique_+	chr4	101674612
rs75259534	R003	4	103724101	unique_+	chr4	102802944
rs77548156	R001	3	49293510	unique_+	chr3	49256077
rs35367457	R003	4	102494465	unique_+	chr4	101573308
rs13210975	R002	6	98005388	unique_+	chr6	97557512
rs236750	R003	4	103101944	unique_+	chr4	102180787
rs1989839	R001	3	50378946	unique_+	chr3	50341515
rs149636734	R001	3	48333456	unique_+	chr3	48291966
rs73074994	R001	3	50828517	unique_+	chr3	50791086
rs190736254	R001	3	49621520	unique_+	chr3	49584087
rs6850893	R003	4	103254421	unique_+	chr4	102333264
rs114538522	R001	3	49214952	unique_+	chr3	49177519
rs3774799	R001	3	49334608	unique_+	chr3	49297175
rs7690997	R003	4	102715549	unique_+	chr4	101794392
rs9400761	R002	6	97762982	unique_+	chr6	97315106
rs13142783	R003	4	102499762	unique_+	chr4	101578605
rs4476841	R002	6	99127289	unique_+	chr6	98679413
rs146582580	R001	3	48239352	unique_+	chr3	48197862
rs41275739	R003	4	103228976	unique_+	chr4	102307819
rs182355396	R001	3	50920457	unique_+	chr3	50883026
rs920558	R003	4	102320930	unique_+	chr4	101399773
rs186554615	R001	3	49401625	unique_+	chr3	49364192
rs151387	R003	4	103093486	unique_+	chr4	102172329
rs56095459	R002	6	97994800	unique_+	chr6	97546924
rs78851827	R003	4	102272256	unique_+	chr4	101351099
rs117532384	R002	6	98198828	unique_+	chr6	97750952
rs236746	R003	4	103111493	unique_+	chr4	102190336
rs9401087	R002	6	98156441	unique_+	chr6	97708565
rs56258119	R003	4	103138790	unique_+	chr4	102217633
rs190301647	R002	6	99358594	unique_+	chr6	98910718
rs72926234	R002	6	99956112	unique_+	chr6	99508236
rs62422117	R002	6	97996459	unique_+	chr6	97548583
rs79405893	R002	6	99754862	unique_+	chr6	99306986
rs9387520	R002	6	98071180	unique_+	chr6	97623304
rs147853915	R001	3	48234105	unique_+	chr3	48192615
rs137865604	R003	4	103345661	unique_+	chr4	102424504
rs233831	R003	4	103197882	unique_+	chr4	102276725
rs73084757	R001	3	50589611	unique_+	chr3	50552180
rs151402	R003	4	103190486	unique_+	chr4	102269329
rs7685660	R003	4	102651455	unique_+	chr4	101730298
rs13105106	R003	4	103404864	unique_+	chr4	102483707
rs2615959	R003	4	102505179	unique_+	chr4	101584022
rs1496979	R002	6	99728442	unique_+	chr6	99280566
rs72945224	R002	6	99605159	unique_+	chr6	99157283
rs11924352	R001	3	48377637	unique_+	chr3	48336147
rs6532954	R003	4	102588509	unique_+	chr4	101667352
rs72688590	R003	4	103108795	unique_+	chr4	102187638
rs56095122	R003	4	103736838	unique_+	chr4	102815681
rs72912956	R003	4	102626546	unique_+	chr4	101705389
rs73759035	R002	6	98978633	unique_+	chr6	98530757
rs12331012	R003	4	102350336	unique_+	chr4	101429179
rs79480454	R002	6	97739956	unique_+	chr6	97292080
rs140289949	R003	4	103585630	unique_+	chr4	102664473
rs62327959	R003	4	103253056	unique_+	chr4	102331899
rs6801718	R001	3	49811614	unique_+	chr3	49774181
rs62422075	R002	6	97880999	unique_+	chr6	97433123
rs141483875	R001	3	50599909	unique_+	chr3	50562478
rs147154008	R001	3	49421273	unique_+	chr3	49383840
rs189012486	R001	3	49649821	unique_+	chr3	49612388
rs140840671	R002	6	99928408	unique_+	chr6	99480532
rs58296360	R003	4	102317493	unique_+	chr4	101396336
rs192875112	R002	6	98831749	unique_+	chr6	98383873
rs151311037	R003	4	102329122	unique_+	chr4	101407965
rs78299347	R003	4	102372432	unique_+	chr4	101451275
rs11930444	R003	4	102332686	unique_+	chr4	101411529
rs145036054	R003	4	102381438	unique_+	chr4	101460281
rs113981619	R003	4	102372058	unique_+	chr4	101450901
rs9884173	R003	4	102320555	unique_+	chr4	101399398
rs112772100	R003	4	102379322	unique_+	chr4	101458165
rs182204801	R003	4	102240573	unique_+	chr4	101319416
rs144952017	R003	4	103337035	unique_+	chr4	102415878
rs185166322	R001	3	49086011	unique_+	chr3	49048578
rs138056152	R001	3	49154844	unique_+	chr3	49117411
rs6833962	R003	4	103558731	unique_+	chr4	102637574
rs57614926	R003	4	103225989	unique_+	chr4	102304832
rs148576879	R002	6	98763956	unique_+	chr6	98316080
rs143558320	R002	6	98879981	unique_+	chr6	98432105
rs73831580	R001	3	48562122	unique_+	chr3	48524689
rs189040677	R003	4	102881520	unique_+	chr4	101960363
rs45592339	R002	6	99880893	unique_+	chr6	99433017
rs139225806	R002	6	99900102	unique_+	chr6	99452226
rs7653228	R001	3	50956947	unique_+	chr3	50919516
rs73835533	R001	3	50575041	unique_+	chr3	50537610
rs9822485	R001	3	48718643	unique_+	chr3	48681210
rs139794789	R002	6	99621561	unique_+	chr6	99173685
rs116115819	R001	3	49002277	unique_+	chr3	48964844
rs188724488	R001	3	48819180	unique_+	chr3	48781747
rs115525373	R001	3	48258356	unique_+	chr3	48216866
rs75794751	R001	3	48296493	unique_+	chr3	48255003
rs191255281	R002	6	98207080	unique_+	chr6	97759204
rs182332113	R001	3	49535530	unique_+	chr3	49498097
rs148374427	R003	4	102371304	unique_+	chr4	101450147
rs184286918	R001	3	48797850	unique_+	chr3	48760417
rs181750698	R001	3	48223579	unique_+	chr3	48182089
rs141930911	R002	6	99603777	unique_+	chr6	99155901
rs147284584	R001	3	48640714	unique_+	chr3	48603281
rs190932240	R001	3	50771907	unique_+	chr3	50734476
rs184479128	R001	3	48181173	unique_+	chr3	48139683
rs61760236	R001	3	49339833	unique_+	chr3	49302400
rs74601271	R002	6	98300490	unique_+	chr6	97852614
rs190996393	R003	4	103854485	unique_+	chr4	102933328
rs181407440	R001	3	49361714	unique_+	chr3	49324281
rs146787192	R001	3	50883982	unique_+	chr3	50846551
rs72682947	R003	4	102443940	unique_+	chr4	101522783
rs139029578	R002	6	99578127	unique_+	chr6	99130251
rs184458082	R001	3	50545323	unique_+	chr3	50507892
rs80014335	R002	6	98225485	unique_+	chr6	97777609
rs139598788	R003	4	103483371	unique_+	chr4	102562214
rs77699633	R002	6	98223192	unique_+	chr6	97775316
rs181908433	R002	6	99904324	unique_+	chr6	99456448
rs190570554	R002	6	98722542	unique_+	chr6	98274666
rs141507336	R002	6	98746715	unique_+	chr6	98298839
rs148203248	R003	4	102208256	unique_+	chr4	101287099
rs117805024	R002	6	98940735	unique_+	chr6	98492859
rs6569952	R002	6	99724885	unique_+	chr6	99277009
rs211218	R002	6	98978478	unique_+	chr6	98530602
rs221578	R002	6	99747633	unique_+	chr6	99299757
rs9320518	R002	6	97763117	unique_+	chr6	97315241
rs2388041	R002	6	97751948	unique_+	chr6	97304072
rs6821372	R003	4	102430268	unique_+	chr4	101509111
rs114970491	R001	3	48979632	unique_+	chr3	48942199
rs35172302	R002	6	97991869	unique_+	chr6	97543993
rs2057517	R002	6	99980252	unique_+	chr6	99532376
rs12487765	R001	3	48411735	unique_+	chr3	48370245
rs35575789	R002	6	99645265	unique_+	chr6	99197389
rs150962171	R003	4	102376714	unique_+	chr4	101455557
rs238459	R003	4	103105386	unique_+	chr4	102184229
rs74722570	R002	6	97915065	unique_+	chr6	97467189
rs34985176	R001	3	50711001	unique_+	chr3	50673570
rs117307948	R002	6	97947749	unique_+	chr6	97499873
rs118171179	R002	6	98896300	unique_+	chr6	98448424
rs78230571	R001	3	49751500	unique_+	chr3	49714067
rs221574	R002	6	99751110	unique_+	chr6	99303234
rs111858762	R002	6	97730922	unique_+	chr6	97283046
rs1757908	R002	6	97782940	unique_+	chr6	97335064
rs115192074	R001	3	50163408	unique_+	chr3	50125975
rs111538906	R002	6	99715621	unique_+	chr6	99267745
rs62422356	R002	6	99225730	unique_+	chr6	98777854
rs28657486	R002	6	97769261	unique_+	chr6	97321385
rs7660525	R003	4	102642344	unique_+	chr4	101721187
rs150185614	R003	4	102828198	unique_+	chr4	101907041
rs149178804	R001	3	48835245	unique_+	chr3	48797812
rs4295268	R003	4	102554338	unique_+	chr4	101633181
rs236751	R003	4	103103045	unique_+	chr4	102181888
rs147427338	R001	3	50271933	unique_+	chr3	50234501
rs1824678	R003	4	103267559	unique_+	chr4	102346402
rs17759566	R002	6	98727422	unique_+	chr6	98279546
rs1053851	R002	6	100016800	unique_+	chr6	99568924
rs79049012	R001	3	49416497	unique_+	chr3	49379064
rs149141955	R002	6	97963921	unique_+	chr6	97516045
rs126855	R002	6	99748996	unique_+	chr6	99301120
rs4839907	R002	6	97761794	unique_+	chr6	97313918
rs113109305	R002	6	99966218	unique_+	chr6	99518342
rs117795363	R002	6	98671247	unique_+	chr6	98223371
rs2450515	R002	6	98640825	unique_+	chr6	98192949
rs76493396	R001	3	48506279	unique_+	chr3	48464880
rs4487344	R003	4	102611136	unique_+	chr4	101689979
rs59452065	R003	4	102618718	unique_+	chr4	101697561
rs28368595	R002	6	98037974	unique_+	chr6	97590098
rs7666753	R003	4	102669955	unique_+	chr4	101748798
rs12493284	R001	3	49324782	unique_+	chr3	49287349
rs9398494	R002	6	98158104	unique_+	chr6	97710228
rs10457442	R002	6	98582297	unique_+	chr6	98134421
rs12213284	R002	6	98908289	unique_+	chr6	98460413
rs74670105	R002	6	99074248	unique_+	chr6	98626372
rs141981052	R003	4	102448376	unique_+	chr4	101527219
rs6812465	R003	4	102973144	unique_+	chr4	102051987
rs4647965	R003	4	103429439	unique_+	chr4	102508282
rs62329461	R003	4	103261217	unique_+	chr4	102340060
rs6569950	R002	6	99722750	unique_+	chr6	99274874
rs9482736	R002	6	98900621	unique_+	chr6	98452745
rs7694653	R003	4	102610586	unique_+	chr4	101689429
rs147555356	R003	4	103364072	unique_+	chr4	102442915
rs72686769	R003	4	102859949	unique_+	chr4	101938792
rs10006779	R003	4	102318184	unique_+	chr4	101397027
rs1156295	R002	6	98754751	unique_+	chr6	98306875
rs146769660	R003	4	102677370	unique_+	chr4	101756213
rs62422096	R002	6	97991866	unique_+	chr6	97543990
rs12210056	R002	6	99693750	unique_+	chr6	99245874
rs9372514	R002	6	98161937	unique_+	chr6	97714061
rs9374741	R002	6	98145164	unique_+	chr6	97697288
rs6818863	R003	4	102665975	unique_+	chr4	101744818
rs221576	R002	6	99750369	unique_+	chr6	99302493
rs112256201	R001	3	50671766	unique_+	chr3	50634335
rs6921873	R002	6	98931856	unique_+	chr6	98483980
rs76647243	R003	4	103361631	unique_+	chr4	102440474
rs9491608	R002	6	98898903	unique_+	chr6	98451027
rs9321063	R002	6	98896667	unique_+	chr6	98448791
rs117596691	R002	6	99650721	unique_+	chr6	99202845
rs223503	R003	4	103640143	unique_+	chr4	102718986
rs10001374	R003	4	102659820	unique_+	chr4	101738663
rs17831867	R002	6	99212281	unique_+	chr6	98764405
rs72929281	R002	6	99686344	unique_+	chr6	99238468
rs188364710	R001	3	50485747	unique_+	chr3	50448316
rs139323929	R003	4	102506818	unique_+	chr4	101585661
rs141463403	R003	4	103168425	unique_+	chr4	102247268
rs10007640	R003	4	102491130	unique_+	chr4	101569973
rs77746751	R003	4	103613567	unique_+	chr4	102692410
rs149286039	R003	4	102219867	unique_+	chr4	101298710
rs185989877	R003	4	102592405	unique_+	chr4	101671248
rs193115051	R001	3	50782720	unique_+	chr3	50745289
rs118066385	R002	6	99885246	unique_+	chr6	99437370
rs139273247	R001	3	50153887	unique_+	chr3	50116454
rs143322215	R001	3	48092827	unique_+	chr3	48051337
rs141893612	R002	6	98794449	unique_+	chr6	98346573
rs186027967	R001	3	50359857	unique_+	chr3	50322426
rs75591269	R003	4	102789619	unique_+	chr4	101868462
rs9874010	R001	3	48712422	unique_+	chr3	48674989
rs7629473	R001	3	48705335	unique_+	chr3	48667902
rs9857756	R001	3	48709224	unique_+	chr3	48671791
rs182594184	R001	3	50135016	unique_+	chr3	50097583
rs9854800	R001	3	48361497	unique_+	chr3	48320007
rs192237056	R003	4	103849288	unique_+	chr4	102928131
rs149983195	R003	4	102426657	unique_+	chr4	101505500
rs28700161	R003	4	102319090	unique_+	chr4	101397933
rs10003557	R003	4	102324189	unique_+	chr4	101403032
rs2866378	R003	4	102321146	unique_+	chr4	101399989
rs9884606	R003	4	102320496	unique_+	chr4	101399339
rs4394003	R003	4	102321267	unique_+	chr4	101400110
rs2903268	R003	4	102321277	unique_+	chr4	101400120
rs10029239	R003	4	102318200	unique_+	chr4	101397043
rs138887371	R002	6	98948020	unique_+	chr6	98500144
rs4312762	R003	4	102321285	unique_+	chr4	101400128
rs4552463	R003	4	102323067	unique_+	chr4	101401910
rs9996429	R003	4	102321469	unique_+	chr4	101400312
rs9999708	R003	4	102322528	unique_+	chr4	101401371
rs28720081	R003	4	102321932	unique_+	chr4	101400775
rs28694583	R003	4	102317077	unique_+	chr4	101395920
rs9884169	R003	4	102320415	unique_+	chr4	101399258
rs191305087	R003	4	103432684	unique_+	chr4	102511527
rs9844812	R001	3	48264722	unique_+	chr3	48223232
rs146734300	R001	3	50572977	unique_+	chr3	50535546
rs114688237	R001	3	50567963	unique_+	chr3	50530532
rs75870675	R001	3	50965976	unique_+	chr3	50928545
rs114613304	R001	3	50458014	unique_+	chr3	50420583
rs145211842	R002	6	98090924	unique_+	chr6	97643048
rs9489328	R002	6	98104575	unique_+	chr6	97656699
rs190994180	R003	4	102698941	unique_+	chr4	101777784
rs183293012	R003	4	102796829	unique_+	chr4	101875672
rs116714736	R003	4	102597366	unique_+	chr4	101676209
rs115339582	R001	3	50373649	unique_+	chr3	50336218
rs151222186	R003	4	102959202	unique_+	chr4	102038045
rs114356050	R003	4	102304844	unique_+	chr4	101383687
rs186504518	R001	3	48662417	unique_+	chr3	48624984
rs188161689	R001	3	49678819	unique_+	chr3	49641386
rs191505332	R003	4	103476461	unique_+	chr4	102555304
rs150161061	R002	6	98328923	unique_+	chr6	97881047
rs76132779	R003	4	103670767	unique_+	chr4	102749610
rs10009118	R003	4	102322203	unique_+	chr4	101401046
rs10000246	R003	4	102322960	unique_+	chr4	101401803
rs192855767	R002	6	99062804	unique_+	chr6	98614928
rs79573693	R003	4	102973812	unique_+	chr4	102052655
rs7642363	R001	3	48378345	unique_+	chr3	48336855
rs3731508	R001	3	48221902	unique_+	chr3	48180412
rs9489315	R002	6	98097373	unique_+	chr6	97649497
rs112325454	R002	6	99617633	unique_+	chr6	99169757
rs138794367	R003	4	103859545	unique_+	chr4	102938388
rs72688579	R003	4	103095088	unique_+	chr4	102173931
rs72926773	R002	6	98507232	unique_+	chr6	98059356
rs145508030	R003	4	103076564	unique_+	chr4	102155407
rs12528619	R002	6	99675908	unique_+	chr6	99228032
rs77860075	R003	4	103324497	unique_+	chr4	102403340
rs4839916	R002	6	98044555	unique_+	chr6	97596679
rs118190450	R002	6	99910169	unique_+	chr6	99462293
rs77410855	R003	4	103723488	unique_+	chr4	102802331
rs6532953	R003	4	102588365	unique_+	chr4	101667208
rs79499880	R001	3	50259551	unique_+	chr3	50222119
rs72938918	R002	6	99403892	unique_+	chr6	98956016
rs28412709	R001	3	50731408	unique_+	chr3	50693977
rs17213569	R003	4	103309540	unique_+	chr4	102388383
rs147103199	R002	6	98079146	unique_+	chr6	97631270
rs71564259	R002	6	99468269	unique_+	chr6	99020393
rs9166	R001	3	48636507	unique_+	chr3	48599074
rs140737725	R003	4	103690756	unique_+	chr4	102769599
rs118011512	R002	6	98077210	unique_+	chr6	97629334
rs79875185	R001	3	48988196	unique_+	chr3	48950763
rs11759822	R002	6	99608776	unique_+	chr6	99160900
rs12192338	R002	6	98896449	unique_+	chr6	98448573
rs2505081	R002	6	98634277	unique_+	chr6	98186401
rs112799534	R002	6	98624773	unique_+	chr6	98176897
rs35932719	R002	6	98754662	unique_+	chr6	98306786
rs146223997	R002	6	98377615	unique_+	chr6	97929739
rs114982205	R001	3	50500817	unique_+	chr3	50463386
rs9307262	R003	4	102641131	unique_+	chr4	101719974
rs116119655	R001	3	49214606	unique_+	chr3	49177173
rs141956963	R001	3	49782978	unique_+	chr3	49745545
rs236771	R003	4	103093726	unique_+	chr4	102172569
rs9398813	R002	6	98935310	unique_+	chr6	98487434
rs118019988	R002	6	99755631	unique_+	chr6	99307755
rs142156055	R002	6	98001066	unique_+	chr6	97553190
rs2040397	R001	3	50670078	unique_+	chr3	50632647
rs138526719	R002	6	98037902	unique_+	chr6	97590026
rs77586327	R002	6	99337895	unique_+	chr6	98890019
rs12208539	R002	6	98903461	unique_+	chr6	98455585
rs6532957	R003	4	102646992	unique_+	chr4	101725835
rs28360831	R003	4	102279207	unique_+	chr4	101358050
rs2505079	R002	6	98635397	unique_+	chr6	98187521
rs13120845	R003	4	102646394	unique_+	chr4	101725237
rs877329	R002	6	99681463	unique_+	chr6	99233587
rs75736006	R002	6	97789033	unique_+	chr6	97341157
rs60325144	R002	6	99792273	unique_+	chr6	99344397
rs141133473	R002	6	97961549	unique_+	chr6	97513673
rs72627736	R002	6	98131056	unique_+	chr6	97683180
rs10029986	R003	4	102596697	unique_+	chr4	101675540
rs140021702	R001	3	50824230	unique_+	chr3	50786799
rs9307272	R003	4	103630302	unique_+	chr4	102709145
rs72917046	R003	4	102671993	unique_+	chr4	101750836
rs60071108	R003	4	103110319	unique_+	chr4	102189162
rs79747146	R002	6	99636553	unique_+	chr6	99188677
rs1585214	R003	4	103444533	unique_+	chr4	102523376
rs76414856	R002	6	99744471	unique_+	chr6	99296595
rs67529886	R003	4	103225116	unique_+	chr4	102303959
rs2717835	R003	4	102505847	unique_+	chr4	101584690
rs12509873	R003	4	102647563	unique_+	chr4	101726406
rs55720529	R002	6	99597293	unique_+	chr6	99149417
rs187689635	R001	3	50147188	unique_+	chr3	50109755
rs75713647	R002	6	100022491	unique_+	chr6	99574615
rs78496933	R003	4	103613625	unique_+	chr4	102692468
rs112572895	R003	4	103613903	unique_+	chr4	102692746
rs3974632	R003	4	103632730	unique_+	chr4	102711573
rs9307271	R003	4	103630137	unique_+	chr4	102708980
rs28618363	R003	4	103616023	unique_+	chr4	102694866
rs3974631	R003	4	103632548	unique_+	chr4	102711391
rs17033181	R003	4	103614358	unique_+	chr4	102693201
rs115447204	R003	4	102463508	unique_+	chr4	101542351
rs189720273	R002	6	99759748	unique_+	chr6	99311872
rs149100295	R002	6	98765446	unique_+	chr6	98317570
rs144394990	R003	4	102422037	unique_+	chr4	101500880
rs147544763	R002	6	98341494	unique_+	chr6	97893618
rs184964363	R001	3	50024812	unique_+	chr3	49987379
rs3731484	R001	3	48230060	unique_+	chr3	48188570
rs9862161	R001	3	48262667	unique_+	chr3	48221177
rs9821028	R001	3	48270803	unique_+	chr3	48229313
rs116769734	R001	3	48240723	unique_+	chr3	48199233
rs9852381	R001	3	48261401	unique_+	chr3	48219911
rs72926715	R003	4	103247099	unique_+	chr4	102325942
rs192039149	R002	6	100026997	unique_+	chr6	99579121
rs9874212	R001	3	48337188	unique_+	chr3	48295698
rs144045934	R001	3	48358715	unique_+	chr3	48317225
rs13318895	R001	3	48343821	unique_+	chr3	48302331
rs145991453	R001	3	48218912	unique_+	chr3	48177422
rs183694648	R002	6	99565041	unique_+	chr6	99117165
rs72917055	R003	4	102677625	unique_+	chr4	101756468
rs189022039	R003	4	102550504	unique_+	chr4	101629347
rs188606208	R002	6	98298543	unique_+	chr6	97850667
rs151266098	R002	6	98292367	unique_+	chr6	97844491
rs116227737	R002	6	99862725	unique_+	chr6	99414849
rs147576218	R003	4	102206957	unique_+	chr4	101285800
rs137960594	R002	6	99766531	unique_+	chr6	99318655
rs118045587	R003	4	102387334	unique_+	chr4	101466177
rs77513658	R003	4	102325811	unique_+	chr4	101404654
rs72918859	R003	4	102325830	unique_+	chr4	101404673
rs6850562	R003	4	102325054	unique_+	chr4	101403897
rs28788287	R003	4	102324766	unique_+	chr4	101403609
rs17031254	R003	4	102325626	unique_+	chr4	101404469
rs113843623	R003	4	102326132	unique_+	chr4	101404975
rs28840997	R003	4	102324755	unique_+	chr4	101403598
rs79567238	R003	4	102326324	unique_+	chr4	101405167
rs79383780	R003	4	102326162	unique_+	chr4	101405005
rs10002877	R003	4	102323640	unique_+	chr4	101402483
rs9995557	R003	4	102333853	unique_+	chr4	101412696
rs17031258	R003	4	102326665	unique_+	chr4	101405508
rs6832965	R003	4	102334408	unique_+	chr4	101413251
rs57720763	R003	4	102326510	unique_+	chr4	101405353
rs143061244	R003	4	102394553	unique_+	chr4	101473396
rs72918862	R003	4	102326417	unique_+	chr4	101405260
rs6824814	R003	4	102324905	unique_+	chr4	101403748
rs6824063	R003	4	102324701	unique_+	chr4	101403544
rs116913842	R002	6	99948750	unique_+	chr6	99500874
rs183613916	R002	6	99501042	unique_+	chr6	99053166
rs186886155	R002	6	98039206	unique_+	chr6	97591330
rs73495440	R002	6	98811642	unique_+	chr6	98363766
rs139802276	R001	3	48246940	unique_+	chr3	48205450
rs75962188	R003	4	102529626	unique_+	chr4	101608469
rs151069646	R002	6	99084561	unique_+	chr6	98636685
rs182999405	R001	3	50239722	unique_+	chr3	50202289
rs147716229	R002	6	99504388	unique_+	chr6	99056512
rs189019765	R003	4	103113335	unique_+	chr4	102192178
rs141960668	R001	3	50501953	unique_+	chr3	50464522
rs74861343	R003	4	102274299	unique_+	chr4	101353142
rs187693221	R002	6	99569055	unique_+	chr6	99121179
rs149558622	R001	3	50075156	unique_+	chr3	50037723
rs149788979	R002	6	98169912	unique_+	chr6	97722036
rs144523528	R002	6	97764314	unique_+	chr6	97316438
rs141282111	R001	3	48718513	unique_+	chr3	48681080
rs7692921	R003	4	103247440	unique_+	chr4	102326283
rs2892513	R002	6	98746151	unique_+	chr6	98298275
rs2747734	R002	6	99437566	unique_+	chr6	98989690
rs62423561	R002	6	99229690	unique_+	chr6	98781814
rs17222149	R003	4	103091187	unique_+	chr4	102170030
rs28509306	R003	4	103625736	unique_+	chr4	102704579
rs72943288	R002	6	99587347	unique_+	chr6	99139471
rs227362	R003	4	103592285	unique_+	chr4	102671128
rs9388545	R002	6	98979105	unique_+	chr6	98531229
rs78313232	R002	6	98927126	unique_+	chr6	98479250
rs79912020	R003	4	103612216	unique_+	chr4	102691059
rs75354213	R001	3	48171453	unique_+	chr3	48129963
rs77448841	R001	3	49824756	unique_+	chr3	49787323
rs79550123	R002	6	99664315	unique_+	chr6	99216439
rs113395018	R002	6	99980905	unique_+	chr6	99533029
rs75082566	R002	6	98911141	unique_+	chr6	98463265
rs144605422	R003	4	102332721	unique_+	chr4	101411564
rs116113836	R001	3	48812594	unique_+	chr3	48775161
rs72554696	R001	3	49392204	unique_+	chr3	49354771
rs76467428	R002	6	99745571	unique_+	chr6	99297695
rs11154264	R002	6	98751547	unique_+	chr6	98303671
rs114764601	R001	3	50667697	unique_+	chr3	50630266
rs236773	R003	4	103092425	unique_+	chr4	102171268
rs78215059	R002	6	98916378	unique_+	chr6	98468502
rs9489476	R002	6	98141965	unique_+	chr6	97694089
rs1993092	R002	6	98689604	unique_+	chr6	98241728
rs10031217	R003	4	103513939	unique_+	chr4	102592782
rs72943260	R002	6	99570661	unique_+	chr6	99122785
rs1573494	R003	4	103106466	unique_+	chr4	102185309
rs2572121	R002	6	99471524	unique_+	chr6	99023648
rs73084740	R001	3	50579382	unique_+	chr3	50541951
rs12200919	R002	6	98927333	unique_+	chr6	98479457
rs12180976	R002	6	98983438	unique_+	chr6	98535562
rs115225391	R003	4	102874973	unique_+	chr4	101953816
rs2615958	R003	4	102509022	unique_+	chr4	101587865
rs77803021	R003	4	103493470	unique_+	chr4	102572313
rs55798093	R002	6	99865324	unique_+	chr6	99417448
rs79447637	R002	6	99829165	unique_+	chr6	99381289
rs139121874	R001	3	50919922	unique_+	chr3	50882491
rs114256179	R003	4	102560933	unique_+	chr4	101639776
rs9385349	R002	6	98753855	unique_+	chr6	98305979
rs112167000	R002	6	99950823	unique_+	chr6	99502947
rs4346653	R003	4	102653171	unique_+	chr4	101732014
rs115605889	R003	4	102740412	unique_+	chr4	101819255
rs35516531	R001	3	48405765	unique_+	chr3	48364275
rs182613	R002	6	99768894	unique_+	chr6	99321018
rs11732443	R003	4	102628544	unique_+	chr4	101707387
rs7738755	R002	6	98746704	unique_+	chr6	98298828
rs184409278	R003	4	103404559	unique_+	chr4	102483402
rs2293970	R003	4	103487982	unique_+	chr4	102566825
rs28557116	R003	4	103530642	unique_+	chr4	102609485
rs115273086	R001	3	48312711	unique_+	chr3	48271221
rs115168092	R001	3	50863317	unique_+	chr3	50825886
rs148949771	R002	6	99563697	unique_+	chr6	99115821
rs9991536	R003	4	102598577	unique_+	chr4	101677420
rs73837205	R003	4	103332636	unique_+	chr4	102411479
rs183497062	R002	6	99707834	unique_+	chr6	99259958
rs114348268	R001	3	48154943	unique_+	chr3	48113453
rs28812187	R003	4	102597045	unique_+	chr4	101675888
rs112970572	R001	3	50611721	unique_+	chr3	50574290
rs78078353	R002	6	97855698	unique_+	chr6	97407822
rs77245062	R002	6	99186284	unique_+	chr6	98738408
rs12200527	R002	6	98902531	unique_+	chr6	98454655
rs2167456	R003	4	103632160	unique_+	chr4	102711003
rs145249091	R003	4	103625162	unique_+	chr4	102704005
rs10003141	R003	4	103626523	unique_+	chr4	102705366
rs28613301	R003	4	103617491	unique_+	chr4	102696334
rs28696020	R003	4	103615258	unique_+	chr4	102694101
rs28790637	R003	4	103627674	unique_+	chr4	102706517
rs28660972	R003	4	103626269	unique_+	chr4	102705112
rs146506618	R003	4	103625230	unique_+	chr4	102704073
rs28679325	R003	4	103616394	unique_+	chr4	102695237
rs28880291	R003	4	103627687	unique_+	chr4	102706530
rs28707088	R003	4	103617720	unique_+	chr4	102696563
rs10026041	R003	4	103626794	unique_+	chr4	102705637
rs28462987	R003	4	103625433	unique_+	chr4	102704276
rs181038135	R003	4	103402940	unique_+	chr4	102481783
rs142409588	R002	6	98422114	unique_+	chr6	97974238
rs192827035	R002	6	98832259	unique_+	chr6	98384383
rs143012378	R001	3	48131356	unique_+	chr3	48089866
rs140005848	R002	6	99642024	unique_+	chr6	99194148
rs191855517	R003	4	102394139	unique_+	chr4	101472982
rs139378830	R003	4	102400688	unique_+	chr4	101479531
rs1837771	R003	4	102317696	unique_+	chr4	101396539
rs144113530	R003	4	102400033	unique_+	chr4	101478876
rs117843827	R003	4	102406138	unique_+	chr4	101484981
rs10015209	R003	4	102323959	unique_+	chr4	101402802
rs146326725	R001	3	49151281	unique_+	chr3	49113848
rs141218761	R002	6	99639676	unique_+	chr6	99191800
rs181374244	R003	4	102675153	unique_+	chr4	101753996
rs28852725	R003	4	102598151	unique_+	chr4	101676994
rs142213094	R003	4	103412316	unique_+	chr4	102491159
rs189351864	R002	6	98349093	unique_+	chr6	97901217
rs144313601	R003	4	103203177	unique_+	chr4	102282020
rs142369133	R003	4	103212256	unique_+	chr4	102291099
rs3774993	R003	4	103741684	unique_+	chr4	102820527
rs140991625	R003	4	103253372	unique_+	chr4	102332215
rs149348708	R001	3	49494908	unique_+	chr3	49457475
rs140228829	R001	3	49317911	unique_+	chr3	49280478
rs11932778	R003	4	102427679	unique_+	chr4	101506522
rs150066342	R003	4	102543051	unique_+	chr4	101621894
rs11935274	R003	4	102426218	unique_+	chr4	101505061
rs150421939	R001	3	49448250	unique_+	chr3	49410817
rs9993014	R003	4	103626833	unique_+	chr4	102705676
rs116028767	R001	3	50431026	unique_+	chr3	50393595
rs138024223	R001	3	50890799	unique_+	chr3	50853368
rs114911952	R003	4	102529337	unique_+	chr4	101608180
rs117698062	R002	6	98328531	unique_+	chr6	97880655
rs146180084	R001	3	49259877	unique_+	chr3	49222444
rs149188241	R002	6	99440192	unique_+	chr6	98992316
rs2044041	R003	4	102235369	unique_+	chr4	101314212
rs117926346	R002	6	98217456	unique_+	chr6	97769580
rs181358095	R003	4	103399092	unique_+	chr4	102477935
rs111796096	R001	3	48400406	unique_+	chr3	48358916
rs9489047	R002	6	97964889	unique_+	chr6	97517013
rs142074305	R001	3	49019265	unique_+	chr3	48981832
rs146984545	R002	6	98194664	unique_+	chr6	97746788
rs182699560	R003	4	103525917	unique_+	chr4	102604760
rs72938955	R002	6	99436849	unique_+	chr6	98988973
rs190290628	R003	4	103132265	unique_+	chr4	102211108
rs6819573	R003	4	103480907	unique_+	chr4	102559750
rs184506304	R002	6	98081562	unique_+	chr6	97633686
rs11943435	R003	4	102416308	unique_+	chr4	101495151
rs114757601	R003	4	102416093	unique_+	chr4	101494936
rs112519459	R003	4	102410238	unique_+	chr4	101489081
rs3816836	R001	3	48716993	unique_+	chr3	48679560
rs150349695	R002	6	99200771	unique_+	chr6	98752895
rs145910405	R002	6	99828561	unique_+	chr6	99380685
rs77051475	R001	3	50440700	unique_+	chr3	50403269
rs76620284	R001	3	50894864	unique_+	chr3	50857433
rs188624233	R003	4	102390704	unique_+	chr4	101469547
rs183993775	R001	3	49086547	unique_+	chr3	49049114
rs188932635	R002	6	98150635	unique_+	chr6	97702759
rs189832006	R002	6	99460827	unique_+	chr6	99012951
rs143169990	R001	3	48245784	unique_+	chr3	48204294
rs151077649	R003	4	102865888	unique_+	chr4	101944731
rs191221974	R003	4	103060553	unique_+	chr4	102139396
rs150514149	R003	4	103841017	unique_+	chr4	102919860
rs62432270	R002	6	99863264	unique_+	chr6	99415388
rs150021385	R002	6	98385814	unique_+	chr6	97937938
rs238455	R003	4	103103912	unique_+	chr4	102182755
rs146695916	R001	3	50560466	unique_+	chr3	50523035
rs149219184	R002	6	98310477	unique_+	chr6	97862601
rs11732890	R003	4	102558839	unique_+	chr4	101637682
rs28566809	R003	4	103478941	unique_+	chr4	102557784
rs11153507	R002	6	97754661	unique_+	chr6	97306785
rs2572122	R002	6	99471531	unique_+	chr6	99023655
rs145601805	R003	4	103154541	unique_+	chr4	102233384
rs80245267	R001	3	48982774	unique_+	chr3	48945341
rs9385065	R002	6	98171275	unique_+	chr6	97723399
rs12201976	R002	6	98753690	unique_+	chr6	98305814
rs4648059	R003	4	103515597	unique_+	chr4	102594440
rs909331	R003	4	103496998	unique_+	chr4	102575841
rs4648037	R003	4	103504779	unique_+	chr4	102583622
rs11918669	R001	3	48078566	unique_+	chr3	48037076
rs9996972	R003	4	103513901	unique_+	chr4	102592744
rs9491625	R002	6	98909707	unique_+	chr6	98461831
rs62422095	R002	6	97991825	unique_+	chr6	97543949
rs115482549	R001	3	50686747	unique_+	chr3	50649316
rs113126014	R002	6	99497851	unique_+	chr6	99049975
rs62422094	R002	6	97966663	unique_+	chr6	97518787
rs13206288	R002	6	97752104	unique_+	chr6	97304228
rs9482744	R002	6	98909165	unique_+	chr6	98461289
rs2866377	R003	4	102321139	unique_+	chr4	101399982
rs17595885	R001	3	49424238	unique_+	chr3	49386805
rs987774	R002	6	99602045	unique_+	chr6	99154169
rs195860	R002	6	99283376	unique_+	chr6	98835500
rs75112506	R003	4	102588340	unique_+	chr4	101667183
rs72622932	R001	3	48273544	unique_+	chr3	48232054
rs56345510	R002	6	99599021	unique_+	chr6	99151145
rs72925097	R002	6	98171156	unique_+	chr6	97723280
rs7617345	R001	3	50419348	unique_+	chr3	50381917
rs117128277	R002	6	97902708	unique_+	chr6	97454832
rs72919416	R002	6	99802050	unique_+	chr6	99354174
rs236772	R003	4	103093115	unique_+	chr4	102171958
rs6828004	R003	4	102597168	unique_+	chr4	101676011
rs116303656	R003	4	102352414	unique_+	chr4	101431257
rs12196916	R002	6	98254219	unique_+	chr6	97806343
rs112896716	R003	4	103093624	unique_+	chr4	102172467
rs7671144	R003	4	102645772	unique_+	chr4	101724615
rs12499786	R003	4	102427242	unique_+	chr4	101506085
rs4648095	R003	4	103527876	unique_+	chr4	102606719
rs238450	R003	4	103094785	unique_+	chr4	102173628
rs72941463	R002	6	99484928	unique_+	chr6	99037052
rs11729520	R003	4	102547238	unique_+	chr4	101626081
rs77657911	R001	3	48311159	unique_+	chr3	48269669
rs78177294	R003	4	103249153	unique_+	chr4	102327996
rs2747743	R002	6	99471395	unique_+	chr6	99023519
rs72926287	R002	6	99992605	unique_+	chr6	99544729
rs11153770	R002	6	98147840	unique_+	chr6	97699964
rs117320366	R002	6	98894930	unique_+	chr6	98447054
rs13196952	R002	6	97757436	unique_+	chr6	97309560
rs9996514	R003	4	103393912	unique_+	chr4	102472755
rs9372489	R002	6	98077320	unique_+	chr6	97629444
rs9387246	R002	6	97755248	unique_+	chr6	97307372
rs35315975	R002	6	97762108	unique_+	chr6	97314232
rs909332	R003	4	103497875	unique_+	chr4	102576718
rs13207404	R002	6	97794592	unique_+	chr6	97346716
rs79201444	R003	4	102766551	unique_+	chr4	101845394
rs3806708	R001	3	50306249	unique_+	chr3	50268817
rs6833395	R003	4	102597360	unique_+	chr4	101676203
rs4698852	R003	4	103329039	unique_+	chr4	102407882
rs17761426	R002	6	98896602	unique_+	chr6	98448726
rs11130167	R001	3	48400060	unique_+	chr3	48358570
rs12662900	R002	6	97757782	unique_+	chr6	97309906
rs144873903	R003	4	103403708	unique_+	chr4	102482551
rs2747749	R002	6	99482894	unique_+	chr6	99035018
rs114899327	R001	3	48675839	unique_+	chr3	48638406
rs147707204	R001	3	49104134	unique_+	chr3	49066701
rs73836434	R003	4	102424918	unique_+	chr4	101503761
rs28491436	R003	4	103503278	unique_+	chr4	102582121
rs28485087	R003	4	102230600	unique_+	chr4	101309443
rs73837206	R003	4	103335277	unique_+	chr4	102414120
rs72926499	R002	6	98933939	unique_+	chr6	98486063
rs17615903	R002	6	99535001	unique_+	chr6	99087125
rs72686788	R003	4	102950202	unique_+	chr4	102029045
rs138713020	R001	3	50959595	unique_+	chr3	50922164
rs17532292	R002	6	99692708	unique_+	chr6	99244832
rs189184815	R001	3	48358815	unique_+	chr3	48317325
rs75969075	R002	6	99312192	unique_+	chr6	98864316
rs143188396	R002	6	99201399	unique_+	chr6	98753523
rs147877439	R003	4	103221081	unique_+	chr4	102299924
rs139478780	R003	4	103122237	unique_+	chr4	102201080
rs149243117	R001	3	49313882	unique_+	chr3	49276449
rs188702697	R003	4	102911465	unique_+	chr4	101990308
rs6923976	R002	6	99877199	unique_+	chr6	99429323
rs139388093	R002	6	99662722	unique_+	chr6	99214846
rs142505613	R003	4	103616214	unique_+	chr4	102695057
rs191408383	R003	4	102816400	unique_+	chr4	101895243
rs143616877	R002	6	98095057	unique_+	chr6	97647181
rs190533228	R001	3	50705579	unique_+	chr3	50668148
rs114965325	R002	6	98599242	unique_+	chr6	98151366
rs148375071	R001	3	50591908	unique_+	chr3	50554477
rs148841643	R001	3	49107768	unique_+	chr3	49070335
rs6849698	R003	4	102324603	unique_+	chr4	101403446
rs192510534	R002	6	98823293	unique_+	chr6	98375417
rs143712566	R002	6	98662008	unique_+	chr6	98214132
rs117632892	R002	6	99827252	unique_+	chr6	99379376
rs4648005	R003	4	103461253	unique_+	chr4	102540096
rs191689055	R001	3	49384210	unique_+	chr3	49346777
rs9374900	R002	6	98311541	unique_+	chr6	97863665
rs114123783	R001	3	50505976	unique_+	chr3	50468545
rs181760350	R002	6	98088518	unique_+	chr6	97640642
rs143198716	R001	3	50073713	unique_+	chr3	50036280
rs79790536	R001	3	49998206	unique_+	chr3	49960773
rs9491645	R002	6	98925823	unique_+	chr6	98477947
rs145627939	R001	3	48151688	unique_+	chr3	48110198
rs149643136	R001	3	48407729	unique_+	chr3	48366239
rs111507217	R003	4	103625291	unique_+	chr4	102704134
rs10013650	R003	4	103624435	unique_+	chr4	102703278
rs28669026	R003	4	103625415	unique_+	chr4	102704258
rs10000705	R003	4	103624238	unique_+	chr4	102703081
rs28743101	R003	4	103624180	unique_+	chr4	102703023
rs75184827	R003	4	103618276	unique_+	chr4	102697119
rs78146345	R003	4	103624354	unique_+	chr4	102703197
rs9991705	R003	4	103624779	unique_+	chr4	102703622
rs28714261	R003	4	103625348	unique_+	chr4	102704191
rs117930966	R002	6	99271498	unique_+	chr6	98823622
rs28393346	R003	4	103625626	unique_+	chr4	102704469
rs114339243	R003	4	103625247	unique_+	chr4	102704090
rs142621620	R002	6	99576273	unique_+	chr6	99128397
rs115227775	R003	4	102398003	unique_+	chr4	101476846
rs6846469	R003	4	102398446	unique_+	chr4	101477289
rs114976258	R003	4	102400373	unique_+	chr4	101479216
rs114463434	R003	4	102406684	unique_+	chr4	101485527
rs6841188	R003	4	102398183	unique_+	chr4	101477026
rs35170106	R001	3	49979704	unique_+	chr3	49942271
rs34771612	R001	3	49981060	unique_+	chr3	49943627
rs149612755	R001	3	50933413	unique_+	chr3	50895982
rs144818075	R002	6	98445671	unique_+	chr6	97997795
rs191989396	R001	3	48959888	unique_+	chr3	48922455
rs191692827	R003	4	103164287	unique_+	chr4	102243130
rs76579309	R001	3	50347595	unique_+	chr3	50310164
rs143302007	R001	3	50522467	unique_+	chr3	50485036
rs62422079	R002	6	97891824	unique_+	chr6	97443948
rs185095897	R001	3	48283182	unique_+	chr3	48241692
rs184142376	R003	4	103606098	unique_+	chr4	102684941
rs145744596	R002	6	99764785	unique_+	chr6	99316909
rs180900037	R001	3	50909895	unique_+	chr3	50872464
rs75629145	R003	4	103032971	unique_+	chr4	102111814
rs185127713	R001	3	50913993	unique_+	chr3	50876562
rs187973864	R002	6	98645618	unique_+	chr6	98197742
rs114704319	R003	4	102214044	unique_+	chr4	101292887
rs147689268	R001	3	48637416	unique_+	chr3	48599983
rs148286299	R002	6	98628171	unique_+	chr6	98180295
rs3920538	R002	6	98160313	unique_+	chr6	97712437
rs182196217	R001	3	50783837	unique_+	chr3	50746406
rs187420645	R002	6	98260743	unique_+	chr6	97812867
rs150664754	R002	6	99167692	unique_+	chr6	98719816
rs4688725	R001	3	50378176	unique_+	chr3	50340745
rs148281080	R001	3	48354868	unique_+	chr3	48313378
rs80294261	R003	4	102404447	unique_+	chr4	101483290
rs140235910	R001	3	48401247	unique_+	chr3	48359757
rs9375484	R002	6	98979159	unique_+	chr6	98531283
rs78342753	R001	3	50534041	unique_+	chr3	50496610
rs115869055	R001	3	48456870	unique_+	chr3	48415461
rs80193919	R002	6	99991578	unique_+	chr6	99543702
rs1610152	R003	4	103506374	unique_+	chr4	102585217
rs9844505	R001	3	48234492	unique_+	chr3	48193002
rs142615308	R002	6	99233415	unique_+	chr6	98785539
rs7630053	R001	3	48398586	unique_+	chr3	48357096
rs41295964	R001	3	50464690	unique_+	chr3	50427259
rs9385319	R002	6	98697993	unique_+	chr6	98250117
rs35008099	R002	6	97760525	unique_+	chr6	97312649
rs4839710	R002	6	97756290	unique_+	chr6	97308414
rs9372771	R002	6	98698099	unique_+	chr6	98250223
rs185173903	R003	4	103818616	unique_+	chr4	102897459
rs2218869	R002	6	98699175	unique_+	chr6	98251299
rs4858821	R001	3	48549948	unique_+	chr3	48512515
rs117590508	R002	6	99794955	unique_+	chr6	99347079
rs9401109	R002	6	98169381	unique_+	chr6	97721505
rs4858884	R001	3	48093059	unique_+	chr3	48051569
rs140896147	R001	3	49526099	unique_+	chr3	49488666
rs2046174	R002	6	99013740	unique_+	chr6	98565864
rs9401061	R002	6	98104498	unique_+	chr6	97656622
rs35065265	R002	6	97970390	unique_+	chr6	97522514
rs115981680	R001	3	50890984	unique_+	chr3	50853553
rs149544985	R001	3	49143914	unique_+	chr3	49106481
rs74327417	R002	6	99524321	unique_+	chr6	99076445
rs1874538	R002	6	99694494	unique_+	chr6	99246618
rs116960114	R002	6	99243633	unique_+	chr6	98795757
rs28536504	R003	4	102316585	unique_+	chr4	101395428
rs113283159	R002	6	99663127	unique_+	chr6	99215251
rs13195189	R002	6	97759534	unique_+	chr6	97311658
rs139997944	R003	4	102831632	unique_+	chr4	101910475
rs221589	R002	6	99692897	unique_+	chr6	99245021
rs2092771	R002	6	99473031	unique_+	chr6	99025155
rs2029964	R002	6	99583773	unique_+	chr6	99135897
rs75339099	R001	3	49356038	unique_+	chr3	49318605
rs9491646	R002	6	98927363	unique_+	chr6	98479487
rs1481449	R002	6	98971740	unique_+	chr6	98523864
rs7611415	R001	3	48405149	unique_+	chr3	48363659
rs34130400	R002	6	98984155	unique_+	chr6	98536279
rs116883788	R002	6	98556261	unique_+	chr6	98108385
rs9374494	R002	6	97761186	unique_+	chr6	97313310
rs4144176	R002	6	98699052	unique_+	chr6	98251176
rs17033015	R003	4	103546304	unique_+	chr4	102625147
rs145225567	R002	6	97963823	unique_+	chr6	97515947
rs117670762	R002	6	98600454	unique_+	chr6	98152578
rs2163	R002	6	98697817	unique_+	chr6	98249941
rs7756564	R002	6	98694348	unique_+	chr6	98246472
rs144174962	R001	3	50374331	unique_+	chr3	50336900
rs9401935	R002	6	98976801	unique_+	chr6	98528925
rs34254133	R002	6	98912994	unique_+	chr6	98465118
rs147157082	R002	6	99599578	unique_+	chr6	99151702
rs72925041	R002	6	98137177	unique_+	chr6	97689301
rs2572117	R002	6	99482474	unique_+	chr6	99034598
rs626346	R002	6	98649074	unique_+	chr6	98201198
rs143484929	R001	3	49501384	unique_+	chr3	49463951
rs9482750	R002	6	98920952	unique_+	chr6	98473076
rs13073692	R001	3	48403302	unique_+	chr3	48361812
rs72921093	R002	6	99749046	unique_+	chr6	99301170
rs76993069	R003	4	102446170	unique_+	chr4	101525013
rs9388491	R002	6	98913361	unique_+	chr6	98465485
rs11712486	R001	3	48404925	unique_+	chr3	48363435
rs3774628	R001	3	48801840	unique_+	chr3	48764407
rs7693426	R003	4	102381654	unique_+	chr4	101460497
rs2092773	R002	6	99473830	unique_+	chr6	99025954
rs6915198	R002	6	98696061	unique_+	chr6	98248185
rs6852347	R003	4	102217567	unique_+	chr4	101296410
rs4648117	R003	4	103534557	unique_+	chr4	102613400
rs4529305	R002	6	99173425	unique_+	chr6	98725549
rs41290696	R001	3	48641917	unique_+	chr3	48604484
rs191967638	R002	6	98537078	unique_+	chr6	98089202
rs192784045	R001	3	50959945	unique_+	chr3	50922514
rs189467057	R002	6	98408381	unique_+	chr6	97960505
rs191569742	R001	3	49975808	unique_+	chr3	49938375
rs139069449	R001	3	49716998	unique_+	chr3	49679565
rs148346656	R003	4	102530609	unique_+	chr4	101609452
rs192331258	R001	3	48932625	unique_+	chr3	48895192
rs11937999	R003	4	102431851	unique_+	chr4	101510694
rs117709599	R002	6	97803815	unique_+	chr6	97355939
rs184894775	R002	6	99467190	unique_+	chr6	99019314
rs150999288	R001	3	50368871	unique_+	chr3	50331440
rs190092801	R003	4	103626702	unique_+	chr4	102705545
rs180882262	R003	4	102508970	unique_+	chr4	101587813
rs191757285	R002	6	98590434	unique_+	chr6	98142558
rs187367324	R003	4	103419798	unique_+	chr4	102498641
rs185103048	R002	6	98682774	unique_+	chr6	98234898
rs185896620	R003	4	103317138	unique_+	chr4	102395981
rs73760058	R002	6	99862296	unique_+	chr6	99414420
rs60784231	R002	6	99833044	unique_+	chr6	99385168
rs147810875	R003	4	102649942	unique_+	chr4	101728785
rs138205886	R003	4	103295934	unique_+	chr4	102374777
rs185408126	R002	6	98427587	unique_+	chr6	97979711
rs13206497	R002	6	97759445	unique_+	chr6	97311569
rs12208580	R002	6	98927693	unique_+	chr6	98479817
rs77079015	R003	4	103282222	unique_+	chr4	102361065
rs17059155	R002	6	99549296	unique_+	chr6	99101420
rs151149794	R002	6	98228476	unique_+	chr6	97780600
rs118171843	R002	6	98819846	unique_+	chr6	98371970
rs139374275	R001	3	50034441	unique_+	chr3	49997008
rs111308439	R003	4	102951742	unique_+	chr4	102030585
rs79343371	R001	3	48846789	unique_+	chr3	48809356
rs188435091	R002	6	99314081	unique_+	chr6	98866205
rs78875173	R003	4	103543258	unique_+	chr4	102622101
rs148949507	R003	4	102222737	unique_+	chr4	101301580
rs2443454	R002	6	98676267	unique_+	chr6	98228391
rs138396215	R001	3	50466748	unique_+	chr3	50429317
rs188739403	R001	3	49179359	unique_+	chr3	49141926
rs187438200	R002	6	97723348	unique_+	chr6	97275472
rs4648090	R003	4	103527068	unique_+	chr4	102605911
rs117669258	R002	6	98216740	unique_+	chr6	97768864
rs147347067	R002	6	99078842	unique_+	chr6	98630966
rs17057669	R002	6	97759931	unique_+	chr6	97312055
rs78157803	R002	6	98233533	unique_+	chr6	97785657
rs181630869	R002	6	99823328	unique_+	chr6	99375452
rs191876817	R003	4	103056754	unique_+	chr4	102135597
rs190438205	R003	4	103641710	unique_+	chr4	102720553
rs138632200	R003	4	102641429	unique_+	chr4	101720272
rs72932959	R001	3	50336292	unique_+	chr3	50298861
rs185187501	R002	6	97878211	unique_+	chr6	97430335
rs141058933	R001	3	48075183	unique_+	chr3	48033693
rs186880407	R002	6	98446625	unique_+	chr6	97998749
rs192315105	R001	3	49290313	unique_+	chr3	49252880
rs149071998	R003	4	103055235	unique_+	chr4	102134078
rs143436602	R002	6	99686425	unique_+	chr6	99238549
rs190678675	R002	6	99499512	unique_+	chr6	99051636
rs143170982	R001	3	48196158	unique_+	chr3	48154668
rs9311420	R001	3	48292916	unique_+	chr3	48251426
rs187129168	R003	4	102976079	unique_+	chr4	102054922
rs12209158	R002	6	98697265	unique_+	chr6	98249389
rs12499161	R003	4	103718319	unique_+	chr4	102797162
rs143042526	R001	3	49793488	unique_+	chr3	49756055
rs151400	R003	4	103187612	unique_+	chr4	102266455
rs10080487	R002	6	98921693	unique_+	chr6	98473817
rs439538	R003	4	103107786	unique_+	chr4	102186629
rs72926975	R002	6	98249040	unique_+	chr6	97801164
rs9482754	R002	6	98926694	unique_+	chr6	98478818
rs112130353	R002	6	99610317	unique_+	chr6	99162441
rs72916624	R002	6	99724215	unique_+	chr6	99276339
rs9482748	R002	6	98916523	unique_+	chr6	98468647
rs141699643	R002	6	99510066	unique_+	chr6	99062190
rs75460790	R001	3	50899858	unique_+	chr3	50862427
rs4648024	R003	4	103497567	unique_+	chr4	102576410
rs9491633	R002	6	98914680	unique_+	chr6	98466804
rs12204833	R002	6	98765256	unique_+	chr6	98317380
rs181161009	R002	6	98647652	unique_+	chr6	98199776
rs34693281	R002	6	98922053	unique_+	chr6	98474177
rs9491631	R002	6	98914471	unique_+	chr6	98466595
rs11939963	R003	4	102527007	unique_+	chr4	101605850
rs10080272	R002	6	98921686	unique_+	chr6	98473810
rs114243556	R003	4	102916147	unique_+	chr4	101994990
rs79338780	R003	4	102565442	unique_+	chr4	101644285
rs146910894	R002	6	98595538	unique_+	chr6	98147662
rs73074811	R001	3	49553531	unique_+	chr3	49516098
rs114135552	R001	3	48668170	unique_+	chr3	48630737
rs1451336	R002	6	98742599	unique_+	chr6	98294723
rs150219625	R002	6	98697588	unique_+	chr6	98249712
rs4279134	R001	3	49156676	unique_+	chr3	49119243
rs149722426	R001	3	48687271	unique_+	chr3	48649838
rs72610811	R002	6	99513104	unique_+	chr6	99065228
rs11943305	R003	4	102423320	unique_+	chr4	101502163
rs184413811	R003	4	103367198	unique_+	chr4	102446041
rs7695470	R003	4	102701262	unique_+	chr4	101780105
rs112884663	R002	6	98578129	unique_+	chr6	98130253
rs7654685	R003	4	102546562	unique_+	chr4	101625405
rs57325962	R003	4	102372766	unique_+	chr4	101451609
rs12199338	R002	6	98929656	unique_+	chr6	98481780
rs17032436	R003	4	103207765	unique_+	chr4	102286608
rs114554694	R001	3	50736395	unique_+	chr3	50698964
rs6910629	R002	6	99601026	unique_+	chr6	99153150
rs78273262	R002	6	98615663	unique_+	chr6	98167787
rs4648049	R003	4	103514737	unique_+	chr4	102593580
rs57019067	R002	6	99750744	unique_+	chr6	99302868
rs17532948	R002	6	99725032	unique_+	chr6	99277156
rs12212371	R002	6	98929598	unique_+	chr6	98481722
rs1903144	R001	3	48406397	unique_+	chr3	48364907
rs56283023	R002	6	99599555	unique_+	chr6	99151679
rs12212359	R002	6	98929543	unique_+	chr6	98481667
rs73833793	R003	4	102380541	unique_+	chr4	101459384
rs9372501	R002	6	98112461	unique_+	chr6	97664585
rs9491632	R002	6	98914569	unique_+	chr6	98466693
rs117476414	R002	6	99748484	unique_+	chr6	99300608
rs12663869	R002	6	98541063	unique_+	chr6	98093187
rs115552063	R001	3	49679826	unique_+	chr3	49642393
rs79717287	R003	4	102301991	unique_+	chr4	101380834
rs9482747	R002	6	98916468	unique_+	chr6	98468592
rs876012	R002	6	97753575	unique_+	chr6	97305699
rs72920730	R003	4	102370846	unique_+	chr4	101449689
rs12173313	R002	6	97760749	unique_+	chr6	97312873
rs7647813	R001	3	48833348	unique_+	chr3	48795915
rs7689967	R003	4	102599503	unique_+	chr4	101678346
rs9482752	R002	6	98922227	unique_+	chr6	98474351
rs233833	R003	4	103195333	unique_+	chr4	102274176
rs1494770	R002	6	98920237	unique_+	chr6	98472361
rs189571831	R002	6	97901718	unique_+	chr6	97453842
rs9491640	R002	6	98919264	unique_+	chr6	98471388
rs4647992	R003	4	103455347	unique_+	chr4	102534190
rs6854197	R003	4	102597215	unique_+	chr4	101676058
rs9482746	R002	6	98914482	unique_+	chr6	98466606
rs10010568	R003	4	102511153	unique_+	chr4	101589996
rs10029884	R003	4	102596606	unique_+	chr4	101675449
rs11097752	R003	4	102504927	unique_+	chr4	101583770
rs12717185	R002	6	99939045	unique_+	chr6	99491169
rs186473991	R002	6	99708599	unique_+	chr6	99260723
rs4698973	R003	4	102779173	unique_+	chr4	101858016
rs17058509	R002	6	98896895	unique_+	chr6	98449019
rs1004606	R003	4	103245045	unique_+	chr4	102323888
rs9401880	R002	6	98913784	unique_+	chr6	98465908
rs4466256	R002	6	98928173	unique_+	chr6	98480297
rs7432989	R001	3	49105136	unique_+	chr3	49067703
rs41288985	R002	6	100016340	unique_+	chr6	99568464
rs148375451	R002	6	99901767	unique_+	chr6	99453891
rs9320578	R002	6	97951374	unique_+	chr6	97503498
rs926864	R002	6	99476976	unique_+	chr6	99029100
rs193028586	R003	4	102560500	unique_+	chr4	101639343
rs115456124	R003	4	102970151	unique_+	chr4	102048994
rs188313957	R001	3	48237394	unique_+	chr3	48195904
rs72926238	R002	6	99958466	unique_+	chr6	99510590
rs138163950	R001	3	48485522	unique_+	chr3	48444114
rs78555126	R003	4	102211244	unique_+	chr4	101290087
rs148008024	R002	6	98244429	unique_+	chr6	97796553
rs147161175	R003	4	102956368	unique_+	chr4	102035211
rs11935731	R003	4	102424671	unique_+	chr4	101503514
rs193240709	R001	3	49835748	unique_+	chr3	49798315
rs181401940	R003	4	102521929	unique_+	chr4	101600772
rs143449518	R003	4	103352642	unique_+	chr4	102431485
rs182239460	R003	4	102543627	unique_+	chr4	101622470
rs9491637	R002	6	98917369	unique_+	chr6	98469493
rs138839335	R003	4	102863311	unique_+	chr4	101942154
rs139967185	R002	6	98537918	unique_+	chr6	98090042
rs184880389	R003	4	103051277	unique_+	chr4	102130120
rs116229738	R003	4	103067062	unique_+	chr4	102145905
rs73831583	R001	3	48593327	unique_+	chr3	48555894
rs139516920	R001	3	48539493	unique_+	chr3	48502060
rs3213621	R001	3	50378628	unique_+	chr3	50341197
rs9311449	R001	3	50372854	unique_+	chr3	50335423
rs72926762	R003	4	103292360	unique_+	chr4	102371203
rs112184597	R003	4	103305640	unique_+	chr4	102384483
rs184458247	R002	6	98479336	unique_+	chr6	98031460
rs7667524	R003	4	102377626	unique_+	chr4	101456469
rs140838163	R003	4	102390087	unique_+	chr4	101468930
rs192256268	R002	6	98758454	unique_+	chr6	98310578
rs181008293	R001	3	50667416	unique_+	chr3	50629985
rs181823799	R002	6	99603976	unique_+	chr6	99156100
rs10013190	R003	4	103511772	unique_+	chr4	102590615
rs143686806	R001	3	48321670	unique_+	chr3	48280180
rs149302668	R003	4	102955310	unique_+	chr4	102034153
rs149949177	R002	6	98234269	unique_+	chr6	97786393
rs188198039	R002	6	99015371	unique_+	chr6	98567495
rs150289458	R002	6	98807987	unique_+	chr6	98360111
rs146060538	R003	4	103760708	unique_+	chr4	102839551
rs139284946	R002	6	97717232	unique_+	chr6	97269356
rs187683027	R002	6	98341670	unique_+	chr6	97893794
rs149786039	R002	6	99172372	unique_+	chr6	98724496
rs185596587	R002	6	98621786	unique_+	chr6	98173910
rs149420685	R002	6	98718989	unique_+	chr6	98271113
rs75731958	R003	4	103617845	unique_+	chr4	102696688
rs115948422	R003	4	103624870	unique_+	chr4	102703713
rs181382333	R001	3	48150172	unique_+	chr3	48108682
rs77874081	R003	4	102424786	unique_+	chr4	101503629
rs2572131	R002	6	99477881	unique_+	chr6	99030005
rs78581920	R003	4	103761537	unique_+	chr4	102840380
rs35006813	R001	3	48969199	unique_+	chr3	48931766
rs148754142	R003	4	103705816	unique_+	chr4	102784659
rs7671827	R003	4	102381730	unique_+	chr4	101460573
rs9482751	R002	6	98921305	unique_+	chr6	98473429
rs139853420	R001	3	50616538	unique_+	chr3	50579107
rs138260614	R003	4	102608544	unique_+	chr4	101687387
rs148188800	R001	3	50302918	unique_+	chr3	50265486
rs146078165	R003	4	103162329	unique_+	chr4	102241172
rs12196755	R002	6	98738432	unique_+	chr6	98290556
rs221587	R002	6	99699252	unique_+	chr6	99251376
rs116807383	R003	4	102592471	unique_+	chr4	101671314
rs75962914	R003	4	102639372	unique_+	chr4	101718215
rs143443001	R002	6	98136467	unique_+	chr6	97688591
rs9387583	R002	6	98125710	unique_+	chr6	97677834
rs3924094	R002	6	98068593	unique_+	chr6	97620717
rs112404755	R003	4	103294304	unique_+	chr4	102373147
rs6839393	R003	4	102581060	unique_+	chr4	101659903
rs28595328	R003	4	103456138	unique_+	chr4	102534981
rs1383811	R002	6	98985491	unique_+	chr6	98537615
rs72690430	R003	4	103145244	unique_+	chr4	102224087
rs4492200	R002	6	97752009	unique_+	chr6	97304133
rs76937700	R003	4	103713894	unique_+	chr4	102792737
rs76671824	R002	6	99409472	unique_+	chr6	98961596
rs7686623	R003	4	102577969	unique_+	chr4	101656812
rs72925045	R002	6	98137208	unique_+	chr6	97689332
rs34843160	R003	4	102478260	unique_+	chr4	101557103
rs9385417	R002	6	98971988	unique_+	chr6	98524112
rs9372500	R002	6	98109180	unique_+	chr6	97661304
rs230510	R003	4	103476166	unique_+	chr4	102555009
rs9385050	R002	6	98137190	unique_+	chr6	97689314
rs13207819	R002	6	97971404	unique_+	chr6	97523528
rs73834553	R003	4	102929715	unique_+	chr4	102008558
rs72610812	R002	6	99518087	unique_+	chr6	99070211
rs7691792	R003	4	102377694	unique_+	chr4	101456537
rs4132003	R002	6	98090084	unique_+	chr6	97642208
rs72923049	R002	6	98105481	unique_+	chr6	97657605
rs117462998	R002	6	97862192	unique_+	chr6	97414316
rs4628107	R002	6	98139366	unique_+	chr6	97691490
rs150420325	R003	4	103295910	unique_+	chr4	102374753
rs230530	R003	4	103453980	unique_+	chr4	102532823
rs4648135	R003	4	103536670	unique_+	chr4	102615513
rs112879712	R001	3	50724724	unique_+	chr3	50687293
rs9489038	R002	6	97959322	unique_+	chr6	97511446
rs1841178	R001	3	48397046	unique_+	chr3	48355556
rs4645217	R003	4	102529973	unique_+	chr4	101608816
rs28450894	R003	4	103453535	unique_+	chr4	102532378
rs9852677	R001	3	50291617	unique_+	chr3	50254185
rs13095891	R001	3	48381826	unique_+	chr3	48340336
rs17751336	R002	6	97972383	unique_+	chr6	97524507
rs113603579	R001	3	50340762	unique_+	chr3	50303331
rs12524114	R002	6	98892304	unique_+	chr6	98444428
rs79350839	R001	3	48148237	unique_+	chr3	48106747
rs144134393	R003	4	102506258	unique_+	chr4	101585101
rs75153130	R001	3	49567869	unique_+	chr3	49530436
rs114753576	R001	3	48794426	unique_+	chr3	48756993
rs28701510	R003	4	102644210	unique_+	chr4	101723053
rs1908399	R002	6	98915046	unique_+	chr6	98467170
rs2168803	R003	4	103428615	unique_+	chr4	102507458
rs9401038	R002	6	98073606	unique_+	chr6	97625730
rs34306352	R001	3	49472393	unique_+	chr3	49434960
rs117861554	R002	6	98708140	unique_+	chr6	98260264
rs93059	R003	4	103468518	unique_+	chr4	102547361
rs7610524	R001	3	48395372	unique_+	chr3	48353882
rs148420654	R002	6	97891166	unique_+	chr6	97443290
rs183181	R002	6	99327675	unique_+	chr6	98879799
rs9385048	R002	6	98127377	unique_+	chr6	97679501
rs9489276	R002	6	98067409	unique_+	chr6	97619533
rs117401376	R002	6	98136528	unique_+	chr6	97688652
rs74448976	R001	3	50443341	unique_+	chr3	50405910
rs56074602	R003	4	102532127	unique_+	chr4	101610970
rs140148892	R002	6	99231702	unique_+	chr6	98783826
rs10011245	R003	4	102575253	unique_+	chr4	101654096
rs142409436	R003	4	103651726	unique_+	chr4	102730569
rs183496074	R002	6	99968276	unique_+	chr6	99520400
rs149705748	R003	4	103473119	unique_+	chr4	102551962
rs184103217	R003	4	103832739	unique_+	chr4	102911582
rs146855039	R003	4	103168711	unique_+	chr4	102247554
rs187415314	R002	6	99272223	unique_+	chr6	98824347
rs138510540	R002	6	99233910	unique_+	chr6	98786034
rs143084025	R002	6	99129775	unique_+	chr6	98681899
rs185420006	R002	6	98716997	unique_+	chr6	98269121
rs144617286	R002	6	98968199	unique_+	chr6	98520323
rs80229938	R003	4	102525221	unique_+	chr4	101604064
rs62423973	R002	6	98944764	unique_+	chr6	98496888
rs190302373	R003	4	102532387	unique_+	chr4	101611230
rs149103102	R001	3	48192652	unique_+	chr3	48151162
rs78525978	R003	4	103793187	unique_+	chr4	102872030
rs186103963	R002	6	98048645	unique_+	chr6	97600769
rs184010041	R001	3	50078266	unique_+	chr3	50040833
rs141180148	R003	4	103301371	unique_+	chr4	102380214
rs116168106	R003	4	103862568	unique_+	chr4	102941411
rs114594793	R003	4	103781368	unique_+	chr4	102860211
rs72926757	R003	4	103286136	unique_+	chr4	102364979
rs141138003	R002	6	99683220	unique_+	chr6	99235344
rs185065281	R001	3	49651228	unique_+	chr3	49613795
rs116614716	R001	3	50661198	unique_+	chr3	50623767
rs113570854	R001	3	48577362	unique_+	chr3	48539929
rs145842830	R001	3	48470519	unique_+	chr3	48429110
rs144358405	R002	6	98613764	unique_+	chr6	98165888
rs187598905	R002	6	97820778	unique_+	chr6	97372902
rs75799856	R002	6	99928586	unique_+	chr6	99480710
rs190485765	R003	4	103865301	unique_+	chr4	102944144
rs138711423	R002	6	99167543	unique_+	chr6	98719667
rs13325937	R001	3	50774562	unique_+	chr3	50737131
rs107457	R001	3	50637994	unique_+	chr3	50600563
rs57756789	R001	3	50767999	unique_+	chr3	50730568
rs112705251	R001	3	50463781	unique_+	chr3	50426350
rs6786593	R001	3	49014681	unique_+	chr3	48977248
rs117564195	R002	6	100008700	unique_+	chr6	99560824
rs113662655	R003	4	103794719	unique_+	chr4	102873562
rs145396568	R003	4	103364632	unique_+	chr4	102443475
rs141080816	R001	3	49092531	unique_+	chr3	49055098
rs10026278	R003	4	103392866	unique_+	chr4	102471709
rs56046736	R002	6	99057748	unique_+	chr6	98609872
rs6905663	R002	6	99836088	unique_+	chr6	99388212
rs180979032	R002	6	99751296	unique_+	chr6	99303420
rs183228469	R003	4	102485489	unique_+	chr4	101564332
rs187445504	R002	6	98783780	unique_+	chr6	98335904
rs28391653	R001	3	48582281	unique_+	chr3	48544848
rs146357101	R002	6	99186371	unique_+	chr6	98738495
rs2098101	R001	3	48570321	unique_+	chr3	48532888
rs117361147	R003	4	102530675	unique_+	chr4	101609518
rs143731179	R001	3	49454843	unique_+	chr3	49417410
rs73834600	R003	4	102988855	unique_+	chr4	102067698
rs189534516	R002	6	99312336	unique_+	chr6	98864460
rs184373483	R002	6	98192495	unique_+	chr6	97744619
rs187038776	R003	4	102217869	unique_+	chr4	101296712
rs182516025	R003	4	102283627	unique_+	chr4	101362470
rs144855371	R001	3	50169122	unique_+	chr3	50131689
rs192028107	R002	6	99237300	unique_+	chr6	98789424
rs6825984	R003	4	102427214	unique_+	chr4	101506057
rs142471825	R003	4	103453432	unique_+	chr4	102532275
rs80208613	R003	4	102312913	unique_+	chr4	101391756
rs11733168	R003	4	103397289	unique_+	chr4	102476132
rs2866629	R003	4	102509640	unique_+	chr4	101588483
rs74650566	R003	4	102517762	unique_+	chr4	101596605
rs28867111	R001	3	48766158	unique_+	chr3	48728725
rs144733456	R003	4	102334176	unique_+	chr4	101413019
rs12527966	R002	6	97796198	unique_+	chr6	97348322
rs113499538	R002	6	97812518	unique_+	chr6	97364642
rs4364202	R001	3	49151001	unique_+	chr3	49113568
rs9387585	R002	6	98131914	unique_+	chr6	97684038
rs79490034	R003	4	102344793	unique_+	chr4	101423636
rs11705888	R001	3	48817289	unique_+	chr3	48779856
rs9398490	R002	6	98132413	unique_+	chr6	97684537
rs72696152	R003	4	103448525	unique_+	chr4	102527368
rs7661067	R003	4	102524433	unique_+	chr4	101603276
rs113536577	R003	4	102494089	unique_+	chr4	101572932
rs7627404	R001	3	48819668	unique_+	chr3	48782235
rs7749532	R002	6	98090704	unique_+	chr6	97642828
rs9491644	R002	6	98925800	unique_+	chr6	98477924
rs4648006	R003	4	103461559	unique_+	chr4	102540402
rs9491643	R002	6	98924877	unique_+	chr6	98477001
rs140122109	R003	4	103332448	unique_+	chr4	102411291
rs1471393	R003	4	103347309	unique_+	chr4	102426152
rs424277	R003	4	103107974	unique_+	chr4	102186817
rs191534350	R001	3	49949819	unique_+	chr3	49912386
rs1072039	R003	4	102379142	unique_+	chr4	101457985
rs76518538	R002	6	99138926	unique_+	chr6	98691050
rs141509441	R003	4	103870897	unique_+	chr4	102949740
rs13194546	R002	6	98129850	unique_+	chr6	97681974
rs4602498	R003	4	102382127	unique_+	chr4	101460970
rs140401956	R003	4	102380332	unique_+	chr4	101459175
rs142933535	R001	3	49040114	unique_+	chr3	49002681
rs223509	R003	4	103630800	unique_+	chr4	102709643
rs73834559	R003	4	102938550	unique_+	chr4	102017393
rs10782190	R002	6	98082488	unique_+	chr6	97634612
rs62432346	R002	6	99989234	unique_+	chr6	99541358
rs115435316	R001	3	49568181	unique_+	chr3	49530748
rs78503489	R003	4	102413146	unique_+	chr4	101491989
rs73079145	R001	3	50888044	unique_+	chr3	50850613
rs7630742	R001	3	48780081	unique_+	chr3	48742648
rs9401064	R002	6	98108458	unique_+	chr6	97660582
rs75506575	R002	6	99996056	unique_+	chr6	99548180
rs230488	R003	4	103388565	unique_+	chr4	102467408
rs615867	R002	6	99776900	unique_+	chr6	99329024
rs3212	R001	3	49145741	unique_+	chr3	49108308
rs221588	R002	6	99695707	unique_+	chr6	99247831
rs12174940	R002	6	98056560	unique_+	chr6	97608684
rs11708617	R001	3	48396309	unique_+	chr3	48354819
rs138491840	R002	6	99436586	unique_+	chr6	98988710
rs111982279	R002	6	99006179	unique_+	chr6	98558303
rs62262517	R001	3	49134914	unique_+	chr3	49097481
rs7676818	R003	4	102374047	unique_+	chr4	101452890
rs13120525	R003	4	102482799	unique_+	chr4	101561642
rs223427	R003	4	103722069	unique_+	chr4	102800912
rs6850555	R003	4	102666495	unique_+	chr4	101745338
rs6442130	R001	3	48778027	unique_+	chr3	48740594
rs3774969	R003	4	103553960	unique_+	chr4	102632803
rs6940351	R002	6	98071074	unique_+	chr6	97623198
rs17033179	R003	4	103613605	unique_+	chr4	102692448
rs148311628	R002	6	99112741	unique_+	chr6	98664865
rs116549526	R003	4	102409798	unique_+	chr4	101488641
rs140862779	R003	4	103302799	unique_+	chr4	102381642
rs187471585	R001	3	48593353	unique_+	chr3	48555920
rs76576921	R002	6	99550918	unique_+	chr6	99103042
rs73836437	R003	4	102431716	unique_+	chr4	101510559
rs183199440	R002	6	99564077	unique_+	chr6	99116201
rs186939757	R001	3	50109119	unique_+	chr3	50071686
rs230502	R003	4	103492383	unique_+	chr4	102571226
rs183033304	R003	4	102979141	unique_+	chr4	102057984
rs115700191	R003	4	102668748	unique_+	chr4	101747591
rs58282159	R003	4	103280110	unique_+	chr4	102358953
rs28481751	R003	4	103273788	unique_+	chr4	102352631
rs72926745	R003	4	103278479	unique_+	chr4	102357322
rs72926726	R003	4	103255555	unique_+	chr4	102334398
rs7660242	R003	4	103279718	unique_+	chr4	102358561
rs72926725	R003	4	103254615	unique_+	chr4	102333458
rs116373301	R003	4	103812345	unique_+	chr4	102891188
rs72926740	R003	4	103275098	unique_+	chr4	102353941
rs113776017	R003	4	103280638	unique_+	chr4	102359481
rs1552256	R001	3	50692891	unique_+	chr3	50655460
rs34392405	R001	3	50701707	unique_+	chr3	50664276
rs4546496	R002	6	99664966	unique_+	chr6	99217090
rs184989003	R002	6	97716189	unique_+	chr6	97268313
rs190684642	R001	3	48365804	unique_+	chr3	48324314
rs192741197	R001	3	50741349	unique_+	chr3	50703918
rs180681705	R002	6	99330819	unique_+	chr6	98882943
rs190897619	R003	4	103675612	unique_+	chr4	102754455
rs55952796	R001	3	48584737	unique_+	chr3	48547304
rs143916591	R001	3	48753814	unique_+	chr3	48716381
rs187228821	R002	6	99110004	unique_+	chr6	98662128
rs140559788	R002	6	99060916	unique_+	chr6	98613040
rs76795287	R003	4	103777741	unique_+	chr4	102856584
rs142472745	R001	3	49668948	unique_+	chr3	49631515
rs116707845	R003	4	103208460	unique_+	chr4	102287303
rs185838145	R002	6	98298057	unique_+	chr6	97850181
rs185696907	R002	6	99405936	unique_+	chr6	98958060
rs7684398	R003	4	102385446	unique_+	chr4	101464289
rs139212602	R002	6	98242449	unique_+	chr6	97794573
rs147220232	R003	4	103511268	unique_+	chr4	102590111
rs148184325	R001	3	50527762	unique_+	chr3	50490331
rs182890113	R002	6	97910459	unique_+	chr6	97462583
rs151182678	R002	6	99677862	unique_+	chr6	99229986
rs146776630	R001	3	50312136	unique_+	chr3	50274705
rs4386607	R003	4	102382111	unique_+	chr4	101460954
rs17031702	R003	4	102758452	unique_+	chr4	101837295
rs56238691	R002	6	99990452	unique_+	chr6	99542576
rs4295491	R002	6	98136040	unique_+	chr6	97688164
rs141731055	R002	6	99713684	unique_+	chr6	99265808
rs145124313	R003	4	103165980	unique_+	chr4	102244823
rs146217155	R002	6	97955083	unique_+	chr6	97507207
rs2085548	R003	4	103397014	unique_+	chr4	102475857
rs117694961	R002	6	97889501	unique_+	chr6	97441625
rs145506950	R003	4	103112680	unique_+	chr4	102191523
rs55931731	R003	4	102382995	unique_+	chr4	101461838
rs79719828	R001	3	50393456	unique_+	chr3	50356025
rs6532942	R003	4	102414150	unique_+	chr4	101492993
rs4337943	R002	6	98088652	unique_+	chr6	97640776
rs9401067	R002	6	98115775	unique_+	chr6	97667899
rs7653459	R001	3	48838267	unique_+	chr3	48800834
rs17059246	R002	6	99662743	unique_+	chr6	99214867
rs4974087	R001	3	48919232	unique_+	chr3	48881799
rs12331201	R003	4	102508124	unique_+	chr4	101586967
rs78816096	R002	6	98027210	unique_+	chr6	97579334
rs144754656	R002	6	98865907	unique_+	chr6	98418031
rs4648113	R003	4	103534014	unique_+	chr4	102612857
rs9387572	R002	6	98110143	unique_+	chr6	97662267
rs57630522	R002	6	99664707	unique_+	chr6	99216831
rs9372499	R002	6	98107976	unique_+	chr6	97660100
rs9387584	R002	6	98130580	unique_+	chr6	97682704
rs9374727	R002	6	98114448	unique_+	chr6	97666572
rs143794978	R003	4	103334561	unique_+	chr4	102413404
rs58884516	R003	4	102388868	unique_+	chr4	101467711
rs116662665	R003	4	102955937	unique_+	chr4	102034780
rs6791542	R001	3	48787219	unique_+	chr3	48749786
rs9489412	R002	6	98128028	unique_+	chr6	97680152
rs11154361	R002	6	98929845	unique_+	chr6	98481969
rs140666757	R001	3	48958801	unique_+	chr3	48921368
rs9374687	R002	6	98066803	unique_+	chr6	97618927
rs9840684	R001	3	48893780	unique_+	chr3	48856347
rs6827691	R003	4	102422013	unique_+	chr4	101500856
rs75066279	R001	3	48475755	unique_+	chr3	48434345
rs72926483	R002	6	98926911	unique_+	chr6	98479035
rs9401075	R002	6	98130467	unique_+	chr6	97682591
rs7698702	R003	4	102558580	unique_+	chr4	101637423
rs4648022	R003	4	103496437	unique_+	chr4	102575280
rs13208382	R002	6	99366160	unique_+	chr6	98918284
rs9755751	R001	3	48912829	unique_+	chr3	48875396
rs61622085	R002	6	99001186	unique_+	chr6	98553310
rs77798485	R001	3	50445676	unique_+	chr3	50408245
rs77998345	R002	6	99669367	unique_+	chr6	99221491
rs117819971	R002	6	99007279	unique_+	chr6	98559403
rs4839906	R002	6	97761611	unique_+	chr6	97313735
rs78864109	R001	3	48709956	unique_+	chr3	48672523
rs112843572	R001	3	48680470	unique_+	chr3	48643037
rs76741346	R003	4	103347641	unique_+	chr4	102426484
rs6832842	R003	4	102407082	unique_+	chr4	101485925
rs73833792	R003	4	102379623	unique_+	chr4	101458466
rs73836435	R003	4	102425090	unique_+	chr4	101503933
rs72925034	R002	6	98137002	unique_+	chr6	97689126
rs9374726	R002	6	98111169	unique_+	chr6	97663293
rs1882949	R003	4	103395780	unique_+	chr4	102474623
rs7431857	R001	3	48900347	unique_+	chr3	48862914
rs6779394	R001	3	49157771	unique_+	chr3	49120338
rs9876848	R001	3	48844059	unique_+	chr3	48806626
rs7745561	R002	6	99218624	unique_+	chr6	98770748
rs60055393	R002	6	98904657	unique_+	chr6	98456781
rs145347385	R002	6	99034208	unique_+	chr6	98586332
rs28642807	R001	3	48926816	unique_+	chr3	48889383
rs72925029	R002	6	98136833	unique_+	chr6	97688957
rs117972363	R002	6	97946540	unique_+	chr6	97498664
rs17031367	R003	4	102425030	unique_+	chr4	101503873
rs9311430	R001	3	48845251	unique_+	chr3	48807818
rs4647981	R003	4	103446013	unique_+	chr4	102524856
rs77747031	R001	3	49977032	unique_+	chr3	49939599
rs138242335	R003	4	103799784	unique_+	chr4	102878627
rs9835307	R001	3	48857805	unique_+	chr3	48820372
rs9682444	R001	3	48852639	unique_+	chr3	48815206
rs72925031	R002	6	98136878	unique_+	chr6	97689002
rs13090990	R001	3	49780079	unique_+	chr3	49742646
rs4974079	R001	3	48906469	unique_+	chr3	48869036
rs7373778	R001	3	48836392	unique_+	chr3	48798959
rs116459690	R003	4	103055464	unique_+	chr4	102134307
rs11130176	R001	3	48844077	unique_+	chr3	48806644
rs6446252	R001	3	48911125	unique_+	chr3	48873692
rs41275743	R003	4	103537855	unique_+	chr4	102616698
rs79692835	R001	3	48108775	unique_+	chr3	48067285
rs9311432	R001	3	48850443	unique_+	chr3	48813010
rs114168354	R003	4	103812897	unique_+	chr4	102891740
rs28828168	R003	4	102497486	unique_+	chr4	101576329
rs144452028	R002	6	99445818	unique_+	chr6	98997942
rs9385041	R002	6	98108170	unique_+	chr6	97660294
rs7639332	R001	3	48934102	unique_+	chr3	48896669
rs10019711	R003	4	102500252	unique_+	chr4	101579095
rs78955300	R003	4	103577360	unique_+	chr4	102656203
rs9754878	R001	3	48897595	unique_+	chr3	48860162
rs73833802	R003	4	102392091	unique_+	chr4	101470934
rs62328507	R003	4	103355520	unique_+	chr4	102434363
rs117565294	R002	6	98651789	unique_+	chr6	98203913
rs12493289	R001	3	48905161	unique_+	chr3	48867728
rs17031272	R003	4	102347556	unique_+	chr4	101426399
rs9491747	R002	6	99009374	unique_+	chr6	98561498
rs4513485	R001	3	49139966	unique_+	chr3	49102533
rs2061364	R003	4	103417739	unique_+	chr4	102496582
rs76114013	R003	4	103776519	unique_+	chr4	102855362
rs74994278	R001	3	50443329	unique_+	chr3	50405898
rs13064784	R001	3	49135961	unique_+	chr3	49098528
rs139303590	R003	4	102934098	unique_+	chr4	102012941
rs149645388	R001	3	48763035	unique_+	chr3	48725602
rs56156641	R003	4	102386692	unique_+	chr4	101465535
rs73498243	R002	6	98278544	unique_+	chr6	97830668
rs146516543	R001	3	50578844	unique_+	chr3	50541413
rs75158946	R002	6	99130398	unique_+	chr6	98682522
rs139695388	R002	6	99172072	unique_+	chr6	98724196
rs147454872	R002	6	98492179	unique_+	chr6	98044303
rs149514070	R002	6	99187462	unique_+	chr6	98739586
rs148236553	R001	3	50620001	unique_+	chr3	50582570
rs117513639	R002	6	98020740	unique_+	chr6	97572864
rs11968476	R002	6	99107346	unique_+	chr6	98659470
rs7660804	R003	4	103003444	unique_+	chr4	102082287
rs143294169	R003	4	102680224	unique_+	chr4	101759067
rs112086095	R002	6	98859194	unique_+	chr6	98411318
rs143612378	R002	6	97981823	unique_+	chr6	97533947
rs191604952	R002	6	97955971	unique_+	chr6	97508095
rs140311339	R003	4	103589476	unique_+	chr4	102668319
rs117900234	R002	6	98037869	unique_+	chr6	97589993
rs184736306	R001	3	49845608	unique_+	chr3	49808175
rs55852678	R001	3	50604684	unique_+	chr3	50567253
rs116535142	R001	3	50605046	unique_+	chr3	50567615
rs61455710	R001	3	50598197	unique_+	chr3	50560766
rs73835538	R001	3	50601127	unique_+	chr3	50563696
rs115131996	R003	4	102953758	unique_+	chr4	102032601
rs61729223	R001	3	48610625	unique_+	chr3	48573192
rs111337374	R003	4	103245467	unique_+	chr4	102324310
rs72926703	R003	4	103240144	unique_+	chr4	102318987
rs72926713	R003	4	103245547	unique_+	chr4	102324390
rs11938546	R003	4	102420258	unique_+	chr4	101499101
rs186797736	R003	4	102780151	unique_+	chr4	101858994
rs185211144	R002	6	99833255	unique_+	chr6	99385379
rs185585342	R003	4	103384438	unique_+	chr4	102463281
rs117973928	R002	6	98038557	unique_+	chr6	97590681
rs181981481	R003	4	102349554	unique_+	chr4	101428397
rs184733033	R003	4	102419013	unique_+	chr4	101497856
rs115486910	R003	4	102856510	unique_+	chr4	101935353
rs144753066	R002	6	98655434	unique_+	chr6	98207558
rs181695220	R002	6	98585444	unique_+	chr6	98137568
rs185801590	R002	6	98801659	unique_+	chr6	98353783
rs77595662	R002	6	99199733	unique_+	chr6	98751857
rs181926137	R002	6	97949163	unique_+	chr6	97501287
rs139808587	R003	4	102629151	unique_+	chr4	101707994
rs7616815	R001	3	48779715	unique_+	chr3	48742282
rs72926560	R003	4	102527533	unique_+	chr4	101606376
rs876597	R001	3	48391508	unique_+	chr3	48350018
rs4699251	R003	4	102638777	unique_+	chr4	101717620
rs7623023	R001	3	48914238	unique_+	chr3	48876805
rs9321394	R002	6	99600083	unique_+	chr6	99152207
rs9320668	R002	6	98164450	unique_+	chr6	97716574
rs9401071	R002	6	98122398	unique_+	chr6	97674522
rs58946682	R002	6	98912493	unique_+	chr6	98464617
rs11944443	R003	4	103421018	unique_+	chr4	102499861
rs73836420	R003	4	102409883	unique_+	chr4	101488726
rs7431710	R001	3	48935583	unique_+	chr3	48898150
rs9311434	R001	3	48884147	unique_+	chr3	48846714
rs79156194	R003	4	102662428	unique_+	chr4	101741271
rs56061792	R003	4	102409528	unique_+	chr4	101488371
rs7649458	R001	3	48920127	unique_+	chr3	48882694
rs114344914	R001	3	50636916	unique_+	chr3	50599485
rs113044569	R003	4	102376470	unique_+	chr4	101455313
rs4292532	R002	6	98133643	unique_+	chr6	97685767
rs149214030	R001	3	49786197	unique_+	chr3	49748764
rs11153755	R002	6	98134312	unique_+	chr6	97686436
rs11940017	R003	4	103420759	unique_+	chr4	102499602
rs4647978	R003	4	103440016	unique_+	chr4	102518859
rs34146962	R001	3	48343307	unique_+	chr3	48301817
rs145717552	R002	6	99999842	unique_+	chr6	99551966
rs9494471	R002	6	99893527	unique_+	chr6	99445651
rs146782829	R003	4	103668636	unique_+	chr4	102747479
rs182843322	R003	4	102375665	unique_+	chr4	101454508
rs6839924	R003	4	102408184	unique_+	chr4	101487027
rs7666845	R003	4	102377464	unique_+	chr4	101456307
rs117358244	R002	6	97937214	unique_+	chr6	97489338
rs11928389	R001	3	50927009	unique_+	chr3	50889578
rs4298354	R002	6	98133866	unique_+	chr6	97685990
rs6810937	R003	4	102523541	unique_+	chr4	101602384
rs17031364	R003	4	102423426	unique_+	chr4	101502269
rs6812969	R003	4	102400994	unique_+	chr4	101479837
rs9401062	R002	6	98107290	unique_+	chr6	97659414
rs9830636	R001	3	48888121	unique_+	chr3	48850688
rs9840050	R001	3	49133310	unique_+	chr3	49095877
rs10024808	R003	4	103407962	unique_+	chr4	102486805
rs12198339	R002	6	98102334	unique_+	chr6	97654458
rs12204237	R002	6	98082621	unique_+	chr6	97634745
rs72925026	R002	6	98136753	unique_+	chr6	97688877
rs35867420	R001	3	49298337	unique_+	chr3	49260904
rs9387592	R002	6	98136175	unique_+	chr6	97688299
rs9401065	R002	6	98113020	unique_+	chr6	97665144
rs118178376	R002	6	98136423	unique_+	chr6	97688547
rs9387581	R002	6	98124952	unique_+	chr6	97677076
rs28437963	R003	4	103134134	unique_+	chr4	102212977
rs5028124	R002	6	98107949	unique_+	chr6	97660073
rs9401068	R002	6	98115977	unique_+	chr6	97668101
rs13078308	R001	3	48878407	unique_+	chr3	48840974
rs12214244	R002	6	98064504	unique_+	chr6	97616628
rs78264779	R002	6	98917515	unique_+	chr6	98469639
rs140266471	R003	4	102413785	unique_+	chr4	101492628
rs56198674	R003	4	102382582	unique_+	chr4	101461425
rs6849591	R003	4	102386784	unique_+	chr4	101465627
rs9385047	R002	6	98124984	unique_+	chr6	97677108
rs62261860	R001	3	50824215	unique_+	chr3	50786784
rs184112052	R003	4	102309591	unique_+	chr4	101388434
rs4955410	R001	3	49181218	unique_+	chr3	49143785
rs4368815	R002	6	98113191	unique_+	chr6	97665315
rs12649398	R003	4	102681444	unique_+	chr4	101760287
rs181390542	R003	4	102987130	unique_+	chr4	102065973
rs9387579	R002	6	98124276	unique_+	chr6	97676400
rs78671882	R001	3	50411188	unique_+	chr3	50373757
rs143606481	R003	4	103156290	unique_+	chr4	102235133
rs11715932	R001	3	48408345	unique_+	chr3	48366855
rs7632267	R001	3	49184664	unique_+	chr3	49147231
rs7665905	R003	4	102639417	unique_+	chr4	101718260
rs80007105	R001	3	48416779	unique_+	chr3	48375289
rs9755490	R001	3	48871664	unique_+	chr3	48834231
rs4647972	R003	4	103430534	unique_+	chr4	102509377
rs28760529	R003	4	103132094	unique_+	chr4	102210937
rs146714917	R001	3	50578579	unique_+	chr3	50541148
rs113231166	R003	4	102412008	unique_+	chr4	101490851
rs10780033	R001	3	48891275	unique_+	chr3	48853842
rs7430501	R001	3	48890119	unique_+	chr3	48852686
rs12636030	R001	3	49182237	unique_+	chr3	49144804
rs2866383	R003	4	102390445	unique_+	chr4	101469288
rs236752	R003	4	103103371	unique_+	chr4	102182214
rs6909685	R002	6	97753952	unique_+	chr6	97306076
rs6825417	R003	4	102402536	unique_+	chr4	101481379
rs11935025	R003	4	102405214	unique_+	chr4	101484057
rs76645359	R003	4	103571181	unique_+	chr4	102650024
rs9879971	R001	3	48890681	unique_+	chr3	48853248
rs145675165	R003	4	102616698	unique_+	chr4	101695541
rs36133651	R001	3	49183955	unique_+	chr3	49146522
rs6850002	R003	4	102386888	unique_+	chr4	101465731
rs17031574	R003	4	102652032	unique_+	chr4	101730875
rs59814792	R003	4	103213058	unique_+	chr4	102291901
rs12663803	R002	6	99591943	unique_+	chr6	99144067
rs9385046	R002	6	98124199	unique_+	chr6	97676323
rs4974085	R001	3	48924900	unique_+	chr3	48887467
rs188511542	R001	3	50740962	unique_+	chr3	50703531
rs143851677	R001	3	49127147	unique_+	chr3	49089714
rs146939662	R003	4	102593586	unique_+	chr4	101672429
rs151304617	R001	3	49348189	unique_+	chr3	49310756
rs144026157	R001	3	49991501	unique_+	chr3	49954068
rs4508883	R003	4	103014287	unique_+	chr4	102093130
rs112415945	R001	3	50227627	unique_+	chr3	50190194
rs72926292	R003	4	103295342	unique_+	chr4	102374185
rs72928341	R003	4	103327619	unique_+	chr4	102406462
rs72928321	R003	4	103321579	unique_+	chr4	102400422
rs116512121	R003	4	103304624	unique_+	chr4	102383467
rs72926296	R003	4	103305355	unique_+	chr4	102384198
rs58546232	R003	4	103328620	unique_+	chr4	102407463
rs141867308	R003	4	103625024	unique_+	chr4	102703867
rs138942617	R001	3	50941655	unique_+	chr3	50904224
rs116054851	R001	3	50812352	unique_+	chr3	50774921
rs11963368	R002	6	98074346	unique_+	chr6	97626470
rs183570498	R001	3	49752376	unique_+	chr3	49714943
rs145588668	R002	6	98494015	unique_+	chr6	98046139
rs189277196	R002	6	99463976	unique_+	chr6	99016100
rs188276576	R001	3	50804513	unique_+	chr3	50767082
rs145674852	R002	6	98161618	unique_+	chr6	97713742
rs142065432	R003	4	102938333	unique_+	chr4	102017176
rs187850250	R001	3	48520266	unique_+	chr3	48478857
rs183657031	R003	4	102794081	unique_+	chr4	101872924
rs58853735	R001	3	48177829	unique_+	chr3	48136339
rs72928340	R003	4	103326259	unique_+	chr4	102405102
rs73835537	R001	3	50596467	unique_+	chr3	50559036
rs17051016	R001	3	50594121	unique_+	chr3	50556690
rs17051012	R001	3	50593263	unique_+	chr3	50555832
rs75046409	R001	3	50594539	unique_+	chr3	50557108
rs59065723	R001	3	50595399	unique_+	chr3	50557968
rs4629686	R002	6	98113739	unique_+	chr6	97665863
rs4688734	R001	3	50347498	unique_+	chr3	50310067
rs113792184	R001	3	49010844	unique_+	chr3	48973411
rs111872158	R003	4	102681350	unique_+	chr4	101760193
rs184407187	R003	4	102688975	unique_+	chr4	101767818
rs2355336	R001	3	50725557	unique_+	chr3	50688126
rs144421678	R001	3	49123777	unique_+	chr3	49086344
rs146795526	R003	4	102996133	unique_+	chr4	102074976
rs149851507	R003	4	103651572	unique_+	chr4	102730415
rs188892148	R002	6	99792835	unique_+	chr6	99344959
rs113771807	R002	6	98111361	unique_+	chr6	97663485
rs150674526	R001	3	48277060	unique_+	chr3	48235570
rs4141407	R001	3	50243970	unique_+	chr3	50206537
rs56346793	R003	4	103018259	unique_+	chr4	102097102
rs72925112	R003	4	103028241	unique_+	chr4	102107084
rs188383384	R003	4	102429469	unique_+	chr4	101508312
rs113702457	R003	4	102214369	unique_+	chr4	101293212
rs190698687	R001	3	50555598	unique_+	chr3	50518167
rs184979602	R001	3	48444232	unique_+	chr3	48402825
rs143369602	R003	4	102440423	unique_+	chr4	101519266
rs145271872	R001	3	48415352	unique_+	chr3	48373862
rs140278612	R003	4	103034480	unique_+	chr4	102113323
rs75535599	R001	3	48596191	unique_+	chr3	48558758
rs79387403	R003	4	102399875	unique_+	chr4	101478718
rs9311433	R001	3	48863835	unique_+	chr3	48826402
rs117384713	R002	6	98939234	unique_+	chr6	98491358
rs72684875	R003	4	102645847	unique_+	chr4	101724690
rs28502244	R003	4	103411878	unique_+	chr4	102490721
rs141335688	R001	3	48326869	unique_+	chr3	48285379
rs13202770	R002	6	98553960	unique_+	chr6	98106084
rs9387575	R002	6	98121460	unique_+	chr6	97673584
rs28520385	R003	4	103427248	unique_+	chr4	102506091
rs60500174	R002	6	99355538	unique_+	chr6	98907662
rs9387576	R002	6	98121640	unique_+	chr6	97673764
rs9846123	R001	3	49088112	unique_+	chr3	49050679
rs233826	R003	4	103203228	unique_+	chr4	102282071
rs2097247	R001	3	50290902	unique_+	chr3	50253470
rs7615235	R001	3	49109593	unique_+	chr3	49072160
rs80084916	R001	3	48444651	unique_+	chr3	48403244
rs73837248	R003	4	103434793	unique_+	chr4	102513636
rs17225702	R003	4	103189902	unique_+	chr4	102268745
rs9385045	R002	6	98124085	unique_+	chr6	97676209
rs9387580	R002	6	98124764	unique_+	chr6	97676888
rs6847894	R003	4	102399093	unique_+	chr4	101477936
rs11920534	R001	3	48937761	unique_+	chr3	48900328
rs117968324	R002	6	98197307	unique_+	chr6	97749431
rs12637037	R001	3	49075988	unique_+	chr3	49038555
rs35756704	R001	3	49486287	unique_+	chr3	49448854
rs1159178	R002	6	98160544	unique_+	chr6	97712668
rs11924597	R001	3	48937790	unique_+	chr3	48900357
rs181740632	R003	4	102930544	unique_+	chr4	102009387
rs72925022	R002	6	98136645	unique_+	chr6	97688769
rs74665237	R003	4	103193660	unique_+	chr4	102272503
rs60072847	R003	4	102411119	unique_+	chr4	101489962
rs6789285	R001	3	49097783	unique_+	chr3	49060350
rs12493001	R001	3	49181885	unique_+	chr3	49144452
rs9387589	R002	6	98134533	unique_+	chr6	97686657
rs74959984	R002	6	99307433	unique_+	chr6	98859557
rs183467902	R001	3	48484006	unique_+	chr3	48442597
rs6826821	R003	4	102386726	unique_+	chr4	101465569
rs117580343	R002	6	97898150	unique_+	chr6	97450274
rs17031362	R003	4	102423391	unique_+	chr4	101502234
rs115169601	R001	3	48597018	unique_+	chr3	48559585
rs191570074	R003	4	103119164	unique_+	chr4	102198007
rs61583136	R001	3	49189195	unique_+	chr3	49151762
rs116584188	R003	4	102310270	unique_+	chr4	101389113
rs28865076	R003	4	103412148	unique_+	chr4	102490991
rs187127157	R002	6	99677941	unique_+	chr6	99230065
rs138242094	R003	4	102662479	unique_+	chr4	101741322
rs11930803	R003	4	102421285	unique_+	chr4	101500128
rs41275737	R003	4	103225704	unique_+	chr4	102304547
rs6770112	R001	3	49174006	unique_+	chr3	49136573
rs72684810	R003	4	102573438	unique_+	chr4	101652281
rs12198387	R002	6	98102358	unique_+	chr6	97654482
rs7695494	R003	4	102941899	unique_+	chr4	102020742
rs35575433	R003	4	102463257	unique_+	chr4	101542100
rs41291724	R001	3	50294066	unique_+	chr3	50256634
rs141448741	R002	6	99307403	unique_+	chr6	98859527
rs6936235	R002	6	98160308	unique_+	chr6	97712432
rs192673365	R003	4	102815639	unique_+	chr4	101894482
rs12209527	R002	6	98120987	unique_+	chr6	97673111
rs139358463	R002	6	97772113	unique_+	chr6	97324237
rs111708983	R002	6	99563272	unique_+	chr6	99115396
rs80172929	R003	4	103399601	unique_+	chr4	102478444
rs72930615	R002	6	99867823	unique_+	chr6	99419947
rs7685012	R003	4	102948991	unique_+	chr4	102027834
rs148970843	R001	3	48304834	unique_+	chr3	48263344
rs117014868	R002	6	97784230	unique_+	chr6	97336354
rs7672268	R003	4	103552858	unique_+	chr4	102631701
rs9401070	R002	6	98120224	unique_+	chr6	97672348
rs1545744	R003	4	103238966	unique_+	chr4	102317809
rs28826294	R003	4	103410328	unique_+	chr4	102489171
rs12209749	R002	6	99755423	unique_+	chr6	99307547
rs1158724	R002	6	98165021	unique_+	chr6	97717145
rs6849222	R003	4	102386299	unique_+	chr4	101465142
rs138668318	R001	3	49788570	unique_+	chr3	49751137
rs79522236	R003	4	102421477	unique_+	chr4	101500320
rs184898420	R001	3	48971794	unique_+	chr3	48934361
rs78694035	R002	6	99406625	unique_+	chr6	98958749
rs971752	R003	4	103224534	unique_+	chr4	102303377
rs11728661	R003	4	102520275	unique_+	chr4	101599118
rs149014950	R002	6	99378577	unique_+	chr6	98930701
rs116770369	R002	6	99564391	unique_+	chr6	99116515
rs9401901	R002	6	98938237	unique_+	chr6	98490361
rs191364980	R001	3	50181080	unique_+	chr3	50143647
rs76593834	R001	3	50423237	unique_+	chr3	50385806
rs148347667	R002	6	97746300	unique_+	chr6	97298424
rs114215129	R003	4	102414985	unique_+	chr4	101493828
rs188591277	R001	3	49536778	unique_+	chr3	49499345
rs144420734	R003	4	102357842	unique_+	chr4	101436685
rs9882618	R001	3	50237545	unique_+	chr3	50200112
rs191903308	R002	6	98043965	unique_+	chr6	97596089
rs57944420	R001	3	50344056	unique_+	chr3	50306625
rs58181992	R001	3	50391468	unique_+	chr3	50354037
rs188765514	R001	3	49408417	unique_+	chr3	49370984
rs186546338	R001	3	49998964	unique_+	chr3	49961531
rs150242869	R003	4	102315589	unique_+	chr4	101394432
rs182178403	R002	6	98114482	unique_+	chr6	97666606
rs183796747	R002	6	98533462	unique_+	chr6	98085586
rs150200050	R003	4	102355881	unique_+	chr4	101434724
rs73835535	R001	3	50592720	unique_+	chr3	50555289
rs6851455	R003	4	103879805	unique_+	chr4	102958648
rs188096250	R003	4	102815383	unique_+	chr4	101894226
rs72924814	R003	4	103178948	unique_+	chr4	102257791
rs12487580	R001	3	49182932	unique_+	chr3	49145499
rs114358920	R003	4	103888368	unique_+	chr4	102967211
rs11725898	R003	4	102677882	unique_+	chr4	101756725
rs188944746	R001	3	49902376	unique_+	chr3	49864943
rs115573393	R003	4	102395432	unique_+	chr4	101474275
rs182772355	R001	3	48989377	unique_+	chr3	48951944
rs138098029	R001	3	50965741	unique_+	chr3	50928310
rs75758783	R003	4	102627166	unique_+	chr4	101706009
rs72926707	R003	4	103242944	unique_+	chr4	102321787
rs61373170	R003	4	103328189	unique_+	chr4	102407032
rs72928303	R003	4	103312286	unique_+	chr4	102391129
rs189106909	R003	4	102752819	unique_+	chr4	101831662
rs9387574	R002	6	98120117	unique_+	chr6	97672241
rs114176098	R001	3	50177068	unique_+	chr3	50139635
rs190673794	R001	3	48500174	unique_+	chr3	48458775
rs184862010	R003	4	102770598	unique_+	chr4	101849441
rs183110051	R001	3	48347653	unique_+	chr3	48306163
rs41290680	R001	3	48454885	unique_+	chr3	48413476
rs118132776	R002	6	98358498	unique_+	chr6	97910622
rs185478238	R003	4	102763684	unique_+	chr4	101842527
rs140707558	R002	6	99876591	unique_+	chr6	99428715
rs111744323	R001	3	50221027	unique_+	chr3	50183594
rs28432851	R003	4	103624179	unique_+	chr4	102703022
rs9681717	R001	3	48872998	unique_+	chr3	48835565
rs12491743	R001	3	49097582	unique_+	chr3	49060149
rs4640677	R003	4	102658075	unique_+	chr4	101736918
rs4596488	R002	6	98295703	unique_+	chr6	97847827
rs13199713	R002	6	98570832	unique_+	chr6	98122956
rs4699245	R003	4	102558277	unique_+	chr4	101637120
rs11930736	R003	4	102421247	unique_+	chr4	101500090
rs72930469	R003	4	102576401	unique_+	chr4	101655244
rs10019804	R003	4	103390496	unique_+	chr4	102469339
rs6824318	R003	4	102666327	unique_+	chr4	101745170
rs77378426	R003	4	103211420	unique_+	chr4	102290263
rs17031615	R003	4	102709778	unique_+	chr4	101788621
rs111311137	R003	4	102956493	unique_+	chr4	102035336
rs34711817	R003	4	103405722	unique_+	chr4	102484565
rs114397673	R001	3	48163723	unique_+	chr3	48122233
rs6795025	R001	3	49081247	unique_+	chr3	49043814
rs73836419	R003	4	102408607	unique_+	chr4	101487450
rs6784111	R001	3	49178846	unique_+	chr3	49141413
rs4699011	R003	4	103229845	unique_+	chr4	102308688
rs4292531	R002	6	98067811	unique_+	chr6	97619935
rs9481791	R002	6	98120959	unique_+	chr6	97673083
rs80198806	R003	4	103578593	unique_+	chr4	102657436
rs145403176	R002	6	99765329	unique_+	chr6	99317453
rs142326679	R001	3	49390396	unique_+	chr3	49352963
rs11937835	R003	4	102431590	unique_+	chr4	101510433
rs58632125	R003	4	102412286	unique_+	chr4	101491129
rs4487587	R002	6	99897133	unique_+	chr6	99449257
rs143570241	R002	6	98796415	unique_+	chr6	98348539
rs112938626	R003	4	102264870	unique_+	chr4	101343713
rs57494603	R003	4	102415266	unique_+	chr4	101494109
rs73834561	R003	4	102942516	unique_+	chr4	102021359
rs147076780	R003	4	103429449	unique_+	chr4	102508292
rs143885784	R001	3	50302917	unique_+	chr3	50265485
rs10457321	R002	6	98047483	unique_+	chr6	97599607
rs7645551	R001	3	49184795	unique_+	chr3	49147362
rs13130700	R003	4	102639217	unique_+	chr4	101718060
rs9387587	R002	6	98133035	unique_+	chr6	97685159
rs72938543	R002	6	97804505	unique_+	chr6	97356629
rs6825007	R003	4	102402336	unique_+	chr4	101481179
rs6843042	R003	4	102393142	unique_+	chr4	101471985
rs57742487	R003	4	103199965	unique_+	chr4	102278808
rs79004658	R002	6	99515107	unique_+	chr6	99067231
rs17057832	R002	6	98023191	unique_+	chr6	97575315
rs6850796	R003	4	102405750	unique_+	chr4	101484593
rs117515431	R002	6	98069958	unique_+	chr6	97622082
rs138650227	R001	3	49149613	unique_+	chr3	49112180
rs9385058	R002	6	98161954	unique_+	chr6	97714078
rs11928538	R001	3	50477809	unique_+	chr3	50440378
rs57653723	R003	4	102412635	unique_+	chr4	101491478
rs142837515	R003	4	103292627	unique_+	chr4	102371470
rs17759890	R002	6	98744087	unique_+	chr6	98296211
rs9481752	R002	6	98075411	unique_+	chr6	97627535
rs11934301	R003	4	102420082	unique_+	chr4	101498925
rs142522469	R001	3	48967401	unique_+	chr3	48929968
rs149285220	R002	6	98981336	unique_+	chr6	98533460
rs72926575	R003	4	102528329	unique_+	chr4	101607172
rs115644657	R001	3	49303656	unique_+	chr3	49266223
rs73833815	R003	4	102494654	unique_+	chr4	101573497
rs13130723	R003	4	102639252	unique_+	chr4	101718095
rs117516410	R002	6	98909254	unique_+	chr6	98461378
rs7615675	R001	3	48947183	unique_+	chr3	48909750
rs1863574	R003	4	102407102	unique_+	chr4	101485945
rs4698967	R003	4	102558256	unique_+	chr4	101637099
rs28847604	R003	4	102549794	unique_+	chr4	101628637
rs149065620	R001	3	48603508	unique_+	chr3	48566075
rs28565318	R003	4	102492114	unique_+	chr4	101570957
rs149030736	R001	3	50208554	unique_+	chr3	50171121
rs79560746	R002	6	97956634	unique_+	chr6	97508758
rs116488231	R001	3	48512379	unique_+	chr3	48470980
rs76479763	R002	6	97902881	unique_+	chr6	97455005
rs9375997	R002	6	99673152	unique_+	chr6	99225276
rs117157788	R002	6	97931119	unique_+	chr6	97483243
rs189533058	R002	6	99964666	unique_+	chr6	99516790
rs55742367	R003	4	102409343	unique_+	chr4	101488186
rs74649783	R003	4	103423802	unique_+	chr4	102502645
rs186436213	R001	3	49121470	unique_+	chr3	49084037
rs192340533	R002	6	99168616	unique_+	chr6	98720740
rs139563988	R003	4	102943804	unique_+	chr4	102022647
rs183974618	R003	4	103198016	unique_+	chr4	102276859
rs77003323	R003	4	102209911	unique_+	chr4	101288754
rs186207654	R001	3	50852543	unique_+	chr3	50815112
rs113575676	R002	6	99661920	unique_+	chr6	99214044
rs182291869	R002	6	97727284	unique_+	chr6	97279408
rs6532944	R003	4	102479563	unique_+	chr4	101558406
rs144836329	R001	3	48959017	unique_+	chr3	48921584
rs150101911	R002	6	99570093	unique_+	chr6	99122217
rs141070876	R002	6	98802652	unique_+	chr6	98354776
rs35362731	R001	3	50655190	unique_+	chr3	50617759
rs181783735	R003	4	103112613	unique_+	chr4	102191456
rs76239205	R002	6	100029063	unique_+	chr6	99581187
rs145072459	R002	6	98120793	unique_+	chr6	97672917
rs188425597	R002	6	98098349	unique_+	chr6	97650473
rs11154362	R002	6	98929892	unique_+	chr6	98482016
rs187279427	R002	6	100004832	unique_+	chr6	99556956
rs61489735	R001	3	48584560	unique_+	chr3	48547127
rs111372494	R003	4	103542708	unique_+	chr4	102621551
rs191284718	R003	4	102969412	unique_+	chr4	102048255
rs116859341	R002	6	98749722	unique_+	chr6	98301846
rs12490837	R001	3	50310310	unique_+	chr3	50272879
rs12488302	R001	3	50341326	unique_+	chr3	50303895
rs141463999	R002	6	99623752	unique_+	chr6	99175876
rs139816095	R003	4	102548888	unique_+	chr4	101627731
rs190137966	R001	3	50821913	unique_+	chr3	50784482
rs186647399	R001	3	50429459	unique_+	chr3	50392028
rs181848328	R001	3	50475971	unique_+	chr3	50438540
rs6786152	R001	3	48552834	unique_+	chr3	48515401
rs113837665	R002	6	99170297	unique_+	chr6	98722421
rs12214261	R002	6	98993563	unique_+	chr6	98545687
rs185481154	R001	3	48537989	unique_+	chr3	48500556
rs73830468	R001	3	48665064	unique_+	chr3	48627631
rs143269213	R002	6	99588975	unique_+	chr6	99141099
rs185088258	R003	4	103621865	unique_+	chr4	102700708
rs10457325	R002	6	98083452	unique_+	chr6	97635576
rs72928647	R002	6	99834372	unique_+	chr6	99386496
rs238511	R003	4	103037250	unique_+	chr4	102116093
rs151399	R003	4	103187562	unique_+	chr4	102266405
rs227361	R003	4	103586977	unique_+	chr4	102665820
rs151396	R003	4	103186782	unique_+	chr4	102265625
rs28650372	R003	4	102479054	unique_+	chr4	101557897
rs7611164	R001	3	49508828	unique_+	chr3	49471395
rs4571570	R002	6	98062241	unique_+	chr6	97614365
rs10049581	R003	4	103192893	unique_+	chr4	102271736
rs77701454	R001	3	48484983	unique_+	chr3	48443575
rs139634878	R001	3	49554285	unique_+	chr3	49516852
rs71614696	R003	4	102477504	unique_+	chr4	101556347
rs140504242	R001	3	50415664	unique_+	chr3	50378233
rs238456	R003	4	103104134	unique_+	chr4	102182977
rs4403271	R002	6	99908516	unique_+	chr6	99460640
rs10002364	R003	4	102477195	unique_+	chr4	101556038
rs7626445	R001	3	49114544	unique_+	chr3	49077111
rs138253538	R001	3	48494014	unique_+	chr3	48452608
rs151397	R003	4	103186797	unique_+	chr4	102265640
rs4521268	R001	3	49137904	unique_+	chr3	49100471
rs59530563	R002	6	98922868	unique_+	chr6	98474992
rs115425584	R001	3	50278006	unique_+	chr3	50240574
rs73836425	R003	4	102414891	unique_+	chr4	101493734
rs36087241	R003	4	102683497	unique_+	chr4	101762340
rs11938008	R003	4	102397117	unique_+	chr4	101475960
rs4974084	R001	3	48939080	unique_+	chr3	48901647
rs10024975	R003	4	102477210	unique_+	chr4	101556053
rs145954679	R003	4	103147732	unique_+	chr4	102226575
rs13143423	R003	4	102619507	unique_+	chr4	101698350
rs59671449	R003	4	102415341	unique_+	chr4	101494184
rs73836430	R003	4	102417750	unique_+	chr4	101496593
rs6840572	R003	4	102397930	unique_+	chr4	101476773
rs685213	R003	4	103171548	unique_+	chr4	102250391
rs80176743	R003	4	103189686	unique_+	chr4	102268529
rs72930618	R002	6	99868254	unique_+	chr6	99420378
rs72941488	R002	6	99508699	unique_+	chr6	99060823
rs4256226	R003	4	102487310	unique_+	chr4	101566153
rs6844889	R003	4	102408372	unique_+	chr4	101487215
rs112712486	R003	4	102412168	unique_+	chr4	101491011
rs11097773	R003	4	103225513	unique_+	chr4	102304356
rs143648678	R002	6	99960906	unique_+	chr6	99513030
rs72930460	R003	4	102569309	unique_+	chr4	101648152
rs73836422	R003	4	102409920	unique_+	chr4	101488763
rs13316620	R001	3	49045355	unique_+	chr3	49007922
rs116412854	R002	6	98970027	unique_+	chr6	98522151
rs147919666	R001	3	50207421	unique_+	chr3	50169988
rs72941477	R002	6	99500494	unique_+	chr6	99052618
rs9374734	R002	6	98130434	unique_+	chr6	97682558
rs9990585	R003	4	102475139	unique_+	chr4	101553982
rs35411892	R003	4	103228734	unique_+	chr4	102307577
rs6826661	R003	4	102395631	unique_+	chr4	101474474
rs80044051	R001	3	50968346	unique_+	chr3	50930915
rs9400844	R002	6	97822269	unique_+	chr6	97374393
rs117864647	R002	6	97902987	unique_+	chr6	97455111
rs55696413	R003	4	102415426	unique_+	chr4	101494269
rs73836426	R003	4	102416072	unique_+	chr4	101494915
rs115415898	R003	4	103755619	unique_+	chr4	102834462
rs115025956	R003	4	103815938	unique_+	chr4	102894781
rs75630832	R001	3	48320807	unique_+	chr3	48279317
rs6814003	R003	4	103231406	unique_+	chr4	102310249
rs112445335	R003	4	103769313	unique_+	chr4	102848156
rs80013313	R002	6	98274241	unique_+	chr6	97826365
rs79650652	R003	4	103452813	unique_+	chr4	102531656
rs56275140	R001	3	49253847	unique_+	chr3	49216414
rs73834560	R003	4	102942209	unique_+	chr4	102021052
rs28480442	R003	4	102479098	unique_+	chr4	101557941
rs76706365	R002	6	98278072	unique_+	chr6	97830196
rs146187328	R001	3	50104720	unique_+	chr3	50067287
rs10016250	R003	4	102498953	unique_+	chr4	101577796
rs6813204	R003	4	103170123	unique_+	chr4	102248966
rs115297924	R001	3	49196824	unique_+	chr3	49159391
rs28416172	R003	4	103670544	unique_+	chr4	102749387
rs186301799	R002	6	97953567	unique_+	chr6	97505691
rs13105894	R003	4	102480944	unique_+	chr4	101559787
rs7654581	R003	4	102567459	unique_+	chr4	101646302
rs668883	R003	4	103148560	unique_+	chr4	102227403
rs6836414	R003	4	102479893	unique_+	chr4	101558736
rs4698963	R003	4	102478679	unique_+	chr4	101557522
rs6922192	R002	6	99912329	unique_+	chr6	99464453
rs6841673	R003	4	102398208	unique_+	chr4	101477051
rs9489538	R002	6	98163545	unique_+	chr6	97715669
rs36019664	R001	3	48261969	unique_+	chr3	48220479
rs228614	R003	4	103578637	unique_+	chr4	102657480
rs28524091	R003	4	102481023	unique_+	chr4	101559866
rs76964513	R003	4	102414362	unique_+	chr4	101493205
rs462060	R003	4	103165898	unique_+	chr4	102244741
rs9384906	R002	6	97731163	unique_+	chr6	97283287
rs10033644	R003	4	102500526	unique_+	chr4	101579369
rs10022033	R003	4	102500588	unique_+	chr4	101579431
rs4504482	R002	6	99893938	unique_+	chr6	99446062
rs142172099	R003	4	102499415	unique_+	chr4	101578258
rs657521	R003	4	103170824	unique_+	chr4	102249667
rs4698962	R003	4	102478402	unique_+	chr4	101557245
rs13123252	R003	4	102500788	unique_+	chr4	101579631
rs188278929	R003	4	102452371	unique_+	chr4	101531214
rs426642	R003	4	103171932	unique_+	chr4	102250775
rs62328513	R003	4	103369078	unique_+	chr4	102447921
rs72928700	R002	6	99861950	unique_+	chr6	99414074
rs139368028	R003	4	103430917	unique_+	chr4	102509760
rs78452870	R003	4	102431806	unique_+	chr4	101510649
rs75679676	R003	4	102431792	unique_+	chr4	101510635
rs140623172	R003	4	103295768	unique_+	chr4	102374611
rs141195125	R001	3	49135401	unique_+	chr3	49097968
rs141067677	R003	4	103115060	unique_+	chr4	102193903
rs12643886	R003	4	102643397	unique_+	chr4	101722240
rs142662811	R001	3	49590756	unique_+	chr3	49553323
rs148828648	R001	3	50552368	unique_+	chr3	50514937
rs141275479	R002	6	99858659	unique_+	chr6	99410783
rs142472886	R001	3	50160312	unique_+	chr3	50122879
rs140276241	R003	4	102632349	unique_+	chr4	101711192
rs58142893	R003	4	103323106	unique_+	chr4	102401949
rs57016073	R003	4	103325578	unique_+	chr4	102404421
rs72928331	R003	4	103324270	unique_+	chr4	102403113
rs58529408	R001	3	50726456	unique_+	chr3	50689025
rs1077215	R001	3	50708720	unique_+	chr3	50671289
rs9942258	R003	4	103717014	unique_+	chr4	102795857
rs72928338	R003	4	103326060	unique_+	chr4	102404903
rs72928311	R003	4	103317736	unique_+	chr4	102396579
rs181259061	R003	4	102456652	unique_+	chr4	101535495
rs139890462	R003	4	103102414	unique_+	chr4	102181257
rs142839075	R001	3	49757086	unique_+	chr3	49719653
rs188137414	R001	3	50315174	unique_+	chr3	50277743
rs150803135	R002	6	99716779	unique_+	chr6	99268903
rs143625732	R001	3	50163364	unique_+	chr3	50125931
rs145380507	R003	4	102617940	unique_+	chr4	101696783
rs4458696	R002	6	99665178	unique_+	chr6	99217302
rs116422509	R001	3	50378243	unique_+	chr3	50340812
rs140465301	R002	6	99477661	unique_+	chr6	99029785
rs114203404	R003	4	102933998	unique_+	chr4	102012841
rs4699235	R003	4	102478507	unique_+	chr4	101557350
rs117209654	R002	6	98153593	unique_+	chr6	97705717
rs111521637	R003	4	103784900	unique_+	chr4	102863743
rs117940949	R002	6	98725086	unique_+	chr6	98277210
rs143725227	R002	6	97865843	unique_+	chr6	97417967
rs146353559	R002	6	99418650	unique_+	chr6	98970774
rs138806310	R003	4	102545922	unique_+	chr4	101624765
rs140188061	R003	4	102628080	unique_+	chr4	101706923
rs140745361	R002	6	99497791	unique_+	chr6	99049915
rs117622665	R002	6	99301331	unique_+	chr6	98853455
rs117788143	R002	6	98306323	unique_+	chr6	97858447
rs140637541	R003	4	102454932	unique_+	chr4	101533775
rs73072498	R001	3	50783442	unique_+	chr3	50746011
rs145990435	R001	3	49102024	unique_+	chr3	49064591
rs181298830	R002	6	98280241	unique_+	chr6	97832365
rs4526204	R002	6	98098414	unique_+	chr6	97650538
rs145665548	R002	6	99231795	unique_+	chr6	98783919
rs182165409	R003	4	103197522	unique_+	chr4	102276365
rs117772429	R002	6	99859482	unique_+	chr6	99411606
rs180764829	R002	6	99806849	unique_+	chr6	99358973
rs115769574	R003	4	103010684	unique_+	chr4	102089527
rs182450841	R003	4	103599183	unique_+	chr4	102678026
rs17031336	R003	4	102406250	unique_+	chr4	101485093
rs11723617	R003	4	102615995	unique_+	chr4	101694838
rs10028479	R003	4	102495598	unique_+	chr4	101574441
rs79969194	R003	4	103206711	unique_+	chr4	102285554
rs138344505	R003	4	102393832	unique_+	chr4	101472675
rs13113028	R003	4	102481594	unique_+	chr4	101560437
rs13106416	R003	4	102481177	unique_+	chr4	101560020
rs28833207	R003	4	103412735	unique_+	chr4	102491578
rs143541624	R001	3	48767100	unique_+	chr3	48729667
rs13072911	R001	3	48962128	unique_+	chr3	48924695
rs9996896	R003	4	102500175	unique_+	chr4	101579018
rs13107786	R003	4	102498578	unique_+	chr4	101577421
rs9489426	R002	6	98132648	unique_+	chr6	97684772
rs195850	R002	6	99297801	unique_+	chr6	98849925
rs11939734	R003	4	102421091	unique_+	chr4	101499934
rs6532940	R003	4	102413582	unique_+	chr4	101492425
rs79651301	R003	4	103459740	unique_+	chr4	102538583
rs13206094	R002	6	99772374	unique_+	chr6	99324498
rs184609599	R001	3	49097700	unique_+	chr3	49060267
rs147495799	R003	4	103351132	unique_+	chr4	102429975
rs6815071	R003	4	102497581	unique_+	chr4	101576424
rs58460079	R003	4	102415518	unique_+	chr4	101494361
rs34934650	R003	4	102991684	unique_+	chr4	102070527
rs183213538	R002	6	97777165	unique_+	chr6	97329289
rs76471993	R003	4	103419015	unique_+	chr4	102497858
rs73836405	R003	4	102396554	unique_+	chr4	101475397
rs17031496	R003	4	102551073	unique_+	chr4	101629916
rs114284573	R001	3	50060292	unique_+	chr3	50022859
rs6837742	R003	4	102497552	unique_+	chr4	101576395
rs7663031	R003	4	102480722	unique_+	chr4	101559565
rs657581	R003	4	103170769	unique_+	chr4	102249612
rs462178	R003	4	103166193	unique_+	chr4	102245036
rs13064911	R001	3	48952385	unique_+	chr3	48914952
rs10022721	R003	4	102471012	unique_+	chr4	101549855
rs10004046	R003	4	102489572	unique_+	chr4	101568415
rs141907209	R001	3	50653137	unique_+	chr3	50615706
rs35603285	R003	4	102477425	unique_+	chr4	101556268
rs113953796	R001	3	50205294	unique_+	chr3	50167861
rs72943226	R002	6	99548729	unique_+	chr6	99100853
rs58857521	R003	4	102396482	unique_+	chr4	101475325
rs9387519	R002	6	98066707	unique_+	chr6	97618831
rs9385037	R002	6	98095781	unique_+	chr6	97647905
rs113230566	R003	4	103052034	unique_+	chr4	102130877
rs12190711	R002	6	99756036	unique_+	chr6	99308160
rs13125011	R003	4	102488297	unique_+	chr4	101567140
rs61199206	R003	4	102951663	unique_+	chr4	102030506
rs12528194	R002	6	98905320	unique_+	chr6	98457444
rs13119481	R003	4	102482390	unique_+	chr4	101561233
rs1339201	R002	6	100021556	unique_+	chr6	99573680
rs4279446	R002	6	99608924	unique_+	chr6	99161048
rs151408	R003	4	103144711	unique_+	chr4	102223554
rs7682523	R003	4	102572251	unique_+	chr4	101651094
rs1863571	R003	4	102401387	unique_+	chr4	101480230
rs58396796	R003	4	102418998	unique_+	chr4	101497841
rs137943402	R001	3	50944584	unique_+	chr3	50907153
rs236764	R003	4	103069102	unique_+	chr4	102147945
rs651551	R003	4	103169982	unique_+	chr4	102248825
rs4699240	R003	4	102495222	unique_+	chr4	101574065
rs150718057	R001	3	50389960	unique_+	chr3	50352529
rs192560606	R002	6	99991202	unique_+	chr6	99543326
rs1863572	R003	4	102401491	unique_+	chr4	101480334
rs1863570	R003	4	102401356	unique_+	chr4	101480199
rs2227119	R002	6	98937896	unique_+	chr6	98490020
rs71614695	R003	4	102477500	unique_+	chr4	101556343
rs13076394	R001	3	48954074	unique_+	chr3	48916641
rs7356289	R003	4	102473785	unique_+	chr4	101552628
rs7356359	R003	4	102474792	unique_+	chr4	101553635
rs75816590	R003	4	103452819	unique_+	chr4	102531662
rs150286351	R002	6	99238982	unique_+	chr6	98791106
rs10021222	R003	4	102475436	unique_+	chr4	101554279
rs11705737	R001	3	48951259	unique_+	chr3	48913826
rs13101389	R003	4	102498066	unique_+	chr4	101576909
rs9867373	R001	3	48960938	unique_+	chr3	48923505
rs4699232	R003	4	102474654	unique_+	chr4	101553497
rs460800	R003	4	103165485	unique_+	chr4	102244328
rs9374742	R002	6	98145304	unique_+	chr6	97697428
rs6937159	R002	6	98160105	unique_+	chr6	97712229
rs4974080	R001	3	49030828	unique_+	chr3	48993395
rs13210038	R002	6	99311470	unique_+	chr6	98863594
rs72627733	R002	6	98059603	unique_+	chr6	97611727
rs79276766	R003	4	103206829	unique_+	chr4	102285672
rs57965291	R003	4	103220206	unique_+	chr4	102299049
rs7441661	R003	4	102491166	unique_+	chr4	101570009
rs71596329	R003	4	102476654	unique_+	chr4	101555497
rs4699231	R003	4	102474634	unique_+	chr4	101553477
rs6781790	R001	3	49044767	unique_+	chr3	49007334
rs12649895	R003	4	102643396	unique_+	chr4	101722239
rs9884022	R001	3	48956862	unique_+	chr3	48919429
rs9402800	R002	6	99905994	unique_+	chr6	99458118
rs7372149	R001	3	48979231	unique_+	chr3	48941798
rs2526752	R001	3	50058610	unique_+	chr3	50021177
rs9850134	R001	3	48957147	unique_+	chr3	48919714
rs41387952	R003	4	102770405	unique_+	chr4	101849248
rs4699234	R003	4	102478334	unique_+	chr4	101557177
rs13112536	R003	4	102481304	unique_+	chr4	101560147
rs2903270	R003	4	102491934	unique_+	chr4	101570777
rs17032126	R003	4	103088491	unique_+	chr4	102167334
rs13130863	R003	4	102471968	unique_+	chr4	101550811
rs148748029	R003	4	103377006	unique_+	chr4	102455849
rs151398	R003	4	103187076	unique_+	chr4	102265919
rs4698966	R003	4	102495077	unique_+	chr4	101573920
rs1159177	R002	6	98160488	unique_+	chr6	97712612
rs9999254	R003	4	102474148	unique_+	chr4	101552991
rs439757	R003	4	103173711	unique_+	chr4	102252554
rs463373	R003	4	103173173	unique_+	chr4	102252016
rs10028684	R003	4	102472919	unique_+	chr4	101551762
rs7430198	R001	3	48988760	unique_+	chr3	48951327
rs13064883	R001	3	48952284	unique_+	chr3	48914851
rs463661	R003	4	103151556	unique_+	chr4	102230399
rs10006739	R003	4	102496192	unique_+	chr4	101575035
rs75129591	R001	3	48275457	unique_+	chr3	48233967
rs4699230	R003	4	102474578	unique_+	chr4	101553421
rs10489121	R003	4	103206240	unique_+	chr4	102285083
rs6851740	R003	4	102402669	unique_+	chr4	101481512
rs10022293	R003	4	102500659	unique_+	chr4	101579502
rs6834596	R003	4	103423211	unique_+	chr4	102502054
rs72627730	R002	6	97964663	unique_+	chr6	97516787
rs137858355	R003	4	102852721	unique_+	chr4	101931564
rs61346103	R002	6	98284095	unique_+	chr6	97836219
rs9374755	R002	6	98159736	unique_+	chr6	97711860
rs72930623	R002	6	99870930	unique_+	chr6	99423054
rs13129397	R003	4	102477248	unique_+	chr4	101556091
rs7647093	R001	3	48977398	unique_+	chr3	48939965
rs7349933	R002	6	99735864	unique_+	chr6	99287988
rs59837211	R003	4	103336311	unique_+	chr4	102415154
rs139306999	R002	6	99895913	unique_+	chr6	99448037
rs139997191	R003	4	103712889	unique_+	chr4	102791732
rs10021102	R003	4	102475310	unique_+	chr4	101554153
rs4414958	R003	4	102723261	unique_+	chr4	101802104
rs10022567	R003	4	102471001	unique_+	chr4	101549844
rs6852199	R003	4	102402881	unique_+	chr4	101481724
rs74862869	R003	4	102499285	unique_+	chr4	101578128
rs3731532	R001	3	48212185	unique_+	chr3	48170695
rs115510548	R003	4	103198819	unique_+	chr4	102277662
rs149066536	R002	6	97804009	unique_+	chr6	97356133
rs10022442	R003	4	102470700	unique_+	chr4	101549543
rs144110603	R002	6	98308385	unique_+	chr6	97860509
rs143619229	R002	6	97928510	unique_+	chr6	97480634
rs4699236	R003	4	102478582	unique_+	chr4	101557425
rs186392802	R003	4	102525722	unique_+	chr4	101604565
rs144576182	R001	3	49434780	unique_+	chr3	49397347
rs183037893	R003	4	102961002	unique_+	chr4	102039845
rs116772882	R003	4	102550366	unique_+	chr4	101629209
rs7356291	R003	4	102473704	unique_+	chr4	101552547
rs55891969	R002	6	99926923	unique_+	chr6	99479047
rs112967994	R003	4	102403558	unique_+	chr4	101482401
rs9489258	R002	6	98061745	unique_+	chr6	97613869
rs183855025	R002	6	99316709	unique_+	chr6	98868833
rs9401926	R002	6	98970018	unique_+	chr6	98522142
rs6815747	R003	4	103319966	unique_+	chr4	102398809
rs3792323	R001	3	50660331	unique_+	chr3	50622900
rs74824922	R001	3	48800480	unique_+	chr3	48763047
rs187678921	R003	4	103886662	unique_+	chr4	102965505
rs75816701	R003	4	103754381	unique_+	chr4	102833224
rs144301980	R003	4	103314788	unique_+	chr4	102393631
rs72926285	R002	6	99987722	unique_+	chr6	99539846
rs62323866	R003	4	102563291	unique_+	chr4	101642134
rs184298244	R003	4	103448773	unique_+	chr4	102527616
rs117338209	R002	6	97739951	unique_+	chr6	97292075
rs2269432	R001	3	50334231	unique_+	chr3	50296800
rs2073497	R001	3	50367867	unique_+	chr3	50330436
rs2236946	R001	3	50363771	unique_+	chr3	50326340
rs2285044	R001	3	50336661	unique_+	chr3	50299230
rs4688733	R001	3	50358514	unique_+	chr3	50321083
rs12054403	R001	3	50352384	unique_+	chr3	50314953
rs35455589	R001	3	50355730	unique_+	chr3	50318299
rs2071204	R001	3	50330987	unique_+	chr3	50293556
rs2071205	R001	3	50327429	unique_+	chr3	50289998
rs11130248	R001	3	50352200	unique_+	chr3	50314769
rs12495261	R001	3	50354065	unique_+	chr3	50316634
rs181579507	R002	6	98195039	unique_+	chr6	97747163
rs114948258	R001	3	50000584	unique_+	chr3	49963151
rs185684327	R001	3	50755425	unique_+	chr3	50717994
rs5000385	R003	4	102493690	unique_+	chr4	101572533
rs192714584	R001	3	50114726	unique_+	chr3	50077293
rs146925950	R002	6	97925978	unique_+	chr6	97478102
rs148448544	R002	6	99681949	unique_+	chr6	99234073
rs117771934	R002	6	98636213	unique_+	chr6	98188337
rs146389849	R002	6	98261021	unique_+	chr6	97813145
rs140033236	R002	6	98076207	unique_+	chr6	97628331
rs191570028	R002	6	99880900	unique_+	chr6	99433024
rs113737241	R002	6	99517395	unique_+	chr6	99069519
rs115494662	R003	4	103140166	unique_+	chr4	102219009
rs183658199	R003	4	103033523	unique_+	chr4	102112366
rs184606595	R003	4	103429352	unique_+	chr4	102508195
rs116882166	R002	6	98525688	unique_+	chr6	98077812
rs193257321	R001	3	50664745	unique_+	chr3	50627314
rs17031577	R003	4	102653615	unique_+	chr4	101732458
rs1946379	R003	4	102484906	unique_+	chr4	101563749
rs75546429	R002	6	99717746	unique_+	chr6	99269870
rs4698843	R003	4	103182636	unique_+	chr4	102261479
rs2866384	R003	4	102491732	unique_+	chr4	101570575
rs115586086	R001	3	50428478	unique_+	chr3	50391047
rs11706166	R001	3	48791147	unique_+	chr3	48753714
rs9374467	R002	6	97731191	unique_+	chr6	97283315
rs13129752	R003	4	102471437	unique_+	chr4	101550280
rs10002234	R003	4	102477024	unique_+	chr4	101555867
rs62432317	R002	6	99964492	unique_+	chr6	99516616
rs77694476	R002	6	98915391	unique_+	chr6	98467515
rs71326907	R001	3	50013778	unique_+	chr3	49976345
rs74833382	R003	4	103441152	unique_+	chr4	102519995
rs10084821	R003	4	102475832	unique_+	chr4	101554675
rs13315711	R001	3	48986399	unique_+	chr3	48948966
rs138432481	R003	4	102879127	unique_+	chr4	101957970
rs78159609	R001	3	48600145	unique_+	chr3	48562712
rs11936333	R003	4	102643830	unique_+	chr4	101722673
rs79088314	R002	6	99528481	unique_+	chr6	99080605
rs9999428	R003	4	102500416	unique_+	chr4	101579259
rs10035089	R003	4	102475108	unique_+	chr4	101553951
rs9705	R003	4	103183531	unique_+	chr4	102262374
rs56696548	R002	6	99989967	unique_+	chr6	99542091
rs145207775	R002	6	97956569	unique_+	chr6	97508693
rs1160475	R002	6	98815460	unique_+	chr6	98367584
rs4699238	R003	4	102488816	unique_+	chr4	101567659
rs10019394	R003	4	102499935	unique_+	chr4	101578778
rs6918880	R002	6	99934446	unique_+	chr6	99486570
rs28634001	R003	4	102473934	unique_+	chr4	101552777
rs1506504	R003	4	103047763	unique_+	chr4	102126606
rs79040780	R003	4	102613074	unique_+	chr4	101691917
rs35942721	R001	3	48173069	unique_+	chr3	48131579
rs4699239	R003	4	102494758	unique_+	chr4	101573601
rs6835677	R003	4	102479753	unique_+	chr4	101558596
rs4698965	R003	4	102489377	unique_+	chr4	101568220
rs9998573	R003	4	102475428	unique_+	chr4	101554271
rs367659	R003	4	103154391	unique_+	chr4	102233234
rs74564838	R001	3	48294229	unique_+	chr3	48252739
rs150368325	R003	4	103150309	unique_+	chr4	102229152
rs72624918	R001	3	49062258	unique_+	chr3	49024825
rs75482343	R002	6	98301244	unique_+	chr6	97853368
rs10035012	R003	4	102475049	unique_+	chr4	101553892
rs4698964	R003	4	102484590	unique_+	chr4	101563433
rs10030362	R003	4	102622843	unique_+	chr4	101701686
rs7349907	R002	6	98105918	unique_+	chr6	97658042
rs6446205	R001	3	49035211	unique_+	chr3	48997778
rs72925084	R002	6	98162123	unique_+	chr6	97714247
rs150464509	R002	6	98819598	unique_+	chr6	98371722
rs6855535	R003	4	103236295	unique_+	chr4	102315138
rs80155160	R002	6	97933792	unique_+	chr6	97485916
rs7340954	R003	4	102528133	unique_+	chr4	101606976
rs35591186	R002	6	97752780	unique_+	chr6	97304904
rs17031306	R003	4	102395495	unique_+	chr4	101474338
rs6816285	R003	4	102999609	unique_+	chr4	102078452
rs4699229	R003	4	102474454	unique_+	chr4	101553297
rs13105707	R003	4	102618033	unique_+	chr4	101696876
rs9996041	R003	4	102473154	unique_+	chr4	101551997
rs4072859	R001	3	49032205	unique_+	chr3	48994772
rs116009376	R001	3	48766733	unique_+	chr3	48729300
rs138513818	R002	6	99725736	unique_+	chr6	99277860
rs188223003	R002	6	99502405	unique_+	chr6	99054529
rs151388	R003	4	103182231	unique_+	chr4	102261074
rs62420695	R002	6	98130087	unique_+	chr6	97682211
rs7695700	R003	4	102610912	unique_+	chr4	101689755
rs151372	R003	4	103174196	unique_+	chr4	102253039
rs146695517	R002	6	97808522	unique_+	chr6	97360646
rs7356516	R003	4	102473848	unique_+	chr4	101552691
rs6446198	R001	3	49007638	unique_+	chr3	48970205
rs17197910	R003	4	102609316	unique_+	chr4	101688159
rs10026180	R003	4	102489437	unique_+	chr4	101568280
rs4546248	R003	4	102677836	unique_+	chr4	101756679
rs11936229	R003	4	102619291	unique_+	chr4	101698134
rs117492609	R002	6	97920241	unique_+	chr6	97472365
rs12191915	R002	6	99735322	unique_+	chr6	99287446
rs10015619	R003	4	102498415	unique_+	chr4	101577258
rs17031304	R003	4	102395086	unique_+	chr4	101473929
rs138477658	R002	6	99854719	unique_+	chr6	99406843
rs78783490	R002	6	97960716	unique_+	chr6	97512840
rs74942266	R001	3	48234764	unique_+	chr3	48193274
rs458318	R003	4	103152288	unique_+	chr4	102231131
rs28782795	R003	4	103411101	unique_+	chr4	102489944
rs10031266	R003	4	102473312	unique_+	chr4	101552155
rs187729323	R002	6	98307600	unique_+	chr6	97859724
rs464114	R003	4	103152517	unique_+	chr4	102231360
rs4288217	R002	6	98120381	unique_+	chr6	97672505
rs12211828	R002	6	99735392	unique_+	chr6	99287516
rs73831563	R001	3	48297746	unique_+	chr3	48256256
rs6570082	R002	6	99923274	unique_+	chr6	99475398
rs148288039	R003	4	103762046	unique_+	chr4	102840889
rs464969	R003	4	103151760	unique_+	chr4	102230603
rs28505163	R003	4	103201122	unique_+	chr4	102279965
rs28474694	R003	4	102624749	unique_+	chr4	101703592
rs151395	R003	4	103186708	unique_+	chr4	102265551
rs147167448	R001	3	48715230	unique_+	chr3	48677797
rs185155031	R002	6	99688746	unique_+	chr6	99240870
rs78593557	R002	6	98974858	unique_+	chr6	98526982
rs146998160	R001	3	50003119	unique_+	chr3	49965686
rs189413599	R003	4	103302739	unique_+	chr4	102381582
rs9866124	R001	3	48597553	unique_+	chr3	48560120
rs189415208	R003	4	103302599	unique_+	chr4	102381442
rs149175041	R002	6	99334834	unique_+	chr6	98886958
rs184143614	R001	3	48673084	unique_+	chr3	48635651
rs180969425	R003	4	102799233	unique_+	chr4	101878076
rs143950438	R003	4	102874138	unique_+	chr4	101952981
rs146894540	R003	4	103280538	unique_+	chr4	102359381
rs139906897	R002	6	99387382	unique_+	chr6	98939506
rs57040664	R003	4	103240565	unique_+	chr4	102319408
rs12111251	R002	6	99575661	unique_+	chr6	99127785
rs115574467	R003	4	103360780	unique_+	chr4	102439623
rs118109185	R002	6	98253767	unique_+	chr6	97805891
rs145668087	R001	3	48374996	unique_+	chr3	48333506
rs72926593	R003	4	102533464	unique_+	chr4	101612307
rs17616360	R002	6	99552198	unique_+	chr6	99104322
rs141179054	R003	4	103815382	unique_+	chr4	102894225
rs114970435	R001	3	48604978	unique_+	chr3	48567545
rs151100208	R003	4	102361896	unique_+	chr4	101440739
rs146517584	R002	6	100029902	unique_+	chr6	99582026
rs184603858	R002	6	99607013	unique_+	chr6	99159137
rs111608544	R001	3	48602053	unique_+	chr3	48564620
rs144643401	R002	6	98182132	unique_+	chr6	97734256
rs151333751	R001	3	48434931	unique_+	chr3	48393467
rs188624618	R002	6	98400198	unique_+	chr6	97952322
rs2071203	R001	3	50311900	unique_+	chr3	50274469
rs72932987	R001	3	50370481	unique_+	chr3	50333050
rs146688251	R002	6	99265836	unique_+	chr6	98817960
rs77357602	R002	6	100022123	unique_+	chr6	99574247
rs190485460	R001	3	49425767	unique_+	chr3	49388334
rs1387005	R001	3	48651891	unique_+	chr3	48614458
rs187863740	R001	3	48912082	unique_+	chr3	48874649
rs181804370	R002	6	98394226	unique_+	chr6	97946350
rs11719729	R001	3	48487266	unique_+	chr3	48445862
rs55807958	R001	3	48664169	unique_+	chr3	48626736
rs187506853	R001	3	50953766	unique_+	chr3	50916335
rs149678694	R002	6	98678777	unique_+	chr6	98230901
rs183143270	R002	6	97998885	unique_+	chr6	97551009
rs143140381	R002	6	98843509	unique_+	chr6	98395633
rs191511633	R002	6	99779449	unique_+	chr6	99331573
rs114820575	R001	3	48555246	unique_+	chr3	48517813
rs729676	R002	6	99774026	unique_+	chr6	99326150
rs57518166	R003	4	102417435	unique_+	chr4	101496278
rs221548	R002	6	99737374	unique_+	chr6	99289498
rs77753325	R001	3	50443601	unique_+	chr3	50406170
rs150764102	R001	3	50600388	unique_+	chr3	50562957
rs138387652	R002	6	99314165	unique_+	chr6	98866289
rs186358727	R003	4	103854452	unique_+	chr4	102933295
rs147962747	R003	4	102865278	unique_+	chr4	101944121
rs34076866	R003	4	102613269	unique_+	chr4	101692112
rs76147973	R003	4	103726286	unique_+	chr4	102805129
rs151392	R003	4	103183935	unique_+	chr4	102262778
rs11723683	R003	4	102616166	unique_+	chr4	101695009
rs223393	R003	4	103745457	unique_+	chr4	102824300
rs28844321	R003	4	103392632	unique_+	chr4	102471475
rs460670	R003	4	103154004	unique_+	chr4	102232847
rs148980934	R002	6	97718707	unique_+	chr6	97270831
rs182797915	R001	3	50766914	unique_+	chr3	50729483
rs2144238	R002	6	99508568	unique_+	chr6	99060692
rs145925405	R001	3	49954864	unique_+	chr3	49917431
rs33942096	R001	3	49166220	unique_+	chr3	49128787
rs2572134	R002	6	99554188	unique_+	chr6	99106312
rs6849314	R003	4	102386527	unique_+	chr4	101465370
rs4858814	R001	3	48405519	unique_+	chr3	48364029
rs9373072	R002	6	99669676	unique_+	chr6	99221800
rs151369	R003	4	103176770	unique_+	chr4	102255613
rs6930802	R002	6	98094026	unique_+	chr6	97646150
rs150096097	R002	6	99732693	unique_+	chr6	99284817
rs9387218	R002	6	97734271	unique_+	chr6	97286395
rs139739400	R002	6	97867401	unique_+	chr6	97419525
rs34125470	R003	4	102613252	unique_+	chr4	101692095
rs28680907	R003	4	102624818	unique_+	chr4	101703661
rs9320643	R002	6	98097852	unique_+	chr6	97649976
rs10012114	R003	4	102620618	unique_+	chr4	101699461
rs12512781	R003	4	102567712	unique_+	chr4	101646555
rs190150460	R003	4	102272168	unique_+	chr4	101351011
rs7695222	R003	4	102610833	unique_+	chr4	101689676
rs151393	R003	4	103184089	unique_+	chr4	102262932
rs72936675	R002	6	97745124	unique_+	chr6	97297248
rs9482753	R002	6	98922805	unique_+	chr6	98474929
rs4858813	R001	3	48405431	unique_+	chr3	48363941
rs2850387	R003	4	102925939	unique_+	chr4	102004782
rs188973415	R001	3	48991873	unique_+	chr3	48954440
rs55674840	R003	4	102535994	unique_+	chr4	101614837
rs6917917	R002	6	99550606	unique_+	chr6	99102730
rs72928671	R002	6	99843861	unique_+	chr6	99395985
rs6858364	R003	4	102403563	unique_+	chr4	101482406
rs4386608	R003	4	102382181	unique_+	chr4	101461024
rs7437792	R003	4	102619828	unique_+	chr4	101698671
rs144939408	R002	6	98198517	unique_+	chr6	97750641
rs4286790	R002	6	97989683	unique_+	chr6	97541807
rs6768433	R001	3	49013383	unique_+	chr3	48975950
rs28452790	R003	4	102610122	unique_+	chr4	101688965
rs9398904	R002	6	99217018	unique_+	chr6	98769142
rs2129292	R003	4	102991139	unique_+	chr4	102069982
rs112332616	R002	6	99815524	unique_+	chr6	99367648
rs79138733	R003	4	103598385	unique_+	chr4	102677228
rs1076872	R001	3	50329826	unique_+	chr3	50292395
rs158775	R002	6	98954013	unique_+	chr6	98506137
rs4397233	R002	6	98104948	unique_+	chr6	97657072
rs456877	R003	4	103155773	unique_+	chr4	102234616
rs10084936	R003	4	102475852	unique_+	chr4	101554695
rs1459247	R001	3	48387709	unique_+	chr3	48346219
rs151476	R003	4	103075330	unique_+	chr4	102154173
rs6791234	R001	3	48996137	unique_+	chr3	48958704
rs7621015	R001	3	49016056	unique_+	chr3	48978623
rs12197888	R002	6	99861213	unique_+	chr6	99413337
rs139604705	R001	3	48242748	unique_+	chr3	48201258
rs77563310	R001	3	50693838	unique_+	chr3	50656407
rs73074902	R001	3	49660642	unique_+	chr3	49623209
rs6786665	R001	3	48996606	unique_+	chr3	48959173
rs233814	R003	4	103208703	unique_+	chr4	102287546
rs12194940	R002	6	99742035	unique_+	chr6	99294159
rs7636057	R001	3	48992582	unique_+	chr3	48955149
rs139394417	R001	3	49866401	unique_+	chr3	49828968
rs77838078	R003	4	103206597	unique_+	chr4	102285440
rs60130909	R003	4	102692171	unique_+	chr4	101771014
rs7442244	R003	4	102394756	unique_+	chr4	101473599
rs2388035	R002	6	97740023	unique_+	chr6	97292147
rs80175873	R003	4	103440201	unique_+	chr4	102519044
rs72684850	R003	4	102622489	unique_+	chr4	101701332
rs238437	R003	4	103031854	unique_+	chr4	102110697
rs79694742	R002	6	98896225	unique_+	chr6	98448349
rs12663371	R002	6	99744336	unique_+	chr6	99296460
rs4974082	R001	3	48999323	unique_+	chr3	48961890
rs4974091	R001	3	49025101	unique_+	chr3	48987668
rs17198078	R003	4	102613097	unique_+	chr4	101691940
rs187227394	R001	3	49018323	unique_+	chr3	48980890
rs17180094	R002	6	99862214	unique_+	chr6	99414338
rs56092935	R003	4	102410853	unique_+	chr4	101489696
rs77208503	R001	3	49750261	unique_+	chr3	49712828
rs139447432	R002	6	99693939	unique_+	chr6	99246063
rs73077017	R001	3	50845128	unique_+	chr3	50807697
rs141235269	R001	3	49054576	unique_+	chr3	49017143
rs6856516	R003	4	102413491	unique_+	chr4	101492334
rs148184387	R003	4	102387114	unique_+	chr4	101465957
rs151010021	R001	3	50644038	unique_+	chr3	50606607
rs74443917	R003	4	103009775	unique_+	chr4	102088618
rs188938717	R002	6	100028762	unique_+	chr6	99580886
rs114024570	R003	4	102941039	unique_+	chr4	102019882
rs183745075	R001	3	50077440	unique_+	chr3	50040007
rs143700218	R002	6	99447259	unique_+	chr6	98999383
rs28804983	R003	4	103394940	unique_+	chr4	102473783
rs116776566	R003	4	102616682	unique_+	chr4	101695525
rs186684722	R002	6	99323794	unique_+	chr6	98875918
rs2854400	R001	3	48617213	unique_+	chr3	48579780
rs4839990	R002	6	99318861	unique_+	chr6	98870985
rs144581771	R001	3	50015239	unique_+	chr3	49977806
rs114448901	R003	4	102353372	unique_+	chr4	101432215
rs148790062	R002	6	97896683	unique_+	chr6	97448807
rs182944504	R003	4	102717004	unique_+	chr4	101795847
rs59643945	R001	3	48664473	unique_+	chr3	48627040
rs141330961	R003	4	103696136	unique_+	chr4	102774979
rs115796750	R003	4	103725182	unique_+	chr4	102804025
rs60028595	R001	3	48664529	unique_+	chr3	48627096
rs145068520	R001	3	48583568	unique_+	chr3	48546135
rs75273675	R002	6	99924048	unique_+	chr6	99476172
rs77839556	R001	3	48239826	unique_+	chr3	48198336
rs3731530	R001	3	48213490	unique_+	chr3	48172000
rs450780	R003	4	103166718	unique_+	chr4	102245561
rs183915695	R003	4	102623311	unique_+	chr4	101702154
rs138750834	R002	6	98750941	unique_+	chr6	98303065
rs142571767	R003	4	102533945	unique_+	chr4	101612788
rs183328239	R003	4	102587764	unique_+	chr4	101666607
rs190777716	R002	6	98532772	unique_+	chr6	98084896
rs182379016	R002	6	98256602	unique_+	chr6	97808726
rs189856362	R002	6	99726755	unique_+	chr6	99278879
rs148241504	R002	6	99759445	unique_+	chr6	99311569
rs114195819	R003	4	102551064	unique_+	chr4	101629907
rs141805712	R003	4	102947752	unique_+	chr4	102026595
rs4075800	R001	3	48555651	unique_+	chr3	48518218
rs2285043	R001	3	50336055	unique_+	chr3	50298624
rs6832846	R003	4	103181749	unique_+	chr4	102260592
rs12643270	R003	4	102613192	unique_+	chr4	101692035
rs192030391	R002	6	98755895	unique_+	chr6	98308019
rs139256602	R001	3	49516079	unique_+	chr3	49478646
rs146813916	R001	3	48821810	unique_+	chr3	48784377
rs193294319	R001	3	49536005	unique_+	chr3	49498572
rs138100833	R003	4	102786450	unique_+	chr4	101865293
rs28390228	R003	4	102466715	unique_+	chr4	101545558
rs13145270	R003	4	102496944	unique_+	chr4	101575787
rs7643368	R001	3	48992855	unique_+	chr3	48955422
rs6855746	R003	4	102387446	unique_+	chr4	101466289
rs12209739	R002	6	99734061	unique_+	chr6	99286185
rs9320577	R002	6	97949475	unique_+	chr6	97501599
rs7628719	R001	3	48995487	unique_+	chr3	48958054
rs113896989	R003	4	103043064	unique_+	chr4	102121907
rs151368	R003	4	103181113	unique_+	chr4	102259956
rs139468429	R002	6	98560095	unique_+	chr6	98112219
rs56127520	R003	4	103044878	unique_+	chr4	102123721
rs12202790	R002	6	99755339	unique_+	chr6	99307463
rs6446196	R001	3	49004723	unique_+	chr3	48967290
rs1395306	R003	4	102985850	unique_+	chr4	102064693
rs78628686	R002	6	98304659	unique_+	chr6	97856783
rs2903272	R003	4	102529098	unique_+	chr4	101607941
rs2362452	R001	3	48418214	unique_+	chr3	48376724
rs9384976	R002	6	97920342	unique_+	chr6	97472466
rs6902772	R002	6	99550464	unique_+	chr6	99102588
rs17616313	R002	6	99552049	unique_+	chr6	99104173
rs28602322	R003	4	102624740	unique_+	chr4	101703583
rs6414613	R001	3	49035885	unique_+	chr3	48998452
rs56246843	R002	6	98995465	unique_+	chr6	98547589
rs79863190	R001	3	50709069	unique_+	chr3	50671638
rs118145164	R002	6	99329749	unique_+	chr6	98881873
rs7742373	R002	6	99218276	unique_+	chr6	98770400
rs158774	R002	6	98953633	unique_+	chr6	98505757
rs4648136	R003	4	103536673	unique_+	chr4	102615516
rs73836439	R003	4	102433119	unique_+	chr4	101511962
rs6763435	R001	3	48404592	unique_+	chr3	48363102
rs2544569	R003	4	102882192	unique_+	chr4	101961035
rs78892109	R002	6	99726606	unique_+	chr6	99278730
rs11130161	R001	3	48259631	unique_+	chr3	48218141
rs11797	R001	3	48508585	unique_+	chr3	48467186
rs72684844	R003	4	102611334	unique_+	chr4	101690177
rs78104031	R001	3	50697541	unique_+	chr3	50660110
rs111707066	R003	4	103043173	unique_+	chr4	102122016
rs147956181	R002	6	98696477	unique_+	chr6	98248601
rs4263590	R002	6	98139335	unique_+	chr6	97691459
rs112812636	R001	3	48408555	unique_+	chr3	48367065
rs2631268	R003	4	102948730	unique_+	chr4	102027573
rs3136	R002	6	98161078	unique_+	chr6	97713202
rs9401079	R002	6	98139266	unique_+	chr6	97691390
rs12203758	R002	6	99738391	unique_+	chr6	99290515
rs189948382	R003	4	103316131	unique_+	chr4	102394974
rs78727303	R001	3	48327513	unique_+	chr3	48286023
rs1459242	R001	3	48413537	unique_+	chr3	48372047
rs112377397	R002	6	99296454	unique_+	chr6	98848578
rs2851320	R003	4	102909994	unique_+	chr4	101988837
rs116946454	R002	6	98914897	unique_+	chr6	98467021
rs6924161	R002	6	99551484	unique_+	chr6	99103608
rs12206991	R002	6	98314960	unique_+	chr6	97867084
rs1264191	R001	3	48649457	unique_+	chr3	48612024
rs151394	R003	4	103184652	unique_+	chr4	102263495
rs12648423	R003	4	102642073	unique_+	chr4	101720916
rs2388036	R002	6	97740177	unique_+	chr6	97292301
rs7669170	R003	4	102614152	unique_+	chr4	101692995
rs6847587	R003	4	103590864	unique_+	chr4	102669707
rs75376481	R003	4	103768107	unique_+	chr4	102846950
rs113375211	R002	6	98050603	unique_+	chr6	97602727
rs72926476	R002	6	98920503	unique_+	chr6	98472627
rs7669914	R003	4	102573779	unique_+	chr4	101652622
rs73831561	R001	3	48276409	unique_+	chr3	48234919
rs116800418	R003	4	103071492	unique_+	chr4	102150335
rs11714929	R001	3	48401620	unique_+	chr3	48360130
rs79411388	R002	6	99736329	unique_+	chr6	99288453
rs139634586	R003	4	102246888	unique_+	chr4	101325731
rs28730977	R003	4	102622562	unique_+	chr4	101701405
rs7450752	R002	6	98138025	unique_+	chr6	97690149
rs6929928	R002	6	99552248	unique_+	chr6	99104372
rs186048399	R002	6	99114393	unique_+	chr6	98666517
rs145256081	R002	6	99607572	unique_+	chr6	99159696
rs9401078	R002	6	98138823	unique_+	chr6	97690947
rs186887302	R002	6	97968072	unique_+	chr6	97520196
rs191669892	R001	3	49629852	unique_+	chr3	49592419
rs192954262	R002	6	99833125	unique_+	chr6	99385249
rs180914761	R001	3	48603275	unique_+	chr3	48565842
rs187822580	R001	3	48135573	unique_+	chr3	48094083
rs78034423	R002	6	98162282	unique_+	chr6	97714406
rs184993431	R003	4	102735689	unique_+	chr4	101814532
rs76337567	R002	6	99553427	unique_+	chr6	99105551
rs191074437	R003	4	103462362	unique_+	chr4	102541205
rs116892285	R002	6	98787181	unique_+	chr6	98339305
rs146192731	R001	3	48205882	unique_+	chr3	48164392
rs187138160	R001	3	50401949	unique_+	chr3	50364518
rs115484303	R003	4	103742555	unique_+	chr4	102821398
rs4648093	R003	4	103527655	unique_+	chr4	102606498
rs145759696	R001	3	48726377	unique_+	chr3	48688944
rs75204002	R003	4	103780203	unique_+	chr4	102859046
rs143500738	R001	3	48305003	unique_+	chr3	48263513
rs138499273	R001	3	48676047	unique_+	chr3	48638614
rs113422272	R002	6	99202561	unique_+	chr6	98754685
rs77901496	R003	4	102337724	unique_+	chr4	101416567
rs115185290	R001	3	49847804	unique_+	chr3	49810371
rs188870531	R003	4	102446782	unique_+	chr4	101525625
rs189112862	R003	4	102411868	unique_+	chr4	101490711
rs7670621	R003	4	103800523	unique_+	chr4	102879366
rs142210408	R001	3	49221364	unique_+	chr3	49183931
rs238513	R003	4	103038384	unique_+	chr4	102117227
rs140099930	R002	6	99096536	unique_+	chr6	98648660
rs189215	R003	4	103180875	unique_+	chr4	102259718
rs184818817	R003	4	102902831	unique_+	chr4	101981674
rs114164871	R003	4	102958883	unique_+	chr4	102037726
rs148027852	R002	6	98942658	unique_+	chr6	98494782
rs7767693	R002	6	98137914	unique_+	chr6	97690038
rs144570879	R002	6	99420102	unique_+	chr6	98972226
rs191481703	R003	4	103436558	unique_+	chr4	102515401
rs184815439	R001	3	48449907	unique_+	chr3	48408500
rs184711597	R002	6	99860372	unique_+	chr6	99412496
rs71324936	R001	3	49104402	unique_+	chr3	49066969
rs190195193	R003	4	103162285	unique_+	chr4	102241128
rs186879376	R003	4	102232352	unique_+	chr4	101311195
rs59990531	R002	6	98175340	unique_+	chr6	97727464
rs17251102	R003	4	102608288	unique_+	chr4	101687131
rs1134591	R001	3	48972892	unique_+	chr3	48935459
rs77248643	R002	6	98067896	unique_+	chr6	97620020
rs12639950	R003	4	102633819	unique_+	chr4	101712662
rs41308273	R001	3	50417685	unique_+	chr3	50380254
rs59124672	R003	4	103340950	unique_+	chr4	102419793
rs10000229	R003	4	102701858	unique_+	chr4	101780701
rs72930628	R002	6	99871819	unique_+	chr6	99423943
rs12190700	R002	6	99738438	unique_+	chr6	99290562
rs10499009	R002	6	97741581	unique_+	chr6	97293705
rs12644085	R003	4	102613885	unique_+	chr4	101692728
rs62424008	R002	6	99014467	unique_+	chr6	98566591
rs9387231	R002	6	97751525	unique_+	chr6	97303649
rs56207297	R003	4	103533052	unique_+	chr4	102611895
rs78622577	R002	6	98695182	unique_+	chr6	98247306
rs9790524	R003	4	102644185	unique_+	chr4	101723028
rs2866428	R003	4	102626001	unique_+	chr4	101704844
rs73498299	R002	6	98302822	unique_+	chr6	97854946
rs79810779	R002	6	98303418	unique_+	chr6	97855542
rs34986310	R003	4	102221986	unique_+	chr4	101300829
rs4858793	R001	3	48415007	unique_+	chr3	48373517
rs72940833	R003	4	103122531	unique_+	chr4	102201374
rs9331	R003	4	103183218	unique_+	chr4	102262061
rs73498271	R002	6	98288692	unique_+	chr6	97840816
rs72917071	R003	4	102692475	unique_+	chr4	101771318
rs150646038	R002	6	97968186	unique_+	chr6	97520310
rs12195299	R002	6	99725697	unique_+	chr6	99277821
rs147727340	R002	6	99117028	unique_+	chr6	98669152
rs998115	R002	6	98161192	unique_+	chr6	97713316
rs9488434	R002	6	97741757	unique_+	chr6	97293881
rs146624997	R003	4	102286229	unique_+	chr4	101365072
rs181108313	R002	6	99250281	unique_+	chr6	98802405
rs62322737	R003	4	102916242	unique_+	chr4	101995085
rs113584126	R003	4	103647848	unique_+	chr4	102726691
rs12199665	R002	6	98084593	unique_+	chr6	97636717
rs13112324	R003	4	102988963	unique_+	chr4	102067806
rs9401783	R002	6	98762057	unique_+	chr6	98314181
rs141840195	R002	6	99064810	unique_+	chr6	98616934
rs2227120	R002	6	98938792	unique_+	chr6	98490916
rs4620129	R002	6	98139526	unique_+	chr6	97691650
rs41290700	R001	3	49321424	unique_+	chr3	49283991
rs4467779	R002	6	98139671	unique_+	chr6	97691795
rs458779	R003	4	103163959	unique_+	chr4	102242802
rs80313406	R001	3	48516525	unique_+	chr3	48475116
rs4839903	R002	6	97742108	unique_+	chr6	97294232
rs188031755	R002	6	99843582	unique_+	chr6	99395706
rs140425279	R001	3	48721530	unique_+	chr3	48684097
rs78087921	R002	6	97851355	unique_+	chr6	97403479
rs146535205	R001	3	49038008	unique_+	chr3	49000575
rs12203990	R002	6	99728044	unique_+	chr6	99280168
rs11729100	R003	4	102987238	unique_+	chr4	102066081
rs4698987	R003	4	102988188	unique_+	chr4	102067031
rs72930629	R002	6	99871830	unique_+	chr6	99423954
rs4145639	R002	6	98138181	unique_+	chr6	97690305
rs117222673	R002	6	99914374	unique_+	chr6	99466498
rs181394846	R001	3	50293392	unique_+	chr3	50255960
rs458771	R003	4	103163922	unique_+	chr4	102242765
rs7740878	R002	6	99218128	unique_+	chr6	98770252
rs9385020	R002	6	98036720	unique_+	chr6	97588844
rs17251415	R003	4	102615073	unique_+	chr4	101693916
rs12193338	R002	6	99717358	unique_+	chr6	99269482
rs1114776	R001	3	48403846	unique_+	chr3	48362356
rs138281725	R003	4	103174019	unique_+	chr4	102252862
rs12197403	R002	6	99727159	unique_+	chr6	99279283
rs6907520	R002	6	99553009	unique_+	chr6	99105133
rs116113680	R003	4	102918293	unique_+	chr4	101997136
rs10024695	R003	4	102476977	unique_+	chr4	101555820
rs78921338	R003	4	102399900	unique_+	chr4	101478743
rs142828806	R003	4	102781188	unique_+	chr4	101860031
rs188761974	R002	6	99092792	unique_+	chr6	98644916
rs12529874	R002	6	98462501	unique_+	chr6	98014625
rs62322248	R003	4	103141696	unique_+	chr4	102220539
rs75685596	R003	4	103685514	unique_+	chr4	102764357
rs142840631	R002	6	98755490	unique_+	chr6	98307614
rs80129153	R003	4	102421727	unique_+	chr4	101500570
rs13145871	R003	4	102400166	unique_+	chr4	101479009
rs144042666	R002	6	99269085	unique_+	chr6	98821209
rs149064855	R002	6	98246987	unique_+	chr6	97799111
rs79495758	R002	6	99555364	unique_+	chr6	99107488
rs12494414	R001	3	50323172	unique_+	chr3	50285741
rs143232240	R002	6	99218342	unique_+	chr6	98770466
rs145673389	R002	6	98798877	unique_+	chr6	98351001
rs116283819	R003	4	102435754	unique_+	chr4	101514597
rs116019805	R003	4	103729513	unique_+	chr4	102808356
rs6918538	R002	6	99817956	unique_+	chr6	99370080
rs147997908	R003	4	102970177	unique_+	chr4	102049020
rs115989222	R003	4	102968533	unique_+	chr4	102047376
rs141266753	R001	3	49144854	unique_+	chr3	49107421
rs138063104	R001	3	50853411	unique_+	chr3	50815980
rs150444272	R001	3	50787031	unique_+	chr3	50749600
rs190019251	R001	3	49081531	unique_+	chr3	49044098
rs190902549	R002	6	98858421	unique_+	chr6	98410545
rs150797312	R002	6	98792202	unique_+	chr6	98344326
rs73833844	R003	4	102530678	unique_+	chr4	101609521
rs2505068	R002	6	98559301	unique_+	chr6	98111425
rs186687868	R001	3	50342617	unique_+	chr3	50305186
rs2850391	R003	4	102945827	unique_+	chr4	102024670
rs184049270	R003	4	103403864	unique_+	chr4	102482707
rs143241623	R001	3	49021773	unique_+	chr3	48984340
rs143900685	R001	3	49665137	unique_+	chr3	49627704
rs185695401	R002	6	98924253	unique_+	chr6	98476377
rs145549217	R001	3	48687427	unique_+	chr3	48649994
rs142952686	R002	6	98388168	unique_+	chr6	97940292
rs138379301	R001	3	48852599	unique_+	chr3	48815166
rs142224718	R003	4	102643916	unique_+	chr4	101722759
rs141700461	R002	6	98506850	unique_+	chr6	98058974
rs184746432	R002	6	98896488	unique_+	chr6	98448612
rs142957910	R002	6	98575864	unique_+	chr6	98127988
rs188200329	R002	6	99006358	unique_+	chr6	98558482
rs146786744	R002	6	98242015	unique_+	chr6	97794139
rs78065305	R003	4	103344967	unique_+	chr4	102423810
rs145333395	R001	3	50371791	unique_+	chr3	50334360
rs76721116	R002	6	98304414	unique_+	chr6	97856538
rs13114967	R003	4	102623049	unique_+	chr4	101701892
rs7744845	R002	6	99956560	unique_+	chr6	99508684
rs9877046	R001	3	50352458	unique_+	chr3	50315027
rs73834798	R003	4	103323736	unique_+	chr4	102402579
rs72928335	R003	4	103325945	unique_+	chr4	102404788
rs12526146	R002	6	98280088	unique_+	chr6	97832212
rs9374740	R002	6	98140435	unique_+	chr6	97692559
rs79660706	R002	6	99724363	unique_+	chr6	99276487
rs185904276	R001	3	50237806	unique_+	chr3	50200373
rs145731093	R002	6	97821791	unique_+	chr6	97373915
rs116780602	R001	3	48833257	unique_+	chr3	48795824
rs7740725	R002	6	99218041	unique_+	chr6	98770165
rs72684848	R003	4	102618048	unique_+	chr4	101696891
rs35694819	R001	3	50553156	unique_+	chr3	50515725
rs2658529	R003	4	102964445	unique_+	chr4	102043288
rs114615656	R003	4	102739045	unique_+	chr4	101817888
rs76061456	R003	4	103336809	unique_+	chr4	102415652
rs1824362	R001	3	48401949	unique_+	chr3	48360459
rs6930428	R002	6	99210196	unique_+	chr6	98762320
rs72684846	R003	4	102614310	unique_+	chr4	101693153
rs12175271	R002	6	98756333	unique_+	chr6	98308457
rs60305502	R001	3	48316272	unique_+	chr3	48274782
rs9995701	R003	4	102622486	unique_+	chr4	101701329
rs116971497	R002	6	99982502	unique_+	chr6	99534626
rs149306159	R001	3	48475353	unique_+	chr3	48433943
rs76884108	R003	4	103066914	unique_+	chr4	102145757
rs9321011	R002	6	98757739	unique_+	chr6	98309863
rs2631265	R003	4	102945076	unique_+	chr4	102023919
rs57621522	R003	4	102419011	unique_+	chr4	101497854
rs17251707	R003	4	102618110	unique_+	chr4	101696953
rs390878	R003	4	103213242	unique_+	chr4	102292085
rs2362451	R001	3	48399828	unique_+	chr3	48358338
rs113669272	R001	3	50465135	unique_+	chr3	50427704
rs57297442	R003	4	102540651	unique_+	chr4	101619494
rs73495735	R002	6	99675823	unique_+	chr6	99227947
rs115614971	R003	4	103486988	unique_+	chr4	102565831
rs2866427	R003	4	102617300	unique_+	chr4	101696143
rs146016766	R001	3	48838024	unique_+	chr3	48800591
rs117440234	R002	6	100005970	unique_+	chr6	99558094
rs2851329	R003	4	102872845	unique_+	chr4	101951688
rs141930721	R003	4	102376914	unique_+	chr4	101455757
rs78999464	R002	6	98047856	unique_+	chr6	97599980
rs330873	R002	6	100017156	unique_+	chr6	99569280
rs149356990	R003	4	103248332	unique_+	chr4	102327175
rs221583	R002	6	99740769	unique_+	chr6	99292893
rs150616326	R002	6	99429026	unique_+	chr6	98981150
rs72923012	R002	6	98060503	unique_+	chr6	97612627
rs114744033	R001	3	50489143	unique_+	chr3	50451712
rs17850034	R002	6	99930627	unique_+	chr6	99482751
rs62328509	R003	4	103357740	unique_+	chr4	102436583
rs17226148	R003	4	103205668	unique_+	chr4	102284511
rs141449209	R001	3	50188540	unique_+	chr3	50151107
rs12191938	R002	6	99724553	unique_+	chr6	99276677
rs7759598	R002	6	99964685	unique_+	chr6	99516809
rs79112116	R003	4	102427894	unique_+	chr4	101506737
rs17251894	R003	4	102620737	unique_+	chr4	101699580
rs118163977	R002	6	99485915	unique_+	chr6	99038039
rs112940497	R001	3	50103343	unique_+	chr3	50065910
rs112656283	R001	3	49609115	unique_+	chr3	49571682
rs12202050	R002	6	99709488	unique_+	chr6	99261612
rs56244079	R003	4	102618746	unique_+	chr4	101697589
rs8179164	R001	3	49397284	unique_+	chr3	49359851
rs78681048	R003	4	102884152	unique_+	chr4	101962995
rs9491648	R002	6	98931377	unique_+	chr6	98483501
rs2850383	R003	4	102922324	unique_+	chr4	102001167
rs57474881	R002	6	99551802	unique_+	chr6	99103926
rs62327955	R003	4	103233672	unique_+	chr4	102312515
rs78532895	R003	4	102421321	unique_+	chr4	101500164
rs79373659	R003	4	103047632	unique_+	chr4	102126475
rs150175821	R003	4	102954943	unique_+	chr4	102033786
rs141522343	R002	6	97781236	unique_+	chr6	97333360
rs113388694	R003	4	103340746	unique_+	chr4	102419589
rs76563987	R003	4	102734548	unique_+	chr4	101813391
rs72627731	R002	6	97987318	unique_+	chr6	97539442
rs143393448	R002	6	98937051	unique_+	chr6	98489175
rs56005744	R003	4	103692900	unique_+	chr4	102771743
rs146686733	R001	3	49993143	unique_+	chr3	49955710
rs9282597	R001	3	49450842	unique_+	chr3	49413409
rs1459243	R001	3	48406646	unique_+	chr3	48365156
rs139070788	R001	3	48206208	unique_+	chr3	48164718
rs116907374	R002	6	99194747	unique_+	chr6	98746871
rs116045149	R003	4	102398929	unique_+	chr4	101477772
rs78936830	R002	6	99532581	unique_+	chr6	99084705
rs117265153	R002	6	99225004	unique_+	chr6	98777128
rs142560737	R002	6	99945986	unique_+	chr6	99498110
rs77830930	R003	4	103444745	unique_+	chr4	102523588
rs147160161	R003	4	102418816	unique_+	chr4	101497659
rs114758803	R001	3	49705750	unique_+	chr3	49668317
rs185729670	R003	4	103349761	unique_+	chr4	102428604
rs117895054	R001	3	48245489	unique_+	chr3	48203999
rs142917291	R003	4	102536415	unique_+	chr4	101615258
rs61733471	R002	6	99936163	unique_+	chr6	99488287
rs181778521	R001	3	50117576	unique_+	chr3	50080143
rs141540388	R001	3	49259788	unique_+	chr3	49222355
rs144448072	R002	6	98986098	unique_+	chr6	98538222
rs115265538	R003	4	103749597	unique_+	chr4	102828440
rs150091669	R002	6	99525920	unique_+	chr6	99078044
rs190265739	R003	4	103213318	unique_+	chr4	102292161
rs187874790	R001	3	49223323	unique_+	chr3	49185890
rs139522631	R002	6	98873488	unique_+	chr6	98425612
rs183765950	R002	6	99127011	unique_+	chr6	98679135
rs72931434	R003	4	103487311	unique_+	chr4	102566154
rs193051913	R002	6	99936944	unique_+	chr6	99489068
rs141602151	R003	4	102961415	unique_+	chr4	102040258
rs190001832	R003	4	103826279	unique_+	chr4	102905122
rs34373187	R003	4	102425830	unique_+	chr4	101504673
rs189641333	R002	6	98248514	unique_+	chr6	97800638
rs144522581	R001	3	48558356	unique_+	chr3	48520923
rs148588595	R003	4	103837025	unique_+	chr4	102915868
rs72935542	R003	4	103805252	unique_+	chr4	102884095
rs115836169	R003	4	103769961	unique_+	chr4	102848804
rs142621898	R003	4	103876012	unique_+	chr4	102954855
rs115201726	R003	4	103769942	unique_+	chr4	102848785
rs6843807	R003	4	103848182	unique_+	chr4	102927025
rs142327232	R003	4	103849848	unique_+	chr4	102928691
rs151333463	R003	4	103767151	unique_+	chr4	102845994
rs6900971	R002	6	99555443	unique_+	chr6	99107567
rs141858992	R002	6	98031742	unique_+	chr6	97583866
rs144243741	R001	3	49041346	unique_+	chr3	49003913
rs138203239	R003	4	103375592	unique_+	chr4	102454435
rs181309575	R001	3	48275790	unique_+	chr3	48234300
rs151290953	R001	3	49011881	unique_+	chr3	48974448
rs61760190	R001	3	49845252	unique_+	chr3	49807819
rs140081490	R001	3	50204126	unique_+	chr3	50166693
rs75944409	R003	4	103219050	unique_+	chr4	102297893
rs12661017	R002	6	97876292	unique_+	chr6	97428416
rs12193059	R002	6	99740944	unique_+	chr6	99293068
rs4648038	R003	4	103505189	unique_+	chr4	102584032
rs11720026	R001	3	48377921	unique_+	chr3	48336431
rs11928691	R001	3	48286765	unique_+	chr3	48245275
rs149787889	R001	3	50112056	unique_+	chr3	50074623
rs233818	R003	4	103204734	unique_+	chr4	102283577
rs114209783	R001	3	49080496	unique_+	chr3	49043063
rs78377540	R002	6	98293443	unique_+	chr6	97845567
rs9402842	R002	6	99945144	unique_+	chr6	99497268
rs1027012	R003	4	102905052	unique_+	chr4	101983895
rs111243025	R001	3	50454771	unique_+	chr3	50417340
rs112154722	R003	4	102528865	unique_+	chr4	101607708
rs12209486	R002	6	98016388	unique_+	chr6	97568512
rs115899015	R001	3	50293203	unique_+	chr3	50255771
rs4840014	R002	6	99654643	unique_+	chr6	99206767
rs72688517	R003	4	103009512	unique_+	chr4	102088355
rs2132676	R002	6	99715924	unique_+	chr6	99268048
rs9320674	R002	6	98172980	unique_+	chr6	97725104
rs142060097	R002	6	99215552	unique_+	chr6	98767676
rs79559593	R002	6	98302486	unique_+	chr6	97854610
rs143843073	R003	4	102282759	unique_+	chr4	101361602
rs147598230	R003	4	102776127	unique_+	chr4	101854970
rs141845997	R002	6	99629774	unique_+	chr6	99181898
rs73759410	R002	6	99410278	unique_+	chr6	98962402
rs6801801	R001	3	48326433	unique_+	chr3	48284943
rs11153757	R002	6	98137970	unique_+	chr6	97690094
rs76005557	R002	6	98038228	unique_+	chr6	97590352
rs389974	R003	4	103215347	unique_+	chr4	102294190
rs79797253	R002	6	98960828	unique_+	chr6	98512952
rs77810408	R003	4	102484542	unique_+	chr4	101563385
rs171144	R003	4	103024138	unique_+	chr4	102102981
rs6905401	R002	6	99555380	unique_+	chr6	99107504
rs9402458	R002	6	99555994	unique_+	chr6	99108118
rs7675363	R003	4	102998867	unique_+	chr4	102077710
rs4317207	R003	4	102781899	unique_+	chr4	101860742
rs9387620	R002	6	98169324	unique_+	chr6	97721448
rs73759026	R002	6	98961509	unique_+	chr6	98513633
rs77813979	R001	3	49191225	unique_+	chr3	49153792
rs6442111	R001	3	48312060	unique_+	chr3	48270570
rs184267505	R002	6	98888038	unique_+	chr6	98440162
rs4858817	R001	3	48416756	unique_+	chr3	48375266
rs144275801	R001	3	49559370	unique_+	chr3	49521937
rs11097766	R003	4	102917851	unique_+	chr4	101996694
rs236754	R003	4	103052816	unique_+	chr4	102131659
rs7770067	R002	6	99560072	unique_+	chr6	99112196
rs144945959	R003	4	102991085	unique_+	chr4	102069928
rs4312673	R001	3	48401307	unique_+	chr3	48359817
rs4472356	R002	6	99126082	unique_+	chr6	98678206
rs149261446	R001	3	50249746	unique_+	chr3	50212313
rs2388034	R002	6	97726961	unique_+	chr6	97279085
rs7614532	R001	3	48333446	unique_+	chr3	48291956
rs150394	R002	6	98960875	unique_+	chr6	98512999
rs111718761	R003	4	102537441	unique_+	chr4	101616284
rs9819094	R001	3	48319558	unique_+	chr3	48278068
rs230495	R003	4	103487300	unique_+	chr4	102566143
rs228619	R003	4	103569283	unique_+	chr4	102648126
rs223394	R003	4	103745246	unique_+	chr4	102824089
rs116087091	R003	4	103385474	unique_+	chr4	102464317
rs150395	R002	6	98961830	unique_+	chr6	98513954
rs4391266	R002	6	98044632	unique_+	chr6	97596756
rs7744547	R002	6	98140008	unique_+	chr6	97692132
rs9494626	R002	6	99973062	unique_+	chr6	99525186
rs6850770	R003	4	102405707	unique_+	chr4	101484550
rs144345178	R003	4	103445060	unique_+	chr4	102523903
rs146820046	R003	4	103407673	unique_+	chr4	102486516
rs12513249	R003	4	102885147	unique_+	chr4	101963990
rs180732715	R002	6	99391624	unique_+	chr6	98943748
rs186927287	R003	4	102540497	unique_+	chr4	101619340
rs6800132	R001	3	48654469	unique_+	chr3	48617036
rs17059158	R002	6	99551575	unique_+	chr6	99103699
rs77704206	R002	6	99556182	unique_+	chr6	99108306
rs76740449	R002	6	99559067	unique_+	chr6	99111191
rs187306767	R003	4	103241208	unique_+	chr4	102320051
rs150112297	R002	6	99465598	unique_+	chr6	99017722
rs150242774	R002	6	99055737	unique_+	chr6	98607861
rs143059641	R003	4	103310757	unique_+	chr4	102389600
rs192092695	R003	4	103724160	unique_+	chr4	102803003
rs138606887	R001	3	50519993	unique_+	chr3	50482562
rs181350877	R001	3	49367071	unique_+	chr3	49329638
rs149867322	R002	6	99790943	unique_+	chr6	99343067
rs182424940	R003	4	103581356	unique_+	chr4	102660199
rs150664689	R002	6	99675682	unique_+	chr6	99227806
rs145674911	R002	6	99032408	unique_+	chr6	98584532
rs4647973	R003	4	103430587	unique_+	chr4	102509430
rs141853452	R003	4	102308648	unique_+	chr4	101387491
rs4688679	R001	3	50384758	unique_+	chr3	50347327
rs35587949	R001	3	50391636	unique_+	chr3	50354205
rs7645537	R001	3	50283437	unique_+	chr3	50246005
rs2229647	R001	3	50326020	unique_+	chr3	50288589
rs2233476	R001	3	50388383	unique_+	chr3	50350952
rs4688736	R001	3	50322021	unique_+	chr3	50284590
rs4688728	R001	3	50373101	unique_+	chr3	50335670
rs72927529	R001	3	50176115	unique_+	chr3	50138682
rs142694292	R001	3	49647571	unique_+	chr3	49610138
rs76546303	R003	4	102400269	unique_+	chr4	101479112
rs76242397	R003	4	102410041	unique_+	chr4	101488884
rs4432753	R003	4	102394461	unique_+	chr4	101473304
rs138615245	R001	3	50393619	unique_+	chr3	50356188
rs185728836	R001	3	50833150	unique_+	chr3	50795719
rs9862511	R001	3	48262819	unique_+	chr3	48221329
rs13139275	R003	4	102318087	unique_+	chr4	101396930
rs148590573	R002	6	99527599	unique_+	chr6	99079723
rs139029588	R001	3	50921254	unique_+	chr3	50883823
rs139405887	R001	3	49321761	unique_+	chr3	49284328
rs144044584	R001	3	48378048	unique_+	chr3	48336558
rs180826814	R002	6	99525892	unique_+	chr6	99078016
rs192651584	R001	3	49348560	unique_+	chr3	49311127
rs17033363	R003	4	103782963	unique_+	chr4	102861806
rs138202741	R003	4	103830748	unique_+	chr4	102909591
rs9684904	R003	4	103878523	unique_+	chr4	102957366
rs192265781	R003	4	103842152	unique_+	chr4	102920995
rs6847207	R003	4	103803025	unique_+	chr4	102881868
rs9307278	R003	4	103829793	unique_+	chr4	102908636
rs138122365	R003	4	103839033	unique_+	chr4	102917876
rs148628456	R001	3	48187942	unique_+	chr3	48146452
rs115033334	R003	4	103777261	unique_+	chr4	102856104
rs115914123	R003	4	103881576	unique_+	chr4	102960419
rs146402951	R003	4	103849866	unique_+	chr4	102928709
rs79069143	R003	4	103793761	unique_+	chr4	102872604
rs73833816	R003	4	102501811	unique_+	chr4	101580654
rs61167073	R002	6	98390960	unique_+	chr6	97943084
rs78584299	R003	4	102534159	unique_+	chr4	101613002
rs76077981	R001	3	48804311	unique_+	chr3	48766878
rs11715876	R001	3	48377922	unique_+	chr3	48336432
rs71324930	R001	3	49054316	unique_+	chr3	49016883
rs117231607	R002	6	99597743	unique_+	chr6	99149867
rs141875333	R002	6	99357475	unique_+	chr6	98909599
rs182967904	R002	6	99821555	unique_+	chr6	99373679
rs34985198	R003	4	102639084	unique_+	chr4	101717927
rs223444	R003	4	103714679	unique_+	chr4	102793522
rs6925642	R002	6	98760860	unique_+	chr6	98312984
rs2388033	R002	6	97726878	unique_+	chr6	97279002
rs3733198	R003	4	102839362	unique_+	chr4	101918205
rs3937	R001	3	48312402	unique_+	chr3	48270912
rs9837228	R001	3	48324466	unique_+	chr3	48282976
rs4144558	R002	6	99165636	unique_+	chr6	98717760
rs57402852	R003	4	102540099	unique_+	chr4	101618942
rs79489408	R003	4	102816728	unique_+	chr4	101895571
rs151157421	R002	6	99653668	unique_+	chr6	99205792
rs7648720	R001	3	48333342	unique_+	chr3	48291852
rs4699244	R003	4	102541331	unique_+	chr4	101620174
rs6819438	R003	4	102371522	unique_+	chr4	101450365
rs146084531	R002	6	98861797	unique_+	chr6	98413921
rs7751416	R002	6	99632515	unique_+	chr6	99184639
rs113275492	R001	3	50397264	unique_+	chr3	50359833
rs238491	R003	4	103024435	unique_+	chr4	102103278
rs62322696	R003	4	102894289	unique_+	chr4	101973132
rs1459245	R001	3	48396896	unique_+	chr3	48355406
rs75327808	R002	6	98045792	unique_+	chr6	97597916
rs4240565	R002	6	99167522	unique_+	chr6	98719646
rs9387212	R002	6	97726491	unique_+	chr6	97278615
rs11130158	R001	3	48198300	unique_+	chr3	48156810
rs144354371	R003	4	102865134	unique_+	chr4	101943977
rs9373032	R002	6	99559165	unique_+	chr6	99111289
rs150519315	R002	6	100012113	unique_+	chr6	99564237
rs190771444	R002	6	98369705	unique_+	chr6	97921829
rs9491650	R002	6	98931889	unique_+	chr6	98484013
rs58801882	R003	4	103338696	unique_+	chr4	102417539
rs2885510	R001	3	48418226	unique_+	chr3	48376736
rs115105723	R003	4	103389036	unique_+	chr4	102467879
rs78191800	R002	6	98044248	unique_+	chr6	97596372
rs12110525	R002	6	99629252	unique_+	chr6	99181376
rs115817042	R003	4	102540820	unique_+	chr4	101619663
rs898225	R001	3	48413179	unique_+	chr3	48371689
rs871154	R003	4	103016842	unique_+	chr4	102095685
rs149207295	R003	4	102935024	unique_+	chr4	102013867
rs6794644	R001	3	48330037	unique_+	chr3	48288547
rs144078879	R003	4	102937942	unique_+	chr4	102016785
rs6813511	R003	4	103179268	unique_+	chr4	102258111
rs146560531	R003	4	102954497	unique_+	chr4	102033340
rs76251377	R002	6	98069772	unique_+	chr6	97621896
rs7653691	R001	3	48419689	unique_+	chr3	48378199
rs9482756	R002	6	98931110	unique_+	chr6	98483234
rs71323396	R001	3	48374734	unique_+	chr3	48333244
rs145530795	R002	6	98318204	unique_+	chr6	97870328
rs60500975	R003	4	102901822	unique_+	chr4	101980665
rs114081069	R001	3	50395522	unique_+	chr3	50358091
rs72929209	R002	6	99650842	unique_+	chr6	99202966
rs77580977	R002	6	98907653	unique_+	chr6	98459777
rs36092070	R001	3	48306531	unique_+	chr3	48265041
rs2851334	R003	4	102867716	unique_+	chr4	101946559
rs12207550	R002	6	99740492	unique_+	chr6	99292616
rs142427263	R002	6	98793981	unique_+	chr6	98346105
rs17825838	R003	4	103373674	unique_+	chr4	102452517
rs9376021	R002	6	99697957	unique_+	chr6	99250081
rs28424249	R003	4	103865158	unique_+	chr4	102944001
rs9402081	R002	6	99156223	unique_+	chr6	98708347
rs238490	R003	4	103023963	unique_+	chr4	102102806
rs725309	R001	3	48418708	unique_+	chr3	48377218
rs79573955	R002	6	99722504	unique_+	chr6	99274628
rs146090228	R002	6	99393978	unique_+	chr6	98946102
rs76704323	R002	6	99144474	unique_+	chr6	98696598
rs9853804	R001	3	48327729	unique_+	chr3	48286239
rs140188161	R003	4	102880463	unique_+	chr4	101959306
rs146474460	R003	4	103858033	unique_+	chr4	102936876
rs56297456	R003	4	102457147	unique_+	chr4	101535990
rs73495741	R002	6	99678493	unique_+	chr6	99230617
rs34243014	R003	4	102427223	unique_+	chr4	101506066
rs79709648	R002	6	98069763	unique_+	chr6	97621887
rs190139157	R003	4	102462169	unique_+	chr4	101541012
rs112659294	R003	4	102825051	unique_+	chr4	101903894
rs725310	R001	3	48418571	unique_+	chr3	48377081
rs12527009	R002	6	99501989	unique_+	chr6	99054113
rs1472856	R002	6	98756148	unique_+	chr6	98308272
rs183887383	R003	4	102479395	unique_+	chr4	101558238
rs12199248	R002	6	97914240	unique_+	chr6	97466364
rs12511669	R003	4	102208755	unique_+	chr4	101287598
rs186778320	R002	6	99100368	unique_+	chr6	98652492
rs75872365	R002	6	97815086	unique_+	chr6	97367210
rs192001897	R001	3	49477730	unique_+	chr3	49440297
rs145280936	R003	4	102464157	unique_+	chr4	101543000
rs7757155	R002	6	98317658	unique_+	chr6	97869782
rs74514000	R002	6	97986030	unique_+	chr6	97538154
rs188676886	R003	4	102836049	unique_+	chr4	101914892
rs2631266	R003	4	102947157	unique_+	chr4	102026000
rs143889941	R002	6	98453622	unique_+	chr6	98005746
rs144612716	R003	4	102539676	unique_+	chr4	101618519
rs116551728	R001	3	49938955	unique_+	chr3	49901522
rs12497018	R001	3	50301571	unique_+	chr3	50264139
rs75242052	R002	6	99563312	unique_+	chr6	99115436
rs140421477	R001	3	50120331	unique_+	chr3	50082898
rs118171569	R002	6	97838535	unique_+	chr6	97390659
rs62420676	R002	6	98098735	unique_+	chr6	97650859
rs189851337	R002	6	99543955	unique_+	chr6	99096079
rs148107681	R002	6	99988157	unique_+	chr6	99540281
rs7754592	R002	6	99215816	unique_+	chr6	98767940
rs147186561	R003	4	102697773	unique_+	chr4	101776616
rs146626118	R002	6	98274168	unique_+	chr6	97826292
rs184733426	R002	6	99843796	unique_+	chr6	99395920
rs41288955	R002	6	99916549	unique_+	chr6	99468673
rs6442116	R001	3	48415903	unique_+	chr3	48374413
rs182399209	R002	6	98009967	unique_+	chr6	97562091
rs185558796	R002	6	98351724	unique_+	chr6	97903848
rs187839547	R003	4	103373288	unique_+	chr4	102452131
rs148979971	R002	6	99402211	unique_+	chr6	98954335
rs112964649	R002	6	98202562	unique_+	chr6	97754686
rs181262991	R003	4	102825541	unique_+	chr4	101904384
rs185523284	R002	6	98527250	unique_+	chr6	98079374
rs139809548	R001	3	50655276	unique_+	chr3	50617845
rs7680165	R003	4	102504852	unique_+	chr4	101583695
rs145396226	R003	4	103822587	unique_+	chr4	102901430
rs7670696	R003	4	103800741	unique_+	chr4	102879584
rs17009211	R003	4	103808267	unique_+	chr4	102887110
rs72935545	R003	4	103805624	unique_+	chr4	102884467
rs139970500	R003	4	103822583	unique_+	chr4	102901426
rs7682231	R003	4	103812684	unique_+	chr4	102891527
rs114632473	R003	4	103834403	unique_+	chr4	102913246
rs112498106	R003	4	103808381	unique_+	chr4	102887224
rs72935536	R003	4	103802693	unique_+	chr4	102881536
rs115292237	R003	4	103809394	unique_+	chr4	102888237
rs6853449	R003	4	103844550	unique_+	chr4	102923393
rs149660973	R003	4	103841279	unique_+	chr4	102920122
rs116389422	R003	4	103841101	unique_+	chr4	102919944
rs7660301	R003	4	103812673	unique_+	chr4	102891516
rs7695638	R003	4	103807713	unique_+	chr4	102886556
rs144036390	R003	4	103834933	unique_+	chr4	102913776
rs149698646	R002	6	98155433	unique_+	chr6	97707557
rs151120869	R003	4	103567661	unique_+	chr4	102646504
rs140788306	R002	6	99428020	unique_+	chr6	98980144
rs139486669	R001	3	48476067	unique_+	chr3	48434657
rs140712690	R003	4	103136992	unique_+	chr4	102215835
rs187364880	R002	6	98003485	unique_+	chr6	97555609
rs144406368	R002	6	98578321	unique_+	chr6	98130445
rs142619120	R003	4	102407217	unique_+	chr4	101486060
rs7772818	R002	6	99213037	unique_+	chr6	98765161
rs73837211	R003	4	103344446	unique_+	chr4	102423289
rs7636782	R001	3	48421387	unique_+	chr3	48379897
rs147052086	R001	3	48412551	unique_+	chr3	48371061
rs150799034	R002	6	99648829	unique_+	chr6	99200953
rs238487	R003	4	103021348	unique_+	chr4	102100191
rs17080119	R001	3	48396428	unique_+	chr3	48354938
rs7747810	R002	6	99210476	unique_+	chr6	98762600
rs9833309	R001	3	48327450	unique_+	chr3	48285960
rs9372393	R002	6	97722634	unique_+	chr6	97274758
rs9387232	R002	6	97751531	unique_+	chr6	97303655
rs116361059	R003	4	102207473	unique_+	chr4	101286316
rs114918429	R001	3	49386539	unique_+	chr3	49349106
rs9491649	R002	6	98931629	unique_+	chr6	98483753
rs56303759	R002	6	98936848	unique_+	chr6	98488972
rs76155770	R002	6	98064300	unique_+	chr6	97616424
rs112571231	R003	4	102247093	unique_+	chr4	101325936
rs9375946	R002	6	99596909	unique_+	chr6	99149033
rs73758636	R002	6	98092313	unique_+	chr6	97644437
rs184794399	R001	3	48948510	unique_+	chr3	48911077
rs76674725	R002	6	99045478	unique_+	chr6	98597602
rs6846071	R003	4	102402215	unique_+	chr4	101481058
rs76378656	R002	6	98095163	unique_+	chr6	97647287
rs6791930	R001	3	48329900	unique_+	chr3	48288410
rs7740887	R002	6	97724718	unique_+	chr6	97276842
rs238492	R003	4	103027883	unique_+	chr4	102106726
rs2125482	R001	3	48323133	unique_+	chr3	48281643
rs9375945	R002	6	99596629	unique_+	chr6	99148753
rs7764725	R002	6	97724743	unique_+	chr6	97276867
rs6775179	R001	3	48313418	unique_+	chr3	48271928
rs140097366	R001	3	50638747	unique_+	chr3	50601316
rs9400736	R002	6	97746320	unique_+	chr6	97298444
rs6932824	R002	6	99168222	unique_+	chr6	98720346
rs9376010	R002	6	99686098	unique_+	chr6	99238222
rs75035308	R003	4	102959900	unique_+	chr4	102038743
rs4688718	R001	3	50522063	unique_+	chr3	50484632
rs78563637	R002	6	99498911	unique_+	chr6	99051035
rs10447432	R002	6	97896455	unique_+	chr6	97448579
rs79648136	R002	6	99529062	unique_+	chr6	99081186
rs9834095	R001	3	48327751	unique_+	chr3	48286261
rs230538	R003	4	103494230	unique_+	chr4	102573073
rs79479005	R002	6	98724332	unique_+	chr6	98276456
rs117607061	R002	6	98236699	unique_+	chr6	97788823
rs73758634	R002	6	98089549	unique_+	chr6	97641673
rs34462841	R001	3	49807687	unique_+	chr3	49770254
rs17059294	R002	6	99683940	unique_+	chr6	99236064
rs73837203	R003	4	103327375	unique_+	chr4	102406218
rs9384902	R002	6	97722688	unique_+	chr6	97274812
rs61244337	R003	4	102633534	unique_+	chr4	101712377
rs2717832	R003	4	102521167	unique_+	chr4	101600010
rs236766	R003	4	103073291	unique_+	chr4	102152134
rs936426	R001	3	48215253	unique_+	chr3	48173763
rs228627	R003	4	103573082	unique_+	chr4	102651925
rs77534950	R001	3	48737368	unique_+	chr3	48699935
rs76579458	R002	6	99084947	unique_+	chr6	98637071
rs6779262	R001	3	48416186	unique_+	chr3	48374696
rs227275	R003	4	103593898	unique_+	chr4	102672741
rs79733904	R002	6	97833194	unique_+	chr6	97385318
rs72917042	R003	4	102669058	unique_+	chr4	101747901
rs113199997	R002	6	99529065	unique_+	chr6	99081189
rs35944878	R001	3	48323364	unique_+	chr3	48281874
rs1961527	R001	3	48764954	unique_+	chr3	48727521
rs4131362	R001	3	48329036	unique_+	chr3	48287546
rs117469110	R002	6	98062468	unique_+	chr6	97614592
rs72917825	R002	6	99641977	unique_+	chr6	99194101
rs149531758	R002	6	99799885	unique_+	chr6	99352009
rs9321372	R002	6	99553945	unique_+	chr6	99106069
rs149006708	R003	4	102578101	unique_+	chr4	101656944
rs6910466	R002	6	99643679	unique_+	chr6	99195803
rs144394910	R001	3	48754583	unique_+	chr3	48717150
rs116901319	R002	6	99989916	unique_+	chr6	99542040
rs117199787	R002	6	99665818	unique_+	chr6	99217942
rs186942687	R002	6	98973356	unique_+	chr6	98525480
rs77934970	R002	6	99755888	unique_+	chr6	99308012
rs77057696	R003	4	102426543	unique_+	chr4	101505386
rs34812097	R001	3	49033439	unique_+	chr3	48996006
rs140035724	R002	6	98708992	unique_+	chr6	98261116
rs6442117	R001	3	48419897	unique_+	chr3	48378407
rs142391740	R002	6	99367090	unique_+	chr6	98919214
rs58854038	R001	3	50584059	unique_+	chr3	50546628
rs150168910	R003	4	102543851	unique_+	chr4	101622694
rs180839107	R002	6	99635978	unique_+	chr6	99188102
rs192250459	R001	3	49142290	unique_+	chr3	49104857
rs141352122	R001	3	49901650	unique_+	chr3	49864217
rs116458705	R003	4	102322245	unique_+	chr4	101401088
rs79856669	R001	3	50351432	unique_+	chr3	50314001
rs10020497	R003	4	103202665	unique_+	chr4	102281508
rs146692941	R003	4	103473311	unique_+	chr4	102552154
rs147495271	R002	6	98227317	unique_+	chr6	97779441
rs72686794	R003	4	102963817	unique_+	chr4	102042660
rs115044539	R003	4	103877190	unique_+	chr4	102956033
rs140295659	R003	4	103789604	unique_+	chr4	102868447
rs182367887	R003	4	103847360	unique_+	chr4	102926203
rs141865431	R003	4	103810341	unique_+	chr4	102889184
rs149977257	R003	4	103787719	unique_+	chr4	102866562
rs114517476	R003	4	103756706	unique_+	chr4	102835549
rs78707771	R002	6	99557184	unique_+	chr6	99109308
rs184737665	R003	4	103857321	unique_+	chr4	102936164
rs6824713	R003	4	103694824	unique_+	chr4	102773667
rs4648102	R003	4	103531433	unique_+	chr4	102610276
rs4648122	R003	4	103535259	unique_+	chr4	102614102
rs1386173	R003	4	102896337	unique_+	chr4	101975180
rs76013858	R002	6	99969489	unique_+	chr6	99521613
rs138870663	R001	3	49202172	unique_+	chr3	49164739
rs61729239	R001	3	48677118	unique_+	chr3	48639685
rs4648031	R003	4	103501888	unique_+	chr4	102580731
rs138117849	R002	6	99268516	unique_+	chr6	98820640
rs151146191	R001	3	48856002	unique_+	chr3	48818569
rs74520734	R003	4	102343367	unique_+	chr4	101422210
rs77950594	R003	4	103791475	unique_+	chr4	102870318
rs75083634	R003	4	103789004	unique_+	chr4	102867847
rs17033368	R003	4	103797004	unique_+	chr4	102875847
rs114721290	R003	4	103821870	unique_+	chr4	102900713
rs7690652	R003	4	103794727	unique_+	chr4	102873570
rs115559341	R003	4	103798128	unique_+	chr4	102876971
rs111876040	R003	4	103786512	unique_+	chr4	102865355
rs143584610	R003	4	103784293	unique_+	chr4	102863136
rs77203717	R003	4	103795498	unique_+	chr4	102874341
rs79799774	R003	4	103790595	unique_+	chr4	102869438
rs72933541	R003	4	103792368	unique_+	chr4	102871211
rs72935548	R003	4	103807676	unique_+	chr4	102886519
rs113071172	R003	4	103787725	unique_+	chr4	102866568
rs72933551	R003	4	103795886	unique_+	chr4	102874729
rs112978199	R003	4	103797862	unique_+	chr4	102876705
rs72933544	R003	4	103792430	unique_+	chr4	102871273
rs115071252	R003	4	103789144	unique_+	chr4	102867987
rs7668564	R003	4	103796491	unique_+	chr4	102875334
rs7690706	R003	4	103796749	unique_+	chr4	102875592
rs17033367	R003	4	103796127	unique_+	chr4	102874970
rs115686881	R003	4	103801734	unique_+	chr4	102880577
rs72931902	R003	4	103764886	unique_+	chr4	102843729
rs145938905	R003	4	103821701	unique_+	chr4	102900544
rs57948648	R003	4	103795227	unique_+	chr4	102874070
rs113315757	R003	4	103797734	unique_+	chr4	102876577
rs7698383	R003	4	103792278	unique_+	chr4	102871121
rs9388756	R002	6	99269120	unique_+	chr6	98821244
rs147870906	R001	3	49782151	unique_+	chr3	49744718
rs144812112	R003	4	102430787	unique_+	chr4	101509630
rs185605256	R001	3	48510439	unique_+	chr3	48469040
rs182339568	R002	6	99793727	unique_+	chr6	99345851
rs148677221	R002	6	99658313	unique_+	chr6	99210437
rs79130485	R002	6	98344187	unique_+	chr6	97896311
rs149200795	R002	6	98083365	unique_+	chr6	97635489
rs138866616	R003	4	102262438	unique_+	chr4	101341281
rs4131361	R001	3	48328812	unique_+	chr3	48287322
rs173217	R003	4	103047069	unique_+	chr4	102125912
rs6920199	R002	6	99643240	unique_+	chr6	99195364
rs13094658	R001	3	48170778	unique_+	chr3	48129288
rs73836455	R003	4	102467559	unique_+	chr4	101546402
rs9831531	R001	3	48214438	unique_+	chr3	48172948
rs6940828	R002	6	98760918	unique_+	chr6	98313042
rs233824	R003	4	103203915	unique_+	chr4	102282758
rs1459244	R001	3	48397356	unique_+	chr3	48355866
rs9815103	R001	3	48414215	unique_+	chr3	48372725
rs17031974	R003	4	102975423	unique_+	chr4	102054266
rs77668217	R002	6	98042041	unique_+	chr6	97594165
rs28771687	R003	4	103691796	unique_+	chr4	102770639
rs11918571	R001	3	50512804	unique_+	chr3	50475373
rs72925093	R002	6	98170251	unique_+	chr6	97722375
rs865704	R002	6	100029819	unique_+	chr6	99581943
rs117673232	R002	6	98926295	unique_+	chr6	98478419
rs77719586	R001	3	48469628	unique_+	chr3	48428219
rs74604701	R002	6	98062726	unique_+	chr6	97614850
rs7756357	R002	6	99650123	unique_+	chr6	99202247
rs141009219	R002	6	99653620	unique_+	chr6	99205744
rs79394172	R002	6	98039881	unique_+	chr6	97592005
rs11710257	R001	3	48373214	unique_+	chr3	48331724
rs17031724	R003	4	102782747	unique_+	chr4	101861590
rs147714715	R003	4	103573922	unique_+	chr4	102652765
rs144092322	R001	3	49162733	unique_+	chr3	49125300
rs9374458	R002	6	97716008	unique_+	chr6	97268132
rs72917822	R002	6	99640957	unique_+	chr6	99193081
rs4144557	R002	6	99165765	unique_+	chr6	98717889
rs230496	R003	4	103488491	unique_+	chr4	102567334
rs7630741	R001	3	48419723	unique_+	chr3	48378233
rs4839727	R002	6	99209846	unique_+	chr6	98761970
rs73495743	R002	6	99678878	unique_+	chr6	99231002
rs75136400	R003	4	103068376	unique_+	chr4	102147219
rs230494	R003	4	103486969	unique_+	chr4	102565812
rs12173832	R002	6	99498599	unique_+	chr6	99050723
rs114484585	R003	4	102933258	unique_+	chr4	102012101
rs1380260	R001	3	48397539	unique_+	chr3	48356049
rs62432263	R002	6	99833530	unique_+	chr6	99385654
rs117314357	R002	6	99930060	unique_+	chr6	99482184
rs137989594	R001	3	50903878	unique_+	chr3	50866447
rs9489141	R002	6	98017630	unique_+	chr6	97569754
rs4327488	R003	4	102659213	unique_+	chr4	101738056
rs2631246	R003	4	102879321	unique_+	chr4	101958164
rs183293381	R002	6	98436193	unique_+	chr6	97988317
rs2361685	R001	3	48239202	unique_+	chr3	48197712
rs112023802	R002	6	98953728	unique_+	chr6	98505852
rs6930393	R002	6	98118642	unique_+	chr6	97670766
rs7738617	R002	6	99960447	unique_+	chr6	99512571
rs7775372	R002	6	99960224	unique_+	chr6	99512348
rs16996744	R003	4	102504843	unique_+	chr4	101583686
rs75324542	R002	6	98050427	unique_+	chr6	97602551
rs2631260	R003	4	102942198	unique_+	chr4	102021041
rs6800492	R001	3	48323890	unique_+	chr3	48282400
rs73758632	R002	6	98083070	unique_+	chr6	97635194
rs146363120	R002	6	98425726	unique_+	chr6	97977850
rs9489104	R002	6	97996361	unique_+	chr6	97548485
rs151500	R003	4	103066533	unique_+	chr4	102145376
rs1459246	R001	3	48394419	unique_+	chr3	48352929
rs146966763	R001	3	48994198	unique_+	chr3	48956765
rs190243929	R003	4	103540325	unique_+	chr4	102619168
rs4456957	R003	4	103395103	unique_+	chr4	102473946
rs9481699	R002	6	98008238	unique_+	chr6	97560362
rs28759711	R001	3	48245687	unique_+	chr3	48204197
rs9809695	R001	3	48406144	unique_+	chr3	48364654
rs7741025	R002	6	97725509	unique_+	chr6	97277633
rs55850377	R003	4	102881085	unique_+	chr4	101959928
rs146940765	R002	6	97792571	unique_+	chr6	97344695
rs181334499	R002	6	98518594	unique_+	chr6	98070718
rs145557054	R001	3	48567318	unique_+	chr3	48529885
rs185472873	R002	6	99673997	unique_+	chr6	99226121
rs147402738	R003	4	102288029	unique_+	chr4	101366872
rs184961613	R002	6	98513961	unique_+	chr6	98066085
rs150071172	R003	4	103364428	unique_+	chr4	102443271
rs142970114	R003	4	103363152	unique_+	chr4	102441995
rs140028616	R002	6	97983174	unique_+	chr6	97535298
rs138717513	R001	3	50639918	unique_+	chr3	50602487
rs184886602	R002	6	99580423	unique_+	chr6	99132547
rs191907510	R002	6	99811372	unique_+	chr6	99363496
rs71615479	R001	3	48866705	unique_+	chr3	48829272
rs117414548	R002	6	99133329	unique_+	chr6	98685453
rs182380593	R003	4	102801491	unique_+	chr4	101880334
rs76611891	R003	4	103807360	unique_+	chr4	102886203
rs113642785	R003	4	103799475	unique_+	chr4	102878318
rs72935540	R003	4	103803828	unique_+	chr4	102882671
rs115519951	R003	4	103801822	unique_+	chr4	102880665
rs72935555	R003	4	103812996	unique_+	chr4	102891839
rs145467224	R003	4	103698945	unique_+	chr4	102777788
rs143477124	R003	4	103709078	unique_+	chr4	102787921
rs115871980	R003	4	103726532	unique_+	chr4	102805375
rs140661508	R001	3	48801841	unique_+	chr3	48764408
rs114326467	R003	4	103702559	unique_+	chr4	102781402
rs78633181	R003	4	103706512	unique_+	chr4	102785355
rs184826545	R002	6	99969527	unique_+	chr6	99521651
rs114605703	R001	3	49440102	unique_+	chr3	49402669
rs147660345	R001	3	48887568	unique_+	chr3	48850135
rs141045366	R001	3	48712174	unique_+	chr3	48674741
rs184772889	R002	6	98879269	unique_+	chr6	98431393
rs79857172	R003	4	102495516	unique_+	chr4	101574359
rs188954673	R001	3	50833988	unique_+	chr3	50796557
rs147199877	R001	3	49230743	unique_+	chr3	49193310
rs184427090	R002	6	98397743	unique_+	chr6	97949867
rs75908923	R001	3	49647543	unique_+	chr3	49610110
rs188218700	R001	3	49416432	unique_+	chr3	49378999
rs13069029	R001	3	48355024	unique_+	chr3	48313534
rs144770595	R002	6	99138412	unique_+	chr6	98690536
rs146301081	R002	6	98022397	unique_+	chr6	97574521
rs6841711	R003	4	102211192	unique_+	chr4	101290035
rs192714954	R002	6	97828984	unique_+	chr6	97381108
rs28739431	R001	3	50857387	unique_+	chr3	50819956
rs189069098	R001	3	49036492	unique_+	chr3	48999059
rs150978283	R001	3	50447207	unique_+	chr3	50409776
rs192024797	R002	6	98177332	unique_+	chr6	97729456
rs6842043	R003	4	102508776	unique_+	chr4	101587619
rs140601461	R002	6	99642306	unique_+	chr6	99194430
rs117173965	R002	6	99274337	unique_+	chr6	98826461
rs151206132	R003	4	103289999	unique_+	chr4	102368842
rs13060891	R001	3	49629555	unique_+	chr3	49592122
rs192508045	R002	6	99977984	unique_+	chr6	99530108
rs149521087	R003	4	103216943	unique_+	chr4	102295786
rs137871554	R001	3	48557151	unique_+	chr3	48519718
rs75405967	R003	4	102542717	unique_+	chr4	101621560
rs192314494	R001	3	49023024	unique_+	chr3	48985591
rs76795937	R002	6	98921553	unique_+	chr6	98473677
rs149446553	R001	3	48744059	unique_+	chr3	48706626
rs183846743	R003	4	103158919	unique_+	chr4	102237762
rs72688557	R003	4	103059755	unique_+	chr4	102138598
rs228613	R003	4	103577465	unique_+	chr4	102656308
rs75524502	R002	6	99540850	unique_+	chr6	99092974
rs12198729	R002	6	99752894	unique_+	chr6	99305018
rs9376180	R002	6	99902472	unique_+	chr6	99454596
rs12111179	R002	6	99629812	unique_+	chr6	99181936
rs7659763	R003	4	102654896	unique_+	chr4	101733739
rs138072374	R003	4	102917419	unique_+	chr4	101996262
rs78288143	R003	4	103267785	unique_+	chr4	102346628
rs184552213	R002	6	98501958	unique_+	chr6	98054082
rs117070653	R002	6	99136924	unique_+	chr6	98689048
rs116185530	R001	3	49072630	unique_+	chr3	49035197
rs9850672	R001	3	48301172	unique_+	chr3	48259682
rs189869630	R001	3	48975863	unique_+	chr3	48938430
rs9387210	R002	6	97725508	unique_+	chr6	97277632
rs2171394	R002	6	98595469	unique_+	chr6	98147593
rs151160597	R001	3	49957559	unique_+	chr3	49920126
rs71564236	R002	6	98930533	unique_+	chr6	98482657
rs9320598	R002	6	98019080	unique_+	chr6	97571204
rs34537842	R001	3	48396343	unique_+	chr3	48354853
rs17252142	R003	4	102634710	unique_+	chr4	101713553
rs9385044	R002	6	98118996	unique_+	chr6	97671120
rs9818937	R001	3	48325281	unique_+	chr3	48283791
rs1386176	R003	4	102915023	unique_+	chr4	101993866
rs11710861	R001	3	48297560	unique_+	chr3	48256070
rs79297249	R003	4	102418662	unique_+	chr4	101497505
rs75465469	R002	6	98039872	unique_+	chr6	97591996
rs72936661	R002	6	97728489	unique_+	chr6	97280613
rs142117843	R003	4	103052832	unique_+	chr4	102131675
rs2851336	R003	4	102857563	unique_+	chr4	101936406
rs228616	R003	4	103579691	unique_+	chr4	102658534
rs10856960	R003	4	102463189	unique_+	chr4	101542032
rs1339970	R002	6	97954709	unique_+	chr6	97506833
rs10024690	R003	4	102476968	unique_+	chr4	101555811
rs8926	R001	3	49052785	unique_+	chr3	49015352
rs13220293	R002	6	99043668	unique_+	chr6	98595792
rs62329493	R003	4	103288564	unique_+	chr4	102367407
rs12509248	R003	4	102885084	unique_+	chr4	101963927
rs111849300	R002	6	98056294	unique_+	chr6	97608418
rs71323397	R001	3	48374874	unique_+	chr3	48333384
rs238486	R003	4	103020804	unique_+	chr4	102099647
rs62422319	R002	6	99144920	unique_+	chr6	98697044
rs74605414	R002	6	99037559	unique_+	chr6	98589683
rs74419367	R002	6	98698203	unique_+	chr6	98250327
rs976654	R003	4	102898570	unique_+	chr4	101977413
rs4540271	R002	6	99161503	unique_+	chr6	98713627
rs426442	R003	4	103205295	unique_+	chr4	102284138
rs113901828	R002	6	99334206	unique_+	chr6	98886330
rs141021973	R001	3	49474915	unique_+	chr3	49437482
rs72917820	R002	6	99639679	unique_+	chr6	99191803
rs72926207	R002	6	99620551	unique_+	chr6	99172675
rs7756805	R002	6	97991743	unique_+	chr6	97543867
rs17031303	R003	4	102395047	unique_+	chr4	101473890
rs147066242	R002	6	99272518	unique_+	chr6	98824642
rs148513369	R003	4	103712066	unique_+	chr4	102790909
rs1486572	R003	4	102911643	unique_+	chr4	101990486
rs112073313	R001	3	48373689	unique_+	chr3	48332199
rs1352174	R003	4	102894999	unique_+	chr4	101973842
rs72945236	R002	6	99613578	unique_+	chr6	99165702
rs144812644	R003	4	103657364	unique_+	chr4	102736207
rs140191313	R001	3	50260314	unique_+	chr3	50222882
rs34513961	R001	3	48173653	unique_+	chr3	48132163
rs118031737	R002	6	97802089	unique_+	chr6	97354213
rs9492250	R002	6	99188402	unique_+	chr6	98740526
rs4648046	R003	4	103509030	unique_+	chr4	102587873
rs75463693	R002	6	98272770	unique_+	chr6	97824894
rs114870878	R001	3	49421026	unique_+	chr3	49383593
rs116881371	R002	6	98076731	unique_+	chr6	97628855
rs74644397	R002	6	98058269	unique_+	chr6	97610393
rs6804986	R001	3	48363595	unique_+	chr3	48322105
rs185649910	R003	4	103847436	unique_+	chr4	102926279
rs35190747	R001	3	48343290	unique_+	chr3	48301800
rs139834303	R002	6	98038276	unique_+	chr6	97590400
rs76502314	R002	6	98950842	unique_+	chr6	98502966
rs1870441	R001	3	48398459	unique_+	chr3	48356969
rs7624450	R001	3	48350375	unique_+	chr3	48308885
rs4133067	R002	6	99166285	unique_+	chr6	98718409
rs77957078	R001	3	48331286	unique_+	chr3	48289796
rs2631244	R003	4	102888729	unique_+	chr4	101967572
rs4632568	R001	3	48367819	unique_+	chr3	48326329
rs78829949	R003	4	102937817	unique_+	chr4	102016660
rs6941632	R002	6	99195426	unique_+	chr6	98747550
rs78894076	R003	4	102947375	unique_+	chr4	102026218
rs9862131	R001	3	48202440	unique_+	chr3	48160950
rs4619808	R001	3	48367835	unique_+	chr3	48326345
rs34523942	R001	3	48342669	unique_+	chr3	48301179
rs922075	R001	3	48489398	unique_+	chr3	48447994
rs6922979	R002	6	99627975	unique_+	chr6	99180099
rs6906373	R002	6	98009285	unique_+	chr6	97561409
rs4618532	R002	6	97746897	unique_+	chr6	97299021
rs113771497	R003	4	102341336	unique_+	chr4	101420179
rs151195896	R001	3	50010844	unique_+	chr3	49973411
rs41305892	R001	3	50413252	unique_+	chr3	50375821
rs60611136	R002	6	99759486	unique_+	chr6	99311610
rs141045506	R002	6	99104192	unique_+	chr6	98656316
rs112335917	R002	6	99171321	unique_+	chr6	98723445
rs145032984	R002	6	98513336	unique_+	chr6	98065460
rs192270124	R003	4	103181815	unique_+	chr4	102260658
rs113570213	R002	6	99075163	unique_+	chr6	98627287
rs116683486	R003	4	103756273	unique_+	chr4	102835116
rs149287886	R001	3	48350536	unique_+	chr3	48309046
rs186808014	R002	6	97777258	unique_+	chr6	97329382
rs149336316	R001	3	48995172	unique_+	chr3	48957739
rs117749734	R002	6	98194686	unique_+	chr6	97746810
rs147108593	R002	6	98894113	unique_+	chr6	98446237
rs6819283	R003	4	103798976	unique_+	chr4	102877819
rs112003158	R003	4	103798456	unique_+	chr4	102877299
rs79551612	R002	6	99973759	unique_+	chr6	99525883
rs57383933	R003	4	103432598	unique_+	chr4	102511441
rs17032985	R003	4	103543849	unique_+	chr4	102622692
rs147359267	R001	3	48238580	unique_+	chr3	48197090
rs142111597	R001	3	50818463	unique_+	chr3	50781032
rs144765752	R001	3	49170064	unique_+	chr3	49132631
rs139431460	R003	4	103489325	unique_+	chr4	102568168
rs180789638	R001	3	50094713	unique_+	chr3	50057280
rs118074733	R002	6	99696807	unique_+	chr6	99248931
rs57486310	R003	4	102475896	unique_+	chr4	101554739
rs13434535	R003	4	103201422	unique_+	chr4	102280265
rs73836860	R003	4	103679459	unique_+	chr4	102758302
rs34746110	R001	3	48592012	unique_+	chr3	48554579
rs12494707	R001	3	50529986	unique_+	chr3	50492555
rs183932276	R003	4	102955304	unique_+	chr4	102034147
rs186772991	R002	6	98177291	unique_+	chr6	97729415
rs185545798	R002	6	99933654	unique_+	chr6	99485778
rs146209166	R002	6	98880851	unique_+	chr6	98432975
rs12202997	R002	6	99398988	unique_+	chr6	98951112
rs75656785	R002	6	99607363	unique_+	chr6	99159487
rs74892977	R001	3	48406548	unique_+	chr3	48365058
rs144609892	R002	6	98344110	unique_+	chr6	97896234
rs189248671	R002	6	98108747	unique_+	chr6	97660871
rs73086952	R001	3	50619923	unique_+	chr3	50582492
rs34749846	R001	3	48347168	unique_+	chr3	48305678
rs4392440	R001	3	48343920	unique_+	chr3	48302430
rs13066758	R001	3	48343877	unique_+	chr3	48302387
rs2850375	R003	4	102893970	unique_+	chr4	101972813
rs7615170	R001	3	48576483	unique_+	chr3	48539050
rs1352175	R003	4	102954533	unique_+	chr4	102033376
rs6848241	R003	4	102399203	unique_+	chr4	101478046
rs34946886	R001	3	48338487	unique_+	chr3	48296997
rs4479622	R001	3	48338173	unique_+	chr3	48296683
rs34857497	R001	3	48396351	unique_+	chr3	48354861
rs10856961	R003	4	102463359	unique_+	chr4	101542202
rs7750336	R002	6	99215738	unique_+	chr6	98767862
rs4371849	R002	6	99162432	unique_+	chr6	98714556
rs6793239	R001	3	48351618	unique_+	chr3	48310128
rs2851333	R003	4	102868793	unique_+	chr4	101947636
rs7635522	R001	3	48423656	unique_+	chr3	48382166
rs2262811	R001	3	50814442	unique_+	chr3	50777011
rs9311421	R001	3	48293078	unique_+	chr3	48251588
rs11558051	R003	4	103718318	unique_+	chr4	102797161
rs58692702	R002	6	99637703	unique_+	chr6	99189827
rs4511916	R001	3	48350366	unique_+	chr3	48308876
rs987773	R002	6	99601886	unique_+	chr6	99154010
rs2850377	R003	4	102912159	unique_+	chr4	101991002
rs111844308	R001	3	50108685	unique_+	chr3	50071252
rs7776218	R002	6	99159601	unique_+	chr6	98711725
rs9372496	R002	6	98099349	unique_+	chr6	97651473
rs13220573	R002	6	99107641	unique_+	chr6	98659765
rs7769941	R002	6	99569709	unique_+	chr6	99121833
rs138650894	R001	3	50437305	unique_+	chr3	50399874
rs11968598	R002	6	99623662	unique_+	chr6	99175786
rs117719322	R002	6	99197880	unique_+	chr6	98750004
rs34076262	R001	3	48370416	unique_+	chr3	48328926
rs141099943	R002	6	98087536	unique_+	chr6	97639660
rs74547517	R002	6	99866663	unique_+	chr6	99418787
rs13082859	R001	3	48344675	unique_+	chr3	48303185
rs73837204	R003	4	103328691	unique_+	chr4	102407534
rs144406288	R001	3	50087947	unique_+	chr3	50050514
rs17831176	R002	6	99148636	unique_+	chr6	98700760
rs35010013	R001	3	48294816	unique_+	chr3	48253326
rs228618	R003	4	103567348	unique_+	chr4	102646191
rs3197223	R001	3	48335857	unique_+	chr3	48294367
rs182837739	R001	3	48160528	unique_+	chr3	48119038
rs72929235	R002	6	99665727	unique_+	chr6	99217851
rs9847953	R001	3	48282695	unique_+	chr3	48241205
rs73496191	R002	6	98256889	unique_+	chr6	97809013
rs77983325	R001	3	50493004	unique_+	chr3	50455573
rs78830479	R002	6	99534280	unique_+	chr6	99086404
rs200819	R002	6	97857419	unique_+	chr6	97409543
rs74617496	R001	3	48768680	unique_+	chr3	48731247
rs114430346	R003	4	102760648	unique_+	chr4	101839491
rs7775207	R002	6	99960108	unique_+	chr6	99512232
rs79670472	R003	4	102413395	unique_+	chr4	101492238
rs9374552	R002	6	97840255	unique_+	chr6	97392379
rs149282110	R002	6	98477430	unique_+	chr6	98029554
rs11706221	R001	3	48373262	unique_+	chr3	48331772
rs11707997	R001	3	48377875	unique_+	chr3	48336385
rs76641075	R002	6	98098722	unique_+	chr6	97650846
rs56744910	R002	6	99622959	unique_+	chr6	99175083
rs114779882	R001	3	50260211	unique_+	chr3	50222779
rs148321995	R001	3	48110414	unique_+	chr3	48068924
rs4420898	R001	3	48364677	unique_+	chr3	48323187
rs11130164	R001	3	48369034	unique_+	chr3	48327544
rs7636461	R001	3	48270955	unique_+	chr3	48229465
rs75690445	R003	4	102784561	unique_+	chr4	101863404
rs36121690	R001	3	48345511	unique_+	chr3	48304021
rs1395304	R003	4	103008110	unique_+	chr4	102086953
rs17032121	R003	4	103078617	unique_+	chr4	102157460
rs2085549	R003	4	103396923	unique_+	chr4	102475766
rs745116	R001	3	48272536	unique_+	chr3	48231046
rs62422085	R002	6	97910628	unique_+	chr6	97462752
rs72945246	R002	6	99619588	unique_+	chr6	99171712
rs9385286	R002	6	98594481	unique_+	chr6	98146605
rs187960915	R002	6	98877398	unique_+	chr6	98429522
rs76958978	R002	6	99600688	unique_+	chr6	99152812
rs2572123	R002	6	99471833	unique_+	chr6	99023957
rs141978356	R003	4	103224214	unique_+	chr4	102303057
rs186873025	R001	3	48260875	unique_+	chr3	48219385
rs13203727	R002	6	99767071	unique_+	chr6	99319195
rs2631259	R003	4	102940768	unique_+	chr4	102019611
rs35778847	R001	3	48346985	unique_+	chr3	48305495
rs2747742	R002	6	99470427	unique_+	chr6	99022551
rs117929808	R001	3	48736979	unique_+	chr3	48699546
rs149932120	R002	6	98535637	unique_+	chr6	98087761
rs79686924	R001	3	50412379	unique_+	chr3	50374948
rs139835539	R002	6	99056315	unique_+	chr6	98608439
rs62327956	R003	4	103234413	unique_+	chr4	102313256
rs6532923	R003	4	102211817	unique_+	chr4	101290660
rs137956215	R002	6	99129567	unique_+	chr6	98681691
rs75431585	R003	4	103125002	unique_+	chr4	102203845
rs138121345	R002	6	99692918	unique_+	chr6	99245042
rs115312334	R002	6	99011443	unique_+	chr6	98563567
rs74693356	R003	4	103166298	unique_+	chr4	102245141
rs192992381	R002	6	99943392	unique_+	chr6	99495516
rs148363689	R003	4	102273652	unique_+	chr4	101352495
rs151305944	R002	6	98225566	unique_+	chr6	97777690
rs140967622	R003	4	102266985	unique_+	chr4	101345828
rs77751456	R003	4	102490232	unique_+	chr4	101569075
rs73833805	R003	4	102486148	unique_+	chr4	101564991
rs116532471	R003	4	103380471	unique_+	chr4	102459314
rs2035604	R003	4	102946347	unique_+	chr4	102025190
rs75201891	R003	4	102454181	unique_+	chr4	101533024
rs114106096	R003	4	103738672	unique_+	chr4	102817515
rs4688675	R001	3	50945202	unique_+	chr3	50907771
rs116458827	R003	4	103725625	unique_+	chr4	102804468
rs75128597	R002	6	97737501	unique_+	chr6	97289625
rs77566394	R003	4	103291681	unique_+	chr4	102370524
rs113031429	R003	4	102931408	unique_+	chr4	102010251
rs138273964	R002	6	98768418	unique_+	chr6	98320542
rs147303961	R002	6	98753324	unique_+	chr6	98305448
rs73835203	R001	3	50138145	unique_+	chr3	50100712
rs182414264	R001	3	49921259	unique_+	chr3	49883826
rs185780195	R002	6	98821039	unique_+	chr6	98373163
rs142021972	R001	3	50261208	unique_+	chr3	50223776
rs417937	R001	3	50570147	unique_+	chr3	50532716
rs10020659	R003	4	103202801	unique_+	chr4	102281644
rs150477403	R002	6	98362921	unique_+	chr6	97915045
rs78452073	R001	3	49526004	unique_+	chr3	49488571
rs185372319	R002	6	98228545	unique_+	chr6	97780669
rs4648131	R003	4	103536157	unique_+	chr4	102615000
rs112529003	R001	3	48284446	unique_+	chr3	48242956
rs143525278	R001	3	49254673	unique_+	chr3	49217240
rs60375225	R003	4	103035587	unique_+	chr4	102114430
rs13073962	R001	3	48816549	unique_+	chr3	48779116
rs186194451	R003	4	102861012	unique_+	chr4	101939855
rs187534405	R001	3	49985505	unique_+	chr3	49948072
rs6937288	R002	6	98034964	unique_+	chr6	97587088
rs143143592	R003	4	102668747	unique_+	chr4	101747590
rs145157473	R001	3	48992098	unique_+	chr3	48954665
rs149827737	R003	4	102957647	unique_+	chr4	102036490
rs79629641	R002	6	99858022	unique_+	chr6	99410146
rs184017147	R001	3	48118174	unique_+	chr3	48076684
rs17031982	R003	4	102979378	unique_+	chr4	102058221
rs72912958	R003	4	102628410	unique_+	chr4	101707253
rs57779995	R003	4	102908441	unique_+	chr4	101987284
rs13070210	R001	3	48349503	unique_+	chr3	48308013
rs35830567	R002	6	97786442	unique_+	chr6	97338566
rs151496	R003	4	103052194	unique_+	chr4	102131037
rs72682992	R003	4	102522610	unique_+	chr4	101601453
rs13095983	R001	3	48354211	unique_+	chr3	48312721
rs13079728	R001	3	48339360	unique_+	chr3	48297870
rs117902421	R002	6	99207253	unique_+	chr6	98759377
rs116586236	R001	3	48591763	unique_+	chr3	48554330
rs140138191	R003	4	102490937	unique_+	chr4	101569780
rs2631267	R003	4	102948472	unique_+	chr4	102027315
rs11724124	R003	4	103260310	unique_+	chr4	102339153
rs11714176	R001	3	48360862	unique_+	chr3	48319372
rs11706277	R001	3	48360433	unique_+	chr3	48318943
rs9387597	R002	6	98152901	unique_+	chr6	97705025
rs71562327	R002	6	97733872	unique_+	chr6	97285996
rs146762277	R001	3	49772872	unique_+	chr3	49735439
rs73758633	R002	6	98085769	unique_+	chr6	97637893
rs2502937	R002	6	98594817	unique_+	chr6	98146941
rs2850378	R003	4	102915967	unique_+	chr4	101994810
rs13072018	R001	3	48320332	unique_+	chr3	48278842
rs150567020	R002	6	98247286	unique_+	chr6	97799410
rs144070260	R001	3	48850029	unique_+	chr3	48812596
rs4352479	R003	4	102637640	unique_+	chr4	101716483
rs7628197	R001	3	48233128	unique_+	chr3	48191638
rs2541	R001	3	48339618	unique_+	chr3	48298128
rs9883927	R001	3	48463711	unique_+	chr3	48422302
rs149071167	R002	6	97924993	unique_+	chr6	97477117
rs79089926	R001	3	48348564	unique_+	chr3	48307074
rs223491	R003	4	103678758	unique_+	chr4	102757601
rs227279	R003	4	103597032	unique_+	chr4	102675875
rs11716371	R001	3	48362750	unique_+	chr3	48321260
rs138285969	R001	3	49168724	unique_+	chr3	49131291
rs75813121	R002	6	98093921	unique_+	chr6	97646045
rs12645499	R003	4	102611757	unique_+	chr4	101690600
rs35802497	R001	3	48345449	unique_+	chr3	48303959
rs77948161	R001	3	48262304	unique_+	chr3	48220814
rs76056538	R002	6	98100084	unique_+	chr6	97652208
rs13067450	R001	3	48337206	unique_+	chr3	48295716
rs2851328	R003	4	102874526	unique_+	chr4	101953369
rs116641740	R003	4	103408626	unique_+	chr4	102487469
rs113361187	R003	4	103160829	unique_+	chr4	102239672
rs7695353	R003	4	102306067	unique_+	chr4	101384910
rs13081633	R001	3	48357281	unique_+	chr3	48315791
rs2038715	R002	6	99982339	unique_+	chr6	99534463
rs144334420	R003	4	103121769	unique_+	chr4	102200612
rs2008254	R003	4	102895859	unique_+	chr4	101974702
rs34589064	R001	3	48339549	unique_+	chr3	48298059
rs13085251	R001	3	48340045	unique_+	chr3	48298555
rs13060020	R001	3	48372646	unique_+	chr3	48331156
rs190381071	R002	6	98246577	unique_+	chr6	97798701
rs13071960	R001	3	48367537	unique_+	chr3	48326047
rs3731527	R001	3	48213528	unique_+	chr3	48172038
rs9830016	R001	3	48282494	unique_+	chr3	48241004
rs183297590	R001	3	49269923	unique_+	chr3	49232490
rs80208621	R003	4	102203188	unique_+	chr4	101282031
rs77233735	R002	6	98173609	unique_+	chr6	97725733
rs13090538	R001	3	48370769	unique_+	chr3	48329279
rs17647717	R001	3	48305456	unique_+	chr3	48263966
rs73080992	R001	3	50213525	unique_+	chr3	50176092
rs7653336	R001	3	48369464	unique_+	chr3	48327974
rs143280597	R001	3	50221707	unique_+	chr3	50184274
rs142455340	R001	3	49170857	unique_+	chr3	49133424
rs13094727	R001	3	48323489	unique_+	chr3	48281999
rs28497409	R003	4	102867379	unique_+	chr4	101946222
rs6930142	R002	6	100011119	unique_+	chr6	99563243
rs116714870	R003	4	103079592	unique_+	chr4	102158435
rs7652233	R001	3	48358754	unique_+	chr3	48317264
rs76085952	R002	6	99862034	unique_+	chr6	99414158
rs139880035	R003	4	103629706	unique_+	chr4	102708549
rs11130171	R001	3	48462461	unique_+	chr3	48421052
rs2572132	R002	6	99478810	unique_+	chr6	99030934
rs148136178	R003	4	102556048	unique_+	chr4	101634891
rs230512	R003	4	103472885	unique_+	chr4	102551728
rs114964512	R001	3	48463799	unique_+	chr3	48422390
rs4648126	R003	4	103535881	unique_+	chr4	102614724
rs2450524	R002	6	98602772	unique_+	chr6	98154896
rs12648641	R003	4	102659750	unique_+	chr4	101738593
rs34238875	R003	4	102477437	unique_+	chr4	101556280
rs75088835	R001	3	48148331	unique_+	chr3	48106841
rs72917816	R002	6	99638273	unique_+	chr6	99190397
rs35297395	R001	3	48342882	unique_+	chr3	48301392
rs7634377	R001	3	48421258	unique_+	chr3	48379768
rs7751603	R002	6	99300596	unique_+	chr6	98852720
rs113417274	R001	3	49585464	unique_+	chr3	49548031
rs116719387	R003	4	102857620	unique_+	chr4	101936463
rs193024333	R001	3	48233049	unique_+	chr3	48191559
rs112308883	R002	6	97905615	unique_+	chr6	97457739
rs11724128	R003	4	103234223	unique_+	chr4	102313066
rs71323395	R001	3	48374077	unique_+	chr3	48332587
rs6917305	R002	6	99198865	unique_+	chr6	98750989
rs17032683	R003	4	103391275	unique_+	chr4	102470118
rs6793223	R001	3	48364101	unique_+	chr3	48322611
rs79495650	R003	4	102567393	unique_+	chr4	101646236
rs150830266	R003	4	103275110	unique_+	chr4	102353953
rs147429704	R002	6	99353100	unique_+	chr6	98905224
rs191762252	R003	4	102814346	unique_+	chr4	101893189
rs1027013	R003	4	102904490	unique_+	chr4	101983333
rs11946138	R003	4	102212659	unique_+	chr4	101291502
rs149211506	R003	4	103527745	unique_+	chr4	102606588
rs55743710	R003	4	102538183	unique_+	chr4	101617026
rs71324925	R001	3	48873654	unique_+	chr3	48836221
rs35075544	R001	3	48882432	unique_+	chr3	48844999
rs189664729	R002	6	98320750	unique_+	chr6	97872874
rs181672685	R002	6	99387700	unique_+	chr6	98939824
rs2388840	R002	6	99598756	unique_+	chr6	99150880
rs116843995	R002	6	98985535	unique_+	chr6	98537659
rs13066044	R001	3	48377276	unique_+	chr3	48335786
rs2006199	R001	3	50241621	unique_+	chr3	50204188
rs2236960	R001	3	50446441	unique_+	chr3	50409010
rs185810909	R001	3	49869552	unique_+	chr3	49832119
rs147335503	R002	6	99458815	unique_+	chr6	99010939
rs142867566	R002	6	99520538	unique_+	chr6	99072662
rs147362726	R001	3	50324112	unique_+	chr3	50286681
rs139406163	R001	3	49992571	unique_+	chr3	49955138
rs2269430	R001	3	50307050	unique_+	chr3	50269619
rs2236943	R001	3	50278613	unique_+	chr3	50241181
rs4688741	R001	3	50281756	unique_+	chr3	50244324
rs79217622	R001	3	50299140	unique_+	chr3	50261708
rs113154965	R003	4	103361492	unique_+	chr4	102440335
rs79209010	R002	6	99577115	unique_+	chr6	99129239
rs4839961	R002	6	98937903	unique_+	chr6	98490027
rs6782166	R001	3	48351683	unique_+	chr3	48310193
rs148738156	R001	3	48838774	unique_+	chr3	48801341
rs4699013	R003	4	103251513	unique_+	chr4	102330356
rs143022351	R002	6	99144252	unique_+	chr6	98696376
rs150540613	R001	3	48329193	unique_+	chr3	48287703
rs2362450	R001	3	48461313	unique_+	chr3	48419904
rs181599531	R003	4	103368549	unique_+	chr4	102447392
rs35411187	R001	3	48360017	unique_+	chr3	48318527
rs6921650	R002	6	99198817	unique_+	chr6	98750941
rs146469649	R003	4	103855475	unique_+	chr4	102934318
rs186312105	R001	3	49149151	unique_+	chr3	49111718
rs190334319	R001	3	50967240	unique_+	chr3	50929809
rs114129633	R003	4	103201225	unique_+	chr4	102280068
rs190970060	R001	3	50834150	unique_+	chr3	50796719
rs74668868	R001	3	50080186	unique_+	chr3	50042753
rs187543081	R001	3	49817516	unique_+	chr3	49780083
rs184838433	R002	6	99207460	unique_+	chr6	98759584
rs6836243	R003	4	102214069	unique_+	chr4	101292912
rs186083649	R003	4	103727156	unique_+	chr4	102805999
rs2866426	R003	4	102617273	unique_+	chr4	101696116
rs111961801	R002	6	97961766	unique_+	chr6	97513890
rs192490636	R002	6	98674334	unique_+	chr6	98226458
rs141250394	R001	3	50754783	unique_+	chr3	50717352
rs141169266	R002	6	99515064	unique_+	chr6	99067188
rs145434077	R002	6	99420392	unique_+	chr6	98972516
rs61729213	R001	3	48465206	unique_+	chr3	48423797
rs2180047	R002	6	99470374	unique_+	chr6	99022498
rs230505	R003	4	103481351	unique_+	chr4	102560194
rs113281950	R002	6	98060816	unique_+	chr6	97612940
rs7645425	R001	3	48362369	unique_+	chr3	48320879
rs922361	R003	4	103270070	unique_+	chr4	102348913
rs4406241	R002	6	99203222	unique_+	chr6	98755346
rs77729330	R003	4	102280773	unique_+	chr4	101359616
rs1459250	R001	3	48479737	unique_+	chr3	48438327
rs13061269	R001	3	48373343	unique_+	chr3	48331853
rs112415066	R002	6	98968498	unique_+	chr6	98520622
rs9376016	R002	6	99694703	unique_+	chr6	99246827
rs13081169	R001	3	48356797	unique_+	chr3	48315307
rs11717716	R001	3	48375740	unique_+	chr3	48334250
rs12213685	R002	6	99182144	unique_+	chr6	98734268
rs62422080	R002	6	97898220	unique_+	chr6	97450344
rs72686722	R003	4	102743631	unique_+	chr4	101822474
rs61731329	R001	3	50005916	unique_+	chr3	49968483
rs117308156	R002	6	99613813	unique_+	chr6	99165937
rs7676355	R003	4	102373954	unique_+	chr4	101452797
rs73500010	R002	6	98307797	unique_+	chr6	97859921
rs9817615	R001	3	48470756	unique_+	chr3	48429347
rs140746578	R002	6	97868197	unique_+	chr6	97420321
rs4130522	R001	3	48352313	unique_+	chr3	48310823
rs6793150	R001	3	48351560	unique_+	chr3	48310070
rs4588460	R003	4	103212837	unique_+	chr4	102291680
rs4426780	R003	4	102673883	unique_+	chr4	101752726
rs139617594	R002	6	99220353	unique_+	chr6	98772477
rs1843680	R003	4	102919754	unique_+	chr4	101998597
rs76694695	R003	4	102502562	unique_+	chr4	101581405
rs7653152	R001	3	48362097	unique_+	chr3	48320607
rs7691813	R003	4	103347922	unique_+	chr4	102426765
rs227277	R003	4	103594938	unique_+	chr4	102673781
rs77155008	R003	4	102357104	unique_+	chr4	101435947
rs7632297	R001	3	48348163	unique_+	chr3	48306673
rs35857683	R002	6	100029166	unique_+	chr6	99581290
rs114125832	R003	4	103651896	unique_+	chr4	102730739
rs4541431	R001	3	48365218	unique_+	chr3	48323728
rs7450950	R002	6	98080454	unique_+	chr6	97632578
rs7756447	R002	6	99480633	unique_+	chr6	99032757
rs11715776	R001	3	48377611	unique_+	chr3	48336121
rs77044321	R001	3	48349314	unique_+	chr3	48307824
rs145116247	R002	6	97854946	unique_+	chr6	97407070
rs114521411	R003	4	103000569	unique_+	chr4	102079412
rs13084616	R001	3	48339699	unique_+	chr3	48298209
rs228624	R003	4	103572440	unique_+	chr4	102651283
rs34630841	R001	3	48343261	unique_+	chr3	48301771
rs4538713	R002	6	99207742	unique_+	chr6	98759866
rs4511915	R001	3	48343858	unique_+	chr3	48302368
rs78590248	R002	6	98260249	unique_+	chr6	97812373
rs117409088	R002	6	99146652	unique_+	chr6	98698776
rs77448220	R002	6	98093781	unique_+	chr6	97645905
rs115164983	R003	4	102547060	unique_+	chr4	101625903
rs6815355	R003	4	102677450	unique_+	chr4	101756293
rs79006395	R002	6	99527883	unique_+	chr6	99080007
rs6532965	R003	4	102677497	unique_+	chr4	101756340
rs137930919	R001	3	48425575	unique_+	chr3	48384085
rs191627342	R003	4	103335990	unique_+	chr4	102414833
rs34138269	R001	3	48395629	unique_+	chr3	48354139
rs2631264	R003	4	102943931	unique_+	chr4	102022774
rs4371540	R001	3	48353543	unique_+	chr3	48312053
rs117621797	R002	6	99244772	unique_+	chr6	98796896
rs9311424	R001	3	48420314	unique_+	chr3	48378824
rs142506112	R001	3	48818836	unique_+	chr3	48781403
rs73758629	R002	6	98078709	unique_+	chr6	97630833
rs17057619	R002	6	97740651	unique_+	chr6	97292775
rs11930418	R003	4	103170772	unique_+	chr4	102249615
rs4261990	R003	4	102682750	unique_+	chr4	101761593
rs13111071	R003	4	102456730	unique_+	chr4	101535573
rs75447009	R002	6	99875648	unique_+	chr6	99427772
rs117086092	R002	6	99547458	unique_+	chr6	99099582
rs2290822	R001	3	48473204	unique_+	chr3	48431794
rs184882596	R001	3	49604028	unique_+	chr3	49566595
rs193051472	R003	4	103762011	unique_+	chr4	102840854
rs144382139	R003	4	103643435	unique_+	chr4	102722278
rs138296236	R002	6	99008414	unique_+	chr6	98560538
rs11930452	R003	4	103170845	unique_+	chr4	102249688
rs4473657	R003	4	102688487	unique_+	chr4	101767330
rs186794942	R002	6	99136005	unique_+	chr6	98688129
rs191950628	R003	4	102509313	unique_+	chr4	101588156
rs10489123	R003	4	103205769	unique_+	chr4	102284612
rs143686390	R001	3	50601767	unique_+	chr3	50564336
rs183634846	R002	6	98614285	unique_+	chr6	98166409
rs186851841	R002	6	100024586	unique_+	chr6	99576710
rs140424145	R003	4	103706206	unique_+	chr4	102785049
rs139637714	R001	3	48744846	unique_+	chr3	48707413
rs17032720	R003	4	103442995	unique_+	chr4	102521838
rs114681555	R001	3	49272957	unique_+	chr3	49235524
rs73495755	R002	6	99692392	unique_+	chr6	99244516
rs17254507	R003	4	103700749	unique_+	chr4	102779592
rs183255174	R001	3	48683958	unique_+	chr3	48646525
rs6931164	R002	6	99525524	unique_+	chr6	99077648
rs73836460	R003	4	102473828	unique_+	chr4	101552671
rs148501858	R003	4	102528373	unique_+	chr4	101607216
rs76126366	R003	4	103376372	unique_+	chr4	102455215
rs181507833	R002	6	98687496	unique_+	chr6	98239620
rs138833616	R002	6	99784631	unique_+	chr6	99336755
rs57978992	R001	3	50307950	unique_+	chr3	50270519
rs186167277	R001	3	49510899	unique_+	chr3	49473466
rs140531205	R001	3	50426640	unique_+	chr3	50389209
rs188398573	R001	3	50480083	unique_+	chr3	50442652
rs182189223	R001	3	50791748	unique_+	chr3	50754317
rs183098343	R003	4	103392928	unique_+	chr4	102471771
rs188690474	R003	4	102656585	unique_+	chr4	101735428
rs192176546	R001	3	48427990	unique_+	chr3	48386500
rs140447394	R002	6	97984943	unique_+	chr6	97537067
rs181560468	R003	4	102521637	unique_+	chr4	101600480
rs6858108	R003	4	102859835	unique_+	chr4	101938678
rs189299663	R002	6	98248392	unique_+	chr6	97800516
rs142613504	R002	6	99348102	unique_+	chr6	98900226
rs190187652	R002	6	99635083	unique_+	chr6	99187207
rs11714944	R001	3	48366971	unique_+	chr3	48325481
rs11947367	R003	4	102994231	unique_+	chr4	102073074
rs6784541	R001	3	48422574	unique_+	chr3	48381084
rs62322247	R003	4	103140429	unique_+	chr4	102219272
rs1459249	R001	3	48479618	unique_+	chr3	48438208
rs13076076	R001	3	48479039	unique_+	chr3	48437629
rs4839974	R002	6	99192913	unique_+	chr6	98745037
rs36075665	R001	3	48343087	unique_+	chr3	48301597
rs7746392	R002	6	99194318	unique_+	chr6	98746442
rs140941832	R003	4	102385398	unique_+	chr4	101464241
rs7667833	R003	4	102664541	unique_+	chr4	101743384
rs11750979	R002	6	98099215	unique_+	chr6	97651339
rs58422814	R002	6	99443925	unique_+	chr6	98996049
rs228626	R003	4	103572946	unique_+	chr4	102651789
rs150245136	R003	4	103239938	unique_+	chr4	102318781
rs75778618	R002	6	99564617	unique_+	chr6	99116741
rs228625	R003	4	103572751	unique_+	chr4	102651594
rs35197077	R002	6	99278692	unique_+	chr6	98830816
rs10516478	R003	4	102391265	unique_+	chr4	101470108
rs4839972	R002	6	99182569	unique_+	chr6	98734693
rs2502940	R002	6	98604278	unique_+	chr6	98156402
rs115945651	R003	4	102986094	unique_+	chr4	102064937
rs6784322	R001	3	48422235	unique_+	chr3	48380745
rs118084401	R002	6	99461004	unique_+	chr6	99013128
rs7639743	R001	3	48482506	unique_+	chr3	48441096
rs117817306	R002	6	98009958	unique_+	chr6	97562082
rs228623	R003	4	103572320	unique_+	chr4	102651163
rs9483986	R002	6	99983185	unique_+	chr6	99535309
rs112376989	R002	6	98831902	unique_+	chr6	98384026
rs4699242	R003	4	102541111	unique_+	chr4	101619954
rs923206	R003	4	102856331	unique_+	chr4	101935174
rs117113875	R002	6	97882972	unique_+	chr6	97435096
rs114757686	R003	4	103703999	unique_+	chr4	102782842
rs17225709	R002	6	100018037	unique_+	chr6	99570161
rs227278	R003	4	103595651	unique_+	chr4	102674494
rs227276	R003	4	103594918	unique_+	chr4	102673761
rs78190429	R002	6	98058971	unique_+	chr6	97611095
rs2298752	R003	4	103177071	unique_+	chr4	102255914
rs17772959	R002	6	99803229	unique_+	chr6	99355353
rs35986685	R001	3	49935526	unique_+	chr3	49898093
rs112730086	R003	4	103603706	unique_+	chr4	102682549
rs111737699	R003	4	102874091	unique_+	chr4	101952934
rs2572133	R002	6	99479074	unique_+	chr6	99031198
rs6937203	R002	6	99195498	unique_+	chr6	98747622
rs115475663	R001	3	48906765	unique_+	chr3	48869332
rs79747645	R003	4	103266480	unique_+	chr4	102345323
rs143365452	R002	6	99244620	unique_+	chr6	98796744
rs115229061	R001	3	48485764	unique_+	chr3	48444356
rs55980430	R003	4	103151238	unique_+	chr4	102230081
rs3731513	R001	3	48219537	unique_+	chr3	48178047
rs13068265	R001	3	48301614	unique_+	chr3	48260124
rs112196720	R002	6	97887944	unique_+	chr6	97440068
rs138374859	R003	4	103548229	unique_+	chr4	102627072
rs73834800	R003	4	103327069	unique_+	chr4	102405912
rs117384406	R002	6	99670580	unique_+	chr6	99222704
rs4839919	R002	6	98091737	unique_+	chr6	97643861
rs116507282	R003	4	103219717	unique_+	chr4	102298560
rs187820275	R001	3	49263344	unique_+	chr3	49225911
rs3731534	R001	3	48211777	unique_+	chr3	48170287
rs76268296	R003	4	102970979	unique_+	chr4	102049822
rs145704224	R002	6	99151201	unique_+	chr6	98703325
rs11735688	R003	4	103259498	unique_+	chr4	102338341
rs139771915	R003	4	102750264	unique_+	chr4	101829107
rs77784907	R002	6	97938281	unique_+	chr6	97490405
rs173137	R003	4	103100112	unique_+	chr4	102178955
rs139602776	R003	4	103564713	unique_+	chr4	102643556
rs80100300	R002	6	99194967	unique_+	chr6	98747091
rs115865640	R001	3	50060053	unique_+	chr3	50022620
rs112824661	R001	3	50238956	unique_+	chr3	50201523
rs58614954	R003	4	103348295	unique_+	chr4	102427138
rs190446553	R002	6	99403747	unique_+	chr6	98955871
rs76962749	R003	4	102848479	unique_+	chr4	101927322
rs139654731	R001	3	49534818	unique_+	chr3	49497385
rs144804105	R002	6	98073257	unique_+	chr6	97625381
rs189973740	R003	4	102472572	unique_+	chr4	101551415
rs192852266	R002	6	98574602	unique_+	chr6	98126726
rs181214561	R001	3	48656869	unique_+	chr3	48619436
rs13069724	R001	3	48478039	unique_+	chr3	48436629
rs9849509	R001	3	48483432	unmapped_or_nonunique_or_changed_chromosome	NA	NA
rs9483990	R002	6	99985529	unique_+	chr6	99537653
rs116818995	R001	3	49444800	unique_+	chr3	49407367
rs2631249	R003	4	102872175	unique_+	chr4	101951018
rs145421283	R002	6	99359772	unique_+	chr6	98911896
rs4648125	R003	4	103535765	unique_+	chr4	102614608
rs138270347	R001	3	50954066	unique_+	chr3	50916635
rs72930217	R003	4	103340172	unique_+	chr4	102419015
rs72930218	R003	4	103340196	unique_+	chr4	102419039
rs193118671	R001	3	50872286	unique_+	chr3	50834855
rs72921070	R002	6	99734210	unique_+	chr6	99286334
rs138976166	R001	3	50760568	unique_+	chr3	50723137
rs182203984	R003	4	103131899	unique_+	chr4	102210742
rs4144164	R002	6	99817601	unique_+	chr6	99369725
rs192890860	R001	3	49999462	unique_+	chr3	49962029
rs182878531	R002	6	98211913	unique_+	chr6	97764037
rs184984259	R003	4	103135834	unique_+	chr4	102214677
rs148167979	R003	4	102891386	unique_+	chr4	101970229
rs9843512	R001	3	48070740	unique_+	chr3	48029250
rs2071801	R001	3	50397242	unique_+	chr3	50359811
rs142356180	R001	3	48080197	unique_+	chr3	48038707
rs74663572	R001	3	49106186	unique_+	chr3	49068753
rs3774755	R001	3	50398889	unique_+	chr3	50361458
rs188216838	R003	4	103841807	unique_+	chr4	102920650
rs149445092	R002	6	98951841	unique_+	chr6	98503965
rs17032363	R003	4	103183423	unique_+	chr4	102262266
rs148814745	R001	3	50035364	unique_+	chr3	49997931
rs140388248	R003	4	103263529	unique_+	chr4	102342372
rs181754966	R001	3	48421458	unique_+	chr3	48379968
rs28665758	R003	4	103188059	unique_+	chr4	102266902
rs151213964	R001	3	50913245	unique_+	chr3	50875814
rs4688742	R001	3	50272813	unique_+	chr3	50235381
rs12488235	R001	3	50346878	unique_+	chr3	50309447
rs146635867	R001	3	50254394	unique_+	chr3	50216962
rs4688732	R001	3	50360802	unique_+	chr3	50323371
rs12498048	R001	3	50262017	unique_+	chr3	50224585
rs4688738	R001	3	50317470	unique_+	chr3	50280039
rs4688724	R001	3	50384143	unique_+	chr3	50346712
rs12487392	R001	3	50236067	unique_+	chr3	50198634
rs60276643	R001	3	50235438	unique_+	chr3	50198005
rs2282750	R001	3	50257020	unique_+	chr3	50219588
rs4688744	R001	3	50249500	unique_+	chr3	50212067
rs118160556	R001	3	50242765	unique_+	chr3	50205332
rs12492880	R001	3	50309124	unique_+	chr3	50271693
rs2073500	R001	3	50387510	unique_+	chr3	50350079
rs12493693	R001	3	50322931	unique_+	chr3	50285500
rs12492683	R001	3	50351598	unique_+	chr3	50314167
rs79117849	R001	3	50370841	unique_+	chr3	50333410
rs3774754	R001	3	50373835	unique_+	chr3	50336404
rs12485909	R001	3	50238376	unique_+	chr3	50200943
rs12485390	R001	3	50290830	unique_+	chr3	50253398
rs4688682	R001	3	50267128	unique_+	chr3	50229696
rs187320306	R001	3	49368165	unique_+	chr3	49330732
rs114500522	R003	4	102922028	unique_+	chr4	102000871
rs72932533	R002	6	99940057	unique_+	chr6	99492181
rs188183547	R003	4	103397949	unique_+	chr4	102476792
rs138791004	R001	3	48628920	unique_+	chr3	48591487
rs144898009	R003	4	103727286	unique_+	chr4	102806129
rs113859937	R002	6	98546044	unique_+	chr6	98098168
rs148686682	R003	4	103754399	unique_+	chr4	102833242
rs187779916	R003	4	103263528	unique_+	chr4	102342371
rs189079173	R001	3	50298671	unique_+	chr3	50261239
rs142250605	R001	3	48920294	unique_+	chr3	48882861
rs116673049	R003	4	103519350	unique_+	chr4	102598193
rs185950334	R003	4	103024757	unique_+	chr4	102103600
rs150775406	R002	6	98223450	unique_+	chr6	97775574
rs115456930	R001	3	48833009	unique_+	chr3	48795576
rs111517502	R002	6	98383735	unique_+	chr6	97935859
rs7636044	R001	3	48484560	unique_+	chr3	48443151
rs77855727	R003	4	103388303	unique_+	chr4	102467146
rs72945226	R002	6	99607450	unique_+	chr6	99159574
rs193171374	R001	3	49306276	unique_+	chr3	49268843
rs1870444	R001	3	48486773	unique_+	chr3	48445369
rs2242150	R001	3	48505964	unique_+	chr3	48464565
rs72692221	R003	4	103208244	unique_+	chr4	102287087
rs75862686	R002	6	99355570	unique_+	chr6	98907694
rs9375242	R002	6	98603516	unique_+	chr6	98155640
rs4262197	R002	6	99192973	unique_+	chr6	98745097
rs62327889	R003	4	103172826	unique_+	chr4	102251669
rs2866382	R003	4	102390303	unique_+	chr4	101469146
rs4839973	R002	6	99186676	unique_+	chr6	98738800
rs9402701	R002	6	99801698	unique_+	chr6	99353822
rs191637155	R002	6	98127077	unique_+	chr6	97679201
rs195853	R002	6	99290334	unique_+	chr6	98842458
rs77385309	R002	6	98669754	unique_+	chr6	98221878
rs17606896	R001	3	50448947	unique_+	chr3	50411516
rs9398896	R002	6	99192233	unique_+	chr6	98744357
rs7633243	R001	3	49531092	unique_+	chr3	49493659
rs2388039	R002	6	97747244	unique_+	chr6	97299368
rs55900370	R002	6	99698810	unique_+	chr6	99250934
rs6825874	R003	4	103208632	unique_+	chr4	102287475
rs4699015	R003	4	103269081	unique_+	chr4	102347924
rs141952194	R003	4	102941365	unique_+	chr4	102020208
rs236755	R003	4	103058514	unique_+	chr4	102137357
rs72690460	R003	4	103164401	unique_+	chr4	102243244
rs62327945	R003	4	103207077	unique_+	chr4	102285920
rs138693802	R001	3	50466421	unique_+	chr3	50428990
rs62322738	R003	4	102929034	unique_+	chr4	102007877
rs11709546	R001	3	48521932	unique_+	chr3	48480523
rs183737561	R003	4	103371469	unique_+	chr4	102450312
rs9385480	R002	6	99185268	unique_+	chr6	98737392
rs79030242	R003	4	102581505	unique_+	chr4	101660348
rs3731487	R001	3	48229624	unique_+	chr3	48188134
rs12213352	R002	6	98893261	unique_+	chr6	98445385
rs3731555	R001	3	48206102	unique_+	chr3	48164612
rs6770470	R001	3	48435123	unique_+	chr3	48393659
rs187015466	R002	6	98938739	unique_+	chr6	98490863
rs4499935	R002	6	98085517	unique_+	chr6	97637641
rs149810100	R003	4	102270463	unique_+	chr4	101349306
rs77572822	R003	4	102240732	unique_+	chr4	101319575
rs12630599	R001	3	48408221	unique_+	chr3	48366731
rs76893046	R001	3	49438907	unique_+	chr3	49401474
rs6917536	R002	6	99199017	unique_+	chr6	98751141
rs17753014	R002	6	98180949	unique_+	chr6	97733073
rs140406358	R001	3	50825635	unique_+	chr3	50788204
rs4699241	R003	4	102537077	unique_+	chr4	101615920
rs9876891	R001	3	48481434	unique_+	chr3	48440024
rs9876781	R001	3	48487338	unmapped_or_nonunique_or_changed_chromosome	NA	NA
rs901406	R003	4	102852286	unique_+	chr4	101931129
rs13066736	R001	3	49116670	unique_+	chr3	49079237
rs6810060	R001	3	48434748	unique_+	chr3	48393284
rs62434574	R002	6	100018130	unique_+	chr6	99570254
rs150267072	R002	6	98977401	unique_+	chr6	98529525
rs195837	R002	6	99402632	unique_+	chr6	98954756
rs9489222	R002	6	98038716	unique_+	chr6	97590840
rs143815076	R001	3	48182462	unique_+	chr3	48140972
rs11707606	R001	3	48237087	unique_+	chr3	48195597
rs72914724	R003	4	102630920	unique_+	chr4	101709763
rs238514	R003	4	103040351	unique_+	chr4	102119194
rs79685183	R001	3	50438073	unique_+	chr3	50400642
rs11709691	R001	3	48303669	unique_+	chr3	48262179
rs6794875	R001	3	48455626	unique_+	chr3	48414217
rs9489252	R002	6	98059526	unique_+	chr6	97611650
rs11718350	R001	3	48360992	unique_+	chr3	48319502
rs55995130	R002	6	98034719	unique_+	chr6	97586843
rs148834251	R001	3	49561208	unique_+	chr3	49523775
rs4280968	R002	6	99131511	unique_+	chr6	98683635
rs62327180	R003	4	103540762	unique_+	chr4	102619605
rs75038254	R003	4	102967702	unique_+	chr4	102046545
rs6938048	R002	6	99483410	unique_+	chr6	99035534
rs9494724	R002	6	100004551	unique_+	chr6	99556675
rs79495858	R003	4	102963302	unique_+	chr4	102042145
rs55922879	R002	6	99933621	unique_+	chr6	99485745
rs147154296	R001	3	49370197	unique_+	chr3	49332764
rs138178880	R001	3	50755398	unique_+	chr3	50717967
rs60256378	R001	3	50419157	unique_+	chr3	50381726
rs184548970	R002	6	98580302	unique_+	chr6	98132426
rs146710439	R003	4	103880820	unique_+	chr4	102959663
rs189371506	R003	4	103443208	unique_+	chr4	102522051
rs142126719	R001	3	49413185	unique_+	chr3	49375752
rs117491992	R002	6	99552719	unique_+	chr6	99104843
rs143270771	R001	3	48313138	unique_+	chr3	48271648
rs11930303	R003	4	103170425	unique_+	chr4	102249268
rs139372126	R003	4	103846751	unique_+	chr4	102925594
rs1975844	R001	3	48442959	unique_+	chr3	48401552
rs141412082	R003	4	102477307	unique_+	chr4	101556150
rs7636203	R001	3	50095109	unique_+	chr3	50057676
rs55979035	R002	6	99556161	unique_+	chr6	99108285
rs145136711	R003	4	103347498	unique_+	chr4	102426341
rs180895966	R002	6	98270430	unique_+	chr6	97822554
rs112888724	R003	4	103806070	unique_+	chr4	102884913
rs140374963	R002	6	99952482	unique_+	chr6	99504606
rs4648088	R003	4	103522948	unique_+	chr4	102601791
rs1032212	R002	6	98643594	unique_+	chr6	98195718
rs4321829	R002	6	98473874	unique_+	chr6	98025998
rs11961327	R002	6	98978496	unique_+	chr6	98530620
rs190518881	R003	4	103831262	unique_+	chr4	102910105
rs146833732	R003	4	103842638	unique_+	chr4	102921481
rs190955184	R001	3	50533727	unique_+	chr3	50496296
rs9311423	R001	3	48420308	unique_+	chr3	48378818
rs116064489	R001	3	50325832	unique_+	chr3	50288401
rs188070689	R003	4	103655286	unique_+	chr4	102734129
rs184027879	R002	6	99745858	unique_+	chr6	99297982
rs146420750	R001	3	50952445	unique_+	chr3	50915014
rs150178470	R002	6	98253079	unique_+	chr6	97805203
rs936427	R001	3	48301074	unique_+	chr3	48259584
rs117205713	R002	6	99316465	unique_+	chr6	98868589
rs2450511	R002	6	98611255	unique_+	chr6	98163379
rs4429953	R002	6	99186078	unique_+	chr6	98738202
rs3731489	R001	3	48228906	unique_+	chr3	48187416
rs73834802	R003	4	103327261	unique_+	chr4	102406104
rs7773879	R002	6	97986540	unique_+	chr6	97538664
rs6936798	R002	6	99198799	unique_+	chr6	98750923
rs139891825	R001	3	50616977	unique_+	chr3	50579546
rs7669395	R003	4	102606843	unique_+	chr4	101685686
rs997124	R002	6	100013693	unique_+	chr6	99565817
rs2279077	R001	3	48474249	unique_+	chr3	48432839
rs4699243	R003	4	102541273	unique_+	chr4	101620116
rs2903281	R003	4	103396333	unique_+	chr4	102475176
rs2502948	R002	6	98623133	unique_+	chr6	98175257
rs141008320	R002	6	99166279	unique_+	chr6	98718403
rs140929585	R003	4	102872189	unique_+	chr4	101951032
rs79093923	R003	4	102496734	unique_+	chr4	101575577
rs117864995	R002	6	98001113	unique_+	chr6	97553237
rs117211331	R002	6	97913420	unique_+	chr6	97465544
rs115039144	R003	4	103243968	unique_+	chr4	102322811
rs9321325	R002	6	99483028	unique_+	chr6	99035152
rs80151352	R003	4	102489020	unique_+	chr4	101567863
rs139922915	R001	3	48206649	unique_+	chr3	48165159
rs117653534	R002	6	99620936	unique_+	chr6	99173060
rs3731490	R001	3	48228896	unique_+	chr3	48187406
rs73758637	R002	6	98097246	unique_+	chr6	97649370
rs62323537	R003	4	103164816	unique_+	chr4	102243659
rs9883759	R001	3	48463618	unique_+	chr3	48422209
rs3774808	R001	3	48481647	unique_+	chr3	48440237
rs78292799	R001	3	50694706	unique_+	chr3	50657275
rs6442120	R001	3	48464503	unique_+	chr3	48423094
rs72692261	R003	4	103262478	unique_+	chr4	102341321
rs148912285	R002	6	97773263	unique_+	chr6	97325387
rs1037773	R001	3	48467902	unique_+	chr3	48426493
rs192477561	R003	4	103469923	unique_+	chr4	102548766
rs186933307	R003	4	102830678	unique_+	chr4	101909521
rs112060994	R002	6	99700187	unique_+	chr6	99252311
rs3729577	R001	3	48228994	unique_+	chr3	48187504
rs2747729	R002	6	99533281	unique_+	chr6	99085405
rs6842661	R003	4	102995263	unique_+	chr4	102074106
rs74575655	R002	6	98097159	unique_+	chr6	97649283
rs33973573	R003	4	102855806	unique_+	chr4	101934649
rs236765	R003	4	103072288	unique_+	chr4	102151131
rs76434721	R002	6	99505659	unique_+	chr6	99057783
rs17197854	R003	4	102607783	unique_+	chr4	101686626
rs1109227	R001	3	48479207	unique_+	chr3	48437797
rs76312831	R001	3	50500201	unique_+	chr3	50462770
rs13087929	R001	3	48240289	unique_+	chr3	48198799
rs11751570	R002	6	99618919	unique_+	chr6	99171043
rs75650625	R002	6	97751659	unique_+	chr6	97303783
rs144853765	R003	4	102487969	unique_+	chr4	101566812
rs180784735	R003	4	102649465	unique_+	chr4	101728308
rs7126	R001	3	48485493	unique_+	chr3	48444085
rs2866405	R003	4	103366543	unique_+	chr4	102445386
rs7647817	R001	3	48236507	unique_+	chr3	48195017
rs114938127	R003	4	102341305	unique_+	chr4	101420148
rs151364	R003	4	103095465	unique_+	chr4	102174308
rs9372752	R002	6	98626561	unique_+	chr6	98178685
rs145835942	R001	3	48304750	unique_+	chr3	48263260
rs36064160	R001	3	48243101	unique_+	chr3	48201611
rs78431498	R001	3	50513831	unique_+	chr3	50476400
rs9321147	R002	6	99179228	unique_+	chr6	98731352
rs117925250	R002	6	97943336	unique_+	chr6	97495460
rs144996235	R003	4	103054808	unique_+	chr4	102133651
rs9483380	R002	6	99480292	unique_+	chr6	99032416
rs78841505	R003	4	103164473	unique_+	chr4	102243316
rs211191	R002	6	98985615	unique_+	chr6	98537739
rs146471381	R003	4	103310368	unique_+	chr4	102389211
rs147992985	R003	4	103508760	unique_+	chr4	102587603
rs80345937	R002	6	99391776	unique_+	chr6	98943900
rs9483998	R002	6	99989478	unique_+	chr6	99541602
rs78848524	R001	3	50911302	unique_+	chr3	50873871
rs189806139	R001	3	49084020	unique_+	chr3	49046587
rs78367645	R003	4	102215207	unique_+	chr4	101294050
rs75433240	R003	4	102215004	unique_+	chr4	101293847
rs185794696	R002	6	98180136	unique_+	chr6	97732260
rs150500638	R002	6	99415086	unique_+	chr6	98967210
rs181436770	R001	3	49436735	unique_+	chr3	49399302
rs144092838	R001	3	49328880	unique_+	chr3	49291447
rs188549577	R001	3	49608604	unique_+	chr3	49571171
rs182249665	R002	6	99140824	unique_+	chr6	98692948
rs188777947	R001	3	49536103	unique_+	chr3	49498670
rs9483382	R002	6	99483699	unique_+	chr6	99035823
rs182833693	R002	6	98792932	unique_+	chr6	98345056
rs114852929	R001	3	49341466	unique_+	chr3	49304033
rs4546492	R002	6	98963927	unique_+	chr6	98516051
rs901627	R002	6	98539315	unique_+	chr6	98091439
rs9375090	R002	6	98473795	unique_+	chr6	98025919
rs58089101	R002	6	99703626	unique_+	chr6	99255750
rs75388466	R001	3	49463101	unique_+	chr3	49425668
rs189900958	R003	4	103329736	unique_+	chr4	102408579
rs186541016	R002	6	99080583	unique_+	chr6	98632707
rs79159165	R001	3	50685690	unique_+	chr3	50648259
rs183920455	R003	4	102701331	unique_+	chr4	101780174
rs141871370	R003	4	102816488	unique_+	chr4	101895331
rs143685999	R003	4	103331119	unique_+	chr4	102409962
rs187198890	R003	4	102391690	unique_+	chr4	101470533
rs146951328	R001	3	50207804	unique_+	chr3	50170371
rs142331332	R002	6	99279074	unique_+	chr6	98831198
rs59795398	R003	4	102487843	unique_+	chr4	101566686
rs75754052	R002	6	99107768	unique_+	chr6	98659892
rs76829206	R003	4	103409525	unique_+	chr4	102488368
rs6826943	R003	4	103198375	unique_+	chr4	102277218
rs73836457	R003	4	102469259	unique_+	chr4	101548102
rs55804949	R003	4	103328433	unique_+	chr4	102407276
rs139766260	R001	3	48610014	unique_+	chr3	48572581
rs79410522	R003	4	102874995	unique_+	chr4	101953838
rs74514989	R002	6	98991853	unique_+	chr6	98543977
rs77012634	R001	3	49507020	unique_+	chr3	49469587
rs4648017	R003	4	103490185	unique_+	chr4	102569028
rs147207616	R003	4	103207446	unique_+	chr4	102286289
rs3731509	R001	3	48221706	unique_+	chr3	48180216
rs12641899	R003	4	102801484	unique_+	chr4	101880327
rs4470853	R002	6	99813323	unique_+	chr6	99365447
rs13205324	R002	6	99995320	unique_+	chr6	99547444
rs10031172	R003	4	102853602	unique_+	chr4	101932445
rs35414021	R001	3	48293524	unique_+	chr3	48252034
rs34728236	R001	3	48259108	unique_+	chr3	48217618
rs6442119	R001	3	48440178	unique_+	chr3	48398713
rs11716848	R001	3	48378500	unique_+	chr3	48337010
rs9321324	R002	6	99482883	unique_+	chr6	99035007
rs77791952	R002	6	99408440	unique_+	chr6	98960564
rs7699542	R003	4	103218448	unique_+	chr4	102297291
rs6796343	R001	3	48282021	unique_+	chr3	48240531
rs9400956	R002	6	97952303	unique_+	chr6	97504427
rs144469365	R003	4	102257597	unique_+	chr4	101336440
rs13195012	R002	6	99995629	unique_+	chr6	99547753
rs9493177	R002	6	99483590	unique_+	chr6	99035714
rs13059037	R001	3	48287879	unique_+	chr3	48246389
rs6804774	R001	3	48430617	unique_+	chr3	48389129
rs12487542	R001	3	48426076	unique_+	chr3	48384586
rs149454053	R003	4	103346138	unique_+	chr4	102424981
rs116538600	R003	4	103251473	unique_+	chr4	102330316
rs41499647	R001	3	50525154	unique_+	chr3	50487723
rs230521	R003	4	103463328	unique_+	chr4	102542171
rs4376358	R002	6	99556798	unique_+	chr6	99108922
rs3731497	R001	3	48226553	unique_+	chr3	48185063
rs34539806	R001	3	49742584	unique_+	chr3	49705151
rs9484021	R002	6	100008135	unique_+	chr6	99560259
rs6920421	R002	6	99183696	unique_+	chr6	98735820
rs181730865	R003	4	102211955	unique_+	chr4	101290798
rs144360050	R003	4	102394250	unique_+	chr4	101473093
rs55929428	R003	4	103238268	unique_+	chr4	102317111
rs9494698	R002	6	99996627	unique_+	chr6	99548751
rs148796705	R001	3	50075303	unique_+	chr3	50037870
rs34761139	R001	3	48427979	unique_+	chr3	48386489
rs9398489	R002	6	98125960	unique_+	chr6	97678084
rs72688553	R003	4	103058277	unique_+	chr4	102137120
rs75978636	R001	3	50753532	unique_+	chr3	50716101
rs78775162	R003	4	102325889	unique_+	chr4	101404732
rs13324374	R001	3	48484890	unique_+	chr3	48443482
rs9812647	R001	3	48448914	unique_+	chr3	48407507
rs434644	R003	4	103583189	unique_+	chr4	102662032
rs115692550	R003	4	102555429	unique_+	chr4	101634272
rs9482399	R002	6	98624022	unique_+	chr6	98176146
rs71323391	R001	3	48295700	unique_+	chr3	48254210
rs9400955	R002	6	97951853	unique_+	chr6	97503977
rs73074358	R001	3	48427247	unique_+	chr3	48385757
rs2180049	R002	6	99481676	unique_+	chr6	99033800
rs78546088	R003	4	102947486	unique_+	chr4	102026329
rs9484032	R002	6	100014918	unique_+	chr6	99567042
rs59724112	R003	4	102470961	unique_+	chr4	101549804
rs9862575	R001	3	48438571	unique_+	chr3	48397105
rs79881086	R002	6	99230137	unique_+	chr6	98782261
rs76140443	R001	3	48612471	unique_+	chr3	48575038
rs35846205	R002	6	97814223	unique_+	chr6	97366347
rs230529	R003	4	103457418	unique_+	chr4	102536261
rs117209605	R002	6	99470246	unique_+	chr6	99022370
rs79310258	R001	3	48259667	unique_+	chr3	48218177
rs72932545	R002	6	99950144	unique_+	chr6	99502268
rs2033899	R003	4	103215536	unique_+	chr4	102294379
rs6847576	R003	4	102433630	unique_+	chr4	101512473
rs114743756	R001	3	48541913	unique_+	chr3	48504480
rs191201528	R001	3	48358653	unique_+	chr3	48317163
rs230526	R003	4	103458825	unique_+	chr4	102537668
rs116164497	R003	4	102393781	unique_+	chr4	101472624
rs6796491	R001	3	48430465	unique_+	chr3	48388977
rs181225460	R001	3	48138726	unique_+	chr3	48097236
rs11942074	R003	4	103165885	unique_+	chr4	102244728
rs150397	R002	6	98962749	unique_+	chr6	98514873
rs4698985	R003	4	102887749	unique_+	chr4	101966592
rs28824259	R001	3	48425675	unique_+	chr3	48384185
rs211204	R002	6	98968251	unique_+	chr6	98520375
rs146984252	R002	6	98953952	unique_+	chr6	98506076
rs192860147	R002	6	98257759	unique_+	chr6	97809883
rs58379650	R003	4	103176740	unique_+	chr4	102255583
rs182661546	R001	3	49281324	unique_+	chr3	49243891
rs188969877	R002	6	99899749	unique_+	chr6	99451873
rs138405578	R003	4	103639688	unique_+	chr4	102718531
rs183335407	R002	6	98813658	unique_+	chr6	98365782
rs150413606	R003	4	102541750	unique_+	chr4	101620593
rs7774292	R002	6	98463301	unique_+	chr6	98015425
rs144453433	R001	3	50250305	unique_+	chr3	50212872
rs190290752	R002	6	98511016	unique_+	chr6	98063140
rs986742	R001	3	48395322	unique_+	chr3	48353832
rs17188652	R003	4	102424014	unique_+	chr4	101502857
rs13097450	R001	3	48267825	unique_+	chr3	48226335
rs35870351	R002	6	100024424	unique_+	chr6	99576548
rs148040903	R002	6	99074253	unique_+	chr6	98626377
rs6837756	R003	4	102467478	unique_+	chr4	101546321
rs145736690	R001	3	49750446	unique_+	chr3	49713013
rs147226055	R001	3	48929070	unique_+	chr3	48891637
rs138206338	R001	3	48605497	unique_+	chr3	48568064
rs139735919	R002	6	98678048	unique_+	chr6	98230172
rs189812900	R001	3	50689633	unique_+	chr3	50652202
rs184428057	R002	6	99712022	unique_+	chr6	99264146
rs72696136	R003	4	103438964	unique_+	chr4	102517807
rs115390612	R003	4	103163964	unique_+	chr4	102242807
rs185888316	R001	3	48337029	unique_+	chr3	48295539
rs181956167	R001	3	50228412	unique_+	chr3	50190979
rs3731515	R001	3	48217657	unique_+	chr3	48176167
rs11097783	R003	4	103368502	unique_+	chr4	102447345
rs191666080	R002	6	99879011	unique_+	chr6	99431135
rs114490822	R003	4	103740892	unique_+	chr4	102819735
rs150921490	R001	3	48571896	unique_+	chr3	48534463
rs144782383	R001	3	49256645	unique_+	chr3	49219212
rs192350533	R003	4	102389184	unique_+	chr4	101468027
rs186133042	R002	6	98577393	unique_+	chr6	98129517
rs78805796	R001	3	48316223	unique_+	chr3	48274733
rs111662578	R003	4	103016287	unique_+	chr4	102095130
rs184486901	R003	4	103750648	unique_+	chr4	102829491
rs9864815	R001	3	48434063	unique_+	chr3	48392588
rs74385130	R003	4	102876337	unique_+	chr4	101955180
rs6442118	R001	3	48440047	unique_+	chr3	48398582
rs9826195	R001	3	48433635	unique_+	chr3	48392157
rs187803058	R003	4	102400910	unique_+	chr4	101479753
rs12526079	R002	6	99565215	unique_+	chr6	99117339
rs4839709	R002	6	97737422	unique_+	chr6	97289546
rs148141255	R002	6	99741289	unique_+	chr6	99293413
rs9864371	R001	3	48426766	unique_+	chr3	48385276
rs72928379	R002	6	100019410	unique_+	chr6	99571534
rs56224400	R002	6	98092675	unique_+	chr6	97644799
rs76757091	R002	6	99226429	unique_+	chr6	98778553
rs113882503	R003	4	102828196	unique_+	chr4	101907039
rs2092769	R002	6	99472249	unique_+	chr6	99024373
rs112157585	R002	6	99158120	unique_+	chr6	98710244
rs56791074	R003	4	102702212	unique_+	chr4	101781055
rs3731494	R001	3	48228212	unique_+	chr3	48186722
rs17031503	R003	4	102551731	unique_+	chr4	101630574
rs79591236	R002	6	99529048	unique_+	chr6	99081172
rs9488415	R002	6	97733380	unique_+	chr6	97285504
rs17031588	R003	4	102655187	unique_+	chr4	101734030
rs4558783	R001	3	48407462	unique_+	chr3	48365972
rs143701893	R001	3	48704383	unique_+	chr3	48666950
rs188327848	R003	4	102781832	unique_+	chr4	101860675
rs9881491	R001	3	48487911	unique_+	chr3	48446507
rs78349477	R003	4	103164614	unique_+	chr4	102243457
rs7433888	R001	3	49838053	unique_+	chr3	49800620
rs7671667	R003	4	102561312	unique_+	chr4	101640155
rs117432354	R002	6	99958326	unique_+	chr6	99510450
rs146278800	R001	3	50520235	unique_+	chr3	50482804
rs113420339	R003	4	102399964	unique_+	chr4	101478807
rs28735916	R003	4	102551755	unique_+	chr4	101630598
rs211214	R002	6	98975506	unique_+	chr6	98527630
rs9809843	R001	3	48434398	unique_+	chr3	48392923
rs2045554	R001	3	48494542	unique_+	chr3	48453142
rs6442123	R001	3	48500286	unique_+	chr3	48458887
rs56718028	R003	4	103165019	unique_+	chr4	102243862
rs1563736	R001	3	48436794	unique_+	chr3	48395329
rs192680478	R002	6	99715381	unique_+	chr6	99267505
rs59247268	R003	4	103165047	unique_+	chr4	102243890
rs142197643	R003	4	102391510	unique_+	chr4	101470353
rs41276945	R003	4	103595289	unique_+	chr4	102674132
rs143166692	R003	4	103823251	unique_+	chr4	102902094
rs9875280	R001	3	48428911	unmapped_or_nonunique_or_changed_chromosome	NA	NA
rs17823966	R003	4	103189036	unique_+	chr4	102267879
rs9320644	R002	6	98097977	unique_+	chr6	97650101
rs7757255	R002	6	99805900	unique_+	chr6	99358024
rs62327912	R003	4	103176039	unique_+	chr4	102254882
rs149657938	R002	6	99472226	unique_+	chr6	99024350
rs76699816	R001	3	50846401	unique_+	chr3	50808970
rs150266132	R002	6	97750860	unique_+	chr6	97302984
rs9483379	R002	6	99480090	unique_+	chr6	99032214
rs17057953	R002	6	98170442	unique_+	chr6	97722566
rs73837208	R003	4	103338469	unique_+	chr4	102417312
rs75772141	R003	4	103267797	unique_+	chr4	102346640
rs9400727	R002	6	97737897	unique_+	chr6	97290021
rs36020562	R001	3	48258638	unique_+	chr3	48217148
rs72930694	R002	6	99912425	unique_+	chr6	99464549
rs56028926	R003	4	103166086	unique_+	chr4	102244929
rs138621018	R001	3	49263020	unique_+	chr3	49225587
rs17824524	R003	4	103206152	unique_+	chr4	102284995
rs114211633	R003	4	102971446	unique_+	chr4	102050289
rs138228422	R002	6	99064295	unique_+	chr6	98616419
rs139905721	R003	4	102436636	unique_+	chr4	101515479
rs79345136	R001	3	48313926	unique_+	chr3	48272436
rs59935511	R003	4	103292628	unique_+	chr4	102371471
rs9838618	R001	3	48487353	unmapped_or_nonunique_or_changed_chromosome	NA	NA
rs35544155	R003	4	102573808	unique_+	chr4	101652651
rs9491655	R002	6	98936188	unique_+	chr6	98488312
rs654153	R002	6	98672847	unique_+	chr6	98224971
rs183488885	R002	6	99709943	unique_+	chr6	99262067
rs191979881	R003	4	103286320	unique_+	chr4	102365163
rs230528	R003	4	103457585	unique_+	chr4	102536428
rs184790843	R002	6	98034926	unique_+	chr6	97587050
rs75426188	R001	3	48840627	unique_+	chr3	48803194
rs139555296	R003	4	103290092	unique_+	chr4	102368935
rs188804749	R002	6	99206481	unique_+	chr6	98758605
rs140119958	R003	4	103542485	unique_+	chr4	102621328
rs747654	R001	3	48502606	unique_+	chr3	48461207
rs111875034	R001	3	50239080	unique_+	chr3	50201647
rs186637845	R001	3	48402311	unique_+	chr3	48360821
rs76615823	R003	4	103623900	unique_+	chr4	102702743
rs147284474	R003	4	103342854	unique_+	chr4	102421697
rs77466581	R003	4	102493176	unique_+	chr4	101572019
rs181016856	R003	4	103885014	unique_+	chr4	102963857
rs59865579	R003	4	103190778	unique_+	chr4	102269621
rs147263716	R002	6	99621025	unique_+	chr6	99173149
rs182062989	R003	4	103396452	unique_+	chr4	102475295
rs149966373	R003	4	103392630	unique_+	chr4	102471473
rs55840318	R001	3	50527914	unique_+	chr3	50490483
rs34360255	R001	3	48608375	unique_+	chr3	48570942
rs146490987	R002	6	98165071	unique_+	chr6	97717195
rs142983714	R001	3	50909981	unique_+	chr3	50872550
rs184213354	R003	4	102632045	unique_+	chr4	101710888
rs139740001	R001	3	49133128	unique_+	chr3	49095695
rs190661245	R002	6	100002095	unique_+	chr6	99554219
rs144253132	R001	3	50699992	unique_+	chr3	50662561
rs146138122	R001	3	48317176	unique_+	chr3	48275686
rs138046535	R003	4	103735215	unique_+	chr4	102814058
rs184616594	R003	4	102383241	unique_+	chr4	101462084
rs185582058	R002	6	98819912	unique_+	chr6	98372036
rs4398526	R003	4	102382498	unique_+	chr4	101461341
rs13114343	R003	4	103189416	unique_+	chr4	102268259
rs35297486	R001	3	48378147	unique_+	chr3	48336657
rs6569770	R002	6	99471885	unique_+	chr6	99024009
rs4839737	R002	6	99478304	unique_+	chr6	99030428
rs80252880	R002	6	99344117	unique_+	chr6	98896241
rs180935496	R003	4	102416696	unique_+	chr4	101495539
rs9826247	R001	3	48497145	unique_+	chr3	48455745
rs230517	R003	4	103470193	unique_+	chr4	102549036
rs59494802	R003	4	103346846	unique_+	chr4	102425689
rs77703740	R002	6	100021048	unique_+	chr6	99573172
rs9384908	R002	6	97744883	unique_+	chr6	97297007
rs11940068	R003	4	103159273	unique_+	chr4	102238116
rs72930232	R003	4	103350440	unique_+	chr4	102429283
rs6800475	R001	3	48492541	unique_+	chr3	48451135
rs112879286	R003	4	102865741	unique_+	chr4	101944584
rs11734871	R003	4	102874074	unique_+	chr4	101952917
rs17059003	R002	6	99443537	unique_+	chr6	98995661
rs77449088	R002	6	98085936	unique_+	chr6	97638060
rs189751967	R002	6	97848573	unique_+	chr6	97400697
rs115583888	R001	3	50144083	unique_+	chr3	50106650
rs2213553	R002	6	98937146	unique_+	chr6	98489270
rs926163	R003	4	103364762	unique_+	chr4	102443605
rs191964519	R001	3	49860695	unique_+	chr3	49823262
rs149988324	R002	6	99807623	unique_+	chr6	99359747
rs4645430	R002	6	99556349	unique_+	chr6	99108473
rs236745	R003	4	103111242	unique_+	chr4	102190085
rs187307360	R002	6	98590087	unique_+	chr6	98142211
rs78206331	R001	3	48272659	unique_+	chr3	48231169
rs1380053	R001	3	48227462	unique_+	chr3	48185972
rs55866413	R003	4	103156971	unique_+	chr4	102235814
rs34646335	R001	3	50628029	unique_+	chr3	50590598
rs114730095	R001	3	48858302	unique_+	chr3	48820869
rs148968773	R002	6	97976370	unique_+	chr6	97528494
rs2092770	R002	6	99472740	unique_+	chr6	99024864
rs148413194	R001	3	48162223	unique_+	chr3	48120733
rs4295490	R002	6	98082255	unique_+	chr6	97634379
rs62327946	R003	4	103207968	unique_+	chr4	102286811
rs150396	R002	6	98962591	unique_+	chr6	98514715
rs11715799	R001	3	48255220	unique_+	chr3	48213730
rs735466	R002	6	98173760	unique_+	chr6	97725884
rs62422437	R002	6	99624104	unique_+	chr6	99176228
rs413967	R003	4	103583196	unique_+	chr4	102662039
rs35185849	R002	6	97750924	unique_+	chr6	97303048
rs74344171	R002	6	99485951	unique_+	chr6	99038075
rs9402560	R002	6	99674848	unique_+	chr6	99226972
rs9398448	R002	6	97987837	unique_+	chr6	97539961
rs117496091	R002	6	99466183	unique_+	chr6	99018307
rs9483374	R002	6	99476311	unique_+	chr6	99028435
rs187023448	R001	3	49089067	unique_+	chr3	49051634
rs17786132	R001	3	48249420	unique_+	chr3	48207930
rs188290745	R003	4	103251700	unique_+	chr4	102330543
rs112601564	R002	6	99700191	unique_+	chr6	99252315
rs9483378	R002	6	99479941	unique_+	chr6	99032065
rs117977226	R002	6	99979769	unique_+	chr6	99531893
rs77535416	R001	3	48789310	unique_+	chr3	48751877
rs9388676	R002	6	99175625	unique_+	chr6	98727749
rs56678120	R002	6	99676418	unique_+	chr6	99228542
rs11725488	R003	4	102541941	unique_+	chr4	101620784
rs112677866	R001	3	49482655	unique_+	chr3	49445222
rs13091785	R001	3	48494098	unique_+	chr3	48452692
rs58740704	R002	6	99710614	unique_+	chr6	99262738
rs76303033	R003	4	102462554	unique_+	chr4	101541397
rs144793981	R003	4	102267157	unique_+	chr4	101346000
rs185504459	R002	6	99648724	unique_+	chr6	99200848
rs138657302	R003	4	103156375	unique_+	chr4	102235218
rs115831054	R003	4	102217954	unique_+	chr4	101296797
rs191322072	R002	6	99692423	unique_+	chr6	99244547
rs191653432	R001	3	50689022	unique_+	chr3	50651591
rs75404779	R003	4	102215231	unique_+	chr4	101294074
rs150942115	R001	3	48319031	unique_+	chr3	48277541
rs75394422	R001	3	49333079	unique_+	chr3	49295646
rs151282058	R003	4	103691274	unique_+	chr4	102770117
rs112841210	R002	6	97938986	unique_+	chr6	97491110
rs185196945	R003	4	103170422	unique_+	chr4	102249265
rs76202594	R002	6	98117873	unique_+	chr6	97669997
rs79145265	R001	3	50342621	unique_+	chr3	50305190
rs7652762	R001	3	48456769	unique_+	chr3	48415360
rs140191607	R001	3	48652784	unique_+	chr3	48615351
rs117232778	R002	6	98754957	unique_+	chr6	98307081
rs183270928	R002	6	99542687	unique_+	chr6	99094811
rs117080764	R002	6	98000917	unique_+	chr6	97553041
rs182882299	R002	6	99621172	unique_+	chr6	99173296
rs117566304	R002	6	98821139	unique_+	chr6	98373263
rs73491449	R002	6	99541802	unique_+	chr6	99093926
rs71614690	R003	4	102278524	unique_+	chr4	101357367
rs58836053	R001	3	49079486	unique_+	chr3	49042053
rs142514186	R002	6	98411891	unique_+	chr6	97964015
rs117143336	R002	6	99025129	unique_+	chr6	98577253
rs72926754	R003	4	103283673	unique_+	chr4	102362516
rs190444866	R001	3	49368989	unique_+	chr3	49331556
rs79914959	R001	3	48819553	unique_+	chr3	48782120
rs192345789	R002	6	98236505	unique_+	chr6	97788629
rs115448375	R002	6	99523515	unique_+	chr6	99075639
rs115047583	R003	4	102937917	unique_+	chr4	102016760
rs2232251	R001	3	50614990	unique_+	chr3	50577559
rs183030878	R003	4	103733396	unique_+	chr4	102812239
rs191441602	R002	6	98571862	unique_+	chr6	98123986
rs150527156	R003	4	103113406	unique_+	chr4	102192249
rs187084902	R003	4	103460018	unique_+	chr4	102538861
rs184149607	R003	4	102741927	unique_+	chr4	101820770
rs148946385	R001	3	50333363	unique_+	chr3	50295932
rs78026743	R001	3	49544341	unique_+	chr3	49506908
rs185933288	R001	3	50902699	unique_+	chr3	50865268
rs146555028	R003	4	103036657	unique_+	chr4	102115500
rs143247488	R002	6	98968958	unique_+	chr6	98521082
rs116611127	R003	4	102355264	unique_+	chr4	101434107
rs148929998	R002	6	99118127	unique_+	chr6	98670251
rs148442924	R002	6	99978651	unique_+	chr6	99530775
rs9493156	R002	6	99469841	unique_+	chr6	99021965
rs6826958	R003	4	103209043	unique_+	chr4	102287886
rs145908193	R002	6	99211788	unique_+	chr6	98763912
rs11966490	R002	6	98012624	unique_+	chr6	97564748
rs2127990	R002	6	99076800	unique_+	chr6	98628924
rs151501	R003	4	103068488	unique_+	chr4	102147331
rs75605365	R003	4	102707962	unique_+	chr4	101786805
rs12214554	R002	6	98853943	unique_+	chr6	98406067
rs200814	R002	6	97931516	unique_+	chr6	97483640
rs141566050	R001	3	50428459	unique_+	chr3	50391028
rs116955587	R002	6	97757667	unique_+	chr6	97309791
rs116666601	R003	4	103640903	unique_+	chr4	102719746
rs182123950	R003	4	103745639	unique_+	chr4	102824482
rs112992835	R002	6	99806993	unique_+	chr6	99359117
rs139919296	R001	3	48846505	unique_+	chr3	48809072
rs9493158	R002	6	99470038	unique_+	chr6	99022162
rs7740393	R002	6	98170114	unique_+	chr6	97722238
rs117234031	R002	6	97766087	unique_+	chr6	97318211
rs228617	R003	4	103580788	unique_+	chr4	102659631
rs11130170	R001	3	48449897	unique_+	chr3	48408490
rs192612777	R001	3	50920951	unique_+	chr3	50883520
rs1794594	R002	6	98985078	unique_+	chr6	98537202
rs117823876	R002	6	99133342	unique_+	chr6	98685466
rs72690439	R003	4	103153445	unique_+	chr4	102232288
rs79949905	R003	4	102689501	unique_+	chr4	101768344
rs2502952	R002	6	98630576	unique_+	chr6	98182700
rs13314659	R001	3	48449149	unique_+	chr3	48407742
rs75738090	R003	4	102964683	unique_+	chr4	102043526
rs186736485	R001	3	48160506	unique_+	chr3	48119016
rs6912398	R002	6	99802495	unique_+	chr6	99354619
rs11719365	R001	3	48280492	unique_+	chr3	48239002
rs77435558	R002	6	99144826	unique_+	chr6	98696950
rs12174237	R002	6	99726837	unique_+	chr6	99278961
rs72686713	R003	4	102728629	unique_+	chr4	101807472
rs80138418	R002	6	98086580	unique_+	chr6	97638704
rs77792197	R002	6	97985322	unique_+	chr6	97537446
rs1313924	R003	4	103375303	unique_+	chr4	102454146
rs2747747	R002	6	99478566	unique_+	chr6	99030690
rs17032056	R003	4	103036377	unique_+	chr4	102115220
rs181221894	R001	3	49750825	unique_+	chr3	49713392
rs6855752	R003	4	103156422	unique_+	chr4	102235265
rs238495	R003	4	103053192	unique_+	chr4	102132035
rs111502082	R002	6	99229657	unique_+	chr6	98781781
rs77059331	R003	4	103019795	unique_+	chr4	102098638
rs7618883	R001	3	48498456	unique_+	chr3	48457056
rs2505078	R002	6	98640362	unique_+	chr6	98192486
rs1506503	R003	4	103019375	unique_+	chr4	102098218
rs2892631	R002	6	99664400	unique_+	chr6	99216524
rs2388838	R002	6	99569397	unique_+	chr6	99121521
rs62432347	R002	6	99990177	unique_+	chr6	99542301
rs9372481	R002	6	98023766	unique_+	chr6	97575890
rs1009029	R002	6	99800701	unique_+	chr6	99352825
rs638458	R002	6	98982001	unique_+	chr6	98534125
rs2388836	R002	6	99556376	unique_+	chr6	99108500
rs1124241	R002	6	97722453	unique_+	chr6	97274577
rs150077448	R002	6	99285519	unique_+	chr6	98837643
rs10470686	R001	3	48449956	unique_+	chr3	48408549
rs74774488	R003	4	103069644	unique_+	chr4	102148487
rs1876200	R003	4	103015491	unique_+	chr4	102094334
rs6830450	R003	4	103156441	unique_+	chr4	102235284
rs404574	R003	4	103583208	unique_+	chr4	102662051
rs76151495	R003	4	103003714	unique_+	chr4	102082557
rs5027036	R002	6	98136425	unique_+	chr6	97688549
rs72610807	R002	6	99442261	unique_+	chr6	98994385
rs75495515	R002	6	99526559	unique_+	chr6	99078683
rs60709691	R003	4	103164073	unique_+	chr4	102242916
rs186715288	R003	4	102848175	unique_+	chr4	101927018
rs144239719	R001	3	48563262	unique_+	chr3	48525829
rs138534650	R002	6	98047360	unique_+	chr6	97599484
rs146434182	R003	4	103216051	unique_+	chr4	102294894
rs4839747	R002	6	99814530	unique_+	chr6	99366654
rs2230149	R001	3	49845526	unique_+	chr3	49808093
rs9483837	R002	6	99811718	unique_+	chr6	99363842
rs191883106	R003	4	103482635	unique_+	chr4	102561478
rs145328766	R002	6	99375580	unique_+	chr6	98927704
rs113097907	R003	4	103294053	unique_+	chr4	102372896
rs141525719	R001	3	50564091	unique_+	chr3	50526660
rs189611113	R001	3	49389958	unique_+	chr3	49352525
rs76460983	R003	4	103257155	unique_+	chr4	102335998
rs141471431	R003	4	103651176	unique_+	chr4	102730019
rs144863772	R003	4	102675789	unique_+	chr4	101754632
rs192803592	R002	6	99068435	unique_+	chr6	98620559
rs114930973	R001	3	50837698	unique_+	chr3	50800267
rs4688746	R001	3	50224374	unique_+	chr3	50186941
rs191372130	R003	4	102881591	unique_+	chr4	101960434
rs114412518	R003	4	103035625	unique_+	chr4	102114468
rs147272556	R002	6	99615837	unique_+	chr6	99167961
rs180795395	R001	3	49448314	unique_+	chr3	49410881
rs117632377	R002	6	98490280	unique_+	chr6	98042404
rs189009983	R003	4	102582604	unique_+	chr4	101661447
rs187295172	R002	6	97813649	unique_+	chr6	97365773
rs151206348	R002	6	99710090	unique_+	chr6	99262214
rs186810736	R002	6	98889804	unique_+	chr6	98441928
rs72694196	R003	4	103394883	unique_+	chr4	102473726
rs111596573	R002	6	99336372	unique_+	chr6	98888496
rs144450851	R001	3	50761745	unique_+	chr3	50724314
rs140476418	R002	6	99186983	unique_+	chr6	98739107
rs181961349	R001	3	48114014	unique_+	chr3	48072524
rs2572129	R002	6	99477742	unique_+	chr6	99029866
rs186076249	R001	3	48963912	unique_+	chr3	48926479
rs191154726	R002	6	98812527	unique_+	chr6	98364651
rs147740533	R003	4	102377134	unique_+	chr4	101455977
rs6842058	R003	4	103881732	unique_+	chr4	102960575
rs139344846	R002	6	99699923	unique_+	chr6	99252047
rs12641144	R003	4	102740604	unique_+	chr4	101819447
rs1609798	R003	4	103537442	unique_+	chr4	102616285
rs9384980	R002	6	97926677	unique_+	chr6	97478801
rs11153779	R002	6	98164356	unique_+	chr6	97716480
rs72934472	R002	6	99277685	unique_+	chr6	98829809
rs7745052	R002	6	99640610	unique_+	chr6	99192734
rs2213554	R002	6	98937790	unique_+	chr6	98489914
rs1680141	R002	6	98985073	unique_+	chr6	98537197
rs4145406	R002	6	97921380	unique_+	chr6	97473504
rs6533043	R003	4	103882778	unique_+	chr4	102961621
rs150842737	R002	6	98057801	unique_+	chr6	97609925
rs71326939	R001	3	50662845	unique_+	chr3	50625414
rs76240453	R002	6	99262854	unique_+	chr6	98814978
rs2267844	R001	3	48591481	unique_+	chr3	48554048
rs76619828	R002	6	99357268	unique_+	chr6	98909392
rs11931775	R003	4	102451614	unique_+	chr4	101530457
rs116603563	R002	6	99710152	unique_+	chr6	99262276
rs75054573	R001	3	48581461	unique_+	chr3	48544028
rs62432343	R002	6	99980027	unique_+	chr6	99532151
rs12199979	R002	6	98888149	unique_+	chr6	98440273
rs17806588	R002	6	97744036	unique_+	chr6	97296160
rs71562328	R002	6	97741432	unique_+	chr6	97293556
rs2747748	R002	6	99479842	unique_+	chr6	99031966
rs12661967	R002	6	97983742	unique_+	chr6	97535866
rs6570003	R002	6	99810128	unique_+	chr6	99362252
rs35456569	R001	3	48250899	unique_+	chr3	48209409
rs142500578	R001	3	50021296	unique_+	chr3	49983863
rs117462169	R002	6	99510912	unique_+	chr6	99063036
rs9681947	R001	3	49196925	unique_+	chr3	49159492
rs74285015	R003	4	102987289	unique_+	chr4	102066132
rs17208914	R003	4	102854390	unique_+	chr4	101933233
rs62432350	R002	6	100005297	unique_+	chr6	99557421
rs4624656	R003	4	102824474	unique_+	chr4	101903317
rs73831566	R001	3	48351662	unique_+	chr3	48310172
rs78551121	R002	6	98032728	unique_+	chr6	97584852
rs901626	R002	6	98629791	unique_+	chr6	98181915
rs6847253	R003	4	102433674	unique_+	chr4	101512517
rs179195	R003	4	103575067	unique_+	chr4	102653910
rs79817467	R002	6	99954186	unique_+	chr6	99506310
rs74972253	R002	6	98032816	unique_+	chr6	97584940
rs72610808	R002	6	99444910	unique_+	chr6	98997034
rs150667788	R003	4	103741740	unique_+	chr4	102820583
rs78589159	R002	6	99407917	unique_+	chr6	98960041
rs6912390	R002	6	99802478	unique_+	chr6	99354602
rs28449883	R002	6	98171572	unique_+	chr6	97723696
rs191022895	R003	4	103199925	unique_+	chr4	102278768
rs4394222	R002	6	99135952	unique_+	chr6	98688076
rs141759903	R001	3	48657275	unique_+	chr3	48619842
rs74590696	R002	6	99843948	unique_+	chr6	99396072
rs77993828	R001	3	48263782	unique_+	chr3	48222292
rs113388562	R002	6	98703540	unique_+	chr6	98255664
rs191923	R002	6	98982801	unique_+	chr6	98534925
rs113125567	R003	4	103611108	unique_+	chr4	102689951
rs12216284	R002	6	98884650	unique_+	chr6	98436774
rs117980246	R002	6	99508760	unique_+	chr6	99060884
rs72943248	R002	6	99556599	unique_+	chr6	99108723
rs11945205	R003	4	103162998	unique_+	chr4	102241841
rs59394304	R002	6	98169437	unique_+	chr6	97721561
rs140563627	R003	4	103366860	unique_+	chr4	102445703
rs11751490	R002	6	99397434	unique_+	chr6	98949558
rs211203	R002	6	98965885	unique_+	chr6	98518009
rs147893022	R002	6	98327188	unique_+	chr6	97879312
rs151483	R003	4	103103664	unique_+	chr4	102182507
rs4839969	R002	6	99135472	unique_+	chr6	98687596
rs71564251	R002	6	99196989	unique_+	chr6	98749113
rs28384406	R002	6	100016814	unique_+	chr6	99568938
rs116708156	R001	3	49900970	unique_+	chr3	49863537
rs188388343	R002	6	99777001	unique_+	chr6	99329125
rs118189083	R002	6	99213965	unique_+	chr6	98766089
rs145517632	R002	6	98544608	unique_+	chr6	98096732
rs2129621	R002	6	98595816	unique_+	chr6	98147940
rs150207096	R001	3	48925232	unique_+	chr3	48887799
rs9833600	R001	3	48649406	unique_+	chr3	48611973
rs148292059	R001	3	49489264	unique_+	chr3	49451831
rs190238550	R001	3	49261049	unique_+	chr3	49223616
rs140644114	R002	6	97913266	unique_+	chr6	97465390
rs190059358	R001	3	50056115	unique_+	chr3	50018682
rs62434575	R002	6	100019909	unique_+	chr6	99572033
rs147047054	R003	4	103691308	unique_+	chr4	102770151
rs148501050	R001	3	50112706	unique_+	chr3	50075273
rs185284669	R001	3	48751157	unique_+	chr3	48713724
rs4699254	R003	4	102663719	unique_+	chr4	101742562
rs183353952	R003	4	103081329	unique_+	chr4	102160172
rs143913817	R001	3	48324129	unique_+	chr3	48282639
rs76745970	R003	4	102951333	unique_+	chr4	102030176
rs112009718	R003	4	102217714	unique_+	chr4	101296557
rs114095096	R003	4	103432411	unique_+	chr4	102511254
rs141321664	R003	4	102457872	unique_+	chr4	101536715
rs186414884	R002	6	99364788	unique_+	chr6	98916912
rs192467320	R002	6	99329838	unique_+	chr6	98881962
rs57269894	R003	4	102484893	unique_+	chr4	101563736
rs187730895	R001	3	48541311	unique_+	chr3	48503878
rs183940570	R002	6	98259706	unique_+	chr6	97811830
rs117259561	R002	6	99328160	unique_+	chr6	98880284
rs191423289	R003	4	103187766	unique_+	chr4	102266609
rs138228375	R001	3	48189702	unique_+	chr3	48148212
rs188072660	R002	6	99134983	unique_+	chr6	98687107
rs192572049	R002	6	99524745	unique_+	chr6	99076869
rs149814674	R002	6	98983118	unique_+	chr6	98535242
rs10022203	R003	4	102520090	unique_+	chr4	101598933
rs115923247	R003	4	103194111	unique_+	chr4	102272954
rs140746479	R002	6	97819588	unique_+	chr6	97371712
rs77162208	R003	4	102996485	unique_+	chr4	102075328
rs9389159	R002	6	99705415	unique_+	chr6	99257539
rs144923336	R001	3	49840114	unique_+	chr3	49802681
rs145426311	R001	3	50932486	unique_+	chr3	50895055
rs4632664	R003	4	102692665	unique_+	chr4	101771508
rs112412933	R003	4	102508971	unique_+	chr4	101587814
rs61623487	R002	6	99225701	unique_+	chr6	98777825
rs1314336	R003	4	103378866	unique_+	chr4	102457709
rs228630	R003	4	103573749	unique_+	chr4	102652592
rs9373040	R002	6	99597682	unique_+	chr6	99149806
rs78510670	R002	6	98910539	unique_+	chr6	98462663
rs147775918	R003	4	103285048	unique_+	chr4	102363891
rs6928916	R002	6	97923304	unique_+	chr6	97475428
rs115440104	R001	3	48324972	unique_+	chr3	48283482
rs74769328	R002	6	99514498	unique_+	chr6	99066622
rs61429188	R003	4	103362775	unique_+	chr4	102441618
rs34316889	R002	6	99374760	unique_+	chr6	98926884
rs10031633	R003	4	102348358	unique_+	chr4	101427201
rs17761885	R002	6	99009186	unique_+	chr6	98561310
rs12190827	R002	6	99550419	unique_+	chr6	99102543
rs114803704	R002	6	97901215	unique_+	chr6	97453339
rs11733537	R003	4	103052268	unique_+	chr4	102131111
rs112571942	R003	4	102462540	unique_+	chr4	101541383
rs190219776	R003	4	102802620	unique_+	chr4	101881463
rs112269639	R001	3	50185967	unique_+	chr3	50148534
rs9399112	R002	6	99736941	unique_+	chr6	99289065
rs148925643	R001	3	49031365	unique_+	chr3	48993932
rs9387216	R002	6	97729953	unique_+	chr6	97282077
rs117786850	R002	6	97930099	unique_+	chr6	97482223
rs76686056	R002	6	99458017	unique_+	chr6	99010141
rs116162163	R001	3	50495364	unique_+	chr3	50457933
rs228632	R003	4	103573904	unique_+	chr4	102652747
rs1824363	R001	3	48490608	unique_+	chr3	48449203
rs140453439	R002	6	99729665	unique_+	chr6	99281789
rs150206168	R002	6	98546363	unique_+	chr6	98098487
rs60245306	R003	4	103163926	unique_+	chr4	102242769
rs114433610	R003	4	102700665	unique_+	chr4	101779508
rs78797185	R002	6	99090304	unique_+	chr6	98642428
rs6921694	R002	6	99396735	unique_+	chr6	98948859
rs6776700	R001	3	48496758	unique_+	chr3	48455358
rs77032314	R002	6	99621875	unique_+	chr6	99173999
rs3104082	R002	6	98898257	unique_+	chr6	98450381
rs62420367	R002	6	98351029	unique_+	chr6	97903153
rs9374606	R002	6	97929039	unique_+	chr6	97481163
rs116947258	R002	6	97726459	unique_+	chr6	97278583
rs1481451	R002	6	98980268	unique_+	chr6	98532392
rs75453134	R003	4	102589508	unique_+	chr4	101668351
rs111700303	R003	4	103560795	unique_+	chr4	102639638
rs72688545	R003	4	103051267	unique_+	chr4	102130110
rs76065342	R002	6	99229058	unique_+	chr6	98781182
rs80181986	R002	6	98172206	unique_+	chr6	97724330
rs72923088	R002	6	98121880	unique_+	chr6	97674004
rs142665183	R002	6	98589072	unique_+	chr6	98141196
rs34185522	R003	4	103162561	unique_+	chr4	102241404
rs77008171	R001	3	48075622	unique_+	chr3	48034132
rs114025812	R001	3	50857346	unique_+	chr3	50819915
rs116967909	R002	6	97846212	unique_+	chr6	97398336
rs2002540	R002	6	99723929	unique_+	chr6	99276053
rs184403364	R002	6	98927586	unique_+	chr6	98479710
rs184850801	R003	4	102236094	unique_+	chr4	101314937
rs142444024	R002	6	99369864	unique_+	chr6	98921988
rs184258881	R001	3	48905278	unique_+	chr3	48867845
rs141458101	R001	3	48916956	unique_+	chr3	48879523
rs77641582	R001	3	48449088	unique_+	chr3	48407681
rs74469031	R003	4	102219141	unique_+	chr4	101297984
rs7757603	R002	6	99806099	unique_+	chr6	99358223
rs4495276	R002	6	99805474	unique_+	chr6	99357598
rs4560294	R001	3	50547839	unique_+	chr3	50510408
rs78404041	R003	4	103061269	unique_+	chr4	102140112
rs75521683	R003	4	102809902	unique_+	chr4	101888745
rs79455411	R003	4	103377937	unique_+	chr4	102456780
rs78742718	R002	6	99472510	unique_+	chr6	99024634
rs190044028	R003	4	103346519	unique_+	chr4	102425362
rs192009805	R002	6	99921779	unique_+	chr6	99473903
rs145404281	R002	6	98179132	unique_+	chr6	97731256
rs183129985	R001	3	49907065	unique_+	chr3	49869632
rs72928919	R002	6	98287024	unique_+	chr6	97839148
rs193176261	R001	3	48671025	unique_+	chr3	48633592
rs56657827	R002	6	99786553	unique_+	chr6	99338677
rs144138938	R002	6	99024013	unique_+	chr6	98576137
rs189305662	R002	6	98270149	unique_+	chr6	97822273
rs143517884	R002	6	98176146	unique_+	chr6	97728270
rs144063532	R002	6	98255880	unique_+	chr6	97808004
rs188239302	R001	3	50836825	unique_+	chr3	50799394
rs191335035	R003	4	102848095	unique_+	chr4	101926938
rs143438532	R001	3	50395020	unique_+	chr3	50357589
rs146634092	R003	4	102789582	unique_+	chr4	101868425
rs188324831	R003	4	102598099	unique_+	chr4	101676942
rs9373105	R002	6	99733939	unique_+	chr6	99286063
rs115521165	R003	4	102872372	unique_+	chr4	101951215
rs144606994	R002	6	98176424	unique_+	chr6	97728548
rs184455444	R003	4	102607406	unique_+	chr4	101686249
rs188317269	R003	4	103432090	unique_+	chr4	102510933
rs184609271	R002	6	99681322	unique_+	chr6	99233446
rs79989444	R003	4	102451127	unique_+	chr4	101529970
rs114078169	R003	4	102457757	unique_+	chr4	101536600
rs145280503	R001	3	48348231	unique_+	chr3	48306741
rs150625463	R001	3	48361853	unique_+	chr3	48320363
rs182110603	R001	3	49324122	unique_+	chr3	49286689
rs147696130	R002	6	100023525	unique_+	chr6	99575649
rs139434028	R003	4	102551315	unique_+	chr4	101630158
rs188255734	R001	3	48321502	unique_+	chr3	48280012
rs143133548	R003	4	103650799	unique_+	chr4	102729642
rs56170222	R002	6	97951126	unique_+	chr6	97503250
rs186130703	R003	4	102728607	unique_+	chr4	101807450
rs139189697	R003	4	102501829	unique_+	chr4	101580672
rs185723856	R001	3	50322327	unique_+	chr3	50284896
rs192873436	R001	3	49105132	unique_+	chr3	49067699
rs72663162	R003	4	103733048	unique_+	chr4	102811891
rs144937807	R002	6	98822931	unique_+	chr6	98375055
rs117598708	R002	6	99893597	unique_+	chr6	99445721
rs1045732	R002	6	99720838	unique_+	chr6	99272962
rs4144222	R002	6	99034676	unique_+	chr6	98586800
rs56070234	R002	6	99811957	unique_+	chr6	99364081
rs2978641	R003	4	103575280	unique_+	chr4	102654123
rs72928989	R002	6	99810734	unique_+	chr6	99362858
rs114486544	R003	4	102970162	unique_+	chr4	102049005
rs79155184	R001	3	50202745	unique_+	chr3	50165312
rs74588527	R002	6	98031925	unique_+	chr6	97584049
rs144715242	R001	3	49316164	unique_+	chr3	49278731
rs117876618	R002	6	99169151	unique_+	chr6	98721275
rs11727457	R003	4	103055853	unique_+	chr4	102134696
rs1904995	R002	6	99033834	unique_+	chr6	98585958
rs12206944	R002	6	98725758	unique_+	chr6	98277882
rs72495324	R002	6	99811674	unique_+	chr6	99363798
rs79879184	R001	3	48503608	unique_+	chr3	48462209
rs4698968	R003	4	102656548	unique_+	chr4	101735391
rs56215225	R003	4	103187430	unique_+	chr4	102266273
rs79005907	R002	6	99525060	unique_+	chr6	99077184
rs9402563	R002	6	99679494	unique_+	chr6	99231618
rs10014309	R003	4	103383589	unique_+	chr4	102462432
rs17059328	R002	6	99717865	unique_+	chr6	99269989
rs195862	R002	6	99281809	unique_+	chr6	98833933
rs191868024	R002	6	99705005	unique_+	chr6	99257129
rs4648052	R003	4	103515055	unique_+	chr4	102593898
rs57994790	R001	3	48261866	unique_+	chr3	48220376
rs3736868	R002	6	100010603	unique_+	chr6	99562727
rs80053443	R002	6	99460585	unique_+	chr6	99012709
rs116192290	R001	3	49456758	unique_+	chr3	49419325
rs11097754	R003	4	102687298	unique_+	chr4	101766141
rs1590359	R002	6	100022125	unique_+	chr6	99574249
rs72943254	R002	6	99566264	unique_+	chr6	99118388
rs211217	R002	6	98977119	unique_+	chr6	98529243
rs2236947	R001	3	50371432	unique_+	chr3	50334001
rs142527109	R002	6	97763679	unique_+	chr6	97315803
rs58582477	R001	3	48249597	unique_+	chr3	48208107
rs17221648	R003	4	103075216	unique_+	chr4	102154059
rs9402036	R002	6	99111699	unique_+	chr6	98663823
rs28871712	R003	4	103394414	unique_+	chr4	102473257
rs7672408	R003	4	103001441	unique_+	chr4	102080284
rs34933779	R002	6	97899195	unique_+	chr6	97451319
rs7757567	R002	6	98169886	unique_+	chr6	97722010
rs139808768	R003	4	102372561	unique_+	chr4	101451404
rs147950905	R002	6	99280514	unique_+	chr6	98832638
rs117797211	R003	4	103605290	unique_+	chr4	102684133
rs67477060	R003	4	103113598	unique_+	chr4	102192441
rs4143099	R003	4	102950643	unique_+	chr4	102029486
rs62421881	R002	6	98166458	unique_+	chr6	97718582
rs9372467	R002	6	97938374	unique_+	chr6	97490498
rs79386247	R003	4	102950983	unique_+	chr4	102029826
rs55850707	R002	6	99812144	unique_+	chr6	99364268
rs17031500	R003	4	102551104	unique_+	chr4	101629947
rs145340006	R001	3	50775182	unique_+	chr3	50737751
rs114422306	R003	4	102956484	unique_+	chr4	102035327
rs1811810	R003	4	103360830	unique_+	chr4	102439673
rs3214041	R001	3	48454468	unique_+	chr3	48413059
rs12641017	R003	4	103016861	unique_+	chr4	102095704
rs142833294	R002	6	98056370	unique_+	chr6	97608494
rs79774301	R003	4	103186915	unique_+	chr4	102265758
rs116501020	R001	3	49916761	unique_+	chr3	49879328
rs74384103	R002	6	97906548	unique_+	chr6	97458672
rs1481463	R002	6	99052098	unique_+	chr6	98604222
rs35301099	R002	6	98099111	unique_+	chr6	97651235
rs139979022	R003	4	102723319	unique_+	chr4	101802162
rs12662600	R002	6	99701865	unique_+	chr6	99253989
rs114230045	R002	6	99714068	unique_+	chr6	99266192
rs115907811	R003	4	103389080	unique_+	chr4	102467923
rs141904443	R003	4	103859398	unique_+	chr4	102938241
rs171141	R003	4	103034123	unique_+	chr4	102112966
rs62432345	R002	6	99985787	unique_+	chr6	99537911
rs9996169	R003	4	103041682	unique_+	chr4	102120525
rs2236383	R002	6	100016115	unique_+	chr6	99568239
rs147176040	R003	4	103863052	unique_+	chr4	102941895
rs114169830	R001	3	49777730	unique_+	chr3	49740297
rs185478601	R003	4	102972686	unique_+	chr4	102051529
rs187601832	R001	3	48716679	unique_+	chr3	48679246
rs190111836	R003	4	103042259	unique_+	chr4	102121102
rs76863455	R002	6	97765059	unique_+	chr6	97317183
rs145870359	R003	4	103589979	unique_+	chr4	102668822
rs144548959	R003	4	102829899	unique_+	chr4	101908742
rs79815571	R001	3	48896701	unique_+	chr3	48859268
rs72928318	R003	4	103320984	unique_+	chr4	102399827
rs143627325	R002	6	97867587	unique_+	chr6	97419711
rs149426140	R001	3	48286540	unique_+	chr3	48245050
rs66965203	R002	6	97735963	unique_+	chr6	97288087
rs228631	R003	4	103573863	unique_+	chr4	102652706
rs187360676	R002	6	99873885	unique_+	chr6	99426009
rs189796459	R003	4	103842917	unique_+	chr4	102921760
rs184094847	R001	3	49893116	unique_+	chr3	49855683
rs146308504	R003	4	102735062	unique_+	chr4	101813905
rs117843650	R002	6	97914846	unique_+	chr6	97466970
rs116701757	R003	4	102459001	unique_+	chr4	101537844
rs193157817	R002	6	97832014	unique_+	chr6	97384138
rs117165267	R001	3	49407163	unique_+	chr3	49369730
rs72928987	R002	6	99810687	unique_+	chr6	99362811
rs116462865	R003	4	102985859	unique_+	chr4	102064702
rs140476369	R001	3	49128877	unique_+	chr3	49091444
rs192730261	R002	6	97996912	unique_+	chr6	97549036
rs191032983	R003	4	102917399	unique_+	chr4	101996242
rs9320672	R002	6	98171790	unique_+	chr6	97723914
rs78886545	R001	3	49118191	unique_+	chr3	49080758
rs74813713	R003	4	102746340	unique_+	chr4	101825183
rs75444552	R003	4	102744289	unique_+	chr4	101823132
rs187320061	R001	3	48220267	unique_+	chr3	48178777
rs76378922	R003	4	102747322	unique_+	chr4	101826165
rs190244475	R002	6	98402020	unique_+	chr6	97954144
rs139239065	R003	4	102616657	unique_+	chr4	101695500
rs76968463	R003	4	102478079	unique_+	chr4	101556922
rs189941048	R001	3	50129963	unique_+	chr3	50092530
rs185230887	R002	6	98585665	unique_+	chr6	98137789
rs192758751	R001	3	49267084	unique_+	chr3	49229651
rs72663164	R003	4	103747504	unique_+	chr4	102826347
rs113199669	R003	4	103652546	unique_+	chr4	102731389
rs145039729	R002	6	99551987	unique_+	chr6	99104111
rs77318849	R002	6	99438635	unique_+	chr6	98990759
rs3104080	R002	6	98901175	unique_+	chr6	98453299
rs1339200	R002	6	100023134	unique_+	chr6	99575258
rs6782560	R001	3	49013115	unique_+	chr3	48975682
rs1494772	R002	6	98908794	unique_+	chr6	98460918
rs6856488	R003	4	103008712	unique_+	chr4	102087555
rs1494774	R002	6	98907804	unique_+	chr6	98459928
rs117533590	R002	6	99811914	unique_+	chr6	99364038
rs116969588	R002	6	98368653	unique_+	chr6	97920777
rs28838703	R003	4	102555443	unique_+	chr4	101634286
rs6823329	R003	4	103007591	unique_+	chr4	102086434
rs141114471	R001	3	48258654	unique_+	chr3	48217164
rs113024262	R002	6	99709880	unique_+	chr6	99262004
rs77638167	R002	6	97716821	unique_+	chr6	97268945
rs116684805	R001	3	48822253	unique_+	chr3	48784820
rs11943946	R003	4	102524423	unique_+	chr4	101603266
rs115722680	R002	6	98157997	unique_+	chr6	97710121
rs3860235	R002	6	99068862	unique_+	chr6	98620986
rs2866431	R003	4	102639502	unique_+	chr4	101718345
rs2219958	R002	6	99059009	unique_+	chr6	98611133
rs158773	R002	6	98949550	unique_+	chr6	98501674
rs79016073	R002	6	99566068	unique_+	chr6	99118192
rs118047080	R002	6	98832383	unique_+	chr6	98384507
rs9402564	R002	6	99679902	unique_+	chr6	99232026
rs72927189	R003	4	102797346	unique_+	chr4	101876189
rs73758619	R002	6	97975816	unique_+	chr6	97527940
rs185421699	R001	3	49272455	unique_+	chr3	49235022
rs2388040	R002	6	97751624	unique_+	chr6	97303748
rs9401998	R002	6	99049155	unique_+	chr6	98601279
rs4839902	R002	6	97737826	unique_+	chr6	97289950
rs2397340	R002	6	100014320	unique_+	chr6	99566444
rs12204458	R002	6	99690879	unique_+	chr6	99243003
rs1578110	R002	6	100027425	unique_+	chr6	99579549
rs72926250	R002	6	99962102	unique_+	chr6	99514226
rs2016261	R002	6	99541672	unique_+	chr6	99093796
rs140350256	R002	6	99195527	unique_+	chr6	98747651
rs150376	R002	6	98951072	unique_+	chr6	98503196
rs112870327	R001	3	50688640	unique_+	chr3	50651209
rs137922198	R002	6	99381157	unique_+	chr6	98933281
rs72928990	R002	6	99811833	unique_+	chr6	99363957
rs9374661	R002	6	98025180	unique_+	chr6	97577304
rs74841687	R002	6	99381875	unique_+	chr6	98933999
rs200808	R002	6	97905228	unique_+	chr6	97457352
rs2450513	R002	6	98631461	unique_+	chr6	98183585
rs77824508	R002	6	98852586	unique_+	chr6	98404710
rs228612	R003	4	103575385	unique_+	chr4	102654228
rs13206614	R002	6	97719430	unique_+	chr6	97271554
rs4413410	R003	4	102644912	unique_+	chr4	101723755
rs12199872	R002	6	98888029	unique_+	chr6	98440153
rs11757364	R002	6	99781218	unique_+	chr6	99333342
rs4699255	R003	4	102671680	unique_+	chr4	101750523
rs72919422	R002	6	99803468	unique_+	chr6	99355592
rs2296154	R002	6	99993268	unique_+	chr6	99545392
rs72686761	R003	4	102846622	unique_+	chr4	101925465
rs1383809	R002	6	99021322	unique_+	chr6	98573446
rs10046299	R002	6	98158175	unique_+	chr6	97710299
rs13152401	R003	4	103010009	unique_+	chr4	102088852
rs72686742	R003	4	102791830	unique_+	chr4	101870673
rs12660603	R002	6	97970749	unique_+	chr6	97522873
rs76508722	R001	3	48314581	unique_+	chr3	48273091
rs138138536	R001	3	49612853	unique_+	chr3	49575420
rs78939128	R001	3	48183330	unique_+	chr3	48141840
rs12660321	R002	6	99727653	unique_+	chr6	99279777
rs6929121	R002	6	98084133	unique_+	chr6	97636257
rs6933674	R002	6	99705374	unique_+	chr6	99257498
rs79474500	R002	6	97900898	unique_+	chr6	97453022
rs4131044	R002	6	99812657	unique_+	chr6	99364781
rs230539	R003	4	103495532	unique_+	chr4	102574375
rs74878522	R003	4	102930087	unique_+	chr4	102008930
rs77955512	R002	6	99473019	unique_+	chr6	99025143
rs113326450	R002	6	99707189	unique_+	chr6	99259313
rs117935554	R002	6	99053505	unique_+	chr6	98605629
rs114825405	R003	4	102466703	unique_+	chr4	101545546
rs112787960	R002	6	98153056	unique_+	chr6	97705180
rs13209203	R002	6	99279182	unique_+	chr6	98831306
rs75648316	R002	6	98900160	unique_+	chr6	98452284
rs7681239	R003	4	103188294	unique_+	chr4	102267137
rs6925293	R002	6	99054479	unique_+	chr6	98606603
rs114287800	R001	3	49450137	unique_+	chr3	49412704
rs9387396	R002	6	97911843	unique_+	chr6	97463967
rs111320434	R003	4	102669378	unique_+	chr4	101748221
rs141521698	R002	6	99418347	unique_+	chr6	98970471
rs79441312	R003	4	102576789	unique_+	chr4	101655632
rs4524617	R002	6	99808646	unique_+	chr6	99360770
rs6570002	R002	6	99809955	unique_+	chr6	99362079
rs183511214	R002	6	99545793	unique_+	chr6	99097917
rs150217665	R001	3	49030608	unique_+	chr3	48993175
rs189368484	R001	3	49567154	unique_+	chr3	49529721
rs148076392	R001	3	48547110	unique_+	chr3	48509677
rs62432344	R002	6	99980467	unique_+	chr6	99532591
rs189982577	R001	3	49490844	unique_+	chr3	49453411
rs148674638	R001	3	49694230	unique_+	chr3	49656797
rs186042269	R003	4	102977980	unique_+	chr4	102056823
rs139175307	R001	3	48172127	unique_+	chr3	48130637
rs145736895	R001	3	48183868	unique_+	chr3	48142378
rs182761878	R002	6	99874393	unique_+	chr6	99426517
rs12490809	R001	3	50414404	unique_+	chr3	50376973
rs79695448	R003	4	102221869	unique_+	chr4	101300712
rs61465244	R003	4	102388906	unique_+	chr4	101467749
rs73836442	R003	4	102443839	unique_+	chr4	101522682
rs1072819	R003	4	103050026	unique_+	chr4	102128869
rs191526091	R002	6	99818089	unique_+	chr6	99370213
rs192962285	R003	4	103677697	unique_+	chr4	102756540
rs148680062	R002	6	97744659	unique_+	chr6	97296783
rs72932118	R003	4	103370757	unique_+	chr4	102449600
rs79648841	R002	6	99249027	unique_+	chr6	98801151
rs73759473	R002	6	99674196	unique_+	chr6	99226320
rs12529677	R002	6	98289220	unique_+	chr6	97841344
rs186360031	R002	6	99239314	unique_+	chr6	98791438
rs148870039	R002	6	98287640	unique_+	chr6	97839764
rs187578306	R003	4	103318566	unique_+	chr4	102397409
rs181244640	R002	6	99335320	unique_+	chr6	98887444
rs114193737	R003	4	103304553	unique_+	chr4	102383396
rs58968531	R003	4	103303816	unique_+	chr4	102382659
rs56120012	R002	6	99833455	unique_+	chr6	99385579
rs190283636	R001	3	50446962	unique_+	chr3	50409531
rs192410011	R003	4	102866875	unique_+	chr4	101945718
rs73836450	R003	4	102461837	unique_+	chr4	101540680
rs184046137	R001	3	48754357	unique_+	chr3	48716924
rs1487452	R002	6	98597689	unique_+	chr6	98149813
rs191680582	R002	6	99017119	unique_+	chr6	98569243
rs181792369	R003	4	102570450	unique_+	chr4	101649293
rs193133560	R002	6	99560981	unique_+	chr6	99113105
rs148578849	R003	4	103540232	unique_+	chr4	102619075
rs2397341	R002	6	100014462	unique_+	chr6	99566586
rs62432348	R002	6	99990204	unique_+	chr6	99542328
rs76358326	R002	6	99309264	unique_+	chr6	98861388
rs10856962	R003	4	102642453	unique_+	chr4	101721296
rs11711300	R001	3	49387290	unique_+	chr3	49349857
rs34284521	R002	6	99254996	unique_+	chr6	98807120
rs181664106	R002	6	98681907	unique_+	chr6	98234031
rs228628	R003	4	103573323	unique_+	chr4	102652166
rs10011961	R003	4	102641428	unique_+	chr4	101720271
rs2444935	R002	6	99275290	unique_+	chr6	98827414
rs72688563	R003	4	103073191	unique_+	chr4	102152034
rs4858795	R001	3	48515079	unique_+	chr3	48473670
rs75014815	R001	3	49607028	unique_+	chr3	49569595
rs11731061	R003	4	103058843	unique_+	chr4	102137686
rs77116455	R002	6	99525520	unique_+	chr6	99077644
rs11931796	R003	4	102534541	unique_+	chr4	101613384
rs142633447	R001	3	48940823	unique_+	chr3	48903390
rs9489308	R002	6	98094852	unique_+	chr6	97646976
rs77678478	R002	6	98853390	unique_+	chr6	98405514
rs12192686	R002	6	98878609	unique_+	chr6	98430733
rs211215	R002	6	98975810	unique_+	chr6	98527934
rs10516477	R003	4	102365245	unique_+	chr4	101444088
rs28725320	R003	4	102484351	unique_+	chr4	101563194
rs115970333	R003	4	103280746	unique_+	chr4	102359589
rs12212896	R002	6	99690956	unique_+	chr6	99243080
rs9373042	R002	6	99600213	unique_+	chr6	99152337
rs116857817	R002	6	99631681	unique_+	chr6	99183805
rs11730990	R003	4	103058679	unique_+	chr4	102137522
rs77762405	R003	4	102560900	unique_+	chr4	101639743
rs182467392	R002	6	99777000	unique_+	chr6	99329124
rs211211	R002	6	98973368	unique_+	chr6	98525492
rs113211110	R002	6	99966190	unique_+	chr6	99518314
rs116429016	R003	4	102448063	unique_+	chr4	101526906
rs12190266	R002	6	98882829	unique_+	chr6	98434953
rs78556175	R002	6	99807577	unique_+	chr6	99359701
rs72927164	R003	4	102779676	unique_+	chr4	101858519
rs143731603	R001	3	50492480	unique_+	chr3	50455049
rs72688529	R003	4	103035429	unique_+	chr4	102114272
rs1494784	R002	6	98848229	unique_+	chr6	98400353
rs1032211	R002	6	98657587	unique_+	chr6	98209711
rs228629	R003	4	103573377	unique_+	chr4	102652220
rs230542	R003	4	103498455	unique_+	chr4	102577298
rs1496980	R002	6	99734185	unique_+	chr6	99286309
rs115443294	R001	3	49086317	unique_+	chr3	49048884
rs13216330	R002	6	99778565	unique_+	chr6	99330689
rs34373799	R001	3	48343006	unique_+	chr3	48301516
rs116751262	R001	3	49640427	unique_+	chr3	49602994
rs4858883	R001	3	48152659	unique_+	chr3	48111169
rs148773253	R002	6	98186055	unique_+	chr6	97738179
rs118103718	R001	3	50596824	unique_+	chr3	50559393
rs72919421	R002	6	99803397	unique_+	chr6	99355521
rs2388038	R002	6	97747125	unique_+	chr6	97299249
rs2262847	R001	3	50902953	unique_+	chr3	50865522
rs77538434	R003	4	103078794	unique_+	chr4	102157637
rs56191089	R002	6	100005928	unique_+	chr6	99558052
rs115214770	R003	4	102442718	unique_+	chr4	101521561
rs143940212	R002	6	98988348	unique_+	chr6	98540472
rs180877189	R002	6	99618262	unique_+	chr6	99170386
rs4648130	R003	4	103536038	unique_+	chr4	102614881
rs78840017	R003	4	102417843	unique_+	chr4	101496686
rs150036740	R002	6	99908989	unique_+	chr6	99461113
rs7654049	R003	4	102336415	unique_+	chr4	101415258
rs146867282	R001	3	49268270	unique_+	chr3	49230837
rs144191199	R002	6	99248190	unique_+	chr6	98800314
rs145400841	R001	3	48123373	unique_+	chr3	48081883
rs115109128	R003	4	103887553	unique_+	chr4	102966396
rs77449576	R002	6	98657039	unique_+	chr6	98209163
rs2503780	R002	6	98507311	unique_+	chr6	98059435
rs144451871	R003	4	102653753	unique_+	chr4	101732596
rs75900474	R003	4	102479437	unique_+	chr4	101558280
rs2526399	R001	3	50187080	unique_+	chr3	50149647
rs145863281	R003	4	103091059	unique_+	chr4	102169902
rs139357369	R002	6	99518764	unique_+	chr6	99070888
rs112961927	R003	4	102220525	unique_+	chr4	101299368
rs138383137	R001	3	48830497	unique_+	chr3	48793064
rs141742404	R001	3	48510522	unique_+	chr3	48469123
rs111819380	R001	3	50454755	unique_+	chr3	50417324
rs191955045	R001	3	50524655	unique_+	chr3	50487224
rs190215292	R002	6	99305240	unique_+	chr6	98857364
rs4648072	R003	4	103518700	unique_+	chr4	102597543
rs185301372	R002	6	99627933	unique_+	chr6	99180057
rs137994970	R002	6	98605769	unique_+	chr6	98157893
rs117374354	R002	6	98150306	unique_+	chr6	97702430
rs62432296	R002	6	99902823	unique_+	chr6	99454947
rs186335251	R002	6	98982161	unique_+	chr6	98534285
rs141528087	R003	4	103384679	unique_+	chr4	102463522
rs112854884	R002	6	99232967	unique_+	chr6	98785091
rs191542115	R003	4	102693537	unique_+	chr4	101772380
rs183905178	R002	6	97846723	unique_+	chr6	97398847
rs191051229	R003	4	102655394	unique_+	chr4	101734237
rs187199620	R001	3	50490102	unique_+	chr3	50452671
rs182040079	R003	4	102795455	unique_+	chr4	101874298
rs186097846	R001	3	50648454	unique_+	chr3	50611023
rs147074432	R002	6	98258533	unique_+	chr6	97810657
rs180721801	R003	4	102477637	unique_+	chr4	101556480
rs189780851	R003	4	103750427	unique_+	chr4	102829270
rs149425656	R002	6	97757484	unique_+	chr6	97309608
rs75695438	R001	3	48492095	unique_+	chr3	48450689
rs196957	R002	6	99426620	unique_+	chr6	98978744
rs143251512	R001	3	50833616	unique_+	chr3	50796185
rs77139305	R003	4	102692306	unique_+	chr4	101771149
rs67147197	R002	6	99290776	unique_+	chr6	98842900
rs80026255	R002	6	99689794	unique_+	chr6	99241918
rs72688558	R003	4	103067168	unique_+	chr4	102146011
rs117237459	R002	6	99606759	unique_+	chr6	99158883
rs72681098	R003	4	102227246	unique_+	chr4	101306089
rs183595945	R003	4	103825780	unique_+	chr4	102904623
rs189581916	R002	6	99104032	unique_+	chr6	98656156
rs145504334	R003	4	103358389	unique_+	chr4	102437232
rs35880229	R003	4	102993149	unique_+	chr4	102071992
rs3774964	R003	4	103519487	unique_+	chr4	102598330
rs61369257	R002	6	99827283	unique_+	chr6	99379407
rs75072069	R001	3	48126286	unique_+	chr3	48084796
rs12190913	R002	6	99691341	unique_+	chr6	99243465
rs8366	R002	6	99990685	unique_+	chr6	99542809
rs59629817	R003	4	103163889	unique_+	chr4	102242732
rs75636468	R002	6	99699705	unique_+	chr6	99251829
rs9491740	R002	6	99008124	unique_+	chr6	98560248
rs7636979	R001	3	49223494	unique_+	chr3	49186061
rs230540	R003	4	103496667	unique_+	chr4	102575510
rs9401969	R002	6	99027330	unique_+	chr6	98579454
rs2086512	R002	6	99011501	unique_+	chr6	98563625
rs9373106	R002	6	99734779	unique_+	chr6	99286903
rs12203225	R002	6	98847476	unique_+	chr6	98399600
rs7753748	R002	6	98160408	unique_+	chr6	97712532
rs1481437	R002	6	99035078	unique_+	chr6	98587202
rs2777755	R002	6	97806134	unique_+	chr6	97358258
rs195836	R002	6	99404440	unique_+	chr6	98956564
rs196962	R002	6	99415281	unique_+	chr6	98967405
rs62434577	R002	6	100027838	unique_+	chr6	99579962
rs1440233	R003	4	103055553	unique_+	chr4	102134396
rs115526875	R003	4	102585935	unique_+	chr4	101664778
rs1481438	R002	6	99034313	unique_+	chr6	98586437
rs116797718	R001	3	48195160	unique_+	chr3	48153670
rs9389198	R002	6	99736722	unique_+	chr6	99288846
rs10516490	R003	4	102974061	unique_+	chr4	102052904
rs62328536	R003	4	103399049	unique_+	chr4	102477892
rs6936058	R002	6	98160231	unique_+	chr6	97712355
rs2450407	R003	4	102967445	unique_+	chr4	102046288
rs12195342	R002	6	99688469	unique_+	chr6	99240593
rs2236952	R001	3	50422718	unique_+	chr3	50385287
rs196969	R002	6	99409457	unique_+	chr6	98961581
rs1832625	R002	6	97988774	unique_+	chr6	97540898
rs138528747	R003	4	103317606	unique_+	chr4	102396449
rs1054227	R002	6	99990856	unique_+	chr6	99542980
rs188981727	R001	3	49087174	unique_+	chr3	49049741
rs145520577	R003	4	102906329	unique_+	chr4	101985172
rs184096622	R003	4	103866886	unique_+	chr4	102945729
rs79658152	R002	6	99686899	unique_+	chr6	99239023
rs139348851	R001	3	50280843	unique_+	chr3	50243411
rs2296155	R002	6	99999019	unique_+	chr6	99551143
rs55991708	R003	4	103059521	unique_+	chr4	102138364
rs34297848	R002	6	99287744	unique_+	chr6	98839868
rs6931503	R002	6	99474297	unique_+	chr6	99026421
rs34558027	R002	6	100008592	unique_+	chr6	99560716
rs183028929	R003	4	103706763	unique_+	chr4	102785606
rs111498728	R002	6	98149804	unique_+	chr6	97701928
rs34660813	R002	6	99759446	unique_+	chr6	99311570
rs55871223	R002	6	99736219	unique_+	chr6	99288343
rs1386175	R003	4	102937994	unique_+	chr4	102016837
rs117544611	R002	6	97770618	unique_+	chr6	97322742
rs61749309	R001	3	49314110	unique_+	chr3	49276677
rs10434864	R002	6	97751136	unique_+	chr6	97303260
rs80063165	R002	6	99634123	unique_+	chr6	99186247
rs78706075	R003	4	102779170	unique_+	chr4	101858013
rs34184671	R003	4	102992517	unique_+	chr4	102071360
rs10025108	R003	4	102647989	unique_+	chr4	101726832
rs1440232	R003	4	103056624	unique_+	chr4	102135467
rs4324548	R003	4	102651081	unique_+	chr4	101729924
rs140950238	R001	3	50433907	unique_+	chr3	50396476
rs115511068	R003	4	103145868	unique_+	chr4	102224711
rs17033204	R003	4	103635340	unique_+	chr4	102714183
rs72663142	R003	4	103585800	unique_+	chr4	102664643
rs191546907	R003	4	103095354	unique_+	chr4	102174197
rs72928309	R003	4	103315310	unique_+	chr4	102394153
rs143950596	R001	3	48200654	unique_+	chr3	48159164
rs61691473	R003	4	103303802	unique_+	chr4	102382645
rs150215928	R003	4	103491169	unique_+	chr4	102570012
rs139714824	R001	3	48702267	unique_+	chr3	48664834
rs7686641	R003	4	103643129	unique_+	chr4	102721972
rs190912901	R001	3	50097958	unique_+	chr3	50060525
rs143930587	R002	6	99519196	unique_+	chr6	99071320
rs184286519	R001	3	48819165	unique_+	chr3	48781732
rs191002746	R003	4	103467458	unique_+	chr4	102546301
rs146934336	R002	6	99819306	unique_+	chr6	99371430
rs188639136	R002	6	97992744	unique_+	chr6	97544868
rs144689206	R003	4	103318862	unique_+	chr4	102397705
rs182136665	R002	6	99118569	unique_+	chr6	98670693
rs182484034	R002	6	98826925	unique_+	chr6	98379049
rs115144151	R001	3	50430517	unique_+	chr3	50393086
rs72663144	R003	4	103586340	unique_+	chr4	102665183
rs150009305	R001	3	48339818	unique_+	chr3	48298328
rs79503524	R001	3	49088011	unique_+	chr3	49050578
rs138906842	R003	4	102287521	unique_+	chr4	101366364
rs181175360	R002	6	99526556	unique_+	chr6	99078680
rs187160882	R003	4	102506361	unique_+	chr4	101585204
rs183896112	R002	6	98964948	unique_+	chr6	98517072
rs117025972	R002	6	98991741	unique_+	chr6	98543865
rs151167527	R001	3	48142238	unique_+	chr3	48100748
rs146631267	R003	4	103333891	unique_+	chr4	102412734
rs184199456	R001	3	48586891	unique_+	chr3	48549458
rs187672700	R001	3	49068657	unique_+	chr3	49031224
rs56325204	R003	4	102473352	unique_+	chr4	101552195
rs111685510	R003	4	103654570	unique_+	chr4	102733413
rs147476277	R001	3	50946091	unique_+	chr3	50908660
rs6532990	R003	4	103013903	unique_+	chr4	102092746
rs6924949	R002	6	98101044	unique_+	chr6	97653168
rs151290292	R003	4	102826989	unique_+	chr4	101905832
rs1005819	R003	4	103504305	unique_+	chr4	102583148
rs143736008	R003	4	102704141	unique_+	chr4	101782984
rs221585	R002	6	99700650	unique_+	chr6	99252774
rs11921930	R001	3	50897386	unique_+	chr3	50859955
rs151482	R003	4	103103631	unique_+	chr4	102182474
rs72936516	R002	6	99305589	unique_+	chr6	98857713
rs144775950	R002	6	99929872	unique_+	chr6	99481996
rs11753573	R002	6	99776559	unique_+	chr6	99328683
rs144923418	R001	3	49318208	unique_+	chr3	49280775
rs12640056	R003	4	102995239	unique_+	chr4	102074082
rs6442124	R001	3	48505302	unique_+	chr3	48463903
rs80137092	R003	4	103172206	unique_+	chr4	102251049
rs57569119	R002	6	98948354	unique_+	chr6	98500478
rs34346981	R002	6	98038499	unique_+	chr6	97590623
rs117786405	R002	6	98499780	unique_+	chr6	98051904
rs190947470	R003	4	102707580	unique_+	chr4	101786423
rs210394	R002	6	98953333	unique_+	chr6	98505457
rs1964128	R002	6	99416277	unique_+	chr6	98968401
rs3734349	R002	6	99994062	unique_+	chr6	99546186
rs140472037	R002	6	99131272	unique_+	chr6	98683396
rs12190772	R002	6	98877648	unique_+	chr6	98429772
rs114114497	R001	3	48316189	unique_+	chr3	48274699
rs79251264	R003	4	103067169	unique_+	chr4	102146012
rs1287	R003	4	103509436	unique_+	chr4	102588279
rs192881331	R001	3	49844714	unique_+	chr3	49807281
rs4648051	R003	4	103514993	unique_+	chr4	102593836
rs116256632	R003	4	103095956	unique_+	chr4	102174799
rs11756137	R002	6	99682156	unique_+	chr6	99234280
rs58365868	R003	4	103726954	unique_+	chr4	102805797
rs1011676	R002	6	99374400	unique_+	chr6	98926524
rs79219897	R003	4	102991413	unique_+	chr4	102070256
rs113535515	R002	6	100012097	unique_+	chr6	99564221
rs150538862	R001	3	49173721	unique_+	chr3	49136288
rs2132689	R002	6	99611713	unique_+	chr6	99163837
rs183316	R002	6	98992369	unique_+	chr6	98544493
rs78941150	R001	3	48250924	unique_+	chr3	48209434
rs12213339	R002	6	98878319	unique_+	chr6	98430443
rs148715727	R002	6	99532415	unique_+	chr6	99084539
rs230544	R003	4	103500875	unique_+	chr4	102579718
rs3774956	R003	4	103508526	unique_+	chr4	102587369
rs141655545	R001	3	50717858	unique_+	chr3	50680427
rs79025812	R002	6	98809019	unique_+	chr6	98361143
rs10457622	R002	6	99687932	unique_+	chr6	99240056
rs145448879	R001	3	50462321	unique_+	chr3	50424890
rs7693723	R003	4	102976899	unique_+	chr4	102055742
rs238488	R003	4	103022303	unique_+	chr4	102101146
rs144972783	R001	3	50125882	unique_+	chr3	50088449
rs56030901	R003	4	103005798	unique_+	chr4	102084641
rs143594403	R002	6	98871791	unique_+	chr6	98423915
rs78371290	R002	6	98578079	unique_+	chr6	98130203
rs196965	R002	6	99413042	unique_+	chr6	98965166
rs62423972	R002	6	98941058	unique_+	chr6	98493182
rs113944331	R002	6	98159526	unique_+	chr6	97711650
rs115661172	R003	4	103856939	unique_+	chr4	102935782
rs188115000	R003	4	103436557	unique_+	chr4	102515400
rs189014855	R002	6	99948866	unique_+	chr6	99500990
rs187199166	R002	6	99359804	unique_+	chr6	98911928
rs148240681	R003	4	102632083	unique_+	chr4	101710926
rs145657289	R001	3	49107019	unique_+	chr3	49069586
rs182563721	R002	6	98426925	unique_+	chr6	97979049
rs185418386	R001	3	48113705	unique_+	chr3	48072215
rs184035563	R001	3	49727671	unique_+	chr3	49690238
rs4648029	R003	4	103500964	unique_+	chr4	102579807
rs113314229	R003	4	103639872	unique_+	chr4	102718715
rs79677301	R002	6	99264590	unique_+	chr6	98816714
rs79783385	R001	3	48789167	unique_+	chr3	48751734
rs73833800	R003	4	102388134	unique_+	chr4	101466977
rs59013737	R003	4	102388528	unique_+	chr4	101467371
rs73833796	R003	4	102384275	unique_+	chr4	101463118
rs139999010	R001	3	48637143	unique_+	chr3	48599710
rs73833799	R003	4	102387909	unique_+	chr4	101466752
rs141900820	R001	3	50481321	unique_+	chr3	50443890
rs57420194	R003	4	102454344	unique_+	chr4	101533187
rs11723061	R003	4	103324532	unique_+	chr4	102403375
rs7760379	R002	6	99105253	unique_+	chr6	98657377
rs2236949	R001	3	50410041	unique_+	chr3	50372610
rs142803285	R003	4	103869785	unique_+	chr4	102948628
rs144707702	R001	3	48261725	unique_+	chr3	48220235
rs73837235	R003	4	103417491	unique_+	chr4	102496334
rs142179758	R003	4	103671818	unique_+	chr4	102750661
rs10000030	R003	4	103374154	unique_+	chr4	102452997
rs6824384	R003	4	103743378	unique_+	chr4	102822221
rs77855721	R003	4	103744795	unique_+	chr4	102823638
rs7698994	R003	4	103732838	unique_+	chr4	102811681
rs78035808	R003	4	103740875	unique_+	chr4	102819718
rs76087045	R003	4	103744683	unique_+	chr4	102823526
rs147725897	R003	4	102581832	unique_+	chr4	101660675
rs187197249	R002	6	99225191	unique_+	chr6	98777315
rs145204590	R002	6	99533039	unique_+	chr6	99085163
rs187303217	R003	4	102482160	unique_+	chr4	101561003
rs147947825	R001	3	48680431	unique_+	chr3	48642998
rs150117683	R003	4	103669249	unique_+	chr4	102748092
rs140787440	R003	4	102928898	unique_+	chr4	102007741
rs73761954	R002	6	99783831	unique_+	chr6	99335955
rs188762426	R003	4	103664881	unique_+	chr4	102743724
rs4376141	R003	4	103665686	unique_+	chr4	102744529
rs190114427	R003	4	102953384	unique_+	chr4	102032227
rs141378782	R001	3	50137046	unique_+	chr3	50099613
rs147794010	R001	3	50796738	unique_+	chr3	50759307
rs112922758	R003	4	102894291	unique_+	chr4	101973134
rs11097789	R003	4	103502762	unique_+	chr4	102581605
rs12660064	R002	6	99627008	unique_+	chr6	99179132
rs143191984	R002	6	99197979	unique_+	chr6	98750103
rs9481858	R002	6	98156319	unique_+	chr6	97708443
rs56295373	R003	4	103203113	unique_+	chr4	102281956
rs73493906	R002	6	98108400	unique_+	chr6	97660524
rs34136919	R001	3	48345681	unique_+	chr3	48304191
rs72686766	R003	4	102859508	unique_+	chr4	101938351
rs4840012	R002	6	99653311	unique_+	chr6	99205435
rs189393786	R001	3	48536675	unique_+	chr3	48499241
rs8547	R001	3	48636509	unique_+	chr3	48599076
rs9311447	R001	3	50125282	unique_+	chr3	50087849
rs2388037	R002	6	97747124	unique_+	chr6	97299248
rs13214353	R002	6	99988078	unique_+	chr6	99540202
rs72688560	R003	4	103068692	unique_+	chr4	102147535
rs211227	R002	6	99001499	unique_+	chr6	98553623
rs74959114	R003	4	102677182	unique_+	chr4	101756025
rs3821958	R003	4	103508824	unique_+	chr4	102587667
rs3920840	R002	6	97993034	unique_+	chr6	97545158
rs1339971	R002	6	97962333	unique_+	chr6	97514457
rs2866430	R003	4	102638201	unique_+	chr4	101717044
rs3774960	R003	4	103511330	unique_+	chr4	102590173
rs12173705	R002	6	98158714	unique_+	chr6	97710838
rs115048432	R001	3	49036516	unique_+	chr3	48999083
rs55915316	R002	6	100005652	unique_+	chr6	99557776
rs72943261	R002	6	99571347	unique_+	chr6	99123471
rs195858	R002	6	99306502	unique_+	chr6	98858626
rs9372864	R002	6	99004191	unique_+	chr6	98556315
rs196970	R002	6	99419638	unique_+	chr6	98971762
rs6532992	R003	4	103037824	unique_+	chr4	102116667
rs6912105	R002	6	99830146	unique_+	chr6	99382270
rs211228	R002	6	99002136	unique_+	chr6	98554260
rs150375	R002	6	98950347	unique_+	chr6	98502471
rs10434863	R002	6	97750893	unique_+	chr6	97303017
rs10457621	R002	6	99685881	unique_+	chr6	99238005
rs196963	R002	6	99414099	unique_+	chr6	98966223
rs7749163	R002	6	99644338	unique_+	chr6	99196462
rs76255218	R002	6	97834587	unique_+	chr6	97386711
rs9375524	R002	6	99033080	unique_+	chr6	98585204
rs141215013	R001	3	48777746	unique_+	chr3	48740313
rs17297361	R002	6	97894317	unique_+	chr6	97446441
rs113886002	R003	4	103119281	unique_+	chr4	102198124
rs1803298	R001	3	48601623	unique_+	chr3	48564190
rs9388482	R002	6	98905933	unique_+	chr6	98458057
rs4362823	R003	4	102569730	unique_+	chr4	101648573
rs4839905	R002	6	97750169	unique_+	chr6	97302293
rs114988982	R002	6	98883188	unique_+	chr6	98435312
rs9385053	R002	6	98153606	unique_+	chr6	97705730
rs148944056	R003	4	102480318	unique_+	chr4	101559161
rs62423992	R002	6	99768434	unique_+	chr6	99320558
rs12207230	R002	6	99687411	unique_+	chr6	99239535
rs78867752	R003	4	102591242	unique_+	chr4	101670085
rs873985	R001	3	50651751	unique_+	chr3	50614320
rs230543	R003	4	103500788	unique_+	chr4	102579631
rs227368	R003	4	103611845	unique_+	chr4	102690688
rs116771349	R001	3	50960634	unique_+	chr3	50923203
rs79788888	R003	4	102486124	unique_+	chr4	101564967
rs145439991	R001	3	49828863	unique_+	chr3	49791430
rs7679597	R003	4	102576776	unique_+	chr4	101655619
rs77598739	R001	3	48265646	unique_+	chr3	48224156
rs6570009	R002	6	99818516	unique_+	chr6	99370640
rs183258615	R003	4	103104179	unique_+	chr4	102183022
rs138164952	R001	3	48139522	unique_+	chr3	48098032
rs72688531	R003	4	103037948	unique_+	chr4	102116791
rs230541	R003	4	103497785	unique_+	chr4	102576628
rs116547862	R003	4	102991372	unique_+	chr4	102070215
rs140796186	R001	3	49272407	unique_+	chr3	49234974
rs17270656	R003	4	102958691	unique_+	chr4	102037534
rs72688530	R003	4	103037857	unique_+	chr4	102116700
rs150368049	R002	6	99886780	unique_+	chr6	99438904
rs76504970	R002	6	98612764	unique_+	chr6	98164888
rs138227069	R001	3	48657675	unique_+	chr3	48620242
rs6850561	R003	4	103159476	unique_+	chr4	102238319
rs112810738	R002	6	97745125	unique_+	chr6	97297249
rs238440	R003	4	103033944	unique_+	chr4	102112787
rs148821586	R001	3	48219945	unique_+	chr3	48178455
rs77863002	R003	4	102496387	unique_+	chr4	101575230
rs6937092	R002	6	99526367	unique_+	chr6	99078491
rs188956527	R001	3	49019963	unique_+	chr3	48982530
rs138688337	R001	3	50494136	unique_+	chr3	50456705
rs12214965	R002	6	98848741	unique_+	chr6	98400865
rs12193294	R002	6	99687240	unique_+	chr6	99239364
rs73072496	R001	3	50782206	unique_+	chr3	50744775
rs1494775	R002	6	98907721	unique_+	chr6	98459845
rs7700191	R003	4	102589283	unique_+	chr4	101668126
rs79045646	R003	4	102256839	unique_+	chr4	101335682
rs138715239	R002	6	97764207	unique_+	chr6	97316331
rs76448024	R003	4	103678560	unique_+	chr4	102757403
rs138569259	R002	6	99229828	unique_+	chr6	98781952
rs4688683	R001	3	50239464	unique_+	chr3	50202031
rs78140487	R003	4	103658542	unique_+	chr4	102737385
rs111697021	R003	4	103642302	unique_+	chr4	102721145
rs73838721	R003	4	103884323	unique_+	chr4	102963166
rs140842313	R001	3	50447294	unique_+	chr3	50409863
rs28715027	R003	4	102705650	unique_+	chr4	101784493
rs77125642	R001	3	49824956	unique_+	chr3	49787523
rs143569972	R003	4	102586517	unique_+	chr4	101665360
rs28377699	R003	4	103012686	unique_+	chr4	102091529
rs80055204	R003	4	103016010	unique_+	chr4	102094853
rs182949285	R002	6	99610650	unique_+	chr6	99162774
rs141173969	R003	4	102622074	unique_+	chr4	101700917
rs59402653	R003	4	102433430	unique_+	chr4	101512273
rs75645765	R003	4	102400871	unique_+	chr4	101479714
rs116939145	R002	6	99950604	unique_+	chr6	99502728
rs182694497	R003	4	102635980	unique_+	chr4	101714823
rs187766404	R001	3	49101322	unique_+	chr3	49063889
rs78215218	R003	4	102221293	unique_+	chr4	101300136
rs115416714	R001	3	50586704	unique_+	chr3	50549273
rs78073598	R001	3	50344519	unique_+	chr3	50307088
rs185426590	R001	3	49401145	unique_+	chr3	49363712
rs186458654	R003	4	102506707	unique_+	chr4	101585550
rs112262503	R002	6	98878431	unique_+	chr6	98430555
rs34483616	R002	6	97763960	unique_+	chr6	97316084
rs62321927	R003	4	102514812	unique_+	chr4	101593655
rs148219155	R002	6	98530698	unique_+	chr6	98082822
rs137909890	R003	4	102930925	unique_+	chr4	102009768
rs6834896	R003	4	103322301	unique_+	chr4	102401144
rs76143130	R003	4	103215698	unique_+	chr4	102294541
rs7774553	R002	6	98877091	unique_+	chr6	98429215
rs11154777	R002	6	99727673	unique_+	chr6	99279797
rs116061296	R003	4	102748872	unique_+	chr4	101827715
rs66806258	R002	6	99650803	unique_+	chr6	99202927
rs17825737	R003	4	103369642	unique_+	chr4	102448485
rs2117938	R001	3	49263850	unique_+	chr3	49226417
rs144475888	R002	6	99685861	unique_+	chr6	99237985
rs195826	R002	6	99392752	unique_+	chr6	98944876
rs77329458	R002	6	99682003	unique_+	chr6	99234127
rs116047231	R002	6	98861040	unique_+	chr6	98413164
rs138524520	R001	3	50781328	unique_+	chr3	50743897
rs1003243	R002	6	99594876	unique_+	chr6	99147000
rs9489575	R002	6	98172953	unique_+	chr6	97725077
rs58924786	R003	4	102639375	unique_+	chr4	101718218
rs113551157	R002	6	97770586	unique_+	chr6	97322710
rs116201763	R001	3	50548373	unique_+	chr3	50510942
rs75020929	R002	6	99693668	unique_+	chr6	99245792
rs139178381	R002	6	98862365	unique_+	chr6	98414489
rs4699030	R003	4	103503824	unique_+	chr4	102582667
rs2645353	R002	6	99595839	unique_+	chr6	99147963
rs189464901	R001	3	50427030	unique_+	chr3	50389599
rs149715204	R001	3	49541719	unique_+	chr3	49504286
rs117674631	R002	6	99731556	unique_+	chr6	99283680
rs116313450	R001	3	48519844	unique_+	chr3	48478435
rs114654311	R003	4	102857496	unique_+	chr4	101936339
rs11736123	R003	4	103233611	unique_+	chr4	102312454
rs12631989	R001	3	49273996	unique_+	chr3	49236563
rs17059373	R002	6	99747190	unique_+	chr6	99299314
rs79015964	R002	6	99480709	unique_+	chr6	99032833
rs79008216	R003	4	102972771	unique_+	chr4	102051614
rs79657715	R002	6	99695388	unique_+	chr6	99247512
rs75264182	R001	3	48307526	unique_+	chr3	48266036
rs986739	R001	3	48395539	unique_+	chr3	48354049
rs9401993	R002	6	99042554	unique_+	chr6	98594678
rs2851314	R003	4	102826952	unique_+	chr4	101905795
rs72688594	R003	4	103112465	unique_+	chr4	102191308
rs6532988	R003	4	103008037	unique_+	chr4	102086880
rs76349298	R003	4	103003423	unique_+	chr4	102082266
rs1020759	R003	4	103510511	unique_+	chr4	102589354
rs79925073	R002	6	98050838	unique_+	chr6	97602962
rs9491556	R002	6	98877756	unique_+	chr6	98429880
rs173138	R003	4	103100171	unique_+	chr4	102179014
rs80068458	R001	3	50604818	unique_+	chr3	50567387
rs10016408	R003	4	103000806	unique_+	chr4	102079649
rs62327953	R003	4	103228357	unique_+	chr4	102307200
rs76576154	R002	6	99471093	unique_+	chr6	99023217
rs142513618	R001	3	48571757	unique_+	chr3	48534324
rs4367098	R001	3	49219669	unique_+	chr3	49182236
rs78534460	R002	6	99262716	unique_+	chr6	98814840
rs4698858	R003	4	103513073	unique_+	chr4	102591916
rs196964	R002	6	99413634	unique_+	chr6	98965758
rs1486571	R003	4	102938040	unique_+	chr4	102016883
rs9387229	R002	6	97750576	unique_+	chr6	97302700
rs55983889	R002	6	99943449	unique_+	chr6	99495573
rs140724550	R001	3	48554978	unique_+	chr3	48517545
rs9321088	R002	6	99015168	unique_+	chr6	98567292
rs2866625	R003	4	102566388	unique_+	chr4	101645231
rs35174559	R001	3	49287759	unique_+	chr3	49250326
rs35430389	R002	6	97718566	unique_+	chr6	97270690
rs9387228	R002	6	97749609	unique_+	chr6	97301733
rs17031995	R003	4	102983393	unique_+	chr4	102062236
rs78561237	R003	4	102475250	unique_+	chr4	101554093
rs195832	R002	6	99325132	unique_+	chr6	98877256
rs76370341	R002	6	99772421	unique_+	chr6	99324545
rs12497067	R001	3	50838395	unique_+	chr3	50800964
rs62422432	R002	6	99608591	unique_+	chr6	99160715
rs12194240	R002	6	99696243	unique_+	chr6	99248367
rs146870400	R002	6	98909779	unique_+	chr6	98461903
rs12645469	R003	4	103546855	unique_+	chr4	102625698
rs9320506	R002	6	97749781	unique_+	chr6	97301905
rs187209699	R002	6	99578548	unique_+	chr6	99130672
rs187959983	R002	6	98037170	unique_+	chr6	97589294
rs115250979	R002	6	98060445	unique_+	chr6	97612569
rs77576200	R001	3	50536014	unique_+	chr3	50498583
rs186624538	R002	6	99732250	unique_+	chr6	99284374
rs77966130	R003	4	102758314	unique_+	chr4	101837157
rs193054956	R002	6	97918130	unique_+	chr6	97470254
rs9402790	R002	6	99880878	unique_+	chr6	99433002
rs2239750	R001	3	50629978	unique_+	chr3	50592547
rs77673146	R003	4	103659368	unique_+	chr4	102738211
rs144144992	R001	3	50831811	unique_+	chr3	50794380
rs137928784	R002	6	98712208	unique_+	chr6	98264332
rs114436513	R003	4	103786854	unique_+	chr4	102865697
rs116105627	R003	4	102400331	unique_+	chr4	101479174
rs2851315	R003	4	102826583	unique_+	chr4	101905426
rs117892854	R002	6	98125184	unique_+	chr6	97677308
rs2064146	R002	6	99394662	unique_+	chr6	98946786
rs186629970	R003	4	103072163	unique_+	chr4	102151006
rs191912441	R001	3	49759854	unique_+	chr3	49722421
rs34296708	R001	3	49847737	unique_+	chr3	49810304
rs72931871	R003	4	103746525	unique_+	chr4	102825368
rs4434256	R003	4	103740467	unique_+	chr4	102819310
rs76146618	R003	4	103754561	unique_+	chr4	102833404
rs116009544	R003	4	103651911	unique_+	chr4	102730754
rs74896042	R003	4	103734564	unique_+	chr4	102813407
rs112337299	R003	4	103748190	unique_+	chr4	102827033
rs79687305	R003	4	103748208	unique_+	chr4	102827051
rs181516895	R003	4	102690063	unique_+	chr4	101768906
rs181065894	R001	3	49020469	unique_+	chr3	48983036
rs76156113	R001	3	48870111	unique_+	chr3	48832678
rs12201856	R002	6	99696644	unique_+	chr6	99248768
rs142350933	R002	6	97972888	unique_+	chr6	97525012
rs191304784	R001	3	48423182	unique_+	chr3	48381692
rs56727297	R003	4	103221483	unique_+	chr4	102300326
rs140035959	R001	3	50496546	unique_+	chr3	50459115
rs67143295	R003	4	103466128	unique_+	chr4	102544971
rs34035148	R002	6	97763949	unique_+	chr6	97316073
rs184268602	R002	6	98574781	unique_+	chr6	98126905
rs4647999	R003	4	103458165	unique_+	chr4	102537008
rs143370549	R002	6	98480313	unique_+	chr6	98032437
rs72930230	R003	4	103350234	unique_+	chr4	102429077
rs4648144	R003	4	103537883	unique_+	chr4	102616726
rs180811052	R002	6	99436474	unique_+	chr6	98988598
rs12509517	R003	4	103525508	unique_+	chr4	102604351
rs2645352	R002	6	99594326	unique_+	chr6	99146450
rs6825235	R003	4	103004726	unique_+	chr4	102083569
rs74704150	R003	4	102671598	unique_+	chr4	101750441
rs2334958	R001	3	49252364	unique_+	chr3	49214931
rs75589809	R002	6	99695252	unique_+	chr6	99247376
rs13100173	R001	3	50332697	unique_+	chr3	50295266
rs41311611	R001	3	50423258	unique_+	chr3	50385827
rs1853522	R002	6	99932955	unique_+	chr6	99485079
rs187806547	R001	3	48178826	unique_+	chr3	48137336
rs72926278	R002	6	99982003	unique_+	chr6	99534127
rs189005532	R003	4	102999897	unique_+	chr4	102078740
rs12196427	R002	6	99694110	unique_+	chr6	99246234
rs7681171	R003	4	103179275	unique_+	chr4	102258118
rs11962467	R002	6	97836434	unique_+	chr6	97388558
rs210393	R002	6	98953187	unique_+	chr6	98505311
rs58347863	R003	4	102952540	unique_+	chr4	102031383
rs115952221	R001	3	49006744	unique_+	chr3	48969311
rs146641279	R002	6	98375854	unique_+	chr6	97927978
rs4839904	R002	6	97747714	unique_+	chr6	97299838
rs195820	R002	6	99358820	unique_+	chr6	98910944
rs11130185	R001	3	49249871	unique_+	chr3	49212438
rs71564268	R002	6	99872024	unique_+	chr6	99424148
rs72926210	R002	6	99622520	unique_+	chr6	99174644
rs1496969	R002	6	99721608	unique_+	chr6	99273732
rs12647112	R003	4	102740602	unique_+	chr4	101819445
rs185697913	R001	3	49809766	unique_+	chr3	49772333
rs28584039	R003	4	102548097	unique_+	chr4	101626940
rs77561225	R001	3	50895209	unique_+	chr3	50857778
rs223346	R003	4	103780496	unique_+	chr4	102859339
rs145432192	R002	6	98335618	unique_+	chr6	97887742
rs10457620	R002	6	99685608	unique_+	chr6	99237732
rs11721871	R003	4	103045423	unique_+	chr4	102124266
rs4235406	R003	4	103526531	unique_+	chr4	102605374
rs12629759	R001	3	49237394	unique_+	chr3	49199961
rs2450406	R003	4	102967429	unique_+	chr4	102046272
rs188683902	R001	3	48754429	unique_+	chr3	48716996
rs140868209	R002	6	98604431	unique_+	chr6	98156555
rs142889263	R001	3	49194606	unique_+	chr3	49157173
rs4648055	R003	4	103515313	unique_+	chr4	102594156
rs149761786	R001	3	50403308	unique_+	chr3	50365877
rs180877	R003	4	103106175	unique_+	chr4	102185018
rs13064780	R001	3	49274826	unique_+	chr3	49237393
rs6820143	R003	4	102961490	unique_+	chr4	102040333
rs11716334	R001	3	49230096	unique_+	chr3	49192663
rs11726272	R003	4	103045421	unique_+	chr4	102124264
rs149696474	R002	6	99355383	unique_+	chr6	98907507
rs12629637	R001	3	49286797	unique_+	chr3	49249364
rs13198324	R002	6	99298209	unique_+	chr6	98850333
rs146489188	R002	6	98077117	unique_+	chr6	97629241
rs138128736	R003	4	103361810	unique_+	chr4	102440653
rs147064444	R001	3	50672500	unique_+	chr3	50635069
rs2743879	R002	6	99318195	unique_+	chr6	98870319
rs148582603	R003	4	103850056	unique_+	chr4	102928899
rs183928369	R002	6	99312057	unique_+	chr6	98864181
rs11755993	R002	6	98153333	unique_+	chr6	97705457
rs11547261	R001	3	49760477	unique_+	chr3	49723044
rs7669524	R003	4	102614169	unique_+	chr4	101693012
rs4541435	R001	3	49228501	unique_+	chr3	49191068
rs6569027	R002	6	98147987	unique_+	chr6	97700111
rs78663468	R002	6	99192819	unique_+	chr6	98744943
rs12526841	R002	6	98212373	unique_+	chr6	97764497
rs210404	R002	6	98929326	unique_+	chr6	98481450
rs72688526	R003	4	103031300	unique_+	chr4	102110143
rs62328514	R003	4	103376592	unique_+	chr4	102455435
rs6532984	R003	4	102935453	unique_+	chr4	102014296
rs13150456	R003	4	102626210	unique_+	chr4	101705053
rs211193	R002	6	98990580	unique_+	chr6	98542704
rs6906735	R002	6	98149827	unique_+	chr6	97701951
rs192428314	R001	3	48074671	unique_+	chr3	48033181
rs181446351	R003	4	103637193	unique_+	chr4	102716036
rs189351038	R002	6	97783377	unique_+	chr6	97335501
rs192893697	R001	3	50049829	unique_+	chr3	50012396
rs72930641	R002	6	99878713	unique_+	chr6	99430837
rs74867383	R002	6	99632861	unique_+	chr6	99184985
rs142859212	R001	3	48594774	unique_+	chr3	48557341
rs148603667	R001	3	48549650	unique_+	chr3	48512217
rs7450747	R002	6	98936809	unique_+	chr6	98488933
rs169024	R002	6	99394717	unique_+	chr6	98946841
rs74902856	R002	6	99680517	unique_+	chr6	99232641
rs58259879	R003	4	103011869	unique_+	chr4	102090712
rs4688752	R001	3	50883792	unique_+	chr3	50846361
rs211192	R002	6	98986811	unique_+	chr6	98538935
rs140272710	R002	6	98912477	unique_+	chr6	98464601
rs150220143	R003	4	103560817	unique_+	chr4	102639660
rs35218722	R001	3	49275805	unique_+	chr3	49238372
rs148349093	R001	3	49880182	unique_+	chr3	49842749
rs1462947	R003	4	103228545	unique_+	chr4	102307388
rs150617411	R002	6	98148369	unique_+	chr6	97700493
rs188692882	R001	3	48438308	unique_+	chr3	48396842
rs140879035	R003	4	103740271	unique_+	chr4	102819114
rs142864334	R003	4	103719650	unique_+	chr4	102798493
rs111365302	R002	6	97980559	unique_+	chr6	97532683
rs76632570	R003	4	103716035	unique_+	chr4	102794878
rs79725948	R003	4	102753817	unique_+	chr4	101832660
rs144541766	R002	6	99183094	unique_+	chr6	98735218
rs191616319	R002	6	98172169	unique_+	chr6	97724293
rs210402	R002	6	98930091	unique_+	chr6	98482215
rs184906156	R003	4	102377365	unique_+	chr4	101456208
rs138575094	R003	4	103302937	unique_+	chr4	102381780
rs143729218	R002	6	99563999	unique_+	chr6	99116123
rs9375952	R002	6	99600442	unique_+	chr6	99152566
rs150686437	R003	4	103407112	unique_+	chr4	102485955
rs150453789	R002	6	99848591	unique_+	chr6	99400715
rs72696160	R003	4	103454790	unique_+	chr4	102533633
rs28660297	R003	4	102267410	unique_+	chr4	101346253
rs66816312	R002	6	99291141	unique_+	chr6	98843265
rs149695602	R002	6	98038698	unique_+	chr6	97590822
rs138407403	R001	3	49175317	unique_+	chr3	49137884
rs142522027	R003	4	102438419	unique_+	chr4	101517262
rs192370762	R001	3	48984178	unique_+	chr3	48946745
rs182471132	R001	3	48966087	unique_+	chr3	48928654
rs73833771	R003	4	102371795	unique_+	chr4	101450638
rs139375092	R003	4	103666606	unique_+	chr4	102745449
rs185158597	R003	4	102933835	unique_+	chr4	102012678
rs62321909	R003	4	102472497	unique_+	chr4	101551340
rs190288899	R003	4	103145026	unique_+	chr4	102223869
rs143802547	R003	4	103163730	unique_+	chr4	102242573
rs185045461	R003	4	103677459	unique_+	chr4	102756302
rs112613171	R003	4	103683532	unique_+	chr4	102762375
rs57970082	R003	4	103755235	unique_+	chr4	102834078
rs146147734	R001	3	50858635	unique_+	chr3	50821204
rs143801489	R002	6	99695937	unique_+	chr6	99248061
rs146297253	R001	3	49857335	unique_+	chr3	49819902
rs140687905	R003	4	103393848	unique_+	chr4	102472691
rs210407	R002	6	98927316	unique_+	chr6	98479440
rs56379505	R003	4	102499571	unique_+	chr4	101578414
rs6902783	R002	6	99724906	unique_+	chr6	99277030
rs9481853	R002	6	98151883	unique_+	chr6	97704007
rs9400737	R002	6	97746730	unique_+	chr6	97298854
rs142954521	R002	6	98186177	unique_+	chr6	97738301
rs7652746	R001	3	49262307	unique_+	chr3	49224874
rs1506501	R003	4	103010635	unique_+	chr4	102089478
rs9815088	R001	3	48515947	unique_+	chr3	48474538
rs35560961	R003	4	102589916	unique_+	chr4	101668759
rs6931766	R002	6	99014744	unique_+	chr6	98566868
rs9481856	R002	6	98153783	unique_+	chr6	97705907
rs877330	R002	6	99681847	unique_+	chr6	99233971
rs72688515	R003	4	103008902	unique_+	chr4	102087745
rs149495271	R003	4	103589785	unique_+	chr4	102668628
rs72937265	R001	3	50949432	unique_+	chr3	50912001
rs117821988	R002	6	98875700	unique_+	chr6	98427824
rs186411277	R002	6	99358563	unique_+	chr6	98910687
rs6846631	R003	4	102573077	unique_+	chr4	101651920
rs1494786	R002	6	98924914	unique_+	chr6	98477038
rs195844	R002	6	99343500	unique_+	chr6	98895624
rs117223781	R002	6	99735372	unique_+	chr6	99287496
rs17224695	R002	6	99974948	unique_+	chr6	99527072
rs116661925	R001	3	49965357	unique_+	chr3	49927924
rs1506502	R003	4	103019218	unique_+	chr4	102098061
rs28377087	R003	4	102285972	unique_+	chr4	101364815
rs7758575	R002	6	98877757	unique_+	chr6	98429881
rs56145024	R002	6	99943525	unique_+	chr6	99495649
rs9387622	R002	6	98172331	unique_+	chr6	97724455
rs10457472	R002	6	98874318	unique_+	chr6	98426442
rs6929126	R002	6	99598899	unique_+	chr6	99151023
rs12633518	R001	3	48324000	unique_+	chr3	48282510
rs35051628	R002	6	99287135	unique_+	chr6	98839259
rs117775511	R002	6	97761349	unique_+	chr6	97313473
rs72696109	R003	4	103412345	unique_+	chr4	102491188
rs7659549	R003	4	103006301	unique_+	chr4	102085144
rs34590679	R002	6	97738510	unique_+	chr6	97290634
rs189999706	R003	4	103870969	unique_+	chr4	102949812
rs11130184	R001	3	49229930	unique_+	chr3	49192497
rs33999841	R002	6	99284984	unique_+	chr6	98837108
rs4955419	R001	3	49200692	unique_+	chr3	49163259
rs2743878	R002	6	99318329	unique_+	chr6	98870453
rs117040073	R002	6	99510846	unique_+	chr6	99062970
rs1494779	R002	6	98935791	unique_+	chr6	98487915
rs184849913	R002	6	98458310	unique_+	chr6	98010434
rs9374771	R002	6	98172487	unique_+	chr6	97724611
rs138273610	R001	3	49718835	unique_+	chr3	49681402
rs13210705	R002	6	99790539	unique_+	chr6	99342663
rs174446	R002	6	99387917	unique_+	chr6	98940041
rs113288711	R002	6	98164746	unique_+	chr6	97716870
rs139149994	R003	4	102931230	unique_+	chr4	102010073
rs72930376	R002	6	99054587	unique_+	chr6	98606711
rs74316123	R003	4	103194802	unique_+	chr4	102273645
rs6914757	R002	6	99784622	unique_+	chr6	99336746
rs115193604	R001	3	49745631	unique_+	chr3	49708198
rs17051468	R001	3	50868120	unique_+	chr3	50830689
rs117706077	R002	6	99205733	unique_+	chr6	98757857
rs12153810	R002	6	98861333	unique_+	chr6	98413457
rs74519562	R002	6	98003588	unique_+	chr6	97555712
rs9374462	R002	6	97725028	unique_+	chr6	97277152
rs11717524	R001	3	49261594	unique_+	chr3	49224161
rs73493903	R002	6	98108239	unique_+	chr6	97660363
rs4955432	R001	3	49266772	unique_+	chr3	49229339
rs2850393	R003	4	102955216	unique_+	chr4	102034059
rs72686762	R003	4	102852973	unique_+	chr4	101931816
rs223348	R003	4	103779007	unique_+	chr4	102857850
rs9996100	R003	4	102740697	unique_+	chr4	101819540
rs17032168	R003	4	103137577	unique_+	chr4	102216420
rs7663252	R003	4	102572774	unique_+	chr4	101651617
rs116117895	R002	6	98155399	unique_+	chr6	97707523
rs195831	R002	6	99328730	unique_+	chr6	98880854
rs12486828	R001	3	50832103	unique_+	chr3	50794672
rs79829948	R001	3	50924102	unique_+	chr3	50886671
rs148062623	R003	4	102291314	unique_+	chr4	101370157
rs1496975	R002	6	99679170	unique_+	chr6	99231294
rs117510112	R002	6	98641608	unique_+	chr6	98193732
rs75698336	R003	4	103254616	unique_+	chr4	102333459
rs181195203	R002	6	99132633	unique_+	chr6	98684757
rs113381560	R003	4	103748438	unique_+	chr4	102827281
rs113265991	R003	4	102757365	unique_+	chr4	101836208
rs180812308	R002	6	99496577	unique_+	chr6	99048701
rs143618273	R002	6	98227000	unique_+	chr6	97779124
rs146166279	R003	4	103409682	unique_+	chr4	102488525
rs115485248	R001	3	49831032	unique_+	chr3	49793599
rs55946761	R002	6	99833615	unique_+	chr6	99385739
rs236770	R003	4	103079845	unique_+	chr4	102158688
rs184559024	R002	6	98015274	unique_+	chr6	97567398
rs140944378	R003	4	102366477	unique_+	chr4	101445320
rs72627738	R002	6	98198453	unique_+	chr6	97750577
rs57245170	R003	4	103192012	unique_+	chr4	102270855
rs117655735	R002	6	98007652	unique_+	chr6	97559776
rs74973695	R003	4	103670151	unique_+	chr4	102748994
rs72939696	R003	4	103734306	unique_+	chr4	102813149
rs3974626	R003	4	103740377	unique_+	chr4	102819220
rs7677599	R003	4	103647142	unique_+	chr4	102725985
rs17033246	R003	4	103681692	unique_+	chr4	102760535
rs150520855	R003	4	103662042	unique_+	chr4	102740885
rs78238035	R003	4	103647685	unique_+	chr4	102726528
rs146220786	R002	6	99919021	unique_+	chr6	99471145
rs117197380	R002	6	99506813	unique_+	chr6	99058937
rs139859456	R002	6	99225955	unique_+	chr6	98778079
rs77133885	R002	6	99230617	unique_+	chr6	98782741
rs142529150	R001	3	48942624	unique_+	chr3	48905191
rs72691878	R003	4	103477011	unique_+	chr4	102555854
rs728440	R003	4	103452262	unique_+	chr4	102531105
rs66976879	R003	4	103459390	unique_+	chr4	102538233
rs17032920	R003	4	103523927	unique_+	chr4	102602770
rs67597696	R003	4	103470345	unique_+	chr4	102549188
rs4648057	R003	4	103515569	unique_+	chr4	102594412
rs4648082	R003	4	103521323	unique_+	chr4	102600166
rs1371733	R003	4	103066833	unique_+	chr4	102145676
rs151218240	R003	4	102432234	unique_+	chr4	101511077
rs2269568	R001	3	50417678	unique_+	chr3	50380247
rs144444937	R003	4	102835375	unique_+	chr4	101914218
rs181084179	R002	6	99514825	unique_+	chr6	99066949
rs192631083	R003	4	103043086	unique_+	chr4	102121929
rs117991309	R002	6	99547702	unique_+	chr6	99099826
rs188336753	R001	3	49224107	unique_+	chr3	49186674
rs142044921	R001	3	49171730	unique_+	chr3	49134297
rs145058670	R001	3	49416261	unique_+	chr3	49378828
rs77317392	R003	4	103723479	unique_+	chr4	102802322
rs78229169	R003	4	102744589	unique_+	chr4	101823432
rs187185691	R001	3	49760370	unique_+	chr3	49722937
rs187293628	R001	3	50798943	unique_+	chr3	50761512
rs192137200	R003	4	102326767	unique_+	chr4	101405610
rs74655282	R003	4	103441298	unique_+	chr4	102520141
rs28861467	R002	6	97993331	unique_+	chr6	97545455
rs192455066	R001	3	50498004	unique_+	chr3	50460573
rs145584874	R001	3	48398177	unique_+	chr3	48356687
rs7644414	R001	3	48299079	unique_+	chr3	48257589
rs11722146	R003	4	103524629	unique_+	chr4	102603472
rs72929248	R002	6	99673602	unique_+	chr6	99225726
rs195838	R002	6	99401569	unique_+	chr6	98953693
rs13141782	R003	4	103041618	unique_+	chr4	102120461
rs75671166	R003	4	103172184	unique_+	chr4	102251027
rs142094337	R002	6	97759068	unique_+	chr6	97311192
rs112449527	R002	6	99740823	unique_+	chr6	99292947
rs1339975	R002	6	97948597	unique_+	chr6	97500721
rs190224	R003	4	103046962	unique_+	chr4	102125805
rs12202084	R002	6	98859450	unique_+	chr6	98411574
rs6912685	R002	6	99770319	unique_+	chr6	99322443
rs195823	R002	6	99351215	unique_+	chr6	98903339
rs183995987	R002	6	99690866	unique_+	chr6	99242990
rs34916572	R002	6	99736674	unique_+	chr6	99288798
rs9320505	R002	6	97749332	unique_+	chr6	97301456
rs1598858	R003	4	103506095	unique_+	chr4	102584938
rs67289857	R002	6	99299048	unique_+	chr6	98851172
rs4839991	R002	6	99436781	unique_+	chr6	98988905
rs4308307	R001	3	49193216	unique_+	chr3	49155783
rs186936583	R002	6	99911949	unique_+	chr6	99464073
rs210398	R002	6	98957683	unique_+	chr6	98509807
rs145803412	R001	3	48550896	unique_+	chr3	48513463
rs223347	R003	4	103779972	unique_+	chr4	102858815
rs112829553	R001	3	48405335	unique_+	chr3	48363845
rs139435048	R003	4	102490230	unique_+	chr4	101569073
rs1011675	R002	6	99374180	unique_+	chr6	98926304
rs13208402	R002	6	99784979	unique_+	chr6	99337103
rs195812	R002	6	99375638	unique_+	chr6	98927762
rs200823	R002	6	97885074	unique_+	chr6	97437198
rs223341	R003	4	103783500	unique_+	chr4	102862343
rs35072064	R003	4	102737422	unique_+	chr4	101816265
rs4688697	R001	3	50955012	unique_+	chr3	50917581
rs6795756	R001	3	49232728	unique_+	chr3	49195295
rs181322145	R001	3	49513100	unique_+	chr3	49475667
rs147226408	R001	3	48557457	unique_+	chr3	48520024
rs1496967	R002	6	99597105	unique_+	chr6	99149229
rs13212364	R002	6	99281607	unique_+	chr6	98833731
rs60917457	R001	3	50878440	unique_+	chr3	50841009
rs75233259	R001	3	50657434	unique_+	chr3	50620003
rs6853184	R003	4	102941441	unique_+	chr4	102020284
rs76688288	R002	6	98160934	unique_+	chr6	97713058
rs9376125	R002	6	99839379	unique_+	chr6	99391503
rs61627377	R001	3	50937834	unique_+	chr3	50900403
rs6568972	R002	6	97992587	unique_+	chr6	97544711
rs149120762	R003	4	103544401	unique_+	chr4	102623244
rs7681723	R003	4	102571890	unique_+	chr4	101650733
rs79860076	R002	6	99268053	unique_+	chr6	98820177
rs9385566	R002	6	99358144	unique_+	chr6	98910268
rs72688523	R003	4	103020417	unique_+	chr4	102099260
rs72688538	R003	4	103043896	unique_+	chr4	102122739
rs76935405	R003	4	102580602	unique_+	chr4	101659445
rs141325317	R001	3	49424342	unique_+	chr3	49386909
rs9320507	R002	6	97749935	unique_+	chr6	97302059
rs35050920	R002	6	98339842	unique_+	chr6	97891966
rs74390291	R001	3	48620492	unique_+	chr3	48583059
rs184089300	R002	6	99068443	unique_+	chr6	98620567
rs7638154	R001	3	49299375	unique_+	chr3	49261942
rs11726042	R003	4	103044211	unique_+	chr4	102123054
rs210399	R002	6	98958349	unique_+	chr6	98510473
rs2572113	R002	6	99594276	unique_+	chr6	99146400
rs72915798	R002	6	99628872	unique_+	chr6	99180996
rs12496784	R001	3	48186267	unique_+	chr3	48144777
rs223342	R003	4	103781159	unique_+	chr4	102860002
rs9489525	R002	6	98157640	unique_+	chr6	97709764
rs9481846	R002	6	98147284	unique_+	chr6	97699408
rs210397	R002	6	98956348	unique_+	chr6	98508472
rs111721286	R003	4	102757673	unique_+	chr4	101836516
rs4648133	R003	4	103536413	unique_+	chr4	102615256
rs12637576	R001	3	49237334	unique_+	chr3	49199901
rs13198183	R002	6	99280509	unique_+	chr6	98832633
rs78926554	R002	6	98793108	unique_+	chr6	98345232
rs55663155	R002	6	99103605	unique_+	chr6	98655729
rs10009721	R003	4	102570449	unique_+	chr4	101649292
rs115438673	R001	3	49961576	unique_+	chr3	49924143
rs182381944	R003	4	102755487	unique_+	chr4	101834330
rs1440231	R003	4	103134617	unique_+	chr4	102213460
rs115183200	R002	6	97939139	unique_+	chr6	97491263
rs60426788	R002	6	97926911	unique_+	chr6	97479035
rs142356530	R003	4	102625437	unique_+	chr4	101704280
rs147405273	R003	4	103247694	unique_+	chr4	102326537
rs190859214	R003	4	102875227	unique_+	chr4	101954070
rs192161801	R003	4	102938842	unique_+	chr4	102017685
rs3974625	R003	4	103737557	unique_+	chr4	102816400
rs149592476	R003	4	103138709	unique_+	chr4	102217552
rs74945675	R001	3	48477086	unique_+	chr3	48435676
rs62432342	R002	6	99974550	unique_+	chr6	99526674
rs143362309	R003	4	103669926	unique_+	chr4	102748769
rs2071804	R001	3	50407256	unique_+	chr3	50369825
rs139415590	R001	3	50967722	unique_+	chr3	50930291
rs79655214	R003	4	102484501	unique_+	chr4	101563344
rs183041312	R002	6	98622072	unique_+	chr6	98174196
rs142950415	R002	6	99159437	unique_+	chr6	98711561
rs181660627	R003	4	103850440	unique_+	chr4	102929283
rs148004078	R001	3	48889370	unique_+	chr3	48851937
rs67147511	R003	4	103455935	unique_+	chr4	102534778
rs187365361	R001	3	48588892	unique_+	chr3	48551459
rs12204275	R002	6	99138875	unique_+	chr6	98690999
rs146391364	R002	6	98719357	unique_+	chr6	98271481
rs185857302	R001	3	48170589	unique_+	chr3	48129099
rs117743134	R002	6	97810092	unique_+	chr6	97362216
rs146202945	R002	6	98084557	unique_+	chr6	97636681
rs113460934	R003	4	103639990	unique_+	chr4	102718833
rs113958091	R003	4	103642379	unique_+	chr4	102721222
rs148273031	R003	4	102259254	unique_+	chr4	101338097
rs151274192	R003	4	103460719	unique_+	chr4	102539562
rs77760189	R002	6	99681885	unique_+	chr6	99234009
rs76028166	R003	4	103701014	unique_+	chr4	102779857
rs74799047	R003	4	103714894	unique_+	chr4	102793737
rs76735403	R003	4	103723959	unique_+	chr4	102802802
rs17033306	R003	4	103728626	unique_+	chr4	102807469
rs148746594	R002	6	99425496	unique_+	chr6	98977620
rs112549552	R002	6	99673955	unique_+	chr6	99226079
rs2850394	R003	4	102958744	unique_+	chr4	102037587
rs74711310	R003	4	102220732	unique_+	chr4	101299575
rs79976495	R001	3	48855490	unique_+	chr3	48818057
rs147446652	R001	3	50733297	unique_+	chr3	50695866
rs188274493	R003	4	103290710	unique_+	chr4	102369553
rs141628645	R002	6	98003099	unique_+	chr6	97555223
rs59994207	R003	4	102503195	unique_+	chr4	101582038
rs112297231	R002	6	98048091	unique_+	chr6	97600215
rs150569938	R002	6	98686076	unique_+	chr6	98238200
rs186964453	R001	3	50140929	unique_+	chr3	50103496
rs188804503	R002	6	98880412	unique_+	chr6	98432536
rs7758327	R002	6	98912993	unique_+	chr6	98465117
rs62423981	R002	6	99005381	unique_+	chr6	98557505
rs188487905	R001	3	50041683	unique_+	chr3	50004250
rs80353841	R003	4	102604239	unique_+	chr4	101683082
rs238510	R003	4	103036306	unique_+	chr4	102115149
rs7662378	R003	4	103179788	unique_+	chr4	102258631
rs72692248	R003	4	103234626	unique_+	chr4	102313469
rs7679949	R003	4	102576912	unique_+	chr4	101655755
rs144492040	R003	4	102601655	unique_+	chr4	101680498
rs17031983	R003	4	102979904	unique_+	chr4	102058747
rs227375	R003	4	103618023	unique_+	chr4	102696866
rs6903768	R002	6	99047900	unique_+	chr6	98600024
rs71564242	R002	6	99017012	unique_+	chr6	98569136
rs9996962	R003	4	103029297	unique_+	chr4	102108140
rs72915797	R002	6	99628558	unique_+	chr6	99180682
rs4955418	R001	3	49200627	unique_+	chr3	49163194
rs112534131	R002	6	98160869	unique_+	chr6	97712993
rs186010203	R003	4	102950717	unique_+	chr4	102029560
rs79584335	R003	4	103020449	unique_+	chr4	102099292
rs78474483	R002	6	99505695	unique_+	chr6	99057819
rs77973197	R001	3	49009284	unique_+	chr3	48971851
rs79952106	R003	4	102616576	unique_+	chr4	101695419
rs211226	R002	6	99001116	unique_+	chr6	98553240
rs11920267	R001	3	49275964	unique_+	chr3	49238531
rs210396	R002	6	98956265	unique_+	chr6	98508389
rs75336471	R003	4	103203365	unique_+	chr4	102282208
rs34636899	R003	4	102602528	unique_+	chr4	101681371
rs72688539	R003	4	103044068	unique_+	chr4	102122911
rs80141028	R003	4	102767999	unique_+	chr4	101846842
rs145820576	R001	3	49886075	unique_+	chr3	49848642
rs34054819	R002	6	99287253	unique_+	chr6	98839377
rs2658535	R003	4	102971016	unique_+	chr4	102049859
rs13208375	R002	6	98506310	unique_+	chr6	98058434
rs116285936	R001	3	49195952	unique_+	chr3	49158519
rs6532989	R003	4	103009484	unique_+	chr4	102088327
rs1020760	R003	4	103514445	unique_+	chr4	102593288
rs12490393	R001	3	49196132	unique_+	chr3	49158699
rs112706601	R002	6	98160533	unique_+	chr6	97712657
rs2282755	R001	3	50442800	unique_+	chr3	50405369
rs142599233	R001	3	49472013	unique_+	chr3	49434580
rs10456960	R002	6	98879349	unique_+	chr6	98431473
rs73760363	R002	6	98139267	unique_+	chr6	97691391
rs111254473	R001	3	49467623	unique_+	chr3	49430190
rs195830	R002	6	99382407	unique_+	chr6	98934531
rs158777	R002	6	98959605	unique_+	chr6	98511729
rs188322715	R001	3	49727378	unique_+	chr3	49689945
rs111628026	R003	4	103043325	unique_+	chr4	102122168
rs195843	R002	6	99346821	unique_+	chr6	98898945
rs2631258	R003	4	102927909	unique_+	chr4	102006752
rs12331846	R003	4	102790613	unique_+	chr4	101869456
rs150398	R002	6	98963513	unique_+	chr6	98515637
rs6569030	R002	6	98155759	unique_+	chr6	97707883
rs210409	R002	6	98922904	unique_+	chr6	98475028
rs56318724	R002	6	99282231	unique_+	chr6	98834355
rs141996829	R002	6	98486175	unique_+	chr6	98038299
rs112223114	R002	6	98038251	unique_+	chr6	97590375
rs185458009	R002	6	99708469	unique_+	chr6	99260593
rs189215592	R003	4	102224203	unique_+	chr4	101303046
rs182412894	R002	6	99537118	unique_+	chr6	99089242
rs149760937	R002	6	98919364	unique_+	chr6	98471488
rs76212695	R002	6	98576807	unique_+	chr6	98128931
rs75912895	R003	4	102890075	unique_+	chr4	101968918
rs146745322	R002	6	97991738	unique_+	chr6	97543862
rs12490519	R001	3	50845399	unique_+	chr3	50807968
rs72937900	R003	4	103688400	unique_+	chr4	102767243
rs75470390	R003	4	103699781	unique_+	chr4	102778624
rs77602774	R003	4	103646452	unique_+	chr4	102725295
rs118073458	R002	6	99115659	unique_+	chr6	98667783
rs187363637	R002	6	99599731	unique_+	chr6	99151855
rs144710790	R001	3	48638472	unique_+	chr3	48601039
rs76532635	R002	6	99220974	unique_+	chr6	98773098
rs76340992	R003	4	102215084	unique_+	chr4	101293927
rs192319446	R001	3	49843636	unique_+	chr3	49806203
rs116722984	R002	6	98100569	unique_+	chr6	97652693
rs2502950	R002	6	98628642	unique_+	chr6	98180766
rs2502951	R002	6	98628687	unique_+	chr6	98180811
rs1565085	R002	6	98611364	unique_+	chr6	98163488
rs139301082	R001	3	48991183	unique_+	chr3	48953750
rs116437214	R003	4	103795008	unique_+	chr4	102873851
rs72940561	R002	6	98016160	unique_+	chr6	97568284
rs72696114	R003	4	103417116	unique_+	chr4	102495959
rs76076966	R003	4	103172961	unique_+	chr4	102251804
rs7659040	R003	4	102475050	unique_+	chr4	101553893
rs113969878	R002	6	97802058	unique_+	chr6	97354182
rs112291546	R002	6	97804599	unique_+	chr6	97356723
rs187227418	R003	4	103048016	unique_+	chr4	102126859
rs139519133	R002	6	99475531	unique_+	chr6	99027655
rs72679109	R003	4	103464790	unique_+	chr4	102543633
rs67343621	R003	4	103511802	unique_+	chr4	102590645
rs55884387	R003	4	103493571	unique_+	chr4	102572414
rs57248236	R003	4	103498614	unique_+	chr4	102577457
rs4648026	R003	4	103499260	unique_+	chr4	102578103
rs56017192	R003	4	103512362	unique_+	chr4	102591205
rs58995842	R003	4	103485282	unique_+	chr4	102564125
rs184698710	R003	4	103843436	unique_+	chr4	102922279
rs79737194	R002	6	99568913	unique_+	chr6	99121037
rs146213403	R003	4	102542628	unique_+	chr4	101621471
rs185489402	R003	4	102509054	unique_+	chr4	101587897
rs187821657	R001	3	48478283	unique_+	chr3	48436873
rs211212	R002	6	98974225	unique_+	chr6	98526349
rs189027388	R002	6	99548712	unique_+	chr6	99100836
rs72938384	R002	6	98764040	unique_+	chr6	98316164
rs147960175	R001	3	48737924	unique_+	chr3	48700491
rs210395	R002	6	98953680	unique_+	chr6	98505804
rs112487557	R002	6	98486733	unique_+	chr6	98038857
rs151068208	R001	3	49085042	unique_+	chr3	49047609
rs189537339	R003	4	102931214	unique_+	chr4	102010057
rs145451610	R003	4	102602902	unique_+	chr4	101681745
rs150926858	R003	4	103641329	unique_+	chr4	102720172
rs986741	R001	3	48395332	unique_+	chr3	48353842
rs4536858	R001	3	49193081	unique_+	chr3	49155648
rs150438742	R001	3	48672836	unique_+	chr3	48635403
rs111875726	R003	4	102360114	unique_+	chr4	101438957
rs78491442	R002	6	97968427	unique_+	chr6	97520551
rs72926991	R002	6	98259536	unique_+	chr6	97811660
rs150393	R002	6	98958388	unique_+	chr6	98510512
rs11733483	R003	4	103214099	unique_+	chr4	102292942
rs35714888	R002	6	100018124	unique_+	chr6	99570248
rs9491708	R002	6	98991857	unique_+	chr6	98543981
rs13209531	R002	6	99764743	unique_+	chr6	99316867
rs1134718	R002	6	99880380	unique_+	chr6	99432504
rs140939614	R001	3	49734425	unique_+	chr3	49696992
rs73493907	R002	6	98108470	unique_+	chr6	97660594
rs137927897	R001	3	48477344	unique_+	chr3	48435934
rs138484063	R001	3	49870826	unique_+	chr3	49833393
rs79563203	R002	6	97981526	unique_+	chr6	97533650
rs77220175	R002	6	99475792	unique_+	chr6	99027916
rs13217667	R002	6	99767066	unique_+	chr6	99319190
rs3774800	R001	3	49334768	unique_+	chr3	49297335
rs238512	R003	4	103037625	unique_+	chr4	102116468
rs145919742	R003	4	102217068	unique_+	chr4	101295911
rs34152707	R002	6	99280419	unique_+	chr6	98832543
rs7693190	R003	4	102741022	unique_+	chr4	101819865
rs141456669	R002	6	97840786	unique_+	chr6	97392910
rs210403	R002	6	98930051	unique_+	chr6	98482175
rs142586863	R001	3	50388569	unique_+	chr3	50351138
rs17033230	R003	4	103655475	unique_+	chr4	102734318
rs76455904	R003	4	102243461	unique_+	chr4	101322304
rs56069368	R002	6	99579483	unique_+	chr6	99131607
rs236781	R003	4	103084574	unique_+	chr4	102163417
rs13198017	R002	6	99764831	unique_+	chr6	99316955
rs35583437	R001	3	48717048	unique_+	chr3	48679615
rs211213	R002	6	98974668	unique_+	chr6	98526792
rs114157400	R003	4	102935461	unique_+	chr4	102014304
rs72932141	R003	4	103380705	unique_+	chr4	102459548
rs210408	R002	6	98923158	unique_+	chr6	98475282
rs115260139	R003	4	102957885	unique_+	chr4	102036728
rs56725841	R003	4	103636292	unique_+	chr4	102715135
rs7659989	R003	4	103115391	unique_+	chr4	102194234
rs9481847	R002	6	98148553	unique_+	chr6	97700677
rs986740	R001	3	48395397	unique_+	chr3	48353907
rs184928807	R001	3	48088401	unique_+	chr3	48046911
rs145304275	R003	4	103301955	unique_+	chr4	102380798
rs181855588	R002	6	97965049	unique_+	chr6	97517173
rs112708678	R003	4	103648300	unique_+	chr4	102727143
rs79479418	R001	3	50080454	unique_+	chr3	50043021
rs9387445	R002	6	97990086	unique_+	chr6	97542210
rs17058667	R002	6	98991464	unique_+	chr6	98543588
rs17769537	R002	6	99184201	unique_+	chr6	98736325
rs7751616	R002	6	99767475	unique_+	chr6	99319599
rs196959	R002	6	99432747	unique_+	chr6	98984871
rs35150263	R002	6	99683123	unique_+	chr6	99235247
rs9385636	R002	6	99591041	unique_+	chr6	99143165
rs78898795	R003	4	102930619	unique_+	chr4	102009462
rs72688511	R003	4	103003044	unique_+	chr4	102081887
rs73758698	R002	6	98125470	unique_+	chr6	97677594
rs4699020	R003	4	103310587	unique_+	chr4	102389430
rs145261200	R003	4	103635967	unique_+	chr4	102714810
rs188440830	R002	6	99162910	unique_+	chr6	98715034
rs75851136	R001	3	50775432	unique_+	chr3	50738001
rs75857936	R003	4	102210194	unique_+	chr4	101289037
rs75857584	R002	6	99241633	unique_+	chr6	98793757
rs74568231	R003	4	103061833	unique_+	chr4	102140676
rs116666725	R002	6	97892110	unique_+	chr6	97444234
rs113198778	R002	6	98063329	unique_+	chr6	97615453
rs182336389	R002	6	99186748	unique_+	chr6	98738872
rs186158697	R003	4	103222099	unique_+	chr4	102300942
rs144457174	R002	6	99666595	unique_+	chr6	99218719
rs139906629	R003	4	102540231	unique_+	chr4	101619074
rs182231215	R003	4	102954481	unique_+	chr4	102033324
rs116838413	R001	3	49417482	unique_+	chr3	49380049
rs187795875	R001	3	49642072	unique_+	chr3	49604639
rs59248089	R003	4	103642247	unique_+	chr4	102721090
rs17033222	R003	4	103642090	unique_+	chr4	102720933
rs59031610	R003	4	103642539	unique_+	chr4	102721382
rs149923248	R003	4	102276962	unique_+	chr4	101355805
rs140660619	R002	6	99304397	unique_+	chr6	98856521
rs67128625	R003	4	103469789	unique_+	chr4	102548632
rs67547121	R003	4	103484896	unique_+	chr4	102563739
rs9942301	R003	4	103476155	unique_+	chr4	102554998
rs66890035	R003	4	103449350	unique_+	chr4	102528193
rs6841964	R003	4	103702373	unique_+	chr4	102781216
rs139787948	R003	4	103693705	unique_+	chr4	102772548
rs115642071	R001	3	50433963	unique_+	chr3	50396532
rs72610810	R002	6	99465266	unique_+	chr6	99017390
rs147184821	R001	3	48139748	unique_+	chr3	48098258
rs79794659	R002	6	99233023	unique_+	chr6	98785147
rs114474287	R001	3	48693971	unique_+	chr3	48656538
rs182533638	R001	3	48379489	unique_+	chr3	48337999
rs35121130	R003	4	103463239	unique_+	chr4	102542082
rs35862627	R001	3	48443792	unique_+	chr3	48402385
rs76245822	R001	3	50669102	unique_+	chr3	50631671
rs193001500	R002	6	100018676	unique_+	chr6	99570800
rs146309960	R003	4	102594980	unique_+	chr4	101673823
rs145061192	R003	4	102450512	unique_+	chr4	101529355
rs141936164	R003	4	103401723	unique_+	chr4	102480566
rs57679339	R002	6	99220866	unique_+	chr6	98772990
rs141069448	R003	4	102703298	unique_+	chr4	101782141
rs41290698	R001	3	49321401	unique_+	chr3	49283968
rs185369455	R002	6	98596798	unique_+	chr6	98148922
rs113766359	R002	6	99608210	unique_+	chr6	99160334
rs141114748	R001	3	49009247	unique_+	chr3	48971814
rs147627638	R002	6	99173116	unique_+	chr6	98725240
rs13205869	R002	6	99764316	unique_+	chr6	99316440
rs151499	R003	4	103065951	unique_+	chr4	102144794
rs113817457	R003	4	102477069	unique_+	chr4	101555912
rs7760618	R002	6	98005068	unique_+	chr6	97557192
rs145104785	R003	4	103205305	unique_+	chr4	102284148
rs147674866	R001	3	50682815	unique_+	chr3	50645384
rs142954839	R002	6	99015431	unique_+	chr6	98567555
rs6925577	R002	6	99769036	unique_+	chr6	99321160
rs196958	R002	6	99431126	unique_+	chr6	98983250
rs118172653	R002	6	99974667	unique_+	chr6	99526791
rs6821429	R003	4	102961880	unique_+	chr4	102040723
rs116715115	R001	3	48667033	unique_+	chr3	48629600
rs150412151	R001	3	49329531	unique_+	chr3	49292098
rs223343	R003	4	103781065	unique_+	chr4	102859908
rs13209154	R002	6	99281407	unique_+	chr6	98833531
rs75941655	R002	6	98338291	unique_+	chr6	97890415
rs41291720	R001	3	50107744	unique_+	chr3	50070311
rs58270328	R002	6	99346935	unique_+	chr6	98899059
rs140371849	R001	3	48100395	unique_+	chr3	48058905
rs142360511	R002	6	99376055	unique_+	chr6	98928179
rs138638527	R001	3	49727101	unique_+	chr3	49689668
rs2850386	R003	4	102925221	unique_+	chr4	102004064
rs2866433	R003	4	102588878	unique_+	chr4	101667721
rs6829701	R003	4	103227073	unique_+	chr4	102305916
rs116625780	R001	3	48756960	unique_+	chr3	48719527
rs146437193	R001	3	49111862	unique_+	chr3	49074429
rs56204949	R001	3	49940812	unique_+	chr3	49903379
rs1386174	R003	4	102982211	unique_+	chr4	102061054
rs11727352	R003	4	103025467	unique_+	chr4	102104310
rs12492850	R001	3	50953933	unique_+	chr3	50916502
rs35648078	R001	3	48175418	unique_+	chr3	48133928
rs195821	R002	6	99352391	unique_+	chr6	98904515
rs11097786	R003	4	103406511	unique_+	chr4	102485354
rs238475	R003	4	103044164	unique_+	chr4	102123007
rs195847	R002	6	99334963	unique_+	chr6	98887087
rs141221013	R002	6	98717802	unique_+	chr6	98269926
rs78689650	R002	6	98336477	unique_+	chr6	97888601
rs147090513	R002	6	98410299	unique_+	chr6	97962423
rs113761482	R003	4	102218439	unique_+	chr4	101297282
rs142972357	R002	6	99687801	unique_+	chr6	99239925
rs4499638	R001	3	49202782	unique_+	chr3	49165349
rs11715581	R001	3	49194331	unique_+	chr3	49156898
rs79310725	R002	6	98334959	unique_+	chr6	97887083
rs11130157	R001	3	48174513	unique_+	chr3	48133023
rs211209	R002	6	98970894	unique_+	chr6	98523018
rs4698857	R003	4	103401255	unique_+	chr4	102480098
rs12629366	R001	3	48313208	unique_+	chr3	48271718
rs139715543	R001	3	50303646	unique_+	chr3	50266214
rs9375440	R002	6	98917665	unique_+	chr6	98469789
rs71564255	R002	6	99282141	unique_+	chr6	98834265
rs173218	R003	4	103023049	unique_+	chr4	102101892
rs17533909	R002	6	99764144	unique_+	chr6	99316268
rs2009852	R002	6	99758286	unique_+	chr6	99310410
rs144268040	R003	4	102643581	unique_+	chr4	101722424
rs140277032	R003	4	102481635	unique_+	chr4	101560478
rs11962602	R002	6	99800168	unique_+	chr6	99352292
rs148964527	R002	6	97734347	unique_+	chr6	97286471
rs113552401	R003	4	103663495	unique_+	chr4	102742338
rs113976958	R003	4	103661023	unique_+	chr4	102739866
rs180842932	R002	6	97734572	unique_+	chr6	97286696
rs7699703	R003	4	103733116	unique_+	chr4	102811959
rs75729414	R003	4	103741174	unique_+	chr4	102820017
rs17033351	R003	4	103749654	unique_+	chr4	102828497
rs188067378	R003	4	102799124	unique_+	chr4	101877967
rs187797880	R003	4	103198795	unique_+	chr4	102277638
rs79431060	R003	4	102421925	unique_+	chr4	101500768
rs189119942	R003	4	103402939	unique_+	chr4	102481782
rs2505045	R002	6	98520711	unique_+	chr6	98072835
rs169809	R002	6	98984594	unique_+	chr6	98536718
rs186798965	R001	3	49330560	unique_+	chr3	49293127
rs185756048	R001	3	48412308	unique_+	chr3	48370818
rs180699124	R003	4	103204075	unique_+	chr4	102282918
rs191750563	R003	4	103146558	unique_+	chr4	102225401
rs7745189	R002	6	99956768	unique_+	chr6	99508892
rs77430661	R003	4	103727269	unique_+	chr4	102806112
rs77088187	R003	4	103721119	unique_+	chr4	102799962
rs17033300	R003	4	103727761	unique_+	chr4	102806604
rs9481860	R002	6	98158521	unique_+	chr6	97710645
rs141071614	R002	6	98789604	unique_+	chr6	98341728
rs140829084	R002	6	97739852	unique_+	chr6	97291976
rs3731503	R001	3	48225509	unique_+	chr3	48184019
rs189003598	R003	4	102565419	unique_+	chr4	101644262
rs143025620	R002	6	97778429	unique_+	chr6	97330553
rs182766845	R001	3	48491425	unique_+	chr3	48450019
rs190202138	R001	3	50371820	unique_+	chr3	50334389
rs117033744	R002	6	99538163	unique_+	chr6	99090287
rs12527653	R002	6	98507168	unique_+	chr6	98059292
rs139040216	R001	3	50004706	unique_+	chr3	49967273
rs113254241	R003	4	103770848	unique_+	chr4	102849691
rs145933153	R003	4	102750043	unique_+	chr4	101828886
rs188010888	R002	6	98895777	unique_+	chr6	98447901
rs182782727	R001	3	49871154	unique_+	chr3	49833721
rs72696130	R003	4	103433143	unique_+	chr4	102511986
rs72919056	R003	4	102701632	unique_+	chr4	101780475
rs75420946	R001	3	50389477	unique_+	chr3	50352046
rs67517559	R003	4	103466638	unique_+	chr4	102545481
rs190940989	R001	3	49871852	unique_+	chr3	49834419
rs80269081	R002	6	98027723	unique_+	chr6	97579847
rs146140755	R001	3	49444107	unique_+	chr3	49406674
rs115900479	R003	4	103561531	unique_+	chr4	102640374
rs146676872	R003	4	103607189	unique_+	chr4	102686032
rs185679094	R001	3	50928968	unique_+	chr3	50891537
rs181558051	R003	4	102349788	unique_+	chr4	101428631
rs139756596	R001	3	50332501	unique_+	chr3	50295070
rs150919688	R001	3	49107905	unique_+	chr3	49070472
rs72688506	R003	4	102989114	unique_+	chr4	102067957
rs140575453	R003	4	103292367	unique_+	chr4	102371210
rs238472	R003	4	103043048	unique_+	chr4	102121891
rs75492860	R002	6	97867585	unique_+	chr6	97419709
rs79795156	R002	6	99441385	unique_+	chr6	98993509
rs112197449	R001	3	49319469	unique_+	chr3	49282036
rs238436	R003	4	103031774	unique_+	chr4	102110617
rs12212805	R002	6	98933202	unique_+	chr6	98485326
rs77252379	R003	4	103270187	unique_+	chr4	102349030
rs115858348	R003	4	102420896	unique_+	chr4	101499739
rs13124455	R003	4	102611656	unique_+	chr4	101690499
rs34687300	R002	6	99281736	unique_+	chr6	98833860
rs186793693	R003	4	103688508	unique_+	chr4	102767351
rs11709076	R001	3	49762691	unique_+	chr3	49725258
rs6849419	R003	4	102594545	unique_+	chr4	101673388
rs72942567	R001	3	50839803	unique_+	chr3	50802372
rs6912485	R002	6	99756756	unique_+	chr6	99308880
rs11154719	R002	6	99598743	unique_+	chr6	99150867
rs2903276	R003	4	103027955	unique_+	chr4	102106798
rs7742620	R002	6	98953131	unique_+	chr6	98505255
rs238439	R003	4	103032292	unique_+	chr4	102111135
rs78659392	R002	6	98341291	unique_+	chr6	97893415
rs10865954	R001	3	49211989	unique_+	chr3	49174556
rs79693504	R003	4	102466999	unique_+	chr4	101545842
rs195848	R002	6	99332282	unique_+	chr6	98884406
rs34422222	R001	3	48186979	unique_+	chr3	48145489
rs4550925	R003	4	102825739	unique_+	chr4	101904582
rs62420680	R002	6	98120892	unique_+	chr6	97673016
rs72936848	R002	6	98490776	unique_+	chr6	98042900
rs10456937	R002	6	98371776	unique_+	chr6	97923900
rs78689612	R002	6	98146197	unique_+	chr6	97698321
rs77731970	R002	6	99234996	unique_+	chr6	98787120
rs6911313	R002	6	99015036	unique_+	chr6	98567160
rs60090601	R003	4	102676569	unique_+	chr4	101755412
rs146083334	R002	6	99771823	unique_+	chr6	99323947
rs148594811	R003	4	102381287	unique_+	chr4	101460130
rs2129294	R003	4	102960611	unique_+	chr4	102039454
rs35354647	R002	6	99263147	unique_+	chr6	98815271
rs223345	R003	4	103780523	unique_+	chr4	102859366
rs112524990	R002	6	97801106	unique_+	chr6	97353230
rs2866387	R003	4	102520404	unique_+	chr4	101599247
rs7749592	R002	6	99762740	unique_+	chr6	99314864
rs185773402	R003	4	103462320	unique_+	chr4	102541163
rs140724075	R002	6	99210467	unique_+	chr6	98762591
rs9372508	R002	6	98137077	unique_+	chr6	97689201
rs195845	R002	6	99342347	unique_+	chr6	98894471
rs72926274	R002	6	99976863	unique_+	chr6	99528987
rs62327888	R003	4	103172311	unique_+	chr4	102251154
rs7374376	R001	3	48172687	unique_+	chr3	48131197
rs182640476	R003	4	102889720	unique_+	chr4	101968563
rs116261856	R003	4	103024387	unique_+	chr4	102103230
rs1872702	R003	4	102957630	unique_+	chr4	102036473
rs72926247	R002	6	99961977	unique_+	chr6	99514101
rs113244912	R003	4	102295939	unique_+	chr4	101374782
rs9374642	R002	6	98003667	unique_+	chr6	97555791
rs238441	R003	4	103034162	unique_+	chr4	102113005
rs188645957	R002	6	99750250	unique_+	chr6	99302374
rs9387227	R002	6	97749365	unique_+	chr6	97301489
rs4955420	R001	3	49208865	unique_+	chr3	49171432
rs62424010	R002	6	99018733	unique_+	chr6	98570857
rs6784055	R001	3	50784082	unique_+	chr3	50746651
rs2029965	R002	6	99683802	unique_+	chr6	99235926
rs11130182	R001	3	49206767	unique_+	chr3	49169334
rs6811212	R003	4	103662776	unique_+	chr4	102741619
rs112730631	R003	4	103664121	unique_+	chr4	102742964
rs142712036	R003	4	102528536	unique_+	chr4	101607379
rs183646055	R001	3	48399796	unique_+	chr3	48358306
rs150284749	R001	3	50402127	unique_+	chr3	50364696
rs186213656	R001	3	48124864	unique_+	chr3	48083374
rs192678668	R001	3	50832923	unique_+	chr3	50795492
rs148871230	R003	4	102967990	unique_+	chr4	102046833
rs144860677	R002	6	97935095	unique_+	chr6	97487219
rs181102586	R002	6	98163839	unique_+	chr6	97715963
rs188540235	R003	4	102334841	unique_+	chr4	101413684
rs7662047	R003	4	103091730	unique_+	chr4	102170573
rs141335172	R001	3	48355138	unique_+	chr3	48313648
rs55873016	R003	4	102314948	unique_+	chr4	101393791
rs62321672	R003	4	102745168	unique_+	chr4	101824011
rs148785510	R001	3	48709667	unique_+	chr3	48672234
rs4640555	R001	3	50588025	unique_+	chr3	50550594
rs1487448	R002	6	98641735	unique_+	chr6	98193859
rs181614070	R003	4	103171130	unique_+	chr4	102249973
rs6765221	R001	3	50907098	unique_+	chr3	50869667
rs141508333	R003	4	102362657	unique_+	chr4	101441500
rs149703933	R002	6	99034172	unique_+	chr6	98586296
rs2503783	R002	6	98505824	unique_+	chr6	98057948
rs142800129	R003	4	103757365	unique_+	chr4	102836208
rs116949649	R002	6	98624681	unique_+	chr6	98176805
rs12496815	R001	3	50401841	unique_+	chr3	50364410
rs190503012	R001	3	48651222	unique_+	chr3	48613789
rs113414780	R002	6	98405514	unique_+	chr6	97957638
rs72694188	R003	4	103390062	unique_+	chr4	102468905
rs72696146	R003	4	103442750	unique_+	chr4	102521593
rs6827830	R003	4	103409332	unique_+	chr4	102488175
rs72696115	R003	4	103417684	unique_+	chr4	102496527
rs182499529	R001	3	50352682	unique_+	chr3	50315251
rs190048880	R001	3	50294301	unique_+	chr3	50256869
rs184436209	R002	6	99529125	unique_+	chr6	99081249
rs113217032	R003	4	102376686	unique_+	chr4	101455529
rs148939750	R001	3	49325596	unique_+	chr3	49288163
rs183063387	R001	3	48828942	unique_+	chr3	48791509
rs186178542	R001	3	49021080	unique_+	chr3	48983647
rs187961163	R001	3	50730441	unique_+	chr3	50693010
rs9762775	R003	4	102598109	unique_+	chr4	101676952
rs146661207	R002	6	98971061	unique_+	chr6	98523185
rs80271034	R003	4	103319643	unique_+	chr4	102398486
rs66683016	R002	6	99285636	unique_+	chr6	98837760
rs2125368	R001	3	50901817	unique_+	chr3	50864386
rs11153657	R002	6	98017281	unique_+	chr6	97569405
rs4688698	R001	3	50794814	unique_+	chr3	50757383
rs182768011	R003	4	103469654	unique_+	chr4	102548497
rs7670379	R003	4	102566711	unique_+	chr4	101645554
rs78213162	R002	6	98168303	unique_+	chr6	97720427
rs2658534	R003	4	102970332	unique_+	chr4	102049175
rs238477	R003	4	103044482	unique_+	chr4	102123325
rs236769	R003	4	103078799	unique_+	chr4	102157642
rs12493256	R001	3	48176747	unique_+	chr3	48135257
rs11931217	R003	4	103271888	unique_+	chr4	102350731
rs145928829	R001	3	48633823	unique_+	chr3	48596390
rs113387439	R002	6	99970138	unique_+	chr6	99522262
rs12647741	R003	4	102804739	unique_+	chr4	101883582
rs56861883	R002	6	99585143	unique_+	chr6	99137267
rs137903056	R002	6	99806019	unique_+	chr6	99358143
rs75277310	R002	6	98944992	unique_+	chr6	98497116
rs117195472	R002	6	99636504	unique_+	chr6	99188628
rs78075599	R001	3	49382681	unique_+	chr3	49345248
rs2205438	R003	4	103387413	unique_+	chr4	102466256
rs6532959	R003	4	102654946	unique_+	chr4	101733789
rs4536928	R003	4	102983937	unique_+	chr4	102062780
rs12649238	R003	4	102973987	unique_+	chr4	102052830
rs997783	R002	6	98153719	unique_+	chr6	97705843
rs114634030	R001	3	49392819	unique_+	chr3	49355386
rs238515	R003	4	103041012	unique_+	chr4	102119855
rs211201	R002	6	98964717	unique_+	chr6	98516841
rs73760304	R002	6	98134217	unique_+	chr6	97686341
rs223469	R003	4	103699778	unique_+	chr4	102778621
rs62422317	R002	6	99138518	unique_+	chr6	98690642
rs113807263	R002	6	98340899	unique_+	chr6	97893023
rs117922347	R002	6	99632444	unique_+	chr6	99184568
rs6532961	R003	4	102665146	unique_+	chr4	101743989
rs12647829	R003	4	102805121	unique_+	chr4	101883964
rs114506524	R001	3	50526217	unique_+	chr3	50488786
rs976186	R002	6	98637502	unique_+	chr6	98189626
rs210401	R002	6	98930757	unique_+	chr6	98482881
rs77623650	R002	6	98342797	unique_+	chr6	97894921
rs2866422	R003	4	102603328	unique_+	chr4	101682171
rs72938841	R003	4	103073922	unique_+	chr4	102152765
rs72688520	R003	4	103014305	unique_+	chr4	102093148
rs17031856	R003	4	102934544	unique_+	chr4	102013387
rs74489356	R002	6	97959782	unique_+	chr6	97511906
rs79553114	R002	6	98335509	unique_+	chr6	97887633
rs74704950	R002	6	98053608	unique_+	chr6	97605732
rs139167095	R001	3	48693293	unique_+	chr3	48655860
rs6930645	R002	6	99972485	unique_+	chr6	99524609
rs4513801	R002	6	98098432	unique_+	chr6	97650556
rs13206613	R002	6	99788972	unique_+	chr6	99341096
rs871153	R003	4	103016878	unique_+	chr4	102095721
rs113273978	R003	4	103702937	unique_+	chr4	102781780
rs9400958	R002	6	97952821	unique_+	chr6	97504945
rs903443	R002	6	98915783	unique_+	chr6	98467907
rs144095368	R002	6	100000798	unique_+	chr6	99552922
rs183712870	R003	4	102956275	unique_+	chr4	102035118
rs180882493	R002	6	97750456	unique_+	chr6	97302580
rs188684519	R002	6	100018437	unique_+	chr6	99570561
rs139580961	R002	6	99294040	unique_+	chr6	98846164
rs187972776	R001	3	48394413	unique_+	chr3	48352923
rs186631137	R003	4	103035747	unique_+	chr4	102114590
rs61744041	R002	6	99353427	unique_+	chr6	98905551
rs190641540	R002	6	98538558	unique_+	chr6	98090682
rs12494304	R001	3	48178029	unique_+	chr3	48136539
rs182721611	R003	4	103165658	unique_+	chr4	102244501
rs180748485	R001	3	50627774	unique_+	chr3	50590343
rs116162488	R003	4	103282426	unique_+	chr4	102361269
rs7684458	R003	4	102308154	unique_+	chr4	101386997
rs144723005	R001	3	49058197	unique_+	chr3	49020764
rs112306613	R002	6	98951114	unique_+	chr6	98503238
rs1487444	R002	6	98563734	unique_+	chr6	98115858
rs4688715	R001	3	50553721	unique_+	chr3	50516290
rs2505043	R002	6	98521336	unique_+	chr6	98073460
rs111656458	R002	6	98101583	unique_+	chr6	97653707
rs2505042	R002	6	98521552	unique_+	chr6	98073676
rs112650968	R002	6	98497760	unique_+	chr6	98049884
rs11967538	R002	6	99247434	unique_+	chr6	98799558
rs56075015	R003	4	103394098	unique_+	chr4	102472941
rs191241383	R003	4	103820960	unique_+	chr4	102899803
rs138579942	R003	4	102633543	unique_+	chr4	101712386
rs143338169	R003	4	102548402	unique_+	chr4	101627245
rs149415442	R002	6	98815149	unique_+	chr6	98367273
rs183153589	R002	6	98815148	unique_+	chr6	98367272
rs113952616	R002	6	98388977	unique_+	chr6	97941101
rs17033210	R003	4	103639840	unique_+	chr4	102718683
rs75828368	R002	6	98199072	unique_+	chr6	97751196
rs148113437	R001	3	50123678	unique_+	chr3	50086245
rs146079148	R003	4	102647551	unique_+	chr4	101726394
rs79564149	R002	6	98399056	unique_+	chr6	97951180
rs3774741	R001	3	50202723	unique_+	chr3	50165290
rs151225695	R001	3	49172497	unique_+	chr3	49135064
rs192607111	R002	6	97911505	unique_+	chr6	97463629
rs77568664	R002	6	99495543	unique_+	chr6	99047667
rs56344531	R003	4	103320197	unique_+	chr4	102399040
rs192274913	R001	3	49695672	unique_+	chr3	49658239
rs150188191	R002	6	99669872	unique_+	chr6	99221996
rs867419	R002	6	98916121	unique_+	chr6	98468245
rs117612647	R002	6	99871645	unique_+	chr6	99423769
rs141767573	R002	6	97839848	unique_+	chr6	97391972
rs13212062	R002	6	99293881	unique_+	chr6	98846005
rs72928673	R002	6	99844599	unique_+	chr6	99396723
rs78305068	R003	4	103512434	unique_+	chr4	102591277
rs223344	R003	4	103780922	unique_+	chr4	102859765
rs6532962	R003	4	102666886	unique_+	chr4	101745729
rs9839427	R001	3	50301584	unique_+	chr3	50264152
rs139356459	R003	4	103667580	unique_+	chr4	102746423
rs149878088	R003	4	102699357	unique_+	chr4	101778200
rs34687996	R001	3	48175411	unique_+	chr3	48133921
rs34361513	R002	6	98190317	unique_+	chr6	97742441
rs6532958	R003	4	102654820	unique_+	chr4	101733663
rs7429594	R001	3	48187679	unique_+	chr3	48146189
rs76608052	R002	6	99441406	unique_+	chr6	98993530
rs138085868	R002	6	97802158	unique_+	chr6	97354282
rs149217670	R002	6	99756076	unique_+	chr6	99308200
rs1506500	R003	4	103007383	unique_+	chr4	102086226
rs9398845	R002	6	99011907	unique_+	chr6	98564031
rs74285012	R003	4	102807090	unique_+	chr4	101885933
rs12524954	R002	6	98012071	unique_+	chr6	97564195
rs6532981	R003	4	102927216	unique_+	chr4	102006059
rs35142214	R001	3	48187743	unique_+	chr3	48146253
rs74674691	R003	4	102586984	unique_+	chr4	101665827
rs502761	R002	6	100031659	unique_+	chr6	99583783
rs9684229	R003	4	102578173	unique_+	chr4	101657016
rs142026804	R002	6	98404791	unique_+	chr6	97956915
rs139423642	R002	6	99866919	unique_+	chr6	99419043
rs6532977	R003	4	102825978	unique_+	chr4	101904821
rs79495644	R003	4	102537575	unique_+	chr4	101616418
rs6831155	R003	4	102523283	unique_+	chr4	101602126
rs9481838	R002	6	98142004	unique_+	chr6	97694128
rs13192341	R002	6	99791430	unique_+	chr6	99343554
rs6532964	R003	4	102666908	unique_+	chr4	101745751
rs73758624	R002	6	98048700	unique_+	chr6	97600824
rs77419817	R002	6	98894555	unique_+	chr6	98446679
rs223420	R003	4	103728010	unique_+	chr4	102806853
rs9492772	R002	6	99369929	unique_+	chr6	98922053
rs138419505	R002	6	97864443	unique_+	chr6	97416567
rs13220183	R002	6	99296222	unique_+	chr6	98848346
rs190223	R003	4	103105685	unique_+	chr4	102184528
rs73836515	R003	4	103084918	unique_+	chr4	102163761
rs4839920	R002	6	98102697	unique_+	chr6	97654821
rs112400361	R003	4	103640560	unique_+	chr4	102719403
rs12643950	R003	4	102548422	unique_+	chr4	101627265
rs169750	R002	6	98931716	unique_+	chr6	98483840
rs762707	R001	3	50289853	unique_+	chr3	50252421
rs238438	R003	4	103032197	unique_+	chr4	102111040
rs146995169	R001	3	48411837	unique_+	chr3	48370347
rs75417445	R002	6	99231369	unique_+	chr6	98783493
rs11713476	R001	3	48375434	unique_+	chr3	48333944
rs158780	R002	6	98962268	unique_+	chr6	98514392
rs4133334	R002	6	98125610	unique_+	chr6	97677734
rs13127559	R003	4	102747882	unique_+	chr4	101826725
rs238471	R003	4	103042738	unique_+	chr4	102121581
rs62420681	R002	6	98120894	unique_+	chr6	97673018
rs55801262	R003	4	103320030	unique_+	chr4	102398873
rs191173147	R003	4	103353973	unique_+	chr4	102432816
rs12490039	R001	3	50920469	unique_+	chr3	50883038
rs28832696	R003	4	102637299	unique_+	chr4	101716142
rs195849	R002	6	99331409	unique_+	chr6	98883533
rs75460960	R003	4	103796093	unique_+	chr4	102874936
rs186097696	R002	6	99915526	unique_+	chr6	99467650
rs73497643	R002	6	99757953	unique_+	chr6	99310077
rs111666643	R002	6	98453246	unique_+	chr6	98005370
rs140099896	R002	6	99608950	unique_+	chr6	99161074
rs6414612	R001	3	48897078	unique_+	chr3	48859645
rs59496771	R002	6	98047830	unique_+	chr6	97599954
rs140552438	R002	6	99611636	unique_+	chr6	99163760
rs147345916	R001	3	48377228	unique_+	chr3	48335738
rs182012	R002	6	99327774	unique_+	chr6	98879898
rs11965974	R002	6	99958836	unique_+	chr6	99510960
rs137928626	R003	4	103078709	unique_+	chr4	102157552
rs138932944	R002	6	98045698	unique_+	chr6	97597822
rs150493436	R003	4	103482058	unique_+	chr4	102560901
rs183236629	R003	4	102636399	unique_+	chr4	101715242
rs115680874	R001	3	50251336	unique_+	chr3	50213903
rs144893978	R001	3	50212220	unique_+	chr3	50174787
rs139800216	R001	3	48730161	unique_+	chr3	48692728
rs113509263	R002	6	98521978	unique_+	chr6	98074102
rs13211580	R002	6	98933153	unique_+	chr6	98485277
rs193116001	R003	4	103691199	unique_+	chr4	102770042
rs192467570	R002	6	98733429	unique_+	chr6	98285553
rs210410	R002	6	98922163	unique_+	chr6	98474287
rs59339070	R003	4	103715088	unique_+	chr4	102793931
rs114471605	R003	4	103700942	unique_+	chr4	102779785
rs4520020	R002	6	99031313	unique_+	chr6	98583437
rs144205931	R003	4	103400162	unique_+	chr4	102479005
rs72694199	R003	4	103397444	unique_+	chr4	102476287
rs141734654	R003	4	103399787	unique_+	chr4	102478630
rs187816227	R002	6	99733641	unique_+	chr6	99285765
rs142170989	R002	6	99092032	unique_+	chr6	98644156
rs55888741	R003	4	103637910	unique_+	chr4	102716753
rs188673860	R002	6	98662304	unique_+	chr6	98214428
rs80061148	R003	4	103851588	unique_+	chr4	102930431
rs115825776	R001	3	48897186	unique_+	chr3	48859753
rs72688512	R003	4	103006993	unique_+	chr4	102085836
rs78839940	R002	6	98381157	unique_+	chr6	97933281
rs147173841	R002	6	98034638	unique_+	chr6	97586762
rs6812874	R003	4	102839008	unique_+	chr4	101917851
rs192014652	R001	3	49769001	unique_+	chr3	49731568
rs188733749	R001	3	49802203	unique_+	chr3	49764770
rs182736729	R003	4	102984368	unique_+	chr4	102063211
rs56412215	R003	4	102301475	unique_+	chr4	101380318
rs139740108	R002	6	97862463	unique_+	chr6	97414587
rs186281336	R002	6	97823157	unique_+	chr6	97375281
rs187033484	R001	3	49100428	unique_+	chr3	49062995
rs115153799	R001	3	48238850	unique_+	chr3	48197360
rs77272652	R002	6	98105423	unique_+	chr6	97657547
rs117113508	R002	6	99145352	unique_+	chr6	98697476
rs115865192	R002	6	99629493	unique_+	chr6	99181617
rs190506039	R001	3	49840548	unique_+	chr3	49803115
rs56096336	R003	4	102688762	unique_+	chr4	101767605
rs9398455	R002	6	98015352	unique_+	chr6	97567476
rs9321087	R002	6	99015119	unique_+	chr6	98567243
rs17059069	R002	6	99483896	unique_+	chr6	99036020
rs7676236	R003	4	102574367	unique_+	chr4	101653210
rs146142030	R002	6	99130055	unique_+	chr6	98682179
rs7450955	R002	6	99118698	unique_+	chr6	98670822
rs111273446	R002	6	97979023	unique_+	chr6	97531147
rs137977308	R001	3	48593720	unique_+	chr3	48556287
rs2851317	R003	4	102916266	unique_+	chr4	101995109
rs62421908	R002	6	98219731	unique_+	chr6	97771855
rs58842515	R002	6	98119942	unique_+	chr6	97672066
rs148408813	R002	6	98038939	unique_+	chr6	97591063
rs2903269	R003	4	102450302	unique_+	chr4	101529145
rs6853910	R003	4	102523285	unique_+	chr4	101602128
rs34713268	R002	6	99158373	unique_+	chr6	98710497
rs17234923	R003	4	103443800	unique_+	chr4	102522643
rs192788304	R003	4	102519548	unique_+	chr4	101598391
rs140522249	R002	6	97862979	unique_+	chr6	97415103
rs236761	R003	4	103066620	unique_+	chr4	102145463
rs149010539	R001	3	49686084	unique_+	chr3	49648651
rs72684881	R003	4	102652582	unique_+	chr4	101731425
rs13108165	R003	4	102740071	unique_+	chr4	101818914
rs17822911	R002	6	99964221	unique_+	chr6	99516345
rs151386	R003	4	103076734	unique_+	chr4	102155577
rs76403387	R002	6	97773076	unique_+	chr6	97325200
rs115192304	R003	4	103122582	unique_+	chr4	102201425
rs28595771	R003	4	102578197	unique_+	chr4	101657040
rs78874081	R003	4	102940722	unique_+	chr4	102019565
rs73833824	R003	4	102522786	unique_+	chr4	101601629
rs140713539	R002	6	99747959	unique_+	chr6	99300083
rs77202592	R003	4	103785582	unique_+	chr4	102864425
rs116595123	R003	4	103224594	unique_+	chr4	102303437
rs9760151	R003	4	102598140	unique_+	chr4	101676983
rs72663170	R003	4	103803402	unique_+	chr4	102882245
rs57643236	R002	6	99594533	unique_+	chr6	99146657
rs230518	R003	4	103469967	unique_+	chr4	102548810
rs139052479	R003	4	102665580	unique_+	chr4	101744423
rs6532963	R003	4	102666903	unique_+	chr4	101745746
rs28787980	R003	4	102598358	unique_+	chr4	101677201
rs59491128	R002	6	97845035	unique_+	chr6	97397159
rs210406	R002	6	98928272	unique_+	chr6	98480396
rs6825329	R003	4	103004975	unique_+	chr4	102083818
rs17771773	R002	6	99586331	unique_+	chr6	99138455
rs62420700	R002	6	98137562	unique_+	chr6	97689686
rs62420679	R002	6	98119059	unique_+	chr6	97671183
rs147365565	R001	3	49917928	unique_+	chr3	49880495
rs12505627	R003	4	102739291	unique_+	chr4	101818134
rs143347129	R001	3	48295392	unique_+	chr3	48253902
rs142861887	R003	4	103549664	unique_+	chr4	102628507
rs17031472	R003	4	102545130	unique_+	chr4	101623973
rs17248074	R003	4	102405777	unique_+	chr4	101484620
rs75294718	R003	4	102962045	unique_+	chr4	102040888
rs4146611	R003	4	103306223	unique_+	chr4	102385066
rs238478	R003	4	103044559	unique_+	chr4	102123402
rs117860548	R002	6	99244898	unique_+	chr6	98797022
rs230523	R003	4	103462038	unique_+	chr4	102540881
rs195825	R002	6	99393501	unique_+	chr6	98945625
rs75763510	R003	4	102538770	unique_+	chr4	101617613
rs34927061	R003	4	103283130	unique_+	chr4	102361973
rs4516945	R002	6	98116356	unique_+	chr6	97668480
rs17057969	R002	6	98177194	unique_+	chr6	97729318
rs191802012	R002	6	99638384	unique_+	chr6	99190508
rs184453114	R003	4	103522963	unique_+	chr4	102601806
rs180731646	R003	4	102693538	unique_+	chr4	101772381
rs191472220	R003	4	103883316	unique_+	chr4	102962159
rs139720918	R003	4	102816776	unique_+	chr4	101895619
rs143221415	R002	6	97963989	unique_+	chr6	97516113
rs143207560	R002	6	98741664	unique_+	chr6	98293788
rs184667931	R003	4	103036021	unique_+	chr4	102114864
rs116151380	R003	4	103597541	unique_+	chr4	102676384
rs6533027	R003	4	103667815	unique_+	chr4	102746658
rs79378857	R001	3	48621017	unique_+	chr3	48583584
rs151226588	R001	3	49808167	unique_+	chr3	49770734
rs72930436	R003	4	102539576	unique_+	chr4	101618419
rs17032771	R003	4	103459786	unique_+	chr4	102538629
rs147683073	R001	3	49828873	unique_+	chr3	49791440
rs3731517	R001	3	48216469	unique_+	chr3	48174979
rs144543713	R001	3	50420347	unique_+	chr3	50382916
rs115937664	R003	4	103043119	unique_+	chr4	102121962
rs188293599	R001	3	50159814	unique_+	chr3	50122381
rs189058004	R001	3	50925979	unique_+	chr3	50888548
rs143443440	R003	4	103795697	unique_+	chr4	102874540
rs182686937	R001	3	48155806	unique_+	chr3	48114316
rs186764603	R002	6	98518674	unique_+	chr6	98070798
rs114565135	R001	3	50922614	unique_+	chr3	50885183
rs190746514	R003	4	103204325	unique_+	chr4	102283168
rs143602808	R001	3	50311986	unique_+	chr3	50274555
rs56912699	R003	4	103643251	unique_+	chr4	102722094
rs114454488	R003	4	103564666	unique_+	chr4	102643509
rs147799617	R003	4	102344153	unique_+	chr4	101422996
rs7661765	R003	4	102577737	unique_+	chr4	101656580
rs76233270	R003	4	102550049	unique_+	chr4	101628892
rs144762879	R003	4	103338973	unique_+	chr4	102417816
rs115972694	R003	4	103609253	unique_+	chr4	102688096
rs180925927	R003	4	102917368	unique_+	chr4	101996211
rs189756599	R003	4	102486139	unique_+	chr4	101564982
rs72696141	R003	4	103440004	unique_+	chr4	102518847
rs72696127	R003	4	103428528	unique_+	chr4	102507371
rs141786613	R001	3	49925487	unique_+	chr3	49888054
rs115550771	R003	4	103478430	unique_+	chr4	102557273
rs180879617	R003	4	103115632	unique_+	chr4	102194475
rs9489473	R002	6	98141661	unique_+	chr6	97693785
rs139063280	R002	6	99670990	unique_+	chr6	99223114
rs144041969	R002	6	97897432	unique_+	chr6	97449556
rs188361600	R001	3	48118556	unique_+	chr3	48077066
rs12527283	R002	6	98379347	unique_+	chr6	97931471
rs79947658	R002	6	98383278	unique_+	chr6	97935402
rs79904982	R002	6	98380519	unique_+	chr6	97932643
rs60690742	R003	4	103210521	unique_+	chr4	102289364
rs10516488	R003	4	102977777	unique_+	chr4	102056620
rs7695249	R003	4	103302846	unique_+	chr4	102381689
rs144659114	R002	6	99392603	unique_+	chr6	98944727
rs115452512	R003	4	103008916	unique_+	chr4	102087759
rs146804263	R001	3	50350990	unique_+	chr3	50313559
rs62329492	R003	4	103286884	unique_+	chr4	102365727
rs2903286	R003	4	102602415	unique_+	chr4	101681258
rs148281882	R002	6	97876280	unique_+	chr6	97428404
rs17033239	R003	4	103680599	unique_+	chr4	102759442
rs148617349	R002	6	98076331	unique_+	chr6	97628455
rs138648341	R001	3	49600829	unique_+	chr3	49563396
rs6532952	R003	4	102579804	unique_+	chr4	101658647
rs185644506	R003	4	102663576	unique_+	chr4	101742419
rs188771491	R003	4	103422199	unique_+	chr4	102501042
rs79274226	R003	4	102935273	unique_+	chr4	102014116
rs186608694	R002	6	99275557	unique_+	chr6	98827681
rs12647710	R003	4	102783642	unique_+	chr4	101862485
rs116058485	R001	3	48484241	unique_+	chr3	48442832
rs17032552	R003	4	103307931	unique_+	chr4	102386774
rs62420699	R002	6	98134868	unique_+	chr6	97686992
rs35305967	R002	6	100006737	unique_+	chr6	99558861
rs56385550	R003	4	103167394	unique_+	chr4	102246237
rs13208864	R002	6	97848325	unique_+	chr6	97400449
rs13203953	R002	6	98308298	unique_+	chr6	97860422
rs223337	R003	4	103786371	unique_+	chr4	102865214
rs145114447	R001	3	50363071	unique_+	chr3	50325640
rs117462103	R002	6	99876161	unique_+	chr6	99428285
rs76498519	R003	4	103638420	unique_+	chr4	102717263
rs139539051	R001	3	49858975	unique_+	chr3	49821542
rs17032185	R003	4	103151453	unique_+	chr4	102230296
rs4648104	R003	4	103531991	unique_+	chr4	102610834
rs115250992	R001	3	50247312	unique_+	chr3	50209879
rs7431293	R001	3	48187647	unique_+	chr3	48146157
rs12644624	R003	4	102805045	unique_+	chr4	101883888
rs56411893	R001	3	48769855	unique_+	chr3	48732422
rs75806167	R003	4	103005023	unique_+	chr4	102083866
rs115418569	R003	4	102681537	unique_+	chr4	101760380
rs13200413	R002	6	99822616	unique_+	chr6	99374740
rs7685748	R003	4	103158385	unique_+	chr4	102237228
rs78963175	R003	4	103657504	unique_+	chr4	102736347
rs72938929	R002	6	99410947	unique_+	chr6	98963071
rs13137892	R003	4	103870091	unique_+	chr4	102948934
rs147791099	R002	6	98069511	unique_+	chr6	97621635
rs61325025	R003	4	103322304	unique_+	chr4	102401147
rs2631270	R003	4	102971815	unique_+	chr4	102050658
rs76960581	R003	4	102472003	unique_+	chr4	101550846
rs2850395	R003	4	102968082	unique_+	chr4	102046925
rs12498977	R003	4	102769677	unique_+	chr4	101848520
rs189809170	R001	3	48663066	unique_+	chr3	48625633
rs9492351	R002	6	99233987	unique_+	chr6	98786111
rs143719425	R001	3	49534926	unique_+	chr3	49497493
rs145722009	R002	6	98806285	unique_+	chr6	98358409
rs112705200	R003	4	102750373	unique_+	chr4	101829216
rs56368307	R002	6	99169712	unique_+	chr6	98721836
rs79783209	R003	4	102295271	unique_+	chr4	101374114
rs186799485	R003	4	102716688	unique_+	chr4	101795531
rs4840036	R002	6	99827037	unique_+	chr6	99379161
rs114248404	R003	4	102470511	unique_+	chr4	101549354
rs141109171	R003	4	102248362	unique_+	chr4	101327205
rs4498365	R002	6	98480234	unique_+	chr6	98032358
rs144790640	R001	3	48977464	unique_+	chr3	48940031
rs150800228	R003	4	102378255	unique_+	chr4	101457098
rs117658597	R002	6	99161018	unique_+	chr6	98713142
rs57078550	R001	3	48830593	unique_+	chr3	48793160
rs78003929	R003	4	102958835	unique_+	chr4	102037678
rs112438015	R003	4	103639860	unique_+	chr4	102718703
rs77644269	R003	4	102746350	unique_+	chr4	101825193
rs223334	R003	4	103788211	unique_+	chr4	102867054
rs1045482	R001	3	48312229	unique_+	chr3	48270739
rs115387987	R003	4	102616092	unique_+	chr4	101694935
rs210405	R002	6	98928380	unique_+	chr6	98480504
rs76090839	R002	6	98034725	unique_+	chr6	97586849
rs4858891	R001	3	48185955	unique_+	chr3	48144465
rs117887908	R002	6	99327685	unique_+	chr6	98879809
rs117494551	R002	6	99777886	unique_+	chr6	99330010
rs73072446	R001	3	50743142	unique_+	chr3	50705711
rs1469019	R003	4	102758460	unique_+	chr4	101837303
rs6938329	R002	6	98161552	unique_+	chr6	97713676
rs12486046	R001	3	48507182	unique_+	chr3	48465783
rs146529422	R003	4	103188494	unique_+	chr4	102267337
rs17033100	R003	4	103581262	unique_+	chr4	102660105
rs12505747	R003	4	102821381	unique_+	chr4	101900224
rs188480061	R003	4	103058198	unique_+	chr4	102137041
rs184044766	R001	3	48072413	unique_+	chr3	48030923
rs188441567	R001	3	48877655	unique_+	chr3	48840222
rs183907215	R003	4	103481522	unique_+	chr4	102560365
rs188508332	R003	4	103523630	unique_+	chr4	102602473
rs608591	R002	6	99759027	unique_+	chr6	99311151
rs77325614	R003	4	102248937	unique_+	chr4	101327780
rs148328402	R001	3	50379343	unique_+	chr3	50341912
rs186054770	R001	3	50278023	unique_+	chr3	50240591
rs11751049	R002	6	99108272	unique_+	chr6	98660396
rs7686632	R003	4	103643117	unique_+	chr4	102721960
rs230522	R003	4	103462797	unique_+	chr4	102541640
rs12485286	R001	3	50415642	unique_+	chr3	50378211
rs3774748	R001	3	50207210	unique_+	chr3	50169777
rs190673047	R001	3	48160284	unique_+	chr3	48118794
rs149986539	R002	6	99524064	unique_+	chr6	99076188
rs139219467	R002	6	97817852	unique_+	chr6	97369976
rs185983285	R001	3	48819838	unique_+	chr3	48782405
rs139846271	R001	3	49116979	unique_+	chr3	49079546
rs80159215	R002	6	97876732	unique_+	chr6	97428856
rs60922348	R002	6	99485319	unique_+	chr6	99037443
rs61557316	R001	3	50799340	unique_+	chr3	50761909
rs182330613	R002	6	97916497	unique_+	chr6	97468621
rs34571806	R001	3	48410084	unique_+	chr3	48368594
rs139253418	R003	4	103596632	unique_+	chr4	102675475
rs190621621	R003	4	102945556	unique_+	chr4	102024399
rs223426	R003	4	103722487	unique_+	chr4	102801330
rs192056637	R003	4	102230983	unique_+	chr4	101309826
rs139271504	R003	4	103347168	unique_+	chr4	102426011
rs189110775	R002	6	99672096	unique_+	chr6	99224220
rs72663163	R003	4	103746621	unique_+	chr4	102825464
rs10516493	R003	4	103284644	unique_+	chr4	102363487
rs72688519	R003	4	103013751	unique_+	chr4	102092594
rs147208437	R003	4	103642805	unique_+	chr4	102721648
rs151125907	R001	3	50888885	unique_+	chr3	50851454
rs183559171	R002	6	99831881	unique_+	chr6	99384005
rs6819775	R003	4	103420838	unique_+	chr4	102499681
rs6848697	R003	4	103412428	unique_+	chr4	102491271
rs12770515	R003	4	103404845	unique_+	chr4	102483688
rs12512304	R003	4	102768220	unique_+	chr4	101847063
rs146265955	R002	6	98131197	unique_+	chr6	97683321
rs112277077	R002	6	98388865	unique_+	chr6	97940989
rs12526223	R002	6	98382514	unique_+	chr6	97934638
rs75384434	R002	6	98388838	unique_+	chr6	97940962
rs117441222	R002	6	98389806	unique_+	chr6	97941930
rs238476	R003	4	103044377	unique_+	chr4	102123220
rs183537801	R001	3	49189447	unique_+	chr3	49152014
rs73833795	R003	4	102383637	unique_+	chr4	101462480
rs17200251	R003	4	102716379	unique_+	chr4	101795222
rs143954423	R003	4	102269758	unique_+	chr4	101348601
rs12216031	R002	6	97809726	unique_+	chr6	97361850
rs115661028	R001	3	49503590	unique_+	chr3	49466157
rs113673628	R002	6	97975940	unique_+	chr6	97528064
rs118038845	R002	6	97846569	unique_+	chr6	97398693
rs79861743	R003	4	102408230	unique_+	chr4	101487073
rs6853161	R003	4	102575836	unique_+	chr4	101654679
rs72624915	R001	3	49063555	unique_+	chr3	49026122
rs6790914	R001	3	49206318	unique_+	chr3	49168885
rs514769	R002	6	100031037	unique_+	chr6	99583161
rs7641706	R001	3	48838207	unique_+	chr3	48800774
rs17033207	R003	4	103639672	unique_+	chr4	102718515
rs112273196	R003	4	103646644	unique_+	chr4	102725487
rs181766175	R002	6	98934287	unique_+	chr6	98486411
rs111818243	R002	6	98338198	unique_+	chr6	97890322
rs6570006	R002	6	99818192	unique_+	chr6	99370316
rs61676409	R001	3	50811625	unique_+	chr3	50774194
rs11737723	R003	4	102799061	unique_+	chr4	101877904
rs72945204	R002	6	99596691	unique_+	chr6	99148815
rs146397736	R002	6	99712021	unique_+	chr6	99264145
rs76301672	R002	6	97866758	unique_+	chr6	97418882
rs115032373	R003	4	102884730	unique_+	chr4	101963573
rs17031475	R003	4	102545235	unique_+	chr4	101624078
rs4501438	R002	6	99828731	unique_+	chr6	99380855
rs143401842	R003	4	102507780	unique_+	chr4	101586623
rs230532	R003	4	103450167	unique_+	chr4	102529010
rs79284504	R003	4	103744105	unique_+	chr4	102822948
rs62420694	R002	6	98126698	unique_+	chr6	97678822
rs13193809	R002	6	99793824	unique_+	chr6	99345948
rs210400	R002	6	98931278	unique_+	chr6	98483402
rs115286479	R003	4	102800971	unique_+	chr4	101879814
rs7659691	R003	4	102830710	unique_+	chr4	101909553
rs11943968	R003	4	102524309	unique_+	chr4	101603152
rs60528122	R002	6	97841282	unique_+	chr6	97393406
rs77860278	R001	3	49089437	unique_+	chr3	49052004
rs1381896	R003	4	103324849	unique_+	chr4	102403692
rs187012910	R003	4	102920373	unique_+	chr4	101999216
rs75987913	R001	3	50351708	unique_+	chr3	50314277
rs192638729	R002	6	98654449	unique_+	chr6	98206573
rs116046827	R001	3	49656148	unique_+	chr3	49618715
rs76339474	R002	6	98172638	unique_+	chr6	97724762
rs146059492	R002	6	98116322	unique_+	chr6	97668446
rs138267583	R001	3	50876798	unique_+	chr3	50839367
rs144024465	R001	3	50172561	unique_+	chr3	50135128
rs7693671	R003	4	103285254	unique_+	chr4	102364097
rs4337734	R003	4	102832228	unique_+	chr4	101911071
rs4557528	R002	6	99676946	unique_+	chr6	99229070
rs230531	R003	4	103450377	unique_+	chr4	102529220
rs4437252	R003	4	103301551	unique_+	chr4	102380394
rs6856314	R003	4	103281890	unique_+	chr4	102360733
rs9401898	R002	6	98935423	unique_+	chr6	98487547
rs4437253	R003	4	103301630	unique_+	chr4	102380473
rs74863446	R002	6	99621320	unique_+	chr6	99173444
rs4449418	R003	4	103665657	unique_+	chr4	102744500
rs76985526	R001	3	50477923	unique_+	chr3	50440492
rs9493875	R002	6	99699288	unique_+	chr6	99251412
rs139341636	R003	4	103782282	unique_+	chr4	102861125
rs174447	R002	6	99309057	unique_+	chr6	98861181
rs13216244	R002	6	99762293	unique_+	chr6	99314417
rs7341343	R002	6	99644787	unique_+	chr6	99196911
rs4078296	R001	3	50968897	unique_+	chr3	50931466
rs139785314	R002	6	97787674	unique_+	chr6	97339798
rs13217453	R002	6	99793510	unique_+	chr6	99345634
rs11723744	R003	4	103012267	unique_+	chr4	102091110
rs2255532	R001	3	48624611	unique_+	chr3	48587178
rs139747579	R003	4	102881231	unique_+	chr4	101960074
rs56202913	R003	4	103283557	unique_+	chr4	102362400
rs1862128	R003	4	102775112	unique_+	chr4	101853955
rs6834603	R003	4	102597786	unique_+	chr4	101676629
rs7665350	R003	4	103115022	unique_+	chr4	102193865
rs72690448	R003	4	103155567	unique_+	chr4	102234410
rs4594728	R003	4	103302253	unique_+	chr4	102381096
rs62321670	R003	4	102737326	unique_+	chr4	101816169
rs11130163	R001	3	48312658	unique_+	chr3	48271168
rs10516492	R003	4	103283460	unique_+	chr4	102362303
rs62413947	R002	6	97729906	unique_+	chr6	97282030
rs11943887	R003	4	103131948	unique_+	chr4	102210791
rs111334592	R003	4	102940130	unique_+	chr4	102018973
rs28675046	R003	4	103088618	unique_+	chr4	102167461
rs7663733	R003	4	102813658	unique_+	chr4	101892501
rs148471198	R001	3	50336554	unique_+	chr3	50299123
rs79821731	R002	6	99227114	unique_+	chr6	98779238
rs112013402	R002	6	99794410	unique_+	chr6	99346534
rs112409728	R003	4	102946733	unique_+	chr4	102025576
rs1578016	R002	6	98195337	unique_+	chr6	97747461
rs184211666	R001	3	49359896	unique_+	chr3	49322463
rs182158322	R001	3	50023282	unique_+	chr3	49985849
rs188593714	R001	3	50430808	unique_+	chr3	50393377
rs682916	R003	4	103171027	unique_+	chr4	102249870
rs150534351	R001	3	49693022	unique_+	chr3	49655589
rs186396092	R003	4	102218748	unique_+	chr4	101297591
rs180881955	R002	6	98681290	unique_+	chr6	98233414
rs185220148	R002	6	99326738	unique_+	chr6	98878862
rs74967731	R001	3	48961901	unique_+	chr3	48924468
rs189412319	R001	3	48937266	unique_+	chr3	48899833
rs72940792	R003	4	103607406	unique_+	chr4	102686249
rs141391897	R003	4	103519650	unique_+	chr4	102598493
rs190522662	R001	3	50441635	unique_+	chr3	50404204
rs12509851	R003	4	103292250	unique_+	chr4	102371093
rs117330880	R002	6	98145005	unique_+	chr6	97697129
rs114907524	R002	6	98021336	unique_+	chr6	97573460
rs116678022	R003	4	103627219	unique_+	chr4	102706062
rs149979359	R003	4	103275314	unique_+	chr4	102354157
rs145183574	R001	3	50138881	unique_+	chr3	50101448
rs193076219	R002	6	98742443	unique_+	chr6	98294567
rs150314937	R002	6	99683447	unique_+	chr6	99235571
rs112767846	R002	6	98357615	unique_+	chr6	97909739
rs186793624	R003	4	102682513	unique_+	chr4	101761356
rs189925931	R003	4	102367250	unique_+	chr4	101446093
rs11097777	R003	4	103327503	unique_+	chr4	102406346
rs62432352	R002	6	100006020	unique_+	chr6	99558144
rs140439367	R003	4	103199750	unique_+	chr4	102278593
rs186302508	R001	3	49419316	unique_+	chr3	49381883
rs140322859	R002	6	98070946	unique_+	chr6	97623070
rs4698860	R003	4	103545327	unique_+	chr4	102624170
rs112113109	R002	6	98543285	unique_+	chr6	98095409
rs116863548	R002	6	98347040	unique_+	chr6	97899164
rs112049643	R002	6	98389747	unique_+	chr6	97941871
rs76030861	R002	6	98812346	unique_+	chr6	98364470
rs139063609	R002	6	99061253	unique_+	chr6	98613377
rs138132834	R001	3	50438989	unique_+	chr3	50401558
rs72939731	R003	4	103708546	unique_+	chr4	102787389
rs75572072	R003	4	103713449	unique_+	chr4	102792292
rs3774752	R001	3	50209612	unique_+	chr3	50172179
rs238493	R003	4	103027969	unique_+	chr4	102106812
rs190175147	R001	3	48458912	unique_+	chr3	48417503
rs11936159	R003	4	103163213	unique_+	chr4	102242056
rs4356914	R003	4	103302259	unique_+	chr4	102381102
rs111470235	R003	4	102528572	unique_+	chr4	101607415
rs13218681	R002	6	99814916	unique_+	chr6	99367040
rs112039360	R003	4	102538754	unique_+	chr4	101617597
rs79378450	R002	6	97859500	unique_+	chr6	97411624
rs13209800	R002	6	99795095	unique_+	chr6	99347219
rs61729152	R001	3	49166460	unique_+	chr3	49129027
rs3133078	R003	4	102952819	unique_+	chr4	102031662
rs73074821	R001	3	49562219	unique_+	chr3	49524786
rs117206719	R002	6	97863686	unique_+	chr6	97415810
rs6442110	R001	3	48306835	unique_+	chr3	48265345
rs1462945	R003	4	103326097	unique_+	chr4	102404940
rs72924576	R003	4	102522493	unique_+	chr4	101601336
rs150983703	R001	3	48468124	unique_+	chr3	48426715
rs140661832	R003	4	102657281	unique_+	chr4	101736124
rs115057905	R003	4	102695018	unique_+	chr4	101773861
rs12508086	R003	4	103327149	unique_+	chr4	102405992
rs2272676	R003	4	103423326	unique_+	chr4	102502169
rs11097779	R003	4	103329111	unique_+	chr4	102407954
rs35190155	R003	4	102762218	unique_+	chr4	101841061
rs180741141	R001	3	49710598	unique_+	chr3	49673165
rs10018557	R003	4	103731938	unique_+	chr4	102810781
rs4590034	R003	4	103300724	unique_+	chr4	102379567
rs118882	R003	4	103463007	unique_+	chr4	102541850
rs17031508	R003	4	102560290	unique_+	chr4	101639133
rs142224667	R001	3	49860061	unique_+	chr3	49822628
rs7764816	R002	6	99647102	unique_+	chr6	99199226
rs73076330	R001	3	48509515	unique_+	chr3	48468116
rs75641213	R002	6	97874405	unique_+	chr6	97426529
rs143426343	R002	6	99599169	unique_+	chr6	99151293
rs9320500	R002	6	97742388	unique_+	chr6	97294512
rs34125672	R003	4	102744939	unique_+	chr4	101823782
rs79011766	R002	6	98486426	unique_+	chr6	98038550
rs238474	R003	4	103043646	unique_+	chr4	102122489
rs11097790	R003	4	103602237	unique_+	chr4	102681080
rs72922880	R003	4	102983963	unique_+	chr4	102062806
rs114540883	R001	3	49472517	unique_+	chr3	49435084
rs12508121	R003	4	103327207	unique_+	chr4	102406050
rs59434341	R003	4	103011867	unique_+	chr4	102090710
rs6849308	R003	4	102776083	unique_+	chr4	101854926
rs116653549	R001	3	50490001	unique_+	chr3	50452570
rs4510470	R003	4	102591641	unique_+	chr4	101670484
rs73493639	R002	6	99613350	unique_+	chr6	99165474
rs62323493	R003	4	103163326	unique_+	chr4	102242169
rs181511775	R003	4	102956784	unique_+	chr4	102035627
rs62323491	R003	4	103160167	unique_+	chr4	102239010
rs3774936	R003	4	103434137	unique_+	chr4	102512980
rs112848186	R002	6	98516931	unique_+	chr6	98069055
rs7666312	R003	4	102882768	unique_+	chr4	101961611
rs7672806	R003	4	103184590	unique_+	chr4	102263433
rs230515	R003	4	103471434	unique_+	chr4	102550277
rs141103191	R002	6	99752609	unique_+	chr6	99304733
rs2850385	R003	4	102923312	unique_+	chr4	102002155
rs111823300	R002	6	98485528	unique_+	chr6	98037652
rs11097753	R003	4	102581878	unique_+	chr4	101660721
rs62328541	R003	4	103433346	unique_+	chr4	102512189
rs6532956	R003	4	102635111	unique_+	chr4	101713954
rs148947389	R002	6	99329722	unique_+	chr6	98881846
rs9493032	R002	6	99432900	unique_+	chr6	98985024
rs149094755	R002	6	99417712	unique_+	chr6	98969836
rs230533	R003	4	103450083	unique_+	chr4	102528926
rs223415	R003	4	103732173	unique_+	chr4	102811016
rs1481444	R002	6	99026308	unique_+	chr6	98578432
rs11945859	R003	4	103293397	unique_+	chr4	102372240
rs73759466	R002	6	99615053	unique_+	chr6	99167177
rs61729242	R001	3	48677191	unique_+	chr3	48639758
rs7688364	R003	4	102581830	unique_+	chr4	101660673
rs1496976	R002	6	99679168	unique_+	chr6	99231292
rs734071	R001	3	48519821	unique_+	chr3	48478412
rs116352336	R002	6	98673023	unique_+	chr6	98225147
rs35990071	R002	6	98218131	unique_+	chr6	97770255
rs170731	R003	4	103448903	unique_+	chr4	102527746
rs6820312	R003	4	102595470	unique_+	chr4	101674313
rs7745563	R002	6	99826247	unique_+	chr6	99378371
rs114297667	R001	3	50845228	unique_+	chr3	50807797
rs148179194	R001	3	50798652	unique_+	chr3	50761221
rs3731563	R001	3	48199695	unique_+	chr3	48158205
rs10022996	R003	4	102545015	unique_+	chr4	101623858
rs112837921	R001	3	48369304	unique_+	chr3	48327814
rs4129546	R002	6	99165166	unique_+	chr6	98717290
rs11963253	R002	6	99264732	unique_+	chr6	98816856
rs114113231	R001	3	48241930	unique_+	chr3	48200440
rs17032118	R003	4	103077994	unique_+	chr4	102156837
rs79992238	R002	6	98409456	unique_+	chr6	97961580
rs113702142	R002	6	98080798	unique_+	chr6	97632922
rs6823484	R003	4	102398304	unique_+	chr4	101477147
rs149259764	R003	4	102421393	unique_+	chr4	101500236
rs191869569	R003	4	102429337	unique_+	chr4	101508180
rs56930893	R003	4	102308283	unique_+	chr4	101387126
rs142706466	R002	6	98678055	unique_+	chr6	98230179
rs182476162	R003	4	103778504	unique_+	chr4	102857347
rs75307268	R003	4	103418843	unique_+	chr4	102497686
rs66460660	R002	6	98545824	unique_+	chr6	98097948
rs1440230	R003	4	103138357	unique_+	chr4	102217200
rs146848299	R002	6	98059041	unique_+	chr6	97611165
rs146386318	R002	6	98149219	unique_+	chr6	97701343
rs145238054	R003	4	102250550	unique_+	chr4	101329393
rs191442017	R002	6	98180839	unique_+	chr6	97732963
rs72690454	R003	4	103161010	unique_+	chr4	102239853
rs6856035	R003	4	103281749	unique_+	chr4	102360592
rs79806471	R003	4	102356782	unique_+	chr4	101435625
rs73833768	R003	4	102358465	unique_+	chr4	101437308
rs73833766	R003	4	102354692	unique_+	chr4	101433535
rs149703880	R002	6	99660518	unique_+	chr6	99212642
rs76287718	R002	6	98684113	unique_+	chr6	98236237
rs182075785	R002	6	99607375	unique_+	chr6	99159499
rs191653799	R002	6	97776882	unique_+	chr6	97329006
rs191126929	R001	3	50477168	unique_+	chr3	50439737
rs13072050	R001	3	50465017	unique_+	chr3	50427586
rs140306743	R002	6	99181405	unique_+	chr6	98733529
rs185129988	R002	6	97817827	unique_+	chr6	97369951
rs392323	R003	4	103148646	unique_+	chr4	102227489
rs145937739	R003	4	102326372	unique_+	chr4	101405215
rs141470466	R001	3	48324893	unique_+	chr3	48283403
rs2866423	R003	4	102603700	unique_+	chr4	101682543
rs117015016	R003	4	102268393	unique_+	chr4	101347236
rs146448249	R003	4	103348498	unique_+	chr4	102427341
rs115735983	R003	4	102514016	unique_+	chr4	101592859
rs143098045	R001	3	50919309	unique_+	chr3	50881878
rs147701117	R003	4	103782436	unique_+	chr4	102861279
rs188747565	R001	3	49091610	unique_+	chr3	49054177
rs75819471	R003	4	103374691	unique_+	chr4	102453534
rs114760875	R001	3	49192179	unique_+	chr3	49154746
rs116546261	R003	4	103630096	unique_+	chr4	102708939
rs17032982	R003	4	103543073	unique_+	chr4	102621916
rs116888173	R002	6	99184565	unique_+	chr6	98736689
rs183715772	R003	4	103399207	unique_+	chr4	102478050
rs55967131	R003	4	103404477	unique_+	chr4	102483320
rs182723656	R001	3	49686392	unique_+	chr3	49648959
rs187913835	R002	6	100012941	unique_+	chr6	99565065
rs186692793	R002	6	99845925	unique_+	chr6	99398049
rs72942713	R003	4	103636589	unique_+	chr4	102715432
rs145870439	R003	4	103637335	unique_+	chr4	102716178
rs182420719	R003	4	102834085	unique_+	chr4	101912928
rs4688747	R001	3	50202313	unique_+	chr3	50164880
rs143821285	R003	4	102795109	unique_+	chr4	101873952
rs192972068	R001	3	49624517	unique_+	chr3	49587084
rs139920333	R001	3	50395655	unique_+	chr3	50358224
rs184221612	R003	4	103875998	unique_+	chr4	102954841
rs112277705	R003	4	103864597	unique_+	chr4	102943440
rs141389239	R003	4	102461521	unique_+	chr4	101540364
rs79567149	R002	6	99177471	unique_+	chr6	98729595
rs6532976	R003	4	102824807	unique_+	chr4	101903650
rs7741230	R002	6	99786426	unique_+	chr6	99338550
rs113543172	R003	4	103014975	unique_+	chr4	102093818
rs10212686	R003	4	102822654	unique_+	chr4	101901497
rs182952025	R001	3	49955246	unique_+	chr3	49917813
rs113473633	R003	4	103449131	unique_+	chr4	102527974
rs11097775	R003	4	103303944	unique_+	chr4	102382787
rs223359	R003	4	103770579	unique_+	chr4	102849422
rs55679330	R002	6	98821394	unique_+	chr6	98373518
rs230527	R003	4	103458178	unique_+	chr4	102537021
rs116603694	R001	3	50304147	unique_+	chr3	50266715
rs141427501	R003	4	102904544	unique_+	chr4	101983387
rs4648011	R003	4	103475444	unique_+	chr4	102554287
rs3923405	R002	6	99677996	unique_+	chr6	99230120
rs77914261	R001	3	48353311	unique_+	chr3	48311821
rs12524513	R002	6	99619593	unique_+	chr6	99171717
rs195859	R002	6	99306333	unique_+	chr6	98858457
rs9376248	R002	6	99981457	unique_+	chr6	99533581
rs145436636	R001	3	50691887	unique_+	chr3	50654456
rs35651507	R003	4	103283395	unique_+	chr4	102362238
rs140445160	R001	3	48159172	unique_+	chr3	48117682
rs17648188	R001	3	48410341	unique_+	chr3	48368851
rs148227632	R002	6	99333348	unique_+	chr6	98885472
rs60209094	R002	6	97763759	unique_+	chr6	97315883
rs146272556	R003	4	102858038	unique_+	chr4	101936881
rs60137543	R003	4	103060497	unique_+	chr4	102139340
rs184936938	R002	6	99188759	unique_+	chr6	98740883
rs13215592	R002	6	99829238	unique_+	chr6	99381362
rs138725815	R003	4	102543858	unique_+	chr4	101622701
rs185483294	R003	4	102558338	unique_+	chr4	101637181
rs146536860	R002	6	97856084	unique_+	chr6	97408208
rs13205196	R002	6	99733662	unique_+	chr6	99285786
rs113140387	R003	4	103846639	unique_+	chr4	102925482
rs111789875	R002	6	98476308	unique_+	chr6	98028432
rs223418	R003	4	103730493	unique_+	chr4	102809336
rs118114311	R002	6	98988455	unique_+	chr6	98540579
rs11944004	R003	4	102554559	unique_+	chr4	101633402
rs4839999	R002	6	99610074	unique_+	chr6	99162198
rs9489338	R002	6	98111601	unique_+	chr6	97663725
rs6925344	R002	6	99819379	unique_+	chr6	99371503
rs77681305	R002	6	99270357	unique_+	chr6	98822481
rs193033002	R001	3	50450045	unique_+	chr3	50412614
rs619183	R003	4	103148530	unique_+	chr4	102227373
rs7694392	R003	4	102823426	unique_+	chr4	101902269
rs6934764	R002	6	99699989	unique_+	chr6	99252113
rs74743994	R003	4	102528739	unique_+	chr4	101607582
rs77995426	R003	4	102817668	unique_+	chr4	101896511
rs35286227	R002	6	99294891	unique_+	chr6	98847015
rs116112704	R002	6	98130983	unique_+	chr6	97683107
rs34824763	R002	6	99744543	unique_+	chr6	99296667
rs12524106	R002	6	98983617	unique_+	chr6	98535741
rs34922141	R003	4	103156892	unique_+	chr4	102235735
rs73836517	R003	4	103090078	unique_+	chr4	102168921
rs34047757	R002	6	99295190	unique_+	chr6	98847314
rs4235404	R003	4	103440065	unique_+	chr4	102518908
rs72684853	R003	4	102623594	unique_+	chr4	101702437
rs113779495	R003	4	103650986	unique_+	chr4	102729829
rs230498	R003	4	103489603	unique_+	chr4	102568446
rs223434	R003	4	103721059	unique_+	chr4	102799902
rs6851150	R003	4	102286400	unique_+	chr4	101365243
rs151495	R003	4	103051998	unique_+	chr4	102130841
rs17271413	R003	4	102981004	unique_+	chr4	102059847
rs144032855	R003	4	103145044	unique_+	chr4	102223887
rs151007557	R003	4	102850801	unique_+	chr4	101929644
rs6905160	R002	6	99790462	unique_+	chr6	99342586
rs141628100	R002	6	98598343	unique_+	chr6	98150467
rs148775987	R001	3	48407997	unique_+	chr3	48366507
rs151134579	R002	6	97817583	unique_+	chr6	97369707
rs140072076	R001	3	48716088	unique_+	chr3	48678655
rs181041588	R003	4	103037130	unique_+	chr4	102115973
rs146614114	R001	3	50415280	unique_+	chr3	50377849
rs668795	R003	4	103148009	unique_+	chr4	102226852
rs138042428	R001	3	50030807	unique_+	chr3	49993374
rs139792659	R002	6	98499401	unique_+	chr6	98051525
rs4688721	R001	3	50496873	unique_+	chr3	50459442
rs1843845	R002	6	98550156	unique_+	chr6	98102280
rs456985	R003	4	103160560	unique_+	chr4	102239403
rs184156839	R003	4	103781399	unique_+	chr4	102860242
rs77699699	R002	6	98982022	unique_+	chr6	98534146
rs187022346	R003	4	103228071	unique_+	chr4	102306914
rs141489268	R002	6	99724332	unique_+	chr6	99276456
rs148398694	R001	3	49123062	unique_+	chr3	49085629
rs182893054	R003	4	102427581	unique_+	chr4	101506424
rs117959279	R002	6	99445721	unique_+	chr6	98997845
rs182732332	R002	6	98713296	unique_+	chr6	98265420
rs74576483	R003	4	103362026	unique_+	chr4	102440869
rs190600537	R001	3	49451447	unique_+	chr3	49414014
rs3774739	R001	3	50200349	unique_+	chr3	50162916
rs190747260	R003	4	102413258	unique_+	chr4	101492101
rs80331684	R002	6	99225225	unique_+	chr6	98777349
rs230519	R003	4	103466749	unique_+	chr4	102545592
rs191565351	R003	4	103159186	unique_+	chr4	102238029
rs230516	R003	4	103471251	unique_+	chr4	102550094
rs4648123	R003	4	103535401	unique_+	chr4	102614244
rs62327228	R003	4	103641655	unique_+	chr4	102720498
rs6829781	R003	4	102418931	unique_+	chr4	101497774
rs116054643	R003	4	102222083	unique_+	chr4	101300926
rs6855070	R003	4	102418720	unique_+	chr4	101497563
rs137962440	R002	6	99382957	unique_+	chr6	98935081
rs17032781	R003	4	103467079	unique_+	chr4	102545922
rs147984327	R001	3	50765477	unique_+	chr3	50728046
rs10856964	R003	4	102826852	unique_+	chr4	101905695
rs7742599	R002	6	97738366	unique_+	chr6	97290490
rs223339	R003	4	103785857	unique_+	chr4	102864700
rs13216699	R002	6	99770089	unique_+	chr6	99322213
rs10212684	R003	4	102822507	unique_+	chr4	101901350
rs76598583	R001	3	49619825	unique_+	chr3	49582392
rs149722534	R003	4	102347880	unique_+	chr4	101426723
rs3774937	R003	4	103434253	unique_+	chr4	102513096
rs223421	R003	4	103727018	unique_+	chr4	102805861
rs223357	R003	4	103772252	unique_+	chr4	102851095
rs145225860	R001	3	49590791	unique_+	chr3	49553358
rs62422218	R002	6	99702124	unique_+	chr6	99254248
rs58822186	R002	6	99270418	unique_+	chr6	98822542
rs4499939	R002	6	99892779	unique_+	chr6	99444903
rs144090505	R002	6	98042118	unique_+	chr6	97594242
rs4647980	R003	4	103440093	unique_+	chr4	102518936
rs116483484	R003	4	102489445	unique_+	chr4	101568288
rs223405	R003	4	103737051	unique_+	chr4	102815894
rs223353	R003	4	103775704	unique_+	chr4	102854547
rs364553	R003	4	103149704	unique_+	chr4	102228547
rs223422	R003	4	103726773	unique_+	chr4	102805616
rs223358	R003	4	103770794	unique_+	chr4	102849637
rs17784292	R002	6	99840192	unique_+	chr6	99392316
rs79633892	R002	6	98319474	unique_+	chr6	97871598
rs79342955	R002	6	97793739	unique_+	chr6	97345863
rs6442106	R001	3	48190815	unique_+	chr3	48149325
rs183317	R002	6	98981611	unique_+	chr6	98533735
rs223336	R003	4	103786560	unique_+	chr4	102865403
rs11716895	R001	3	49762779	unique_+	chr3	49725346
rs223449	R003	4	103712337	unique_+	chr4	102791180
rs141547821	R003	4	102392114	unique_+	chr4	101470957
rs77331980	R002	6	97872095	unique_+	chr6	97424219
rs223368	R003	4	103764209	unique_+	chr4	102843052
rs115701107	R002	6	99795207	unique_+	chr6	99347331
rs28496978	R003	4	102735437	unique_+	chr4	101814280
rs223407	R003	4	103736422	unique_+	chr4	102815265
rs13191933	R002	6	99821215	unique_+	chr6	99373339
rs140850340	R001	3	49486381	unique_+	chr3	49448948
rs78250210	R003	4	103313282	unique_+	chr4	102392125
rs2850381	R003	4	102920982	unique_+	chr4	101999825
rs143002706	R002	6	97806650	unique_+	chr6	97358774
rs1585215	R003	4	103444474	unique_+	chr4	102523317
rs230499	R003	4	103489983	unique_+	chr4	102568826
rs61465450	R003	4	102787757	unique_+	chr4	101866600
rs182651106	R002	6	99065536	unique_+	chr6	98617660
rs6817060	R003	4	102581204	unique_+	chr4	101660047
rs6938297	R002	6	98963721	unique_+	chr6	98515845
rs223379	R003	4	103754591	unique_+	chr4	102833434
rs1566116	R002	6	99678424	unique_+	chr6	99230548
rs62327305	R003	4	103865727	unique_+	chr4	102944570
rs50034	R003	4	103753371	unique_+	chr4	102832214
rs11733293	R003	4	103545253	unique_+	chr4	102624096
rs72924589	R003	4	102526050	unique_+	chr4	101604893
rs193119455	R003	4	102631794	unique_+	chr4	101710637
rs223333	R003	4	103789810	unique_+	chr4	102868653
rs76644847	R001	3	50252646	unique_+	chr3	50215214
rs1908400	R002	6	98914832	unique_+	chr6	98466956
rs146268397	R002	6	99682850	unique_+	chr6	99234974
rs35610681	R003	4	103156782	unique_+	chr4	102235625
rs116197924	R003	4	103152356	unique_+	chr4	102231199
rs115835193	R001	3	49837864	unique_+	chr3	49800431
rs223396	R003	4	103744071	unique_+	chr4	102822914
rs72924571	R003	4	102521630	unique_+	chr4	101600473
rs223400	R003	4	103741596	unique_+	chr4	102820439
rs115994059	R003	4	102889707	unique_+	chr4	101968550
rs112559577	R002	6	97979948	unique_+	chr6	97532072
rs138958184	R002	6	97857019	unique_+	chr6	97409143
rs144870745	R002	6	98802675	unique_+	chr6	98354799
rs116421467	R003	4	102945973	unique_+	chr4	102024816
rs223388	R003	4	103749444	unique_+	chr4	102828287
rs223446	R003	4	103714182	unique_+	chr4	102793025
rs6796490	R001	3	48237104	unique_+	chr3	48195614
rs223335	R003	4	103786588	unique_+	chr4	102865431
rs223338	R003	4	103786116	unique_+	chr4	102864959
rs406749	R003	4	103154313	unique_+	chr4	102233156
rs75784253	R003	4	102604045	unique_+	chr4	101682888
rs112656615	R002	6	97988292	unique_+	chr6	97540416
rs142033297	R003	4	103670910	unique_+	chr4	102749753
rs144954862	R001	3	50570552	unique_+	chr3	50533121
rs223437	R003	4	103719893	unique_+	chr4	102798736
rs4698863	R003	4	103545848	unique_+	chr4	102624691
rs6842975	R003	4	103760515	unique_+	chr4	102839358
rs230497	R003	4	103488986	unique_+	chr4	102567829
rs62328542	R003	4	103437587	unique_+	chr4	102516430
rs7617773	R001	3	48193515	unique_+	chr3	48152025
rs75688009	R002	6	99270257	unique_+	chr6	98822381
rs111987576	R002	6	98453661	unique_+	chr6	98005785
rs4698862	R003	4	103545797	unique_+	chr4	102624640
rs146719828	R001	3	49251068	unique_+	chr3	49213635
rs13135035	R003	4	102301634	unique_+	chr4	101380477
rs140551091	R002	6	99083866	unique_+	chr6	98635990
rs146531654	R002	6	99494599	unique_+	chr6	99046723
rs34118030	R003	4	102770074	unique_+	chr4	101848917
rs114405190	R003	4	102544233	unique_+	chr4	101623076
rs9398920	R002	6	99247171	unique_+	chr6	98799295
rs7675302	R003	4	102998681	unique_+	chr4	102077524
rs7696049	R003	4	102567286	unique_+	chr4	101646129
rs112036706	R002	6	98420253	unique_+	chr6	97972377
rs138191151	R003	4	102834380	unique_+	chr4	101913223
rs34663993	R003	4	103252014	unique_+	chr4	102330857
rs114005644	R001	3	49161741	unique_+	chr3	49124308
rs9488380	R002	6	97715946	unique_+	chr6	97268070
rs114833788	R003	4	103155064	unique_+	chr4	102233907
rs113467589	R003	4	103706344	unique_+	chr4	102785187
rs76460846	R003	4	102337727	unique_+	chr4	101416570
rs190796527	R003	4	103034379	unique_+	chr4	102113222
rs141138168	R001	3	49557744	unique_+	chr3	49520311
rs183892137	R002	6	98735036	unique_+	chr6	98287160
rs386682	R003	4	103156358	unique_+	chr4	102235201
rs112910787	R001	3	48366336	unique_+	chr3	48324846
rs149754261	R002	6	99819091	unique_+	chr6	99371215
rs116338353	R003	4	102482538	unique_+	chr4	101561381
rs180947108	R003	4	102449011	unique_+	chr4	101527854
rs192284854	R003	4	102662530	unique_+	chr4	101741373
rs112901318	R002	6	99413671	unique_+	chr6	98965795
rs183784133	R002	6	99519501	unique_+	chr6	99071625
rs6926959	R002	6	99970382	unique_+	chr6	99522506
rs182518911	R001	3	48765639	unique_+	chr3	48728206
rs62329487	R003	4	103275132	unique_+	chr4	102353975
rs2502934	R002	6	98582692	unique_+	chr6	98134816
rs114999011	R003	4	103220587	unique_+	chr4	102299430
rs114706631	R003	4	103276572	unique_+	chr4	102355415
rs183536188	R001	3	48658014	unique_+	chr3	48620581
rs72932524	R002	6	99934387	unique_+	chr6	99486511
rs60464999	R002	6	99225305	unique_+	chr6	98777429
rs185281845	R003	4	103470724	unique_+	chr4	102549567
rs72937428	R003	4	103880834	unique_+	chr4	102959677
rs191003975	R002	6	99234846	unique_+	chr6	98786970
rs114371614	R003	4	103287513	unique_+	chr4	102366356
rs150339898	R002	6	97780227	unique_+	chr6	97332351
rs72940740	R003	4	103595742	unique_+	chr4	102674585
rs115340036	R003	4	102698446	unique_+	chr4	101777289
rs4385063	R003	4	102831285	unique_+	chr4	101910128
rs57945730	R002	6	99270591	unique_+	chr6	98822715
rs11713251	R001	3	49340007	unique_+	chr3	49302574
rs146041299	R002	6	98085411	unique_+	chr6	97637535
rs11737896	R003	4	102999492	unique_+	chr4	102078335
rs223332	R003	4	103790186	unique_+	chr4	102869029
rs223410	R003	4	103734725	unique_+	chr4	102813568
rs9401869	R002	6	98900666	unique_+	chr6	98452790
rs7654159	R003	4	102574471	unique_+	chr4	101653314
rs142351779	R001	3	48841985	unique_+	chr3	48804552
rs138940039	R002	6	98161912	unique_+	chr6	97714036
rs9374583	R002	6	97866731	unique_+	chr6	97418855
rs13196754	R002	6	99816801	unique_+	chr6	99368925
rs148767464	R003	4	103581402	unique_+	chr4	102660245
rs223380	R003	4	103754500	unique_+	chr4	102833343
rs223356	R003	4	103773501	unique_+	chr4	102852344
rs223352	R003	4	103776867	unique_+	chr4	102855710
rs230534	R003	4	103449041	unique_+	chr4	102527884
rs57834313	R002	6	97878128	unique_+	chr6	97430252
rs10516482	R003	4	102780170	unique_+	chr4	101859013
rs6569996	R002	6	99786836	unique_+	chr6	99338960
rs11757007	R002	6	98111649	unique_+	chr6	97663773
rs113503490	R002	6	97719991	unique_+	chr6	97272115
rs12494396	R001	3	48178293	unique_+	chr3	48136803
rs142649059	R002	6	99802486	unique_+	chr6	99354610
rs35301460	R003	4	103156851	unique_+	chr4	102235694
rs223392	R003	4	103745756	unique_+	chr4	102824599
rs223398	R003	4	103742413	unique_+	chr4	102821256
rs116834260	R003	4	103024650	unique_+	chr4	102103493
rs17008528	R003	4	103383107	unique_+	chr4	102461950
rs77767934	R001	3	48708465	unique_+	chr3	48671032
rs117755762	R002	6	99206678	unique_+	chr6	98758802
rs56202729	R003	4	103274665	unique_+	chr4	102353508
rs11154755	R002	6	99673981	unique_+	chr6	99226105
rs384085	R003	4	103160053	unique_+	chr4	102238896
rs230507	R003	4	103480246	unique_+	chr4	102559089
rs236778	R003	4	103086097	unique_+	chr4	102164940
rs17031515	R003	4	102565016	unique_+	chr4	101643859
rs223409	R003	4	103736180	unique_+	chr4	102815023
rs4858892	R001	3	48188261	unique_+	chr3	48146771
rs223328	R003	4	103794536	unique_+	chr4	102873379
rs10499011	R002	6	97765930	unique_+	chr6	97318054
rs111477217	R002	6	98064521	unique_+	chr6	97616645
rs72923466	R003	4	102758839	unique_+	chr4	101837682
rs11734196	R003	4	102796072	unique_+	chr4	101874915
rs148695514	R001	3	49676897	unique_+	chr3	49639464
rs62327181	R003	4	103546138	unique_+	chr4	102624981
rs72938905	R002	6	99384359	unique_+	chr6	98936483
rs111371084	R002	6	98423986	unique_+	chr6	97976110
rs76737027	R002	6	100016667	unique_+	chr6	99568791
rs223378	R003	4	103754645	unique_+	chr4	102833488
rs211221	R002	6	98980113	unique_+	chr6	98532237
rs74583545	R002	6	99170299	unique_+	chr6	98722423
rs223372	R003	4	103759091	unique_+	chr4	102837934
rs72912919	R003	4	102606786	unique_+	chr4	101685629
rs17606778	R001	3	50440552	unique_+	chr3	50403121
rs223395	R003	4	103744958	unique_+	chr4	102823801
rs143026203	R001	3	50456223	unique_+	chr3	50418792
rs9311428	R001	3	48520289	unique_+	chr3	48478880
rs75974085	R002	6	98364363	unique_+	chr6	97916487
rs78769364	R003	4	102600849	unique_+	chr4	101679692
rs76052873	R002	6	98072543	unique_+	chr6	97624667
rs223326	R003	4	103794927	unique_+	chr4	102873770
rs6817160	R003	4	103851776	unique_+	chr4	102930619
rs11130162	R001	3	48297611	unique_+	chr3	48256121
rs12495221	R001	3	48179178	unique_+	chr3	48137688
rs114871711	R001	3	49806982	unique_+	chr3	49769549
rs6787500	R001	3	48299439	unique_+	chr3	48257949
rs223466	R003	4	103701196	unique_+	chr4	102780039
rs223456	R003	4	103710105	unique_+	chr4	102788948
rs17031810	R003	4	102845149	unique_+	chr4	101923992
rs149576	R003	4	103732568	unique_+	chr4	102811411
rs72931991	R003	4	102939068	unique_+	chr4	102017911
rs13107699	R003	4	102622167	unique_+	chr4	101701010
rs4130995	R001	3	48358255	unique_+	chr3	48316765
rs459559	R003	4	103156100	unique_+	chr4	102234943
rs147296353	R002	6	98038243	unique_+	chr6	97590367
rs223375	R003	4	103757641	unique_+	chr4	102836484
rs150239963	R002	6	98617778	unique_+	chr6	98169902
rs116951754	R002	6	98155336	unique_+	chr6	97707460
rs74540040	R002	6	98439279	unique_+	chr6	97991403
rs72917309	R002	6	99786687	unique_+	chr6	99338811
rs35621126	R002	6	99394081	unique_+	chr6	98946205
rs223360	R003	4	103769892	unique_+	chr4	102848735
rs463721	R003	4	103155765	unique_+	chr4	102234608
rs223399	R003	4	103741957	unique_+	chr4	102820800
rs456349	R003	4	103162699	unique_+	chr4	102241542
rs223412	R003	4	103733600	unique_+	chr4	102812443
rs223349	R003	4	103778434	unique_+	chr4	102857277
rs77432372	R002	6	97874523	unique_+	chr6	97426647
rs223417	R003	4	103731725	unique_+	chr4	102810568
rs223472	R003	4	103695484	unique_+	chr4	102774327
rs118150382	R002	6	98175246	unique_+	chr6	97727370
rs17231657	R002	6	97899235	unique_+	chr6	97451359
rs71564261	R002	6	99539741	unique_+	chr6	99091865
rs394649	R003	4	103153854	unique_+	chr4	102232697
rs76130291	R001	3	50336147	unique_+	chr3	50298716
rs4403269	R002	6	98106096	unique_+	chr6	97658220
rs112319305	R003	4	103827426	unique_+	chr4	102906269
rs140904705	R002	6	98094475	unique_+	chr6	97646599
rs138852043	R003	4	103773682	unique_+	chr4	102852525
rs223414	R003	4	103732845	unique_+	chr4	102811688
rs115656977	R001	3	49391849	unique_+	chr3	49354416
rs223397	R003	4	103742651	unique_+	chr4	102821494
rs368845	R003	4	103153755	unique_+	chr4	102232598
rs113465262	R003	4	102527079	unique_+	chr4	101605922
rs116100796	R003	4	103219839	unique_+	chr4	102298682
rs73759428	R002	6	99468984	unique_+	chr6	99021108
rs118125266	R002	6	98697764	unique_+	chr6	98249888
rs1997935	R002	6	99435839	unique_+	chr6	98987963
rs146737866	R003	4	102335509	unique_+	chr4	101414352
rs148386067	R002	6	98858065	unique_+	chr6	98410189
rs182582913	R003	4	102416623	unique_+	chr4	101495466
rs150759137	R002	6	98720692	unique_+	chr6	98272816
rs74542869	R003	4	103151190	unique_+	chr4	102230033
rs117139866	R003	4	103580219	unique_+	chr4	102659062
rs114530963	R003	4	102542727	unique_+	chr4	101621570
rs61753398	R001	3	50300477	unique_+	chr3	50263045
rs58899522	R002	6	100024844	unique_+	chr6	99576968
rs111612084	R002	6	97971649	unique_+	chr6	97523773
rs117189410	R002	6	98463387	unique_+	chr6	98015511
rs143693466	R003	4	103044591	unique_+	chr4	102123434
rs115137372	R003	4	102772569	unique_+	chr4	101851412
rs223461	R003	4	103703529	unique_+	chr4	102782372
rs116856153	R002	6	98418283	unique_+	chr6	97970407
rs145168281	R001	3	50651707	unique_+	chr3	50614276
rs143712038	R001	3	50707978	unique_+	chr3	50670547
rs10489108	R003	4	103640902	unique_+	chr4	102719745
rs187718518	R001	3	49429040	unique_+	chr3	49391607
rs189066152	R003	4	103318849	unique_+	chr4	102397692
rs75631414	R003	4	103339712	unique_+	chr4	102418555
rs147902509	R003	4	102746719	unique_+	chr4	101825562
rs190998841	R001	3	48648594	unique_+	chr3	48611161
rs192164563	R002	6	98479025	unique_+	chr6	98031149
rs185402910	R001	3	48330811	unique_+	chr3	48289321
rs114653558	R003	4	102309939	unique_+	chr4	101388782
rs192392606	R001	3	48991495	unique_+	chr3	48954062
rs192442569	R001	3	48419504	unique_+	chr3	48378014
rs12525731	R002	6	98199864	unique_+	chr6	97751988
rs12527293	R002	6	98200131	unique_+	chr6	97752255
rs145522437	R002	6	97880149	unique_+	chr6	97432273
rs147509261	R002	6	99706123	unique_+	chr6	99258247
rs141213855	R003	4	103255960	unique_+	chr4	102334803
rs113014864	R002	6	98348198	unique_+	chr6	97900322
rs150133433	R002	6	97849563	unique_+	chr6	97401687
rs187990005	R003	4	102226487	unique_+	chr4	101305330
rs181754864	R001	3	48991895	unique_+	chr3	48954462
rs187987324	R001	3	48479276	unique_+	chr3	48437866
rs148737259	R003	4	103749670	unique_+	chr4	102828513
rs74973992	R002	6	99226890	unique_+	chr6	98779014
rs75017535	R002	6	100030890	unique_+	chr6	99583014
rs74500199	R002	6	99227120	unique_+	chr6	98779244
rs78433519	R002	6	99227587	unique_+	chr6	98779711
rs190263418	R001	3	50563146	unique_+	chr3	50525715
rs223467	R003	4	103700878	unique_+	chr4	102779721
rs180715403	R001	3	49764368	unique_+	chr3	49726935
rs117561036	R002	6	98780007	unique_+	chr6	98332131
rs138719187	R002	6	99118916	unique_+	chr6	98671040
rs114654959	R003	4	102781906	unique_+	chr4	101860749
rs452385	R003	4	103153709	unique_+	chr4	102232552
rs79529143	R003	4	103634241	unique_+	chr4	102713084
rs11939732	R003	4	102526378	unique_+	chr4	101605221
rs147574781	R002	6	99743600	unique_+	chr6	99295724
rs79380272	R002	6	98732698	unique_+	chr6	98284822
rs223327	R003	4	103794717	unique_+	chr4	102873560
rs223313	R003	4	103807720	unique_+	chr4	102886563
rs112569259	R002	6	98058232	unique_+	chr6	97610356
rs35205296	R003	4	102802376	unique_+	chr4	101881219
rs141578317	R003	4	103302545	unique_+	chr4	102381388
rs143862774	R003	4	102742095	unique_+	chr4	101820938
rs147928070	R002	6	97935303	unique_+	chr6	97487427
rs2851331	R003	4	102872350	unique_+	chr4	101951193
rs223450	R003	4	103712209	unique_+	chr4	102791052
rs74379793	R002	6	97888358	unique_+	chr6	97440482
rs223324	R003	4	103797334	unique_+	chr4	102876177
rs236780	R003	4	103084840	unique_+	chr4	102163683
rs78472537	R002	6	99818101	unique_+	chr6	99370225
rs74941123	R002	6	99269175	unique_+	chr6	98821299
rs408364	R003	4	103153674	unique_+	chr4	102232517
rs182750417	R002	6	99679626	unique_+	chr6	99231750
rs2502939	R002	6	98544661	unique_+	chr6	98096785
rs223468	R003	4	103700422	unique_+	chr4	102779265
rs77671847	R002	6	98095433	unique_+	chr6	97647557
rs223402	R003	4	103738355	unique_+	chr4	102817198
rs73078348	R001	3	48685660	unique_+	chr3	48648227
rs147831935	R003	4	102533125	unique_+	chr4	101611968
rs113459899	R002	6	98515106	unique_+	chr6	98067230
rs223419	R003	4	103729743	unique_+	chr4	102808586
rs2866424	R003	4	102603749	unique_+	chr4	101682592
rs223416	R003	4	103731737	unique_+	chr4	102810580
rs460610	R003	4	103154130	unique_+	chr4	102232973
rs223438	R003	4	103719741	unique_+	chr4	102798584
rs142493	R003	4	103144754	unique_+	chr4	102223597
rs72688533	R003	4	103041650	unique_+	chr4	102120493
rs223329	R003	4	103794188	unique_+	chr4	102873031
rs467204	R003	4	103162228	unique_+	chr4	102241071
rs74673105	R001	3	48916980	unique_+	chr3	48879547
rs3774987	R003	4	103720866	unique_+	chr4	102799709
rs9385739	R002	6	99853727	unique_+	chr6	99405851
rs17033014	R003	4	103546186	unique_+	chr4	102625029
rs223390	R003	4	103748797	unique_+	chr4	102827640
rs79768131	R002	6	97773191	unique_+	chr6	97325315
rs459159	R003	4	103158175	unique_+	chr4	102237018
rs111820693	R003	4	103086918	unique_+	chr4	102165761
rs148067948	R001	3	49894356	unique_+	chr3	49856923
rs460755	R003	4	103158817	unique_+	chr4	102237660
rs116881127	R002	6	97936309	unique_+	chr6	97488433
rs223363	R003	4	103767339	unique_+	chr4	102846182
rs116305837	R001	3	48549304	unique_+	chr3	48511871
rs223445	R003	4	103714494	unique_+	chr4	102793337
rs223458	R003	4	103709571	unique_+	chr4	102788414
rs72663153	R003	4	103641837	unique_+	chr4	102720680
rs150338270	R002	6	97809917	unique_+	chr6	97362041
rs2503787	R002	6	98500045	unique_+	chr6	98052169
rs223384	R003	4	103751133	unique_+	chr4	102829976
rs6442109	R001	3	48192981	unique_+	chr3	48151491
rs223325	R003	4	103796908	unique_+	chr4	102875751
rs223382	R003	4	103752302	unique_+	chr4	102831145
rs223447	R003	4	103713359	unique_+	chr4	102792202
rs77348209	R002	6	99065274	unique_+	chr6	98617398
rs223403	R003	4	103738243	unique_+	chr4	102817086
rs6775114	R001	3	48182620	unique_+	chr3	48141130
rs456521	R003	4	103162707	unique_+	chr4	102241550
rs11711766	R001	3	48193170	unique_+	chr3	48151680
rs6924802	R002	6	98110654	unique_+	chr6	97662778
rs9398461	R002	6	98026357	unique_+	chr6	97578481
rs56351404	R003	4	102357279	unique_+	chr4	101436122
rs114273525	R003	4	103685992	unique_+	chr4	102764835
rs75191532	R003	4	103363293	unique_+	chr4	102442136
rs112771197	R002	6	99311581	unique_+	chr6	98863705
rs6771889	R001	3	48194326	unique_+	chr3	48152836
rs223367	R003	4	103764993	unique_+	chr4	102843836
rs230520	R003	4	103465612	unique_+	chr4	102544455
rs9399142	R002	6	99791267	unique_+	chr6	99343391
rs17179548	R002	6	99842889	unique_+	chr6	99395013
rs62422287	R002	6	99106565	unique_+	chr6	98658689
rs72924590	R003	4	102526066	unique_+	chr4	101604909
rs138411073	R002	6	97759576	unique_+	chr6	97311700
rs2505047	R002	6	98519394	unique_+	chr6	98071518
rs71597138	R003	4	103885330	unique_+	chr4	102964173
rs6828072	R003	4	103849516	unique_+	chr4	102928359
rs12525488	R002	6	97777239	unique_+	chr6	97329363
rs71597114	R003	4	102837602	unique_+	chr4	101916445
rs223383	R003	4	103751251	unique_+	chr4	102830094
rs74568844	R001	3	48104522	unique_+	chr3	48063032
rs113955802	R002	6	97990477	unique_+	chr6	97542601
rs190163816	R001	3	50917881	unique_+	chr3	50880450
rs117868160	R002	6	97962665	unique_+	chr6	97514789
rs147395275	R001	3	48179699	unique_+	chr3	48138209
rs79935004	R002	6	98325378	unique_+	chr6	97877502
rs17769451	R002	6	99170060	unique_+	chr6	98722184
rs117110556	R002	6	98242880	unique_+	chr6	97795004
rs114922254	R001	3	49676920	unique_+	chr3	49639487
rs223425	R003	4	103723993	unique_+	chr4	102802836
rs72937838	R003	4	103659173	unique_+	chr4	102738016
rs9402695	R002	6	99791941	unique_+	chr6	99344065
rs75867066	R002	6	97907282	unique_+	chr6	97459406
rs4648064	R003	4	103516737	unique_+	chr4	102595580
rs75765878	R003	4	102336544	unique_+	chr4	101415387
rs190627487	R002	6	99064882	unique_+	chr6	98617006
rs183428830	R002	6	98943540	unique_+	chr6	98495664
rs223362	R003	4	103769234	unique_+	chr4	102848077
rs62329080	R003	4	103724776	unique_+	chr4	102803619
rs185244161	R003	4	103479936	unique_+	chr4	102558779
rs6800730	R001	3	48174210	unique_+	chr3	48132720
rs420823	R003	4	103155822	unique_+	chr4	102234665
rs146462210	R002	6	98002126	unique_+	chr6	97554250
rs145952405	R001	3	50520811	unique_+	chr3	50483380
rs183591530	R003	4	102626389	unique_+	chr4	101705232
rs7745110	R002	6	99878619	unique_+	chr6	99430743
rs148675176	R002	6	99579368	unique_+	chr6	99131492
rs4401355	R001	3	50936016	unique_+	chr3	50898585
rs76936405	R002	6	99227641	unique_+	chr6	98779765
rs77480804	R002	6	98444910	unique_+	chr6	97997034
rs189779820	R003	4	103474258	unique_+	chr4	102553101
rs191086425	R001	3	49544928	unique_+	chr3	49507495
rs184316186	R001	3	49769866	unique_+	chr3	49732433
rs138697626	R003	4	102473367	unique_+	chr4	101552210
rs71323386	R001	3	48223187	unique_+	chr3	48181697
rs186425630	R001	3	49483748	unique_+	chr3	49446315
rs184662482	R002	6	97929162	unique_+	chr6	97481286
rs192464878	R001	3	48941317	unique_+	chr3	48903884
rs184845425	R002	6	98337341	unique_+	chr6	97889465
rs113773864	R002	6	98981076	unique_+	chr6	98533200
rs34699873	R003	4	102429294	unique_+	chr4	101508137
rs72937427	R003	4	103880244	unique_+	chr4	102959087
rs72937431	R003	4	103884932	unique_+	chr4	102963775
rs142418654	R002	6	99840957	unique_+	chr6	99393081
rs146587089	R001	3	50402890	unique_+	chr3	50365459
rs146797255	R003	4	103888295	unique_+	chr4	102967138
rs188183558	R002	6	98115378	unique_+	chr6	97667502
rs7679153	R003	4	102419913	unique_+	chr4	101498756
rs1441432	R003	4	102248792	unique_+	chr4	101327635
rs191835109	R003	4	103037956	unique_+	chr4	102116799
rs181633827	R001	3	49869145	unique_+	chr3	49831712
rs189020270	R001	3	50553634	unique_+	chr3	50516203
rs230500	R003	4	103491724	unique_+	chr4	102570567
rs115144434	R003	4	102275018	unique_+	chr4	101353861
rs181872582	R002	6	98169008	unique_+	chr6	97721132
rs76671809	R003	4	103649043	unique_+	chr4	102727886
rs145281230	R001	3	50243282	unique_+	chr3	50205849
rs183041597	R003	4	103669823	unique_+	chr4	102748666
rs113905102	R002	6	98066263	unique_+	chr6	97618387
rs146600709	R001	3	48315538	unique_+	chr3	48274048
rs7755007	R002	6	99675887	unique_+	chr6	99228011
rs223404	R003	4	103738108	unique_+	chr4	102816951
rs147492283	R002	6	98091135	unique_+	chr6	97643259
rs230508	R003	4	103479279	unique_+	chr4	102558122
rs78548406	R001	3	49019488	unique_+	chr3	48982055
rs146265034	R002	6	99497380	unique_+	chr6	99049504
rs56931426	R003	4	102536272	unique_+	chr4	101615115
rs196968	R002	6	99410682	unique_+	chr6	98962806
rs11130168	R001	3	48409500	unique_+	chr3	48368010
rs76753983	R002	6	98313207	unique_+	chr6	97865331
rs13198933	R002	6	99870365	unique_+	chr6	99422489
rs451078	R003	4	103161953	unique_+	chr4	102240796
rs223318	R003	4	103802579	unique_+	chr4	102881422
rs7769793	R002	6	99825853	unique_+	chr6	99377977
rs7670896	R003	4	102574158	unique_+	chr4	101653001
rs75008372	R002	6	97783099	unique_+	chr6	97335223
rs140621714	R003	4	102219390	unique_+	chr4	101298233
rs4397234	R002	6	98105007	unique_+	chr6	97657131
rs113644675	R003	4	102527104	unique_+	chr4	101605947
rs6905850	R002	6	98351352	unique_+	chr6	97903476
rs117366119	R002	6	99025225	unique_+	chr6	98577349
rs9401896	R002	6	98934687	unique_+	chr6	98486811
rs79359527	R002	6	97892822	unique_+	chr6	97444946
rs75768086	R002	6	99611565	unique_+	chr6	99163689
rs76168750	R002	6	98323253	unique_+	chr6	97875377
rs458943	R003	4	103164462	unique_+	chr4	102243305
rs142690032	R001	3	49721812	unique_+	chr3	49684379
rs230514	R003	4	103471939	unique_+	chr4	102550782
rs190449471	R003	4	102346442	unique_+	chr4	101425285
rs56361251	R003	4	102529511	unique_+	chr4	101608354
rs406954	R003	4	103161935	unique_+	chr4	102240778
rs35700174	R003	4	103156858	unique_+	chr4	102235701
rs236758	R003	4	103056094	unique_+	chr4	102134937
rs223455	R003	4	103710183	unique_+	chr4	102789026
rs223465	R003	4	103701331	unique_+	chr4	102780174
rs6442107	R001	3	48190914	unique_+	chr3	48149424
rs192068	R003	4	103174819	unique_+	chr4	102253662
rs138555089	R001	3	50341185	unique_+	chr3	50303754
rs11939729	R003	4	102526371	unique_+	chr4	101605214
rs11751867	R002	6	99792252	unique_+	chr6	99344376
rs189128925	R003	4	103287231	unique_+	chr4	102366074
rs6806112	R001	3	48276077	unique_+	chr3	48234587
rs74798420	R003	4	102725797	unique_+	chr4	101804640
rs223377	R003	4	103756076	unique_+	chr4	102834919
rs72924594	R003	4	102526155	unique_+	chr4	101604998
rs236768	R003	4	103075983	unique_+	chr4	102154826
rs143780355	R003	4	102922955	unique_+	chr4	102001798
rs115731183	R003	4	102471521	unique_+	chr4	101550364
rs11736058	R003	4	103168673	unique_+	chr4	102247516
rs380768	R003	4	103155276	unique_+	chr4	102234119
rs187875279	R002	6	98943318	unique_+	chr6	98495442
rs438803	R003	4	103173654	unique_+	chr4	102252497
rs463772	R003	4	103158008	unique_+	chr4	102236851
rs230525	R003	4	103458877	unique_+	chr4	102537720
rs9846818	R001	3	48375685	unique_+	chr3	48334195
rs148128742	R003	4	103804061	unique_+	chr4	102882904
rs66486571	R002	6	99292741	unique_+	chr6	98844865
rs13113923	R003	4	103840093	unique_+	chr4	102918936
rs4544711	R003	4	102786721	unique_+	chr4	101865564
rs9384926	R002	6	97776019	unique_+	chr6	97328143
rs150908889	R003	4	102918384	unique_+	chr4	101997227
rs111317718	R001	3	48374448	unique_+	chr3	48332958
rs4368817	R002	6	99164382	unique_+	chr6	98716506
rs78122238	R002	6	98171114	unique_+	chr6	97723238
rs73758621	R002	6	98027900	unique_+	chr6	97580024
rs17032150	R003	4	103111709	unique_+	chr4	102190552
rs112791394	R002	6	97970450	unique_+	chr6	97522574
rs151366	R003	4	103050743	unique_+	chr4	102129586
rs9374514	R002	6	97784937	unique_+	chr6	97337061
rs113884145	R002	6	98396013	unique_+	chr6	97948137
rs117512985	R002	6	98076205	unique_+	chr6	97628329
rs112401544	R002	6	97786070	unique_+	chr6	97338194
rs6814462	R003	4	103886684	unique_+	chr4	102965527
rs223330	R003	4	103793659	unique_+	chr4	102872502
rs62322688	R003	4	102840376	unique_+	chr4	101919219
rs456734	R003	4	103154686	unique_+	chr4	102233529
rs223457	R003	4	103709663	unique_+	chr4	102788506
rs223459	R003	4	103709386	unique_+	chr4	102788229
rs6939572	R002	6	99139350	unique_+	chr6	98691474
rs62321728	R003	4	102786341	unique_+	chr4	101865184
rs593576	R003	4	103168829	unique_+	chr4	102247672
rs688499	R003	4	103169856	unique_+	chr4	102248699
rs460026	R003	4	103173058	unique_+	chr4	102251901
rs111314358	R003	4	102773318	unique_+	chr4	101852161
rs114670061	R001	3	50279697	unique_+	chr3	50242265
rs418348	R003	4	103158681	unique_+	chr4	102237524
rs1870865	R002	6	97784243	unique_+	chr6	97336367
rs17057690	R002	6	97779395	unique_+	chr6	97331519
rs223311	R003	4	103809914	unique_+	chr4	102888757
rs62322690	R003	4	102848531	unique_+	chr4	101927374
rs6766754	R001	3	48182589	unique_+	chr3	48141099
rs77128864	R003	4	102523635	unique_+	chr4	101602478
rs62263001	R001	3	48188042	unique_+	chr3	48146552
rs34376460	R003	4	103156829	unique_+	chr4	102235672
rs112951799	R002	6	99134167	unique_+	chr6	98686291
rs13106011	R003	4	102864493	unique_+	chr4	101943336
rs12524263	R002	6	97777238	unique_+	chr6	97329362
rs236759	R003	4	103054504	unique_+	chr4	102133347
rs432186	R003	4	103171274	unique_+	chr4	102250117
rs7254	R003	4	103809645	unique_+	chr4	102888488
rs657195	R003	4	103170842	unique_+	chr4	102249685
rs223424	R003	4	103725334	unique_+	chr4	102804177
rs145211550	R002	6	97757256	unique_+	chr6	97309380
rs430589	R003	4	103155500	unique_+	chr4	102234343
rs144761374	R002	6	97982079	unique_+	chr6	97534203
rs455610	R003	4	103159044	unique_+	chr4	102237887
rs4133066	R002	6	99166526	unique_+	chr6	98718650
rs72926564	R003	4	102527814	unique_+	chr4	101606657
rs113071130	R003	4	102877960	unique_+	chr4	101956803
rs17059591	R002	6	99920024	unique_+	chr6	99472148
rs74330946	R002	6	97782935	unique_+	chr6	97335059
rs78052243	R002	6	97773348	unique_+	chr6	97325472
rs366374	R003	4	103155227	unique_+	chr4	102234070
rs78048340	R003	4	102510797	unique_+	chr4	101589640
rs186396032	R002	6	100015967	unique_+	chr6	99568091
rs184891485	R003	4	102595603	unique_+	chr4	101674446
rs72924578	R003	4	102522777	unique_+	chr4	101601620
rs1870864	R002	6	97783975	unique_+	chr6	97336099
rs183426373	R001	3	49376406	unique_+	chr3	49338973
rs191369617	R003	4	103079862	unique_+	chr4	102158705
rs74962845	R003	4	103342937	unique_+	chr4	102421780
rs73760091	R002	6	99995526	unique_+	chr6	99547650
rs143646477	R001	3	48822834	unique_+	chr3	48785401
rs11939785	R003	4	102526502	unique_+	chr4	101605345
rs186836468	R003	4	103693646	unique_+	chr4	102772489
rs116318907	R003	4	102934498	unique_+	chr4	102013341
rs116544138	R003	4	103058231	unique_+	chr4	102137074
rs143937668	R002	6	99630254	unique_+	chr6	99182378
rs57402562	R003	4	102325801	unique_+	chr4	101404644
rs230504	R003	4	103481561	unique_+	chr4	102560404
rs13126885	R003	4	103173749	unique_+	chr4	102252592
rs184479394	R003	4	102428059	unique_+	chr4	101506902
rs191696917	R001	3	48849972	unique_+	chr3	48812539
rs183059451	R003	4	103727705	unique_+	chr4	102806548
rs4640675	R003	4	103169614	unique_+	chr4	102248457
rs116063967	R003	4	102563497	unique_+	chr4	101642340
rs35446098	R002	6	99831542	unique_+	chr6	99383666
rs140888694	R001	3	50943450	unique_+	chr3	50906019
rs189562041	R001	3	50212844	unique_+	chr3	50175411
rs2072054	R001	3	50196623	unique_+	chr3	50159190
rs189146978	R002	6	99703538	unique_+	chr6	99255662
rs190733483	R002	6	98394954	unique_+	chr6	97947078
rs138304667	R003	4	103246520	unique_+	chr4	102325363
rs192842193	R002	6	98764833	unique_+	chr6	98316957
rs34619371	R002	6	99612479	unique_+	chr6	99164603
rs184415829	R001	3	49929609	unique_+	chr3	49892176
rs148158961	R001	3	49755405	unique_+	chr3	49717972
rs12528923	R002	6	98183890	unique_+	chr6	97736014
rs182153989	R001	3	50512123	unique_+	chr3	50474692
rs140813728	R003	4	102394498	unique_+	chr4	101473341
rs141732340	R003	4	102400728	unique_+	chr4	101479571
rs6832264	R003	4	102406923	unique_+	chr4	101485766
rs55651844	R003	4	102428011	unique_+	chr4	101506854
rs188054782	R003	4	103851806	unique_+	chr4	102930649
rs223452	R003	4	103711434	unique_+	chr4	102790277
rs9376108	R002	6	99826553	unique_+	chr6	99378677
rs115455428	R003	4	102659832	unique_+	chr4	101738675
rs192511123	R002	6	98056083	unique_+	chr6	97608207
rs73837241	R003	4	103425381	unique_+	chr4	102504224
rs191230412	R003	4	102814457	unique_+	chr4	101893300
rs150409463	R001	3	49767323	unique_+	chr3	49729890
rs58636784	R003	4	102529731	unique_+	chr4	101608574
rs116681393	R001	3	48894784	unique_+	chr3	48857351
rs76210194	R002	6	99242302	unique_+	chr6	98794426
rs145175792	R002	6	99482185	unique_+	chr6	99034309
rs9374585	R002	6	97875215	unique_+	chr6	97427339
rs223443	R003	4	103714786	unique_+	chr4	102793629
rs223473	R003	4	103693621	unique_+	chr4	102772464
rs73759414	R002	6	99415704	unique_+	chr6	98967828
rs79037874	R002	6	99236112	unique_+	chr6	98788236
rs4324784	R002	6	99262578	unique_+	chr6	98814702
rs73078308	R001	3	48593672	unique_+	chr3	48556239
rs28883018	R002	6	97775885	unique_+	chr6	97328009
rs9374574	R002	6	97861462	unique_+	chr6	97413586
rs145814395	R001	3	49686313	unique_+	chr3	49648880
rs444943	R003	4	103173564	unique_+	chr4	102252407
rs448181	R003	4	103171120	unique_+	chr4	102249963
rs41507945	R003	4	102774138	unique_+	chr4	101852981
rs151497	R003	4	103052635	unique_+	chr4	102131478
rs4699035	R003	4	103830525	unique_+	chr4	102909368
rs462186	R003	4	103166232	unique_+	chr4	102245075
rs113541955	R003	4	103774795	unique_+	chr4	102853638
rs236762	R003	4	103059680	unique_+	chr4	102138523
rs112770095	R002	6	98075918	unique_+	chr6	97628042
rs413462	R003	4	103156991	unique_+	chr4	102235834
rs112789305	R002	6	98105916	unique_+	chr6	97658040
rs223308	R003	4	103812499	unique_+	chr4	102891342
rs6915401	R002	6	99880839	unique_+	chr6	99432963
rs223436	R003	4	103719906	unique_+	chr4	102798749
rs75494072	R003	4	102491657	unique_+	chr4	101570500
rs9400786	R002	6	97784852	unique_+	chr6	97336976
rs79587145	R002	6	99629067	unique_+	chr6	99181191
rs149732328	R002	6	99611647	unique_+	chr6	99163771
rs62321738	R003	4	102816467	unique_+	chr4	101895310
rs440507	R003	4	103171317	unique_+	chr4	102250160
rs223441	R003	4	103715385	unique_+	chr4	102794228
rs455741	R003	4	103159196	unique_+	chr4	102238039
rs3923049	R002	6	99233448	unique_+	chr6	98785572
rs9388745	R002	6	99258531	unique_+	chr6	98810655
rs13111982	R003	4	103171659	unique_+	chr4	102250502
rs72926561	R003	4	102527709	unique_+	chr4	101606552
rs190537924	R002	6	98065867	unique_+	chr6	97617991
rs149247099	R001	3	49176552	unique_+	chr3	49139119
rs17057732	R002	6	97875496	unique_+	chr6	97427620
rs223454	R003	4	103710930	unique_+	chr4	102789773
rs41290702	R001	3	49372852	unique_+	chr3	49335419
rs4621433	R003	4	103169656	unique_+	chr4	102248499
rs150391076	R002	6	97777958	unique_+	chr6	97330082
rs223462	R003	4	103701818	unique_+	chr4	102780661
rs140270793	R003	4	102583563	unique_+	chr4	101662406
rs11942038	R003	4	102628849	unique_+	chr4	101707692
rs72931988	R003	4	102938767	unique_+	chr4	102017610
rs182865	R003	4	103175743	unique_+	chr4	102254586
rs660157	R003	4	103170222	unique_+	chr4	102249065
rs223310	R003	4	103811377	unique_+	chr4	102890220
rs57529521	R003	4	102628719	unique_+	chr4	101707562
rs643645	R003	4	103171531	unique_+	chr4	102250374
rs6901634	R002	6	98326779	unique_+	chr6	97878903
rs659837	R003	4	103170226	unique_+	chr4	102249069
rs140461291	R003	4	102702143	unique_+	chr4	101780986
rs4365939	R002	6	99161414	unique_+	chr6	98713538
rs6845846	R003	4	102937196	unique_+	chr4	102016039
rs35705338	R003	4	102526863	unique_+	chr4	101605706
rs4525979	R003	4	103169627	unique_+	chr4	102248470
rs658953	R003	4	103170468	unique_+	chr4	102249311
rs230511	R003	4	103474768	unique_+	chr4	102553611
rs7656803	R003	4	102629517	unique_+	chr4	101708360
rs3087961	R002	6	99881066	unique_+	chr6	99433190
rs223386	R003	4	103750268	unique_+	chr4	102829111
rs457736	R003	4	103169254	unique_+	chr4	102248097
rs114749351	R001	3	48893984	unique_+	chr3	48856551
rs59826875	R003	4	102529718	unique_+	chr4	101608561
rs7745162	R002	6	98045252	unique_+	chr6	97597376
rs144255055	R002	6	98118982	unique_+	chr6	97671106
rs151385	R003	4	103072435	unique_+	chr4	102151278
rs223316	R003	4	103803106	unique_+	chr4	102881949
rs2850397	R003	4	102970744	unique_+	chr4	102049587
rs223319	R003	4	103802314	unique_+	chr4	102881157
rs72926269	R002	6	99974020	unique_+	chr6	99526144
rs223460	R003	4	103704060	unique_+	chr4	102782903
rs457490	R003	4	103168050	unique_+	chr4	102246893
rs113519386	R002	6	97777708	unique_+	chr6	97329832
rs13128847	R003	4	102772562	unique_+	chr4	101851405
rs61298613	R003	4	102528935	unique_+	chr4	101607778
rs223423	R003	4	103725894	unique_+	chr4	102804737
rs12501163	R003	4	102772065	unique_+	chr4	101850908
rs112087967	R002	6	97962252	unique_+	chr6	97514376
rs41308269	R001	3	50668547	unique_+	chr3	50631116
rs79238806	R002	6	97783011	unique_+	chr6	97335135
rs461902	R003	4	103172135	unique_+	chr4	102250978
rs151370	R003	4	103174491	unique_+	chr4	102253334
rs223448	R003	4	103713346	unique_+	chr4	102792189
rs458201	R003	4	103169242	unique_+	chr4	102248085
rs3974481	R003	4	103877991	unique_+	chr4	102956834
rs2016504	R003	4	102566810	unique_+	chr4	101645653
rs72926567	R003	4	102527853	unique_+	chr4	101606696
rs6570011	R002	6	99821685	unique_+	chr6	99373809
rs196967	R002	6	99412492	unique_+	chr6	98964616
rs76363407	R003	4	102605600	unique_+	chr4	101684443
rs57230910	R002	6	97899988	unique_+	chr6	97452112
rs9374513	R002	6	97784917	unique_+	chr6	97337041
rs223385	R003	4	103750316	unique_+	chr4	102829159
rs223442	R003	4	103715117	unique_+	chr4	102793960
rs150895	R003	4	103712589	unique_+	chr4	102791432
rs49178	R003	4	103167613	unique_+	chr4	102246456
rs113609385	R002	6	98530158	unique_+	chr6	98082282
rs111325392	R002	6	98029862	unique_+	chr6	97581986
rs146409117	R001	3	48490556	unique_+	chr3	48449151
rs9387278	R002	6	97771683	unique_+	chr6	97323807
rs72940537	R002	6	97963486	unique_+	chr6	97515610
rs35291401	R002	6	99684510	unique_+	chr6	99236634
rs6771787	R001	3	48194242	unique_+	chr3	48152752
rs211200	R002	6	98963740	unique_+	chr6	98515864
rs9375932	R002	6	99566736	unique_+	chr6	99118860
rs190178	R003	4	103174015	unique_+	chr4	102252858
rs145788158	R001	3	49642076	unique_+	chr3	49604643
rs146087457	R001	3	49048066	unique_+	chr3	49010633
rs684094	R002	6	99760045	unique_+	chr6	99312169
rs2072053	R001	3	50197092	unique_+	chr3	50159659
rs79743969	R001	3	48850574	unique_+	chr3	48813141
rs17809077	R002	6	98163217	unique_+	chr6	97715341
rs9996947	R003	4	103343133	unique_+	chr4	102421976
rs116237817	R003	4	102229238	unique_+	chr4	101308081
rs148217706	R001	3	48836797	unique_+	chr3	48799364
rs11722779	R003	4	103827488	unique_+	chr4	102906331
rs115182308	R001	3	50302217	unique_+	chr3	50264785
rs192542107	R001	3	49618695	unique_+	chr3	49581262
rs189615234	R002	6	98027323	unique_+	chr6	97579447
rs117668086	R002	6	98490935	unique_+	chr6	98043059
rs149759093	R003	4	103502325	unique_+	chr4	102581168
rs73760083	R002	6	99964519	unique_+	chr6	99516643
rs146402722	R001	3	49955836	unique_+	chr3	49918403
rs465176	R003	4	103157623	unique_+	chr4	102236466
rs182910884	R001	3	49068936	unique_+	chr3	49031503
rs190251602	R001	3	48358149	unique_+	chr3	48316659
rs182801497	R001	3	48340441	unique_+	chr3	48298951
rs183249787	R002	6	99971904	unique_+	chr6	99524028
rs189307486	R003	4	102924490	unique_+	chr4	102003333
rs184408125	R003	4	103166708	unique_+	chr4	102245551
rs2236986	R001	3	50502014	unique_+	chr3	50464583
rs2505080	R002	6	98592838	unique_+	chr6	98144962
rs73498886	R002	6	100023794	unique_+	chr6	99575918
rs183349361	R001	3	49713970	unique_+	chr3	49676537
rs145199756	R002	6	98092978	unique_+	chr6	97645102
rs139139723	R001	3	50562298	unique_+	chr3	50524867
rs139959937	R003	4	102261154	unique_+	chr4	101339997
rs190401983	R001	3	49385439	unique_+	chr3	49348006
rs113491040	R003	4	102931149	unique_+	chr4	102009992
rs115969389	R001	3	49419989	unique_+	chr3	49382556
rs186577754	R001	3	49871155	unique_+	chr3	49833722
rs236756	R003	4	103057546	unique_+	chr4	102136389
rs117244638	R002	6	99499348	unique_+	chr6	99051472
rs185097925	R002	6	99901768	unique_+	chr6	99453892
rs184071471	R002	6	98400051	unique_+	chr6	97952175
rs139104246	R003	4	103611687	unique_+	chr4	102690530
rs112980258	R003	4	103636660	unique_+	chr4	102715503
rs189293469	R003	4	102550247	unique_+	chr4	101629090
rs192637704	R003	4	102550256	unique_+	chr4	101629099
rs181236718	R001	3	48287153	unique_+	chr3	48245663
rs114838857	R001	3	49710895	unique_+	chr3	49673462
rs10499024	R002	6	99631974	unique_+	chr6	99184098
rs223365	R003	4	103765916	unique_+	chr4	102844759
rs10008465	R003	4	102561499	unique_+	chr4	101640342
rs4840041	R002	6	99875104	unique_+	chr6	99427228
rs4648056	R003	4	103515541	unique_+	chr4	102594384
rs463542	R003	4	103161815	unique_+	chr4	102240658
rs9373152	R002	6	99861951	unique_+	chr6	99414075
rs459331	R003	4	103167316	unique_+	chr4	102246159
rs113601768	R002	6	97973582	unique_+	chr6	97525706
rs71564274	R002	6	99935210	unique_+	chr6	99487334
rs465144	R003	4	103172201	unique_+	chr4	102251044
rs1496973	R002	6	99681336	unique_+	chr6	99233460
rs412428	R003	4	103169127	unique_+	chr4	102247970
rs115264906	R001	3	49077160	unique_+	chr3	49039727
rs10499022	R002	6	99163464	unique_+	chr6	98715588
rs6821848	R003	4	103350758	unique_+	chr4	102429601
rs11942037	R003	4	102628847	unique_+	chr4	101707690
rs1421624	R003	4	102774964	unique_+	chr4	101853807
rs223463	R003	4	103701777	unique_+	chr4	102780620
rs2851330	R003	4	102872405	unique_+	chr4	101951248
rs72929951	R003	4	102932157	unique_+	chr4	102011000
rs112654003	R002	6	98505084	unique_+	chr6	98057208
rs2388837	R002	6	99569292	unique_+	chr6	99121416
rs12500010	R003	4	102770673	unique_+	chr4	101849516
rs58026260	R002	6	97900084	unique_+	chr6	97452208
rs13121706	R003	4	102771834	unique_+	chr4	101850677
rs17031758	R003	4	102792983	unique_+	chr4	101871826
rs6762888	R001	3	48557639	unique_+	chr3	48520206
rs80323065	R002	6	99239103	unique_+	chr6	98791227
rs13103373	R003	4	102787244	unique_+	chr4	101866087
rs6810935	R003	4	102523539	unique_+	chr4	101602382
rs74909142	R002	6	97791885	unique_+	chr6	97344009
rs116717961	R001	3	49548226	unique_+	chr3	49510793
rs6570064	R002	6	99883137	unique_+	chr6	99435261
rs151135118	R003	4	102741991	unique_+	chr4	101820834
rs17057763	R002	6	97899279	unique_+	chr6	97451403
rs11752792	R002	6	98172848	unique_+	chr6	97724972
rs190733962	R003	4	102659921	unique_+	chr4	101738764
rs115848957	R001	3	50967539	unique_+	chr3	50930108
rs72930451	R003	4	102559320	unique_+	chr4	101638163
rs62322613	R003	4	102251305	unique_+	chr4	101330148
rs150896	R003	4	103692343	unique_+	chr4	102771186
rs4467785	R002	6	99139164	unique_+	chr6	98691288
rs140384748	R002	6	97843813	unique_+	chr6	97395937
rs660580	R003	4	103166616	unique_+	chr4	102245459
rs75617957	R003	4	102344231	unique_+	chr4	101423074
rs189467433	R002	6	99188760	unique_+	chr6	98740884
rs4339216	R003	4	103842710	unique_+	chr4	102921553
rs17615955	R002	6	99537835	unique_+	chr6	99089959
rs4840044	R002	6	99888013	unique_+	chr6	99440137
rs113760247	R002	6	99003828	unique_+	chr6	98555952
rs2631251	R003	4	102864610	unique_+	chr4	101943453
rs72917827	R002	6	99642807	unique_+	chr6	99194931
rs143845105	R001	3	49977970	unique_+	chr3	49940537
rs9839447	R001	3	48194667	unique_+	chr3	48153177
rs149268	R003	4	103175292	unique_+	chr4	102254135
rs230509	R003	4	103478265	unique_+	chr4	102557108
rs223381	R003	4	103753735	unique_+	chr4	102832578
rs230493	R003	4	103486216	unique_+	chr4	102565059
rs77371437	R002	6	97887925	unique_+	chr6	97440049
rs9387298	R002	6	97799927	unique_+	chr6	97352051
rs9374519	R002	6	97800908	unique_+	chr6	97353032
rs377273	R003	4	103166437	unique_+	chr4	102245280
rs114963188	R002	6	99171497	unique_+	chr6	98723621
rs2505073	R002	6	98536421	unique_+	chr6	98088545
rs11941736	R003	4	103205646	unique_+	chr4	102284489
rs112642503	R002	6	98352569	unique_+	chr6	97904693
rs2850376	R003	4	102910832	unique_+	chr4	101989675
rs76303424	R002	6	99171103	unique_+	chr6	98723227
rs10026228	R003	4	102605586	unique_+	chr4	101684429
rs62423989	R002	6	99745689	unique_+	chr6	99297813
rs223314	R003	4	103805799	unique_+	chr4	102884642
rs35926162	R003	4	102761917	unique_+	chr4	101840760
rs28501591	R003	4	102631303	unique_+	chr4	101710146
rs113170807	R003	4	102528369	unique_+	chr4	101607212
rs74934013	R003	4	102960528	unique_+	chr4	102039371
rs12197352	R002	6	97838081	unique_+	chr6	97390205
rs2850390	R003	4	102943996	unique_+	chr4	102022839
rs9488740	R002	6	97845381	unique_+	chr6	97397505
rs56785476	R002	6	99613608	unique_+	chr6	99165732
rs11548336	R002	6	99825348	unique_+	chr6	99377472
rs9790772	R003	4	102823090	unique_+	chr4	101901933
rs72937852	R003	4	103670772	unique_+	chr4	102749615
rs6938641	R002	6	99557664	unique_+	chr6	99109788
rs148950460	R001	3	50478486	unique_+	chr3	50441055
rs148459126	R002	6	100029767	unique_+	chr6	99581891
rs76581840	R002	6	98947051	unique_+	chr6	98499175
rs147578249	R002	6	99436224	unique_+	chr6	98988348
rs150660852	R002	6	99087637	unique_+	chr6	98639761
rs150152735	R001	3	50566769	unique_+	chr3	50529338
rs183211805	R003	4	103473874	unique_+	chr4	102552717
rs6908406	R002	6	100017839	unique_+	chr6	99569963
rs184865432	R003	4	102656705	unique_+	chr4	101735548
rs2747730	R002	6	99544439	unique_+	chr6	99096563
rs150819397	R003	4	103639892	unique_+	chr4	102718735
rs139269355	R001	3	50058356	unique_+	chr3	50020923
rs183237518	R003	4	102734966	unique_+	chr4	101813809
rs140825863	R001	3	48953776	unique_+	chr3	48916343
rs144632106	R003	4	103179286	unique_+	chr4	102258129
rs11917680	R001	3	50471408	unique_+	chr3	50433977
rs142589164	R001	3	50891057	unique_+	chr3	50853626
rs113319082	R002	6	98405298	unique_+	chr6	97957422
rs59557151	R003	4	102378311	unique_+	chr4	101457154
rs80306896	R002	6	98794640	unique_+	chr6	98346764
rs184571414	R003	4	102799289	unique_+	chr4	101878132
rs141500271	R003	4	103170863	unique_+	chr4	102249706
rs143427097	R001	3	49919211	unique_+	chr3	49881778
rs149267939	R001	3	48613683	unique_+	chr3	48576250
rs139457365	R003	4	103750053	unique_+	chr4	102828896
rs78045995	R003	4	102352203	unique_+	chr4	101431046
rs185850413	R002	6	99322145	unique_+	chr6	98874269
rs149361556	R003	4	102648311	unique_+	chr4	101727154
rs17059618	R002	6	99964434	unique_+	chr6	99516558
rs144026840	R002	6	98294189	unique_+	chr6	97846313
rs151105428	R003	4	103614202	unique_+	chr4	102693045
rs189322115	R002	6	99565119	unique_+	chr6	99117243
rs181047591	R003	4	103165480	unique_+	chr4	102244323
rs141000801	R003	4	103745158	unique_+	chr4	102824001
rs186298991	R003	4	102865215	unique_+	chr4	101944058
rs139853424	R002	6	97999442	unique_+	chr6	97551566
rs182579432	R002	6	98174241	unique_+	chr6	97726365
rs180727408	R001	3	49777153	unique_+	chr3	49739720
rs77150497	R002	6	98375816	unique_+	chr6	97927940
rs28616585	R003	4	102856786	unique_+	chr4	101935629
rs9799022	R001	3	49798987	unique_+	chr3	49761554
rs57704135	R001	3	49806393	unique_+	chr3	49768960
rs75333566	R003	4	102562533	unique_+	chr4	101641376
rs4647971	R003	4	103430056	unique_+	chr4	102508899
rs387839	R003	4	103166816	unique_+	chr4	102245659
rs223474	R003	4	103693164	unique_+	chr4	102772007
rs62328511	R003	4	103358838	unique_+	chr4	102437681
rs13152518	R003	4	103872021	unique_+	chr4	102950864
rs2505040	R002	6	98522583	unique_+	chr6	98074707
rs9376138	R002	6	99842138	unique_+	chr6	99394262
rs150013416	R003	4	102545248	unique_+	chr4	101624091
rs11945384	R003	4	102636327	unique_+	chr4	101715170
rs230535	R003	4	103448582	unique_+	chr4	102527425
rs2505046	R002	6	98519621	unique_+	chr6	98071745
rs113873470	R002	6	98073733	unique_+	chr6	97625857
rs12509274	R003	4	102854998	unique_+	chr4	101933841
rs76619645	R002	6	98543562	unique_+	chr6	98095686
rs76512620	R003	4	103286885	unique_+	chr4	102365728
rs7760363	R002	6	99646774	unique_+	chr6	99198898
rs11930552	R003	4	102526313	unique_+	chr4	101605156
rs151367	R003	4	103056905	unique_+	chr4	102135748
rs80022765	R002	6	98323577	unique_+	chr6	97875701
rs65671	R003	4	103722238	unique_+	chr4	102801081
rs4235403	R003	4	102837557	unique_+	chr4	101916400
rs111628607	R002	6	98053191	unique_+	chr6	97605315
rs373091	R003	4	103166444	unique_+	chr4	102245287
rs2199445	R002	6	97906701	unique_+	chr6	97458825
rs140015538	R003	4	103148440	unique_+	chr4	102227283
rs223315	R003	4	103805443	unique_+	chr4	102884286
rs78987202	R002	6	99205063	unique_+	chr6	98757187
rs223476	R003	4	103692157	unique_+	chr4	102771000
rs181859839	R002	6	98751557	unique_+	chr6	98303681
rs9398425	R002	6	97872093	unique_+	chr6	97424217
rs660502	R003	4	103166559	unique_+	chr4	102245402
rs75632429	R002	6	97891014	unique_+	chr6	97443138
rs77892932	R002	6	97878163	unique_+	chr6	97430287
rs75339186	R003	4	102340407	unique_+	chr4	101419250
rs6442105	R001	3	48182326	unique_+	chr3	48140836
rs10516484	R003	4	102792085	unique_+	chr4	101870928
rs138340962	R002	6	97778185	unique_+	chr6	97330309
rs2631273	R003	4	102899504	unique_+	chr4	101978347
rs4493749	R002	6	99815692	unique_+	chr6	99367816
rs148709196	R002	6	99895698	unique_+	chr6	99447822
rs1345568	R003	4	102774880	unique_+	chr4	101853723
rs17769320	R002	6	99164264	unique_+	chr6	98716388
rs230492	R003	4	103485780	unique_+	chr4	102564623
rs9400788	R002	6	97786642	unique_+	chr6	97338766
rs13120877	R003	4	102856132	unique_+	chr4	101934975
rs223453	R003	4	103711052	unique_+	chr4	102789895
rs115808829	R003	4	103149525	unique_+	chr4	102228368
rs149058626	R002	6	98064098	unique_+	chr6	97616222
rs150580105	R002	6	98053569	unique_+	chr6	97605693
rs9376127	R002	6	99840919	unique_+	chr6	99393043
rs143335259	R003	4	103481188	unique_+	chr4	102560031
rs112375972	R003	4	102522327	unique_+	chr4	101601170
rs60836428	R003	4	102968932	unique_+	chr4	102047775
rs141123574	R002	6	99270904	unique_+	chr6	98823028
rs12513257	R003	4	103340706	unique_+	chr4	102419549
rs146240718	R002	6	98462981	unique_+	chr6	98015105
rs9374584	R002	6	97868374	unique_+	chr6	97420498
rs62424021	R002	6	99774030	unique_+	chr6	99326154
rs35618358	R003	4	102786729	unique_+	chr4	101865572
rs12195216	R002	6	99742495	unique_+	chr6	99294619
rs62423577	R002	6	99238683	unique_+	chr6	98790807
rs73072416	R001	3	50711073	unique_+	chr3	50673642
rs9492479	R002	6	99291389	unique_+	chr6	98843513
rs4543115	R003	4	103863190	unique_+	chr4	102942033
rs7619865	R001	3	48370580	unique_+	chr3	48329090
rs236760	R003	4	103053437	unique_+	chr4	102132280
rs223464	R003	4	103701760	unique_+	chr4	102780603
rs77235509	R003	4	103136645	unique_+	chr4	102215488
rs13061904	R001	3	48091342	unique_+	chr3	48049852
rs12525844	R002	6	98355132	unique_+	chr6	97907256
rs187799795	R002	6	99696016	unique_+	chr6	99248140
rs144024803	R002	6	98935691	unique_+	chr6	98487815
rs190114922	R003	4	102208482	unique_+	chr4	101287325
rs142343027	R002	6	98929875	unique_+	chr6	98481999
rs73760092	R002	6	100005231	unique_+	chr6	99557355
rs115099034	R003	4	103318495	unique_+	chr4	102397338
rs78703632	R001	3	49574403	unique_+	chr3	49536970
rs146505855	R002	6	98351024	unique_+	chr6	97903148
rs138532408	R002	6	98171007	unique_+	chr6	97723131
rs73833723	R003	4	102323904	unique_+	chr4	101402747
rs186888071	R003	4	102452952	unique_+	chr4	101531795
rs73833722	R003	4	102323756	unique_+	chr4	101402599
rs148324070	R003	4	102701088	unique_+	chr4	101779931
rs188260075	R003	4	102538661	unique_+	chr4	101617504
rs149715686	R002	6	100029356	unique_+	chr6	99581480
rs79059767	R002	6	98358483	unique_+	chr6	97910607
rs143171273	R002	6	99816555	unique_+	chr6	99368679
rs140692445	R002	6	98892900	unique_+	chr6	98445024
rs2021734	R001	3	50193383	unique_+	chr3	50155950
rs4526201	R002	6	99905352	unique_+	chr6	99457476
rs181579050	R003	4	103119497	unique_+	chr4	102198340
rs138487224	R003	4	103514260	unique_+	chr4	102593103
rs4688716	R001	3	50552029	unique_+	chr3	50514598
rs695104	R002	6	99780522	unique_+	chr6	99332646
rs192306699	R003	4	102581401	unique_+	chr4	101660244
rs142331425	R003	4	102885301	unique_+	chr4	101964144
rs193199629	R001	3	49954814	unique_+	chr3	49917381
rs142189173	R002	6	97952121	unique_+	chr6	97504245
rs180779707	R001	3	50056526	unique_+	chr3	50019093
rs181648461	R002	6	99424307	unique_+	chr6	98976431
rs117872124	R003	4	103825846	unique_+	chr4	102904689
rs193165107	R003	4	103012620	unique_+	chr4	102091463
rs77253763	R002	6	97792982	unique_+	chr6	97345106
rs75765675	R001	3	48140792	unique_+	chr3	48099302
rs183794678	R002	6	98554883	unique_+	chr6	98107007
rs114459472	R003	4	102665560	unique_+	chr4	101744403
rs6844864	R003	4	102371570	unique_+	chr4	101450413
rs139914833	R003	4	102806363	unique_+	chr4	101885206
rs182826050	R002	6	99642524	unique_+	chr6	99194648
rs148447176	R002	6	98505174	unique_+	chr6	98057298
rs182570879	R003	4	102314313	unique_+	chr4	101393156
rs76669370	R002	6	97932551	unique_+	chr6	97484675
rs73833765	R003	4	102353269	unique_+	chr4	101432112
rs187621277	R002	6	97884266	unique_+	chr6	97436390
rs76770734	R003	4	102514319	unique_+	chr4	101593162
rs7685506	R003	4	102973314	unique_+	chr4	102052157
rs74416160	R003	4	102891763	unique_+	chr4	101970606
rs141966231	R003	4	103346589	unique_+	chr4	102425432
rs12528409	R002	6	98370952	unique_+	chr6	97923076
rs58427389	R001	3	50670793	unique_+	chr3	50633362
rs139595045	R002	6	97827533	unique_+	chr6	97379657
rs35507621	R003	4	102800005	unique_+	chr4	101878848
rs77354079	R001	3	49541884	unique_+	chr3	49504451
rs223371	R003	4	103759189	unique_+	chr4	102838032
rs147454046	R001	3	48487747	unique_+	chr3	48446343
rs9373142	R002	6	99838255	unique_+	chr6	99390379
rs236776	R003	4	103086980	unique_+	chr4	102165823
rs62323495	R003	4	103163571	unique_+	chr4	102242414
rs4383620	R003	4	103862854	unique_+	chr4	102941697
rs6442108	R001	3	48192959	unique_+	chr3	48151469
rs78501996	R002	6	99162041	unique_+	chr6	98714165
rs74737093	R002	6	97832449	unique_+	chr6	97384573
rs1578250	R002	6	97878360	unique_+	chr6	97430484
rs223387	R003	4	103749516	unique_+	chr4	102828359
rs141959192	R001	3	48663344	unique_+	chr3	48625911
rs143546063	R003	4	103336344	unique_+	chr4	102415187
rs6936789	R002	6	99681277	unique_+	chr6	99233401
rs13111489	R003	4	102807200	unique_+	chr4	101886043
rs77066374	R003	4	103798173	unique_+	chr4	102877016
rs113359386	R003	4	103637806	unique_+	chr4	102716649
rs17031191	R003	4	102261268	unique_+	chr4	101340111
rs6856176	R003	4	103823731	unique_+	chr4	102902574
rs115261747	R003	4	102847083	unique_+	chr4	101925926
rs6812110	R003	4	102898874	unique_+	chr4	101977717
rs9400872	R002	6	97851501	unique_+	chr6	97403625
rs6825789	R003	4	102967861	unique_+	chr4	102046704
rs72933910	R003	4	102953282	unique_+	chr4	102032125
rs146887225	R003	4	103252817	unique_+	chr4	102331660
rs11734573	R003	4	102605800	unique_+	chr4	101684643
rs9307280	R003	4	103836084	unique_+	chr4	102914927
rs9832957	R001	3	48185266	unique_+	chr3	48143776
rs6913415	R002	6	99471402	unique_+	chr6	99023526
rs10004342	R003	4	103827132	unique_+	chr4	102905975
rs17057750	R002	6	97887474	unique_+	chr6	97439598
rs2172785	R002	6	98845089	unique_+	chr6	98397213
rs116668132	R003	4	103661687	unique_+	chr4	102740530
rs2631272	R003	4	102910685	unique_+	chr4	101989528
rs116794113	R001	3	48257891	unique_+	chr3	48216401
rs11097756	R003	4	102770633	unique_+	chr4	101849476
rs6818963	R003	4	103355490	unique_+	chr4	102434333
rs2631241	R003	4	102898616	unique_+	chr4	101977459
rs151479	R003	4	103081402	unique_+	chr4	102160245
rs1585213	R003	4	103444698	unique_+	chr4	102523541
rs73491442	R002	6	99538221	unique_+	chr6	99090345
rs4533776	R003	4	103833889	unique_+	chr4	102912732
rs150893	R003	4	103738232	unique_+	chr4	102817075
rs17032705	R003	4	103432974	unique_+	chr4	102511817
rs149567211	R002	6	99692993	unique_+	chr6	99245117
rs72686719	R003	4	102741302	unique_+	chr4	101820145
rs7740472	R002	6	99676802	unique_+	chr6	99228926
rs72933934	R003	4	102967830	unique_+	chr4	102046673
rs727086	R003	4	102881557	unique_+	chr4	101960400
rs6937951	R002	6	98024573	unique_+	chr6	97576697
rs17785525	R002	6	99882563	unique_+	chr6	99434687
rs3125572	R002	6	98883749	unique_+	chr6	98435873
rs35992292	R003	4	103548216	unique_+	chr4	102627059
rs184151790	R002	6	98542628	unique_+	chr6	98094752
rs9387375	R002	6	97868587	unique_+	chr6	97420711
rs9389292	R002	6	99820755	unique_+	chr6	99372879
rs112348975	R003	4	102425566	unique_+	chr4	101504409
rs115731066	R002	6	97857306	unique_+	chr6	97409430
rs116603228	R003	4	103745992	unique_+	chr4	102824835
rs9372941	R002	6	99233919	unique_+	chr6	98786043
rs115177372	R001	3	50444394	unique_+	chr3	50406963
rs6821247	R003	4	103834640	unique_+	chr4	102913483
rs139134292	R003	4	103021361	unique_+	chr4	102100204
rs112302632	R003	4	103088807	unique_+	chr4	102167650
rs762889	R001	3	50617422	unique_+	chr3	50579991
rs2227292	R001	3	50608480	unique_+	chr3	50571049
rs3752449	R001	3	50623193	unique_+	chr3	50585762
rs4688709	R001	3	50627339	unique_+	chr3	50589908
rs114339538	R001	3	49354730	unique_+	chr3	49317297
rs34364099	R001	3	50327010	unique_+	chr3	50289579
rs6824070	R003	4	103822833	unique_+	chr4	102901676
rs76100406	R003	4	103273237	unique_+	chr4	102352080
rs17057737	R002	6	97880098	unique_+	chr6	97432222
rs150328962	R002	6	100030638	unique_+	chr6	99582762
rs115594453	R003	4	103149470	unique_+	chr4	102228313
rs78597652	R003	4	103035318	unique_+	chr4	102114161
rs13135361	R003	4	102807062	unique_+	chr4	101885905
rs78799938	R003	4	102322905	unique_+	chr4	101401748
rs148325727	R001	3	49717900	unique_+	chr3	49680467
rs150813383	R003	4	103315570	unique_+	chr4	102394413
rs141558933	R003	4	102797888	unique_+	chr4	101876731
rs151270225	R002	6	98174018	unique_+	chr6	97726142
rs183792287	R002	6	99200803	unique_+	chr6	98752927
rs139499738	R001	3	50810925	unique_+	chr3	50773494
rs17059627	R002	6	100021016	unique_+	chr6	99573140
rs192861865	R002	6	98997518	unique_+	chr6	98549642
rs189483448	R002	6	98956791	unique_+	chr6	98508915
rs192169739	R001	3	50955760	unique_+	chr3	50918329
rs73836843	R003	4	103639403	unique_+	chr4	102718246
rs189649217	R003	4	103119249	unique_+	chr4	102198092
rs147169842	R003	4	102413531	unique_+	chr4	101492374
rs183753705	R001	3	48146011	unique_+	chr3	48104521
rs189597356	R001	3	48142395	unique_+	chr3	48100905
rs1454849	R002	6	99290737	unique_+	chr6	98842861
rs144799981	R003	4	102333042	unique_+	chr4	101411885
rs185265689	R002	6	97937880	unique_+	chr6	97490004
rs147043195	R003	4	103143074	unique_+	chr4	102221917
rs3774736	R001	3	50190110	unique_+	chr3	50152677
rs139528597	R002	6	97872778	unique_+	chr6	97424902
rs111761521	R001	3	48484834	unique_+	chr3	48443426
rs150616221	R003	4	102816560	unique_+	chr4	101895403
rs189057033	R002	6	98833475	unique_+	chr6	98385599
rs184747577	R001	3	49799674	unique_+	chr3	49762241
rs150731835	R002	6	99878766	unique_+	chr6	99430890
rs139521707	R001	3	48626376	unique_+	chr3	48588943
rs186476763	R003	4	103445973	unique_+	chr4	102524816
rs114128877	R001	3	49823533	unique_+	chr3	49786100
rs144622878	R001	3	50832711	unique_+	chr3	50795280
rs13065767	R001	3	50805700	unique_+	chr3	50768269
rs138749042	R002	6	98300206	unique_+	chr6	97852330
rs143323446	R002	6	99428723	unique_+	chr6	98980847
rs115198165	R001	3	49688673	unique_+	chr3	49651240
rs111283297	R002	6	98023716	unique_+	chr6	97575840
rs149134607	R002	6	98915070	unique_+	chr6	98467194
rs185449611	R002	6	99750311	unique_+	chr6	99302435
rs191536810	R001	3	50297151	unique_+	chr3	50259719
rs138386801	R003	4	103202022	unique_+	chr4	102280865
rs138196476	R002	6	97997292	unique_+	chr6	97549416
rs149564103	R003	4	103485812	unique_+	chr4	102564655
rs17033233	R003	4	103656614	unique_+	chr4	102735457
rs34397140	R003	4	102772025	unique_+	chr4	101850868
rs17031771	R003	4	102794548	unique_+	chr4	101873391
rs117251028	R002	6	98078369	unique_+	chr6	97630493
rs11938257	R003	4	102538248	unique_+	chr4	101617091
rs7665655	R003	4	103845041	unique_+	chr4	102923884
rs4144163	R002	6	99889467	unique_+	chr6	99441591
rs75064329	R002	6	99948376	unique_+	chr6	99500500
rs148445919	R003	4	103147579	unique_+	chr4	102226422
rs62260152	R001	3	50774665	unique_+	chr3	50737234
rs34197129	R003	4	103337860	unique_+	chr4	102416703
rs13203305	R002	6	99717772	unique_+	chr6	99269896
rs9385517	R002	6	99250916	unique_+	chr6	98803040
rs35434253	R002	6	99911463	unique_+	chr6	99463587
rs190735221	R001	3	49479279	unique_+	chr3	49441846
rs9400828	R002	6	97811318	unique_+	chr6	97363442
rs11713325	R001	3	48388360	unique_+	chr3	48346870
rs7770129	R002	6	99788100	unique_+	chr6	99340224
rs2850392	R003	4	102950222	unique_+	chr4	102029065
rs2850374	R003	4	102893323	unique_+	chr4	101972166
rs77939343	R003	4	103848416	unique_+	chr4	102927259
rs76374829	R001	3	50036572	unique_+	chr3	49999139
rs62328510	R003	4	103358641	unique_+	chr4	102437484
rs4840040	R002	6	99873251	unique_+	chr6	99425375
rs115620887	R001	3	49051613	unique_+	chr3	49014180
rs145484273	R002	6	97843847	unique_+	chr6	97395971
rs7770442	R002	6	99680682	unique_+	chr6	99232806
rs17175769	R003	4	103672369	unique_+	chr4	102751212
rs3774938	R003	4	103438439	unique_+	chr4	102517282
rs28367331	R003	4	103821891	unique_+	chr4	102900734
rs9760180	R003	4	103826036	unique_+	chr4	102904879
rs10050084	R003	4	102856226	unique_+	chr4	101935069
rs138491424	R002	6	97822164	unique_+	chr6	97374288
rs72928510	R003	4	102536591	unique_+	chr4	101615434
rs3974602	R003	4	103849997	unique_+	chr4	102928840
rs148572654	R003	4	102764832	unique_+	chr4	101843675
rs74770713	R002	6	99875975	unique_+	chr6	99428099
rs62321925	R003	4	102507922	unique_+	chr4	101586765
rs180801457	R002	6	99984182	unique_+	chr6	99536306
rs11944258	R003	4	102525241	unique_+	chr4	101604084
rs151480	R003	4	103082476	unique_+	chr4	102161319
rs13145804	R003	4	102776406	unique_+	chr4	101855249
rs141504950	R002	6	98931463	unique_+	chr6	98483587
rs73504558	R002	6	97818818	unique_+	chr6	97370942
rs4540048	R003	4	103835703	unique_+	chr4	102914546
rs6923983	R002	6	99877219	unique_+	chr6	99429343
rs6819295	R003	4	103355489	unique_+	chr4	102434332
rs6853274	R003	4	102941663	unique_+	chr4	102020506
rs58270587	R003	4	103663322	unique_+	chr4	102742165
rs113677563	R003	4	102530622	unique_+	chr4	101609465
rs6816656	R003	4	103851801	unique_+	chr4	102930644
rs4840017	R002	6	99679578	unique_+	chr6	99231702
rs9372438	R002	6	97831948	unique_+	chr6	97384072
rs36005813	R003	4	102800742	unique_+	chr4	101879585
rs183358498	R003	4	103457043	unique_+	chr4	102535886
rs3974478	R003	4	103841253	unique_+	chr4	102920096
rs60498775	R003	4	102529868	unique_+	chr4	101608711
rs141063524	R001	3	48610900	unique_+	chr3	48573467
rs74772643	R002	6	97996344	unique_+	chr6	97548468
rs72941499	R002	6	99517213	unique_+	chr6	99069337
rs4648050	R003	4	103514741	unique_+	chr4	102593584
rs2850384	R003	4	102922487	unique_+	chr4	102001330
rs223479	R003	4	103689317	unique_+	chr4	102768160
rs72919408	R002	6	99800598	unique_+	chr6	99352722
rs223475	R003	4	103693143	unique_+	chr4	102771986
rs182210511	R001	3	48962629	unique_+	chr3	48925196
rs3974603	R003	4	103849794	unique_+	chr4	102928637
rs74446226	R002	6	98356293	unique_+	chr6	97908417
rs62420674	R002	6	98089436	unique_+	chr6	97641560
rs144116097	R003	4	102642175	unique_+	chr4	101721018
rs34768064	R002	6	99805811	unique_+	chr6	99357935
rs145830355	R002	6	97718219	unique_+	chr6	97270343
rs149178944	R003	4	103611537	unique_+	chr4	102690380
rs11753752	R002	6	99920952	unique_+	chr6	99473076
rs188810627	R002	6	98943910	unique_+	chr6	98496034
rs147922417	R002	6	98549252	unique_+	chr6	98101376
rs60205162	R003	4	103642412	unique_+	chr4	102721255
rs140891590	R003	4	103225035	unique_+	chr4	102303878
rs187154845	R003	4	102646218	unique_+	chr4	101725061
rs75901509	R001	3	49631393	unique_+	chr3	49593960
rs192329880	R002	6	97727126	unique_+	chr6	97279250
rs12527556	R002	6	97848219	unique_+	chr6	97400343
rs141196143	R001	3	49051485	unique_+	chr3	49014052
rs13205601	R002	6	99764058	unique_+	chr6	99316182
rs147590820	R002	6	99943971	unique_+	chr6	99496095
rs2505070	R002	6	98556812	unique_+	chr6	98108936
rs145390846	R002	6	99574683	unique_+	chr6	99126807
rs185438006	R003	4	102890402	unique_+	chr4	101969245
rs181933621	R001	3	48830667	unique_+	chr3	48793234
rs7681437	R003	4	103311274	unique_+	chr4	102390117
rs75415727	R003	4	103306863	unique_+	chr4	102385706
rs73498877	R002	6	100020643	unique_+	chr6	99572767
rs139805999	R003	4	103167317	unique_+	chr4	102246160
rs190334639	R001	3	48764801	unique_+	chr3	48727368
rs149298064	R003	4	103442278	unique_+	chr4	102521121
rs62322190	R003	4	103099069	unique_+	chr4	102177912
rs139972333	R001	3	50425079	unique_+	chr3	50387648
rs142441304	R001	3	48848774	unique_+	chr3	48811341
rs9400773	R002	6	97770444	unique_+	chr6	97322568
rs145597755	R002	6	99054122	unique_+	chr6	98606246
rs149896237	R001	3	48574906	unique_+	chr3	48537473
rs187028502	R001	3	49140665	unique_+	chr3	49103232
rs141378148	R002	6	99716164	unique_+	chr6	99268288
rs192289768	R001	3	49956806	unique_+	chr3	49919373
rs150981957	R002	6	99564092	unique_+	chr6	99116216
rs58137261	R001	3	50187637	unique_+	chr3	50150204
rs138879383	R001	3	49220211	unique_+	chr3	49182778
rs12491177	R001	3	50180433	unique_+	chr3	50143000
rs189235950	R003	4	103213850	unique_+	chr4	102292693
rs596550	R002	6	99758646	unique_+	chr6	99310770
rs143102184	R003	4	102971678	unique_+	chr4	102050521
rs151481	R003	4	103082484	unique_+	chr4	102161327
rs151253182	R002	6	99488884	unique_+	chr6	99041008
rs112108387	R002	6	99564816	unique_+	chr6	99116940
rs145572418	R003	4	102638928	unique_+	chr4	101717771
rs113699973	R003	4	102611751	unique_+	chr4	101690594
rs184281135	R002	6	98025068	unique_+	chr6	97577192
rs111599740	R002	6	97975487	unique_+	chr6	97527611
rs74200941	R003	4	103848438	unique_+	chr4	102927281
rs6533037	R003	4	103857022	unique_+	chr4	102935865
rs147275391	R002	6	98635763	unique_+	chr6	98187887
rs62422282	R002	6	99097571	unique_+	chr6	98649695
rs62423986	R002	6	99743833	unique_+	chr6	99295957
rs79073749	R002	6	99253705	unique_+	chr6	98805829
rs72682930	R003	4	102393104	unique_+	chr4	101471947
rs9387331	R002	6	97821456	unique_+	chr6	97373580
rs11737207	R003	4	103109402	unique_+	chr4	102188245
rs79026890	R002	6	97882201	unique_+	chr6	97434325
rs140388467	R002	6	97995102	unique_+	chr6	97547226
rs75246913	R002	6	97833520	unique_+	chr6	97385644
rs9402794	R002	6	99892524	unique_+	chr6	99444648
rs6847191	R003	4	103836641	unique_+	chr4	102915484
rs17032641	R003	4	103370889	unique_+	chr4	102449732
rs117372909	R002	6	99267055	unique_+	chr6	98819179
rs75298985	R002	6	99196635	unique_+	chr6	98748759
rs10017565	R003	4	103861684	unique_+	chr4	102940527
rs6851440	R003	4	103363638	unique_+	chr4	102442481
rs150898	R003	4	103690391	unique_+	chr4	102769234
rs140584579	R002	6	97831730	unique_+	chr6	97383854
rs6900331	R002	6	99913321	unique_+	chr6	99465445
rs150654973	R002	6	99280127	unique_+	chr6	98832251
rs72928466	R002	6	98977949	unique_+	chr6	98530073
rs141582556	R001	3	48542386	unique_+	chr3	48504953
rs223482	R003	4	103687208	unique_+	chr4	102766051
rs11153559	R002	6	97820809	unique_+	chr6	97372933
rs28445603	R003	4	102840099	unique_+	chr4	101918942
rs116772900	R001	3	50869954	unique_+	chr3	50832523
rs116570617	R001	3	50354447	unique_+	chr3	50317016
rs76129353	R002	6	98148717	unique_+	chr6	97700841
rs11752062	R002	6	98127130	unique_+	chr6	97679254
rs72926589	R003	4	102532303	unique_+	chr4	101611146
rs11727928	R003	4	102808194	unique_+	chr4	101887037
rs4699027	R003	4	103341701	unique_+	chr4	102420544
rs7744233	R002	6	98345618	unique_+	chr6	97897742
rs116078784	R003	4	103405404	unique_+	chr4	102484247
rs2132686	R002	6	99622269	unique_+	chr6	99174393
rs223481	R003	4	103688017	unique_+	chr4	102766860
rs118012468	R002	6	97793347	unique_+	chr6	97345471
rs111761569	R002	6	97983030	unique_+	chr6	97535154
rs11947457	R003	4	102538137	unique_+	chr4	101616980
rs6419160	R003	4	103859805	unique_+	chr4	102938648
rs145793401	R001	3	48560690	unique_+	chr3	48523257
rs112891039	R002	6	98039156	unique_+	chr6	97591280
rs9307281	R003	4	103856128	unique_+	chr4	102934971
rs114388898	R001	3	50888354	unique_+	chr3	50850923
rs3974604	R003	4	103849758	unique_+	chr4	102928601
rs13107723	R003	4	102857948	unique_+	chr4	101936791
rs72924584	R003	4	102524913	unique_+	chr4	101603756
rs146819982	R001	3	50443594	unique_+	chr3	50406163
rs186501638	R001	3	48422662	unique_+	chr3	48381172
rs72926592	R003	4	102533312	unique_+	chr4	101612155
rs9685630	R003	4	103852110	unique_+	chr4	102930953
rs11720622	R001	3	48246679	unique_+	chr3	48205189
rs185052513	R002	6	98607092	unique_+	chr6	98159216
rs13068288	R001	3	48331751	unique_+	chr3	48290261
rs115819505	R003	4	103012980	unique_+	chr4	102091823
rs6846762	R003	4	103813734	unique_+	chr4	102892577
rs73504566	R002	6	97833141	unique_+	chr6	97385265
rs12503000	R003	4	102874052	unique_+	chr4	101952895
rs182899889	R003	4	102790931	unique_+	chr4	101869774
rs72917312	R002	6	99787606	unique_+	chr6	99339730
rs112433029	R002	6	98137707	unique_+	chr6	97689831
rs191867378	R002	6	99743193	unique_+	chr6	99295317
rs192726980	R001	3	48780338	unique_+	chr3	48742905
rs141458673	R002	6	99784839	unique_+	chr6	99336963
rs190527917	R003	4	103371232	unique_+	chr4	102450075
rs144115698	R003	4	103159327	unique_+	chr4	102238170
rs147177288	R003	4	103452358	unique_+	chr4	102531201
rs17053725	R002	6	100021068	unique_+	chr6	99573192
rs182319848	R001	3	48741141	unique_+	chr3	48703708
rs114703100	R003	4	103305693	unique_+	chr4	102384536
rs148234657	R003	4	102362996	unique_+	chr4	101441839
rs189644227	R002	6	99558319	unique_+	chr6	99110443
rs144976877	R003	4	102345564	unique_+	chr4	101424407
rs189448752	R003	4	102469640	unique_+	chr4	101548483
rs6823625	R003	4	103813594	unique_+	chr4	102892437
rs190056499	R003	4	102853523	unique_+	chr4	101932366
rs78970339	R001	3	48463437	unique_+	chr3	48422028
rs78088158	R001	3	48801172	unique_+	chr3	48763739
rs138789784	R001	3	49439682	unique_+	chr3	49402249
rs190511738	R002	6	99995796	unique_+	chr6	99547920
rs150921156	R001	3	49072883	unique_+	chr3	49035450
rs190411189	R001	3	49211334	unique_+	chr3	49173901
rs78043736	R003	4	102504966	unique_+	chr4	101583809
rs148865288	R002	6	98423767	unique_+	chr6	97975891
rs189008426	R002	6	98663320	unique_+	chr6	98215444
rs17051017	R001	3	50598051	unique_+	chr3	50560620
rs117772716	R002	6	99030136	unique_+	chr6	98582260
rs148746335	R003	4	102886634	unique_+	chr4	101965477
rs139382772	R001	3	50931778	unique_+	chr3	50894347
rs148834316	R002	6	98853068	unique_+	chr6	98405192
rs182979254	R001	3	50304498	unique_+	chr3	50267066
rs11943019	R003	4	102524292	unique_+	chr4	101603135
rs28561698	R003	4	102302624	unique_+	chr4	101381467
rs7670680	R003	4	103652930	unique_+	chr4	102731773
rs58191283	R001	3	50186685	unique_+	chr3	50149252
rs148586780	R002	6	99004123	unique_+	chr6	98556247
rs140134260	R003	4	102422130	unique_+	chr4	101500973
rs73833762	R003	4	102348191	unique_+	chr4	101427034
rs181941879	R003	4	102677741	unique_+	chr4	101756584
rs113270318	R003	4	102484483	unique_+	chr4	101563326
rs188668162	R003	4	102725265	unique_+	chr4	101804108
rs185200837	R001	3	50821843	unique_+	chr3	50784412
rs141159743	R001	3	50444463	unique_+	chr3	50407032
rs76522442	R001	3	50199325	unique_+	chr3	50161892
rs180941927	R002	6	98094338	unique_+	chr6	97646462
rs7427526	R001	3	50968320	unique_+	chr3	50930889
rs185410114	R002	6	98539387	unique_+	chr6	98091511
rs116463659	R003	4	103746490	unique_+	chr4	102825333
rs4699032	R003	4	103813881	unique_+	chr4	102892724
rs6821232	R003	4	103857702	unique_+	chr4	102936545
rs140636829	R003	4	102344666	unique_+	chr4	101423509
rs1598857	R003	4	103439425	unique_+	chr4	102518268
rs77587947	R003	4	102521938	unique_+	chr4	101600781
rs72926594	R003	4	102533698	unique_+	chr4	101612541
rs7375679	R003	4	103839157	unique_+	chr4	102918000
rs4648128	R003	4	103536024	unique_+	chr4	102614867
rs7687707	R003	4	103843239	unique_+	chr4	102922082
rs4428505	R002	6	99204585	unique_+	chr6	98756709
rs10012413	R003	4	103817531	unique_+	chr4	102896374
rs73833854	R003	4	102542705	unique_+	chr4	101621548
rs13105746	R003	4	102618085	unique_+	chr4	101696928
rs9384946	R002	6	97832204	unique_+	chr6	97384328
rs116210903	R003	4	102490737	unique_+	chr4	101569580
rs28385588	R002	6	99915661	unique_+	chr6	99467785
rs117895801	R002	6	99246821	unique_+	chr6	98798945
rs223478	R003	4	103689805	unique_+	chr4	102768648
rs113349384	R002	6	99624252	unique_+	chr6	99176376
rs145477645	R002	6	99101205	unique_+	chr6	98653329
rs223323	R003	4	103799569	unique_+	chr4	102878412
rs113645041	R002	6	99909857	unique_+	chr6	99461981
rs112296463	R002	6	98077250	unique_+	chr6	97629374
rs11961238	R002	6	98350693	unique_+	chr6	97902817
rs79552119	R002	6	98364096	unique_+	chr6	97916220
rs980455	R003	4	103418957	unique_+	chr4	102497800
rs35122441	R002	6	99882599	unique_+	chr6	99434723
rs2631242	R003	4	102895397	unique_+	chr4	101974240
rs3974608	R003	4	103846798	unique_+	chr4	102925641
rs188653288	R002	6	100004655	unique_+	chr6	99556779
rs74675142	R002	6	99099069	unique_+	chr6	98651193
rs149910354	R003	4	103097381	unique_+	chr4	102176224
rs78955551	R002	6	99533901	unique_+	chr6	99086025
rs223477	R003	4	103690256	unique_+	chr4	102769099
rs147155634	R001	3	48287166	unique_+	chr3	48245676
rs223480	R003	4	103688038	unique_+	chr4	102766881
rs77837716	R003	4	102562276	unique_+	chr4	101641119
rs13130979	R003	4	102618249	unique_+	chr4	101697092
rs9385507	R002	6	99236570	unique_+	chr6	98788694
rs9372445	R002	6	97848608	unique_+	chr6	97400732
rs223486	R003	4	103684953	unique_+	chr4	102763796
rs117666915	R002	6	99930593	unique_+	chr6	99482717
rs112948211	R001	3	48362121	unique_+	chr3	48320631
rs117863375	R002	6	99789979	unique_+	chr6	99342103
rs9375646	R002	6	99237420	unique_+	chr6	98789544
rs9400849	R002	6	97830926	unique_+	chr6	97383050
rs13109260	R003	4	102815366	unique_+	chr4	101894209
rs3974494	R003	4	103866480	unique_+	chr4	102945323
rs143471470	R003	4	103751929	unique_+	chr4	102830772
rs59010193	R003	4	102529800	unique_+	chr4	101608643
rs116349013	R001	3	49437333	unique_+	chr3	49399900
rs62328503	R003	4	103338532	unique_+	chr4	102417375
rs72930430	R003	4	102537165	unique_+	chr4	101616008
rs9387307	R002	6	97806006	unique_+	chr6	97358130
rs12528818	R002	6	98392653	unique_+	chr6	97944777
rs13203293	R002	6	99622711	unique_+	chr6	99174835
rs77427077	R002	6	99305917	unique_+	chr6	98858041
rs74673463	R002	6	98027362	unique_+	chr6	97579486
rs113505619	R002	6	99985445	unique_+	chr6	99537569
rs150102070	R002	6	98015211	unique_+	chr6	97567335
rs34141565	R002	6	98223246	unique_+	chr6	97775370
rs11933019	R003	4	102541135	unique_+	chr4	101619978
rs75032781	R002	6	99197210	unique_+	chr6	98749334
rs78906200	R002	6	99180897	unique_+	chr6	98733021
rs57234284	R002	6	97839118	unique_+	chr6	97391242
rs80075657	R002	6	99256588	unique_+	chr6	98808712
rs13140171	R003	4	102779304	unique_+	chr4	101858147
rs139601234	R002	6	97978729	unique_+	chr6	97530853
rs79525977	R001	3	48419898	unique_+	chr3	48378408
rs12501737	R003	4	103854043	unique_+	chr4	102932886
rs75972508	R002	6	99206064	unique_+	chr6	98758188
rs78090674	R002	6	99775983	unique_+	chr6	99328107
rs114474010	R002	6	99640547	unique_+	chr6	99192671
rs4645215	R003	4	103825248	unique_+	chr4	102904091
rs112699835	R003	4	102595395	unique_+	chr4	101674238
rs6934757	R002	6	99699976	unique_+	chr6	99252100
rs76182310	R002	6	99180193	unique_+	chr6	98732317
rs118123998	R002	6	99736839	unique_+	chr6	99288963
rs144868786	R003	4	102520197	unique_+	chr4	101599040
rs116379953	R003	4	102899791	unique_+	chr4	101978634
rs79400397	R002	6	99212568	unique_+	chr6	98764692
rs143919735	R003	4	102288123	unique_+	chr4	101366966
rs182837365	R003	4	102850374	unique_+	chr4	101929217
rs148916719	R001	3	49380653	unique_+	chr3	49343220
rs142914263	R003	4	102527771	unique_+	chr4	101606614
rs115212877	R003	4	103090142	unique_+	chr4	102168985
rs184738061	R003	4	102597329	unique_+	chr4	101676172
rs143007431	R002	6	99343852	unique_+	chr6	98895976
rs4099101	R003	4	102847428	unique_+	chr4	101926271
rs187305644	R003	4	103085326	unique_+	chr4	102164169
rs76617967	R002	6	99984459	unique_+	chr6	99536583
rs77874460	R003	4	103306313	unique_+	chr4	102385156
rs144944020	R002	6	98256000	unique_+	chr6	97808124
rs190289017	R001	3	48842461	unique_+	chr3	48805028
rs112391726	R002	6	100017954	unique_+	chr6	99570078
rs61607921	R002	6	100030663	unique_+	chr6	99582787
rs189910423	R001	3	48319001	unique_+	chr3	48277511
rs188005854	R003	4	102532633	unique_+	chr4	101611476
rs149513040	R003	4	103402549	unique_+	chr4	102481392
rs73837255	R003	4	103448686	unique_+	chr4	102527529
rs115287501	R001	3	50594807	unique_+	chr3	50557376
rs189628156	R001	3	48859512	unique_+	chr3	48822079
rs149369803	R003	4	103395444	unique_+	chr4	102474287
rs72686781	R003	4	102921259	unique_+	chr4	102000102
rs183699761	R002	6	99981235	unique_+	chr6	99533359
rs190785200	R002	6	98905996	unique_+	chr6	98458120
rs56238317	R003	4	102318653	unique_+	chr4	101397496
rs72926583	R003	4	102530355	unique_+	chr4	101609198
rs190585571	R001	3	48172943	unique_+	chr3	48131453
rs138859116	R002	6	98188636	unique_+	chr6	97740760
rs60066787	R003	4	102521594	unique_+	chr4	101600437
rs140027083	R002	6	97962457	unique_+	chr6	97514581
rs75755616	R001	3	49173599	unique_+	chr3	49136166
rs143617905	R002	6	99489215	unique_+	chr6	99041339
rs7752908	R002	6	98139320	unique_+	chr6	97691444
rs1441430	R003	4	102279570	unique_+	chr4	101358413
rs74784598	R003	4	102621251	unique_+	chr4	101700094
rs9481562	R002	6	97820492	unique_+	chr6	97372616
rs144268491	R002	6	98891223	unique_+	chr6	98443347
rs6843175	R003	4	103672636	unique_+	chr4	102751479
rs187700722	R003	4	103677443	unique_+	chr4	102756286
rs141754509	R001	3	48565358	unique_+	chr3	48527925
rs191438650	R002	6	98080612	unique_+	chr6	97632736
rs78464426	R002	6	99504912	unique_+	chr6	99057036
rs2016262	R002	6	99541661	unique_+	chr6	99093785
rs17009213	R003	4	103828406	unique_+	chr4	102907249
rs12171281	R001	3	49320622	unique_+	chr3	49283189
rs72943252	R002	6	99559898	unique_+	chr6	99112022
rs189123737	R001	3	49264153	unique_+	chr3	49226720
rs13210891	R002	6	99737647	unique_+	chr6	99289771
rs2631269	R003	4	102963911	unique_+	chr4	102042754
rs183824487	R001	3	48239959	unique_+	chr3	48198469
rs3774931	R003	4	102963120	unique_+	chr4	102041963
rs142122981	R002	6	99968062	unique_+	chr6	99520186
rs150802858	R002	6	99225048	unique_+	chr6	98777172
rs149740551	R001	3	49165796	unique_+	chr3	49128363
rs143545065	R003	4	102330703	unique_+	chr4	101409546
rs182766825	R001	3	49618131	unique_+	chr3	49580698
rs116109950	R001	3	48633109	unique_+	chr3	48595676
rs149169487	R001	3	49635114	unique_+	chr3	49597681
rs184130376	R001	3	50882923	unique_+	chr3	50845492
rs60252511	R003	4	102695214	unique_+	chr4	101774057
rs149650397	R002	6	97810710	unique_+	chr6	97362834
rs145883934	R002	6	98279673	unique_+	chr6	97831797
rs150795446	R003	4	102376544	unique_+	chr4	101455387
rs115433270	R003	4	103185710	unique_+	chr4	102264553
rs75577765	R001	3	48716536	unique_+	chr3	48679103
rs118094806	R002	6	98356432	unique_+	chr6	97908556
rs111812252	R001	3	48375614	unique_+	chr3	48334124
rs117574462	R002	6	99781118	unique_+	chr6	99333242
rs230491	R003	4	103484615	unique_+	chr4	102563458
rs17031789	R003	4	102807635	unique_+	chr4	101886478
rs2851327	R003	4	102874770	unique_+	chr4	101953613
rs6533041	R003	4	103872772	unique_+	chr4	102951615
rs139917460	R003	4	103029093	unique_+	chr4	102107936
rs13219563	R002	6	99921139	unique_+	chr6	99473263
rs10013613	R003	4	103423493	unique_+	chr4	102502336
rs6830193	R003	4	103876614	unique_+	chr4	102955457
rs13211087	R002	6	98167126	unique_+	chr6	97719250
rs58219057	R003	4	103101602	unique_+	chr4	102180445
rs72930429	R003	4	102537139	unique_+	chr4	101615982
rs148918425	R003	4	103656507	unique_+	chr4	102735350
rs73834297	R003	4	102709148	unique_+	chr4	101787991
rs150899	R003	4	103689069	unique_+	chr4	102767912
rs116492618	R001	3	50917791	unique_+	chr3	50880360
rs35795392	R002	6	98054182	unique_+	chr6	97606306
rs28674656	R003	4	103865553	unique_+	chr4	102944396
rs62422077	R002	6	97888742	unique_+	chr6	97440866
rs75540846	R003	4	102503638	unique_+	chr4	101582481
rs6533035	R003	4	103844717	unique_+	chr4	102923560
rs189505116	R001	3	49505263	unique_+	chr3	49467830
rs140094352	R003	4	103841570	unique_+	chr4	102920413
rs2631256	R003	4	102848466	unique_+	chr4	101927309
rs17031755	R003	4	102792354	unique_+	chr4	101871197
rs35418410	R003	4	102803469	unique_+	chr4	101882312
rs12174549	R002	6	99237479	unique_+	chr6	98789603
rs10516489	R003	4	102974359	unique_+	chr4	102053202
rs6857760	R003	4	103645082	unique_+	chr4	102723925
rs142316462	R001	3	49513319	unique_+	chr3	49475886
rs66521590	R003	4	103363446	unique_+	chr4	102442289
rs150897	R003	4	103690466	unique_+	chr4	102769309
rs13112986	R003	4	102959148	unique_+	chr4	102037991
rs74410482	R003	4	102964619	unique_+	chr4	102043462
rs13199804	R002	6	99246248	unique_+	chr6	98798372
rs143489550	R002	6	98931144	unique_+	chr6	98483268
rs4446311	R003	4	103859401	unique_+	chr4	102938244
rs2850599	R003	4	103799532	unique_+	chr4	102878375
rs142594883	R002	6	97826596	unique_+	chr6	97378720
rs7666463	R003	4	102560877	unique_+	chr4	101639720
rs7765980	R002	6	98093890	unique_+	chr6	97646014
rs4635818	R003	4	102801275	unique_+	chr4	101880118
rs2747732	R002	6	99434685	unique_+	chr6	98986809
rs767226	R003	4	103109811	unique_+	chr4	102188654
rs79962027	R003	4	102568783	unique_+	chr4	101647626
rs192182499	R001	3	49320694	unique_+	chr3	49283261
rs35556034	R003	4	102615162	unique_+	chr4	101694005
rs72924574	R003	4	102522464	unique_+	chr4	101601307
rs60018011	R003	4	102529951	unique_+	chr4	101608794
rs59662992	R002	6	97763870	unique_+	chr6	97315994
rs6830407	R003	4	103816523	unique_+	chr4	102895366
rs187700423	R003	4	103657669	unique_+	chr4	102736512
rs910423	R002	6	99476741	unique_+	chr6	99028865
rs4530634	R003	4	103859081	unique_+	chr4	102937924
rs151123075	R002	6	97873467	unique_+	chr6	97425591
rs149756038	R003	4	103550141	unique_+	chr4	102628984
rs1009031	R002	6	99797988	unique_+	chr6	99350112
rs116683233	R003	4	103109612	unique_+	chr4	102188455
rs112676277	R002	6	98133124	unique_+	chr6	97685248
rs4607220	R003	4	103101164	unique_+	chr4	102180007
rs142761111	R003	4	103769798	unique_+	chr4	102848641
rs73076400	R001	3	48562493	unique_+	chr3	48525060
rs77439906	R002	6	97872942	unique_+	chr6	97425066
rs57023828	R003	4	103101543	unique_+	chr4	102180386
rs150566667	R001	3	49472209	unique_+	chr3	49434776
rs62322197	R003	4	103101762	unique_+	chr4	102180605
rs210392	R002	6	98946774	unique_+	chr6	98498898
rs68116722	R002	6	99014852	unique_+	chr6	98566976
rs185200903	R002	6	100004786	unique_+	chr6	99556910
rs58211757	R003	4	103101524	unique_+	chr4	102180367
rs2631255	R003	4	102849920	unique_+	chr4	101928763
rs2851326	R003	4	102884769	unique_+	chr4	101963612
rs4698865	R003	4	103868749	unique_+	chr4	102947592
rs9398398	R002	6	97771510	unique_+	chr6	97323634
rs4840052	R002	6	99929946	unique_+	chr6	99482070
rs41304864	R001	3	50417637	unique_+	chr3	50380206
rs11727065	R003	4	103098004	unique_+	chr4	102176847
rs72686735	R003	4	102777900	unique_+	chr4	101856743
rs2850396	R003	4	102968448	unique_+	chr4	102047291
rs2851325	R003	4	102885596	unique_+	chr4	101964439
rs2903274	R003	4	102919138	unique_+	chr4	101997981
rs77382486	R001	3	48575379	unique_+	chr3	48537946
rs7667110	R003	4	102670129	unique_+	chr4	101748972
rs7663917	R003	4	102630737	unique_+	chr4	101709580
rs72926581	R003	4	102530271	unique_+	chr4	101609114
rs4699033	R003	4	103818734	unique_+	chr4	102897577
rs6815526	R003	4	103820886	unique_+	chr4	102899729
rs145213912	R001	3	50674723	unique_+	chr3	50637292
rs144978941	R003	4	102432688	unique_+	chr4	101511531
rs13199575	R002	6	99674560	unique_+	chr6	99226684
rs140809586	R002	6	98053844	unique_+	chr6	97605968
rs143840279	R003	4	103425983	unique_+	chr4	102504826
rs181945614	R001	3	48982181	unique_+	chr3	48944748
rs180961881	R001	3	49246663	unique_+	chr3	49209230
rs150197643	R002	6	98269706	unique_+	chr6	97821830
rs111275751	R002	6	97919651	unique_+	chr6	97471775
rs144048218	R003	4	102504308	unique_+	chr4	101583151
rs186181591	R002	6	98436471	unique_+	chr6	97988595
rs181453822	R001	3	49401142	unique_+	chr3	49363709
rs6857950	R003	4	103319256	unique_+	chr4	102398099
rs149426602	R003	4	103718209	unique_+	chr4	102797052
rs188955616	R001	3	50476244	unique_+	chr3	50438813
rs74801321	R003	4	102605779	unique_+	chr4	101684622
rs10017313	R003	4	103861380	unique_+	chr4	102940223
rs144958187	R002	6	97863530	unique_+	chr6	97415654
rs6533040	R003	4	103872578	unique_+	chr4	102951421
rs77921187	R002	6	97816556	unique_+	chr6	97368680
rs149674443	R003	4	102694148	unique_+	chr4	101772991
rs145424128	R002	6	98325580	unique_+	chr6	97877704
rs182302689	R003	4	103084055	unique_+	chr4	102162898
rs11727828	R003	4	103108786	unique_+	chr4	102187629
rs112128425	R003	4	103860009	unique_+	chr4	102938852
rs180995971	R002	6	99415562	unique_+	chr6	98967686
rs139197342	R002	6	99180065	unique_+	chr6	98732189
rs138880635	R002	6	99589037	unique_+	chr6	99141161
rs75434631	R002	6	99232746	unique_+	chr6	98784870
rs188963339	R002	6	99940828	unique_+	chr6	99492952
rs193094170	R002	6	98641216	unique_+	chr6	98193340
rs190535617	R001	3	49795227	unique_+	chr3	49757794
rs146157628	R003	4	102425511	unique_+	chr4	101504354
rs150566911	R001	3	49590806	unique_+	chr3	49553373
rs138326775	R003	4	102685751	unique_+	chr4	101764594
rs149152515	R002	6	97740629	unique_+	chr6	97292753
rs139132931	R003	4	102569745	unique_+	chr4	101648588
rs6843917	R003	4	103003758	unique_+	chr4	102082601
rs61729946	R001	3	49462410	unique_+	chr3	49424977
rs7772259	R002	6	99219851	unique_+	chr6	98771975
rs79984770	R002	6	98892188	unique_+	chr6	98444312
rs191502801	R001	3	49537297	unique_+	chr3	49499864
rs72926597	R003	4	102533931	unique_+	chr4	101612774
rs4699037	R003	4	103878167	unique_+	chr4	102957010
rs28733125	R003	4	102650358	unique_+	chr4	101729201
rs144202637	R003	4	103323289	unique_+	chr4	102402132
rs142489926	R002	6	99879246	unique_+	chr6	99431370
rs72928414	R002	6	98947717	unique_+	chr6	98499841
rs7685915	R003	4	103547949	unique_+	chr4	102626792
rs151107009	R003	4	103694289	unique_+	chr4	102773132
rs140751279	R003	4	102926012	unique_+	chr4	102004855
rs2213555	R002	6	98937831	unique_+	chr6	98489955
rs223484	R003	4	103685471	unique_+	chr4	102764314
rs13136616	R003	4	103815289	unique_+	chr4	102894132
rs2631253	R003	4	102857605	unique_+	chr4	101936448
rs78789243	R001	3	49843116	unique_+	chr3	49805683
rs7676943	R003	4	103859292	unique_+	chr4	102938135
rs75646965	R001	3	48918370	unique_+	chr3	48880937
rs115547957	R003	4	103383852	unique_+	chr4	102462695
rs79735129	R002	6	98319604	unique_+	chr6	97871728
rs183609583	R001	3	48946904	unique_+	chr3	48909471
rs116660951	R003	4	103029530	unique_+	chr4	102108373
rs3974495	R003	4	103870060	unique_+	chr4	102948903
rs223351	R003	4	103777392	unique_+	chr4	102856235
rs6569752	R002	6	99434582	unique_+	chr6	98986706
rs2631243	R003	4	102889542	unique_+	chr4	101968385
rs114032302	R001	3	50285633	unique_+	chr3	50248201
rs72926281	R002	6	99984803	unique_+	chr6	99536927
rs4235409	R003	4	103877136	unique_+	chr4	102955979
rs151498	R003	4	103059666	unique_+	chr4	102138509
rs11724035	R003	4	103862129	unique_+	chr4	102940972
rs75144953	R002	6	99195353	unique_+	chr6	98747477
rs77913775	R003	4	102524302	unique_+	chr4	101603145
rs13201542	R002	6	99934459	unique_+	chr6	99486583
rs3774933	R003	4	103426339	unique_+	chr4	102505182
rs77029414	R002	6	98013948	unique_+	chr6	97566072
rs117408263	R002	6	99008781	unique_+	chr6	98560905
rs10003326	R003	4	103869350	unique_+	chr4	102948193
rs112092510	R003	4	102536011	unique_+	chr4	101614854
rs74422202	R001	3	50705454	unique_+	chr3	50668023
rs142884063	R002	6	98312300	unique_+	chr6	97864424
rs144287823	R002	6	98356613	unique_+	chr6	97908737
rs6904927	R002	6	99895907	unique_+	chr6	99448031
rs13137047	R003	4	102804036	unique_+	chr4	101882879
rs6922449	R002	6	99776986	unique_+	chr6	99329110
rs115645177	R003	4	103093443	unique_+	chr4	102172286
rs9917919	R003	4	103839654	unique_+	chr4	102918497
rs72696119	R003	4	103422504	unique_+	chr4	102501347
rs13198187	R002	6	98134037	unique_+	chr6	97686161
rs112985113	R002	6	99845244	unique_+	chr6	99397368
rs113302910	R002	6	98133272	unique_+	chr6	97685396
rs76205849	R002	6	98348084	unique_+	chr6	97900208
rs111662550	R002	6	98065989	unique_+	chr6	97618113
rs183293581	R001	3	49302994	unique_+	chr3	49265561
rs57344724	R003	4	102529769	unique_+	chr4	101608612
rs117274470	R002	6	99742581	unique_+	chr6	99294705
rs62322611	R003	4	102211425	unique_+	chr4	101290268
rs56392027	R003	4	102543189	unique_+	chr4	101622032
rs183486925	R003	4	103304013	unique_+	chr4	102382856
rs146501676	R003	4	102539298	unique_+	chr4	101618141
rs142885537	R001	3	49084974	unique_+	chr3	49047541
rs143679348	R002	6	99407992	unique_+	chr6	98960116
rs186383018	R001	3	48372117	unique_+	chr3	48330627
rs187372031	R003	4	103051530	unique_+	chr4	102130373
rs115989473	R003	4	103652144	unique_+	chr4	102730987
rs150259620	R003	4	102275564	unique_+	chr4	101354407
rs141798924	R002	6	99414808	unique_+	chr6	98966932
rs60324804	R003	4	103862927	unique_+	chr4	102941770
rs61158427	R003	4	103863026	unique_+	chr4	102941869
rs56219838	R002	6	98188905	unique_+	chr6	97741029
rs147790132	R003	4	103722344	unique_+	chr4	102801187
rs150613972	R003	4	102341531	unique_+	chr4	101420374
rs139111559	R002	6	99231130	unique_+	chr6	98783254
rs73834756	R003	4	103280766	unique_+	chr4	102359609
rs76573338	R002	6	99202548	unique_+	chr6	98754672
rs145629075	R001	3	49474038	unique_+	chr3	49436605
rs13113677	R003	4	102858316	unique_+	chr4	101937159
rs111465450	R003	4	102855011	unique_+	chr4	101933854
rs140837537	R001	3	49913825	unique_+	chr3	49876392
rs185558247	R003	4	102779499	unique_+	chr4	101858342
rs140640151	R003	4	103602549	unique_+	chr4	102681392
rs78079533	R001	3	49755278	unique_+	chr3	49717845
rs192998041	R001	3	50239651	unique_+	chr3	50202218
rs144228478	R003	4	102413912	unique_+	chr4	101492755
rs143546438	R003	4	103042239	unique_+	chr4	102121082
rs35013900	R003	4	102802929	unique_+	chr4	101881772
rs184807365	R003	4	102475872	unique_+	chr4	101554715
rs80208033	R003	4	103670184	unique_+	chr4	102749027
rs190907149	R002	6	98039603	unique_+	chr6	97591727
rs149517106	R001	3	48433417	unique_+	chr3	48391940
rs72691872	R003	4	103473905	unique_+	chr4	102552748
rs186410270	R003	4	102776906	unique_+	chr4	101855749
rs183984599	R003	4	102500605	unique_+	chr4	101579448
rs193051650	R003	4	102411516	unique_+	chr4	101490359
rs181805647	R003	4	103243977	unique_+	chr4	102322820
rs184579587	R003	4	102208357	unique_+	chr4	101287200
rs181746556	R002	6	99897165	unique_+	chr6	99449289
rs183320495	R003	4	103104350	unique_+	chr4	102183193
rs4855868	R001	3	49489041	unique_+	chr3	49451608
rs111895002	R002	6	99933687	unique_+	chr6	99485811
rs113785461	R002	6	99249958	unique_+	chr6	98802082
rs184823202	R001	3	48482262	unique_+	chr3	48440852
rs113783440	R002	6	98453200	unique_+	chr6	98005324
rs61249526	R002	6	100028471	unique_+	chr6	99580595
rs149760856	R003	4	103087964	unique_+	chr4	102166807
rs117498283	R002	6	99085026	unique_+	chr6	98637150
rs191568214	R003	4	102641844	unique_+	chr4	101720687
rs146075549	R001	3	50544382	unique_+	chr3	50506951
rs140237131	R003	4	102373592	unique_+	chr4	101452435
rs2236989	R001	3	50505395	unique_+	chr3	50467964
rs55989418	R002	6	99193624	unique_+	chr6	98745748
rs62423579	R002	6	99266856	unique_+	chr6	98818980
rs76562254	R002	6	99289977	unique_+	chr6	98842101
rs35512171	R001	3	48339601	unique_+	chr3	48298111
rs35492458	R002	6	99522542	unique_+	chr6	99074666
rs62324238	R003	4	103099008	unique_+	chr4	102177851
rs75135654	R001	3	48404530	unique_+	chr3	48363040
rs6839635	R003	4	103872854	unique_+	chr4	102951697
rs11917269	R001	3	50481035	unique_+	chr3	50443604
rs1598860	R003	4	103389013	unique_+	chr4	102467856
rs78375517	R002	6	97819522	unique_+	chr6	97371646
rs1595845	R003	4	103098400	unique_+	chr4	102177243
rs17299576	R002	6	98994268	unique_+	chr6	98546392
rs148199527	R003	4	103747286	unique_+	chr4	102826129
rs114508808	R001	3	49352227	unique_+	chr3	49314794
rs148898537	R002	6	97898937	unique_+	chr6	97451061
rs115154908	R003	4	102883227	unique_+	chr4	101962070
rs151191277	R002	6	97821475	unique_+	chr6	97373599
rs76460042	R003	4	102526217	unique_+	chr4	101605060
rs116375541	R001	3	50456570	unique_+	chr3	50419139
rs62324235	R003	4	103093479	unique_+	chr4	102172322
rs77785195	R002	6	99206313	unique_+	chr6	98758437
rs2544574	R003	4	102827905	unique_+	chr4	101906748
rs12198541	R002	6	99812804	unique_+	chr6	99364928
rs62323862	R003	4	102540926	unique_+	chr4	101619769
rs117311932	R002	6	99042029	unique_+	chr6	98594153
rs150842708	R002	6	98973960	unique_+	chr6	98526084
rs2227121	R002	6	98938834	unique_+	chr6	98490958
rs6855675	R003	4	103098676	unique_+	chr4	102177519
rs150004860	R003	4	103110888	unique_+	chr4	102189731
rs2858803	R002	6	98946911	unique_+	chr6	98499035
rs74878904	R002	6	98124927	unique_+	chr6	97677051
rs116113662	R001	3	49698115	unique_+	chr3	49660682
rs149867257	R002	6	97776886	unique_+	chr6	97329010
rs9321067	R002	6	98936578	unique_+	chr6	98488702
rs2903282	R003	4	103413351	unique_+	chr4	102492194
rs211222	R002	6	98980147	unique_+	chr6	98532271
rs10516469	R003	4	102261253	unique_+	chr4	101340096
rs2747740	R002	6	99464954	unique_+	chr6	99017078
rs144046393	R002	6	98135150	unique_+	chr6	97687274
rs116635399	R001	3	48313551	unique_+	chr3	48272061
rs2038162	R002	6	99800302	unique_+	chr6	99352426
rs74877665	R003	4	103227993	unique_+	chr4	102306836
rs6830163	R003	4	103098727	unique_+	chr4	102177570
rs79383547	R002	6	98120238	unique_+	chr6	97672362
rs76762318	R002	6	99704445	unique_+	chr6	99256569
rs17209152	R003	4	102863440	unique_+	chr4	101942283
rs145201033	R002	6	98132578	unique_+	chr6	97684702
rs1599961	R003	4	103443569	unique_+	chr4	102522412
rs74438041	R002	6	97781527	unique_+	chr6	97333651
rs140438152	R003	4	102303259	unique_+	chr4	101382102
rs56373427	R003	4	103107772	unique_+	chr4	102186615
rs187983274	R002	6	99130927	unique_+	chr6	98683051
rs57328322	R003	4	103101290	unique_+	chr4	102180133
rs139712736	R003	4	102830140	unique_+	chr4	101908983
rs2631271	R003	4	102914396	unique_+	chr4	101993239
rs78182851	R002	6	98693184	unique_+	chr6	98245308
rs117729104	R002	6	98990834	unique_+	chr6	98542958
rs112962835	R002	6	98018087	unique_+	chr6	97570211
rs35050095	R002	6	99326377	unique_+	chr6	98878501
rs192673099	R002	6	98114734	unique_+	chr6	97666858
rs72928998	R002	6	99813290	unique_+	chr6	99365414
rs2510445	R003	4	102967631	unique_+	chr4	102046474
rs144869073	R003	4	102374157	unique_+	chr4	101453000
rs182221853	R001	3	48430507	unique_+	chr3	48389019
rs149542234	R001	3	50722375	unique_+	chr3	50684944
rs147122186	R003	4	102907145	unique_+	chr4	101985988
rs142127450	R001	3	49618507	unique_+	chr3	49581074
rs11727724	R003	4	103108448	unique_+	chr4	102187291
rs17853030	R003	4	102946392	unique_+	chr4	102025235
rs12529842	R002	6	98522522	unique_+	chr6	98074646
rs59009658	R003	4	102332715	unique_+	chr4	101411558
rs57651834	R003	4	102285831	unique_+	chr4	101364674
rs184290557	R002	6	98155837	unique_+	chr6	97707961
rs112346774	R003	4	103552559	unique_+	chr4	102631402
rs112794276	R001	3	48437847	unique_+	chr3	48396382
rs113002061	R001	3	48433226	unique_+	chr3	48391749
rs191322828	R003	4	103393536	unique_+	chr4	102472379
rs139066477	R002	6	98273492	unique_+	chr6	97825616
rs148922606	R002	6	99313707	unique_+	chr6	98865831
rs72936555	R002	6	99334277	unique_+	chr6	98886401
rs184256150	R003	4	103420916	unique_+	chr4	102499759
rs183120475	R003	4	102406808	unique_+	chr4	101485651
rs60458889	R002	6	99220834	unique_+	chr6	98772958
rs185434727	R001	3	49984164	unique_+	chr3	49946731
rs183537222	R001	3	49627004	unique_+	chr3	49589571
rs141416784	R003	4	103094535	unique_+	chr4	102173378
rs144870155	R002	6	99180127	unique_+	chr6	98732251
rs76080811	R003	4	103647561	unique_+	chr4	102726404
rs140455586	R001	3	49182023	unique_+	chr3	49144590
rs188076825	R002	6	99162405	unique_+	chr6	98714529
rs185476918	R003	4	102526284	unique_+	chr4	101605127
rs145356833	R001	3	50069340	unique_+	chr3	50031907
rs188404914	R001	3	50431258	unique_+	chr3	50393827
rs80255230	R003	4	102468208	unique_+	chr4	101547051
rs182564073	R003	4	102354807	unique_+	chr4	101433650
rs181165388	R001	3	49067881	unique_+	chr3	49030448
rs150121120	R001	3	49560974	unique_+	chr3	49523541
rs182581293	R001	3	50800547	unique_+	chr3	50763116
rs186317133	R001	3	48569946	unique_+	chr3	48532513
rs72926585	R003	4	102530715	unique_+	chr4	101609558
rs112410195	R003	4	103879938	unique_+	chr4	102958781
rs223350	R003	4	103778056	unique_+	chr4	102856899
rs114236308	R001	3	48341999	unique_+	chr3	48300509
rs181589947	R003	4	102384024	unique_+	chr4	101462867
rs62422217	R002	6	99694335	unique_+	chr6	99246459
rs72926588	R003	4	102532200	unique_+	chr4	101611043
rs6833477	R003	4	103674538	unique_+	chr4	102753381
rs76573486	R003	4	103356402	unique_+	chr4	102435245
rs113775284	R003	4	103646434	unique_+	chr4	102725277
rs211225	R002	6	98997716	unique_+	chr6	98549840
rs117860642	R002	6	97789982	unique_+	chr6	97342106
rs59401982	R002	6	99901583	unique_+	chr6	99453707
rs6922184	R002	6	99549750	unique_+	chr6	99101874
rs57419484	R002	6	97895946	unique_+	chr6	97448070
rs62329083	R003	4	103733543	unique_+	chr4	102812386
rs74642752	R002	6	97815384	unique_+	chr6	97367508
rs72928503	R003	4	102536244	unique_+	chr4	101615087
rs112589548	R002	6	98137546	unique_+	chr6	97689670
rs2658533	R003	4	103048019	unique_+	chr4	102126862
rs78291111	R002	6	98002978	unique_+	chr6	97555102
rs10457309	R002	6	97967967	unique_+	chr6	97520091
rs35400474	R003	4	102778259	unique_+	chr4	101857102
rs17057701	R002	6	97836861	unique_+	chr6	97388985
rs114911995	R003	4	102529107	unique_+	chr4	101607950
rs140150681	R002	6	98373071	unique_+	chr6	97925195
rs114913744	R001	3	49160546	unique_+	chr3	49123113
rs148828948	R003	4	103557398	unique_+	chr4	102636241
rs75823201	R003	4	102961711	unique_+	chr4	102040554
rs116606483	R001	3	50059505	unique_+	chr3	50022072
rs139695685	R002	6	99829333	unique_+	chr6	99381457
rs77496779	R002	6	97778801	unique_+	chr6	97330925
rs78314478	R003	4	102562849	unique_+	chr4	101641692
rs7753427	R002	6	99269349	unique_+	chr6	98821473
rs2213028	R003	4	103106996	unique_+	chr4	102185839
rs3774927	R003	4	102954555	unique_+	chr4	102033398
rs75625777	R001	3	49691675	unique_+	chr3	49654242
rs73833842	R003	4	102530676	unique_+	chr4	101609519
rs7664171	R003	4	103547967	unique_+	chr4	102626810
rs2851335	R003	4	102859370	unique_+	chr4	101938213
rs11737366	R003	4	103095945	unique_+	chr4	102174788
rs145411819	R001	3	49264913	unique_+	chr3	49227480
rs141454019	R003	4	103848345	unique_+	chr4	102927188
rs118054882	R002	6	99663143	unique_+	chr6	99215267
rs142518761	R002	6	97857106	unique_+	chr6	97409230
rs9402207	R002	6	99271446	unique_+	chr6	98823570
rs4839711	R002	6	98072143	unique_+	chr6	97624267
rs75640984	R002	6	97786971	unique_+	chr6	97339095
rs62322693	R003	4	102877371	unique_+	chr4	101956214
rs59158319	R003	4	102529776	unique_+	chr4	101608619
rs9494463	R002	6	99891001	unique_+	chr6	99443125
rs145051640	R002	6	99509446	unique_+	chr6	99061570
rs111342593	R002	6	98018246	unique_+	chr6	97570370
rs115847114	R001	3	48270296	unique_+	chr3	48228806
rs72682950	R003	4	102450195	unique_+	chr4	101529038
rs4555918	R002	6	99910730	unique_+	chr6	99462854
rs4580657	R003	4	102568458	unique_+	chr4	101647301
rs7661718	R003	4	103091765	unique_+	chr4	102170608
rs148273155	R001	3	50209749	unique_+	chr3	50172316
rs114874754	R003	4	103153165	unique_+	chr4	102232008
rs181272417	R003	4	103160101	unique_+	chr4	102238944
rs72938547	R002	6	97805657	unique_+	chr6	97357781
rs145925235	R002	6	99915970	unique_+	chr6	99468094
rs114563188	R001	3	50833439	unique_+	chr3	50796008
rs144098024	R002	6	97753283	unique_+	chr6	97305407
rs186025890	R003	4	102512563	unique_+	chr4	101591406
rs140006810	R003	4	102643819	unique_+	chr4	101722662
rs13219146	R002	6	99717914	unique_+	chr6	99270038
rs139794135	R002	6	99666069	unique_+	chr6	99218193
rs4648143	R003	4	103537774	unique_+	chr4	102616617
rs185811709	R002	6	99422398	unique_+	chr6	98974522
rs12500743	R003	4	102767517	unique_+	chr4	101846360
rs71621629	R003	4	103828736	unique_+	chr4	102907579
rs188056443	R003	4	102910373	unique_+	chr4	101989216
rs144068678	R002	6	97788207	unique_+	chr6	97340331
rs184689941	R003	4	103798697	unique_+	chr4	102877540
rs55913938	R001	3	48289593	unique_+	chr3	48248103
rs72663177	R003	4	103835347	unique_+	chr4	102914190
rs67506948	R002	6	98195671	unique_+	chr6	97747795
rs145593909	R002	6	98963952	unique_+	chr6	98516076
rs72926732	R003	4	103264992	unique_+	chr4	102343835
rs182747820	R002	6	98062545	unique_+	chr6	97614669
rs115458738	R001	3	50471339	unique_+	chr3	50433908
rs7683854	R003	4	103530056	unique_+	chr4	102608899
rs187744584	R001	3	48412445	unique_+	chr3	48370955
rs150783924	R003	4	102412860	unique_+	chr4	101491703
rs4855865	R001	3	49747042	unique_+	chr3	49709609
rs112484342	R002	6	99905940	unique_+	chr6	99458064
rs112908035	R001	3	48419957	unique_+	chr3	48378467
rs187153581	R001	3	50820168	unique_+	chr3	50782737
rs72917081	R003	4	102694343	unique_+	chr4	101773186
rs147233171	R003	4	102470670	unique_+	chr4	101549513
rs34087325	R001	3	48462671	unique_+	chr3	48421262
rs186989815	R002	6	99722495	unique_+	chr6	99274619
rs191634911	R001	3	49400985	unique_+	chr3	49363552
rs6822845	R003	4	103669999	unique_+	chr4	102748842
rs114828765	R003	4	103675055	unique_+	chr4	102753898
rs183967944	R002	6	98707378	unique_+	chr6	98259502
rs114263230	R001	3	50325965	unique_+	chr3	50288534
rs142554288	R002	6	97732603	unique_+	chr6	97284727
rs187178492	R002	6	99616172	unique_+	chr6	99168296
rs17249850	R003	4	102551570	unique_+	chr4	101630413
rs181304331	R002	6	99900751	unique_+	chr6	99452875
rs60815298	R003	4	102279343	unique_+	chr4	101358186
rs190981785	R003	4	102306465	unique_+	chr4	101385308
rs114693518	R001	3	49964120	unique_+	chr3	49926687
rs139028602	R003	4	102451161	unique_+	chr4	101530004
rs186340053	R002	6	98417933	unique_+	chr6	97970057
rs147201615	R001	3	49178230	unique_+	chr3	49140797
rs34798641	R001	3	48759204	unique_+	chr3	48721771
rs189243525	R001	3	48473366	unique_+	chr3	48431956
rs114220140	R003	4	103687341	unique_+	chr4	102766184
rs55660515	R001	3	50553344	unique_+	chr3	50515913
rs71562343	R002	6	98170423	unique_+	chr6	97722547
rs4699219	R003	4	102380884	unique_+	chr4	101459727
rs72917390	R002	6	99794523	unique_+	chr6	99346647
rs72932769	R002	6	98377266	unique_+	chr6	97929390
rs6848060	R003	4	102308858	unique_+	chr4	101387701
rs77861649	R002	6	98134048	unique_+	chr6	97686172
rs9389378	R002	6	99903878	unique_+	chr6	99456002
rs35978636	R003	4	102751014	unique_+	chr4	101829857
rs9991946	R003	4	102456263	unique_+	chr4	101535106
rs115141458	R003	4	103763355	unique_+	chr4	102842198
rs112766088	R003	4	103001668	unique_+	chr4	102080511
rs4318652	R003	4	103666026	unique_+	chr4	102744869
rs1160073	R002	6	99687655	unique_+	chr6	99239779
rs17059001	R002	6	99441898	unique_+	chr6	98994022
rs151416	R003	4	103136012	unique_+	chr4	102214855
rs188711338	R003	4	103018723	unique_+	chr4	102097566
rs113180916	R003	4	102990165	unique_+	chr4	102069008
rs33988524	R002	6	99931406	unique_+	chr6	99483530
rs3755867	R003	4	103526674	unique_+	chr4	102605517
rs6912228	R002	6	99915179	unique_+	chr6	99467303
rs34992678	R003	4	103668899	unique_+	chr4	102747742
rs9817960	R001	3	48410774	unique_+	chr3	48369284
rs151413	R003	4	103137941	unique_+	chr4	102216784
rs2125213	R003	4	103411099	unique_+	chr4	102489942
rs75377711	R001	3	50872176	unique_+	chr3	50834745
rs13206487	R002	6	97947574	unique_+	chr6	97499698
rs4699031	R003	4	103526428	unique_+	chr4	102605271
rs72921005	R003	4	102727736	unique_+	chr4	101806579
rs11734042	R003	4	103107274	unique_+	chr4	102186117
rs17211702	R003	4	102977140	unique_+	chr4	102055983
rs9494500	R002	6	99902859	unique_+	chr6	99454983
rs80214011	R002	6	98778412	unique_+	chr6	98330536
rs62322612	R003	4	102247677	unique_+	chr4	101326520
rs72686790	R003	4	102951010	unique_+	chr4	102029853
rs62322191	R003	4	103099673	unique_+	chr4	102178516
rs117721900	R002	6	99734133	unique_+	chr6	99286257
rs113812127	R002	6	98036768	unique_+	chr6	97588892
rs2631252	R003	4	102857916	unique_+	chr4	101936759
rs148121922	R003	4	102444148	unique_+	chr4	101522991
rs141124417	R003	4	103677515	unique_+	chr4	102756358
rs62422349	R002	6	99196337	unique_+	chr6	98748461
rs192417072	R003	4	103614459	unique_+	chr4	102693302
rs17032850	R003	4	103507703	unique_+	chr4	102586546
rs6532982	R003	4	102927310	unique_+	chr4	102006153
rs12174071	R002	6	98204538	unique_+	chr6	97756662
rs72663158	R003	4	103688303	unique_+	chr4	102767146
rs6829718	R003	4	103876287	unique_+	chr4	102955130
rs9402798	R002	6	99904230	unique_+	chr6	99456354
rs77126358	R002	6	98035247	unique_+	chr6	97587371
rs77161137	R002	6	99449879	unique_+	chr6	99002003
rs189328	R003	4	103085133	unique_+	chr4	102163976
rs112672508	R002	6	98002897	unique_+	chr6	97555021
rs55746823	R003	4	102533037	unique_+	chr4	101611880
rs11726497	R003	4	102459983	unique_+	chr4	101538826
rs138265151	R003	4	102908571	unique_+	chr4	101987414
rs184448994	R002	6	98458509	unique_+	chr6	98010633
rs141322048	R003	4	102496207	unique_+	chr4	101575050
rs118104353	R002	6	98539718	unique_+	chr6	98091842
rs9481683	R002	6	97977012	unique_+	chr6	97529136
rs149702464	R001	3	50225898	unique_+	chr3	50188465
rs10428399	R003	4	103516347	unique_+	chr4	102595190
rs183909666	R001	3	50756931	unique_+	chr3	50719500
rs79815027	R002	6	99223965	unique_+	chr6	98776089
rs193090075	R002	6	99359276	unique_+	chr6	98911400
rs762705	R001	3	50313527	unique_+	chr3	50276096
rs147392906	R001	3	49181644	unique_+	chr3	49144211
rs61729217	R001	3	48463785	unique_+	chr3	48422376
rs7630353	R001	3	48461949	unique_+	chr3	48420540
rs57733052	R001	3	48421433	unique_+	chr3	48379943
rs72925236	R001	3	48481247	unique_+	chr3	48439837
rs188099069	R001	3	50026697	unique_+	chr3	49989264
rs191586659	R001	3	49828514	unique_+	chr3	49791081
rs113354655	R002	6	97882022	unique_+	chr6	97434146
rs187870340	R002	6	97797992	unique_+	chr6	97350116
rs139662848	R001	3	49405331	unique_+	chr3	49367898
rs147320108	R002	6	99328655	unique_+	chr6	98880779
rs73835510	R001	3	50532793	unique_+	chr3	50495362
rs111966124	R003	4	103676234	unique_+	chr4	102755077
rs190850481	R003	4	102925454	unique_+	chr4	102004297
rs183684034	R001	3	48405334	unique_+	chr3	48363844
rs73760093	R002	6	100005862	unique_+	chr6	99557986
rs181420147	R002	6	97806708	unique_+	chr6	97358832
rs184831006	R001	3	50207329	unique_+	chr3	50169896
rs142792205	R001	3	49994848	unique_+	chr3	49957415
rs144216760	R003	4	103712577	unique_+	chr4	102791420
rs142416604	R003	4	103782603	unique_+	chr4	102861446
rs185976989	R003	4	103654923	unique_+	chr4	102733766
rs140289297	R003	4	103512628	unique_+	chr4	102591471
rs7677366	R003	4	103646941	unique_+	chr4	102725784
rs190531584	R001	3	48903644	unique_+	chr3	48866211
rs78870714	R002	6	99128026	unique_+	chr6	98680150
rs193200267	R003	4	102232960	unique_+	chr4	101311803
rs149111310	R003	4	102550191	unique_+	chr4	101629034
rs140527756	R003	4	103726502	unique_+	chr4	102805345
rs2851316	R003	4	102825193	unique_+	chr4	101904036
rs72928353	R002	6	100000134	unique_+	chr6	99552258
rs11723001	R003	4	102870487	unique_+	chr4	101949330
rs9790601	R003	4	103529963	unique_+	chr4	102608806
rs79802124	R001	3	50952934	unique_+	chr3	50915503
rs79225975	R003	4	102866347	unique_+	chr4	101945190
rs57363011	R003	4	103100016	unique_+	chr4	102178859
rs4599650	R002	6	99268096	unique_+	chr6	98820220
rs7661775	R003	4	102525045	unique_+	chr4	101603888
rs7692606	R003	4	103509681	unique_+	chr4	102588524
rs10223892	R002	6	99973893	unique_+	chr6	99526017
rs2008302	R002	6	99798204	unique_+	chr6	99350328
rs17053610	R002	6	99765784	unique_+	chr6	99317908
rs182944099	R001	3	49528973	unique_+	chr3	49491540
rs76944300	R002	6	98085694	unique_+	chr6	97637818
rs116108034	R001	3	50615472	unique_+	chr3	50578041
rs4648045	R003	4	103508703	unique_+	chr4	102587546
rs55986143	R002	6	98327306	unique_+	chr6	97879430
rs77606020	R001	3	48655453	unique_+	chr3	48618020
rs236777	R003	4	103086297	unique_+	chr4	102165140
rs77635039	R002	6	97836882	unique_+	chr6	97389006
rs79971493	R002	6	99933105	unique_+	chr6	99485229
rs236779	R003	4	103086048	unique_+	chr4	102164891
rs1872701	R003	4	102953681	unique_+	chr4	102032524
rs188024255	R001	3	50304897	unique_+	chr3	50267465
rs3774959	R003	4	103511114	unique_+	chr4	102589957
rs72926600	R003	4	102535290	unique_+	chr4	101614133
rs6912574	R002	6	99708763	unique_+	chr6	99260887
rs112689156	R003	4	102534437	unique_+	chr4	101613280
rs17057664	R002	6	97757175	unique_+	chr6	97309299
rs111393307	R002	6	98028237	unique_+	chr6	97580361
rs1906081	R003	4	102953883	unique_+	chr4	102032726
rs118012093	R002	6	97765416	unique_+	chr6	97317540
rs140399704	R001	3	49320690	unique_+	chr3	49283257
rs114033049	R003	4	103039407	unique_+	chr4	102118250
rs72923030	R002	6	98091323	unique_+	chr6	97643447
rs183137822	R003	4	103852112	unique_+	chr4	102930955
rs9402595	R002	6	99714727	unique_+	chr6	99266851
rs73496139	R002	6	98209921	unique_+	chr6	97762045
rs6532979	R003	4	102834387	unique_+	chr4	101913230
rs4613830	R002	6	99904975	unique_+	chr6	99457099
rs4698867	R003	4	103882206	unique_+	chr4	102961049
rs9400772	R002	6	97769939	unique_+	chr6	97322063
rs2631262	R003	4	102943144	unique_+	chr4	102021987
rs28730980	R003	4	102957309	unique_+	chr4	102036152
rs35916449	R003	4	102736617	unique_+	chr4	101815460
rs3857198	R003	4	103878877	unique_+	chr4	102957720
rs79780808	R001	3	49178922	unique_+	chr3	49141489
rs187546144	R001	3	49619288	unique_+	chr3	49581855
rs148813323	R001	3	50409659	unique_+	chr3	50372228
rs184889116	R003	4	103712297	unique_+	chr4	102791140
rs9389171	R002	6	99714211	unique_+	chr6	99266335
rs12193170	R002	6	99908010	unique_+	chr6	99460134
rs116445911	R003	4	103370526	unique_+	chr4	102449369
rs184829208	R003	4	103816823	unique_+	chr4	102895666
rs112631897	R002	6	98123407	unique_+	chr6	97675531
rs145094191	R002	6	97776944	unique_+	chr6	97329068
rs6821173	R003	4	103887561	unique_+	chr4	102966404
rs1801	R003	4	103501054	unique_+	chr4	102579897
rs1494781	R002	6	98934974	unique_+	chr6	98487098
rs17815198	R002	6	98653196	unique_+	chr6	98205320
rs111746627	R002	6	98123706	unique_+	chr6	97675830
rs57595522	R003	4	102532933	unique_+	chr4	101611776
rs7697171	R003	4	103885504	unique_+	chr4	102964347
rs114649558	R003	4	102788800	unique_+	chr4	101867643
rs189308459	R001	3	50783774	unique_+	chr3	50746343
rs116272535	R003	4	102396933	unique_+	chr4	101475776
rs142425681	R002	6	100021067	unique_+	chr6	99573191
rs116330010	R003	4	103346691	unique_+	chr4	102425534
rs143277016	R002	6	99226400	unique_+	chr6	98778524
rs183257460	R002	6	99964254	unique_+	chr6	99516378
rs116280616	R003	4	102610949	unique_+	chr4	101689792
rs72928454	R002	6	98973805	unique_+	chr6	98525929
rs113061003	R002	6	99788164	unique_+	chr6	99340288
rs192681817	R001	3	48721888	unique_+	chr3	48684455
rs150069442	R002	6	99925261	unique_+	chr6	99477385
rs76189601	R001	3	48106004	unique_+	chr3	48064514
rs117153318	R002	6	98177976	unique_+	chr6	97730100
rs183967712	R003	4	103056279	unique_+	chr4	102135122
rs9387644	R002	6	98204209	unique_+	chr6	97756333
rs141479579	R001	3	49827865	unique_+	chr3	49790432
rs139564570	R001	3	49785440	unique_+	chr3	49748007
rs139065246	R003	4	102783296	unique_+	chr4	101862139
rs9385366	R002	6	98795707	unique_+	chr6	98347831
rs56115355	R003	4	103400036	unique_+	chr4	102478879
rs189780489	R003	4	102298749	unique_+	chr4	101377592
rs115211468	R003	4	102307194	unique_+	chr4	101386037
rs56685263	R003	4	102349405	unique_+	chr4	101428248
rs148645537	R003	4	102357061	unique_+	chr4	101435904
rs139978109	R003	4	102775430	unique_+	chr4	101854273
rs142975821	R002	6	99287867	unique_+	chr6	98839991
rs41304862	R001	3	50491704	unique_+	chr3	50454273
rs184887044	R002	6	97733692	unique_+	chr6	97285816
rs181263797	R001	3	49896416	unique_+	chr3	49858983
rs72610803	R002	6	99428694	unique_+	chr6	98980818
rs76719501	R003	4	103524682	unique_+	chr4	102603525
rs74750866	R002	6	99050695	unique_+	chr6	98602819
rs150155082	R001	3	49526283	unique_+	chr3	49488850
rs148045938	R003	4	102330747	unique_+	chr4	101409590
rs183223401	R003	4	103862340	unique_+	chr4	102941183
rs34685953	R003	4	103818007	unique_+	chr4	102896850
rs184332359	R001	3	49243931	unique_+	chr3	49206498
rs150519645	R001	3	49680773	unique_+	chr3	49643340
rs181382857	R001	3	50883385	unique_+	chr3	50845954
rs17033248	R003	4	103683126	unique_+	chr4	102761969
rs72937884	R003	4	103682984	unique_+	chr4	102761827
rs188270177	R002	6	98226689	unique_+	chr6	97778813
rs236775	R003	4	103087298	unique_+	chr4	102166141
rs6918734	R002	6	99715132	unique_+	chr6	99267256
rs183854419	R002	6	98007683	unique_+	chr6	97559807
rs75245666	R003	4	102875454	unique_+	chr4	101954297
rs142636099	R003	4	103716126	unique_+	chr4	102794969
rs116698557	R003	4	103463712	unique_+	chr4	102542555
rs147307214	R001	3	50328891	unique_+	chr3	50291460
rs17059400	R002	6	99782879	unique_+	chr6	99335003
rs184686135	R002	6	99130938	unique_+	chr6	98683062
rs117361438	R002	6	98981578	unique_+	chr6	98533702
rs75225498	R001	3	48267414	unique_+	chr3	48225924
rs28625873	R002	6	97894592	unique_+	chr6	97446716
rs7670008	R003	4	103675586	unique_+	chr4	102754429
rs147725436	R001	3	50108192	unique_+	chr3	50070759
rs34955587	R002	6	99960153	unique_+	chr6	99512277
rs189459739	R003	4	102654228	unique_+	chr4	101733071
rs75315839	R002	6	99658527	unique_+	chr6	99210651
rs10457650	R002	6	99916182	unique_+	chr6	99468306
rs72941494	R002	6	99512535	unique_+	chr6	99064659
rs768290	R003	4	102635952	unique_+	chr4	101714795
rs114614876	R001	3	50519490	unique_+	chr3	50482059
rs151414	R003	4	103137879	unique_+	chr4	102216722
rs62422129	R002	6	98023690	unique_+	chr6	97575814
rs146498672	R003	4	102303456	unique_+	chr4	101382299
rs78613475	R002	6	98133360	unique_+	chr6	97685484
rs143264059	R002	6	98036741	unique_+	chr6	97588865
rs76000034	R001	3	48972279	unique_+	chr3	48934846
rs62322198	R003	4	103102027	unique_+	chr4	102180870
rs7663876	R003	4	103887331	unique_+	chr4	102966174
rs17057687	R002	6	97771963	unique_+	chr6	97324087
rs74361430	R001	3	49317323	unique_+	chr3	49279890
rs7651161	R001	3	48333546	unique_+	chr3	48292056
rs7760472	R002	6	99907446	unique_+	chr6	99459570
rs4699223	R003	4	102450930	unique_+	chr4	101529773
rs115053213	R003	4	102752565	unique_+	chr4	101831408
rs145200979	R003	4	103111417	unique_+	chr4	102190260
rs4699039	R003	4	103879511	unique_+	chr4	102958354
rs186584088	R003	4	103881963	unique_+	chr4	102960806
rs34484133	R001	3	50334481	unique_+	chr3	50297050
rs11736322	R003	4	103109267	unique_+	chr4	102188110
rs139055819	R002	6	99834162	unique_+	chr6	99386286
rs139056392	R003	4	103103103	unique_+	chr4	102181946
rs223498	R003	4	103651962	unique_+	chr4	102730805
rs4077237	R002	6	99808532	unique_+	chr6	99360656
rs151417	R003	4	103135867	unique_+	chr4	102214710
rs7667496	R003	4	103509455	unique_+	chr4	102588298
rs9483289	R002	6	99422470	unique_+	chr6	98974594
rs72938559	R002	6	97815832	unique_+	chr6	97367956
rs62322199	R003	4	103104182	unique_+	chr4	102183025
rs190162339	R001	3	48245952	unique_+	chr3	48204462
rs192347920	R002	6	99639690	unique_+	chr6	99191814
rs138916184	R001	3	50645081	unique_+	chr3	50607650
rs182035138	R002	6	99104694	unique_+	chr6	98656818
rs183260608	R003	4	102880501	unique_+	chr4	101959344
rs183528330	R003	4	103111578	unique_+	chr4	102190421
rs148034082	R001	3	49751230	unique_+	chr3	49713797
rs146411130	R001	3	50168879	unique_+	chr3	50131446
rs181208258	R003	4	102346222	unique_+	chr4	101425065
rs138652061	R003	4	103577258	unique_+	chr4	102656101
rs181794938	R003	4	103735131	unique_+	chr4	102813974
rs191649536	R002	6	99792149	unique_+	chr6	99344273
rs3731536	R001	3	48210678	unique_+	chr3	48169188
rs35492386	R003	4	102316196	unique_+	chr4	101395039
rs189557408	R003	4	102533317	unique_+	chr4	101612160
rs151315211	R002	6	97979889	unique_+	chr6	97532013
rs141379694	R002	6	99670726	unique_+	chr6	99222850
rs146049452	R001	3	48652476	unique_+	chr3	48615043
rs151142171	R003	4	103148426	unique_+	chr4	102227269
rs188068862	R003	4	103837533	unique_+	chr4	102916376
rs140831833	R002	6	98964109	unique_+	chr6	98516233
rs80012188	R002	6	98936330	unique_+	chr6	98488454
rs188039553	R001	3	50472886	unique_+	chr3	50435455
rs112763556	R003	4	103678267	unique_+	chr4	102757110
rs145618652	R002	6	98549641	unique_+	chr6	98101765
rs140505169	R003	4	103324144	unique_+	chr4	102402987
rs188117169	R001	3	50594202	unique_+	chr3	50556771
rs147490476	R001	3	50031697	unique_+	chr3	49994264
rs182463480	R002	6	98593371	unique_+	chr6	98145495
rs142172534	R003	4	102933601	unique_+	chr4	102012444
rs62322203	R003	4	103108263	unique_+	chr4	102187106
rs79149734	R001	3	50002541	unique_+	chr3	49965108
rs79082109	R003	4	102531560	unique_+	chr4	101610403
rs2112139	R003	4	102883425	unique_+	chr4	101962268
rs76472635	R002	6	98979585	unique_+	chr6	98531709
rs6570079	R002	6	99909732	unique_+	chr6	99461856
rs34382606	R001	3	50253725	unique_+	chr3	50216293
rs72941493	R002	6	99512072	unique_+	chr6	99064196
rs3817685	R003	4	103534560	unique_+	chr4	102613403
rs74698482	R002	6	98001933	unique_+	chr6	97554057
rs139291225	R003	4	102935686	unique_+	chr4	102014529
rs111360180	R003	4	102992663	unique_+	chr4	102071506
rs145938270	R002	6	99836653	unique_+	chr6	99388777
rs13194648	R002	6	99804157	unique_+	chr6	99356281
rs964504	R003	4	103349049	unique_+	chr4	102427892
rs4596243	R003	4	103885568	unique_+	chr4	102964411
rs181213063	R002	6	98467923	unique_+	chr6	98020047
rs13218714	R002	6	99811397	unique_+	chr6	99363521
rs114814755	R001	3	49250266	unique_+	chr3	49212833
rs36112847	R002	6	99147434	unique_+	chr6	98699558
rs11963108	R002	6	99793615	unique_+	chr6	99345739
rs3774963	R003	4	103519365	unique_+	chr4	102598208
rs3774957	R003	4	103509025	unique_+	chr4	102587868
rs111372425	R002	6	98025159	unique_+	chr6	97577283
rs6924761	R002	6	99140492	unique_+	chr6	98692616
rs78440527	R003	4	102786047	unique_+	chr4	101864890
rs3731516	R001	3	48216926	unique_+	chr3	48175436
rs56259049	R002	6	99793129	unique_+	chr6	99345253
rs145794619	R002	6	97767374	unique_+	chr6	97319498
rs114848708	R003	4	102971687	unique_+	chr4	102050530
rs11727778	R003	4	102422222	unique_+	chr4	101501065
rs112128190	R003	4	103676853	unique_+	chr4	102755696
rs7697868	R003	4	102629168	unique_+	chr4	101708011
rs189967580	R003	4	103880365	unique_+	chr4	102959208
rs72922456	R003	4	102458585	unique_+	chr4	101537428
rs116278158	R003	4	103436568	unique_+	chr4	102515411
rs146920089	R001	3	50309416	unique_+	chr3	50271985
rs6932460	R002	6	99963776	unique_+	chr6	99515900
rs72938533	R002	6	97792711	unique_+	chr6	97344835
rs747559	R003	4	103414175	unique_+	chr4	102493018
rs3731505	R001	3	48223007	unique_+	chr3	48181517
rs111726695	R002	6	98017265	unique_+	chr6	97569389
rs12210173	R002	6	97806603	unique_+	chr6	97358727
rs113456172	R002	6	99091310	unique_+	chr6	98643434
rs6844449	R003	4	102936592	unique_+	chr4	102015435
rs75855810	R003	4	102561954	unique_+	chr4	101640797
rs1598859	R003	4	103506444	unique_+	chr4	102585287
rs76815705	R001	3	48716537	unique_+	chr3	48679104
rs80251073	R003	4	103095312	unique_+	chr4	102174155
rs79017837	R003	4	102749008	unique_+	chr4	101827851
rs147123168	R003	4	103317452	unique_+	chr4	102396295
rs143976218	R002	6	99225507	unique_+	chr6	98777631
rs185462186	R002	6	97971822	unique_+	chr6	97523946
rs7766703	R002	6	97747564	unique_+	chr6	97299688
rs143543276	R001	3	50624273	unique_+	chr3	50586842
rs192977815	R003	4	102701301	unique_+	chr4	101780144
rs149434141	R002	6	99298729	unique_+	chr6	98850853
rs145442601	R001	3	50584019	unique_+	chr3	50546588
rs188937106	R003	4	103233482	unique_+	chr4	102312325
rs142096747	R002	6	99991508	unique_+	chr6	99543632
rs183194160	R002	6	98966049	unique_+	chr6	98518173
rs146731403	R003	4	103226455	unique_+	chr4	102305298
rs147059218	R002	6	97813997	unique_+	chr6	97366121
rs188803289	R001	3	50847980	unique_+	chr3	50810549
rs77105890	R003	4	103390671	unique_+	chr4	102469514
rs10000979	R003	4	102906042	unique_+	chr4	101984885
rs150441105	R002	6	99077385	unique_+	chr6	98629509
rs140810388	R002	6	99597399	unique_+	chr6	99149523
rs192998207	R002	6	98750076	unique_+	chr6	98302200
rs150134823	R003	4	103751130	unique_+	chr4	102829973
rs185580322	R002	6	99375756	unique_+	chr6	98927880
rs182458893	R001	3	49795611	unique_+	chr3	49758178
rs191725860	R003	4	102234361	unique_+	chr4	101313204
rs184043275	R003	4	102241802	unique_+	chr4	101320645
rs61622908	R001	3	48443472	unique_+	chr3	48402065
rs12648696	R003	4	103546896	unique_+	chr4	102625739
rs145381632	R003	4	103562590	unique_+	chr4	102641433
rs184705247	R002	6	99021104	unique_+	chr6	98573228
rs189765515	R003	4	103083993	unique_+	chr4	102162836
rs184593630	R002	6	99617269	unique_+	chr6	99169393
rs73834293	R003	4	102696773	unique_+	chr4	101775616
rs189219951	R001	3	50828733	unique_+	chr3	50791302
rs12526067	R002	6	98199602	unique_+	chr6	97751726
rs140402902	R002	6	98392124	unique_+	chr6	97944248
rs189447159	R002	6	99698408	unique_+	chr6	99250532
rs141748411	R002	6	98365470	unique_+	chr6	97917594
rs76234930	R002	6	99582496	unique_+	chr6	99134620
rs149179393	R002	6	98544735	unique_+	chr6	98096859
rs140925581	R003	4	103310638	unique_+	chr4	102389481
rs113340196	R003	4	103819830	unique_+	chr4	102898673
rs17751516	R002	6	97987029	unique_+	chr6	97539153
rs9399180	R002	6	99886008	unique_+	chr6	99438132
rs12054052	R001	3	50188654	unique_+	chr3	50151221
rs190190714	R001	3	48329795	unique_+	chr3	48288305
rs115255230	R001	3	50438210	unique_+	chr3	50400779
rs150158270	R001	3	50447476	unique_+	chr3	50410045
rs116149309	R001	3	48640932	unique_+	chr3	48603499
rs145533378	R003	4	102546006	unique_+	chr4	101624849
rs183407786	R002	6	98220870	unique_+	chr6	97772994
rs11947063	R003	4	102544660	unique_+	chr4	101623503
rs80327365	R003	4	102535484	unique_+	chr4	101614327
rs183136461	R002	6	98839652	unique_+	chr6	98391776
rs28584736	R003	4	102854155	unique_+	chr4	101932998
rs114183302	R001	3	49012104	unique_+	chr3	48974671
rs3857199	R003	4	103879148	unique_+	chr4	102957991
rs113486360	R003	4	102989329	unique_+	chr4	102068172
rs113218472	R003	4	103637334	unique_+	chr4	102716177
rs142592088	R003	4	103403494	unique_+	chr4	102482337
rs6856885	R003	4	103105732	unique_+	chr4	102184575
rs115666123	R003	4	103363003	unique_+	chr4	102441846
rs12509403	R003	4	103525350	unique_+	chr4	102604193
rs76422963	R003	4	102836514	unique_+	chr4	101915357
rs1474723	R002	6	99780492	unique_+	chr6	99332616
rs115088691	R001	3	49221518	unique_+	chr3	49184085
rs77002140	R003	4	103383843	unique_+	chr4	102462686
rs72943207	R002	6	99522316	unique_+	chr6	99074440
rs11723120	R003	4	103502551	unique_+	chr4	102581394
rs6811263	R003	4	103415813	unique_+	chr4	102494656
rs11934799	R003	4	103096956	unique_+	chr4	102175799
rs28818543	R002	6	97775947	unique_+	chr6	97328071
rs189256981	R003	4	102987660	unique_+	chr4	102066503
rs71583822	R001	3	50290755	unique_+	chr3	50253323
rs2503774	R002	6	98522099	unique_+	chr6	98074223
rs62422352	R002	6	99212716	unique_+	chr6	98764840
rs145842351	R003	4	103103237	unique_+	chr4	102182080
rs143432149	R002	6	99276942	unique_+	chr6	98829066
rs41304866	R001	3	50402263	unique_+	chr3	50364832
rs144101584	R003	4	102615863	unique_+	chr4	101694706
rs76028734	R002	6	98262706	unique_+	chr6	97814830
rs58355302	R003	4	102535871	unique_+	chr4	101614714
rs146676410	R003	4	103056430	unique_+	chr4	102135273
rs10024473	R003	4	103404302	unique_+	chr4	102483145
rs73836513	R003	4	103081950	unique_+	chr4	102160793
rs58051645	R003	4	102532140	unique_+	chr4	101610983
rs79734401	R003	4	102702811	unique_+	chr4	101781654
rs13148354	R003	4	102632795	unique_+	chr4	101711638
rs141668974	R003	4	102258812	unique_+	chr4	101337655
rs67236825	R003	4	103783049	unique_+	chr4	102861892
rs4077236	R002	6	99808347	unique_+	chr6	99360471
rs115266946	R003	4	102773979	unique_+	chr4	101852822
rs189601630	R001	3	48293785	unique_+	chr3	48252295
rs75443976	R002	6	99349249	unique_+	chr6	98901373
rs191073823	R002	6	99173920	unique_+	chr6	98726044
rs1809578	R003	4	102852575	unique_+	chr4	101931418
rs142970251	R002	6	98433941	unique_+	chr6	97986065
rs59979601	R003	4	102535869	unique_+	chr4	101614712
rs11716295	R001	3	50270165	unique_+	chr3	50232733
rs3774967	R003	4	103525931	unique_+	chr4	102604774
rs117768935	R002	6	98958994	unique_+	chr6	98511118
rs11726967	R003	4	103097766	unique_+	chr4	102176609
rs10014230	R003	4	102456068	unique_+	chr4	101534911
rs74673504	R003	4	103013750	unique_+	chr4	102092593
rs2631274	R003	4	102899325	unique_+	chr4	101978168
rs111686697	R003	4	103678338	unique_+	chr4	102757181
rs55928512	R002	6	98487682	unique_+	chr6	98039806
rs72937853	R003	4	103671679	unique_+	chr4	102750522
rs113398855	R001	3	48149917	unique_+	chr3	48108427
rs13092720	R001	3	48700730	unique_+	chr3	48663297
rs190349873	R001	3	50730666	unique_+	chr3	50693235
rs192176988	R003	4	102427495	unique_+	chr4	101506338
rs191325945	R001	3	50251313	unique_+	chr3	50213880
rs192987467	R003	4	102418964	unique_+	chr4	101497807
rs7684888	R003	4	103524331	unique_+	chr4	102603174
rs148166741	R002	6	98535121	unique_+	chr6	98087245
rs35333669	R001	3	50596235	unique_+	chr3	50558804
rs148253600	R001	3	48662461	unique_+	chr3	48625028
rs113542974	R002	6	99342463	unique_+	chr6	98894587
rs144011487	R002	6	99351530	unique_+	chr6	98903654
rs41290710	R001	3	49701959	unique_+	chr3	49664526
rs6912051	R002	6	97973534	unique_+	chr6	97525658
rs17032740	R003	4	103444779	unique_+	chr4	102523622
rs182244001	R001	3	48101184	unique_+	chr3	48059694
rs186392767	R002	6	99065286	unique_+	chr6	98617410
rs189634267	R002	6	99293084	unique_+	chr6	98845208
rs191147503	R003	4	103462581	unique_+	chr4	102541424
rs189650457	R003	4	102293797	unique_+	chr4	101372640
rs140543030	R001	3	50392727	unique_+	chr3	50355296
rs142112686	R001	3	49192463	unique_+	chr3	49155030
rs139699291	R002	6	99288267	unique_+	chr6	98840391
rs143092606	R001	3	48984457	unique_+	chr3	48947024
rs189492954	R001	3	49521560	unique_+	chr3	49484127
rs183369406	R003	4	103223572	unique_+	chr4	102302415
rs4858794	R001	3	48490193	unique_+	chr3	48448788
rs113611701	R001	3	48211024	unique_+	chr3	48169534
rs9761999	R003	4	103826028	unique_+	chr4	102904871
rs139759632	R003	4	103821904	unique_+	chr4	102900747
rs41290718	R001	3	49720357	unique_+	chr3	49682924
rs141466076	R001	3	48443990	unique_+	chr3	48402583
rs145219089	R002	6	99172792	unique_+	chr6	98724916
rs146699924	R002	6	99618457	unique_+	chr6	99170581
rs138563441	R002	6	98698173	unique_+	chr6	98250297
rs184912611	R001	3	50919158	unique_+	chr3	50881727
rs73833758	R003	4	102340395	unique_+	chr4	101419238
rs191362697	R001	3	50453122	unique_+	chr3	50415691
rs72925213	R001	3	48452555	unique_+	chr3	48411146
rs56744658	R001	3	48452751	unique_+	chr3	48411342
rs727085	R003	4	102881506	unique_+	chr4	101960349
rs6797587	R001	3	48197614	unique_+	chr3	48156124
rs79521812	R002	6	97772793	unique_+	chr6	97324917
rs17031579	R003	4	102653748	unique_+	chr4	101732591
rs4699252	R003	4	102651964	unique_+	chr4	101730807
rs184151268	R003	4	102815795	unique_+	chr4	101894638
rs148234802	R001	3	49991647	unique_+	chr3	49954214
rs4698861	R003	4	103545487	unique_+	chr4	102624330
rs6815540	R003	4	103881079	unique_+	chr4	102959922
rs115437298	R001	3	49511469	unique_+	chr3	49474036
rs11752745	R002	6	98678582	unique_+	chr6	98230706
rs1421625	R003	4	102853792	unique_+	chr4	101932635
rs57726349	R003	4	102534194	unique_+	chr4	101613037
rs114162812	R003	4	103315927	unique_+	chr4	102394770
rs72926555	R003	4	102526283	unique_+	chr4	101605126
rs4550926	R003	4	102983720	unique_+	chr4	102062563
rs59980867	R002	6	97769411	unique_+	chr6	97321535
rs146897491	R001	3	50876989	unique_+	chr3	50839558
rs78734122	R002	6	98347312	unique_+	chr6	97899436
rs6833745	R003	4	103415822	unique_+	chr4	102494665
rs112405670	R002	6	98046173	unique_+	chr6	97598297
rs2851337	R003	4	102855241	unique_+	chr4	101934084
rs57247950	R003	4	103106178	unique_+	chr4	102185021
rs12203984	R002	6	97869143	unique_+	chr6	97421267
rs5028609	R003	4	103880451	unique_+	chr4	102959294
rs62327252	R003	4	103668397	unique_+	chr4	102747240
rs149890375	R001	3	49328016	unique_+	chr3	49290583
rs143543951	R003	4	102262472	unique_+	chr4	101341315
rs10516491	R003	4	102952866	unique_+	chr4	102031709
rs2168805	R003	4	103411034	unique_+	chr4	102489877
rs72923076	R002	6	98116781	unique_+	chr6	97668905
rs146287659	R002	6	99744936	unique_+	chr6	99297060
rs13133203	R003	4	102627108	unique_+	chr4	101705951
rs4648058	R003	4	103515591	unique_+	chr4	102594434
rs181984632	R001	3	50080187	unique_+	chr3	50042754
rs182607778	R002	6	99178502	unique_+	chr6	98730626
rs142550625	R001	3	50276357	unique_+	chr3	50238925
rs116767419	R003	4	103188478	unique_+	chr4	102267321
rs10021017	R003	4	103406448	unique_+	chr4	102485291
rs138034197	R002	6	98030521	unique_+	chr6	97582645
rs11097787	R003	4	103407342	unique_+	chr4	102486185
rs55962387	R002	6	99793227	unique_+	chr6	99345351
rs113395521	R003	4	102535462	unique_+	chr4	101614305
rs67397999	R002	6	98490287	unique_+	chr6	98042411
rs79909634	R003	4	102732433	unique_+	chr4	101811276
rs144629977	R003	4	102534418	unique_+	chr4	101613261
rs118102801	R002	6	98945318	unique_+	chr6	98497442
rs73496141	R002	6	98211035	unique_+	chr6	97763159
rs12174700	R002	6	98204238	unique_+	chr6	97756362
rs236774	R003	4	103087990	unique_+	chr4	102166833
rs918363	R003	4	102852939	unique_+	chr4	101931782
rs59123962	R003	4	103512451	unique_+	chr4	102591294
rs62258671	R001	3	50855518	unique_+	chr3	50818087
rs72941502	R002	6	99518860	unique_+	chr6	99070984
rs142641821	R001	3	50473861	unique_+	chr3	50436430
rs142628756	R003	4	102339481	unique_+	chr4	101418324
rs35703936	R001	3	48385557	unique_+	chr3	48344067
rs11736681	R003	4	103069256	unique_+	chr4	102148099
rs62432322	R002	6	99972315	unique_+	chr6	99524439
rs142171159	R001	3	50365232	unique_+	chr3	50327801
rs223497	R003	4	103653976	unique_+	chr4	102732819
rs72686802	R003	4	102975303	unique_+	chr4	102054146
rs76602032	R003	4	103269829	unique_+	chr4	102348672
rs150606898	R002	6	99287932	unique_+	chr6	98840056
rs72935593	R003	4	103837201	unique_+	chr4	102916044
rs4648068	R003	4	103518305	unique_+	chr4	102597148
rs188318262	R003	4	102282611	unique_+	chr4	101361454
rs147456535	R003	4	102611852	unique_+	chr4	101690695
rs185036061	R003	4	103219139	unique_+	chr4	102297982
rs148743594	R003	4	103314863	unique_+	chr4	102393706
rs138384155	R002	6	99285586	unique_+	chr6	98837710
rs144627325	R002	6	99925484	unique_+	chr6	99477608
rs150550092	R001	3	49644569	unique_+	chr3	49607136
rs73760087	R002	6	99976503	unique_+	chr6	99528627
rs138070158	R003	4	102917371	unique_+	chr4	101996214
rs189447793	R001	3	49781989	unique_+	chr3	49744556
rs114622176	R001	3	49400424	unique_+	chr3	49362991
rs181257407	R003	4	103051157	unique_+	chr4	102130000
rs187875569	R001	3	49994317	unique_+	chr3	49956884
rs141032731	R003	4	102238043	unique_+	chr4	101316886
rs188346932	R001	3	49267043	unique_+	chr3	49229610
