evidence_rank	gene_id	symbol	association_rank	region_id	body_lead_snp	body_min_p	gene_bonferroni_p	across_gene_bonferroni_p	gene_length_bp	snp_count	locus_alternative_count	locus_alternatives	unknome_knownness	unknome_rank	knownness_provenance	pharos_tdl	human_pubmed_count	hgnc_mapping	body_lead_r2_to_region_lead	adult_brain_qtl_shared_variants	adult_brain_qtl_lead_covered	single_signal_coloc_H4_min	single_signal_coloc_H4_max	lead_variant_consequences	locus_assignment	developmental_vs_adult	adult_brain_max_ntpm	adult_brain_max_tissue	perturbation_coverage	perturbation_readout	savage_overlapping_magma_p	savage_mapping	rare_direct_qc_hit	independent_replication_established	data_dependencies	specific_disconfirming_observation	status
1	ENSG00000183763	TRAIP	1	R001	rs2352974	5.19e-29	2.6469e-27	5.00608197e-23	27974	51	145	MAP4;RPS27P30;RN7SL664P;RPL17P16;CDC25A;SNRPFP4;RNU7-128P;NDUFB1P1;MIR4443;CAMP;ZNF589;MRPS18AP1;Y_RNA;FCF1P2;NME6;SPINK8;MIR2115;FBXW12;RN7SL321P;PLXNB1;CCDC51;TMA7;RP11-24C3.2;ATRIP;TREX1;SHISA5;AC104448.1;PFKFB4;UCN2;COL7A1;MIR711;UQCRC1;TMEM89;SLC26A6;CELSR3;MIR4793;LINC02585;NCKIPSD;RP11-572O6.1;IP6K2;PRKAR2A;PRKAR2A-AS1;SLC25A20;ARIH2OS;ARIH2;RP13-131K19.1;RP13-131K19.2;RP13-131K19.7;P4HTM;WDR6;DALRD3;MIR425;NDUFAF3;MIR191;IMPDH2;RP13-131K19.6;QRICH1;RN7SL182P;QARS1;USP19;LAMB2;LAMB2P1;CCDC71;KLHDC8B;CIMIP7;IHO1;GCSHP6;RP11-3B7.1;C3orf62;Y_RNA;MIR4271;USP4;GPX1;RHOA;RHOA-IT1;TCTA;AMT;NICN1-AS1;NICN1;RNA5SP130;DAG1;BSN-DT;BSN;BSN-AS1;APEH;MST1;AC099668.5;RNF123;AMIGO3;GMPPB;IP6K1;COX6CP14;PHF5AP3;CDHR4;INKA1;UBA7;MIR5193;AC139451.1;CAMKV;RN7SL217P;ACTL11P;MST1R;CTD-2330K9.2;CTD-2330K9.3;MON1A;RBM6;RBM5;SEMA3F-AS1;SEMA3F;MIR566;GNAT1;SLC38A3;GNAI2;U73169.1;LINC03143;SEMA3B-AS1;SEMA3B;LSMEM2;IFRD2;HYAL3;NAA80;HYAL1;HYAL2;TUSC2;RASSF1;ZMYND10-AS1;ZMYND10;NPRL2;CYB561D2;XXcos-LUCA11.5;TMEM115;CACNA2D2;XXcos-LUCA11.4;RNA5SP131;C3orf18;HEMK1;CISH;MAPKAPK3;LINC02019;MIR4787;DOCK3;PPIAP69;RP11-646D13.1;ZNF652P1;ST13P14	9.4	15426	Unknome 18_Mar_2026; maximum over uniquely HGNC-mapped proteins; derived/knownness-ranks.tsv	Tbio	67	unique	1.0	2094	True	0.04291289729893521	0.9159661340943617	intron_variant;intron_variant;NMD_transcript_variant;intron_variant;non_coding_transcript_variant	unresolved competing genes; gene-body association is not causal assignment	Lifelong developmental, systemic and adult explanations remain. Adult tissue expression observed (basal ganglia); timing not identified.	6.0	basal ganglia	not established; target mapping/primary phenotype table unavailable	Tian 2019 iPSC-derived glutamatergic neuron survival D14/D21/D28; CROP-seq D7 transcription; not cognitive performance or mature adult physiology	3.7642e-25	positional;chromatin	False	False	Lee CP GCST006572 + GENCODE v19; HGNC/Unknome/Pharos/HPA separate annotations; EUR LD + GTEx DLPFC/Catalogue + chain/VEP + Tian guide coverage pilot; Savage/Genebass overlap; EA excluded	Independent ancestry-matched fine-mapping excludes rs2352974 and assigns a different variant/gene (e.g. MAP4, RPS27P30, RN7SL664P); adult-specific perturbation in the implicated cell type has no predicted functional effect despite verified engagement. Shared-signal evidence disappears on multiple-signal conditioning or complete variant coverage.	association hypothesis only; not an enhancement target
2	ENSG00000187492	CDHR4	2	R001	rs6802890	1.43e-27	3.289e-26	6.2204857e-22	9104	23	145	MAP4;RPS27P30;RN7SL664P;RPL17P16;CDC25A;SNRPFP4;RNU7-128P;NDUFB1P1;MIR4443;CAMP;ZNF589;MRPS18AP1;Y_RNA;FCF1P2;NME6;SPINK8;MIR2115;FBXW12;RN7SL321P;PLXNB1;CCDC51;TMA7;RP11-24C3.2;ATRIP;TREX1;SHISA5;AC104448.1;PFKFB4;UCN2;COL7A1;MIR711;UQCRC1;TMEM89;SLC26A6;CELSR3;MIR4793;LINC02585;NCKIPSD;RP11-572O6.1;IP6K2;PRKAR2A;PRKAR2A-AS1;SLC25A20;ARIH2OS;ARIH2;RP13-131K19.1;RP13-131K19.2;RP13-131K19.7;P4HTM;WDR6;DALRD3;MIR425;NDUFAF3;MIR191;IMPDH2;RP13-131K19.6;QRICH1;RN7SL182P;QARS1;USP19;LAMB2;LAMB2P1;CCDC71;KLHDC8B;CIMIP7;IHO1;GCSHP6;RP11-3B7.1;C3orf62;Y_RNA;MIR4271;USP4;GPX1;RHOA;RHOA-IT1;TCTA;AMT;NICN1-AS1;NICN1;RNA5SP130;DAG1;BSN-DT;BSN;BSN-AS1;APEH;MST1;AC099668.5;RNF123;AMIGO3;GMPPB;IP6K1;COX6CP14;PHF5AP3;INKA1;UBA7;MIR5193;AC139451.1;TRAIP;CAMKV;RN7SL217P;ACTL11P;MST1R;CTD-2330K9.2;CTD-2330K9.3;MON1A;RBM6;RBM5;SEMA3F-AS1;SEMA3F;MIR566;GNAT1;SLC38A3;GNAI2;U73169.1;LINC03143;SEMA3B-AS1;SEMA3B;LSMEM2;IFRD2;HYAL3;NAA80;HYAL1;HYAL2;TUSC2;RASSF1;ZMYND10-AS1;ZMYND10;NPRL2;CYB561D2;XXcos-LUCA11.5;TMEM115;CACNA2D2;XXcos-LUCA11.4;RNA5SP131;C3orf18;HEMK1;CISH;MAPKAPK3;LINC02019;MIR4787;DOCK3;PPIAP69;RP11-646D13.1;ZNF652P1;ST13P14	1.0	3282	Unknome 18_Mar_2026; maximum over uniquely HGNC-mapped proteins; derived/knownness-ranks.tsv	Tdark	7	unique	0.9716369190800317	0	False	NA	NA	NA	unresolved competing genes; gene-body association is not causal assignment	Lifelong developmental, systemic and adult explanations remain. Adult tissue expression observed (hypothalamus); timing not identified.	1.6	hypothalamus	not established; target mapping/primary phenotype table unavailable	Tian 2019 iPSC-derived glutamatergic neuron survival D14/D21/D28; CROP-seq D7 transcription; not cognitive performance or mature adult physiology	2.0343e-20	positional;eQTL	False	False	Lee CP GCST006572 + GENCODE v19; HGNC/Unknome/Pharos/HPA separate annotations; EUR LD + GTEx DLPFC/Catalogue + chain/VEP + Tian guide coverage pilot; Savage/Genebass overlap; EA excluded	Independent ancestry-matched fine-mapping excludes rs6802890 and assigns a different variant/gene (e.g. MAP4, RPS27P30, RN7SL664P); adult-specific perturbation in the implicated cell type has no predicted functional effect despite verified engagement. Shared-signal evidence disappears on multiple-signal conditioning or complete variant coverage.	association hypothesis only; not an enhancement target
3	ENSG00000176095	IP6K1	3	R001	rs7649348	6.81e-28	8.5125e-26	1.609969125e-21	62249	125	145	MAP4;RPS27P30;RN7SL664P;RPL17P16;CDC25A;SNRPFP4;RNU7-128P;NDUFB1P1;MIR4443;CAMP;ZNF589;MRPS18AP1;Y_RNA;FCF1P2;NME6;SPINK8;MIR2115;FBXW12;RN7SL321P;PLXNB1;CCDC51;TMA7;RP11-24C3.2;ATRIP;TREX1;SHISA5;AC104448.1;PFKFB4;UCN2;COL7A1;MIR711;UQCRC1;TMEM89;SLC26A6;CELSR3;MIR4793;LINC02585;NCKIPSD;RP11-572O6.1;IP6K2;PRKAR2A;PRKAR2A-AS1;SLC25A20;ARIH2OS;ARIH2;RP13-131K19.1;RP13-131K19.2;RP13-131K19.7;P4HTM;WDR6;DALRD3;MIR425;NDUFAF3;MIR191;IMPDH2;RP13-131K19.6;QRICH1;RN7SL182P;QARS1;USP19;LAMB2;LAMB2P1;CCDC71;KLHDC8B;CIMIP7;IHO1;GCSHP6;RP11-3B7.1;C3orf62;Y_RNA;MIR4271;USP4;GPX1;RHOA;RHOA-IT1;TCTA;AMT;NICN1-AS1;NICN1;RNA5SP130;DAG1;BSN-DT;BSN;BSN-AS1;APEH;MST1;AC099668.5;RNF123;AMIGO3;GMPPB;COX6CP14;PHF5AP3;CDHR4;INKA1;UBA7;MIR5193;AC139451.1;TRAIP;CAMKV;RN7SL217P;ACTL11P;MST1R;CTD-2330K9.2;CTD-2330K9.3;MON1A;RBM6;RBM5;SEMA3F-AS1;SEMA3F;MIR566;GNAT1;SLC38A3;GNAI2;U73169.1;LINC03143;SEMA3B-AS1;SEMA3B;LSMEM2;IFRD2;HYAL3;NAA80;HYAL1;HYAL2;TUSC2;RASSF1;ZMYND10-AS1;ZMYND10;NPRL2;CYB561D2;XXcos-LUCA11.5;TMEM115;CACNA2D2;XXcos-LUCA11.4;RNA5SP131;C3orf18;HEMK1;CISH;MAPKAPK3;LINC02019;MIR4787;DOCK3;PPIAP69;RP11-646D13.1;ZNF652P1;ST13P14	9.0	15175	Unknome 18_Mar_2026; maximum over uniquely HGNC-mapped proteins; derived/knownness-ranks.tsv	Tchem	69	unique	0.9676281034754964	2002	True	0.00538699315543319	0.4542155838973908	NA	unresolved competing genes; gene-body association is not causal assignment	Lifelong developmental, systemic and adult explanations remain. Adult tissue expression observed (cerebellum); timing not identified.	46.7	cerebellum	not established; target mapping/primary phenotype table unavailable	Tian 2019 iPSC-derived glutamatergic neuron survival D14/D21/D28; CROP-seq D7 transcription; not cognitive performance or mature adult physiology	2.5462e-31	positional	False	False	Lee CP GCST006572 + GENCODE v19; HGNC/Unknome/Pharos/HPA separate annotations; EUR LD + GTEx DLPFC/Catalogue + chain/VEP + Tian guide coverage pilot; Savage/Genebass overlap; EA excluded	Independent ancestry-matched fine-mapping excludes rs7649348 and assigns a different variant/gene (e.g. MAP4, RPS27P30, RN7SL664P); adult-specific perturbation in the implicated cell type has no predicted functional effect despite verified engagement. Shared-signal evidence disappears on multiple-signal conditioning or complete variant coverage.	association hypothesis only; not an enhancement target
4	ENSG00000164068	RNF123	4	R001	rs9873183	1.23e-27	8.733000000000001e-26	1.6516722900000001e-21	32031	71	145	MAP4;RPS27P30;RN7SL664P;RPL17P16;CDC25A;SNRPFP4;RNU7-128P;NDUFB1P1;MIR4443;CAMP;ZNF589;MRPS18AP1;Y_RNA;FCF1P2;NME6;SPINK8;MIR2115;FBXW12;RN7SL321P;PLXNB1;CCDC51;TMA7;RP11-24C3.2;ATRIP;TREX1;SHISA5;AC104448.1;PFKFB4;UCN2;COL7A1;MIR711;UQCRC1;TMEM89;SLC26A6;CELSR3;MIR4793;LINC02585;NCKIPSD;RP11-572O6.1;IP6K2;PRKAR2A;PRKAR2A-AS1;SLC25A20;ARIH2OS;ARIH2;RP13-131K19.1;RP13-131K19.2;RP13-131K19.7;P4HTM;WDR6;DALRD3;MIR425;NDUFAF3;MIR191;IMPDH2;RP13-131K19.6;QRICH1;RN7SL182P;QARS1;USP19;LAMB2;LAMB2P1;CCDC71;KLHDC8B;CIMIP7;IHO1;GCSHP6;RP11-3B7.1;C3orf62;Y_RNA;MIR4271;USP4;GPX1;RHOA;RHOA-IT1;TCTA;AMT;NICN1-AS1;NICN1;RNA5SP130;DAG1;BSN-DT;BSN;BSN-AS1;APEH;MST1;AC099668.5;AMIGO3;GMPPB;IP6K1;COX6CP14;PHF5AP3;CDHR4;INKA1;UBA7;MIR5193;AC139451.1;TRAIP;CAMKV;RN7SL217P;ACTL11P;MST1R;CTD-2330K9.2;CTD-2330K9.3;MON1A;RBM6;RBM5;SEMA3F-AS1;SEMA3F;MIR566;GNAT1;SLC38A3;GNAI2;U73169.1;LINC03143;SEMA3B-AS1;SEMA3B;LSMEM2;IFRD2;HYAL3;NAA80;HYAL1;HYAL2;TUSC2;RASSF1;ZMYND10-AS1;ZMYND10;NPRL2;CYB561D2;XXcos-LUCA11.5;TMEM115;CACNA2D2;XXcos-LUCA11.4;RNA5SP131;C3orf18;HEMK1;CISH;MAPKAPK3;LINC02019;MIR4787;DOCK3;PPIAP69;RP11-646D13.1;ZNF652P1;ST13P14	5.4	11736	Unknome 18_Mar_2026; maximum over uniquely HGNC-mapped proteins; derived/knownness-ranks.tsv	Tbio	84	unique	0.9636353561168143	1967	True	0.49440286604278383	0.9919474457741235	NA	unresolved competing genes; gene-body association is not causal assignment	Lifelong developmental, systemic and adult explanations remain. Adult tissue expression observed (cerebral cortex); timing not identified.	28.3	cerebral cortex	not established; target mapping/primary phenotype table unavailable	Tian 2019 iPSC-derived glutamatergic neuron survival D14/D21/D28; CROP-seq D7 transcription; not cognitive performance or mature adult physiology	1.6265e-33	positional;eQTL	False	False	Lee CP GCST006572 + GENCODE v19; HGNC/Unknome/Pharos/HPA separate annotations; EUR LD + GTEx DLPFC/Catalogue + chain/VEP + Tian guide coverage pilot; Savage/Genebass overlap; EA excluded	Independent ancestry-matched fine-mapping excludes rs9873183 and assigns a different variant/gene (e.g. MAP4, RPS27P30, RN7SL664P); adult-specific perturbation in the implicated cell type has no predicted functional effect despite verified engagement. Shared-signal evidence disappears on multiple-signal conditioning or complete variant coverage.	association hypothesis only; not an enhancement target
5	ENSG00000228008	CTD-2330K9.3	5	R001	rs7634084	2.06e-25	3.502e-24	6.6233326e-20	13093	17	145	MAP4;RPS27P30;RN7SL664P;RPL17P16;CDC25A;SNRPFP4;RNU7-128P;NDUFB1P1;MIR4443;CAMP;ZNF589;MRPS18AP1;Y_RNA;FCF1P2;NME6;SPINK8;MIR2115;FBXW12;RN7SL321P;PLXNB1;CCDC51;TMA7;RP11-24C3.2;ATRIP;TREX1;SHISA5;AC104448.1;PFKFB4;UCN2;COL7A1;MIR711;UQCRC1;TMEM89;SLC26A6;CELSR3;MIR4793;LINC02585;NCKIPSD;RP11-572O6.1;IP6K2;PRKAR2A;PRKAR2A-AS1;SLC25A20;ARIH2OS;ARIH2;RP13-131K19.1;RP13-131K19.2;RP13-131K19.7;P4HTM;WDR6;DALRD3;MIR425;NDUFAF3;MIR191;IMPDH2;RP13-131K19.6;QRICH1;RN7SL182P;QARS1;USP19;LAMB2;LAMB2P1;CCDC71;KLHDC8B;CIMIP7;IHO1;GCSHP6;RP11-3B7.1;C3orf62;Y_RNA;MIR4271;USP4;GPX1;RHOA;RHOA-IT1;TCTA;AMT;NICN1-AS1;NICN1;RNA5SP130;DAG1;BSN-DT;BSN;BSN-AS1;APEH;MST1;AC099668.5;RNF123;AMIGO3;GMPPB;IP6K1;COX6CP14;PHF5AP3;CDHR4;INKA1;UBA7;MIR5193;AC139451.1;TRAIP;CAMKV;RN7SL217P;ACTL11P;MST1R;CTD-2330K9.2;MON1A;RBM6;RBM5;SEMA3F-AS1;SEMA3F;MIR566;GNAT1;SLC38A3;GNAI2;U73169.1;LINC03143;SEMA3B-AS1;SEMA3B;LSMEM2;IFRD2;HYAL3;NAA80;HYAL1;HYAL2;TUSC2;RASSF1;ZMYND10-AS1;ZMYND10;NPRL2;CYB561D2;XXcos-LUCA11.5;TMEM115;CACNA2D2;XXcos-LUCA11.4;RNA5SP131;C3orf18;HEMK1;CISH;MAPKAPK3;LINC02019;MIR4787;DOCK3;PPIAP69;RP11-646D13.1;ZNF652P1;ST13P14	NA	NA	Unknome unmapped/unscored; not zero knownness	NA	NA	unmapped	NA	0	False	NA	NA	NA	unresolved competing genes; gene-body association is not causal assignment	Lifelong developmental, systemic and adult explanations remain. Adult brain expression not covered in HPA; not evidence of absence.	NA	NA	not established; target mapping/primary phenotype table unavailable	Tian 2019 iPSC-derived glutamatergic neuron survival D14/D21/D28; CROP-seq D7 transcription; not cognitive performance or mature adult physiology	NA	NA	False	False	Lee CP GCST006572 + GENCODE v19; HGNC/Unknome/Pharos/HPA separate annotations; EUR LD + GTEx DLPFC/Catalogue + chain/VEP + Tian guide coverage pilot; Savage/Genebass overlap; EA excluded	Independent ancestry-matched fine-mapping excludes rs7634084 and assigns a different variant/gene (e.g. MAP4, RPS27P30, RN7SL664P); adult-specific perturbation in the implicated cell type has no predicted functional effect despite verified engagement. Shared-signal evidence disappears on multiple-signal conditioning or complete variant coverage.	association hypothesis only; not an enhancement target
6	ENSG00000164078	MST1R	6	R001	rs1062633	2e-25	5.4e-24	1.0213020000000001e-19	16865	27	145	MAP4;RPS27P30;RN7SL664P;RPL17P16;CDC25A;SNRPFP4;RNU7-128P;NDUFB1P1;MIR4443;CAMP;ZNF589;MRPS18AP1;Y_RNA;FCF1P2;NME6;SPINK8;MIR2115;FBXW12;RN7SL321P;PLXNB1;CCDC51;TMA7;RP11-24C3.2;ATRIP;TREX1;SHISA5;AC104448.1;PFKFB4;UCN2;COL7A1;MIR711;UQCRC1;TMEM89;SLC26A6;CELSR3;MIR4793;LINC02585;NCKIPSD;RP11-572O6.1;IP6K2;PRKAR2A;PRKAR2A-AS1;SLC25A20;ARIH2OS;ARIH2;RP13-131K19.1;RP13-131K19.2;RP13-131K19.7;P4HTM;WDR6;DALRD3;MIR425;NDUFAF3;MIR191;IMPDH2;RP13-131K19.6;QRICH1;RN7SL182P;QARS1;USP19;LAMB2;LAMB2P1;CCDC71;KLHDC8B;CIMIP7;IHO1;GCSHP6;RP11-3B7.1;C3orf62;Y_RNA;MIR4271;USP4;GPX1;RHOA;RHOA-IT1;TCTA;AMT;NICN1-AS1;NICN1;RNA5SP130;DAG1;BSN-DT;BSN;BSN-AS1;APEH;MST1;AC099668.5;RNF123;AMIGO3;GMPPB;IP6K1;COX6CP14;PHF5AP3;CDHR4;INKA1;UBA7;MIR5193;AC139451.1;TRAIP;CAMKV;RN7SL217P;ACTL11P;CTD-2330K9.2;CTD-2330K9.3;MON1A;RBM6;RBM5;SEMA3F-AS1;SEMA3F;MIR566;GNAT1;SLC38A3;GNAI2;U73169.1;LINC03143;SEMA3B-AS1;SEMA3B;LSMEM2;IFRD2;HYAL3;NAA80;HYAL1;HYAL2;TUSC2;RASSF1;ZMYND10-AS1;ZMYND10;NPRL2;CYB561D2;XXcos-LUCA11.5;TMEM115;CACNA2D2;XXcos-LUCA11.4;RNA5SP131;C3orf18;HEMK1;CISH;MAPKAPK3;LINC02019;MIR4787;DOCK3;PPIAP69;RP11-646D13.1;ZNF652P1;ST13P14	10.2	15862	Unknome 18_Mar_2026; maximum over uniquely HGNC-mapped proteins; derived/knownness-ranks.tsv	Tchem	172	unique	0.6412528021101173	2136	True	0.016223244345520804	0.6841381510580811	NA	unresolved competing genes; gene-body association is not causal assignment	Lifelong developmental, systemic and adult explanations remain. Adult tissue expression observed (cerebellum); timing not identified.	0.6	cerebellum	not established; target mapping/primary phenotype table unavailable	Tian 2019 iPSC-derived glutamatergic neuron survival D14/D21/D28; CROP-seq D7 transcription; not cognitive performance or mature adult physiology	6.0925e-17	positional;eQTL	False	False	Lee CP GCST006572 + GENCODE v19; HGNC/Unknome/Pharos/HPA separate annotations; EUR LD + GTEx DLPFC/Catalogue + chain/VEP + Tian guide coverage pilot; Savage/Genebass overlap; EA excluded	Independent ancestry-matched fine-mapping excludes rs1062633 and assigns a different variant/gene (e.g. MAP4, RPS27P30, RN7SL664P); adult-specific perturbation in the implicated cell type has no predicted functional effect despite verified engagement. Shared-signal evidence disappears on multiple-signal conditioning or complete variant coverage.	association hypothesis only; not an enhancement target
7	ENSG00000164077	MON1A	7	R001	rs62262093	1.97e-25	6.698e-24	1.2667927400000002e-19	21305	34	145	MAP4;RPS27P30;RN7SL664P;RPL17P16;CDC25A;SNRPFP4;RNU7-128P;NDUFB1P1;MIR4443;CAMP;ZNF589;MRPS18AP1;Y_RNA;FCF1P2;NME6;SPINK8;MIR2115;FBXW12;RN7SL321P;PLXNB1;CCDC51;TMA7;RP11-24C3.2;ATRIP;TREX1;SHISA5;AC104448.1;PFKFB4;UCN2;COL7A1;MIR711;UQCRC1;TMEM89;SLC26A6;CELSR3;MIR4793;LINC02585;NCKIPSD;RP11-572O6.1;IP6K2;PRKAR2A;PRKAR2A-AS1;SLC25A20;ARIH2OS;ARIH2;RP13-131K19.1;RP13-131K19.2;RP13-131K19.7;P4HTM;WDR6;DALRD3;MIR425;NDUFAF3;MIR191;IMPDH2;RP13-131K19.6;QRICH1;RN7SL182P;QARS1;USP19;LAMB2;LAMB2P1;CCDC71;KLHDC8B;CIMIP7;IHO1;GCSHP6;RP11-3B7.1;C3orf62;Y_RNA;MIR4271;USP4;GPX1;RHOA;RHOA-IT1;TCTA;AMT;NICN1-AS1;NICN1;RNA5SP130;DAG1;BSN-DT;BSN;BSN-AS1;APEH;MST1;AC099668.5;RNF123;AMIGO3;GMPPB;IP6K1;COX6CP14;PHF5AP3;CDHR4;INKA1;UBA7;MIR5193;AC139451.1;TRAIP;CAMKV;RN7SL217P;ACTL11P;MST1R;CTD-2330K9.2;CTD-2330K9.3;RBM6;RBM5;SEMA3F-AS1;SEMA3F;MIR566;GNAT1;SLC38A3;GNAI2;U73169.1;LINC03143;SEMA3B-AS1;SEMA3B;LSMEM2;IFRD2;HYAL3;NAA80;HYAL1;HYAL2;TUSC2;RASSF1;ZMYND10-AS1;ZMYND10;NPRL2;CYB561D2;XXcos-LUCA11.5;TMEM115;CACNA2D2;XXcos-LUCA11.4;RNA5SP131;C3orf18;HEMK1;CISH;MAPKAPK3;LINC02019;MIR4787;DOCK3;PPIAP69;RP11-646D13.1;ZNF652P1;ST13P14	1.3	4364	Unknome 18_Mar_2026; maximum over uniquely HGNC-mapped proteins; derived/knownness-ranks.tsv	Tbio	21	unique	0.6502042727176639	2165	True	0.0037263324352521682	0.40643101849443464	NA	unresolved competing genes; gene-body association is not causal assignment	Lifelong developmental, systemic and adult explanations remain. Adult tissue expression observed (cerebral cortex); timing not identified.	18.7	cerebral cortex	not established; target mapping/primary phenotype table unavailable	Tian 2019 iPSC-derived glutamatergic neuron survival D14/D21/D28; CROP-seq D7 transcription; not cognitive performance or mature adult physiology	5.8208e-19	positional;eQTL	False	False	Lee CP GCST006572 + GENCODE v19; HGNC/Unknome/Pharos/HPA separate annotations; EUR LD + GTEx DLPFC/Catalogue + chain/VEP + Tian guide coverage pilot; Savage/Genebass overlap; EA excluded	Independent ancestry-matched fine-mapping excludes rs62262093 and assigns a different variant/gene (e.g. MAP4, RPS27P30, RN7SL664P); adult-specific perturbation in the implicated cell type has no predicted functional effect despite verified engagement. Shared-signal evidence disappears on multiple-signal conditioning or complete variant coverage.	association hypothesis only; not an enhancement target
8	ENSG00000182179	UBA7	8	R001	rs3819325	6.28e-25	1.0676e-23	2.01915188e-19	8740	17	145	MAP4;RPS27P30;RN7SL664P;RPL17P16;CDC25A;SNRPFP4;RNU7-128P;NDUFB1P1;MIR4443;CAMP;ZNF589;MRPS18AP1;Y_RNA;FCF1P2;NME6;SPINK8;MIR2115;FBXW12;RN7SL321P;PLXNB1;CCDC51;TMA7;RP11-24C3.2;ATRIP;TREX1;SHISA5;AC104448.1;PFKFB4;UCN2;COL7A1;MIR711;UQCRC1;TMEM89;SLC26A6;CELSR3;MIR4793;LINC02585;NCKIPSD;RP11-572O6.1;IP6K2;PRKAR2A;PRKAR2A-AS1;SLC25A20;ARIH2OS;ARIH2;RP13-131K19.1;RP13-131K19.2;RP13-131K19.7;P4HTM;WDR6;DALRD3;MIR425;NDUFAF3;MIR191;IMPDH2;RP13-131K19.6;QRICH1;RN7SL182P;QARS1;USP19;LAMB2;LAMB2P1;CCDC71;KLHDC8B;CIMIP7;IHO1;GCSHP6;RP11-3B7.1;C3orf62;Y_RNA;MIR4271;USP4;GPX1;RHOA;RHOA-IT1;TCTA;AMT;NICN1-AS1;NICN1;RNA5SP130;DAG1;BSN-DT;BSN;BSN-AS1;APEH;MST1;AC099668.5;RNF123;AMIGO3;GMPPB;IP6K1;COX6CP14;PHF5AP3;CDHR4;INKA1;MIR5193;AC139451.1;TRAIP;CAMKV;RN7SL217P;ACTL11P;MST1R;CTD-2330K9.2;CTD-2330K9.3;MON1A;RBM6;RBM5;SEMA3F-AS1;SEMA3F;MIR566;GNAT1;SLC38A3;GNAI2;U73169.1;LINC03143;SEMA3B-AS1;SEMA3B;LSMEM2;IFRD2;HYAL3;NAA80;HYAL1;HYAL2;TUSC2;RASSF1;ZMYND10-AS1;ZMYND10;NPRL2;CYB561D2;XXcos-LUCA11.5;TMEM115;CACNA2D2;XXcos-LUCA11.4;RNA5SP131;C3orf18;HEMK1;CISH;MAPKAPK3;LINC02019;MIR4787;DOCK3;PPIAP69;RP11-646D13.1;ZNF652P1;ST13P14	5.2	11424	Unknome 18_Mar_2026; maximum over uniquely HGNC-mapped proteins; derived/knownness-ranks.tsv	Tbio	64	unique	0.9552144562310995	2038	True	0.004380630668342837	0.42519144195229003	NA	unresolved competing genes; gene-body association is not causal assignment	Lifelong developmental, systemic and adult explanations remain. Adult tissue expression observed (spinal cord); timing not identified.	9.4	spinal cord	not established; target mapping/primary phenotype table unavailable	Tian 2019 iPSC-derived glutamatergic neuron survival D14/D21/D28; CROP-seq D7 transcription; not cognitive performance or mature adult physiology	1.7542e-14	positional;eQTL;chromatin	False	False	Lee CP GCST006572 + GENCODE v19; HGNC/Unknome/Pharos/HPA separate annotations; EUR LD + GTEx DLPFC/Catalogue + chain/VEP + Tian guide coverage pilot; Savage/Genebass overlap; EA excluded	Independent ancestry-matched fine-mapping excludes rs3819325 and assigns a different variant/gene (e.g. MAP4, RPS27P30, RN7SL664P); adult-specific perturbation in the implicated cell type has no predicted functional effect despite verified engagement. Shared-signal evidence disappears on multiple-signal conditioning or complete variant coverage.	association hypothesis only; not an enhancement target
9	ENSG00000164076	CAMKV	9	R001	rs6446187	5.73e-25	1.3179e-23	2.49254427e-19	12235	23	145	MAP4;RPS27P30;RN7SL664P;RPL17P16;CDC25A;SNRPFP4;RNU7-128P;NDUFB1P1;MIR4443;CAMP;ZNF589;MRPS18AP1;Y_RNA;FCF1P2;NME6;SPINK8;MIR2115;FBXW12;RN7SL321P;PLXNB1;CCDC51;TMA7;RP11-24C3.2;ATRIP;TREX1;SHISA5;AC104448.1;PFKFB4;UCN2;COL7A1;MIR711;UQCRC1;TMEM89;SLC26A6;CELSR3;MIR4793;LINC02585;NCKIPSD;RP11-572O6.1;IP6K2;PRKAR2A;PRKAR2A-AS1;SLC25A20;ARIH2OS;ARIH2;RP13-131K19.1;RP13-131K19.2;RP13-131K19.7;P4HTM;WDR6;DALRD3;MIR425;NDUFAF3;MIR191;IMPDH2;RP13-131K19.6;QRICH1;RN7SL182P;QARS1;USP19;LAMB2;LAMB2P1;CCDC71;KLHDC8B;CIMIP7;IHO1;GCSHP6;RP11-3B7.1;C3orf62;Y_RNA;MIR4271;USP4;GPX1;RHOA;RHOA-IT1;TCTA;AMT;NICN1-AS1;NICN1;RNA5SP130;DAG1;BSN-DT;BSN;BSN-AS1;APEH;MST1;AC099668.5;RNF123;AMIGO3;GMPPB;IP6K1;COX6CP14;PHF5AP3;CDHR4;INKA1;UBA7;MIR5193;AC139451.1;TRAIP;RN7SL217P;ACTL11P;MST1R;CTD-2330K9.2;CTD-2330K9.3;MON1A;RBM6;RBM5;SEMA3F-AS1;SEMA3F;MIR566;GNAT1;SLC38A3;GNAI2;U73169.1;LINC03143;SEMA3B-AS1;SEMA3B;LSMEM2;IFRD2;HYAL3;NAA80;HYAL1;HYAL2;TUSC2;RASSF1;ZMYND10-AS1;ZMYND10;NPRL2;CYB561D2;XXcos-LUCA11.5;TMEM115;CACNA2D2;XXcos-LUCA11.4;RNA5SP131;C3orf18;HEMK1;CISH;MAPKAPK3;LINC02019;MIR4787;DOCK3;PPIAP69;RP11-646D13.1;ZNF652P1;ST13P14	1.5	4687	Unknome 18_Mar_2026; maximum over uniquely HGNC-mapped proteins; derived/knownness-ranks.tsv	Tbio	23	unique	0.6594907824648827	2109	True	0.00426571115443552	0.4201796428977711	downstream_gene_variant	unresolved competing genes; gene-body association is not causal assignment	Lifelong developmental, systemic and adult explanations remain. Adult tissue expression observed (basal ganglia); timing not identified.	220.1	basal ganglia	not established; target mapping/primary phenotype table unavailable	Tian 2019 iPSC-derived glutamatergic neuron survival D14/D21/D28; CROP-seq D7 transcription; not cognitive performance or mature adult physiology	1.0924e-20	positional;eQTL;chromatin	False	False	Lee CP GCST006572 + GENCODE v19; HGNC/Unknome/Pharos/HPA separate annotations; EUR LD + GTEx DLPFC/Catalogue + chain/VEP + Tian guide coverage pilot; Savage/Genebass overlap; EA excluded	Independent ancestry-matched fine-mapping excludes rs6446187 and assigns a different variant/gene (e.g. MAP4, RPS27P30, RN7SL664P); adult-specific perturbation in the implicated cell type has no predicted functional effect despite verified engagement. Shared-signal evidence disappears on multiple-signal conditioning or complete variant coverage.	association hypothesis only; not an enhancement target
10	ENSG00000003756	RBM5	10	R001	rs2624825	1.09e-24	4.469e-23	8.4522197e-19	30114	41	145	MAP4;RPS27P30;RN7SL664P;RPL17P16;CDC25A;SNRPFP4;RNU7-128P;NDUFB1P1;MIR4443;CAMP;ZNF589;MRPS18AP1;Y_RNA;FCF1P2;NME6;SPINK8;MIR2115;FBXW12;RN7SL321P;PLXNB1;CCDC51;TMA7;RP11-24C3.2;ATRIP;TREX1;SHISA5;AC104448.1;PFKFB4;UCN2;COL7A1;MIR711;UQCRC1;TMEM89;SLC26A6;CELSR3;MIR4793;LINC02585;NCKIPSD;RP11-572O6.1;IP6K2;PRKAR2A;PRKAR2A-AS1;SLC25A20;ARIH2OS;ARIH2;RP13-131K19.1;RP13-131K19.2;RP13-131K19.7;P4HTM;WDR6;DALRD3;MIR425;NDUFAF3;MIR191;IMPDH2;RP13-131K19.6;QRICH1;RN7SL182P;QARS1;USP19;LAMB2;LAMB2P1;CCDC71;KLHDC8B;CIMIP7;IHO1;GCSHP6;RP11-3B7.1;C3orf62;Y_RNA;MIR4271;USP4;GPX1;RHOA;RHOA-IT1;TCTA;AMT;NICN1-AS1;NICN1;RNA5SP130;DAG1;BSN-DT;BSN;BSN-AS1;APEH;MST1;AC099668.5;RNF123;AMIGO3;GMPPB;IP6K1;COX6CP14;PHF5AP3;CDHR4;INKA1;UBA7;MIR5193;AC139451.1;TRAIP;CAMKV;RN7SL217P;ACTL11P;MST1R;CTD-2330K9.2;CTD-2330K9.3;MON1A;RBM6;SEMA3F-AS1;SEMA3F;MIR566;GNAT1;SLC38A3;GNAI2;U73169.1;LINC03143;SEMA3B-AS1;SEMA3B;LSMEM2;IFRD2;HYAL3;NAA80;HYAL1;HYAL2;TUSC2;RASSF1;ZMYND10-AS1;ZMYND10;NPRL2;CYB561D2;XXcos-LUCA11.5;TMEM115;CACNA2D2;XXcos-LUCA11.4;RNA5SP131;C3orf18;HEMK1;CISH;MAPKAPK3;LINC02019;MIR4787;DOCK3;PPIAP69;RP11-646D13.1;ZNF652P1;ST13P14	9.2	15304	Unknome 18_Mar_2026; maximum over uniquely HGNC-mapped proteins; derived/knownness-ranks.tsv	Tbio	186	unique	0.5889705395934375	2082	True	0.00534270978376251	0.4531169039794658	NA	unresolved competing genes; gene-body association is not causal assignment	Lifelong developmental, systemic and adult explanations remain. Adult tissue expression observed (cerebellum); timing not identified.	77.7	cerebellum	not established; target mapping/primary phenotype table unavailable	Tian 2019 iPSC-derived glutamatergic neuron survival D14/D21/D28; CROP-seq D7 transcription; not cognitive performance or mature adult physiology	4.3915e-21	positional;eQTL;chromatin	False	False	Lee CP GCST006572 + GENCODE v19; HGNC/Unknome/Pharos/HPA separate annotations; EUR LD + GTEx DLPFC/Catalogue + chain/VEP + Tian guide coverage pilot; Savage/Genebass overlap; EA excluded	Independent ancestry-matched fine-mapping excludes rs2624825 and assigns a different variant/gene (e.g. MAP4, RPS27P30, RN7SL664P); adult-specific perturbation in the implicated cell type has no predicted functional effect despite verified engagement. Shared-signal evidence disappears on multiple-signal conditioning or complete variant coverage.	association hypothesis only; not an enhancement target
11	ENSG00000233276	GPX1	11	R001	rs1800668	2.49e-23	4.98e-23	9.418674e-19	1425	2	145	MAP4;RPS27P30;RN7SL664P;RPL17P16;CDC25A;SNRPFP4;RNU7-128P;NDUFB1P1;MIR4443;CAMP;ZNF589;MRPS18AP1;Y_RNA;FCF1P2;NME6;SPINK8;MIR2115;FBXW12;RN7SL321P;PLXNB1;CCDC51;TMA7;RP11-24C3.2;ATRIP;TREX1;SHISA5;AC104448.1;PFKFB4;UCN2;COL7A1;MIR711;UQCRC1;TMEM89;SLC26A6;CELSR3;MIR4793;LINC02585;NCKIPSD;RP11-572O6.1;IP6K2;PRKAR2A;PRKAR2A-AS1;SLC25A20;ARIH2OS;ARIH2;RP13-131K19.1;RP13-131K19.2;RP13-131K19.7;P4HTM;WDR6;DALRD3;MIR425;NDUFAF3;MIR191;IMPDH2;RP13-131K19.6;QRICH1;RN7SL182P;QARS1;USP19;LAMB2;LAMB2P1;CCDC71;KLHDC8B;CIMIP7;IHO1;GCSHP6;RP11-3B7.1;C3orf62;Y_RNA;MIR4271;USP4;RHOA;RHOA-IT1;TCTA;AMT;NICN1-AS1;NICN1;RNA5SP130;DAG1;BSN-DT;BSN;BSN-AS1;APEH;MST1;AC099668.5;RNF123;AMIGO3;GMPPB;IP6K1;COX6CP14;PHF5AP3;CDHR4;INKA1;UBA7;MIR5193;AC139451.1;TRAIP;CAMKV;RN7SL217P;ACTL11P;MST1R;CTD-2330K9.2;CTD-2330K9.3;MON1A;RBM6;RBM5;SEMA3F-AS1;SEMA3F;MIR566;GNAT1;SLC38A3;GNAI2;U73169.1;LINC03143;SEMA3B-AS1;SEMA3B;LSMEM2;IFRD2;HYAL3;NAA80;HYAL1;HYAL2;TUSC2;RASSF1;ZMYND10-AS1;ZMYND10;NPRL2;CYB561D2;XXcos-LUCA11.5;TMEM115;CACNA2D2;XXcos-LUCA11.4;RNA5SP131;C3orf18;HEMK1;CISH;MAPKAPK3;LINC02019;MIR4787;DOCK3;PPIAP69;RP11-646D13.1;ZNF652P1;ST13P14	19.3	18188	Unknome 18_Mar_2026; maximum over uniquely HGNC-mapped proteins; derived/knownness-ranks.tsv	Tbio	658	unique	0.43819203531537354	1850	True	8.358249754295878e-05	0.7798422633525883	NA	unresolved competing genes; gene-body association is not causal assignment	Lifelong developmental, systemic and adult explanations remain. Adult tissue expression observed (midbrain); timing not identified.	244.8	midbrain	not established; target mapping/primary phenotype table unavailable	Tian 2019 iPSC-derived glutamatergic neuron survival D14/D21/D28; CROP-seq D7 transcription; not cognitive performance or mature adult physiology	1.7094e-14	positional;eQTL	False	False	Lee CP GCST006572 + GENCODE v19; HGNC/Unknome/Pharos/HPA separate annotations; EUR LD + GTEx DLPFC/Catalogue + chain/VEP + Tian guide coverage pilot; Savage/Genebass overlap; EA excluded	Independent ancestry-matched fine-mapping excludes rs1800668 and assigns a different variant/gene (e.g. MAP4, RPS27P30, RN7SL664P); adult-specific perturbation in the implicated cell type has no predicted functional effect despite verified engagement. Shared-signal evidence disappears on multiple-signal conditioning or complete variant coverage.	association hypothesis only; not an enhancement target
12	ENSG00000145020	AMT	12	R001	rs9859556	2.26e-23	2.712e-22	5.1292056e-18	5976	12	145	MAP4;RPS27P30;RN7SL664P;RPL17P16;CDC25A;SNRPFP4;RNU7-128P;NDUFB1P1;MIR4443;CAMP;ZNF589;MRPS18AP1;Y_RNA;FCF1P2;NME6;SPINK8;MIR2115;FBXW12;RN7SL321P;PLXNB1;CCDC51;TMA7;RP11-24C3.2;ATRIP;TREX1;SHISA5;AC104448.1;PFKFB4;UCN2;COL7A1;MIR711;UQCRC1;TMEM89;SLC26A6;CELSR3;MIR4793;LINC02585;NCKIPSD;RP11-572O6.1;IP6K2;PRKAR2A;PRKAR2A-AS1;SLC25A20;ARIH2OS;ARIH2;RP13-131K19.1;RP13-131K19.2;RP13-131K19.7;P4HTM;WDR6;DALRD3;MIR425;NDUFAF3;MIR191;IMPDH2;RP13-131K19.6;QRICH1;RN7SL182P;QARS1;USP19;LAMB2;LAMB2P1;CCDC71;KLHDC8B;CIMIP7;IHO1;GCSHP6;RP11-3B7.1;C3orf62;Y_RNA;MIR4271;USP4;GPX1;RHOA;RHOA-IT1;TCTA;NICN1-AS1;NICN1;RNA5SP130;DAG1;BSN-DT;BSN;BSN-AS1;APEH;MST1;AC099668.5;RNF123;AMIGO3;GMPPB;IP6K1;COX6CP14;PHF5AP3;CDHR4;INKA1;UBA7;MIR5193;AC139451.1;TRAIP;CAMKV;RN7SL217P;ACTL11P;MST1R;CTD-2330K9.2;CTD-2330K9.3;MON1A;RBM6;RBM5;SEMA3F-AS1;SEMA3F;MIR566;GNAT1;SLC38A3;GNAI2;U73169.1;LINC03143;SEMA3B-AS1;SEMA3B;LSMEM2;IFRD2;HYAL3;NAA80;HYAL1;HYAL2;TUSC2;RASSF1;ZMYND10-AS1;ZMYND10;NPRL2;CYB561D2;XXcos-LUCA11.5;TMEM115;CACNA2D2;XXcos-LUCA11.4;RNA5SP131;C3orf18;HEMK1;CISH;MAPKAPK3;LINC02019;MIR4787;DOCK3;PPIAP69;RP11-646D13.1;ZNF652P1;ST13P14	4.3	10201	Unknome 18_Mar_2026; maximum over uniquely HGNC-mapped proteins; derived/knownness-ranks.tsv	Tbio	42	unique	0.43819203531537354	0	False	NA	NA	NA	unresolved competing genes; gene-body association is not causal assignment	Lifelong developmental, systemic and adult explanations remain. Adult tissue expression observed (cerebellum); timing not identified.	20.1	cerebellum	not established; target mapping/primary phenotype table unavailable	Tian 2019 iPSC-derived glutamatergic neuron survival D14/D21/D28; CROP-seq D7 transcription; not cognitive performance or mature adult physiology	1.83e-16	positional;eQTL;chromatin	False	False	Lee CP GCST006572 + GENCODE v19; HGNC/Unknome/Pharos/HPA separate annotations; EUR LD + GTEx DLPFC/Catalogue + chain/VEP + Tian guide coverage pilot; Savage/Genebass overlap; EA excluded	Independent ancestry-matched fine-mapping excludes rs9859556 and assigns a different variant/gene (e.g. MAP4, RPS27P30, RN7SL664P); adult-specific perturbation in the implicated cell type has no predicted functional effect despite verified engagement. Shared-signal evidence disappears on multiple-signal conditioning or complete variant coverage.	association hypothesis only; not an enhancement target
13	ENSG00000145022	TCTA	13	R001	rs6997	3.87e-23	3.483e-22	6.5873979e-18	4270	9	145	MAP4;RPS27P30;RN7SL664P;RPL17P16;CDC25A;SNRPFP4;RNU7-128P;NDUFB1P1;MIR4443;CAMP;ZNF589;MRPS18AP1;Y_RNA;FCF1P2;NME6;SPINK8;MIR2115;FBXW12;RN7SL321P;PLXNB1;CCDC51;TMA7;RP11-24C3.2;ATRIP;TREX1;SHISA5;AC104448.1;PFKFB4;UCN2;COL7A1;MIR711;UQCRC1;TMEM89;SLC26A6;CELSR3;MIR4793;LINC02585;NCKIPSD;RP11-572O6.1;IP6K2;PRKAR2A;PRKAR2A-AS1;SLC25A20;ARIH2OS;ARIH2;RP13-131K19.1;RP13-131K19.2;RP13-131K19.7;P4HTM;WDR6;DALRD3;MIR425;NDUFAF3;MIR191;IMPDH2;RP13-131K19.6;QRICH1;RN7SL182P;QARS1;USP19;LAMB2;LAMB2P1;CCDC71;KLHDC8B;CIMIP7;IHO1;GCSHP6;RP11-3B7.1;C3orf62;Y_RNA;MIR4271;USP4;GPX1;RHOA;RHOA-IT1;AMT;NICN1-AS1;NICN1;RNA5SP130;DAG1;BSN-DT;BSN;BSN-AS1;APEH;MST1;AC099668.5;RNF123;AMIGO3;GMPPB;IP6K1;COX6CP14;PHF5AP3;CDHR4;INKA1;UBA7;MIR5193;AC139451.1;TRAIP;CAMKV;RN7SL217P;ACTL11P;MST1R;CTD-2330K9.2;CTD-2330K9.3;MON1A;RBM6;RBM5;SEMA3F-AS1;SEMA3F;MIR566;GNAT1;SLC38A3;GNAI2;U73169.1;LINC03143;SEMA3B-AS1;SEMA3B;LSMEM2;IFRD2;HYAL3;NAA80;HYAL1;HYAL2;TUSC2;RASSF1;ZMYND10-AS1;ZMYND10;NPRL2;CYB561D2;XXcos-LUCA11.5;TMEM115;CACNA2D2;XXcos-LUCA11.4;RNA5SP131;C3orf18;HEMK1;CISH;MAPKAPK3;LINC02019;MIR4787;DOCK3;PPIAP69;RP11-646D13.1;ZNF652P1;ST13P14	2.1	6380	Unknome 18_Mar_2026; maximum over uniquely HGNC-mapped proteins; derived/knownness-ranks.tsv	Tbio	18	unique	0.43819203531537354	1828	True	0.004957618837345859	0.44220696362229495	NA	unresolved competing genes; gene-body association is not causal assignment	Lifelong developmental, systemic and adult explanations remain. Adult tissue expression observed (spinal cord); timing not identified.	49.8	spinal cord	not established; target mapping/primary phenotype table unavailable	Tian 2019 iPSC-derived glutamatergic neuron survival D14/D21/D28; CROP-seq D7 transcription; not cognitive performance or mature adult physiology	2.4548e-16	positional;eQTL;chromatin	False	False	Lee CP GCST006572 + GENCODE v19; HGNC/Unknome/Pharos/HPA separate annotations; EUR LD + GTEx DLPFC/Catalogue + chain/VEP + Tian guide coverage pilot; Savage/Genebass overlap; EA excluded	Independent ancestry-matched fine-mapping excludes rs6997 and assigns a different variant/gene (e.g. MAP4, RPS27P30, RN7SL664P); adult-specific perturbation in the implicated cell type has no predicted functional effect despite verified engagement. Shared-signal evidence disappears on multiple-signal conditioning or complete variant coverage.	association hypothesis only; not an enhancement target
14	ENSG00000145029	NICN1	14	R001	rs6446272	4.27e-23	3.8429999999999997e-22	7.2682659e-18	6381	9	145	MAP4;RPS27P30;RN7SL664P;RPL17P16;CDC25A;SNRPFP4;RNU7-128P;NDUFB1P1;MIR4443;CAMP;ZNF589;MRPS18AP1;Y_RNA;FCF1P2;NME6;SPINK8;MIR2115;FBXW12;RN7SL321P;PLXNB1;CCDC51;TMA7;RP11-24C3.2;ATRIP;TREX1;SHISA5;AC104448.1;PFKFB4;UCN2;COL7A1;MIR711;UQCRC1;TMEM89;SLC26A6;CELSR3;MIR4793;LINC02585;NCKIPSD;RP11-572O6.1;IP6K2;PRKAR2A;PRKAR2A-AS1;SLC25A20;ARIH2OS;ARIH2;RP13-131K19.1;RP13-131K19.2;RP13-131K19.7;P4HTM;WDR6;DALRD3;MIR425;NDUFAF3;MIR191;IMPDH2;RP13-131K19.6;QRICH1;RN7SL182P;QARS1;USP19;LAMB2;LAMB2P1;CCDC71;KLHDC8B;CIMIP7;IHO1;GCSHP6;RP11-3B7.1;C3orf62;Y_RNA;MIR4271;USP4;GPX1;RHOA;RHOA-IT1;TCTA;AMT;NICN1-AS1;RNA5SP130;DAG1;BSN-DT;BSN;BSN-AS1;APEH;MST1;AC099668.5;RNF123;AMIGO3;GMPPB;IP6K1;COX6CP14;PHF5AP3;CDHR4;INKA1;UBA7;MIR5193;AC139451.1;TRAIP;CAMKV;RN7SL217P;ACTL11P;MST1R;CTD-2330K9.2;CTD-2330K9.3;MON1A;RBM6;RBM5;SEMA3F-AS1;SEMA3F;MIR566;GNAT1;SLC38A3;GNAI2;U73169.1;LINC03143;SEMA3B-AS1;SEMA3B;LSMEM2;IFRD2;HYAL3;NAA80;HYAL1;HYAL2;TUSC2;RASSF1;ZMYND10-AS1;ZMYND10;NPRL2;CYB561D2;XXcos-LUCA11.5;TMEM115;CACNA2D2;XXcos-LUCA11.4;RNA5SP131;C3orf18;HEMK1;CISH;MAPKAPK3;LINC02019;MIR4787;DOCK3;PPIAP69;RP11-646D13.1;ZNF652P1;ST13P14	0.0	1	Unknome 18_Mar_2026; maximum over uniquely HGNC-mapped proteins; derived/knownness-ranks.tsv	Tbio	18	unique	0.43819203531537354	0	False	NA	NA	NA	unresolved competing genes; gene-body association is not causal assignment	Lifelong developmental, systemic and adult explanations remain. Adult tissue expression observed (cerebral cortex); timing not identified.	22.1	cerebral cortex	not established; target mapping/primary phenotype table unavailable	Tian 2019 iPSC-derived glutamatergic neuron survival D14/D21/D28; CROP-seq D7 transcription; not cognitive performance or mature adult physiology	1.935e-17	positional;eQTL;chromatin	False	False	Lee CP GCST006572 + GENCODE v19; HGNC/Unknome/Pharos/HPA separate annotations; EUR LD + GTEx DLPFC/Catalogue + chain/VEP + Tian guide coverage pilot; Savage/Genebass overlap; EA excluded	Independent ancestry-matched fine-mapping excludes rs6446272 and assigns a different variant/gene (e.g. MAP4, RPS27P30, RN7SL664P); adult-specific perturbation in the implicated cell type has no predicted functional effect despite verified engagement. Shared-signal evidence disappears on multiple-signal conditioning or complete variant coverage.	association hypothesis only; not an enhancement target
15	ENSG00000004534	RBM6	15	R001	rs2240329	1.43e-24	5.0622e-22	9.57413886e-18	160039	354	145	MAP4;RPS27P30;RN7SL664P;RPL17P16;CDC25A;SNRPFP4;RNU7-128P;NDUFB1P1;MIR4443;CAMP;ZNF589;MRPS18AP1;Y_RNA;FCF1P2;NME6;SPINK8;MIR2115;FBXW12;RN7SL321P;PLXNB1;CCDC51;TMA7;RP11-24C3.2;ATRIP;TREX1;SHISA5;AC104448.1;PFKFB4;UCN2;COL7A1;MIR711;UQCRC1;TMEM89;SLC26A6;CELSR3;MIR4793;LINC02585;NCKIPSD;RP11-572O6.1;IP6K2;PRKAR2A;PRKAR2A-AS1;SLC25A20;ARIH2OS;ARIH2;RP13-131K19.1;RP13-131K19.2;RP13-131K19.7;P4HTM;WDR6;DALRD3;MIR425;NDUFAF3;MIR191;IMPDH2;RP13-131K19.6;QRICH1;RN7SL182P;QARS1;USP19;LAMB2;LAMB2P1;CCDC71;KLHDC8B;CIMIP7;IHO1;GCSHP6;RP11-3B7.1;C3orf62;Y_RNA;MIR4271;USP4;GPX1;RHOA;RHOA-IT1;TCTA;AMT;NICN1-AS1;NICN1;RNA5SP130;DAG1;BSN-DT;BSN;BSN-AS1;APEH;MST1;AC099668.5;RNF123;AMIGO3;GMPPB;IP6K1;COX6CP14;PHF5AP3;CDHR4;INKA1;UBA7;MIR5193;AC139451.1;TRAIP;CAMKV;RN7SL217P;ACTL11P;MST1R;CTD-2330K9.2;CTD-2330K9.3;MON1A;RBM5;SEMA3F-AS1;SEMA3F;MIR566;GNAT1;SLC38A3;GNAI2;U73169.1;LINC03143;SEMA3B-AS1;SEMA3B;LSMEM2;IFRD2;HYAL3;NAA80;HYAL1;HYAL2;TUSC2;RASSF1;ZMYND10-AS1;ZMYND10;NPRL2;CYB561D2;XXcos-LUCA11.5;TMEM115;CACNA2D2;XXcos-LUCA11.4;RNA5SP131;C3orf18;HEMK1;CISH;MAPKAPK3;LINC02019;MIR4787;DOCK3;PPIAP69;RP11-646D13.1;ZNF652P1;ST13P14	4.2	10017	Unknome 18_Mar_2026; maximum over uniquely HGNC-mapped proteins; derived/knownness-ranks.tsv	Tbio	106	unique	0.5889705395934375	2170	True	0.006347435646600084	0.7981433722914383	NA	unresolved competing genes; gene-body association is not causal assignment	Lifelong developmental, systemic and adult explanations remain. Adult tissue expression observed (cerebellum); timing not identified.	68.8	cerebellum	not established; target mapping/primary phenotype table unavailable	Tian 2019 iPSC-derived glutamatergic neuron survival D14/D21/D28; CROP-seq D7 transcription; not cognitive performance or mature adult physiology	2.5148e-19	positional;eQTL	False	False	Lee CP GCST006572 + GENCODE v19; HGNC/Unknome/Pharos/HPA separate annotations; EUR LD + GTEx DLPFC/Catalogue + chain/VEP + Tian guide coverage pilot; Savage/Genebass overlap; EA excluded	Independent ancestry-matched fine-mapping excludes rs2240329 and assigns a different variant/gene (e.g. MAP4, RPS27P30, RN7SL664P); adult-specific perturbation in the implicated cell type has no predicted functional effect despite verified engagement. Shared-signal evidence disappears on multiple-signal conditioning or complete variant coverage.	association hypothesis only; not an enhancement target
16	ENSG00000067560	RHOA	16	R001	rs7623659	1.87e-23	2.244e-21	4.2440772e-17	53854	120	145	MAP4;RPS27P30;RN7SL664P;RPL17P16;CDC25A;SNRPFP4;RNU7-128P;NDUFB1P1;MIR4443;CAMP;ZNF589;MRPS18AP1;Y_RNA;FCF1P2;NME6;SPINK8;MIR2115;FBXW12;RN7SL321P;PLXNB1;CCDC51;TMA7;RP11-24C3.2;ATRIP;TREX1;SHISA5;AC104448.1;PFKFB4;UCN2;COL7A1;MIR711;UQCRC1;TMEM89;SLC26A6;CELSR3;MIR4793;LINC02585;NCKIPSD;RP11-572O6.1;IP6K2;PRKAR2A;PRKAR2A-AS1;SLC25A20;ARIH2OS;ARIH2;RP13-131K19.1;RP13-131K19.2;RP13-131K19.7;P4HTM;WDR6;DALRD3;MIR425;NDUFAF3;MIR191;IMPDH2;RP13-131K19.6;QRICH1;RN7SL182P;QARS1;USP19;LAMB2;LAMB2P1;CCDC71;KLHDC8B;CIMIP7;IHO1;GCSHP6;RP11-3B7.1;C3orf62;Y_RNA;MIR4271;USP4;GPX1;RHOA-IT1;TCTA;AMT;NICN1-AS1;NICN1;RNA5SP130;DAG1;BSN-DT;BSN;BSN-AS1;APEH;MST1;AC099668.5;RNF123;AMIGO3;GMPPB;IP6K1;COX6CP14;PHF5AP3;CDHR4;INKA1;UBA7;MIR5193;AC139451.1;TRAIP;CAMKV;RN7SL217P;ACTL11P;MST1R;CTD-2330K9.2;CTD-2330K9.3;MON1A;RBM6;RBM5;SEMA3F-AS1;SEMA3F;MIR566;GNAT1;SLC38A3;GNAI2;U73169.1;LINC03143;SEMA3B-AS1;SEMA3B;LSMEM2;IFRD2;HYAL3;NAA80;HYAL1;HYAL2;TUSC2;RASSF1;ZMYND10-AS1;ZMYND10;NPRL2;CYB561D2;XXcos-LUCA11.5;TMEM115;CACNA2D2;XXcos-LUCA11.4;RNA5SP131;C3orf18;HEMK1;CISH;MAPKAPK3;LINC02019;MIR4787;DOCK3;PPIAP69;RP11-646D13.1;ZNF652P1;ST13P14	51.2	19199	Unknome 18_Mar_2026; maximum over uniquely HGNC-mapped proteins; derived/knownness-ranks.tsv	Tbio	2138	unique	0.43819203531537354	1830	True	0.00419970097977328	0.41395864479226213	NA	unresolved competing genes; gene-body association is not causal assignment	Lifelong developmental, systemic and adult explanations remain. Adult tissue expression observed (spinal cord); timing not identified.	373.1	spinal cord	not established; target mapping/primary phenotype table unavailable	Tian 2019 iPSC-derived glutamatergic neuron survival D14/D21/D28; CROP-seq D7 transcription; not cognitive performance or mature adult physiology	1.4123e-19	positional;eQTL;chromatin	False	False	Lee CP GCST006572 + GENCODE v19; HGNC/Unknome/Pharos/HPA separate annotations; EUR LD + GTEx DLPFC/Catalogue + chain/VEP + Tian guide coverage pilot; Savage/Genebass overlap; EA excluded	Independent ancestry-matched fine-mapping excludes rs7623659 and assigns a different variant/gene (e.g. MAP4, RPS27P30, RN7SL664P); adult-specific perturbation in the implicated cell type has no predicted functional effect despite verified engagement. Shared-signal evidence disappears on multiple-signal conditioning or complete variant coverage.	association hypothesis only; not an enhancement target
17	ENSG00000138821	SLC39A8	17	R003	rs13107325	1.09e-23	7.5428e-21	1.4265697640000001e-16	180218	692	27	PPP3CA;MIR1255A;PPP3CA-DT;BANK1;RNU6-462P;MTND5P5;BANK1-AS1;RN7SL728P;NFKB1-AS1;AF213884.1;AF213884.2;NFKB1;AF213884.3;MANBA;RPL21P49;LRRC37A15P;KRT8P46;RP11-10L12.1;WDR12P1;UBE2D3;UBE2D3-AS1;RNU7-151P;snoU13;CISD2;SLC9B1;PABPC1P7;ACTR3BP4	20.9	18348	Unknome 18_Mar_2026; maximum over uniquely HGNC-mapped proteins; derived/knownness-ranks.tsv	Tbio	139	unique	1.0	3140	True	0.007950728445946223	0.5106754927499553	downstream_gene_variant;missense_variant	lead missense localizes a coding hypothesis, not mediation or exclusive causation	Lifelong developmental, systemic and adult explanations remain. Adult tissue expression observed (basal ganglia); timing not identified.	3.2	basal ganglia	not established; target mapping/primary phenotype table unavailable	Tian 2019 iPSC-derived glutamatergic neuron survival D14/D21/D28; CROP-seq D7 transcription; not cognitive performance or mature adult physiology	7.043e-10	positional;eQTL	False	False	Lee CP GCST006572 + GENCODE v19; HGNC/Unknome/Pharos/HPA separate annotations; EUR LD + GTEx DLPFC/Catalogue + chain/VEP + Tian guide coverage pilot; Savage/Genebass overlap; EA excluded	Independent ancestry-matched fine-mapping excludes rs13107325 and assigns a different variant/gene (e.g. PPP3CA, MIR1255A, PPP3CA-DT); adult-specific perturbation in the implicated cell type has no predicted functional effect despite verified engagement. A linked regulatory alternative explains the CP signal after conditioning on the missense variant.	association hypothesis only; not an enhancement target
18	ENSG00000173402	DAG1	18	R001	rs13062429	1.63e-22	2.1353e-20	4.03849289e-16	66903	131	145	MAP4;RPS27P30;RN7SL664P;RPL17P16;CDC25A;SNRPFP4;RNU7-128P;NDUFB1P1;MIR4443;CAMP;ZNF589;MRPS18AP1;Y_RNA;FCF1P2;NME6;SPINK8;MIR2115;FBXW12;RN7SL321P;PLXNB1;CCDC51;TMA7;RP11-24C3.2;ATRIP;TREX1;SHISA5;AC104448.1;PFKFB4;UCN2;COL7A1;MIR711;UQCRC1;TMEM89;SLC26A6;CELSR3;MIR4793;LINC02585;NCKIPSD;RP11-572O6.1;IP6K2;PRKAR2A;PRKAR2A-AS1;SLC25A20;ARIH2OS;ARIH2;RP13-131K19.1;RP13-131K19.2;RP13-131K19.7;P4HTM;WDR6;DALRD3;MIR425;NDUFAF3;MIR191;IMPDH2;RP13-131K19.6;QRICH1;RN7SL182P;QARS1;USP19;LAMB2;LAMB2P1;CCDC71;KLHDC8B;CIMIP7;IHO1;GCSHP6;RP11-3B7.1;C3orf62;Y_RNA;MIR4271;USP4;GPX1;RHOA;RHOA-IT1;TCTA;AMT;NICN1-AS1;NICN1;RNA5SP130;BSN-DT;BSN;BSN-AS1;APEH;MST1;AC099668.5;RNF123;AMIGO3;GMPPB;IP6K1;COX6CP14;PHF5AP3;CDHR4;INKA1;UBA7;MIR5193;AC139451.1;TRAIP;CAMKV;RN7SL217P;ACTL11P;MST1R;CTD-2330K9.2;CTD-2330K9.3;MON1A;RBM6;RBM5;SEMA3F-AS1;SEMA3F;MIR566;GNAT1;SLC38A3;GNAI2;U73169.1;LINC03143;SEMA3B-AS1;SEMA3B;LSMEM2;IFRD2;HYAL3;NAA80;HYAL1;HYAL2;TUSC2;RASSF1;ZMYND10-AS1;ZMYND10;NPRL2;CYB561D2;XXcos-LUCA11.5;TMEM115;CACNA2D2;XXcos-LUCA11.4;RNA5SP131;C3orf18;HEMK1;CISH;MAPKAPK3;LINC02019;MIR4787;DOCK3;PPIAP69;RP11-646D13.1;ZNF652P1;ST13P14	22.7	18485	Unknome 18_Mar_2026; maximum over uniquely HGNC-mapped proteins; derived/knownness-ranks.tsv	Tbio	568	unique	0.42975589517320906	1878	True	0.009013363668166819	0.5316895412669098	NA	unresolved competing genes; gene-body association is not causal assignment	Lifelong developmental, systemic and adult explanations remain. Adult tissue expression observed (cerebral cortex); timing not identified.	27.4	cerebral cortex	not established; target mapping/primary phenotype table unavailable	Tian 2019 iPSC-derived glutamatergic neuron survival D14/D21/D28; CROP-seq D7 transcription; not cognitive performance or mature adult physiology	3.368e-21	positional;eQTL	False	False	Lee CP GCST006572 + GENCODE v19; HGNC/Unknome/Pharos/HPA separate annotations; EUR LD + GTEx DLPFC/Catalogue + chain/VEP + Tian guide coverage pilot; Savage/Genebass overlap; EA excluded	Independent ancestry-matched fine-mapping excludes rs13062429 and assigns a different variant/gene (e.g. MAP4, RPS27P30, RN7SL664P); adult-specific perturbation in the implicated cell type has no predicted functional effect despite verified engagement. Shared-signal evidence disappears on multiple-signal conditioning or complete variant coverage.	association hypothesis only; not an enhancement target
19	ENSG00000164062	APEH	19	R001	rs1131095	5.63e-21	6.756e-20	1.2777622799999999e-15	9962	12	145	MAP4;RPS27P30;RN7SL664P;RPL17P16;CDC25A;SNRPFP4;RNU7-128P;NDUFB1P1;MIR4443;CAMP;ZNF589;MRPS18AP1;Y_RNA;FCF1P2;NME6;SPINK8;MIR2115;FBXW12;RN7SL321P;PLXNB1;CCDC51;TMA7;RP11-24C3.2;ATRIP;TREX1;SHISA5;AC104448.1;PFKFB4;UCN2;COL7A1;MIR711;UQCRC1;TMEM89;SLC26A6;CELSR3;MIR4793;LINC02585;NCKIPSD;RP11-572O6.1;IP6K2;PRKAR2A;PRKAR2A-AS1;SLC25A20;ARIH2OS;ARIH2;RP13-131K19.1;RP13-131K19.2;RP13-131K19.7;P4HTM;WDR6;DALRD3;MIR425;NDUFAF3;MIR191;IMPDH2;RP13-131K19.6;QRICH1;RN7SL182P;QARS1;USP19;LAMB2;LAMB2P1;CCDC71;KLHDC8B;CIMIP7;IHO1;GCSHP6;RP11-3B7.1;C3orf62;Y_RNA;MIR4271;USP4;GPX1;RHOA;RHOA-IT1;TCTA;AMT;NICN1-AS1;NICN1;RNA5SP130;DAG1;BSN-DT;BSN;BSN-AS1;MST1;AC099668.5;RNF123;AMIGO3;GMPPB;IP6K1;COX6CP14;PHF5AP3;CDHR4;INKA1;UBA7;MIR5193;AC139451.1;TRAIP;CAMKV;RN7SL217P;ACTL11P;MST1R;CTD-2330K9.2;CTD-2330K9.3;MON1A;RBM6;RBM5;SEMA3F-AS1;SEMA3F;MIR566;GNAT1;SLC38A3;GNAI2;U73169.1;LINC03143;SEMA3B-AS1;SEMA3B;LSMEM2;IFRD2;HYAL3;NAA80;HYAL1;HYAL2;TUSC2;RASSF1;ZMYND10-AS1;ZMYND10;NPRL2;CYB561D2;XXcos-LUCA11.5;TMEM115;CACNA2D2;XXcos-LUCA11.4;RNA5SP131;C3orf18;HEMK1;CISH;MAPKAPK3;LINC02019;MIR4787;DOCK3;PPIAP69;RP11-646D13.1;ZNF652P1;ST13P14	6.8	13329	Unknome 18_Mar_2026; maximum over uniquely HGNC-mapped proteins; derived/knownness-ranks.tsv	Tchem	90	unique	0.428142361930198	1970	True	0.004138551154793152	0.41788165560306934	NA	unresolved competing genes; gene-body association is not causal assignment	Lifelong developmental, systemic and adult explanations remain. Adult tissue expression observed (cerebral cortex); timing not identified.	26.0	cerebral cortex	not established; target mapping/primary phenotype table unavailable	Tian 2019 iPSC-derived glutamatergic neuron survival D14/D21/D28; CROP-seq D7 transcription; not cognitive performance or mature adult physiology	8.2697e-21	positional;eQTL;chromatin	False	False	Lee CP GCST006572 + GENCODE v19; HGNC/Unknome/Pharos/HPA separate annotations; EUR LD + GTEx DLPFC/Catalogue + chain/VEP + Tian guide coverage pilot; Savage/Genebass overlap; EA excluded	Independent ancestry-matched fine-mapping excludes rs1131095 and assigns a different variant/gene (e.g. MAP4, RPS27P30, RN7SL664P); adult-specific perturbation in the implicated cell type has no predicted functional effect despite verified engagement. Shared-signal evidence disappears on multiple-signal conditioning or complete variant coverage.	association hypothesis only; not an enhancement target
20	ENSG00000173531	MST1	20	R001	rs13085791	1.07e-20	8.56e-20	1.6189528e-15	5555	8	145	MAP4;RPS27P30;RN7SL664P;RPL17P16;CDC25A;SNRPFP4;RNU7-128P;NDUFB1P1;MIR4443;CAMP;ZNF589;MRPS18AP1;Y_RNA;FCF1P2;NME6;SPINK8;MIR2115;FBXW12;RN7SL321P;PLXNB1;CCDC51;TMA7;RP11-24C3.2;ATRIP;TREX1;SHISA5;AC104448.1;PFKFB4;UCN2;COL7A1;MIR711;UQCRC1;TMEM89;SLC26A6;CELSR3;MIR4793;LINC02585;NCKIPSD;RP11-572O6.1;IP6K2;PRKAR2A;PRKAR2A-AS1;SLC25A20;ARIH2OS;ARIH2;RP13-131K19.1;RP13-131K19.2;RP13-131K19.7;P4HTM;WDR6;DALRD3;MIR425;NDUFAF3;MIR191;IMPDH2;RP13-131K19.6;QRICH1;RN7SL182P;QARS1;USP19;LAMB2;LAMB2P1;CCDC71;KLHDC8B;CIMIP7;IHO1;GCSHP6;RP11-3B7.1;C3orf62;Y_RNA;MIR4271;USP4;GPX1;RHOA;RHOA-IT1;TCTA;AMT;NICN1-AS1;NICN1;RNA5SP130;DAG1;BSN-DT;BSN;BSN-AS1;APEH;AC099668.5;RNF123;AMIGO3;GMPPB;IP6K1;COX6CP14;PHF5AP3;CDHR4;INKA1;UBA7;MIR5193;AC139451.1;TRAIP;CAMKV;RN7SL217P;ACTL11P;MST1R;CTD-2330K9.2;CTD-2330K9.3;MON1A;RBM6;RBM5;SEMA3F-AS1;SEMA3F;MIR566;GNAT1;SLC38A3;GNAI2;U73169.1;LINC03143;SEMA3B-AS1;SEMA3B;LSMEM2;IFRD2;HYAL3;NAA80;HYAL1;HYAL2;TUSC2;RASSF1;ZMYND10-AS1;ZMYND10;NPRL2;CYB561D2;XXcos-LUCA11.5;TMEM115;CACNA2D2;XXcos-LUCA11.4;RNA5SP131;C3orf18;HEMK1;CISH;MAPKAPK3;LINC02019;MIR4787;DOCK3;PPIAP69;RP11-646D13.1;ZNF652P1;ST13P14	3.9	9571	Unknome 18_Mar_2026; maximum over uniquely HGNC-mapped proteins; derived/knownness-ranks.tsv	Tchem	106	unique	0.428142361930198	1967	True	0.014261123644782927	0.6486049137900283	NA	unresolved competing genes; gene-body association is not causal assignment	Lifelong developmental, systemic and adult explanations remain. Adult tissue expression observed (cerebellum); timing not identified.	9.1	cerebellum	not established; target mapping/primary phenotype table unavailable	Tian 2019 iPSC-derived glutamatergic neuron survival D14/D21/D28; CROP-seq D7 transcription; not cognitive performance or mature adult physiology	2.5409e-18	positional;eQTL	False	False	Lee CP GCST006572 + GENCODE v19; HGNC/Unknome/Pharos/HPA separate annotations; EUR LD + GTEx DLPFC/Catalogue + chain/VEP + Tian guide coverage pilot; Savage/Genebass overlap; EA excluded	Independent ancestry-matched fine-mapping excludes rs13085791 and assigns a different variant/gene (e.g. MAP4, RPS27P30, RN7SL664P); adult-specific perturbation in the implicated cell type has no predicted functional effect despite verified engagement. Shared-signal evidence disappears on multiple-signal conditioning or complete variant coverage.	association hypothesis only; not an enhancement target
21	ENSG00000164061	BSN	21	R001	rs11926781	1.31e-21	2.7248e-19	5.1534142399999995e-15	117057	208	145	MAP4;RPS27P30;RN7SL664P;RPL17P16;CDC25A;SNRPFP4;RNU7-128P;NDUFB1P1;MIR4443;CAMP;ZNF589;MRPS18AP1;Y_RNA;FCF1P2;NME6;SPINK8;MIR2115;FBXW12;RN7SL321P;PLXNB1;CCDC51;TMA7;RP11-24C3.2;ATRIP;TREX1;SHISA5;AC104448.1;PFKFB4;UCN2;COL7A1;MIR711;UQCRC1;TMEM89;SLC26A6;CELSR3;MIR4793;LINC02585;NCKIPSD;RP11-572O6.1;IP6K2;PRKAR2A;PRKAR2A-AS1;SLC25A20;ARIH2OS;ARIH2;RP13-131K19.1;RP13-131K19.2;RP13-131K19.7;P4HTM;WDR6;DALRD3;MIR425;NDUFAF3;MIR191;IMPDH2;RP13-131K19.6;QRICH1;RN7SL182P;QARS1;USP19;LAMB2;LAMB2P1;CCDC71;KLHDC8B;CIMIP7;IHO1;GCSHP6;RP11-3B7.1;C3orf62;Y_RNA;MIR4271;USP4;GPX1;RHOA;RHOA-IT1;TCTA;AMT;NICN1-AS1;NICN1;RNA5SP130;DAG1;BSN-DT;BSN-AS1;APEH;MST1;AC099668.5;RNF123;AMIGO3;GMPPB;IP6K1;COX6CP14;PHF5AP3;CDHR4;INKA1;UBA7;MIR5193;AC139451.1;TRAIP;CAMKV;RN7SL217P;ACTL11P;MST1R;CTD-2330K9.2;CTD-2330K9.3;MON1A;RBM6;RBM5;SEMA3F-AS1;SEMA3F;MIR566;GNAT1;SLC38A3;GNAI2;U73169.1;LINC03143;SEMA3B-AS1;SEMA3B;LSMEM2;IFRD2;HYAL3;NAA80;HYAL1;HYAL2;TUSC2;RASSF1;ZMYND10-AS1;ZMYND10;NPRL2;CYB561D2;XXcos-LUCA11.5;TMEM115;CACNA2D2;XXcos-LUCA11.4;RNA5SP131;C3orf18;HEMK1;CISH;MAPKAPK3;LINC02019;MIR4787;DOCK3;PPIAP69;RP11-646D13.1;ZNF652P1;ST13P14	3.4	8766	Unknome 18_Mar_2026; maximum over uniquely HGNC-mapped proteins; derived/knownness-ranks.tsv	Tbio	73	unique	0.4297558951732089	1905	True	0.0041398189317673004	0.4144399508586174	NA	unresolved competing genes; gene-body association is not causal assignment	Lifelong developmental, systemic and adult explanations remain. Adult tissue expression observed (cerebellum); timing not identified.	29.1	cerebellum	not established; target mapping/primary phenotype table unavailable	Tian 2019 iPSC-derived glutamatergic neuron survival D14/D21/D28; CROP-seq D7 transcription; not cognitive performance or mature adult physiology	1.958e-26	positional;eQTL;chromatin	False	False	Lee CP GCST006572 + GENCODE v19; HGNC/Unknome/Pharos/HPA separate annotations; EUR LD + GTEx DLPFC/Catalogue + chain/VEP + Tian guide coverage pilot; Savage/Genebass overlap; EA excluded	Independent ancestry-matched fine-mapping excludes rs11926781 and assigns a different variant/gene (e.g. MAP4, RPS27P30, RN7SL664P); adult-specific perturbation in the implicated cell type has no predicted functional effect despite verified engagement. Shared-signal evidence disappears on multiple-signal conditioning or complete variant coverage.	association hypothesis only; not an enhancement target
22	ENSG00000001617	SEMA3F	22	R001	rs3774750	1.99e-20	1.7113999999999998e-18	3.2367708199999995e-14	34031	86	145	MAP4;RPS27P30;RN7SL664P;RPL17P16;CDC25A;SNRPFP4;RNU7-128P;NDUFB1P1;MIR4443;CAMP;ZNF589;MRPS18AP1;Y_RNA;FCF1P2;NME6;SPINK8;MIR2115;FBXW12;RN7SL321P;PLXNB1;CCDC51;TMA7;RP11-24C3.2;ATRIP;TREX1;SHISA5;AC104448.1;PFKFB4;UCN2;COL7A1;MIR711;UQCRC1;TMEM89;SLC26A6;CELSR3;MIR4793;LINC02585;NCKIPSD;RP11-572O6.1;IP6K2;PRKAR2A;PRKAR2A-AS1;SLC25A20;ARIH2OS;ARIH2;RP13-131K19.1;RP13-131K19.2;RP13-131K19.7;P4HTM;WDR6;DALRD3;MIR425;NDUFAF3;MIR191;IMPDH2;RP13-131K19.6;QRICH1;RN7SL182P;QARS1;USP19;LAMB2;LAMB2P1;CCDC71;KLHDC8B;CIMIP7;IHO1;GCSHP6;RP11-3B7.1;C3orf62;Y_RNA;MIR4271;USP4;GPX1;RHOA;RHOA-IT1;TCTA;AMT;NICN1-AS1;NICN1;RNA5SP130;DAG1;BSN-DT;BSN;BSN-AS1;APEH;MST1;AC099668.5;RNF123;AMIGO3;GMPPB;IP6K1;COX6CP14;PHF5AP3;CDHR4;INKA1;UBA7;MIR5193;AC139451.1;TRAIP;CAMKV;RN7SL217P;ACTL11P;MST1R;CTD-2330K9.2;CTD-2330K9.3;MON1A;RBM6;RBM5;SEMA3F-AS1;MIR566;GNAT1;SLC38A3;GNAI2;U73169.1;LINC03143;SEMA3B-AS1;SEMA3B;LSMEM2;IFRD2;HYAL3;NAA80;HYAL1;HYAL2;TUSC2;RASSF1;ZMYND10-AS1;ZMYND10;NPRL2;CYB561D2;XXcos-LUCA11.5;TMEM115;CACNA2D2;XXcos-LUCA11.4;RNA5SP131;C3orf18;HEMK1;CISH;MAPKAPK3;LINC02019;MIR4787;DOCK3;PPIAP69;RP11-646D13.1;ZNF652P1;ST13P14	10.1	15809	Unknome 18_Mar_2026; maximum over uniquely HGNC-mapped proteins; derived/knownness-ranks.tsv	Tbio	125	unique	NA	2038	True	0.043087917520891084	0.9163063714880504	NA	unresolved competing genes; gene-body association is not causal assignment	Lifelong developmental, systemic and adult explanations remain. Adult tissue expression observed (cerebral cortex); timing not identified.	5.9	cerebral cortex	not established; target mapping/primary phenotype table unavailable	Tian 2019 iPSC-derived glutamatergic neuron survival D14/D21/D28; CROP-seq D7 transcription; not cognitive performance or mature adult physiology	1.21e-14	positional;eQTL	False	False	Lee CP GCST006572 + GENCODE v19; HGNC/Unknome/Pharos/HPA separate annotations; EUR LD + GTEx DLPFC/Catalogue + chain/VEP + Tian guide coverage pilot; Savage/Genebass overlap; EA excluded	Independent ancestry-matched fine-mapping excludes rs3774750 and assigns a different variant/gene (e.g. MAP4, RPS27P30, RN7SL664P); adult-specific perturbation in the implicated cell type has no predicted functional effect despite verified engagement. Shared-signal evidence disappears on multiple-signal conditioning or complete variant coverage.	association hypothesis only; not an enhancement target
66	ENSG00000153064	BANK1	66	R003	rs13126505	1.35e-16	3.40875e-13	6.446968875e-09	663527	2525	27	PPP3CA;MIR1255A;PPP3CA-DT;RNU6-462P;MTND5P5;BANK1-AS1;SLC39A8;RN7SL728P;NFKB1-AS1;AF213884.1;AF213884.2;NFKB1;AF213884.3;MANBA;RPL21P49;LRRC37A15P;KRT8P46;RP11-10L12.1;WDR12P1;UBE2D3;UBE2D3-AS1;RNU7-151P;snoU13;CISD2;SLC9B1;PABPC1P7;ACTR3BP4	9.0	15175	Unknome 18_Mar_2026; maximum over uniquely HGNC-mapped proteins; derived/knownness-ranks.tsv	Tbio	83	unique	0.5115416121002265	2470	True	0.0070185833274879475	0.47748382408600354	NA	unresolved competing genes; gene-body association is not causal assignment	Lifelong developmental, systemic and adult explanations remain. Adult tissue expression observed (cerebellum); timing not identified.	1.9	cerebellum	not established; target mapping/primary phenotype table unavailable	Tian 2019 iPSC-derived glutamatergic neuron survival D14/D21/D28; CROP-seq D7 transcription; not cognitive performance or mature adult physiology	NA	positional	False	False	Lee CP GCST006572 + GENCODE v19; HGNC/Unknome/Pharos/HPA separate annotations; EUR LD + GTEx DLPFC/Catalogue + chain/VEP + Tian guide coverage pilot; Savage/Genebass overlap; EA excluded	Independent ancestry-matched fine-mapping excludes rs13126505 and assigns a different variant/gene (e.g. PPP3CA, MIR1255A, PPP3CA-DT); adult-specific perturbation in the implicated cell type has no predicted functional effect despite verified engagement. Shared-signal evidence disappears on multiple-signal conditioning or complete variant coverage.	association hypothesis only; not an enhancement target
109	ENSG00000173540	GMPPB	109	R001	rs4768	8.18e-12	8.179999999999999e-11	1.5470834e-06	7108	10	145	MAP4;RPS27P30;RN7SL664P;RPL17P16;CDC25A;SNRPFP4;RNU7-128P;NDUFB1P1;MIR4443;CAMP;ZNF589;MRPS18AP1;Y_RNA;FCF1P2;NME6;SPINK8;MIR2115;FBXW12;RN7SL321P;PLXNB1;CCDC51;TMA7;RP11-24C3.2;ATRIP;TREX1;SHISA5;AC104448.1;PFKFB4;UCN2;COL7A1;MIR711;UQCRC1;TMEM89;SLC26A6;CELSR3;MIR4793;LINC02585;NCKIPSD;RP11-572O6.1;IP6K2;PRKAR2A;PRKAR2A-AS1;SLC25A20;ARIH2OS;ARIH2;RP13-131K19.1;RP13-131K19.2;RP13-131K19.7;P4HTM;WDR6;DALRD3;MIR425;NDUFAF3;MIR191;IMPDH2;RP13-131K19.6;QRICH1;RN7SL182P;QARS1;USP19;LAMB2;LAMB2P1;CCDC71;KLHDC8B;CIMIP7;IHO1;GCSHP6;RP11-3B7.1;C3orf62;Y_RNA;MIR4271;USP4;GPX1;RHOA;RHOA-IT1;TCTA;AMT;NICN1-AS1;NICN1;RNA5SP130;DAG1;BSN-DT;BSN;BSN-AS1;APEH;MST1;AC099668.5;RNF123;AMIGO3;IP6K1;COX6CP14;PHF5AP3;CDHR4;INKA1;UBA7;MIR5193;AC139451.1;TRAIP;CAMKV;RN7SL217P;ACTL11P;MST1R;CTD-2330K9.2;CTD-2330K9.3;MON1A;RBM6;RBM5;SEMA3F-AS1;SEMA3F;MIR566;GNAT1;SLC38A3;GNAI2;U73169.1;LINC03143;SEMA3B-AS1;SEMA3B;LSMEM2;IFRD2;HYAL3;NAA80;HYAL1;HYAL2;TUSC2;RASSF1;ZMYND10-AS1;ZMYND10;NPRL2;CYB561D2;XXcos-LUCA11.5;TMEM115;CACNA2D2;XXcos-LUCA11.4;RNA5SP131;C3orf18;HEMK1;CISH;MAPKAPK3;LINC02019;MIR4787;DOCK3;PPIAP69;RP11-646D13.1;ZNF652P1;ST13P14	5.9	12348	Unknome 18_Mar_2026; maximum over uniquely HGNC-mapped proteins; derived/knownness-ranks.tsv	Tbio	62	unique	0.4811702316520797	1970	True	2.3461020057582475e-05	0.3918320071217886	NA	unresolved competing genes; gene-body association is not causal assignment	Lifelong developmental, systemic and adult explanations remain. Adult tissue expression observed (cerebral cortex); timing not identified.	9.7	cerebral cortex	not established; target mapping/primary phenotype table unavailable	Tian 2019 iPSC-derived glutamatergic neuron survival D14/D21/D28; CROP-seq D7 transcription; not cognitive performance or mature adult physiology	NA	positional;eQTL	False	False	Lee CP GCST006572 + GENCODE v19; HGNC/Unknome/Pharos/HPA separate annotations; EUR LD + GTEx DLPFC/Catalogue + chain/VEP + Tian guide coverage pilot; Savage/Genebass overlap; EA excluded	Independent ancestry-matched fine-mapping excludes rs4768 and assigns a different variant/gene (e.g. MAP4, RPS27P30, RN7SL664P); adult-specific perturbation in the implicated cell type has no predicted functional effect despite verified engagement. Shared-signal evidence disappears on multiple-signal conditioning or complete variant coverage.	association hypothesis only; not an enhancement target
110	ENSG00000176020	AMIGO3	110	R001	rs4768	8.18e-12	8.179999999999999e-11	1.5470834e-06	7083	10	145	MAP4;RPS27P30;RN7SL664P;RPL17P16;CDC25A;SNRPFP4;RNU7-128P;NDUFB1P1;MIR4443;CAMP;ZNF589;MRPS18AP1;Y_RNA;FCF1P2;NME6;SPINK8;MIR2115;FBXW12;RN7SL321P;PLXNB1;CCDC51;TMA7;RP11-24C3.2;ATRIP;TREX1;SHISA5;AC104448.1;PFKFB4;UCN2;COL7A1;MIR711;UQCRC1;TMEM89;SLC26A6;CELSR3;MIR4793;LINC02585;NCKIPSD;RP11-572O6.1;IP6K2;PRKAR2A;PRKAR2A-AS1;SLC25A20;ARIH2OS;ARIH2;RP13-131K19.1;RP13-131K19.2;RP13-131K19.7;P4HTM;WDR6;DALRD3;MIR425;NDUFAF3;MIR191;IMPDH2;RP13-131K19.6;QRICH1;RN7SL182P;QARS1;USP19;LAMB2;LAMB2P1;CCDC71;KLHDC8B;CIMIP7;IHO1;GCSHP6;RP11-3B7.1;C3orf62;Y_RNA;MIR4271;USP4;GPX1;RHOA;RHOA-IT1;TCTA;AMT;NICN1-AS1;NICN1;RNA5SP130;DAG1;BSN-DT;BSN;BSN-AS1;APEH;MST1;AC099668.5;RNF123;GMPPB;IP6K1;COX6CP14;PHF5AP3;CDHR4;INKA1;UBA7;MIR5193;AC139451.1;TRAIP;CAMKV;RN7SL217P;ACTL11P;MST1R;CTD-2330K9.2;CTD-2330K9.3;MON1A;RBM6;RBM5;SEMA3F-AS1;SEMA3F;MIR566;GNAT1;SLC38A3;GNAI2;U73169.1;LINC03143;SEMA3B-AS1;SEMA3B;LSMEM2;IFRD2;HYAL3;NAA80;HYAL1;HYAL2;TUSC2;RASSF1;ZMYND10-AS1;ZMYND10;NPRL2;CYB561D2;XXcos-LUCA11.5;TMEM115;CACNA2D2;XXcos-LUCA11.4;RNA5SP131;C3orf18;HEMK1;CISH;MAPKAPK3;LINC02019;MIR4787;DOCK3;PPIAP69;RP11-646D13.1;ZNF652P1;ST13P14	2.0	6082	Unknome 18_Mar_2026; maximum over uniquely HGNC-mapped proteins; derived/knownness-ranks.tsv	Tbio	12	unique	0.4811702316520797	0	False	NA	NA	NA	unresolved competing genes; gene-body association is not causal assignment	Lifelong developmental, systemic and adult explanations remain. Adult tissue expression observed (hypothalamus); timing not identified.	1.8	hypothalamus	not established; target mapping/primary phenotype table unavailable	Tian 2019 iPSC-derived glutamatergic neuron survival D14/D21/D28; CROP-seq D7 transcription; not cognitive performance or mature adult physiology	NA	positional;eQTL	False	False	Lee CP GCST006572 + GENCODE v19; HGNC/Unknome/Pharos/HPA separate annotations; EUR LD + GTEx DLPFC/Catalogue + chain/VEP + Tian guide coverage pilot; Savage/Genebass overlap; EA excluded	Independent ancestry-matched fine-mapping excludes rs4768 and assigns a different variant/gene (e.g. MAP4, RPS27P30, RN7SL664P); adult-specific perturbation in the implicated cell type has no predicted functional effect despite verified engagement. Shared-signal evidence disappears on multiple-signal conditioning or complete variant coverage.	association hypothesis only; not an enhancement target
138	ENSG00000188315	C3orf62	138	R001	rs56306491	4.38e-11	7.008e-10	1.32542304e-05	9308	16	145	MAP4;RPS27P30;RN7SL664P;RPL17P16;CDC25A;SNRPFP4;RNU7-128P;NDUFB1P1;MIR4443;CAMP;ZNF589;MRPS18AP1;Y_RNA;FCF1P2;NME6;SPINK8;MIR2115;FBXW12;RN7SL321P;PLXNB1;CCDC51;TMA7;RP11-24C3.2;ATRIP;TREX1;SHISA5;AC104448.1;PFKFB4;UCN2;COL7A1;MIR711;UQCRC1;TMEM89;SLC26A6;CELSR3;MIR4793;LINC02585;NCKIPSD;RP11-572O6.1;IP6K2;PRKAR2A;PRKAR2A-AS1;SLC25A20;ARIH2OS;ARIH2;RP13-131K19.1;RP13-131K19.2;RP13-131K19.7;P4HTM;WDR6;DALRD3;MIR425;NDUFAF3;MIR191;IMPDH2;RP13-131K19.6;QRICH1;RN7SL182P;QARS1;USP19;LAMB2;LAMB2P1;CCDC71;KLHDC8B;CIMIP7;IHO1;GCSHP6;RP11-3B7.1;Y_RNA;MIR4271;USP4;GPX1;RHOA;RHOA-IT1;TCTA;AMT;NICN1-AS1;NICN1;RNA5SP130;DAG1;BSN-DT;BSN;BSN-AS1;APEH;MST1;AC099668.5;RNF123;AMIGO3;GMPPB;IP6K1;COX6CP14;PHF5AP3;CDHR4;INKA1;UBA7;MIR5193;AC139451.1;TRAIP;CAMKV;RN7SL217P;ACTL11P;MST1R;CTD-2330K9.2;CTD-2330K9.3;MON1A;RBM6;RBM5;SEMA3F-AS1;SEMA3F;MIR566;GNAT1;SLC38A3;GNAI2;U73169.1;LINC03143;SEMA3B-AS1;SEMA3B;LSMEM2;IFRD2;HYAL3;NAA80;HYAL1;HYAL2;TUSC2;RASSF1;ZMYND10-AS1;ZMYND10;NPRL2;CYB561D2;XXcos-LUCA11.5;TMEM115;CACNA2D2;XXcos-LUCA11.4;RNA5SP131;C3orf18;HEMK1;CISH;MAPKAPK3;LINC02019;MIR4787;DOCK3;PPIAP69;RP11-646D13.1;ZNF652P1;ST13P14	0.5	1903	Unknome 18_Mar_2026; maximum over uniquely HGNC-mapped proteins; derived/knownness-ranks.tsv	Tdark	20	unique	0.09888565156279817	1926	True	0.0020440929997371715	0.420848700562148	NA	unresolved competing genes; gene-body association is not causal assignment	Lifelong developmental, systemic and adult explanations remain. Adult tissue expression observed (cerebellum); timing not identified.	10.4	cerebellum	not established; target mapping/primary phenotype table unavailable	Tian 2019 iPSC-derived glutamatergic neuron survival D14/D21/D28; CROP-seq D7 transcription; not cognitive performance or mature adult physiology	9.3286e-13	positional;eQTL;chromatin	False	False	Lee CP GCST006572 + GENCODE v19; HGNC/Unknome/Pharos/HPA separate annotations; EUR LD + GTEx DLPFC/Catalogue + chain/VEP + Tian guide coverage pilot; Savage/Genebass overlap; EA excluded	Independent ancestry-matched fine-mapping excludes rs56306491 and assigns a different variant/gene (e.g. MAP4, RPS27P30, RN7SL664P); adult-specific perturbation in the implicated cell type has no predicted functional effect despite verified engagement. Shared-signal evidence disappears on multiple-signal conditioning or complete variant coverage.	association hypothesis only; not an enhancement target
151	ENSG00000178035	IMPDH2	151	R001	rs11706052	3.1e-10	2.17e-09	4.1041210000000003e-05	5084	7	145	MAP4;RPS27P30;RN7SL664P;RPL17P16;CDC25A;SNRPFP4;RNU7-128P;NDUFB1P1;MIR4443;CAMP;ZNF589;MRPS18AP1;Y_RNA;FCF1P2;NME6;SPINK8;MIR2115;FBXW12;RN7SL321P;PLXNB1;CCDC51;TMA7;RP11-24C3.2;ATRIP;TREX1;SHISA5;AC104448.1;PFKFB4;UCN2;COL7A1;MIR711;UQCRC1;TMEM89;SLC26A6;CELSR3;MIR4793;LINC02585;NCKIPSD;RP11-572O6.1;IP6K2;PRKAR2A;PRKAR2A-AS1;SLC25A20;ARIH2OS;ARIH2;RP13-131K19.1;RP13-131K19.2;RP13-131K19.7;P4HTM;WDR6;DALRD3;MIR425;NDUFAF3;MIR191;RP13-131K19.6;QRICH1;RN7SL182P;QARS1;USP19;LAMB2;LAMB2P1;CCDC71;KLHDC8B;CIMIP7;IHO1;GCSHP6;RP11-3B7.1;C3orf62;Y_RNA;MIR4271;USP4;GPX1;RHOA;RHOA-IT1;TCTA;AMT;NICN1-AS1;NICN1;RNA5SP130;DAG1;BSN-DT;BSN;BSN-AS1;APEH;MST1;AC099668.5;RNF123;AMIGO3;GMPPB;IP6K1;COX6CP14;PHF5AP3;CDHR4;INKA1;UBA7;MIR5193;AC139451.1;TRAIP;CAMKV;RN7SL217P;ACTL11P;MST1R;CTD-2330K9.2;CTD-2330K9.3;MON1A;RBM6;RBM5;SEMA3F-AS1;SEMA3F;MIR566;GNAT1;SLC38A3;GNAI2;U73169.1;LINC03143;SEMA3B-AS1;SEMA3B;LSMEM2;IFRD2;HYAL3;NAA80;HYAL1;HYAL2;TUSC2;RASSF1;ZMYND10-AS1;ZMYND10;NPRL2;CYB561D2;XXcos-LUCA11.5;TMEM115;CACNA2D2;XXcos-LUCA11.4;RNA5SP131;C3orf18;HEMK1;CISH;MAPKAPK3;LINC02019;MIR4787;DOCK3;PPIAP69;RP11-646D13.1;ZNF652P1;ST13P14	5.1	11329	Unknome 18_Mar_2026; maximum over uniquely HGNC-mapped proteins; derived/knownness-ranks.tsv	Tclin	366	unique	0.10694573191242092	1844	True	0.004132443494339995	0.42640703644825145	NA	unresolved competing genes; gene-body association is not causal assignment	Lifelong developmental, systemic and adult explanations remain. Adult tissue expression observed (spinal cord); timing not identified.	52.0	spinal cord	not established; target mapping/primary phenotype table unavailable	Tian 2019 iPSC-derived glutamatergic neuron survival D14/D21/D28; CROP-seq D7 transcription; not cognitive performance or mature adult physiology	2.6297e-08	positional;eQTL	False	False	Lee CP GCST006572 + GENCODE v19; HGNC/Unknome/Pharos/HPA separate annotations; EUR LD + GTEx DLPFC/Catalogue + chain/VEP + Tian guide coverage pilot; Savage/Genebass overlap; EA excluded	Independent ancestry-matched fine-mapping excludes rs11706052 and assigns a different variant/gene (e.g. MAP4, RPS27P30, RN7SL664P); adult-specific perturbation in the implicated cell type has no predicted functional effect despite verified engagement. Shared-signal evidence disappears on multiple-signal conditioning or complete variant coverage.	association hypothesis only; not an enhancement target
154	ENSG00000178252	WDR6	154	R001	rs71324929	2.54e-10	2.54e-09	4.803902e-05	8892	10	145	MAP4;RPS27P30;RN7SL664P;RPL17P16;CDC25A;SNRPFP4;RNU7-128P;NDUFB1P1;MIR4443;CAMP;ZNF589;MRPS18AP1;Y_RNA;FCF1P2;NME6;SPINK8;MIR2115;FBXW12;RN7SL321P;PLXNB1;CCDC51;TMA7;RP11-24C3.2;ATRIP;TREX1;SHISA5;AC104448.1;PFKFB4;UCN2;COL7A1;MIR711;UQCRC1;TMEM89;SLC26A6;CELSR3;MIR4793;LINC02585;NCKIPSD;RP11-572O6.1;IP6K2;PRKAR2A;PRKAR2A-AS1;SLC25A20;ARIH2OS;ARIH2;RP13-131K19.1;RP13-131K19.2;RP13-131K19.7;P4HTM;DALRD3;MIR425;NDUFAF3;MIR191;IMPDH2;RP13-131K19.6;QRICH1;RN7SL182P;QARS1;USP19;LAMB2;LAMB2P1;CCDC71;KLHDC8B;CIMIP7;IHO1;GCSHP6;RP11-3B7.1;C3orf62;Y_RNA;MIR4271;USP4;GPX1;RHOA;RHOA-IT1;TCTA;AMT;NICN1-AS1;NICN1;RNA5SP130;DAG1;BSN-DT;BSN;BSN-AS1;APEH;MST1;AC099668.5;RNF123;AMIGO3;GMPPB;IP6K1;COX6CP14;PHF5AP3;CDHR4;INKA1;UBA7;MIR5193;AC139451.1;TRAIP;CAMKV;RN7SL217P;ACTL11P;MST1R;CTD-2330K9.2;CTD-2330K9.3;MON1A;RBM6;RBM5;SEMA3F-AS1;SEMA3F;MIR566;GNAT1;SLC38A3;GNAI2;U73169.1;LINC03143;SEMA3B-AS1;SEMA3B;LSMEM2;IFRD2;HYAL3;NAA80;HYAL1;HYAL2;TUSC2;RASSF1;ZMYND10-AS1;ZMYND10;NPRL2;CYB561D2;XXcos-LUCA11.5;TMEM115;CACNA2D2;XXcos-LUCA11.4;RNA5SP131;C3orf18;HEMK1;CISH;MAPKAPK3;LINC02019;MIR4787;DOCK3;PPIAP69;RP11-646D13.1;ZNF652P1;ST13P14	6.6	13122	Unknome 18_Mar_2026; maximum over uniquely HGNC-mapped proteins; derived/knownness-ranks.tsv	Tbio	149	unique	0.09415463943907063	1821	True	0.002080138218741964	0.4172369831388029	NA	unresolved competing genes; gene-body association is not causal assignment	Lifelong developmental, systemic and adult explanations remain. Adult tissue expression observed (cerebellum); timing not identified.	80.1	cerebellum	not established; target mapping/primary phenotype table unavailable	Tian 2019 iPSC-derived glutamatergic neuron survival D14/D21/D28; CROP-seq D7 transcription; not cognitive performance or mature adult physiology	1.7761e-07	positional;eQTL	False	False	Lee CP GCST006572 + GENCODE v19; HGNC/Unknome/Pharos/HPA separate annotations; EUR LD + GTEx DLPFC/Catalogue + chain/VEP + Tian guide coverage pilot; Savage/Genebass overlap; EA excluded	Independent ancestry-matched fine-mapping excludes rs71324929 and assigns a different variant/gene (e.g. MAP4, RPS27P30, RN7SL664P); adult-specific perturbation in the implicated cell type has no predicted functional effect despite verified engagement. Shared-signal evidence disappears on multiple-signal conditioning or complete variant coverage.	association hypothesis only; not an enhancement target
155	ENSG00000185909	KLHDC8B	155	R001	rs34571182	2.54e-10	2.54e-09	4.803902e-05	4874	10	145	MAP4;RPS27P30;RN7SL664P;RPL17P16;CDC25A;SNRPFP4;RNU7-128P;NDUFB1P1;MIR4443;CAMP;ZNF589;MRPS18AP1;Y_RNA;FCF1P2;NME6;SPINK8;MIR2115;FBXW12;RN7SL321P;PLXNB1;CCDC51;TMA7;RP11-24C3.2;ATRIP;TREX1;SHISA5;AC104448.1;PFKFB4;UCN2;COL7A1;MIR711;UQCRC1;TMEM89;SLC26A6;CELSR3;MIR4793;LINC02585;NCKIPSD;RP11-572O6.1;IP6K2;PRKAR2A;PRKAR2A-AS1;SLC25A20;ARIH2OS;ARIH2;RP13-131K19.1;RP13-131K19.2;RP13-131K19.7;P4HTM;WDR6;DALRD3;MIR425;NDUFAF3;MIR191;IMPDH2;RP13-131K19.6;QRICH1;RN7SL182P;QARS1;USP19;LAMB2;LAMB2P1;CCDC71;CIMIP7;IHO1;GCSHP6;RP11-3B7.1;C3orf62;Y_RNA;MIR4271;USP4;GPX1;RHOA;RHOA-IT1;TCTA;AMT;NICN1-AS1;NICN1;RNA5SP130;DAG1;BSN-DT;BSN;BSN-AS1;APEH;MST1;AC099668.5;RNF123;AMIGO3;GMPPB;IP6K1;COX6CP14;PHF5AP3;CDHR4;INKA1;UBA7;MIR5193;AC139451.1;TRAIP;CAMKV;RN7SL217P;ACTL11P;MST1R;CTD-2330K9.2;CTD-2330K9.3;MON1A;RBM6;RBM5;SEMA3F-AS1;SEMA3F;MIR566;GNAT1;SLC38A3;GNAI2;U73169.1;LINC03143;SEMA3B-AS1;SEMA3B;LSMEM2;IFRD2;HYAL3;NAA80;HYAL1;HYAL2;TUSC2;RASSF1;ZMYND10-AS1;ZMYND10;NPRL2;CYB561D2;XXcos-LUCA11.5;TMEM115;CACNA2D2;XXcos-LUCA11.4;RNA5SP131;C3orf18;HEMK1;CISH;MAPKAPK3;LINC02019;MIR4787;DOCK3;PPIAP69;RP11-646D13.1;ZNF652P1;ST13P14	3.9	9571	Unknome 18_Mar_2026; maximum over uniquely HGNC-mapped proteins; derived/knownness-ranks.tsv	Tbio	19	unique	NA	1908	True	0.004045633460016562	0.40952721213897336	NA	unresolved competing genes; gene-body association is not causal assignment	Lifelong developmental, systemic and adult explanations remain. Adult tissue expression observed (hypothalamus); timing not identified.	19.2	hypothalamus	not established; target mapping/primary phenotype table unavailable	Tian 2019 iPSC-derived glutamatergic neuron survival D14/D21/D28; CROP-seq D7 transcription; not cognitive performance or mature adult physiology	1.6389e-11	positional;eQTL	False	False	Lee CP GCST006572 + GENCODE v19; HGNC/Unknome/Pharos/HPA separate annotations; EUR LD + GTEx DLPFC/Catalogue + chain/VEP + Tian guide coverage pilot; Savage/Genebass overlap; EA excluded	Independent ancestry-matched fine-mapping excludes rs34571182 and assigns a different variant/gene (e.g. MAP4, RPS27P30, RN7SL664P); adult-specific perturbation in the implicated cell type has no predicted functional effect despite verified engagement. Shared-signal evidence disappears on multiple-signal conditioning or complete variant coverage.	association hypothesis only; not an enhancement target
160	ENSG00000114349	GNAT1	160	R001	rs11919418	7.81e-10	3.124e-09	5.9084212e-05	4905	4	145	MAP4;RPS27P30;RN7SL664P;RPL17P16;CDC25A;SNRPFP4;RNU7-128P;NDUFB1P1;MIR4443;CAMP;ZNF589;MRPS18AP1;Y_RNA;FCF1P2;NME6;SPINK8;MIR2115;FBXW12;RN7SL321P;PLXNB1;CCDC51;TMA7;RP11-24C3.2;ATRIP;TREX1;SHISA5;AC104448.1;PFKFB4;UCN2;COL7A1;MIR711;UQCRC1;TMEM89;SLC26A6;CELSR3;MIR4793;LINC02585;NCKIPSD;RP11-572O6.1;IP6K2;PRKAR2A;PRKAR2A-AS1;SLC25A20;ARIH2OS;ARIH2;RP13-131K19.1;RP13-131K19.2;RP13-131K19.7;P4HTM;WDR6;DALRD3;MIR425;NDUFAF3;MIR191;IMPDH2;RP13-131K19.6;QRICH1;RN7SL182P;QARS1;USP19;LAMB2;LAMB2P1;CCDC71;KLHDC8B;CIMIP7;IHO1;GCSHP6;RP11-3B7.1;C3orf62;Y_RNA;MIR4271;USP4;GPX1;RHOA;RHOA-IT1;TCTA;AMT;NICN1-AS1;NICN1;RNA5SP130;DAG1;BSN-DT;BSN;BSN-AS1;APEH;MST1;AC099668.5;RNF123;AMIGO3;GMPPB;IP6K1;COX6CP14;PHF5AP3;CDHR4;INKA1;UBA7;MIR5193;AC139451.1;TRAIP;CAMKV;RN7SL217P;ACTL11P;MST1R;CTD-2330K9.2;CTD-2330K9.3;MON1A;RBM6;RBM5;SEMA3F-AS1;SEMA3F;MIR566;SLC38A3;GNAI2;U73169.1;LINC03143;SEMA3B-AS1;SEMA3B;LSMEM2;IFRD2;HYAL3;NAA80;HYAL1;HYAL2;TUSC2;RASSF1;ZMYND10-AS1;ZMYND10;NPRL2;CYB561D2;XXcos-LUCA11.5;TMEM115;CACNA2D2;XXcos-LUCA11.4;RNA5SP131;C3orf18;HEMK1;CISH;MAPKAPK3;LINC02019;MIR4787;DOCK3;PPIAP69;RP11-646D13.1;ZNF652P1;ST13P14	12.0	16648	Unknome 18_Mar_2026; maximum over uniquely HGNC-mapped proteins; derived/knownness-ranks.tsv	Tbio	87	unique	0.1915690077277939	0	False	NA	NA	NA	unresolved competing genes; gene-body association is not causal assignment	Lifelong developmental, systemic and adult explanations remain. Adult tissue expression observed (cerebral cortex); timing not identified.	0.2	cerebral cortex	not established; target mapping/primary phenotype table unavailable	Tian 2019 iPSC-derived glutamatergic neuron survival D14/D21/D28; CROP-seq D7 transcription; not cognitive performance or mature adult physiology	9.5092e-10	positional;chromatin	False	False	Lee CP GCST006572 + GENCODE v19; HGNC/Unknome/Pharos/HPA separate annotations; EUR LD + GTEx DLPFC/Catalogue + chain/VEP + Tian guide coverage pilot; Savage/Genebass overlap; EA excluded	Independent ancestry-matched fine-mapping excludes rs11919418 and assigns a different variant/gene (e.g. MAP4, RPS27P30, RN7SL664P); adult-specific perturbation in the implicated cell type has no predicted functional effect despite verified engagement. Shared-signal evidence disappears on multiple-signal conditioning or complete variant coverage.	association hypothesis only; not an enhancement target
171	ENSG00000178537	SLC25A20	171	R001	rs112837572	9.58e-11	4.9815999999999994e-09	9.42170008e-05	42058	52	145	MAP4;RPS27P30;RN7SL664P;RPL17P16;CDC25A;SNRPFP4;RNU7-128P;NDUFB1P1;MIR4443;CAMP;ZNF589;MRPS18AP1;Y_RNA;FCF1P2;NME6;SPINK8;MIR2115;FBXW12;RN7SL321P;PLXNB1;CCDC51;TMA7;RP11-24C3.2;ATRIP;TREX1;SHISA5;AC104448.1;PFKFB4;UCN2;COL7A1;MIR711;UQCRC1;TMEM89;SLC26A6;CELSR3;MIR4793;LINC02585;NCKIPSD;RP11-572O6.1;IP6K2;PRKAR2A;PRKAR2A-AS1;ARIH2OS;ARIH2;RP13-131K19.1;RP13-131K19.2;RP13-131K19.7;P4HTM;WDR6;DALRD3;MIR425;NDUFAF3;MIR191;IMPDH2;RP13-131K19.6;QRICH1;RN7SL182P;QARS1;USP19;LAMB2;LAMB2P1;CCDC71;KLHDC8B;CIMIP7;IHO1;GCSHP6;RP11-3B7.1;C3orf62;Y_RNA;MIR4271;USP4;GPX1;RHOA;RHOA-IT1;TCTA;AMT;NICN1-AS1;NICN1;RNA5SP130;DAG1;BSN-DT;BSN;BSN-AS1;APEH;MST1;AC099668.5;RNF123;AMIGO3;GMPPB;IP6K1;COX6CP14;PHF5AP3;CDHR4;INKA1;UBA7;MIR5193;AC139451.1;TRAIP;CAMKV;RN7SL217P;ACTL11P;MST1R;CTD-2330K9.2;CTD-2330K9.3;MON1A;RBM6;RBM5;SEMA3F-AS1;SEMA3F;MIR566;GNAT1;SLC38A3;GNAI2;U73169.1;LINC03143;SEMA3B-AS1;SEMA3B;LSMEM2;IFRD2;HYAL3;NAA80;HYAL1;HYAL2;TUSC2;RASSF1;ZMYND10-AS1;ZMYND10;NPRL2;CYB561D2;XXcos-LUCA11.5;TMEM115;CACNA2D2;XXcos-LUCA11.4;RNA5SP131;C3orf18;HEMK1;CISH;MAPKAPK3;LINC02019;MIR4787;DOCK3;PPIAP69;RP11-646D13.1;ZNF652P1;ST13P14	4.2	10017	Unknome 18_Mar_2026; maximum over uniquely HGNC-mapped proteins; derived/knownness-ranks.tsv	Tbio	85	unique	0.09888565156279817	1686	True	0.007801019306819415	0.5126737414049014	NA	unresolved competing genes; gene-body association is not causal assignment	Lifelong developmental, systemic and adult explanations remain. Adult tissue expression observed (basal ganglia); timing not identified.	16.8	basal ganglia	not established; target mapping/primary phenotype table unavailable	Tian 2019 iPSC-derived glutamatergic neuron survival D14/D21/D28; CROP-seq D7 transcription; not cognitive performance or mature adult physiology	2.0221e-06	positional	False	False	Lee CP GCST006572 + GENCODE v19; HGNC/Unknome/Pharos/HPA separate annotations; EUR LD + GTEx DLPFC/Catalogue + chain/VEP + Tian guide coverage pilot; Savage/Genebass overlap; EA excluded	Independent ancestry-matched fine-mapping excludes rs112837572 and assigns a different variant/gene (e.g. MAP4, RPS27P30, RN7SL664P); adult-specific perturbation in the implicated cell type has no predicted functional effect despite verified engagement. Shared-signal evidence disappears on multiple-signal conditioning or complete variant coverage.	association hypothesis only; not an enhancement target
173	ENSG00000172046	USP19	173	R001	rs11552724	3.1e-10	5.27e-09	9.967151000000001e-05	12893	17	145	MAP4;RPS27P30;RN7SL664P;RPL17P16;CDC25A;SNRPFP4;RNU7-128P;NDUFB1P1;MIR4443;CAMP;ZNF589;MRPS18AP1;Y_RNA;FCF1P2;NME6;SPINK8;MIR2115;FBXW12;RN7SL321P;PLXNB1;CCDC51;TMA7;RP11-24C3.2;ATRIP;TREX1;SHISA5;AC104448.1;PFKFB4;UCN2;COL7A1;MIR711;UQCRC1;TMEM89;SLC26A6;CELSR3;MIR4793;LINC02585;NCKIPSD;RP11-572O6.1;IP6K2;PRKAR2A;PRKAR2A-AS1;SLC25A20;ARIH2OS;ARIH2;RP13-131K19.1;RP13-131K19.2;RP13-131K19.7;P4HTM;WDR6;DALRD3;MIR425;NDUFAF3;MIR191;IMPDH2;RP13-131K19.6;QRICH1;RN7SL182P;QARS1;LAMB2;LAMB2P1;CCDC71;KLHDC8B;CIMIP7;IHO1;GCSHP6;RP11-3B7.1;C3orf62;Y_RNA;MIR4271;USP4;GPX1;RHOA;RHOA-IT1;TCTA;AMT;NICN1-AS1;NICN1;RNA5SP130;DAG1;BSN-DT;BSN;BSN-AS1;APEH;MST1;AC099668.5;RNF123;AMIGO3;GMPPB;IP6K1;COX6CP14;PHF5AP3;CDHR4;INKA1;UBA7;MIR5193;AC139451.1;TRAIP;CAMKV;RN7SL217P;ACTL11P;MST1R;CTD-2330K9.2;CTD-2330K9.3;MON1A;RBM6;RBM5;SEMA3F-AS1;SEMA3F;MIR566;GNAT1;SLC38A3;GNAI2;U73169.1;LINC03143;SEMA3B-AS1;SEMA3B;LSMEM2;IFRD2;HYAL3;NAA80;HYAL1;HYAL2;TUSC2;RASSF1;ZMYND10-AS1;ZMYND10;NPRL2;CYB561D2;XXcos-LUCA11.5;TMEM115;CACNA2D2;XXcos-LUCA11.4;RNA5SP131;C3orf18;HEMK1;CISH;MAPKAPK3;LINC02019;MIR4787;DOCK3;PPIAP69;RP11-646D13.1;ZNF652P1;ST13P14	12.0	16648	Unknome 18_Mar_2026; maximum over uniquely HGNC-mapped proteins; derived/knownness-ranks.tsv	Tchem	115	unique	NA	1893	True	0.005576073308368275	0.4590095373879938	NA	unresolved competing genes; gene-body association is not causal assignment	Lifelong developmental, systemic and adult explanations remain. Adult tissue expression observed (cerebellum); timing not identified.	18.3	cerebellum	not established; target mapping/primary phenotype table unavailable	Tian 2019 iPSC-derived glutamatergic neuron survival D14/D21/D28; CROP-seq D7 transcription; not cognitive performance or mature adult physiology	1.0081e-06	positional;chromatin	False	False	Lee CP GCST006572 + GENCODE v19; HGNC/Unknome/Pharos/HPA separate annotations; EUR LD + GTEx DLPFC/Catalogue + chain/VEP + Tian guide coverage pilot; Savage/Genebass overlap; EA excluded	Independent ancestry-matched fine-mapping excludes rs11552724 and assigns a different variant/gene (e.g. MAP4, RPS27P30, RN7SL664P); adult-specific perturbation in the implicated cell type has no predicted functional effect despite verified engagement. Shared-signal evidence disappears on multiple-signal conditioning or complete variant coverage.	association hypothesis only; not an enhancement target
175	ENSG00000172053	QARS1	175	R001	rs35673421	4.12e-10	5.356e-09	0.000101298028	9189	13	145	MAP4;RPS27P30;RN7SL664P;RPL17P16;CDC25A;SNRPFP4;RNU7-128P;NDUFB1P1;MIR4443;CAMP;ZNF589;MRPS18AP1;Y_RNA;FCF1P2;NME6;SPINK8;MIR2115;FBXW12;RN7SL321P;PLXNB1;CCDC51;TMA7;RP11-24C3.2;ATRIP;TREX1;SHISA5;AC104448.1;PFKFB4;UCN2;COL7A1;MIR711;UQCRC1;TMEM89;SLC26A6;CELSR3;MIR4793;LINC02585;NCKIPSD;RP11-572O6.1;IP6K2;PRKAR2A;PRKAR2A-AS1;SLC25A20;ARIH2OS;ARIH2;RP13-131K19.1;RP13-131K19.2;RP13-131K19.7;P4HTM;WDR6;DALRD3;MIR425;NDUFAF3;MIR191;IMPDH2;RP13-131K19.6;QRICH1;RN7SL182P;USP19;LAMB2;LAMB2P1;CCDC71;KLHDC8B;CIMIP7;IHO1;GCSHP6;RP11-3B7.1;C3orf62;Y_RNA;MIR4271;USP4;GPX1;RHOA;RHOA-IT1;TCTA;AMT;NICN1-AS1;NICN1;RNA5SP130;DAG1;BSN-DT;BSN;BSN-AS1;APEH;MST1;AC099668.5;RNF123;AMIGO3;GMPPB;IP6K1;COX6CP14;PHF5AP3;CDHR4;INKA1;UBA7;MIR5193;AC139451.1;TRAIP;CAMKV;RN7SL217P;ACTL11P;MST1R;CTD-2330K9.2;CTD-2330K9.3;MON1A;RBM6;RBM5;SEMA3F-AS1;SEMA3F;MIR566;GNAT1;SLC38A3;GNAI2;U73169.1;LINC03143;SEMA3B-AS1;SEMA3B;LSMEM2;IFRD2;HYAL3;NAA80;HYAL1;HYAL2;TUSC2;RASSF1;ZMYND10-AS1;ZMYND10;NPRL2;CYB561D2;XXcos-LUCA11.5;TMEM115;CACNA2D2;XXcos-LUCA11.4;RNA5SP131;C3orf18;HEMK1;CISH;MAPKAPK3;LINC02019;MIR4787;DOCK3;PPIAP69;RP11-646D13.1;ZNF652P1;ST13P14	9.8	15662	Unknome 18_Mar_2026; maximum over uniquely HGNC-mapped proteins; derived/knownness-ranks.tsv	Tchem	215	unique	0.10694573191242092	1891	True	0.00743135954552631	0.5069620585217905	NA	unresolved competing genes; gene-body association is not causal assignment	Lifelong developmental, systemic and adult explanations remain. Adult tissue expression observed (spinal cord); timing not identified.	28.4	spinal cord	not established; target mapping/primary phenotype table unavailable	Tian 2019 iPSC-derived glutamatergic neuron survival D14/D21/D28; CROP-seq D7 transcription; not cognitive performance or mature adult physiology	3.923e-08	positional;chromatin	False	False	Lee CP GCST006572 + GENCODE v19; HGNC/Unknome/Pharos/HPA separate annotations; EUR LD + GTEx DLPFC/Catalogue + chain/VEP + Tian guide coverage pilot; Savage/Genebass overlap; EA excluded	Independent ancestry-matched fine-mapping excludes rs35673421 and assigns a different variant/gene (e.g. MAP4, RPS27P30, RN7SL664P); adult-specific perturbation in the implicated cell type has no predicted functional effect despite verified engagement. Shared-signal evidence disappears on multiple-signal conditioning or complete variant coverage.	association hypothesis only; not an enhancement target
177	ENSG00000173421	IHO1	177	R001	rs73084135	5.33e-11	5.4366e-09	0.0001028224158	59677	102	145	MAP4;RPS27P30;RN7SL664P;RPL17P16;CDC25A;SNRPFP4;RNU7-128P;NDUFB1P1;MIR4443;CAMP;ZNF589;MRPS18AP1;Y_RNA;FCF1P2;NME6;SPINK8;MIR2115;FBXW12;RN7SL321P;PLXNB1;CCDC51;TMA7;RP11-24C3.2;ATRIP;TREX1;SHISA5;AC104448.1;PFKFB4;UCN2;COL7A1;MIR711;UQCRC1;TMEM89;SLC26A6;CELSR3;MIR4793;LINC02585;NCKIPSD;RP11-572O6.1;IP6K2;PRKAR2A;PRKAR2A-AS1;SLC25A20;ARIH2OS;ARIH2;RP13-131K19.1;RP13-131K19.2;RP13-131K19.7;P4HTM;WDR6;DALRD3;MIR425;NDUFAF3;MIR191;IMPDH2;RP13-131K19.6;QRICH1;RN7SL182P;QARS1;USP19;LAMB2;LAMB2P1;CCDC71;KLHDC8B;CIMIP7;GCSHP6;RP11-3B7.1;C3orf62;Y_RNA;MIR4271;USP4;GPX1;RHOA;RHOA-IT1;TCTA;AMT;NICN1-AS1;NICN1;RNA5SP130;DAG1;BSN-DT;BSN;BSN-AS1;APEH;MST1;AC099668.5;RNF123;AMIGO3;GMPPB;IP6K1;COX6CP14;PHF5AP3;CDHR4;INKA1;UBA7;MIR5193;AC139451.1;TRAIP;CAMKV;RN7SL217P;ACTL11P;MST1R;CTD-2330K9.2;CTD-2330K9.3;MON1A;RBM6;RBM5;SEMA3F-AS1;SEMA3F;MIR566;GNAT1;SLC38A3;GNAI2;U73169.1;LINC03143;SEMA3B-AS1;SEMA3B;LSMEM2;IFRD2;HYAL3;NAA80;HYAL1;HYAL2;TUSC2;RASSF1;ZMYND10-AS1;ZMYND10;NPRL2;CYB561D2;XXcos-LUCA11.5;TMEM115;CACNA2D2;XXcos-LUCA11.4;RNA5SP131;C3orf18;HEMK1;CISH;MAPKAPK3;LINC02019;MIR4787;DOCK3;PPIAP69;RP11-646D13.1;ZNF652P1;ST13P14	4.1	9897	Unknome 18_Mar_2026; maximum over uniquely HGNC-mapped proteins; derived/knownness-ranks.tsv	Tbio	20	unique	0.09571872260030001	1913	True	0.0041236907472715825	0.4177704550132472	NA	unresolved competing genes; gene-body association is not causal assignment	Lifelong developmental, systemic and adult explanations remain. Adult tissue expression observed (cerebellum); timing not identified.	0.3	cerebellum	not established; target mapping/primary phenotype table unavailable	Tian 2019 iPSC-derived glutamatergic neuron survival D14/D21/D28; CROP-seq D7 transcription; not cognitive performance or mature adult physiology	7.6487e-13	positional;eQTL	False	False	Lee CP GCST006572 + GENCODE v19; HGNC/Unknome/Pharos/HPA separate annotations; EUR LD + GTEx DLPFC/Catalogue + chain/VEP + Tian guide coverage pilot; Savage/Genebass overlap; EA excluded	Independent ancestry-matched fine-mapping excludes rs73084135 and assigns a different variant/gene (e.g. MAP4, RPS27P30, RN7SL664P); adult-specific perturbation in the implicated cell type has no predicted functional effect despite verified engagement. Shared-signal evidence disappears on multiple-signal conditioning or complete variant coverage.	association hypothesis only; not an enhancement target
184	ENSG00000178467	P4HTM	184	R001	rs34504524	3.73e-10	7.46e-09	0.00014109098	17269	20	145	MAP4;RPS27P30;RN7SL664P;RPL17P16;CDC25A;SNRPFP4;RNU7-128P;NDUFB1P1;MIR4443;CAMP;ZNF589;MRPS18AP1;Y_RNA;FCF1P2;NME6;SPINK8;MIR2115;FBXW12;RN7SL321P;PLXNB1;CCDC51;TMA7;RP11-24C3.2;ATRIP;TREX1;SHISA5;AC104448.1;PFKFB4;UCN2;COL7A1;MIR711;UQCRC1;TMEM89;SLC26A6;CELSR3;MIR4793;LINC02585;NCKIPSD;RP11-572O6.1;IP6K2;PRKAR2A;PRKAR2A-AS1;SLC25A20;ARIH2OS;ARIH2;RP13-131K19.1;RP13-131K19.2;RP13-131K19.7;WDR6;DALRD3;MIR425;NDUFAF3;MIR191;IMPDH2;RP13-131K19.6;QRICH1;RN7SL182P;QARS1;USP19;LAMB2;LAMB2P1;CCDC71;KLHDC8B;CIMIP7;IHO1;GCSHP6;RP11-3B7.1;C3orf62;Y_RNA;MIR4271;USP4;GPX1;RHOA;RHOA-IT1;TCTA;AMT;NICN1-AS1;NICN1;RNA5SP130;DAG1;BSN-DT;BSN;BSN-AS1;APEH;MST1;AC099668.5;RNF123;AMIGO3;GMPPB;IP6K1;COX6CP14;PHF5AP3;CDHR4;INKA1;UBA7;MIR5193;AC139451.1;TRAIP;CAMKV;RN7SL217P;ACTL11P;MST1R;CTD-2330K9.2;CTD-2330K9.3;MON1A;RBM6;RBM5;SEMA3F-AS1;SEMA3F;MIR566;GNAT1;SLC38A3;GNAI2;U73169.1;LINC03143;SEMA3B-AS1;SEMA3B;LSMEM2;IFRD2;HYAL3;NAA80;HYAL1;HYAL2;TUSC2;RASSF1;ZMYND10-AS1;ZMYND10;NPRL2;CYB561D2;XXcos-LUCA11.5;TMEM115;CACNA2D2;XXcos-LUCA11.4;RNA5SP131;C3orf18;HEMK1;CISH;MAPKAPK3;LINC02019;MIR4787;DOCK3;PPIAP69;RP11-646D13.1;ZNF652P1;ST13P14	1.8	5759	Unknome 18_Mar_2026; maximum over uniquely HGNC-mapped proteins; derived/knownness-ranks.tsv	Tchem	32	unique	0.10694573191242092	1801	True	0.002418154554531222	0.44370617052112993	NA	unresolved competing genes; gene-body association is not causal assignment	Lifelong developmental, systemic and adult explanations remain. Adult tissue expression observed (cerebral cortex); timing not identified.	67.8	cerebral cortex	not established; target mapping/primary phenotype table unavailable	Tian 2019 iPSC-derived glutamatergic neuron survival D14/D21/D28; CROP-seq D7 transcription; not cognitive performance or mature adult physiology	NA	positional;eQTL	False	False	Lee CP GCST006572 + GENCODE v19; HGNC/Unknome/Pharos/HPA separate annotations; EUR LD + GTEx DLPFC/Catalogue + chain/VEP + Tian guide coverage pilot; Savage/Genebass overlap; EA excluded	Independent ancestry-matched fine-mapping excludes rs34504524 and assigns a different variant/gene (e.g. MAP4, RPS27P30, RN7SL664P); adult-specific perturbation in the implicated cell type has no predicted functional effect despite verified engagement. Shared-signal evidence disappears on multiple-signal conditioning or complete variant coverage.	association hypothesis only; not an enhancement target
186	ENSG00000236980	CIMIP7	186	R001	rs9835439	2.77e-10	8.033000000000002e-09	0.00015192812900000004	14227	29	145	MAP4;RPS27P30;RN7SL664P;RPL17P16;CDC25A;SNRPFP4;RNU7-128P;NDUFB1P1;MIR4443;CAMP;ZNF589;MRPS18AP1;Y_RNA;FCF1P2;NME6;SPINK8;MIR2115;FBXW12;RN7SL321P;PLXNB1;CCDC51;TMA7;RP11-24C3.2;ATRIP;TREX1;SHISA5;AC104448.1;PFKFB4;UCN2;COL7A1;MIR711;UQCRC1;TMEM89;SLC26A6;CELSR3;MIR4793;LINC02585;NCKIPSD;RP11-572O6.1;IP6K2;PRKAR2A;PRKAR2A-AS1;SLC25A20;ARIH2OS;ARIH2;RP13-131K19.1;RP13-131K19.2;RP13-131K19.7;P4HTM;WDR6;DALRD3;MIR425;NDUFAF3;MIR191;IMPDH2;RP13-131K19.6;QRICH1;RN7SL182P;QARS1;USP19;LAMB2;LAMB2P1;CCDC71;KLHDC8B;IHO1;GCSHP6;RP11-3B7.1;C3orf62;Y_RNA;MIR4271;USP4;GPX1;RHOA;RHOA-IT1;TCTA;AMT;NICN1-AS1;NICN1;RNA5SP130;DAG1;BSN-DT;BSN;BSN-AS1;APEH;MST1;AC099668.5;RNF123;AMIGO3;GMPPB;IP6K1;COX6CP14;PHF5AP3;CDHR4;INKA1;UBA7;MIR5193;AC139451.1;TRAIP;CAMKV;RN7SL217P;ACTL11P;MST1R;CTD-2330K9.2;CTD-2330K9.3;MON1A;RBM6;RBM5;SEMA3F-AS1;SEMA3F;MIR566;GNAT1;SLC38A3;GNAI2;U73169.1;LINC03143;SEMA3B-AS1;SEMA3B;LSMEM2;IFRD2;HYAL3;NAA80;HYAL1;HYAL2;TUSC2;RASSF1;ZMYND10-AS1;ZMYND10;NPRL2;CYB561D2;XXcos-LUCA11.5;TMEM115;CACNA2D2;XXcos-LUCA11.4;RNA5SP131;C3orf18;HEMK1;CISH;MAPKAPK3;LINC02019;MIR4787;DOCK3;PPIAP69;RP11-646D13.1;ZNF652P1;ST13P14	0.0	1	Unknome 18_Mar_2026; maximum over uniquely HGNC-mapped proteins; derived/knownness-ranks.tsv	Tdark	1	unique	NA	0	False	NA	NA	NA	unresolved competing genes; gene-body association is not causal assignment	Lifelong developmental, systemic and adult explanations remain. Adult tissue expression observed (amygdala); timing not identified.	0.0	amygdala	not established; target mapping/primary phenotype table unavailable	Tian 2019 iPSC-derived glutamatergic neuron survival D14/D21/D28; CROP-seq D7 transcription; not cognitive performance or mature adult physiology	1.9818e-11	positional	False	False	Lee CP GCST006572 + GENCODE v19; HGNC/Unknome/Pharos/HPA separate annotations; EUR LD + GTEx DLPFC/Catalogue + chain/VEP + Tian guide coverage pilot; Savage/Genebass overlap; EA excluded	Independent ancestry-matched fine-mapping excludes rs9835439 and assigns a different variant/gene (e.g. MAP4, RPS27P30, RN7SL664P); adult-specific perturbation in the implicated cell type has no predicted functional effect despite verified engagement. Shared-signal evidence disappears on multiple-signal conditioning or complete variant coverage.	association hypothesis only; not an enhancement target
208	ENSG00000198218	QRICH1	208	R001	rs61729488	1.57e-10	1.5543e-08	0.00029396475899999997	64657	99	145	MAP4;RPS27P30;RN7SL664P;RPL17P16;CDC25A;SNRPFP4;RNU7-128P;NDUFB1P1;MIR4443;CAMP;ZNF589;MRPS18AP1;Y_RNA;FCF1P2;NME6;SPINK8;MIR2115;FBXW12;RN7SL321P;PLXNB1;CCDC51;TMA7;RP11-24C3.2;ATRIP;TREX1;SHISA5;AC104448.1;PFKFB4;UCN2;COL7A1;MIR711;UQCRC1;TMEM89;SLC26A6;CELSR3;MIR4793;LINC02585;NCKIPSD;RP11-572O6.1;IP6K2;PRKAR2A;PRKAR2A-AS1;SLC25A20;ARIH2OS;ARIH2;RP13-131K19.1;RP13-131K19.2;RP13-131K19.7;P4HTM;WDR6;DALRD3;MIR425;NDUFAF3;MIR191;IMPDH2;RP13-131K19.6;RN7SL182P;QARS1;USP19;LAMB2;LAMB2P1;CCDC71;KLHDC8B;CIMIP7;IHO1;GCSHP6;RP11-3B7.1;C3orf62;Y_RNA;MIR4271;USP4;GPX1;RHOA;RHOA-IT1;TCTA;AMT;NICN1-AS1;NICN1;RNA5SP130;DAG1;BSN-DT;BSN;BSN-AS1;APEH;MST1;AC099668.5;RNF123;AMIGO3;GMPPB;IP6K1;COX6CP14;PHF5AP3;CDHR4;INKA1;UBA7;MIR5193;AC139451.1;TRAIP;CAMKV;RN7SL217P;ACTL11P;MST1R;CTD-2330K9.2;CTD-2330K9.3;MON1A;RBM6;RBM5;SEMA3F-AS1;SEMA3F;MIR566;GNAT1;SLC38A3;GNAI2;U73169.1;LINC03143;SEMA3B-AS1;SEMA3B;LSMEM2;IFRD2;HYAL3;NAA80;HYAL1;HYAL2;TUSC2;RASSF1;ZMYND10-AS1;ZMYND10;NPRL2;CYB561D2;XXcos-LUCA11.5;TMEM115;CACNA2D2;XXcos-LUCA11.4;RNA5SP131;C3orf18;HEMK1;CISH;MAPKAPK3;LINC02019;MIR4787;DOCK3;PPIAP69;RP11-646D13.1;ZNF652P1;ST13P14	6.4	12917	Unknome 18_Mar_2026; maximum over uniquely HGNC-mapped proteins; derived/knownness-ranks.tsv	Tbio	67	unique	0.09339116925821944	1895	True	0.004398822769758264	0.43005639907186494	NA	unresolved competing genes; gene-body association is not causal assignment	Lifelong developmental, systemic and adult explanations remain. Adult tissue expression observed (cerebellum); timing not identified.	36.1	cerebellum	not established; target mapping/primary phenotype table unavailable	Tian 2019 iPSC-derived glutamatergic neuron survival D14/D21/D28; CROP-seq D7 transcription; not cognitive performance or mature adult physiology	2.4307e-13	positional;eQTL;chromatin	False	False	Lee CP GCST006572 + GENCODE v19; HGNC/Unknome/Pharos/HPA separate annotations; EUR LD + GTEx DLPFC/Catalogue + chain/VEP + Tian guide coverage pilot; Savage/Genebass overlap; EA excluded	Independent ancestry-matched fine-mapping excludes rs61729488 and assigns a different variant/gene (e.g. MAP4, RPS27P30, RN7SL664P); adult-specific perturbation in the implicated cell type has no predicted functional effect despite verified engagement. Shared-signal evidence disappears on multiple-signal conditioning or complete variant coverage.	association hypothesis only; not an enhancement target
210	ENSG00000068745	IP6K2	210	R001	rs56735597	1.63e-10	1.6952000000000002e-08	0.00032061317600000003	52351	104	145	MAP4;RPS27P30;RN7SL664P;RPL17P16;CDC25A;SNRPFP4;RNU7-128P;NDUFB1P1;MIR4443;CAMP;ZNF589;MRPS18AP1;Y_RNA;FCF1P2;NME6;SPINK8;MIR2115;FBXW12;RN7SL321P;PLXNB1;CCDC51;TMA7;RP11-24C3.2;ATRIP;TREX1;SHISA5;AC104448.1;PFKFB4;UCN2;COL7A1;MIR711;UQCRC1;TMEM89;SLC26A6;CELSR3;MIR4793;LINC02585;NCKIPSD;RP11-572O6.1;PRKAR2A;PRKAR2A-AS1;SLC25A20;ARIH2OS;ARIH2;RP13-131K19.1;RP13-131K19.2;RP13-131K19.7;P4HTM;WDR6;DALRD3;MIR425;NDUFAF3;MIR191;IMPDH2;RP13-131K19.6;QRICH1;RN7SL182P;QARS1;USP19;LAMB2;LAMB2P1;CCDC71;KLHDC8B;CIMIP7;IHO1;GCSHP6;RP11-3B7.1;C3orf62;Y_RNA;MIR4271;USP4;GPX1;RHOA;RHOA-IT1;TCTA;AMT;NICN1-AS1;NICN1;RNA5SP130;DAG1;BSN-DT;BSN;BSN-AS1;APEH;MST1;AC099668.5;RNF123;AMIGO3;GMPPB;IP6K1;COX6CP14;PHF5AP3;CDHR4;INKA1;UBA7;MIR5193;AC139451.1;TRAIP;CAMKV;RN7SL217P;ACTL11P;MST1R;CTD-2330K9.2;CTD-2330K9.3;MON1A;RBM6;RBM5;SEMA3F-AS1;SEMA3F;MIR566;GNAT1;SLC38A3;GNAI2;U73169.1;LINC03143;SEMA3B-AS1;SEMA3B;LSMEM2;IFRD2;HYAL3;NAA80;HYAL1;HYAL2;TUSC2;RASSF1;ZMYND10-AS1;ZMYND10;NPRL2;CYB561D2;XXcos-LUCA11.5;TMEM115;CACNA2D2;XXcos-LUCA11.4;RNA5SP131;C3orf18;HEMK1;CISH;MAPKAPK3;LINC02019;MIR4787;DOCK3;PPIAP69;RP11-646D13.1;ZNF652P1;ST13P14	18.9	18139	Unknome 18_Mar_2026; maximum over uniquely HGNC-mapped proteins; derived/knownness-ranks.tsv	Tchem	50	unique	0.10581327475433515	1538	False	0.0019755118082507746	0.4124813866047162	NA	unresolved competing genes; gene-body association is not causal assignment	Lifelong developmental, systemic and adult explanations remain. Adult tissue expression observed (cerebellum); timing not identified.	165.7	cerebellum	not established; target mapping/primary phenotype table unavailable	Tian 2019 iPSC-derived glutamatergic neuron survival D14/D21/D28; CROP-seq D7 transcription; not cognitive performance or mature adult physiology	1.144e-10	positional;eQTL	False	False	Lee CP GCST006572 + GENCODE v19; HGNC/Unknome/Pharos/HPA separate annotations; EUR LD + GTEx DLPFC/Catalogue + chain/VEP + Tian guide coverage pilot; Savage/Genebass overlap; EA excluded	Independent ancestry-matched fine-mapping excludes rs56735597 and assigns a different variant/gene (e.g. MAP4, RPS27P30, RN7SL664P); adult-specific perturbation in the implicated cell type has no predicted functional effect despite verified engagement. Shared-signal evidence disappears on multiple-signal conditioning or complete variant coverage.	association hypothesis only; not an enhancement target
214	ENSG00000114316	USP4	214	R001	rs150429489	2e-10	2.0200000000000002e-08	0.00038204260000000007	62882	101	145	MAP4;RPS27P30;RN7SL664P;RPL17P16;CDC25A;SNRPFP4;RNU7-128P;NDUFB1P1;MIR4443;CAMP;ZNF589;MRPS18AP1;Y_RNA;FCF1P2;NME6;SPINK8;MIR2115;FBXW12;RN7SL321P;PLXNB1;CCDC51;TMA7;RP11-24C3.2;ATRIP;TREX1;SHISA5;AC104448.1;PFKFB4;UCN2;COL7A1;MIR711;UQCRC1;TMEM89;SLC26A6;CELSR3;MIR4793;LINC02585;NCKIPSD;RP11-572O6.1;IP6K2;PRKAR2A;PRKAR2A-AS1;SLC25A20;ARIH2OS;ARIH2;RP13-131K19.1;RP13-131K19.2;RP13-131K19.7;P4HTM;WDR6;DALRD3;MIR425;NDUFAF3;MIR191;IMPDH2;RP13-131K19.6;QRICH1;RN7SL182P;QARS1;USP19;LAMB2;LAMB2P1;CCDC71;KLHDC8B;CIMIP7;IHO1;GCSHP6;RP11-3B7.1;C3orf62;Y_RNA;MIR4271;GPX1;RHOA;RHOA-IT1;TCTA;AMT;NICN1-AS1;NICN1;RNA5SP130;DAG1;BSN-DT;BSN;BSN-AS1;APEH;MST1;AC099668.5;RNF123;AMIGO3;GMPPB;IP6K1;COX6CP14;PHF5AP3;CDHR4;INKA1;UBA7;MIR5193;AC139451.1;TRAIP;CAMKV;RN7SL217P;ACTL11P;MST1R;CTD-2330K9.2;CTD-2330K9.3;MON1A;RBM6;RBM5;SEMA3F-AS1;SEMA3F;MIR566;GNAT1;SLC38A3;GNAI2;U73169.1;LINC03143;SEMA3B-AS1;SEMA3B;LSMEM2;IFRD2;HYAL3;NAA80;HYAL1;HYAL2;TUSC2;RASSF1;ZMYND10-AS1;ZMYND10;NPRL2;CYB561D2;XXcos-LUCA11.5;TMEM115;CACNA2D2;XXcos-LUCA11.4;RNA5SP131;C3orf18;HEMK1;CISH;MAPKAPK3;LINC02019;MIR4787;DOCK3;PPIAP69;RP11-646D13.1;ZNF652P1;ST13P14	9.8	15662	Unknome 18_Mar_2026; maximum over uniquely HGNC-mapped proteins; derived/knownness-ranks.tsv	Tchem	178	unique	0.10984549839239292	1879	True	0.006130750429451903	0.5169160623664472	NA	unresolved competing genes; gene-body association is not causal assignment	Lifelong developmental, systemic and adult explanations remain. Adult tissue expression observed (cerebellum); timing not identified.	29.3	cerebellum	not established; target mapping/primary phenotype table unavailable	Tian 2019 iPSC-derived glutamatergic neuron survival D14/D21/D28; CROP-seq D7 transcription; not cognitive performance or mature adult physiology	3.5698e-13	positional;eQTL	False	False	Lee CP GCST006572 + GENCODE v19; HGNC/Unknome/Pharos/HPA separate annotations; EUR LD + GTEx DLPFC/Catalogue + chain/VEP + Tian guide coverage pilot; Savage/Genebass overlap; EA excluded	Independent ancestry-matched fine-mapping excludes rs150429489 and assigns a different variant/gene (e.g. MAP4, RPS27P30, RN7SL664P); adult-specific perturbation in the implicated cell type has no predicted functional effect despite verified engagement. Shared-signal evidence disappears on multiple-signal conditioning or complete variant coverage.	association hypothesis only; not an enhancement target
226	ENSG00000114302	PRKAR2A	226	R001	rs13074318	2.57e-10	3.0068999999999996e-08	0.0005686949969999999	103250	117	145	MAP4;RPS27P30;RN7SL664P;RPL17P16;CDC25A;SNRPFP4;RNU7-128P;NDUFB1P1;MIR4443;CAMP;ZNF589;MRPS18AP1;Y_RNA;FCF1P2;NME6;SPINK8;MIR2115;FBXW12;RN7SL321P;PLXNB1;CCDC51;TMA7;RP11-24C3.2;ATRIP;TREX1;SHISA5;AC104448.1;PFKFB4;UCN2;COL7A1;MIR711;UQCRC1;TMEM89;SLC26A6;CELSR3;MIR4793;LINC02585;NCKIPSD;RP11-572O6.1;IP6K2;PRKAR2A-AS1;SLC25A20;ARIH2OS;ARIH2;RP13-131K19.1;RP13-131K19.2;RP13-131K19.7;P4HTM;WDR6;DALRD3;MIR425;NDUFAF3;MIR191;IMPDH2;RP13-131K19.6;QRICH1;RN7SL182P;QARS1;USP19;LAMB2;LAMB2P1;CCDC71;KLHDC8B;CIMIP7;IHO1;GCSHP6;RP11-3B7.1;C3orf62;Y_RNA;MIR4271;USP4;GPX1;RHOA;RHOA-IT1;TCTA;AMT;NICN1-AS1;NICN1;RNA5SP130;DAG1;BSN-DT;BSN;BSN-AS1;APEH;MST1;AC099668.5;RNF123;AMIGO3;GMPPB;IP6K1;COX6CP14;PHF5AP3;CDHR4;INKA1;UBA7;MIR5193;AC139451.1;TRAIP;CAMKV;RN7SL217P;ACTL11P;MST1R;CTD-2330K9.2;CTD-2330K9.3;MON1A;RBM6;RBM5;SEMA3F-AS1;SEMA3F;MIR566;GNAT1;SLC38A3;GNAI2;U73169.1;LINC03143;SEMA3B-AS1;SEMA3B;LSMEM2;IFRD2;HYAL3;NAA80;HYAL1;HYAL2;TUSC2;RASSF1;ZMYND10-AS1;ZMYND10;NPRL2;CYB561D2;XXcos-LUCA11.5;TMEM115;CACNA2D2;XXcos-LUCA11.4;RNA5SP131;C3orf18;HEMK1;CISH;MAPKAPK3;LINC02019;MIR4787;DOCK3;PPIAP69;RP11-646D13.1;ZNF652P1;ST13P14	14.6	17413	Unknome 18_Mar_2026; maximum over uniquely HGNC-mapped proteins; derived/knownness-ranks.tsv	Tchem	286	unique	0.09808310744836136	1643	False	0.004037149271971443	0.41594657715805167	NA	unresolved competing genes; gene-body association is not causal assignment	Lifelong developmental, systemic and adult explanations remain. Adult tissue expression observed (cerebral cortex); timing not identified.	8.2	cerebral cortex	not established; target mapping/primary phenotype table unavailable	Tian 2019 iPSC-derived glutamatergic neuron survival D14/D21/D28; CROP-seq D7 transcription; not cognitive performance or mature adult physiology	5.4632e-09	positional;eQTL	False	False	Lee CP GCST006572 + GENCODE v19; HGNC/Unknome/Pharos/HPA separate annotations; EUR LD + GTEx DLPFC/Catalogue + chain/VEP + Tian guide coverage pilot; Savage/Genebass overlap; EA excluded	Independent ancestry-matched fine-mapping excludes rs13074318 and assigns a different variant/gene (e.g. MAP4, RPS27P30, RN7SL664P); adult-specific perturbation in the implicated cell type has no predicted functional effect despite verified engagement. Shared-signal evidence disappears on multiple-signal conditioning or complete variant coverage.	association hypothesis only; not an enhancement target
235	ENSG00000177479	ARIH2	235	R001	rs13087930	3.92e-10	4.1552e-08	0.000785872976	67562	106	145	MAP4;RPS27P30;RN7SL664P;RPL17P16;CDC25A;SNRPFP4;RNU7-128P;NDUFB1P1;MIR4443;CAMP;ZNF589;MRPS18AP1;Y_RNA;FCF1P2;NME6;SPINK8;MIR2115;FBXW12;RN7SL321P;PLXNB1;CCDC51;TMA7;RP11-24C3.2;ATRIP;TREX1;SHISA5;AC104448.1;PFKFB4;UCN2;COL7A1;MIR711;UQCRC1;TMEM89;SLC26A6;CELSR3;MIR4793;LINC02585;NCKIPSD;RP11-572O6.1;IP6K2;PRKAR2A;PRKAR2A-AS1;SLC25A20;ARIH2OS;RP13-131K19.1;RP13-131K19.2;RP13-131K19.7;P4HTM;WDR6;DALRD3;MIR425;NDUFAF3;MIR191;IMPDH2;RP13-131K19.6;QRICH1;RN7SL182P;QARS1;USP19;LAMB2;LAMB2P1;CCDC71;KLHDC8B;CIMIP7;IHO1;GCSHP6;RP11-3B7.1;C3orf62;Y_RNA;MIR4271;USP4;GPX1;RHOA;RHOA-IT1;TCTA;AMT;NICN1-AS1;NICN1;RNA5SP130;DAG1;BSN-DT;BSN;BSN-AS1;APEH;MST1;AC099668.5;RNF123;AMIGO3;GMPPB;IP6K1;COX6CP14;PHF5AP3;CDHR4;INKA1;UBA7;MIR5193;AC139451.1;TRAIP;CAMKV;RN7SL217P;ACTL11P;MST1R;CTD-2330K9.2;CTD-2330K9.3;MON1A;RBM6;RBM5;SEMA3F-AS1;SEMA3F;MIR566;GNAT1;SLC38A3;GNAI2;U73169.1;LINC03143;SEMA3B-AS1;SEMA3B;LSMEM2;IFRD2;HYAL3;NAA80;HYAL1;HYAL2;TUSC2;RASSF1;ZMYND10-AS1;ZMYND10;NPRL2;CYB561D2;XXcos-LUCA11.5;TMEM115;CACNA2D2;XXcos-LUCA11.4;RNA5SP131;C3orf18;HEMK1;CISH;MAPKAPK3;LINC02019;MIR4787;DOCK3;PPIAP69;RP11-646D13.1;ZNF652P1;ST13P14	11.7	16536	Unknome 18_Mar_2026; maximum over uniquely HGNC-mapped proteins; derived/knownness-ranks.tsv	Tbio	96	unique	0.10777684551377764	1706	True	0.004251332858306149	0.42588579550691685	NA	unresolved competing genes; gene-body association is not causal assignment	Lifelong developmental, systemic and adult explanations remain. Adult tissue expression observed (cerebellum); timing not identified.	27.6	cerebellum	not established; target mapping/primary phenotype table unavailable	Tian 2019 iPSC-derived glutamatergic neuron survival D14/D21/D28; CROP-seq D7 transcription; not cognitive performance or mature adult physiology	4.6931e-09	positional;eQTL	False	False	Lee CP GCST006572 + GENCODE v19; HGNC/Unknome/Pharos/HPA separate annotations; EUR LD + GTEx DLPFC/Catalogue + chain/VEP + Tian guide coverage pilot; Savage/Genebass overlap; EA excluded	Independent ancestry-matched fine-mapping excludes rs13087930 and assigns a different variant/gene (e.g. MAP4, RPS27P30, RN7SL664P); adult-specific perturbation in the implicated cell type has no predicted functional effect despite verified engagement. Shared-signal evidence disappears on multiple-signal conditioning or complete variant coverage.	association hypothesis only; not an enhancement target
263	ENSG00000225697	SLC26A6	263	R001	rs7620853	3.96e-09	8.712e-08	0.0016477005600000001	9771	22	145	MAP4;RPS27P30;RN7SL664P;RPL17P16;CDC25A;SNRPFP4;RNU7-128P;NDUFB1P1;MIR4443;CAMP;ZNF589;MRPS18AP1;Y_RNA;FCF1P2;NME6;SPINK8;MIR2115;FBXW12;RN7SL321P;PLXNB1;CCDC51;TMA7;RP11-24C3.2;ATRIP;TREX1;SHISA5;AC104448.1;PFKFB4;UCN2;COL7A1;MIR711;UQCRC1;TMEM89;CELSR3;MIR4793;LINC02585;NCKIPSD;RP11-572O6.1;IP6K2;PRKAR2A;PRKAR2A-AS1;SLC25A20;ARIH2OS;ARIH2;RP13-131K19.1;RP13-131K19.2;RP13-131K19.7;P4HTM;WDR6;DALRD3;MIR425;NDUFAF3;MIR191;IMPDH2;RP13-131K19.6;QRICH1;RN7SL182P;QARS1;USP19;LAMB2;LAMB2P1;CCDC71;KLHDC8B;CIMIP7;IHO1;GCSHP6;RP11-3B7.1;C3orf62;Y_RNA;MIR4271;USP4;GPX1;RHOA;RHOA-IT1;TCTA;AMT;NICN1-AS1;NICN1;RNA5SP130;DAG1;BSN-DT;BSN;BSN-AS1;APEH;MST1;AC099668.5;RNF123;AMIGO3;GMPPB;IP6K1;COX6CP14;PHF5AP3;CDHR4;INKA1;UBA7;MIR5193;AC139451.1;TRAIP;CAMKV;RN7SL217P;ACTL11P;MST1R;CTD-2330K9.2;CTD-2330K9.3;MON1A;RBM6;RBM5;SEMA3F-AS1;SEMA3F;MIR566;GNAT1;SLC38A3;GNAI2;U73169.1;LINC03143;SEMA3B-AS1;SEMA3B;LSMEM2;IFRD2;HYAL3;NAA80;HYAL1;HYAL2;TUSC2;RASSF1;ZMYND10-AS1;ZMYND10;NPRL2;CYB561D2;XXcos-LUCA11.5;TMEM115;CACNA2D2;XXcos-LUCA11.4;RNA5SP131;C3orf18;HEMK1;CISH;MAPKAPK3;LINC02019;MIR4787;DOCK3;PPIAP69;RP11-646D13.1;ZNF652P1;ST13P14	30.9	18910	Unknome 18_Mar_2026; maximum over uniquely HGNC-mapped proteins; derived/knownness-ranks.tsv	Tchem	98	unique	0.10956689318808627	1438	False	0.003900978096148494	0.43432298802917924	NA	unresolved competing genes; gene-body association is not causal assignment	Lifelong developmental, systemic and adult explanations remain. Adult tissue expression observed (cerebellum); timing not identified.	5.2	cerebellum	not established; target mapping/primary phenotype table unavailable	Tian 2019 iPSC-derived glutamatergic neuron survival D14/D21/D28; CROP-seq D7 transcription; not cognitive performance or mature adult physiology	1.1435e-08	positional;eQTL	False	False	Lee CP GCST006572 + GENCODE v19; HGNC/Unknome/Pharos/HPA separate annotations; EUR LD + GTEx DLPFC/Catalogue + chain/VEP + Tian guide coverage pilot; Savage/Genebass overlap; EA excluded	Independent ancestry-matched fine-mapping excludes rs7620853 and assigns a different variant/gene (e.g. MAP4, RPS27P30, RN7SL664P); adult-specific perturbation in the implicated cell type has no predicted functional effect despite verified engagement. Shared-signal evidence disappears on multiple-signal conditioning or complete variant coverage.	association hypothesis only; not an enhancement target
264	ENSG00000114353	GNAI2	264	R001	rs2298952	1.7e-09	9.009999999999999e-08	0.0017040612999999999	33064	53	145	MAP4;RPS27P30;RN7SL664P;RPL17P16;CDC25A;SNRPFP4;RNU7-128P;NDUFB1P1;MIR4443;CAMP;ZNF589;MRPS18AP1;Y_RNA;FCF1P2;NME6;SPINK8;MIR2115;FBXW12;RN7SL321P;PLXNB1;CCDC51;TMA7;RP11-24C3.2;ATRIP;TREX1;SHISA5;AC104448.1;PFKFB4;UCN2;COL7A1;MIR711;UQCRC1;TMEM89;SLC26A6;CELSR3;MIR4793;LINC02585;NCKIPSD;RP11-572O6.1;IP6K2;PRKAR2A;PRKAR2A-AS1;SLC25A20;ARIH2OS;ARIH2;RP13-131K19.1;RP13-131K19.2;RP13-131K19.7;P4HTM;WDR6;DALRD3;MIR425;NDUFAF3;MIR191;IMPDH2;RP13-131K19.6;QRICH1;RN7SL182P;QARS1;USP19;LAMB2;LAMB2P1;CCDC71;KLHDC8B;CIMIP7;IHO1;GCSHP6;RP11-3B7.1;C3orf62;Y_RNA;MIR4271;USP4;GPX1;RHOA;RHOA-IT1;TCTA;AMT;NICN1-AS1;NICN1;RNA5SP130;DAG1;BSN-DT;BSN;BSN-AS1;APEH;MST1;AC099668.5;RNF123;AMIGO3;GMPPB;IP6K1;COX6CP14;PHF5AP3;CDHR4;INKA1;UBA7;MIR5193;AC139451.1;TRAIP;CAMKV;RN7SL217P;ACTL11P;MST1R;CTD-2330K9.2;CTD-2330K9.3;MON1A;RBM6;RBM5;SEMA3F-AS1;SEMA3F;MIR566;GNAT1;SLC38A3;U73169.1;LINC03143;SEMA3B-AS1;SEMA3B;LSMEM2;IFRD2;HYAL3;NAA80;HYAL1;HYAL2;TUSC2;RASSF1;ZMYND10-AS1;ZMYND10;NPRL2;CYB561D2;XXcos-LUCA11.5;TMEM115;CACNA2D2;XXcos-LUCA11.4;RNA5SP131;C3orf18;HEMK1;CISH;MAPKAPK3;LINC02019;MIR4787;DOCK3;PPIAP69;RP11-646D13.1;ZNF652P1;ST13P14	9.9	15713	Unknome 18_Mar_2026; maximum over uniquely HGNC-mapped proteins; derived/knownness-ranks.tsv	Tchem	353	unique	0.0716970776958462	1970	True	0.004330968910645265	0.42251321298009675	NA	unresolved competing genes; gene-body association is not causal assignment	Lifelong developmental, systemic and adult explanations remain. Adult tissue expression observed (spinal cord); timing not identified.	289.3	spinal cord	not established; target mapping/primary phenotype table unavailable	Tian 2019 iPSC-derived glutamatergic neuron survival D14/D21/D28; CROP-seq D7 transcription; not cognitive performance or mature adult physiology	NA	positional	False	False	Lee CP GCST006572 + GENCODE v19; HGNC/Unknome/Pharos/HPA separate annotations; EUR LD + GTEx DLPFC/Catalogue + chain/VEP + Tian guide coverage pilot; Savage/Genebass overlap; EA excluded	Independent ancestry-matched fine-mapping excludes rs2298952 and assigns a different variant/gene (e.g. MAP4, RPS27P30, RN7SL664P); adult-specific perturbation in the implicated cell type has no predicted functional effect despite verified engagement. Shared-signal evidence disappears on multiple-signal conditioning or complete variant coverage.	association hypothesis only; not an enhancement target
293	ENSG00000114388	NPRL2	293	R001	rs73082914	5.89e-08	2.356e-07	0.0044559028	3762	4	145	MAP4;RPS27P30;RN7SL664P;RPL17P16;CDC25A;SNRPFP4;RNU7-128P;NDUFB1P1;MIR4443;CAMP;ZNF589;MRPS18AP1;Y_RNA;FCF1P2;NME6;SPINK8;MIR2115;FBXW12;RN7SL321P;PLXNB1;CCDC51;TMA7;RP11-24C3.2;ATRIP;TREX1;SHISA5;AC104448.1;PFKFB4;UCN2;COL7A1;MIR711;UQCRC1;TMEM89;SLC26A6;CELSR3;MIR4793;LINC02585;NCKIPSD;RP11-572O6.1;IP6K2;PRKAR2A;PRKAR2A-AS1;SLC25A20;ARIH2OS;ARIH2;RP13-131K19.1;RP13-131K19.2;RP13-131K19.7;P4HTM;WDR6;DALRD3;MIR425;NDUFAF3;MIR191;IMPDH2;RP13-131K19.6;QRICH1;RN7SL182P;QARS1;USP19;LAMB2;LAMB2P1;CCDC71;KLHDC8B;CIMIP7;IHO1;GCSHP6;RP11-3B7.1;C3orf62;Y_RNA;MIR4271;USP4;GPX1;RHOA;RHOA-IT1;TCTA;AMT;NICN1-AS1;NICN1;RNA5SP130;DAG1;BSN-DT;BSN;BSN-AS1;APEH;MST1;AC099668.5;RNF123;AMIGO3;GMPPB;IP6K1;COX6CP14;PHF5AP3;CDHR4;INKA1;UBA7;MIR5193;AC139451.1;TRAIP;CAMKV;RN7SL217P;ACTL11P;MST1R;CTD-2330K9.2;CTD-2330K9.3;MON1A;RBM6;RBM5;SEMA3F-AS1;SEMA3F;MIR566;GNAT1;SLC38A3;GNAI2;U73169.1;LINC03143;SEMA3B-AS1;SEMA3B;LSMEM2;IFRD2;HYAL3;NAA80;HYAL1;HYAL2;TUSC2;RASSF1;ZMYND10-AS1;ZMYND10;CYB561D2;XXcos-LUCA11.5;TMEM115;CACNA2D2;XXcos-LUCA11.4;RNA5SP131;C3orf18;HEMK1;CISH;MAPKAPK3;LINC02019;MIR4787;DOCK3;PPIAP69;RP11-646D13.1;ZNF652P1;ST13P14	5.6	11982	Unknome 18_Mar_2026; maximum over uniquely HGNC-mapped proteins; derived/knownness-ranks.tsv	Tbio	107	unique	0.05751480468454091	1870	True	0.005194280945049958	0.44717532807351307	NA	unresolved competing genes; gene-body association is not causal assignment	Lifelong developmental, systemic and adult explanations remain. Adult tissue expression observed (hypothalamus); timing not identified.	10.0	hypothalamus	not established; target mapping/primary phenotype table unavailable	Tian 2019 iPSC-derived glutamatergic neuron survival D14/D21/D28; CROP-seq D7 transcription; not cognitive performance or mature adult physiology	NA	positional	False	False	Lee CP GCST006572 + GENCODE v19; HGNC/Unknome/Pharos/HPA separate annotations; EUR LD + GTEx DLPFC/Catalogue + chain/VEP + Tian guide coverage pilot; Savage/Genebass overlap; EA excluded	Independent ancestry-matched fine-mapping excludes rs73082914 and assigns a different variant/gene (e.g. MAP4, RPS27P30, RN7SL664P); adult-specific perturbation in the implicated cell type has no predicted functional effect despite verified engagement. Shared-signal evidence disappears on multiple-signal conditioning or complete variant coverage.	association hypothesis only; not an enhancement target
296	ENSG00000184486	POU3F2	296	R002	rs3823036	3.47e-08	2.429e-07	0.0045939677	4081	7	24	MMS22L;RP3-418C23.2;RP1-104O17.1;RP1-104O17.2;RP1-104O17.3;MIR2113HG;MIR2113;EIF4EBP2P3;RP11-111D3.2;RP3-453D15.1;RP11-67P15.1;FBXL4;RP3-364H10.1;MIR548AI;BDH2P1;FAXC;COQ3;PNISR;PNISR-AS1;USP45;TSTD3;CCNC;RP1-199J3.7;RP1-199J3.5	9.8	15662	Unknome 18_Mar_2026; maximum over uniquely HGNC-mapped proteins; derived/knownness-ranks.tsv	Tbio	69	unique	2.592148317444189e-05	3171	True	0.011391514575485524	0.6022878729868972	NA	unresolved competing genes; gene-body association is not causal assignment	Lifelong developmental, systemic and adult explanations remain. Adult tissue expression observed (cerebral cortex); timing not identified.	11.1	cerebral cortex	not established; target mapping/primary phenotype table unavailable	Tian 2019 iPSC-derived glutamatergic neuron survival D14/D21/D28; CROP-seq D7 transcription; not cognitive performance or mature adult physiology	NA	positional;eQTL	False	False	Lee CP GCST006572 + GENCODE v19; HGNC/Unknome/Pharos/HPA separate annotations; EUR LD + GTEx DLPFC/Catalogue + chain/VEP + Tian guide coverage pilot; Savage/Genebass overlap; EA excluded	Independent ancestry-matched fine-mapping excludes rs3823036 and assigns a different variant/gene (e.g. MMS22L, RP3-418C23.2, RP1-104O17.1); adult-specific perturbation in the implicated cell type has no predicted functional effect despite verified engagement. Shared-signal evidence disappears on multiple-signal conditioning or complete variant coverage.	association hypothesis only; not an enhancement target
300	ENSG00000114268	PFKFB4	300	R001	rs73078305	3.3e-09	2.706e-07	0.0051178578	44332	82	145	MAP4;RPS27P30;RN7SL664P;RPL17P16;CDC25A;SNRPFP4;RNU7-128P;NDUFB1P1;MIR4443;CAMP;ZNF589;MRPS18AP1;Y_RNA;FCF1P2;NME6;SPINK8;MIR2115;FBXW12;RN7SL321P;PLXNB1;CCDC51;TMA7;RP11-24C3.2;ATRIP;TREX1;SHISA5;AC104448.1;UCN2;COL7A1;MIR711;UQCRC1;TMEM89;SLC26A6;CELSR3;MIR4793;LINC02585;NCKIPSD;RP11-572O6.1;IP6K2;PRKAR2A;PRKAR2A-AS1;SLC25A20;ARIH2OS;ARIH2;RP13-131K19.1;RP13-131K19.2;RP13-131K19.7;P4HTM;WDR6;DALRD3;MIR425;NDUFAF3;MIR191;IMPDH2;RP13-131K19.6;QRICH1;RN7SL182P;QARS1;USP19;LAMB2;LAMB2P1;CCDC71;KLHDC8B;CIMIP7;IHO1;GCSHP6;RP11-3B7.1;C3orf62;Y_RNA;MIR4271;USP4;GPX1;RHOA;RHOA-IT1;TCTA;AMT;NICN1-AS1;NICN1;RNA5SP130;DAG1;BSN-DT;BSN;BSN-AS1;APEH;MST1;AC099668.5;RNF123;AMIGO3;GMPPB;IP6K1;COX6CP14;PHF5AP3;CDHR4;INKA1;UBA7;MIR5193;AC139451.1;TRAIP;CAMKV;RN7SL217P;ACTL11P;MST1R;CTD-2330K9.2;CTD-2330K9.3;MON1A;RBM6;RBM5;SEMA3F-AS1;SEMA3F;MIR566;GNAT1;SLC38A3;GNAI2;U73169.1;LINC03143;SEMA3B-AS1;SEMA3B;LSMEM2;IFRD2;HYAL3;NAA80;HYAL1;HYAL2;TUSC2;RASSF1;ZMYND10-AS1;ZMYND10;NPRL2;CYB561D2;XXcos-LUCA11.5;TMEM115;CACNA2D2;XXcos-LUCA11.4;RNA5SP131;C3orf18;HEMK1;CISH;MAPKAPK3;LINC02019;MIR4787;DOCK3;PPIAP69;RP11-646D13.1;ZNF652P1;ST13P14	3.3	8619	Unknome 18_Mar_2026; maximum over uniquely HGNC-mapped proteins; derived/knownness-ranks.tsv	Tchem	123	unique	0.06342163928729762	1365	False	0.004738747138817187	0.4102675298142271	NA	unresolved competing genes; gene-body association is not causal assignment	Lifelong developmental, systemic and adult explanations remain. Adult tissue expression observed (cerebellum); timing not identified.	6.2	cerebellum	not established; target mapping/primary phenotype table unavailable	Tian 2019 iPSC-derived glutamatergic neuron survival D14/D21/D28; CROP-seq D7 transcription; not cognitive performance or mature adult physiology	1.9785e-06	positional;eQTL	False	False	Lee CP GCST006572 + GENCODE v19; HGNC/Unknome/Pharos/HPA separate annotations; EUR LD + GTEx DLPFC/Catalogue + chain/VEP + Tian guide coverage pilot; Savage/Genebass overlap; EA excluded	Independent ancestry-matched fine-mapping excludes rs73078305 and assigns a different variant/gene (e.g. MAP4, RPS27P30, RN7SL664P); adult-specific perturbation in the implicated cell type has no predicted functional effect despite verified engagement. Shared-signal evidence disappears on multiple-signal conditioning or complete variant coverage.	association hypothesis only; not an enhancement target
303	ENSG00000008300	CELSR3	303	R001	rs13096357	7.3e-09	2.774e-07	0.0052464662	26447	38	145	MAP4;RPS27P30;RN7SL664P;RPL17P16;CDC25A;SNRPFP4;RNU7-128P;NDUFB1P1;MIR4443;CAMP;ZNF589;MRPS18AP1;Y_RNA;FCF1P2;NME6;SPINK8;MIR2115;FBXW12;RN7SL321P;PLXNB1;CCDC51;TMA7;RP11-24C3.2;ATRIP;TREX1;SHISA5;AC104448.1;PFKFB4;UCN2;COL7A1;MIR711;UQCRC1;TMEM89;SLC26A6;MIR4793;LINC02585;NCKIPSD;RP11-572O6.1;IP6K2;PRKAR2A;PRKAR2A-AS1;SLC25A20;ARIH2OS;ARIH2;RP13-131K19.1;RP13-131K19.2;RP13-131K19.7;P4HTM;WDR6;DALRD3;MIR425;NDUFAF3;MIR191;IMPDH2;RP13-131K19.6;QRICH1;RN7SL182P;QARS1;USP19;LAMB2;LAMB2P1;CCDC71;KLHDC8B;CIMIP7;IHO1;GCSHP6;RP11-3B7.1;C3orf62;Y_RNA;MIR4271;USP4;GPX1;RHOA;RHOA-IT1;TCTA;AMT;NICN1-AS1;NICN1;RNA5SP130;DAG1;BSN-DT;BSN;BSN-AS1;APEH;MST1;AC099668.5;RNF123;AMIGO3;GMPPB;IP6K1;COX6CP14;PHF5AP3;CDHR4;INKA1;UBA7;MIR5193;AC139451.1;TRAIP;CAMKV;RN7SL217P;ACTL11P;MST1R;CTD-2330K9.2;CTD-2330K9.3;MON1A;RBM6;RBM5;SEMA3F-AS1;SEMA3F;MIR566;GNAT1;SLC38A3;GNAI2;U73169.1;LINC03143;SEMA3B-AS1;SEMA3B;LSMEM2;IFRD2;HYAL3;NAA80;HYAL1;HYAL2;TUSC2;RASSF1;ZMYND10-AS1;ZMYND10;NPRL2;CYB561D2;XXcos-LUCA11.5;TMEM115;CACNA2D2;XXcos-LUCA11.4;RNA5SP131;C3orf18;HEMK1;CISH;MAPKAPK3;LINC02019;MIR4787;DOCK3;PPIAP69;RP11-646D13.1;ZNF652P1;ST13P14	4.4	10330	Unknome 18_Mar_2026; maximum over uniquely HGNC-mapped proteins; derived/knownness-ranks.tsv	Tbio	48	unique	0.10987555455692072	1462	False	0.004393943784328371	0.45628473008542625	NA	unresolved competing genes; gene-body association is not causal assignment	Lifelong developmental, systemic and adult explanations remain. Adult tissue expression observed (cerebellum); timing not identified.	15.4	cerebellum	not established; target mapping/primary phenotype table unavailable	Tian 2019 iPSC-derived glutamatergic neuron survival D14/D21/D28; CROP-seq D7 transcription; not cognitive performance or mature adult physiology	9.567e-11	positional;eQTL	False	False	Lee CP GCST006572 + GENCODE v19; HGNC/Unknome/Pharos/HPA separate annotations; EUR LD + GTEx DLPFC/Catalogue + chain/VEP + Tian guide coverage pilot; Savage/Genebass overlap; EA excluded	Independent ancestry-matched fine-mapping excludes rs13096357 and assigns a different variant/gene (e.g. MAP4, RPS27P30, RN7SL664P); adult-specific perturbation in the implicated cell type has no predicted functional effect despite verified engagement. Shared-signal evidence disappears on multiple-signal conditioning or complete variant coverage.	association hypothesis only; not an enhancement target
336	ENSG00000213672	NCKIPSD	336	R001	rs13070798	1.16e-08	5.452e-07	0.0103113676	22434	47	145	MAP4;RPS27P30;RN7SL664P;RPL17P16;CDC25A;SNRPFP4;RNU7-128P;NDUFB1P1;MIR4443;CAMP;ZNF589;MRPS18AP1;Y_RNA;FCF1P2;NME6;SPINK8;MIR2115;FBXW12;RN7SL321P;PLXNB1;CCDC51;TMA7;RP11-24C3.2;ATRIP;TREX1;SHISA5;AC104448.1;PFKFB4;UCN2;COL7A1;MIR711;UQCRC1;TMEM89;SLC26A6;CELSR3;MIR4793;LINC02585;RP11-572O6.1;IP6K2;PRKAR2A;PRKAR2A-AS1;SLC25A20;ARIH2OS;ARIH2;RP13-131K19.1;RP13-131K19.2;RP13-131K19.7;P4HTM;WDR6;DALRD3;MIR425;NDUFAF3;MIR191;IMPDH2;RP13-131K19.6;QRICH1;RN7SL182P;QARS1;USP19;LAMB2;LAMB2P1;CCDC71;KLHDC8B;CIMIP7;IHO1;GCSHP6;RP11-3B7.1;C3orf62;Y_RNA;MIR4271;USP4;GPX1;RHOA;RHOA-IT1;TCTA;AMT;NICN1-AS1;NICN1;RNA5SP130;DAG1;BSN-DT;BSN;BSN-AS1;APEH;MST1;AC099668.5;RNF123;AMIGO3;GMPPB;IP6K1;COX6CP14;PHF5AP3;CDHR4;INKA1;UBA7;MIR5193;AC139451.1;TRAIP;CAMKV;RN7SL217P;ACTL11P;MST1R;CTD-2330K9.2;CTD-2330K9.3;MON1A;RBM6;RBM5;SEMA3F-AS1;SEMA3F;MIR566;GNAT1;SLC38A3;GNAI2;U73169.1;LINC03143;SEMA3B-AS1;SEMA3B;LSMEM2;IFRD2;HYAL3;NAA80;HYAL1;HYAL2;TUSC2;RASSF1;ZMYND10-AS1;ZMYND10;NPRL2;CYB561D2;XXcos-LUCA11.5;TMEM115;CACNA2D2;XXcos-LUCA11.4;RNA5SP131;C3orf18;HEMK1;CISH;MAPKAPK3;LINC02019;MIR4787;DOCK3;PPIAP69;RP11-646D13.1;ZNF652P1;ST13P14	2.2	6585	Unknome 18_Mar_2026; maximum over uniquely HGNC-mapped proteins; derived/knownness-ranks.tsv	Tbio	73	unique	0.11107926839448863	1481	False	4.713041942169025e-06	0.4293749564157276	NA	unresolved competing genes; gene-body association is not causal assignment	Lifelong developmental, systemic and adult explanations remain. Adult tissue expression observed (cerebral cortex); timing not identified.	50.0	cerebral cortex	not established; target mapping/primary phenotype table unavailable	Tian 2019 iPSC-derived glutamatergic neuron survival D14/D21/D28; CROP-seq D7 transcription; not cognitive performance or mature adult physiology	3.658e-10	positional;eQTL	False	False	Lee CP GCST006572 + GENCODE v19; HGNC/Unknome/Pharos/HPA separate annotations; EUR LD + GTEx DLPFC/Catalogue + chain/VEP + Tian guide coverage pilot; Savage/Genebass overlap; EA excluded	Independent ancestry-matched fine-mapping excludes rs13070798 and assigns a different variant/gene (e.g. MAP4, RPS27P30, RN7SL664P); adult-specific perturbation in the implicated cell type has no predicted functional effect despite verified engagement. Shared-signal evidence disappears on multiple-signal conditioning or complete variant coverage.	association hypothesis only; not an enhancement target
356	ENSG00000007402	CACNA2D2	356	R001	rs1540293	2.28e-09	8.4132e-07	0.01591188516	141443	369	145	MAP4;RPS27P30;RN7SL664P;RPL17P16;CDC25A;SNRPFP4;RNU7-128P;NDUFB1P1;MIR4443;CAMP;ZNF589;MRPS18AP1;Y_RNA;FCF1P2;NME6;SPINK8;MIR2115;FBXW12;RN7SL321P;PLXNB1;CCDC51;TMA7;RP11-24C3.2;ATRIP;TREX1;SHISA5;AC104448.1;PFKFB4;UCN2;COL7A1;MIR711;UQCRC1;TMEM89;SLC26A6;CELSR3;MIR4793;LINC02585;NCKIPSD;RP11-572O6.1;IP6K2;PRKAR2A;PRKAR2A-AS1;SLC25A20;ARIH2OS;ARIH2;RP13-131K19.1;RP13-131K19.2;RP13-131K19.7;P4HTM;WDR6;DALRD3;MIR425;NDUFAF3;MIR191;IMPDH2;RP13-131K19.6;QRICH1;RN7SL182P;QARS1;USP19;LAMB2;LAMB2P1;CCDC71;KLHDC8B;CIMIP7;IHO1;GCSHP6;RP11-3B7.1;C3orf62;Y_RNA;MIR4271;USP4;GPX1;RHOA;RHOA-IT1;TCTA;AMT;NICN1-AS1;NICN1;RNA5SP130;DAG1;BSN-DT;BSN;BSN-AS1;APEH;MST1;AC099668.5;RNF123;AMIGO3;GMPPB;IP6K1;COX6CP14;PHF5AP3;CDHR4;INKA1;UBA7;MIR5193;AC139451.1;TRAIP;CAMKV;RN7SL217P;ACTL11P;MST1R;CTD-2330K9.2;CTD-2330K9.3;MON1A;RBM6;RBM5;SEMA3F-AS1;SEMA3F;MIR566;GNAT1;SLC38A3;GNAI2;U73169.1;LINC03143;SEMA3B-AS1;SEMA3B;LSMEM2;IFRD2;HYAL3;NAA80;HYAL1;HYAL2;TUSC2;RASSF1;ZMYND10-AS1;ZMYND10;NPRL2;CYB561D2;XXcos-LUCA11.5;TMEM115;XXcos-LUCA11.4;RNA5SP131;C3orf18;HEMK1;CISH;MAPKAPK3;LINC02019;MIR4787;DOCK3;PPIAP69;RP11-646D13.1;ZNF652P1;ST13P14	1.7	5664	Unknome 18_Mar_2026; maximum over uniquely HGNC-mapped proteins; derived/knownness-ranks.tsv	Tclin	51	unique	0.07211351722953938	1688	True	0.003945466613909422	0.4110759666322893	NA	unresolved competing genes; gene-body association is not causal assignment	Lifelong developmental, systemic and adult explanations remain. Adult tissue expression observed (cerebellum); timing not identified.	14.5	cerebellum	not established; target mapping/primary phenotype table unavailable	Tian 2019 iPSC-derived glutamatergic neuron survival D14/D21/D28; CROP-seq D7 transcription; not cognitive performance or mature adult physiology	9.6043e-07	positional	False	False	Lee CP GCST006572 + GENCODE v19; HGNC/Unknome/Pharos/HPA separate annotations; EUR LD + GTEx DLPFC/Catalogue + chain/VEP + Tian guide coverage pilot; Savage/Genebass overlap; EA excluded	Independent ancestry-matched fine-mapping excludes rs1540293 and assigns a different variant/gene (e.g. MAP4, RPS27P30, RN7SL664P); adult-specific perturbation in the implicated cell type has no predicted functional effect despite verified engagement. Shared-signal evidence disappears on multiple-signal conditioning or complete variant coverage.	association hypothesis only; not an enhancement target
362	ENSG00000114383	TUSC2	362	R001	rs11549673	7.91e-08	9.492e-07	0.0179522196	8225	12	145	MAP4;RPS27P30;RN7SL664P;RPL17P16;CDC25A;SNRPFP4;RNU7-128P;NDUFB1P1;MIR4443;CAMP;ZNF589;MRPS18AP1;Y_RNA;FCF1P2;NME6;SPINK8;MIR2115;FBXW12;RN7SL321P;PLXNB1;CCDC51;TMA7;RP11-24C3.2;ATRIP;TREX1;SHISA5;AC104448.1;PFKFB4;UCN2;COL7A1;MIR711;UQCRC1;TMEM89;SLC26A6;CELSR3;MIR4793;LINC02585;NCKIPSD;RP11-572O6.1;IP6K2;PRKAR2A;PRKAR2A-AS1;SLC25A20;ARIH2OS;ARIH2;RP13-131K19.1;RP13-131K19.2;RP13-131K19.7;P4HTM;WDR6;DALRD3;MIR425;NDUFAF3;MIR191;IMPDH2;RP13-131K19.6;QRICH1;RN7SL182P;QARS1;USP19;LAMB2;LAMB2P1;CCDC71;KLHDC8B;CIMIP7;IHO1;GCSHP6;RP11-3B7.1;C3orf62;Y_RNA;MIR4271;USP4;GPX1;RHOA;RHOA-IT1;TCTA;AMT;NICN1-AS1;NICN1;RNA5SP130;DAG1;BSN-DT;BSN;BSN-AS1;APEH;MST1;AC099668.5;RNF123;AMIGO3;GMPPB;IP6K1;COX6CP14;PHF5AP3;CDHR4;INKA1;UBA7;MIR5193;AC139451.1;TRAIP;CAMKV;RN7SL217P;ACTL11P;MST1R;CTD-2330K9.2;CTD-2330K9.3;MON1A;RBM6;RBM5;SEMA3F-AS1;SEMA3F;MIR566;GNAT1;SLC38A3;GNAI2;U73169.1;LINC03143;SEMA3B-AS1;SEMA3B;LSMEM2;IFRD2;HYAL3;NAA80;HYAL1;HYAL2;RASSF1;ZMYND10-AS1;ZMYND10;NPRL2;CYB561D2;XXcos-LUCA11.5;TMEM115;CACNA2D2;XXcos-LUCA11.4;RNA5SP131;C3orf18;HEMK1;CISH;MAPKAPK3;LINC02019;MIR4787;DOCK3;PPIAP69;RP11-646D13.1;ZNF652P1;ST13P14	1.0	3282	Unknome 18_Mar_2026; maximum over uniquely HGNC-mapped proteins; derived/knownness-ranks.tsv	Tbio	77	unique	0.06015908465560383	1883	True	0.0040240162968479525	0.4105875903310574	NA	unresolved competing genes; gene-body association is not causal assignment	Lifelong developmental, systemic and adult explanations remain. Adult tissue expression observed (cerebral cortex); timing not identified.	59.9	cerebral cortex	not established; target mapping/primary phenotype table unavailable	Tian 2019 iPSC-derived glutamatergic neuron survival D14/D21/D28; CROP-seq D7 transcription; not cognitive performance or mature adult physiology	NA	positional;eQTL	False	False	Lee CP GCST006572 + GENCODE v19; HGNC/Unknome/Pharos/HPA separate annotations; EUR LD + GTEx DLPFC/Catalogue + chain/VEP + Tian guide coverage pilot; Savage/Genebass overlap; EA excluded	Independent ancestry-matched fine-mapping excludes rs11549673 and assigns a different variant/gene (e.g. MAP4, RPS27P30, RN7SL664P); adult-specific perturbation in the implicated cell type has no predicted functional effect despite verified engagement. Shared-signal evidence disappears on multiple-signal conditioning or complete variant coverage.	association hypothesis only; not an enhancement target
400	ENSG00000178149	DALRD3	400	R001	rs78807522	2.68e-07	2.144e-06	0.040549472	6806	8	145	MAP4;RPS27P30;RN7SL664P;RPL17P16;CDC25A;SNRPFP4;RNU7-128P;NDUFB1P1;MIR4443;CAMP;ZNF589;MRPS18AP1;Y_RNA;FCF1P2;NME6;SPINK8;MIR2115;FBXW12;RN7SL321P;PLXNB1;CCDC51;TMA7;RP11-24C3.2;ATRIP;TREX1;SHISA5;AC104448.1;PFKFB4;UCN2;COL7A1;MIR711;UQCRC1;TMEM89;SLC26A6;CELSR3;MIR4793;LINC02585;NCKIPSD;RP11-572O6.1;IP6K2;PRKAR2A;PRKAR2A-AS1;SLC25A20;ARIH2OS;ARIH2;RP13-131K19.1;RP13-131K19.2;RP13-131K19.7;P4HTM;WDR6;MIR425;NDUFAF3;MIR191;IMPDH2;RP13-131K19.6;QRICH1;RN7SL182P;QARS1;USP19;LAMB2;LAMB2P1;CCDC71;KLHDC8B;CIMIP7;IHO1;GCSHP6;RP11-3B7.1;C3orf62;Y_RNA;MIR4271;USP4;GPX1;RHOA;RHOA-IT1;TCTA;AMT;NICN1-AS1;NICN1;RNA5SP130;DAG1;BSN-DT;BSN;BSN-AS1;APEH;MST1;AC099668.5;RNF123;AMIGO3;GMPPB;IP6K1;COX6CP14;PHF5AP3;CDHR4;INKA1;UBA7;MIR5193;AC139451.1;TRAIP;CAMKV;RN7SL217P;ACTL11P;MST1R;CTD-2330K9.2;CTD-2330K9.3;MON1A;RBM6;RBM5;SEMA3F-AS1;SEMA3F;MIR566;GNAT1;SLC38A3;GNAI2;U73169.1;LINC03143;SEMA3B-AS1;SEMA3B;LSMEM2;IFRD2;HYAL3;NAA80;HYAL1;HYAL2;TUSC2;RASSF1;ZMYND10-AS1;ZMYND10;NPRL2;CYB561D2;XXcos-LUCA11.5;TMEM115;CACNA2D2;XXcos-LUCA11.4;RNA5SP131;C3orf18;HEMK1;CISH;MAPKAPK3;LINC02019;MIR4787;DOCK3;PPIAP69;RP11-646D13.1;ZNF652P1;ST13P14	3.4	8766	Unknome 18_Mar_2026; maximum over uniquely HGNC-mapped proteins; derived/knownness-ranks.tsv	Tbio	28	unique	0.09623397717896627	1834	True	0.005310857496204457	0.47402647840193946	NA	unresolved competing genes; gene-body association is not causal assignment	Lifelong developmental, systemic and adult explanations remain. Adult tissue expression observed (cerebral cortex); timing not identified.	14.3	cerebral cortex	not established; target mapping/primary phenotype table unavailable	Tian 2019 iPSC-derived glutamatergic neuron survival D14/D21/D28; CROP-seq D7 transcription; not cognitive performance or mature adult physiology	6.1291e-12	positional;eQTL	False	False	Lee CP GCST006572 + GENCODE v19; HGNC/Unknome/Pharos/HPA separate annotations; EUR LD + GTEx DLPFC/Catalogue + chain/VEP + Tian guide coverage pilot; Savage/Genebass overlap; EA excluded	Independent ancestry-matched fine-mapping excludes rs78807522 and assigns a different variant/gene (e.g. MAP4, RPS27P30, RN7SL664P); adult-specific perturbation in the implicated cell type has no predicted functional effect despite verified engagement. Shared-signal evidence disappears on multiple-signal conditioning or complete variant coverage.	association hypothesis only; not an enhancement target
