evidence_rank	gene_id	symbol	association_rank	region_id	body_lead_snp	body_min_p	gene_bonferroni_p	across_gene_bonferroni_p	gene_length_bp	snp_count	locus_alternative_count	locus_alternatives	unknome_knownness	unknome_rank	knownness_provenance	pharos_tdl	human_pubmed_count	hgnc_mapping	body_lead_r2_to_region_lead	adult_brain_qtl_shared_variants	adult_brain_qtl_lead_covered	single_signal_coloc_H4_min	single_signal_coloc_H4_max	lead_variant_consequences	locus_assignment	developmental_vs_adult	adult_brain_max_ntpm	adult_brain_max_tissue	perturbation_coverage	perturbation_readout	savage_overlapping_magma_p	savage_mapping	rare_direct_qc_hit	independent_replication_established	data_dependencies	specific_disconfirming_observation	status
1	ENSG00000183763	TRAIP	1	R001	rs2352974	5.19e-29	2.6469e-27	5.00608197e-23	27974	51	145	MAP4;RPS27P30;RN7SL664P;RPL17P16;CDC25A;SNRPFP4;RNU7-128P;NDUFB1P1;MIR4443;CAMP;ZNF589;MRPS18AP1;Y_RNA;FCF1P2;NME6;SPINK8;MIR2115;FBXW12;RN7SL321P;PLXNB1;CCDC51;TMA7;RP11-24C3.2;ATRIP;TREX1;SHISA5;AC104448.1;PFKFB4;UCN2;COL7A1;MIR711;UQCRC1;TMEM89;SLC26A6;CELSR3;MIR4793;LINC02585;NCKIPSD;RP11-572O6.1;IP6K2;PRKAR2A;PRKAR2A-AS1;SLC25A20;ARIH2OS;ARIH2;RP13-131K19.1;RP13-131K19.2;RP13-131K19.7;P4HTM;WDR6;DALRD3;MIR425;NDUFAF3;MIR191;IMPDH2;RP13-131K19.6;QRICH1;RN7SL182P;QARS1;USP19;LAMB2;LAMB2P1;CCDC71;KLHDC8B;CIMIP7;IHO1;GCSHP6;RP11-3B7.1;C3orf62;Y_RNA;MIR4271;USP4;GPX1;RHOA;RHOA-IT1;TCTA;AMT;NICN1-AS1;NICN1;RNA5SP130;DAG1;BSN-DT;BSN;BSN-AS1;APEH;MST1;AC099668.5;RNF123;AMIGO3;GMPPB;IP6K1;COX6CP14;PHF5AP3;CDHR4;INKA1;UBA7;MIR5193;AC139451.1;CAMKV;RN7SL217P;ACTL11P;MST1R;CTD-2330K9.2;CTD-2330K9.3;MON1A;RBM6;RBM5;SEMA3F-AS1;SEMA3F;MIR566;GNAT1;SLC38A3;GNAI2;U73169.1;LINC03143;SEMA3B-AS1;SEMA3B;LSMEM2;IFRD2;HYAL3;NAA80;HYAL1;HYAL2;TUSC2;RASSF1;ZMYND10-AS1;ZMYND10;NPRL2;CYB561D2;XXcos-LUCA11.5;TMEM115;CACNA2D2;XXcos-LUCA11.4;RNA5SP131;C3orf18;HEMK1;CISH;MAPKAPK3;LINC02019;MIR4787;DOCK3;PPIAP69;RP11-646D13.1;ZNF652P1;ST13P14	9.4	15426	Unknome 18_Mar_2026; maximum over uniquely HGNC-mapped proteins; derived/knownness-ranks.tsv	Tbio	67	unique	1.0	2094	True	0.04291289729893521	0.9159661340943617	intron_variant;intron_variant;NMD_transcript_variant;intron_variant;non_coding_transcript_variant	unresolved competing genes; gene-body association is not causal assignment	Lifelong developmental, systemic and adult explanations remain. Adult tissue expression observed (basal ganglia); timing not identified.	6.0	basal ganglia	not established; target mapping/primary phenotype table unavailable	Tian 2019 iPSC-derived glutamatergic neuron survival D14/D21/D28; CROP-seq D7 transcription; not cognitive performance or mature adult physiology	3.7642e-25	positional;chromatin	False	False	Lee CP GCST006572 + GENCODE v19; HGNC/Unknome/Pharos/HPA separate annotations; EUR LD + GTEx DLPFC/Catalogue + chain/VEP + Tian guide coverage pilot; Savage/Genebass overlap; EA excluded	Independent ancestry-matched fine-mapping excludes rs2352974 and assigns a different variant/gene (e.g. MAP4, RPS27P30, RN7SL664P); adult-specific perturbation in the implicated cell type has no predicted functional effect despite verified engagement. Shared-signal evidence disappears on multiple-signal conditioning or complete variant coverage.	association hypothesis only; not an enhancement target
2	ENSG00000187492	CDHR4	2	R001	rs6802890	1.43e-27	3.289e-26	6.2204857e-22	9104	23	145	MAP4;RPS27P30;RN7SL664P;RPL17P16;CDC25A;SNRPFP4;RNU7-128P;NDUFB1P1;MIR4443;CAMP;ZNF589;MRPS18AP1;Y_RNA;FCF1P2;NME6;SPINK8;MIR2115;FBXW12;RN7SL321P;PLXNB1;CCDC51;TMA7;RP11-24C3.2;ATRIP;TREX1;SHISA5;AC104448.1;PFKFB4;UCN2;COL7A1;MIR711;UQCRC1;TMEM89;SLC26A6;CELSR3;MIR4793;LINC02585;NCKIPSD;RP11-572O6.1;IP6K2;PRKAR2A;PRKAR2A-AS1;SLC25A20;ARIH2OS;ARIH2;RP13-131K19.1;RP13-131K19.2;RP13-131K19.7;P4HTM;WDR6;DALRD3;MIR425;NDUFAF3;MIR191;IMPDH2;RP13-131K19.6;QRICH1;RN7SL182P;QARS1;USP19;LAMB2;LAMB2P1;CCDC71;KLHDC8B;CIMIP7;IHO1;GCSHP6;RP11-3B7.1;C3orf62;Y_RNA;MIR4271;USP4;GPX1;RHOA;RHOA-IT1;TCTA;AMT;NICN1-AS1;NICN1;RNA5SP130;DAG1;BSN-DT;BSN;BSN-AS1;APEH;MST1;AC099668.5;RNF123;AMIGO3;GMPPB;IP6K1;COX6CP14;PHF5AP3;INKA1;UBA7;MIR5193;AC139451.1;TRAIP;CAMKV;RN7SL217P;ACTL11P;MST1R;CTD-2330K9.2;CTD-2330K9.3;MON1A;RBM6;RBM5;SEMA3F-AS1;SEMA3F;MIR566;GNAT1;SLC38A3;GNAI2;U73169.1;LINC03143;SEMA3B-AS1;SEMA3B;LSMEM2;IFRD2;HYAL3;NAA80;HYAL1;HYAL2;TUSC2;RASSF1;ZMYND10-AS1;ZMYND10;NPRL2;CYB561D2;XXcos-LUCA11.5;TMEM115;CACNA2D2;XXcos-LUCA11.4;RNA5SP131;C3orf18;HEMK1;CISH;MAPKAPK3;LINC02019;MIR4787;DOCK3;PPIAP69;RP11-646D13.1;ZNF652P1;ST13P14	1.0	3282	Unknome 18_Mar_2026; maximum over uniquely HGNC-mapped proteins; derived/knownness-ranks.tsv	Tdark	7	unique	0.9716369190800317	0	False	NA	NA	NA	unresolved competing genes; gene-body association is not causal assignment	Lifelong developmental, systemic and adult explanations remain. Adult tissue expression observed (hypothalamus); timing not identified.	1.6	hypothalamus	not established; target mapping/primary phenotype table unavailable	Tian 2019 iPSC-derived glutamatergic neuron survival D14/D21/D28; CROP-seq D7 transcription; not cognitive performance or mature adult physiology	2.0343e-20	positional;eQTL	False	False	Lee CP GCST006572 + GENCODE v19; HGNC/Unknome/Pharos/HPA separate annotations; EUR LD + GTEx DLPFC/Catalogue + chain/VEP + Tian guide coverage pilot; Savage/Genebass overlap; EA excluded	Independent ancestry-matched fine-mapping excludes rs6802890 and assigns a different variant/gene (e.g. MAP4, RPS27P30, RN7SL664P); adult-specific perturbation in the implicated cell type has no predicted functional effect despite verified engagement. Shared-signal evidence disappears on multiple-signal conditioning or complete variant coverage.	association hypothesis only; not an enhancement target
3	ENSG00000176095	IP6K1	3	R001	rs7649348	6.81e-28	8.5125e-26	1.609969125e-21	62249	125	145	MAP4;RPS27P30;RN7SL664P;RPL17P16;CDC25A;SNRPFP4;RNU7-128P;NDUFB1P1;MIR4443;CAMP;ZNF589;MRPS18AP1;Y_RNA;FCF1P2;NME6;SPINK8;MIR2115;FBXW12;RN7SL321P;PLXNB1;CCDC51;TMA7;RP11-24C3.2;ATRIP;TREX1;SHISA5;AC104448.1;PFKFB4;UCN2;COL7A1;MIR711;UQCRC1;TMEM89;SLC26A6;CELSR3;MIR4793;LINC02585;NCKIPSD;RP11-572O6.1;IP6K2;PRKAR2A;PRKAR2A-AS1;SLC25A20;ARIH2OS;ARIH2;RP13-131K19.1;RP13-131K19.2;RP13-131K19.7;P4HTM;WDR6;DALRD3;MIR425;NDUFAF3;MIR191;IMPDH2;RP13-131K19.6;QRICH1;RN7SL182P;QARS1;USP19;LAMB2;LAMB2P1;CCDC71;KLHDC8B;CIMIP7;IHO1;GCSHP6;RP11-3B7.1;C3orf62;Y_RNA;MIR4271;USP4;GPX1;RHOA;RHOA-IT1;TCTA;AMT;NICN1-AS1;NICN1;RNA5SP130;DAG1;BSN-DT;BSN;BSN-AS1;APEH;MST1;AC099668.5;RNF123;AMIGO3;GMPPB;COX6CP14;PHF5AP3;CDHR4;INKA1;UBA7;MIR5193;AC139451.1;TRAIP;CAMKV;RN7SL217P;ACTL11P;MST1R;CTD-2330K9.2;CTD-2330K9.3;MON1A;RBM6;RBM5;SEMA3F-AS1;SEMA3F;MIR566;GNAT1;SLC38A3;GNAI2;U73169.1;LINC03143;SEMA3B-AS1;SEMA3B;LSMEM2;IFRD2;HYAL3;NAA80;HYAL1;HYAL2;TUSC2;RASSF1;ZMYND10-AS1;ZMYND10;NPRL2;CYB561D2;XXcos-LUCA11.5;TMEM115;CACNA2D2;XXcos-LUCA11.4;RNA5SP131;C3orf18;HEMK1;CISH;MAPKAPK3;LINC02019;MIR4787;DOCK3;PPIAP69;RP11-646D13.1;ZNF652P1;ST13P14	9.0	15175	Unknome 18_Mar_2026; maximum over uniquely HGNC-mapped proteins; derived/knownness-ranks.tsv	Tchem	69	unique	0.9676281034754964	2002	True	0.00538699315543319	0.4542155838973908	NA	unresolved competing genes; gene-body association is not causal assignment	Lifelong developmental, systemic and adult explanations remain. Adult tissue expression observed (cerebellum); timing not identified.	46.7	cerebellum	not established; target mapping/primary phenotype table unavailable	Tian 2019 iPSC-derived glutamatergic neuron survival D14/D21/D28; CROP-seq D7 transcription; not cognitive performance or mature adult physiology	2.5462e-31	positional	False	False	Lee CP GCST006572 + GENCODE v19; HGNC/Unknome/Pharos/HPA separate annotations; EUR LD + GTEx DLPFC/Catalogue + chain/VEP + Tian guide coverage pilot; Savage/Genebass overlap; EA excluded	Independent ancestry-matched fine-mapping excludes rs7649348 and assigns a different variant/gene (e.g. MAP4, RPS27P30, RN7SL664P); adult-specific perturbation in the implicated cell type has no predicted functional effect despite verified engagement. Shared-signal evidence disappears on multiple-signal conditioning or complete variant coverage.	association hypothesis only; not an enhancement target
4	ENSG00000164068	RNF123	4	R001	rs9873183	1.23e-27	8.733000000000001e-26	1.6516722900000001e-21	32031	71	145	MAP4;RPS27P30;RN7SL664P;RPL17P16;CDC25A;SNRPFP4;RNU7-128P;NDUFB1P1;MIR4443;CAMP;ZNF589;MRPS18AP1;Y_RNA;FCF1P2;NME6;SPINK8;MIR2115;FBXW12;RN7SL321P;PLXNB1;CCDC51;TMA7;RP11-24C3.2;ATRIP;TREX1;SHISA5;AC104448.1;PFKFB4;UCN2;COL7A1;MIR711;UQCRC1;TMEM89;SLC26A6;CELSR3;MIR4793;LINC02585;NCKIPSD;RP11-572O6.1;IP6K2;PRKAR2A;PRKAR2A-AS1;SLC25A20;ARIH2OS;ARIH2;RP13-131K19.1;RP13-131K19.2;RP13-131K19.7;P4HTM;WDR6;DALRD3;MIR425;NDUFAF3;MIR191;IMPDH2;RP13-131K19.6;QRICH1;RN7SL182P;QARS1;USP19;LAMB2;LAMB2P1;CCDC71;KLHDC8B;CIMIP7;IHO1;GCSHP6;RP11-3B7.1;C3orf62;Y_RNA;MIR4271;USP4;GPX1;RHOA;RHOA-IT1;TCTA;AMT;NICN1-AS1;NICN1;RNA5SP130;DAG1;BSN-DT;BSN;BSN-AS1;APEH;MST1;AC099668.5;AMIGO3;GMPPB;IP6K1;COX6CP14;PHF5AP3;CDHR4;INKA1;UBA7;MIR5193;AC139451.1;TRAIP;CAMKV;RN7SL217P;ACTL11P;MST1R;CTD-2330K9.2;CTD-2330K9.3;MON1A;RBM6;RBM5;SEMA3F-AS1;SEMA3F;MIR566;GNAT1;SLC38A3;GNAI2;U73169.1;LINC03143;SEMA3B-AS1;SEMA3B;LSMEM2;IFRD2;HYAL3;NAA80;HYAL1;HYAL2;TUSC2;RASSF1;ZMYND10-AS1;ZMYND10;NPRL2;CYB561D2;XXcos-LUCA11.5;TMEM115;CACNA2D2;XXcos-LUCA11.4;RNA5SP131;C3orf18;HEMK1;CISH;MAPKAPK3;LINC02019;MIR4787;DOCK3;PPIAP69;RP11-646D13.1;ZNF652P1;ST13P14	5.4	11736	Unknome 18_Mar_2026; maximum over uniquely HGNC-mapped proteins; derived/knownness-ranks.tsv	Tbio	84	unique	0.9636353561168143	1967	True	0.49440286604278383	0.9919474457741235	NA	unresolved competing genes; gene-body association is not causal assignment	Lifelong developmental, systemic and adult explanations remain. Adult tissue expression observed (cerebral cortex); timing not identified.	28.3	cerebral cortex	not established; target mapping/primary phenotype table unavailable	Tian 2019 iPSC-derived glutamatergic neuron survival D14/D21/D28; CROP-seq D7 transcription; not cognitive performance or mature adult physiology	1.6265e-33	positional;eQTL	False	False	Lee CP GCST006572 + GENCODE v19; HGNC/Unknome/Pharos/HPA separate annotations; EUR LD + GTEx DLPFC/Catalogue + chain/VEP + Tian guide coverage pilot; Savage/Genebass overlap; EA excluded	Independent ancestry-matched fine-mapping excludes rs9873183 and assigns a different variant/gene (e.g. MAP4, RPS27P30, RN7SL664P); adult-specific perturbation in the implicated cell type has no predicted functional effect despite verified engagement. Shared-signal evidence disappears on multiple-signal conditioning or complete variant coverage.	association hypothesis only; not an enhancement target
5	ENSG00000228008	CTD-2330K9.3	5	R001	rs7634084	2.06e-25	3.502e-24	6.6233326e-20	13093	17	145	MAP4;RPS27P30;RN7SL664P;RPL17P16;CDC25A;SNRPFP4;RNU7-128P;NDUFB1P1;MIR4443;CAMP;ZNF589;MRPS18AP1;Y_RNA;FCF1P2;NME6;SPINK8;MIR2115;FBXW12;RN7SL321P;PLXNB1;CCDC51;TMA7;RP11-24C3.2;ATRIP;TREX1;SHISA5;AC104448.1;PFKFB4;UCN2;COL7A1;MIR711;UQCRC1;TMEM89;SLC26A6;CELSR3;MIR4793;LINC02585;NCKIPSD;RP11-572O6.1;IP6K2;PRKAR2A;PRKAR2A-AS1;SLC25A20;ARIH2OS;ARIH2;RP13-131K19.1;RP13-131K19.2;RP13-131K19.7;P4HTM;WDR6;DALRD3;MIR425;NDUFAF3;MIR191;IMPDH2;RP13-131K19.6;QRICH1;RN7SL182P;QARS1;USP19;LAMB2;LAMB2P1;CCDC71;KLHDC8B;CIMIP7;IHO1;GCSHP6;RP11-3B7.1;C3orf62;Y_RNA;MIR4271;USP4;GPX1;RHOA;RHOA-IT1;TCTA;AMT;NICN1-AS1;NICN1;RNA5SP130;DAG1;BSN-DT;BSN;BSN-AS1;APEH;MST1;AC099668.5;RNF123;AMIGO3;GMPPB;IP6K1;COX6CP14;PHF5AP3;CDHR4;INKA1;UBA7;MIR5193;AC139451.1;TRAIP;CAMKV;RN7SL217P;ACTL11P;MST1R;CTD-2330K9.2;MON1A;RBM6;RBM5;SEMA3F-AS1;SEMA3F;MIR566;GNAT1;SLC38A3;GNAI2;U73169.1;LINC03143;SEMA3B-AS1;SEMA3B;LSMEM2;IFRD2;HYAL3;NAA80;HYAL1;HYAL2;TUSC2;RASSF1;ZMYND10-AS1;ZMYND10;NPRL2;CYB561D2;XXcos-LUCA11.5;TMEM115;CACNA2D2;XXcos-LUCA11.4;RNA5SP131;C3orf18;HEMK1;CISH;MAPKAPK3;LINC02019;MIR4787;DOCK3;PPIAP69;RP11-646D13.1;ZNF652P1;ST13P14	NA	NA	Unknome unmapped/unscored; not zero knownness	NA	NA	unmapped	NA	0	False	NA	NA	NA	unresolved competing genes; gene-body association is not causal assignment	Lifelong developmental, systemic and adult explanations remain. Adult brain expression not covered in HPA; not evidence of absence.	NA	NA	not established; target mapping/primary phenotype table unavailable	Tian 2019 iPSC-derived glutamatergic neuron survival D14/D21/D28; CROP-seq D7 transcription; not cognitive performance or mature adult physiology	NA	NA	False	False	Lee CP GCST006572 + GENCODE v19; HGNC/Unknome/Pharos/HPA separate annotations; EUR LD + GTEx DLPFC/Catalogue + chain/VEP + Tian guide coverage pilot; Savage/Genebass overlap; EA excluded	Independent ancestry-matched fine-mapping excludes rs7634084 and assigns a different variant/gene (e.g. MAP4, RPS27P30, RN7SL664P); adult-specific perturbation in the implicated cell type has no predicted functional effect despite verified engagement. Shared-signal evidence disappears on multiple-signal conditioning or complete variant coverage.	association hypothesis only; not an enhancement target
6	ENSG00000164078	MST1R	6	R001	rs1062633	2e-25	5.4e-24	1.0213020000000001e-19	16865	27	145	MAP4;RPS27P30;RN7SL664P;RPL17P16;CDC25A;SNRPFP4;RNU7-128P;NDUFB1P1;MIR4443;CAMP;ZNF589;MRPS18AP1;Y_RNA;FCF1P2;NME6;SPINK8;MIR2115;FBXW12;RN7SL321P;PLXNB1;CCDC51;TMA7;RP11-24C3.2;ATRIP;TREX1;SHISA5;AC104448.1;PFKFB4;UCN2;COL7A1;MIR711;UQCRC1;TMEM89;SLC26A6;CELSR3;MIR4793;LINC02585;NCKIPSD;RP11-572O6.1;IP6K2;PRKAR2A;PRKAR2A-AS1;SLC25A20;ARIH2OS;ARIH2;RP13-131K19.1;RP13-131K19.2;RP13-131K19.7;P4HTM;WDR6;DALRD3;MIR425;NDUFAF3;MIR191;IMPDH2;RP13-131K19.6;QRICH1;RN7SL182P;QARS1;USP19;LAMB2;LAMB2P1;CCDC71;KLHDC8B;CIMIP7;IHO1;GCSHP6;RP11-3B7.1;C3orf62;Y_RNA;MIR4271;USP4;GPX1;RHOA;RHOA-IT1;TCTA;AMT;NICN1-AS1;NICN1;RNA5SP130;DAG1;BSN-DT;BSN;BSN-AS1;APEH;MST1;AC099668.5;RNF123;AMIGO3;GMPPB;IP6K1;COX6CP14;PHF5AP3;CDHR4;INKA1;UBA7;MIR5193;AC139451.1;TRAIP;CAMKV;RN7SL217P;ACTL11P;CTD-2330K9.2;CTD-2330K9.3;MON1A;RBM6;RBM5;SEMA3F-AS1;SEMA3F;MIR566;GNAT1;SLC38A3;GNAI2;U73169.1;LINC03143;SEMA3B-AS1;SEMA3B;LSMEM2;IFRD2;HYAL3;NAA80;HYAL1;HYAL2;TUSC2;RASSF1;ZMYND10-AS1;ZMYND10;NPRL2;CYB561D2;XXcos-LUCA11.5;TMEM115;CACNA2D2;XXcos-LUCA11.4;RNA5SP131;C3orf18;HEMK1;CISH;MAPKAPK3;LINC02019;MIR4787;DOCK3;PPIAP69;RP11-646D13.1;ZNF652P1;ST13P14	10.2	15862	Unknome 18_Mar_2026; maximum over uniquely HGNC-mapped proteins; derived/knownness-ranks.tsv	Tchem	172	unique	0.6412528021101173	2136	True	0.016223244345520804	0.6841381510580811	NA	unresolved competing genes; gene-body association is not causal assignment	Lifelong developmental, systemic and adult explanations remain. Adult tissue expression observed (cerebellum); timing not identified.	0.6	cerebellum	not established; target mapping/primary phenotype table unavailable	Tian 2019 iPSC-derived glutamatergic neuron survival D14/D21/D28; CROP-seq D7 transcription; not cognitive performance or mature adult physiology	6.0925e-17	positional;eQTL	False	False	Lee CP GCST006572 + GENCODE v19; HGNC/Unknome/Pharos/HPA separate annotations; EUR LD + GTEx DLPFC/Catalogue + chain/VEP + Tian guide coverage pilot; Savage/Genebass overlap; EA excluded	Independent ancestry-matched fine-mapping excludes rs1062633 and assigns a different variant/gene (e.g. MAP4, RPS27P30, RN7SL664P); adult-specific perturbation in the implicated cell type has no predicted functional effect despite verified engagement. Shared-signal evidence disappears on multiple-signal conditioning or complete variant coverage.	association hypothesis only; not an enhancement target
7	ENSG00000164077	MON1A	7	R001	rs62262093	1.97e-25	6.698e-24	1.2667927400000002e-19	21305	34	145	MAP4;RPS27P30;RN7SL664P;RPL17P16;CDC25A;SNRPFP4;RNU7-128P;NDUFB1P1;MIR4443;CAMP;ZNF589;MRPS18AP1;Y_RNA;FCF1P2;NME6;SPINK8;MIR2115;FBXW12;RN7SL321P;PLXNB1;CCDC51;TMA7;RP11-24C3.2;ATRIP;TREX1;SHISA5;AC104448.1;PFKFB4;UCN2;COL7A1;MIR711;UQCRC1;TMEM89;SLC26A6;CELSR3;MIR4793;LINC02585;NCKIPSD;RP11-572O6.1;IP6K2;PRKAR2A;PRKAR2A-AS1;SLC25A20;ARIH2OS;ARIH2;RP13-131K19.1;RP13-131K19.2;RP13-131K19.7;P4HTM;WDR6;DALRD3;MIR425;NDUFAF3;MIR191;IMPDH2;RP13-131K19.6;QRICH1;RN7SL182P;QARS1;USP19;LAMB2;LAMB2P1;CCDC71;KLHDC8B;CIMIP7;IHO1;GCSHP6;RP11-3B7.1;C3orf62;Y_RNA;MIR4271;USP4;GPX1;RHOA;RHOA-IT1;TCTA;AMT;NICN1-AS1;NICN1;RNA5SP130;DAG1;BSN-DT;BSN;BSN-AS1;APEH;MST1;AC099668.5;RNF123;AMIGO3;GMPPB;IP6K1;COX6CP14;PHF5AP3;CDHR4;INKA1;UBA7;MIR5193;AC139451.1;TRAIP;CAMKV;RN7SL217P;ACTL11P;MST1R;CTD-2330K9.2;CTD-2330K9.3;RBM6;RBM5;SEMA3F-AS1;SEMA3F;MIR566;GNAT1;SLC38A3;GNAI2;U73169.1;LINC03143;SEMA3B-AS1;SEMA3B;LSMEM2;IFRD2;HYAL3;NAA80;HYAL1;HYAL2;TUSC2;RASSF1;ZMYND10-AS1;ZMYND10;NPRL2;CYB561D2;XXcos-LUCA11.5;TMEM115;CACNA2D2;XXcos-LUCA11.4;RNA5SP131;C3orf18;HEMK1;CISH;MAPKAPK3;LINC02019;MIR4787;DOCK3;PPIAP69;RP11-646D13.1;ZNF652P1;ST13P14	1.3	4364	Unknome 18_Mar_2026; maximum over uniquely HGNC-mapped proteins; derived/knownness-ranks.tsv	Tbio	21	unique	0.6502042727176639	2165	True	0.0037263324352521682	0.40643101849443464	NA	unresolved competing genes; gene-body association is not causal assignment	Lifelong developmental, systemic and adult explanations remain. Adult tissue expression observed (cerebral cortex); timing not identified.	18.7	cerebral cortex	not established; target mapping/primary phenotype table unavailable	Tian 2019 iPSC-derived glutamatergic neuron survival D14/D21/D28; CROP-seq D7 transcription; not cognitive performance or mature adult physiology	5.8208e-19	positional;eQTL	False	False	Lee CP GCST006572 + GENCODE v19; HGNC/Unknome/Pharos/HPA separate annotations; EUR LD + GTEx DLPFC/Catalogue + chain/VEP + Tian guide coverage pilot; Savage/Genebass overlap; EA excluded	Independent ancestry-matched fine-mapping excludes rs62262093 and assigns a different variant/gene (e.g. MAP4, RPS27P30, RN7SL664P); adult-specific perturbation in the implicated cell type has no predicted functional effect despite verified engagement. Shared-signal evidence disappears on multiple-signal conditioning or complete variant coverage.	association hypothesis only; not an enhancement target
8	ENSG00000182179	UBA7	8	R001	rs3819325	6.28e-25	1.0676e-23	2.01915188e-19	8740	17	145	MAP4;RPS27P30;RN7SL664P;RPL17P16;CDC25A;SNRPFP4;RNU7-128P;NDUFB1P1;MIR4443;CAMP;ZNF589;MRPS18AP1;Y_RNA;FCF1P2;NME6;SPINK8;MIR2115;FBXW12;RN7SL321P;PLXNB1;CCDC51;TMA7;RP11-24C3.2;ATRIP;TREX1;SHISA5;AC104448.1;PFKFB4;UCN2;COL7A1;MIR711;UQCRC1;TMEM89;SLC26A6;CELSR3;MIR4793;LINC02585;NCKIPSD;RP11-572O6.1;IP6K2;PRKAR2A;PRKAR2A-AS1;SLC25A20;ARIH2OS;ARIH2;RP13-131K19.1;RP13-131K19.2;RP13-131K19.7;P4HTM;WDR6;DALRD3;MIR425;NDUFAF3;MIR191;IMPDH2;RP13-131K19.6;QRICH1;RN7SL182P;QARS1;USP19;LAMB2;LAMB2P1;CCDC71;KLHDC8B;CIMIP7;IHO1;GCSHP6;RP11-3B7.1;C3orf62;Y_RNA;MIR4271;USP4;GPX1;RHOA;RHOA-IT1;TCTA;AMT;NICN1-AS1;NICN1;RNA5SP130;DAG1;BSN-DT;BSN;BSN-AS1;APEH;MST1;AC099668.5;RNF123;AMIGO3;GMPPB;IP6K1;COX6CP14;PHF5AP3;CDHR4;INKA1;MIR5193;AC139451.1;TRAIP;CAMKV;RN7SL217P;ACTL11P;MST1R;CTD-2330K9.2;CTD-2330K9.3;MON1A;RBM6;RBM5;SEMA3F-AS1;SEMA3F;MIR566;GNAT1;SLC38A3;GNAI2;U73169.1;LINC03143;SEMA3B-AS1;SEMA3B;LSMEM2;IFRD2;HYAL3;NAA80;HYAL1;HYAL2;TUSC2;RASSF1;ZMYND10-AS1;ZMYND10;NPRL2;CYB561D2;XXcos-LUCA11.5;TMEM115;CACNA2D2;XXcos-LUCA11.4;RNA5SP131;C3orf18;HEMK1;CISH;MAPKAPK3;LINC02019;MIR4787;DOCK3;PPIAP69;RP11-646D13.1;ZNF652P1;ST13P14	5.2	11424	Unknome 18_Mar_2026; maximum over uniquely HGNC-mapped proteins; derived/knownness-ranks.tsv	Tbio	64	unique	0.9552144562310995	2038	True	0.004380630668342837	0.42519144195229003	NA	unresolved competing genes; gene-body association is not causal assignment	Lifelong developmental, systemic and adult explanations remain. Adult tissue expression observed (spinal cord); timing not identified.	9.4	spinal cord	not established; target mapping/primary phenotype table unavailable	Tian 2019 iPSC-derived glutamatergic neuron survival D14/D21/D28; CROP-seq D7 transcription; not cognitive performance or mature adult physiology	1.7542e-14	positional;eQTL;chromatin	False	False	Lee CP GCST006572 + GENCODE v19; HGNC/Unknome/Pharos/HPA separate annotations; EUR LD + GTEx DLPFC/Catalogue + chain/VEP + Tian guide coverage pilot; Savage/Genebass overlap; EA excluded	Independent ancestry-matched fine-mapping excludes rs3819325 and assigns a different variant/gene (e.g. MAP4, RPS27P30, RN7SL664P); adult-specific perturbation in the implicated cell type has no predicted functional effect despite verified engagement. Shared-signal evidence disappears on multiple-signal conditioning or complete variant coverage.	association hypothesis only; not an enhancement target
9	ENSG00000164076	CAMKV	9	R001	rs6446187	5.73e-25	1.3179e-23	2.49254427e-19	12235	23	145	MAP4;RPS27P30;RN7SL664P;RPL17P16;CDC25A;SNRPFP4;RNU7-128P;NDUFB1P1;MIR4443;CAMP;ZNF589;MRPS18AP1;Y_RNA;FCF1P2;NME6;SPINK8;MIR2115;FBXW12;RN7SL321P;PLXNB1;CCDC51;TMA7;RP11-24C3.2;ATRIP;TREX1;SHISA5;AC104448.1;PFKFB4;UCN2;COL7A1;MIR711;UQCRC1;TMEM89;SLC26A6;CELSR3;MIR4793;LINC02585;NCKIPSD;RP11-572O6.1;IP6K2;PRKAR2A;PRKAR2A-AS1;SLC25A20;ARIH2OS;ARIH2;RP13-131K19.1;RP13-131K19.2;RP13-131K19.7;P4HTM;WDR6;DALRD3;MIR425;NDUFAF3;MIR191;IMPDH2;RP13-131K19.6;QRICH1;RN7SL182P;QARS1;USP19;LAMB2;LAMB2P1;CCDC71;KLHDC8B;CIMIP7;IHO1;GCSHP6;RP11-3B7.1;C3orf62;Y_RNA;MIR4271;USP4;GPX1;RHOA;RHOA-IT1;TCTA;AMT;NICN1-AS1;NICN1;RNA5SP130;DAG1;BSN-DT;BSN;BSN-AS1;APEH;MST1;AC099668.5;RNF123;AMIGO3;GMPPB;IP6K1;COX6CP14;PHF5AP3;CDHR4;INKA1;UBA7;MIR5193;AC139451.1;TRAIP;RN7SL217P;ACTL11P;MST1R;CTD-2330K9.2;CTD-2330K9.3;MON1A;RBM6;RBM5;SEMA3F-AS1;SEMA3F;MIR566;GNAT1;SLC38A3;GNAI2;U73169.1;LINC03143;SEMA3B-AS1;SEMA3B;LSMEM2;IFRD2;HYAL3;NAA80;HYAL1;HYAL2;TUSC2;RASSF1;ZMYND10-AS1;ZMYND10;NPRL2;CYB561D2;XXcos-LUCA11.5;TMEM115;CACNA2D2;XXcos-LUCA11.4;RNA5SP131;C3orf18;HEMK1;CISH;MAPKAPK3;LINC02019;MIR4787;DOCK3;PPIAP69;RP11-646D13.1;ZNF652P1;ST13P14	1.5	4687	Unknome 18_Mar_2026; maximum over uniquely HGNC-mapped proteins; derived/knownness-ranks.tsv	Tbio	23	unique	0.6594907824648827	2109	True	0.00426571115443552	0.4201796428977711	downstream_gene_variant	unresolved competing genes; gene-body association is not causal assignment	Lifelong developmental, systemic and adult explanations remain. Adult tissue expression observed (basal ganglia); timing not identified.	220.1	basal ganglia	not established; target mapping/primary phenotype table unavailable	Tian 2019 iPSC-derived glutamatergic neuron survival D14/D21/D28; CROP-seq D7 transcription; not cognitive performance or mature adult physiology	1.0924e-20	positional;eQTL;chromatin	False	False	Lee CP GCST006572 + GENCODE v19; HGNC/Unknome/Pharos/HPA separate annotations; EUR LD + GTEx DLPFC/Catalogue + chain/VEP + Tian guide coverage pilot; Savage/Genebass overlap; EA excluded	Independent ancestry-matched fine-mapping excludes rs6446187 and assigns a different variant/gene (e.g. MAP4, RPS27P30, RN7SL664P); adult-specific perturbation in the implicated cell type has no predicted functional effect despite verified engagement. Shared-signal evidence disappears on multiple-signal conditioning or complete variant coverage.	association hypothesis only; not an enhancement target
10	ENSG00000003756	RBM5	10	R001	rs2624825	1.09e-24	4.469e-23	8.4522197e-19	30114	41	145	MAP4;RPS27P30;RN7SL664P;RPL17P16;CDC25A;SNRPFP4;RNU7-128P;NDUFB1P1;MIR4443;CAMP;ZNF589;MRPS18AP1;Y_RNA;FCF1P2;NME6;SPINK8;MIR2115;FBXW12;RN7SL321P;PLXNB1;CCDC51;TMA7;RP11-24C3.2;ATRIP;TREX1;SHISA5;AC104448.1;PFKFB4;UCN2;COL7A1;MIR711;UQCRC1;TMEM89;SLC26A6;CELSR3;MIR4793;LINC02585;NCKIPSD;RP11-572O6.1;IP6K2;PRKAR2A;PRKAR2A-AS1;SLC25A20;ARIH2OS;ARIH2;RP13-131K19.1;RP13-131K19.2;RP13-131K19.7;P4HTM;WDR6;DALRD3;MIR425;NDUFAF3;MIR191;IMPDH2;RP13-131K19.6;QRICH1;RN7SL182P;QARS1;USP19;LAMB2;LAMB2P1;CCDC71;KLHDC8B;CIMIP7;IHO1;GCSHP6;RP11-3B7.1;C3orf62;Y_RNA;MIR4271;USP4;GPX1;RHOA;RHOA-IT1;TCTA;AMT;NICN1-AS1;NICN1;RNA5SP130;DAG1;BSN-DT;BSN;BSN-AS1;APEH;MST1;AC099668.5;RNF123;AMIGO3;GMPPB;IP6K1;COX6CP14;PHF5AP3;CDHR4;INKA1;UBA7;MIR5193;AC139451.1;TRAIP;CAMKV;RN7SL217P;ACTL11P;MST1R;CTD-2330K9.2;CTD-2330K9.3;MON1A;RBM6;SEMA3F-AS1;SEMA3F;MIR566;GNAT1;SLC38A3;GNAI2;U73169.1;LINC03143;SEMA3B-AS1;SEMA3B;LSMEM2;IFRD2;HYAL3;NAA80;HYAL1;HYAL2;TUSC2;RASSF1;ZMYND10-AS1;ZMYND10;NPRL2;CYB561D2;XXcos-LUCA11.5;TMEM115;CACNA2D2;XXcos-LUCA11.4;RNA5SP131;C3orf18;HEMK1;CISH;MAPKAPK3;LINC02019;MIR4787;DOCK3;PPIAP69;RP11-646D13.1;ZNF652P1;ST13P14	9.2	15304	Unknome 18_Mar_2026; maximum over uniquely HGNC-mapped proteins; derived/knownness-ranks.tsv	Tbio	186	unique	0.5889705395934375	2082	True	0.00534270978376251	0.4531169039794658	NA	unresolved competing genes; gene-body association is not causal assignment	Lifelong developmental, systemic and adult explanations remain. Adult tissue expression observed (cerebellum); timing not identified.	77.7	cerebellum	not established; target mapping/primary phenotype table unavailable	Tian 2019 iPSC-derived glutamatergic neuron survival D14/D21/D28; CROP-seq D7 transcription; not cognitive performance or mature adult physiology	4.3915e-21	positional;eQTL;chromatin	False	False	Lee CP GCST006572 + GENCODE v19; HGNC/Unknome/Pharos/HPA separate annotations; EUR LD + GTEx DLPFC/Catalogue + chain/VEP + Tian guide coverage pilot; Savage/Genebass overlap; EA excluded	Independent ancestry-matched fine-mapping excludes rs2624825 and assigns a different variant/gene (e.g. MAP4, RPS27P30, RN7SL664P); adult-specific perturbation in the implicated cell type has no predicted functional effect despite verified engagement. Shared-signal evidence disappears on multiple-signal conditioning or complete variant coverage.	association hypothesis only; not an enhancement target
11	ENSG00000233276	GPX1	11	R001	rs1800668	2.49e-23	4.98e-23	9.418674e-19	1425	2	145	MAP4;RPS27P30;RN7SL664P;RPL17P16;CDC25A;SNRPFP4;RNU7-128P;NDUFB1P1;MIR4443;CAMP;ZNF589;MRPS18AP1;Y_RNA;FCF1P2;NME6;SPINK8;MIR2115;FBXW12;RN7SL321P;PLXNB1;CCDC51;TMA7;RP11-24C3.2;ATRIP;TREX1;SHISA5;AC104448.1;PFKFB4;UCN2;COL7A1;MIR711;UQCRC1;TMEM89;SLC26A6;CELSR3;MIR4793;LINC02585;NCKIPSD;RP11-572O6.1;IP6K2;PRKAR2A;PRKAR2A-AS1;SLC25A20;ARIH2OS;ARIH2;RP13-131K19.1;RP13-131K19.2;RP13-131K19.7;P4HTM;WDR6;DALRD3;MIR425;NDUFAF3;MIR191;IMPDH2;RP13-131K19.6;QRICH1;RN7SL182P;QARS1;USP19;LAMB2;LAMB2P1;CCDC71;KLHDC8B;CIMIP7;IHO1;GCSHP6;RP11-3B7.1;C3orf62;Y_RNA;MIR4271;USP4;RHOA;RHOA-IT1;TCTA;AMT;NICN1-AS1;NICN1;RNA5SP130;DAG1;BSN-DT;BSN;BSN-AS1;APEH;MST1;AC099668.5;RNF123;AMIGO3;GMPPB;IP6K1;COX6CP14;PHF5AP3;CDHR4;INKA1;UBA7;MIR5193;AC139451.1;TRAIP;CAMKV;RN7SL217P;ACTL11P;MST1R;CTD-2330K9.2;CTD-2330K9.3;MON1A;RBM6;RBM5;SEMA3F-AS1;SEMA3F;MIR566;GNAT1;SLC38A3;GNAI2;U73169.1;LINC03143;SEMA3B-AS1;SEMA3B;LSMEM2;IFRD2;HYAL3;NAA80;HYAL1;HYAL2;TUSC2;RASSF1;ZMYND10-AS1;ZMYND10;NPRL2;CYB561D2;XXcos-LUCA11.5;TMEM115;CACNA2D2;XXcos-LUCA11.4;RNA5SP131;C3orf18;HEMK1;CISH;MAPKAPK3;LINC02019;MIR4787;DOCK3;PPIAP69;RP11-646D13.1;ZNF652P1;ST13P14	19.3	18188	Unknome 18_Mar_2026; maximum over uniquely HGNC-mapped proteins; derived/knownness-ranks.tsv	Tbio	658	unique	0.43819203531537354	1850	True	8.358249754295878e-05	0.7798422633525883	NA	unresolved competing genes; gene-body association is not causal assignment	Lifelong developmental, systemic and adult explanations remain. Adult tissue expression observed (midbrain); timing not identified.	244.8	midbrain	not established; target mapping/primary phenotype table unavailable	Tian 2019 iPSC-derived glutamatergic neuron survival D14/D21/D28; CROP-seq D7 transcription; not cognitive performance or mature adult physiology	1.7094e-14	positional;eQTL	False	False	Lee CP GCST006572 + GENCODE v19; HGNC/Unknome/Pharos/HPA separate annotations; EUR LD + GTEx DLPFC/Catalogue + chain/VEP + Tian guide coverage pilot; Savage/Genebass overlap; EA excluded	Independent ancestry-matched fine-mapping excludes rs1800668 and assigns a different variant/gene (e.g. MAP4, RPS27P30, RN7SL664P); adult-specific perturbation in the implicated cell type has no predicted functional effect despite verified engagement. Shared-signal evidence disappears on multiple-signal conditioning or complete variant coverage.	association hypothesis only; not an enhancement target
12	ENSG00000145020	AMT	12	R001	rs9859556	2.26e-23	2.712e-22	5.1292056e-18	5976	12	145	MAP4;RPS27P30;RN7SL664P;RPL17P16;CDC25A;SNRPFP4;RNU7-128P;NDUFB1P1;MIR4443;CAMP;ZNF589;MRPS18AP1;Y_RNA;FCF1P2;NME6;SPINK8;MIR2115;FBXW12;RN7SL321P;PLXNB1;CCDC51;TMA7;RP11-24C3.2;ATRIP;TREX1;SHISA5;AC104448.1;PFKFB4;UCN2;COL7A1;MIR711;UQCRC1;TMEM89;SLC26A6;CELSR3;MIR4793;LINC02585;NCKIPSD;RP11-572O6.1;IP6K2;PRKAR2A;PRKAR2A-AS1;SLC25A20;ARIH2OS;ARIH2;RP13-131K19.1;RP13-131K19.2;RP13-131K19.7;P4HTM;WDR6;DALRD3;MIR425;NDUFAF3;MIR191;IMPDH2;RP13-131K19.6;QRICH1;RN7SL182P;QARS1;USP19;LAMB2;LAMB2P1;CCDC71;KLHDC8B;CIMIP7;IHO1;GCSHP6;RP11-3B7.1;C3orf62;Y_RNA;MIR4271;USP4;GPX1;RHOA;RHOA-IT1;TCTA;NICN1-AS1;NICN1;RNA5SP130;DAG1;BSN-DT;BSN;BSN-AS1;APEH;MST1;AC099668.5;RNF123;AMIGO3;GMPPB;IP6K1;COX6CP14;PHF5AP3;CDHR4;INKA1;UBA7;MIR5193;AC139451.1;TRAIP;CAMKV;RN7SL217P;ACTL11P;MST1R;CTD-2330K9.2;CTD-2330K9.3;MON1A;RBM6;RBM5;SEMA3F-AS1;SEMA3F;MIR566;GNAT1;SLC38A3;GNAI2;U73169.1;LINC03143;SEMA3B-AS1;SEMA3B;LSMEM2;IFRD2;HYAL3;NAA80;HYAL1;HYAL2;TUSC2;RASSF1;ZMYND10-AS1;ZMYND10;NPRL2;CYB561D2;XXcos-LUCA11.5;TMEM115;CACNA2D2;XXcos-LUCA11.4;RNA5SP131;C3orf18;HEMK1;CISH;MAPKAPK3;LINC02019;MIR4787;DOCK3;PPIAP69;RP11-646D13.1;ZNF652P1;ST13P14	4.3	10201	Unknome 18_Mar_2026; maximum over uniquely HGNC-mapped proteins; derived/knownness-ranks.tsv	Tbio	42	unique	0.43819203531537354	0	False	NA	NA	NA	unresolved competing genes; gene-body association is not causal assignment	Lifelong developmental, systemic and adult explanations remain. Adult tissue expression observed (cerebellum); timing not identified.	20.1	cerebellum	not established; target mapping/primary phenotype table unavailable	Tian 2019 iPSC-derived glutamatergic neuron survival D14/D21/D28; CROP-seq D7 transcription; not cognitive performance or mature adult physiology	1.83e-16	positional;eQTL;chromatin	False	False	Lee CP GCST006572 + GENCODE v19; HGNC/Unknome/Pharos/HPA separate annotations; EUR LD + GTEx DLPFC/Catalogue + chain/VEP + Tian guide coverage pilot; Savage/Genebass overlap; EA excluded	Independent ancestry-matched fine-mapping excludes rs9859556 and assigns a different variant/gene (e.g. MAP4, RPS27P30, RN7SL664P); adult-specific perturbation in the implicated cell type has no predicted functional effect despite verified engagement. Shared-signal evidence disappears on multiple-signal conditioning or complete variant coverage.	association hypothesis only; not an enhancement target
13	ENSG00000145022	TCTA	13	R001	rs6997	3.87e-23	3.483e-22	6.5873979e-18	4270	9	145	MAP4;RPS27P30;RN7SL664P;RPL17P16;CDC25A;SNRPFP4;RNU7-128P;NDUFB1P1;MIR4443;CAMP;ZNF589;MRPS18AP1;Y_RNA;FCF1P2;NME6;SPINK8;MIR2115;FBXW12;RN7SL321P;PLXNB1;CCDC51;TMA7;RP11-24C3.2;ATRIP;TREX1;SHISA5;AC104448.1;PFKFB4;UCN2;COL7A1;MIR711;UQCRC1;TMEM89;SLC26A6;CELSR3;MIR4793;LINC02585;NCKIPSD;RP11-572O6.1;IP6K2;PRKAR2A;PRKAR2A-AS1;SLC25A20;ARIH2OS;ARIH2;RP13-131K19.1;RP13-131K19.2;RP13-131K19.7;P4HTM;WDR6;DALRD3;MIR425;NDUFAF3;MIR191;IMPDH2;RP13-131K19.6;QRICH1;RN7SL182P;QARS1;USP19;LAMB2;LAMB2P1;CCDC71;KLHDC8B;CIMIP7;IHO1;GCSHP6;RP11-3B7.1;C3orf62;Y_RNA;MIR4271;USP4;GPX1;RHOA;RHOA-IT1;AMT;NICN1-AS1;NICN1;RNA5SP130;DAG1;BSN-DT;BSN;BSN-AS1;APEH;MST1;AC099668.5;RNF123;AMIGO3;GMPPB;IP6K1;COX6CP14;PHF5AP3;CDHR4;INKA1;UBA7;MIR5193;AC139451.1;TRAIP;CAMKV;RN7SL217P;ACTL11P;MST1R;CTD-2330K9.2;CTD-2330K9.3;MON1A;RBM6;RBM5;SEMA3F-AS1;SEMA3F;MIR566;GNAT1;SLC38A3;GNAI2;U73169.1;LINC03143;SEMA3B-AS1;SEMA3B;LSMEM2;IFRD2;HYAL3;NAA80;HYAL1;HYAL2;TUSC2;RASSF1;ZMYND10-AS1;ZMYND10;NPRL2;CYB561D2;XXcos-LUCA11.5;TMEM115;CACNA2D2;XXcos-LUCA11.4;RNA5SP131;C3orf18;HEMK1;CISH;MAPKAPK3;LINC02019;MIR4787;DOCK3;PPIAP69;RP11-646D13.1;ZNF652P1;ST13P14	2.1	6380	Unknome 18_Mar_2026; maximum over uniquely HGNC-mapped proteins; derived/knownness-ranks.tsv	Tbio	18	unique	0.43819203531537354	1828	True	0.004957618837345859	0.44220696362229495	NA	unresolved competing genes; gene-body association is not causal assignment	Lifelong developmental, systemic and adult explanations remain. Adult tissue expression observed (spinal cord); timing not identified.	49.8	spinal cord	not established; target mapping/primary phenotype table unavailable	Tian 2019 iPSC-derived glutamatergic neuron survival D14/D21/D28; CROP-seq D7 transcription; not cognitive performance or mature adult physiology	2.4548e-16	positional;eQTL;chromatin	False	False	Lee CP GCST006572 + GENCODE v19; HGNC/Unknome/Pharos/HPA separate annotations; EUR LD + GTEx DLPFC/Catalogue + chain/VEP + Tian guide coverage pilot; Savage/Genebass overlap; EA excluded	Independent ancestry-matched fine-mapping excludes rs6997 and assigns a different variant/gene (e.g. MAP4, RPS27P30, RN7SL664P); adult-specific perturbation in the implicated cell type has no predicted functional effect despite verified engagement. Shared-signal evidence disappears on multiple-signal conditioning or complete variant coverage.	association hypothesis only; not an enhancement target
14	ENSG00000145029	NICN1	14	R001	rs6446272	4.27e-23	3.8429999999999997e-22	7.2682659e-18	6381	9	145	MAP4;RPS27P30;RN7SL664P;RPL17P16;CDC25A;SNRPFP4;RNU7-128P;NDUFB1P1;MIR4443;CAMP;ZNF589;MRPS18AP1;Y_RNA;FCF1P2;NME6;SPINK8;MIR2115;FBXW12;RN7SL321P;PLXNB1;CCDC51;TMA7;RP11-24C3.2;ATRIP;TREX1;SHISA5;AC104448.1;PFKFB4;UCN2;COL7A1;MIR711;UQCRC1;TMEM89;SLC26A6;CELSR3;MIR4793;LINC02585;NCKIPSD;RP11-572O6.1;IP6K2;PRKAR2A;PRKAR2A-AS1;SLC25A20;ARIH2OS;ARIH2;RP13-131K19.1;RP13-131K19.2;RP13-131K19.7;P4HTM;WDR6;DALRD3;MIR425;NDUFAF3;MIR191;IMPDH2;RP13-131K19.6;QRICH1;RN7SL182P;QARS1;USP19;LAMB2;LAMB2P1;CCDC71;KLHDC8B;CIMIP7;IHO1;GCSHP6;RP11-3B7.1;C3orf62;Y_RNA;MIR4271;USP4;GPX1;RHOA;RHOA-IT1;TCTA;AMT;NICN1-AS1;RNA5SP130;DAG1;BSN-DT;BSN;BSN-AS1;APEH;MST1;AC099668.5;RNF123;AMIGO3;GMPPB;IP6K1;COX6CP14;PHF5AP3;CDHR4;INKA1;UBA7;MIR5193;AC139451.1;TRAIP;CAMKV;RN7SL217P;ACTL11P;MST1R;CTD-2330K9.2;CTD-2330K9.3;MON1A;RBM6;RBM5;SEMA3F-AS1;SEMA3F;MIR566;GNAT1;SLC38A3;GNAI2;U73169.1;LINC03143;SEMA3B-AS1;SEMA3B;LSMEM2;IFRD2;HYAL3;NAA80;HYAL1;HYAL2;TUSC2;RASSF1;ZMYND10-AS1;ZMYND10;NPRL2;CYB561D2;XXcos-LUCA11.5;TMEM115;CACNA2D2;XXcos-LUCA11.4;RNA5SP131;C3orf18;HEMK1;CISH;MAPKAPK3;LINC02019;MIR4787;DOCK3;PPIAP69;RP11-646D13.1;ZNF652P1;ST13P14	0.0	1	Unknome 18_Mar_2026; maximum over uniquely HGNC-mapped proteins; derived/knownness-ranks.tsv	Tbio	18	unique	0.43819203531537354	0	False	NA	NA	NA	unresolved competing genes; gene-body association is not causal assignment	Lifelong developmental, systemic and adult explanations remain. Adult tissue expression observed (cerebral cortex); timing not identified.	22.1	cerebral cortex	not established; target mapping/primary phenotype table unavailable	Tian 2019 iPSC-derived glutamatergic neuron survival D14/D21/D28; CROP-seq D7 transcription; not cognitive performance or mature adult physiology	1.935e-17	positional;eQTL;chromatin	False	False	Lee CP GCST006572 + GENCODE v19; HGNC/Unknome/Pharos/HPA separate annotations; EUR LD + GTEx DLPFC/Catalogue + chain/VEP + Tian guide coverage pilot; Savage/Genebass overlap; EA excluded	Independent ancestry-matched fine-mapping excludes rs6446272 and assigns a different variant/gene (e.g. MAP4, RPS27P30, RN7SL664P); adult-specific perturbation in the implicated cell type has no predicted functional effect despite verified engagement. Shared-signal evidence disappears on multiple-signal conditioning or complete variant coverage.	association hypothesis only; not an enhancement target
15	ENSG00000004534	RBM6	15	R001	rs2240329	1.43e-24	5.0622e-22	9.57413886e-18	160039	354	145	MAP4;RPS27P30;RN7SL664P;RPL17P16;CDC25A;SNRPFP4;RNU7-128P;NDUFB1P1;MIR4443;CAMP;ZNF589;MRPS18AP1;Y_RNA;FCF1P2;NME6;SPINK8;MIR2115;FBXW12;RN7SL321P;PLXNB1;CCDC51;TMA7;RP11-24C3.2;ATRIP;TREX1;SHISA5;AC104448.1;PFKFB4;UCN2;COL7A1;MIR711;UQCRC1;TMEM89;SLC26A6;CELSR3;MIR4793;LINC02585;NCKIPSD;RP11-572O6.1;IP6K2;PRKAR2A;PRKAR2A-AS1;SLC25A20;ARIH2OS;ARIH2;RP13-131K19.1;RP13-131K19.2;RP13-131K19.7;P4HTM;WDR6;DALRD3;MIR425;NDUFAF3;MIR191;IMPDH2;RP13-131K19.6;QRICH1;RN7SL182P;QARS1;USP19;LAMB2;LAMB2P1;CCDC71;KLHDC8B;CIMIP7;IHO1;GCSHP6;RP11-3B7.1;C3orf62;Y_RNA;MIR4271;USP4;GPX1;RHOA;RHOA-IT1;TCTA;AMT;NICN1-AS1;NICN1;RNA5SP130;DAG1;BSN-DT;BSN;BSN-AS1;APEH;MST1;AC099668.5;RNF123;AMIGO3;GMPPB;IP6K1;COX6CP14;PHF5AP3;CDHR4;INKA1;UBA7;MIR5193;AC139451.1;TRAIP;CAMKV;RN7SL217P;ACTL11P;MST1R;CTD-2330K9.2;CTD-2330K9.3;MON1A;RBM5;SEMA3F-AS1;SEMA3F;MIR566;GNAT1;SLC38A3;GNAI2;U73169.1;LINC03143;SEMA3B-AS1;SEMA3B;LSMEM2;IFRD2;HYAL3;NAA80;HYAL1;HYAL2;TUSC2;RASSF1;ZMYND10-AS1;ZMYND10;NPRL2;CYB561D2;XXcos-LUCA11.5;TMEM115;CACNA2D2;XXcos-LUCA11.4;RNA5SP131;C3orf18;HEMK1;CISH;MAPKAPK3;LINC02019;MIR4787;DOCK3;PPIAP69;RP11-646D13.1;ZNF652P1;ST13P14	4.2	10017	Unknome 18_Mar_2026; maximum over uniquely HGNC-mapped proteins; derived/knownness-ranks.tsv	Tbio	106	unique	0.5889705395934375	2170	True	0.006347435646600084	0.7981433722914383	NA	unresolved competing genes; gene-body association is not causal assignment	Lifelong developmental, systemic and adult explanations remain. Adult tissue expression observed (cerebellum); timing not identified.	68.8	cerebellum	not established; target mapping/primary phenotype table unavailable	Tian 2019 iPSC-derived glutamatergic neuron survival D14/D21/D28; CROP-seq D7 transcription; not cognitive performance or mature adult physiology	2.5148e-19	positional;eQTL	False	False	Lee CP GCST006572 + GENCODE v19; HGNC/Unknome/Pharos/HPA separate annotations; EUR LD + GTEx DLPFC/Catalogue + chain/VEP + Tian guide coverage pilot; Savage/Genebass overlap; EA excluded	Independent ancestry-matched fine-mapping excludes rs2240329 and assigns a different variant/gene (e.g. MAP4, RPS27P30, RN7SL664P); adult-specific perturbation in the implicated cell type has no predicted functional effect despite verified engagement. Shared-signal evidence disappears on multiple-signal conditioning or complete variant coverage.	association hypothesis only; not an enhancement target
16	ENSG00000067560	RHOA	16	R001	rs7623659	1.87e-23	2.244e-21	4.2440772e-17	53854	120	145	MAP4;RPS27P30;RN7SL664P;RPL17P16;CDC25A;SNRPFP4;RNU7-128P;NDUFB1P1;MIR4443;CAMP;ZNF589;MRPS18AP1;Y_RNA;FCF1P2;NME6;SPINK8;MIR2115;FBXW12;RN7SL321P;PLXNB1;CCDC51;TMA7;RP11-24C3.2;ATRIP;TREX1;SHISA5;AC104448.1;PFKFB4;UCN2;COL7A1;MIR711;UQCRC1;TMEM89;SLC26A6;CELSR3;MIR4793;LINC02585;NCKIPSD;RP11-572O6.1;IP6K2;PRKAR2A;PRKAR2A-AS1;SLC25A20;ARIH2OS;ARIH2;RP13-131K19.1;RP13-131K19.2;RP13-131K19.7;P4HTM;WDR6;DALRD3;MIR425;NDUFAF3;MIR191;IMPDH2;RP13-131K19.6;QRICH1;RN7SL182P;QARS1;USP19;LAMB2;LAMB2P1;CCDC71;KLHDC8B;CIMIP7;IHO1;GCSHP6;RP11-3B7.1;C3orf62;Y_RNA;MIR4271;USP4;GPX1;RHOA-IT1;TCTA;AMT;NICN1-AS1;NICN1;RNA5SP130;DAG1;BSN-DT;BSN;BSN-AS1;APEH;MST1;AC099668.5;RNF123;AMIGO3;GMPPB;IP6K1;COX6CP14;PHF5AP3;CDHR4;INKA1;UBA7;MIR5193;AC139451.1;TRAIP;CAMKV;RN7SL217P;ACTL11P;MST1R;CTD-2330K9.2;CTD-2330K9.3;MON1A;RBM6;RBM5;SEMA3F-AS1;SEMA3F;MIR566;GNAT1;SLC38A3;GNAI2;U73169.1;LINC03143;SEMA3B-AS1;SEMA3B;LSMEM2;IFRD2;HYAL3;NAA80;HYAL1;HYAL2;TUSC2;RASSF1;ZMYND10-AS1;ZMYND10;NPRL2;CYB561D2;XXcos-LUCA11.5;TMEM115;CACNA2D2;XXcos-LUCA11.4;RNA5SP131;C3orf18;HEMK1;CISH;MAPKAPK3;LINC02019;MIR4787;DOCK3;PPIAP69;RP11-646D13.1;ZNF652P1;ST13P14	51.2	19199	Unknome 18_Mar_2026; maximum over uniquely HGNC-mapped proteins; derived/knownness-ranks.tsv	Tbio	2138	unique	0.43819203531537354	1830	True	0.00419970097977328	0.41395864479226213	NA	unresolved competing genes; gene-body association is not causal assignment	Lifelong developmental, systemic and adult explanations remain. Adult tissue expression observed (spinal cord); timing not identified.	373.1	spinal cord	not established; target mapping/primary phenotype table unavailable	Tian 2019 iPSC-derived glutamatergic neuron survival D14/D21/D28; CROP-seq D7 transcription; not cognitive performance or mature adult physiology	1.4123e-19	positional;eQTL;chromatin	False	False	Lee CP GCST006572 + GENCODE v19; HGNC/Unknome/Pharos/HPA separate annotations; EUR LD + GTEx DLPFC/Catalogue + chain/VEP + Tian guide coverage pilot; Savage/Genebass overlap; EA excluded	Independent ancestry-matched fine-mapping excludes rs7623659 and assigns a different variant/gene (e.g. MAP4, RPS27P30, RN7SL664P); adult-specific perturbation in the implicated cell type has no predicted functional effect despite verified engagement. Shared-signal evidence disappears on multiple-signal conditioning or complete variant coverage.	association hypothesis only; not an enhancement target
17	ENSG00000138821	SLC39A8	17	R003	rs13107325	1.09e-23	7.5428e-21	1.4265697640000001e-16	180218	692	27	PPP3CA;MIR1255A;PPP3CA-DT;BANK1;RNU6-462P;MTND5P5;BANK1-AS1;RN7SL728P;NFKB1-AS1;AF213884.1;AF213884.2;NFKB1;AF213884.3;MANBA;RPL21P49;LRRC37A15P;KRT8P46;RP11-10L12.1;WDR12P1;UBE2D3;UBE2D3-AS1;RNU7-151P;snoU13;CISD2;SLC9B1;PABPC1P7;ACTR3BP4	20.9	18348	Unknome 18_Mar_2026; maximum over uniquely HGNC-mapped proteins; derived/knownness-ranks.tsv	Tbio	139	unique	1.0	3140	True	0.007950728445946223	0.5106754927499553	downstream_gene_variant;missense_variant	lead missense localizes a coding hypothesis, not mediation or exclusive causation	Lifelong developmental, systemic and adult explanations remain. Adult tissue expression observed (basal ganglia); timing not identified.	3.2	basal ganglia	not established; target mapping/primary phenotype table unavailable	Tian 2019 iPSC-derived glutamatergic neuron survival D14/D21/D28; CROP-seq D7 transcription; not cognitive performance or mature adult physiology	7.043e-10	positional;eQTL	False	False	Lee CP GCST006572 + GENCODE v19; HGNC/Unknome/Pharos/HPA separate annotations; EUR LD + GTEx DLPFC/Catalogue + chain/VEP + Tian guide coverage pilot; Savage/Genebass overlap; EA excluded	Independent ancestry-matched fine-mapping excludes rs13107325 and assigns a different variant/gene (e.g. PPP3CA, MIR1255A, PPP3CA-DT); adult-specific perturbation in the implicated cell type has no predicted functional effect despite verified engagement. A linked regulatory alternative explains the CP signal after conditioning on the missense variant.	association hypothesis only; not an enhancement target
18	ENSG00000173402	DAG1	18	R001	rs13062429	1.63e-22	2.1353e-20	4.03849289e-16	66903	131	145	MAP4;RPS27P30;RN7SL664P;RPL17P16;CDC25A;SNRPFP4;RNU7-128P;NDUFB1P1;MIR4443;CAMP;ZNF589;MRPS18AP1;Y_RNA;FCF1P2;NME6;SPINK8;MIR2115;FBXW12;RN7SL321P;PLXNB1;CCDC51;TMA7;RP11-24C3.2;ATRIP;TREX1;SHISA5;AC104448.1;PFKFB4;UCN2;COL7A1;MIR711;UQCRC1;TMEM89;SLC26A6;CELSR3;MIR4793;LINC02585;NCKIPSD;RP11-572O6.1;IP6K2;PRKAR2A;PRKAR2A-AS1;SLC25A20;ARIH2OS;ARIH2;RP13-131K19.1;RP13-131K19.2;RP13-131K19.7;P4HTM;WDR6;DALRD3;MIR425;NDUFAF3;MIR191;IMPDH2;RP13-131K19.6;QRICH1;RN7SL182P;QARS1;USP19;LAMB2;LAMB2P1;CCDC71;KLHDC8B;CIMIP7;IHO1;GCSHP6;RP11-3B7.1;C3orf62;Y_RNA;MIR4271;USP4;GPX1;RHOA;RHOA-IT1;TCTA;AMT;NICN1-AS1;NICN1;RNA5SP130;BSN-DT;BSN;BSN-AS1;APEH;MST1;AC099668.5;RNF123;AMIGO3;GMPPB;IP6K1;COX6CP14;PHF5AP3;CDHR4;INKA1;UBA7;MIR5193;AC139451.1;TRAIP;CAMKV;RN7SL217P;ACTL11P;MST1R;CTD-2330K9.2;CTD-2330K9.3;MON1A;RBM6;RBM5;SEMA3F-AS1;SEMA3F;MIR566;GNAT1;SLC38A3;GNAI2;U73169.1;LINC03143;SEMA3B-AS1;SEMA3B;LSMEM2;IFRD2;HYAL3;NAA80;HYAL1;HYAL2;TUSC2;RASSF1;ZMYND10-AS1;ZMYND10;NPRL2;CYB561D2;XXcos-LUCA11.5;TMEM115;CACNA2D2;XXcos-LUCA11.4;RNA5SP131;C3orf18;HEMK1;CISH;MAPKAPK3;LINC02019;MIR4787;DOCK3;PPIAP69;RP11-646D13.1;ZNF652P1;ST13P14	22.7	18485	Unknome 18_Mar_2026; maximum over uniquely HGNC-mapped proteins; derived/knownness-ranks.tsv	Tbio	568	unique	0.42975589517320906	1878	True	0.009013363668166819	0.5316895412669098	NA	unresolved competing genes; gene-body association is not causal assignment	Lifelong developmental, systemic and adult explanations remain. Adult tissue expression observed (cerebral cortex); timing not identified.	27.4	cerebral cortex	not established; target mapping/primary phenotype table unavailable	Tian 2019 iPSC-derived glutamatergic neuron survival D14/D21/D28; CROP-seq D7 transcription; not cognitive performance or mature adult physiology	3.368e-21	positional;eQTL	False	False	Lee CP GCST006572 + GENCODE v19; HGNC/Unknome/Pharos/HPA separate annotations; EUR LD + GTEx DLPFC/Catalogue + chain/VEP + Tian guide coverage pilot; Savage/Genebass overlap; EA excluded	Independent ancestry-matched fine-mapping excludes rs13062429 and assigns a different variant/gene (e.g. MAP4, RPS27P30, RN7SL664P); adult-specific perturbation in the implicated cell type has no predicted functional effect despite verified engagement. Shared-signal evidence disappears on multiple-signal conditioning or complete variant coverage.	association hypothesis only; not an enhancement target
19	ENSG00000164062	APEH	19	R001	rs1131095	5.63e-21	6.756e-20	1.2777622799999999e-15	9962	12	145	MAP4;RPS27P30;RN7SL664P;RPL17P16;CDC25A;SNRPFP4;RNU7-128P;NDUFB1P1;MIR4443;CAMP;ZNF589;MRPS18AP1;Y_RNA;FCF1P2;NME6;SPINK8;MIR2115;FBXW12;RN7SL321P;PLXNB1;CCDC51;TMA7;RP11-24C3.2;ATRIP;TREX1;SHISA5;AC104448.1;PFKFB4;UCN2;COL7A1;MIR711;UQCRC1;TMEM89;SLC26A6;CELSR3;MIR4793;LINC02585;NCKIPSD;RP11-572O6.1;IP6K2;PRKAR2A;PRKAR2A-AS1;SLC25A20;ARIH2OS;ARIH2;RP13-131K19.1;RP13-131K19.2;RP13-131K19.7;P4HTM;WDR6;DALRD3;MIR425;NDUFAF3;MIR191;IMPDH2;RP13-131K19.6;QRICH1;RN7SL182P;QARS1;USP19;LAMB2;LAMB2P1;CCDC71;KLHDC8B;CIMIP7;IHO1;GCSHP6;RP11-3B7.1;C3orf62;Y_RNA;MIR4271;USP4;GPX1;RHOA;RHOA-IT1;TCTA;AMT;NICN1-AS1;NICN1;RNA5SP130;DAG1;BSN-DT;BSN;BSN-AS1;MST1;AC099668.5;RNF123;AMIGO3;GMPPB;IP6K1;COX6CP14;PHF5AP3;CDHR4;INKA1;UBA7;MIR5193;AC139451.1;TRAIP;CAMKV;RN7SL217P;ACTL11P;MST1R;CTD-2330K9.2;CTD-2330K9.3;MON1A;RBM6;RBM5;SEMA3F-AS1;SEMA3F;MIR566;GNAT1;SLC38A3;GNAI2;U73169.1;LINC03143;SEMA3B-AS1;SEMA3B;LSMEM2;IFRD2;HYAL3;NAA80;HYAL1;HYAL2;TUSC2;RASSF1;ZMYND10-AS1;ZMYND10;NPRL2;CYB561D2;XXcos-LUCA11.5;TMEM115;CACNA2D2;XXcos-LUCA11.4;RNA5SP131;C3orf18;HEMK1;CISH;MAPKAPK3;LINC02019;MIR4787;DOCK3;PPIAP69;RP11-646D13.1;ZNF652P1;ST13P14	6.8	13329	Unknome 18_Mar_2026; maximum over uniquely HGNC-mapped proteins; derived/knownness-ranks.tsv	Tchem	90	unique	0.428142361930198	1970	True	0.004138551154793152	0.41788165560306934	NA	unresolved competing genes; gene-body association is not causal assignment	Lifelong developmental, systemic and adult explanations remain. Adult tissue expression observed (cerebral cortex); timing not identified.	26.0	cerebral cortex	not established; target mapping/primary phenotype table unavailable	Tian 2019 iPSC-derived glutamatergic neuron survival D14/D21/D28; CROP-seq D7 transcription; not cognitive performance or mature adult physiology	8.2697e-21	positional;eQTL;chromatin	False	False	Lee CP GCST006572 + GENCODE v19; HGNC/Unknome/Pharos/HPA separate annotations; EUR LD + GTEx DLPFC/Catalogue + chain/VEP + Tian guide coverage pilot; Savage/Genebass overlap; EA excluded	Independent ancestry-matched fine-mapping excludes rs1131095 and assigns a different variant/gene (e.g. MAP4, RPS27P30, RN7SL664P); adult-specific perturbation in the implicated cell type has no predicted functional effect despite verified engagement. Shared-signal evidence disappears on multiple-signal conditioning or complete variant coverage.	association hypothesis only; not an enhancement target
20	ENSG00000173531	MST1	20	R001	rs13085791	1.07e-20	8.56e-20	1.6189528e-15	5555	8	145	MAP4;RPS27P30;RN7SL664P;RPL17P16;CDC25A;SNRPFP4;RNU7-128P;NDUFB1P1;MIR4443;CAMP;ZNF589;MRPS18AP1;Y_RNA;FCF1P2;NME6;SPINK8;MIR2115;FBXW12;RN7SL321P;PLXNB1;CCDC51;TMA7;RP11-24C3.2;ATRIP;TREX1;SHISA5;AC104448.1;PFKFB4;UCN2;COL7A1;MIR711;UQCRC1;TMEM89;SLC26A6;CELSR3;MIR4793;LINC02585;NCKIPSD;RP11-572O6.1;IP6K2;PRKAR2A;PRKAR2A-AS1;SLC25A20;ARIH2OS;ARIH2;RP13-131K19.1;RP13-131K19.2;RP13-131K19.7;P4HTM;WDR6;DALRD3;MIR425;NDUFAF3;MIR191;IMPDH2;RP13-131K19.6;QRICH1;RN7SL182P;QARS1;USP19;LAMB2;LAMB2P1;CCDC71;KLHDC8B;CIMIP7;IHO1;GCSHP6;RP11-3B7.1;C3orf62;Y_RNA;MIR4271;USP4;GPX1;RHOA;RHOA-IT1;TCTA;AMT;NICN1-AS1;NICN1;RNA5SP130;DAG1;BSN-DT;BSN;BSN-AS1;APEH;AC099668.5;RNF123;AMIGO3;GMPPB;IP6K1;COX6CP14;PHF5AP3;CDHR4;INKA1;UBA7;MIR5193;AC139451.1;TRAIP;CAMKV;RN7SL217P;ACTL11P;MST1R;CTD-2330K9.2;CTD-2330K9.3;MON1A;RBM6;RBM5;SEMA3F-AS1;SEMA3F;MIR566;GNAT1;SLC38A3;GNAI2;U73169.1;LINC03143;SEMA3B-AS1;SEMA3B;LSMEM2;IFRD2;HYAL3;NAA80;HYAL1;HYAL2;TUSC2;RASSF1;ZMYND10-AS1;ZMYND10;NPRL2;CYB561D2;XXcos-LUCA11.5;TMEM115;CACNA2D2;XXcos-LUCA11.4;RNA5SP131;C3orf18;HEMK1;CISH;MAPKAPK3;LINC02019;MIR4787;DOCK3;PPIAP69;RP11-646D13.1;ZNF652P1;ST13P14	3.9	9571	Unknome 18_Mar_2026; maximum over uniquely HGNC-mapped proteins; derived/knownness-ranks.tsv	Tchem	106	unique	0.428142361930198	1967	True	0.014261123644782927	0.6486049137900283	NA	unresolved competing genes; gene-body association is not causal assignment	Lifelong developmental, systemic and adult explanations remain. Adult tissue expression observed (cerebellum); timing not identified.	9.1	cerebellum	not established; target mapping/primary phenotype table unavailable	Tian 2019 iPSC-derived glutamatergic neuron survival D14/D21/D28; CROP-seq D7 transcription; not cognitive performance or mature adult physiology	2.5409e-18	positional;eQTL	False	False	Lee CP GCST006572 + GENCODE v19; HGNC/Unknome/Pharos/HPA separate annotations; EUR LD + GTEx DLPFC/Catalogue + chain/VEP + Tian guide coverage pilot; Savage/Genebass overlap; EA excluded	Independent ancestry-matched fine-mapping excludes rs13085791 and assigns a different variant/gene (e.g. MAP4, RPS27P30, RN7SL664P); adult-specific perturbation in the implicated cell type has no predicted functional effect despite verified engagement. Shared-signal evidence disappears on multiple-signal conditioning or complete variant coverage.	association hypothesis only; not an enhancement target
21	ENSG00000164061	BSN	21	R001	rs11926781	1.31e-21	2.7248e-19	5.1534142399999995e-15	117057	208	145	MAP4;RPS27P30;RN7SL664P;RPL17P16;CDC25A;SNRPFP4;RNU7-128P;NDUFB1P1;MIR4443;CAMP;ZNF589;MRPS18AP1;Y_RNA;FCF1P2;NME6;SPINK8;MIR2115;FBXW12;RN7SL321P;PLXNB1;CCDC51;TMA7;RP11-24C3.2;ATRIP;TREX1;SHISA5;AC104448.1;PFKFB4;UCN2;COL7A1;MIR711;UQCRC1;TMEM89;SLC26A6;CELSR3;MIR4793;LINC02585;NCKIPSD;RP11-572O6.1;IP6K2;PRKAR2A;PRKAR2A-AS1;SLC25A20;ARIH2OS;ARIH2;RP13-131K19.1;RP13-131K19.2;RP13-131K19.7;P4HTM;WDR6;DALRD3;MIR425;NDUFAF3;MIR191;IMPDH2;RP13-131K19.6;QRICH1;RN7SL182P;QARS1;USP19;LAMB2;LAMB2P1;CCDC71;KLHDC8B;CIMIP7;IHO1;GCSHP6;RP11-3B7.1;C3orf62;Y_RNA;MIR4271;USP4;GPX1;RHOA;RHOA-IT1;TCTA;AMT;NICN1-AS1;NICN1;RNA5SP130;DAG1;BSN-DT;BSN-AS1;APEH;MST1;AC099668.5;RNF123;AMIGO3;GMPPB;IP6K1;COX6CP14;PHF5AP3;CDHR4;INKA1;UBA7;MIR5193;AC139451.1;TRAIP;CAMKV;RN7SL217P;ACTL11P;MST1R;CTD-2330K9.2;CTD-2330K9.3;MON1A;RBM6;RBM5;SEMA3F-AS1;SEMA3F;MIR566;GNAT1;SLC38A3;GNAI2;U73169.1;LINC03143;SEMA3B-AS1;SEMA3B;LSMEM2;IFRD2;HYAL3;NAA80;HYAL1;HYAL2;TUSC2;RASSF1;ZMYND10-AS1;ZMYND10;NPRL2;CYB561D2;XXcos-LUCA11.5;TMEM115;CACNA2D2;XXcos-LUCA11.4;RNA5SP131;C3orf18;HEMK1;CISH;MAPKAPK3;LINC02019;MIR4787;DOCK3;PPIAP69;RP11-646D13.1;ZNF652P1;ST13P14	3.4	8766	Unknome 18_Mar_2026; maximum over uniquely HGNC-mapped proteins; derived/knownness-ranks.tsv	Tbio	73	unique	0.4297558951732089	1905	True	0.0041398189317673004	0.4144399508586174	NA	unresolved competing genes; gene-body association is not causal assignment	Lifelong developmental, systemic and adult explanations remain. Adult tissue expression observed (cerebellum); timing not identified.	29.1	cerebellum	not established; target mapping/primary phenotype table unavailable	Tian 2019 iPSC-derived glutamatergic neuron survival D14/D21/D28; CROP-seq D7 transcription; not cognitive performance or mature adult physiology	1.958e-26	positional;eQTL;chromatin	False	False	Lee CP GCST006572 + GENCODE v19; HGNC/Unknome/Pharos/HPA separate annotations; EUR LD + GTEx DLPFC/Catalogue + chain/VEP + Tian guide coverage pilot; Savage/Genebass overlap; EA excluded	Independent ancestry-matched fine-mapping excludes rs11926781 and assigns a different variant/gene (e.g. MAP4, RPS27P30, RN7SL664P); adult-specific perturbation in the implicated cell type has no predicted functional effect despite verified engagement. Shared-signal evidence disappears on multiple-signal conditioning or complete variant coverage.	association hypothesis only; not an enhancement target
22	ENSG00000001617	SEMA3F	22	R001	rs3774750	1.99e-20	1.7113999999999998e-18	3.2367708199999995e-14	34031	86	145	MAP4;RPS27P30;RN7SL664P;RPL17P16;CDC25A;SNRPFP4;RNU7-128P;NDUFB1P1;MIR4443;CAMP;ZNF589;MRPS18AP1;Y_RNA;FCF1P2;NME6;SPINK8;MIR2115;FBXW12;RN7SL321P;PLXNB1;CCDC51;TMA7;RP11-24C3.2;ATRIP;TREX1;SHISA5;AC104448.1;PFKFB4;UCN2;COL7A1;MIR711;UQCRC1;TMEM89;SLC26A6;CELSR3;MIR4793;LINC02585;NCKIPSD;RP11-572O6.1;IP6K2;PRKAR2A;PRKAR2A-AS1;SLC25A20;ARIH2OS;ARIH2;RP13-131K19.1;RP13-131K19.2;RP13-131K19.7;P4HTM;WDR6;DALRD3;MIR425;NDUFAF3;MIR191;IMPDH2;RP13-131K19.6;QRICH1;RN7SL182P;QARS1;USP19;LAMB2;LAMB2P1;CCDC71;KLHDC8B;CIMIP7;IHO1;GCSHP6;RP11-3B7.1;C3orf62;Y_RNA;MIR4271;USP4;GPX1;RHOA;RHOA-IT1;TCTA;AMT;NICN1-AS1;NICN1;RNA5SP130;DAG1;BSN-DT;BSN;BSN-AS1;APEH;MST1;AC099668.5;RNF123;AMIGO3;GMPPB;IP6K1;COX6CP14;PHF5AP3;CDHR4;INKA1;UBA7;MIR5193;AC139451.1;TRAIP;CAMKV;RN7SL217P;ACTL11P;MST1R;CTD-2330K9.2;CTD-2330K9.3;MON1A;RBM6;RBM5;SEMA3F-AS1;MIR566;GNAT1;SLC38A3;GNAI2;U73169.1;LINC03143;SEMA3B-AS1;SEMA3B;LSMEM2;IFRD2;HYAL3;NAA80;HYAL1;HYAL2;TUSC2;RASSF1;ZMYND10-AS1;ZMYND10;NPRL2;CYB561D2;XXcos-LUCA11.5;TMEM115;CACNA2D2;XXcos-LUCA11.4;RNA5SP131;C3orf18;HEMK1;CISH;MAPKAPK3;LINC02019;MIR4787;DOCK3;PPIAP69;RP11-646D13.1;ZNF652P1;ST13P14	10.1	15809	Unknome 18_Mar_2026; maximum over uniquely HGNC-mapped proteins; derived/knownness-ranks.tsv	Tbio	125	unique	NA	2038	True	0.043087917520891084	0.9163063714880504	NA	unresolved competing genes; gene-body association is not causal assignment	Lifelong developmental, systemic and adult explanations remain. Adult tissue expression observed (cerebral cortex); timing not identified.	5.9	cerebral cortex	not established; target mapping/primary phenotype table unavailable	Tian 2019 iPSC-derived glutamatergic neuron survival D14/D21/D28; CROP-seq D7 transcription; not cognitive performance or mature adult physiology	1.21e-14	positional;eQTL	False	False	Lee CP GCST006572 + GENCODE v19; HGNC/Unknome/Pharos/HPA separate annotations; EUR LD + GTEx DLPFC/Catalogue + chain/VEP + Tian guide coverage pilot; Savage/Genebass overlap; EA excluded	Independent ancestry-matched fine-mapping excludes rs3774750 and assigns a different variant/gene (e.g. MAP4, RPS27P30, RN7SL664P); adult-specific perturbation in the implicated cell type has no predicted functional effect despite verified engagement. Shared-signal evidence disappears on multiple-signal conditioning or complete variant coverage.	association hypothesis only; not an enhancement target
23	ENSG00000198558	HIST1H4L	23	R008	rs45509595	3.73e-18	7.46e-18	1.4109098e-13	364	2	515	ACOT13;RP1-30M3.5;C6orf62;RP1-30M3.6;LINC02828;AP3S1P1;GMNN;ARMH2;RIPOR2;AL512428.1;MTCO2P33;PPIAP29;RP11-367G6.3;ASS1P1;RN7SL334P;RP3-425P12.5;RP3-425P12.1;RP3-425P12.2;CMAHP;NUP50P2;CANT1P1;UBE2D3P5;RNY5P5;AL590084.1;RP11-191A15.4;RP3-522P13.3;KATNBL1P5;RPL21P68;HNRNPA3P17;CARMIL1;Y_RNA;RNU6-987P;AL160037.1;snoU13;SCGN;PRELID1P2;H2AC1;H2BC1;H2BC2P;H2AC2P;SLC17A4;SLC17A1;SLC17A3;H2AC3P;SLC17A2;TRIM38;U91328.21;U91328.20;LINC02980;U91328.22;H3P26;H1-1;HIST1H3A;HIST1H4A;HIST1H4B;HIST1H3B;HIST1H2AB;HIST1H2BB;H2AC5P;HIST1H3C;H1-2;HFE;H4C3;H1-6;H2BC4;H2AC6;H1-4;H2BC5;LARP1P1;HIST1H2BE;HIST1H4D;H1-12P;H3C4;H2AC7;HIST1H2BF;RP1-34B20.4;HIST1H4E;HIST1H2BG;HIST1H2AE;HIST1H3E;H2AC9P;H1-3;HIST1H4F;HIST1H4G;HIST1H3F;HIST1H2BH;HIST1H3G;H2AC10P;HIST1H2BI;H4C8;H3C9P;RNU6-1259P;BTN3A2;AL021917.1;BTN2A2;BTN3A1;BTN2A3P;BTN3A3;BTN2A1;BTN1A1;RNU6-502P;HCG11;CTA-14H9.5;HMGN4;ABT1;RP11-457M11.6;VN1R14P;RP11-457M11.2;ZNF322;RP11-457M11.5;GUSBP2;POM121L6P;LINC00240;RP11-239L20.6;TRNAI2;VN1R12P;VN1R13P;VN1R11P;RNU2-62P;RP1-86C11.7;H2BC11;H2AC11;H2BC12;HIST1H4I;HIST1H2AH;MIR3143;RPL10P2;PRSS16;CDCA7P1;POM121L2;VN1R10P;ZNF204P;ZNF391;RP1-153G14.4;MCFD2P1;ZNF184;XXbac-BPGBPG34I8.1;HNRNPA1P1;CD83P1;RNU6-471P;TRNAI6;RPL8P1;GPHRP1;RSL24D1P1;H4C10P;H2BC13;H2AC13;HIST1H3H;HIST1H2AJ;HIST1H2BM;H4C11;HIST1H4K;HIST1H2AK;H2BC15;H2BC16P;HIST1H2AL;H1-5;HIST1H3I;H3C12;HIST1H2AM;HIST1H2BO;RNU7-26P;OR2B2;OR2W6P;OR2B6;RPLP2P1;OR2W4P;IQCB2P;U3;OR2W2P;OR2B7P;OR2B8;OR1F12P;RP1-313I6.12;ZNF165;ZSCAN12P1;ZNF602P;ZSCAN16-AS1;ZSCAN16;RP1-265C24.8;ZKSCAN8;ZKSCAN8P1;ZNF603P;ZKSCAN8P2;TOB2P1;ZSCAN9;ZKSCAN4;NKAPL;ZSCAN26;PGBD1;SMIM15P2;ZSCAN31;ZKSCAN3;ZSCAN12;RNU2-45P;ZSCAN23;COX11P1;OR2E1P;GPX6;GPX5;SCAND3;SCAND3-AS1;COX8CP1;AL121932.1;LINC00533;RPSAP2;AL662890.1;NOP56P1;AL662890.3;XXbac-BPG308K3.5;LINC01623;RPL13P;ZNF90P2;HCG14;TRIM27;RNU6-930P;LINC01556;KRT18P1;RN7SL471P;HCG15;HCG16;ZNF311;OR2AD1P;OR2W1;OR2P1P;SAR1AP1;OR2B3;OR2J1;OR2J3;XXbac-BCX196D17.5;OR2N1P;OR2J2;OR2J4P;OR2H4P;XXbac-BPG308J9.3;OR2G1P;OR2U1P;OR2U2P;OR2B4P;OR14J1;DDX6P1;OR5V1;OR12D3;OR12D2;OR12D1;OR11A1;OR10C1;OR2H1;UBDP1;MAS1LP1;MAS1L;RPS17P1;LINC02829;LINC01015;MAS1LP2;OR2I1;UBD;GABBR1;OR2H5P;TMEM183AP1;SNORD32B;RPL13AP;OR2H2;SUMO2P1;MOG;ZFP57;ZDHHC20P1;HLA-F;HCG4P11;HLA-F-AS1;RPL23AP1;MICE;HCG9P5;Y_RNA;IFITM4P;XXbac-BPG170G13.32;XXbac-BPG170G13.31;HLA-V;HCG4;HLA-P;RPL7AP7;MICG;HLA-G;HCG4P8;MICF;HCG4P7;HLA-H;HLA-T;DDX39BP1;MCCD1P1;HCG4B;HLA-K;HLA-U;HLA-A;HCG4P5;HLA-W;MICD;HCG9;DDX39BP2;MCCD1P2;POLR1HASP;HCG4P3;HLA-J;ETF1P1;POLR1H;PPP1R11;RNF39;AL669914.1;TRIM31;TRIM31-AS1;SNORA48;TRIM40;TRIM10;TRIM15;TRIM26;PAIP1P1;HCG17;TRIM26BP;HLA-L;HCG18;TRIM39;TRIM39-RPP21;RPP21;HLA-N;HCG19P;UBQLN1P1;MICC;TMPOP1;SUCLA2P1;RANP1;HLA-E;LINC02569;GNL1;PRR3;ABCF1;MIR877;PPP1R10;AL662800.1;MRPS18B;ATAT1;PTMAP1;C6orf136;AL662800.2;DHX16;PPP1R18;NRM;RPL7P4;MDC1;MDC1-AS1;TUBB;XXbac-BPG252P9.9;FLOT1;Y_RNA;IER3-AS1;IER3;RN7SL353P;HCG20;LINC00243;LINC02570;RN7SKP186;DDR1-DT;DDR1;MIR4640;RN7SL175P;GTF2H4;VARS2;SFTA2;Y_RNA;MUCL3;HCG21;MUC21;MUC22;HCG22;RNU6-1133P;C6orf15;PSORS1C1;CDSN;PSORS1C2;POLR2LP1;CCHCR1;TCF19;POU5F1;PSORS1C3;XXbac-BPG299F13.17;HCG27;XXbac-BPG299F13.14;XXbac-BPG299F13.15;XXbac-BPG299F13.16;HLA-C;USP8P1;RPL3P2;WASF5P;LINC02571;XXbac-BPG248L24.10;HLA-B;XXbac-BPG248L24.12;DHFRP2;RNU6-283P;AL671883.1;FGFR3P1;ZDHHC20P2;HLA-S;XXbac-BPG181B23.7;HCP5;Y_RNA;MICA;LINC01149;XXbac-BPG181B23.6;MICB;Y_RNA;XXbac-BPG16N22.5;PPIAP9;RPL15P4;MCCD1;ATP6V1G2-DDX39B;DDX39B;SNORD117;SNORD84;DDX39B-AS1;ATP6V1G2;NFKBIL1;LTA;TNF;LTB;LST1;NCR3;UQCRHP1;AIF1;PRRC2A;SNORA38;BAG6;APOM;C6orf47;C6orf47-AS1;GPANK1;Y_RNA;CSNK2B;CSNK2B-LY6G5B-1181;LY6G5B;LY6G5C;ABHD16A;XXbac-BPG32J3.20;MIR4646;LY6G6F;LY6G6F-LY6G6D;LY6G6E;LY6G6D;MPIG6B;LY6G6C;DDAH2;CLIC1;MSH5;MSH5-SAPCD1;RNU6-850P;SAPCD1;SAPCD1-AS1;VWA7;VARS1;Y_RNA;LSM2;HSPA1L;HSPA1A;HSPA1B;SNHG32;SNORD48;SNORD52;NEU1;SLC44A4;EHMT2;EHMT2-AS1;C2;ZBTB12;CFB;CFB;NELFE;MIR1236;SKIC2;DXO;WHR1;C4A;C4A-AS1;CYP21A1P;AL645922.1;TNXA;WHR1B;C4B;C4B-AS1;CYP21A2;TNXB;RNA5SP206;ATF6B;FKBPL;PRRT1;PPT2;PPT2-EGFL8;EGFL8;AGPAT1;RNF5;AGER;PBX2;XXbac-BPG300A18.13;GPSM3;NOTCH4;TSBP1-AS1;TSBP1;HNRNPA1P2;RNU6-603P;HCG23;BTNL2;HLA-DRA;HLA-DRB9;HLA-DRB5;RNU1-61P;HLA-DRB6;HLA-DRB1	NA	NA	Unknome unmapped/unscored; not zero knownness	NA	NA	unmapped	NA	NA	NA	NA	NA	NA	unresolved competing genes; gene-body association is not causal assignment	Lifelong developmental, systemic and adult explanations remain. Adult brain expression not covered in HPA; not evidence of absence.	NA	NA	not checked outside pilot	not checked outside pilot	NA	NA	False	False	Lee CP GCST006572 + GENCODE v19; HGNC/Unknome/Pharos/HPA separate annotations; LD/QTL/perturbation not followed outside pilot; Savage/Genebass overlap; EA excluded	Independent ancestry-matched fine-mapping excludes rs45509595 and assigns a different variant/gene (e.g. ACOT13, RP1-30M3.5, C6orf62); adult-specific perturbation in the implicated cell type has no predicted functional effect despite verified engagement. Shared-signal evidence disappears on multiple-signal conditioning or complete variant coverage.	association hypothesis only; not an enhancement target
24	ENSG00000146109	ABT1	24	R008	rs45527431	6.67e-19	1.1339e-17	2.14454507e-13	3099	17	515	ACOT13;RP1-30M3.5;C6orf62;RP1-30M3.6;LINC02828;AP3S1P1;GMNN;ARMH2;RIPOR2;AL512428.1;MTCO2P33;PPIAP29;RP11-367G6.3;ASS1P1;RN7SL334P;RP3-425P12.5;RP3-425P12.1;RP3-425P12.2;CMAHP;NUP50P2;CANT1P1;UBE2D3P5;RNY5P5;AL590084.1;RP11-191A15.4;RP3-522P13.3;KATNBL1P5;RPL21P68;HNRNPA3P17;CARMIL1;Y_RNA;RNU6-987P;AL160037.1;snoU13;SCGN;PRELID1P2;H2AC1;H2BC1;H2BC2P;H2AC2P;SLC17A4;SLC17A1;SLC17A3;H2AC3P;SLC17A2;TRIM38;U91328.21;U91328.20;LINC02980;U91328.22;H3P26;H1-1;HIST1H3A;HIST1H4A;HIST1H4B;HIST1H3B;HIST1H2AB;HIST1H2BB;H2AC5P;HIST1H3C;H1-2;HFE;H4C3;H1-6;H2BC4;H2AC6;H1-4;H2BC5;LARP1P1;HIST1H2BE;HIST1H4D;H1-12P;H3C4;H2AC7;HIST1H2BF;RP1-34B20.4;HIST1H4E;HIST1H2BG;HIST1H2AE;HIST1H3E;H2AC9P;H1-3;HIST1H4F;HIST1H4G;HIST1H3F;HIST1H2BH;HIST1H3G;H2AC10P;HIST1H2BI;H4C8;H3C9P;RNU6-1259P;BTN3A2;AL021917.1;BTN2A2;BTN3A1;BTN2A3P;BTN3A3;BTN2A1;BTN1A1;RNU6-502P;HCG11;CTA-14H9.5;HMGN4;RP11-457M11.6;VN1R14P;RP11-457M11.2;ZNF322;RP11-457M11.5;GUSBP2;POM121L6P;LINC00240;RP11-239L20.6;TRNAI2;VN1R12P;VN1R13P;VN1R11P;RNU2-62P;RP1-86C11.7;H2BC11;H2AC11;H2BC12;HIST1H4I;HIST1H2AH;MIR3143;RPL10P2;PRSS16;CDCA7P1;POM121L2;VN1R10P;ZNF204P;ZNF391;RP1-153G14.4;MCFD2P1;ZNF184;XXbac-BPGBPG34I8.1;HNRNPA1P1;CD83P1;RNU6-471P;TRNAI6;RPL8P1;GPHRP1;RSL24D1P1;H4C10P;H2BC13;H2AC13;HIST1H3H;HIST1H2AJ;HIST1H2BM;H4C11;HIST1H4K;HIST1H2AK;H2BC15;H2BC16P;HIST1H2AL;H1-5;HIST1H3I;HIST1H4L;H3C12;HIST1H2AM;HIST1H2BO;RNU7-26P;OR2B2;OR2W6P;OR2B6;RPLP2P1;OR2W4P;IQCB2P;U3;OR2W2P;OR2B7P;OR2B8;OR1F12P;RP1-313I6.12;ZNF165;ZSCAN12P1;ZNF602P;ZSCAN16-AS1;ZSCAN16;RP1-265C24.8;ZKSCAN8;ZKSCAN8P1;ZNF603P;ZKSCAN8P2;TOB2P1;ZSCAN9;ZKSCAN4;NKAPL;ZSCAN26;PGBD1;SMIM15P2;ZSCAN31;ZKSCAN3;ZSCAN12;RNU2-45P;ZSCAN23;COX11P1;OR2E1P;GPX6;GPX5;SCAND3;SCAND3-AS1;COX8CP1;AL121932.1;LINC00533;RPSAP2;AL662890.1;NOP56P1;AL662890.3;XXbac-BPG308K3.5;LINC01623;RPL13P;ZNF90P2;HCG14;TRIM27;RNU6-930P;LINC01556;KRT18P1;RN7SL471P;HCG15;HCG16;ZNF311;OR2AD1P;OR2W1;OR2P1P;SAR1AP1;OR2B3;OR2J1;OR2J3;XXbac-BCX196D17.5;OR2N1P;OR2J2;OR2J4P;OR2H4P;XXbac-BPG308J9.3;OR2G1P;OR2U1P;OR2U2P;OR2B4P;OR14J1;DDX6P1;OR5V1;OR12D3;OR12D2;OR12D1;OR11A1;OR10C1;OR2H1;UBDP1;MAS1LP1;MAS1L;RPS17P1;LINC02829;LINC01015;MAS1LP2;OR2I1;UBD;GABBR1;OR2H5P;TMEM183AP1;SNORD32B;RPL13AP;OR2H2;SUMO2P1;MOG;ZFP57;ZDHHC20P1;HLA-F;HCG4P11;HLA-F-AS1;RPL23AP1;MICE;HCG9P5;Y_RNA;IFITM4P;XXbac-BPG170G13.32;XXbac-BPG170G13.31;HLA-V;HCG4;HLA-P;RPL7AP7;MICG;HLA-G;HCG4P8;MICF;HCG4P7;HLA-H;HLA-T;DDX39BP1;MCCD1P1;HCG4B;HLA-K;HLA-U;HLA-A;HCG4P5;HLA-W;MICD;HCG9;DDX39BP2;MCCD1P2;POLR1HASP;HCG4P3;HLA-J;ETF1P1;POLR1H;PPP1R11;RNF39;AL669914.1;TRIM31;TRIM31-AS1;SNORA48;TRIM40;TRIM10;TRIM15;TRIM26;PAIP1P1;HCG17;TRIM26BP;HLA-L;HCG18;TRIM39;TRIM39-RPP21;RPP21;HLA-N;HCG19P;UBQLN1P1;MICC;TMPOP1;SUCLA2P1;RANP1;HLA-E;LINC02569;GNL1;PRR3;ABCF1;MIR877;PPP1R10;AL662800.1;MRPS18B;ATAT1;PTMAP1;C6orf136;AL662800.2;DHX16;PPP1R18;NRM;RPL7P4;MDC1;MDC1-AS1;TUBB;XXbac-BPG252P9.9;FLOT1;Y_RNA;IER3-AS1;IER3;RN7SL353P;HCG20;LINC00243;LINC02570;RN7SKP186;DDR1-DT;DDR1;MIR4640;RN7SL175P;GTF2H4;VARS2;SFTA2;Y_RNA;MUCL3;HCG21;MUC21;MUC22;HCG22;RNU6-1133P;C6orf15;PSORS1C1;CDSN;PSORS1C2;POLR2LP1;CCHCR1;TCF19;POU5F1;PSORS1C3;XXbac-BPG299F13.17;HCG27;XXbac-BPG299F13.14;XXbac-BPG299F13.15;XXbac-BPG299F13.16;HLA-C;USP8P1;RPL3P2;WASF5P;LINC02571;XXbac-BPG248L24.10;HLA-B;XXbac-BPG248L24.12;DHFRP2;RNU6-283P;AL671883.1;FGFR3P1;ZDHHC20P2;HLA-S;XXbac-BPG181B23.7;HCP5;Y_RNA;MICA;LINC01149;XXbac-BPG181B23.6;MICB;Y_RNA;XXbac-BPG16N22.5;PPIAP9;RPL15P4;MCCD1;ATP6V1G2-DDX39B;DDX39B;SNORD117;SNORD84;DDX39B-AS1;ATP6V1G2;NFKBIL1;LTA;TNF;LTB;LST1;NCR3;UQCRHP1;AIF1;PRRC2A;SNORA38;BAG6;APOM;C6orf47;C6orf47-AS1;GPANK1;Y_RNA;CSNK2B;CSNK2B-LY6G5B-1181;LY6G5B;LY6G5C;ABHD16A;XXbac-BPG32J3.20;MIR4646;LY6G6F;LY6G6F-LY6G6D;LY6G6E;LY6G6D;MPIG6B;LY6G6C;DDAH2;CLIC1;MSH5;MSH5-SAPCD1;RNU6-850P;SAPCD1;SAPCD1-AS1;VWA7;VARS1;Y_RNA;LSM2;HSPA1L;HSPA1A;HSPA1B;SNHG32;SNORD48;SNORD52;NEU1;SLC44A4;EHMT2;EHMT2-AS1;C2;ZBTB12;CFB;CFB;NELFE;MIR1236;SKIC2;DXO;WHR1;C4A;C4A-AS1;CYP21A1P;AL645922.1;TNXA;WHR1B;C4B;C4B-AS1;CYP21A2;TNXB;RNA5SP206;ATF6B;FKBPL;PRRT1;PPT2;PPT2-EGFL8;EGFL8;AGPAT1;RNF5;AGER;PBX2;XXbac-BPG300A18.13;GPSM3;NOTCH4;TSBP1-AS1;TSBP1;HNRNPA1P2;RNU6-603P;HCG23;BTNL2;HLA-DRA;HLA-DRB9;HLA-DRB5;RNU1-61P;HLA-DRB6;HLA-DRB1	4.8	10931	Unknome 18_Mar_2026; maximum over uniquely HGNC-mapped proteins; derived/knownness-ranks.tsv	Tbio	65	unique	NA	NA	NA	NA	NA	NA	unresolved competing genes; gene-body association is not causal assignment	Lifelong developmental, systemic and adult explanations remain. Adult tissue expression observed (cerebellum); timing not identified.	8.7	cerebellum	not checked outside pilot	not checked outside pilot	NA	positional;eQTL;chromatin	False	False	Lee CP GCST006572 + GENCODE v19; HGNC/Unknome/Pharos/HPA separate annotations; LD/QTL/perturbation not followed outside pilot; Savage/Genebass overlap; EA excluded	Independent ancestry-matched fine-mapping excludes rs45527431 and assigns a different variant/gene (e.g. ACOT13, RP1-30M3.5, C6orf62); adult-specific perturbation in the implicated cell type has no predicted functional effect despite verified engagement. Shared-signal evidence disappears on multiple-signal conditioning or complete variant coverage.	association hypothesis only; not an enhancement target
25	ENSG00000178952	TUFM	25	R010	rs3088215	1.17e-18	1.17e-17	2.212821e-13	3998	10	79	GSG1L;RNU6-159P;RNU6-1241P;XPO6;TPRKBP2;SNORA25;RNY1P10;GAPDHP35;RP11-57A19.2;SBK1;NPIPB6;RP11-435I10.5;EIF3CL;CDC37P2;snoU13;RP11-57A19.5;NPIPB7;CLN3;CLN3;APOBR;IL27;NUPR1;RP11-666O2.1;SGF29;SULT1A2;SULT1A1;NPIPB8;PLA2G10DP;snoU13;EIF3C;CDC37P1;RP11-1348G14.6;NPIPB9;snoU13;RP11-1348G14.4;RP11-1348G14.1;RP11-1348G14.5;ATXN2L;RP11-24N18.1;MIR4721;SH2B1;RP11-22P6.2;ATP2A1;ATP2A1-AS1;SNORA43;RABEP2;CD19;NFATC2IP;NFATC2IP-AS1;MIR4517;SPNS1;RP11-264B17.3;RP11-264B17.4;LAT;RP11-264B17.5;NPIPB10P;PLA2G10CP;snoU13;RRN3P2;RP11-426C22.5;RP11-426C22.4;AC009093.1;SNX29P2;RP11-426C22.6;RP11-231C14.6;SNX29P2;NPIPB11;SMG1P6;snoU13;BOLA2-SMG1P6;RP11-345J4.6;BOLA2;SLX1B;SLX1B-SULT1A4;SULT1A4;SGF29P1;RP11-345J4.1;PLA2G10HP;NPIPB12	5.9	12348	Unknome 18_Mar_2026; maximum over uniquely HGNC-mapped proteins; derived/knownness-ranks.tsv	Tchem	373	unique	NA	NA	NA	NA	NA	NA	unresolved competing genes; gene-body association is not causal assignment	Lifelong developmental, systemic and adult explanations remain. Adult tissue expression observed (midbrain); timing not identified.	87.2	midbrain	not checked outside pilot	not checked outside pilot	1.4538e-14	positional;eQTL	False	False	Lee CP GCST006572 + GENCODE v19; HGNC/Unknome/Pharos/HPA separate annotations; LD/QTL/perturbation not followed outside pilot; Savage/Genebass overlap; EA excluded	Independent ancestry-matched fine-mapping excludes rs3088215 and assigns a different variant/gene (e.g. GSG1L, RNU6-159P, RNU6-1241P); adult-specific perturbation in the implicated cell type has no predicted functional effect despite verified engagement. Shared-signal evidence disappears on multiple-signal conditioning or complete variant coverage.	association hypothesis only; not an enhancement target
26	ENSG00000118689	FOXO3	26	R004	rs2764265	4.17e-20	1.36359e-17	2.578957767e-13	124940	327	29	OSTM1;Y_RNA;OSTM1-AS1;NR2E1;SNX3;snoU13;RP1-128O3.5;RNA5SP212;RP1-128O3.4;RNU6-1144P;AFG1L;RPL36AP24;RP11-72I2.1;RP3-466I7.1;RNU6-770P;RP11-697G4.4;SUMO2P8;LINC00222;ZPR1P1;RP3-354J5.3;ARMC2;RP11-249L21.2;ATP5MFP2;ARMC2-AS1;SESN1;RP11-787I22.3;RNU6-653P;CEP57L1;C6orf183	25.6	18663	Unknome 18_Mar_2026; maximum over uniquely HGNC-mapped proteins; derived/knownness-ranks.tsv	Tbio	1756	unique	NA	NA	NA	NA	NA	NA	unresolved competing genes; gene-body association is not causal assignment	Lifelong developmental, systemic and adult explanations remain. Adult tissue expression observed (cerebellum); timing not identified.	33.7	cerebellum	not checked outside pilot	not checked outside pilot	6.5125e-14	positional;chromatin	False	False	Lee CP GCST006572 + GENCODE v19; HGNC/Unknome/Pharos/HPA separate annotations; LD/QTL/perturbation not followed outside pilot; Savage/Genebass overlap; EA excluded	Independent ancestry-matched fine-mapping excludes rs2764265 and assigns a different variant/gene (e.g. OSTM1, Y_RNA, OSTM1-AS1); adult-specific perturbation in the implicated cell type has no predicted functional effect despite verified engagement. Shared-signal evidence disappears on multiple-signal conditioning or complete variant coverage.	association hypothesis only; not an enhancement target
27	ENSG00000172260	NEGR1	27	R005	rs12128707	9.03e-21	2.27556e-17	4.3037666279999996e-13	886795	2520	8	RP11-82L20.1;RP11-175G14.2;NEGR1-IT1;GDI2P2;RPL31P12;RNU6-1246P;RP4-660H19.1;LINC02796	5.0	11192	Unknome 18_Mar_2026; maximum over uniquely HGNC-mapped proteins; derived/knownness-ranks.tsv	Tbio	97	unique	NA	NA	NA	NA	NA	NA	unresolved competing genes; gene-body association is not causal assignment	Lifelong developmental, systemic and adult explanations remain. Adult tissue expression observed (cerebral cortex); timing not identified.	31.2	cerebral cortex	not checked outside pilot	not checked outside pilot	2.786e-19	positional;eQTL;chromatin	False	False	Lee CP GCST006572 + GENCODE v19; HGNC/Unknome/Pharos/HPA separate annotations; LD/QTL/perturbation not followed outside pilot; Savage/Genebass overlap; EA excluded	Independent ancestry-matched fine-mapping excludes rs12128707 and assigns a different variant/gene (e.g. RP11-82L20.1, RP11-175G14.2, NEGR1-IT1); adult-specific perturbation in the implicated cell type has no predicted functional effect despite verified engagement. Shared-signal evidence disappears on multiple-signal conditioning or complete variant coverage.	association hypothesis only; not an enhancement target
28	ENSG00000168488	ATXN2L	28	R010	rs72793812	6.79e-19	2.716e-17	5.1367708e-13	14203	40	79	GSG1L;RNU6-159P;RNU6-1241P;XPO6;TPRKBP2;SNORA25;RNY1P10;GAPDHP35;RP11-57A19.2;SBK1;NPIPB6;RP11-435I10.5;EIF3CL;CDC37P2;snoU13;RP11-57A19.5;NPIPB7;CLN3;CLN3;APOBR;IL27;NUPR1;RP11-666O2.1;SGF29;SULT1A2;SULT1A1;NPIPB8;PLA2G10DP;snoU13;EIF3C;CDC37P1;RP11-1348G14.6;NPIPB9;snoU13;RP11-1348G14.4;RP11-1348G14.1;RP11-1348G14.5;RP11-24N18.1;TUFM;MIR4721;SH2B1;RP11-22P6.2;ATP2A1;ATP2A1-AS1;SNORA43;RABEP2;CD19;NFATC2IP;NFATC2IP-AS1;MIR4517;SPNS1;RP11-264B17.3;RP11-264B17.4;LAT;RP11-264B17.5;NPIPB10P;PLA2G10CP;snoU13;RRN3P2;RP11-426C22.5;RP11-426C22.4;AC009093.1;SNX29P2;RP11-426C22.6;RP11-231C14.6;SNX29P2;NPIPB11;SMG1P6;snoU13;BOLA2-SMG1P6;RP11-345J4.6;BOLA2;SLX1B;SLX1B-SULT1A4;SULT1A4;SGF29P1;RP11-345J4.1;PLA2G10HP;NPIPB12	2.8	7695	Unknome 18_Mar_2026; maximum over uniquely HGNC-mapped proteins; derived/knownness-ranks.tsv	Tbio	201	unique	NA	NA	NA	NA	NA	NA	unresolved competing genes; gene-body association is not causal assignment	Lifelong developmental, systemic and adult explanations remain. Adult tissue expression observed (cerebellum); timing not identified.	146.0	cerebellum	not checked outside pilot	not checked outside pilot	2.3971e-18	positional;eQTL	False	False	Lee CP GCST006572 + GENCODE v19; HGNC/Unknome/Pharos/HPA separate annotations; LD/QTL/perturbation not followed outside pilot; Savage/Genebass overlap; EA excluded	Independent ancestry-matched fine-mapping excludes rs72793812 and assigns a different variant/gene (e.g. GSG1L, RNU6-159P, RNU6-1241P); adult-specific perturbation in the implicated cell type has no predicted functional effect despite verified engagement. Shared-signal evidence disappears on multiple-signal conditioning or complete variant coverage.	association hypothesis only; not an enhancement target
29	ENSG00000168131	OR2B2	29	R008	rs61742093	5.73e-18	2.865e-17	5.4185745e-13	1212	5	515	ACOT13;RP1-30M3.5;C6orf62;RP1-30M3.6;LINC02828;AP3S1P1;GMNN;ARMH2;RIPOR2;AL512428.1;MTCO2P33;PPIAP29;RP11-367G6.3;ASS1P1;RN7SL334P;RP3-425P12.5;RP3-425P12.1;RP3-425P12.2;CMAHP;NUP50P2;CANT1P1;UBE2D3P5;RNY5P5;AL590084.1;RP11-191A15.4;RP3-522P13.3;KATNBL1P5;RPL21P68;HNRNPA3P17;CARMIL1;Y_RNA;RNU6-987P;AL160037.1;snoU13;SCGN;PRELID1P2;H2AC1;H2BC1;H2BC2P;H2AC2P;SLC17A4;SLC17A1;SLC17A3;H2AC3P;SLC17A2;TRIM38;U91328.21;U91328.20;LINC02980;U91328.22;H3P26;H1-1;HIST1H3A;HIST1H4A;HIST1H4B;HIST1H3B;HIST1H2AB;HIST1H2BB;H2AC5P;HIST1H3C;H1-2;HFE;H4C3;H1-6;H2BC4;H2AC6;H1-4;H2BC5;LARP1P1;HIST1H2BE;HIST1H4D;H1-12P;H3C4;H2AC7;HIST1H2BF;RP1-34B20.4;HIST1H4E;HIST1H2BG;HIST1H2AE;HIST1H3E;H2AC9P;H1-3;HIST1H4F;HIST1H4G;HIST1H3F;HIST1H2BH;HIST1H3G;H2AC10P;HIST1H2BI;H4C8;H3C9P;RNU6-1259P;BTN3A2;AL021917.1;BTN2A2;BTN3A1;BTN2A3P;BTN3A3;BTN2A1;BTN1A1;RNU6-502P;HCG11;CTA-14H9.5;HMGN4;ABT1;RP11-457M11.6;VN1R14P;RP11-457M11.2;ZNF322;RP11-457M11.5;GUSBP2;POM121L6P;LINC00240;RP11-239L20.6;TRNAI2;VN1R12P;VN1R13P;VN1R11P;RNU2-62P;RP1-86C11.7;H2BC11;H2AC11;H2BC12;HIST1H4I;HIST1H2AH;MIR3143;RPL10P2;PRSS16;CDCA7P1;POM121L2;VN1R10P;ZNF204P;ZNF391;RP1-153G14.4;MCFD2P1;ZNF184;XXbac-BPGBPG34I8.1;HNRNPA1P1;CD83P1;RNU6-471P;TRNAI6;RPL8P1;GPHRP1;RSL24D1P1;H4C10P;H2BC13;H2AC13;HIST1H3H;HIST1H2AJ;HIST1H2BM;H4C11;HIST1H4K;HIST1H2AK;H2BC15;H2BC16P;HIST1H2AL;H1-5;HIST1H3I;HIST1H4L;H3C12;HIST1H2AM;HIST1H2BO;RNU7-26P;OR2W6P;OR2B6;RPLP2P1;OR2W4P;IQCB2P;U3;OR2W2P;OR2B7P;OR2B8;OR1F12P;RP1-313I6.12;ZNF165;ZSCAN12P1;ZNF602P;ZSCAN16-AS1;ZSCAN16;RP1-265C24.8;ZKSCAN8;ZKSCAN8P1;ZNF603P;ZKSCAN8P2;TOB2P1;ZSCAN9;ZKSCAN4;NKAPL;ZSCAN26;PGBD1;SMIM15P2;ZSCAN31;ZKSCAN3;ZSCAN12;RNU2-45P;ZSCAN23;COX11P1;OR2E1P;GPX6;GPX5;SCAND3;SCAND3-AS1;COX8CP1;AL121932.1;LINC00533;RPSAP2;AL662890.1;NOP56P1;AL662890.3;XXbac-BPG308K3.5;LINC01623;RPL13P;ZNF90P2;HCG14;TRIM27;RNU6-930P;LINC01556;KRT18P1;RN7SL471P;HCG15;HCG16;ZNF311;OR2AD1P;OR2W1;OR2P1P;SAR1AP1;OR2B3;OR2J1;OR2J3;XXbac-BCX196D17.5;OR2N1P;OR2J2;OR2J4P;OR2H4P;XXbac-BPG308J9.3;OR2G1P;OR2U1P;OR2U2P;OR2B4P;OR14J1;DDX6P1;OR5V1;OR12D3;OR12D2;OR12D1;OR11A1;OR10C1;OR2H1;UBDP1;MAS1LP1;MAS1L;RPS17P1;LINC02829;LINC01015;MAS1LP2;OR2I1;UBD;GABBR1;OR2H5P;TMEM183AP1;SNORD32B;RPL13AP;OR2H2;SUMO2P1;MOG;ZFP57;ZDHHC20P1;HLA-F;HCG4P11;HLA-F-AS1;RPL23AP1;MICE;HCG9P5;Y_RNA;IFITM4P;XXbac-BPG170G13.32;XXbac-BPG170G13.31;HLA-V;HCG4;HLA-P;RPL7AP7;MICG;HLA-G;HCG4P8;MICF;HCG4P7;HLA-H;HLA-T;DDX39BP1;MCCD1P1;HCG4B;HLA-K;HLA-U;HLA-A;HCG4P5;HLA-W;MICD;HCG9;DDX39BP2;MCCD1P2;POLR1HASP;HCG4P3;HLA-J;ETF1P1;POLR1H;PPP1R11;RNF39;AL669914.1;TRIM31;TRIM31-AS1;SNORA48;TRIM40;TRIM10;TRIM15;TRIM26;PAIP1P1;HCG17;TRIM26BP;HLA-L;HCG18;TRIM39;TRIM39-RPP21;RPP21;HLA-N;HCG19P;UBQLN1P1;MICC;TMPOP1;SUCLA2P1;RANP1;HLA-E;LINC02569;GNL1;PRR3;ABCF1;MIR877;PPP1R10;AL662800.1;MRPS18B;ATAT1;PTMAP1;C6orf136;AL662800.2;DHX16;PPP1R18;NRM;RPL7P4;MDC1;MDC1-AS1;TUBB;XXbac-BPG252P9.9;FLOT1;Y_RNA;IER3-AS1;IER3;RN7SL353P;HCG20;LINC00243;LINC02570;RN7SKP186;DDR1-DT;DDR1;MIR4640;RN7SL175P;GTF2H4;VARS2;SFTA2;Y_RNA;MUCL3;HCG21;MUC21;MUC22;HCG22;RNU6-1133P;C6orf15;PSORS1C1;CDSN;PSORS1C2;POLR2LP1;CCHCR1;TCF19;POU5F1;PSORS1C3;XXbac-BPG299F13.17;HCG27;XXbac-BPG299F13.14;XXbac-BPG299F13.15;XXbac-BPG299F13.16;HLA-C;USP8P1;RPL3P2;WASF5P;LINC02571;XXbac-BPG248L24.10;HLA-B;XXbac-BPG248L24.12;DHFRP2;RNU6-283P;AL671883.1;FGFR3P1;ZDHHC20P2;HLA-S;XXbac-BPG181B23.7;HCP5;Y_RNA;MICA;LINC01149;XXbac-BPG181B23.6;MICB;Y_RNA;XXbac-BPG16N22.5;PPIAP9;RPL15P4;MCCD1;ATP6V1G2-DDX39B;DDX39B;SNORD117;SNORD84;DDX39B-AS1;ATP6V1G2;NFKBIL1;LTA;TNF;LTB;LST1;NCR3;UQCRHP1;AIF1;PRRC2A;SNORA38;BAG6;APOM;C6orf47;C6orf47-AS1;GPANK1;Y_RNA;CSNK2B;CSNK2B-LY6G5B-1181;LY6G5B;LY6G5C;ABHD16A;XXbac-BPG32J3.20;MIR4646;LY6G6F;LY6G6F-LY6G6D;LY6G6E;LY6G6D;MPIG6B;LY6G6C;DDAH2;CLIC1;MSH5;MSH5-SAPCD1;RNU6-850P;SAPCD1;SAPCD1-AS1;VWA7;VARS1;Y_RNA;LSM2;HSPA1L;HSPA1A;HSPA1B;SNHG32;SNORD48;SNORD52;NEU1;SLC44A4;EHMT2;EHMT2-AS1;C2;ZBTB12;CFB;CFB;NELFE;MIR1236;SKIC2;DXO;WHR1;C4A;C4A-AS1;CYP21A1P;AL645922.1;TNXA;WHR1B;C4B;C4B-AS1;CYP21A2;TNXB;RNA5SP206;ATF6B;FKBPL;PRRT1;PPT2;PPT2-EGFL8;EGFL8;AGPAT1;RNF5;AGER;PBX2;XXbac-BPG300A18.13;GPSM3;NOTCH4;TSBP1-AS1;TSBP1;HNRNPA1P2;RNU6-603P;HCG23;BTNL2;HLA-DRA;HLA-DRB9;HLA-DRB5;RNU1-61P;HLA-DRB6;HLA-DRB1	1.0	3282	Unknome 18_Mar_2026; maximum over uniquely HGNC-mapped proteins; derived/knownness-ranks.tsv	Tdark	4	unique	NA	NA	NA	NA	NA	NA	unresolved competing genes; gene-body association is not causal assignment	Lifelong developmental, systemic and adult explanations remain. Adult tissue expression observed (amygdala); timing not identified.	0.0	amygdala	not checked outside pilot	not checked outside pilot	3.7762e-07	NA	False	False	Lee CP GCST006572 + GENCODE v19; HGNC/Unknome/Pharos/HPA separate annotations; LD/QTL/perturbation not followed outside pilot; Savage/Genebass overlap; EA excluded	Independent ancestry-matched fine-mapping excludes rs61742093 and assigns a different variant/gene (e.g. ACOT13, RP1-30M3.5, C6orf62); adult-specific perturbation in the implicated cell type has no predicted functional effect despite verified engagement. Shared-signal evidence disappears on multiple-signal conditioning or complete variant coverage.	association hypothesis only; not an enhancement target
30	ENSG00000178188	SH2B1	30	R010	rs12448902	5.12e-19	3.7375999999999996e-17	7.068922879999999e-13	27606	73	79	GSG1L;RNU6-159P;RNU6-1241P;XPO6;TPRKBP2;SNORA25;RNY1P10;GAPDHP35;RP11-57A19.2;SBK1;NPIPB6;RP11-435I10.5;EIF3CL;CDC37P2;snoU13;RP11-57A19.5;NPIPB7;CLN3;CLN3;APOBR;IL27;NUPR1;RP11-666O2.1;SGF29;SULT1A2;SULT1A1;NPIPB8;PLA2G10DP;snoU13;EIF3C;CDC37P1;RP11-1348G14.6;NPIPB9;snoU13;RP11-1348G14.4;RP11-1348G14.1;RP11-1348G14.5;ATXN2L;RP11-24N18.1;TUFM;MIR4721;RP11-22P6.2;ATP2A1;ATP2A1-AS1;SNORA43;RABEP2;CD19;NFATC2IP;NFATC2IP-AS1;MIR4517;SPNS1;RP11-264B17.3;RP11-264B17.4;LAT;RP11-264B17.5;NPIPB10P;PLA2G10CP;snoU13;RRN3P2;RP11-426C22.5;RP11-426C22.4;AC009093.1;SNX29P2;RP11-426C22.6;RP11-231C14.6;SNX29P2;NPIPB11;SMG1P6;snoU13;BOLA2-SMG1P6;RP11-345J4.6;BOLA2;SLX1B;SLX1B-SULT1A4;SULT1A4;SGF29P1;RP11-345J4.1;PLA2G10HP;NPIPB12	1.8	5759	Unknome 18_Mar_2026; maximum over uniquely HGNC-mapped proteins; derived/knownness-ranks.tsv	Tbio	178	unique	NA	NA	NA	NA	NA	NA	unresolved competing genes; gene-body association is not causal assignment	Lifelong developmental, systemic and adult explanations remain. Adult tissue expression observed (cerebellum); timing not identified.	83.0	cerebellum	not checked outside pilot	not checked outside pilot	3.1396e-17	positional;eQTL	False	False	Lee CP GCST006572 + GENCODE v19; HGNC/Unknome/Pharos/HPA separate annotations; LD/QTL/perturbation not followed outside pilot; Savage/Genebass overlap; EA excluded	Independent ancestry-matched fine-mapping excludes rs12448902 and assigns a different variant/gene (e.g. GSG1L, RNU6-159P, RNU6-1241P); adult-specific perturbation in the implicated cell type has no predicted functional effect despite verified engagement. Shared-signal evidence disappears on multiple-signal conditioning or complete variant coverage.	association hypothesis only; not an enhancement target
31	ENSG00000124207	CSE1L	31	R006	rs2426113	4.37e-19	6.6861e-17	1.264542093e-12	50641	153	26	LINC00494;RP1-66N13.1;RNU7-144P;PREX1;AL035106.1;ARFGEF2;SNAP23P1;CSE1L-DT;STAU1;ARPC3P1;DDX27;ZNFX1;ZFAS1;SNORD12C;SNORD12B;SNORD12;KCNB1;PTGIS;AL118525.1;B4GALT5;RN7SL197P;SNRPFP1;RNU6-919P;SLC9A8;RNU7-72P;GLYR1P1	1.9	5985	Unknome 18_Mar_2026; maximum over uniquely HGNC-mapped proteins; derived/knownness-ranks.tsv	Tchem	294	unique	NA	NA	NA	NA	NA	NA	unresolved competing genes; gene-body association is not causal assignment	Lifelong developmental, systemic and adult explanations remain. Adult tissue expression observed (cerebral cortex); timing not identified.	25.9	cerebral cortex	not checked outside pilot	not checked outside pilot	4.0772e-18	positional;eQTL;chromatin	False	False	Lee CP GCST006572 + GENCODE v19; HGNC/Unknome/Pharos/HPA separate annotations; LD/QTL/perturbation not followed outside pilot; Savage/Genebass overlap; EA excluded	Independent ancestry-matched fine-mapping excludes rs2426113 and assigns a different variant/gene (e.g. LINC00494, RP1-66N13.1, RNU7-144P); adult-specific perturbation in the implicated cell type has no predicted functional effect despite verified engagement. Shared-signal evidence disappears on multiple-signal conditioning or complete variant coverage.	association hypothesis only; not an enhancement target
32	ENSG00000196296	ATP2A1	32	R010	rs7498555	1.25e-18	7.875000000000001e-17	1.4893987500000002e-12	26105	63	79	GSG1L;RNU6-159P;RNU6-1241P;XPO6;TPRKBP2;SNORA25;RNY1P10;GAPDHP35;RP11-57A19.2;SBK1;NPIPB6;RP11-435I10.5;EIF3CL;CDC37P2;snoU13;RP11-57A19.5;NPIPB7;CLN3;CLN3;APOBR;IL27;NUPR1;RP11-666O2.1;SGF29;SULT1A2;SULT1A1;NPIPB8;PLA2G10DP;snoU13;EIF3C;CDC37P1;RP11-1348G14.6;NPIPB9;snoU13;RP11-1348G14.4;RP11-1348G14.1;RP11-1348G14.5;ATXN2L;RP11-24N18.1;TUFM;MIR4721;SH2B1;RP11-22P6.2;ATP2A1-AS1;SNORA43;RABEP2;CD19;NFATC2IP;NFATC2IP-AS1;MIR4517;SPNS1;RP11-264B17.3;RP11-264B17.4;LAT;RP11-264B17.5;NPIPB10P;PLA2G10CP;snoU13;RRN3P2;RP11-426C22.5;RP11-426C22.4;AC009093.1;SNX29P2;RP11-426C22.6;RP11-231C14.6;SNX29P2;NPIPB11;SMG1P6;snoU13;BOLA2-SMG1P6;RP11-345J4.6;BOLA2;SLX1B;SLX1B-SULT1A4;SULT1A4;SGF29P1;RP11-345J4.1;PLA2G10HP;NPIPB12	21.8	18425	Unknome 18_Mar_2026; maximum over uniquely HGNC-mapped proteins; derived/knownness-ranks.tsv	Tchem	172	unique	NA	NA	NA	NA	NA	NA	unresolved competing genes; gene-body association is not causal assignment	Lifelong developmental, systemic and adult explanations remain. Adult tissue expression observed (cerebellum); timing not identified.	1.8	cerebellum	not checked outside pilot	not checked outside pilot	4.6207e-23	positional;eQTL	False	False	Lee CP GCST006572 + GENCODE v19; HGNC/Unknome/Pharos/HPA separate annotations; LD/QTL/perturbation not followed outside pilot; Savage/Genebass overlap; EA excluded	Independent ancestry-matched fine-mapping excludes rs7498555 and assigns a different variant/gene (e.g. GSG1L, RNU6-159P, RNU6-1241P); adult-specific perturbation in the implicated cell type has no predicted functional effect despite verified engagement. Shared-signal evidence disappears on multiple-signal conditioning or complete variant coverage.	association hypothesis only; not an enhancement target
33	ENSG00000181315	ZNF322	33	R008	rs13201782	9.31e-19	8.4721e-17	1.602328273e-12	23463	91	515	ACOT13;RP1-30M3.5;C6orf62;RP1-30M3.6;LINC02828;AP3S1P1;GMNN;ARMH2;RIPOR2;AL512428.1;MTCO2P33;PPIAP29;RP11-367G6.3;ASS1P1;RN7SL334P;RP3-425P12.5;RP3-425P12.1;RP3-425P12.2;CMAHP;NUP50P2;CANT1P1;UBE2D3P5;RNY5P5;AL590084.1;RP11-191A15.4;RP3-522P13.3;KATNBL1P5;RPL21P68;HNRNPA3P17;CARMIL1;Y_RNA;RNU6-987P;AL160037.1;snoU13;SCGN;PRELID1P2;H2AC1;H2BC1;H2BC2P;H2AC2P;SLC17A4;SLC17A1;SLC17A3;H2AC3P;SLC17A2;TRIM38;U91328.21;U91328.20;LINC02980;U91328.22;H3P26;H1-1;HIST1H3A;HIST1H4A;HIST1H4B;HIST1H3B;HIST1H2AB;HIST1H2BB;H2AC5P;HIST1H3C;H1-2;HFE;H4C3;H1-6;H2BC4;H2AC6;H1-4;H2BC5;LARP1P1;HIST1H2BE;HIST1H4D;H1-12P;H3C4;H2AC7;HIST1H2BF;RP1-34B20.4;HIST1H4E;HIST1H2BG;HIST1H2AE;HIST1H3E;H2AC9P;H1-3;HIST1H4F;HIST1H4G;HIST1H3F;HIST1H2BH;HIST1H3G;H2AC10P;HIST1H2BI;H4C8;H3C9P;RNU6-1259P;BTN3A2;AL021917.1;BTN2A2;BTN3A1;BTN2A3P;BTN3A3;BTN2A1;BTN1A1;RNU6-502P;HCG11;CTA-14H9.5;HMGN4;ABT1;RP11-457M11.6;VN1R14P;RP11-457M11.2;RP11-457M11.5;GUSBP2;POM121L6P;LINC00240;RP11-239L20.6;TRNAI2;VN1R12P;VN1R13P;VN1R11P;RNU2-62P;RP1-86C11.7;H2BC11;H2AC11;H2BC12;HIST1H4I;HIST1H2AH;MIR3143;RPL10P2;PRSS16;CDCA7P1;POM121L2;VN1R10P;ZNF204P;ZNF391;RP1-153G14.4;MCFD2P1;ZNF184;XXbac-BPGBPG34I8.1;HNRNPA1P1;CD83P1;RNU6-471P;TRNAI6;RPL8P1;GPHRP1;RSL24D1P1;H4C10P;H2BC13;H2AC13;HIST1H3H;HIST1H2AJ;HIST1H2BM;H4C11;HIST1H4K;HIST1H2AK;H2BC15;H2BC16P;HIST1H2AL;H1-5;HIST1H3I;HIST1H4L;H3C12;HIST1H2AM;HIST1H2BO;RNU7-26P;OR2B2;OR2W6P;OR2B6;RPLP2P1;OR2W4P;IQCB2P;U3;OR2W2P;OR2B7P;OR2B8;OR1F12P;RP1-313I6.12;ZNF165;ZSCAN12P1;ZNF602P;ZSCAN16-AS1;ZSCAN16;RP1-265C24.8;ZKSCAN8;ZKSCAN8P1;ZNF603P;ZKSCAN8P2;TOB2P1;ZSCAN9;ZKSCAN4;NKAPL;ZSCAN26;PGBD1;SMIM15P2;ZSCAN31;ZKSCAN3;ZSCAN12;RNU2-45P;ZSCAN23;COX11P1;OR2E1P;GPX6;GPX5;SCAND3;SCAND3-AS1;COX8CP1;AL121932.1;LINC00533;RPSAP2;AL662890.1;NOP56P1;AL662890.3;XXbac-BPG308K3.5;LINC01623;RPL13P;ZNF90P2;HCG14;TRIM27;RNU6-930P;LINC01556;KRT18P1;RN7SL471P;HCG15;HCG16;ZNF311;OR2AD1P;OR2W1;OR2P1P;SAR1AP1;OR2B3;OR2J1;OR2J3;XXbac-BCX196D17.5;OR2N1P;OR2J2;OR2J4P;OR2H4P;XXbac-BPG308J9.3;OR2G1P;OR2U1P;OR2U2P;OR2B4P;OR14J1;DDX6P1;OR5V1;OR12D3;OR12D2;OR12D1;OR11A1;OR10C1;OR2H1;UBDP1;MAS1LP1;MAS1L;RPS17P1;LINC02829;LINC01015;MAS1LP2;OR2I1;UBD;GABBR1;OR2H5P;TMEM183AP1;SNORD32B;RPL13AP;OR2H2;SUMO2P1;MOG;ZFP57;ZDHHC20P1;HLA-F;HCG4P11;HLA-F-AS1;RPL23AP1;MICE;HCG9P5;Y_RNA;IFITM4P;XXbac-BPG170G13.32;XXbac-BPG170G13.31;HLA-V;HCG4;HLA-P;RPL7AP7;MICG;HLA-G;HCG4P8;MICF;HCG4P7;HLA-H;HLA-T;DDX39BP1;MCCD1P1;HCG4B;HLA-K;HLA-U;HLA-A;HCG4P5;HLA-W;MICD;HCG9;DDX39BP2;MCCD1P2;POLR1HASP;HCG4P3;HLA-J;ETF1P1;POLR1H;PPP1R11;RNF39;AL669914.1;TRIM31;TRIM31-AS1;SNORA48;TRIM40;TRIM10;TRIM15;TRIM26;PAIP1P1;HCG17;TRIM26BP;HLA-L;HCG18;TRIM39;TRIM39-RPP21;RPP21;HLA-N;HCG19P;UBQLN1P1;MICC;TMPOP1;SUCLA2P1;RANP1;HLA-E;LINC02569;GNL1;PRR3;ABCF1;MIR877;PPP1R10;AL662800.1;MRPS18B;ATAT1;PTMAP1;C6orf136;AL662800.2;DHX16;PPP1R18;NRM;RPL7P4;MDC1;MDC1-AS1;TUBB;XXbac-BPG252P9.9;FLOT1;Y_RNA;IER3-AS1;IER3;RN7SL353P;HCG20;LINC00243;LINC02570;RN7SKP186;DDR1-DT;DDR1;MIR4640;RN7SL175P;GTF2H4;VARS2;SFTA2;Y_RNA;MUCL3;HCG21;MUC21;MUC22;HCG22;RNU6-1133P;C6orf15;PSORS1C1;CDSN;PSORS1C2;POLR2LP1;CCHCR1;TCF19;POU5F1;PSORS1C3;XXbac-BPG299F13.17;HCG27;XXbac-BPG299F13.14;XXbac-BPG299F13.15;XXbac-BPG299F13.16;HLA-C;USP8P1;RPL3P2;WASF5P;LINC02571;XXbac-BPG248L24.10;HLA-B;XXbac-BPG248L24.12;DHFRP2;RNU6-283P;AL671883.1;FGFR3P1;ZDHHC20P2;HLA-S;XXbac-BPG181B23.7;HCP5;Y_RNA;MICA;LINC01149;XXbac-BPG181B23.6;MICB;Y_RNA;XXbac-BPG16N22.5;PPIAP9;RPL15P4;MCCD1;ATP6V1G2-DDX39B;DDX39B;SNORD117;SNORD84;DDX39B-AS1;ATP6V1G2;NFKBIL1;LTA;TNF;LTB;LST1;NCR3;UQCRHP1;AIF1;PRRC2A;SNORA38;BAG6;APOM;C6orf47;C6orf47-AS1;GPANK1;Y_RNA;CSNK2B;CSNK2B-LY6G5B-1181;LY6G5B;LY6G5C;ABHD16A;XXbac-BPG32J3.20;MIR4646;LY6G6F;LY6G6F-LY6G6D;LY6G6E;LY6G6D;MPIG6B;LY6G6C;DDAH2;CLIC1;MSH5;MSH5-SAPCD1;RNU6-850P;SAPCD1;SAPCD1-AS1;VWA7;VARS1;Y_RNA;LSM2;HSPA1L;HSPA1A;HSPA1B;SNHG32;SNORD48;SNORD52;NEU1;SLC44A4;EHMT2;EHMT2-AS1;C2;ZBTB12;CFB;CFB;NELFE;MIR1236;SKIC2;DXO;WHR1;C4A;C4A-AS1;CYP21A1P;AL645922.1;TNXA;WHR1B;C4B;C4B-AS1;CYP21A2;TNXB;RNA5SP206;ATF6B;FKBPL;PRRT1;PPT2;PPT2-EGFL8;EGFL8;AGPAT1;RNF5;AGER;PBX2;XXbac-BPG300A18.13;GPSM3;NOTCH4;TSBP1-AS1;TSBP1;HNRNPA1P2;RNU6-603P;HCG23;BTNL2;HLA-DRA;HLA-DRB9;HLA-DRB5;RNU1-61P;HLA-DRB6;HLA-DRB1	1.5	4687	Unknome 18_Mar_2026; maximum over uniquely HGNC-mapped proteins; derived/knownness-ranks.tsv	Tbio	22	unique	NA	NA	NA	NA	NA	NA	unresolved competing genes; gene-body association is not causal assignment	Lifelong developmental, systemic and adult explanations remain. Adult tissue expression observed (spinal cord); timing not identified.	9.4	spinal cord	not checked outside pilot	not checked outside pilot	NA	positional;eQTL;chromatin	False	False	Lee CP GCST006572 + GENCODE v19; HGNC/Unknome/Pharos/HPA separate annotations; LD/QTL/perturbation not followed outside pilot; Savage/Genebass overlap; EA excluded	Independent ancestry-matched fine-mapping excludes rs13201782 and assigns a different variant/gene (e.g. ACOT13, RP1-30M3.5, C6orf62); adult-specific perturbation in the implicated cell type has no predicted functional effect despite verified engagement. Shared-signal evidence disappears on multiple-signal conditioning or complete variant coverage.	association hypothesis only; not an enhancement target
34	ENSG00000198315	ZKSCAN8	34	R008	rs35749575	1.6e-18	9.12e-17	1.7248656e-12	17563	57	515	ACOT13;RP1-30M3.5;C6orf62;RP1-30M3.6;LINC02828;AP3S1P1;GMNN;ARMH2;RIPOR2;AL512428.1;MTCO2P33;PPIAP29;RP11-367G6.3;ASS1P1;RN7SL334P;RP3-425P12.5;RP3-425P12.1;RP3-425P12.2;CMAHP;NUP50P2;CANT1P1;UBE2D3P5;RNY5P5;AL590084.1;RP11-191A15.4;RP3-522P13.3;KATNBL1P5;RPL21P68;HNRNPA3P17;CARMIL1;Y_RNA;RNU6-987P;AL160037.1;snoU13;SCGN;PRELID1P2;H2AC1;H2BC1;H2BC2P;H2AC2P;SLC17A4;SLC17A1;SLC17A3;H2AC3P;SLC17A2;TRIM38;U91328.21;U91328.20;LINC02980;U91328.22;H3P26;H1-1;HIST1H3A;HIST1H4A;HIST1H4B;HIST1H3B;HIST1H2AB;HIST1H2BB;H2AC5P;HIST1H3C;H1-2;HFE;H4C3;H1-6;H2BC4;H2AC6;H1-4;H2BC5;LARP1P1;HIST1H2BE;HIST1H4D;H1-12P;H3C4;H2AC7;HIST1H2BF;RP1-34B20.4;HIST1H4E;HIST1H2BG;HIST1H2AE;HIST1H3E;H2AC9P;H1-3;HIST1H4F;HIST1H4G;HIST1H3F;HIST1H2BH;HIST1H3G;H2AC10P;HIST1H2BI;H4C8;H3C9P;RNU6-1259P;BTN3A2;AL021917.1;BTN2A2;BTN3A1;BTN2A3P;BTN3A3;BTN2A1;BTN1A1;RNU6-502P;HCG11;CTA-14H9.5;HMGN4;ABT1;RP11-457M11.6;VN1R14P;RP11-457M11.2;ZNF322;RP11-457M11.5;GUSBP2;POM121L6P;LINC00240;RP11-239L20.6;TRNAI2;VN1R12P;VN1R13P;VN1R11P;RNU2-62P;RP1-86C11.7;H2BC11;H2AC11;H2BC12;HIST1H4I;HIST1H2AH;MIR3143;RPL10P2;PRSS16;CDCA7P1;POM121L2;VN1R10P;ZNF204P;ZNF391;RP1-153G14.4;MCFD2P1;ZNF184;XXbac-BPGBPG34I8.1;HNRNPA1P1;CD83P1;RNU6-471P;TRNAI6;RPL8P1;GPHRP1;RSL24D1P1;H4C10P;H2BC13;H2AC13;HIST1H3H;HIST1H2AJ;HIST1H2BM;H4C11;HIST1H4K;HIST1H2AK;H2BC15;H2BC16P;HIST1H2AL;H1-5;HIST1H3I;HIST1H4L;H3C12;HIST1H2AM;HIST1H2BO;RNU7-26P;OR2B2;OR2W6P;OR2B6;RPLP2P1;OR2W4P;IQCB2P;U3;OR2W2P;OR2B7P;OR2B8;OR1F12P;RP1-313I6.12;ZNF165;ZSCAN12P1;ZNF602P;ZSCAN16-AS1;ZSCAN16;RP1-265C24.8;ZKSCAN8P1;ZNF603P;ZKSCAN8P2;TOB2P1;ZSCAN9;ZKSCAN4;NKAPL;ZSCAN26;PGBD1;SMIM15P2;ZSCAN31;ZKSCAN3;ZSCAN12;RNU2-45P;ZSCAN23;COX11P1;OR2E1P;GPX6;GPX5;SCAND3;SCAND3-AS1;COX8CP1;AL121932.1;LINC00533;RPSAP2;AL662890.1;NOP56P1;AL662890.3;XXbac-BPG308K3.5;LINC01623;RPL13P;ZNF90P2;HCG14;TRIM27;RNU6-930P;LINC01556;KRT18P1;RN7SL471P;HCG15;HCG16;ZNF311;OR2AD1P;OR2W1;OR2P1P;SAR1AP1;OR2B3;OR2J1;OR2J3;XXbac-BCX196D17.5;OR2N1P;OR2J2;OR2J4P;OR2H4P;XXbac-BPG308J9.3;OR2G1P;OR2U1P;OR2U2P;OR2B4P;OR14J1;DDX6P1;OR5V1;OR12D3;OR12D2;OR12D1;OR11A1;OR10C1;OR2H1;UBDP1;MAS1LP1;MAS1L;RPS17P1;LINC02829;LINC01015;MAS1LP2;OR2I1;UBD;GABBR1;OR2H5P;TMEM183AP1;SNORD32B;RPL13AP;OR2H2;SUMO2P1;MOG;ZFP57;ZDHHC20P1;HLA-F;HCG4P11;HLA-F-AS1;RPL23AP1;MICE;HCG9P5;Y_RNA;IFITM4P;XXbac-BPG170G13.32;XXbac-BPG170G13.31;HLA-V;HCG4;HLA-P;RPL7AP7;MICG;HLA-G;HCG4P8;MICF;HCG4P7;HLA-H;HLA-T;DDX39BP1;MCCD1P1;HCG4B;HLA-K;HLA-U;HLA-A;HCG4P5;HLA-W;MICD;HCG9;DDX39BP2;MCCD1P2;POLR1HASP;HCG4P3;HLA-J;ETF1P1;POLR1H;PPP1R11;RNF39;AL669914.1;TRIM31;TRIM31-AS1;SNORA48;TRIM40;TRIM10;TRIM15;TRIM26;PAIP1P1;HCG17;TRIM26BP;HLA-L;HCG18;TRIM39;TRIM39-RPP21;RPP21;HLA-N;HCG19P;UBQLN1P1;MICC;TMPOP1;SUCLA2P1;RANP1;HLA-E;LINC02569;GNL1;PRR3;ABCF1;MIR877;PPP1R10;AL662800.1;MRPS18B;ATAT1;PTMAP1;C6orf136;AL662800.2;DHX16;PPP1R18;NRM;RPL7P4;MDC1;MDC1-AS1;TUBB;XXbac-BPG252P9.9;FLOT1;Y_RNA;IER3-AS1;IER3;RN7SL353P;HCG20;LINC00243;LINC02570;RN7SKP186;DDR1-DT;DDR1;MIR4640;RN7SL175P;GTF2H4;VARS2;SFTA2;Y_RNA;MUCL3;HCG21;MUC21;MUC22;HCG22;RNU6-1133P;C6orf15;PSORS1C1;CDSN;PSORS1C2;POLR2LP1;CCHCR1;TCF19;POU5F1;PSORS1C3;XXbac-BPG299F13.17;HCG27;XXbac-BPG299F13.14;XXbac-BPG299F13.15;XXbac-BPG299F13.16;HLA-C;USP8P1;RPL3P2;WASF5P;LINC02571;XXbac-BPG248L24.10;HLA-B;XXbac-BPG248L24.12;DHFRP2;RNU6-283P;AL671883.1;FGFR3P1;ZDHHC20P2;HLA-S;XXbac-BPG181B23.7;HCP5;Y_RNA;MICA;LINC01149;XXbac-BPG181B23.6;MICB;Y_RNA;XXbac-BPG16N22.5;PPIAP9;RPL15P4;MCCD1;ATP6V1G2-DDX39B;DDX39B;SNORD117;SNORD84;DDX39B-AS1;ATP6V1G2;NFKBIL1;LTA;TNF;LTB;LST1;NCR3;UQCRHP1;AIF1;PRRC2A;SNORA38;BAG6;APOM;C6orf47;C6orf47-AS1;GPANK1;Y_RNA;CSNK2B;CSNK2B-LY6G5B-1181;LY6G5B;LY6G5C;ABHD16A;XXbac-BPG32J3.20;MIR4646;LY6G6F;LY6G6F-LY6G6D;LY6G6E;LY6G6D;MPIG6B;LY6G6C;DDAH2;CLIC1;MSH5;MSH5-SAPCD1;RNU6-850P;SAPCD1;SAPCD1-AS1;VWA7;VARS1;Y_RNA;LSM2;HSPA1L;HSPA1A;HSPA1B;SNHG32;SNORD48;SNORD52;NEU1;SLC44A4;EHMT2;EHMT2-AS1;C2;ZBTB12;CFB;CFB;NELFE;MIR1236;SKIC2;DXO;WHR1;C4A;C4A-AS1;CYP21A1P;AL645922.1;TNXA;WHR1B;C4B;C4B-AS1;CYP21A2;TNXB;RNA5SP206;ATF6B;FKBPL;PRRT1;PPT2;PPT2-EGFL8;EGFL8;AGPAT1;RNF5;AGER;PBX2;XXbac-BPG300A18.13;GPSM3;NOTCH4;TSBP1-AS1;TSBP1;HNRNPA1P2;RNU6-603P;HCG23;BTNL2;HLA-DRA;HLA-DRB9;HLA-DRB5;RNU1-61P;HLA-DRB6;HLA-DRB1	1.5	4687	Unknome 18_Mar_2026; maximum over uniquely HGNC-mapped proteins; derived/knownness-ranks.tsv	Tbio	49	unique	NA	NA	NA	NA	NA	NA	unresolved competing genes; gene-body association is not causal assignment	Lifelong developmental, systemic and adult explanations remain. Adult tissue expression observed (cerebellum); timing not identified.	9.2	cerebellum	not checked outside pilot	not checked outside pilot	NA	NA	False	False	Lee CP GCST006572 + GENCODE v19; HGNC/Unknome/Pharos/HPA separate annotations; LD/QTL/perturbation not followed outside pilot; Savage/Genebass overlap; EA excluded	Independent ancestry-matched fine-mapping excludes rs35749575 and assigns a different variant/gene (e.g. ACOT13, RP1-30M3.5, C6orf62); adult-specific perturbation in the implicated cell type has no predicted functional effect despite verified engagement. Shared-signal evidence disappears on multiple-signal conditioning or complete variant coverage.	association hypothesis only; not an enhancement target
35	ENSG00000124214	STAU1	35	R006	rs2295714	5.3e-19	1.0812e-16	2.04487356e-12	75027	204	26	LINC00494;RP1-66N13.1;RNU7-144P;PREX1;AL035106.1;ARFGEF2;SNAP23P1;CSE1L-DT;CSE1L;ARPC3P1;DDX27;ZNFX1;ZFAS1;SNORD12C;SNORD12B;SNORD12;KCNB1;PTGIS;AL118525.1;B4GALT5;RN7SL197P;SNRPFP1;RNU6-919P;SLC9A8;RNU7-72P;GLYR1P1	6.9	13452	Unknome 18_Mar_2026; maximum over uniquely HGNC-mapped proteins; derived/knownness-ranks.tsv	Tchem	366	unique	NA	NA	NA	NA	NA	NA	unresolved competing genes; gene-body association is not causal assignment	Lifelong developmental, systemic and adult explanations remain. Adult tissue expression observed (spinal cord); timing not identified.	45.3	spinal cord	not checked outside pilot	not checked outside pilot	4.664e-17	positional;eQTL;chromatin	False	False	Lee CP GCST006572 + GENCODE v19; HGNC/Unknome/Pharos/HPA separate annotations; LD/QTL/perturbation not followed outside pilot; Savage/Genebass overlap; EA excluded	Independent ancestry-matched fine-mapping excludes rs2295714 and assigns a different variant/gene (e.g. LINC00494, RP1-66N13.1, RNU7-144P); adult-specific perturbation in the implicated cell type has no predicted functional effect despite verified engagement. Shared-signal evidence disappears on multiple-signal conditioning or complete variant coverage.	association hypothesis only; not an enhancement target
36	ENSG00000184357	H1-5	36	R008	rs17763089	1.82e-17	1.2739999999999998e-16	2.4095162e-12	790	7	515	ACOT13;RP1-30M3.5;C6orf62;RP1-30M3.6;LINC02828;AP3S1P1;GMNN;ARMH2;RIPOR2;AL512428.1;MTCO2P33;PPIAP29;RP11-367G6.3;ASS1P1;RN7SL334P;RP3-425P12.5;RP3-425P12.1;RP3-425P12.2;CMAHP;NUP50P2;CANT1P1;UBE2D3P5;RNY5P5;AL590084.1;RP11-191A15.4;RP3-522P13.3;KATNBL1P5;RPL21P68;HNRNPA3P17;CARMIL1;Y_RNA;RNU6-987P;AL160037.1;snoU13;SCGN;PRELID1P2;H2AC1;H2BC1;H2BC2P;H2AC2P;SLC17A4;SLC17A1;SLC17A3;H2AC3P;SLC17A2;TRIM38;U91328.21;U91328.20;LINC02980;U91328.22;H3P26;H1-1;HIST1H3A;HIST1H4A;HIST1H4B;HIST1H3B;HIST1H2AB;HIST1H2BB;H2AC5P;HIST1H3C;H1-2;HFE;H4C3;H1-6;H2BC4;H2AC6;H1-4;H2BC5;LARP1P1;HIST1H2BE;HIST1H4D;H1-12P;H3C4;H2AC7;HIST1H2BF;RP1-34B20.4;HIST1H4E;HIST1H2BG;HIST1H2AE;HIST1H3E;H2AC9P;H1-3;HIST1H4F;HIST1H4G;HIST1H3F;HIST1H2BH;HIST1H3G;H2AC10P;HIST1H2BI;H4C8;H3C9P;RNU6-1259P;BTN3A2;AL021917.1;BTN2A2;BTN3A1;BTN2A3P;BTN3A3;BTN2A1;BTN1A1;RNU6-502P;HCG11;CTA-14H9.5;HMGN4;ABT1;RP11-457M11.6;VN1R14P;RP11-457M11.2;ZNF322;RP11-457M11.5;GUSBP2;POM121L6P;LINC00240;RP11-239L20.6;TRNAI2;VN1R12P;VN1R13P;VN1R11P;RNU2-62P;RP1-86C11.7;H2BC11;H2AC11;H2BC12;HIST1H4I;HIST1H2AH;MIR3143;RPL10P2;PRSS16;CDCA7P1;POM121L2;VN1R10P;ZNF204P;ZNF391;RP1-153G14.4;MCFD2P1;ZNF184;XXbac-BPGBPG34I8.1;HNRNPA1P1;CD83P1;RNU6-471P;TRNAI6;RPL8P1;GPHRP1;RSL24D1P1;H4C10P;H2BC13;H2AC13;HIST1H3H;HIST1H2AJ;HIST1H2BM;H4C11;HIST1H4K;HIST1H2AK;H2BC15;H2BC16P;HIST1H2AL;HIST1H3I;HIST1H4L;H3C12;HIST1H2AM;HIST1H2BO;RNU7-26P;OR2B2;OR2W6P;OR2B6;RPLP2P1;OR2W4P;IQCB2P;U3;OR2W2P;OR2B7P;OR2B8;OR1F12P;RP1-313I6.12;ZNF165;ZSCAN12P1;ZNF602P;ZSCAN16-AS1;ZSCAN16;RP1-265C24.8;ZKSCAN8;ZKSCAN8P1;ZNF603P;ZKSCAN8P2;TOB2P1;ZSCAN9;ZKSCAN4;NKAPL;ZSCAN26;PGBD1;SMIM15P2;ZSCAN31;ZKSCAN3;ZSCAN12;RNU2-45P;ZSCAN23;COX11P1;OR2E1P;GPX6;GPX5;SCAND3;SCAND3-AS1;COX8CP1;AL121932.1;LINC00533;RPSAP2;AL662890.1;NOP56P1;AL662890.3;XXbac-BPG308K3.5;LINC01623;RPL13P;ZNF90P2;HCG14;TRIM27;RNU6-930P;LINC01556;KRT18P1;RN7SL471P;HCG15;HCG16;ZNF311;OR2AD1P;OR2W1;OR2P1P;SAR1AP1;OR2B3;OR2J1;OR2J3;XXbac-BCX196D17.5;OR2N1P;OR2J2;OR2J4P;OR2H4P;XXbac-BPG308J9.3;OR2G1P;OR2U1P;OR2U2P;OR2B4P;OR14J1;DDX6P1;OR5V1;OR12D3;OR12D2;OR12D1;OR11A1;OR10C1;OR2H1;UBDP1;MAS1LP1;MAS1L;RPS17P1;LINC02829;LINC01015;MAS1LP2;OR2I1;UBD;GABBR1;OR2H5P;TMEM183AP1;SNORD32B;RPL13AP;OR2H2;SUMO2P1;MOG;ZFP57;ZDHHC20P1;HLA-F;HCG4P11;HLA-F-AS1;RPL23AP1;MICE;HCG9P5;Y_RNA;IFITM4P;XXbac-BPG170G13.32;XXbac-BPG170G13.31;HLA-V;HCG4;HLA-P;RPL7AP7;MICG;HLA-G;HCG4P8;MICF;HCG4P7;HLA-H;HLA-T;DDX39BP1;MCCD1P1;HCG4B;HLA-K;HLA-U;HLA-A;HCG4P5;HLA-W;MICD;HCG9;DDX39BP2;MCCD1P2;POLR1HASP;HCG4P3;HLA-J;ETF1P1;POLR1H;PPP1R11;RNF39;AL669914.1;TRIM31;TRIM31-AS1;SNORA48;TRIM40;TRIM10;TRIM15;TRIM26;PAIP1P1;HCG17;TRIM26BP;HLA-L;HCG18;TRIM39;TRIM39-RPP21;RPP21;HLA-N;HCG19P;UBQLN1P1;MICC;TMPOP1;SUCLA2P1;RANP1;HLA-E;LINC02569;GNL1;PRR3;ABCF1;MIR877;PPP1R10;AL662800.1;MRPS18B;ATAT1;PTMAP1;C6orf136;AL662800.2;DHX16;PPP1R18;NRM;RPL7P4;MDC1;MDC1-AS1;TUBB;XXbac-BPG252P9.9;FLOT1;Y_RNA;IER3-AS1;IER3;RN7SL353P;HCG20;LINC00243;LINC02570;RN7SKP186;DDR1-DT;DDR1;MIR4640;RN7SL175P;GTF2H4;VARS2;SFTA2;Y_RNA;MUCL3;HCG21;MUC21;MUC22;HCG22;RNU6-1133P;C6orf15;PSORS1C1;CDSN;PSORS1C2;POLR2LP1;CCHCR1;TCF19;POU5F1;PSORS1C3;XXbac-BPG299F13.17;HCG27;XXbac-BPG299F13.14;XXbac-BPG299F13.15;XXbac-BPG299F13.16;HLA-C;USP8P1;RPL3P2;WASF5P;LINC02571;XXbac-BPG248L24.10;HLA-B;XXbac-BPG248L24.12;DHFRP2;RNU6-283P;AL671883.1;FGFR3P1;ZDHHC20P2;HLA-S;XXbac-BPG181B23.7;HCP5;Y_RNA;MICA;LINC01149;XXbac-BPG181B23.6;MICB;Y_RNA;XXbac-BPG16N22.5;PPIAP9;RPL15P4;MCCD1;ATP6V1G2-DDX39B;DDX39B;SNORD117;SNORD84;DDX39B-AS1;ATP6V1G2;NFKBIL1;LTA;TNF;LTB;LST1;NCR3;UQCRHP1;AIF1;PRRC2A;SNORA38;BAG6;APOM;C6orf47;C6orf47-AS1;GPANK1;Y_RNA;CSNK2B;CSNK2B-LY6G5B-1181;LY6G5B;LY6G5C;ABHD16A;XXbac-BPG32J3.20;MIR4646;LY6G6F;LY6G6F-LY6G6D;LY6G6E;LY6G6D;MPIG6B;LY6G6C;DDAH2;CLIC1;MSH5;MSH5-SAPCD1;RNU6-850P;SAPCD1;SAPCD1-AS1;VWA7;VARS1;Y_RNA;LSM2;HSPA1L;HSPA1A;HSPA1B;SNHG32;SNORD48;SNORD52;NEU1;SLC44A4;EHMT2;EHMT2-AS1;C2;ZBTB12;CFB;CFB;NELFE;MIR1236;SKIC2;DXO;WHR1;C4A;C4A-AS1;CYP21A1P;AL645922.1;TNXA;WHR1B;C4B;C4B-AS1;CYP21A2;TNXB;RNA5SP206;ATF6B;FKBPL;PRRT1;PPT2;PPT2-EGFL8;EGFL8;AGPAT1;RNF5;AGER;PBX2;XXbac-BPG300A18.13;GPSM3;NOTCH4;TSBP1-AS1;TSBP1;HNRNPA1P2;RNU6-603P;HCG23;BTNL2;HLA-DRA;HLA-DRB9;HLA-DRB5;RNU1-61P;HLA-DRB6;HLA-DRB1	NA	NA	Unknome unmapped/unscored; not zero knownness	Tbio	211	unique	NA	NA	NA	NA	NA	NA	unresolved competing genes; gene-body association is not causal assignment	Lifelong developmental, systemic and adult explanations remain. Adult tissue expression observed (spinal cord); timing not identified.	0.2	spinal cord	not checked outside pilot	not checked outside pilot	NA	NA	False	False	Lee CP GCST006572 + GENCODE v19; HGNC/Unknome/Pharos/HPA separate annotations; LD/QTL/perturbation not followed outside pilot; Savage/Genebass overlap; EA excluded	Independent ancestry-matched fine-mapping excludes rs17763089 and assigns a different variant/gene (e.g. ACOT13, RP1-30M3.5, C6orf62); adult-specific perturbation in the implicated cell type has no predicted functional effect despite verified engagement. Shared-signal evidence disappears on multiple-signal conditioning or complete variant coverage.	association hypothesis only; not an enhancement target
37	ENSG00000137185	ZSCAN9	37	R008	rs34243448	3.64e-18	1.638e-16	3.0979493999999998e-12	8597	45	515	ACOT13;RP1-30M3.5;C6orf62;RP1-30M3.6;LINC02828;AP3S1P1;GMNN;ARMH2;RIPOR2;AL512428.1;MTCO2P33;PPIAP29;RP11-367G6.3;ASS1P1;RN7SL334P;RP3-425P12.5;RP3-425P12.1;RP3-425P12.2;CMAHP;NUP50P2;CANT1P1;UBE2D3P5;RNY5P5;AL590084.1;RP11-191A15.4;RP3-522P13.3;KATNBL1P5;RPL21P68;HNRNPA3P17;CARMIL1;Y_RNA;RNU6-987P;AL160037.1;snoU13;SCGN;PRELID1P2;H2AC1;H2BC1;H2BC2P;H2AC2P;SLC17A4;SLC17A1;SLC17A3;H2AC3P;SLC17A2;TRIM38;U91328.21;U91328.20;LINC02980;U91328.22;H3P26;H1-1;HIST1H3A;HIST1H4A;HIST1H4B;HIST1H3B;HIST1H2AB;HIST1H2BB;H2AC5P;HIST1H3C;H1-2;HFE;H4C3;H1-6;H2BC4;H2AC6;H1-4;H2BC5;LARP1P1;HIST1H2BE;HIST1H4D;H1-12P;H3C4;H2AC7;HIST1H2BF;RP1-34B20.4;HIST1H4E;HIST1H2BG;HIST1H2AE;HIST1H3E;H2AC9P;H1-3;HIST1H4F;HIST1H4G;HIST1H3F;HIST1H2BH;HIST1H3G;H2AC10P;HIST1H2BI;H4C8;H3C9P;RNU6-1259P;BTN3A2;AL021917.1;BTN2A2;BTN3A1;BTN2A3P;BTN3A3;BTN2A1;BTN1A1;RNU6-502P;HCG11;CTA-14H9.5;HMGN4;ABT1;RP11-457M11.6;VN1R14P;RP11-457M11.2;ZNF322;RP11-457M11.5;GUSBP2;POM121L6P;LINC00240;RP11-239L20.6;TRNAI2;VN1R12P;VN1R13P;VN1R11P;RNU2-62P;RP1-86C11.7;H2BC11;H2AC11;H2BC12;HIST1H4I;HIST1H2AH;MIR3143;RPL10P2;PRSS16;CDCA7P1;POM121L2;VN1R10P;ZNF204P;ZNF391;RP1-153G14.4;MCFD2P1;ZNF184;XXbac-BPGBPG34I8.1;HNRNPA1P1;CD83P1;RNU6-471P;TRNAI6;RPL8P1;GPHRP1;RSL24D1P1;H4C10P;H2BC13;H2AC13;HIST1H3H;HIST1H2AJ;HIST1H2BM;H4C11;HIST1H4K;HIST1H2AK;H2BC15;H2BC16P;HIST1H2AL;H1-5;HIST1H3I;HIST1H4L;H3C12;HIST1H2AM;HIST1H2BO;RNU7-26P;OR2B2;OR2W6P;OR2B6;RPLP2P1;OR2W4P;IQCB2P;U3;OR2W2P;OR2B7P;OR2B8;OR1F12P;RP1-313I6.12;ZNF165;ZSCAN12P1;ZNF602P;ZSCAN16-AS1;ZSCAN16;RP1-265C24.8;ZKSCAN8;ZKSCAN8P1;ZNF603P;ZKSCAN8P2;TOB2P1;ZKSCAN4;NKAPL;ZSCAN26;PGBD1;SMIM15P2;ZSCAN31;ZKSCAN3;ZSCAN12;RNU2-45P;ZSCAN23;COX11P1;OR2E1P;GPX6;GPX5;SCAND3;SCAND3-AS1;COX8CP1;AL121932.1;LINC00533;RPSAP2;AL662890.1;NOP56P1;AL662890.3;XXbac-BPG308K3.5;LINC01623;RPL13P;ZNF90P2;HCG14;TRIM27;RNU6-930P;LINC01556;KRT18P1;RN7SL471P;HCG15;HCG16;ZNF311;OR2AD1P;OR2W1;OR2P1P;SAR1AP1;OR2B3;OR2J1;OR2J3;XXbac-BCX196D17.5;OR2N1P;OR2J2;OR2J4P;OR2H4P;XXbac-BPG308J9.3;OR2G1P;OR2U1P;OR2U2P;OR2B4P;OR14J1;DDX6P1;OR5V1;OR12D3;OR12D2;OR12D1;OR11A1;OR10C1;OR2H1;UBDP1;MAS1LP1;MAS1L;RPS17P1;LINC02829;LINC01015;MAS1LP2;OR2I1;UBD;GABBR1;OR2H5P;TMEM183AP1;SNORD32B;RPL13AP;OR2H2;SUMO2P1;MOG;ZFP57;ZDHHC20P1;HLA-F;HCG4P11;HLA-F-AS1;RPL23AP1;MICE;HCG9P5;Y_RNA;IFITM4P;XXbac-BPG170G13.32;XXbac-BPG170G13.31;HLA-V;HCG4;HLA-P;RPL7AP7;MICG;HLA-G;HCG4P8;MICF;HCG4P7;HLA-H;HLA-T;DDX39BP1;MCCD1P1;HCG4B;HLA-K;HLA-U;HLA-A;HCG4P5;HLA-W;MICD;HCG9;DDX39BP2;MCCD1P2;POLR1HASP;HCG4P3;HLA-J;ETF1P1;POLR1H;PPP1R11;RNF39;AL669914.1;TRIM31;TRIM31-AS1;SNORA48;TRIM40;TRIM10;TRIM15;TRIM26;PAIP1P1;HCG17;TRIM26BP;HLA-L;HCG18;TRIM39;TRIM39-RPP21;RPP21;HLA-N;HCG19P;UBQLN1P1;MICC;TMPOP1;SUCLA2P1;RANP1;HLA-E;LINC02569;GNL1;PRR3;ABCF1;MIR877;PPP1R10;AL662800.1;MRPS18B;ATAT1;PTMAP1;C6orf136;AL662800.2;DHX16;PPP1R18;NRM;RPL7P4;MDC1;MDC1-AS1;TUBB;XXbac-BPG252P9.9;FLOT1;Y_RNA;IER3-AS1;IER3;RN7SL353P;HCG20;LINC00243;LINC02570;RN7SKP186;DDR1-DT;DDR1;MIR4640;RN7SL175P;GTF2H4;VARS2;SFTA2;Y_RNA;MUCL3;HCG21;MUC21;MUC22;HCG22;RNU6-1133P;C6orf15;PSORS1C1;CDSN;PSORS1C2;POLR2LP1;CCHCR1;TCF19;POU5F1;PSORS1C3;XXbac-BPG299F13.17;HCG27;XXbac-BPG299F13.14;XXbac-BPG299F13.15;XXbac-BPG299F13.16;HLA-C;USP8P1;RPL3P2;WASF5P;LINC02571;XXbac-BPG248L24.10;HLA-B;XXbac-BPG248L24.12;DHFRP2;RNU6-283P;AL671883.1;FGFR3P1;ZDHHC20P2;HLA-S;XXbac-BPG181B23.7;HCP5;Y_RNA;MICA;LINC01149;XXbac-BPG181B23.6;MICB;Y_RNA;XXbac-BPG16N22.5;PPIAP9;RPL15P4;MCCD1;ATP6V1G2-DDX39B;DDX39B;SNORD117;SNORD84;DDX39B-AS1;ATP6V1G2;NFKBIL1;LTA;TNF;LTB;LST1;NCR3;UQCRHP1;AIF1;PRRC2A;SNORA38;BAG6;APOM;C6orf47;C6orf47-AS1;GPANK1;Y_RNA;CSNK2B;CSNK2B-LY6G5B-1181;LY6G5B;LY6G5C;ABHD16A;XXbac-BPG32J3.20;MIR4646;LY6G6F;LY6G6F-LY6G6D;LY6G6E;LY6G6D;MPIG6B;LY6G6C;DDAH2;CLIC1;MSH5;MSH5-SAPCD1;RNU6-850P;SAPCD1;SAPCD1-AS1;VWA7;VARS1;Y_RNA;LSM2;HSPA1L;HSPA1A;HSPA1B;SNHG32;SNORD48;SNORD52;NEU1;SLC44A4;EHMT2;EHMT2-AS1;C2;ZBTB12;CFB;CFB;NELFE;MIR1236;SKIC2;DXO;WHR1;C4A;C4A-AS1;CYP21A1P;AL645922.1;TNXA;WHR1B;C4B;C4B-AS1;CYP21A2;TNXB;RNA5SP206;ATF6B;FKBPL;PRRT1;PPT2;PPT2-EGFL8;EGFL8;AGPAT1;RNF5;AGER;PBX2;XXbac-BPG300A18.13;GPSM3;NOTCH4;TSBP1-AS1;TSBP1;HNRNPA1P2;RNU6-603P;HCG23;BTNL2;HLA-DRA;HLA-DRB9;HLA-DRB5;RNU1-61P;HLA-DRB6;HLA-DRB1	2.3	6711	Unknome 18_Mar_2026; maximum over uniquely HGNC-mapped proteins; derived/knownness-ranks.tsv	Tdark	23	unique	NA	NA	NA	NA	NA	NA	unresolved competing genes; gene-body association is not causal assignment	Lifelong developmental, systemic and adult explanations remain. Adult tissue expression observed (cerebellum); timing not identified.	18.5	cerebellum	not checked outside pilot	not checked outside pilot	NA	eQTL	False	False	Lee CP GCST006572 + GENCODE v19; HGNC/Unknome/Pharos/HPA separate annotations; LD/QTL/perturbation not followed outside pilot; Savage/Genebass overlap; EA excluded	Independent ancestry-matched fine-mapping excludes rs34243448 and assigns a different variant/gene (e.g. ACOT13, RP1-30M3.5, C6orf62); adult-specific perturbation in the implicated cell type has no predicted functional effect despite verified engagement. Shared-signal evidence disappears on multiple-signal conditioning or complete variant coverage.	association hypothesis only; not an enhancement target
38	ENSG00000124198	ARFGEF2	38	R006	rs6019537	5.69e-19	1.91753e-16	3.6266244890000003e-12	114804	337	26	LINC00494;RP1-66N13.1;RNU7-144P;PREX1;AL035106.1;SNAP23P1;CSE1L-DT;CSE1L;STAU1;ARPC3P1;DDX27;ZNFX1;ZFAS1;SNORD12C;SNORD12B;SNORD12;KCNB1;PTGIS;AL118525.1;B4GALT5;RN7SL197P;SNRPFP1;RNU6-919P;SLC9A8;RNU7-72P;GLYR1P1	10.2	15862	Unknome 18_Mar_2026; maximum over uniquely HGNC-mapped proteins; derived/knownness-ranks.tsv	Tbio	116	unique	NA	NA	NA	NA	NA	NA	unresolved competing genes; gene-body association is not causal assignment	Lifelong developmental, systemic and adult explanations remain. Adult tissue expression observed (cerebral cortex); timing not identified.	9.0	cerebral cortex	not checked outside pilot	not checked outside pilot	3.2669e-14	positional;eQTL	False	False	Lee CP GCST006572 + GENCODE v19; HGNC/Unknome/Pharos/HPA separate annotations; LD/QTL/perturbation not followed outside pilot; Savage/Genebass overlap; EA excluded	Independent ancestry-matched fine-mapping excludes rs6019537 and assigns a different variant/gene (e.g. LINC00494, RP1-66N13.1, RNU7-144P); adult-specific perturbation in the implicated cell type has no predicted functional effect despite verified engagement. Shared-signal evidence disappears on multiple-signal conditioning or complete variant coverage.	association hypothesis only; not an enhancement target
39	ENSG00000137338	PGBD1	39	R008	rs72854513	2.22e-18	1.9314000000000002e-16	3.6528568200000006e-12	21013	87	515	ACOT13;RP1-30M3.5;C6orf62;RP1-30M3.6;LINC02828;AP3S1P1;GMNN;ARMH2;RIPOR2;AL512428.1;MTCO2P33;PPIAP29;RP11-367G6.3;ASS1P1;RN7SL334P;RP3-425P12.5;RP3-425P12.1;RP3-425P12.2;CMAHP;NUP50P2;CANT1P1;UBE2D3P5;RNY5P5;AL590084.1;RP11-191A15.4;RP3-522P13.3;KATNBL1P5;RPL21P68;HNRNPA3P17;CARMIL1;Y_RNA;RNU6-987P;AL160037.1;snoU13;SCGN;PRELID1P2;H2AC1;H2BC1;H2BC2P;H2AC2P;SLC17A4;SLC17A1;SLC17A3;H2AC3P;SLC17A2;TRIM38;U91328.21;U91328.20;LINC02980;U91328.22;H3P26;H1-1;HIST1H3A;HIST1H4A;HIST1H4B;HIST1H3B;HIST1H2AB;HIST1H2BB;H2AC5P;HIST1H3C;H1-2;HFE;H4C3;H1-6;H2BC4;H2AC6;H1-4;H2BC5;LARP1P1;HIST1H2BE;HIST1H4D;H1-12P;H3C4;H2AC7;HIST1H2BF;RP1-34B20.4;HIST1H4E;HIST1H2BG;HIST1H2AE;HIST1H3E;H2AC9P;H1-3;HIST1H4F;HIST1H4G;HIST1H3F;HIST1H2BH;HIST1H3G;H2AC10P;HIST1H2BI;H4C8;H3C9P;RNU6-1259P;BTN3A2;AL021917.1;BTN2A2;BTN3A1;BTN2A3P;BTN3A3;BTN2A1;BTN1A1;RNU6-502P;HCG11;CTA-14H9.5;HMGN4;ABT1;RP11-457M11.6;VN1R14P;RP11-457M11.2;ZNF322;RP11-457M11.5;GUSBP2;POM121L6P;LINC00240;RP11-239L20.6;TRNAI2;VN1R12P;VN1R13P;VN1R11P;RNU2-62P;RP1-86C11.7;H2BC11;H2AC11;H2BC12;HIST1H4I;HIST1H2AH;MIR3143;RPL10P2;PRSS16;CDCA7P1;POM121L2;VN1R10P;ZNF204P;ZNF391;RP1-153G14.4;MCFD2P1;ZNF184;XXbac-BPGBPG34I8.1;HNRNPA1P1;CD83P1;RNU6-471P;TRNAI6;RPL8P1;GPHRP1;RSL24D1P1;H4C10P;H2BC13;H2AC13;HIST1H3H;HIST1H2AJ;HIST1H2BM;H4C11;HIST1H4K;HIST1H2AK;H2BC15;H2BC16P;HIST1H2AL;H1-5;HIST1H3I;HIST1H4L;H3C12;HIST1H2AM;HIST1H2BO;RNU7-26P;OR2B2;OR2W6P;OR2B6;RPLP2P1;OR2W4P;IQCB2P;U3;OR2W2P;OR2B7P;OR2B8;OR1F12P;RP1-313I6.12;ZNF165;ZSCAN12P1;ZNF602P;ZSCAN16-AS1;ZSCAN16;RP1-265C24.8;ZKSCAN8;ZKSCAN8P1;ZNF603P;ZKSCAN8P2;TOB2P1;ZSCAN9;ZKSCAN4;NKAPL;ZSCAN26;SMIM15P2;ZSCAN31;ZKSCAN3;ZSCAN12;RNU2-45P;ZSCAN23;COX11P1;OR2E1P;GPX6;GPX5;SCAND3;SCAND3-AS1;COX8CP1;AL121932.1;LINC00533;RPSAP2;AL662890.1;NOP56P1;AL662890.3;XXbac-BPG308K3.5;LINC01623;RPL13P;ZNF90P2;HCG14;TRIM27;RNU6-930P;LINC01556;KRT18P1;RN7SL471P;HCG15;HCG16;ZNF311;OR2AD1P;OR2W1;OR2P1P;SAR1AP1;OR2B3;OR2J1;OR2J3;XXbac-BCX196D17.5;OR2N1P;OR2J2;OR2J4P;OR2H4P;XXbac-BPG308J9.3;OR2G1P;OR2U1P;OR2U2P;OR2B4P;OR14J1;DDX6P1;OR5V1;OR12D3;OR12D2;OR12D1;OR11A1;OR10C1;OR2H1;UBDP1;MAS1LP1;MAS1L;RPS17P1;LINC02829;LINC01015;MAS1LP2;OR2I1;UBD;GABBR1;OR2H5P;TMEM183AP1;SNORD32B;RPL13AP;OR2H2;SUMO2P1;MOG;ZFP57;ZDHHC20P1;HLA-F;HCG4P11;HLA-F-AS1;RPL23AP1;MICE;HCG9P5;Y_RNA;IFITM4P;XXbac-BPG170G13.32;XXbac-BPG170G13.31;HLA-V;HCG4;HLA-P;RPL7AP7;MICG;HLA-G;HCG4P8;MICF;HCG4P7;HLA-H;HLA-T;DDX39BP1;MCCD1P1;HCG4B;HLA-K;HLA-U;HLA-A;HCG4P5;HLA-W;MICD;HCG9;DDX39BP2;MCCD1P2;POLR1HASP;HCG4P3;HLA-J;ETF1P1;POLR1H;PPP1R11;RNF39;AL669914.1;TRIM31;TRIM31-AS1;SNORA48;TRIM40;TRIM10;TRIM15;TRIM26;PAIP1P1;HCG17;TRIM26BP;HLA-L;HCG18;TRIM39;TRIM39-RPP21;RPP21;HLA-N;HCG19P;UBQLN1P1;MICC;TMPOP1;SUCLA2P1;RANP1;HLA-E;LINC02569;GNL1;PRR3;ABCF1;MIR877;PPP1R10;AL662800.1;MRPS18B;ATAT1;PTMAP1;C6orf136;AL662800.2;DHX16;PPP1R18;NRM;RPL7P4;MDC1;MDC1-AS1;TUBB;XXbac-BPG252P9.9;FLOT1;Y_RNA;IER3-AS1;IER3;RN7SL353P;HCG20;LINC00243;LINC02570;RN7SKP186;DDR1-DT;DDR1;MIR4640;RN7SL175P;GTF2H4;VARS2;SFTA2;Y_RNA;MUCL3;HCG21;MUC21;MUC22;HCG22;RNU6-1133P;C6orf15;PSORS1C1;CDSN;PSORS1C2;POLR2LP1;CCHCR1;TCF19;POU5F1;PSORS1C3;XXbac-BPG299F13.17;HCG27;XXbac-BPG299F13.14;XXbac-BPG299F13.15;XXbac-BPG299F13.16;HLA-C;USP8P1;RPL3P2;WASF5P;LINC02571;XXbac-BPG248L24.10;HLA-B;XXbac-BPG248L24.12;DHFRP2;RNU6-283P;AL671883.1;FGFR3P1;ZDHHC20P2;HLA-S;XXbac-BPG181B23.7;HCP5;Y_RNA;MICA;LINC01149;XXbac-BPG181B23.6;MICB;Y_RNA;XXbac-BPG16N22.5;PPIAP9;RPL15P4;MCCD1;ATP6V1G2-DDX39B;DDX39B;SNORD117;SNORD84;DDX39B-AS1;ATP6V1G2;NFKBIL1;LTA;TNF;LTB;LST1;NCR3;UQCRHP1;AIF1;PRRC2A;SNORA38;BAG6;APOM;C6orf47;C6orf47-AS1;GPANK1;Y_RNA;CSNK2B;CSNK2B-LY6G5B-1181;LY6G5B;LY6G5C;ABHD16A;XXbac-BPG32J3.20;MIR4646;LY6G6F;LY6G6F-LY6G6D;LY6G6E;LY6G6D;MPIG6B;LY6G6C;DDAH2;CLIC1;MSH5;MSH5-SAPCD1;RNU6-850P;SAPCD1;SAPCD1-AS1;VWA7;VARS1;Y_RNA;LSM2;HSPA1L;HSPA1A;HSPA1B;SNHG32;SNORD48;SNORD52;NEU1;SLC44A4;EHMT2;EHMT2-AS1;C2;ZBTB12;CFB;CFB;NELFE;MIR1236;SKIC2;DXO;WHR1;C4A;C4A-AS1;CYP21A1P;AL645922.1;TNXA;WHR1B;C4B;C4B-AS1;CYP21A2;TNXB;RNA5SP206;ATF6B;FKBPL;PRRT1;PPT2;PPT2-EGFL8;EGFL8;AGPAT1;RNF5;AGER;PBX2;XXbac-BPG300A18.13;GPSM3;NOTCH4;TSBP1-AS1;TSBP1;HNRNPA1P2;RNU6-603P;HCG23;BTNL2;HLA-DRA;HLA-DRB9;HLA-DRB5;RNU1-61P;HLA-DRB6;HLA-DRB1	4.1	9897	Unknome 18_Mar_2026; maximum over uniquely HGNC-mapped proteins; derived/knownness-ranks.tsv	Tbio	44	unique	NA	NA	NA	NA	NA	NA	unresolved competing genes; gene-body association is not causal assignment	Lifelong developmental, systemic and adult explanations remain. Adult tissue expression observed (cerebral cortex); timing not identified.	4.1	cerebral cortex	not checked outside pilot	not checked outside pilot	NA	eQTL	False	False	Lee CP GCST006572 + GENCODE v19; HGNC/Unknome/Pharos/HPA separate annotations; LD/QTL/perturbation not followed outside pilot; Savage/Genebass overlap; EA excluded	Independent ancestry-matched fine-mapping excludes rs72854513 and assigns a different variant/gene (e.g. ACOT13, RP1-30M3.5, C6orf62); adult-specific perturbation in the implicated cell type has no predicted functional effect despite verified engagement. Shared-signal evidence disappears on multiple-signal conditioning or complete variant coverage.	association hypothesis only; not an enhancement target
40	ENSG00000187626	ZKSCAN4	40	R008	rs13208096	4.59e-18	1.9737000000000002e-16	3.73285881e-12	14611	43	515	ACOT13;RP1-30M3.5;C6orf62;RP1-30M3.6;LINC02828;AP3S1P1;GMNN;ARMH2;RIPOR2;AL512428.1;MTCO2P33;PPIAP29;RP11-367G6.3;ASS1P1;RN7SL334P;RP3-425P12.5;RP3-425P12.1;RP3-425P12.2;CMAHP;NUP50P2;CANT1P1;UBE2D3P5;RNY5P5;AL590084.1;RP11-191A15.4;RP3-522P13.3;KATNBL1P5;RPL21P68;HNRNPA3P17;CARMIL1;Y_RNA;RNU6-987P;AL160037.1;snoU13;SCGN;PRELID1P2;H2AC1;H2BC1;H2BC2P;H2AC2P;SLC17A4;SLC17A1;SLC17A3;H2AC3P;SLC17A2;TRIM38;U91328.21;U91328.20;LINC02980;U91328.22;H3P26;H1-1;HIST1H3A;HIST1H4A;HIST1H4B;HIST1H3B;HIST1H2AB;HIST1H2BB;H2AC5P;HIST1H3C;H1-2;HFE;H4C3;H1-6;H2BC4;H2AC6;H1-4;H2BC5;LARP1P1;HIST1H2BE;HIST1H4D;H1-12P;H3C4;H2AC7;HIST1H2BF;RP1-34B20.4;HIST1H4E;HIST1H2BG;HIST1H2AE;HIST1H3E;H2AC9P;H1-3;HIST1H4F;HIST1H4G;HIST1H3F;HIST1H2BH;HIST1H3G;H2AC10P;HIST1H2BI;H4C8;H3C9P;RNU6-1259P;BTN3A2;AL021917.1;BTN2A2;BTN3A1;BTN2A3P;BTN3A3;BTN2A1;BTN1A1;RNU6-502P;HCG11;CTA-14H9.5;HMGN4;ABT1;RP11-457M11.6;VN1R14P;RP11-457M11.2;ZNF322;RP11-457M11.5;GUSBP2;POM121L6P;LINC00240;RP11-239L20.6;TRNAI2;VN1R12P;VN1R13P;VN1R11P;RNU2-62P;RP1-86C11.7;H2BC11;H2AC11;H2BC12;HIST1H4I;HIST1H2AH;MIR3143;RPL10P2;PRSS16;CDCA7P1;POM121L2;VN1R10P;ZNF204P;ZNF391;RP1-153G14.4;MCFD2P1;ZNF184;XXbac-BPGBPG34I8.1;HNRNPA1P1;CD83P1;RNU6-471P;TRNAI6;RPL8P1;GPHRP1;RSL24D1P1;H4C10P;H2BC13;H2AC13;HIST1H3H;HIST1H2AJ;HIST1H2BM;H4C11;HIST1H4K;HIST1H2AK;H2BC15;H2BC16P;HIST1H2AL;H1-5;HIST1H3I;HIST1H4L;H3C12;HIST1H2AM;HIST1H2BO;RNU7-26P;OR2B2;OR2W6P;OR2B6;RPLP2P1;OR2W4P;IQCB2P;U3;OR2W2P;OR2B7P;OR2B8;OR1F12P;RP1-313I6.12;ZNF165;ZSCAN12P1;ZNF602P;ZSCAN16-AS1;ZSCAN16;RP1-265C24.8;ZKSCAN8;ZKSCAN8P1;ZNF603P;ZKSCAN8P2;TOB2P1;ZSCAN9;NKAPL;ZSCAN26;PGBD1;SMIM15P2;ZSCAN31;ZKSCAN3;ZSCAN12;RNU2-45P;ZSCAN23;COX11P1;OR2E1P;GPX6;GPX5;SCAND3;SCAND3-AS1;COX8CP1;AL121932.1;LINC00533;RPSAP2;AL662890.1;NOP56P1;AL662890.3;XXbac-BPG308K3.5;LINC01623;RPL13P;ZNF90P2;HCG14;TRIM27;RNU6-930P;LINC01556;KRT18P1;RN7SL471P;HCG15;HCG16;ZNF311;OR2AD1P;OR2W1;OR2P1P;SAR1AP1;OR2B3;OR2J1;OR2J3;XXbac-BCX196D17.5;OR2N1P;OR2J2;OR2J4P;OR2H4P;XXbac-BPG308J9.3;OR2G1P;OR2U1P;OR2U2P;OR2B4P;OR14J1;DDX6P1;OR5V1;OR12D3;OR12D2;OR12D1;OR11A1;OR10C1;OR2H1;UBDP1;MAS1LP1;MAS1L;RPS17P1;LINC02829;LINC01015;MAS1LP2;OR2I1;UBD;GABBR1;OR2H5P;TMEM183AP1;SNORD32B;RPL13AP;OR2H2;SUMO2P1;MOG;ZFP57;ZDHHC20P1;HLA-F;HCG4P11;HLA-F-AS1;RPL23AP1;MICE;HCG9P5;Y_RNA;IFITM4P;XXbac-BPG170G13.32;XXbac-BPG170G13.31;HLA-V;HCG4;HLA-P;RPL7AP7;MICG;HLA-G;HCG4P8;MICF;HCG4P7;HLA-H;HLA-T;DDX39BP1;MCCD1P1;HCG4B;HLA-K;HLA-U;HLA-A;HCG4P5;HLA-W;MICD;HCG9;DDX39BP2;MCCD1P2;POLR1HASP;HCG4P3;HLA-J;ETF1P1;POLR1H;PPP1R11;RNF39;AL669914.1;TRIM31;TRIM31-AS1;SNORA48;TRIM40;TRIM10;TRIM15;TRIM26;PAIP1P1;HCG17;TRIM26BP;HLA-L;HCG18;TRIM39;TRIM39-RPP21;RPP21;HLA-N;HCG19P;UBQLN1P1;MICC;TMPOP1;SUCLA2P1;RANP1;HLA-E;LINC02569;GNL1;PRR3;ABCF1;MIR877;PPP1R10;AL662800.1;MRPS18B;ATAT1;PTMAP1;C6orf136;AL662800.2;DHX16;PPP1R18;NRM;RPL7P4;MDC1;MDC1-AS1;TUBB;XXbac-BPG252P9.9;FLOT1;Y_RNA;IER3-AS1;IER3;RN7SL353P;HCG20;LINC00243;LINC02570;RN7SKP186;DDR1-DT;DDR1;MIR4640;RN7SL175P;GTF2H4;VARS2;SFTA2;Y_RNA;MUCL3;HCG21;MUC21;MUC22;HCG22;RNU6-1133P;C6orf15;PSORS1C1;CDSN;PSORS1C2;POLR2LP1;CCHCR1;TCF19;POU5F1;PSORS1C3;XXbac-BPG299F13.17;HCG27;XXbac-BPG299F13.14;XXbac-BPG299F13.15;XXbac-BPG299F13.16;HLA-C;USP8P1;RPL3P2;WASF5P;LINC02571;XXbac-BPG248L24.10;HLA-B;XXbac-BPG248L24.12;DHFRP2;RNU6-283P;AL671883.1;FGFR3P1;ZDHHC20P2;HLA-S;XXbac-BPG181B23.7;HCP5;Y_RNA;MICA;LINC01149;XXbac-BPG181B23.6;MICB;Y_RNA;XXbac-BPG16N22.5;PPIAP9;RPL15P4;MCCD1;ATP6V1G2-DDX39B;DDX39B;SNORD117;SNORD84;DDX39B-AS1;ATP6V1G2;NFKBIL1;LTA;TNF;LTB;LST1;NCR3;UQCRHP1;AIF1;PRRC2A;SNORA38;BAG6;APOM;C6orf47;C6orf47-AS1;GPANK1;Y_RNA;CSNK2B;CSNK2B-LY6G5B-1181;LY6G5B;LY6G5C;ABHD16A;XXbac-BPG32J3.20;MIR4646;LY6G6F;LY6G6F-LY6G6D;LY6G6E;LY6G6D;MPIG6B;LY6G6C;DDAH2;CLIC1;MSH5;MSH5-SAPCD1;RNU6-850P;SAPCD1;SAPCD1-AS1;VWA7;VARS1;Y_RNA;LSM2;HSPA1L;HSPA1A;HSPA1B;SNHG32;SNORD48;SNORD52;NEU1;SLC44A4;EHMT2;EHMT2-AS1;C2;ZBTB12;CFB;CFB;NELFE;MIR1236;SKIC2;DXO;WHR1;C4A;C4A-AS1;CYP21A1P;AL645922.1;TNXA;WHR1B;C4B;C4B-AS1;CYP21A2;TNXB;RNA5SP206;ATF6B;FKBPL;PRRT1;PPT2;PPT2-EGFL8;EGFL8;AGPAT1;RNF5;AGER;PBX2;XXbac-BPG300A18.13;GPSM3;NOTCH4;TSBP1-AS1;TSBP1;HNRNPA1P2;RNU6-603P;HCG23;BTNL2;HLA-DRA;HLA-DRB9;HLA-DRB5;RNU1-61P;HLA-DRB6;HLA-DRB1	2.3	6711	Unknome 18_Mar_2026; maximum over uniquely HGNC-mapped proteins; derived/knownness-ranks.tsv	Tbio	42	unique	NA	NA	NA	NA	NA	NA	unresolved competing genes; gene-body association is not causal assignment	Lifelong developmental, systemic and adult explanations remain. Adult tissue expression observed (cerebellum); timing not identified.	2.6	cerebellum	not checked outside pilot	not checked outside pilot	NA	eQTL	False	False	Lee CP GCST006572 + GENCODE v19; HGNC/Unknome/Pharos/HPA separate annotations; LD/QTL/perturbation not followed outside pilot; Savage/Genebass overlap; EA excluded	Independent ancestry-matched fine-mapping excludes rs13208096 and assigns a different variant/gene (e.g. ACOT13, RP1-30M3.5, C6orf62); adult-specific perturbation in the implicated cell type has no predicted functional effect despite verified engagement. Shared-signal evidence disappears on multiple-signal conditioning or complete variant coverage.	association hypothesis only; not an enhancement target
41	ENSG00000124557	BTN1A1	41	R008	rs35555795	9.65e-18	3.088e-16	5.8403344e-12	9202	32	515	ACOT13;RP1-30M3.5;C6orf62;RP1-30M3.6;LINC02828;AP3S1P1;GMNN;ARMH2;RIPOR2;AL512428.1;MTCO2P33;PPIAP29;RP11-367G6.3;ASS1P1;RN7SL334P;RP3-425P12.5;RP3-425P12.1;RP3-425P12.2;CMAHP;NUP50P2;CANT1P1;UBE2D3P5;RNY5P5;AL590084.1;RP11-191A15.4;RP3-522P13.3;KATNBL1P5;RPL21P68;HNRNPA3P17;CARMIL1;Y_RNA;RNU6-987P;AL160037.1;snoU13;SCGN;PRELID1P2;H2AC1;H2BC1;H2BC2P;H2AC2P;SLC17A4;SLC17A1;SLC17A3;H2AC3P;SLC17A2;TRIM38;U91328.21;U91328.20;LINC02980;U91328.22;H3P26;H1-1;HIST1H3A;HIST1H4A;HIST1H4B;HIST1H3B;HIST1H2AB;HIST1H2BB;H2AC5P;HIST1H3C;H1-2;HFE;H4C3;H1-6;H2BC4;H2AC6;H1-4;H2BC5;LARP1P1;HIST1H2BE;HIST1H4D;H1-12P;H3C4;H2AC7;HIST1H2BF;RP1-34B20.4;HIST1H4E;HIST1H2BG;HIST1H2AE;HIST1H3E;H2AC9P;H1-3;HIST1H4F;HIST1H4G;HIST1H3F;HIST1H2BH;HIST1H3G;H2AC10P;HIST1H2BI;H4C8;H3C9P;RNU6-1259P;BTN3A2;AL021917.1;BTN2A2;BTN3A1;BTN2A3P;BTN3A3;BTN2A1;RNU6-502P;HCG11;CTA-14H9.5;HMGN4;ABT1;RP11-457M11.6;VN1R14P;RP11-457M11.2;ZNF322;RP11-457M11.5;GUSBP2;POM121L6P;LINC00240;RP11-239L20.6;TRNAI2;VN1R12P;VN1R13P;VN1R11P;RNU2-62P;RP1-86C11.7;H2BC11;H2AC11;H2BC12;HIST1H4I;HIST1H2AH;MIR3143;RPL10P2;PRSS16;CDCA7P1;POM121L2;VN1R10P;ZNF204P;ZNF391;RP1-153G14.4;MCFD2P1;ZNF184;XXbac-BPGBPG34I8.1;HNRNPA1P1;CD83P1;RNU6-471P;TRNAI6;RPL8P1;GPHRP1;RSL24D1P1;H4C10P;H2BC13;H2AC13;HIST1H3H;HIST1H2AJ;HIST1H2BM;H4C11;HIST1H4K;HIST1H2AK;H2BC15;H2BC16P;HIST1H2AL;H1-5;HIST1H3I;HIST1H4L;H3C12;HIST1H2AM;HIST1H2BO;RNU7-26P;OR2B2;OR2W6P;OR2B6;RPLP2P1;OR2W4P;IQCB2P;U3;OR2W2P;OR2B7P;OR2B8;OR1F12P;RP1-313I6.12;ZNF165;ZSCAN12P1;ZNF602P;ZSCAN16-AS1;ZSCAN16;RP1-265C24.8;ZKSCAN8;ZKSCAN8P1;ZNF603P;ZKSCAN8P2;TOB2P1;ZSCAN9;ZKSCAN4;NKAPL;ZSCAN26;PGBD1;SMIM15P2;ZSCAN31;ZKSCAN3;ZSCAN12;RNU2-45P;ZSCAN23;COX11P1;OR2E1P;GPX6;GPX5;SCAND3;SCAND3-AS1;COX8CP1;AL121932.1;LINC00533;RPSAP2;AL662890.1;NOP56P1;AL662890.3;XXbac-BPG308K3.5;LINC01623;RPL13P;ZNF90P2;HCG14;TRIM27;RNU6-930P;LINC01556;KRT18P1;RN7SL471P;HCG15;HCG16;ZNF311;OR2AD1P;OR2W1;OR2P1P;SAR1AP1;OR2B3;OR2J1;OR2J3;XXbac-BCX196D17.5;OR2N1P;OR2J2;OR2J4P;OR2H4P;XXbac-BPG308J9.3;OR2G1P;OR2U1P;OR2U2P;OR2B4P;OR14J1;DDX6P1;OR5V1;OR12D3;OR12D2;OR12D1;OR11A1;OR10C1;OR2H1;UBDP1;MAS1LP1;MAS1L;RPS17P1;LINC02829;LINC01015;MAS1LP2;OR2I1;UBD;GABBR1;OR2H5P;TMEM183AP1;SNORD32B;RPL13AP;OR2H2;SUMO2P1;MOG;ZFP57;ZDHHC20P1;HLA-F;HCG4P11;HLA-F-AS1;RPL23AP1;MICE;HCG9P5;Y_RNA;IFITM4P;XXbac-BPG170G13.32;XXbac-BPG170G13.31;HLA-V;HCG4;HLA-P;RPL7AP7;MICG;HLA-G;HCG4P8;MICF;HCG4P7;HLA-H;HLA-T;DDX39BP1;MCCD1P1;HCG4B;HLA-K;HLA-U;HLA-A;HCG4P5;HLA-W;MICD;HCG9;DDX39BP2;MCCD1P2;POLR1HASP;HCG4P3;HLA-J;ETF1P1;POLR1H;PPP1R11;RNF39;AL669914.1;TRIM31;TRIM31-AS1;SNORA48;TRIM40;TRIM10;TRIM15;TRIM26;PAIP1P1;HCG17;TRIM26BP;HLA-L;HCG18;TRIM39;TRIM39-RPP21;RPP21;HLA-N;HCG19P;UBQLN1P1;MICC;TMPOP1;SUCLA2P1;RANP1;HLA-E;LINC02569;GNL1;PRR3;ABCF1;MIR877;PPP1R10;AL662800.1;MRPS18B;ATAT1;PTMAP1;C6orf136;AL662800.2;DHX16;PPP1R18;NRM;RPL7P4;MDC1;MDC1-AS1;TUBB;XXbac-BPG252P9.9;FLOT1;Y_RNA;IER3-AS1;IER3;RN7SL353P;HCG20;LINC00243;LINC02570;RN7SKP186;DDR1-DT;DDR1;MIR4640;RN7SL175P;GTF2H4;VARS2;SFTA2;Y_RNA;MUCL3;HCG21;MUC21;MUC22;HCG22;RNU6-1133P;C6orf15;PSORS1C1;CDSN;PSORS1C2;POLR2LP1;CCHCR1;TCF19;POU5F1;PSORS1C3;XXbac-BPG299F13.17;HCG27;XXbac-BPG299F13.14;XXbac-BPG299F13.15;XXbac-BPG299F13.16;HLA-C;USP8P1;RPL3P2;WASF5P;LINC02571;XXbac-BPG248L24.10;HLA-B;XXbac-BPG248L24.12;DHFRP2;RNU6-283P;AL671883.1;FGFR3P1;ZDHHC20P2;HLA-S;XXbac-BPG181B23.7;HCP5;Y_RNA;MICA;LINC01149;XXbac-BPG181B23.6;MICB;Y_RNA;XXbac-BPG16N22.5;PPIAP9;RPL15P4;MCCD1;ATP6V1G2-DDX39B;DDX39B;SNORD117;SNORD84;DDX39B-AS1;ATP6V1G2;NFKBIL1;LTA;TNF;LTB;LST1;NCR3;UQCRHP1;AIF1;PRRC2A;SNORA38;BAG6;APOM;C6orf47;C6orf47-AS1;GPANK1;Y_RNA;CSNK2B;CSNK2B-LY6G5B-1181;LY6G5B;LY6G5C;ABHD16A;XXbac-BPG32J3.20;MIR4646;LY6G6F;LY6G6F-LY6G6D;LY6G6E;LY6G6D;MPIG6B;LY6G6C;DDAH2;CLIC1;MSH5;MSH5-SAPCD1;RNU6-850P;SAPCD1;SAPCD1-AS1;VWA7;VARS1;Y_RNA;LSM2;HSPA1L;HSPA1A;HSPA1B;SNHG32;SNORD48;SNORD52;NEU1;SLC44A4;EHMT2;EHMT2-AS1;C2;ZBTB12;CFB;CFB;NELFE;MIR1236;SKIC2;DXO;WHR1;C4A;C4A-AS1;CYP21A1P;AL645922.1;TNXA;WHR1B;C4B;C4B-AS1;CYP21A2;TNXB;RNA5SP206;ATF6B;FKBPL;PRRT1;PPT2;PPT2-EGFL8;EGFL8;AGPAT1;RNF5;AGER;PBX2;XXbac-BPG300A18.13;GPSM3;NOTCH4;TSBP1-AS1;TSBP1;HNRNPA1P2;RNU6-603P;HCG23;BTNL2;HLA-DRA;HLA-DRB9;HLA-DRB5;RNU1-61P;HLA-DRB6;HLA-DRB1	2.4	6954	Unknome 18_Mar_2026; maximum over uniquely HGNC-mapped proteins; derived/knownness-ranks.tsv	Tbio	40	unique	NA	NA	NA	NA	NA	NA	unresolved competing genes; gene-body association is not causal assignment	Lifelong developmental, systemic and adult explanations remain. Adult tissue expression observed (spinal cord); timing not identified.	0.2	spinal cord	not checked outside pilot	not checked outside pilot	5.6944e-09	positional;chromatin	False	False	Lee CP GCST006572 + GENCODE v19; HGNC/Unknome/Pharos/HPA separate annotations; LD/QTL/perturbation not followed outside pilot; Savage/Genebass overlap; EA excluded	Independent ancestry-matched fine-mapping excludes rs35555795 and assigns a different variant/gene (e.g. ACOT13, RP1-30M3.5, C6orf62); adult-specific perturbation in the implicated cell type has no predicted functional effect despite verified engagement. Shared-signal evidence disappears on multiple-signal conditioning or complete variant coverage.	association hypothesis only; not an enhancement target
42	ENSG00000168769	TET2	42	R009	rs55838312	9.9e-19	3.7718999999999997e-16	7.1337944699999996e-12	133942	381	24	CXXC4-AS1;RP11-556I14.2;RPL6P14;RP11-556I14.1;RNU6-351P;AC004069.1;SNORA31;AC004069.2;TET2-AS1;RN7SL89P;PPA2;RNU6-553P;EEF1A1P9;PIMREGP2;ATP5F1EP1;ARHGEF38-DT;ARHGEF38;ARHGEF38-IT1;RP11-311D14.1;INTS12;GSTCD;GSTCD-AS1;NPNT;NPNT-AS1	10.0	15759	Unknome 18_Mar_2026; maximum over uniquely HGNC-mapped proteins; derived/knownness-ranks.tsv	Tchem	1192	unique	NA	NA	NA	NA	NA	NA	unresolved competing genes; gene-body association is not causal assignment	Lifelong developmental, systemic and adult explanations remain. Adult tissue expression observed (cerebral cortex); timing not identified.	3.0	cerebral cortex	not checked outside pilot	not checked outside pilot	1.0203e-16	positional;eQTL;chromatin	False	False	Lee CP GCST006572 + GENCODE v19; HGNC/Unknome/Pharos/HPA separate annotations; LD/QTL/perturbation not followed outside pilot; Savage/Genebass overlap; EA excluded	Independent ancestry-matched fine-mapping excludes rs55838312 and assigns a different variant/gene (e.g. CXXC4-AS1, RP11-556I14.2, RPL6P14); adult-specific perturbation in the implicated cell type has no predicted functional effect despite verified engagement. Shared-signal evidence disappears on multiple-signal conditioning or complete variant coverage.	association hypothesis only; not an enhancement target
43	ENSG00000235109	ZSCAN31	43	R008	rs35030260	3.58e-18	5.0836e-16	9.61461268e-12	31579	142	515	ACOT13;RP1-30M3.5;C6orf62;RP1-30M3.6;LINC02828;AP3S1P1;GMNN;ARMH2;RIPOR2;AL512428.1;MTCO2P33;PPIAP29;RP11-367G6.3;ASS1P1;RN7SL334P;RP3-425P12.5;RP3-425P12.1;RP3-425P12.2;CMAHP;NUP50P2;CANT1P1;UBE2D3P5;RNY5P5;AL590084.1;RP11-191A15.4;RP3-522P13.3;KATNBL1P5;RPL21P68;HNRNPA3P17;CARMIL1;Y_RNA;RNU6-987P;AL160037.1;snoU13;SCGN;PRELID1P2;H2AC1;H2BC1;H2BC2P;H2AC2P;SLC17A4;SLC17A1;SLC17A3;H2AC3P;SLC17A2;TRIM38;U91328.21;U91328.20;LINC02980;U91328.22;H3P26;H1-1;HIST1H3A;HIST1H4A;HIST1H4B;HIST1H3B;HIST1H2AB;HIST1H2BB;H2AC5P;HIST1H3C;H1-2;HFE;H4C3;H1-6;H2BC4;H2AC6;H1-4;H2BC5;LARP1P1;HIST1H2BE;HIST1H4D;H1-12P;H3C4;H2AC7;HIST1H2BF;RP1-34B20.4;HIST1H4E;HIST1H2BG;HIST1H2AE;HIST1H3E;H2AC9P;H1-3;HIST1H4F;HIST1H4G;HIST1H3F;HIST1H2BH;HIST1H3G;H2AC10P;HIST1H2BI;H4C8;H3C9P;RNU6-1259P;BTN3A2;AL021917.1;BTN2A2;BTN3A1;BTN2A3P;BTN3A3;BTN2A1;BTN1A1;RNU6-502P;HCG11;CTA-14H9.5;HMGN4;ABT1;RP11-457M11.6;VN1R14P;RP11-457M11.2;ZNF322;RP11-457M11.5;GUSBP2;POM121L6P;LINC00240;RP11-239L20.6;TRNAI2;VN1R12P;VN1R13P;VN1R11P;RNU2-62P;RP1-86C11.7;H2BC11;H2AC11;H2BC12;HIST1H4I;HIST1H2AH;MIR3143;RPL10P2;PRSS16;CDCA7P1;POM121L2;VN1R10P;ZNF204P;ZNF391;RP1-153G14.4;MCFD2P1;ZNF184;XXbac-BPGBPG34I8.1;HNRNPA1P1;CD83P1;RNU6-471P;TRNAI6;RPL8P1;GPHRP1;RSL24D1P1;H4C10P;H2BC13;H2AC13;HIST1H3H;HIST1H2AJ;HIST1H2BM;H4C11;HIST1H4K;HIST1H2AK;H2BC15;H2BC16P;HIST1H2AL;H1-5;HIST1H3I;HIST1H4L;H3C12;HIST1H2AM;HIST1H2BO;RNU7-26P;OR2B2;OR2W6P;OR2B6;RPLP2P1;OR2W4P;IQCB2P;U3;OR2W2P;OR2B7P;OR2B8;OR1F12P;RP1-313I6.12;ZNF165;ZSCAN12P1;ZNF602P;ZSCAN16-AS1;ZSCAN16;RP1-265C24.8;ZKSCAN8;ZKSCAN8P1;ZNF603P;ZKSCAN8P2;TOB2P1;ZSCAN9;ZKSCAN4;NKAPL;ZSCAN26;PGBD1;SMIM15P2;ZKSCAN3;ZSCAN12;RNU2-45P;ZSCAN23;COX11P1;OR2E1P;GPX6;GPX5;SCAND3;SCAND3-AS1;COX8CP1;AL121932.1;LINC00533;RPSAP2;AL662890.1;NOP56P1;AL662890.3;XXbac-BPG308K3.5;LINC01623;RPL13P;ZNF90P2;HCG14;TRIM27;RNU6-930P;LINC01556;KRT18P1;RN7SL471P;HCG15;HCG16;ZNF311;OR2AD1P;OR2W1;OR2P1P;SAR1AP1;OR2B3;OR2J1;OR2J3;XXbac-BCX196D17.5;OR2N1P;OR2J2;OR2J4P;OR2H4P;XXbac-BPG308J9.3;OR2G1P;OR2U1P;OR2U2P;OR2B4P;OR14J1;DDX6P1;OR5V1;OR12D3;OR12D2;OR12D1;OR11A1;OR10C1;OR2H1;UBDP1;MAS1LP1;MAS1L;RPS17P1;LINC02829;LINC01015;MAS1LP2;OR2I1;UBD;GABBR1;OR2H5P;TMEM183AP1;SNORD32B;RPL13AP;OR2H2;SUMO2P1;MOG;ZFP57;ZDHHC20P1;HLA-F;HCG4P11;HLA-F-AS1;RPL23AP1;MICE;HCG9P5;Y_RNA;IFITM4P;XXbac-BPG170G13.32;XXbac-BPG170G13.31;HLA-V;HCG4;HLA-P;RPL7AP7;MICG;HLA-G;HCG4P8;MICF;HCG4P7;HLA-H;HLA-T;DDX39BP1;MCCD1P1;HCG4B;HLA-K;HLA-U;HLA-A;HCG4P5;HLA-W;MICD;HCG9;DDX39BP2;MCCD1P2;POLR1HASP;HCG4P3;HLA-J;ETF1P1;POLR1H;PPP1R11;RNF39;AL669914.1;TRIM31;TRIM31-AS1;SNORA48;TRIM40;TRIM10;TRIM15;TRIM26;PAIP1P1;HCG17;TRIM26BP;HLA-L;HCG18;TRIM39;TRIM39-RPP21;RPP21;HLA-N;HCG19P;UBQLN1P1;MICC;TMPOP1;SUCLA2P1;RANP1;HLA-E;LINC02569;GNL1;PRR3;ABCF1;MIR877;PPP1R10;AL662800.1;MRPS18B;ATAT1;PTMAP1;C6orf136;AL662800.2;DHX16;PPP1R18;NRM;RPL7P4;MDC1;MDC1-AS1;TUBB;XXbac-BPG252P9.9;FLOT1;Y_RNA;IER3-AS1;IER3;RN7SL353P;HCG20;LINC00243;LINC02570;RN7SKP186;DDR1-DT;DDR1;MIR4640;RN7SL175P;GTF2H4;VARS2;SFTA2;Y_RNA;MUCL3;HCG21;MUC21;MUC22;HCG22;RNU6-1133P;C6orf15;PSORS1C1;CDSN;PSORS1C2;POLR2LP1;CCHCR1;TCF19;POU5F1;PSORS1C3;XXbac-BPG299F13.17;HCG27;XXbac-BPG299F13.14;XXbac-BPG299F13.15;XXbac-BPG299F13.16;HLA-C;USP8P1;RPL3P2;WASF5P;LINC02571;XXbac-BPG248L24.10;HLA-B;XXbac-BPG248L24.12;DHFRP2;RNU6-283P;AL671883.1;FGFR3P1;ZDHHC20P2;HLA-S;XXbac-BPG181B23.7;HCP5;Y_RNA;MICA;LINC01149;XXbac-BPG181B23.6;MICB;Y_RNA;XXbac-BPG16N22.5;PPIAP9;RPL15P4;MCCD1;ATP6V1G2-DDX39B;DDX39B;SNORD117;SNORD84;DDX39B-AS1;ATP6V1G2;NFKBIL1;LTA;TNF;LTB;LST1;NCR3;UQCRHP1;AIF1;PRRC2A;SNORA38;BAG6;APOM;C6orf47;C6orf47-AS1;GPANK1;Y_RNA;CSNK2B;CSNK2B-LY6G5B-1181;LY6G5B;LY6G5C;ABHD16A;XXbac-BPG32J3.20;MIR4646;LY6G6F;LY6G6F-LY6G6D;LY6G6E;LY6G6D;MPIG6B;LY6G6C;DDAH2;CLIC1;MSH5;MSH5-SAPCD1;RNU6-850P;SAPCD1;SAPCD1-AS1;VWA7;VARS1;Y_RNA;LSM2;HSPA1L;HSPA1A;HSPA1B;SNHG32;SNORD48;SNORD52;NEU1;SLC44A4;EHMT2;EHMT2-AS1;C2;ZBTB12;CFB;CFB;NELFE;MIR1236;SKIC2;DXO;WHR1;C4A;C4A-AS1;CYP21A1P;AL645922.1;TNXA;WHR1B;C4B;C4B-AS1;CYP21A2;TNXB;RNA5SP206;ATF6B;FKBPL;PRRT1;PPT2;PPT2-EGFL8;EGFL8;AGPAT1;RNF5;AGER;PBX2;XXbac-BPG300A18.13;GPSM3;NOTCH4;TSBP1-AS1;TSBP1;HNRNPA1P2;RNU6-603P;HCG23;BTNL2;HLA-DRA;HLA-DRB9;HLA-DRB5;RNU1-61P;HLA-DRB6;HLA-DRB1	2.3	6711	Unknome 18_Mar_2026; maximum over uniquely HGNC-mapped proteins; derived/knownness-ranks.tsv	Tbio	20	unique	NA	NA	NA	NA	NA	NA	unresolved competing genes; gene-body association is not causal assignment	Lifelong developmental, systemic and adult explanations remain. Adult tissue expression observed (spinal cord); timing not identified.	12.6	spinal cord	not checked outside pilot	not checked outside pilot	NA	NA	False	False	Lee CP GCST006572 + GENCODE v19; HGNC/Unknome/Pharos/HPA separate annotations; LD/QTL/perturbation not followed outside pilot; Savage/Genebass overlap; EA excluded	Independent ancestry-matched fine-mapping excludes rs35030260 and assigns a different variant/gene (e.g. ACOT13, RP1-30M3.5, C6orf62); adult-specific perturbation in the implicated cell type has no predicted functional effect despite verified engagement. Shared-signal evidence disappears on multiple-signal conditioning or complete variant coverage.	association hypothesis only; not an enhancement target
44	ENSG00000112763	BTN2A1	44	R008	rs13195401	5.98e-18	5.4418e-16	1.029207634e-11	18700	91	515	ACOT13;RP1-30M3.5;C6orf62;RP1-30M3.6;LINC02828;AP3S1P1;GMNN;ARMH2;RIPOR2;AL512428.1;MTCO2P33;PPIAP29;RP11-367G6.3;ASS1P1;RN7SL334P;RP3-425P12.5;RP3-425P12.1;RP3-425P12.2;CMAHP;NUP50P2;CANT1P1;UBE2D3P5;RNY5P5;AL590084.1;RP11-191A15.4;RP3-522P13.3;KATNBL1P5;RPL21P68;HNRNPA3P17;CARMIL1;Y_RNA;RNU6-987P;AL160037.1;snoU13;SCGN;PRELID1P2;H2AC1;H2BC1;H2BC2P;H2AC2P;SLC17A4;SLC17A1;SLC17A3;H2AC3P;SLC17A2;TRIM38;U91328.21;U91328.20;LINC02980;U91328.22;H3P26;H1-1;HIST1H3A;HIST1H4A;HIST1H4B;HIST1H3B;HIST1H2AB;HIST1H2BB;H2AC5P;HIST1H3C;H1-2;HFE;H4C3;H1-6;H2BC4;H2AC6;H1-4;H2BC5;LARP1P1;HIST1H2BE;HIST1H4D;H1-12P;H3C4;H2AC7;HIST1H2BF;RP1-34B20.4;HIST1H4E;HIST1H2BG;HIST1H2AE;HIST1H3E;H2AC9P;H1-3;HIST1H4F;HIST1H4G;HIST1H3F;HIST1H2BH;HIST1H3G;H2AC10P;HIST1H2BI;H4C8;H3C9P;RNU6-1259P;BTN3A2;AL021917.1;BTN2A2;BTN3A1;BTN2A3P;BTN3A3;BTN1A1;RNU6-502P;HCG11;CTA-14H9.5;HMGN4;ABT1;RP11-457M11.6;VN1R14P;RP11-457M11.2;ZNF322;RP11-457M11.5;GUSBP2;POM121L6P;LINC00240;RP11-239L20.6;TRNAI2;VN1R12P;VN1R13P;VN1R11P;RNU2-62P;RP1-86C11.7;H2BC11;H2AC11;H2BC12;HIST1H4I;HIST1H2AH;MIR3143;RPL10P2;PRSS16;CDCA7P1;POM121L2;VN1R10P;ZNF204P;ZNF391;RP1-153G14.4;MCFD2P1;ZNF184;XXbac-BPGBPG34I8.1;HNRNPA1P1;CD83P1;RNU6-471P;TRNAI6;RPL8P1;GPHRP1;RSL24D1P1;H4C10P;H2BC13;H2AC13;HIST1H3H;HIST1H2AJ;HIST1H2BM;H4C11;HIST1H4K;HIST1H2AK;H2BC15;H2BC16P;HIST1H2AL;H1-5;HIST1H3I;HIST1H4L;H3C12;HIST1H2AM;HIST1H2BO;RNU7-26P;OR2B2;OR2W6P;OR2B6;RPLP2P1;OR2W4P;IQCB2P;U3;OR2W2P;OR2B7P;OR2B8;OR1F12P;RP1-313I6.12;ZNF165;ZSCAN12P1;ZNF602P;ZSCAN16-AS1;ZSCAN16;RP1-265C24.8;ZKSCAN8;ZKSCAN8P1;ZNF603P;ZKSCAN8P2;TOB2P1;ZSCAN9;ZKSCAN4;NKAPL;ZSCAN26;PGBD1;SMIM15P2;ZSCAN31;ZKSCAN3;ZSCAN12;RNU2-45P;ZSCAN23;COX11P1;OR2E1P;GPX6;GPX5;SCAND3;SCAND3-AS1;COX8CP1;AL121932.1;LINC00533;RPSAP2;AL662890.1;NOP56P1;AL662890.3;XXbac-BPG308K3.5;LINC01623;RPL13P;ZNF90P2;HCG14;TRIM27;RNU6-930P;LINC01556;KRT18P1;RN7SL471P;HCG15;HCG16;ZNF311;OR2AD1P;OR2W1;OR2P1P;SAR1AP1;OR2B3;OR2J1;OR2J3;XXbac-BCX196D17.5;OR2N1P;OR2J2;OR2J4P;OR2H4P;XXbac-BPG308J9.3;OR2G1P;OR2U1P;OR2U2P;OR2B4P;OR14J1;DDX6P1;OR5V1;OR12D3;OR12D2;OR12D1;OR11A1;OR10C1;OR2H1;UBDP1;MAS1LP1;MAS1L;RPS17P1;LINC02829;LINC01015;MAS1LP2;OR2I1;UBD;GABBR1;OR2H5P;TMEM183AP1;SNORD32B;RPL13AP;OR2H2;SUMO2P1;MOG;ZFP57;ZDHHC20P1;HLA-F;HCG4P11;HLA-F-AS1;RPL23AP1;MICE;HCG9P5;Y_RNA;IFITM4P;XXbac-BPG170G13.32;XXbac-BPG170G13.31;HLA-V;HCG4;HLA-P;RPL7AP7;MICG;HLA-G;HCG4P8;MICF;HCG4P7;HLA-H;HLA-T;DDX39BP1;MCCD1P1;HCG4B;HLA-K;HLA-U;HLA-A;HCG4P5;HLA-W;MICD;HCG9;DDX39BP2;MCCD1P2;POLR1HASP;HCG4P3;HLA-J;ETF1P1;POLR1H;PPP1R11;RNF39;AL669914.1;TRIM31;TRIM31-AS1;SNORA48;TRIM40;TRIM10;TRIM15;TRIM26;PAIP1P1;HCG17;TRIM26BP;HLA-L;HCG18;TRIM39;TRIM39-RPP21;RPP21;HLA-N;HCG19P;UBQLN1P1;MICC;TMPOP1;SUCLA2P1;RANP1;HLA-E;LINC02569;GNL1;PRR3;ABCF1;MIR877;PPP1R10;AL662800.1;MRPS18B;ATAT1;PTMAP1;C6orf136;AL662800.2;DHX16;PPP1R18;NRM;RPL7P4;MDC1;MDC1-AS1;TUBB;XXbac-BPG252P9.9;FLOT1;Y_RNA;IER3-AS1;IER3;RN7SL353P;HCG20;LINC00243;LINC02570;RN7SKP186;DDR1-DT;DDR1;MIR4640;RN7SL175P;GTF2H4;VARS2;SFTA2;Y_RNA;MUCL3;HCG21;MUC21;MUC22;HCG22;RNU6-1133P;C6orf15;PSORS1C1;CDSN;PSORS1C2;POLR2LP1;CCHCR1;TCF19;POU5F1;PSORS1C3;XXbac-BPG299F13.17;HCG27;XXbac-BPG299F13.14;XXbac-BPG299F13.15;XXbac-BPG299F13.16;HLA-C;USP8P1;RPL3P2;WASF5P;LINC02571;XXbac-BPG248L24.10;HLA-B;XXbac-BPG248L24.12;DHFRP2;RNU6-283P;AL671883.1;FGFR3P1;ZDHHC20P2;HLA-S;XXbac-BPG181B23.7;HCP5;Y_RNA;MICA;LINC01149;XXbac-BPG181B23.6;MICB;Y_RNA;XXbac-BPG16N22.5;PPIAP9;RPL15P4;MCCD1;ATP6V1G2-DDX39B;DDX39B;SNORD117;SNORD84;DDX39B-AS1;ATP6V1G2;NFKBIL1;LTA;TNF;LTB;LST1;NCR3;UQCRHP1;AIF1;PRRC2A;SNORA38;BAG6;APOM;C6orf47;C6orf47-AS1;GPANK1;Y_RNA;CSNK2B;CSNK2B-LY6G5B-1181;LY6G5B;LY6G5C;ABHD16A;XXbac-BPG32J3.20;MIR4646;LY6G6F;LY6G6F-LY6G6D;LY6G6E;LY6G6D;MPIG6B;LY6G6C;DDAH2;CLIC1;MSH5;MSH5-SAPCD1;RNU6-850P;SAPCD1;SAPCD1-AS1;VWA7;VARS1;Y_RNA;LSM2;HSPA1L;HSPA1A;HSPA1B;SNHG32;SNORD48;SNORD52;NEU1;SLC44A4;EHMT2;EHMT2-AS1;C2;ZBTB12;CFB;CFB;NELFE;MIR1236;SKIC2;DXO;WHR1;C4A;C4A-AS1;CYP21A1P;AL645922.1;TNXA;WHR1B;C4B;C4B-AS1;CYP21A2;TNXB;RNA5SP206;ATF6B;FKBPL;PRRT1;PPT2;PPT2-EGFL8;EGFL8;AGPAT1;RNF5;AGER;PBX2;XXbac-BPG300A18.13;GPSM3;NOTCH4;TSBP1-AS1;TSBP1;HNRNPA1P2;RNU6-603P;HCG23;BTNL2;HLA-DRA;HLA-DRB9;HLA-DRB5;RNU1-61P;HLA-DRB6;HLA-DRB1	2.4	6954	Unknome 18_Mar_2026; maximum over uniquely HGNC-mapped proteins; derived/knownness-ranks.tsv	Tbio	45	unique	NA	NA	NA	NA	NA	NA	unresolved competing genes; gene-body association is not causal assignment	Lifelong developmental, systemic and adult explanations remain. Adult tissue expression observed (cerebellum); timing not identified.	35.4	cerebellum	not checked outside pilot	not checked outside pilot	9.1552e-08	positional;eQTL;chromatin	False	False	Lee CP GCST006572 + GENCODE v19; HGNC/Unknome/Pharos/HPA separate annotations; LD/QTL/perturbation not followed outside pilot; Savage/Genebass overlap; EA excluded	Independent ancestry-matched fine-mapping excludes rs13195401 and assigns a different variant/gene (e.g. ACOT13, RP1-30M3.5, C6orf62); adult-specific perturbation in the implicated cell type has no predicted functional effect despite verified engagement. Shared-signal evidence disappears on multiple-signal conditioning or complete variant coverage.	association hypothesis only; not an enhancement target
45	ENSG00000189298	ZKSCAN3	45	R008	rs35353359	7.1e-18	5.538e-16	1.04740194e-11	19257	78	515	ACOT13;RP1-30M3.5;C6orf62;RP1-30M3.6;LINC02828;AP3S1P1;GMNN;ARMH2;RIPOR2;AL512428.1;MTCO2P33;PPIAP29;RP11-367G6.3;ASS1P1;RN7SL334P;RP3-425P12.5;RP3-425P12.1;RP3-425P12.2;CMAHP;NUP50P2;CANT1P1;UBE2D3P5;RNY5P5;AL590084.1;RP11-191A15.4;RP3-522P13.3;KATNBL1P5;RPL21P68;HNRNPA3P17;CARMIL1;Y_RNA;RNU6-987P;AL160037.1;snoU13;SCGN;PRELID1P2;H2AC1;H2BC1;H2BC2P;H2AC2P;SLC17A4;SLC17A1;SLC17A3;H2AC3P;SLC17A2;TRIM38;U91328.21;U91328.20;LINC02980;U91328.22;H3P26;H1-1;HIST1H3A;HIST1H4A;HIST1H4B;HIST1H3B;HIST1H2AB;HIST1H2BB;H2AC5P;HIST1H3C;H1-2;HFE;H4C3;H1-6;H2BC4;H2AC6;H1-4;H2BC5;LARP1P1;HIST1H2BE;HIST1H4D;H1-12P;H3C4;H2AC7;HIST1H2BF;RP1-34B20.4;HIST1H4E;HIST1H2BG;HIST1H2AE;HIST1H3E;H2AC9P;H1-3;HIST1H4F;HIST1H4G;HIST1H3F;HIST1H2BH;HIST1H3G;H2AC10P;HIST1H2BI;H4C8;H3C9P;RNU6-1259P;BTN3A2;AL021917.1;BTN2A2;BTN3A1;BTN2A3P;BTN3A3;BTN2A1;BTN1A1;RNU6-502P;HCG11;CTA-14H9.5;HMGN4;ABT1;RP11-457M11.6;VN1R14P;RP11-457M11.2;ZNF322;RP11-457M11.5;GUSBP2;POM121L6P;LINC00240;RP11-239L20.6;TRNAI2;VN1R12P;VN1R13P;VN1R11P;RNU2-62P;RP1-86C11.7;H2BC11;H2AC11;H2BC12;HIST1H4I;HIST1H2AH;MIR3143;RPL10P2;PRSS16;CDCA7P1;POM121L2;VN1R10P;ZNF204P;ZNF391;RP1-153G14.4;MCFD2P1;ZNF184;XXbac-BPGBPG34I8.1;HNRNPA1P1;CD83P1;RNU6-471P;TRNAI6;RPL8P1;GPHRP1;RSL24D1P1;H4C10P;H2BC13;H2AC13;HIST1H3H;HIST1H2AJ;HIST1H2BM;H4C11;HIST1H4K;HIST1H2AK;H2BC15;H2BC16P;HIST1H2AL;H1-5;HIST1H3I;HIST1H4L;H3C12;HIST1H2AM;HIST1H2BO;RNU7-26P;OR2B2;OR2W6P;OR2B6;RPLP2P1;OR2W4P;IQCB2P;U3;OR2W2P;OR2B7P;OR2B8;OR1F12P;RP1-313I6.12;ZNF165;ZSCAN12P1;ZNF602P;ZSCAN16-AS1;ZSCAN16;RP1-265C24.8;ZKSCAN8;ZKSCAN8P1;ZNF603P;ZKSCAN8P2;TOB2P1;ZSCAN9;ZKSCAN4;NKAPL;ZSCAN26;PGBD1;SMIM15P2;ZSCAN31;ZSCAN12;RNU2-45P;ZSCAN23;COX11P1;OR2E1P;GPX6;GPX5;SCAND3;SCAND3-AS1;COX8CP1;AL121932.1;LINC00533;RPSAP2;AL662890.1;NOP56P1;AL662890.3;XXbac-BPG308K3.5;LINC01623;RPL13P;ZNF90P2;HCG14;TRIM27;RNU6-930P;LINC01556;KRT18P1;RN7SL471P;HCG15;HCG16;ZNF311;OR2AD1P;OR2W1;OR2P1P;SAR1AP1;OR2B3;OR2J1;OR2J3;XXbac-BCX196D17.5;OR2N1P;OR2J2;OR2J4P;OR2H4P;XXbac-BPG308J9.3;OR2G1P;OR2U1P;OR2U2P;OR2B4P;OR14J1;DDX6P1;OR5V1;OR12D3;OR12D2;OR12D1;OR11A1;OR10C1;OR2H1;UBDP1;MAS1LP1;MAS1L;RPS17P1;LINC02829;LINC01015;MAS1LP2;OR2I1;UBD;GABBR1;OR2H5P;TMEM183AP1;SNORD32B;RPL13AP;OR2H2;SUMO2P1;MOG;ZFP57;ZDHHC20P1;HLA-F;HCG4P11;HLA-F-AS1;RPL23AP1;MICE;HCG9P5;Y_RNA;IFITM4P;XXbac-BPG170G13.32;XXbac-BPG170G13.31;HLA-V;HCG4;HLA-P;RPL7AP7;MICG;HLA-G;HCG4P8;MICF;HCG4P7;HLA-H;HLA-T;DDX39BP1;MCCD1P1;HCG4B;HLA-K;HLA-U;HLA-A;HCG4P5;HLA-W;MICD;HCG9;DDX39BP2;MCCD1P2;POLR1HASP;HCG4P3;HLA-J;ETF1P1;POLR1H;PPP1R11;RNF39;AL669914.1;TRIM31;TRIM31-AS1;SNORA48;TRIM40;TRIM10;TRIM15;TRIM26;PAIP1P1;HCG17;TRIM26BP;HLA-L;HCG18;TRIM39;TRIM39-RPP21;RPP21;HLA-N;HCG19P;UBQLN1P1;MICC;TMPOP1;SUCLA2P1;RANP1;HLA-E;LINC02569;GNL1;PRR3;ABCF1;MIR877;PPP1R10;AL662800.1;MRPS18B;ATAT1;PTMAP1;C6orf136;AL662800.2;DHX16;PPP1R18;NRM;RPL7P4;MDC1;MDC1-AS1;TUBB;XXbac-BPG252P9.9;FLOT1;Y_RNA;IER3-AS1;IER3;RN7SL353P;HCG20;LINC00243;LINC02570;RN7SKP186;DDR1-DT;DDR1;MIR4640;RN7SL175P;GTF2H4;VARS2;SFTA2;Y_RNA;MUCL3;HCG21;MUC21;MUC22;HCG22;RNU6-1133P;C6orf15;PSORS1C1;CDSN;PSORS1C2;POLR2LP1;CCHCR1;TCF19;POU5F1;PSORS1C3;XXbac-BPG299F13.17;HCG27;XXbac-BPG299F13.14;XXbac-BPG299F13.15;XXbac-BPG299F13.16;HLA-C;USP8P1;RPL3P2;WASF5P;LINC02571;XXbac-BPG248L24.10;HLA-B;XXbac-BPG248L24.12;DHFRP2;RNU6-283P;AL671883.1;FGFR3P1;ZDHHC20P2;HLA-S;XXbac-BPG181B23.7;HCP5;Y_RNA;MICA;LINC01149;XXbac-BPG181B23.6;MICB;Y_RNA;XXbac-BPG16N22.5;PPIAP9;RPL15P4;MCCD1;ATP6V1G2-DDX39B;DDX39B;SNORD117;SNORD84;DDX39B-AS1;ATP6V1G2;NFKBIL1;LTA;TNF;LTB;LST1;NCR3;UQCRHP1;AIF1;PRRC2A;SNORA38;BAG6;APOM;C6orf47;C6orf47-AS1;GPANK1;Y_RNA;CSNK2B;CSNK2B-LY6G5B-1181;LY6G5B;LY6G5C;ABHD16A;XXbac-BPG32J3.20;MIR4646;LY6G6F;LY6G6F-LY6G6D;LY6G6E;LY6G6D;MPIG6B;LY6G6C;DDAH2;CLIC1;MSH5;MSH5-SAPCD1;RNU6-850P;SAPCD1;SAPCD1-AS1;VWA7;VARS1;Y_RNA;LSM2;HSPA1L;HSPA1A;HSPA1B;SNHG32;SNORD48;SNORD52;NEU1;SLC44A4;EHMT2;EHMT2-AS1;C2;ZBTB12;CFB;CFB;NELFE;MIR1236;SKIC2;DXO;WHR1;C4A;C4A-AS1;CYP21A1P;AL645922.1;TNXA;WHR1B;C4B;C4B-AS1;CYP21A2;TNXB;RNA5SP206;ATF6B;FKBPL;PRRT1;PPT2;PPT2-EGFL8;EGFL8;AGPAT1;RNF5;AGER;PBX2;XXbac-BPG300A18.13;GPSM3;NOTCH4;TSBP1-AS1;TSBP1;HNRNPA1P2;RNU6-603P;HCG23;BTNL2;HLA-DRA;HLA-DRB9;HLA-DRB5;RNU1-61P;HLA-DRB6;HLA-DRB1	11.1	16303	Unknome 18_Mar_2026; maximum over uniquely HGNC-mapped proteins; derived/knownness-ranks.tsv	Tbio	44	unique	NA	NA	NA	NA	NA	NA	unresolved competing genes; gene-body association is not causal assignment	Lifelong developmental, systemic and adult explanations remain. Adult tissue expression observed (cerebral cortex); timing not identified.	2.1	cerebral cortex	not checked outside pilot	not checked outside pilot	NA	eQTL	False	False	Lee CP GCST006572 + GENCODE v19; HGNC/Unknome/Pharos/HPA separate annotations; LD/QTL/perturbation not followed outside pilot; Savage/Genebass overlap; EA excluded	Independent ancestry-matched fine-mapping excludes rs35353359 and assigns a different variant/gene (e.g. ACOT13, RP1-30M3.5, C6orf62); adult-specific perturbation in the implicated cell type has no predicted functional effect despite verified engagement. Shared-signal evidence disappears on multiple-signal conditioning or complete variant coverage.	association hypothesis only; not an enhancement target
46	ENSG00000158691	ZSCAN12	46	R008	rs36092177	8.78e-18	7.1118e-16	1.3450547339999999e-11	20780	81	515	ACOT13;RP1-30M3.5;C6orf62;RP1-30M3.6;LINC02828;AP3S1P1;GMNN;ARMH2;RIPOR2;AL512428.1;MTCO2P33;PPIAP29;RP11-367G6.3;ASS1P1;RN7SL334P;RP3-425P12.5;RP3-425P12.1;RP3-425P12.2;CMAHP;NUP50P2;CANT1P1;UBE2D3P5;RNY5P5;AL590084.1;RP11-191A15.4;RP3-522P13.3;KATNBL1P5;RPL21P68;HNRNPA3P17;CARMIL1;Y_RNA;RNU6-987P;AL160037.1;snoU13;SCGN;PRELID1P2;H2AC1;H2BC1;H2BC2P;H2AC2P;SLC17A4;SLC17A1;SLC17A3;H2AC3P;SLC17A2;TRIM38;U91328.21;U91328.20;LINC02980;U91328.22;H3P26;H1-1;HIST1H3A;HIST1H4A;HIST1H4B;HIST1H3B;HIST1H2AB;HIST1H2BB;H2AC5P;HIST1H3C;H1-2;HFE;H4C3;H1-6;H2BC4;H2AC6;H1-4;H2BC5;LARP1P1;HIST1H2BE;HIST1H4D;H1-12P;H3C4;H2AC7;HIST1H2BF;RP1-34B20.4;HIST1H4E;HIST1H2BG;HIST1H2AE;HIST1H3E;H2AC9P;H1-3;HIST1H4F;HIST1H4G;HIST1H3F;HIST1H2BH;HIST1H3G;H2AC10P;HIST1H2BI;H4C8;H3C9P;RNU6-1259P;BTN3A2;AL021917.1;BTN2A2;BTN3A1;BTN2A3P;BTN3A3;BTN2A1;BTN1A1;RNU6-502P;HCG11;CTA-14H9.5;HMGN4;ABT1;RP11-457M11.6;VN1R14P;RP11-457M11.2;ZNF322;RP11-457M11.5;GUSBP2;POM121L6P;LINC00240;RP11-239L20.6;TRNAI2;VN1R12P;VN1R13P;VN1R11P;RNU2-62P;RP1-86C11.7;H2BC11;H2AC11;H2BC12;HIST1H4I;HIST1H2AH;MIR3143;RPL10P2;PRSS16;CDCA7P1;POM121L2;VN1R10P;ZNF204P;ZNF391;RP1-153G14.4;MCFD2P1;ZNF184;XXbac-BPGBPG34I8.1;HNRNPA1P1;CD83P1;RNU6-471P;TRNAI6;RPL8P1;GPHRP1;RSL24D1P1;H4C10P;H2BC13;H2AC13;HIST1H3H;HIST1H2AJ;HIST1H2BM;H4C11;HIST1H4K;HIST1H2AK;H2BC15;H2BC16P;HIST1H2AL;H1-5;HIST1H3I;HIST1H4L;H3C12;HIST1H2AM;HIST1H2BO;RNU7-26P;OR2B2;OR2W6P;OR2B6;RPLP2P1;OR2W4P;IQCB2P;U3;OR2W2P;OR2B7P;OR2B8;OR1F12P;RP1-313I6.12;ZNF165;ZSCAN12P1;ZNF602P;ZSCAN16-AS1;ZSCAN16;RP1-265C24.8;ZKSCAN8;ZKSCAN8P1;ZNF603P;ZKSCAN8P2;TOB2P1;ZSCAN9;ZKSCAN4;NKAPL;ZSCAN26;PGBD1;SMIM15P2;ZSCAN31;ZKSCAN3;RNU2-45P;ZSCAN23;COX11P1;OR2E1P;GPX6;GPX5;SCAND3;SCAND3-AS1;COX8CP1;AL121932.1;LINC00533;RPSAP2;AL662890.1;NOP56P1;AL662890.3;XXbac-BPG308K3.5;LINC01623;RPL13P;ZNF90P2;HCG14;TRIM27;RNU6-930P;LINC01556;KRT18P1;RN7SL471P;HCG15;HCG16;ZNF311;OR2AD1P;OR2W1;OR2P1P;SAR1AP1;OR2B3;OR2J1;OR2J3;XXbac-BCX196D17.5;OR2N1P;OR2J2;OR2J4P;OR2H4P;XXbac-BPG308J9.3;OR2G1P;OR2U1P;OR2U2P;OR2B4P;OR14J1;DDX6P1;OR5V1;OR12D3;OR12D2;OR12D1;OR11A1;OR10C1;OR2H1;UBDP1;MAS1LP1;MAS1L;RPS17P1;LINC02829;LINC01015;MAS1LP2;OR2I1;UBD;GABBR1;OR2H5P;TMEM183AP1;SNORD32B;RPL13AP;OR2H2;SUMO2P1;MOG;ZFP57;ZDHHC20P1;HLA-F;HCG4P11;HLA-F-AS1;RPL23AP1;MICE;HCG9P5;Y_RNA;IFITM4P;XXbac-BPG170G13.32;XXbac-BPG170G13.31;HLA-V;HCG4;HLA-P;RPL7AP7;MICG;HLA-G;HCG4P8;MICF;HCG4P7;HLA-H;HLA-T;DDX39BP1;MCCD1P1;HCG4B;HLA-K;HLA-U;HLA-A;HCG4P5;HLA-W;MICD;HCG9;DDX39BP2;MCCD1P2;POLR1HASP;HCG4P3;HLA-J;ETF1P1;POLR1H;PPP1R11;RNF39;AL669914.1;TRIM31;TRIM31-AS1;SNORA48;TRIM40;TRIM10;TRIM15;TRIM26;PAIP1P1;HCG17;TRIM26BP;HLA-L;HCG18;TRIM39;TRIM39-RPP21;RPP21;HLA-N;HCG19P;UBQLN1P1;MICC;TMPOP1;SUCLA2P1;RANP1;HLA-E;LINC02569;GNL1;PRR3;ABCF1;MIR877;PPP1R10;AL662800.1;MRPS18B;ATAT1;PTMAP1;C6orf136;AL662800.2;DHX16;PPP1R18;NRM;RPL7P4;MDC1;MDC1-AS1;TUBB;XXbac-BPG252P9.9;FLOT1;Y_RNA;IER3-AS1;IER3;RN7SL353P;HCG20;LINC00243;LINC02570;RN7SKP186;DDR1-DT;DDR1;MIR4640;RN7SL175P;GTF2H4;VARS2;SFTA2;Y_RNA;MUCL3;HCG21;MUC21;MUC22;HCG22;RNU6-1133P;C6orf15;PSORS1C1;CDSN;PSORS1C2;POLR2LP1;CCHCR1;TCF19;POU5F1;PSORS1C3;XXbac-BPG299F13.17;HCG27;XXbac-BPG299F13.14;XXbac-BPG299F13.15;XXbac-BPG299F13.16;HLA-C;USP8P1;RPL3P2;WASF5P;LINC02571;XXbac-BPG248L24.10;HLA-B;XXbac-BPG248L24.12;DHFRP2;RNU6-283P;AL671883.1;FGFR3P1;ZDHHC20P2;HLA-S;XXbac-BPG181B23.7;HCP5;Y_RNA;MICA;LINC01149;XXbac-BPG181B23.6;MICB;Y_RNA;XXbac-BPG16N22.5;PPIAP9;RPL15P4;MCCD1;ATP6V1G2-DDX39B;DDX39B;SNORD117;SNORD84;DDX39B-AS1;ATP6V1G2;NFKBIL1;LTA;TNF;LTB;LST1;NCR3;UQCRHP1;AIF1;PRRC2A;SNORA38;BAG6;APOM;C6orf47;C6orf47-AS1;GPANK1;Y_RNA;CSNK2B;CSNK2B-LY6G5B-1181;LY6G5B;LY6G5C;ABHD16A;XXbac-BPG32J3.20;MIR4646;LY6G6F;LY6G6F-LY6G6D;LY6G6E;LY6G6D;MPIG6B;LY6G6C;DDAH2;CLIC1;MSH5;MSH5-SAPCD1;RNU6-850P;SAPCD1;SAPCD1-AS1;VWA7;VARS1;Y_RNA;LSM2;HSPA1L;HSPA1A;HSPA1B;SNHG32;SNORD48;SNORD52;NEU1;SLC44A4;EHMT2;EHMT2-AS1;C2;ZBTB12;CFB;CFB;NELFE;MIR1236;SKIC2;DXO;WHR1;C4A;C4A-AS1;CYP21A1P;AL645922.1;TNXA;WHR1B;C4B;C4B-AS1;CYP21A2;TNXB;RNA5SP206;ATF6B;FKBPL;PRRT1;PPT2;PPT2-EGFL8;EGFL8;AGPAT1;RNF5;AGER;PBX2;XXbac-BPG300A18.13;GPSM3;NOTCH4;TSBP1-AS1;TSBP1;HNRNPA1P2;RNU6-603P;HCG23;BTNL2;HLA-DRA;HLA-DRB9;HLA-DRB5;RNU1-61P;HLA-DRB6;HLA-DRB1	1.5	4687	Unknome 18_Mar_2026; maximum over uniquely HGNC-mapped proteins; derived/knownness-ranks.tsv	Tbio	22	unique	NA	NA	NA	NA	NA	NA	unresolved competing genes; gene-body association is not causal assignment	Lifelong developmental, systemic and adult explanations remain. Adult tissue expression observed (cerebellum); timing not identified.	3.3	cerebellum	not checked outside pilot	not checked outside pilot	NA	positional	False	False	Lee CP GCST006572 + GENCODE v19; HGNC/Unknome/Pharos/HPA separate annotations; LD/QTL/perturbation not followed outside pilot; Savage/Genebass overlap; EA excluded	Independent ancestry-matched fine-mapping excludes rs36092177 and assigns a different variant/gene (e.g. ACOT13, RP1-30M3.5, C6orf62); adult-specific perturbation in the implicated cell type has no predicted functional effect despite verified engagement. Shared-signal evidence disappears on multiple-signal conditioning or complete variant coverage.	association hypothesis only; not an enhancement target
47	ENSG00000198408	OGA	47	R011	rs3740422	1.23e-17	7.256999999999999e-16	1.3725164099999999e-11	34497	59	63	LBX1-AS1;LINC02681;SNORD112;RNU2-43P;RP11-107I14.2;RP11-107I14.5;BTRC;RNU2-59P;snoU13;DPCD;POLL;MIR3158-1;FBXW4;RNU6-1165P;LINC03046;FGF8;NPM3;KCNIP2-AS1;KCNIP2;ARMH3;Y_RNA;HPS6;RP11-302K17.3;RP11-302K17.4;SNORD112;LDB1;PPRC1;NOLC1;ELOVL3;PITX3;GBF1;AL160011.1;NFKB2;PSD;FBXL15;CUEDC2;MIR146B;C10orf95-AS1;C10orf95;SLC68A1;ACTR1A;RP11-18I14.11;SUFU;RN7SL21P;RPL23AP58;RNU6-43P;TRIM8-DT;TRIM8;ARL3;SFXN2;WBP1L;RNU6-1231P;CYP17A1;CYP17A1-AS1;PFN1P11;PTGES3P4;BORCS7;BORCS7-ASMT;RNU6-372P;AS3MT;RPL22P17;RP11-724N1.1;CNNM2	7.1	13639	Unknome 18_Mar_2026; maximum over uniquely HGNC-mapped proteins; derived/knownness-ranks.tsv	Tchem	180	unique	NA	NA	NA	NA	NA	NA	unresolved competing genes; gene-body association is not causal assignment	Lifelong developmental, systemic and adult explanations remain. Adult tissue expression observed (cerebellum); timing not identified.	96.4	cerebellum	not checked outside pilot	not checked outside pilot	2.6358e-11	positional;chromatin	False	False	Lee CP GCST006572 + GENCODE v19; HGNC/Unknome/Pharos/HPA separate annotations; LD/QTL/perturbation not followed outside pilot; Savage/Genebass overlap; EA excluded	Independent ancestry-matched fine-mapping excludes rs3740422 and assigns a different variant/gene (e.g. LBX1-AS1, LINC02681, SNORD112); adult-specific perturbation in the implicated cell type has no predicted functional effect despite verified engagement. Shared-signal evidence disappears on multiple-signal conditioning or complete variant coverage.	association hypothesis only; not an enhancement target
48	ENSG00000233822	H2BC15	48	R008	rs34194357	1.84e-17	7.912e-16	1.49639656e-11	17165	43	515	ACOT13;RP1-30M3.5;C6orf62;RP1-30M3.6;LINC02828;AP3S1P1;GMNN;ARMH2;RIPOR2;AL512428.1;MTCO2P33;PPIAP29;RP11-367G6.3;ASS1P1;RN7SL334P;RP3-425P12.5;RP3-425P12.1;RP3-425P12.2;CMAHP;NUP50P2;CANT1P1;UBE2D3P5;RNY5P5;AL590084.1;RP11-191A15.4;RP3-522P13.3;KATNBL1P5;RPL21P68;HNRNPA3P17;CARMIL1;Y_RNA;RNU6-987P;AL160037.1;snoU13;SCGN;PRELID1P2;H2AC1;H2BC1;H2BC2P;H2AC2P;SLC17A4;SLC17A1;SLC17A3;H2AC3P;SLC17A2;TRIM38;U91328.21;U91328.20;LINC02980;U91328.22;H3P26;H1-1;HIST1H3A;HIST1H4A;HIST1H4B;HIST1H3B;HIST1H2AB;HIST1H2BB;H2AC5P;HIST1H3C;H1-2;HFE;H4C3;H1-6;H2BC4;H2AC6;H1-4;H2BC5;LARP1P1;HIST1H2BE;HIST1H4D;H1-12P;H3C4;H2AC7;HIST1H2BF;RP1-34B20.4;HIST1H4E;HIST1H2BG;HIST1H2AE;HIST1H3E;H2AC9P;H1-3;HIST1H4F;HIST1H4G;HIST1H3F;HIST1H2BH;HIST1H3G;H2AC10P;HIST1H2BI;H4C8;H3C9P;RNU6-1259P;BTN3A2;AL021917.1;BTN2A2;BTN3A1;BTN2A3P;BTN3A3;BTN2A1;BTN1A1;RNU6-502P;HCG11;CTA-14H9.5;HMGN4;ABT1;RP11-457M11.6;VN1R14P;RP11-457M11.2;ZNF322;RP11-457M11.5;GUSBP2;POM121L6P;LINC00240;RP11-239L20.6;TRNAI2;VN1R12P;VN1R13P;VN1R11P;RNU2-62P;RP1-86C11.7;H2BC11;H2AC11;H2BC12;HIST1H4I;HIST1H2AH;MIR3143;RPL10P2;PRSS16;CDCA7P1;POM121L2;VN1R10P;ZNF204P;ZNF391;RP1-153G14.4;MCFD2P1;ZNF184;XXbac-BPGBPG34I8.1;HNRNPA1P1;CD83P1;RNU6-471P;TRNAI6;RPL8P1;GPHRP1;RSL24D1P1;H4C10P;H2BC13;H2AC13;HIST1H3H;HIST1H2AJ;HIST1H2BM;H4C11;HIST1H4K;HIST1H2AK;H2BC16P;HIST1H2AL;H1-5;HIST1H3I;HIST1H4L;H3C12;HIST1H2AM;HIST1H2BO;RNU7-26P;OR2B2;OR2W6P;OR2B6;RPLP2P1;OR2W4P;IQCB2P;U3;OR2W2P;OR2B7P;OR2B8;OR1F12P;RP1-313I6.12;ZNF165;ZSCAN12P1;ZNF602P;ZSCAN16-AS1;ZSCAN16;RP1-265C24.8;ZKSCAN8;ZKSCAN8P1;ZNF603P;ZKSCAN8P2;TOB2P1;ZSCAN9;ZKSCAN4;NKAPL;ZSCAN26;PGBD1;SMIM15P2;ZSCAN31;ZKSCAN3;ZSCAN12;RNU2-45P;ZSCAN23;COX11P1;OR2E1P;GPX6;GPX5;SCAND3;SCAND3-AS1;COX8CP1;AL121932.1;LINC00533;RPSAP2;AL662890.1;NOP56P1;AL662890.3;XXbac-BPG308K3.5;LINC01623;RPL13P;ZNF90P2;HCG14;TRIM27;RNU6-930P;LINC01556;KRT18P1;RN7SL471P;HCG15;HCG16;ZNF311;OR2AD1P;OR2W1;OR2P1P;SAR1AP1;OR2B3;OR2J1;OR2J3;XXbac-BCX196D17.5;OR2N1P;OR2J2;OR2J4P;OR2H4P;XXbac-BPG308J9.3;OR2G1P;OR2U1P;OR2U2P;OR2B4P;OR14J1;DDX6P1;OR5V1;OR12D3;OR12D2;OR12D1;OR11A1;OR10C1;OR2H1;UBDP1;MAS1LP1;MAS1L;RPS17P1;LINC02829;LINC01015;MAS1LP2;OR2I1;UBD;GABBR1;OR2H5P;TMEM183AP1;SNORD32B;RPL13AP;OR2H2;SUMO2P1;MOG;ZFP57;ZDHHC20P1;HLA-F;HCG4P11;HLA-F-AS1;RPL23AP1;MICE;HCG9P5;Y_RNA;IFITM4P;XXbac-BPG170G13.32;XXbac-BPG170G13.31;HLA-V;HCG4;HLA-P;RPL7AP7;MICG;HLA-G;HCG4P8;MICF;HCG4P7;HLA-H;HLA-T;DDX39BP1;MCCD1P1;HCG4B;HLA-K;HLA-U;HLA-A;HCG4P5;HLA-W;MICD;HCG9;DDX39BP2;MCCD1P2;POLR1HASP;HCG4P3;HLA-J;ETF1P1;POLR1H;PPP1R11;RNF39;AL669914.1;TRIM31;TRIM31-AS1;SNORA48;TRIM40;TRIM10;TRIM15;TRIM26;PAIP1P1;HCG17;TRIM26BP;HLA-L;HCG18;TRIM39;TRIM39-RPP21;RPP21;HLA-N;HCG19P;UBQLN1P1;MICC;TMPOP1;SUCLA2P1;RANP1;HLA-E;LINC02569;GNL1;PRR3;ABCF1;MIR877;PPP1R10;AL662800.1;MRPS18B;ATAT1;PTMAP1;C6orf136;AL662800.2;DHX16;PPP1R18;NRM;RPL7P4;MDC1;MDC1-AS1;TUBB;XXbac-BPG252P9.9;FLOT1;Y_RNA;IER3-AS1;IER3;RN7SL353P;HCG20;LINC00243;LINC02570;RN7SKP186;DDR1-DT;DDR1;MIR4640;RN7SL175P;GTF2H4;VARS2;SFTA2;Y_RNA;MUCL3;HCG21;MUC21;MUC22;HCG22;RNU6-1133P;C6orf15;PSORS1C1;CDSN;PSORS1C2;POLR2LP1;CCHCR1;TCF19;POU5F1;PSORS1C3;XXbac-BPG299F13.17;HCG27;XXbac-BPG299F13.14;XXbac-BPG299F13.15;XXbac-BPG299F13.16;HLA-C;USP8P1;RPL3P2;WASF5P;LINC02571;XXbac-BPG248L24.10;HLA-B;XXbac-BPG248L24.12;DHFRP2;RNU6-283P;AL671883.1;FGFR3P1;ZDHHC20P2;HLA-S;XXbac-BPG181B23.7;HCP5;Y_RNA;MICA;LINC01149;XXbac-BPG181B23.6;MICB;Y_RNA;XXbac-BPG16N22.5;PPIAP9;RPL15P4;MCCD1;ATP6V1G2-DDX39B;DDX39B;SNORD117;SNORD84;DDX39B-AS1;ATP6V1G2;NFKBIL1;LTA;TNF;LTB;LST1;NCR3;UQCRHP1;AIF1;PRRC2A;SNORA38;BAG6;APOM;C6orf47;C6orf47-AS1;GPANK1;Y_RNA;CSNK2B;CSNK2B-LY6G5B-1181;LY6G5B;LY6G5C;ABHD16A;XXbac-BPG32J3.20;MIR4646;LY6G6F;LY6G6F-LY6G6D;LY6G6E;LY6G6D;MPIG6B;LY6G6C;DDAH2;CLIC1;MSH5;MSH5-SAPCD1;RNU6-850P;SAPCD1;SAPCD1-AS1;VWA7;VARS1;Y_RNA;LSM2;HSPA1L;HSPA1A;HSPA1B;SNHG32;SNORD48;SNORD52;NEU1;SLC44A4;EHMT2;EHMT2-AS1;C2;ZBTB12;CFB;CFB;NELFE;MIR1236;SKIC2;DXO;WHR1;C4A;C4A-AS1;CYP21A1P;AL645922.1;TNXA;WHR1B;C4B;C4B-AS1;CYP21A2;TNXB;RNA5SP206;ATF6B;FKBPL;PRRT1;PPT2;PPT2-EGFL8;EGFL8;AGPAT1;RNF5;AGER;PBX2;XXbac-BPG300A18.13;GPSM3;NOTCH4;TSBP1-AS1;TSBP1;HNRNPA1P2;RNU6-603P;HCG23;BTNL2;HLA-DRA;HLA-DRB9;HLA-DRB5;RNU1-61P;HLA-DRB6;HLA-DRB1	4.2	10017	Unknome 18_Mar_2026; maximum over uniquely HGNC-mapped proteins; derived/knownness-ranks.tsv	Tbio	91	unique	NA	NA	NA	NA	NA	NA	unresolved competing genes; gene-body association is not causal assignment	Lifelong developmental, systemic and adult explanations remain. Adult tissue expression observed (spinal cord); timing not identified.	1.6	spinal cord	not checked outside pilot	not checked outside pilot	2.1376e-06	NA	False	False	Lee CP GCST006572 + GENCODE v19; HGNC/Unknome/Pharos/HPA separate annotations; LD/QTL/perturbation not followed outside pilot; Savage/Genebass overlap; EA excluded	Independent ancestry-matched fine-mapping excludes rs34194357 and assigns a different variant/gene (e.g. ACOT13, RP1-30M3.5, C6orf62); adult-specific perturbation in the implicated cell type has no predicted functional effect despite verified engagement. Shared-signal evidence disappears on multiple-signal conditioning or complete variant coverage.	association hypothesis only; not an enhancement target
49	ENSG00000111801	BTN3A3	49	R008	rs13220495	1.93e-17	8.299e-16	1.5695898700000002e-11	12944	43	515	ACOT13;RP1-30M3.5;C6orf62;RP1-30M3.6;LINC02828;AP3S1P1;GMNN;ARMH2;RIPOR2;AL512428.1;MTCO2P33;PPIAP29;RP11-367G6.3;ASS1P1;RN7SL334P;RP3-425P12.5;RP3-425P12.1;RP3-425P12.2;CMAHP;NUP50P2;CANT1P1;UBE2D3P5;RNY5P5;AL590084.1;RP11-191A15.4;RP3-522P13.3;KATNBL1P5;RPL21P68;HNRNPA3P17;CARMIL1;Y_RNA;RNU6-987P;AL160037.1;snoU13;SCGN;PRELID1P2;H2AC1;H2BC1;H2BC2P;H2AC2P;SLC17A4;SLC17A1;SLC17A3;H2AC3P;SLC17A2;TRIM38;U91328.21;U91328.20;LINC02980;U91328.22;H3P26;H1-1;HIST1H3A;HIST1H4A;HIST1H4B;HIST1H3B;HIST1H2AB;HIST1H2BB;H2AC5P;HIST1H3C;H1-2;HFE;H4C3;H1-6;H2BC4;H2AC6;H1-4;H2BC5;LARP1P1;HIST1H2BE;HIST1H4D;H1-12P;H3C4;H2AC7;HIST1H2BF;RP1-34B20.4;HIST1H4E;HIST1H2BG;HIST1H2AE;HIST1H3E;H2AC9P;H1-3;HIST1H4F;HIST1H4G;HIST1H3F;HIST1H2BH;HIST1H3G;H2AC10P;HIST1H2BI;H4C8;H3C9P;RNU6-1259P;BTN3A2;AL021917.1;BTN2A2;BTN3A1;BTN2A3P;BTN2A1;BTN1A1;RNU6-502P;HCG11;CTA-14H9.5;HMGN4;ABT1;RP11-457M11.6;VN1R14P;RP11-457M11.2;ZNF322;RP11-457M11.5;GUSBP2;POM121L6P;LINC00240;RP11-239L20.6;TRNAI2;VN1R12P;VN1R13P;VN1R11P;RNU2-62P;RP1-86C11.7;H2BC11;H2AC11;H2BC12;HIST1H4I;HIST1H2AH;MIR3143;RPL10P2;PRSS16;CDCA7P1;POM121L2;VN1R10P;ZNF204P;ZNF391;RP1-153G14.4;MCFD2P1;ZNF184;XXbac-BPGBPG34I8.1;HNRNPA1P1;CD83P1;RNU6-471P;TRNAI6;RPL8P1;GPHRP1;RSL24D1P1;H4C10P;H2BC13;H2AC13;HIST1H3H;HIST1H2AJ;HIST1H2BM;H4C11;HIST1H4K;HIST1H2AK;H2BC15;H2BC16P;HIST1H2AL;H1-5;HIST1H3I;HIST1H4L;H3C12;HIST1H2AM;HIST1H2BO;RNU7-26P;OR2B2;OR2W6P;OR2B6;RPLP2P1;OR2W4P;IQCB2P;U3;OR2W2P;OR2B7P;OR2B8;OR1F12P;RP1-313I6.12;ZNF165;ZSCAN12P1;ZNF602P;ZSCAN16-AS1;ZSCAN16;RP1-265C24.8;ZKSCAN8;ZKSCAN8P1;ZNF603P;ZKSCAN8P2;TOB2P1;ZSCAN9;ZKSCAN4;NKAPL;ZSCAN26;PGBD1;SMIM15P2;ZSCAN31;ZKSCAN3;ZSCAN12;RNU2-45P;ZSCAN23;COX11P1;OR2E1P;GPX6;GPX5;SCAND3;SCAND3-AS1;COX8CP1;AL121932.1;LINC00533;RPSAP2;AL662890.1;NOP56P1;AL662890.3;XXbac-BPG308K3.5;LINC01623;RPL13P;ZNF90P2;HCG14;TRIM27;RNU6-930P;LINC01556;KRT18P1;RN7SL471P;HCG15;HCG16;ZNF311;OR2AD1P;OR2W1;OR2P1P;SAR1AP1;OR2B3;OR2J1;OR2J3;XXbac-BCX196D17.5;OR2N1P;OR2J2;OR2J4P;OR2H4P;XXbac-BPG308J9.3;OR2G1P;OR2U1P;OR2U2P;OR2B4P;OR14J1;DDX6P1;OR5V1;OR12D3;OR12D2;OR12D1;OR11A1;OR10C1;OR2H1;UBDP1;MAS1LP1;MAS1L;RPS17P1;LINC02829;LINC01015;MAS1LP2;OR2I1;UBD;GABBR1;OR2H5P;TMEM183AP1;SNORD32B;RPL13AP;OR2H2;SUMO2P1;MOG;ZFP57;ZDHHC20P1;HLA-F;HCG4P11;HLA-F-AS1;RPL23AP1;MICE;HCG9P5;Y_RNA;IFITM4P;XXbac-BPG170G13.32;XXbac-BPG170G13.31;HLA-V;HCG4;HLA-P;RPL7AP7;MICG;HLA-G;HCG4P8;MICF;HCG4P7;HLA-H;HLA-T;DDX39BP1;MCCD1P1;HCG4B;HLA-K;HLA-U;HLA-A;HCG4P5;HLA-W;MICD;HCG9;DDX39BP2;MCCD1P2;POLR1HASP;HCG4P3;HLA-J;ETF1P1;POLR1H;PPP1R11;RNF39;AL669914.1;TRIM31;TRIM31-AS1;SNORA48;TRIM40;TRIM10;TRIM15;TRIM26;PAIP1P1;HCG17;TRIM26BP;HLA-L;HCG18;TRIM39;TRIM39-RPP21;RPP21;HLA-N;HCG19P;UBQLN1P1;MICC;TMPOP1;SUCLA2P1;RANP1;HLA-E;LINC02569;GNL1;PRR3;ABCF1;MIR877;PPP1R10;AL662800.1;MRPS18B;ATAT1;PTMAP1;C6orf136;AL662800.2;DHX16;PPP1R18;NRM;RPL7P4;MDC1;MDC1-AS1;TUBB;XXbac-BPG252P9.9;FLOT1;Y_RNA;IER3-AS1;IER3;RN7SL353P;HCG20;LINC00243;LINC02570;RN7SKP186;DDR1-DT;DDR1;MIR4640;RN7SL175P;GTF2H4;VARS2;SFTA2;Y_RNA;MUCL3;HCG21;MUC21;MUC22;HCG22;RNU6-1133P;C6orf15;PSORS1C1;CDSN;PSORS1C2;POLR2LP1;CCHCR1;TCF19;POU5F1;PSORS1C3;XXbac-BPG299F13.17;HCG27;XXbac-BPG299F13.14;XXbac-BPG299F13.15;XXbac-BPG299F13.16;HLA-C;USP8P1;RPL3P2;WASF5P;LINC02571;XXbac-BPG248L24.10;HLA-B;XXbac-BPG248L24.12;DHFRP2;RNU6-283P;AL671883.1;FGFR3P1;ZDHHC20P2;HLA-S;XXbac-BPG181B23.7;HCP5;Y_RNA;MICA;LINC01149;XXbac-BPG181B23.6;MICB;Y_RNA;XXbac-BPG16N22.5;PPIAP9;RPL15P4;MCCD1;ATP6V1G2-DDX39B;DDX39B;SNORD117;SNORD84;DDX39B-AS1;ATP6V1G2;NFKBIL1;LTA;TNF;LTB;LST1;NCR3;UQCRHP1;AIF1;PRRC2A;SNORA38;BAG6;APOM;C6orf47;C6orf47-AS1;GPANK1;Y_RNA;CSNK2B;CSNK2B-LY6G5B-1181;LY6G5B;LY6G5C;ABHD16A;XXbac-BPG32J3.20;MIR4646;LY6G6F;LY6G6F-LY6G6D;LY6G6E;LY6G6D;MPIG6B;LY6G6C;DDAH2;CLIC1;MSH5;MSH5-SAPCD1;RNU6-850P;SAPCD1;SAPCD1-AS1;VWA7;VARS1;Y_RNA;LSM2;HSPA1L;HSPA1A;HSPA1B;SNHG32;SNORD48;SNORD52;NEU1;SLC44A4;EHMT2;EHMT2-AS1;C2;ZBTB12;CFB;CFB;NELFE;MIR1236;SKIC2;DXO;WHR1;C4A;C4A-AS1;CYP21A1P;AL645922.1;TNXA;WHR1B;C4B;C4B-AS1;CYP21A2;TNXB;RNA5SP206;ATF6B;FKBPL;PRRT1;PPT2;PPT2-EGFL8;EGFL8;AGPAT1;RNF5;AGER;PBX2;XXbac-BPG300A18.13;GPSM3;NOTCH4;TSBP1-AS1;TSBP1;HNRNPA1P2;RNU6-603P;HCG23;BTNL2;HLA-DRA;HLA-DRB9;HLA-DRB5;RNU1-61P;HLA-DRB6;HLA-DRB1	2.3	6711	Unknome 18_Mar_2026; maximum over uniquely HGNC-mapped proteins; derived/knownness-ranks.tsv	Tbio	30	unique	NA	NA	NA	NA	NA	NA	unresolved competing genes; gene-body association is not causal assignment	Lifelong developmental, systemic and adult explanations remain. Adult tissue expression observed (cerebral cortex); timing not identified.	9.4	cerebral cortex	not checked outside pilot	not checked outside pilot	NA	positional;eQTL;chromatin	False	False	Lee CP GCST006572 + GENCODE v19; HGNC/Unknome/Pharos/HPA separate annotations; LD/QTL/perturbation not followed outside pilot; Savage/Genebass overlap; EA excluded	Independent ancestry-matched fine-mapping excludes rs13220495 and assigns a different variant/gene (e.g. ACOT13, RP1-30M3.5, C6orf62); adult-specific perturbation in the implicated cell type has no predicted functional effect despite verified engagement. Shared-signal evidence disappears on multiple-signal conditioning or complete variant coverage.	association hypothesis only; not an enhancement target
50	ENSG00000026950	BTN3A1	50	R008	rs75782365	2e-17	1.3e-15	2.45869e-11	12980	65	515	ACOT13;RP1-30M3.5;C6orf62;RP1-30M3.6;LINC02828;AP3S1P1;GMNN;ARMH2;RIPOR2;AL512428.1;MTCO2P33;PPIAP29;RP11-367G6.3;ASS1P1;RN7SL334P;RP3-425P12.5;RP3-425P12.1;RP3-425P12.2;CMAHP;NUP50P2;CANT1P1;UBE2D3P5;RNY5P5;AL590084.1;RP11-191A15.4;RP3-522P13.3;KATNBL1P5;RPL21P68;HNRNPA3P17;CARMIL1;Y_RNA;RNU6-987P;AL160037.1;snoU13;SCGN;PRELID1P2;H2AC1;H2BC1;H2BC2P;H2AC2P;SLC17A4;SLC17A1;SLC17A3;H2AC3P;SLC17A2;TRIM38;U91328.21;U91328.20;LINC02980;U91328.22;H3P26;H1-1;HIST1H3A;HIST1H4A;HIST1H4B;HIST1H3B;HIST1H2AB;HIST1H2BB;H2AC5P;HIST1H3C;H1-2;HFE;H4C3;H1-6;H2BC4;H2AC6;H1-4;H2BC5;LARP1P1;HIST1H2BE;HIST1H4D;H1-12P;H3C4;H2AC7;HIST1H2BF;RP1-34B20.4;HIST1H4E;HIST1H2BG;HIST1H2AE;HIST1H3E;H2AC9P;H1-3;HIST1H4F;HIST1H4G;HIST1H3F;HIST1H2BH;HIST1H3G;H2AC10P;HIST1H2BI;H4C8;H3C9P;RNU6-1259P;BTN3A2;AL021917.1;BTN2A2;BTN2A3P;BTN3A3;BTN2A1;BTN1A1;RNU6-502P;HCG11;CTA-14H9.5;HMGN4;ABT1;RP11-457M11.6;VN1R14P;RP11-457M11.2;ZNF322;RP11-457M11.5;GUSBP2;POM121L6P;LINC00240;RP11-239L20.6;TRNAI2;VN1R12P;VN1R13P;VN1R11P;RNU2-62P;RP1-86C11.7;H2BC11;H2AC11;H2BC12;HIST1H4I;HIST1H2AH;MIR3143;RPL10P2;PRSS16;CDCA7P1;POM121L2;VN1R10P;ZNF204P;ZNF391;RP1-153G14.4;MCFD2P1;ZNF184;XXbac-BPGBPG34I8.1;HNRNPA1P1;CD83P1;RNU6-471P;TRNAI6;RPL8P1;GPHRP1;RSL24D1P1;H4C10P;H2BC13;H2AC13;HIST1H3H;HIST1H2AJ;HIST1H2BM;H4C11;HIST1H4K;HIST1H2AK;H2BC15;H2BC16P;HIST1H2AL;H1-5;HIST1H3I;HIST1H4L;H3C12;HIST1H2AM;HIST1H2BO;RNU7-26P;OR2B2;OR2W6P;OR2B6;RPLP2P1;OR2W4P;IQCB2P;U3;OR2W2P;OR2B7P;OR2B8;OR1F12P;RP1-313I6.12;ZNF165;ZSCAN12P1;ZNF602P;ZSCAN16-AS1;ZSCAN16;RP1-265C24.8;ZKSCAN8;ZKSCAN8P1;ZNF603P;ZKSCAN8P2;TOB2P1;ZSCAN9;ZKSCAN4;NKAPL;ZSCAN26;PGBD1;SMIM15P2;ZSCAN31;ZKSCAN3;ZSCAN12;RNU2-45P;ZSCAN23;COX11P1;OR2E1P;GPX6;GPX5;SCAND3;SCAND3-AS1;COX8CP1;AL121932.1;LINC00533;RPSAP2;AL662890.1;NOP56P1;AL662890.3;XXbac-BPG308K3.5;LINC01623;RPL13P;ZNF90P2;HCG14;TRIM27;RNU6-930P;LINC01556;KRT18P1;RN7SL471P;HCG15;HCG16;ZNF311;OR2AD1P;OR2W1;OR2P1P;SAR1AP1;OR2B3;OR2J1;OR2J3;XXbac-BCX196D17.5;OR2N1P;OR2J2;OR2J4P;OR2H4P;XXbac-BPG308J9.3;OR2G1P;OR2U1P;OR2U2P;OR2B4P;OR14J1;DDX6P1;OR5V1;OR12D3;OR12D2;OR12D1;OR11A1;OR10C1;OR2H1;UBDP1;MAS1LP1;MAS1L;RPS17P1;LINC02829;LINC01015;MAS1LP2;OR2I1;UBD;GABBR1;OR2H5P;TMEM183AP1;SNORD32B;RPL13AP;OR2H2;SUMO2P1;MOG;ZFP57;ZDHHC20P1;HLA-F;HCG4P11;HLA-F-AS1;RPL23AP1;MICE;HCG9P5;Y_RNA;IFITM4P;XXbac-BPG170G13.32;XXbac-BPG170G13.31;HLA-V;HCG4;HLA-P;RPL7AP7;MICG;HLA-G;HCG4P8;MICF;HCG4P7;HLA-H;HLA-T;DDX39BP1;MCCD1P1;HCG4B;HLA-K;HLA-U;HLA-A;HCG4P5;HLA-W;MICD;HCG9;DDX39BP2;MCCD1P2;POLR1HASP;HCG4P3;HLA-J;ETF1P1;POLR1H;PPP1R11;RNF39;AL669914.1;TRIM31;TRIM31-AS1;SNORA48;TRIM40;TRIM10;TRIM15;TRIM26;PAIP1P1;HCG17;TRIM26BP;HLA-L;HCG18;TRIM39;TRIM39-RPP21;RPP21;HLA-N;HCG19P;UBQLN1P1;MICC;TMPOP1;SUCLA2P1;RANP1;HLA-E;LINC02569;GNL1;PRR3;ABCF1;MIR877;PPP1R10;AL662800.1;MRPS18B;ATAT1;PTMAP1;C6orf136;AL662800.2;DHX16;PPP1R18;NRM;RPL7P4;MDC1;MDC1-AS1;TUBB;XXbac-BPG252P9.9;FLOT1;Y_RNA;IER3-AS1;IER3;RN7SL353P;HCG20;LINC00243;LINC02570;RN7SKP186;DDR1-DT;DDR1;MIR4640;RN7SL175P;GTF2H4;VARS2;SFTA2;Y_RNA;MUCL3;HCG21;MUC21;MUC22;HCG22;RNU6-1133P;C6orf15;PSORS1C1;CDSN;PSORS1C2;POLR2LP1;CCHCR1;TCF19;POU5F1;PSORS1C3;XXbac-BPG299F13.17;HCG27;XXbac-BPG299F13.14;XXbac-BPG299F13.15;XXbac-BPG299F13.16;HLA-C;USP8P1;RPL3P2;WASF5P;LINC02571;XXbac-BPG248L24.10;HLA-B;XXbac-BPG248L24.12;DHFRP2;RNU6-283P;AL671883.1;FGFR3P1;ZDHHC20P2;HLA-S;XXbac-BPG181B23.7;HCP5;Y_RNA;MICA;LINC01149;XXbac-BPG181B23.6;MICB;Y_RNA;XXbac-BPG16N22.5;PPIAP9;RPL15P4;MCCD1;ATP6V1G2-DDX39B;DDX39B;SNORD117;SNORD84;DDX39B-AS1;ATP6V1G2;NFKBIL1;LTA;TNF;LTB;LST1;NCR3;UQCRHP1;AIF1;PRRC2A;SNORA38;BAG6;APOM;C6orf47;C6orf47-AS1;GPANK1;Y_RNA;CSNK2B;CSNK2B-LY6G5B-1181;LY6G5B;LY6G5C;ABHD16A;XXbac-BPG32J3.20;MIR4646;LY6G6F;LY6G6F-LY6G6D;LY6G6E;LY6G6D;MPIG6B;LY6G6C;DDAH2;CLIC1;MSH5;MSH5-SAPCD1;RNU6-850P;SAPCD1;SAPCD1-AS1;VWA7;VARS1;Y_RNA;LSM2;HSPA1L;HSPA1A;HSPA1B;SNHG32;SNORD48;SNORD52;NEU1;SLC44A4;EHMT2;EHMT2-AS1;C2;ZBTB12;CFB;CFB;NELFE;MIR1236;SKIC2;DXO;WHR1;C4A;C4A-AS1;CYP21A1P;AL645922.1;TNXA;WHR1B;C4B;C4B-AS1;CYP21A2;TNXB;RNA5SP206;ATF6B;FKBPL;PRRT1;PPT2;PPT2-EGFL8;EGFL8;AGPAT1;RNF5;AGER;PBX2;XXbac-BPG300A18.13;GPSM3;NOTCH4;TSBP1-AS1;TSBP1;HNRNPA1P2;RNU6-603P;HCG23;BTNL2;HLA-DRA;HLA-DRB9;HLA-DRB5;RNU1-61P;HLA-DRB6;HLA-DRB1	4.7	10753	Unknome 18_Mar_2026; maximum over uniquely HGNC-mapped proteins; derived/knownness-ranks.tsv	Tchem	131	unique	NA	NA	NA	NA	NA	NA	unresolved competing genes; gene-body association is not causal assignment	Lifelong developmental, systemic and adult explanations remain. Adult tissue expression observed (cerebellum); timing not identified.	13.8	cerebellum	not checked outside pilot	not checked outside pilot	NA	positional;eQTL	False	False	Lee CP GCST006572 + GENCODE v19; HGNC/Unknome/Pharos/HPA separate annotations; LD/QTL/perturbation not followed outside pilot; Savage/Genebass overlap; EA excluded	Independent ancestry-matched fine-mapping excludes rs75782365 and assigns a different variant/gene (e.g. ACOT13, RP1-30M3.5, C6orf62); adult-specific perturbation in the implicated cell type has no predicted functional effect despite verified engagement. Shared-signal evidence disappears on multiple-signal conditioning or complete variant coverage.	association hypothesis only; not an enhancement target
51	ENSG00000096654	ZNF184	51	R008	rs41269265	1.77e-17	1.77e-15	3.347601e-11	22376	100	515	ACOT13;RP1-30M3.5;C6orf62;RP1-30M3.6;LINC02828;AP3S1P1;GMNN;ARMH2;RIPOR2;AL512428.1;MTCO2P33;PPIAP29;RP11-367G6.3;ASS1P1;RN7SL334P;RP3-425P12.5;RP3-425P12.1;RP3-425P12.2;CMAHP;NUP50P2;CANT1P1;UBE2D3P5;RNY5P5;AL590084.1;RP11-191A15.4;RP3-522P13.3;KATNBL1P5;RPL21P68;HNRNPA3P17;CARMIL1;Y_RNA;RNU6-987P;AL160037.1;snoU13;SCGN;PRELID1P2;H2AC1;H2BC1;H2BC2P;H2AC2P;SLC17A4;SLC17A1;SLC17A3;H2AC3P;SLC17A2;TRIM38;U91328.21;U91328.20;LINC02980;U91328.22;H3P26;H1-1;HIST1H3A;HIST1H4A;HIST1H4B;HIST1H3B;HIST1H2AB;HIST1H2BB;H2AC5P;HIST1H3C;H1-2;HFE;H4C3;H1-6;H2BC4;H2AC6;H1-4;H2BC5;LARP1P1;HIST1H2BE;HIST1H4D;H1-12P;H3C4;H2AC7;HIST1H2BF;RP1-34B20.4;HIST1H4E;HIST1H2BG;HIST1H2AE;HIST1H3E;H2AC9P;H1-3;HIST1H4F;HIST1H4G;HIST1H3F;HIST1H2BH;HIST1H3G;H2AC10P;HIST1H2BI;H4C8;H3C9P;RNU6-1259P;BTN3A2;AL021917.1;BTN2A2;BTN3A1;BTN2A3P;BTN3A3;BTN2A1;BTN1A1;RNU6-502P;HCG11;CTA-14H9.5;HMGN4;ABT1;RP11-457M11.6;VN1R14P;RP11-457M11.2;ZNF322;RP11-457M11.5;GUSBP2;POM121L6P;LINC00240;RP11-239L20.6;TRNAI2;VN1R12P;VN1R13P;VN1R11P;RNU2-62P;RP1-86C11.7;H2BC11;H2AC11;H2BC12;HIST1H4I;HIST1H2AH;MIR3143;RPL10P2;PRSS16;CDCA7P1;POM121L2;VN1R10P;ZNF204P;ZNF391;RP1-153G14.4;MCFD2P1;XXbac-BPGBPG34I8.1;HNRNPA1P1;CD83P1;RNU6-471P;TRNAI6;RPL8P1;GPHRP1;RSL24D1P1;H4C10P;H2BC13;H2AC13;HIST1H3H;HIST1H2AJ;HIST1H2BM;H4C11;HIST1H4K;HIST1H2AK;H2BC15;H2BC16P;HIST1H2AL;H1-5;HIST1H3I;HIST1H4L;H3C12;HIST1H2AM;HIST1H2BO;RNU7-26P;OR2B2;OR2W6P;OR2B6;RPLP2P1;OR2W4P;IQCB2P;U3;OR2W2P;OR2B7P;OR2B8;OR1F12P;RP1-313I6.12;ZNF165;ZSCAN12P1;ZNF602P;ZSCAN16-AS1;ZSCAN16;RP1-265C24.8;ZKSCAN8;ZKSCAN8P1;ZNF603P;ZKSCAN8P2;TOB2P1;ZSCAN9;ZKSCAN4;NKAPL;ZSCAN26;PGBD1;SMIM15P2;ZSCAN31;ZKSCAN3;ZSCAN12;RNU2-45P;ZSCAN23;COX11P1;OR2E1P;GPX6;GPX5;SCAND3;SCAND3-AS1;COX8CP1;AL121932.1;LINC00533;RPSAP2;AL662890.1;NOP56P1;AL662890.3;XXbac-BPG308K3.5;LINC01623;RPL13P;ZNF90P2;HCG14;TRIM27;RNU6-930P;LINC01556;KRT18P1;RN7SL471P;HCG15;HCG16;ZNF311;OR2AD1P;OR2W1;OR2P1P;SAR1AP1;OR2B3;OR2J1;OR2J3;XXbac-BCX196D17.5;OR2N1P;OR2J2;OR2J4P;OR2H4P;XXbac-BPG308J9.3;OR2G1P;OR2U1P;OR2U2P;OR2B4P;OR14J1;DDX6P1;OR5V1;OR12D3;OR12D2;OR12D1;OR11A1;OR10C1;OR2H1;UBDP1;MAS1LP1;MAS1L;RPS17P1;LINC02829;LINC01015;MAS1LP2;OR2I1;UBD;GABBR1;OR2H5P;TMEM183AP1;SNORD32B;RPL13AP;OR2H2;SUMO2P1;MOG;ZFP57;ZDHHC20P1;HLA-F;HCG4P11;HLA-F-AS1;RPL23AP1;MICE;HCG9P5;Y_RNA;IFITM4P;XXbac-BPG170G13.32;XXbac-BPG170G13.31;HLA-V;HCG4;HLA-P;RPL7AP7;MICG;HLA-G;HCG4P8;MICF;HCG4P7;HLA-H;HLA-T;DDX39BP1;MCCD1P1;HCG4B;HLA-K;HLA-U;HLA-A;HCG4P5;HLA-W;MICD;HCG9;DDX39BP2;MCCD1P2;POLR1HASP;HCG4P3;HLA-J;ETF1P1;POLR1H;PPP1R11;RNF39;AL669914.1;TRIM31;TRIM31-AS1;SNORA48;TRIM40;TRIM10;TRIM15;TRIM26;PAIP1P1;HCG17;TRIM26BP;HLA-L;HCG18;TRIM39;TRIM39-RPP21;RPP21;HLA-N;HCG19P;UBQLN1P1;MICC;TMPOP1;SUCLA2P1;RANP1;HLA-E;LINC02569;GNL1;PRR3;ABCF1;MIR877;PPP1R10;AL662800.1;MRPS18B;ATAT1;PTMAP1;C6orf136;AL662800.2;DHX16;PPP1R18;NRM;RPL7P4;MDC1;MDC1-AS1;TUBB;XXbac-BPG252P9.9;FLOT1;Y_RNA;IER3-AS1;IER3;RN7SL353P;HCG20;LINC00243;LINC02570;RN7SKP186;DDR1-DT;DDR1;MIR4640;RN7SL175P;GTF2H4;VARS2;SFTA2;Y_RNA;MUCL3;HCG21;MUC21;MUC22;HCG22;RNU6-1133P;C6orf15;PSORS1C1;CDSN;PSORS1C2;POLR2LP1;CCHCR1;TCF19;POU5F1;PSORS1C3;XXbac-BPG299F13.17;HCG27;XXbac-BPG299F13.14;XXbac-BPG299F13.15;XXbac-BPG299F13.16;HLA-C;USP8P1;RPL3P2;WASF5P;LINC02571;XXbac-BPG248L24.10;HLA-B;XXbac-BPG248L24.12;DHFRP2;RNU6-283P;AL671883.1;FGFR3P1;ZDHHC20P2;HLA-S;XXbac-BPG181B23.7;HCP5;Y_RNA;MICA;LINC01149;XXbac-BPG181B23.6;MICB;Y_RNA;XXbac-BPG16N22.5;PPIAP9;RPL15P4;MCCD1;ATP6V1G2-DDX39B;DDX39B;SNORD117;SNORD84;DDX39B-AS1;ATP6V1G2;NFKBIL1;LTA;TNF;LTB;LST1;NCR3;UQCRHP1;AIF1;PRRC2A;SNORA38;BAG6;APOM;C6orf47;C6orf47-AS1;GPANK1;Y_RNA;CSNK2B;CSNK2B-LY6G5B-1181;LY6G5B;LY6G5C;ABHD16A;XXbac-BPG32J3.20;MIR4646;LY6G6F;LY6G6F-LY6G6D;LY6G6E;LY6G6D;MPIG6B;LY6G6C;DDAH2;CLIC1;MSH5;MSH5-SAPCD1;RNU6-850P;SAPCD1;SAPCD1-AS1;VWA7;VARS1;Y_RNA;LSM2;HSPA1L;HSPA1A;HSPA1B;SNHG32;SNORD48;SNORD52;NEU1;SLC44A4;EHMT2;EHMT2-AS1;C2;ZBTB12;CFB;CFB;NELFE;MIR1236;SKIC2;DXO;WHR1;C4A;C4A-AS1;CYP21A1P;AL645922.1;TNXA;WHR1B;C4B;C4B-AS1;CYP21A2;TNXB;RNA5SP206;ATF6B;FKBPL;PRRT1;PPT2;PPT2-EGFL8;EGFL8;AGPAT1;RNF5;AGER;PBX2;XXbac-BPG300A18.13;GPSM3;NOTCH4;TSBP1-AS1;TSBP1;HNRNPA1P2;RNU6-603P;HCG23;BTNL2;HLA-DRA;HLA-DRB9;HLA-DRB5;RNU1-61P;HLA-DRB6;HLA-DRB1	2.1	6380	Unknome 18_Mar_2026; maximum over uniquely HGNC-mapped proteins; derived/knownness-ranks.tsv	Tbio	32	unique	NA	NA	NA	NA	NA	NA	unresolved competing genes; gene-body association is not causal assignment	Lifelong developmental, systemic and adult explanations remain. Adult tissue expression observed (cerebral cortex); timing not identified.	5.9	cerebral cortex	not checked outside pilot	not checked outside pilot	NA	positional;chromatin	False	False	Lee CP GCST006572 + GENCODE v19; HGNC/Unknome/Pharos/HPA separate annotations; LD/QTL/perturbation not followed outside pilot; Savage/Genebass overlap; EA excluded	Independent ancestry-matched fine-mapping excludes rs41269265 and assigns a different variant/gene (e.g. ACOT13, RP1-30M3.5, C6orf62); adult-specific perturbation in the implicated cell type has no predicted functional effect despite verified engagement. Shared-signal evidence disappears on multiple-signal conditioning or complete variant coverage.	association hypothesis only; not an enhancement target
52	ENSG00000158553	POM121L2	52	R008	rs56114371	1.46e-17	1.8542e-15	3.50684846e-11	26268	127	515	ACOT13;RP1-30M3.5;C6orf62;RP1-30M3.6;LINC02828;AP3S1P1;GMNN;ARMH2;RIPOR2;AL512428.1;MTCO2P33;PPIAP29;RP11-367G6.3;ASS1P1;RN7SL334P;RP3-425P12.5;RP3-425P12.1;RP3-425P12.2;CMAHP;NUP50P2;CANT1P1;UBE2D3P5;RNY5P5;AL590084.1;RP11-191A15.4;RP3-522P13.3;KATNBL1P5;RPL21P68;HNRNPA3P17;CARMIL1;Y_RNA;RNU6-987P;AL160037.1;snoU13;SCGN;PRELID1P2;H2AC1;H2BC1;H2BC2P;H2AC2P;SLC17A4;SLC17A1;SLC17A3;H2AC3P;SLC17A2;TRIM38;U91328.21;U91328.20;LINC02980;U91328.22;H3P26;H1-1;HIST1H3A;HIST1H4A;HIST1H4B;HIST1H3B;HIST1H2AB;HIST1H2BB;H2AC5P;HIST1H3C;H1-2;HFE;H4C3;H1-6;H2BC4;H2AC6;H1-4;H2BC5;LARP1P1;HIST1H2BE;HIST1H4D;H1-12P;H3C4;H2AC7;HIST1H2BF;RP1-34B20.4;HIST1H4E;HIST1H2BG;HIST1H2AE;HIST1H3E;H2AC9P;H1-3;HIST1H4F;HIST1H4G;HIST1H3F;HIST1H2BH;HIST1H3G;H2AC10P;HIST1H2BI;H4C8;H3C9P;RNU6-1259P;BTN3A2;AL021917.1;BTN2A2;BTN3A1;BTN2A3P;BTN3A3;BTN2A1;BTN1A1;RNU6-502P;HCG11;CTA-14H9.5;HMGN4;ABT1;RP11-457M11.6;VN1R14P;RP11-457M11.2;ZNF322;RP11-457M11.5;GUSBP2;POM121L6P;LINC00240;RP11-239L20.6;TRNAI2;VN1R12P;VN1R13P;VN1R11P;RNU2-62P;RP1-86C11.7;H2BC11;H2AC11;H2BC12;HIST1H4I;HIST1H2AH;MIR3143;RPL10P2;PRSS16;CDCA7P1;VN1R10P;ZNF204P;ZNF391;RP1-153G14.4;MCFD2P1;ZNF184;XXbac-BPGBPG34I8.1;HNRNPA1P1;CD83P1;RNU6-471P;TRNAI6;RPL8P1;GPHRP1;RSL24D1P1;H4C10P;H2BC13;H2AC13;HIST1H3H;HIST1H2AJ;HIST1H2BM;H4C11;HIST1H4K;HIST1H2AK;H2BC15;H2BC16P;HIST1H2AL;H1-5;HIST1H3I;HIST1H4L;H3C12;HIST1H2AM;HIST1H2BO;RNU7-26P;OR2B2;OR2W6P;OR2B6;RPLP2P1;OR2W4P;IQCB2P;U3;OR2W2P;OR2B7P;OR2B8;OR1F12P;RP1-313I6.12;ZNF165;ZSCAN12P1;ZNF602P;ZSCAN16-AS1;ZSCAN16;RP1-265C24.8;ZKSCAN8;ZKSCAN8P1;ZNF603P;ZKSCAN8P2;TOB2P1;ZSCAN9;ZKSCAN4;NKAPL;ZSCAN26;PGBD1;SMIM15P2;ZSCAN31;ZKSCAN3;ZSCAN12;RNU2-45P;ZSCAN23;COX11P1;OR2E1P;GPX6;GPX5;SCAND3;SCAND3-AS1;COX8CP1;AL121932.1;LINC00533;RPSAP2;AL662890.1;NOP56P1;AL662890.3;XXbac-BPG308K3.5;LINC01623;RPL13P;ZNF90P2;HCG14;TRIM27;RNU6-930P;LINC01556;KRT18P1;RN7SL471P;HCG15;HCG16;ZNF311;OR2AD1P;OR2W1;OR2P1P;SAR1AP1;OR2B3;OR2J1;OR2J3;XXbac-BCX196D17.5;OR2N1P;OR2J2;OR2J4P;OR2H4P;XXbac-BPG308J9.3;OR2G1P;OR2U1P;OR2U2P;OR2B4P;OR14J1;DDX6P1;OR5V1;OR12D3;OR12D2;OR12D1;OR11A1;OR10C1;OR2H1;UBDP1;MAS1LP1;MAS1L;RPS17P1;LINC02829;LINC01015;MAS1LP2;OR2I1;UBD;GABBR1;OR2H5P;TMEM183AP1;SNORD32B;RPL13AP;OR2H2;SUMO2P1;MOG;ZFP57;ZDHHC20P1;HLA-F;HCG4P11;HLA-F-AS1;RPL23AP1;MICE;HCG9P5;Y_RNA;IFITM4P;XXbac-BPG170G13.32;XXbac-BPG170G13.31;HLA-V;HCG4;HLA-P;RPL7AP7;MICG;HLA-G;HCG4P8;MICF;HCG4P7;HLA-H;HLA-T;DDX39BP1;MCCD1P1;HCG4B;HLA-K;HLA-U;HLA-A;HCG4P5;HLA-W;MICD;HCG9;DDX39BP2;MCCD1P2;POLR1HASP;HCG4P3;HLA-J;ETF1P1;POLR1H;PPP1R11;RNF39;AL669914.1;TRIM31;TRIM31-AS1;SNORA48;TRIM40;TRIM10;TRIM15;TRIM26;PAIP1P1;HCG17;TRIM26BP;HLA-L;HCG18;TRIM39;TRIM39-RPP21;RPP21;HLA-N;HCG19P;UBQLN1P1;MICC;TMPOP1;SUCLA2P1;RANP1;HLA-E;LINC02569;GNL1;PRR3;ABCF1;MIR877;PPP1R10;AL662800.1;MRPS18B;ATAT1;PTMAP1;C6orf136;AL662800.2;DHX16;PPP1R18;NRM;RPL7P4;MDC1;MDC1-AS1;TUBB;XXbac-BPG252P9.9;FLOT1;Y_RNA;IER3-AS1;IER3;RN7SL353P;HCG20;LINC00243;LINC02570;RN7SKP186;DDR1-DT;DDR1;MIR4640;RN7SL175P;GTF2H4;VARS2;SFTA2;Y_RNA;MUCL3;HCG21;MUC21;MUC22;HCG22;RNU6-1133P;C6orf15;PSORS1C1;CDSN;PSORS1C2;POLR2LP1;CCHCR1;TCF19;POU5F1;PSORS1C3;XXbac-BPG299F13.17;HCG27;XXbac-BPG299F13.14;XXbac-BPG299F13.15;XXbac-BPG299F13.16;HLA-C;USP8P1;RPL3P2;WASF5P;LINC02571;XXbac-BPG248L24.10;HLA-B;XXbac-BPG248L24.12;DHFRP2;RNU6-283P;AL671883.1;FGFR3P1;ZDHHC20P2;HLA-S;XXbac-BPG181B23.7;HCP5;Y_RNA;MICA;LINC01149;XXbac-BPG181B23.6;MICB;Y_RNA;XXbac-BPG16N22.5;PPIAP9;RPL15P4;MCCD1;ATP6V1G2-DDX39B;DDX39B;SNORD117;SNORD84;DDX39B-AS1;ATP6V1G2;NFKBIL1;LTA;TNF;LTB;LST1;NCR3;UQCRHP1;AIF1;PRRC2A;SNORA38;BAG6;APOM;C6orf47;C6orf47-AS1;GPANK1;Y_RNA;CSNK2B;CSNK2B-LY6G5B-1181;LY6G5B;LY6G5C;ABHD16A;XXbac-BPG32J3.20;MIR4646;LY6G6F;LY6G6F-LY6G6D;LY6G6E;LY6G6D;MPIG6B;LY6G6C;DDAH2;CLIC1;MSH5;MSH5-SAPCD1;RNU6-850P;SAPCD1;SAPCD1-AS1;VWA7;VARS1;Y_RNA;LSM2;HSPA1L;HSPA1A;HSPA1B;SNHG32;SNORD48;SNORD52;NEU1;SLC44A4;EHMT2;EHMT2-AS1;C2;ZBTB12;CFB;CFB;NELFE;MIR1236;SKIC2;DXO;WHR1;C4A;C4A-AS1;CYP21A1P;AL645922.1;TNXA;WHR1B;C4B;C4B-AS1;CYP21A2;TNXB;RNA5SP206;ATF6B;FKBPL;PRRT1;PPT2;PPT2-EGFL8;EGFL8;AGPAT1;RNF5;AGER;PBX2;XXbac-BPG300A18.13;GPSM3;NOTCH4;TSBP1-AS1;TSBP1;HNRNPA1P2;RNU6-603P;HCG23;BTNL2;HLA-DRA;HLA-DRB9;HLA-DRB5;RNU1-61P;HLA-DRB6;HLA-DRB1	2.0	6082	Unknome 18_Mar_2026; maximum over uniquely HGNC-mapped proteins; derived/knownness-ranks.tsv	Tdark	3	unique	NA	NA	NA	NA	NA	NA	unresolved competing genes; gene-body association is not causal assignment	Lifelong developmental, systemic and adult explanations remain. Adult tissue expression observed (amygdala); timing not identified.	0.0	amygdala	not checked outside pilot	not checked outside pilot	NA	positional;chromatin	False	False	Lee CP GCST006572 + GENCODE v19; HGNC/Unknome/Pharos/HPA separate annotations; LD/QTL/perturbation not followed outside pilot; Savage/Genebass overlap; EA excluded	Independent ancestry-matched fine-mapping excludes rs56114371 and assigns a different variant/gene (e.g. ACOT13, RP1-30M3.5, C6orf62); adult-specific perturbation in the implicated cell type has no predicted functional effect despite verified engagement. Shared-signal evidence disappears on multiple-signal conditioning or complete variant coverage.	association hypothesis only; not an enhancement target
53	ENSG00000124613	ZNF391	53	R008	rs67859638	1.45e-17	2.6535000000000002e-15	5.0185645500000007e-11	29290	183	515	ACOT13;RP1-30M3.5;C6orf62;RP1-30M3.6;LINC02828;AP3S1P1;GMNN;ARMH2;RIPOR2;AL512428.1;MTCO2P33;PPIAP29;RP11-367G6.3;ASS1P1;RN7SL334P;RP3-425P12.5;RP3-425P12.1;RP3-425P12.2;CMAHP;NUP50P2;CANT1P1;UBE2D3P5;RNY5P5;AL590084.1;RP11-191A15.4;RP3-522P13.3;KATNBL1P5;RPL21P68;HNRNPA3P17;CARMIL1;Y_RNA;RNU6-987P;AL160037.1;snoU13;SCGN;PRELID1P2;H2AC1;H2BC1;H2BC2P;H2AC2P;SLC17A4;SLC17A1;SLC17A3;H2AC3P;SLC17A2;TRIM38;U91328.21;U91328.20;LINC02980;U91328.22;H3P26;H1-1;HIST1H3A;HIST1H4A;HIST1H4B;HIST1H3B;HIST1H2AB;HIST1H2BB;H2AC5P;HIST1H3C;H1-2;HFE;H4C3;H1-6;H2BC4;H2AC6;H1-4;H2BC5;LARP1P1;HIST1H2BE;HIST1H4D;H1-12P;H3C4;H2AC7;HIST1H2BF;RP1-34B20.4;HIST1H4E;HIST1H2BG;HIST1H2AE;HIST1H3E;H2AC9P;H1-3;HIST1H4F;HIST1H4G;HIST1H3F;HIST1H2BH;HIST1H3G;H2AC10P;HIST1H2BI;H4C8;H3C9P;RNU6-1259P;BTN3A2;AL021917.1;BTN2A2;BTN3A1;BTN2A3P;BTN3A3;BTN2A1;BTN1A1;RNU6-502P;HCG11;CTA-14H9.5;HMGN4;ABT1;RP11-457M11.6;VN1R14P;RP11-457M11.2;ZNF322;RP11-457M11.5;GUSBP2;POM121L6P;LINC00240;RP11-239L20.6;TRNAI2;VN1R12P;VN1R13P;VN1R11P;RNU2-62P;RP1-86C11.7;H2BC11;H2AC11;H2BC12;HIST1H4I;HIST1H2AH;MIR3143;RPL10P2;PRSS16;CDCA7P1;POM121L2;VN1R10P;ZNF204P;RP1-153G14.4;MCFD2P1;ZNF184;XXbac-BPGBPG34I8.1;HNRNPA1P1;CD83P1;RNU6-471P;TRNAI6;RPL8P1;GPHRP1;RSL24D1P1;H4C10P;H2BC13;H2AC13;HIST1H3H;HIST1H2AJ;HIST1H2BM;H4C11;HIST1H4K;HIST1H2AK;H2BC15;H2BC16P;HIST1H2AL;H1-5;HIST1H3I;HIST1H4L;H3C12;HIST1H2AM;HIST1H2BO;RNU7-26P;OR2B2;OR2W6P;OR2B6;RPLP2P1;OR2W4P;IQCB2P;U3;OR2W2P;OR2B7P;OR2B8;OR1F12P;RP1-313I6.12;ZNF165;ZSCAN12P1;ZNF602P;ZSCAN16-AS1;ZSCAN16;RP1-265C24.8;ZKSCAN8;ZKSCAN8P1;ZNF603P;ZKSCAN8P2;TOB2P1;ZSCAN9;ZKSCAN4;NKAPL;ZSCAN26;PGBD1;SMIM15P2;ZSCAN31;ZKSCAN3;ZSCAN12;RNU2-45P;ZSCAN23;COX11P1;OR2E1P;GPX6;GPX5;SCAND3;SCAND3-AS1;COX8CP1;AL121932.1;LINC00533;RPSAP2;AL662890.1;NOP56P1;AL662890.3;XXbac-BPG308K3.5;LINC01623;RPL13P;ZNF90P2;HCG14;TRIM27;RNU6-930P;LINC01556;KRT18P1;RN7SL471P;HCG15;HCG16;ZNF311;OR2AD1P;OR2W1;OR2P1P;SAR1AP1;OR2B3;OR2J1;OR2J3;XXbac-BCX196D17.5;OR2N1P;OR2J2;OR2J4P;OR2H4P;XXbac-BPG308J9.3;OR2G1P;OR2U1P;OR2U2P;OR2B4P;OR14J1;DDX6P1;OR5V1;OR12D3;OR12D2;OR12D1;OR11A1;OR10C1;OR2H1;UBDP1;MAS1LP1;MAS1L;RPS17P1;LINC02829;LINC01015;MAS1LP2;OR2I1;UBD;GABBR1;OR2H5P;TMEM183AP1;SNORD32B;RPL13AP;OR2H2;SUMO2P1;MOG;ZFP57;ZDHHC20P1;HLA-F;HCG4P11;HLA-F-AS1;RPL23AP1;MICE;HCG9P5;Y_RNA;IFITM4P;XXbac-BPG170G13.32;XXbac-BPG170G13.31;HLA-V;HCG4;HLA-P;RPL7AP7;MICG;HLA-G;HCG4P8;MICF;HCG4P7;HLA-H;HLA-T;DDX39BP1;MCCD1P1;HCG4B;HLA-K;HLA-U;HLA-A;HCG4P5;HLA-W;MICD;HCG9;DDX39BP2;MCCD1P2;POLR1HASP;HCG4P3;HLA-J;ETF1P1;POLR1H;PPP1R11;RNF39;AL669914.1;TRIM31;TRIM31-AS1;SNORA48;TRIM40;TRIM10;TRIM15;TRIM26;PAIP1P1;HCG17;TRIM26BP;HLA-L;HCG18;TRIM39;TRIM39-RPP21;RPP21;HLA-N;HCG19P;UBQLN1P1;MICC;TMPOP1;SUCLA2P1;RANP1;HLA-E;LINC02569;GNL1;PRR3;ABCF1;MIR877;PPP1R10;AL662800.1;MRPS18B;ATAT1;PTMAP1;C6orf136;AL662800.2;DHX16;PPP1R18;NRM;RPL7P4;MDC1;MDC1-AS1;TUBB;XXbac-BPG252P9.9;FLOT1;Y_RNA;IER3-AS1;IER3;RN7SL353P;HCG20;LINC00243;LINC02570;RN7SKP186;DDR1-DT;DDR1;MIR4640;RN7SL175P;GTF2H4;VARS2;SFTA2;Y_RNA;MUCL3;HCG21;MUC21;MUC22;HCG22;RNU6-1133P;C6orf15;PSORS1C1;CDSN;PSORS1C2;POLR2LP1;CCHCR1;TCF19;POU5F1;PSORS1C3;XXbac-BPG299F13.17;HCG27;XXbac-BPG299F13.14;XXbac-BPG299F13.15;XXbac-BPG299F13.16;HLA-C;USP8P1;RPL3P2;WASF5P;LINC02571;XXbac-BPG248L24.10;HLA-B;XXbac-BPG248L24.12;DHFRP2;RNU6-283P;AL671883.1;FGFR3P1;ZDHHC20P2;HLA-S;XXbac-BPG181B23.7;HCP5;Y_RNA;MICA;LINC01149;XXbac-BPG181B23.6;MICB;Y_RNA;XXbac-BPG16N22.5;PPIAP9;RPL15P4;MCCD1;ATP6V1G2-DDX39B;DDX39B;SNORD117;SNORD84;DDX39B-AS1;ATP6V1G2;NFKBIL1;LTA;TNF;LTB;LST1;NCR3;UQCRHP1;AIF1;PRRC2A;SNORA38;BAG6;APOM;C6orf47;C6orf47-AS1;GPANK1;Y_RNA;CSNK2B;CSNK2B-LY6G5B-1181;LY6G5B;LY6G5C;ABHD16A;XXbac-BPG32J3.20;MIR4646;LY6G6F;LY6G6F-LY6G6D;LY6G6E;LY6G6D;MPIG6B;LY6G6C;DDAH2;CLIC1;MSH5;MSH5-SAPCD1;RNU6-850P;SAPCD1;SAPCD1-AS1;VWA7;VARS1;Y_RNA;LSM2;HSPA1L;HSPA1A;HSPA1B;SNHG32;SNORD48;SNORD52;NEU1;SLC44A4;EHMT2;EHMT2-AS1;C2;ZBTB12;CFB;CFB;NELFE;MIR1236;SKIC2;DXO;WHR1;C4A;C4A-AS1;CYP21A1P;AL645922.1;TNXA;WHR1B;C4B;C4B-AS1;CYP21A2;TNXB;RNA5SP206;ATF6B;FKBPL;PRRT1;PPT2;PPT2-EGFL8;EGFL8;AGPAT1;RNF5;AGER;PBX2;XXbac-BPG300A18.13;GPSM3;NOTCH4;TSBP1-AS1;TSBP1;HNRNPA1P2;RNU6-603P;HCG23;BTNL2;HLA-DRA;HLA-DRB9;HLA-DRB5;RNU1-61P;HLA-DRB6;HLA-DRB1	1.5	4687	Unknome 18_Mar_2026; maximum over uniquely HGNC-mapped proteins; derived/knownness-ranks.tsv	Tdark	13	unique	NA	NA	NA	NA	NA	NA	unresolved competing genes; gene-body association is not causal assignment	Lifelong developmental, systemic and adult explanations remain. Adult tissue expression observed (basal ganglia); timing not identified.	2.9	basal ganglia	not checked outside pilot	not checked outside pilot	NA	positional;eQTL	False	False	Lee CP GCST006572 + GENCODE v19; HGNC/Unknome/Pharos/HPA separate annotations; LD/QTL/perturbation not followed outside pilot; Savage/Genebass overlap; EA excluded	Independent ancestry-matched fine-mapping excludes rs67859638 and assigns a different variant/gene (e.g. ACOT13, RP1-30M3.5, C6orf62); adult-specific perturbation in the implicated cell type has no predicted functional effect despite verified engagement. Shared-signal evidence disappears on multiple-signal conditioning or complete variant coverage.	association hypothesis only; not an enhancement target
54	ENSG00000181418	DDN	54	R015	rs1054442	1.08e-15	6.4799999999999996e-15	1.2255624e-10	4161	6	68	LYLDT1;RP11-722P11.4;OR8S1;OR5BS1;LALBA;OR11M1P;KANSL2;SNORA2C;SNORA2A;SNORA2B;CCNT1;SPMIP11;ADCY6;RP11-579D7.2;MIR4701;ADCY6-DT;ADISSPP1;Y_RNA;CACNB3;DDX23;RND1;RNU6-600P;RPL32P27;RP11-302B13.5;DRC2;FKBP11;AC073610.5;Y_RNA;ARF3;snoU13;WNT10B;RNU6-940P;WNT1;RP11-386G11.3;DDN-AS1;PRKAG1;KMT2D;RHEBL1;DHH;DHH-AS1;LMBR1L;TUBA1B-AS1;TUBA1B;Y_RNA;TUBA1A;TUBA1C;TUBA1C-AS1;RP11-161H23.5;TROAP-AS1;PRPH;TROAP;C1QL4;DNAJC22;SPATS2;RP11-161H23.10;RP11-161H23.8;KCNH3;MCRS1;PRPF40B;RP11-133N21.10;FAM186B;RNU6-834P;POLR2KP1;PARK7P1;HIGD1AP9;FMNL3;TMBIM6;RP11-133N21.12	0.0	1	Unknome 18_Mar_2026; maximum over uniquely HGNC-mapped proteins; derived/knownness-ranks.tsv	Tbio	18	unique	NA	NA	NA	NA	NA	NA	unresolved competing genes; gene-body association is not causal assignment	Lifelong developmental, systemic and adult explanations remain. Adult tissue expression observed (cerebral cortex); timing not identified.	234.0	cerebral cortex	not checked outside pilot	not checked outside pilot	2.3409e-14	positional;eQTL	False	False	Lee CP GCST006572 + GENCODE v19; HGNC/Unknome/Pharos/HPA separate annotations; LD/QTL/perturbation not followed outside pilot; Savage/Genebass overlap; EA excluded	Independent ancestry-matched fine-mapping excludes rs1054442 and assigns a different variant/gene (e.g. LYLDT1, RP11-722P11.4, OR8S1); adult-specific perturbation in the implicated cell type has no predicted functional effect despite verified engagement. Shared-signal evidence disappears on multiple-signal conditioning or complete variant coverage.	association hypothesis only; not an enhancement target
55	ENSG00000120029	ARMH3	55	R011	rs1044258	2.1e-17	7.938e-15	1.50131394e-10	210595	378	63	LBX1-AS1;LINC02681;SNORD112;RNU2-43P;RP11-107I14.2;RP11-107I14.5;BTRC;RNU2-59P;snoU13;DPCD;POLL;MIR3158-1;FBXW4;RNU6-1165P;LINC03046;FGF8;NPM3;OGA;KCNIP2-AS1;KCNIP2;Y_RNA;HPS6;RP11-302K17.3;RP11-302K17.4;SNORD112;LDB1;PPRC1;NOLC1;ELOVL3;PITX3;GBF1;AL160011.1;NFKB2;PSD;FBXL15;CUEDC2;MIR146B;C10orf95-AS1;C10orf95;SLC68A1;ACTR1A;RP11-18I14.11;SUFU;RN7SL21P;RPL23AP58;RNU6-43P;TRIM8-DT;TRIM8;ARL3;SFXN2;WBP1L;RNU6-1231P;CYP17A1;CYP17A1-AS1;PFN1P11;PTGES3P4;BORCS7;BORCS7-ASMT;RNU6-372P;AS3MT;RPL22P17;RP11-724N1.1;CNNM2	0.8	3045	Unknome 18_Mar_2026; maximum over uniquely HGNC-mapped proteins; derived/knownness-ranks.tsv	Tdark	27	unique	NA	NA	NA	NA	NA	NA	unresolved competing genes; gene-body association is not causal assignment	Lifelong developmental, systemic and adult explanations remain. Adult tissue expression observed (cerebellum); timing not identified.	9.0	cerebellum	not checked outside pilot	not checked outside pilot	1.5263e-11	positional;eQTL	False	False	Lee CP GCST006572 + GENCODE v19; HGNC/Unknome/Pharos/HPA separate annotations; LD/QTL/perturbation not followed outside pilot; Savage/Genebass overlap; EA excluded	Independent ancestry-matched fine-mapping excludes rs1044258 and assigns a different variant/gene (e.g. LBX1-AS1, LINC02681, SNORD112); adult-specific perturbation in the implicated cell type has no predicted functional effect despite verified engagement. Shared-signal evidence disappears on multiple-signal conditioning or complete variant coverage.	association hypothesis only; not an enhancement target
56	ENSG00000255524	NPIPB8	56	R010	rs35626515	2.87e-15	8.61e-15	1.6284093e-10	21029	3	79	GSG1L;RNU6-159P;RNU6-1241P;XPO6;TPRKBP2;SNORA25;RNY1P10;GAPDHP35;RP11-57A19.2;SBK1;NPIPB6;RP11-435I10.5;EIF3CL;CDC37P2;snoU13;RP11-57A19.5;NPIPB7;CLN3;CLN3;APOBR;IL27;NUPR1;RP11-666O2.1;SGF29;SULT1A2;SULT1A1;PLA2G10DP;snoU13;EIF3C;CDC37P1;RP11-1348G14.6;NPIPB9;snoU13;RP11-1348G14.4;RP11-1348G14.1;RP11-1348G14.5;ATXN2L;RP11-24N18.1;TUFM;MIR4721;SH2B1;RP11-22P6.2;ATP2A1;ATP2A1-AS1;SNORA43;RABEP2;CD19;NFATC2IP;NFATC2IP-AS1;MIR4517;SPNS1;RP11-264B17.3;RP11-264B17.4;LAT;RP11-264B17.5;NPIPB10P;PLA2G10CP;snoU13;RRN3P2;RP11-426C22.5;RP11-426C22.4;AC009093.1;SNX29P2;RP11-426C22.6;RP11-231C14.6;SNX29P2;NPIPB11;SMG1P6;snoU13;BOLA2-SMG1P6;RP11-345J4.6;BOLA2;SLX1B;SLX1B-SULT1A4;SULT1A4;SGF29P1;RP11-345J4.1;PLA2G10HP;NPIPB12	0.0	1	Unknome 18_Mar_2026; maximum over uniquely HGNC-mapped proteins; derived/knownness-ranks.tsv	Tdark	2	unique	NA	NA	NA	NA	NA	NA	unresolved competing genes; gene-body association is not causal assignment	Lifelong developmental, systemic and adult explanations remain. Adult tissue expression observed (cerebellum); timing not identified.	1.9	cerebellum	not checked outside pilot	not checked outside pilot	NA	positional;eQTL	False	False	Lee CP GCST006572 + GENCODE v19; HGNC/Unknome/Pharos/HPA separate annotations; LD/QTL/perturbation not followed outside pilot; Savage/Genebass overlap; EA excluded	Independent ancestry-matched fine-mapping excludes rs35626515 and assigns a different variant/gene (e.g. GSG1L, RNU6-159P, RNU6-1241P); adult-specific perturbation in the implicated cell type has no predicted functional effect despite verified engagement. Shared-signal evidence disappears on multiple-signal conditioning or complete variant coverage.	association hypothesis only; not an enhancement target
57	ENSG00000166971	AKTIP	57	R012	rs7189819	2.7e-16	9.18e-15	1.7362134e-10	13372	34	21	PHB1P21;RP11-467J12.2;MTCH2P4;RP11-467J12.4;CHD9;RP11-295M3.2;Y_RNA;RP11-454F8.2;snoU13;RNA5SP427;RP11-44F14.4;MPHOSPH10P1;RP11-44F14.2;RP11-44F14.8;RBL2;RNU6-1153P;RP11-44F14.5;RPGRIP1L;FTO;RP11-357N13.3;RP11-357N13.2	8.3	14683	Unknome 18_Mar_2026; maximum over uniquely HGNC-mapped proteins; derived/knownness-ranks.tsv	Tbio	76	unique	NA	NA	NA	NA	NA	NA	unresolved competing genes; gene-body association is not causal assignment	Lifelong developmental, systemic and adult explanations remain. Adult tissue expression observed (amygdala); timing not identified.	62.6	amygdala	not checked outside pilot	not checked outside pilot	1.1654e-12	positional;eQTL;chromatin	False	False	Lee CP GCST006572 + GENCODE v19; HGNC/Unknome/Pharos/HPA separate annotations; LD/QTL/perturbation not followed outside pilot; Savage/Genebass overlap; EA excluded	Independent ancestry-matched fine-mapping excludes rs7189819 and assigns a different variant/gene (e.g. PHB1P21, RP11-467J12.2, MTCH2P4); adult-specific perturbation in the implicated cell type has no predicted functional effect despite verified engagement. Shared-signal evidence disappears on multiple-signal conditioning or complete variant coverage.	association hypothesis only; not an enhancement target
58	ENSG00000103479	RBL2	58	R012	rs8054299	7.22e-17	1.3212599999999999e-14	2.498899038e-10	57673	183	21	PHB1P21;RP11-467J12.2;MTCH2P4;RP11-467J12.4;CHD9;RP11-295M3.2;Y_RNA;RP11-454F8.2;snoU13;RNA5SP427;RP11-44F14.4;MPHOSPH10P1;RP11-44F14.2;RP11-44F14.8;RNU6-1153P;RP11-44F14.5;AKTIP;RPGRIP1L;FTO;RP11-357N13.3;RP11-357N13.2	5.1	11329	Unknome 18_Mar_2026; maximum over uniquely HGNC-mapped proteins; derived/knownness-ranks.tsv	Tbio	387	unique	NA	NA	NA	NA	NA	NA	unresolved competing genes; gene-body association is not causal assignment	Lifelong developmental, systemic and adult explanations remain. Adult tissue expression observed (cerebellum); timing not identified.	16.5	cerebellum	not checked outside pilot	not checked outside pilot	3.3548e-13	positional;eQTL;chromatin	False	False	Lee CP GCST006572 + GENCODE v19; HGNC/Unknome/Pharos/HPA separate annotations; LD/QTL/perturbation not followed outside pilot; Savage/Genebass overlap; EA excluded	Independent ancestry-matched fine-mapping excludes rs8054299 and assigns a different variant/gene (e.g. PHB1P21, RP11-467J12.2, MTCH2P4); adult-specific perturbation in the implicated cell type has no predicted functional effect despite verified engagement. Shared-signal evidence disappears on multiple-signal conditioning or complete variant coverage.	association hypothesis only; not an enhancement target
59	ENSG00000177548	RABEP2	59	R010	rs7206214	2.66e-16	1.6758e-14	3.16944054e-10	32106	63	79	GSG1L;RNU6-159P;RNU6-1241P;XPO6;TPRKBP2;SNORA25;RNY1P10;GAPDHP35;RP11-57A19.2;SBK1;NPIPB6;RP11-435I10.5;EIF3CL;CDC37P2;snoU13;RP11-57A19.5;NPIPB7;CLN3;CLN3;APOBR;IL27;NUPR1;RP11-666O2.1;SGF29;SULT1A2;SULT1A1;NPIPB8;PLA2G10DP;snoU13;EIF3C;CDC37P1;RP11-1348G14.6;NPIPB9;snoU13;RP11-1348G14.4;RP11-1348G14.1;RP11-1348G14.5;ATXN2L;RP11-24N18.1;TUFM;MIR4721;SH2B1;RP11-22P6.2;ATP2A1;ATP2A1-AS1;SNORA43;CD19;NFATC2IP;NFATC2IP-AS1;MIR4517;SPNS1;RP11-264B17.3;RP11-264B17.4;LAT;RP11-264B17.5;NPIPB10P;PLA2G10CP;snoU13;RRN3P2;RP11-426C22.5;RP11-426C22.4;AC009093.1;SNX29P2;RP11-426C22.6;RP11-231C14.6;SNX29P2;NPIPB11;SMG1P6;snoU13;BOLA2-SMG1P6;RP11-345J4.6;BOLA2;SLX1B;SLX1B-SULT1A4;SULT1A4;SGF29P1;RP11-345J4.1;PLA2G10HP;NPIPB12	0.8	3045	Unknome 18_Mar_2026; maximum over uniquely HGNC-mapped proteins; derived/knownness-ranks.tsv	Tbio	49	unique	NA	NA	NA	NA	NA	NA	unresolved competing genes; gene-body association is not causal assignment	Lifelong developmental, systemic and adult explanations remain. Adult tissue expression observed (spinal cord); timing not identified.	11.9	spinal cord	not checked outside pilot	not checked outside pilot	1.5923e-14	positional;eQTL	False	False	Lee CP GCST006572 + GENCODE v19; HGNC/Unknome/Pharos/HPA separate annotations; LD/QTL/perturbation not followed outside pilot; Savage/Genebass overlap; EA excluded	Independent ancestry-matched fine-mapping excludes rs7206214 and assigns a different variant/gene (e.g. GSG1L, RNU6-159P, RNU6-1241P); adult-specific perturbation in the implicated cell type has no predicted functional effect despite verified engagement. Shared-signal evidence disappears on multiple-signal conditioning or complete variant coverage.	association hypothesis only; not an enhancement target
60	ENSG00000167548	KMT2D	60	R015	rs10875914	3.45e-16	1.863e-14	3.5234919e-10	40800	54	68	LYLDT1;RP11-722P11.4;OR8S1;OR5BS1;LALBA;OR11M1P;KANSL2;SNORA2C;SNORA2A;SNORA2B;CCNT1;SPMIP11;ADCY6;RP11-579D7.2;MIR4701;ADCY6-DT;ADISSPP1;Y_RNA;CACNB3;DDX23;RND1;RNU6-600P;RPL32P27;RP11-302B13.5;DRC2;FKBP11;AC073610.5;Y_RNA;ARF3;snoU13;WNT10B;RNU6-940P;WNT1;DDN;RP11-386G11.3;DDN-AS1;PRKAG1;RHEBL1;DHH;DHH-AS1;LMBR1L;TUBA1B-AS1;TUBA1B;Y_RNA;TUBA1A;TUBA1C;TUBA1C-AS1;RP11-161H23.5;TROAP-AS1;PRPH;TROAP;C1QL4;DNAJC22;SPATS2;RP11-161H23.10;RP11-161H23.8;KCNH3;MCRS1;PRPF40B;RP11-133N21.10;FAM186B;RNU6-834P;POLR2KP1;PARK7P1;HIGD1AP9;FMNL3;TMBIM6;RP11-133N21.12	10.5	16025	Unknome 18_Mar_2026; maximum over uniquely HGNC-mapped proteins; derived/knownness-ranks.tsv	Tbio	559	unique	NA	NA	NA	NA	NA	NA	unresolved competing genes; gene-body association is not causal assignment	Lifelong developmental, systemic and adult explanations remain. Adult tissue expression observed (cerebral cortex); timing not identified.	7.7	cerebral cortex	not checked outside pilot	not checked outside pilot	3.1366e-14	positional	False	False	Lee CP GCST006572 + GENCODE v19; HGNC/Unknome/Pharos/HPA separate annotations; LD/QTL/perturbation not followed outside pilot; Savage/Genebass overlap; EA excluded	Independent ancestry-matched fine-mapping excludes rs10875914 and assigns a different variant/gene (e.g. LYLDT1, RP11-722P11.4, OR8S1); adult-specific perturbation in the implicated cell type has no predicted functional effect despite verified engagement. Shared-signal evidence disappears on multiple-signal conditioning or complete variant coverage.	association hypothesis only; not an enhancement target
61	ENSG00000174748	RPL15	61	R017	rs9755750	1.35e-15	2.97e-14	5.617161e-10	7148	22	21	UBE2E2;C11orf98P3;AC092038.1;AC092038.2;RNU6-922P;RNU6-788P;AC020626.1;UBE2E1-AS1;UBE2E1;ARL4AP4;NKIRAS1;NR1D2;LINC00691;NPM1P23;THRB;RPL31P20;THRB-IT1;THRB-AS1;RP11-317L10.1;MIR4792;EIF3KP2	10.6	16075	Unknome 18_Mar_2026; maximum over uniquely HGNC-mapped proteins; derived/knownness-ranks.tsv	Tchem	286	unique	NA	NA	NA	NA	NA	NA	unresolved competing genes; gene-body association is not causal assignment	Lifelong developmental, systemic and adult explanations remain. Adult tissue expression observed (spinal cord); timing not identified.	1106.9	spinal cord	not checked outside pilot	not checked outside pilot	2.1483e-13	positional;eQTL	False	False	Lee CP GCST006572 + GENCODE v19; HGNC/Unknome/Pharos/HPA separate annotations; LD/QTL/perturbation not followed outside pilot; Savage/Genebass overlap; EA excluded	Independent ancestry-matched fine-mapping excludes rs9755750 and assigns a different variant/gene (e.g. UBE2E2, C11orf98P3, AC092038.1); adult-specific perturbation in the implicated cell type has no predicted functional effect despite verified engagement. Shared-signal evidence disappears on multiple-signal conditioning or complete variant coverage.	association hypothesis only; not an enhancement target
62	ENSG00000197885	NKIRAS1	62	R017	rs7633520	9.72e-16	2.08008e-13	3.934055304e-09	54932	214	21	UBE2E2;C11orf98P3;AC092038.1;AC092038.2;RNU6-922P;RNU6-788P;AC020626.1;UBE2E1-AS1;UBE2E1;ARL4AP4;RPL15;NR1D2;LINC00691;NPM1P23;THRB;RPL31P20;THRB-IT1;THRB-AS1;RP11-317L10.1;MIR4792;EIF3KP2	2.2	6585	Unknome 18_Mar_2026; maximum over uniquely HGNC-mapped proteins; derived/knownness-ranks.tsv	Tbio	26	unique	NA	NA	NA	NA	NA	NA	unresolved competing genes; gene-body association is not causal assignment	Lifelong developmental, systemic and adult explanations remain. Adult tissue expression observed (cerebral cortex); timing not identified.	46.6	cerebral cortex	not checked outside pilot	not checked outside pilot	1.0938e-12	positional;eQTL	False	False	Lee CP GCST006572 + GENCODE v19; HGNC/Unknome/Pharos/HPA separate annotations; LD/QTL/perturbation not followed outside pilot; Savage/Genebass overlap; EA excluded	Independent ancestry-matched fine-mapping excludes rs7633520 and assigns a different variant/gene (e.g. UBE2E2, C11orf98P3, AC092038.1); adult-specific perturbation in the implicated cell type has no predicted functional effect despite verified engagement. Shared-signal evidence disappears on multiple-signal conditioning or complete variant coverage.	association hypothesis only; not an enhancement target
63	ENSG00000197165	SULT1A2	63	R010	rs4149406	7.14e-15	2.142e-13	4.0511646000000005e-09	5167	30	79	GSG1L;RNU6-159P;RNU6-1241P;XPO6;TPRKBP2;SNORA25;RNY1P10;GAPDHP35;RP11-57A19.2;SBK1;NPIPB6;RP11-435I10.5;EIF3CL;CDC37P2;snoU13;RP11-57A19.5;NPIPB7;CLN3;CLN3;APOBR;IL27;NUPR1;RP11-666O2.1;SGF29;SULT1A1;NPIPB8;PLA2G10DP;snoU13;EIF3C;CDC37P1;RP11-1348G14.6;NPIPB9;snoU13;RP11-1348G14.4;RP11-1348G14.1;RP11-1348G14.5;ATXN2L;RP11-24N18.1;TUFM;MIR4721;SH2B1;RP11-22P6.2;ATP2A1;ATP2A1-AS1;SNORA43;RABEP2;CD19;NFATC2IP;NFATC2IP-AS1;MIR4517;SPNS1;RP11-264B17.3;RP11-264B17.4;LAT;RP11-264B17.5;NPIPB10P;PLA2G10CP;snoU13;RRN3P2;RP11-426C22.5;RP11-426C22.4;AC009093.1;SNX29P2;RP11-426C22.6;RP11-231C14.6;SNX29P2;NPIPB11;SMG1P6;snoU13;BOLA2-SMG1P6;RP11-345J4.6;BOLA2;SLX1B;SLX1B-SULT1A4;SULT1A4;SGF29P1;RP11-345J4.1;PLA2G10HP;NPIPB12	8.4	14752	Unknome 18_Mar_2026; maximum over uniquely HGNC-mapped proteins; derived/knownness-ranks.tsv	Tbio	86	unique	NA	NA	NA	NA	NA	NA	unresolved competing genes; gene-body association is not causal assignment	Lifelong developmental, systemic and adult explanations remain. Adult tissue expression observed (cerebellum); timing not identified.	1.5	cerebellum	not checked outside pilot	not checked outside pilot	4.5129e-15	positional;eQTL	False	False	Lee CP GCST006572 + GENCODE v19; HGNC/Unknome/Pharos/HPA separate annotations; LD/QTL/perturbation not followed outside pilot; Savage/Genebass overlap; EA excluded	Independent ancestry-matched fine-mapping excludes rs4149406 and assigns a different variant/gene (e.g. GSG1L, RNU6-159P, RNU6-1241P); adult-specific perturbation in the implicated cell type has no predicted functional effect despite verified engagement. Shared-signal evidence disappears on multiple-signal conditioning or complete variant coverage.	association hypothesis only; not an enhancement target
64	ENSG00000196502	SULT1A1	64	R010	rs2411453	3.36e-15	2.352e-13	4.4483376e-09	18044	70	79	GSG1L;RNU6-159P;RNU6-1241P;XPO6;TPRKBP2;SNORA25;RNY1P10;GAPDHP35;RP11-57A19.2;SBK1;NPIPB6;RP11-435I10.5;EIF3CL;CDC37P2;snoU13;RP11-57A19.5;NPIPB7;CLN3;CLN3;APOBR;IL27;NUPR1;RP11-666O2.1;SGF29;SULT1A2;NPIPB8;PLA2G10DP;snoU13;EIF3C;CDC37P1;RP11-1348G14.6;NPIPB9;snoU13;RP11-1348G14.4;RP11-1348G14.1;RP11-1348G14.5;ATXN2L;RP11-24N18.1;TUFM;MIR4721;SH2B1;RP11-22P6.2;ATP2A1;ATP2A1-AS1;SNORA43;RABEP2;CD19;NFATC2IP;NFATC2IP-AS1;MIR4517;SPNS1;RP11-264B17.3;RP11-264B17.4;LAT;RP11-264B17.5;NPIPB10P;PLA2G10CP;snoU13;RRN3P2;RP11-426C22.5;RP11-426C22.4;AC009093.1;SNX29P2;RP11-426C22.6;RP11-231C14.6;SNX29P2;NPIPB11;SMG1P6;snoU13;BOLA2-SMG1P6;RP11-345J4.6;BOLA2;SLX1B;SLX1B-SULT1A4;SULT1A4;SGF29P1;RP11-345J4.1;PLA2G10HP;NPIPB12	13.2	17041	Unknome 18_Mar_2026; maximum over uniquely HGNC-mapped proteins; derived/knownness-ranks.tsv	Tchem	469	unique	NA	NA	NA	NA	NA	NA	unresolved competing genes; gene-body association is not causal assignment	Lifelong developmental, systemic and adult explanations remain. Adult tissue expression observed (basal ganglia); timing not identified.	20.9	basal ganglia	not checked outside pilot	not checked outside pilot	1.8133e-15	positional;eQTL	False	False	Lee CP GCST006572 + GENCODE v19; HGNC/Unknome/Pharos/HPA separate annotations; LD/QTL/perturbation not followed outside pilot; Savage/Genebass overlap; EA excluded	Independent ancestry-matched fine-mapping excludes rs2411453 and assigns a different variant/gene (e.g. GSG1L, RNU6-159P, RNU6-1241P); adult-specific perturbation in the implicated cell type has no predicted functional effect despite verified engagement. Shared-signal evidence disappears on multiple-signal conditioning or complete variant coverage.	association hypothesis only; not an enhancement target
65	ENSG00000053900	ANAPC4	65	R020	rs34811474	1.42e-15	2.556e-13	4.8341627999999994e-09	41286	180	23	CCDC149;LGI2;SEPSECS;PI4K2B;RP11-660M5.1;ZCCHC4;AC108218.1;RP11-206P5.1;ISYNA1P1;RNU7-126P;RP11-302F12.3;SKP1P6;SLC34A2;RPS29P11;SLIRPP2;MTND4P9;MTND4LP22;MTND3P5;MTCO3P44;SEL1L3;RP11-302F12.10;SMIM20;RP13-494C23.1	7.7	14204	Unknome 18_Mar_2026; maximum over uniquely HGNC-mapped proteins; derived/knownness-ranks.tsv	Tbio	134	unique	NA	NA	NA	NA	NA	NA	unresolved competing genes; gene-body association is not causal assignment	Lifelong developmental, systemic and adult explanations remain. Adult tissue expression observed (cerebellum); timing not identified.	16.6	cerebellum	not checked outside pilot	not checked outside pilot	1.6653e-07	NA	False	False	Lee CP GCST006572 + GENCODE v19; HGNC/Unknome/Pharos/HPA separate annotations; LD/QTL/perturbation not followed outside pilot; Savage/Genebass overlap; EA excluded	Independent ancestry-matched fine-mapping excludes rs34811474 and assigns a different variant/gene (e.g. CCDC149, LGI2, SEPSECS); adult-specific perturbation in the implicated cell type has no predicted functional effect despite verified engagement. Shared-signal evidence disappears on multiple-signal conditioning or complete variant coverage.	association hypothesis only; not an enhancement target
66	ENSG00000153064	BANK1	66	R003	rs13126505	1.35e-16	3.40875e-13	6.446968875e-09	663527	2525	27	PPP3CA;MIR1255A;PPP3CA-DT;RNU6-462P;MTND5P5;BANK1-AS1;SLC39A8;RN7SL728P;NFKB1-AS1;AF213884.1;AF213884.2;NFKB1;AF213884.3;MANBA;RPL21P49;LRRC37A15P;KRT8P46;RP11-10L12.1;WDR12P1;UBE2D3;UBE2D3-AS1;RNU7-151P;snoU13;CISD2;SLC9B1;PABPC1P7;ACTR3BP4	9.0	15175	Unknome 18_Mar_2026; maximum over uniquely HGNC-mapped proteins; derived/knownness-ranks.tsv	Tbio	83	unique	0.5115416121002265	2470	True	0.0070185833274879475	0.47748382408600354	NA	unresolved competing genes; gene-body association is not causal assignment	Lifelong developmental, systemic and adult explanations remain. Adult tissue expression observed (cerebellum); timing not identified.	1.9	cerebellum	not established; target mapping/primary phenotype table unavailable	Tian 2019 iPSC-derived glutamatergic neuron survival D14/D21/D28; CROP-seq D7 transcription; not cognitive performance or mature adult physiology	NA	positional	False	False	Lee CP GCST006572 + GENCODE v19; HGNC/Unknome/Pharos/HPA separate annotations; EUR LD + GTEx DLPFC/Catalogue + chain/VEP + Tian guide coverage pilot; Savage/Genebass overlap; EA excluded	Independent ancestry-matched fine-mapping excludes rs13126505 and assigns a different variant/gene (e.g. PPP3CA, MIR1255A, PPP3CA-DT); adult-specific perturbation in the implicated cell type has no predicted functional effect despite verified engagement. Shared-signal evidence disappears on multiple-signal conditioning or complete variant coverage.	association hypothesis only; not an enhancement target
67	ENSG00000181929	PRKAG1	67	R015	rs10783300	1.45e-14	3.4800000000000003e-13	6.581724e-09	16924	24	68	LYLDT1;RP11-722P11.4;OR8S1;OR5BS1;LALBA;OR11M1P;KANSL2;SNORA2C;SNORA2A;SNORA2B;CCNT1;SPMIP11;ADCY6;RP11-579D7.2;MIR4701;ADCY6-DT;ADISSPP1;Y_RNA;CACNB3;DDX23;RND1;RNU6-600P;RPL32P27;RP11-302B13.5;DRC2;FKBP11;AC073610.5;Y_RNA;ARF3;snoU13;WNT10B;RNU6-940P;WNT1;DDN;RP11-386G11.3;DDN-AS1;KMT2D;RHEBL1;DHH;DHH-AS1;LMBR1L;TUBA1B-AS1;TUBA1B;Y_RNA;TUBA1A;TUBA1C;TUBA1C-AS1;RP11-161H23.5;TROAP-AS1;PRPH;TROAP;C1QL4;DNAJC22;SPATS2;RP11-161H23.10;RP11-161H23.8;KCNH3;MCRS1;PRPF40B;RP11-133N21.10;FAM186B;RNU6-834P;POLR2KP1;PARK7P1;HIGD1AP9;FMNL3;TMBIM6;RP11-133N21.12	15.2	17552	Unknome 18_Mar_2026; maximum over uniquely HGNC-mapped proteins; derived/knownness-ranks.tsv	Tchem	187	unique	NA	NA	NA	NA	NA	NA	unresolved competing genes; gene-body association is not causal assignment	Lifelong developmental, systemic and adult explanations remain. Adult tissue expression observed (midbrain); timing not identified.	36.0	midbrain	not checked outside pilot	not checked outside pilot	1.0892e-12	positional;eQTL	False	False	Lee CP GCST006572 + GENCODE v19; HGNC/Unknome/Pharos/HPA separate annotations; LD/QTL/perturbation not followed outside pilot; Savage/Genebass overlap; EA excluded	Independent ancestry-matched fine-mapping excludes rs10783300 and assigns a different variant/gene (e.g. LYLDT1, RP11-722P11.4, OR8S1); adult-specific perturbation in the implicated cell type has no predicted functional effect despite verified engagement. Shared-signal evidence disappears on multiple-signal conditioning or complete variant coverage.	association hypothesis only; not an enhancement target
68	ENSG00000204060	FOXO6	68	R016	rs2364543	6.71e-15	4.5628e-13	8.629623639999999e-09	21669	68	33	ZFP69;EXO5-DT;EXO5;RP11-656D10.5;RP11-656D10.6;ZNF684;RP1-63P18.2;GTF2F2P2;RIMS3;RP4-739H11.3;NFYC-AS1;NFYC;MIR30E;MIR30C1;KCNQ4;RN7SL326P;CITED4;RP5-1066H13.4;RP11-348A7.1;UBE2V1P8;CTPS1;SLFNL1;SCMH1;RPL23AP17;SCMH1-DT;RPL36AP9;FOXO6-AS1;RNA5SP45;EDN2;HIVEP3;RP11-486B10.3;RP11-486B10.4;AL451006.1	3.5	8994	Unknome 18_Mar_2026; maximum over uniquely HGNC-mapped proteins; derived/knownness-ranks.tsv	NA	59	unique	NA	NA	NA	NA	NA	NA	unresolved competing genes; gene-body association is not causal assignment	Lifelong developmental, systemic and adult explanations remain. Adult tissue expression observed (amygdala); timing not identified.	0.0	amygdala	not checked outside pilot	not checked outside pilot	1.6118e-11	positional;eQTL	False	False	Lee CP GCST006572 + GENCODE v19; HGNC/Unknome/Pharos/HPA separate annotations; LD/QTL/perturbation not followed outside pilot; Savage/Genebass overlap; EA excluded	Independent ancestry-matched fine-mapping excludes rs2364543 and assigns a different variant/gene (e.g. ZFP69, EXO5-DT, EXO5); adult-specific perturbation in the implicated cell type has no predicted functional effect despite verified engagement. Shared-signal evidence disappears on multiple-signal conditioning or complete variant coverage.	association hypothesis only; not an enhancement target
69	ENSG00000119866	BCL11A	69	R021	rs10189857	2.03e-15	4.6284e-13	8.75369292e-09	102401	228	22	RP11-444A22.1;MIR4432HG;AC007381.2;RNU1-32P;MIR4432;AC009970.1;RN7SL361P;IFITM3P9;RPL26P13;RNU6-612P;ATP1B3P1;PAPOLG;REL-DT;RN7SL632P;RPL21P33;REL;RNU4-51P;RP11-373L24.1;NONOP2;RPS12P3;PUS10;RNA5SP95	15.7	17645	Unknome 18_Mar_2026; maximum over uniquely HGNC-mapped proteins; derived/knownness-ranks.tsv	Tbio	406	unique	NA	NA	NA	NA	NA	NA	unresolved competing genes; gene-body association is not causal assignment	Lifelong developmental, systemic and adult explanations remain. Adult tissue expression observed (cerebral cortex); timing not identified.	48.2	cerebral cortex	not checked outside pilot	not checked outside pilot	3.9169e-11	positional	False	False	Lee CP GCST006572 + GENCODE v19; HGNC/Unknome/Pharos/HPA separate annotations; LD/QTL/perturbation not followed outside pilot; Savage/Genebass overlap; EA excluded	Independent ancestry-matched fine-mapping excludes rs10189857 and assigns a different variant/gene (e.g. RP11-444A22.1, MIR4432HG, AC007381.2); adult-specific perturbation in the implicated cell type has no predicted functional effect despite verified engagement. Shared-signal evidence disappears on multiple-signal conditioning or complete variant coverage.	association hypothesis only; not an enhancement target
70	ENSG00000185130	H2BC13	70	R008	rs200484	2.56e-13	5.12e-13	9.683456000000001e-09	453	2	515	ACOT13;RP1-30M3.5;C6orf62;RP1-30M3.6;LINC02828;AP3S1P1;GMNN;ARMH2;RIPOR2;AL512428.1;MTCO2P33;PPIAP29;RP11-367G6.3;ASS1P1;RN7SL334P;RP3-425P12.5;RP3-425P12.1;RP3-425P12.2;CMAHP;NUP50P2;CANT1P1;UBE2D3P5;RNY5P5;AL590084.1;RP11-191A15.4;RP3-522P13.3;KATNBL1P5;RPL21P68;HNRNPA3P17;CARMIL1;Y_RNA;RNU6-987P;AL160037.1;snoU13;SCGN;PRELID1P2;H2AC1;H2BC1;H2BC2P;H2AC2P;SLC17A4;SLC17A1;SLC17A3;H2AC3P;SLC17A2;TRIM38;U91328.21;U91328.20;LINC02980;U91328.22;H3P26;H1-1;HIST1H3A;HIST1H4A;HIST1H4B;HIST1H3B;HIST1H2AB;HIST1H2BB;H2AC5P;HIST1H3C;H1-2;HFE;H4C3;H1-6;H2BC4;H2AC6;H1-4;H2BC5;LARP1P1;HIST1H2BE;HIST1H4D;H1-12P;H3C4;H2AC7;HIST1H2BF;RP1-34B20.4;HIST1H4E;HIST1H2BG;HIST1H2AE;HIST1H3E;H2AC9P;H1-3;HIST1H4F;HIST1H4G;HIST1H3F;HIST1H2BH;HIST1H3G;H2AC10P;HIST1H2BI;H4C8;H3C9P;RNU6-1259P;BTN3A2;AL021917.1;BTN2A2;BTN3A1;BTN2A3P;BTN3A3;BTN2A1;BTN1A1;RNU6-502P;HCG11;CTA-14H9.5;HMGN4;ABT1;RP11-457M11.6;VN1R14P;RP11-457M11.2;ZNF322;RP11-457M11.5;GUSBP2;POM121L6P;LINC00240;RP11-239L20.6;TRNAI2;VN1R12P;VN1R13P;VN1R11P;RNU2-62P;RP1-86C11.7;H2BC11;H2AC11;H2BC12;HIST1H4I;HIST1H2AH;MIR3143;RPL10P2;PRSS16;CDCA7P1;POM121L2;VN1R10P;ZNF204P;ZNF391;RP1-153G14.4;MCFD2P1;ZNF184;XXbac-BPGBPG34I8.1;HNRNPA1P1;CD83P1;RNU6-471P;TRNAI6;RPL8P1;GPHRP1;RSL24D1P1;H4C10P;H2AC13;HIST1H3H;HIST1H2AJ;HIST1H2BM;H4C11;HIST1H4K;HIST1H2AK;H2BC15;H2BC16P;HIST1H2AL;H1-5;HIST1H3I;HIST1H4L;H3C12;HIST1H2AM;HIST1H2BO;RNU7-26P;OR2B2;OR2W6P;OR2B6;RPLP2P1;OR2W4P;IQCB2P;U3;OR2W2P;OR2B7P;OR2B8;OR1F12P;RP1-313I6.12;ZNF165;ZSCAN12P1;ZNF602P;ZSCAN16-AS1;ZSCAN16;RP1-265C24.8;ZKSCAN8;ZKSCAN8P1;ZNF603P;ZKSCAN8P2;TOB2P1;ZSCAN9;ZKSCAN4;NKAPL;ZSCAN26;PGBD1;SMIM15P2;ZSCAN31;ZKSCAN3;ZSCAN12;RNU2-45P;ZSCAN23;COX11P1;OR2E1P;GPX6;GPX5;SCAND3;SCAND3-AS1;COX8CP1;AL121932.1;LINC00533;RPSAP2;AL662890.1;NOP56P1;AL662890.3;XXbac-BPG308K3.5;LINC01623;RPL13P;ZNF90P2;HCG14;TRIM27;RNU6-930P;LINC01556;KRT18P1;RN7SL471P;HCG15;HCG16;ZNF311;OR2AD1P;OR2W1;OR2P1P;SAR1AP1;OR2B3;OR2J1;OR2J3;XXbac-BCX196D17.5;OR2N1P;OR2J2;OR2J4P;OR2H4P;XXbac-BPG308J9.3;OR2G1P;OR2U1P;OR2U2P;OR2B4P;OR14J1;DDX6P1;OR5V1;OR12D3;OR12D2;OR12D1;OR11A1;OR10C1;OR2H1;UBDP1;MAS1LP1;MAS1L;RPS17P1;LINC02829;LINC01015;MAS1LP2;OR2I1;UBD;GABBR1;OR2H5P;TMEM183AP1;SNORD32B;RPL13AP;OR2H2;SUMO2P1;MOG;ZFP57;ZDHHC20P1;HLA-F;HCG4P11;HLA-F-AS1;RPL23AP1;MICE;HCG9P5;Y_RNA;IFITM4P;XXbac-BPG170G13.32;XXbac-BPG170G13.31;HLA-V;HCG4;HLA-P;RPL7AP7;MICG;HLA-G;HCG4P8;MICF;HCG4P7;HLA-H;HLA-T;DDX39BP1;MCCD1P1;HCG4B;HLA-K;HLA-U;HLA-A;HCG4P5;HLA-W;MICD;HCG9;DDX39BP2;MCCD1P2;POLR1HASP;HCG4P3;HLA-J;ETF1P1;POLR1H;PPP1R11;RNF39;AL669914.1;TRIM31;TRIM31-AS1;SNORA48;TRIM40;TRIM10;TRIM15;TRIM26;PAIP1P1;HCG17;TRIM26BP;HLA-L;HCG18;TRIM39;TRIM39-RPP21;RPP21;HLA-N;HCG19P;UBQLN1P1;MICC;TMPOP1;SUCLA2P1;RANP1;HLA-E;LINC02569;GNL1;PRR3;ABCF1;MIR877;PPP1R10;AL662800.1;MRPS18B;ATAT1;PTMAP1;C6orf136;AL662800.2;DHX16;PPP1R18;NRM;RPL7P4;MDC1;MDC1-AS1;TUBB;XXbac-BPG252P9.9;FLOT1;Y_RNA;IER3-AS1;IER3;RN7SL353P;HCG20;LINC00243;LINC02570;RN7SKP186;DDR1-DT;DDR1;MIR4640;RN7SL175P;GTF2H4;VARS2;SFTA2;Y_RNA;MUCL3;HCG21;MUC21;MUC22;HCG22;RNU6-1133P;C6orf15;PSORS1C1;CDSN;PSORS1C2;POLR2LP1;CCHCR1;TCF19;POU5F1;PSORS1C3;XXbac-BPG299F13.17;HCG27;XXbac-BPG299F13.14;XXbac-BPG299F13.15;XXbac-BPG299F13.16;HLA-C;USP8P1;RPL3P2;WASF5P;LINC02571;XXbac-BPG248L24.10;HLA-B;XXbac-BPG248L24.12;DHFRP2;RNU6-283P;AL671883.1;FGFR3P1;ZDHHC20P2;HLA-S;XXbac-BPG181B23.7;HCP5;Y_RNA;MICA;LINC01149;XXbac-BPG181B23.6;MICB;Y_RNA;XXbac-BPG16N22.5;PPIAP9;RPL15P4;MCCD1;ATP6V1G2-DDX39B;DDX39B;SNORD117;SNORD84;DDX39B-AS1;ATP6V1G2;NFKBIL1;LTA;TNF;LTB;LST1;NCR3;UQCRHP1;AIF1;PRRC2A;SNORA38;BAG6;APOM;C6orf47;C6orf47-AS1;GPANK1;Y_RNA;CSNK2B;CSNK2B-LY6G5B-1181;LY6G5B;LY6G5C;ABHD16A;XXbac-BPG32J3.20;MIR4646;LY6G6F;LY6G6F-LY6G6D;LY6G6E;LY6G6D;MPIG6B;LY6G6C;DDAH2;CLIC1;MSH5;MSH5-SAPCD1;RNU6-850P;SAPCD1;SAPCD1-AS1;VWA7;VARS1;Y_RNA;LSM2;HSPA1L;HSPA1A;HSPA1B;SNHG32;SNORD48;SNORD52;NEU1;SLC44A4;EHMT2;EHMT2-AS1;C2;ZBTB12;CFB;CFB;NELFE;MIR1236;SKIC2;DXO;WHR1;C4A;C4A-AS1;CYP21A1P;AL645922.1;TNXA;WHR1B;C4B;C4B-AS1;CYP21A2;TNXB;RNA5SP206;ATF6B;FKBPL;PRRT1;PPT2;PPT2-EGFL8;EGFL8;AGPAT1;RNF5;AGER;PBX2;XXbac-BPG300A18.13;GPSM3;NOTCH4;TSBP1-AS1;TSBP1;HNRNPA1P2;RNU6-603P;HCG23;BTNL2;HLA-DRA;HLA-DRB9;HLA-DRB5;RNU1-61P;HLA-DRB6;HLA-DRB1	4.2	10017	Unknome 18_Mar_2026; maximum over uniquely HGNC-mapped proteins; derived/knownness-ranks.tsv	Tbio	111	unique	NA	NA	NA	NA	NA	NA	unresolved competing genes; gene-body association is not causal assignment	Lifelong developmental, systemic and adult explanations remain. Adult tissue expression observed (spinal cord); timing not identified.	0.5	spinal cord	not checked outside pilot	not checked outside pilot	NA	NA	False	False	Lee CP GCST006572 + GENCODE v19; HGNC/Unknome/Pharos/HPA separate annotations; LD/QTL/perturbation not followed outside pilot; Savage/Genebass overlap; EA excluded	Independent ancestry-matched fine-mapping excludes rs200484 and assigns a different variant/gene (e.g. ACOT13, RP1-30M3.5, C6orf62); adult-specific perturbation in the implicated cell type has no predicted functional effect despite verified engagement. Shared-signal evidence disappears on multiple-signal conditioning or complete variant coverage.	association hypothesis only; not an enhancement target
71	ENSG00000176476	SGF29	71	R010	rs7191618	5.48e-15	6.6856e-13	1.264447528e-08	37876	122	79	GSG1L;RNU6-159P;RNU6-1241P;XPO6;TPRKBP2;SNORA25;RNY1P10;GAPDHP35;RP11-57A19.2;SBK1;NPIPB6;RP11-435I10.5;EIF3CL;CDC37P2;snoU13;RP11-57A19.5;NPIPB7;CLN3;CLN3;APOBR;IL27;NUPR1;RP11-666O2.1;SULT1A2;SULT1A1;NPIPB8;PLA2G10DP;snoU13;EIF3C;CDC37P1;RP11-1348G14.6;NPIPB9;snoU13;RP11-1348G14.4;RP11-1348G14.1;RP11-1348G14.5;ATXN2L;RP11-24N18.1;TUFM;MIR4721;SH2B1;RP11-22P6.2;ATP2A1;ATP2A1-AS1;SNORA43;RABEP2;CD19;NFATC2IP;NFATC2IP-AS1;MIR4517;SPNS1;RP11-264B17.3;RP11-264B17.4;LAT;RP11-264B17.5;NPIPB10P;PLA2G10CP;snoU13;RRN3P2;RP11-426C22.5;RP11-426C22.4;AC009093.1;SNX29P2;RP11-426C22.6;RP11-231C14.6;SNX29P2;NPIPB11;SMG1P6;snoU13;BOLA2-SMG1P6;RP11-345J4.6;BOLA2;SLX1B;SLX1B-SULT1A4;SULT1A4;SGF29P1;RP11-345J4.1;PLA2G10HP;NPIPB12	11.2	16350	Unknome 18_Mar_2026; maximum over uniquely HGNC-mapped proteins; derived/knownness-ranks.tsv	Tbio	78	unique	NA	NA	NA	NA	NA	NA	unresolved competing genes; gene-body association is not causal assignment	Lifelong developmental, systemic and adult explanations remain. Adult tissue expression observed (cerebellum); timing not identified.	21.6	cerebellum	not checked outside pilot	not checked outside pilot	1.1499e-14	positional;eQTL	False	False	Lee CP GCST006572 + GENCODE v19; HGNC/Unknome/Pharos/HPA separate annotations; LD/QTL/perturbation not followed outside pilot; Savage/Genebass overlap; EA excluded	Independent ancestry-matched fine-mapping excludes rs7191618 and assigns a different variant/gene (e.g. GSG1L, RNU6-159P, RNU6-1241P); adult-specific perturbation in the implicated cell type has no predicted functional effect despite verified engagement. Shared-signal evidence disappears on multiple-signal conditioning or complete variant coverage.	association hypothesis only; not an enhancement target
72	ENSG00000107859	PITX3	72	R011	rs733283	3.91e-14	8.211e-13	1.55294643e-08	11289	21	63	LBX1-AS1;LINC02681;SNORD112;RNU2-43P;RP11-107I14.2;RP11-107I14.5;BTRC;RNU2-59P;snoU13;DPCD;POLL;MIR3158-1;FBXW4;RNU6-1165P;LINC03046;FGF8;NPM3;OGA;KCNIP2-AS1;KCNIP2;ARMH3;Y_RNA;HPS6;RP11-302K17.3;RP11-302K17.4;SNORD112;LDB1;PPRC1;NOLC1;ELOVL3;GBF1;AL160011.1;NFKB2;PSD;FBXL15;CUEDC2;MIR146B;C10orf95-AS1;C10orf95;SLC68A1;ACTR1A;RP11-18I14.11;SUFU;RN7SL21P;RPL23AP58;RNU6-43P;TRIM8-DT;TRIM8;ARL3;SFXN2;WBP1L;RNU6-1231P;CYP17A1;CYP17A1-AS1;PFN1P11;PTGES3P4;BORCS7;BORCS7-ASMT;RNU6-372P;AS3MT;RPL22P17;RP11-724N1.1;CNNM2	8.1	14536	Unknome 18_Mar_2026; maximum over uniquely HGNC-mapped proteins; derived/knownness-ranks.tsv	Tbio	61	unique	NA	NA	NA	NA	NA	NA	unresolved competing genes; gene-body association is not causal assignment	Lifelong developmental, systemic and adult explanations remain. Adult tissue expression observed (midbrain); timing not identified.	3.3	midbrain	not checked outside pilot	not checked outside pilot	2.744e-12	positional;eQTL;chromatin	False	False	Lee CP GCST006572 + GENCODE v19; HGNC/Unknome/Pharos/HPA separate annotations; LD/QTL/perturbation not followed outside pilot; Savage/Genebass overlap; EA excluded	Independent ancestry-matched fine-mapping excludes rs733283 and assigns a different variant/gene (e.g. LBX1-AS1, LINC02681, SNORD112); adult-specific perturbation in the implicated cell type has no predicted functional effect despite verified engagement. Shared-signal evidence disappears on multiple-signal conditioning or complete variant coverage.	association hypothesis only; not an enhancement target
73	ENSG00000184730	APOBR	73	R010	rs151174	5.61e-14	8.415e-13	1.59152895e-08	4322	15	79	GSG1L;RNU6-159P;RNU6-1241P;XPO6;TPRKBP2;SNORA25;RNY1P10;GAPDHP35;RP11-57A19.2;SBK1;NPIPB6;RP11-435I10.5;EIF3CL;CDC37P2;snoU13;RP11-57A19.5;NPIPB7;CLN3;CLN3;IL27;NUPR1;RP11-666O2.1;SGF29;SULT1A2;SULT1A1;NPIPB8;PLA2G10DP;snoU13;EIF3C;CDC37P1;RP11-1348G14.6;NPIPB9;snoU13;RP11-1348G14.4;RP11-1348G14.1;RP11-1348G14.5;ATXN2L;RP11-24N18.1;TUFM;MIR4721;SH2B1;RP11-22P6.2;ATP2A1;ATP2A1-AS1;SNORA43;RABEP2;CD19;NFATC2IP;NFATC2IP-AS1;MIR4517;SPNS1;RP11-264B17.3;RP11-264B17.4;LAT;RP11-264B17.5;NPIPB10P;PLA2G10CP;snoU13;RRN3P2;RP11-426C22.5;RP11-426C22.4;AC009093.1;SNX29P2;RP11-426C22.6;RP11-231C14.6;SNX29P2;NPIPB11;SMG1P6;snoU13;BOLA2-SMG1P6;RP11-345J4.6;BOLA2;SLX1B;SLX1B-SULT1A4;SULT1A4;SGF29P1;RP11-345J4.1;PLA2G10HP;NPIPB12	2.6	7291	Unknome 18_Mar_2026; maximum over uniquely HGNC-mapped proteins; derived/knownness-ranks.tsv	Tbio	16	unique	NA	NA	NA	NA	NA	NA	unresolved competing genes; gene-body association is not causal assignment	Lifelong developmental, systemic and adult explanations remain. Adult tissue expression observed (spinal cord); timing not identified.	2.8	spinal cord	not checked outside pilot	not checked outside pilot	2.7674e-14	positional	False	False	Lee CP GCST006572 + GENCODE v19; HGNC/Unknome/Pharos/HPA separate annotations; LD/QTL/perturbation not followed outside pilot; Savage/Genebass overlap; EA excluded	Independent ancestry-matched fine-mapping excludes rs151174 and assigns a different variant/gene (e.g. GSG1L, RNU6-159P, RNU6-1241P); adult-specific perturbation in the implicated cell type has no predicted functional effect despite verified engagement. Shared-signal evidence disappears on multiple-signal conditioning or complete variant coverage.	association hypothesis only; not an enhancement target
74	ENSG00000198374	HIST1H2AL	74	R008	rs200981	3.08e-13	1.232e-12	2.3300816e-08	573	4	515	ACOT13;RP1-30M3.5;C6orf62;RP1-30M3.6;LINC02828;AP3S1P1;GMNN;ARMH2;RIPOR2;AL512428.1;MTCO2P33;PPIAP29;RP11-367G6.3;ASS1P1;RN7SL334P;RP3-425P12.5;RP3-425P12.1;RP3-425P12.2;CMAHP;NUP50P2;CANT1P1;UBE2D3P5;RNY5P5;AL590084.1;RP11-191A15.4;RP3-522P13.3;KATNBL1P5;RPL21P68;HNRNPA3P17;CARMIL1;Y_RNA;RNU6-987P;AL160037.1;snoU13;SCGN;PRELID1P2;H2AC1;H2BC1;H2BC2P;H2AC2P;SLC17A4;SLC17A1;SLC17A3;H2AC3P;SLC17A2;TRIM38;U91328.21;U91328.20;LINC02980;U91328.22;H3P26;H1-1;HIST1H3A;HIST1H4A;HIST1H4B;HIST1H3B;HIST1H2AB;HIST1H2BB;H2AC5P;HIST1H3C;H1-2;HFE;H4C3;H1-6;H2BC4;H2AC6;H1-4;H2BC5;LARP1P1;HIST1H2BE;HIST1H4D;H1-12P;H3C4;H2AC7;HIST1H2BF;RP1-34B20.4;HIST1H4E;HIST1H2BG;HIST1H2AE;HIST1H3E;H2AC9P;H1-3;HIST1H4F;HIST1H4G;HIST1H3F;HIST1H2BH;HIST1H3G;H2AC10P;HIST1H2BI;H4C8;H3C9P;RNU6-1259P;BTN3A2;AL021917.1;BTN2A2;BTN3A1;BTN2A3P;BTN3A3;BTN2A1;BTN1A1;RNU6-502P;HCG11;CTA-14H9.5;HMGN4;ABT1;RP11-457M11.6;VN1R14P;RP11-457M11.2;ZNF322;RP11-457M11.5;GUSBP2;POM121L6P;LINC00240;RP11-239L20.6;TRNAI2;VN1R12P;VN1R13P;VN1R11P;RNU2-62P;RP1-86C11.7;H2BC11;H2AC11;H2BC12;HIST1H4I;HIST1H2AH;MIR3143;RPL10P2;PRSS16;CDCA7P1;POM121L2;VN1R10P;ZNF204P;ZNF391;RP1-153G14.4;MCFD2P1;ZNF184;XXbac-BPGBPG34I8.1;HNRNPA1P1;CD83P1;RNU6-471P;TRNAI6;RPL8P1;GPHRP1;RSL24D1P1;H4C10P;H2BC13;H2AC13;HIST1H3H;HIST1H2AJ;HIST1H2BM;H4C11;HIST1H4K;HIST1H2AK;H2BC15;H2BC16P;H1-5;HIST1H3I;HIST1H4L;H3C12;HIST1H2AM;HIST1H2BO;RNU7-26P;OR2B2;OR2W6P;OR2B6;RPLP2P1;OR2W4P;IQCB2P;U3;OR2W2P;OR2B7P;OR2B8;OR1F12P;RP1-313I6.12;ZNF165;ZSCAN12P1;ZNF602P;ZSCAN16-AS1;ZSCAN16;RP1-265C24.8;ZKSCAN8;ZKSCAN8P1;ZNF603P;ZKSCAN8P2;TOB2P1;ZSCAN9;ZKSCAN4;NKAPL;ZSCAN26;PGBD1;SMIM15P2;ZSCAN31;ZKSCAN3;ZSCAN12;RNU2-45P;ZSCAN23;COX11P1;OR2E1P;GPX6;GPX5;SCAND3;SCAND3-AS1;COX8CP1;AL121932.1;LINC00533;RPSAP2;AL662890.1;NOP56P1;AL662890.3;XXbac-BPG308K3.5;LINC01623;RPL13P;ZNF90P2;HCG14;TRIM27;RNU6-930P;LINC01556;KRT18P1;RN7SL471P;HCG15;HCG16;ZNF311;OR2AD1P;OR2W1;OR2P1P;SAR1AP1;OR2B3;OR2J1;OR2J3;XXbac-BCX196D17.5;OR2N1P;OR2J2;OR2J4P;OR2H4P;XXbac-BPG308J9.3;OR2G1P;OR2U1P;OR2U2P;OR2B4P;OR14J1;DDX6P1;OR5V1;OR12D3;OR12D2;OR12D1;OR11A1;OR10C1;OR2H1;UBDP1;MAS1LP1;MAS1L;RPS17P1;LINC02829;LINC01015;MAS1LP2;OR2I1;UBD;GABBR1;OR2H5P;TMEM183AP1;SNORD32B;RPL13AP;OR2H2;SUMO2P1;MOG;ZFP57;ZDHHC20P1;HLA-F;HCG4P11;HLA-F-AS1;RPL23AP1;MICE;HCG9P5;Y_RNA;IFITM4P;XXbac-BPG170G13.32;XXbac-BPG170G13.31;HLA-V;HCG4;HLA-P;RPL7AP7;MICG;HLA-G;HCG4P8;MICF;HCG4P7;HLA-H;HLA-T;DDX39BP1;MCCD1P1;HCG4B;HLA-K;HLA-U;HLA-A;HCG4P5;HLA-W;MICD;HCG9;DDX39BP2;MCCD1P2;POLR1HASP;HCG4P3;HLA-J;ETF1P1;POLR1H;PPP1R11;RNF39;AL669914.1;TRIM31;TRIM31-AS1;SNORA48;TRIM40;TRIM10;TRIM15;TRIM26;PAIP1P1;HCG17;TRIM26BP;HLA-L;HCG18;TRIM39;TRIM39-RPP21;RPP21;HLA-N;HCG19P;UBQLN1P1;MICC;TMPOP1;SUCLA2P1;RANP1;HLA-E;LINC02569;GNL1;PRR3;ABCF1;MIR877;PPP1R10;AL662800.1;MRPS18B;ATAT1;PTMAP1;C6orf136;AL662800.2;DHX16;PPP1R18;NRM;RPL7P4;MDC1;MDC1-AS1;TUBB;XXbac-BPG252P9.9;FLOT1;Y_RNA;IER3-AS1;IER3;RN7SL353P;HCG20;LINC00243;LINC02570;RN7SKP186;DDR1-DT;DDR1;MIR4640;RN7SL175P;GTF2H4;VARS2;SFTA2;Y_RNA;MUCL3;HCG21;MUC21;MUC22;HCG22;RNU6-1133P;C6orf15;PSORS1C1;CDSN;PSORS1C2;POLR2LP1;CCHCR1;TCF19;POU5F1;PSORS1C3;XXbac-BPG299F13.17;HCG27;XXbac-BPG299F13.14;XXbac-BPG299F13.15;XXbac-BPG299F13.16;HLA-C;USP8P1;RPL3P2;WASF5P;LINC02571;XXbac-BPG248L24.10;HLA-B;XXbac-BPG248L24.12;DHFRP2;RNU6-283P;AL671883.1;FGFR3P1;ZDHHC20P2;HLA-S;XXbac-BPG181B23.7;HCP5;Y_RNA;MICA;LINC01149;XXbac-BPG181B23.6;MICB;Y_RNA;XXbac-BPG16N22.5;PPIAP9;RPL15P4;MCCD1;ATP6V1G2-DDX39B;DDX39B;SNORD117;SNORD84;DDX39B-AS1;ATP6V1G2;NFKBIL1;LTA;TNF;LTB;LST1;NCR3;UQCRHP1;AIF1;PRRC2A;SNORA38;BAG6;APOM;C6orf47;C6orf47-AS1;GPANK1;Y_RNA;CSNK2B;CSNK2B-LY6G5B-1181;LY6G5B;LY6G5C;ABHD16A;XXbac-BPG32J3.20;MIR4646;LY6G6F;LY6G6F-LY6G6D;LY6G6E;LY6G6D;MPIG6B;LY6G6C;DDAH2;CLIC1;MSH5;MSH5-SAPCD1;RNU6-850P;SAPCD1;SAPCD1-AS1;VWA7;VARS1;Y_RNA;LSM2;HSPA1L;HSPA1A;HSPA1B;SNHG32;SNORD48;SNORD52;NEU1;SLC44A4;EHMT2;EHMT2-AS1;C2;ZBTB12;CFB;CFB;NELFE;MIR1236;SKIC2;DXO;WHR1;C4A;C4A-AS1;CYP21A1P;AL645922.1;TNXA;WHR1B;C4B;C4B-AS1;CYP21A2;TNXB;RNA5SP206;ATF6B;FKBPL;PRRT1;PPT2;PPT2-EGFL8;EGFL8;AGPAT1;RNF5;AGER;PBX2;XXbac-BPG300A18.13;GPSM3;NOTCH4;TSBP1-AS1;TSBP1;HNRNPA1P2;RNU6-603P;HCG23;BTNL2;HLA-DRA;HLA-DRB9;HLA-DRB5;RNU1-61P;HLA-DRB6;HLA-DRB1	NA	NA	Unknome unmapped/unscored; not zero knownness	NA	NA	unmapped	NA	NA	NA	NA	NA	NA	unresolved competing genes; gene-body association is not causal assignment	Lifelong developmental, systemic and adult explanations remain. Adult brain expression not covered in HPA; not evidence of absence.	NA	NA	not checked outside pilot	not checked outside pilot	NA	NA	False	False	Lee CP GCST006572 + GENCODE v19; HGNC/Unknome/Pharos/HPA separate annotations; LD/QTL/perturbation not followed outside pilot; Savage/Genebass overlap; EA excluded	Independent ancestry-matched fine-mapping excludes rs200981 and assigns a different variant/gene (e.g. ACOT13, RP1-30M3.5, C6orf62); adult-specific perturbation in the implicated cell type has no predicted functional effect despite verified engagement. Shared-signal evidence disappears on multiple-signal conditioning or complete variant coverage.	association hypothesis only; not an enhancement target
75	ENSG00000197846	HIST1H2BF	75	R008	rs34961555	1.16e-13	1.3920000000000001e-12	2.6326896e-08	1195	12	515	ACOT13;RP1-30M3.5;C6orf62;RP1-30M3.6;LINC02828;AP3S1P1;GMNN;ARMH2;RIPOR2;AL512428.1;MTCO2P33;PPIAP29;RP11-367G6.3;ASS1P1;RN7SL334P;RP3-425P12.5;RP3-425P12.1;RP3-425P12.2;CMAHP;NUP50P2;CANT1P1;UBE2D3P5;RNY5P5;AL590084.1;RP11-191A15.4;RP3-522P13.3;KATNBL1P5;RPL21P68;HNRNPA3P17;CARMIL1;Y_RNA;RNU6-987P;AL160037.1;snoU13;SCGN;PRELID1P2;H2AC1;H2BC1;H2BC2P;H2AC2P;SLC17A4;SLC17A1;SLC17A3;H2AC3P;SLC17A2;TRIM38;U91328.21;U91328.20;LINC02980;U91328.22;H3P26;H1-1;HIST1H3A;HIST1H4A;HIST1H4B;HIST1H3B;HIST1H2AB;HIST1H2BB;H2AC5P;HIST1H3C;H1-2;HFE;H4C3;H1-6;H2BC4;H2AC6;H1-4;H2BC5;LARP1P1;HIST1H2BE;HIST1H4D;H1-12P;H3C4;H2AC7;RP1-34B20.4;HIST1H4E;HIST1H2BG;HIST1H2AE;HIST1H3E;H2AC9P;H1-3;HIST1H4F;HIST1H4G;HIST1H3F;HIST1H2BH;HIST1H3G;H2AC10P;HIST1H2BI;H4C8;H3C9P;RNU6-1259P;BTN3A2;AL021917.1;BTN2A2;BTN3A1;BTN2A3P;BTN3A3;BTN2A1;BTN1A1;RNU6-502P;HCG11;CTA-14H9.5;HMGN4;ABT1;RP11-457M11.6;VN1R14P;RP11-457M11.2;ZNF322;RP11-457M11.5;GUSBP2;POM121L6P;LINC00240;RP11-239L20.6;TRNAI2;VN1R12P;VN1R13P;VN1R11P;RNU2-62P;RP1-86C11.7;H2BC11;H2AC11;H2BC12;HIST1H4I;HIST1H2AH;MIR3143;RPL10P2;PRSS16;CDCA7P1;POM121L2;VN1R10P;ZNF204P;ZNF391;RP1-153G14.4;MCFD2P1;ZNF184;XXbac-BPGBPG34I8.1;HNRNPA1P1;CD83P1;RNU6-471P;TRNAI6;RPL8P1;GPHRP1;RSL24D1P1;H4C10P;H2BC13;H2AC13;HIST1H3H;HIST1H2AJ;HIST1H2BM;H4C11;HIST1H4K;HIST1H2AK;H2BC15;H2BC16P;HIST1H2AL;H1-5;HIST1H3I;HIST1H4L;H3C12;HIST1H2AM;HIST1H2BO;RNU7-26P;OR2B2;OR2W6P;OR2B6;RPLP2P1;OR2W4P;IQCB2P;U3;OR2W2P;OR2B7P;OR2B8;OR1F12P;RP1-313I6.12;ZNF165;ZSCAN12P1;ZNF602P;ZSCAN16-AS1;ZSCAN16;RP1-265C24.8;ZKSCAN8;ZKSCAN8P1;ZNF603P;ZKSCAN8P2;TOB2P1;ZSCAN9;ZKSCAN4;NKAPL;ZSCAN26;PGBD1;SMIM15P2;ZSCAN31;ZKSCAN3;ZSCAN12;RNU2-45P;ZSCAN23;COX11P1;OR2E1P;GPX6;GPX5;SCAND3;SCAND3-AS1;COX8CP1;AL121932.1;LINC00533;RPSAP2;AL662890.1;NOP56P1;AL662890.3;XXbac-BPG308K3.5;LINC01623;RPL13P;ZNF90P2;HCG14;TRIM27;RNU6-930P;LINC01556;KRT18P1;RN7SL471P;HCG15;HCG16;ZNF311;OR2AD1P;OR2W1;OR2P1P;SAR1AP1;OR2B3;OR2J1;OR2J3;XXbac-BCX196D17.5;OR2N1P;OR2J2;OR2J4P;OR2H4P;XXbac-BPG308J9.3;OR2G1P;OR2U1P;OR2U2P;OR2B4P;OR14J1;DDX6P1;OR5V1;OR12D3;OR12D2;OR12D1;OR11A1;OR10C1;OR2H1;UBDP1;MAS1LP1;MAS1L;RPS17P1;LINC02829;LINC01015;MAS1LP2;OR2I1;UBD;GABBR1;OR2H5P;TMEM183AP1;SNORD32B;RPL13AP;OR2H2;SUMO2P1;MOG;ZFP57;ZDHHC20P1;HLA-F;HCG4P11;HLA-F-AS1;RPL23AP1;MICE;HCG9P5;Y_RNA;IFITM4P;XXbac-BPG170G13.32;XXbac-BPG170G13.31;HLA-V;HCG4;HLA-P;RPL7AP7;MICG;HLA-G;HCG4P8;MICF;HCG4P7;HLA-H;HLA-T;DDX39BP1;MCCD1P1;HCG4B;HLA-K;HLA-U;HLA-A;HCG4P5;HLA-W;MICD;HCG9;DDX39BP2;MCCD1P2;POLR1HASP;HCG4P3;HLA-J;ETF1P1;POLR1H;PPP1R11;RNF39;AL669914.1;TRIM31;TRIM31-AS1;SNORA48;TRIM40;TRIM10;TRIM15;TRIM26;PAIP1P1;HCG17;TRIM26BP;HLA-L;HCG18;TRIM39;TRIM39-RPP21;RPP21;HLA-N;HCG19P;UBQLN1P1;MICC;TMPOP1;SUCLA2P1;RANP1;HLA-E;LINC02569;GNL1;PRR3;ABCF1;MIR877;PPP1R10;AL662800.1;MRPS18B;ATAT1;PTMAP1;C6orf136;AL662800.2;DHX16;PPP1R18;NRM;RPL7P4;MDC1;MDC1-AS1;TUBB;XXbac-BPG252P9.9;FLOT1;Y_RNA;IER3-AS1;IER3;RN7SL353P;HCG20;LINC00243;LINC02570;RN7SKP186;DDR1-DT;DDR1;MIR4640;RN7SL175P;GTF2H4;VARS2;SFTA2;Y_RNA;MUCL3;HCG21;MUC21;MUC22;HCG22;RNU6-1133P;C6orf15;PSORS1C1;CDSN;PSORS1C2;POLR2LP1;CCHCR1;TCF19;POU5F1;PSORS1C3;XXbac-BPG299F13.17;HCG27;XXbac-BPG299F13.14;XXbac-BPG299F13.15;XXbac-BPG299F13.16;HLA-C;USP8P1;RPL3P2;WASF5P;LINC02571;XXbac-BPG248L24.10;HLA-B;XXbac-BPG248L24.12;DHFRP2;RNU6-283P;AL671883.1;FGFR3P1;ZDHHC20P2;HLA-S;XXbac-BPG181B23.7;HCP5;Y_RNA;MICA;LINC01149;XXbac-BPG181B23.6;MICB;Y_RNA;XXbac-BPG16N22.5;PPIAP9;RPL15P4;MCCD1;ATP6V1G2-DDX39B;DDX39B;SNORD117;SNORD84;DDX39B-AS1;ATP6V1G2;NFKBIL1;LTA;TNF;LTB;LST1;NCR3;UQCRHP1;AIF1;PRRC2A;SNORA38;BAG6;APOM;C6orf47;C6orf47-AS1;GPANK1;Y_RNA;CSNK2B;CSNK2B-LY6G5B-1181;LY6G5B;LY6G5C;ABHD16A;XXbac-BPG32J3.20;MIR4646;LY6G6F;LY6G6F-LY6G6D;LY6G6E;LY6G6D;MPIG6B;LY6G6C;DDAH2;CLIC1;MSH5;MSH5-SAPCD1;RNU6-850P;SAPCD1;SAPCD1-AS1;VWA7;VARS1;Y_RNA;LSM2;HSPA1L;HSPA1A;HSPA1B;SNHG32;SNORD48;SNORD52;NEU1;SLC44A4;EHMT2;EHMT2-AS1;C2;ZBTB12;CFB;CFB;NELFE;MIR1236;SKIC2;DXO;WHR1;C4A;C4A-AS1;CYP21A1P;AL645922.1;TNXA;WHR1B;C4B;C4B-AS1;CYP21A2;TNXB;RNA5SP206;ATF6B;FKBPL;PRRT1;PPT2;PPT2-EGFL8;EGFL8;AGPAT1;RNF5;AGER;PBX2;XXbac-BPG300A18.13;GPSM3;NOTCH4;TSBP1-AS1;TSBP1;HNRNPA1P2;RNU6-603P;HCG23;BTNL2;HLA-DRA;HLA-DRB9;HLA-DRB5;RNU1-61P;HLA-DRB6;HLA-DRB1	NA	NA	Unknome unmapped/unscored; not zero knownness	NA	NA	unmapped	NA	NA	NA	NA	NA	NA	unresolved competing genes; gene-body association is not causal assignment	Lifelong developmental, systemic and adult explanations remain. Adult brain expression not covered in HPA; not evidence of absence.	NA	NA	not checked outside pilot	not checked outside pilot	NA	NA	False	False	Lee CP GCST006572 + GENCODE v19; HGNC/Unknome/Pharos/HPA separate annotations; LD/QTL/perturbation not followed outside pilot; Savage/Genebass overlap; EA excluded	Independent ancestry-matched fine-mapping excludes rs34961555 and assigns a different variant/gene (e.g. ACOT13, RP1-30M3.5, C6orf62); adult-specific perturbation in the implicated cell type has no predicted functional effect despite verified engagement. Shared-signal evidence disappears on multiple-signal conditioning or complete variant coverage.	association hypothesis only; not an enhancement target
76	ENSG00000182611	HIST1H2AJ	76	R008	rs401763	4.23e-13	1.692e-12	3.2000796000000004e-08	496	4	515	ACOT13;RP1-30M3.5;C6orf62;RP1-30M3.6;LINC02828;AP3S1P1;GMNN;ARMH2;RIPOR2;AL512428.1;MTCO2P33;PPIAP29;RP11-367G6.3;ASS1P1;RN7SL334P;RP3-425P12.5;RP3-425P12.1;RP3-425P12.2;CMAHP;NUP50P2;CANT1P1;UBE2D3P5;RNY5P5;AL590084.1;RP11-191A15.4;RP3-522P13.3;KATNBL1P5;RPL21P68;HNRNPA3P17;CARMIL1;Y_RNA;RNU6-987P;AL160037.1;snoU13;SCGN;PRELID1P2;H2AC1;H2BC1;H2BC2P;H2AC2P;SLC17A4;SLC17A1;SLC17A3;H2AC3P;SLC17A2;TRIM38;U91328.21;U91328.20;LINC02980;U91328.22;H3P26;H1-1;HIST1H3A;HIST1H4A;HIST1H4B;HIST1H3B;HIST1H2AB;HIST1H2BB;H2AC5P;HIST1H3C;H1-2;HFE;H4C3;H1-6;H2BC4;H2AC6;H1-4;H2BC5;LARP1P1;HIST1H2BE;HIST1H4D;H1-12P;H3C4;H2AC7;HIST1H2BF;RP1-34B20.4;HIST1H4E;HIST1H2BG;HIST1H2AE;HIST1H3E;H2AC9P;H1-3;HIST1H4F;HIST1H4G;HIST1H3F;HIST1H2BH;HIST1H3G;H2AC10P;HIST1H2BI;H4C8;H3C9P;RNU6-1259P;BTN3A2;AL021917.1;BTN2A2;BTN3A1;BTN2A3P;BTN3A3;BTN2A1;BTN1A1;RNU6-502P;HCG11;CTA-14H9.5;HMGN4;ABT1;RP11-457M11.6;VN1R14P;RP11-457M11.2;ZNF322;RP11-457M11.5;GUSBP2;POM121L6P;LINC00240;RP11-239L20.6;TRNAI2;VN1R12P;VN1R13P;VN1R11P;RNU2-62P;RP1-86C11.7;H2BC11;H2AC11;H2BC12;HIST1H4I;HIST1H2AH;MIR3143;RPL10P2;PRSS16;CDCA7P1;POM121L2;VN1R10P;ZNF204P;ZNF391;RP1-153G14.4;MCFD2P1;ZNF184;XXbac-BPGBPG34I8.1;HNRNPA1P1;CD83P1;RNU6-471P;TRNAI6;RPL8P1;GPHRP1;RSL24D1P1;H4C10P;H2BC13;H2AC13;HIST1H3H;HIST1H2BM;H4C11;HIST1H4K;HIST1H2AK;H2BC15;H2BC16P;HIST1H2AL;H1-5;HIST1H3I;HIST1H4L;H3C12;HIST1H2AM;HIST1H2BO;RNU7-26P;OR2B2;OR2W6P;OR2B6;RPLP2P1;OR2W4P;IQCB2P;U3;OR2W2P;OR2B7P;OR2B8;OR1F12P;RP1-313I6.12;ZNF165;ZSCAN12P1;ZNF602P;ZSCAN16-AS1;ZSCAN16;RP1-265C24.8;ZKSCAN8;ZKSCAN8P1;ZNF603P;ZKSCAN8P2;TOB2P1;ZSCAN9;ZKSCAN4;NKAPL;ZSCAN26;PGBD1;SMIM15P2;ZSCAN31;ZKSCAN3;ZSCAN12;RNU2-45P;ZSCAN23;COX11P1;OR2E1P;GPX6;GPX5;SCAND3;SCAND3-AS1;COX8CP1;AL121932.1;LINC00533;RPSAP2;AL662890.1;NOP56P1;AL662890.3;XXbac-BPG308K3.5;LINC01623;RPL13P;ZNF90P2;HCG14;TRIM27;RNU6-930P;LINC01556;KRT18P1;RN7SL471P;HCG15;HCG16;ZNF311;OR2AD1P;OR2W1;OR2P1P;SAR1AP1;OR2B3;OR2J1;OR2J3;XXbac-BCX196D17.5;OR2N1P;OR2J2;OR2J4P;OR2H4P;XXbac-BPG308J9.3;OR2G1P;OR2U1P;OR2U2P;OR2B4P;OR14J1;DDX6P1;OR5V1;OR12D3;OR12D2;OR12D1;OR11A1;OR10C1;OR2H1;UBDP1;MAS1LP1;MAS1L;RPS17P1;LINC02829;LINC01015;MAS1LP2;OR2I1;UBD;GABBR1;OR2H5P;TMEM183AP1;SNORD32B;RPL13AP;OR2H2;SUMO2P1;MOG;ZFP57;ZDHHC20P1;HLA-F;HCG4P11;HLA-F-AS1;RPL23AP1;MICE;HCG9P5;Y_RNA;IFITM4P;XXbac-BPG170G13.32;XXbac-BPG170G13.31;HLA-V;HCG4;HLA-P;RPL7AP7;MICG;HLA-G;HCG4P8;MICF;HCG4P7;HLA-H;HLA-T;DDX39BP1;MCCD1P1;HCG4B;HLA-K;HLA-U;HLA-A;HCG4P5;HLA-W;MICD;HCG9;DDX39BP2;MCCD1P2;POLR1HASP;HCG4P3;HLA-J;ETF1P1;POLR1H;PPP1R11;RNF39;AL669914.1;TRIM31;TRIM31-AS1;SNORA48;TRIM40;TRIM10;TRIM15;TRIM26;PAIP1P1;HCG17;TRIM26BP;HLA-L;HCG18;TRIM39;TRIM39-RPP21;RPP21;HLA-N;HCG19P;UBQLN1P1;MICC;TMPOP1;SUCLA2P1;RANP1;HLA-E;LINC02569;GNL1;PRR3;ABCF1;MIR877;PPP1R10;AL662800.1;MRPS18B;ATAT1;PTMAP1;C6orf136;AL662800.2;DHX16;PPP1R18;NRM;RPL7P4;MDC1;MDC1-AS1;TUBB;XXbac-BPG252P9.9;FLOT1;Y_RNA;IER3-AS1;IER3;RN7SL353P;HCG20;LINC00243;LINC02570;RN7SKP186;DDR1-DT;DDR1;MIR4640;RN7SL175P;GTF2H4;VARS2;SFTA2;Y_RNA;MUCL3;HCG21;MUC21;MUC22;HCG22;RNU6-1133P;C6orf15;PSORS1C1;CDSN;PSORS1C2;POLR2LP1;CCHCR1;TCF19;POU5F1;PSORS1C3;XXbac-BPG299F13.17;HCG27;XXbac-BPG299F13.14;XXbac-BPG299F13.15;XXbac-BPG299F13.16;HLA-C;USP8P1;RPL3P2;WASF5P;LINC02571;XXbac-BPG248L24.10;HLA-B;XXbac-BPG248L24.12;DHFRP2;RNU6-283P;AL671883.1;FGFR3P1;ZDHHC20P2;HLA-S;XXbac-BPG181B23.7;HCP5;Y_RNA;MICA;LINC01149;XXbac-BPG181B23.6;MICB;Y_RNA;XXbac-BPG16N22.5;PPIAP9;RPL15P4;MCCD1;ATP6V1G2-DDX39B;DDX39B;SNORD117;SNORD84;DDX39B-AS1;ATP6V1G2;NFKBIL1;LTA;TNF;LTB;LST1;NCR3;UQCRHP1;AIF1;PRRC2A;SNORA38;BAG6;APOM;C6orf47;C6orf47-AS1;GPANK1;Y_RNA;CSNK2B;CSNK2B-LY6G5B-1181;LY6G5B;LY6G5C;ABHD16A;XXbac-BPG32J3.20;MIR4646;LY6G6F;LY6G6F-LY6G6D;LY6G6E;LY6G6D;MPIG6B;LY6G6C;DDAH2;CLIC1;MSH5;MSH5-SAPCD1;RNU6-850P;SAPCD1;SAPCD1-AS1;VWA7;VARS1;Y_RNA;LSM2;HSPA1L;HSPA1A;HSPA1B;SNHG32;SNORD48;SNORD52;NEU1;SLC44A4;EHMT2;EHMT2-AS1;C2;ZBTB12;CFB;CFB;NELFE;MIR1236;SKIC2;DXO;WHR1;C4A;C4A-AS1;CYP21A1P;AL645922.1;TNXA;WHR1B;C4B;C4B-AS1;CYP21A2;TNXB;RNA5SP206;ATF6B;FKBPL;PRRT1;PPT2;PPT2-EGFL8;EGFL8;AGPAT1;RNF5;AGER;PBX2;XXbac-BPG300A18.13;GPSM3;NOTCH4;TSBP1-AS1;TSBP1;HNRNPA1P2;RNU6-603P;HCG23;BTNL2;HLA-DRA;HLA-DRB9;HLA-DRB5;RNU1-61P;HLA-DRB6;HLA-DRB1	NA	NA	Unknome unmapped/unscored; not zero knownness	NA	NA	unmapped	NA	NA	NA	NA	NA	NA	unresolved competing genes; gene-body association is not causal assignment	Lifelong developmental, systemic and adult explanations remain. Adult brain expression not covered in HPA; not evidence of absence.	NA	NA	not checked outside pilot	not checked outside pilot	NA	NA	False	False	Lee CP GCST006572 + GENCODE v19; HGNC/Unknome/Pharos/HPA separate annotations; LD/QTL/perturbation not followed outside pilot; Savage/Genebass overlap; EA excluded	Independent ancestry-matched fine-mapping excludes rs401763 and assigns a different variant/gene (e.g. ACOT13, RP1-30M3.5, C6orf62); adult-specific perturbation in the implicated cell type has no predicted functional effect despite verified engagement. Shared-signal evidence disappears on multiple-signal conditioning or complete variant coverage.	association hypothesis only; not an enhancement target
77	ENSG00000170500	LONRF2	77	R013	rs4622752	8.33e-15	2.09083e-12	3.9543867789999996e-08	49443	251	38	C2orf15;MRPL30;MITD1;MRPL30;LYG2;LYG1;TXNDC9;EIF5B;REV1;RP11-527J8.1;AC018690.1;AFF3;AC092667.2;LINC01104;CYCSP7;RP11-292K15.1;CHST10;RALBP1P2;NMS;ARPP19P2;RN7SL611P;PDCL3;snoU13;HMGN2P22;RN7SL360P;LINC01849;NANOGNBP1;LINC01868;AC092168.4;NPAS2;AC092168.2;NPAS2-AS1;AC016738.4;RPL31;TBC1D8;BBIP1P1;RN7SL548P;TBC1D8-AS1	2.0	6082	Unknome 18_Mar_2026; maximum over uniquely HGNC-mapped proteins; derived/knownness-ranks.tsv	Tdark	23	unique	NA	NA	NA	NA	NA	NA	unresolved competing genes; gene-body association is not causal assignment	Lifelong developmental, systemic and adult explanations remain. Adult tissue expression observed (cerebellum); timing not identified.	23.5	cerebellum	not checked outside pilot	not checked outside pilot	9.6348e-14	positional;eQTL	False	False	Lee CP GCST006572 + GENCODE v19; HGNC/Unknome/Pharos/HPA separate annotations; LD/QTL/perturbation not followed outside pilot; Savage/Genebass overlap; EA excluded	Independent ancestry-matched fine-mapping excludes rs4622752 and assigns a different variant/gene (e.g. C2orf15, MRPL30, MITD1); adult-specific perturbation in the implicated cell type has no predicted functional effect despite verified engagement. Shared-signal evidence disappears on multiple-signal conditioning or complete variant coverage.	association hypothesis only; not an enhancement target
78	ENSG00000261832	CLN3	78	R010	rs151301	5.95e-14	2.2015e-12	4.16369695e-08	25360	37	79	GSG1L;RNU6-159P;RNU6-1241P;XPO6;TPRKBP2;SNORA25;RNY1P10;GAPDHP35;RP11-57A19.2;SBK1;NPIPB6;RP11-435I10.5;EIF3CL;CDC37P2;snoU13;RP11-57A19.5;NPIPB7;CLN3;APOBR;IL27;NUPR1;RP11-666O2.1;SGF29;SULT1A2;SULT1A1;NPIPB8;PLA2G10DP;snoU13;EIF3C;CDC37P1;RP11-1348G14.6;NPIPB9;snoU13;RP11-1348G14.4;RP11-1348G14.1;RP11-1348G14.5;ATXN2L;RP11-24N18.1;TUFM;MIR4721;SH2B1;RP11-22P6.2;ATP2A1;ATP2A1-AS1;SNORA43;RABEP2;CD19;NFATC2IP;NFATC2IP-AS1;MIR4517;SPNS1;RP11-264B17.3;RP11-264B17.4;LAT;RP11-264B17.5;NPIPB10P;PLA2G10CP;snoU13;RRN3P2;RP11-426C22.5;RP11-426C22.4;AC009093.1;SNX29P2;RP11-426C22.6;RP11-231C14.6;SNX29P2;NPIPB11;SMG1P6;snoU13;BOLA2-SMG1P6;RP11-345J4.6;BOLA2;SLX1B;SLX1B-SULT1A4;SULT1A4;SGF29P1;RP11-345J4.1;PLA2G10HP;NPIPB12	NA	NA	Unknome unmapped/unscored; not zero knownness	NA	NA	unmapped	NA	NA	NA	NA	NA	NA	unresolved competing genes; gene-body association is not causal assignment	Lifelong developmental, systemic and adult explanations remain. Adult tissue expression observed (amygdala); timing not identified.	0.0	amygdala	not checked outside pilot	not checked outside pilot	NA	NA	False	False	Lee CP GCST006572 + GENCODE v19; HGNC/Unknome/Pharos/HPA separate annotations; LD/QTL/perturbation not followed outside pilot; Savage/Genebass overlap; EA excluded	Independent ancestry-matched fine-mapping excludes rs151301 and assigns a different variant/gene (e.g. GSG1L, RNU6-159P, RNU6-1241P); adult-specific perturbation in the implicated cell type has no predicted functional effect despite verified engagement. Shared-signal evidence disappears on multiple-signal conditioning or complete variant coverage.	association hypothesis only; not an enhancement target
79	ENSG00000187323	DCC	79	R018	rs11662271	4.39e-16	2.534347e-12	4.7932104810999996e-08	1191243	5773	6	AC090660.1;MIR4528;RP11-671P2.1;LINC01919;LINC01917;RPL29P32	6.9	13452	Unknome 18_Mar_2026; maximum over uniquely HGNC-mapped proteins; derived/knownness-ranks.tsv	Tbio	348	unique	NA	NA	NA	NA	NA	NA	unresolved competing genes; gene-body association is not causal assignment	Lifelong developmental, systemic and adult explanations remain. Adult tissue expression observed (basal ganglia); timing not identified.	3.0	basal ganglia	not checked outside pilot	not checked outside pilot	9.1686e-23	positional	False	False	Lee CP GCST006572 + GENCODE v19; HGNC/Unknome/Pharos/HPA separate annotations; LD/QTL/perturbation not followed outside pilot; Savage/Genebass overlap; EA excluded	Independent ancestry-matched fine-mapping excludes rs11662271 and assigns a different variant/gene (e.g. AC090660.1, MIR4528, RP11-671P2.1); adult-specific perturbation in the implicated cell type has no predicted functional effect despite verified engagement. Shared-signal evidence disappears on multiple-signal conditioning or complete variant coverage.	association hypothesis only; not an enhancement target
80	ENSG00000188603	CLN3	80	R010	rs151301	5.95e-14	2.737e-12	5.1764881000000006e-08	28914	46	79	GSG1L;RNU6-159P;RNU6-1241P;XPO6;TPRKBP2;SNORA25;RNY1P10;GAPDHP35;RP11-57A19.2;SBK1;NPIPB6;RP11-435I10.5;EIF3CL;CDC37P2;snoU13;RP11-57A19.5;NPIPB7;CLN3;APOBR;IL27;NUPR1;RP11-666O2.1;SGF29;SULT1A2;SULT1A1;NPIPB8;PLA2G10DP;snoU13;EIF3C;CDC37P1;RP11-1348G14.6;NPIPB9;snoU13;RP11-1348G14.4;RP11-1348G14.1;RP11-1348G14.5;ATXN2L;RP11-24N18.1;TUFM;MIR4721;SH2B1;RP11-22P6.2;ATP2A1;ATP2A1-AS1;SNORA43;RABEP2;CD19;NFATC2IP;NFATC2IP-AS1;MIR4517;SPNS1;RP11-264B17.3;RP11-264B17.4;LAT;RP11-264B17.5;NPIPB10P;PLA2G10CP;snoU13;RRN3P2;RP11-426C22.5;RP11-426C22.4;AC009093.1;SNX29P2;RP11-426C22.6;RP11-231C14.6;SNX29P2;NPIPB11;SMG1P6;snoU13;BOLA2-SMG1P6;RP11-345J4.6;BOLA2;SLX1B;SLX1B-SULT1A4;SULT1A4;SGF29P1;RP11-345J4.1;PLA2G10HP;NPIPB12	31.1	18919	Unknome 18_Mar_2026; maximum over uniquely HGNC-mapped proteins; derived/knownness-ranks.tsv	Tbio	326	unique	NA	NA	NA	NA	NA	NA	unresolved competing genes; gene-body association is not causal assignment	Lifelong developmental, systemic and adult explanations remain. Adult tissue expression observed (spinal cord); timing not identified.	13.4	spinal cord	not checked outside pilot	not checked outside pilot	1.0112e-10	positional;eQTL	False	False	Lee CP GCST006572 + GENCODE v19; HGNC/Unknome/Pharos/HPA separate annotations; LD/QTL/perturbation not followed outside pilot; Savage/Genebass overlap; EA excluded	Independent ancestry-matched fine-mapping excludes rs151301 and assigns a different variant/gene (e.g. GSG1L, RNU6-159P, RNU6-1241P); adult-specific perturbation in the implicated cell type has no predicted functional effect despite verified engagement. Shared-signal evidence disappears on multiple-signal conditioning or complete variant coverage.	association hypothesis only; not an enhancement target
81	ENSG00000113068	PFDN1	81	R024	rs9686454	2.87e-14	3.3005e-12	6.24223565e-08	58083	115	84	CTD-3224K15.3;CXXC5;CXXC5-AS1;CTB-35F21.1;RNU6-236P;PSD2-AS1;CTB-35F21.3;CTB-35F21.5;PSD2;NRG2;NRG2-AS1;Y_RNA;MALINC1;PURA;IGIP;CTB-131B5.5;CYSTM1;AC011379.1;CTB-131B5.2;HBEGF;CTC-329D1.3;SLC4A9;ANKHD1-DT;RNU4-14P;ANKHD1;ANKHD1-EIF4EBP3;SNORD45;SRA1;EIF4EBP3;APBB3;SLC35A4;SNORA27;HAUS1P1;RPL36P11;CD14;NDUFA2;TMCO6;IK;MIR3655;WDR55;DND1;HARS1;HARS2;ZMAT2;VTRNA1-1;VTRNA1-2;VTRNA1-3;RP11-515C16.7;AC005609.2;PCDHA1;PCDHA2;PCDHA3;PCDHA4;PCDHA5;PCDHA6;PCDHA7;PCDHA8;PCDHA9;PCDHA10;AC005609.1;PCDHA14;PCDHA11;PCDHA12;PCDHA13;PCDHAC1;PCDHAC2;PCDHB1;PCDHB2;PCDHB-AS1;PCDHB3;AC005754.8;PCDHB4;PCDHB5;PCDHB6;PCDHB17P;PCDHB7;PCDHB8;PCDHB16;PCDHB9;PCDHB10;PCDHB11;PCDHB12;PCDHB13;PCDHB14	6.7	13235	Unknome 18_Mar_2026; maximum over uniquely HGNC-mapped proteins; derived/knownness-ranks.tsv	Tchem	104	unique	NA	NA	NA	NA	NA	NA	unresolved competing genes; gene-body association is not causal assignment	Lifelong developmental, systemic and adult explanations remain. Adult tissue expression observed (cerebral cortex); timing not identified.	88.5	cerebral cortex	not checked outside pilot	not checked outside pilot	1.997e-12	positional;eQTL;chromatin	False	False	Lee CP GCST006572 + GENCODE v19; HGNC/Unknome/Pharos/HPA separate annotations; LD/QTL/perturbation not followed outside pilot; Savage/Genebass overlap; EA excluded	Independent ancestry-matched fine-mapping excludes rs9686454 and assigns a different variant/gene (e.g. CTD-3224K15.3, CXXC5, CXXC5-AS1); adult-specific perturbation in the implicated cell type has no predicted functional effect despite verified engagement. Shared-signal evidence disappears on multiple-signal conditioning or complete variant coverage.	association hypothesis only; not an enhancement target
82	ENSG00000184983	NDUFA6	82	R023	rs7245	2.42e-13	3.3879999999999997e-12	6.4077244e-08	5431	14	149	CTA-150C2.13;APOBEC3A;APOBEC3B;APOBEC3B-AS1;APOBEC3C;APOBEC3D;APOBEC3F;APOBEC3G;CTA-150C2.20;RP4-742C19.12;APOBEC3H;CBX7;COX5BP7;FUNDC2P4;PDGFB;AL031590.1;RP3-333H23.8;RPL3;SNORD83B;SNORD83A;SNORD43;SYNGR1;TAB1;MGAT3;MGAT3-AS1;MIEF1;ATF4;RPS19BP1;CACNA1I;ENTHD1;MTFR2P2;RN7SKP210;UQCRFS1P1;GRAP2;TMA7B;SACK1F;TNRC6B-DT;TNRC6B;RPL7P52;ADSL;SGSM3;SGSM3-AS1;MRTFA;MRTFA-AS2;RP5-1042K10.12;MRTFA-AS1;AL031594.1;COX6B1P3;RPL4P6;GAPDHP37;MCHR1;SLC25A17;RFKP4;JTBP1;MIR4766;ST13;XPNPEP3;DNAJB7;snoU13;RNU6-379P;RBX1;Y_RNA;AL080243.1;RPS9P2;Y_RNA;ACTBP15;EP300;MIR1281;RNU6-375P;RP1-85F18.6;EP300-AS1;LRRC37A14P;L3MBTL2;L3MBTL2-AS1;CHADL;RANGAP1;AL035681.1;ZC3H7B;TEF;RNU6-495P;CTA-223H9.9;TOB2;PHF5A;ACO2;POLR3H;CSDC2;PMM1;DESI1;XRCC6;Y_RNA;SNU13;RNU6-476P;C22orf46P;Z83840.1;MEI1;HMGN2P10;RNU6ATAC22P;Y_RNA;CCDC134;SREBF2-AS1;SREBF2;MIR33A;SHISA8;CTA-250D10.23;MIR378I;TNFRSF13C;CENPM;SMIM45;SEPTIN3;CTA-250D10.19;WBP2NL;SLC25A5P1;NAGA;PHETA2;SNORD13P1;SMDT1;RP1-257I20.14;NDUFA6-DT;OLA1P1;CYP2D6;RP4-669P10.19;RP4-669P10.16;CYP2D7;CYP2D8P;TCF20;OGFRP1;Z83851.4;CTA-989H11.1;LINC01315;NFAM1;CTA-126B4.7;SERHL;RRP7A;Z93241.1;SERHL2;RRP7BP;RN7SKP80;RNU6-513P;POLDIP3;RNU12;CYB5R3;ATP5MGL;A4GALT;Y_RNA;RPL5P34;GOLGA2P4;ARFGAP3;PACSIN2;COA1P1	4.1	9897	Unknome 18_Mar_2026; maximum over uniquely HGNC-mapped proteins; derived/knownness-ranks.tsv	Tclin	69	unique	NA	NA	NA	NA	NA	NA	unresolved competing genes; gene-body association is not causal assignment	Lifelong developmental, systemic and adult explanations remain. Adult tissue expression observed (cerebral cortex); timing not identified.	88.2	cerebral cortex	not checked outside pilot	not checked outside pilot	NA	positional;eQTL;chromatin	False	False	Lee CP GCST006572 + GENCODE v19; HGNC/Unknome/Pharos/HPA separate annotations; LD/QTL/perturbation not followed outside pilot; Savage/Genebass overlap; EA excluded	Independent ancestry-matched fine-mapping excludes rs7245 and assigns a different variant/gene (e.g. CTA-150C2.13, APOBEC3A, APOBEC3B); adult-specific perturbation in the implicated cell type has no predicted functional effect despite verified engagement. Shared-signal evidence disappears on multiple-signal conditioning or complete variant coverage.	association hypothesis only; not an enhancement target
83	ENSG00000162650	ATXN7L2	83	R026	rs1144593	1.82e-13	3.8220000000000005e-12	7.2285486e-08	9326	21	51	STXBP3;AKNAD1;SPATA42;GPSM2;CLCC1;WDR47;RP5-1065J22.2;RPL17P7;RPS27P6;RANP5;TAF13;TMEM167B-DT;TMEM167B;SCARNA2;RP5-1065J22.4;CFAP276;ELAPOR1;RNU7-122P;SARS1;CELSR2;PSRC1;MYBPHL;SORT1;PSMA5;SYPL2;CYB561D1;AMIGO1;GPR61;RP5-1160K1.8;GNAI3;RNU6V;RP5-1160K1.3;MIR197;GNAT2;AMPD2;AMPD2-AS1;RPL7P8;GSTM4;GSTM2;GSTM1;AC000032.2;GSTM5;RP4-735C1.4;GSTM3;EPS8L3;NDUFA5P10;LINC01768;RP11-195M16.1;RP11-195M16.3;CSF1;AHCYL1	0.0	1	Unknome 18_Mar_2026; maximum over uniquely HGNC-mapped proteins; derived/knownness-ranks.tsv	Tbio	26	unique	NA	NA	NA	NA	NA	NA	unresolved competing genes; gene-body association is not causal assignment	Lifelong developmental, systemic and adult explanations remain. Adult tissue expression observed (cerebral cortex); timing not identified.	1.0	cerebral cortex	not checked outside pilot	not checked outside pilot	5.7235e-11	positional;eQTL;chromatin	False	False	Lee CP GCST006572 + GENCODE v19; HGNC/Unknome/Pharos/HPA separate annotations; LD/QTL/perturbation not followed outside pilot; Savage/Genebass overlap; EA excluded	Independent ancestry-matched fine-mapping excludes rs1144593 and assigns a different variant/gene (e.g. STXBP3, AKNAD1, SPATA42); adult-specific perturbation in the implicated cell type has no predicted functional effect despite verified engagement. Shared-signal evidence disappears on multiple-signal conditioning or complete variant coverage.	association hypothesis only; not an enhancement target
84	ENSG00000124228	DDX27	84	R006	rs13040828	4.51e-14	4.4198e-12	8.35916774e-08	24731	98	26	LINC00494;RP1-66N13.1;RNU7-144P;PREX1;AL035106.1;ARFGEF2;SNAP23P1;CSE1L-DT;CSE1L;STAU1;ARPC3P1;ZNFX1;ZFAS1;SNORD12C;SNORD12B;SNORD12;KCNB1;PTGIS;AL118525.1;B4GALT5;RN7SL197P;SNRPFP1;RNU6-919P;SLC9A8;RNU7-72P;GLYR1P1	1.3	4364	Unknome 18_Mar_2026; maximum over uniquely HGNC-mapped proteins; derived/knownness-ranks.tsv	Tbio	161	unique	NA	NA	NA	NA	NA	NA	unresolved competing genes; gene-body association is not causal assignment	Lifelong developmental, systemic and adult explanations remain. Adult tissue expression observed (cerebellum); timing not identified.	25.0	cerebellum	not checked outside pilot	not checked outside pilot	7.5352e-09	positional;chromatin	False	False	Lee CP GCST006572 + GENCODE v19; HGNC/Unknome/Pharos/HPA separate annotations; LD/QTL/perturbation not followed outside pilot; Savage/Genebass overlap; EA excluded	Independent ancestry-matched fine-mapping excludes rs13040828 and assigns a different variant/gene (e.g. LINC00494, RP1-66N13.1, RNU7-144P); adult-specific perturbation in the implicated cell type has no predicted functional effect despite verified engagement. Shared-signal evidence disappears on multiple-signal conditioning or complete variant coverage.	association hypothesis only; not an enhancement target
85	ENSG00000100197	CYP2D6	85	R023	rs1135840	2.72e-13	4.624e-12	8.7453712e-08	4408	17	149	CTA-150C2.13;APOBEC3A;APOBEC3B;APOBEC3B-AS1;APOBEC3C;APOBEC3D;APOBEC3F;APOBEC3G;CTA-150C2.20;RP4-742C19.12;APOBEC3H;CBX7;COX5BP7;FUNDC2P4;PDGFB;AL031590.1;RP3-333H23.8;RPL3;SNORD83B;SNORD83A;SNORD43;SYNGR1;TAB1;MGAT3;MGAT3-AS1;MIEF1;ATF4;RPS19BP1;CACNA1I;ENTHD1;MTFR2P2;RN7SKP210;UQCRFS1P1;GRAP2;TMA7B;SACK1F;TNRC6B-DT;TNRC6B;RPL7P52;ADSL;SGSM3;SGSM3-AS1;MRTFA;MRTFA-AS2;RP5-1042K10.12;MRTFA-AS1;AL031594.1;COX6B1P3;RPL4P6;GAPDHP37;MCHR1;SLC25A17;RFKP4;JTBP1;MIR4766;ST13;XPNPEP3;DNAJB7;snoU13;RNU6-379P;RBX1;Y_RNA;AL080243.1;RPS9P2;Y_RNA;ACTBP15;EP300;MIR1281;RNU6-375P;RP1-85F18.6;EP300-AS1;LRRC37A14P;L3MBTL2;L3MBTL2-AS1;CHADL;RANGAP1;AL035681.1;ZC3H7B;TEF;RNU6-495P;CTA-223H9.9;TOB2;PHF5A;ACO2;POLR3H;CSDC2;PMM1;DESI1;XRCC6;Y_RNA;SNU13;RNU6-476P;C22orf46P;Z83840.1;MEI1;HMGN2P10;RNU6ATAC22P;Y_RNA;CCDC134;SREBF2-AS1;SREBF2;MIR33A;SHISA8;CTA-250D10.23;MIR378I;TNFRSF13C;CENPM;SMIM45;SEPTIN3;CTA-250D10.19;WBP2NL;SLC25A5P1;NAGA;PHETA2;SNORD13P1;SMDT1;NDUFA6;RP1-257I20.14;NDUFA6-DT;OLA1P1;RP4-669P10.19;RP4-669P10.16;CYP2D7;CYP2D8P;TCF20;OGFRP1;Z83851.4;CTA-989H11.1;LINC01315;NFAM1;CTA-126B4.7;SERHL;RRP7A;Z93241.1;SERHL2;RRP7BP;RN7SKP80;RNU6-513P;POLDIP3;RNU12;CYB5R3;ATP5MGL;A4GALT;Y_RNA;RPL5P34;GOLGA2P4;ARFGAP3;PACSIN2;COA1P1	20.8	18340	Unknome 18_Mar_2026; maximum over uniquely HGNC-mapped proteins; derived/knownness-ranks.tsv	Tclin	1096	unique	NA	NA	NA	NA	NA	NA	unresolved competing genes; gene-body association is not causal assignment	Lifelong developmental, systemic and adult explanations remain. Adult tissue expression observed (cerebellum); timing not identified.	0.5	cerebellum	not checked outside pilot	not checked outside pilot	NA	eQTL	False	False	Lee CP GCST006572 + GENCODE v19; HGNC/Unknome/Pharos/HPA separate annotations; LD/QTL/perturbation not followed outside pilot; Savage/Genebass overlap; EA excluded	Independent ancestry-matched fine-mapping excludes rs1135840 and assigns a different variant/gene (e.g. CTA-150C2.13, APOBEC3A, APOBEC3B); adult-specific perturbation in the implicated cell type has no predicted functional effect despite verified engagement. Shared-signal evidence disappears on multiple-signal conditioning or complete variant coverage.	association hypothesis only; not an enhancement target
86	ENSG00000174151	CYB561D1	86	R026	rs749056	2.14e-13	4.922e-12	9.3089786e-08	8881	23	51	STXBP3;AKNAD1;SPATA42;GPSM2;CLCC1;WDR47;RP5-1065J22.2;RPL17P7;RPS27P6;RANP5;TAF13;TMEM167B-DT;TMEM167B;SCARNA2;RP5-1065J22.4;CFAP276;ELAPOR1;RNU7-122P;SARS1;CELSR2;PSRC1;MYBPHL;SORT1;PSMA5;SYPL2;ATXN7L2;AMIGO1;GPR61;RP5-1160K1.8;GNAI3;RNU6V;RP5-1160K1.3;MIR197;GNAT2;AMPD2;AMPD2-AS1;RPL7P8;GSTM4;GSTM2;GSTM1;AC000032.2;GSTM5;RP4-735C1.4;GSTM3;EPS8L3;NDUFA5P10;LINC01768;RP11-195M16.1;RP11-195M16.3;CSF1;AHCYL1	0.5	1903	Unknome 18_Mar_2026; maximum over uniquely HGNC-mapped proteins; derived/knownness-ranks.tsv	Tdark	13	unique	NA	NA	NA	NA	NA	NA	unresolved competing genes; gene-body association is not causal assignment	Lifelong developmental, systemic and adult explanations remain. Adult tissue expression observed (cerebellum); timing not identified.	14.1	cerebellum	not checked outside pilot	not checked outside pilot	7.7435e-12	positional;eQTL;chromatin	False	False	Lee CP GCST006572 + GENCODE v19; HGNC/Unknome/Pharos/HPA separate annotations; LD/QTL/perturbation not followed outside pilot; Savage/Genebass overlap; EA excluded	Independent ancestry-matched fine-mapping excludes rs749056 and assigns a different variant/gene (e.g. STXBP3, AKNAD1, SPATA42); adult-specific perturbation in the implicated cell type has no predicted functional effect despite verified engagement. Shared-signal evidence disappears on multiple-signal conditioning or complete variant coverage.	association hypothesis only; not an enhancement target
87	ENSG00000081189	MEF2C	87	R019	rs254780	1.12e-14	5.0624e-12	9.57451712e-08	185948	452	15	TMEM161B;AC010243.1;TMEM161B-DT;RNA5SP187;RPS3AP22;SNORA70;CTC-498M16.3;CTC-498M16.2;CTC-498M16.4;MIR9-2HG;H3P23;MEF2C-AS2;GSCAR;CTC-467M3.2;MEF2C-AS1	64.6	19232	Unknome 18_Mar_2026; maximum over uniquely HGNC-mapped proteins; derived/knownness-ranks.tsv	Tbio	404	unique	NA	NA	NA	NA	NA	NA	unresolved competing genes; gene-body association is not causal assignment	Lifelong developmental, systemic and adult explanations remain. Adult tissue expression observed (cerebral cortex); timing not identified.	121.5	cerebral cortex	not checked outside pilot	not checked outside pilot	2.2076e-14	positional;chromatin	False	False	Lee CP GCST006572 + GENCODE v19; HGNC/Unknome/Pharos/HPA separate annotations; LD/QTL/perturbation not followed outside pilot; Savage/Genebass overlap; EA excluded	Independent ancestry-matched fine-mapping excludes rs254780 and assigns a different variant/gene (e.g. TMEM161B, AC010243.1, TMEM161B-DT); adult-specific perturbation in the implicated cell type has no predicted functional effect despite verified engagement. Shared-signal evidence disappears on multiple-signal conditioning or complete variant coverage.	association hypothesis only; not an enhancement target
88	ENSG00000186470	BTN3A2	88	R008	rs66823108	5.52e-14	6.0168e-12	1.137957384e-07	13160	109	515	ACOT13;RP1-30M3.5;C6orf62;RP1-30M3.6;LINC02828;AP3S1P1;GMNN;ARMH2;RIPOR2;AL512428.1;MTCO2P33;PPIAP29;RP11-367G6.3;ASS1P1;RN7SL334P;RP3-425P12.5;RP3-425P12.1;RP3-425P12.2;CMAHP;NUP50P2;CANT1P1;UBE2D3P5;RNY5P5;AL590084.1;RP11-191A15.4;RP3-522P13.3;KATNBL1P5;RPL21P68;HNRNPA3P17;CARMIL1;Y_RNA;RNU6-987P;AL160037.1;snoU13;SCGN;PRELID1P2;H2AC1;H2BC1;H2BC2P;H2AC2P;SLC17A4;SLC17A1;SLC17A3;H2AC3P;SLC17A2;TRIM38;U91328.21;U91328.20;LINC02980;U91328.22;H3P26;H1-1;HIST1H3A;HIST1H4A;HIST1H4B;HIST1H3B;HIST1H2AB;HIST1H2BB;H2AC5P;HIST1H3C;H1-2;HFE;H4C3;H1-6;H2BC4;H2AC6;H1-4;H2BC5;LARP1P1;HIST1H2BE;HIST1H4D;H1-12P;H3C4;H2AC7;HIST1H2BF;RP1-34B20.4;HIST1H4E;HIST1H2BG;HIST1H2AE;HIST1H3E;H2AC9P;H1-3;HIST1H4F;HIST1H4G;HIST1H3F;HIST1H2BH;HIST1H3G;H2AC10P;HIST1H2BI;H4C8;H3C9P;RNU6-1259P;AL021917.1;BTN2A2;BTN3A1;BTN2A3P;BTN3A3;BTN2A1;BTN1A1;RNU6-502P;HCG11;CTA-14H9.5;HMGN4;ABT1;RP11-457M11.6;VN1R14P;RP11-457M11.2;ZNF322;RP11-457M11.5;GUSBP2;POM121L6P;LINC00240;RP11-239L20.6;TRNAI2;VN1R12P;VN1R13P;VN1R11P;RNU2-62P;RP1-86C11.7;H2BC11;H2AC11;H2BC12;HIST1H4I;HIST1H2AH;MIR3143;RPL10P2;PRSS16;CDCA7P1;POM121L2;VN1R10P;ZNF204P;ZNF391;RP1-153G14.4;MCFD2P1;ZNF184;XXbac-BPGBPG34I8.1;HNRNPA1P1;CD83P1;RNU6-471P;TRNAI6;RPL8P1;GPHRP1;RSL24D1P1;H4C10P;H2BC13;H2AC13;HIST1H3H;HIST1H2AJ;HIST1H2BM;H4C11;HIST1H4K;HIST1H2AK;H2BC15;H2BC16P;HIST1H2AL;H1-5;HIST1H3I;HIST1H4L;H3C12;HIST1H2AM;HIST1H2BO;RNU7-26P;OR2B2;OR2W6P;OR2B6;RPLP2P1;OR2W4P;IQCB2P;U3;OR2W2P;OR2B7P;OR2B8;OR1F12P;RP1-313I6.12;ZNF165;ZSCAN12P1;ZNF602P;ZSCAN16-AS1;ZSCAN16;RP1-265C24.8;ZKSCAN8;ZKSCAN8P1;ZNF603P;ZKSCAN8P2;TOB2P1;ZSCAN9;ZKSCAN4;NKAPL;ZSCAN26;PGBD1;SMIM15P2;ZSCAN31;ZKSCAN3;ZSCAN12;RNU2-45P;ZSCAN23;COX11P1;OR2E1P;GPX6;GPX5;SCAND3;SCAND3-AS1;COX8CP1;AL121932.1;LINC00533;RPSAP2;AL662890.1;NOP56P1;AL662890.3;XXbac-BPG308K3.5;LINC01623;RPL13P;ZNF90P2;HCG14;TRIM27;RNU6-930P;LINC01556;KRT18P1;RN7SL471P;HCG15;HCG16;ZNF311;OR2AD1P;OR2W1;OR2P1P;SAR1AP1;OR2B3;OR2J1;OR2J3;XXbac-BCX196D17.5;OR2N1P;OR2J2;OR2J4P;OR2H4P;XXbac-BPG308J9.3;OR2G1P;OR2U1P;OR2U2P;OR2B4P;OR14J1;DDX6P1;OR5V1;OR12D3;OR12D2;OR12D1;OR11A1;OR10C1;OR2H1;UBDP1;MAS1LP1;MAS1L;RPS17P1;LINC02829;LINC01015;MAS1LP2;OR2I1;UBD;GABBR1;OR2H5P;TMEM183AP1;SNORD32B;RPL13AP;OR2H2;SUMO2P1;MOG;ZFP57;ZDHHC20P1;HLA-F;HCG4P11;HLA-F-AS1;RPL23AP1;MICE;HCG9P5;Y_RNA;IFITM4P;XXbac-BPG170G13.32;XXbac-BPG170G13.31;HLA-V;HCG4;HLA-P;RPL7AP7;MICG;HLA-G;HCG4P8;MICF;HCG4P7;HLA-H;HLA-T;DDX39BP1;MCCD1P1;HCG4B;HLA-K;HLA-U;HLA-A;HCG4P5;HLA-W;MICD;HCG9;DDX39BP2;MCCD1P2;POLR1HASP;HCG4P3;HLA-J;ETF1P1;POLR1H;PPP1R11;RNF39;AL669914.1;TRIM31;TRIM31-AS1;SNORA48;TRIM40;TRIM10;TRIM15;TRIM26;PAIP1P1;HCG17;TRIM26BP;HLA-L;HCG18;TRIM39;TRIM39-RPP21;RPP21;HLA-N;HCG19P;UBQLN1P1;MICC;TMPOP1;SUCLA2P1;RANP1;HLA-E;LINC02569;GNL1;PRR3;ABCF1;MIR877;PPP1R10;AL662800.1;MRPS18B;ATAT1;PTMAP1;C6orf136;AL662800.2;DHX16;PPP1R18;NRM;RPL7P4;MDC1;MDC1-AS1;TUBB;XXbac-BPG252P9.9;FLOT1;Y_RNA;IER3-AS1;IER3;RN7SL353P;HCG20;LINC00243;LINC02570;RN7SKP186;DDR1-DT;DDR1;MIR4640;RN7SL175P;GTF2H4;VARS2;SFTA2;Y_RNA;MUCL3;HCG21;MUC21;MUC22;HCG22;RNU6-1133P;C6orf15;PSORS1C1;CDSN;PSORS1C2;POLR2LP1;CCHCR1;TCF19;POU5F1;PSORS1C3;XXbac-BPG299F13.17;HCG27;XXbac-BPG299F13.14;XXbac-BPG299F13.15;XXbac-BPG299F13.16;HLA-C;USP8P1;RPL3P2;WASF5P;LINC02571;XXbac-BPG248L24.10;HLA-B;XXbac-BPG248L24.12;DHFRP2;RNU6-283P;AL671883.1;FGFR3P1;ZDHHC20P2;HLA-S;XXbac-BPG181B23.7;HCP5;Y_RNA;MICA;LINC01149;XXbac-BPG181B23.6;MICB;Y_RNA;XXbac-BPG16N22.5;PPIAP9;RPL15P4;MCCD1;ATP6V1G2-DDX39B;DDX39B;SNORD117;SNORD84;DDX39B-AS1;ATP6V1G2;NFKBIL1;LTA;TNF;LTB;LST1;NCR3;UQCRHP1;AIF1;PRRC2A;SNORA38;BAG6;APOM;C6orf47;C6orf47-AS1;GPANK1;Y_RNA;CSNK2B;CSNK2B-LY6G5B-1181;LY6G5B;LY6G5C;ABHD16A;XXbac-BPG32J3.20;MIR4646;LY6G6F;LY6G6F-LY6G6D;LY6G6E;LY6G6D;MPIG6B;LY6G6C;DDAH2;CLIC1;MSH5;MSH5-SAPCD1;RNU6-850P;SAPCD1;SAPCD1-AS1;VWA7;VARS1;Y_RNA;LSM2;HSPA1L;HSPA1A;HSPA1B;SNHG32;SNORD48;SNORD52;NEU1;SLC44A4;EHMT2;EHMT2-AS1;C2;ZBTB12;CFB;CFB;NELFE;MIR1236;SKIC2;DXO;WHR1;C4A;C4A-AS1;CYP21A1P;AL645922.1;TNXA;WHR1B;C4B;C4B-AS1;CYP21A2;TNXB;RNA5SP206;ATF6B;FKBPL;PRRT1;PPT2;PPT2-EGFL8;EGFL8;AGPAT1;RNF5;AGER;PBX2;XXbac-BPG300A18.13;GPSM3;NOTCH4;TSBP1-AS1;TSBP1;HNRNPA1P2;RNU6-603P;HCG23;BTNL2;HLA-DRA;HLA-DRB9;HLA-DRB5;RNU1-61P;HLA-DRB6;HLA-DRB1	3.1	8298	Unknome 18_Mar_2026; maximum over uniquely HGNC-mapped proteins; derived/knownness-ranks.tsv	Tbio	46	unique	NA	NA	NA	NA	NA	NA	unresolved competing genes; gene-body association is not causal assignment	Lifelong developmental, systemic and adult explanations remain. Adult tissue expression observed (spinal cord); timing not identified.	12.1	spinal cord	not checked outside pilot	not checked outside pilot	2.9569e-07	positional;eQTL;chromatin	False	False	Lee CP GCST006572 + GENCODE v19; HGNC/Unknome/Pharos/HPA separate annotations; LD/QTL/perturbation not followed outside pilot; Savage/Genebass overlap; EA excluded	Independent ancestry-matched fine-mapping excludes rs66823108 and assigns a different variant/gene (e.g. ACOT13, RP1-30M3.5, C6orf62); adult-specific perturbation in the implicated cell type has no predicted functional effect despite verified engagement. Shared-signal evidence disappears on multiple-signal conditioning or complete variant coverage.	association hypothesis only; not an enhancement target
89	ENSG00000107862	GBF1	89	R011	rs2485371	2.39e-14	6.261800000000001e-12	1.1842942340000001e-07	137368	262	63	LBX1-AS1;LINC02681;SNORD112;RNU2-43P;RP11-107I14.2;RP11-107I14.5;BTRC;RNU2-59P;snoU13;DPCD;POLL;MIR3158-1;FBXW4;RNU6-1165P;LINC03046;FGF8;NPM3;OGA;KCNIP2-AS1;KCNIP2;ARMH3;Y_RNA;HPS6;RP11-302K17.3;RP11-302K17.4;SNORD112;LDB1;PPRC1;NOLC1;ELOVL3;PITX3;AL160011.1;NFKB2;PSD;FBXL15;CUEDC2;MIR146B;C10orf95-AS1;C10orf95;SLC68A1;ACTR1A;RP11-18I14.11;SUFU;RN7SL21P;RPL23AP58;RNU6-43P;TRIM8-DT;TRIM8;ARL3;SFXN2;WBP1L;RNU6-1231P;CYP17A1;CYP17A1-AS1;PFN1P11;PTGES3P4;BORCS7;BORCS7-ASMT;RNU6-372P;AS3MT;RPL22P17;RP11-724N1.1;CNNM2	20.3	18300	Unknome 18_Mar_2026; maximum over uniquely HGNC-mapped proteins; derived/knownness-ranks.tsv	Tbio	182	unique	NA	NA	NA	NA	NA	NA	unresolved competing genes; gene-body association is not causal assignment	Lifelong developmental, systemic and adult explanations remain. Adult tissue expression observed (cerebral cortex); timing not identified.	44.3	cerebral cortex	not checked outside pilot	not checked outside pilot	1.7535e-16	positional;chromatin	False	False	Lee CP GCST006572 + GENCODE v19; HGNC/Unknome/Pharos/HPA separate annotations; LD/QTL/perturbation not followed outside pilot; Savage/Genebass overlap; EA excluded	Independent ancestry-matched fine-mapping excludes rs2485371 and assigns a different variant/gene (e.g. LBX1-AS1, LINC02681, SNORD112); adult-specific perturbation in the implicated cell type has no predicted functional effect despite verified engagement. Shared-signal evidence disappears on multiple-signal conditioning or complete variant coverage.	association hypothesis only; not an enhancement target
90	ENSG00000120306	CYSTM1	90	R024	rs397463	2.6e-14	6.474e-12	1.22442762e-07	107411	249	84	CTD-3224K15.3;CXXC5;CXXC5-AS1;CTB-35F21.1;RNU6-236P;PSD2-AS1;CTB-35F21.3;CTB-35F21.5;PSD2;NRG2;NRG2-AS1;Y_RNA;MALINC1;PURA;IGIP;CTB-131B5.5;AC011379.1;CTB-131B5.2;PFDN1;HBEGF;CTC-329D1.3;SLC4A9;ANKHD1-DT;RNU4-14P;ANKHD1;ANKHD1-EIF4EBP3;SNORD45;SRA1;EIF4EBP3;APBB3;SLC35A4;SNORA27;HAUS1P1;RPL36P11;CD14;NDUFA2;TMCO6;IK;MIR3655;WDR55;DND1;HARS1;HARS2;ZMAT2;VTRNA1-1;VTRNA1-2;VTRNA1-3;RP11-515C16.7;AC005609.2;PCDHA1;PCDHA2;PCDHA3;PCDHA4;PCDHA5;PCDHA6;PCDHA7;PCDHA8;PCDHA9;PCDHA10;AC005609.1;PCDHA14;PCDHA11;PCDHA12;PCDHA13;PCDHAC1;PCDHAC2;PCDHB1;PCDHB2;PCDHB-AS1;PCDHB3;AC005754.8;PCDHB4;PCDHB5;PCDHB6;PCDHB17P;PCDHB7;PCDHB8;PCDHB16;PCDHB9;PCDHB10;PCDHB11;PCDHB12;PCDHB13;PCDHB14	0.0	1	Unknome 18_Mar_2026; maximum over uniquely HGNC-mapped proteins; derived/knownness-ranks.tsv	Tdark	19	unique	NA	NA	NA	NA	NA	NA	unresolved competing genes; gene-body association is not causal assignment	Lifelong developmental, systemic and adult explanations remain. Adult tissue expression observed (basal ganglia); timing not identified.	139.6	basal ganglia	not checked outside pilot	not checked outside pilot	1.8739e-11	positional;eQTL	False	False	Lee CP GCST006572 + GENCODE v19; HGNC/Unknome/Pharos/HPA separate annotations; LD/QTL/perturbation not followed outside pilot; Savage/Genebass overlap; EA excluded	Independent ancestry-matched fine-mapping excludes rs397463 and assigns a different variant/gene (e.g. CTD-3224K15.3, CXXC5, CXXC5-AS1); adult-specific perturbation in the implicated cell type has no predicted functional effect despite verified engagement. Shared-signal evidence disappears on multiple-signal conditioning or complete variant coverage.	association hypothesis only; not an enhancement target
91	ENSG00000177096	PHETA2	91	R023	rs133383	5.4e-13	6.48e-12	1.2255624e-07	5191	12	149	CTA-150C2.13;APOBEC3A;APOBEC3B;APOBEC3B-AS1;APOBEC3C;APOBEC3D;APOBEC3F;APOBEC3G;CTA-150C2.20;RP4-742C19.12;APOBEC3H;CBX7;COX5BP7;FUNDC2P4;PDGFB;AL031590.1;RP3-333H23.8;RPL3;SNORD83B;SNORD83A;SNORD43;SYNGR1;TAB1;MGAT3;MGAT3-AS1;MIEF1;ATF4;RPS19BP1;CACNA1I;ENTHD1;MTFR2P2;RN7SKP210;UQCRFS1P1;GRAP2;TMA7B;SACK1F;TNRC6B-DT;TNRC6B;RPL7P52;ADSL;SGSM3;SGSM3-AS1;MRTFA;MRTFA-AS2;RP5-1042K10.12;MRTFA-AS1;AL031594.1;COX6B1P3;RPL4P6;GAPDHP37;MCHR1;SLC25A17;RFKP4;JTBP1;MIR4766;ST13;XPNPEP3;DNAJB7;snoU13;RNU6-379P;RBX1;Y_RNA;AL080243.1;RPS9P2;Y_RNA;ACTBP15;EP300;MIR1281;RNU6-375P;RP1-85F18.6;EP300-AS1;LRRC37A14P;L3MBTL2;L3MBTL2-AS1;CHADL;RANGAP1;AL035681.1;ZC3H7B;TEF;RNU6-495P;CTA-223H9.9;TOB2;PHF5A;ACO2;POLR3H;CSDC2;PMM1;DESI1;XRCC6;Y_RNA;SNU13;RNU6-476P;C22orf46P;Z83840.1;MEI1;HMGN2P10;RNU6ATAC22P;Y_RNA;CCDC134;SREBF2-AS1;SREBF2;MIR33A;SHISA8;CTA-250D10.23;MIR378I;TNFRSF13C;CENPM;SMIM45;SEPTIN3;CTA-250D10.19;WBP2NL;SLC25A5P1;NAGA;SNORD13P1;SMDT1;NDUFA6;RP1-257I20.14;NDUFA6-DT;OLA1P1;CYP2D6;RP4-669P10.19;RP4-669P10.16;CYP2D7;CYP2D8P;TCF20;OGFRP1;Z83851.4;CTA-989H11.1;LINC01315;NFAM1;CTA-126B4.7;SERHL;RRP7A;Z93241.1;SERHL2;RRP7BP;RN7SKP80;RNU6-513P;POLDIP3;RNU12;CYB5R3;ATP5MGL;A4GALT;Y_RNA;RPL5P34;GOLGA2P4;ARFGAP3;PACSIN2;COA1P1	4.7	10753	Unknome 18_Mar_2026; maximum over uniquely HGNC-mapped proteins; derived/knownness-ranks.tsv	Tbio	21	unique	NA	NA	NA	NA	NA	NA	unresolved competing genes; gene-body association is not causal assignment	Lifelong developmental, systemic and adult explanations remain. Adult tissue expression observed (basal ganglia); timing not identified.	1.5	basal ganglia	not checked outside pilot	not checked outside pilot	NA	positional;eQTL;chromatin	False	False	Lee CP GCST006572 + GENCODE v19; HGNC/Unknome/Pharos/HPA separate annotations; LD/QTL/perturbation not followed outside pilot; Savage/Genebass overlap; EA excluded	Independent ancestry-matched fine-mapping excludes rs133383 and assigns a different variant/gene (e.g. CTA-150C2.13, APOBEC3A, APOBEC3B); adult-specific perturbation in the implicated cell type has no predicted functional effect despite verified engagement. Shared-signal evidence disappears on multiple-signal conditioning or complete variant coverage.	association hypothesis only; not an enhancement target
92	ENSG00000067715	SYT1	92	R022	rs7963801	3.46e-15	6.539399999999999e-12	1.236796722e-07	588016	1890	15	RP11-123M21.2;RP11-123M21.1;RP11-390N6.1;SYT1-AS1;AC078917.1;MIR1252;AC027288.2;AC027288.1;RP11-359M6.2;RN7SL696P;RP11-359M6.1;NOP56P3;PAWR;PPP1R12A-AS2;PPP1R12A	17.3	17917	Unknome 18_Mar_2026; maximum over uniquely HGNC-mapped proteins; derived/knownness-ranks.tsv	Tbio	191	unique	NA	NA	NA	NA	NA	NA	unresolved competing genes; gene-body association is not causal assignment	Lifelong developmental, systemic and adult explanations remain. Adult tissue expression observed (cerebral cortex); timing not identified.	280.3	cerebral cortex	not checked outside pilot	not checked outside pilot	NA	positional	False	False	Lee CP GCST006572 + GENCODE v19; HGNC/Unknome/Pharos/HPA separate annotations; LD/QTL/perturbation not followed outside pilot; Savage/Genebass overlap; EA excluded	Independent ancestry-matched fine-mapping excludes rs7963801 and assigns a different variant/gene (e.g. RP11-123M21.2, RP11-123M21.1, RP11-390N6.1); adult-specific perturbation in the implicated cell type has no predicted functional effect despite verified engagement. Shared-signal evidence disappears on multiple-signal conditioning or complete variant coverage.	association hypothesis only; not an enhancement target
93	ENSG00000174738	NR1D2	93	R017	rs28522849	7.73e-14	8.503e-12	1.60817239e-07	35359	110	21	UBE2E2;C11orf98P3;AC092038.1;AC092038.2;RNU6-922P;RNU6-788P;AC020626.1;UBE2E1-AS1;UBE2E1;ARL4AP4;NKIRAS1;RPL15;LINC00691;NPM1P23;THRB;RPL31P20;THRB-IT1;THRB-AS1;RP11-317L10.1;MIR4792;EIF3KP2	12.2	16737	Unknome 18_Mar_2026; maximum over uniquely HGNC-mapped proteins; derived/knownness-ranks.tsv	Tchem	87	unique	NA	NA	NA	NA	NA	NA	unresolved competing genes; gene-body association is not causal assignment	Lifelong developmental, systemic and adult explanations remain. Adult tissue expression observed (cerebellum); timing not identified.	34.0	cerebellum	not checked outside pilot	not checked outside pilot	1.9664e-10	positional;eQTL	False	False	Lee CP GCST006572 + GENCODE v19; HGNC/Unknome/Pharos/HPA separate annotations; LD/QTL/perturbation not followed outside pilot; Savage/Genebass overlap; EA excluded	Independent ancestry-matched fine-mapping excludes rs28522849 and assigns a different variant/gene (e.g. UBE2E2, C11orf98P3, AC092038.1); adult-specific perturbation in the implicated cell type has no predicted functional effect despite verified engagement. Shared-signal evidence disappears on multiple-signal conditioning or complete variant coverage.	association hypothesis only; not an enhancement target
94	ENSG00000158373	H2BC5	94	R008	rs1417998	3.01e-13	9.933e-12	1.87862829e-07	13229	33	515	ACOT13;RP1-30M3.5;C6orf62;RP1-30M3.6;LINC02828;AP3S1P1;GMNN;ARMH2;RIPOR2;AL512428.1;MTCO2P33;PPIAP29;RP11-367G6.3;ASS1P1;RN7SL334P;RP3-425P12.5;RP3-425P12.1;RP3-425P12.2;CMAHP;NUP50P2;CANT1P1;UBE2D3P5;RNY5P5;AL590084.1;RP11-191A15.4;RP3-522P13.3;KATNBL1P5;RPL21P68;HNRNPA3P17;CARMIL1;Y_RNA;RNU6-987P;AL160037.1;snoU13;SCGN;PRELID1P2;H2AC1;H2BC1;H2BC2P;H2AC2P;SLC17A4;SLC17A1;SLC17A3;H2AC3P;SLC17A2;TRIM38;U91328.21;U91328.20;LINC02980;U91328.22;H3P26;H1-1;HIST1H3A;HIST1H4A;HIST1H4B;HIST1H3B;HIST1H2AB;HIST1H2BB;H2AC5P;HIST1H3C;H1-2;HFE;H4C3;H1-6;H2BC4;H2AC6;H1-4;LARP1P1;HIST1H2BE;HIST1H4D;H1-12P;H3C4;H2AC7;HIST1H2BF;RP1-34B20.4;HIST1H4E;HIST1H2BG;HIST1H2AE;HIST1H3E;H2AC9P;H1-3;HIST1H4F;HIST1H4G;HIST1H3F;HIST1H2BH;HIST1H3G;H2AC10P;HIST1H2BI;H4C8;H3C9P;RNU6-1259P;BTN3A2;AL021917.1;BTN2A2;BTN3A1;BTN2A3P;BTN3A3;BTN2A1;BTN1A1;RNU6-502P;HCG11;CTA-14H9.5;HMGN4;ABT1;RP11-457M11.6;VN1R14P;RP11-457M11.2;ZNF322;RP11-457M11.5;GUSBP2;POM121L6P;LINC00240;RP11-239L20.6;TRNAI2;VN1R12P;VN1R13P;VN1R11P;RNU2-62P;RP1-86C11.7;H2BC11;H2AC11;H2BC12;HIST1H4I;HIST1H2AH;MIR3143;RPL10P2;PRSS16;CDCA7P1;POM121L2;VN1R10P;ZNF204P;ZNF391;RP1-153G14.4;MCFD2P1;ZNF184;XXbac-BPGBPG34I8.1;HNRNPA1P1;CD83P1;RNU6-471P;TRNAI6;RPL8P1;GPHRP1;RSL24D1P1;H4C10P;H2BC13;H2AC13;HIST1H3H;HIST1H2AJ;HIST1H2BM;H4C11;HIST1H4K;HIST1H2AK;H2BC15;H2BC16P;HIST1H2AL;H1-5;HIST1H3I;HIST1H4L;H3C12;HIST1H2AM;HIST1H2BO;RNU7-26P;OR2B2;OR2W6P;OR2B6;RPLP2P1;OR2W4P;IQCB2P;U3;OR2W2P;OR2B7P;OR2B8;OR1F12P;RP1-313I6.12;ZNF165;ZSCAN12P1;ZNF602P;ZSCAN16-AS1;ZSCAN16;RP1-265C24.8;ZKSCAN8;ZKSCAN8P1;ZNF603P;ZKSCAN8P2;TOB2P1;ZSCAN9;ZKSCAN4;NKAPL;ZSCAN26;PGBD1;SMIM15P2;ZSCAN31;ZKSCAN3;ZSCAN12;RNU2-45P;ZSCAN23;COX11P1;OR2E1P;GPX6;GPX5;SCAND3;SCAND3-AS1;COX8CP1;AL121932.1;LINC00533;RPSAP2;AL662890.1;NOP56P1;AL662890.3;XXbac-BPG308K3.5;LINC01623;RPL13P;ZNF90P2;HCG14;TRIM27;RNU6-930P;LINC01556;KRT18P1;RN7SL471P;HCG15;HCG16;ZNF311;OR2AD1P;OR2W1;OR2P1P;SAR1AP1;OR2B3;OR2J1;OR2J3;XXbac-BCX196D17.5;OR2N1P;OR2J2;OR2J4P;OR2H4P;XXbac-BPG308J9.3;OR2G1P;OR2U1P;OR2U2P;OR2B4P;OR14J1;DDX6P1;OR5V1;OR12D3;OR12D2;OR12D1;OR11A1;OR10C1;OR2H1;UBDP1;MAS1LP1;MAS1L;RPS17P1;LINC02829;LINC01015;MAS1LP2;OR2I1;UBD;GABBR1;OR2H5P;TMEM183AP1;SNORD32B;RPL13AP;OR2H2;SUMO2P1;MOG;ZFP57;ZDHHC20P1;HLA-F;HCG4P11;HLA-F-AS1;RPL23AP1;MICE;HCG9P5;Y_RNA;IFITM4P;XXbac-BPG170G13.32;XXbac-BPG170G13.31;HLA-V;HCG4;HLA-P;RPL7AP7;MICG;HLA-G;HCG4P8;MICF;HCG4P7;HLA-H;HLA-T;DDX39BP1;MCCD1P1;HCG4B;HLA-K;HLA-U;HLA-A;HCG4P5;HLA-W;MICD;HCG9;DDX39BP2;MCCD1P2;POLR1HASP;HCG4P3;HLA-J;ETF1P1;POLR1H;PPP1R11;RNF39;AL669914.1;TRIM31;TRIM31-AS1;SNORA48;TRIM40;TRIM10;TRIM15;TRIM26;PAIP1P1;HCG17;TRIM26BP;HLA-L;HCG18;TRIM39;TRIM39-RPP21;RPP21;HLA-N;HCG19P;UBQLN1P1;MICC;TMPOP1;SUCLA2P1;RANP1;HLA-E;LINC02569;GNL1;PRR3;ABCF1;MIR877;PPP1R10;AL662800.1;MRPS18B;ATAT1;PTMAP1;C6orf136;AL662800.2;DHX16;PPP1R18;NRM;RPL7P4;MDC1;MDC1-AS1;TUBB;XXbac-BPG252P9.9;FLOT1;Y_RNA;IER3-AS1;IER3;RN7SL353P;HCG20;LINC00243;LINC02570;RN7SKP186;DDR1-DT;DDR1;MIR4640;RN7SL175P;GTF2H4;VARS2;SFTA2;Y_RNA;MUCL3;HCG21;MUC21;MUC22;HCG22;RNU6-1133P;C6orf15;PSORS1C1;CDSN;PSORS1C2;POLR2LP1;CCHCR1;TCF19;POU5F1;PSORS1C3;XXbac-BPG299F13.17;HCG27;XXbac-BPG299F13.14;XXbac-BPG299F13.15;XXbac-BPG299F13.16;HLA-C;USP8P1;RPL3P2;WASF5P;LINC02571;XXbac-BPG248L24.10;HLA-B;XXbac-BPG248L24.12;DHFRP2;RNU6-283P;AL671883.1;FGFR3P1;ZDHHC20P2;HLA-S;XXbac-BPG181B23.7;HCP5;Y_RNA;MICA;LINC01149;XXbac-BPG181B23.6;MICB;Y_RNA;XXbac-BPG16N22.5;PPIAP9;RPL15P4;MCCD1;ATP6V1G2-DDX39B;DDX39B;SNORD117;SNORD84;DDX39B-AS1;ATP6V1G2;NFKBIL1;LTA;TNF;LTB;LST1;NCR3;UQCRHP1;AIF1;PRRC2A;SNORA38;BAG6;APOM;C6orf47;C6orf47-AS1;GPANK1;Y_RNA;CSNK2B;CSNK2B-LY6G5B-1181;LY6G5B;LY6G5C;ABHD16A;XXbac-BPG32J3.20;MIR4646;LY6G6F;LY6G6F-LY6G6D;LY6G6E;LY6G6D;MPIG6B;LY6G6C;DDAH2;CLIC1;MSH5;MSH5-SAPCD1;RNU6-850P;SAPCD1;SAPCD1-AS1;VWA7;VARS1;Y_RNA;LSM2;HSPA1L;HSPA1A;HSPA1B;SNHG32;SNORD48;SNORD52;NEU1;SLC44A4;EHMT2;EHMT2-AS1;C2;ZBTB12;CFB;CFB;NELFE;MIR1236;SKIC2;DXO;WHR1;C4A;C4A-AS1;CYP21A1P;AL645922.1;TNXA;WHR1B;C4B;C4B-AS1;CYP21A2;TNXB;RNA5SP206;ATF6B;FKBPL;PRRT1;PPT2;PPT2-EGFL8;EGFL8;AGPAT1;RNF5;AGER;PBX2;XXbac-BPG300A18.13;GPSM3;NOTCH4;TSBP1-AS1;TSBP1;HNRNPA1P2;RNU6-603P;HCG23;BTNL2;HLA-DRA;HLA-DRB9;HLA-DRB5;RNU1-61P;HLA-DRB6;HLA-DRB1	3.0	8111	Unknome 18_Mar_2026; maximum over uniquely HGNC-mapped proteins; derived/knownness-ranks.tsv	Tbio	103	unique	NA	NA	NA	NA	NA	NA	unresolved competing genes; gene-body association is not causal assignment	Lifelong developmental, systemic and adult explanations remain. Adult tissue expression observed (spinal cord); timing not identified.	29.9	spinal cord	not checked outside pilot	not checked outside pilot	NA	eQTL	False	False	Lee CP GCST006572 + GENCODE v19; HGNC/Unknome/Pharos/HPA separate annotations; LD/QTL/perturbation not followed outside pilot; Savage/Genebass overlap; EA excluded	Independent ancestry-matched fine-mapping excludes rs1417998 and assigns a different variant/gene (e.g. ACOT13, RP1-30M3.5, C6orf62); adult-specific perturbation in the implicated cell type has no predicted functional effect despite verified engagement. Shared-signal evidence disappears on multiple-signal conditioning or complete variant coverage.	association hypothesis only; not an enhancement target
95	ENSG00000124201	ZNFX1	95	R006	rs6122778	7.28e-14	1.17208e-11	2.2167549040000002e-07	40481	161	26	LINC00494;RP1-66N13.1;RNU7-144P;PREX1;AL035106.1;ARFGEF2;SNAP23P1;CSE1L-DT;CSE1L;STAU1;ARPC3P1;DDX27;ZFAS1;SNORD12C;SNORD12B;SNORD12;KCNB1;PTGIS;AL118525.1;B4GALT5;RN7SL197P;SNRPFP1;RNU6-919P;SLC9A8;RNU7-72P;GLYR1P1	4.1	9897	Unknome 18_Mar_2026; maximum over uniquely HGNC-mapped proteins; derived/knownness-ranks.tsv	Tbio	54	unique	NA	NA	NA	NA	NA	NA	unresolved competing genes; gene-body association is not causal assignment	Lifelong developmental, systemic and adult explanations remain. Adult tissue expression observed (basal ganglia); timing not identified.	8.6	basal ganglia	not checked outside pilot	not checked outside pilot	2.4337e-08	positional;eQTL;chromatin	False	False	Lee CP GCST006572 + GENCODE v19; HGNC/Unknome/Pharos/HPA separate annotations; LD/QTL/perturbation not followed outside pilot; Savage/Genebass overlap; EA excluded	Independent ancestry-matched fine-mapping excludes rs6122778 and assigns a different variant/gene (e.g. LINC00494, RP1-66N13.1, RNU7-144P); adult-specific perturbation in the implicated cell type has no predicted functional effect despite verified engagement. Shared-signal evidence disappears on multiple-signal conditioning or complete variant coverage.	association hypothesis only; not an enhancement target
96	ENSG00000162517	PEF1	96	R027	rs7546297	4.55e-13	1.183e-11	2.2374079e-07	15035	26	35	SELENOWP1;RPL21P22;NKAIN1;SNRNP40;RP11-490K7.4;ZCCHC17;RP11-266K22.2;FABP3;SERINC2;AC114494.1;EEF1A1P46;RNU6-40P;RP11-439L8.3;RP11-439L8.4;RP11-73M7.1;TINAGL1;HCRTR1;PEF1-AS1;RP11-73M7.9;COL16A1;ADGRB2;MIR4254;RP11-84A19.3;SPOCD1;RP11-84A19.2;RP11-84A19.4;PTP4A2;AL136115.1;RP4-534N18.2;KHDRBS1;RP11-277A4.4;TMEM39B;MIR5585;KPNA6;RP4-622L5.2	10.7	16120	Unknome 18_Mar_2026; maximum over uniquely HGNC-mapped proteins; derived/knownness-ranks.tsv	Tbio	73	unique	NA	NA	NA	NA	NA	NA	unresolved competing genes; gene-body association is not causal assignment	Lifelong developmental, systemic and adult explanations remain. Adult tissue expression observed (cerebral cortex); timing not identified.	67.1	cerebral cortex	not checked outside pilot	not checked outside pilot	1.8532e-11	positional;eQTL;chromatin	False	False	Lee CP GCST006572 + GENCODE v19; HGNC/Unknome/Pharos/HPA separate annotations; LD/QTL/perturbation not followed outside pilot; Savage/Genebass overlap; EA excluded	Independent ancestry-matched fine-mapping excludes rs7546297 and assigns a different variant/gene (e.g. SELENOWP1, RPL21P22, NKAIN1); adult-specific perturbation in the implicated cell type has no predicted functional effect despite verified engagement. Shared-signal evidence disappears on multiple-signal conditioning or complete variant coverage.	association hypothesis only; not an enhancement target
97	ENSG00000221986	MYBPHL	97	R026	rs407102	2.51e-13	1.3554e-11	2.56346802e-07	14677	54	51	STXBP3;AKNAD1;SPATA42;GPSM2;CLCC1;WDR47;RP5-1065J22.2;RPL17P7;RPS27P6;RANP5;TAF13;TMEM167B-DT;TMEM167B;SCARNA2;RP5-1065J22.4;CFAP276;ELAPOR1;RNU7-122P;SARS1;CELSR2;PSRC1;SORT1;PSMA5;SYPL2;ATXN7L2;CYB561D1;AMIGO1;GPR61;RP5-1160K1.8;GNAI3;RNU6V;RP5-1160K1.3;MIR197;GNAT2;AMPD2;AMPD2-AS1;RPL7P8;GSTM4;GSTM2;GSTM1;AC000032.2;GSTM5;RP4-735C1.4;GSTM3;EPS8L3;NDUFA5P10;LINC01768;RP11-195M16.1;RP11-195M16.3;CSF1;AHCYL1	0.0	1	Unknome 18_Mar_2026; maximum over uniquely HGNC-mapped proteins; derived/knownness-ranks.tsv	Tbio	14	unique	NA	NA	NA	NA	NA	NA	unresolved competing genes; gene-body association is not causal assignment	Lifelong developmental, systemic and adult explanations remain. Adult tissue expression observed (cerebral cortex); timing not identified.	0.8	cerebral cortex	not checked outside pilot	not checked outside pilot	3.4035e-12	positional;eQTL	False	False	Lee CP GCST006572 + GENCODE v19; HGNC/Unknome/Pharos/HPA separate annotations; LD/QTL/perturbation not followed outside pilot; Savage/Genebass overlap; EA excluded	Independent ancestry-matched fine-mapping excludes rs407102 and assigns a different variant/gene (e.g. STXBP3, AKNAD1, SPATA42); adult-specific perturbation in the implicated cell type has no predicted functional effect despite verified engagement. Shared-signal evidence disappears on multiple-signal conditioning or complete variant coverage.	association hypothesis only; not an enhancement target
98	ENSG00000115526	CHST10	98	R013	rs4851313	1.03e-13	1.442e-11	2.7272546000000003e-07	25792	140	38	C2orf15;MRPL30;MITD1;MRPL30;LYG2;LYG1;TXNDC9;EIF5B;REV1;RP11-527J8.1;AC018690.1;AFF3;AC092667.2;LINC01104;LONRF2;CYCSP7;RP11-292K15.1;RALBP1P2;NMS;ARPP19P2;RN7SL611P;PDCL3;snoU13;HMGN2P22;RN7SL360P;LINC01849;NANOGNBP1;LINC01868;AC092168.4;NPAS2;AC092168.2;NPAS2-AS1;AC016738.4;RPL31;TBC1D8;BBIP1P1;RN7SL548P;TBC1D8-AS1	7.0	13559	Unknome 18_Mar_2026; maximum over uniquely HGNC-mapped proteins; derived/knownness-ranks.tsv	Tbio	34	unique	NA	NA	NA	NA	NA	NA	unresolved competing genes; gene-body association is not causal assignment	Lifelong developmental, systemic and adult explanations remain. Adult tissue expression observed (cerebral cortex); timing not identified.	28.8	cerebral cortex	not checked outside pilot	not checked outside pilot	6.0471e-08	positional;eQTL;chromatin	False	False	Lee CP GCST006572 + GENCODE v19; HGNC/Unknome/Pharos/HPA separate annotations; LD/QTL/perturbation not followed outside pilot; Savage/Genebass overlap; EA excluded	Independent ancestry-matched fine-mapping excludes rs4851313 and assigns a different variant/gene (e.g. C2orf15, MRPL30, MITD1); adult-specific perturbation in the implicated cell type has no predicted functional effect despite verified engagement. Shared-signal evidence disappears on multiple-signal conditioning or complete variant coverage.	association hypothesis only; not an enhancement target
99	ENSG00000269383	CYCSP7	99	R013	rs1437971	6.14e-12	1.842e-11	3.4837746e-07	303	3	38	C2orf15;MRPL30;MITD1;MRPL30;LYG2;LYG1;TXNDC9;EIF5B;REV1;RP11-527J8.1;AC018690.1;AFF3;AC092667.2;LINC01104;LONRF2;RP11-292K15.1;CHST10;RALBP1P2;NMS;ARPP19P2;RN7SL611P;PDCL3;snoU13;HMGN2P22;RN7SL360P;LINC01849;NANOGNBP1;LINC01868;AC092168.4;NPAS2;AC092168.2;NPAS2-AS1;AC016738.4;RPL31;TBC1D8;BBIP1P1;RN7SL548P;TBC1D8-AS1	NA	NA	Unknome unmapped/unscored; not zero knownness	NA	1	unique	NA	NA	NA	NA	NA	NA	unresolved competing genes; gene-body association is not causal assignment	Lifelong developmental, systemic and adult explanations remain. Adult brain expression not covered in HPA; not evidence of absence.	NA	NA	not checked outside pilot	not checked outside pilot	NA	NA	False	False	Lee CP GCST006572 + GENCODE v19; HGNC/Unknome/Pharos/HPA separate annotations; LD/QTL/perturbation not followed outside pilot; Savage/Genebass overlap; EA excluded	Independent ancestry-matched fine-mapping excludes rs1437971 and assigns a different variant/gene (e.g. C2orf15, MRPL30, MITD1); adult-specific perturbation in the implicated cell type has no predicted functional effect despite verified engagement. Shared-signal evidence disappears on multiple-signal conditioning or complete variant coverage.	association hypothesis only; not an enhancement target
100	ENSG00000121764	HCRTR1	100	R027	rs871634	6.11e-13	2.2607e-11	4.27566191e-07	14833	37	35	SELENOWP1;RPL21P22;NKAIN1;SNRNP40;RP11-490K7.4;ZCCHC17;RP11-266K22.2;FABP3;SERINC2;AC114494.1;EEF1A1P46;RNU6-40P;RP11-439L8.3;RP11-439L8.4;RP11-73M7.1;TINAGL1;PEF1;PEF1-AS1;RP11-73M7.9;COL16A1;ADGRB2;MIR4254;RP11-84A19.3;SPOCD1;RP11-84A19.2;RP11-84A19.4;PTP4A2;AL136115.1;RP4-534N18.2;KHDRBS1;RP11-277A4.4;TMEM39B;MIR5585;KPNA6;RP4-622L5.2	8.8	15033	Unknome 18_Mar_2026; maximum over uniquely HGNC-mapped proteins; derived/knownness-ranks.tsv	Tclin	109	unique	NA	NA	NA	NA	NA	NA	unresolved competing genes; gene-body association is not causal assignment	Lifelong developmental, systemic and adult explanations remain. Adult tissue expression observed (hypothalamus); timing not identified.	0.9	hypothalamus	not checked outside pilot	not checked outside pilot	6.4716e-11	positional;eQTL;chromatin	False	False	Lee CP GCST006572 + GENCODE v19; HGNC/Unknome/Pharos/HPA separate annotations; LD/QTL/perturbation not followed outside pilot; Savage/Genebass overlap; EA excluded	Independent ancestry-matched fine-mapping excludes rs871634 and assigns a different variant/gene (e.g. SELENOWP1, RPL21P22, NKAIN1); adult-specific perturbation in the implicated cell type has no predicted functional effect despite verified engagement. Shared-signal evidence disappears on multiple-signal conditioning or complete variant coverage.	association hypothesis only; not an enhancement target
101	ENSG00000122515	ZMIZ2	101	R029	rs3735478	4.85e-13	2.3279999999999996e-11	4.402946399999999e-07	21298	48	29	CAMK2B;NUDCD3;RPL32P18;RNU6-1097P;RPL36AP27;NPC1L1;DDX56;TMED4;RP11-52M17.1;OGDH;AC013436.6;PPIA;H2AZ2;H2AZ2-DT;PURB;MIR4657;RP4-673M15.1;AC004854.5;RP4-647J21.1;MYO1G;SNHG15;CCM2;NACAD;FASTKD4;SNORA5A;SNORA5C;SNORA5B;RAMP3;ELK1P1	5.2	11424	Unknome 18_Mar_2026; maximum over uniquely HGNC-mapped proteins; derived/knownness-ranks.tsv	Tbio	51	unique	NA	NA	NA	NA	NA	NA	unresolved competing genes; gene-body association is not causal assignment	Lifelong developmental, systemic and adult explanations remain. Adult tissue expression observed (cerebral cortex); timing not identified.	60.4	cerebral cortex	not checked outside pilot	not checked outside pilot	1.6217e-09	positional;eQTL	False	False	Lee CP GCST006572 + GENCODE v19; HGNC/Unknome/Pharos/HPA separate annotations; LD/QTL/perturbation not followed outside pilot; Savage/Genebass overlap; EA excluded	Independent ancestry-matched fine-mapping excludes rs3735478 and assigns a different variant/gene (e.g. CAMK2B, NUDCD3, RPL32P18); adult-specific perturbation in the implicated cell type has no predicted functional effect despite verified engagement. Shared-signal evidence disappears on multiple-signal conditioning or complete variant coverage.	association hypothesis only; not an enhancement target
102	ENSG00000198951	NAGA	102	R023	rs133373	1.03e-12	3.3990000000000004e-11	6.4285287e-07	12489	33	149	CTA-150C2.13;APOBEC3A;APOBEC3B;APOBEC3B-AS1;APOBEC3C;APOBEC3D;APOBEC3F;APOBEC3G;CTA-150C2.20;RP4-742C19.12;APOBEC3H;CBX7;COX5BP7;FUNDC2P4;PDGFB;AL031590.1;RP3-333H23.8;RPL3;SNORD83B;SNORD83A;SNORD43;SYNGR1;TAB1;MGAT3;MGAT3-AS1;MIEF1;ATF4;RPS19BP1;CACNA1I;ENTHD1;MTFR2P2;RN7SKP210;UQCRFS1P1;GRAP2;TMA7B;SACK1F;TNRC6B-DT;TNRC6B;RPL7P52;ADSL;SGSM3;SGSM3-AS1;MRTFA;MRTFA-AS2;RP5-1042K10.12;MRTFA-AS1;AL031594.1;COX6B1P3;RPL4P6;GAPDHP37;MCHR1;SLC25A17;RFKP4;JTBP1;MIR4766;ST13;XPNPEP3;DNAJB7;snoU13;RNU6-379P;RBX1;Y_RNA;AL080243.1;RPS9P2;Y_RNA;ACTBP15;EP300;MIR1281;RNU6-375P;RP1-85F18.6;EP300-AS1;LRRC37A14P;L3MBTL2;L3MBTL2-AS1;CHADL;RANGAP1;AL035681.1;ZC3H7B;TEF;RNU6-495P;CTA-223H9.9;TOB2;PHF5A;ACO2;POLR3H;CSDC2;PMM1;DESI1;XRCC6;Y_RNA;SNU13;RNU6-476P;C22orf46P;Z83840.1;MEI1;HMGN2P10;RNU6ATAC22P;Y_RNA;CCDC134;SREBF2-AS1;SREBF2;MIR33A;SHISA8;CTA-250D10.23;MIR378I;TNFRSF13C;CENPM;SMIM45;SEPTIN3;CTA-250D10.19;WBP2NL;SLC25A5P1;PHETA2;SNORD13P1;SMDT1;NDUFA6;RP1-257I20.14;NDUFA6-DT;OLA1P1;CYP2D6;RP4-669P10.19;RP4-669P10.16;CYP2D7;CYP2D8P;TCF20;OGFRP1;Z83851.4;CTA-989H11.1;LINC01315;NFAM1;CTA-126B4.7;SERHL;RRP7A;Z93241.1;SERHL2;RRP7BP;RN7SKP80;RNU6-513P;POLDIP3;RNU12;CYB5R3;ATP5MGL;A4GALT;Y_RNA;RPL5P34;GOLGA2P4;ARFGAP3;PACSIN2;COA1P1	5.6	11982	Unknome 18_Mar_2026; maximum over uniquely HGNC-mapped proteins; derived/knownness-ranks.tsv	Tbio	147	unique	NA	NA	NA	NA	NA	NA	unresolved competing genes; gene-body association is not causal assignment	Lifelong developmental, systemic and adult explanations remain. Adult tissue expression observed (spinal cord); timing not identified.	8.9	spinal cord	not checked outside pilot	not checked outside pilot	NA	positional;eQTL;chromatin	False	False	Lee CP GCST006572 + GENCODE v19; HGNC/Unknome/Pharos/HPA separate annotations; LD/QTL/perturbation not followed outside pilot; Savage/Genebass overlap; EA excluded	Independent ancestry-matched fine-mapping excludes rs133373 and assigns a different variant/gene (e.g. CTA-150C2.13, APOBEC3A, APOBEC3B); adult-specific perturbation in the implicated cell type has no predicted functional effect despite verified engagement. Shared-signal evidence disappears on multiple-signal conditioning or complete variant coverage.	association hypothesis only; not an enhancement target
103	ENSG00000183066	WBP2NL	103	R023	rs133335	2.55e-13	3.8505e-11	7.28245065e-07	59732	151	149	CTA-150C2.13;APOBEC3A;APOBEC3B;APOBEC3B-AS1;APOBEC3C;APOBEC3D;APOBEC3F;APOBEC3G;CTA-150C2.20;RP4-742C19.12;APOBEC3H;CBX7;COX5BP7;FUNDC2P4;PDGFB;AL031590.1;RP3-333H23.8;RPL3;SNORD83B;SNORD83A;SNORD43;SYNGR1;TAB1;MGAT3;MGAT3-AS1;MIEF1;ATF4;RPS19BP1;CACNA1I;ENTHD1;MTFR2P2;RN7SKP210;UQCRFS1P1;GRAP2;TMA7B;SACK1F;TNRC6B-DT;TNRC6B;RPL7P52;ADSL;SGSM3;SGSM3-AS1;MRTFA;MRTFA-AS2;RP5-1042K10.12;MRTFA-AS1;AL031594.1;COX6B1P3;RPL4P6;GAPDHP37;MCHR1;SLC25A17;RFKP4;JTBP1;MIR4766;ST13;XPNPEP3;DNAJB7;snoU13;RNU6-379P;RBX1;Y_RNA;AL080243.1;RPS9P2;Y_RNA;ACTBP15;EP300;MIR1281;RNU6-375P;RP1-85F18.6;EP300-AS1;LRRC37A14P;L3MBTL2;L3MBTL2-AS1;CHADL;RANGAP1;AL035681.1;ZC3H7B;TEF;RNU6-495P;CTA-223H9.9;TOB2;PHF5A;ACO2;POLR3H;CSDC2;PMM1;DESI1;XRCC6;Y_RNA;SNU13;RNU6-476P;C22orf46P;Z83840.1;MEI1;HMGN2P10;RNU6ATAC22P;Y_RNA;CCDC134;SREBF2-AS1;SREBF2;MIR33A;SHISA8;CTA-250D10.23;MIR378I;TNFRSF13C;CENPM;SMIM45;SEPTIN3;CTA-250D10.19;SLC25A5P1;NAGA;PHETA2;SNORD13P1;SMDT1;NDUFA6;RP1-257I20.14;NDUFA6-DT;OLA1P1;CYP2D6;RP4-669P10.19;RP4-669P10.16;CYP2D7;CYP2D8P;TCF20;OGFRP1;Z83851.4;CTA-989H11.1;LINC01315;NFAM1;CTA-126B4.7;SERHL;RRP7A;Z93241.1;SERHL2;RRP7BP;RN7SKP80;RNU6-513P;POLDIP3;RNU12;CYB5R3;ATP5MGL;A4GALT;Y_RNA;RPL5P34;GOLGA2P4;ARFGAP3;PACSIN2;COA1P1	3.8	9432	Unknome 18_Mar_2026; maximum over uniquely HGNC-mapped proteins; derived/knownness-ranks.tsv	Tbio	37	unique	NA	NA	NA	NA	NA	NA	unresolved competing genes; gene-body association is not causal assignment	Lifelong developmental, systemic and adult explanations remain. Adult tissue expression observed (amygdala); timing not identified.	0.6	amygdala	not checked outside pilot	not checked outside pilot	3.1849e-09	positional;eQTL	False	False	Lee CP GCST006572 + GENCODE v19; HGNC/Unknome/Pharos/HPA separate annotations; LD/QTL/perturbation not followed outside pilot; Savage/Genebass overlap; EA excluded	Independent ancestry-matched fine-mapping excludes rs133335 and assigns a different variant/gene (e.g. CTA-150C2.13, APOBEC3A, APOBEC3B); adult-specific perturbation in the implicated cell type has no predicted functional effect despite verified engagement. Shared-signal evidence disappears on multiple-signal conditioning or complete variant coverage.	association hypothesis only; not an enhancement target
104	ENSG00000143028	SYPL2	104	R026	rs10857786	8.48e-13	4.3248e-11	8.179494240000001e-07	15580	51	51	STXBP3;AKNAD1;SPATA42;GPSM2;CLCC1;WDR47;RP5-1065J22.2;RPL17P7;RPS27P6;RANP5;TAF13;TMEM167B-DT;TMEM167B;SCARNA2;RP5-1065J22.4;CFAP276;ELAPOR1;RNU7-122P;SARS1;CELSR2;PSRC1;MYBPHL;SORT1;PSMA5;ATXN7L2;CYB561D1;AMIGO1;GPR61;RP5-1160K1.8;GNAI3;RNU6V;RP5-1160K1.3;MIR197;GNAT2;AMPD2;AMPD2-AS1;RPL7P8;GSTM4;GSTM2;GSTM1;AC000032.2;GSTM5;RP4-735C1.4;GSTM3;EPS8L3;NDUFA5P10;LINC01768;RP11-195M16.1;RP11-195M16.3;CSF1;AHCYL1	0.5	1903	Unknome 18_Mar_2026; maximum over uniquely HGNC-mapped proteins; derived/knownness-ranks.tsv	Tdark	18	unique	NA	NA	NA	NA	NA	NA	unresolved competing genes; gene-body association is not causal assignment	Lifelong developmental, systemic and adult explanations remain. Adult tissue expression observed (basal ganglia); timing not identified.	1.0	basal ganglia	not checked outside pilot	not checked outside pilot	7.708e-11	positional;eQTL;chromatin	False	False	Lee CP GCST006572 + GENCODE v19; HGNC/Unknome/Pharos/HPA separate annotations; LD/QTL/perturbation not followed outside pilot; Savage/Genebass overlap; EA excluded	Independent ancestry-matched fine-mapping excludes rs10857786 and assigns a different variant/gene (e.g. STXBP3, AKNAD1, SPATA42); adult-specific perturbation in the implicated cell type has no predicted functional effect despite verified engagement. Shared-signal evidence disappears on multiple-signal conditioning or complete variant coverage.	association hypothesis only; not an enhancement target
105	ENSG00000180573	H2AC6	105	R008	rs36109883	6.75e-13	5.3324999999999994e-11	1.0085357249999998e-06	14972	79	515	ACOT13;RP1-30M3.5;C6orf62;RP1-30M3.6;LINC02828;AP3S1P1;GMNN;ARMH2;RIPOR2;AL512428.1;MTCO2P33;PPIAP29;RP11-367G6.3;ASS1P1;RN7SL334P;RP3-425P12.5;RP3-425P12.1;RP3-425P12.2;CMAHP;NUP50P2;CANT1P1;UBE2D3P5;RNY5P5;AL590084.1;RP11-191A15.4;RP3-522P13.3;KATNBL1P5;RPL21P68;HNRNPA3P17;CARMIL1;Y_RNA;RNU6-987P;AL160037.1;snoU13;SCGN;PRELID1P2;H2AC1;H2BC1;H2BC2P;H2AC2P;SLC17A4;SLC17A1;SLC17A3;H2AC3P;SLC17A2;TRIM38;U91328.21;U91328.20;LINC02980;U91328.22;H3P26;H1-1;HIST1H3A;HIST1H4A;HIST1H4B;HIST1H3B;HIST1H2AB;HIST1H2BB;H2AC5P;HIST1H3C;H1-2;HFE;H4C3;H1-6;H2BC4;H1-4;H2BC5;LARP1P1;HIST1H2BE;HIST1H4D;H1-12P;H3C4;H2AC7;HIST1H2BF;RP1-34B20.4;HIST1H4E;HIST1H2BG;HIST1H2AE;HIST1H3E;H2AC9P;H1-3;HIST1H4F;HIST1H4G;HIST1H3F;HIST1H2BH;HIST1H3G;H2AC10P;HIST1H2BI;H4C8;H3C9P;RNU6-1259P;BTN3A2;AL021917.1;BTN2A2;BTN3A1;BTN2A3P;BTN3A3;BTN2A1;BTN1A1;RNU6-502P;HCG11;CTA-14H9.5;HMGN4;ABT1;RP11-457M11.6;VN1R14P;RP11-457M11.2;ZNF322;RP11-457M11.5;GUSBP2;POM121L6P;LINC00240;RP11-239L20.6;TRNAI2;VN1R12P;VN1R13P;VN1R11P;RNU2-62P;RP1-86C11.7;H2BC11;H2AC11;H2BC12;HIST1H4I;HIST1H2AH;MIR3143;RPL10P2;PRSS16;CDCA7P1;POM121L2;VN1R10P;ZNF204P;ZNF391;RP1-153G14.4;MCFD2P1;ZNF184;XXbac-BPGBPG34I8.1;HNRNPA1P1;CD83P1;RNU6-471P;TRNAI6;RPL8P1;GPHRP1;RSL24D1P1;H4C10P;H2BC13;H2AC13;HIST1H3H;HIST1H2AJ;HIST1H2BM;H4C11;HIST1H4K;HIST1H2AK;H2BC15;H2BC16P;HIST1H2AL;H1-5;HIST1H3I;HIST1H4L;H3C12;HIST1H2AM;HIST1H2BO;RNU7-26P;OR2B2;OR2W6P;OR2B6;RPLP2P1;OR2W4P;IQCB2P;U3;OR2W2P;OR2B7P;OR2B8;OR1F12P;RP1-313I6.12;ZNF165;ZSCAN12P1;ZNF602P;ZSCAN16-AS1;ZSCAN16;RP1-265C24.8;ZKSCAN8;ZKSCAN8P1;ZNF603P;ZKSCAN8P2;TOB2P1;ZSCAN9;ZKSCAN4;NKAPL;ZSCAN26;PGBD1;SMIM15P2;ZSCAN31;ZKSCAN3;ZSCAN12;RNU2-45P;ZSCAN23;COX11P1;OR2E1P;GPX6;GPX5;SCAND3;SCAND3-AS1;COX8CP1;AL121932.1;LINC00533;RPSAP2;AL662890.1;NOP56P1;AL662890.3;XXbac-BPG308K3.5;LINC01623;RPL13P;ZNF90P2;HCG14;TRIM27;RNU6-930P;LINC01556;KRT18P1;RN7SL471P;HCG15;HCG16;ZNF311;OR2AD1P;OR2W1;OR2P1P;SAR1AP1;OR2B3;OR2J1;OR2J3;XXbac-BCX196D17.5;OR2N1P;OR2J2;OR2J4P;OR2H4P;XXbac-BPG308J9.3;OR2G1P;OR2U1P;OR2U2P;OR2B4P;OR14J1;DDX6P1;OR5V1;OR12D3;OR12D2;OR12D1;OR11A1;OR10C1;OR2H1;UBDP1;MAS1LP1;MAS1L;RPS17P1;LINC02829;LINC01015;MAS1LP2;OR2I1;UBD;GABBR1;OR2H5P;TMEM183AP1;SNORD32B;RPL13AP;OR2H2;SUMO2P1;MOG;ZFP57;ZDHHC20P1;HLA-F;HCG4P11;HLA-F-AS1;RPL23AP1;MICE;HCG9P5;Y_RNA;IFITM4P;XXbac-BPG170G13.32;XXbac-BPG170G13.31;HLA-V;HCG4;HLA-P;RPL7AP7;MICG;HLA-G;HCG4P8;MICF;HCG4P7;HLA-H;HLA-T;DDX39BP1;MCCD1P1;HCG4B;HLA-K;HLA-U;HLA-A;HCG4P5;HLA-W;MICD;HCG9;DDX39BP2;MCCD1P2;POLR1HASP;HCG4P3;HLA-J;ETF1P1;POLR1H;PPP1R11;RNF39;AL669914.1;TRIM31;TRIM31-AS1;SNORA48;TRIM40;TRIM10;TRIM15;TRIM26;PAIP1P1;HCG17;TRIM26BP;HLA-L;HCG18;TRIM39;TRIM39-RPP21;RPP21;HLA-N;HCG19P;UBQLN1P1;MICC;TMPOP1;SUCLA2P1;RANP1;HLA-E;LINC02569;GNL1;PRR3;ABCF1;MIR877;PPP1R10;AL662800.1;MRPS18B;ATAT1;PTMAP1;C6orf136;AL662800.2;DHX16;PPP1R18;NRM;RPL7P4;MDC1;MDC1-AS1;TUBB;XXbac-BPG252P9.9;FLOT1;Y_RNA;IER3-AS1;IER3;RN7SL353P;HCG20;LINC00243;LINC02570;RN7SKP186;DDR1-DT;DDR1;MIR4640;RN7SL175P;GTF2H4;VARS2;SFTA2;Y_RNA;MUCL3;HCG21;MUC21;MUC22;HCG22;RNU6-1133P;C6orf15;PSORS1C1;CDSN;PSORS1C2;POLR2LP1;CCHCR1;TCF19;POU5F1;PSORS1C3;XXbac-BPG299F13.17;HCG27;XXbac-BPG299F13.14;XXbac-BPG299F13.15;XXbac-BPG299F13.16;HLA-C;USP8P1;RPL3P2;WASF5P;LINC02571;XXbac-BPG248L24.10;HLA-B;XXbac-BPG248L24.12;DHFRP2;RNU6-283P;AL671883.1;FGFR3P1;ZDHHC20P2;HLA-S;XXbac-BPG181B23.7;HCP5;Y_RNA;MICA;LINC01149;XXbac-BPG181B23.6;MICB;Y_RNA;XXbac-BPG16N22.5;PPIAP9;RPL15P4;MCCD1;ATP6V1G2-DDX39B;DDX39B;SNORD117;SNORD84;DDX39B-AS1;ATP6V1G2;NFKBIL1;LTA;TNF;LTB;LST1;NCR3;UQCRHP1;AIF1;PRRC2A;SNORA38;BAG6;APOM;C6orf47;C6orf47-AS1;GPANK1;Y_RNA;CSNK2B;CSNK2B-LY6G5B-1181;LY6G5B;LY6G5C;ABHD16A;XXbac-BPG32J3.20;MIR4646;LY6G6F;LY6G6F-LY6G6D;LY6G6E;LY6G6D;MPIG6B;LY6G6C;DDAH2;CLIC1;MSH5;MSH5-SAPCD1;RNU6-850P;SAPCD1;SAPCD1-AS1;VWA7;VARS1;Y_RNA;LSM2;HSPA1L;HSPA1A;HSPA1B;SNHG32;SNORD48;SNORD52;NEU1;SLC44A4;EHMT2;EHMT2-AS1;C2;ZBTB12;CFB;CFB;NELFE;MIR1236;SKIC2;DXO;WHR1;C4A;C4A-AS1;CYP21A1P;AL645922.1;TNXA;WHR1B;C4B;C4B-AS1;CYP21A2;TNXB;RNA5SP206;ATF6B;FKBPL;PRRT1;PPT2;PPT2-EGFL8;EGFL8;AGPAT1;RNF5;AGER;PBX2;XXbac-BPG300A18.13;GPSM3;NOTCH4;TSBP1-AS1;TSBP1;HNRNPA1P2;RNU6-603P;HCG23;BTNL2;HLA-DRA;HLA-DRB9;HLA-DRB5;RNU1-61P;HLA-DRB6;HLA-DRB1	2.4	6954	Unknome 18_Mar_2026; maximum over uniquely HGNC-mapped proteins; derived/knownness-ranks.tsv	Tdark	81	unique	NA	NA	NA	NA	NA	NA	unresolved competing genes; gene-body association is not causal assignment	Lifelong developmental, systemic and adult explanations remain. Adult tissue expression observed (spinal cord); timing not identified.	20.0	spinal cord	not checked outside pilot	not checked outside pilot	NA	NA	False	False	Lee CP GCST006572 + GENCODE v19; HGNC/Unknome/Pharos/HPA separate annotations; LD/QTL/perturbation not followed outside pilot; Savage/Genebass overlap; EA excluded	Independent ancestry-matched fine-mapping excludes rs36109883 and assigns a different variant/gene (e.g. ACOT13, RP1-30M3.5, C6orf62); adult-specific perturbation in the implicated cell type has no predicted functional effect despite verified engagement. Shared-signal evidence disappears on multiple-signal conditioning or complete variant coverage.	association hypothesis only; not an enhancement target
106	ENSG00000100167	SEPTIN3	106	R023	rs133301	6.94e-13	6.107199999999999e-11	1.1550547359999999e-06	21950	88	149	CTA-150C2.13;APOBEC3A;APOBEC3B;APOBEC3B-AS1;APOBEC3C;APOBEC3D;APOBEC3F;APOBEC3G;CTA-150C2.20;RP4-742C19.12;APOBEC3H;CBX7;COX5BP7;FUNDC2P4;PDGFB;AL031590.1;RP3-333H23.8;RPL3;SNORD83B;SNORD83A;SNORD43;SYNGR1;TAB1;MGAT3;MGAT3-AS1;MIEF1;ATF4;RPS19BP1;CACNA1I;ENTHD1;MTFR2P2;RN7SKP210;UQCRFS1P1;GRAP2;TMA7B;SACK1F;TNRC6B-DT;TNRC6B;RPL7P52;ADSL;SGSM3;SGSM3-AS1;MRTFA;MRTFA-AS2;RP5-1042K10.12;MRTFA-AS1;AL031594.1;COX6B1P3;RPL4P6;GAPDHP37;MCHR1;SLC25A17;RFKP4;JTBP1;MIR4766;ST13;XPNPEP3;DNAJB7;snoU13;RNU6-379P;RBX1;Y_RNA;AL080243.1;RPS9P2;Y_RNA;ACTBP15;EP300;MIR1281;RNU6-375P;RP1-85F18.6;EP300-AS1;LRRC37A14P;L3MBTL2;L3MBTL2-AS1;CHADL;RANGAP1;AL035681.1;ZC3H7B;TEF;RNU6-495P;CTA-223H9.9;TOB2;PHF5A;ACO2;POLR3H;CSDC2;PMM1;DESI1;XRCC6;Y_RNA;SNU13;RNU6-476P;C22orf46P;Z83840.1;MEI1;HMGN2P10;RNU6ATAC22P;Y_RNA;CCDC134;SREBF2-AS1;SREBF2;MIR33A;SHISA8;CTA-250D10.23;MIR378I;TNFRSF13C;CENPM;SMIM45;CTA-250D10.19;WBP2NL;SLC25A5P1;NAGA;PHETA2;SNORD13P1;SMDT1;NDUFA6;RP1-257I20.14;NDUFA6-DT;OLA1P1;CYP2D6;RP4-669P10.19;RP4-669P10.16;CYP2D7;CYP2D8P;TCF20;OGFRP1;Z83851.4;CTA-989H11.1;LINC01315;NFAM1;CTA-126B4.7;SERHL;RRP7A;Z93241.1;SERHL2;RRP7BP;RN7SKP80;RNU6-513P;POLDIP3;RNU12;CYB5R3;ATP5MGL;A4GALT;Y_RNA;RPL5P34;GOLGA2P4;ARFGAP3;PACSIN2;COA1P1	3.4	8766	Unknome 18_Mar_2026; maximum over uniquely HGNC-mapped proteins; derived/knownness-ranks.tsv	Tbio	44	unique	NA	NA	NA	NA	NA	NA	unresolved competing genes; gene-body association is not causal assignment	Lifelong developmental, systemic and adult explanations remain. Adult tissue expression observed (cerebral cortex); timing not identified.	253.5	cerebral cortex	not checked outside pilot	not checked outside pilot	1.0068e-07	positional;eQTL	False	False	Lee CP GCST006572 + GENCODE v19; HGNC/Unknome/Pharos/HPA separate annotations; LD/QTL/perturbation not followed outside pilot; Savage/Genebass overlap; EA excluded	Independent ancestry-matched fine-mapping excludes rs133301 and assigns a different variant/gene (e.g. CTA-150C2.13, APOBEC3A, APOBEC3B); adult-specific perturbation in the implicated cell type has no predicted functional effect despite verified engagement. Shared-signal evidence disappears on multiple-signal conditioning or complete variant coverage.	association hypothesis only; not an enhancement target
107	ENSG00000143106	PSMA5	107	R026	rs2303875	1.11e-12	6.993e-11	1.32258609e-06	27410	63	51	STXBP3;AKNAD1;SPATA42;GPSM2;CLCC1;WDR47;RP5-1065J22.2;RPL17P7;RPS27P6;RANP5;TAF13;TMEM167B-DT;TMEM167B;SCARNA2;RP5-1065J22.4;CFAP276;ELAPOR1;RNU7-122P;SARS1;CELSR2;PSRC1;MYBPHL;SORT1;SYPL2;ATXN7L2;CYB561D1;AMIGO1;GPR61;RP5-1160K1.8;GNAI3;RNU6V;RP5-1160K1.3;MIR197;GNAT2;AMPD2;AMPD2-AS1;RPL7P8;GSTM4;GSTM2;GSTM1;AC000032.2;GSTM5;RP4-735C1.4;GSTM3;EPS8L3;NDUFA5P10;LINC01768;RP11-195M16.1;RP11-195M16.3;CSF1;AHCYL1	18.1	18029	Unknome 18_Mar_2026; maximum over uniquely HGNC-mapped proteins; derived/knownness-ranks.tsv	Tbio	292	unique	NA	NA	NA	NA	NA	NA	unresolved competing genes; gene-body association is not causal assignment	Lifelong developmental, systemic and adult explanations remain. Adult tissue expression observed (cerebral cortex); timing not identified.	11.3	cerebral cortex	not checked outside pilot	not checked outside pilot	3.5379e-12	positional;chromatin	False	False	Lee CP GCST006572 + GENCODE v19; HGNC/Unknome/Pharos/HPA separate annotations; LD/QTL/perturbation not followed outside pilot; Savage/Genebass overlap; EA excluded	Independent ancestry-matched fine-mapping excludes rs2303875 and assigns a different variant/gene (e.g. STXBP3, AKNAD1, SPATA42); adult-specific perturbation in the implicated cell type has no predicted functional effect despite verified engagement. Shared-signal evidence disappears on multiple-signal conditioning or complete variant coverage.	association hypothesis only; not an enhancement target
108	ENSG00000197279	ZNF165	108	R008	rs1321505	2.46e-12	7.134e-11	1.34925342e-06	8589	29	515	ACOT13;RP1-30M3.5;C6orf62;RP1-30M3.6;LINC02828;AP3S1P1;GMNN;ARMH2;RIPOR2;AL512428.1;MTCO2P33;PPIAP29;RP11-367G6.3;ASS1P1;RN7SL334P;RP3-425P12.5;RP3-425P12.1;RP3-425P12.2;CMAHP;NUP50P2;CANT1P1;UBE2D3P5;RNY5P5;AL590084.1;RP11-191A15.4;RP3-522P13.3;KATNBL1P5;RPL21P68;HNRNPA3P17;CARMIL1;Y_RNA;RNU6-987P;AL160037.1;snoU13;SCGN;PRELID1P2;H2AC1;H2BC1;H2BC2P;H2AC2P;SLC17A4;SLC17A1;SLC17A3;H2AC3P;SLC17A2;TRIM38;U91328.21;U91328.20;LINC02980;U91328.22;H3P26;H1-1;HIST1H3A;HIST1H4A;HIST1H4B;HIST1H3B;HIST1H2AB;HIST1H2BB;H2AC5P;HIST1H3C;H1-2;HFE;H4C3;H1-6;H2BC4;H2AC6;H1-4;H2BC5;LARP1P1;HIST1H2BE;HIST1H4D;H1-12P;H3C4;H2AC7;HIST1H2BF;RP1-34B20.4;HIST1H4E;HIST1H2BG;HIST1H2AE;HIST1H3E;H2AC9P;H1-3;HIST1H4F;HIST1H4G;HIST1H3F;HIST1H2BH;HIST1H3G;H2AC10P;HIST1H2BI;H4C8;H3C9P;RNU6-1259P;BTN3A2;AL021917.1;BTN2A2;BTN3A1;BTN2A3P;BTN3A3;BTN2A1;BTN1A1;RNU6-502P;HCG11;CTA-14H9.5;HMGN4;ABT1;RP11-457M11.6;VN1R14P;RP11-457M11.2;ZNF322;RP11-457M11.5;GUSBP2;POM121L6P;LINC00240;RP11-239L20.6;TRNAI2;VN1R12P;VN1R13P;VN1R11P;RNU2-62P;RP1-86C11.7;H2BC11;H2AC11;H2BC12;HIST1H4I;HIST1H2AH;MIR3143;RPL10P2;PRSS16;CDCA7P1;POM121L2;VN1R10P;ZNF204P;ZNF391;RP1-153G14.4;MCFD2P1;ZNF184;XXbac-BPGBPG34I8.1;HNRNPA1P1;CD83P1;RNU6-471P;TRNAI6;RPL8P1;GPHRP1;RSL24D1P1;H4C10P;H2BC13;H2AC13;HIST1H3H;HIST1H2AJ;HIST1H2BM;H4C11;HIST1H4K;HIST1H2AK;H2BC15;H2BC16P;HIST1H2AL;H1-5;HIST1H3I;HIST1H4L;H3C12;HIST1H2AM;HIST1H2BO;RNU7-26P;OR2B2;OR2W6P;OR2B6;RPLP2P1;OR2W4P;IQCB2P;U3;OR2W2P;OR2B7P;OR2B8;OR1F12P;RP1-313I6.12;ZSCAN12P1;ZNF602P;ZSCAN16-AS1;ZSCAN16;RP1-265C24.8;ZKSCAN8;ZKSCAN8P1;ZNF603P;ZKSCAN8P2;TOB2P1;ZSCAN9;ZKSCAN4;NKAPL;ZSCAN26;PGBD1;SMIM15P2;ZSCAN31;ZKSCAN3;ZSCAN12;RNU2-45P;ZSCAN23;COX11P1;OR2E1P;GPX6;GPX5;SCAND3;SCAND3-AS1;COX8CP1;AL121932.1;LINC00533;RPSAP2;AL662890.1;NOP56P1;AL662890.3;XXbac-BPG308K3.5;LINC01623;RPL13P;ZNF90P2;HCG14;TRIM27;RNU6-930P;LINC01556;KRT18P1;RN7SL471P;HCG15;HCG16;ZNF311;OR2AD1P;OR2W1;OR2P1P;SAR1AP1;OR2B3;OR2J1;OR2J3;XXbac-BCX196D17.5;OR2N1P;OR2J2;OR2J4P;OR2H4P;XXbac-BPG308J9.3;OR2G1P;OR2U1P;OR2U2P;OR2B4P;OR14J1;DDX6P1;OR5V1;OR12D3;OR12D2;OR12D1;OR11A1;OR10C1;OR2H1;UBDP1;MAS1LP1;MAS1L;RPS17P1;LINC02829;LINC01015;MAS1LP2;OR2I1;UBD;GABBR1;OR2H5P;TMEM183AP1;SNORD32B;RPL13AP;OR2H2;SUMO2P1;MOG;ZFP57;ZDHHC20P1;HLA-F;HCG4P11;HLA-F-AS1;RPL23AP1;MICE;HCG9P5;Y_RNA;IFITM4P;XXbac-BPG170G13.32;XXbac-BPG170G13.31;HLA-V;HCG4;HLA-P;RPL7AP7;MICG;HLA-G;HCG4P8;MICF;HCG4P7;HLA-H;HLA-T;DDX39BP1;MCCD1P1;HCG4B;HLA-K;HLA-U;HLA-A;HCG4P5;HLA-W;MICD;HCG9;DDX39BP2;MCCD1P2;POLR1HASP;HCG4P3;HLA-J;ETF1P1;POLR1H;PPP1R11;RNF39;AL669914.1;TRIM31;TRIM31-AS1;SNORA48;TRIM40;TRIM10;TRIM15;TRIM26;PAIP1P1;HCG17;TRIM26BP;HLA-L;HCG18;TRIM39;TRIM39-RPP21;RPP21;HLA-N;HCG19P;UBQLN1P1;MICC;TMPOP1;SUCLA2P1;RANP1;HLA-E;LINC02569;GNL1;PRR3;ABCF1;MIR877;PPP1R10;AL662800.1;MRPS18B;ATAT1;PTMAP1;C6orf136;AL662800.2;DHX16;PPP1R18;NRM;RPL7P4;MDC1;MDC1-AS1;TUBB;XXbac-BPG252P9.9;FLOT1;Y_RNA;IER3-AS1;IER3;RN7SL353P;HCG20;LINC00243;LINC02570;RN7SKP186;DDR1-DT;DDR1;MIR4640;RN7SL175P;GTF2H4;VARS2;SFTA2;Y_RNA;MUCL3;HCG21;MUC21;MUC22;HCG22;RNU6-1133P;C6orf15;PSORS1C1;CDSN;PSORS1C2;POLR2LP1;CCHCR1;TCF19;POU5F1;PSORS1C3;XXbac-BPG299F13.17;HCG27;XXbac-BPG299F13.14;XXbac-BPG299F13.15;XXbac-BPG299F13.16;HLA-C;USP8P1;RPL3P2;WASF5P;LINC02571;XXbac-BPG248L24.10;HLA-B;XXbac-BPG248L24.12;DHFRP2;RNU6-283P;AL671883.1;FGFR3P1;ZDHHC20P2;HLA-S;XXbac-BPG181B23.7;HCP5;Y_RNA;MICA;LINC01149;XXbac-BPG181B23.6;MICB;Y_RNA;XXbac-BPG16N22.5;PPIAP9;RPL15P4;MCCD1;ATP6V1G2-DDX39B;DDX39B;SNORD117;SNORD84;DDX39B-AS1;ATP6V1G2;NFKBIL1;LTA;TNF;LTB;LST1;NCR3;UQCRHP1;AIF1;PRRC2A;SNORA38;BAG6;APOM;C6orf47;C6orf47-AS1;GPANK1;Y_RNA;CSNK2B;CSNK2B-LY6G5B-1181;LY6G5B;LY6G5C;ABHD16A;XXbac-BPG32J3.20;MIR4646;LY6G6F;LY6G6F-LY6G6D;LY6G6E;LY6G6D;MPIG6B;LY6G6C;DDAH2;CLIC1;MSH5;MSH5-SAPCD1;RNU6-850P;SAPCD1;SAPCD1-AS1;VWA7;VARS1;Y_RNA;LSM2;HSPA1L;HSPA1A;HSPA1B;SNHG32;SNORD48;SNORD52;NEU1;SLC44A4;EHMT2;EHMT2-AS1;C2;ZBTB12;CFB;CFB;NELFE;MIR1236;SKIC2;DXO;WHR1;C4A;C4A-AS1;CYP21A1P;AL645922.1;TNXA;WHR1B;C4B;C4B-AS1;CYP21A2;TNXB;RNA5SP206;ATF6B;FKBPL;PRRT1;PPT2;PPT2-EGFL8;EGFL8;AGPAT1;RNF5;AGER;PBX2;XXbac-BPG300A18.13;GPSM3;NOTCH4;TSBP1-AS1;TSBP1;HNRNPA1P2;RNU6-603P;HCG23;BTNL2;HLA-DRA;HLA-DRB9;HLA-DRB5;RNU1-61P;HLA-DRB6;HLA-DRB1	1.5	4687	Unknome 18_Mar_2026; maximum over uniquely HGNC-mapped proteins; derived/knownness-ranks.tsv	Tbio	30	unique	NA	NA	NA	NA	NA	NA	unresolved competing genes; gene-body association is not causal assignment	Lifelong developmental, systemic and adult explanations remain. Adult tissue expression observed (cerebral cortex); timing not identified.	0.7	cerebral cortex	not checked outside pilot	not checked outside pilot	NA	eQTL	False	False	Lee CP GCST006572 + GENCODE v19; HGNC/Unknome/Pharos/HPA separate annotations; LD/QTL/perturbation not followed outside pilot; Savage/Genebass overlap; EA excluded	Independent ancestry-matched fine-mapping excludes rs1321505 and assigns a different variant/gene (e.g. ACOT13, RP1-30M3.5, C6orf62); adult-specific perturbation in the implicated cell type has no predicted functional effect despite verified engagement. Shared-signal evidence disappears on multiple-signal conditioning or complete variant coverage.	association hypothesis only; not an enhancement target
109	ENSG00000173540	GMPPB	109	R001	rs4768	8.18e-12	8.179999999999999e-11	1.5470834e-06	7108	10	145	MAP4;RPS27P30;RN7SL664P;RPL17P16;CDC25A;SNRPFP4;RNU7-128P;NDUFB1P1;MIR4443;CAMP;ZNF589;MRPS18AP1;Y_RNA;FCF1P2;NME6;SPINK8;MIR2115;FBXW12;RN7SL321P;PLXNB1;CCDC51;TMA7;RP11-24C3.2;ATRIP;TREX1;SHISA5;AC104448.1;PFKFB4;UCN2;COL7A1;MIR711;UQCRC1;TMEM89;SLC26A6;CELSR3;MIR4793;LINC02585;NCKIPSD;RP11-572O6.1;IP6K2;PRKAR2A;PRKAR2A-AS1;SLC25A20;ARIH2OS;ARIH2;RP13-131K19.1;RP13-131K19.2;RP13-131K19.7;P4HTM;WDR6;DALRD3;MIR425;NDUFAF3;MIR191;IMPDH2;RP13-131K19.6;QRICH1;RN7SL182P;QARS1;USP19;LAMB2;LAMB2P1;CCDC71;KLHDC8B;CIMIP7;IHO1;GCSHP6;RP11-3B7.1;C3orf62;Y_RNA;MIR4271;USP4;GPX1;RHOA;RHOA-IT1;TCTA;AMT;NICN1-AS1;NICN1;RNA5SP130;DAG1;BSN-DT;BSN;BSN-AS1;APEH;MST1;AC099668.5;RNF123;AMIGO3;IP6K1;COX6CP14;PHF5AP3;CDHR4;INKA1;UBA7;MIR5193;AC139451.1;TRAIP;CAMKV;RN7SL217P;ACTL11P;MST1R;CTD-2330K9.2;CTD-2330K9.3;MON1A;RBM6;RBM5;SEMA3F-AS1;SEMA3F;MIR566;GNAT1;SLC38A3;GNAI2;U73169.1;LINC03143;SEMA3B-AS1;SEMA3B;LSMEM2;IFRD2;HYAL3;NAA80;HYAL1;HYAL2;TUSC2;RASSF1;ZMYND10-AS1;ZMYND10;NPRL2;CYB561D2;XXcos-LUCA11.5;TMEM115;CACNA2D2;XXcos-LUCA11.4;RNA5SP131;C3orf18;HEMK1;CISH;MAPKAPK3;LINC02019;MIR4787;DOCK3;PPIAP69;RP11-646D13.1;ZNF652P1;ST13P14	5.9	12348	Unknome 18_Mar_2026; maximum over uniquely HGNC-mapped proteins; derived/knownness-ranks.tsv	Tbio	62	unique	0.4811702316520797	1970	True	2.3461020057582475e-05	0.3918320071217886	NA	unresolved competing genes; gene-body association is not causal assignment	Lifelong developmental, systemic and adult explanations remain. Adult tissue expression observed (cerebral cortex); timing not identified.	9.7	cerebral cortex	not established; target mapping/primary phenotype table unavailable	Tian 2019 iPSC-derived glutamatergic neuron survival D14/D21/D28; CROP-seq D7 transcription; not cognitive performance or mature adult physiology	NA	positional;eQTL	False	False	Lee CP GCST006572 + GENCODE v19; HGNC/Unknome/Pharos/HPA separate annotations; EUR LD + GTEx DLPFC/Catalogue + chain/VEP + Tian guide coverage pilot; Savage/Genebass overlap; EA excluded	Independent ancestry-matched fine-mapping excludes rs4768 and assigns a different variant/gene (e.g. MAP4, RPS27P30, RN7SL664P); adult-specific perturbation in the implicated cell type has no predicted functional effect despite verified engagement. Shared-signal evidence disappears on multiple-signal conditioning or complete variant coverage.	association hypothesis only; not an enhancement target
110	ENSG00000176020	AMIGO3	110	R001	rs4768	8.18e-12	8.179999999999999e-11	1.5470834e-06	7083	10	145	MAP4;RPS27P30;RN7SL664P;RPL17P16;CDC25A;SNRPFP4;RNU7-128P;NDUFB1P1;MIR4443;CAMP;ZNF589;MRPS18AP1;Y_RNA;FCF1P2;NME6;SPINK8;MIR2115;FBXW12;RN7SL321P;PLXNB1;CCDC51;TMA7;RP11-24C3.2;ATRIP;TREX1;SHISA5;AC104448.1;PFKFB4;UCN2;COL7A1;MIR711;UQCRC1;TMEM89;SLC26A6;CELSR3;MIR4793;LINC02585;NCKIPSD;RP11-572O6.1;IP6K2;PRKAR2A;PRKAR2A-AS1;SLC25A20;ARIH2OS;ARIH2;RP13-131K19.1;RP13-131K19.2;RP13-131K19.7;P4HTM;WDR6;DALRD3;MIR425;NDUFAF3;MIR191;IMPDH2;RP13-131K19.6;QRICH1;RN7SL182P;QARS1;USP19;LAMB2;LAMB2P1;CCDC71;KLHDC8B;CIMIP7;IHO1;GCSHP6;RP11-3B7.1;C3orf62;Y_RNA;MIR4271;USP4;GPX1;RHOA;RHOA-IT1;TCTA;AMT;NICN1-AS1;NICN1;RNA5SP130;DAG1;BSN-DT;BSN;BSN-AS1;APEH;MST1;AC099668.5;RNF123;GMPPB;IP6K1;COX6CP14;PHF5AP3;CDHR4;INKA1;UBA7;MIR5193;AC139451.1;TRAIP;CAMKV;RN7SL217P;ACTL11P;MST1R;CTD-2330K9.2;CTD-2330K9.3;MON1A;RBM6;RBM5;SEMA3F-AS1;SEMA3F;MIR566;GNAT1;SLC38A3;GNAI2;U73169.1;LINC03143;SEMA3B-AS1;SEMA3B;LSMEM2;IFRD2;HYAL3;NAA80;HYAL1;HYAL2;TUSC2;RASSF1;ZMYND10-AS1;ZMYND10;NPRL2;CYB561D2;XXcos-LUCA11.5;TMEM115;CACNA2D2;XXcos-LUCA11.4;RNA5SP131;C3orf18;HEMK1;CISH;MAPKAPK3;LINC02019;MIR4787;DOCK3;PPIAP69;RP11-646D13.1;ZNF652P1;ST13P14	2.0	6082	Unknome 18_Mar_2026; maximum over uniquely HGNC-mapped proteins; derived/knownness-ranks.tsv	Tbio	12	unique	0.4811702316520797	0	False	NA	NA	NA	unresolved competing genes; gene-body association is not causal assignment	Lifelong developmental, systemic and adult explanations remain. Adult tissue expression observed (hypothalamus); timing not identified.	1.8	hypothalamus	not established; target mapping/primary phenotype table unavailable	Tian 2019 iPSC-derived glutamatergic neuron survival D14/D21/D28; CROP-seq D7 transcription; not cognitive performance or mature adult physiology	NA	positional;eQTL	False	False	Lee CP GCST006572 + GENCODE v19; HGNC/Unknome/Pharos/HPA separate annotations; EUR LD + GTEx DLPFC/Catalogue + chain/VEP + Tian guide coverage pilot; Savage/Genebass overlap; EA excluded	Independent ancestry-matched fine-mapping excludes rs4768 and assigns a different variant/gene (e.g. MAP4, RPS27P30, RN7SL664P); adult-specific perturbation in the implicated cell type has no predicted functional effect despite verified engagement. Shared-signal evidence disappears on multiple-signal conditioning or complete variant coverage.	association hypothesis only; not an enhancement target
111	ENSG00000131558	EXOC4	111	R025	rs6975134	4.55e-14	8.849750000000001e-11	1.6737532175000001e-06	813514	1945	18	SNORD46;AC009365.4;CHCHD3;AC009518.8;RNU6-92P;ST13P7;AC083875.1;AC083875.2;COX5BP3;RPS3AP27;LRGUK;AC008154.4;SLC35B4;AC008154.5;LINC03060;AKR1B1;AKR1B10;AKR1B15	4.8	10931	Unknome 18_Mar_2026; maximum over uniquely HGNC-mapped proteins; derived/knownness-ranks.tsv	Tchem	191	unique	NA	NA	NA	NA	NA	NA	unresolved competing genes; gene-body association is not causal assignment	Lifelong developmental, systemic and adult explanations remain. Adult tissue expression observed (cerebral cortex); timing not identified.	23.2	cerebral cortex	not checked outside pilot	not checked outside pilot	1.244e-18	positional;eQTL;chromatin	False	False	Lee CP GCST006572 + GENCODE v19; HGNC/Unknome/Pharos/HPA separate annotations; LD/QTL/perturbation not followed outside pilot; Savage/Genebass overlap; EA excluded	Independent ancestry-matched fine-mapping excludes rs6975134 and assigns a different variant/gene (e.g. SNORD46, AC009365.4, CHCHD3); adult-specific perturbation in the implicated cell type has no predicted functional effect despite verified engagement. Shared-signal evidence disappears on multiple-signal conditioning or complete variant coverage.	association hypothesis only; not an enhancement target
112	ENSG00000181754	AMIGO1	112	R026	rs3738773	9.64e-12	1.0604e-10	2.00553452e-06	5564	11	51	STXBP3;AKNAD1;SPATA42;GPSM2;CLCC1;WDR47;RP5-1065J22.2;RPL17P7;RPS27P6;RANP5;TAF13;TMEM167B-DT;TMEM167B;SCARNA2;RP5-1065J22.4;CFAP276;ELAPOR1;RNU7-122P;SARS1;CELSR2;PSRC1;MYBPHL;SORT1;PSMA5;SYPL2;ATXN7L2;CYB561D1;GPR61;RP5-1160K1.8;GNAI3;RNU6V;RP5-1160K1.3;MIR197;GNAT2;AMPD2;AMPD2-AS1;RPL7P8;GSTM4;GSTM2;GSTM1;AC000032.2;GSTM5;RP4-735C1.4;GSTM3;EPS8L3;NDUFA5P10;LINC01768;RP11-195M16.1;RP11-195M16.3;CSF1;AHCYL1	5.0	11192	Unknome 18_Mar_2026; maximum over uniquely HGNC-mapped proteins; derived/knownness-ranks.tsv	Tbio	22	unique	NA	NA	NA	NA	NA	NA	unresolved competing genes; gene-body association is not causal assignment	Lifelong developmental, systemic and adult explanations remain. Adult tissue expression observed (cerebellum); timing not identified.	20.4	cerebellum	not checked outside pilot	not checked outside pilot	NA	positional;eQTL	False	False	Lee CP GCST006572 + GENCODE v19; HGNC/Unknome/Pharos/HPA separate annotations; LD/QTL/perturbation not followed outside pilot; Savage/Genebass overlap; EA excluded	Independent ancestry-matched fine-mapping excludes rs3738773 and assigns a different variant/gene (e.g. STXBP3, AKNAD1, SPATA42); adult-specific perturbation in the implicated cell type has no predicted functional effect despite verified engagement. Shared-signal evidence disappears on multiple-signal conditioning or complete variant coverage.	association hypothesis only; not an enhancement target
113	ENSG00000124568	SLC17A1	113	R008	rs13213957	5.81e-13	1.19105e-10	2.252632865e-06	49163	205	515	ACOT13;RP1-30M3.5;C6orf62;RP1-30M3.6;LINC02828;AP3S1P1;GMNN;ARMH2;RIPOR2;AL512428.1;MTCO2P33;PPIAP29;RP11-367G6.3;ASS1P1;RN7SL334P;RP3-425P12.5;RP3-425P12.1;RP3-425P12.2;CMAHP;NUP50P2;CANT1P1;UBE2D3P5;RNY5P5;AL590084.1;RP11-191A15.4;RP3-522P13.3;KATNBL1P5;RPL21P68;HNRNPA3P17;CARMIL1;Y_RNA;RNU6-987P;AL160037.1;snoU13;SCGN;PRELID1P2;H2AC1;H2BC1;H2BC2P;H2AC2P;SLC17A4;SLC17A3;H2AC3P;SLC17A2;TRIM38;U91328.21;U91328.20;LINC02980;U91328.22;H3P26;H1-1;HIST1H3A;HIST1H4A;HIST1H4B;HIST1H3B;HIST1H2AB;HIST1H2BB;H2AC5P;HIST1H3C;H1-2;HFE;H4C3;H1-6;H2BC4;H2AC6;H1-4;H2BC5;LARP1P1;HIST1H2BE;HIST1H4D;H1-12P;H3C4;H2AC7;HIST1H2BF;RP1-34B20.4;HIST1H4E;HIST1H2BG;HIST1H2AE;HIST1H3E;H2AC9P;H1-3;HIST1H4F;HIST1H4G;HIST1H3F;HIST1H2BH;HIST1H3G;H2AC10P;HIST1H2BI;H4C8;H3C9P;RNU6-1259P;BTN3A2;AL021917.1;BTN2A2;BTN3A1;BTN2A3P;BTN3A3;BTN2A1;BTN1A1;RNU6-502P;HCG11;CTA-14H9.5;HMGN4;ABT1;RP11-457M11.6;VN1R14P;RP11-457M11.2;ZNF322;RP11-457M11.5;GUSBP2;POM121L6P;LINC00240;RP11-239L20.6;TRNAI2;VN1R12P;VN1R13P;VN1R11P;RNU2-62P;RP1-86C11.7;H2BC11;H2AC11;H2BC12;HIST1H4I;HIST1H2AH;MIR3143;RPL10P2;PRSS16;CDCA7P1;POM121L2;VN1R10P;ZNF204P;ZNF391;RP1-153G14.4;MCFD2P1;ZNF184;XXbac-BPGBPG34I8.1;HNRNPA1P1;CD83P1;RNU6-471P;TRNAI6;RPL8P1;GPHRP1;RSL24D1P1;H4C10P;H2BC13;H2AC13;HIST1H3H;HIST1H2AJ;HIST1H2BM;H4C11;HIST1H4K;HIST1H2AK;H2BC15;H2BC16P;HIST1H2AL;H1-5;HIST1H3I;HIST1H4L;H3C12;HIST1H2AM;HIST1H2BO;RNU7-26P;OR2B2;OR2W6P;OR2B6;RPLP2P1;OR2W4P;IQCB2P;U3;OR2W2P;OR2B7P;OR2B8;OR1F12P;RP1-313I6.12;ZNF165;ZSCAN12P1;ZNF602P;ZSCAN16-AS1;ZSCAN16;RP1-265C24.8;ZKSCAN8;ZKSCAN8P1;ZNF603P;ZKSCAN8P2;TOB2P1;ZSCAN9;ZKSCAN4;NKAPL;ZSCAN26;PGBD1;SMIM15P2;ZSCAN31;ZKSCAN3;ZSCAN12;RNU2-45P;ZSCAN23;COX11P1;OR2E1P;GPX6;GPX5;SCAND3;SCAND3-AS1;COX8CP1;AL121932.1;LINC00533;RPSAP2;AL662890.1;NOP56P1;AL662890.3;XXbac-BPG308K3.5;LINC01623;RPL13P;ZNF90P2;HCG14;TRIM27;RNU6-930P;LINC01556;KRT18P1;RN7SL471P;HCG15;HCG16;ZNF311;OR2AD1P;OR2W1;OR2P1P;SAR1AP1;OR2B3;OR2J1;OR2J3;XXbac-BCX196D17.5;OR2N1P;OR2J2;OR2J4P;OR2H4P;XXbac-BPG308J9.3;OR2G1P;OR2U1P;OR2U2P;OR2B4P;OR14J1;DDX6P1;OR5V1;OR12D3;OR12D2;OR12D1;OR11A1;OR10C1;OR2H1;UBDP1;MAS1LP1;MAS1L;RPS17P1;LINC02829;LINC01015;MAS1LP2;OR2I1;UBD;GABBR1;OR2H5P;TMEM183AP1;SNORD32B;RPL13AP;OR2H2;SUMO2P1;MOG;ZFP57;ZDHHC20P1;HLA-F;HCG4P11;HLA-F-AS1;RPL23AP1;MICE;HCG9P5;Y_RNA;IFITM4P;XXbac-BPG170G13.32;XXbac-BPG170G13.31;HLA-V;HCG4;HLA-P;RPL7AP7;MICG;HLA-G;HCG4P8;MICF;HCG4P7;HLA-H;HLA-T;DDX39BP1;MCCD1P1;HCG4B;HLA-K;HLA-U;HLA-A;HCG4P5;HLA-W;MICD;HCG9;DDX39BP2;MCCD1P2;POLR1HASP;HCG4P3;HLA-J;ETF1P1;POLR1H;PPP1R11;RNF39;AL669914.1;TRIM31;TRIM31-AS1;SNORA48;TRIM40;TRIM10;TRIM15;TRIM26;PAIP1P1;HCG17;TRIM26BP;HLA-L;HCG18;TRIM39;TRIM39-RPP21;RPP21;HLA-N;HCG19P;UBQLN1P1;MICC;TMPOP1;SUCLA2P1;RANP1;HLA-E;LINC02569;GNL1;PRR3;ABCF1;MIR877;PPP1R10;AL662800.1;MRPS18B;ATAT1;PTMAP1;C6orf136;AL662800.2;DHX16;PPP1R18;NRM;RPL7P4;MDC1;MDC1-AS1;TUBB;XXbac-BPG252P9.9;FLOT1;Y_RNA;IER3-AS1;IER3;RN7SL353P;HCG20;LINC00243;LINC02570;RN7SKP186;DDR1-DT;DDR1;MIR4640;RN7SL175P;GTF2H4;VARS2;SFTA2;Y_RNA;MUCL3;HCG21;MUC21;MUC22;HCG22;RNU6-1133P;C6orf15;PSORS1C1;CDSN;PSORS1C2;POLR2LP1;CCHCR1;TCF19;POU5F1;PSORS1C3;XXbac-BPG299F13.17;HCG27;XXbac-BPG299F13.14;XXbac-BPG299F13.15;XXbac-BPG299F13.16;HLA-C;USP8P1;RPL3P2;WASF5P;LINC02571;XXbac-BPG248L24.10;HLA-B;XXbac-BPG248L24.12;DHFRP2;RNU6-283P;AL671883.1;FGFR3P1;ZDHHC20P2;HLA-S;XXbac-BPG181B23.7;HCP5;Y_RNA;MICA;LINC01149;XXbac-BPG181B23.6;MICB;Y_RNA;XXbac-BPG16N22.5;PPIAP9;RPL15P4;MCCD1;ATP6V1G2-DDX39B;DDX39B;SNORD117;SNORD84;DDX39B-AS1;ATP6V1G2;NFKBIL1;LTA;TNF;LTB;LST1;NCR3;UQCRHP1;AIF1;PRRC2A;SNORA38;BAG6;APOM;C6orf47;C6orf47-AS1;GPANK1;Y_RNA;CSNK2B;CSNK2B-LY6G5B-1181;LY6G5B;LY6G5C;ABHD16A;XXbac-BPG32J3.20;MIR4646;LY6G6F;LY6G6F-LY6G6D;LY6G6E;LY6G6D;MPIG6B;LY6G6C;DDAH2;CLIC1;MSH5;MSH5-SAPCD1;RNU6-850P;SAPCD1;SAPCD1-AS1;VWA7;VARS1;Y_RNA;LSM2;HSPA1L;HSPA1A;HSPA1B;SNHG32;SNORD48;SNORD52;NEU1;SLC44A4;EHMT2;EHMT2-AS1;C2;ZBTB12;CFB;CFB;NELFE;MIR1236;SKIC2;DXO;WHR1;C4A;C4A-AS1;CYP21A1P;AL645922.1;TNXA;WHR1B;C4B;C4B-AS1;CYP21A2;TNXB;RNA5SP206;ATF6B;FKBPL;PRRT1;PPT2;PPT2-EGFL8;EGFL8;AGPAT1;RNF5;AGER;PBX2;XXbac-BPG300A18.13;GPSM3;NOTCH4;TSBP1-AS1;TSBP1;HNRNPA1P2;RNU6-603P;HCG23;BTNL2;HLA-DRA;HLA-DRB9;HLA-DRB5;RNU1-61P;HLA-DRB6;HLA-DRB1	6.6	13122	Unknome 18_Mar_2026; maximum over uniquely HGNC-mapped proteins; derived/knownness-ranks.tsv	Tbio	51	unique	NA	NA	NA	NA	NA	NA	unresolved competing genes; gene-body association is not causal assignment	Lifelong developmental, systemic and adult explanations remain. Adult tissue expression observed (cerebral cortex); timing not identified.	0.1	cerebral cortex	not checked outside pilot	not checked outside pilot	NA	NA	False	False	Lee CP GCST006572 + GENCODE v19; HGNC/Unknome/Pharos/HPA separate annotations; LD/QTL/perturbation not followed outside pilot; Savage/Genebass overlap; EA excluded	Independent ancestry-matched fine-mapping excludes rs13213957 and assigns a different variant/gene (e.g. ACOT13, RP1-30M3.5, C6orf62); adult-specific perturbation in the implicated cell type has no predicted functional effect despite verified engagement. Shared-signal evidence disappears on multiple-signal conditioning or complete variant coverage.	association hypothesis only; not an enhancement target
114	ENSG00000182572	HIST1H3I	114	R008	rs200956	4.55e-11	1.365e-10	2.5816245e-06	477	3	515	ACOT13;RP1-30M3.5;C6orf62;RP1-30M3.6;LINC02828;AP3S1P1;GMNN;ARMH2;RIPOR2;AL512428.1;MTCO2P33;PPIAP29;RP11-367G6.3;ASS1P1;RN7SL334P;RP3-425P12.5;RP3-425P12.1;RP3-425P12.2;CMAHP;NUP50P2;CANT1P1;UBE2D3P5;RNY5P5;AL590084.1;RP11-191A15.4;RP3-522P13.3;KATNBL1P5;RPL21P68;HNRNPA3P17;CARMIL1;Y_RNA;RNU6-987P;AL160037.1;snoU13;SCGN;PRELID1P2;H2AC1;H2BC1;H2BC2P;H2AC2P;SLC17A4;SLC17A1;SLC17A3;H2AC3P;SLC17A2;TRIM38;U91328.21;U91328.20;LINC02980;U91328.22;H3P26;H1-1;HIST1H3A;HIST1H4A;HIST1H4B;HIST1H3B;HIST1H2AB;HIST1H2BB;H2AC5P;HIST1H3C;H1-2;HFE;H4C3;H1-6;H2BC4;H2AC6;H1-4;H2BC5;LARP1P1;HIST1H2BE;HIST1H4D;H1-12P;H3C4;H2AC7;HIST1H2BF;RP1-34B20.4;HIST1H4E;HIST1H2BG;HIST1H2AE;HIST1H3E;H2AC9P;H1-3;HIST1H4F;HIST1H4G;HIST1H3F;HIST1H2BH;HIST1H3G;H2AC10P;HIST1H2BI;H4C8;H3C9P;RNU6-1259P;BTN3A2;AL021917.1;BTN2A2;BTN3A1;BTN2A3P;BTN3A3;BTN2A1;BTN1A1;RNU6-502P;HCG11;CTA-14H9.5;HMGN4;ABT1;RP11-457M11.6;VN1R14P;RP11-457M11.2;ZNF322;RP11-457M11.5;GUSBP2;POM121L6P;LINC00240;RP11-239L20.6;TRNAI2;VN1R12P;VN1R13P;VN1R11P;RNU2-62P;RP1-86C11.7;H2BC11;H2AC11;H2BC12;HIST1H4I;HIST1H2AH;MIR3143;RPL10P2;PRSS16;CDCA7P1;POM121L2;VN1R10P;ZNF204P;ZNF391;RP1-153G14.4;MCFD2P1;ZNF184;XXbac-BPGBPG34I8.1;HNRNPA1P1;CD83P1;RNU6-471P;TRNAI6;RPL8P1;GPHRP1;RSL24D1P1;H4C10P;H2BC13;H2AC13;HIST1H3H;HIST1H2AJ;HIST1H2BM;H4C11;HIST1H4K;HIST1H2AK;H2BC15;H2BC16P;HIST1H2AL;H1-5;HIST1H4L;H3C12;HIST1H2AM;HIST1H2BO;RNU7-26P;OR2B2;OR2W6P;OR2B6;RPLP2P1;OR2W4P;IQCB2P;U3;OR2W2P;OR2B7P;OR2B8;OR1F12P;RP1-313I6.12;ZNF165;ZSCAN12P1;ZNF602P;ZSCAN16-AS1;ZSCAN16;RP1-265C24.8;ZKSCAN8;ZKSCAN8P1;ZNF603P;ZKSCAN8P2;TOB2P1;ZSCAN9;ZKSCAN4;NKAPL;ZSCAN26;PGBD1;SMIM15P2;ZSCAN31;ZKSCAN3;ZSCAN12;RNU2-45P;ZSCAN23;COX11P1;OR2E1P;GPX6;GPX5;SCAND3;SCAND3-AS1;COX8CP1;AL121932.1;LINC00533;RPSAP2;AL662890.1;NOP56P1;AL662890.3;XXbac-BPG308K3.5;LINC01623;RPL13P;ZNF90P2;HCG14;TRIM27;RNU6-930P;LINC01556;KRT18P1;RN7SL471P;HCG15;HCG16;ZNF311;OR2AD1P;OR2W1;OR2P1P;SAR1AP1;OR2B3;OR2J1;OR2J3;XXbac-BCX196D17.5;OR2N1P;OR2J2;OR2J4P;OR2H4P;XXbac-BPG308J9.3;OR2G1P;OR2U1P;OR2U2P;OR2B4P;OR14J1;DDX6P1;OR5V1;OR12D3;OR12D2;OR12D1;OR11A1;OR10C1;OR2H1;UBDP1;MAS1LP1;MAS1L;RPS17P1;LINC02829;LINC01015;MAS1LP2;OR2I1;UBD;GABBR1;OR2H5P;TMEM183AP1;SNORD32B;RPL13AP;OR2H2;SUMO2P1;MOG;ZFP57;ZDHHC20P1;HLA-F;HCG4P11;HLA-F-AS1;RPL23AP1;MICE;HCG9P5;Y_RNA;IFITM4P;XXbac-BPG170G13.32;XXbac-BPG170G13.31;HLA-V;HCG4;HLA-P;RPL7AP7;MICG;HLA-G;HCG4P8;MICF;HCG4P7;HLA-H;HLA-T;DDX39BP1;MCCD1P1;HCG4B;HLA-K;HLA-U;HLA-A;HCG4P5;HLA-W;MICD;HCG9;DDX39BP2;MCCD1P2;POLR1HASP;HCG4P3;HLA-J;ETF1P1;POLR1H;PPP1R11;RNF39;AL669914.1;TRIM31;TRIM31-AS1;SNORA48;TRIM40;TRIM10;TRIM15;TRIM26;PAIP1P1;HCG17;TRIM26BP;HLA-L;HCG18;TRIM39;TRIM39-RPP21;RPP21;HLA-N;HCG19P;UBQLN1P1;MICC;TMPOP1;SUCLA2P1;RANP1;HLA-E;LINC02569;GNL1;PRR3;ABCF1;MIR877;PPP1R10;AL662800.1;MRPS18B;ATAT1;PTMAP1;C6orf136;AL662800.2;DHX16;PPP1R18;NRM;RPL7P4;MDC1;MDC1-AS1;TUBB;XXbac-BPG252P9.9;FLOT1;Y_RNA;IER3-AS1;IER3;RN7SL353P;HCG20;LINC00243;LINC02570;RN7SKP186;DDR1-DT;DDR1;MIR4640;RN7SL175P;GTF2H4;VARS2;SFTA2;Y_RNA;MUCL3;HCG21;MUC21;MUC22;HCG22;RNU6-1133P;C6orf15;PSORS1C1;CDSN;PSORS1C2;POLR2LP1;CCHCR1;TCF19;POU5F1;PSORS1C3;XXbac-BPG299F13.17;HCG27;XXbac-BPG299F13.14;XXbac-BPG299F13.15;XXbac-BPG299F13.16;HLA-C;USP8P1;RPL3P2;WASF5P;LINC02571;XXbac-BPG248L24.10;HLA-B;XXbac-BPG248L24.12;DHFRP2;RNU6-283P;AL671883.1;FGFR3P1;ZDHHC20P2;HLA-S;XXbac-BPG181B23.7;HCP5;Y_RNA;MICA;LINC01149;XXbac-BPG181B23.6;MICB;Y_RNA;XXbac-BPG16N22.5;PPIAP9;RPL15P4;MCCD1;ATP6V1G2-DDX39B;DDX39B;SNORD117;SNORD84;DDX39B-AS1;ATP6V1G2;NFKBIL1;LTA;TNF;LTB;LST1;NCR3;UQCRHP1;AIF1;PRRC2A;SNORA38;BAG6;APOM;C6orf47;C6orf47-AS1;GPANK1;Y_RNA;CSNK2B;CSNK2B-LY6G5B-1181;LY6G5B;LY6G5C;ABHD16A;XXbac-BPG32J3.20;MIR4646;LY6G6F;LY6G6F-LY6G6D;LY6G6E;LY6G6D;MPIG6B;LY6G6C;DDAH2;CLIC1;MSH5;MSH5-SAPCD1;RNU6-850P;SAPCD1;SAPCD1-AS1;VWA7;VARS1;Y_RNA;LSM2;HSPA1L;HSPA1A;HSPA1B;SNHG32;SNORD48;SNORD52;NEU1;SLC44A4;EHMT2;EHMT2-AS1;C2;ZBTB12;CFB;CFB;NELFE;MIR1236;SKIC2;DXO;WHR1;C4A;C4A-AS1;CYP21A1P;AL645922.1;TNXA;WHR1B;C4B;C4B-AS1;CYP21A2;TNXB;RNA5SP206;ATF6B;FKBPL;PRRT1;PPT2;PPT2-EGFL8;EGFL8;AGPAT1;RNF5;AGER;PBX2;XXbac-BPG300A18.13;GPSM3;NOTCH4;TSBP1-AS1;TSBP1;HNRNPA1P2;RNU6-603P;HCG23;BTNL2;HLA-DRA;HLA-DRB9;HLA-DRB5;RNU1-61P;HLA-DRB6;HLA-DRB1	NA	NA	Unknome unmapped/unscored; not zero knownness	NA	NA	unmapped	NA	NA	NA	NA	NA	NA	unresolved competing genes; gene-body association is not causal assignment	Lifelong developmental, systemic and adult explanations remain. Adult brain expression not covered in HPA; not evidence of absence.	NA	NA	not checked outside pilot	not checked outside pilot	NA	NA	False	False	Lee CP GCST006572 + GENCODE v19; HGNC/Unknome/Pharos/HPA separate annotations; LD/QTL/perturbation not followed outside pilot; Savage/Genebass overlap; EA excluded	Independent ancestry-matched fine-mapping excludes rs200956 and assigns a different variant/gene (e.g. ACOT13, RP1-30M3.5, C6orf62); adult-specific perturbation in the implicated cell type has no predicted functional effect despite verified engagement. Shared-signal evidence disappears on multiple-signal conditioning or complete variant coverage.	association hypothesis only; not an enhancement target
115	ENSG00000189134	NKAPL	115	R008	rs1679709	1.71e-11	1.368e-10	2.5872984000000003e-06	1639	8	515	ACOT13;RP1-30M3.5;C6orf62;RP1-30M3.6;LINC02828;AP3S1P1;GMNN;ARMH2;RIPOR2;AL512428.1;MTCO2P33;PPIAP29;RP11-367G6.3;ASS1P1;RN7SL334P;RP3-425P12.5;RP3-425P12.1;RP3-425P12.2;CMAHP;NUP50P2;CANT1P1;UBE2D3P5;RNY5P5;AL590084.1;RP11-191A15.4;RP3-522P13.3;KATNBL1P5;RPL21P68;HNRNPA3P17;CARMIL1;Y_RNA;RNU6-987P;AL160037.1;snoU13;SCGN;PRELID1P2;H2AC1;H2BC1;H2BC2P;H2AC2P;SLC17A4;SLC17A1;SLC17A3;H2AC3P;SLC17A2;TRIM38;U91328.21;U91328.20;LINC02980;U91328.22;H3P26;H1-1;HIST1H3A;HIST1H4A;HIST1H4B;HIST1H3B;HIST1H2AB;HIST1H2BB;H2AC5P;HIST1H3C;H1-2;HFE;H4C3;H1-6;H2BC4;H2AC6;H1-4;H2BC5;LARP1P1;HIST1H2BE;HIST1H4D;H1-12P;H3C4;H2AC7;HIST1H2BF;RP1-34B20.4;HIST1H4E;HIST1H2BG;HIST1H2AE;HIST1H3E;H2AC9P;H1-3;HIST1H4F;HIST1H4G;HIST1H3F;HIST1H2BH;HIST1H3G;H2AC10P;HIST1H2BI;H4C8;H3C9P;RNU6-1259P;BTN3A2;AL021917.1;BTN2A2;BTN3A1;BTN2A3P;BTN3A3;BTN2A1;BTN1A1;RNU6-502P;HCG11;CTA-14H9.5;HMGN4;ABT1;RP11-457M11.6;VN1R14P;RP11-457M11.2;ZNF322;RP11-457M11.5;GUSBP2;POM121L6P;LINC00240;RP11-239L20.6;TRNAI2;VN1R12P;VN1R13P;VN1R11P;RNU2-62P;RP1-86C11.7;H2BC11;H2AC11;H2BC12;HIST1H4I;HIST1H2AH;MIR3143;RPL10P2;PRSS16;CDCA7P1;POM121L2;VN1R10P;ZNF204P;ZNF391;RP1-153G14.4;MCFD2P1;ZNF184;XXbac-BPGBPG34I8.1;HNRNPA1P1;CD83P1;RNU6-471P;TRNAI6;RPL8P1;GPHRP1;RSL24D1P1;H4C10P;H2BC13;H2AC13;HIST1H3H;HIST1H2AJ;HIST1H2BM;H4C11;HIST1H4K;HIST1H2AK;H2BC15;H2BC16P;HIST1H2AL;H1-5;HIST1H3I;HIST1H4L;H3C12;HIST1H2AM;HIST1H2BO;RNU7-26P;OR2B2;OR2W6P;OR2B6;RPLP2P1;OR2W4P;IQCB2P;U3;OR2W2P;OR2B7P;OR2B8;OR1F12P;RP1-313I6.12;ZNF165;ZSCAN12P1;ZNF602P;ZSCAN16-AS1;ZSCAN16;RP1-265C24.8;ZKSCAN8;ZKSCAN8P1;ZNF603P;ZKSCAN8P2;TOB2P1;ZSCAN9;ZKSCAN4;ZSCAN26;PGBD1;SMIM15P2;ZSCAN31;ZKSCAN3;ZSCAN12;RNU2-45P;ZSCAN23;COX11P1;OR2E1P;GPX6;GPX5;SCAND3;SCAND3-AS1;COX8CP1;AL121932.1;LINC00533;RPSAP2;AL662890.1;NOP56P1;AL662890.3;XXbac-BPG308K3.5;LINC01623;RPL13P;ZNF90P2;HCG14;TRIM27;RNU6-930P;LINC01556;KRT18P1;RN7SL471P;HCG15;HCG16;ZNF311;OR2AD1P;OR2W1;OR2P1P;SAR1AP1;OR2B3;OR2J1;OR2J3;XXbac-BCX196D17.5;OR2N1P;OR2J2;OR2J4P;OR2H4P;XXbac-BPG308J9.3;OR2G1P;OR2U1P;OR2U2P;OR2B4P;OR14J1;DDX6P1;OR5V1;OR12D3;OR12D2;OR12D1;OR11A1;OR10C1;OR2H1;UBDP1;MAS1LP1;MAS1L;RPS17P1;LINC02829;LINC01015;MAS1LP2;OR2I1;UBD;GABBR1;OR2H5P;TMEM183AP1;SNORD32B;RPL13AP;OR2H2;SUMO2P1;MOG;ZFP57;ZDHHC20P1;HLA-F;HCG4P11;HLA-F-AS1;RPL23AP1;MICE;HCG9P5;Y_RNA;IFITM4P;XXbac-BPG170G13.32;XXbac-BPG170G13.31;HLA-V;HCG4;HLA-P;RPL7AP7;MICG;HLA-G;HCG4P8;MICF;HCG4P7;HLA-H;HLA-T;DDX39BP1;MCCD1P1;HCG4B;HLA-K;HLA-U;HLA-A;HCG4P5;HLA-W;MICD;HCG9;DDX39BP2;MCCD1P2;POLR1HASP;HCG4P3;HLA-J;ETF1P1;POLR1H;PPP1R11;RNF39;AL669914.1;TRIM31;TRIM31-AS1;SNORA48;TRIM40;TRIM10;TRIM15;TRIM26;PAIP1P1;HCG17;TRIM26BP;HLA-L;HCG18;TRIM39;TRIM39-RPP21;RPP21;HLA-N;HCG19P;UBQLN1P1;MICC;TMPOP1;SUCLA2P1;RANP1;HLA-E;LINC02569;GNL1;PRR3;ABCF1;MIR877;PPP1R10;AL662800.1;MRPS18B;ATAT1;PTMAP1;C6orf136;AL662800.2;DHX16;PPP1R18;NRM;RPL7P4;MDC1;MDC1-AS1;TUBB;XXbac-BPG252P9.9;FLOT1;Y_RNA;IER3-AS1;IER3;RN7SL353P;HCG20;LINC00243;LINC02570;RN7SKP186;DDR1-DT;DDR1;MIR4640;RN7SL175P;GTF2H4;VARS2;SFTA2;Y_RNA;MUCL3;HCG21;MUC21;MUC22;HCG22;RNU6-1133P;C6orf15;PSORS1C1;CDSN;PSORS1C2;POLR2LP1;CCHCR1;TCF19;POU5F1;PSORS1C3;XXbac-BPG299F13.17;HCG27;XXbac-BPG299F13.14;XXbac-BPG299F13.15;XXbac-BPG299F13.16;HLA-C;USP8P1;RPL3P2;WASF5P;LINC02571;XXbac-BPG248L24.10;HLA-B;XXbac-BPG248L24.12;DHFRP2;RNU6-283P;AL671883.1;FGFR3P1;ZDHHC20P2;HLA-S;XXbac-BPG181B23.7;HCP5;Y_RNA;MICA;LINC01149;XXbac-BPG181B23.6;MICB;Y_RNA;XXbac-BPG16N22.5;PPIAP9;RPL15P4;MCCD1;ATP6V1G2-DDX39B;DDX39B;SNORD117;SNORD84;DDX39B-AS1;ATP6V1G2;NFKBIL1;LTA;TNF;LTB;LST1;NCR3;UQCRHP1;AIF1;PRRC2A;SNORA38;BAG6;APOM;C6orf47;C6orf47-AS1;GPANK1;Y_RNA;CSNK2B;CSNK2B-LY6G5B-1181;LY6G5B;LY6G5C;ABHD16A;XXbac-BPG32J3.20;MIR4646;LY6G6F;LY6G6F-LY6G6D;LY6G6E;LY6G6D;MPIG6B;LY6G6C;DDAH2;CLIC1;MSH5;MSH5-SAPCD1;RNU6-850P;SAPCD1;SAPCD1-AS1;VWA7;VARS1;Y_RNA;LSM2;HSPA1L;HSPA1A;HSPA1B;SNHG32;SNORD48;SNORD52;NEU1;SLC44A4;EHMT2;EHMT2-AS1;C2;ZBTB12;CFB;CFB;NELFE;MIR1236;SKIC2;DXO;WHR1;C4A;C4A-AS1;CYP21A1P;AL645922.1;TNXA;WHR1B;C4B;C4B-AS1;CYP21A2;TNXB;RNA5SP206;ATF6B;FKBPL;PRRT1;PPT2;PPT2-EGFL8;EGFL8;AGPAT1;RNF5;AGER;PBX2;XXbac-BPG300A18.13;GPSM3;NOTCH4;TSBP1-AS1;TSBP1;HNRNPA1P2;RNU6-603P;HCG23;BTNL2;HLA-DRA;HLA-DRB9;HLA-DRB5;RNU1-61P;HLA-DRB6;HLA-DRB1	0.5	1903	Unknome 18_Mar_2026; maximum over uniquely HGNC-mapped proteins; derived/knownness-ranks.tsv	Tbio	36	unique	NA	NA	NA	NA	NA	NA	unresolved competing genes; gene-body association is not causal assignment	Lifelong developmental, systemic and adult explanations remain. Adult tissue expression observed (spinal cord); timing not identified.	3.8	spinal cord	not checked outside pilot	not checked outside pilot	NA	NA	False	False	Lee CP GCST006572 + GENCODE v19; HGNC/Unknome/Pharos/HPA separate annotations; LD/QTL/perturbation not followed outside pilot; Savage/Genebass overlap; EA excluded	Independent ancestry-matched fine-mapping excludes rs1679709 and assigns a different variant/gene (e.g. ACOT13, RP1-30M3.5, C6orf62); adult-specific perturbation in the implicated cell type has no predicted functional effect despite verified engagement. Shared-signal evidence disappears on multiple-signal conditioning or complete variant coverage.	association hypothesis only; not an enhancement target
116	ENSG00000177455	CD19	116	R010	rs35979293	1.28e-11	1.408e-10	2.6629504e-06	7408	11	79	GSG1L;RNU6-159P;RNU6-1241P;XPO6;TPRKBP2;SNORA25;RNY1P10;GAPDHP35;RP11-57A19.2;SBK1;NPIPB6;RP11-435I10.5;EIF3CL;CDC37P2;snoU13;RP11-57A19.5;NPIPB7;CLN3;CLN3;APOBR;IL27;NUPR1;RP11-666O2.1;SGF29;SULT1A2;SULT1A1;NPIPB8;PLA2G10DP;snoU13;EIF3C;CDC37P1;RP11-1348G14.6;NPIPB9;snoU13;RP11-1348G14.4;RP11-1348G14.1;RP11-1348G14.5;ATXN2L;RP11-24N18.1;TUFM;MIR4721;SH2B1;RP11-22P6.2;ATP2A1;ATP2A1-AS1;SNORA43;RABEP2;NFATC2IP;NFATC2IP-AS1;MIR4517;SPNS1;RP11-264B17.3;RP11-264B17.4;LAT;RP11-264B17.5;NPIPB10P;PLA2G10CP;snoU13;RRN3P2;RP11-426C22.5;RP11-426C22.4;AC009093.1;SNX29P2;RP11-426C22.6;RP11-231C14.6;SNX29P2;NPIPB11;SMG1P6;snoU13;BOLA2-SMG1P6;RP11-345J4.6;BOLA2;SLX1B;SLX1B-SULT1A4;SULT1A4;SGF29P1;RP11-345J4.1;PLA2G10HP;NPIPB12	8.7	14962	Unknome 18_Mar_2026; maximum over uniquely HGNC-mapped proteins; derived/knownness-ranks.tsv	Tclin	168	unique	NA	NA	NA	NA	NA	NA	unresolved competing genes; gene-body association is not causal assignment	Lifelong developmental, systemic and adult explanations remain. Adult tissue expression observed (amygdala); timing not identified.	0.0	amygdala	not checked outside pilot	not checked outside pilot	1.2207e-13	positional	False	False	Lee CP GCST006572 + GENCODE v19; HGNC/Unknome/Pharos/HPA separate annotations; LD/QTL/perturbation not followed outside pilot; Savage/Genebass overlap; EA excluded	Independent ancestry-matched fine-mapping excludes rs35979293 and assigns a different variant/gene (e.g. GSG1L, RNU6-159P, RNU6-1241P); adult-specific perturbation in the implicated cell type has no predicted functional effect despite verified engagement. Shared-signal evidence disappears on multiple-signal conditioning or complete variant coverage.	association hypothesis only; not an enhancement target
117	ENSG00000225190	PLEKHM1	117	R033	rs56192752	2.05e-12	1.4555e-10	2.75278715e-06	54850	71	96	GJC1;HIGD1B;EFTUD2;RN7SL405P;DNAAF19;FAM187A;AC015936.3;GFAP;KIF18B;KIF18B-DT;C1QL1;CTD-2534I21.9;DCAKD;NMT1;Y_RNA;PLCD3;ACBD4;HEXIM1;HEXIM2-AS1;HEXIM2;HEXIM2-AS2;FMNL1-DT;FMNL1;FMNL1-AS1;EFCAB15P;MAP3K14-AS1;SPATA32;MAP3K14;RNA5SP443;CTB-39G8.2;ARHGAP27;CTB-39G8.3;AC091132.2;AC091132.1;RN7SL730P;LRRC37A4P;RP11-798G7.5;RN7SL739P;RP11-798G7.8;RP11-798G7.6;RP11-798G7.7;RDM1P1;DND1P1;MAPK8IP1P2;RPS26P8;CRHR1-IT1;CRHR1;LINC02210-CRHR1;RP11-293E1.2;RP11-293E1.1;MAPT-AS1;SPPL2C;MAPT;RP11-669E14.4;STH;KANSL1;RP11-669E14.6;RNU7-101P;KANSL1-AS1;Y_RNA;MAPK8IP1P1;RP11-259G18.3;RP11-259G18.1;ARL17B;LRRC37A;RN7SL656P;NSFP1;RDM1P2;LRRC37A2;ARL17A;RN7SL199P;FAM215B;NSF;RPS7P11;WNT3;WNT9B;RP11-63A1.2;GOSR2-DT;RNU6ATAC3P;GOSR2;RP11-156P1.2;MIR5089;RPRML;LRRC37A17P;LRRC37A2-AS1;RN7SL270P;CDC27;AC002558.1;RP5-867C24.1;RP5-867C24.4;RP5-867C24.5;MYL4;snoU13;ITGB3;ITGB3;RNU7-186P	3.9	9571	Unknome 18_Mar_2026; maximum over uniquely HGNC-mapped proteins; derived/knownness-ranks.tsv	Tbio	51	unique	NA	NA	NA	NA	NA	NA	unresolved competing genes; gene-body association is not causal assignment	Lifelong developmental, systemic and adult explanations remain. Adult tissue expression observed (cerebellum); timing not identified.	11.4	cerebellum	not checked outside pilot	not checked outside pilot	2.2041e-07	NA	False	False	Lee CP GCST006572 + GENCODE v19; HGNC/Unknome/Pharos/HPA separate annotations; LD/QTL/perturbation not followed outside pilot; Savage/Genebass overlap; EA excluded	Independent ancestry-matched fine-mapping excludes rs56192752 and assigns a different variant/gene (e.g. GJC1, HIGD1B, EFTUD2); adult-specific perturbation in the implicated cell type has no predicted functional effect despite verified engagement. Shared-signal evidence disappears on multiple-signal conditioning or complete variant coverage.	association hypothesis only; not an enhancement target
118	ENSG00000112337	SLC17A2	118	R008	rs17526722	1.69e-12	1.5717e-10	2.9725562100000003e-06	17965	93	515	ACOT13;RP1-30M3.5;C6orf62;RP1-30M3.6;LINC02828;AP3S1P1;GMNN;ARMH2;RIPOR2;AL512428.1;MTCO2P33;PPIAP29;RP11-367G6.3;ASS1P1;RN7SL334P;RP3-425P12.5;RP3-425P12.1;RP3-425P12.2;CMAHP;NUP50P2;CANT1P1;UBE2D3P5;RNY5P5;AL590084.1;RP11-191A15.4;RP3-522P13.3;KATNBL1P5;RPL21P68;HNRNPA3P17;CARMIL1;Y_RNA;RNU6-987P;AL160037.1;snoU13;SCGN;PRELID1P2;H2AC1;H2BC1;H2BC2P;H2AC2P;SLC17A4;SLC17A1;SLC17A3;H2AC3P;TRIM38;U91328.21;U91328.20;LINC02980;U91328.22;H3P26;H1-1;HIST1H3A;HIST1H4A;HIST1H4B;HIST1H3B;HIST1H2AB;HIST1H2BB;H2AC5P;HIST1H3C;H1-2;HFE;H4C3;H1-6;H2BC4;H2AC6;H1-4;H2BC5;LARP1P1;HIST1H2BE;HIST1H4D;H1-12P;H3C4;H2AC7;HIST1H2BF;RP1-34B20.4;HIST1H4E;HIST1H2BG;HIST1H2AE;HIST1H3E;H2AC9P;H1-3;HIST1H4F;HIST1H4G;HIST1H3F;HIST1H2BH;HIST1H3G;H2AC10P;HIST1H2BI;H4C8;H3C9P;RNU6-1259P;BTN3A2;AL021917.1;BTN2A2;BTN3A1;BTN2A3P;BTN3A3;BTN2A1;BTN1A1;RNU6-502P;HCG11;CTA-14H9.5;HMGN4;ABT1;RP11-457M11.6;VN1R14P;RP11-457M11.2;ZNF322;RP11-457M11.5;GUSBP2;POM121L6P;LINC00240;RP11-239L20.6;TRNAI2;VN1R12P;VN1R13P;VN1R11P;RNU2-62P;RP1-86C11.7;H2BC11;H2AC11;H2BC12;HIST1H4I;HIST1H2AH;MIR3143;RPL10P2;PRSS16;CDCA7P1;POM121L2;VN1R10P;ZNF204P;ZNF391;RP1-153G14.4;MCFD2P1;ZNF184;XXbac-BPGBPG34I8.1;HNRNPA1P1;CD83P1;RNU6-471P;TRNAI6;RPL8P1;GPHRP1;RSL24D1P1;H4C10P;H2BC13;H2AC13;HIST1H3H;HIST1H2AJ;HIST1H2BM;H4C11;HIST1H4K;HIST1H2AK;H2BC15;H2BC16P;HIST1H2AL;H1-5;HIST1H3I;HIST1H4L;H3C12;HIST1H2AM;HIST1H2BO;RNU7-26P;OR2B2;OR2W6P;OR2B6;RPLP2P1;OR2W4P;IQCB2P;U3;OR2W2P;OR2B7P;OR2B8;OR1F12P;RP1-313I6.12;ZNF165;ZSCAN12P1;ZNF602P;ZSCAN16-AS1;ZSCAN16;RP1-265C24.8;ZKSCAN8;ZKSCAN8P1;ZNF603P;ZKSCAN8P2;TOB2P1;ZSCAN9;ZKSCAN4;NKAPL;ZSCAN26;PGBD1;SMIM15P2;ZSCAN31;ZKSCAN3;ZSCAN12;RNU2-45P;ZSCAN23;COX11P1;OR2E1P;GPX6;GPX5;SCAND3;SCAND3-AS1;COX8CP1;AL121932.1;LINC00533;RPSAP2;AL662890.1;NOP56P1;AL662890.3;XXbac-BPG308K3.5;LINC01623;RPL13P;ZNF90P2;HCG14;TRIM27;RNU6-930P;LINC01556;KRT18P1;RN7SL471P;HCG15;HCG16;ZNF311;OR2AD1P;OR2W1;OR2P1P;SAR1AP1;OR2B3;OR2J1;OR2J3;XXbac-BCX196D17.5;OR2N1P;OR2J2;OR2J4P;OR2H4P;XXbac-BPG308J9.3;OR2G1P;OR2U1P;OR2U2P;OR2B4P;OR14J1;DDX6P1;OR5V1;OR12D3;OR12D2;OR12D1;OR11A1;OR10C1;OR2H1;UBDP1;MAS1LP1;MAS1L;RPS17P1;LINC02829;LINC01015;MAS1LP2;OR2I1;UBD;GABBR1;OR2H5P;TMEM183AP1;SNORD32B;RPL13AP;OR2H2;SUMO2P1;MOG;ZFP57;ZDHHC20P1;HLA-F;HCG4P11;HLA-F-AS1;RPL23AP1;MICE;HCG9P5;Y_RNA;IFITM4P;XXbac-BPG170G13.32;XXbac-BPG170G13.31;HLA-V;HCG4;HLA-P;RPL7AP7;MICG;HLA-G;HCG4P8;MICF;HCG4P7;HLA-H;HLA-T;DDX39BP1;MCCD1P1;HCG4B;HLA-K;HLA-U;HLA-A;HCG4P5;HLA-W;MICD;HCG9;DDX39BP2;MCCD1P2;POLR1HASP;HCG4P3;HLA-J;ETF1P1;POLR1H;PPP1R11;RNF39;AL669914.1;TRIM31;TRIM31-AS1;SNORA48;TRIM40;TRIM10;TRIM15;TRIM26;PAIP1P1;HCG17;TRIM26BP;HLA-L;HCG18;TRIM39;TRIM39-RPP21;RPP21;HLA-N;HCG19P;UBQLN1P1;MICC;TMPOP1;SUCLA2P1;RANP1;HLA-E;LINC02569;GNL1;PRR3;ABCF1;MIR877;PPP1R10;AL662800.1;MRPS18B;ATAT1;PTMAP1;C6orf136;AL662800.2;DHX16;PPP1R18;NRM;RPL7P4;MDC1;MDC1-AS1;TUBB;XXbac-BPG252P9.9;FLOT1;Y_RNA;IER3-AS1;IER3;RN7SL353P;HCG20;LINC00243;LINC02570;RN7SKP186;DDR1-DT;DDR1;MIR4640;RN7SL175P;GTF2H4;VARS2;SFTA2;Y_RNA;MUCL3;HCG21;MUC21;MUC22;HCG22;RNU6-1133P;C6orf15;PSORS1C1;CDSN;PSORS1C2;POLR2LP1;CCHCR1;TCF19;POU5F1;PSORS1C3;XXbac-BPG299F13.17;HCG27;XXbac-BPG299F13.14;XXbac-BPG299F13.15;XXbac-BPG299F13.16;HLA-C;USP8P1;RPL3P2;WASF5P;LINC02571;XXbac-BPG248L24.10;HLA-B;XXbac-BPG248L24.12;DHFRP2;RNU6-283P;AL671883.1;FGFR3P1;ZDHHC20P2;HLA-S;XXbac-BPG181B23.7;HCP5;Y_RNA;MICA;LINC01149;XXbac-BPG181B23.6;MICB;Y_RNA;XXbac-BPG16N22.5;PPIAP9;RPL15P4;MCCD1;ATP6V1G2-DDX39B;DDX39B;SNORD117;SNORD84;DDX39B-AS1;ATP6V1G2;NFKBIL1;LTA;TNF;LTB;LST1;NCR3;UQCRHP1;AIF1;PRRC2A;SNORA38;BAG6;APOM;C6orf47;C6orf47-AS1;GPANK1;Y_RNA;CSNK2B;CSNK2B-LY6G5B-1181;LY6G5B;LY6G5C;ABHD16A;XXbac-BPG32J3.20;MIR4646;LY6G6F;LY6G6F-LY6G6D;LY6G6E;LY6G6D;MPIG6B;LY6G6C;DDAH2;CLIC1;MSH5;MSH5-SAPCD1;RNU6-850P;SAPCD1;SAPCD1-AS1;VWA7;VARS1;Y_RNA;LSM2;HSPA1L;HSPA1A;HSPA1B;SNHG32;SNORD48;SNORD52;NEU1;SLC44A4;EHMT2;EHMT2-AS1;C2;ZBTB12;CFB;CFB;NELFE;MIR1236;SKIC2;DXO;WHR1;C4A;C4A-AS1;CYP21A1P;AL645922.1;TNXA;WHR1B;C4B;C4B-AS1;CYP21A2;TNXB;RNA5SP206;ATF6B;FKBPL;PRRT1;PPT2;PPT2-EGFL8;EGFL8;AGPAT1;RNF5;AGER;PBX2;XXbac-BPG300A18.13;GPSM3;NOTCH4;TSBP1-AS1;TSBP1;HNRNPA1P2;RNU6-603P;HCG23;BTNL2;HLA-DRA;HLA-DRB9;HLA-DRB5;RNU1-61P;HLA-DRB6;HLA-DRB1	3.7	9268	Unknome 18_Mar_2026; maximum over uniquely HGNC-mapped proteins; derived/knownness-ranks.tsv	Tbio	11	unique	NA	NA	NA	NA	NA	NA	unresolved competing genes; gene-body association is not causal assignment	Lifelong developmental, systemic and adult explanations remain. Adult tissue expression observed (amygdala); timing not identified.	0.0	amygdala	not checked outside pilot	not checked outside pilot	NA	NA	False	False	Lee CP GCST006572 + GENCODE v19; HGNC/Unknome/Pharos/HPA separate annotations; LD/QTL/perturbation not followed outside pilot; Savage/Genebass overlap; EA excluded	Independent ancestry-matched fine-mapping excludes rs17526722 and assigns a different variant/gene (e.g. ACOT13, RP1-30M3.5, C6orf62); adult-specific perturbation in the implicated cell type has no predicted functional effect despite verified engagement. Shared-signal evidence disappears on multiple-signal conditioning or complete variant coverage.	association hypothesis only; not an enhancement target
119	ENSG00000159314	ARHGAP27	119	R033	rs34465449	4.63e-12	1.5742e-10	2.9772844600000002e-06	40513	34	96	GJC1;HIGD1B;EFTUD2;RN7SL405P;DNAAF19;FAM187A;AC015936.3;GFAP;KIF18B;KIF18B-DT;C1QL1;CTD-2534I21.9;DCAKD;NMT1;Y_RNA;PLCD3;ACBD4;HEXIM1;HEXIM2-AS1;HEXIM2;HEXIM2-AS2;FMNL1-DT;FMNL1;FMNL1-AS1;EFCAB15P;MAP3K14-AS1;SPATA32;MAP3K14;RNA5SP443;CTB-39G8.2;CTB-39G8.3;AC091132.2;PLEKHM1;AC091132.1;RN7SL730P;LRRC37A4P;RP11-798G7.5;RN7SL739P;RP11-798G7.8;RP11-798G7.6;RP11-798G7.7;RDM1P1;DND1P1;MAPK8IP1P2;RPS26P8;CRHR1-IT1;CRHR1;LINC02210-CRHR1;RP11-293E1.2;RP11-293E1.1;MAPT-AS1;SPPL2C;MAPT;RP11-669E14.4;STH;KANSL1;RP11-669E14.6;RNU7-101P;KANSL1-AS1;Y_RNA;MAPK8IP1P1;RP11-259G18.3;RP11-259G18.1;ARL17B;LRRC37A;RN7SL656P;NSFP1;RDM1P2;LRRC37A2;ARL17A;RN7SL199P;FAM215B;NSF;RPS7P11;WNT3;WNT9B;RP11-63A1.2;GOSR2-DT;RNU6ATAC3P;GOSR2;RP11-156P1.2;MIR5089;RPRML;LRRC37A17P;LRRC37A2-AS1;RN7SL270P;CDC27;AC002558.1;RP5-867C24.1;RP5-867C24.4;RP5-867C24.5;MYL4;snoU13;ITGB3;ITGB3;RNU7-186P	4.8	10931	Unknome 18_Mar_2026; maximum over uniquely HGNC-mapped proteins; derived/knownness-ranks.tsv	Tdark	18	unique	NA	NA	NA	NA	NA	NA	unresolved competing genes; gene-body association is not causal assignment	Lifelong developmental, systemic and adult explanations remain. Adult tissue expression observed (basal ganglia); timing not identified.	12.8	basal ganglia	not checked outside pilot	not checked outside pilot	5.7896e-08	eQTL	False	False	Lee CP GCST006572 + GENCODE v19; HGNC/Unknome/Pharos/HPA separate annotations; LD/QTL/perturbation not followed outside pilot; Savage/Genebass overlap; EA excluded	Independent ancestry-matched fine-mapping excludes rs34465449 and assigns a different variant/gene (e.g. GJC1, HIGD1B, EFTUD2); adult-specific perturbation in the implicated cell type has no predicted functional effect despite verified engagement. Shared-signal evidence disappears on multiple-signal conditioning or complete variant coverage.	association hypothesis only; not an enhancement target
120	ENSG00000196176	HIST1H4A	120	R008	rs3734528	8.81e-11	1.762e-10	3.3324706e-06	372	2	515	ACOT13;RP1-30M3.5;C6orf62;RP1-30M3.6;LINC02828;AP3S1P1;GMNN;ARMH2;RIPOR2;AL512428.1;MTCO2P33;PPIAP29;RP11-367G6.3;ASS1P1;RN7SL334P;RP3-425P12.5;RP3-425P12.1;RP3-425P12.2;CMAHP;NUP50P2;CANT1P1;UBE2D3P5;RNY5P5;AL590084.1;RP11-191A15.4;RP3-522P13.3;KATNBL1P5;RPL21P68;HNRNPA3P17;CARMIL1;Y_RNA;RNU6-987P;AL160037.1;snoU13;SCGN;PRELID1P2;H2AC1;H2BC1;H2BC2P;H2AC2P;SLC17A4;SLC17A1;SLC17A3;H2AC3P;SLC17A2;TRIM38;U91328.21;U91328.20;LINC02980;U91328.22;H3P26;H1-1;HIST1H3A;HIST1H4B;HIST1H3B;HIST1H2AB;HIST1H2BB;H2AC5P;HIST1H3C;H1-2;HFE;H4C3;H1-6;H2BC4;H2AC6;H1-4;H2BC5;LARP1P1;HIST1H2BE;HIST1H4D;H1-12P;H3C4;H2AC7;HIST1H2BF;RP1-34B20.4;HIST1H4E;HIST1H2BG;HIST1H2AE;HIST1H3E;H2AC9P;H1-3;HIST1H4F;HIST1H4G;HIST1H3F;HIST1H2BH;HIST1H3G;H2AC10P;HIST1H2BI;H4C8;H3C9P;RNU6-1259P;BTN3A2;AL021917.1;BTN2A2;BTN3A1;BTN2A3P;BTN3A3;BTN2A1;BTN1A1;RNU6-502P;HCG11;CTA-14H9.5;HMGN4;ABT1;RP11-457M11.6;VN1R14P;RP11-457M11.2;ZNF322;RP11-457M11.5;GUSBP2;POM121L6P;LINC00240;RP11-239L20.6;TRNAI2;VN1R12P;VN1R13P;VN1R11P;RNU2-62P;RP1-86C11.7;H2BC11;H2AC11;H2BC12;HIST1H4I;HIST1H2AH;MIR3143;RPL10P2;PRSS16;CDCA7P1;POM121L2;VN1R10P;ZNF204P;ZNF391;RP1-153G14.4;MCFD2P1;ZNF184;XXbac-BPGBPG34I8.1;HNRNPA1P1;CD83P1;RNU6-471P;TRNAI6;RPL8P1;GPHRP1;RSL24D1P1;H4C10P;H2BC13;H2AC13;HIST1H3H;HIST1H2AJ;HIST1H2BM;H4C11;HIST1H4K;HIST1H2AK;H2BC15;H2BC16P;HIST1H2AL;H1-5;HIST1H3I;HIST1H4L;H3C12;HIST1H2AM;HIST1H2BO;RNU7-26P;OR2B2;OR2W6P;OR2B6;RPLP2P1;OR2W4P;IQCB2P;U3;OR2W2P;OR2B7P;OR2B8;OR1F12P;RP1-313I6.12;ZNF165;ZSCAN12P1;ZNF602P;ZSCAN16-AS1;ZSCAN16;RP1-265C24.8;ZKSCAN8;ZKSCAN8P1;ZNF603P;ZKSCAN8P2;TOB2P1;ZSCAN9;ZKSCAN4;NKAPL;ZSCAN26;PGBD1;SMIM15P2;ZSCAN31;ZKSCAN3;ZSCAN12;RNU2-45P;ZSCAN23;COX11P1;OR2E1P;GPX6;GPX5;SCAND3;SCAND3-AS1;COX8CP1;AL121932.1;LINC00533;RPSAP2;AL662890.1;NOP56P1;AL662890.3;XXbac-BPG308K3.5;LINC01623;RPL13P;ZNF90P2;HCG14;TRIM27;RNU6-930P;LINC01556;KRT18P1;RN7SL471P;HCG15;HCG16;ZNF311;OR2AD1P;OR2W1;OR2P1P;SAR1AP1;OR2B3;OR2J1;OR2J3;XXbac-BCX196D17.5;OR2N1P;OR2J2;OR2J4P;OR2H4P;XXbac-BPG308J9.3;OR2G1P;OR2U1P;OR2U2P;OR2B4P;OR14J1;DDX6P1;OR5V1;OR12D3;OR12D2;OR12D1;OR11A1;OR10C1;OR2H1;UBDP1;MAS1LP1;MAS1L;RPS17P1;LINC02829;LINC01015;MAS1LP2;OR2I1;UBD;GABBR1;OR2H5P;TMEM183AP1;SNORD32B;RPL13AP;OR2H2;SUMO2P1;MOG;ZFP57;ZDHHC20P1;HLA-F;HCG4P11;HLA-F-AS1;RPL23AP1;MICE;HCG9P5;Y_RNA;IFITM4P;XXbac-BPG170G13.32;XXbac-BPG170G13.31;HLA-V;HCG4;HLA-P;RPL7AP7;MICG;HLA-G;HCG4P8;MICF;HCG4P7;HLA-H;HLA-T;DDX39BP1;MCCD1P1;HCG4B;HLA-K;HLA-U;HLA-A;HCG4P5;HLA-W;MICD;HCG9;DDX39BP2;MCCD1P2;POLR1HASP;HCG4P3;HLA-J;ETF1P1;POLR1H;PPP1R11;RNF39;AL669914.1;TRIM31;TRIM31-AS1;SNORA48;TRIM40;TRIM10;TRIM15;TRIM26;PAIP1P1;HCG17;TRIM26BP;HLA-L;HCG18;TRIM39;TRIM39-RPP21;RPP21;HLA-N;HCG19P;UBQLN1P1;MICC;TMPOP1;SUCLA2P1;RANP1;HLA-E;LINC02569;GNL1;PRR3;ABCF1;MIR877;PPP1R10;AL662800.1;MRPS18B;ATAT1;PTMAP1;C6orf136;AL662800.2;DHX16;PPP1R18;NRM;RPL7P4;MDC1;MDC1-AS1;TUBB;XXbac-BPG252P9.9;FLOT1;Y_RNA;IER3-AS1;IER3;RN7SL353P;HCG20;LINC00243;LINC02570;RN7SKP186;DDR1-DT;DDR1;MIR4640;RN7SL175P;GTF2H4;VARS2;SFTA2;Y_RNA;MUCL3;HCG21;MUC21;MUC22;HCG22;RNU6-1133P;C6orf15;PSORS1C1;CDSN;PSORS1C2;POLR2LP1;CCHCR1;TCF19;POU5F1;PSORS1C3;XXbac-BPG299F13.17;HCG27;XXbac-BPG299F13.14;XXbac-BPG299F13.15;XXbac-BPG299F13.16;HLA-C;USP8P1;RPL3P2;WASF5P;LINC02571;XXbac-BPG248L24.10;HLA-B;XXbac-BPG248L24.12;DHFRP2;RNU6-283P;AL671883.1;FGFR3P1;ZDHHC20P2;HLA-S;XXbac-BPG181B23.7;HCP5;Y_RNA;MICA;LINC01149;XXbac-BPG181B23.6;MICB;Y_RNA;XXbac-BPG16N22.5;PPIAP9;RPL15P4;MCCD1;ATP6V1G2-DDX39B;DDX39B;SNORD117;SNORD84;DDX39B-AS1;ATP6V1G2;NFKBIL1;LTA;TNF;LTB;LST1;NCR3;UQCRHP1;AIF1;PRRC2A;SNORA38;BAG6;APOM;C6orf47;C6orf47-AS1;GPANK1;Y_RNA;CSNK2B;CSNK2B-LY6G5B-1181;LY6G5B;LY6G5C;ABHD16A;XXbac-BPG32J3.20;MIR4646;LY6G6F;LY6G6F-LY6G6D;LY6G6E;LY6G6D;MPIG6B;LY6G6C;DDAH2;CLIC1;MSH5;MSH5-SAPCD1;RNU6-850P;SAPCD1;SAPCD1-AS1;VWA7;VARS1;Y_RNA;LSM2;HSPA1L;HSPA1A;HSPA1B;SNHG32;SNORD48;SNORD52;NEU1;SLC44A4;EHMT2;EHMT2-AS1;C2;ZBTB12;CFB;CFB;NELFE;MIR1236;SKIC2;DXO;WHR1;C4A;C4A-AS1;CYP21A1P;AL645922.1;TNXA;WHR1B;C4B;C4B-AS1;CYP21A2;TNXB;RNA5SP206;ATF6B;FKBPL;PRRT1;PPT2;PPT2-EGFL8;EGFL8;AGPAT1;RNF5;AGER;PBX2;XXbac-BPG300A18.13;GPSM3;NOTCH4;TSBP1-AS1;TSBP1;HNRNPA1P2;RNU6-603P;HCG23;BTNL2;HLA-DRA;HLA-DRB9;HLA-DRB5;RNU1-61P;HLA-DRB6;HLA-DRB1	NA	NA	Unknome unmapped/unscored; not zero knownness	NA	NA	unmapped	NA	NA	NA	NA	NA	NA	unresolved competing genes; gene-body association is not causal assignment	Lifelong developmental, systemic and adult explanations remain. Adult brain expression not covered in HPA; not evidence of absence.	NA	NA	not checked outside pilot	not checked outside pilot	NA	NA	False	False	Lee CP GCST006572 + GENCODE v19; HGNC/Unknome/Pharos/HPA separate annotations; LD/QTL/perturbation not followed outside pilot; Savage/Genebass overlap; EA excluded	Independent ancestry-matched fine-mapping excludes rs3734528 and assigns a different variant/gene (e.g. ACOT13, RP1-30M3.5, C6orf62); adult-specific perturbation in the implicated cell type has no predicted functional effect despite verified engagement. Shared-signal evidence disappears on multiple-signal conditioning or complete variant coverage.	association hypothesis only; not an enhancement target
121	ENSG00000124564	SLC17A3	121	R008	rs13211947	8.85e-13	1.8939e-10	3.5819330700000003e-06	49221	214	515	ACOT13;RP1-30M3.5;C6orf62;RP1-30M3.6;LINC02828;AP3S1P1;GMNN;ARMH2;RIPOR2;AL512428.1;MTCO2P33;PPIAP29;RP11-367G6.3;ASS1P1;RN7SL334P;RP3-425P12.5;RP3-425P12.1;RP3-425P12.2;CMAHP;NUP50P2;CANT1P1;UBE2D3P5;RNY5P5;AL590084.1;RP11-191A15.4;RP3-522P13.3;KATNBL1P5;RPL21P68;HNRNPA3P17;CARMIL1;Y_RNA;RNU6-987P;AL160037.1;snoU13;SCGN;PRELID1P2;H2AC1;H2BC1;H2BC2P;H2AC2P;SLC17A4;SLC17A1;H2AC3P;SLC17A2;TRIM38;U91328.21;U91328.20;LINC02980;U91328.22;H3P26;H1-1;HIST1H3A;HIST1H4A;HIST1H4B;HIST1H3B;HIST1H2AB;HIST1H2BB;H2AC5P;HIST1H3C;H1-2;HFE;H4C3;H1-6;H2BC4;H2AC6;H1-4;H2BC5;LARP1P1;HIST1H2BE;HIST1H4D;H1-12P;H3C4;H2AC7;HIST1H2BF;RP1-34B20.4;HIST1H4E;HIST1H2BG;HIST1H2AE;HIST1H3E;H2AC9P;H1-3;HIST1H4F;HIST1H4G;HIST1H3F;HIST1H2BH;HIST1H3G;H2AC10P;HIST1H2BI;H4C8;H3C9P;RNU6-1259P;BTN3A2;AL021917.1;BTN2A2;BTN3A1;BTN2A3P;BTN3A3;BTN2A1;BTN1A1;RNU6-502P;HCG11;CTA-14H9.5;HMGN4;ABT1;RP11-457M11.6;VN1R14P;RP11-457M11.2;ZNF322;RP11-457M11.5;GUSBP2;POM121L6P;LINC00240;RP11-239L20.6;TRNAI2;VN1R12P;VN1R13P;VN1R11P;RNU2-62P;RP1-86C11.7;H2BC11;H2AC11;H2BC12;HIST1H4I;HIST1H2AH;MIR3143;RPL10P2;PRSS16;CDCA7P1;POM121L2;VN1R10P;ZNF204P;ZNF391;RP1-153G14.4;MCFD2P1;ZNF184;XXbac-BPGBPG34I8.1;HNRNPA1P1;CD83P1;RNU6-471P;TRNAI6;RPL8P1;GPHRP1;RSL24D1P1;H4C10P;H2BC13;H2AC13;HIST1H3H;HIST1H2AJ;HIST1H2BM;H4C11;HIST1H4K;HIST1H2AK;H2BC15;H2BC16P;HIST1H2AL;H1-5;HIST1H3I;HIST1H4L;H3C12;HIST1H2AM;HIST1H2BO;RNU7-26P;OR2B2;OR2W6P;OR2B6;RPLP2P1;OR2W4P;IQCB2P;U3;OR2W2P;OR2B7P;OR2B8;OR1F12P;RP1-313I6.12;ZNF165;ZSCAN12P1;ZNF602P;ZSCAN16-AS1;ZSCAN16;RP1-265C24.8;ZKSCAN8;ZKSCAN8P1;ZNF603P;ZKSCAN8P2;TOB2P1;ZSCAN9;ZKSCAN4;NKAPL;ZSCAN26;PGBD1;SMIM15P2;ZSCAN31;ZKSCAN3;ZSCAN12;RNU2-45P;ZSCAN23;COX11P1;OR2E1P;GPX6;GPX5;SCAND3;SCAND3-AS1;COX8CP1;AL121932.1;LINC00533;RPSAP2;AL662890.1;NOP56P1;AL662890.3;XXbac-BPG308K3.5;LINC01623;RPL13P;ZNF90P2;HCG14;TRIM27;RNU6-930P;LINC01556;KRT18P1;RN7SL471P;HCG15;HCG16;ZNF311;OR2AD1P;OR2W1;OR2P1P;SAR1AP1;OR2B3;OR2J1;OR2J3;XXbac-BCX196D17.5;OR2N1P;OR2J2;OR2J4P;OR2H4P;XXbac-BPG308J9.3;OR2G1P;OR2U1P;OR2U2P;OR2B4P;OR14J1;DDX6P1;OR5V1;OR12D3;OR12D2;OR12D1;OR11A1;OR10C1;OR2H1;UBDP1;MAS1LP1;MAS1L;RPS17P1;LINC02829;LINC01015;MAS1LP2;OR2I1;UBD;GABBR1;OR2H5P;TMEM183AP1;SNORD32B;RPL13AP;OR2H2;SUMO2P1;MOG;ZFP57;ZDHHC20P1;HLA-F;HCG4P11;HLA-F-AS1;RPL23AP1;MICE;HCG9P5;Y_RNA;IFITM4P;XXbac-BPG170G13.32;XXbac-BPG170G13.31;HLA-V;HCG4;HLA-P;RPL7AP7;MICG;HLA-G;HCG4P8;MICF;HCG4P7;HLA-H;HLA-T;DDX39BP1;MCCD1P1;HCG4B;HLA-K;HLA-U;HLA-A;HCG4P5;HLA-W;MICD;HCG9;DDX39BP2;MCCD1P2;POLR1HASP;HCG4P3;HLA-J;ETF1P1;POLR1H;PPP1R11;RNF39;AL669914.1;TRIM31;TRIM31-AS1;SNORA48;TRIM40;TRIM10;TRIM15;TRIM26;PAIP1P1;HCG17;TRIM26BP;HLA-L;HCG18;TRIM39;TRIM39-RPP21;RPP21;HLA-N;HCG19P;UBQLN1P1;MICC;TMPOP1;SUCLA2P1;RANP1;HLA-E;LINC02569;GNL1;PRR3;ABCF1;MIR877;PPP1R10;AL662800.1;MRPS18B;ATAT1;PTMAP1;C6orf136;AL662800.2;DHX16;PPP1R18;NRM;RPL7P4;MDC1;MDC1-AS1;TUBB;XXbac-BPG252P9.9;FLOT1;Y_RNA;IER3-AS1;IER3;RN7SL353P;HCG20;LINC00243;LINC02570;RN7SKP186;DDR1-DT;DDR1;MIR4640;RN7SL175P;GTF2H4;VARS2;SFTA2;Y_RNA;MUCL3;HCG21;MUC21;MUC22;HCG22;RNU6-1133P;C6orf15;PSORS1C1;CDSN;PSORS1C2;POLR2LP1;CCHCR1;TCF19;POU5F1;PSORS1C3;XXbac-BPG299F13.17;HCG27;XXbac-BPG299F13.14;XXbac-BPG299F13.15;XXbac-BPG299F13.16;HLA-C;USP8P1;RPL3P2;WASF5P;LINC02571;XXbac-BPG248L24.10;HLA-B;XXbac-BPG248L24.12;DHFRP2;RNU6-283P;AL671883.1;FGFR3P1;ZDHHC20P2;HLA-S;XXbac-BPG181B23.7;HCP5;Y_RNA;MICA;LINC01149;XXbac-BPG181B23.6;MICB;Y_RNA;XXbac-BPG16N22.5;PPIAP9;RPL15P4;MCCD1;ATP6V1G2-DDX39B;DDX39B;SNORD117;SNORD84;DDX39B-AS1;ATP6V1G2;NFKBIL1;LTA;TNF;LTB;LST1;NCR3;UQCRHP1;AIF1;PRRC2A;SNORA38;BAG6;APOM;C6orf47;C6orf47-AS1;GPANK1;Y_RNA;CSNK2B;CSNK2B-LY6G5B-1181;LY6G5B;LY6G5C;ABHD16A;XXbac-BPG32J3.20;MIR4646;LY6G6F;LY6G6F-LY6G6D;LY6G6E;LY6G6D;MPIG6B;LY6G6C;DDAH2;CLIC1;MSH5;MSH5-SAPCD1;RNU6-850P;SAPCD1;SAPCD1-AS1;VWA7;VARS1;Y_RNA;LSM2;HSPA1L;HSPA1A;HSPA1B;SNHG32;SNORD48;SNORD52;NEU1;SLC44A4;EHMT2;EHMT2-AS1;C2;ZBTB12;CFB;CFB;NELFE;MIR1236;SKIC2;DXO;WHR1;C4A;C4A-AS1;CYP21A1P;AL645922.1;TNXA;WHR1B;C4B;C4B-AS1;CYP21A2;TNXB;RNA5SP206;ATF6B;FKBPL;PRRT1;PPT2;PPT2-EGFL8;EGFL8;AGPAT1;RNF5;AGER;PBX2;XXbac-BPG300A18.13;GPSM3;NOTCH4;TSBP1-AS1;TSBP1;HNRNPA1P2;RNU6-603P;HCG23;BTNL2;HLA-DRA;HLA-DRB9;HLA-DRB5;RNU1-61P;HLA-DRB6;HLA-DRB1	16.1	17722	Unknome 18_Mar_2026; maximum over uniquely HGNC-mapped proteins; derived/knownness-ranks.tsv	Tbio	36	unique	NA	NA	NA	NA	NA	NA	unresolved competing genes; gene-body association is not causal assignment	Lifelong developmental, systemic and adult explanations remain. Adult tissue expression observed (amygdala); timing not identified.	0.0	amygdala	not checked outside pilot	not checked outside pilot	NA	NA	False	False	Lee CP GCST006572 + GENCODE v19; HGNC/Unknome/Pharos/HPA separate annotations; LD/QTL/perturbation not followed outside pilot; Savage/Genebass overlap; EA excluded	Independent ancestry-matched fine-mapping excludes rs13211947 and assigns a different variant/gene (e.g. ACOT13, RP1-30M3.5, C6orf62); adult-specific perturbation in the implicated cell type has no predicted functional effect despite verified engagement. Shared-signal evidence disappears on multiple-signal conditioning or complete variant coverage.	association hypothesis only; not an enhancement target
122	ENSG00000084636	COL16A1	122	R027	rs7545321	1.42e-12	1.9738e-10	3.73304794e-06	52073	139	35	SELENOWP1;RPL21P22;NKAIN1;SNRNP40;RP11-490K7.4;ZCCHC17;RP11-266K22.2;FABP3;SERINC2;AC114494.1;EEF1A1P46;RNU6-40P;RP11-439L8.3;RP11-439L8.4;RP11-73M7.1;TINAGL1;HCRTR1;PEF1;PEF1-AS1;RP11-73M7.9;ADGRB2;MIR4254;RP11-84A19.3;SPOCD1;RP11-84A19.2;RP11-84A19.4;PTP4A2;AL136115.1;RP4-534N18.2;KHDRBS1;RP11-277A4.4;TMEM39B;MIR5585;KPNA6;RP4-622L5.2	7.9	14372	Unknome 18_Mar_2026; maximum over uniquely HGNC-mapped proteins; derived/knownness-ranks.tsv	Tbio	50	unique	NA	NA	NA	NA	NA	NA	unresolved competing genes; gene-body association is not causal assignment	Lifelong developmental, systemic and adult explanations remain. Adult tissue expression observed (spinal cord); timing not identified.	55.8	spinal cord	not checked outside pilot	not checked outside pilot	4.1534e-11	positional;eQTL	False	False	Lee CP GCST006572 + GENCODE v19; HGNC/Unknome/Pharos/HPA separate annotations; LD/QTL/perturbation not followed outside pilot; Savage/Genebass overlap; EA excluded	Independent ancestry-matched fine-mapping excludes rs7545321 and assigns a different variant/gene (e.g. SELENOWP1, RPL21P22, NKAIN1); adult-specific perturbation in the implicated cell type has no predicted functional effect despite verified engagement. Shared-signal evidence disappears on multiple-signal conditioning or complete variant coverage.	association hypothesis only; not an enhancement target
123	ENSG00000170142	UBE2E1	123	R017	rs73825178	9.37e-13	2.1832099999999998e-10	4.129105073e-06	85414	233	21	UBE2E2;C11orf98P3;AC092038.1;AC092038.2;RNU6-922P;RNU6-788P;AC020626.1;UBE2E1-AS1;ARL4AP4;NKIRAS1;RPL15;NR1D2;LINC00691;NPM1P23;THRB;RPL31P20;THRB-IT1;THRB-AS1;RP11-317L10.1;MIR4792;EIF3KP2	11.0	16257	Unknome 18_Mar_2026; maximum over uniquely HGNC-mapped proteins; derived/knownness-ranks.tsv	Tchem	182	unique	NA	NA	NA	NA	NA	NA	unresolved competing genes; gene-body association is not causal assignment	Lifelong developmental, systemic and adult explanations remain. Adult tissue expression observed (spinal cord); timing not identified.	104.7	spinal cord	not checked outside pilot	not checked outside pilot	1.1862e-09	positional;eQTL	False	False	Lee CP GCST006572 + GENCODE v19; HGNC/Unknome/Pharos/HPA separate annotations; LD/QTL/perturbation not followed outside pilot; Savage/Genebass overlap; EA excluded	Independent ancestry-matched fine-mapping excludes rs73825178 and assigns a different variant/gene (e.g. UBE2E2, C11orf98P3, AC092038.1); adult-specific perturbation in the implicated cell type has no predicted functional effect despite verified engagement. Shared-signal evidence disappears on multiple-signal conditioning or complete variant coverage.	association hypothesis only; not an enhancement target
124	ENSG00000107833	NPM3	124	R011	rs935445	7.39e-11	2.217e-10	4.1930121e-06	2089	3	63	LBX1-AS1;LINC02681;SNORD112;RNU2-43P;RP11-107I14.2;RP11-107I14.5;BTRC;RNU2-59P;snoU13;DPCD;POLL;MIR3158-1;FBXW4;RNU6-1165P;LINC03046;FGF8;OGA;KCNIP2-AS1;KCNIP2;ARMH3;Y_RNA;HPS6;RP11-302K17.3;RP11-302K17.4;SNORD112;LDB1;PPRC1;NOLC1;ELOVL3;PITX3;GBF1;AL160011.1;NFKB2;PSD;FBXL15;CUEDC2;MIR146B;C10orf95-AS1;C10orf95;SLC68A1;ACTR1A;RP11-18I14.11;SUFU;RN7SL21P;RPL23AP58;RNU6-43P;TRIM8-DT;TRIM8;ARL3;SFXN2;WBP1L;RNU6-1231P;CYP17A1;CYP17A1-AS1;PFN1P11;PTGES3P4;BORCS7;BORCS7-ASMT;RNU6-372P;AS3MT;RPL22P17;RP11-724N1.1;CNNM2	2.5	7104	Unknome 18_Mar_2026; maximum over uniquely HGNC-mapped proteins; derived/knownness-ranks.tsv	Tbio	107	unique	NA	NA	NA	NA	NA	NA	unresolved competing genes; gene-body association is not causal assignment	Lifelong developmental, systemic and adult explanations remain. Adult tissue expression observed (cerebral cortex); timing not identified.	10.0	cerebral cortex	not checked outside pilot	not checked outside pilot	4.9737e-09	positional;eQTL;chromatin	False	False	Lee CP GCST006572 + GENCODE v19; HGNC/Unknome/Pharos/HPA separate annotations; LD/QTL/perturbation not followed outside pilot; Savage/Genebass overlap; EA excluded	Independent ancestry-matched fine-mapping excludes rs935445 and assigns a different variant/gene (e.g. LBX1-AS1, LINC02681, SNORD112); adult-specific perturbation in the implicated cell type has no predicted functional effect despite verified engagement. Shared-signal evidence disappears on multiple-signal conditioning or complete variant coverage.	association hypothesis only; not an enhancement target
125	ENSG00000128268	MGAT3	125	R023	rs5995735	2.95e-12	2.419e-10	4.5750547e-06	34851	82	149	CTA-150C2.13;APOBEC3A;APOBEC3B;APOBEC3B-AS1;APOBEC3C;APOBEC3D;APOBEC3F;APOBEC3G;CTA-150C2.20;RP4-742C19.12;APOBEC3H;CBX7;COX5BP7;FUNDC2P4;PDGFB;AL031590.1;RP3-333H23.8;RPL3;SNORD83B;SNORD83A;SNORD43;SYNGR1;TAB1;MGAT3-AS1;MIEF1;ATF4;RPS19BP1;CACNA1I;ENTHD1;MTFR2P2;RN7SKP210;UQCRFS1P1;GRAP2;TMA7B;SACK1F;TNRC6B-DT;TNRC6B;RPL7P52;ADSL;SGSM3;SGSM3-AS1;MRTFA;MRTFA-AS2;RP5-1042K10.12;MRTFA-AS1;AL031594.1;COX6B1P3;RPL4P6;GAPDHP37;MCHR1;SLC25A17;RFKP4;JTBP1;MIR4766;ST13;XPNPEP3;DNAJB7;snoU13;RNU6-379P;RBX1;Y_RNA;AL080243.1;RPS9P2;Y_RNA;ACTBP15;EP300;MIR1281;RNU6-375P;RP1-85F18.6;EP300-AS1;LRRC37A14P;L3MBTL2;L3MBTL2-AS1;CHADL;RANGAP1;AL035681.1;ZC3H7B;TEF;RNU6-495P;CTA-223H9.9;TOB2;PHF5A;ACO2;POLR3H;CSDC2;PMM1;DESI1;XRCC6;Y_RNA;SNU13;RNU6-476P;C22orf46P;Z83840.1;MEI1;HMGN2P10;RNU6ATAC22P;Y_RNA;CCDC134;SREBF2-AS1;SREBF2;MIR33A;SHISA8;CTA-250D10.23;MIR378I;TNFRSF13C;CENPM;SMIM45;SEPTIN3;CTA-250D10.19;WBP2NL;SLC25A5P1;NAGA;PHETA2;SNORD13P1;SMDT1;NDUFA6;RP1-257I20.14;NDUFA6-DT;OLA1P1;CYP2D6;RP4-669P10.19;RP4-669P10.16;CYP2D7;CYP2D8P;TCF20;OGFRP1;Z83851.4;CTA-989H11.1;LINC01315;NFAM1;CTA-126B4.7;SERHL;RRP7A;Z93241.1;SERHL2;RRP7BP;RN7SKP80;RNU6-513P;POLDIP3;RNU12;CYB5R3;ATP5MGL;A4GALT;Y_RNA;RPL5P34;GOLGA2P4;ARFGAP3;PACSIN2;COA1P1	7.8	14288	Unknome 18_Mar_2026; maximum over uniquely HGNC-mapped proteins; derived/knownness-ranks.tsv	Tchem	43	unique	NA	NA	NA	NA	NA	NA	unresolved competing genes; gene-body association is not causal assignment	Lifelong developmental, systemic and adult explanations remain. Adult tissue expression observed (cerebellum); timing not identified.	41.3	cerebellum	not checked outside pilot	not checked outside pilot	9.2249e-15	positional;eQTL;chromatin	False	False	Lee CP GCST006572 + GENCODE v19; HGNC/Unknome/Pharos/HPA separate annotations; LD/QTL/perturbation not followed outside pilot; Savage/Genebass overlap; EA excluded	Independent ancestry-matched fine-mapping excludes rs5995735 and assigns a different variant/gene (e.g. CTA-150C2.13, APOBEC3A, APOBEC3B); adult-specific perturbation in the implicated cell type has no predicted functional effect despite verified engagement. Shared-signal evidence disappears on multiple-signal conditioning or complete variant coverage.	association hypothesis only; not an enhancement target
126	ENSG00000124508	BTN2A2	126	R008	rs2072803	4.23e-12	2.4534e-10	4.64011542e-06	11779	58	515	ACOT13;RP1-30M3.5;C6orf62;RP1-30M3.6;LINC02828;AP3S1P1;GMNN;ARMH2;RIPOR2;AL512428.1;MTCO2P33;PPIAP29;RP11-367G6.3;ASS1P1;RN7SL334P;RP3-425P12.5;RP3-425P12.1;RP3-425P12.2;CMAHP;NUP50P2;CANT1P1;UBE2D3P5;RNY5P5;AL590084.1;RP11-191A15.4;RP3-522P13.3;KATNBL1P5;RPL21P68;HNRNPA3P17;CARMIL1;Y_RNA;RNU6-987P;AL160037.1;snoU13;SCGN;PRELID1P2;H2AC1;H2BC1;H2BC2P;H2AC2P;SLC17A4;SLC17A1;SLC17A3;H2AC3P;SLC17A2;TRIM38;U91328.21;U91328.20;LINC02980;U91328.22;H3P26;H1-1;HIST1H3A;HIST1H4A;HIST1H4B;HIST1H3B;HIST1H2AB;HIST1H2BB;H2AC5P;HIST1H3C;H1-2;HFE;H4C3;H1-6;H2BC4;H2AC6;H1-4;H2BC5;LARP1P1;HIST1H2BE;HIST1H4D;H1-12P;H3C4;H2AC7;HIST1H2BF;RP1-34B20.4;HIST1H4E;HIST1H2BG;HIST1H2AE;HIST1H3E;H2AC9P;H1-3;HIST1H4F;HIST1H4G;HIST1H3F;HIST1H2BH;HIST1H3G;H2AC10P;HIST1H2BI;H4C8;H3C9P;RNU6-1259P;BTN3A2;AL021917.1;BTN3A1;BTN2A3P;BTN3A3;BTN2A1;BTN1A1;RNU6-502P;HCG11;CTA-14H9.5;HMGN4;ABT1;RP11-457M11.6;VN1R14P;RP11-457M11.2;ZNF322;RP11-457M11.5;GUSBP2;POM121L6P;LINC00240;RP11-239L20.6;TRNAI2;VN1R12P;VN1R13P;VN1R11P;RNU2-62P;RP1-86C11.7;H2BC11;H2AC11;H2BC12;HIST1H4I;HIST1H2AH;MIR3143;RPL10P2;PRSS16;CDCA7P1;POM121L2;VN1R10P;ZNF204P;ZNF391;RP1-153G14.4;MCFD2P1;ZNF184;XXbac-BPGBPG34I8.1;HNRNPA1P1;CD83P1;RNU6-471P;TRNAI6;RPL8P1;GPHRP1;RSL24D1P1;H4C10P;H2BC13;H2AC13;HIST1H3H;HIST1H2AJ;HIST1H2BM;H4C11;HIST1H4K;HIST1H2AK;H2BC15;H2BC16P;HIST1H2AL;H1-5;HIST1H3I;HIST1H4L;H3C12;HIST1H2AM;HIST1H2BO;RNU7-26P;OR2B2;OR2W6P;OR2B6;RPLP2P1;OR2W4P;IQCB2P;U3;OR2W2P;OR2B7P;OR2B8;OR1F12P;RP1-313I6.12;ZNF165;ZSCAN12P1;ZNF602P;ZSCAN16-AS1;ZSCAN16;RP1-265C24.8;ZKSCAN8;ZKSCAN8P1;ZNF603P;ZKSCAN8P2;TOB2P1;ZSCAN9;ZKSCAN4;NKAPL;ZSCAN26;PGBD1;SMIM15P2;ZSCAN31;ZKSCAN3;ZSCAN12;RNU2-45P;ZSCAN23;COX11P1;OR2E1P;GPX6;GPX5;SCAND3;SCAND3-AS1;COX8CP1;AL121932.1;LINC00533;RPSAP2;AL662890.1;NOP56P1;AL662890.3;XXbac-BPG308K3.5;LINC01623;RPL13P;ZNF90P2;HCG14;TRIM27;RNU6-930P;LINC01556;KRT18P1;RN7SL471P;HCG15;HCG16;ZNF311;OR2AD1P;OR2W1;OR2P1P;SAR1AP1;OR2B3;OR2J1;OR2J3;XXbac-BCX196D17.5;OR2N1P;OR2J2;OR2J4P;OR2H4P;XXbac-BPG308J9.3;OR2G1P;OR2U1P;OR2U2P;OR2B4P;OR14J1;DDX6P1;OR5V1;OR12D3;OR12D2;OR12D1;OR11A1;OR10C1;OR2H1;UBDP1;MAS1LP1;MAS1L;RPS17P1;LINC02829;LINC01015;MAS1LP2;OR2I1;UBD;GABBR1;OR2H5P;TMEM183AP1;SNORD32B;RPL13AP;OR2H2;SUMO2P1;MOG;ZFP57;ZDHHC20P1;HLA-F;HCG4P11;HLA-F-AS1;RPL23AP1;MICE;HCG9P5;Y_RNA;IFITM4P;XXbac-BPG170G13.32;XXbac-BPG170G13.31;HLA-V;HCG4;HLA-P;RPL7AP7;MICG;HLA-G;HCG4P8;MICF;HCG4P7;HLA-H;HLA-T;DDX39BP1;MCCD1P1;HCG4B;HLA-K;HLA-U;HLA-A;HCG4P5;HLA-W;MICD;HCG9;DDX39BP2;MCCD1P2;POLR1HASP;HCG4P3;HLA-J;ETF1P1;POLR1H;PPP1R11;RNF39;AL669914.1;TRIM31;TRIM31-AS1;SNORA48;TRIM40;TRIM10;TRIM15;TRIM26;PAIP1P1;HCG17;TRIM26BP;HLA-L;HCG18;TRIM39;TRIM39-RPP21;RPP21;HLA-N;HCG19P;UBQLN1P1;MICC;TMPOP1;SUCLA2P1;RANP1;HLA-E;LINC02569;GNL1;PRR3;ABCF1;MIR877;PPP1R10;AL662800.1;MRPS18B;ATAT1;PTMAP1;C6orf136;AL662800.2;DHX16;PPP1R18;NRM;RPL7P4;MDC1;MDC1-AS1;TUBB;XXbac-BPG252P9.9;FLOT1;Y_RNA;IER3-AS1;IER3;RN7SL353P;HCG20;LINC00243;LINC02570;RN7SKP186;DDR1-DT;DDR1;MIR4640;RN7SL175P;GTF2H4;VARS2;SFTA2;Y_RNA;MUCL3;HCG21;MUC21;MUC22;HCG22;RNU6-1133P;C6orf15;PSORS1C1;CDSN;PSORS1C2;POLR2LP1;CCHCR1;TCF19;POU5F1;PSORS1C3;XXbac-BPG299F13.17;HCG27;XXbac-BPG299F13.14;XXbac-BPG299F13.15;XXbac-BPG299F13.16;HLA-C;USP8P1;RPL3P2;WASF5P;LINC02571;XXbac-BPG248L24.10;HLA-B;XXbac-BPG248L24.12;DHFRP2;RNU6-283P;AL671883.1;FGFR3P1;ZDHHC20P2;HLA-S;XXbac-BPG181B23.7;HCP5;Y_RNA;MICA;LINC01149;XXbac-BPG181B23.6;MICB;Y_RNA;XXbac-BPG16N22.5;PPIAP9;RPL15P4;MCCD1;ATP6V1G2-DDX39B;DDX39B;SNORD117;SNORD84;DDX39B-AS1;ATP6V1G2;NFKBIL1;LTA;TNF;LTB;LST1;NCR3;UQCRHP1;AIF1;PRRC2A;SNORA38;BAG6;APOM;C6orf47;C6orf47-AS1;GPANK1;Y_RNA;CSNK2B;CSNK2B-LY6G5B-1181;LY6G5B;LY6G5C;ABHD16A;XXbac-BPG32J3.20;MIR4646;LY6G6F;LY6G6F-LY6G6D;LY6G6E;LY6G6D;MPIG6B;LY6G6C;DDAH2;CLIC1;MSH5;MSH5-SAPCD1;RNU6-850P;SAPCD1;SAPCD1-AS1;VWA7;VARS1;Y_RNA;LSM2;HSPA1L;HSPA1A;HSPA1B;SNHG32;SNORD48;SNORD52;NEU1;SLC44A4;EHMT2;EHMT2-AS1;C2;ZBTB12;CFB;CFB;NELFE;MIR1236;SKIC2;DXO;WHR1;C4A;C4A-AS1;CYP21A1P;AL645922.1;TNXA;WHR1B;C4B;C4B-AS1;CYP21A2;TNXB;RNA5SP206;ATF6B;FKBPL;PRRT1;PPT2;PPT2-EGFL8;EGFL8;AGPAT1;RNF5;AGER;PBX2;XXbac-BPG300A18.13;GPSM3;NOTCH4;TSBP1-AS1;TSBP1;HNRNPA1P2;RNU6-603P;HCG23;BTNL2;HLA-DRA;HLA-DRB9;HLA-DRB5;RNU1-61P;HLA-DRB6;HLA-DRB1	2.5	7104	Unknome 18_Mar_2026; maximum over uniquely HGNC-mapped proteins; derived/knownness-ranks.tsv	Tbio	29	unique	NA	NA	NA	NA	NA	NA	unresolved competing genes; gene-body association is not causal assignment	Lifelong developmental, systemic and adult explanations remain. Adult tissue expression observed (cerebellum); timing not identified.	18.3	cerebellum	not checked outside pilot	not checked outside pilot	NA	eQTL;chromatin	False	False	Lee CP GCST006572 + GENCODE v19; HGNC/Unknome/Pharos/HPA separate annotations; LD/QTL/perturbation not followed outside pilot; Savage/Genebass overlap; EA excluded	Independent ancestry-matched fine-mapping excludes rs2072803 and assigns a different variant/gene (e.g. ACOT13, RP1-30M3.5, C6orf62); adult-specific perturbation in the implicated cell type has no predicted functional effect despite verified engagement. Shared-signal evidence disappears on multiple-signal conditioning or complete variant coverage.	association hypothesis only; not an enhancement target
127	ENSG00000134243	SORT1	127	R026	rs1030522	1.44e-12	2.5776e-10	4.87501488e-06	88382	179	51	STXBP3;AKNAD1;SPATA42;GPSM2;CLCC1;WDR47;RP5-1065J22.2;RPL17P7;RPS27P6;RANP5;TAF13;TMEM167B-DT;TMEM167B;SCARNA2;RP5-1065J22.4;CFAP276;ELAPOR1;RNU7-122P;SARS1;CELSR2;PSRC1;MYBPHL;PSMA5;SYPL2;ATXN7L2;CYB561D1;AMIGO1;GPR61;RP5-1160K1.8;GNAI3;RNU6V;RP5-1160K1.3;MIR197;GNAT2;AMPD2;AMPD2-AS1;RPL7P8;GSTM4;GSTM2;GSTM1;AC000032.2;GSTM5;RP4-735C1.4;GSTM3;EPS8L3;NDUFA5P10;LINC01768;RP11-195M16.1;RP11-195M16.3;CSF1;AHCYL1	18.5	18079	Unknome 18_Mar_2026; maximum over uniquely HGNC-mapped proteins; derived/knownness-ranks.tsv	Tchem	243	unique	NA	NA	NA	NA	NA	NA	unresolved competing genes; gene-body association is not causal assignment	Lifelong developmental, systemic and adult explanations remain. Adult tissue expression observed (spinal cord); timing not identified.	146.6	spinal cord	not checked outside pilot	not checked outside pilot	3.5121e-12	positional;eQTL;chromatin	False	False	Lee CP GCST006572 + GENCODE v19; HGNC/Unknome/Pharos/HPA separate annotations; LD/QTL/perturbation not followed outside pilot; Savage/Genebass overlap; EA excluded	Independent ancestry-matched fine-mapping excludes rs1030522 and assigns a different variant/gene (e.g. STXBP3, AKNAD1, SPATA42); adult-specific perturbation in the implicated cell type has no predicted functional effect despite verified engagement. Shared-signal evidence disappears on multiple-signal conditioning or complete variant coverage.	association hypothesis only; not an enhancement target
128	ENSG00000146039	SLC17A4	128	R008	rs1892250	1.98e-12	2.871e-10	5.4299223e-06	26493	145	515	ACOT13;RP1-30M3.5;C6orf62;RP1-30M3.6;LINC02828;AP3S1P1;GMNN;ARMH2;RIPOR2;AL512428.1;MTCO2P33;PPIAP29;RP11-367G6.3;ASS1P1;RN7SL334P;RP3-425P12.5;RP3-425P12.1;RP3-425P12.2;CMAHP;NUP50P2;CANT1P1;UBE2D3P5;RNY5P5;AL590084.1;RP11-191A15.4;RP3-522P13.3;KATNBL1P5;RPL21P68;HNRNPA3P17;CARMIL1;Y_RNA;RNU6-987P;AL160037.1;snoU13;SCGN;PRELID1P2;H2AC1;H2BC1;H2BC2P;H2AC2P;SLC17A1;SLC17A3;H2AC3P;SLC17A2;TRIM38;U91328.21;U91328.20;LINC02980;U91328.22;H3P26;H1-1;HIST1H3A;HIST1H4A;HIST1H4B;HIST1H3B;HIST1H2AB;HIST1H2BB;H2AC5P;HIST1H3C;H1-2;HFE;H4C3;H1-6;H2BC4;H2AC6;H1-4;H2BC5;LARP1P1;HIST1H2BE;HIST1H4D;H1-12P;H3C4;H2AC7;HIST1H2BF;RP1-34B20.4;HIST1H4E;HIST1H2BG;HIST1H2AE;HIST1H3E;H2AC9P;H1-3;HIST1H4F;HIST1H4G;HIST1H3F;HIST1H2BH;HIST1H3G;H2AC10P;HIST1H2BI;H4C8;H3C9P;RNU6-1259P;BTN3A2;AL021917.1;BTN2A2;BTN3A1;BTN2A3P;BTN3A3;BTN2A1;BTN1A1;RNU6-502P;HCG11;CTA-14H9.5;HMGN4;ABT1;RP11-457M11.6;VN1R14P;RP11-457M11.2;ZNF322;RP11-457M11.5;GUSBP2;POM121L6P;LINC00240;RP11-239L20.6;TRNAI2;VN1R12P;VN1R13P;VN1R11P;RNU2-62P;RP1-86C11.7;H2BC11;H2AC11;H2BC12;HIST1H4I;HIST1H2AH;MIR3143;RPL10P2;PRSS16;CDCA7P1;POM121L2;VN1R10P;ZNF204P;ZNF391;RP1-153G14.4;MCFD2P1;ZNF184;XXbac-BPGBPG34I8.1;HNRNPA1P1;CD83P1;RNU6-471P;TRNAI6;RPL8P1;GPHRP1;RSL24D1P1;H4C10P;H2BC13;H2AC13;HIST1H3H;HIST1H2AJ;HIST1H2BM;H4C11;HIST1H4K;HIST1H2AK;H2BC15;H2BC16P;HIST1H2AL;H1-5;HIST1H3I;HIST1H4L;H3C12;HIST1H2AM;HIST1H2BO;RNU7-26P;OR2B2;OR2W6P;OR2B6;RPLP2P1;OR2W4P;IQCB2P;U3;OR2W2P;OR2B7P;OR2B8;OR1F12P;RP1-313I6.12;ZNF165;ZSCAN12P1;ZNF602P;ZSCAN16-AS1;ZSCAN16;RP1-265C24.8;ZKSCAN8;ZKSCAN8P1;ZNF603P;ZKSCAN8P2;TOB2P1;ZSCAN9;ZKSCAN4;NKAPL;ZSCAN26;PGBD1;SMIM15P2;ZSCAN31;ZKSCAN3;ZSCAN12;RNU2-45P;ZSCAN23;COX11P1;OR2E1P;GPX6;GPX5;SCAND3;SCAND3-AS1;COX8CP1;AL121932.1;LINC00533;RPSAP2;AL662890.1;NOP56P1;AL662890.3;XXbac-BPG308K3.5;LINC01623;RPL13P;ZNF90P2;HCG14;TRIM27;RNU6-930P;LINC01556;KRT18P1;RN7SL471P;HCG15;HCG16;ZNF311;OR2AD1P;OR2W1;OR2P1P;SAR1AP1;OR2B3;OR2J1;OR2J3;XXbac-BCX196D17.5;OR2N1P;OR2J2;OR2J4P;OR2H4P;XXbac-BPG308J9.3;OR2G1P;OR2U1P;OR2U2P;OR2B4P;OR14J1;DDX6P1;OR5V1;OR12D3;OR12D2;OR12D1;OR11A1;OR10C1;OR2H1;UBDP1;MAS1LP1;MAS1L;RPS17P1;LINC02829;LINC01015;MAS1LP2;OR2I1;UBD;GABBR1;OR2H5P;TMEM183AP1;SNORD32B;RPL13AP;OR2H2;SUMO2P1;MOG;ZFP57;ZDHHC20P1;HLA-F;HCG4P11;HLA-F-AS1;RPL23AP1;MICE;HCG9P5;Y_RNA;IFITM4P;XXbac-BPG170G13.32;XXbac-BPG170G13.31;HLA-V;HCG4;HLA-P;RPL7AP7;MICG;HLA-G;HCG4P8;MICF;HCG4P7;HLA-H;HLA-T;DDX39BP1;MCCD1P1;HCG4B;HLA-K;HLA-U;HLA-A;HCG4P5;HLA-W;MICD;HCG9;DDX39BP2;MCCD1P2;POLR1HASP;HCG4P3;HLA-J;ETF1P1;POLR1H;PPP1R11;RNF39;AL669914.1;TRIM31;TRIM31-AS1;SNORA48;TRIM40;TRIM10;TRIM15;TRIM26;PAIP1P1;HCG17;TRIM26BP;HLA-L;HCG18;TRIM39;TRIM39-RPP21;RPP21;HLA-N;HCG19P;UBQLN1P1;MICC;TMPOP1;SUCLA2P1;RANP1;HLA-E;LINC02569;GNL1;PRR3;ABCF1;MIR877;PPP1R10;AL662800.1;MRPS18B;ATAT1;PTMAP1;C6orf136;AL662800.2;DHX16;PPP1R18;NRM;RPL7P4;MDC1;MDC1-AS1;TUBB;XXbac-BPG252P9.9;FLOT1;Y_RNA;IER3-AS1;IER3;RN7SL353P;HCG20;LINC00243;LINC02570;RN7SKP186;DDR1-DT;DDR1;MIR4640;RN7SL175P;GTF2H4;VARS2;SFTA2;Y_RNA;MUCL3;HCG21;MUC21;MUC22;HCG22;RNU6-1133P;C6orf15;PSORS1C1;CDSN;PSORS1C2;POLR2LP1;CCHCR1;TCF19;POU5F1;PSORS1C3;XXbac-BPG299F13.17;HCG27;XXbac-BPG299F13.14;XXbac-BPG299F13.15;XXbac-BPG299F13.16;HLA-C;USP8P1;RPL3P2;WASF5P;LINC02571;XXbac-BPG248L24.10;HLA-B;XXbac-BPG248L24.12;DHFRP2;RNU6-283P;AL671883.1;FGFR3P1;ZDHHC20P2;HLA-S;XXbac-BPG181B23.7;HCP5;Y_RNA;MICA;LINC01149;XXbac-BPG181B23.6;MICB;Y_RNA;XXbac-BPG16N22.5;PPIAP9;RPL15P4;MCCD1;ATP6V1G2-DDX39B;DDX39B;SNORD117;SNORD84;DDX39B-AS1;ATP6V1G2;NFKBIL1;LTA;TNF;LTB;LST1;NCR3;UQCRHP1;AIF1;PRRC2A;SNORA38;BAG6;APOM;C6orf47;C6orf47-AS1;GPANK1;Y_RNA;CSNK2B;CSNK2B-LY6G5B-1181;LY6G5B;LY6G5C;ABHD16A;XXbac-BPG32J3.20;MIR4646;LY6G6F;LY6G6F-LY6G6D;LY6G6E;LY6G6D;MPIG6B;LY6G6C;DDAH2;CLIC1;MSH5;MSH5-SAPCD1;RNU6-850P;SAPCD1;SAPCD1-AS1;VWA7;VARS1;Y_RNA;LSM2;HSPA1L;HSPA1A;HSPA1B;SNHG32;SNORD48;SNORD52;NEU1;SLC44A4;EHMT2;EHMT2-AS1;C2;ZBTB12;CFB;CFB;NELFE;MIR1236;SKIC2;DXO;WHR1;C4A;C4A-AS1;CYP21A1P;AL645922.1;TNXA;WHR1B;C4B;C4B-AS1;CYP21A2;TNXB;RNA5SP206;ATF6B;FKBPL;PRRT1;PPT2;PPT2-EGFL8;EGFL8;AGPAT1;RNF5;AGER;PBX2;XXbac-BPG300A18.13;GPSM3;NOTCH4;TSBP1-AS1;TSBP1;HNRNPA1P2;RNU6-603P;HCG23;BTNL2;HLA-DRA;HLA-DRB9;HLA-DRB5;RNU1-61P;HLA-DRB6;HLA-DRB1	6.9	13452	Unknome 18_Mar_2026; maximum over uniquely HGNC-mapped proteins; derived/knownness-ranks.tsv	Tbio	15	unique	NA	NA	NA	NA	NA	NA	unresolved competing genes; gene-body association is not causal assignment	Lifelong developmental, systemic and adult explanations remain. Adult tissue expression observed (cerebellum); timing not identified.	0.2	cerebellum	not checked outside pilot	not checked outside pilot	NA	NA	False	False	Lee CP GCST006572 + GENCODE v19; HGNC/Unknome/Pharos/HPA separate annotations; LD/QTL/perturbation not followed outside pilot; Savage/Genebass overlap; EA excluded	Independent ancestry-matched fine-mapping excludes rs1892250 and assigns a different variant/gene (e.g. ACOT13, RP1-30M3.5, C6orf62); adult-specific perturbation in the implicated cell type has no predicted functional effect despite verified engagement. Shared-signal evidence disappears on multiple-signal conditioning or complete variant coverage.	association hypothesis only; not an enhancement target
129	ENSG00000059915	PSD	129	R011	rs77389536	1.12e-11	2.9120000000000004e-10	5.507465600000001e-06	18921	26	63	LBX1-AS1;LINC02681;SNORD112;RNU2-43P;RP11-107I14.2;RP11-107I14.5;BTRC;RNU2-59P;snoU13;DPCD;POLL;MIR3158-1;FBXW4;RNU6-1165P;LINC03046;FGF8;NPM3;OGA;KCNIP2-AS1;KCNIP2;ARMH3;Y_RNA;HPS6;RP11-302K17.3;RP11-302K17.4;SNORD112;LDB1;PPRC1;NOLC1;ELOVL3;PITX3;GBF1;AL160011.1;NFKB2;FBXL15;CUEDC2;MIR146B;C10orf95-AS1;C10orf95;SLC68A1;ACTR1A;RP11-18I14.11;SUFU;RN7SL21P;RPL23AP58;RNU6-43P;TRIM8-DT;TRIM8;ARL3;SFXN2;WBP1L;RNU6-1231P;CYP17A1;CYP17A1-AS1;PFN1P11;PTGES3P4;BORCS7;BORCS7-ASMT;RNU6-372P;AS3MT;RPL22P17;RP11-724N1.1;CNNM2	2.4	6954	Unknome 18_Mar_2026; maximum over uniquely HGNC-mapped proteins; derived/knownness-ranks.tsv	Tchem	53	unique	NA	NA	NA	NA	NA	NA	unresolved competing genes; gene-body association is not causal assignment	Lifelong developmental, systemic and adult explanations remain. Adult tissue expression observed (basal ganglia); timing not identified.	475.5	basal ganglia	not checked outside pilot	not checked outside pilot	2.6949e-13	positional;eQTL	False	False	Lee CP GCST006572 + GENCODE v19; HGNC/Unknome/Pharos/HPA separate annotations; LD/QTL/perturbation not followed outside pilot; Savage/Genebass overlap; EA excluded	Independent ancestry-matched fine-mapping excludes rs77389536 and assigns a different variant/gene (e.g. LBX1-AS1, LINC02681, SNORD112); adult-specific perturbation in the implicated cell type has no predicted functional effect despite verified engagement. Shared-signal evidence disappears on multiple-signal conditioning or complete variant coverage.	association hypothesis only; not an enhancement target
130	ENSG00000197272	IL27	130	R010	rs56354901	1.27e-11	2.921e-10	5.5244873e-06	12690	23	79	GSG1L;RNU6-159P;RNU6-1241P;XPO6;TPRKBP2;SNORA25;RNY1P10;GAPDHP35;RP11-57A19.2;SBK1;NPIPB6;RP11-435I10.5;EIF3CL;CDC37P2;snoU13;RP11-57A19.5;NPIPB7;CLN3;CLN3;APOBR;NUPR1;RP11-666O2.1;SGF29;SULT1A2;SULT1A1;NPIPB8;PLA2G10DP;snoU13;EIF3C;CDC37P1;RP11-1348G14.6;NPIPB9;snoU13;RP11-1348G14.4;RP11-1348G14.1;RP11-1348G14.5;ATXN2L;RP11-24N18.1;TUFM;MIR4721;SH2B1;RP11-22P6.2;ATP2A1;ATP2A1-AS1;SNORA43;RABEP2;CD19;NFATC2IP;NFATC2IP-AS1;MIR4517;SPNS1;RP11-264B17.3;RP11-264B17.4;LAT;RP11-264B17.5;NPIPB10P;PLA2G10CP;snoU13;RRN3P2;RP11-426C22.5;RP11-426C22.4;AC009093.1;SNX29P2;RP11-426C22.6;RP11-231C14.6;SNX29P2;NPIPB11;SMG1P6;snoU13;BOLA2-SMG1P6;RP11-345J4.6;BOLA2;SLX1B;SLX1B-SULT1A4;SULT1A4;SGF29P1;RP11-345J4.1;PLA2G10HP;NPIPB12	8.4	14752	Unknome 18_Mar_2026; maximum over uniquely HGNC-mapped proteins; derived/knownness-ranks.tsv	Tbio	349	unique	NA	NA	NA	NA	NA	NA	unresolved competing genes; gene-body association is not causal assignment	Lifelong developmental, systemic and adult explanations remain. Adult tissue expression observed (midbrain); timing not identified.	0.2	midbrain	not checked outside pilot	not checked outside pilot	9.7628e-14	positional;eQTL	False	False	Lee CP GCST006572 + GENCODE v19; HGNC/Unknome/Pharos/HPA separate annotations; LD/QTL/perturbation not followed outside pilot; Savage/Genebass overlap; EA excluded	Independent ancestry-matched fine-mapping excludes rs56354901 and assigns a different variant/gene (e.g. GSG1L, RNU6-159P, RNU6-1241P); adult-specific perturbation in the implicated cell type has no predicted functional effect despite verified engagement. Shared-signal evidence disappears on multiple-signal conditioning or complete variant coverage.	association hypothesis only; not an enhancement target
131	ENSG00000187987	ZSCAN23	131	R008	rs7766356	9.19e-12	3.9517e-10	7.47385021e-06	11573	43	515	ACOT13;RP1-30M3.5;C6orf62;RP1-30M3.6;LINC02828;AP3S1P1;GMNN;ARMH2;RIPOR2;AL512428.1;MTCO2P33;PPIAP29;RP11-367G6.3;ASS1P1;RN7SL334P;RP3-425P12.5;RP3-425P12.1;RP3-425P12.2;CMAHP;NUP50P2;CANT1P1;UBE2D3P5;RNY5P5;AL590084.1;RP11-191A15.4;RP3-522P13.3;KATNBL1P5;RPL21P68;HNRNPA3P17;CARMIL1;Y_RNA;RNU6-987P;AL160037.1;snoU13;SCGN;PRELID1P2;H2AC1;H2BC1;H2BC2P;H2AC2P;SLC17A4;SLC17A1;SLC17A3;H2AC3P;SLC17A2;TRIM38;U91328.21;U91328.20;LINC02980;U91328.22;H3P26;H1-1;HIST1H3A;HIST1H4A;HIST1H4B;HIST1H3B;HIST1H2AB;HIST1H2BB;H2AC5P;HIST1H3C;H1-2;HFE;H4C3;H1-6;H2BC4;H2AC6;H1-4;H2BC5;LARP1P1;HIST1H2BE;HIST1H4D;H1-12P;H3C4;H2AC7;HIST1H2BF;RP1-34B20.4;HIST1H4E;HIST1H2BG;HIST1H2AE;HIST1H3E;H2AC9P;H1-3;HIST1H4F;HIST1H4G;HIST1H3F;HIST1H2BH;HIST1H3G;H2AC10P;HIST1H2BI;H4C8;H3C9P;RNU6-1259P;BTN3A2;AL021917.1;BTN2A2;BTN3A1;BTN2A3P;BTN3A3;BTN2A1;BTN1A1;RNU6-502P;HCG11;CTA-14H9.5;HMGN4;ABT1;RP11-457M11.6;VN1R14P;RP11-457M11.2;ZNF322;RP11-457M11.5;GUSBP2;POM121L6P;LINC00240;RP11-239L20.6;TRNAI2;VN1R12P;VN1R13P;VN1R11P;RNU2-62P;RP1-86C11.7;H2BC11;H2AC11;H2BC12;HIST1H4I;HIST1H2AH;MIR3143;RPL10P2;PRSS16;CDCA7P1;POM121L2;VN1R10P;ZNF204P;ZNF391;RP1-153G14.4;MCFD2P1;ZNF184;XXbac-BPGBPG34I8.1;HNRNPA1P1;CD83P1;RNU6-471P;TRNAI6;RPL8P1;GPHRP1;RSL24D1P1;H4C10P;H2BC13;H2AC13;HIST1H3H;HIST1H2AJ;HIST1H2BM;H4C11;HIST1H4K;HIST1H2AK;H2BC15;H2BC16P;HIST1H2AL;H1-5;HIST1H3I;HIST1H4L;H3C12;HIST1H2AM;HIST1H2BO;RNU7-26P;OR2B2;OR2W6P;OR2B6;RPLP2P1;OR2W4P;IQCB2P;U3;OR2W2P;OR2B7P;OR2B8;OR1F12P;RP1-313I6.12;ZNF165;ZSCAN12P1;ZNF602P;ZSCAN16-AS1;ZSCAN16;RP1-265C24.8;ZKSCAN8;ZKSCAN8P1;ZNF603P;ZKSCAN8P2;TOB2P1;ZSCAN9;ZKSCAN4;NKAPL;ZSCAN26;PGBD1;SMIM15P2;ZSCAN31;ZKSCAN3;ZSCAN12;RNU2-45P;COX11P1;OR2E1P;GPX6;GPX5;SCAND3;SCAND3-AS1;COX8CP1;AL121932.1;LINC00533;RPSAP2;AL662890.1;NOP56P1;AL662890.3;XXbac-BPG308K3.5;LINC01623;RPL13P;ZNF90P2;HCG14;TRIM27;RNU6-930P;LINC01556;KRT18P1;RN7SL471P;HCG15;HCG16;ZNF311;OR2AD1P;OR2W1;OR2P1P;SAR1AP1;OR2B3;OR2J1;OR2J3;XXbac-BCX196D17.5;OR2N1P;OR2J2;OR2J4P;OR2H4P;XXbac-BPG308J9.3;OR2G1P;OR2U1P;OR2U2P;OR2B4P;OR14J1;DDX6P1;OR5V1;OR12D3;OR12D2;OR12D1;OR11A1;OR10C1;OR2H1;UBDP1;MAS1LP1;MAS1L;RPS17P1;LINC02829;LINC01015;MAS1LP2;OR2I1;UBD;GABBR1;OR2H5P;TMEM183AP1;SNORD32B;RPL13AP;OR2H2;SUMO2P1;MOG;ZFP57;ZDHHC20P1;HLA-F;HCG4P11;HLA-F-AS1;RPL23AP1;MICE;HCG9P5;Y_RNA;IFITM4P;XXbac-BPG170G13.32;XXbac-BPG170G13.31;HLA-V;HCG4;HLA-P;RPL7AP7;MICG;HLA-G;HCG4P8;MICF;HCG4P7;HLA-H;HLA-T;DDX39BP1;MCCD1P1;HCG4B;HLA-K;HLA-U;HLA-A;HCG4P5;HLA-W;MICD;HCG9;DDX39BP2;MCCD1P2;POLR1HASP;HCG4P3;HLA-J;ETF1P1;POLR1H;PPP1R11;RNF39;AL669914.1;TRIM31;TRIM31-AS1;SNORA48;TRIM40;TRIM10;TRIM15;TRIM26;PAIP1P1;HCG17;TRIM26BP;HLA-L;HCG18;TRIM39;TRIM39-RPP21;RPP21;HLA-N;HCG19P;UBQLN1P1;MICC;TMPOP1;SUCLA2P1;RANP1;HLA-E;LINC02569;GNL1;PRR3;ABCF1;MIR877;PPP1R10;AL662800.1;MRPS18B;ATAT1;PTMAP1;C6orf136;AL662800.2;DHX16;PPP1R18;NRM;RPL7P4;MDC1;MDC1-AS1;TUBB;XXbac-BPG252P9.9;FLOT1;Y_RNA;IER3-AS1;IER3;RN7SL353P;HCG20;LINC00243;LINC02570;RN7SKP186;DDR1-DT;DDR1;MIR4640;RN7SL175P;GTF2H4;VARS2;SFTA2;Y_RNA;MUCL3;HCG21;MUC21;MUC22;HCG22;RNU6-1133P;C6orf15;PSORS1C1;CDSN;PSORS1C2;POLR2LP1;CCHCR1;TCF19;POU5F1;PSORS1C3;XXbac-BPG299F13.17;HCG27;XXbac-BPG299F13.14;XXbac-BPG299F13.15;XXbac-BPG299F13.16;HLA-C;USP8P1;RPL3P2;WASF5P;LINC02571;XXbac-BPG248L24.10;HLA-B;XXbac-BPG248L24.12;DHFRP2;RNU6-283P;AL671883.1;FGFR3P1;ZDHHC20P2;HLA-S;XXbac-BPG181B23.7;HCP5;Y_RNA;MICA;LINC01149;XXbac-BPG181B23.6;MICB;Y_RNA;XXbac-BPG16N22.5;PPIAP9;RPL15P4;MCCD1;ATP6V1G2-DDX39B;DDX39B;SNORD117;SNORD84;DDX39B-AS1;ATP6V1G2;NFKBIL1;LTA;TNF;LTB;LST1;NCR3;UQCRHP1;AIF1;PRRC2A;SNORA38;BAG6;APOM;C6orf47;C6orf47-AS1;GPANK1;Y_RNA;CSNK2B;CSNK2B-LY6G5B-1181;LY6G5B;LY6G5C;ABHD16A;XXbac-BPG32J3.20;MIR4646;LY6G6F;LY6G6F-LY6G6D;LY6G6E;LY6G6D;MPIG6B;LY6G6C;DDAH2;CLIC1;MSH5;MSH5-SAPCD1;RNU6-850P;SAPCD1;SAPCD1-AS1;VWA7;VARS1;Y_RNA;LSM2;HSPA1L;HSPA1A;HSPA1B;SNHG32;SNORD48;SNORD52;NEU1;SLC44A4;EHMT2;EHMT2-AS1;C2;ZBTB12;CFB;CFB;NELFE;MIR1236;SKIC2;DXO;WHR1;C4A;C4A-AS1;CYP21A1P;AL645922.1;TNXA;WHR1B;C4B;C4B-AS1;CYP21A2;TNXB;RNA5SP206;ATF6B;FKBPL;PRRT1;PPT2;PPT2-EGFL8;EGFL8;AGPAT1;RNF5;AGER;PBX2;XXbac-BPG300A18.13;GPSM3;NOTCH4;TSBP1-AS1;TSBP1;HNRNPA1P2;RNU6-603P;HCG23;BTNL2;HLA-DRA;HLA-DRB9;HLA-DRB5;RNU1-61P;HLA-DRB6;HLA-DRB1	2.3	6711	Unknome 18_Mar_2026; maximum over uniquely HGNC-mapped proteins; derived/knownness-ranks.tsv	Tdark	17	unique	NA	NA	NA	NA	NA	NA	unresolved competing genes; gene-body association is not causal assignment	Lifelong developmental, systemic and adult explanations remain. Adult tissue expression observed (cerebellum); timing not identified.	0.3	cerebellum	not checked outside pilot	not checked outside pilot	NA	eQTL	False	False	Lee CP GCST006572 + GENCODE v19; HGNC/Unknome/Pharos/HPA separate annotations; LD/QTL/perturbation not followed outside pilot; Savage/Genebass overlap; EA excluded	Independent ancestry-matched fine-mapping excludes rs7766356 and assigns a different variant/gene (e.g. ACOT13, RP1-30M3.5, C6orf62); adult-specific perturbation in the implicated cell type has no predicted functional effect despite verified engagement. Shared-signal evidence disappears on multiple-signal conditioning or complete variant coverage.	association hypothesis only; not an enhancement target
132	ENSG00000112343	TRIM38	132	R008	rs13212534	4.6e-12	4.2779999999999996e-10	8.090981399999999e-06	24355	93	515	ACOT13;RP1-30M3.5;C6orf62;RP1-30M3.6;LINC02828;AP3S1P1;GMNN;ARMH2;RIPOR2;AL512428.1;MTCO2P33;PPIAP29;RP11-367G6.3;ASS1P1;RN7SL334P;RP3-425P12.5;RP3-425P12.1;RP3-425P12.2;CMAHP;NUP50P2;CANT1P1;UBE2D3P5;RNY5P5;AL590084.1;RP11-191A15.4;RP3-522P13.3;KATNBL1P5;RPL21P68;HNRNPA3P17;CARMIL1;Y_RNA;RNU6-987P;AL160037.1;snoU13;SCGN;PRELID1P2;H2AC1;H2BC1;H2BC2P;H2AC2P;SLC17A4;SLC17A1;SLC17A3;H2AC3P;SLC17A2;U91328.21;U91328.20;LINC02980;U91328.22;H3P26;H1-1;HIST1H3A;HIST1H4A;HIST1H4B;HIST1H3B;HIST1H2AB;HIST1H2BB;H2AC5P;HIST1H3C;H1-2;HFE;H4C3;H1-6;H2BC4;H2AC6;H1-4;H2BC5;LARP1P1;HIST1H2BE;HIST1H4D;H1-12P;H3C4;H2AC7;HIST1H2BF;RP1-34B20.4;HIST1H4E;HIST1H2BG;HIST1H2AE;HIST1H3E;H2AC9P;H1-3;HIST1H4F;HIST1H4G;HIST1H3F;HIST1H2BH;HIST1H3G;H2AC10P;HIST1H2BI;H4C8;H3C9P;RNU6-1259P;BTN3A2;AL021917.1;BTN2A2;BTN3A1;BTN2A3P;BTN3A3;BTN2A1;BTN1A1;RNU6-502P;HCG11;CTA-14H9.5;HMGN4;ABT1;RP11-457M11.6;VN1R14P;RP11-457M11.2;ZNF322;RP11-457M11.5;GUSBP2;POM121L6P;LINC00240;RP11-239L20.6;TRNAI2;VN1R12P;VN1R13P;VN1R11P;RNU2-62P;RP1-86C11.7;H2BC11;H2AC11;H2BC12;HIST1H4I;HIST1H2AH;MIR3143;RPL10P2;PRSS16;CDCA7P1;POM121L2;VN1R10P;ZNF204P;ZNF391;RP1-153G14.4;MCFD2P1;ZNF184;XXbac-BPGBPG34I8.1;HNRNPA1P1;CD83P1;RNU6-471P;TRNAI6;RPL8P1;GPHRP1;RSL24D1P1;H4C10P;H2BC13;H2AC13;HIST1H3H;HIST1H2AJ;HIST1H2BM;H4C11;HIST1H4K;HIST1H2AK;H2BC15;H2BC16P;HIST1H2AL;H1-5;HIST1H3I;HIST1H4L;H3C12;HIST1H2AM;HIST1H2BO;RNU7-26P;OR2B2;OR2W6P;OR2B6;RPLP2P1;OR2W4P;IQCB2P;U3;OR2W2P;OR2B7P;OR2B8;OR1F12P;RP1-313I6.12;ZNF165;ZSCAN12P1;ZNF602P;ZSCAN16-AS1;ZSCAN16;RP1-265C24.8;ZKSCAN8;ZKSCAN8P1;ZNF603P;ZKSCAN8P2;TOB2P1;ZSCAN9;ZKSCAN4;NKAPL;ZSCAN26;PGBD1;SMIM15P2;ZSCAN31;ZKSCAN3;ZSCAN12;RNU2-45P;ZSCAN23;COX11P1;OR2E1P;GPX6;GPX5;SCAND3;SCAND3-AS1;COX8CP1;AL121932.1;LINC00533;RPSAP2;AL662890.1;NOP56P1;AL662890.3;XXbac-BPG308K3.5;LINC01623;RPL13P;ZNF90P2;HCG14;TRIM27;RNU6-930P;LINC01556;KRT18P1;RN7SL471P;HCG15;HCG16;ZNF311;OR2AD1P;OR2W1;OR2P1P;SAR1AP1;OR2B3;OR2J1;OR2J3;XXbac-BCX196D17.5;OR2N1P;OR2J2;OR2J4P;OR2H4P;XXbac-BPG308J9.3;OR2G1P;OR2U1P;OR2U2P;OR2B4P;OR14J1;DDX6P1;OR5V1;OR12D3;OR12D2;OR12D1;OR11A1;OR10C1;OR2H1;UBDP1;MAS1LP1;MAS1L;RPS17P1;LINC02829;LINC01015;MAS1LP2;OR2I1;UBD;GABBR1;OR2H5P;TMEM183AP1;SNORD32B;RPL13AP;OR2H2;SUMO2P1;MOG;ZFP57;ZDHHC20P1;HLA-F;HCG4P11;HLA-F-AS1;RPL23AP1;MICE;HCG9P5;Y_RNA;IFITM4P;XXbac-BPG170G13.32;XXbac-BPG170G13.31;HLA-V;HCG4;HLA-P;RPL7AP7;MICG;HLA-G;HCG4P8;MICF;HCG4P7;HLA-H;HLA-T;DDX39BP1;MCCD1P1;HCG4B;HLA-K;HLA-U;HLA-A;HCG4P5;HLA-W;MICD;HCG9;DDX39BP2;MCCD1P2;POLR1HASP;HCG4P3;HLA-J;ETF1P1;POLR1H;PPP1R11;RNF39;AL669914.1;TRIM31;TRIM31-AS1;SNORA48;TRIM40;TRIM10;TRIM15;TRIM26;PAIP1P1;HCG17;TRIM26BP;HLA-L;HCG18;TRIM39;TRIM39-RPP21;RPP21;HLA-N;HCG19P;UBQLN1P1;MICC;TMPOP1;SUCLA2P1;RANP1;HLA-E;LINC02569;GNL1;PRR3;ABCF1;MIR877;PPP1R10;AL662800.1;MRPS18B;ATAT1;PTMAP1;C6orf136;AL662800.2;DHX16;PPP1R18;NRM;RPL7P4;MDC1;MDC1-AS1;TUBB;XXbac-BPG252P9.9;FLOT1;Y_RNA;IER3-AS1;IER3;RN7SL353P;HCG20;LINC00243;LINC02570;RN7SKP186;DDR1-DT;DDR1;MIR4640;RN7SL175P;GTF2H4;VARS2;SFTA2;Y_RNA;MUCL3;HCG21;MUC21;MUC22;HCG22;RNU6-1133P;C6orf15;PSORS1C1;CDSN;PSORS1C2;POLR2LP1;CCHCR1;TCF19;POU5F1;PSORS1C3;XXbac-BPG299F13.17;HCG27;XXbac-BPG299F13.14;XXbac-BPG299F13.15;XXbac-BPG299F13.16;HLA-C;USP8P1;RPL3P2;WASF5P;LINC02571;XXbac-BPG248L24.10;HLA-B;XXbac-BPG248L24.12;DHFRP2;RNU6-283P;AL671883.1;FGFR3P1;ZDHHC20P2;HLA-S;XXbac-BPG181B23.7;HCP5;Y_RNA;MICA;LINC01149;XXbac-BPG181B23.6;MICB;Y_RNA;XXbac-BPG16N22.5;PPIAP9;RPL15P4;MCCD1;ATP6V1G2-DDX39B;DDX39B;SNORD117;SNORD84;DDX39B-AS1;ATP6V1G2;NFKBIL1;LTA;TNF;LTB;LST1;NCR3;UQCRHP1;AIF1;PRRC2A;SNORA38;BAG6;APOM;C6orf47;C6orf47-AS1;GPANK1;Y_RNA;CSNK2B;CSNK2B-LY6G5B-1181;LY6G5B;LY6G5C;ABHD16A;XXbac-BPG32J3.20;MIR4646;LY6G6F;LY6G6F-LY6G6D;LY6G6E;LY6G6D;MPIG6B;LY6G6C;DDAH2;CLIC1;MSH5;MSH5-SAPCD1;RNU6-850P;SAPCD1;SAPCD1-AS1;VWA7;VARS1;Y_RNA;LSM2;HSPA1L;HSPA1A;HSPA1B;SNHG32;SNORD48;SNORD52;NEU1;SLC44A4;EHMT2;EHMT2-AS1;C2;ZBTB12;CFB;CFB;NELFE;MIR1236;SKIC2;DXO;WHR1;C4A;C4A-AS1;CYP21A1P;AL645922.1;TNXA;WHR1B;C4B;C4B-AS1;CYP21A2;TNXB;RNA5SP206;ATF6B;FKBPL;PRRT1;PPT2;PPT2-EGFL8;EGFL8;AGPAT1;RNF5;AGER;PBX2;XXbac-BPG300A18.13;GPSM3;NOTCH4;TSBP1-AS1;TSBP1;HNRNPA1P2;RNU6-603P;HCG23;BTNL2;HLA-DRA;HLA-DRB9;HLA-DRB5;RNU1-61P;HLA-DRB6;HLA-DRB1	5.9	12348	Unknome 18_Mar_2026; maximum over uniquely HGNC-mapped proteins; derived/knownness-ranks.tsv	Tbio	60	unique	NA	NA	NA	NA	NA	NA	unresolved competing genes; gene-body association is not causal assignment	Lifelong developmental, systemic and adult explanations remain. Adult tissue expression observed (spinal cord); timing not identified.	1.7	spinal cord	not checked outside pilot	not checked outside pilot	NA	eQTL	False	False	Lee CP GCST006572 + GENCODE v19; HGNC/Unknome/Pharos/HPA separate annotations; LD/QTL/perturbation not followed outside pilot; Savage/Genebass overlap; EA excluded	Independent ancestry-matched fine-mapping excludes rs13212534 and assigns a different variant/gene (e.g. ACOT13, RP1-30M3.5, C6orf62); adult-specific perturbation in the implicated cell type has no predicted functional effect despite verified engagement. Shared-signal evidence disappears on multiple-signal conditioning or complete variant coverage.	association hypothesis only; not an enhancement target
133	ENSG00000100324	TAB1	133	R023	rs5750823	5.97e-12	5.0148e-10	9.48449124e-06	37320	84	149	CTA-150C2.13;APOBEC3A;APOBEC3B;APOBEC3B-AS1;APOBEC3C;APOBEC3D;APOBEC3F;APOBEC3G;CTA-150C2.20;RP4-742C19.12;APOBEC3H;CBX7;COX5BP7;FUNDC2P4;PDGFB;AL031590.1;RP3-333H23.8;RPL3;SNORD83B;SNORD83A;SNORD43;SYNGR1;MGAT3;MGAT3-AS1;MIEF1;ATF4;RPS19BP1;CACNA1I;ENTHD1;MTFR2P2;RN7SKP210;UQCRFS1P1;GRAP2;TMA7B;SACK1F;TNRC6B-DT;TNRC6B;RPL7P52;ADSL;SGSM3;SGSM3-AS1;MRTFA;MRTFA-AS2;RP5-1042K10.12;MRTFA-AS1;AL031594.1;COX6B1P3;RPL4P6;GAPDHP37;MCHR1;SLC25A17;RFKP4;JTBP1;MIR4766;ST13;XPNPEP3;DNAJB7;snoU13;RNU6-379P;RBX1;Y_RNA;AL080243.1;RPS9P2;Y_RNA;ACTBP15;EP300;MIR1281;RNU6-375P;RP1-85F18.6;EP300-AS1;LRRC37A14P;L3MBTL2;L3MBTL2-AS1;CHADL;RANGAP1;AL035681.1;ZC3H7B;TEF;RNU6-495P;CTA-223H9.9;TOB2;PHF5A;ACO2;POLR3H;CSDC2;PMM1;DESI1;XRCC6;Y_RNA;SNU13;RNU6-476P;C22orf46P;Z83840.1;MEI1;HMGN2P10;RNU6ATAC22P;Y_RNA;CCDC134;SREBF2-AS1;SREBF2;MIR33A;SHISA8;CTA-250D10.23;MIR378I;TNFRSF13C;CENPM;SMIM45;SEPTIN3;CTA-250D10.19;WBP2NL;SLC25A5P1;NAGA;PHETA2;SNORD13P1;SMDT1;NDUFA6;RP1-257I20.14;NDUFA6-DT;OLA1P1;CYP2D6;RP4-669P10.19;RP4-669P10.16;CYP2D7;CYP2D8P;TCF20;OGFRP1;Z83851.4;CTA-989H11.1;LINC01315;NFAM1;CTA-126B4.7;SERHL;RRP7A;Z93241.1;SERHL2;RRP7BP;RN7SKP80;RNU6-513P;POLDIP3;RNU12;CYB5R3;ATP5MGL;A4GALT;Y_RNA;RPL5P34;GOLGA2P4;ARFGAP3;PACSIN2;COA1P1	6.6	13122	Unknome 18_Mar_2026; maximum over uniquely HGNC-mapped proteins; derived/knownness-ranks.tsv	Tchem	307	unique	NA	NA	NA	NA	NA	NA	unresolved competing genes; gene-body association is not causal assignment	Lifelong developmental, systemic and adult explanations remain. Adult tissue expression observed (cerebellum); timing not identified.	23.2	cerebellum	not checked outside pilot	not checked outside pilot	1.9653e-12	positional;eQTL;chromatin	False	False	Lee CP GCST006572 + GENCODE v19; HGNC/Unknome/Pharos/HPA separate annotations; LD/QTL/perturbation not followed outside pilot; Savage/Genebass overlap; EA excluded	Independent ancestry-matched fine-mapping excludes rs5750823 and assigns a different variant/gene (e.g. CTA-150C2.13, APOBEC3A, APOBEC3B); adult-specific perturbation in the implicated cell type has no predicted functional effect despite verified engagement. Shared-signal evidence disappears on multiple-signal conditioning or complete variant coverage.	association hypothesis only; not an enhancement target
134	ENSG00000100207	TCF20	134	R023	rs6002655	9.85e-13	5.0826e-10	9.61272138e-06	183604	516	149	CTA-150C2.13;APOBEC3A;APOBEC3B;APOBEC3B-AS1;APOBEC3C;APOBEC3D;APOBEC3F;APOBEC3G;CTA-150C2.20;RP4-742C19.12;APOBEC3H;CBX7;COX5BP7;FUNDC2P4;PDGFB;AL031590.1;RP3-333H23.8;RPL3;SNORD83B;SNORD83A;SNORD43;SYNGR1;TAB1;MGAT3;MGAT3-AS1;MIEF1;ATF4;RPS19BP1;CACNA1I;ENTHD1;MTFR2P2;RN7SKP210;UQCRFS1P1;GRAP2;TMA7B;SACK1F;TNRC6B-DT;TNRC6B;RPL7P52;ADSL;SGSM3;SGSM3-AS1;MRTFA;MRTFA-AS2;RP5-1042K10.12;MRTFA-AS1;AL031594.1;COX6B1P3;RPL4P6;GAPDHP37;MCHR1;SLC25A17;RFKP4;JTBP1;MIR4766;ST13;XPNPEP3;DNAJB7;snoU13;RNU6-379P;RBX1;Y_RNA;AL080243.1;RPS9P2;Y_RNA;ACTBP15;EP300;MIR1281;RNU6-375P;RP1-85F18.6;EP300-AS1;LRRC37A14P;L3MBTL2;L3MBTL2-AS1;CHADL;RANGAP1;AL035681.1;ZC3H7B;TEF;RNU6-495P;CTA-223H9.9;TOB2;PHF5A;ACO2;POLR3H;CSDC2;PMM1;DESI1;XRCC6;Y_RNA;SNU13;RNU6-476P;C22orf46P;Z83840.1;MEI1;HMGN2P10;RNU6ATAC22P;Y_RNA;CCDC134;SREBF2-AS1;SREBF2;MIR33A;SHISA8;CTA-250D10.23;MIR378I;TNFRSF13C;CENPM;SMIM45;SEPTIN3;CTA-250D10.19;WBP2NL;SLC25A5P1;NAGA;PHETA2;SNORD13P1;SMDT1;NDUFA6;RP1-257I20.14;NDUFA6-DT;OLA1P1;CYP2D6;RP4-669P10.19;RP4-669P10.16;CYP2D7;CYP2D8P;OGFRP1;Z83851.4;CTA-989H11.1;LINC01315;NFAM1;CTA-126B4.7;SERHL;RRP7A;Z93241.1;SERHL2;RRP7BP;RN7SKP80;RNU6-513P;POLDIP3;RNU12;CYB5R3;ATP5MGL;A4GALT;Y_RNA;RPL5P34;GOLGA2P4;ARFGAP3;PACSIN2;COA1P1	2.1	6380	Unknome 18_Mar_2026; maximum over uniquely HGNC-mapped proteins; derived/knownness-ranks.tsv	Tbio	141	unique	NA	NA	NA	NA	NA	NA	unresolved competing genes; gene-body association is not causal assignment	Lifelong developmental, systemic and adult explanations remain. Adult tissue expression observed (cerebellum); timing not identified.	8.4	cerebellum	not checked outside pilot	not checked outside pilot	7.7706e-09	positional;eQTL;chromatin	False	False	Lee CP GCST006572 + GENCODE v19; HGNC/Unknome/Pharos/HPA separate annotations; LD/QTL/perturbation not followed outside pilot; Savage/Genebass overlap; EA excluded	Independent ancestry-matched fine-mapping excludes rs6002655 and assigns a different variant/gene (e.g. CTA-150C2.13, APOBEC3A, APOBEC3B); adult-specific perturbation in the implicated cell type has no predicted functional effect despite verified engagement. Shared-signal evidence disappears on multiple-signal conditioning or complete variant coverage.	association hypothesis only; not an enhancement target
135	ENSG00000196812	ZSCAN16	135	R008	rs4713140	3.64e-11	5.824e-10	1.10149312e-05	5523	16	515	ACOT13;RP1-30M3.5;C6orf62;RP1-30M3.6;LINC02828;AP3S1P1;GMNN;ARMH2;RIPOR2;AL512428.1;MTCO2P33;PPIAP29;RP11-367G6.3;ASS1P1;RN7SL334P;RP3-425P12.5;RP3-425P12.1;RP3-425P12.2;CMAHP;NUP50P2;CANT1P1;UBE2D3P5;RNY5P5;AL590084.1;RP11-191A15.4;RP3-522P13.3;KATNBL1P5;RPL21P68;HNRNPA3P17;CARMIL1;Y_RNA;RNU6-987P;AL160037.1;snoU13;SCGN;PRELID1P2;H2AC1;H2BC1;H2BC2P;H2AC2P;SLC17A4;SLC17A1;SLC17A3;H2AC3P;SLC17A2;TRIM38;U91328.21;U91328.20;LINC02980;U91328.22;H3P26;H1-1;HIST1H3A;HIST1H4A;HIST1H4B;HIST1H3B;HIST1H2AB;HIST1H2BB;H2AC5P;HIST1H3C;H1-2;HFE;H4C3;H1-6;H2BC4;H2AC6;H1-4;H2BC5;LARP1P1;HIST1H2BE;HIST1H4D;H1-12P;H3C4;H2AC7;HIST1H2BF;RP1-34B20.4;HIST1H4E;HIST1H2BG;HIST1H2AE;HIST1H3E;H2AC9P;H1-3;HIST1H4F;HIST1H4G;HIST1H3F;HIST1H2BH;HIST1H3G;H2AC10P;HIST1H2BI;H4C8;H3C9P;RNU6-1259P;BTN3A2;AL021917.1;BTN2A2;BTN3A1;BTN2A3P;BTN3A3;BTN2A1;BTN1A1;RNU6-502P;HCG11;CTA-14H9.5;HMGN4;ABT1;RP11-457M11.6;VN1R14P;RP11-457M11.2;ZNF322;RP11-457M11.5;GUSBP2;POM121L6P;LINC00240;RP11-239L20.6;TRNAI2;VN1R12P;VN1R13P;VN1R11P;RNU2-62P;RP1-86C11.7;H2BC11;H2AC11;H2BC12;HIST1H4I;HIST1H2AH;MIR3143;RPL10P2;PRSS16;CDCA7P1;POM121L2;VN1R10P;ZNF204P;ZNF391;RP1-153G14.4;MCFD2P1;ZNF184;XXbac-BPGBPG34I8.1;HNRNPA1P1;CD83P1;RNU6-471P;TRNAI6;RPL8P1;GPHRP1;RSL24D1P1;H4C10P;H2BC13;H2AC13;HIST1H3H;HIST1H2AJ;HIST1H2BM;H4C11;HIST1H4K;HIST1H2AK;H2BC15;H2BC16P;HIST1H2AL;H1-5;HIST1H3I;HIST1H4L;H3C12;HIST1H2AM;HIST1H2BO;RNU7-26P;OR2B2;OR2W6P;OR2B6;RPLP2P1;OR2W4P;IQCB2P;U3;OR2W2P;OR2B7P;OR2B8;OR1F12P;RP1-313I6.12;ZNF165;ZSCAN12P1;ZNF602P;ZSCAN16-AS1;RP1-265C24.8;ZKSCAN8;ZKSCAN8P1;ZNF603P;ZKSCAN8P2;TOB2P1;ZSCAN9;ZKSCAN4;NKAPL;ZSCAN26;PGBD1;SMIM15P2;ZSCAN31;ZKSCAN3;ZSCAN12;RNU2-45P;ZSCAN23;COX11P1;OR2E1P;GPX6;GPX5;SCAND3;SCAND3-AS1;COX8CP1;AL121932.1;LINC00533;RPSAP2;AL662890.1;NOP56P1;AL662890.3;XXbac-BPG308K3.5;LINC01623;RPL13P;ZNF90P2;HCG14;TRIM27;RNU6-930P;LINC01556;KRT18P1;RN7SL471P;HCG15;HCG16;ZNF311;OR2AD1P;OR2W1;OR2P1P;SAR1AP1;OR2B3;OR2J1;OR2J3;XXbac-BCX196D17.5;OR2N1P;OR2J2;OR2J4P;OR2H4P;XXbac-BPG308J9.3;OR2G1P;OR2U1P;OR2U2P;OR2B4P;OR14J1;DDX6P1;OR5V1;OR12D3;OR12D2;OR12D1;OR11A1;OR10C1;OR2H1;UBDP1;MAS1LP1;MAS1L;RPS17P1;LINC02829;LINC01015;MAS1LP2;OR2I1;UBD;GABBR1;OR2H5P;TMEM183AP1;SNORD32B;RPL13AP;OR2H2;SUMO2P1;MOG;ZFP57;ZDHHC20P1;HLA-F;HCG4P11;HLA-F-AS1;RPL23AP1;MICE;HCG9P5;Y_RNA;IFITM4P;XXbac-BPG170G13.32;XXbac-BPG170G13.31;HLA-V;HCG4;HLA-P;RPL7AP7;MICG;HLA-G;HCG4P8;MICF;HCG4P7;HLA-H;HLA-T;DDX39BP1;MCCD1P1;HCG4B;HLA-K;HLA-U;HLA-A;HCG4P5;HLA-W;MICD;HCG9;DDX39BP2;MCCD1P2;POLR1HASP;HCG4P3;HLA-J;ETF1P1;POLR1H;PPP1R11;RNF39;AL669914.1;TRIM31;TRIM31-AS1;SNORA48;TRIM40;TRIM10;TRIM15;TRIM26;PAIP1P1;HCG17;TRIM26BP;HLA-L;HCG18;TRIM39;TRIM39-RPP21;RPP21;HLA-N;HCG19P;UBQLN1P1;MICC;TMPOP1;SUCLA2P1;RANP1;HLA-E;LINC02569;GNL1;PRR3;ABCF1;MIR877;PPP1R10;AL662800.1;MRPS18B;ATAT1;PTMAP1;C6orf136;AL662800.2;DHX16;PPP1R18;NRM;RPL7P4;MDC1;MDC1-AS1;TUBB;XXbac-BPG252P9.9;FLOT1;Y_RNA;IER3-AS1;IER3;RN7SL353P;HCG20;LINC00243;LINC02570;RN7SKP186;DDR1-DT;DDR1;MIR4640;RN7SL175P;GTF2H4;VARS2;SFTA2;Y_RNA;MUCL3;HCG21;MUC21;MUC22;HCG22;RNU6-1133P;C6orf15;PSORS1C1;CDSN;PSORS1C2;POLR2LP1;CCHCR1;TCF19;POU5F1;PSORS1C3;XXbac-BPG299F13.17;HCG27;XXbac-BPG299F13.14;XXbac-BPG299F13.15;XXbac-BPG299F13.16;HLA-C;USP8P1;RPL3P2;WASF5P;LINC02571;XXbac-BPG248L24.10;HLA-B;XXbac-BPG248L24.12;DHFRP2;RNU6-283P;AL671883.1;FGFR3P1;ZDHHC20P2;HLA-S;XXbac-BPG181B23.7;HCP5;Y_RNA;MICA;LINC01149;XXbac-BPG181B23.6;MICB;Y_RNA;XXbac-BPG16N22.5;PPIAP9;RPL15P4;MCCD1;ATP6V1G2-DDX39B;DDX39B;SNORD117;SNORD84;DDX39B-AS1;ATP6V1G2;NFKBIL1;LTA;TNF;LTB;LST1;NCR3;UQCRHP1;AIF1;PRRC2A;SNORA38;BAG6;APOM;C6orf47;C6orf47-AS1;GPANK1;Y_RNA;CSNK2B;CSNK2B-LY6G5B-1181;LY6G5B;LY6G5C;ABHD16A;XXbac-BPG32J3.20;MIR4646;LY6G6F;LY6G6F-LY6G6D;LY6G6E;LY6G6D;MPIG6B;LY6G6C;DDAH2;CLIC1;MSH5;MSH5-SAPCD1;RNU6-850P;SAPCD1;SAPCD1-AS1;VWA7;VARS1;Y_RNA;LSM2;HSPA1L;HSPA1A;HSPA1B;SNHG32;SNORD48;SNORD52;NEU1;SLC44A4;EHMT2;EHMT2-AS1;C2;ZBTB12;CFB;CFB;NELFE;MIR1236;SKIC2;DXO;WHR1;C4A;C4A-AS1;CYP21A1P;AL645922.1;TNXA;WHR1B;C4B;C4B-AS1;CYP21A2;TNXB;RNA5SP206;ATF6B;FKBPL;PRRT1;PPT2;PPT2-EGFL8;EGFL8;AGPAT1;RNF5;AGER;PBX2;XXbac-BPG300A18.13;GPSM3;NOTCH4;TSBP1-AS1;TSBP1;HNRNPA1P2;RNU6-603P;HCG23;BTNL2;HLA-DRA;HLA-DRB9;HLA-DRB5;RNU1-61P;HLA-DRB6;HLA-DRB1	2.3	6711	Unknome 18_Mar_2026; maximum over uniquely HGNC-mapped proteins; derived/knownness-ranks.tsv	Tdark	26	unique	NA	NA	NA	NA	NA	NA	unresolved competing genes; gene-body association is not causal assignment	Lifelong developmental, systemic and adult explanations remain. Adult tissue expression observed (cerebellum); timing not identified.	5.7	cerebellum	not checked outside pilot	not checked outside pilot	NA	NA	False	False	Lee CP GCST006572 + GENCODE v19; HGNC/Unknome/Pharos/HPA separate annotations; LD/QTL/perturbation not followed outside pilot; Savage/Genebass overlap; EA excluded	Independent ancestry-matched fine-mapping excludes rs4713140 and assigns a different variant/gene (e.g. ACOT13, RP1-30M3.5, C6orf62); adult-specific perturbation in the implicated cell type has no predicted functional effect despite verified engagement. Shared-signal evidence disappears on multiple-signal conditioning or complete variant coverage.	association hypothesis only; not an enhancement target
136	ENSG00000124610	H1-1	136	R008	rs16891235	1.19e-10	5.95e-10	1.1253235e-05	781	5	515	ACOT13;RP1-30M3.5;C6orf62;RP1-30M3.6;LINC02828;AP3S1P1;GMNN;ARMH2;RIPOR2;AL512428.1;MTCO2P33;PPIAP29;RP11-367G6.3;ASS1P1;RN7SL334P;RP3-425P12.5;RP3-425P12.1;RP3-425P12.2;CMAHP;NUP50P2;CANT1P1;UBE2D3P5;RNY5P5;AL590084.1;RP11-191A15.4;RP3-522P13.3;KATNBL1P5;RPL21P68;HNRNPA3P17;CARMIL1;Y_RNA;RNU6-987P;AL160037.1;snoU13;SCGN;PRELID1P2;H2AC1;H2BC1;H2BC2P;H2AC2P;SLC17A4;SLC17A1;SLC17A3;H2AC3P;SLC17A2;TRIM38;U91328.21;U91328.20;LINC02980;U91328.22;H3P26;HIST1H3A;HIST1H4A;HIST1H4B;HIST1H3B;HIST1H2AB;HIST1H2BB;H2AC5P;HIST1H3C;H1-2;HFE;H4C3;H1-6;H2BC4;H2AC6;H1-4;H2BC5;LARP1P1;HIST1H2BE;HIST1H4D;H1-12P;H3C4;H2AC7;HIST1H2BF;RP1-34B20.4;HIST1H4E;HIST1H2BG;HIST1H2AE;HIST1H3E;H2AC9P;H1-3;HIST1H4F;HIST1H4G;HIST1H3F;HIST1H2BH;HIST1H3G;H2AC10P;HIST1H2BI;H4C8;H3C9P;RNU6-1259P;BTN3A2;AL021917.1;BTN2A2;BTN3A1;BTN2A3P;BTN3A3;BTN2A1;BTN1A1;RNU6-502P;HCG11;CTA-14H9.5;HMGN4;ABT1;RP11-457M11.6;VN1R14P;RP11-457M11.2;ZNF322;RP11-457M11.5;GUSBP2;POM121L6P;LINC00240;RP11-239L20.6;TRNAI2;VN1R12P;VN1R13P;VN1R11P;RNU2-62P;RP1-86C11.7;H2BC11;H2AC11;H2BC12;HIST1H4I;HIST1H2AH;MIR3143;RPL10P2;PRSS16;CDCA7P1;POM121L2;VN1R10P;ZNF204P;ZNF391;RP1-153G14.4;MCFD2P1;ZNF184;XXbac-BPGBPG34I8.1;HNRNPA1P1;CD83P1;RNU6-471P;TRNAI6;RPL8P1;GPHRP1;RSL24D1P1;H4C10P;H2BC13;H2AC13;HIST1H3H;HIST1H2AJ;HIST1H2BM;H4C11;HIST1H4K;HIST1H2AK;H2BC15;H2BC16P;HIST1H2AL;H1-5;HIST1H3I;HIST1H4L;H3C12;HIST1H2AM;HIST1H2BO;RNU7-26P;OR2B2;OR2W6P;OR2B6;RPLP2P1;OR2W4P;IQCB2P;U3;OR2W2P;OR2B7P;OR2B8;OR1F12P;RP1-313I6.12;ZNF165;ZSCAN12P1;ZNF602P;ZSCAN16-AS1;ZSCAN16;RP1-265C24.8;ZKSCAN8;ZKSCAN8P1;ZNF603P;ZKSCAN8P2;TOB2P1;ZSCAN9;ZKSCAN4;NKAPL;ZSCAN26;PGBD1;SMIM15P2;ZSCAN31;ZKSCAN3;ZSCAN12;RNU2-45P;ZSCAN23;COX11P1;OR2E1P;GPX6;GPX5;SCAND3;SCAND3-AS1;COX8CP1;AL121932.1;LINC00533;RPSAP2;AL662890.1;NOP56P1;AL662890.3;XXbac-BPG308K3.5;LINC01623;RPL13P;ZNF90P2;HCG14;TRIM27;RNU6-930P;LINC01556;KRT18P1;RN7SL471P;HCG15;HCG16;ZNF311;OR2AD1P;OR2W1;OR2P1P;SAR1AP1;OR2B3;OR2J1;OR2J3;XXbac-BCX196D17.5;OR2N1P;OR2J2;OR2J4P;OR2H4P;XXbac-BPG308J9.3;OR2G1P;OR2U1P;OR2U2P;OR2B4P;OR14J1;DDX6P1;OR5V1;OR12D3;OR12D2;OR12D1;OR11A1;OR10C1;OR2H1;UBDP1;MAS1LP1;MAS1L;RPS17P1;LINC02829;LINC01015;MAS1LP2;OR2I1;UBD;GABBR1;OR2H5P;TMEM183AP1;SNORD32B;RPL13AP;OR2H2;SUMO2P1;MOG;ZFP57;ZDHHC20P1;HLA-F;HCG4P11;HLA-F-AS1;RPL23AP1;MICE;HCG9P5;Y_RNA;IFITM4P;XXbac-BPG170G13.32;XXbac-BPG170G13.31;HLA-V;HCG4;HLA-P;RPL7AP7;MICG;HLA-G;HCG4P8;MICF;HCG4P7;HLA-H;HLA-T;DDX39BP1;MCCD1P1;HCG4B;HLA-K;HLA-U;HLA-A;HCG4P5;HLA-W;MICD;HCG9;DDX39BP2;MCCD1P2;POLR1HASP;HCG4P3;HLA-J;ETF1P1;POLR1H;PPP1R11;RNF39;AL669914.1;TRIM31;TRIM31-AS1;SNORA48;TRIM40;TRIM10;TRIM15;TRIM26;PAIP1P1;HCG17;TRIM26BP;HLA-L;HCG18;TRIM39;TRIM39-RPP21;RPP21;HLA-N;HCG19P;UBQLN1P1;MICC;TMPOP1;SUCLA2P1;RANP1;HLA-E;LINC02569;GNL1;PRR3;ABCF1;MIR877;PPP1R10;AL662800.1;MRPS18B;ATAT1;PTMAP1;C6orf136;AL662800.2;DHX16;PPP1R18;NRM;RPL7P4;MDC1;MDC1-AS1;TUBB;XXbac-BPG252P9.9;FLOT1;Y_RNA;IER3-AS1;IER3;RN7SL353P;HCG20;LINC00243;LINC02570;RN7SKP186;DDR1-DT;DDR1;MIR4640;RN7SL175P;GTF2H4;VARS2;SFTA2;Y_RNA;MUCL3;HCG21;MUC21;MUC22;HCG22;RNU6-1133P;C6orf15;PSORS1C1;CDSN;PSORS1C2;POLR2LP1;CCHCR1;TCF19;POU5F1;PSORS1C3;XXbac-BPG299F13.17;HCG27;XXbac-BPG299F13.14;XXbac-BPG299F13.15;XXbac-BPG299F13.16;HLA-C;USP8P1;RPL3P2;WASF5P;LINC02571;XXbac-BPG248L24.10;HLA-B;XXbac-BPG248L24.12;DHFRP2;RNU6-283P;AL671883.1;FGFR3P1;ZDHHC20P2;HLA-S;XXbac-BPG181B23.7;HCP5;Y_RNA;MICA;LINC01149;XXbac-BPG181B23.6;MICB;Y_RNA;XXbac-BPG16N22.5;PPIAP9;RPL15P4;MCCD1;ATP6V1G2-DDX39B;DDX39B;SNORD117;SNORD84;DDX39B-AS1;ATP6V1G2;NFKBIL1;LTA;TNF;LTB;LST1;NCR3;UQCRHP1;AIF1;PRRC2A;SNORA38;BAG6;APOM;C6orf47;C6orf47-AS1;GPANK1;Y_RNA;CSNK2B;CSNK2B-LY6G5B-1181;LY6G5B;LY6G5C;ABHD16A;XXbac-BPG32J3.20;MIR4646;LY6G6F;LY6G6F-LY6G6D;LY6G6E;LY6G6D;MPIG6B;LY6G6C;DDAH2;CLIC1;MSH5;MSH5-SAPCD1;RNU6-850P;SAPCD1;SAPCD1-AS1;VWA7;VARS1;Y_RNA;LSM2;HSPA1L;HSPA1A;HSPA1B;SNHG32;SNORD48;SNORD52;NEU1;SLC44A4;EHMT2;EHMT2-AS1;C2;ZBTB12;CFB;CFB;NELFE;MIR1236;SKIC2;DXO;WHR1;C4A;C4A-AS1;CYP21A1P;AL645922.1;TNXA;WHR1B;C4B;C4B-AS1;CYP21A2;TNXB;RNA5SP206;ATF6B;FKBPL;PRRT1;PPT2;PPT2-EGFL8;EGFL8;AGPAT1;RNF5;AGER;PBX2;XXbac-BPG300A18.13;GPSM3;NOTCH4;TSBP1-AS1;TSBP1;HNRNPA1P2;RNU6-603P;HCG23;BTNL2;HLA-DRA;HLA-DRB9;HLA-DRB5;RNU1-61P;HLA-DRB6;HLA-DRB1	NA	NA	Unknome unmapped/unscored; not zero knownness	Tbio	224	unique	NA	NA	NA	NA	NA	NA	unresolved competing genes; gene-body association is not causal assignment	Lifelong developmental, systemic and adult explanations remain. Adult tissue expression observed (amygdala); timing not identified.	0.0	amygdala	not checked outside pilot	not checked outside pilot	NA	NA	False	False	Lee CP GCST006572 + GENCODE v19; HGNC/Unknome/Pharos/HPA separate annotations; LD/QTL/perturbation not followed outside pilot; Savage/Genebass overlap; EA excluded	Independent ancestry-matched fine-mapping excludes rs16891235 and assigns a different variant/gene (e.g. ACOT13, RP1-30M3.5, C6orf62); adult-specific perturbation in the implicated cell type has no predicted functional effect despite verified engagement. Shared-signal evidence disappears on multiple-signal conditioning or complete variant coverage.	association hypothesis only; not an enhancement target
137	ENSG00000197635	DPP4	137	R032	rs2268894	2.43e-12	6.318e-10	1.19492334e-05	82302	260	41	PLA2R1;ITGB6;RBMS1;RMRPP3;MIR4785;RN7SL423P;AC009313.2;TANK-AS1;TANK;PSMD14-DT;LINC01806;AC009299.4;PSMD14;MXRA7P1;AC009299.1;RNA5SP108;TBR1;AC009487.4;AC009487.5;SLC4A10;AHCTF1P1;snoU13;MTNAP1P1;KRT18P46;AC092841.1;RPEP5;DPP4-DT;TIMM8AP1;EIF3EP2;AC008063.3;GCG;AC007750.5;FAP;IFIH1;GCA;KCNH7;RNA5SP109;KCNH7-AS1;RPL7P61;RNU6-627P;FIGN	20.4	18303	Unknome 18_Mar_2026; maximum over uniquely HGNC-mapped proteins; derived/knownness-ranks.tsv	Tclin	1552	unique	NA	NA	NA	NA	NA	NA	unresolved competing genes; gene-body association is not causal assignment	Lifelong developmental, systemic and adult explanations remain. Adult tissue expression observed (cerebral cortex); timing not identified.	0.3	cerebral cortex	not checked outside pilot	not checked outside pilot	5.6513e-11	positional;eQTL	False	False	Lee CP GCST006572 + GENCODE v19; HGNC/Unknome/Pharos/HPA separate annotations; LD/QTL/perturbation not followed outside pilot; Savage/Genebass overlap; EA excluded	Independent ancestry-matched fine-mapping excludes rs2268894 and assigns a different variant/gene (e.g. PLA2R1, ITGB6, RBMS1); adult-specific perturbation in the implicated cell type has no predicted functional effect despite verified engagement. Shared-signal evidence disappears on multiple-signal conditioning or complete variant coverage.	association hypothesis only; not an enhancement target
138	ENSG00000188315	C3orf62	138	R001	rs56306491	4.38e-11	7.008e-10	1.32542304e-05	9308	16	145	MAP4;RPS27P30;RN7SL664P;RPL17P16;CDC25A;SNRPFP4;RNU7-128P;NDUFB1P1;MIR4443;CAMP;ZNF589;MRPS18AP1;Y_RNA;FCF1P2;NME6;SPINK8;MIR2115;FBXW12;RN7SL321P;PLXNB1;CCDC51;TMA7;RP11-24C3.2;ATRIP;TREX1;SHISA5;AC104448.1;PFKFB4;UCN2;COL7A1;MIR711;UQCRC1;TMEM89;SLC26A6;CELSR3;MIR4793;LINC02585;NCKIPSD;RP11-572O6.1;IP6K2;PRKAR2A;PRKAR2A-AS1;SLC25A20;ARIH2OS;ARIH2;RP13-131K19.1;RP13-131K19.2;RP13-131K19.7;P4HTM;WDR6;DALRD3;MIR425;NDUFAF3;MIR191;IMPDH2;RP13-131K19.6;QRICH1;RN7SL182P;QARS1;USP19;LAMB2;LAMB2P1;CCDC71;KLHDC8B;CIMIP7;IHO1;GCSHP6;RP11-3B7.1;Y_RNA;MIR4271;USP4;GPX1;RHOA;RHOA-IT1;TCTA;AMT;NICN1-AS1;NICN1;RNA5SP130;DAG1;BSN-DT;BSN;BSN-AS1;APEH;MST1;AC099668.5;RNF123;AMIGO3;GMPPB;IP6K1;COX6CP14;PHF5AP3;CDHR4;INKA1;UBA7;MIR5193;AC139451.1;TRAIP;CAMKV;RN7SL217P;ACTL11P;MST1R;CTD-2330K9.2;CTD-2330K9.3;MON1A;RBM6;RBM5;SEMA3F-AS1;SEMA3F;MIR566;GNAT1;SLC38A3;GNAI2;U73169.1;LINC03143;SEMA3B-AS1;SEMA3B;LSMEM2;IFRD2;HYAL3;NAA80;HYAL1;HYAL2;TUSC2;RASSF1;ZMYND10-AS1;ZMYND10;NPRL2;CYB561D2;XXcos-LUCA11.5;TMEM115;CACNA2D2;XXcos-LUCA11.4;RNA5SP131;C3orf18;HEMK1;CISH;MAPKAPK3;LINC02019;MIR4787;DOCK3;PPIAP69;RP11-646D13.1;ZNF652P1;ST13P14	0.5	1903	Unknome 18_Mar_2026; maximum over uniquely HGNC-mapped proteins; derived/knownness-ranks.tsv	Tdark	20	unique	0.09888565156279817	1926	True	0.0020440929997371715	0.420848700562148	NA	unresolved competing genes; gene-body association is not causal assignment	Lifelong developmental, systemic and adult explanations remain. Adult tissue expression observed (cerebellum); timing not identified.	10.4	cerebellum	not established; target mapping/primary phenotype table unavailable	Tian 2019 iPSC-derived glutamatergic neuron survival D14/D21/D28; CROP-seq D7 transcription; not cognitive performance or mature adult physiology	9.3286e-13	positional;eQTL;chromatin	False	False	Lee CP GCST006572 + GENCODE v19; HGNC/Unknome/Pharos/HPA separate annotations; EUR LD + GTEx DLPFC/Catalogue + chain/VEP + Tian guide coverage pilot; Savage/Genebass overlap; EA excluded	Independent ancestry-matched fine-mapping excludes rs56306491 and assigns a different variant/gene (e.g. MAP4, RPS27P30, RN7SL664P); adult-specific perturbation in the implicated cell type has no predicted functional effect despite verified engagement. Shared-signal evidence disappears on multiple-signal conditioning or complete variant coverage.	association hypothesis only; not an enhancement target
139	ENSG00000176046	NUPR1	139	R010	rs151226	1.18e-10	8.26e-10	1.5622138e-05	1890	7	79	GSG1L;RNU6-159P;RNU6-1241P;XPO6;TPRKBP2;SNORA25;RNY1P10;GAPDHP35;RP11-57A19.2;SBK1;NPIPB6;RP11-435I10.5;EIF3CL;CDC37P2;snoU13;RP11-57A19.5;NPIPB7;CLN3;CLN3;APOBR;IL27;RP11-666O2.1;SGF29;SULT1A2;SULT1A1;NPIPB8;PLA2G10DP;snoU13;EIF3C;CDC37P1;RP11-1348G14.6;NPIPB9;snoU13;RP11-1348G14.4;RP11-1348G14.1;RP11-1348G14.5;ATXN2L;RP11-24N18.1;TUFM;MIR4721;SH2B1;RP11-22P6.2;ATP2A1;ATP2A1-AS1;SNORA43;RABEP2;CD19;NFATC2IP;NFATC2IP-AS1;MIR4517;SPNS1;RP11-264B17.3;RP11-264B17.4;LAT;RP11-264B17.5;NPIPB10P;PLA2G10CP;snoU13;RRN3P2;RP11-426C22.5;RP11-426C22.4;AC009093.1;SNX29P2;RP11-426C22.6;RP11-231C14.6;SNX29P2;NPIPB11;SMG1P6;snoU13;BOLA2-SMG1P6;RP11-345J4.6;BOLA2;SLX1B;SLX1B-SULT1A4;SULT1A4;SGF29P1;RP11-345J4.1;PLA2G10HP;NPIPB12	18.5	18079	Unknome 18_Mar_2026; maximum over uniquely HGNC-mapped proteins; derived/knownness-ranks.tsv	Tbio	188	unique	NA	NA	NA	NA	NA	NA	unresolved competing genes; gene-body association is not causal assignment	Lifelong developmental, systemic and adult explanations remain. Adult tissue expression observed (midbrain); timing not identified.	124.2	midbrain	not checked outside pilot	not checked outside pilot	NA	positional;eQTL;chromatin	False	False	Lee CP GCST006572 + GENCODE v19; HGNC/Unknome/Pharos/HPA separate annotations; LD/QTL/perturbation not followed outside pilot; Savage/Genebass overlap; EA excluded	Independent ancestry-matched fine-mapping excludes rs151226 and assigns a different variant/gene (e.g. GSG1L, RNU6-159P, RNU6-1241P); adult-specific perturbation in the implicated cell type has no predicted functional effect despite verified engagement. Shared-signal evidence disappears on multiple-signal conditioning or complete variant coverage.	association hypothesis only; not an enhancement target
140	ENSG00000120049	KCNIP2	140	R011	rs11191127	2.64e-11	8.976e-10	1.69763088e-05	17947	34	63	LBX1-AS1;LINC02681;SNORD112;RNU2-43P;RP11-107I14.2;RP11-107I14.5;BTRC;RNU2-59P;snoU13;DPCD;POLL;MIR3158-1;FBXW4;RNU6-1165P;LINC03046;FGF8;NPM3;OGA;KCNIP2-AS1;ARMH3;Y_RNA;HPS6;RP11-302K17.3;RP11-302K17.4;SNORD112;LDB1;PPRC1;NOLC1;ELOVL3;PITX3;GBF1;AL160011.1;NFKB2;PSD;FBXL15;CUEDC2;MIR146B;C10orf95-AS1;C10orf95;SLC68A1;ACTR1A;RP11-18I14.11;SUFU;RN7SL21P;RPL23AP58;RNU6-43P;TRIM8-DT;TRIM8;ARL3;SFXN2;WBP1L;RNU6-1231P;CYP17A1;CYP17A1-AS1;PFN1P11;PTGES3P4;BORCS7;BORCS7-ASMT;RNU6-372P;AS3MT;RPL22P17;RP11-724N1.1;CNNM2	22.6	18479	Unknome 18_Mar_2026; maximum over uniquely HGNC-mapped proteins; derived/knownness-ranks.tsv	Tbio	89	unique	NA	NA	NA	NA	NA	NA	unresolved competing genes; gene-body association is not causal assignment	Lifelong developmental, systemic and adult explanations remain. Adult tissue expression observed (basal ganglia); timing not identified.	247.2	basal ganglia	not checked outside pilot	not checked outside pilot	1.6968e-12	positional;eQTL;chromatin	False	False	Lee CP GCST006572 + GENCODE v19; HGNC/Unknome/Pharos/HPA separate annotations; LD/QTL/perturbation not followed outside pilot; Savage/Genebass overlap; EA excluded	Independent ancestry-matched fine-mapping excludes rs11191127 and assigns a different variant/gene (e.g. LBX1-AS1, LINC02681, SNORD112); adult-specific perturbation in the implicated cell type has no predicted functional effect despite verified engagement. Shared-signal evidence disappears on multiple-signal conditioning or complete variant coverage.	association hypothesis only; not an enhancement target
141	ENSG00000151320	AKAP6	141	R028	rs2239647	4.71e-13	9.62253e-10	1.8199090989e-05	502089	2043	4	RP11-320M16.2;RN7SL660P;MTCO1P2;NPAS3	14.7	17436	Unknome 18_Mar_2026; maximum over uniquely HGNC-mapped proteins; derived/knownness-ranks.tsv	Tbio	53	unique	NA	NA	NA	NA	NA	NA	unresolved competing genes; gene-body association is not causal assignment	Lifelong developmental, systemic and adult explanations remain. Adult tissue expression observed (cerebral cortex); timing not identified.	27.4	cerebral cortex	not checked outside pilot	not checked outside pilot	NA	positional	False	False	Lee CP GCST006572 + GENCODE v19; HGNC/Unknome/Pharos/HPA separate annotations; LD/QTL/perturbation not followed outside pilot; Savage/Genebass overlap; EA excluded	Independent ancestry-matched fine-mapping excludes rs2239647 and assigns a different variant/gene (e.g. RP11-320M16.2, RN7SL660P, MTCO1P2); adult-specific perturbation in the implicated cell type has no predicted functional effect despite verified engagement. Shared-signal evidence disappears on multiple-signal conditioning or complete variant coverage.	association hypothesis only; not an enhancement target
142	ENSG00000079102	RUNX1T1	142	R030	rs1899666	3.82e-12	1.0505e-09	1.98681065e-05	148312	275	13	RP11-122C21.1;RN7SKP231;PRR13P7;MRPS16P1;GS1-5L10.1;RP11-777J24.1;RP11-700E23.3;RP11-700E23.2;RP11-700E23.1;RP11-587H10.1;RP11-587H10.2;AC091096.1;RP11-100L22.1	4.8	10931	Unknome 18_Mar_2026; maximum over uniquely HGNC-mapped proteins; derived/knownness-ranks.tsv	Tbio	857	unique	NA	NA	NA	NA	NA	NA	unresolved competing genes; gene-body association is not causal assignment	Lifelong developmental, systemic and adult explanations remain. Adult tissue expression observed (cerebellum); timing not identified.	16.6	cerebellum	not checked outside pilot	not checked outside pilot	1.417e-11	positional;chromatin	False	False	Lee CP GCST006572 + GENCODE v19; HGNC/Unknome/Pharos/HPA separate annotations; LD/QTL/perturbation not followed outside pilot; Savage/Genebass overlap; EA excluded	Independent ancestry-matched fine-mapping excludes rs1899666 and assigns a different variant/gene (e.g. RP11-122C21.1, RN7SKP231, PRR13P7); adult-specific perturbation in the implicated cell type has no predicted functional effect despite verified engagement. Shared-signal evidence disappears on multiple-signal conditioning or complete variant coverage.	association hypothesis only; not an enhancement target
143	ENSG00000079689	SCGN	143	R008	rs13191296	4.79e-12	1.0585900000000002e-09	2.0021112670000002e-05	49548	221	515	ACOT13;RP1-30M3.5;C6orf62;RP1-30M3.6;LINC02828;AP3S1P1;GMNN;ARMH2;RIPOR2;AL512428.1;MTCO2P33;PPIAP29;RP11-367G6.3;ASS1P1;RN7SL334P;RP3-425P12.5;RP3-425P12.1;RP3-425P12.2;CMAHP;NUP50P2;CANT1P1;UBE2D3P5;RNY5P5;AL590084.1;RP11-191A15.4;RP3-522P13.3;KATNBL1P5;RPL21P68;HNRNPA3P17;CARMIL1;Y_RNA;RNU6-987P;AL160037.1;snoU13;PRELID1P2;H2AC1;H2BC1;H2BC2P;H2AC2P;SLC17A4;SLC17A1;SLC17A3;H2AC3P;SLC17A2;TRIM38;U91328.21;U91328.20;LINC02980;U91328.22;H3P26;H1-1;HIST1H3A;HIST1H4A;HIST1H4B;HIST1H3B;HIST1H2AB;HIST1H2BB;H2AC5P;HIST1H3C;H1-2;HFE;H4C3;H1-6;H2BC4;H2AC6;H1-4;H2BC5;LARP1P1;HIST1H2BE;HIST1H4D;H1-12P;H3C4;H2AC7;HIST1H2BF;RP1-34B20.4;HIST1H4E;HIST1H2BG;HIST1H2AE;HIST1H3E;H2AC9P;H1-3;HIST1H4F;HIST1H4G;HIST1H3F;HIST1H2BH;HIST1H3G;H2AC10P;HIST1H2BI;H4C8;H3C9P;RNU6-1259P;BTN3A2;AL021917.1;BTN2A2;BTN3A1;BTN2A3P;BTN3A3;BTN2A1;BTN1A1;RNU6-502P;HCG11;CTA-14H9.5;HMGN4;ABT1;RP11-457M11.6;VN1R14P;RP11-457M11.2;ZNF322;RP11-457M11.5;GUSBP2;POM121L6P;LINC00240;RP11-239L20.6;TRNAI2;VN1R12P;VN1R13P;VN1R11P;RNU2-62P;RP1-86C11.7;H2BC11;H2AC11;H2BC12;HIST1H4I;HIST1H2AH;MIR3143;RPL10P2;PRSS16;CDCA7P1;POM121L2;VN1R10P;ZNF204P;ZNF391;RP1-153G14.4;MCFD2P1;ZNF184;XXbac-BPGBPG34I8.1;HNRNPA1P1;CD83P1;RNU6-471P;TRNAI6;RPL8P1;GPHRP1;RSL24D1P1;H4C10P;H2BC13;H2AC13;HIST1H3H;HIST1H2AJ;HIST1H2BM;H4C11;HIST1H4K;HIST1H2AK;H2BC15;H2BC16P;HIST1H2AL;H1-5;HIST1H3I;HIST1H4L;H3C12;HIST1H2AM;HIST1H2BO;RNU7-26P;OR2B2;OR2W6P;OR2B6;RPLP2P1;OR2W4P;IQCB2P;U3;OR2W2P;OR2B7P;OR2B8;OR1F12P;RP1-313I6.12;ZNF165;ZSCAN12P1;ZNF602P;ZSCAN16-AS1;ZSCAN16;RP1-265C24.8;ZKSCAN8;ZKSCAN8P1;ZNF603P;ZKSCAN8P2;TOB2P1;ZSCAN9;ZKSCAN4;NKAPL;ZSCAN26;PGBD1;SMIM15P2;ZSCAN31;ZKSCAN3;ZSCAN12;RNU2-45P;ZSCAN23;COX11P1;OR2E1P;GPX6;GPX5;SCAND3;SCAND3-AS1;COX8CP1;AL121932.1;LINC00533;RPSAP2;AL662890.1;NOP56P1;AL662890.3;XXbac-BPG308K3.5;LINC01623;RPL13P;ZNF90P2;HCG14;TRIM27;RNU6-930P;LINC01556;KRT18P1;RN7SL471P;HCG15;HCG16;ZNF311;OR2AD1P;OR2W1;OR2P1P;SAR1AP1;OR2B3;OR2J1;OR2J3;XXbac-BCX196D17.5;OR2N1P;OR2J2;OR2J4P;OR2H4P;XXbac-BPG308J9.3;OR2G1P;OR2U1P;OR2U2P;OR2B4P;OR14J1;DDX6P1;OR5V1;OR12D3;OR12D2;OR12D1;OR11A1;OR10C1;OR2H1;UBDP1;MAS1LP1;MAS1L;RPS17P1;LINC02829;LINC01015;MAS1LP2;OR2I1;UBD;GABBR1;OR2H5P;TMEM183AP1;SNORD32B;RPL13AP;OR2H2;SUMO2P1;MOG;ZFP57;ZDHHC20P1;HLA-F;HCG4P11;HLA-F-AS1;RPL23AP1;MICE;HCG9P5;Y_RNA;IFITM4P;XXbac-BPG170G13.32;XXbac-BPG170G13.31;HLA-V;HCG4;HLA-P;RPL7AP7;MICG;HLA-G;HCG4P8;MICF;HCG4P7;HLA-H;HLA-T;DDX39BP1;MCCD1P1;HCG4B;HLA-K;HLA-U;HLA-A;HCG4P5;HLA-W;MICD;HCG9;DDX39BP2;MCCD1P2;POLR1HASP;HCG4P3;HLA-J;ETF1P1;POLR1H;PPP1R11;RNF39;AL669914.1;TRIM31;TRIM31-AS1;SNORA48;TRIM40;TRIM10;TRIM15;TRIM26;PAIP1P1;HCG17;TRIM26BP;HLA-L;HCG18;TRIM39;TRIM39-RPP21;RPP21;HLA-N;HCG19P;UBQLN1P1;MICC;TMPOP1;SUCLA2P1;RANP1;HLA-E;LINC02569;GNL1;PRR3;ABCF1;MIR877;PPP1R10;AL662800.1;MRPS18B;ATAT1;PTMAP1;C6orf136;AL662800.2;DHX16;PPP1R18;NRM;RPL7P4;MDC1;MDC1-AS1;TUBB;XXbac-BPG252P9.9;FLOT1;Y_RNA;IER3-AS1;IER3;RN7SL353P;HCG20;LINC00243;LINC02570;RN7SKP186;DDR1-DT;DDR1;MIR4640;RN7SL175P;GTF2H4;VARS2;SFTA2;Y_RNA;MUCL3;HCG21;MUC21;MUC22;HCG22;RNU6-1133P;C6orf15;PSORS1C1;CDSN;PSORS1C2;POLR2LP1;CCHCR1;TCF19;POU5F1;PSORS1C3;XXbac-BPG299F13.17;HCG27;XXbac-BPG299F13.14;XXbac-BPG299F13.15;XXbac-BPG299F13.16;HLA-C;USP8P1;RPL3P2;WASF5P;LINC02571;XXbac-BPG248L24.10;HLA-B;XXbac-BPG248L24.12;DHFRP2;RNU6-283P;AL671883.1;FGFR3P1;ZDHHC20P2;HLA-S;XXbac-BPG181B23.7;HCP5;Y_RNA;MICA;LINC01149;XXbac-BPG181B23.6;MICB;Y_RNA;XXbac-BPG16N22.5;PPIAP9;RPL15P4;MCCD1;ATP6V1G2-DDX39B;DDX39B;SNORD117;SNORD84;DDX39B-AS1;ATP6V1G2;NFKBIL1;LTA;TNF;LTB;LST1;NCR3;UQCRHP1;AIF1;PRRC2A;SNORA38;BAG6;APOM;C6orf47;C6orf47-AS1;GPANK1;Y_RNA;CSNK2B;CSNK2B-LY6G5B-1181;LY6G5B;LY6G5C;ABHD16A;XXbac-BPG32J3.20;MIR4646;LY6G6F;LY6G6F-LY6G6D;LY6G6E;LY6G6D;MPIG6B;LY6G6C;DDAH2;CLIC1;MSH5;MSH5-SAPCD1;RNU6-850P;SAPCD1;SAPCD1-AS1;VWA7;VARS1;Y_RNA;LSM2;HSPA1L;HSPA1A;HSPA1B;SNHG32;SNORD48;SNORD52;NEU1;SLC44A4;EHMT2;EHMT2-AS1;C2;ZBTB12;CFB;CFB;NELFE;MIR1236;SKIC2;DXO;WHR1;C4A;C4A-AS1;CYP21A1P;AL645922.1;TNXA;WHR1B;C4B;C4B-AS1;CYP21A2;TNXB;RNA5SP206;ATF6B;FKBPL;PRRT1;PPT2;PPT2-EGFL8;EGFL8;AGPAT1;RNF5;AGER;PBX2;XXbac-BPG300A18.13;GPSM3;NOTCH4;TSBP1-AS1;TSBP1;HNRNPA1P2;RNU6-603P;HCG23;BTNL2;HLA-DRA;HLA-DRB9;HLA-DRB5;RNU1-61P;HLA-DRB6;HLA-DRB1	1.1	4265	Unknome 18_Mar_2026; maximum over uniquely HGNC-mapped proteins; derived/knownness-ranks.tsv	Tbio	62	unique	NA	NA	NA	NA	NA	NA	unresolved competing genes; gene-body association is not causal assignment	Lifelong developmental, systemic and adult explanations remain. Adult tissue expression observed (hypothalamus); timing not identified.	42.4	hypothalamus	not checked outside pilot	not checked outside pilot	NA	NA	False	False	Lee CP GCST006572 + GENCODE v19; HGNC/Unknome/Pharos/HPA separate annotations; LD/QTL/perturbation not followed outside pilot; Savage/Genebass overlap; EA excluded	Independent ancestry-matched fine-mapping excludes rs13191296 and assigns a different variant/gene (e.g. ACOT13, RP1-30M3.5, C6orf62); adult-specific perturbation in the implicated cell type has no predicted functional effect despite verified engagement. Shared-signal evidence disappears on multiple-signal conditioning or complete variant coverage.	association hypothesis only; not an enhancement target
144	ENSG00000196532	HIST1H3C	144	R008	rs3752417	4.44e-10	1.332e-09	2.5192116e-05	459	3	515	ACOT13;RP1-30M3.5;C6orf62;RP1-30M3.6;LINC02828;AP3S1P1;GMNN;ARMH2;RIPOR2;AL512428.1;MTCO2P33;PPIAP29;RP11-367G6.3;ASS1P1;RN7SL334P;RP3-425P12.5;RP3-425P12.1;RP3-425P12.2;CMAHP;NUP50P2;CANT1P1;UBE2D3P5;RNY5P5;AL590084.1;RP11-191A15.4;RP3-522P13.3;KATNBL1P5;RPL21P68;HNRNPA3P17;CARMIL1;Y_RNA;RNU6-987P;AL160037.1;snoU13;SCGN;PRELID1P2;H2AC1;H2BC1;H2BC2P;H2AC2P;SLC17A4;SLC17A1;SLC17A3;H2AC3P;SLC17A2;TRIM38;U91328.21;U91328.20;LINC02980;U91328.22;H3P26;H1-1;HIST1H3A;HIST1H4A;HIST1H4B;HIST1H3B;HIST1H2AB;HIST1H2BB;H2AC5P;H1-2;HFE;H4C3;H1-6;H2BC4;H2AC6;H1-4;H2BC5;LARP1P1;HIST1H2BE;HIST1H4D;H1-12P;H3C4;H2AC7;HIST1H2BF;RP1-34B20.4;HIST1H4E;HIST1H2BG;HIST1H2AE;HIST1H3E;H2AC9P;H1-3;HIST1H4F;HIST1H4G;HIST1H3F;HIST1H2BH;HIST1H3G;H2AC10P;HIST1H2BI;H4C8;H3C9P;RNU6-1259P;BTN3A2;AL021917.1;BTN2A2;BTN3A1;BTN2A3P;BTN3A3;BTN2A1;BTN1A1;RNU6-502P;HCG11;CTA-14H9.5;HMGN4;ABT1;RP11-457M11.6;VN1R14P;RP11-457M11.2;ZNF322;RP11-457M11.5;GUSBP2;POM121L6P;LINC00240;RP11-239L20.6;TRNAI2;VN1R12P;VN1R13P;VN1R11P;RNU2-62P;RP1-86C11.7;H2BC11;H2AC11;H2BC12;HIST1H4I;HIST1H2AH;MIR3143;RPL10P2;PRSS16;CDCA7P1;POM121L2;VN1R10P;ZNF204P;ZNF391;RP1-153G14.4;MCFD2P1;ZNF184;XXbac-BPGBPG34I8.1;HNRNPA1P1;CD83P1;RNU6-471P;TRNAI6;RPL8P1;GPHRP1;RSL24D1P1;H4C10P;H2BC13;H2AC13;HIST1H3H;HIST1H2AJ;HIST1H2BM;H4C11;HIST1H4K;HIST1H2AK;H2BC15;H2BC16P;HIST1H2AL;H1-5;HIST1H3I;HIST1H4L;H3C12;HIST1H2AM;HIST1H2BO;RNU7-26P;OR2B2;OR2W6P;OR2B6;RPLP2P1;OR2W4P;IQCB2P;U3;OR2W2P;OR2B7P;OR2B8;OR1F12P;RP1-313I6.12;ZNF165;ZSCAN12P1;ZNF602P;ZSCAN16-AS1;ZSCAN16;RP1-265C24.8;ZKSCAN8;ZKSCAN8P1;ZNF603P;ZKSCAN8P2;TOB2P1;ZSCAN9;ZKSCAN4;NKAPL;ZSCAN26;PGBD1;SMIM15P2;ZSCAN31;ZKSCAN3;ZSCAN12;RNU2-45P;ZSCAN23;COX11P1;OR2E1P;GPX6;GPX5;SCAND3;SCAND3-AS1;COX8CP1;AL121932.1;LINC00533;RPSAP2;AL662890.1;NOP56P1;AL662890.3;XXbac-BPG308K3.5;LINC01623;RPL13P;ZNF90P2;HCG14;TRIM27;RNU6-930P;LINC01556;KRT18P1;RN7SL471P;HCG15;HCG16;ZNF311;OR2AD1P;OR2W1;OR2P1P;SAR1AP1;OR2B3;OR2J1;OR2J3;XXbac-BCX196D17.5;OR2N1P;OR2J2;OR2J4P;OR2H4P;XXbac-BPG308J9.3;OR2G1P;OR2U1P;OR2U2P;OR2B4P;OR14J1;DDX6P1;OR5V1;OR12D3;OR12D2;OR12D1;OR11A1;OR10C1;OR2H1;UBDP1;MAS1LP1;MAS1L;RPS17P1;LINC02829;LINC01015;MAS1LP2;OR2I1;UBD;GABBR1;OR2H5P;TMEM183AP1;SNORD32B;RPL13AP;OR2H2;SUMO2P1;MOG;ZFP57;ZDHHC20P1;HLA-F;HCG4P11;HLA-F-AS1;RPL23AP1;MICE;HCG9P5;Y_RNA;IFITM4P;XXbac-BPG170G13.32;XXbac-BPG170G13.31;HLA-V;HCG4;HLA-P;RPL7AP7;MICG;HLA-G;HCG4P8;MICF;HCG4P7;HLA-H;HLA-T;DDX39BP1;MCCD1P1;HCG4B;HLA-K;HLA-U;HLA-A;HCG4P5;HLA-W;MICD;HCG9;DDX39BP2;MCCD1P2;POLR1HASP;HCG4P3;HLA-J;ETF1P1;POLR1H;PPP1R11;RNF39;AL669914.1;TRIM31;TRIM31-AS1;SNORA48;TRIM40;TRIM10;TRIM15;TRIM26;PAIP1P1;HCG17;TRIM26BP;HLA-L;HCG18;TRIM39;TRIM39-RPP21;RPP21;HLA-N;HCG19P;UBQLN1P1;MICC;TMPOP1;SUCLA2P1;RANP1;HLA-E;LINC02569;GNL1;PRR3;ABCF1;MIR877;PPP1R10;AL662800.1;MRPS18B;ATAT1;PTMAP1;C6orf136;AL662800.2;DHX16;PPP1R18;NRM;RPL7P4;MDC1;MDC1-AS1;TUBB;XXbac-BPG252P9.9;FLOT1;Y_RNA;IER3-AS1;IER3;RN7SL353P;HCG20;LINC00243;LINC02570;RN7SKP186;DDR1-DT;DDR1;MIR4640;RN7SL175P;GTF2H4;VARS2;SFTA2;Y_RNA;MUCL3;HCG21;MUC21;MUC22;HCG22;RNU6-1133P;C6orf15;PSORS1C1;CDSN;PSORS1C2;POLR2LP1;CCHCR1;TCF19;POU5F1;PSORS1C3;XXbac-BPG299F13.17;HCG27;XXbac-BPG299F13.14;XXbac-BPG299F13.15;XXbac-BPG299F13.16;HLA-C;USP8P1;RPL3P2;WASF5P;LINC02571;XXbac-BPG248L24.10;HLA-B;XXbac-BPG248L24.12;DHFRP2;RNU6-283P;AL671883.1;FGFR3P1;ZDHHC20P2;HLA-S;XXbac-BPG181B23.7;HCP5;Y_RNA;MICA;LINC01149;XXbac-BPG181B23.6;MICB;Y_RNA;XXbac-BPG16N22.5;PPIAP9;RPL15P4;MCCD1;ATP6V1G2-DDX39B;DDX39B;SNORD117;SNORD84;DDX39B-AS1;ATP6V1G2;NFKBIL1;LTA;TNF;LTB;LST1;NCR3;UQCRHP1;AIF1;PRRC2A;SNORA38;BAG6;APOM;C6orf47;C6orf47-AS1;GPANK1;Y_RNA;CSNK2B;CSNK2B-LY6G5B-1181;LY6G5B;LY6G5C;ABHD16A;XXbac-BPG32J3.20;MIR4646;LY6G6F;LY6G6F-LY6G6D;LY6G6E;LY6G6D;MPIG6B;LY6G6C;DDAH2;CLIC1;MSH5;MSH5-SAPCD1;RNU6-850P;SAPCD1;SAPCD1-AS1;VWA7;VARS1;Y_RNA;LSM2;HSPA1L;HSPA1A;HSPA1B;SNHG32;SNORD48;SNORD52;NEU1;SLC44A4;EHMT2;EHMT2-AS1;C2;ZBTB12;CFB;CFB;NELFE;MIR1236;SKIC2;DXO;WHR1;C4A;C4A-AS1;CYP21A1P;AL645922.1;TNXA;WHR1B;C4B;C4B-AS1;CYP21A2;TNXB;RNA5SP206;ATF6B;FKBPL;PRRT1;PPT2;PPT2-EGFL8;EGFL8;AGPAT1;RNF5;AGER;PBX2;XXbac-BPG300A18.13;GPSM3;NOTCH4;TSBP1-AS1;TSBP1;HNRNPA1P2;RNU6-603P;HCG23;BTNL2;HLA-DRA;HLA-DRB9;HLA-DRB5;RNU1-61P;HLA-DRB6;HLA-DRB1	NA	NA	Unknome unmapped/unscored; not zero knownness	NA	NA	unmapped	NA	NA	NA	NA	NA	NA	unresolved competing genes; gene-body association is not causal assignment	Lifelong developmental, systemic and adult explanations remain. Adult brain expression not covered in HPA; not evidence of absence.	NA	NA	not checked outside pilot	not checked outside pilot	NA	NA	False	False	Lee CP GCST006572 + GENCODE v19; HGNC/Unknome/Pharos/HPA separate annotations; LD/QTL/perturbation not followed outside pilot; Savage/Genebass overlap; EA excluded	Independent ancestry-matched fine-mapping excludes rs3752417 and assigns a different variant/gene (e.g. ACOT13, RP1-30M3.5, C6orf62); adult-specific perturbation in the implicated cell type has no predicted functional effect despite verified engagement. Shared-signal evidence disappears on multiple-signal conditioning or complete variant coverage.	association hypothesis only; not an enhancement target
145	ENSG00000108272	DHRS11	145	R052	rs35258073	5.76e-11	1.3824000000000001e-09	2.6145331200000003e-05	9008	24	43	RP11-104J23.1;RP11-104J23.2;CCL23;CCL18;AC069363.1;CCL3;CCL4;RN7SL301P;CTB-91J4.1;RP11-428O23.1;TBC1D3B;AC131056.3;CCL3L3;CCL4L1;AC131056.5;AC131056.6;TBC1D3C;TBC1D3H;CCL3L1;CCL4L2;TBC1D3G;CTB-91J4.3;RNU6-1192P;ZNHIT3;RNA5SP439;MYO19;PIGW;GGNBP2;CTB-75G16.1;MRM1;CTB-75G16.3;CTD-3194G12.1;CTD-3194G12.2;RP11-445F12.1;LHX1;RP11-445F12.2;AATF;RP11-333J10.2;RP11-333J10.3;MIR2909;CTC-268N12.3;CTC-268N12.2;ACACA	NA	NA	Unknome unmapped/unscored; not zero knownness	NA	NA	unmapped	NA	NA	NA	NA	NA	NA	unresolved competing genes; gene-body association is not causal assignment	Lifelong developmental, systemic and adult explanations remain. Adult brain expression not covered in HPA; not evidence of absence.	NA	NA	not checked outside pilot	not checked outside pilot	NA	positional;eQTL	False	False	Lee CP GCST006572 + GENCODE v19; HGNC/Unknome/Pharos/HPA separate annotations; LD/QTL/perturbation not followed outside pilot; Savage/Genebass overlap; EA excluded	Independent ancestry-matched fine-mapping excludes rs35258073 and assigns a different variant/gene (e.g. RP11-104J23.1, RP11-104J23.2, CCL23); adult-specific perturbation in the implicated cell type has no predicted functional effect despite verified engagement. Shared-signal evidence disappears on multiple-signal conditioning or complete variant coverage.	association hypothesis only; not an enhancement target
146	ENSG00000144290	SLC4A10	146	R032	rs11693702	9.17e-13	1.41218e-09	2.670856034e-05	560950	1540	41	PLA2R1;ITGB6;RBMS1;RMRPP3;MIR4785;RN7SL423P;AC009313.2;TANK-AS1;TANK;PSMD14-DT;LINC01806;AC009299.4;PSMD14;MXRA7P1;AC009299.1;RNA5SP108;TBR1;AC009487.4;AC009487.5;AHCTF1P1;snoU13;MTNAP1P1;KRT18P46;AC092841.1;RPEP5;DPP4;DPP4-DT;TIMM8AP1;EIF3EP2;AC008063.3;GCG;AC007750.5;FAP;IFIH1;GCA;KCNH7;RNA5SP109;KCNH7-AS1;RPL7P61;RNU6-627P;FIGN	7.3	13831	Unknome 18_Mar_2026; maximum over uniquely HGNC-mapped proteins; derived/knownness-ranks.tsv	Tbio	26	unique	NA	NA	NA	NA	NA	NA	unresolved competing genes; gene-body association is not causal assignment	Lifelong developmental, systemic and adult explanations remain. Adult tissue expression observed (cerebral cortex); timing not identified.	32.6	cerebral cortex	not checked outside pilot	not checked outside pilot	NA	positional	False	False	Lee CP GCST006572 + GENCODE v19; HGNC/Unknome/Pharos/HPA separate annotations; LD/QTL/perturbation not followed outside pilot; Savage/Genebass overlap; EA excluded	Independent ancestry-matched fine-mapping excludes rs11693702 and assigns a different variant/gene (e.g. PLA2R1, ITGB6, RBMS1); adult-specific perturbation in the implicated cell type has no predicted functional effect despite verified engagement. Shared-signal evidence disappears on multiple-signal conditioning or complete variant coverage.	association hypothesis only; not an enhancement target
147	ENSG00000186868	MAPT	147	R033	rs78026984	1.26e-11	1.6002000000000001e-09	3.0264582600000002e-05	133953	127	96	GJC1;HIGD1B;EFTUD2;RN7SL405P;DNAAF19;FAM187A;AC015936.3;GFAP;KIF18B;KIF18B-DT;C1QL1;CTD-2534I21.9;DCAKD;NMT1;Y_RNA;PLCD3;ACBD4;HEXIM1;HEXIM2-AS1;HEXIM2;HEXIM2-AS2;FMNL1-DT;FMNL1;FMNL1-AS1;EFCAB15P;MAP3K14-AS1;SPATA32;MAP3K14;RNA5SP443;CTB-39G8.2;ARHGAP27;CTB-39G8.3;AC091132.2;PLEKHM1;AC091132.1;RN7SL730P;LRRC37A4P;RP11-798G7.5;RN7SL739P;RP11-798G7.8;RP11-798G7.6;RP11-798G7.7;RDM1P1;DND1P1;MAPK8IP1P2;RPS26P8;CRHR1-IT1;CRHR1;LINC02210-CRHR1;RP11-293E1.2;RP11-293E1.1;MAPT-AS1;SPPL2C;RP11-669E14.4;STH;KANSL1;RP11-669E14.6;RNU7-101P;KANSL1-AS1;Y_RNA;MAPK8IP1P1;RP11-259G18.3;RP11-259G18.1;ARL17B;LRRC37A;RN7SL656P;NSFP1;RDM1P2;LRRC37A2;ARL17A;RN7SL199P;FAM215B;NSF;RPS7P11;WNT3;WNT9B;RP11-63A1.2;GOSR2-DT;RNU6ATAC3P;GOSR2;RP11-156P1.2;MIR5089;RPRML;LRRC37A17P;LRRC37A2-AS1;RN7SL270P;CDC27;AC002558.1;RP5-867C24.1;RP5-867C24.4;RP5-867C24.5;MYL4;snoU13;ITGB3;ITGB3;RNU7-186P	76.2	19253	Unknome 18_Mar_2026; maximum over uniquely HGNC-mapped proteins; derived/knownness-ranks.tsv	Tclin	4825	unique	NA	NA	NA	NA	NA	NA	unresolved competing genes; gene-body association is not causal assignment	Lifelong developmental, systemic and adult explanations remain. Adult tissue expression observed (cerebral cortex); timing not identified.	147.9	cerebral cortex	not checked outside pilot	not checked outside pilot	9.732e-07	positional;eQTL	False	False	Lee CP GCST006572 + GENCODE v19; HGNC/Unknome/Pharos/HPA separate annotations; LD/QTL/perturbation not followed outside pilot; Savage/Genebass overlap; EA excluded	Independent ancestry-matched fine-mapping excludes rs78026984 and assigns a different variant/gene (e.g. GJC1, HIGD1B, EFTUD2); adult-specific perturbation in the implicated cell type has no predicted functional effect despite verified engagement. Shared-signal evidence disappears on multiple-signal conditioning or complete variant coverage.	association hypothesis only; not an enhancement target
148	ENSG00000059691	GATB	148	R039	rs6535809	6.9e-12	1.9389e-09	3.66704157e-05	90520	281	31	LRBA;RNA5SP168;AK4P6;RPS3A;SNORD73B;SH3D19;SNORD73A;SH3D19-AS1;RP11-731D1.1;PRSS48;RP11-731D1.3;RNU6-1282P;RP11-731D1.4;FHIP1A-DT;FHIP1A;AC097455.1;RN7SKP35;RP11-164P12.4;GATB-AS1;RP11-424M21.1;RP11-503L23.1;RP11-73G16.3;RP11-73G16.2;LINC03074;RNA5SP169;LINC02273;RP11-18H21.2;RP11-18H21.3;AC079340.1;RN7SL446P;RP11-461L13.4	3.9	9571	Unknome 18_Mar_2026; maximum over uniquely HGNC-mapped proteins; derived/knownness-ranks.tsv	Tbio	37	unique	NA	NA	NA	NA	NA	NA	unresolved competing genes; gene-body association is not causal assignment	Lifelong developmental, systemic and adult explanations remain. Adult tissue expression observed (spinal cord); timing not identified.	25.0	spinal cord	not checked outside pilot	not checked outside pilot	6.3594e-13	positional;eQTL	False	False	Lee CP GCST006572 + GENCODE v19; HGNC/Unknome/Pharos/HPA separate annotations; LD/QTL/perturbation not followed outside pilot; Savage/Genebass overlap; EA excluded	Independent ancestry-matched fine-mapping excludes rs6535809 and assigns a different variant/gene (e.g. LRBA, RNA5SP168, AK4P6); adult-specific perturbation in the implicated cell type has no predicted functional effect despite verified engagement. Shared-signal evidence disappears on multiple-signal conditioning or complete variant coverage.	association hypothesis only; not an enhancement target
149	ENSG00000204542	C6orf15	149	R008	rs2233980	1.1e-10	2.09e-09	3.9528170000000003e-05	1337	19	515	ACOT13;RP1-30M3.5;C6orf62;RP1-30M3.6;LINC02828;AP3S1P1;GMNN;ARMH2;RIPOR2;AL512428.1;MTCO2P33;PPIAP29;RP11-367G6.3;ASS1P1;RN7SL334P;RP3-425P12.5;RP3-425P12.1;RP3-425P12.2;CMAHP;NUP50P2;CANT1P1;UBE2D3P5;RNY5P5;AL590084.1;RP11-191A15.4;RP3-522P13.3;KATNBL1P5;RPL21P68;HNRNPA3P17;CARMIL1;Y_RNA;RNU6-987P;AL160037.1;snoU13;SCGN;PRELID1P2;H2AC1;H2BC1;H2BC2P;H2AC2P;SLC17A4;SLC17A1;SLC17A3;H2AC3P;SLC17A2;TRIM38;U91328.21;U91328.20;LINC02980;U91328.22;H3P26;H1-1;HIST1H3A;HIST1H4A;HIST1H4B;HIST1H3B;HIST1H2AB;HIST1H2BB;H2AC5P;HIST1H3C;H1-2;HFE;H4C3;H1-6;H2BC4;H2AC6;H1-4;H2BC5;LARP1P1;HIST1H2BE;HIST1H4D;H1-12P;H3C4;H2AC7;HIST1H2BF;RP1-34B20.4;HIST1H4E;HIST1H2BG;HIST1H2AE;HIST1H3E;H2AC9P;H1-3;HIST1H4F;HIST1H4G;HIST1H3F;HIST1H2BH;HIST1H3G;H2AC10P;HIST1H2BI;H4C8;H3C9P;RNU6-1259P;BTN3A2;AL021917.1;BTN2A2;BTN3A1;BTN2A3P;BTN3A3;BTN2A1;BTN1A1;RNU6-502P;HCG11;CTA-14H9.5;HMGN4;ABT1;RP11-457M11.6;VN1R14P;RP11-457M11.2;ZNF322;RP11-457M11.5;GUSBP2;POM121L6P;LINC00240;RP11-239L20.6;TRNAI2;VN1R12P;VN1R13P;VN1R11P;RNU2-62P;RP1-86C11.7;H2BC11;H2AC11;H2BC12;HIST1H4I;HIST1H2AH;MIR3143;RPL10P2;PRSS16;CDCA7P1;POM121L2;VN1R10P;ZNF204P;ZNF391;RP1-153G14.4;MCFD2P1;ZNF184;XXbac-BPGBPG34I8.1;HNRNPA1P1;CD83P1;RNU6-471P;TRNAI6;RPL8P1;GPHRP1;RSL24D1P1;H4C10P;H2BC13;H2AC13;HIST1H3H;HIST1H2AJ;HIST1H2BM;H4C11;HIST1H4K;HIST1H2AK;H2BC15;H2BC16P;HIST1H2AL;H1-5;HIST1H3I;HIST1H4L;H3C12;HIST1H2AM;HIST1H2BO;RNU7-26P;OR2B2;OR2W6P;OR2B6;RPLP2P1;OR2W4P;IQCB2P;U3;OR2W2P;OR2B7P;OR2B8;OR1F12P;RP1-313I6.12;ZNF165;ZSCAN12P1;ZNF602P;ZSCAN16-AS1;ZSCAN16;RP1-265C24.8;ZKSCAN8;ZKSCAN8P1;ZNF603P;ZKSCAN8P2;TOB2P1;ZSCAN9;ZKSCAN4;NKAPL;ZSCAN26;PGBD1;SMIM15P2;ZSCAN31;ZKSCAN3;ZSCAN12;RNU2-45P;ZSCAN23;COX11P1;OR2E1P;GPX6;GPX5;SCAND3;SCAND3-AS1;COX8CP1;AL121932.1;LINC00533;RPSAP2;AL662890.1;NOP56P1;AL662890.3;XXbac-BPG308K3.5;LINC01623;RPL13P;ZNF90P2;HCG14;TRIM27;RNU6-930P;LINC01556;KRT18P1;RN7SL471P;HCG15;HCG16;ZNF311;OR2AD1P;OR2W1;OR2P1P;SAR1AP1;OR2B3;OR2J1;OR2J3;XXbac-BCX196D17.5;OR2N1P;OR2J2;OR2J4P;OR2H4P;XXbac-BPG308J9.3;OR2G1P;OR2U1P;OR2U2P;OR2B4P;OR14J1;DDX6P1;OR5V1;OR12D3;OR12D2;OR12D1;OR11A1;OR10C1;OR2H1;UBDP1;MAS1LP1;MAS1L;RPS17P1;LINC02829;LINC01015;MAS1LP2;OR2I1;UBD;GABBR1;OR2H5P;TMEM183AP1;SNORD32B;RPL13AP;OR2H2;SUMO2P1;MOG;ZFP57;ZDHHC20P1;HLA-F;HCG4P11;HLA-F-AS1;RPL23AP1;MICE;HCG9P5;Y_RNA;IFITM4P;XXbac-BPG170G13.32;XXbac-BPG170G13.31;HLA-V;HCG4;HLA-P;RPL7AP7;MICG;HLA-G;HCG4P8;MICF;HCG4P7;HLA-H;HLA-T;DDX39BP1;MCCD1P1;HCG4B;HLA-K;HLA-U;HLA-A;HCG4P5;HLA-W;MICD;HCG9;DDX39BP2;MCCD1P2;POLR1HASP;HCG4P3;HLA-J;ETF1P1;POLR1H;PPP1R11;RNF39;AL669914.1;TRIM31;TRIM31-AS1;SNORA48;TRIM40;TRIM10;TRIM15;TRIM26;PAIP1P1;HCG17;TRIM26BP;HLA-L;HCG18;TRIM39;TRIM39-RPP21;RPP21;HLA-N;HCG19P;UBQLN1P1;MICC;TMPOP1;SUCLA2P1;RANP1;HLA-E;LINC02569;GNL1;PRR3;ABCF1;MIR877;PPP1R10;AL662800.1;MRPS18B;ATAT1;PTMAP1;C6orf136;AL662800.2;DHX16;PPP1R18;NRM;RPL7P4;MDC1;MDC1-AS1;TUBB;XXbac-BPG252P9.9;FLOT1;Y_RNA;IER3-AS1;IER3;RN7SL353P;HCG20;LINC00243;LINC02570;RN7SKP186;DDR1-DT;DDR1;MIR4640;RN7SL175P;GTF2H4;VARS2;SFTA2;Y_RNA;MUCL3;HCG21;MUC21;MUC22;HCG22;RNU6-1133P;PSORS1C1;CDSN;PSORS1C2;POLR2LP1;CCHCR1;TCF19;POU5F1;PSORS1C3;XXbac-BPG299F13.17;HCG27;XXbac-BPG299F13.14;XXbac-BPG299F13.15;XXbac-BPG299F13.16;HLA-C;USP8P1;RPL3P2;WASF5P;LINC02571;XXbac-BPG248L24.10;HLA-B;XXbac-BPG248L24.12;DHFRP2;RNU6-283P;AL671883.1;FGFR3P1;ZDHHC20P2;HLA-S;XXbac-BPG181B23.7;HCP5;Y_RNA;MICA;LINC01149;XXbac-BPG181B23.6;MICB;Y_RNA;XXbac-BPG16N22.5;PPIAP9;RPL15P4;MCCD1;ATP6V1G2-DDX39B;DDX39B;SNORD117;SNORD84;DDX39B-AS1;ATP6V1G2;NFKBIL1;LTA;TNF;LTB;LST1;NCR3;UQCRHP1;AIF1;PRRC2A;SNORA38;BAG6;APOM;C6orf47;C6orf47-AS1;GPANK1;Y_RNA;CSNK2B;CSNK2B-LY6G5B-1181;LY6G5B;LY6G5C;ABHD16A;XXbac-BPG32J3.20;MIR4646;LY6G6F;LY6G6F-LY6G6D;LY6G6E;LY6G6D;MPIG6B;LY6G6C;DDAH2;CLIC1;MSH5;MSH5-SAPCD1;RNU6-850P;SAPCD1;SAPCD1-AS1;VWA7;VARS1;Y_RNA;LSM2;HSPA1L;HSPA1A;HSPA1B;SNHG32;SNORD48;SNORD52;NEU1;SLC44A4;EHMT2;EHMT2-AS1;C2;ZBTB12;CFB;CFB;NELFE;MIR1236;SKIC2;DXO;WHR1;C4A;C4A-AS1;CYP21A1P;AL645922.1;TNXA;WHR1B;C4B;C4B-AS1;CYP21A2;TNXB;RNA5SP206;ATF6B;FKBPL;PRRT1;PPT2;PPT2-EGFL8;EGFL8;AGPAT1;RNF5;AGER;PBX2;XXbac-BPG300A18.13;GPSM3;NOTCH4;TSBP1-AS1;TSBP1;HNRNPA1P2;RNU6-603P;HCG23;BTNL2;HLA-DRA;HLA-DRB9;HLA-DRB5;RNU1-61P;HLA-DRB6;HLA-DRB1	0.5	1903	Unknome 18_Mar_2026; maximum over uniquely HGNC-mapped proteins; derived/knownness-ranks.tsv	Tbio	24	unique	NA	NA	NA	NA	NA	NA	unresolved competing genes; gene-body association is not causal assignment	Lifelong developmental, systemic and adult explanations remain. Adult tissue expression observed (amygdala); timing not identified.	0.0	amygdala	not checked outside pilot	not checked outside pilot	NA	NA	False	False	Lee CP GCST006572 + GENCODE v19; HGNC/Unknome/Pharos/HPA separate annotations; LD/QTL/perturbation not followed outside pilot; Savage/Genebass overlap; EA excluded	Independent ancestry-matched fine-mapping excludes rs2233980 and assigns a different variant/gene (e.g. ACOT13, RP1-30M3.5, C6orf62); adult-specific perturbation in the implicated cell type has no predicted functional effect despite verified engagement. Shared-signal evidence disappears on multiple-signal conditioning or complete variant coverage.	association hypothesis only; not an enhancement target
150	ENSG00000100147	CCDC134	150	R023	rs11703813	3e-11	2.0999999999999998e-09	3.971729999999999e-05	25621	70	149	CTA-150C2.13;APOBEC3A;APOBEC3B;APOBEC3B-AS1;APOBEC3C;APOBEC3D;APOBEC3F;APOBEC3G;CTA-150C2.20;RP4-742C19.12;APOBEC3H;CBX7;COX5BP7;FUNDC2P4;PDGFB;AL031590.1;RP3-333H23.8;RPL3;SNORD83B;SNORD83A;SNORD43;SYNGR1;TAB1;MGAT3;MGAT3-AS1;MIEF1;ATF4;RPS19BP1;CACNA1I;ENTHD1;MTFR2P2;RN7SKP210;UQCRFS1P1;GRAP2;TMA7B;SACK1F;TNRC6B-DT;TNRC6B;RPL7P52;ADSL;SGSM3;SGSM3-AS1;MRTFA;MRTFA-AS2;RP5-1042K10.12;MRTFA-AS1;AL031594.1;COX6B1P3;RPL4P6;GAPDHP37;MCHR1;SLC25A17;RFKP4;JTBP1;MIR4766;ST13;XPNPEP3;DNAJB7;snoU13;RNU6-379P;RBX1;Y_RNA;AL080243.1;RPS9P2;Y_RNA;ACTBP15;EP300;MIR1281;RNU6-375P;RP1-85F18.6;EP300-AS1;LRRC37A14P;L3MBTL2;L3MBTL2-AS1;CHADL;RANGAP1;AL035681.1;ZC3H7B;TEF;RNU6-495P;CTA-223H9.9;TOB2;PHF5A;ACO2;POLR3H;CSDC2;PMM1;DESI1;XRCC6;Y_RNA;SNU13;RNU6-476P;C22orf46P;Z83840.1;MEI1;HMGN2P10;RNU6ATAC22P;Y_RNA;SREBF2-AS1;SREBF2;MIR33A;SHISA8;CTA-250D10.23;MIR378I;TNFRSF13C;CENPM;SMIM45;SEPTIN3;CTA-250D10.19;WBP2NL;SLC25A5P1;NAGA;PHETA2;SNORD13P1;SMDT1;NDUFA6;RP1-257I20.14;NDUFA6-DT;OLA1P1;CYP2D6;RP4-669P10.19;RP4-669P10.16;CYP2D7;CYP2D8P;TCF20;OGFRP1;Z83851.4;CTA-989H11.1;LINC01315;NFAM1;CTA-126B4.7;SERHL;RRP7A;Z93241.1;SERHL2;RRP7BP;RN7SKP80;RNU6-513P;POLDIP3;RNU12;CYB5R3;ATP5MGL;A4GALT;Y_RNA;RPL5P34;GOLGA2P4;ARFGAP3;PACSIN2;COA1P1	4.5	10501	Unknome 18_Mar_2026; maximum over uniquely HGNC-mapped proteins; derived/knownness-ranks.tsv	Tbio	45	unique	NA	NA	NA	NA	NA	NA	unresolved competing genes; gene-body association is not causal assignment	Lifelong developmental, systemic and adult explanations remain. Adult tissue expression observed (cerebellum); timing not identified.	6.5	cerebellum	not checked outside pilot	not checked outside pilot	1.4053e-07	positional;eQTL	False	False	Lee CP GCST006572 + GENCODE v19; HGNC/Unknome/Pharos/HPA separate annotations; LD/QTL/perturbation not followed outside pilot; Savage/Genebass overlap; EA excluded	Independent ancestry-matched fine-mapping excludes rs11703813 and assigns a different variant/gene (e.g. CTA-150C2.13, APOBEC3A, APOBEC3B); adult-specific perturbation in the implicated cell type has no predicted functional effect despite verified engagement. Shared-signal evidence disappears on multiple-signal conditioning or complete variant coverage.	association hypothesis only; not an enhancement target
151	ENSG00000178035	IMPDH2	151	R001	rs11706052	3.1e-10	2.17e-09	4.1041210000000003e-05	5084	7	145	MAP4;RPS27P30;RN7SL664P;RPL17P16;CDC25A;SNRPFP4;RNU7-128P;NDUFB1P1;MIR4443;CAMP;ZNF589;MRPS18AP1;Y_RNA;FCF1P2;NME6;SPINK8;MIR2115;FBXW12;RN7SL321P;PLXNB1;CCDC51;TMA7;RP11-24C3.2;ATRIP;TREX1;SHISA5;AC104448.1;PFKFB4;UCN2;COL7A1;MIR711;UQCRC1;TMEM89;SLC26A6;CELSR3;MIR4793;LINC02585;NCKIPSD;RP11-572O6.1;IP6K2;PRKAR2A;PRKAR2A-AS1;SLC25A20;ARIH2OS;ARIH2;RP13-131K19.1;RP13-131K19.2;RP13-131K19.7;P4HTM;WDR6;DALRD3;MIR425;NDUFAF3;MIR191;RP13-131K19.6;QRICH1;RN7SL182P;QARS1;USP19;LAMB2;LAMB2P1;CCDC71;KLHDC8B;CIMIP7;IHO1;GCSHP6;RP11-3B7.1;C3orf62;Y_RNA;MIR4271;USP4;GPX1;RHOA;RHOA-IT1;TCTA;AMT;NICN1-AS1;NICN1;RNA5SP130;DAG1;BSN-DT;BSN;BSN-AS1;APEH;MST1;AC099668.5;RNF123;AMIGO3;GMPPB;IP6K1;COX6CP14;PHF5AP3;CDHR4;INKA1;UBA7;MIR5193;AC139451.1;TRAIP;CAMKV;RN7SL217P;ACTL11P;MST1R;CTD-2330K9.2;CTD-2330K9.3;MON1A;RBM6;RBM5;SEMA3F-AS1;SEMA3F;MIR566;GNAT1;SLC38A3;GNAI2;U73169.1;LINC03143;SEMA3B-AS1;SEMA3B;LSMEM2;IFRD2;HYAL3;NAA80;HYAL1;HYAL2;TUSC2;RASSF1;ZMYND10-AS1;ZMYND10;NPRL2;CYB561D2;XXcos-LUCA11.5;TMEM115;CACNA2D2;XXcos-LUCA11.4;RNA5SP131;C3orf18;HEMK1;CISH;MAPKAPK3;LINC02019;MIR4787;DOCK3;PPIAP69;RP11-646D13.1;ZNF652P1;ST13P14	5.1	11329	Unknome 18_Mar_2026; maximum over uniquely HGNC-mapped proteins; derived/knownness-ranks.tsv	Tclin	366	unique	0.10694573191242092	1844	True	0.004132443494339995	0.42640703644825145	NA	unresolved competing genes; gene-body association is not causal assignment	Lifelong developmental, systemic and adult explanations remain. Adult tissue expression observed (spinal cord); timing not identified.	52.0	spinal cord	not established; target mapping/primary phenotype table unavailable	Tian 2019 iPSC-derived glutamatergic neuron survival D14/D21/D28; CROP-seq D7 transcription; not cognitive performance or mature adult physiology	2.6297e-08	positional;eQTL	False	False	Lee CP GCST006572 + GENCODE v19; HGNC/Unknome/Pharos/HPA separate annotations; EUR LD + GTEx DLPFC/Catalogue + chain/VEP + Tian guide coverage pilot; Savage/Genebass overlap; EA excluded	Independent ancestry-matched fine-mapping excludes rs11706052 and assigns a different variant/gene (e.g. MAP4, RPS27P30, RN7SL664P); adult-specific perturbation in the implicated cell type has no predicted functional effect despite verified engagement. Shared-signal evidence disappears on multiple-signal conditioning or complete variant coverage.	association hypothesis only; not an enhancement target
152	ENSG00000204539	CDSN	152	R008	rs3130985	5.19e-11	2.3355e-09	4.41713115e-05	5357	45	515	ACOT13;RP1-30M3.5;C6orf62;RP1-30M3.6;LINC02828;AP3S1P1;GMNN;ARMH2;RIPOR2;AL512428.1;MTCO2P33;PPIAP29;RP11-367G6.3;ASS1P1;RN7SL334P;RP3-425P12.5;RP3-425P12.1;RP3-425P12.2;CMAHP;NUP50P2;CANT1P1;UBE2D3P5;RNY5P5;AL590084.1;RP11-191A15.4;RP3-522P13.3;KATNBL1P5;RPL21P68;HNRNPA3P17;CARMIL1;Y_RNA;RNU6-987P;AL160037.1;snoU13;SCGN;PRELID1P2;H2AC1;H2BC1;H2BC2P;H2AC2P;SLC17A4;SLC17A1;SLC17A3;H2AC3P;SLC17A2;TRIM38;U91328.21;U91328.20;LINC02980;U91328.22;H3P26;H1-1;HIST1H3A;HIST1H4A;HIST1H4B;HIST1H3B;HIST1H2AB;HIST1H2BB;H2AC5P;HIST1H3C;H1-2;HFE;H4C3;H1-6;H2BC4;H2AC6;H1-4;H2BC5;LARP1P1;HIST1H2BE;HIST1H4D;H1-12P;H3C4;H2AC7;HIST1H2BF;RP1-34B20.4;HIST1H4E;HIST1H2BG;HIST1H2AE;HIST1H3E;H2AC9P;H1-3;HIST1H4F;HIST1H4G;HIST1H3F;HIST1H2BH;HIST1H3G;H2AC10P;HIST1H2BI;H4C8;H3C9P;RNU6-1259P;BTN3A2;AL021917.1;BTN2A2;BTN3A1;BTN2A3P;BTN3A3;BTN2A1;BTN1A1;RNU6-502P;HCG11;CTA-14H9.5;HMGN4;ABT1;RP11-457M11.6;VN1R14P;RP11-457M11.2;ZNF322;RP11-457M11.5;GUSBP2;POM121L6P;LINC00240;RP11-239L20.6;TRNAI2;VN1R12P;VN1R13P;VN1R11P;RNU2-62P;RP1-86C11.7;H2BC11;H2AC11;H2BC12;HIST1H4I;HIST1H2AH;MIR3143;RPL10P2;PRSS16;CDCA7P1;POM121L2;VN1R10P;ZNF204P;ZNF391;RP1-153G14.4;MCFD2P1;ZNF184;XXbac-BPGBPG34I8.1;HNRNPA1P1;CD83P1;RNU6-471P;TRNAI6;RPL8P1;GPHRP1;RSL24D1P1;H4C10P;H2BC13;H2AC13;HIST1H3H;HIST1H2AJ;HIST1H2BM;H4C11;HIST1H4K;HIST1H2AK;H2BC15;H2BC16P;HIST1H2AL;H1-5;HIST1H3I;HIST1H4L;H3C12;HIST1H2AM;HIST1H2BO;RNU7-26P;OR2B2;OR2W6P;OR2B6;RPLP2P1;OR2W4P;IQCB2P;U3;OR2W2P;OR2B7P;OR2B8;OR1F12P;RP1-313I6.12;ZNF165;ZSCAN12P1;ZNF602P;ZSCAN16-AS1;ZSCAN16;RP1-265C24.8;ZKSCAN8;ZKSCAN8P1;ZNF603P;ZKSCAN8P2;TOB2P1;ZSCAN9;ZKSCAN4;NKAPL;ZSCAN26;PGBD1;SMIM15P2;ZSCAN31;ZKSCAN3;ZSCAN12;RNU2-45P;ZSCAN23;COX11P1;OR2E1P;GPX6;GPX5;SCAND3;SCAND3-AS1;COX8CP1;AL121932.1;LINC00533;RPSAP2;AL662890.1;NOP56P1;AL662890.3;XXbac-BPG308K3.5;LINC01623;RPL13P;ZNF90P2;HCG14;TRIM27;RNU6-930P;LINC01556;KRT18P1;RN7SL471P;HCG15;HCG16;ZNF311;OR2AD1P;OR2W1;OR2P1P;SAR1AP1;OR2B3;OR2J1;OR2J3;XXbac-BCX196D17.5;OR2N1P;OR2J2;OR2J4P;OR2H4P;XXbac-BPG308J9.3;OR2G1P;OR2U1P;OR2U2P;OR2B4P;OR14J1;DDX6P1;OR5V1;OR12D3;OR12D2;OR12D1;OR11A1;OR10C1;OR2H1;UBDP1;MAS1LP1;MAS1L;RPS17P1;LINC02829;LINC01015;MAS1LP2;OR2I1;UBD;GABBR1;OR2H5P;TMEM183AP1;SNORD32B;RPL13AP;OR2H2;SUMO2P1;MOG;ZFP57;ZDHHC20P1;HLA-F;HCG4P11;HLA-F-AS1;RPL23AP1;MICE;HCG9P5;Y_RNA;IFITM4P;XXbac-BPG170G13.32;XXbac-BPG170G13.31;HLA-V;HCG4;HLA-P;RPL7AP7;MICG;HLA-G;HCG4P8;MICF;HCG4P7;HLA-H;HLA-T;DDX39BP1;MCCD1P1;HCG4B;HLA-K;HLA-U;HLA-A;HCG4P5;HLA-W;MICD;HCG9;DDX39BP2;MCCD1P2;POLR1HASP;HCG4P3;HLA-J;ETF1P1;POLR1H;PPP1R11;RNF39;AL669914.1;TRIM31;TRIM31-AS1;SNORA48;TRIM40;TRIM10;TRIM15;TRIM26;PAIP1P1;HCG17;TRIM26BP;HLA-L;HCG18;TRIM39;TRIM39-RPP21;RPP21;HLA-N;HCG19P;UBQLN1P1;MICC;TMPOP1;SUCLA2P1;RANP1;HLA-E;LINC02569;GNL1;PRR3;ABCF1;MIR877;PPP1R10;AL662800.1;MRPS18B;ATAT1;PTMAP1;C6orf136;AL662800.2;DHX16;PPP1R18;NRM;RPL7P4;MDC1;MDC1-AS1;TUBB;XXbac-BPG252P9.9;FLOT1;Y_RNA;IER3-AS1;IER3;RN7SL353P;HCG20;LINC00243;LINC02570;RN7SKP186;DDR1-DT;DDR1;MIR4640;RN7SL175P;GTF2H4;VARS2;SFTA2;Y_RNA;MUCL3;HCG21;MUC21;MUC22;HCG22;RNU6-1133P;C6orf15;PSORS1C1;PSORS1C2;POLR2LP1;CCHCR1;TCF19;POU5F1;PSORS1C3;XXbac-BPG299F13.17;HCG27;XXbac-BPG299F13.14;XXbac-BPG299F13.15;XXbac-BPG299F13.16;HLA-C;USP8P1;RPL3P2;WASF5P;LINC02571;XXbac-BPG248L24.10;HLA-B;XXbac-BPG248L24.12;DHFRP2;RNU6-283P;AL671883.1;FGFR3P1;ZDHHC20P2;HLA-S;XXbac-BPG181B23.7;HCP5;Y_RNA;MICA;LINC01149;XXbac-BPG181B23.6;MICB;Y_RNA;XXbac-BPG16N22.5;PPIAP9;RPL15P4;MCCD1;ATP6V1G2-DDX39B;DDX39B;SNORD117;SNORD84;DDX39B-AS1;ATP6V1G2;NFKBIL1;LTA;TNF;LTB;LST1;NCR3;UQCRHP1;AIF1;PRRC2A;SNORA38;BAG6;APOM;C6orf47;C6orf47-AS1;GPANK1;Y_RNA;CSNK2B;CSNK2B-LY6G5B-1181;LY6G5B;LY6G5C;ABHD16A;XXbac-BPG32J3.20;MIR4646;LY6G6F;LY6G6F-LY6G6D;LY6G6E;LY6G6D;MPIG6B;LY6G6C;DDAH2;CLIC1;MSH5;MSH5-SAPCD1;RNU6-850P;SAPCD1;SAPCD1-AS1;VWA7;VARS1;Y_RNA;LSM2;HSPA1L;HSPA1A;HSPA1B;SNHG32;SNORD48;SNORD52;NEU1;SLC44A4;EHMT2;EHMT2-AS1;C2;ZBTB12;CFB;CFB;NELFE;MIR1236;SKIC2;DXO;WHR1;C4A;C4A-AS1;CYP21A1P;AL645922.1;TNXA;WHR1B;C4B;C4B-AS1;CYP21A2;TNXB;RNA5SP206;ATF6B;FKBPL;PRRT1;PPT2;PPT2-EGFL8;EGFL8;AGPAT1;RNF5;AGER;PBX2;XXbac-BPG300A18.13;GPSM3;NOTCH4;TSBP1-AS1;TSBP1;HNRNPA1P2;RNU6-603P;HCG23;BTNL2;HLA-DRA;HLA-DRB9;HLA-DRB5;RNU1-61P;HLA-DRB6;HLA-DRB1	9.0	15175	Unknome 18_Mar_2026; maximum over uniquely HGNC-mapped proteins; derived/knownness-ranks.tsv	Tbio	187	unique	NA	NA	NA	NA	NA	NA	unresolved competing genes; gene-body association is not causal assignment	Lifelong developmental, systemic and adult explanations remain. Adult tissue expression observed (cerebral cortex); timing not identified.	0.1	cerebral cortex	not checked outside pilot	not checked outside pilot	NA	NA	False	False	Lee CP GCST006572 + GENCODE v19; HGNC/Unknome/Pharos/HPA separate annotations; LD/QTL/perturbation not followed outside pilot; Savage/Genebass overlap; EA excluded	Independent ancestry-matched fine-mapping excludes rs3130985 and assigns a different variant/gene (e.g. ACOT13, RP1-30M3.5, C6orf62); adult-specific perturbation in the implicated cell type has no predicted functional effect despite verified engagement. Shared-signal evidence disappears on multiple-signal conditioning or complete variant coverage.	association hypothesis only; not an enhancement target
153	ENSG00000120088	CRHR1	153	R033	rs4327090	6.18e-12	2.44728e-09	4.6285406639999994e-05	213928	396	96	GJC1;HIGD1B;EFTUD2;RN7SL405P;DNAAF19;FAM187A;AC015936.3;GFAP;KIF18B;KIF18B-DT;C1QL1;CTD-2534I21.9;DCAKD;NMT1;Y_RNA;PLCD3;ACBD4;HEXIM1;HEXIM2-AS1;HEXIM2;HEXIM2-AS2;FMNL1-DT;FMNL1;FMNL1-AS1;EFCAB15P;MAP3K14-AS1;SPATA32;MAP3K14;RNA5SP443;CTB-39G8.2;ARHGAP27;CTB-39G8.3;AC091132.2;PLEKHM1;AC091132.1;RN7SL730P;LRRC37A4P;RP11-798G7.5;RN7SL739P;RP11-798G7.8;RP11-798G7.6;RP11-798G7.7;RDM1P1;DND1P1;MAPK8IP1P2;RPS26P8;CRHR1-IT1;LINC02210-CRHR1;RP11-293E1.2;RP11-293E1.1;MAPT-AS1;SPPL2C;MAPT;RP11-669E14.4;STH;KANSL1;RP11-669E14.6;RNU7-101P;KANSL1-AS1;Y_RNA;MAPK8IP1P1;RP11-259G18.3;RP11-259G18.1;ARL17B;LRRC37A;RN7SL656P;NSFP1;RDM1P2;LRRC37A2;ARL17A;RN7SL199P;FAM215B;NSF;RPS7P11;WNT3;WNT9B;RP11-63A1.2;GOSR2-DT;RNU6ATAC3P;GOSR2;RP11-156P1.2;MIR5089;RPRML;LRRC37A17P;LRRC37A2-AS1;RN7SL270P;CDC27;AC002558.1;RP5-867C24.1;RP5-867C24.4;RP5-867C24.5;MYL4;snoU13;ITGB3;ITGB3;RNU7-186P	11.7	16536	Unknome 18_Mar_2026; maximum over uniquely HGNC-mapped proteins; derived/knownness-ranks.tsv	Tclin	297	unique	NA	NA	NA	NA	NA	NA	unresolved competing genes; gene-body association is not causal assignment	Lifelong developmental, systemic and adult explanations remain. Adult tissue expression observed (cerebellum); timing not identified.	18.7	cerebellum	not checked outside pilot	not checked outside pilot	2.6622e-07	eQTL	False	False	Lee CP GCST006572 + GENCODE v19; HGNC/Unknome/Pharos/HPA separate annotations; LD/QTL/perturbation not followed outside pilot; Savage/Genebass overlap; EA excluded	Independent ancestry-matched fine-mapping excludes rs4327090 and assigns a different variant/gene (e.g. GJC1, HIGD1B, EFTUD2); adult-specific perturbation in the implicated cell type has no predicted functional effect despite verified engagement. Shared-signal evidence disappears on multiple-signal conditioning or complete variant coverage.	association hypothesis only; not an enhancement target
154	ENSG00000178252	WDR6	154	R001	rs71324929	2.54e-10	2.54e-09	4.803902e-05	8892	10	145	MAP4;RPS27P30;RN7SL664P;RPL17P16;CDC25A;SNRPFP4;RNU7-128P;NDUFB1P1;MIR4443;CAMP;ZNF589;MRPS18AP1;Y_RNA;FCF1P2;NME6;SPINK8;MIR2115;FBXW12;RN7SL321P;PLXNB1;CCDC51;TMA7;RP11-24C3.2;ATRIP;TREX1;SHISA5;AC104448.1;PFKFB4;UCN2;COL7A1;MIR711;UQCRC1;TMEM89;SLC26A6;CELSR3;MIR4793;LINC02585;NCKIPSD;RP11-572O6.1;IP6K2;PRKAR2A;PRKAR2A-AS1;SLC25A20;ARIH2OS;ARIH2;RP13-131K19.1;RP13-131K19.2;RP13-131K19.7;P4HTM;DALRD3;MIR425;NDUFAF3;MIR191;IMPDH2;RP13-131K19.6;QRICH1;RN7SL182P;QARS1;USP19;LAMB2;LAMB2P1;CCDC71;KLHDC8B;CIMIP7;IHO1;GCSHP6;RP11-3B7.1;C3orf62;Y_RNA;MIR4271;USP4;GPX1;RHOA;RHOA-IT1;TCTA;AMT;NICN1-AS1;NICN1;RNA5SP130;DAG1;BSN-DT;BSN;BSN-AS1;APEH;MST1;AC099668.5;RNF123;AMIGO3;GMPPB;IP6K1;COX6CP14;PHF5AP3;CDHR4;INKA1;UBA7;MIR5193;AC139451.1;TRAIP;CAMKV;RN7SL217P;ACTL11P;MST1R;CTD-2330K9.2;CTD-2330K9.3;MON1A;RBM6;RBM5;SEMA3F-AS1;SEMA3F;MIR566;GNAT1;SLC38A3;GNAI2;U73169.1;LINC03143;SEMA3B-AS1;SEMA3B;LSMEM2;IFRD2;HYAL3;NAA80;HYAL1;HYAL2;TUSC2;RASSF1;ZMYND10-AS1;ZMYND10;NPRL2;CYB561D2;XXcos-LUCA11.5;TMEM115;CACNA2D2;XXcos-LUCA11.4;RNA5SP131;C3orf18;HEMK1;CISH;MAPKAPK3;LINC02019;MIR4787;DOCK3;PPIAP69;RP11-646D13.1;ZNF652P1;ST13P14	6.6	13122	Unknome 18_Mar_2026; maximum over uniquely HGNC-mapped proteins; derived/knownness-ranks.tsv	Tbio	149	unique	0.09415463943907063	1821	True	0.002080138218741964	0.4172369831388029	NA	unresolved competing genes; gene-body association is not causal assignment	Lifelong developmental, systemic and adult explanations remain. Adult tissue expression observed (cerebellum); timing not identified.	80.1	cerebellum	not established; target mapping/primary phenotype table unavailable	Tian 2019 iPSC-derived glutamatergic neuron survival D14/D21/D28; CROP-seq D7 transcription; not cognitive performance or mature adult physiology	1.7761e-07	positional;eQTL	False	False	Lee CP GCST006572 + GENCODE v19; HGNC/Unknome/Pharos/HPA separate annotations; EUR LD + GTEx DLPFC/Catalogue + chain/VEP + Tian guide coverage pilot; Savage/Genebass overlap; EA excluded	Independent ancestry-matched fine-mapping excludes rs71324929 and assigns a different variant/gene (e.g. MAP4, RPS27P30, RN7SL664P); adult-specific perturbation in the implicated cell type has no predicted functional effect despite verified engagement. Shared-signal evidence disappears on multiple-signal conditioning or complete variant coverage.	association hypothesis only; not an enhancement target
155	ENSG00000185909	KLHDC8B	155	R001	rs34571182	2.54e-10	2.54e-09	4.803902e-05	4874	10	145	MAP4;RPS27P30;RN7SL664P;RPL17P16;CDC25A;SNRPFP4;RNU7-128P;NDUFB1P1;MIR4443;CAMP;ZNF589;MRPS18AP1;Y_RNA;FCF1P2;NME6;SPINK8;MIR2115;FBXW12;RN7SL321P;PLXNB1;CCDC51;TMA7;RP11-24C3.2;ATRIP;TREX1;SHISA5;AC104448.1;PFKFB4;UCN2;COL7A1;MIR711;UQCRC1;TMEM89;SLC26A6;CELSR3;MIR4793;LINC02585;NCKIPSD;RP11-572O6.1;IP6K2;PRKAR2A;PRKAR2A-AS1;SLC25A20;ARIH2OS;ARIH2;RP13-131K19.1;RP13-131K19.2;RP13-131K19.7;P4HTM;WDR6;DALRD3;MIR425;NDUFAF3;MIR191;IMPDH2;RP13-131K19.6;QRICH1;RN7SL182P;QARS1;USP19;LAMB2;LAMB2P1;CCDC71;CIMIP7;IHO1;GCSHP6;RP11-3B7.1;C3orf62;Y_RNA;MIR4271;USP4;GPX1;RHOA;RHOA-IT1;TCTA;AMT;NICN1-AS1;NICN1;RNA5SP130;DAG1;BSN-DT;BSN;BSN-AS1;APEH;MST1;AC099668.5;RNF123;AMIGO3;GMPPB;IP6K1;COX6CP14;PHF5AP3;CDHR4;INKA1;UBA7;MIR5193;AC139451.1;TRAIP;CAMKV;RN7SL217P;ACTL11P;MST1R;CTD-2330K9.2;CTD-2330K9.3;MON1A;RBM6;RBM5;SEMA3F-AS1;SEMA3F;MIR566;GNAT1;SLC38A3;GNAI2;U73169.1;LINC03143;SEMA3B-AS1;SEMA3B;LSMEM2;IFRD2;HYAL3;NAA80;HYAL1;HYAL2;TUSC2;RASSF1;ZMYND10-AS1;ZMYND10;NPRL2;CYB561D2;XXcos-LUCA11.5;TMEM115;CACNA2D2;XXcos-LUCA11.4;RNA5SP131;C3orf18;HEMK1;CISH;MAPKAPK3;LINC02019;MIR4787;DOCK3;PPIAP69;RP11-646D13.1;ZNF652P1;ST13P14	3.9	9571	Unknome 18_Mar_2026; maximum over uniquely HGNC-mapped proteins; derived/knownness-ranks.tsv	Tbio	19	unique	NA	1908	True	0.004045633460016562	0.40952721213897336	NA	unresolved competing genes; gene-body association is not causal assignment	Lifelong developmental, systemic and adult explanations remain. Adult tissue expression observed (hypothalamus); timing not identified.	19.2	hypothalamus	not established; target mapping/primary phenotype table unavailable	Tian 2019 iPSC-derived glutamatergic neuron survival D14/D21/D28; CROP-seq D7 transcription; not cognitive performance or mature adult physiology	1.6389e-11	positional;eQTL	False	False	Lee CP GCST006572 + GENCODE v19; HGNC/Unknome/Pharos/HPA separate annotations; EUR LD + GTEx DLPFC/Catalogue + chain/VEP + Tian guide coverage pilot; Savage/Genebass overlap; EA excluded	Independent ancestry-matched fine-mapping excludes rs34571182 and assigns a different variant/gene (e.g. MAP4, RPS27P30, RN7SL664P); adult-specific perturbation in the implicated cell type has no predicted functional effect despite verified engagement. Shared-signal evidence disappears on multiple-signal conditioning or complete variant coverage.	association hypothesis only; not an enhancement target
156	ENSG00000120071	KANSL1	156	R033	rs112746008	1.36e-11	2.5432e-09	4.8099541600000004e-05	195452	187	96	GJC1;HIGD1B;EFTUD2;RN7SL405P;DNAAF19;FAM187A;AC015936.3;GFAP;KIF18B;KIF18B-DT;C1QL1;CTD-2534I21.9;DCAKD;NMT1;Y_RNA;PLCD3;ACBD4;HEXIM1;HEXIM2-AS1;HEXIM2;HEXIM2-AS2;FMNL1-DT;FMNL1;FMNL1-AS1;EFCAB15P;MAP3K14-AS1;SPATA32;MAP3K14;RNA5SP443;CTB-39G8.2;ARHGAP27;CTB-39G8.3;AC091132.2;PLEKHM1;AC091132.1;RN7SL730P;LRRC37A4P;RP11-798G7.5;RN7SL739P;RP11-798G7.8;RP11-798G7.6;RP11-798G7.7;RDM1P1;DND1P1;MAPK8IP1P2;RPS26P8;CRHR1-IT1;CRHR1;LINC02210-CRHR1;RP11-293E1.2;RP11-293E1.1;MAPT-AS1;SPPL2C;MAPT;RP11-669E14.4;STH;RP11-669E14.6;RNU7-101P;KANSL1-AS1;Y_RNA;MAPK8IP1P1;RP11-259G18.3;RP11-259G18.1;ARL17B;LRRC37A;RN7SL656P;NSFP1;RDM1P2;LRRC37A2;ARL17A;RN7SL199P;FAM215B;NSF;RPS7P11;WNT3;WNT9B;RP11-63A1.2;GOSR2-DT;RNU6ATAC3P;GOSR2;RP11-156P1.2;MIR5089;RPRML;LRRC37A17P;LRRC37A2-AS1;RN7SL270P;CDC27;AC002558.1;RP5-867C24.1;RP5-867C24.4;RP5-867C24.5;MYL4;snoU13;ITGB3;ITGB3;RNU7-186P	1.9	5985	Unknome 18_Mar_2026; maximum over uniquely HGNC-mapped proteins; derived/knownness-ranks.tsv	Tbio	88	unique	NA	NA	NA	NA	NA	NA	unresolved competing genes; gene-body association is not causal assignment	Lifelong developmental, systemic and adult explanations remain. Adult tissue expression observed (cerebellum); timing not identified.	18.8	cerebellum	not checked outside pilot	not checked outside pilot	1.1903e-06	eQTL	False	False	Lee CP GCST006572 + GENCODE v19; HGNC/Unknome/Pharos/HPA separate annotations; LD/QTL/perturbation not followed outside pilot; Savage/Genebass overlap; EA excluded	Independent ancestry-matched fine-mapping excludes rs112746008 and assigns a different variant/gene (e.g. GJC1, HIGD1B, EFTUD2); adult-specific perturbation in the implicated cell type has no predicted functional effect despite verified engagement. Shared-signal evidence disappears on multiple-signal conditioning or complete variant coverage.	association hypothesis only; not an enhancement target
157	ENSG00000197157	SND1	157	R031	rs4731392	2.58e-12	2.65224e-09	5.016181512e-05	440428	1028	80	GRM8;AC000367.1;AC000362.1;MIR592;GRM8-AS1;PRELID3BP10;ZNF800;AC000123.4;LINC03012;GCC1;ARF5;FSCN3;PAX4;SND1-DT;RP11-20L24.1;LRRC4;MIR593;MIR129-1;LEP;RP11-62J1.4;AC018635.1;RBM28;RP11-62J1.3;RNU7-27P;PRRT4;IMPDH1;RP11-155G14.1;RNU7-54P;RP11-212P7.3;HILPDA;HILPDA-AS1;EFCAB3P1;METTL2B;LINC03072;RP11-274B21.1;RP11-212P7.1;RNU6-177P;RP11-274B21.2;RP11-274B21.4;AC018638.1;RP11-274B21.3;CICP14;RP11-274B21.10;RP11-274B21.5;GARIN1A;RP11-274B21.8;RP11-274B21.9;IMP3P2;RNA5SP242;RNA5SP243;GARIN1B;CALU;RN7SL81P;OPN1SW;CCDC136;FLNC;FLNC-AS1;KCP;ATP6V1F;RP11-309L24.4;SPMIP1;AC025594.1;RP11-309L24.6;IRF5;TNPO3;RN7SL306P;ODCP;TPI1P2;snoU13;RP11-128A6.3;RP11-286H14.2;RP11-286H14.1;CYCSP20;MAP2K1P2;TSPAN33;RNY1P11;RP11-286H14.6;SMO;RP11-286H14.8;AHCYL2	8.2	14610	Unknome 18_Mar_2026; maximum over uniquely HGNC-mapped proteins; derived/knownness-ranks.tsv	Tchem	419	unique	NA	NA	NA	NA	NA	NA	unresolved competing genes; gene-body association is not causal assignment	Lifelong developmental, systemic and adult explanations remain. Adult tissue expression observed (cerebellum); timing not identified.	30.3	cerebellum	not checked outside pilot	not checked outside pilot	6.8946e-14	positional;eQTL;chromatin	False	False	Lee CP GCST006572 + GENCODE v19; HGNC/Unknome/Pharos/HPA separate annotations; LD/QTL/perturbation not followed outside pilot; Savage/Genebass overlap; EA excluded	Independent ancestry-matched fine-mapping excludes rs4731392 and assigns a different variant/gene (e.g. GRM8, AC000367.1, AC000362.1); adult-specific perturbation in the implicated cell type has no predicted functional effect despite verified engagement. Shared-signal evidence disappears on multiple-signal conditioning or complete variant coverage.	association hypothesis only; not an enhancement target
158	ENSG00000180596	H2BC4	158	R008	rs13200797	4.92e-11	2.6568e-09	5.02480584e-05	9054	54	515	ACOT13;RP1-30M3.5;C6orf62;RP1-30M3.6;LINC02828;AP3S1P1;GMNN;ARMH2;RIPOR2;AL512428.1;MTCO2P33;PPIAP29;RP11-367G6.3;ASS1P1;RN7SL334P;RP3-425P12.5;RP3-425P12.1;RP3-425P12.2;CMAHP;NUP50P2;CANT1P1;UBE2D3P5;RNY5P5;AL590084.1;RP11-191A15.4;RP3-522P13.3;KATNBL1P5;RPL21P68;HNRNPA3P17;CARMIL1;Y_RNA;RNU6-987P;AL160037.1;snoU13;SCGN;PRELID1P2;H2AC1;H2BC1;H2BC2P;H2AC2P;SLC17A4;SLC17A1;SLC17A3;H2AC3P;SLC17A2;TRIM38;U91328.21;U91328.20;LINC02980;U91328.22;H3P26;H1-1;HIST1H3A;HIST1H4A;HIST1H4B;HIST1H3B;HIST1H2AB;HIST1H2BB;H2AC5P;HIST1H3C;H1-2;HFE;H4C3;H1-6;H2AC6;H1-4;H2BC5;LARP1P1;HIST1H2BE;HIST1H4D;H1-12P;H3C4;H2AC7;HIST1H2BF;RP1-34B20.4;HIST1H4E;HIST1H2BG;HIST1H2AE;HIST1H3E;H2AC9P;H1-3;HIST1H4F;HIST1H4G;HIST1H3F;HIST1H2BH;HIST1H3G;H2AC10P;HIST1H2BI;H4C8;H3C9P;RNU6-1259P;BTN3A2;AL021917.1;BTN2A2;BTN3A1;BTN2A3P;BTN3A3;BTN2A1;BTN1A1;RNU6-502P;HCG11;CTA-14H9.5;HMGN4;ABT1;RP11-457M11.6;VN1R14P;RP11-457M11.2;ZNF322;RP11-457M11.5;GUSBP2;POM121L6P;LINC00240;RP11-239L20.6;TRNAI2;VN1R12P;VN1R13P;VN1R11P;RNU2-62P;RP1-86C11.7;H2BC11;H2AC11;H2BC12;HIST1H4I;HIST1H2AH;MIR3143;RPL10P2;PRSS16;CDCA7P1;POM121L2;VN1R10P;ZNF204P;ZNF391;RP1-153G14.4;MCFD2P1;ZNF184;XXbac-BPGBPG34I8.1;HNRNPA1P1;CD83P1;RNU6-471P;TRNAI6;RPL8P1;GPHRP1;RSL24D1P1;H4C10P;H2BC13;H2AC13;HIST1H3H;HIST1H2AJ;HIST1H2BM;H4C11;HIST1H4K;HIST1H2AK;H2BC15;H2BC16P;HIST1H2AL;H1-5;HIST1H3I;HIST1H4L;H3C12;HIST1H2AM;HIST1H2BO;RNU7-26P;OR2B2;OR2W6P;OR2B6;RPLP2P1;OR2W4P;IQCB2P;U3;OR2W2P;OR2B7P;OR2B8;OR1F12P;RP1-313I6.12;ZNF165;ZSCAN12P1;ZNF602P;ZSCAN16-AS1;ZSCAN16;RP1-265C24.8;ZKSCAN8;ZKSCAN8P1;ZNF603P;ZKSCAN8P2;TOB2P1;ZSCAN9;ZKSCAN4;NKAPL;ZSCAN26;PGBD1;SMIM15P2;ZSCAN31;ZKSCAN3;ZSCAN12;RNU2-45P;ZSCAN23;COX11P1;OR2E1P;GPX6;GPX5;SCAND3;SCAND3-AS1;COX8CP1;AL121932.1;LINC00533;RPSAP2;AL662890.1;NOP56P1;AL662890.3;XXbac-BPG308K3.5;LINC01623;RPL13P;ZNF90P2;HCG14;TRIM27;RNU6-930P;LINC01556;KRT18P1;RN7SL471P;HCG15;HCG16;ZNF311;OR2AD1P;OR2W1;OR2P1P;SAR1AP1;OR2B3;OR2J1;OR2J3;XXbac-BCX196D17.5;OR2N1P;OR2J2;OR2J4P;OR2H4P;XXbac-BPG308J9.3;OR2G1P;OR2U1P;OR2U2P;OR2B4P;OR14J1;DDX6P1;OR5V1;OR12D3;OR12D2;OR12D1;OR11A1;OR10C1;OR2H1;UBDP1;MAS1LP1;MAS1L;RPS17P1;LINC02829;LINC01015;MAS1LP2;OR2I1;UBD;GABBR1;OR2H5P;TMEM183AP1;SNORD32B;RPL13AP;OR2H2;SUMO2P1;MOG;ZFP57;ZDHHC20P1;HLA-F;HCG4P11;HLA-F-AS1;RPL23AP1;MICE;HCG9P5;Y_RNA;IFITM4P;XXbac-BPG170G13.32;XXbac-BPG170G13.31;HLA-V;HCG4;HLA-P;RPL7AP7;MICG;HLA-G;HCG4P8;MICF;HCG4P7;HLA-H;HLA-T;DDX39BP1;MCCD1P1;HCG4B;HLA-K;HLA-U;HLA-A;HCG4P5;HLA-W;MICD;HCG9;DDX39BP2;MCCD1P2;POLR1HASP;HCG4P3;HLA-J;ETF1P1;POLR1H;PPP1R11;RNF39;AL669914.1;TRIM31;TRIM31-AS1;SNORA48;TRIM40;TRIM10;TRIM15;TRIM26;PAIP1P1;HCG17;TRIM26BP;HLA-L;HCG18;TRIM39;TRIM39-RPP21;RPP21;HLA-N;HCG19P;UBQLN1P1;MICC;TMPOP1;SUCLA2P1;RANP1;HLA-E;LINC02569;GNL1;PRR3;ABCF1;MIR877;PPP1R10;AL662800.1;MRPS18B;ATAT1;PTMAP1;C6orf136;AL662800.2;DHX16;PPP1R18;NRM;RPL7P4;MDC1;MDC1-AS1;TUBB;XXbac-BPG252P9.9;FLOT1;Y_RNA;IER3-AS1;IER3;RN7SL353P;HCG20;LINC00243;LINC02570;RN7SKP186;DDR1-DT;DDR1;MIR4640;RN7SL175P;GTF2H4;VARS2;SFTA2;Y_RNA;MUCL3;HCG21;MUC21;MUC22;HCG22;RNU6-1133P;C6orf15;PSORS1C1;CDSN;PSORS1C2;POLR2LP1;CCHCR1;TCF19;POU5F1;PSORS1C3;XXbac-BPG299F13.17;HCG27;XXbac-BPG299F13.14;XXbac-BPG299F13.15;XXbac-BPG299F13.16;HLA-C;USP8P1;RPL3P2;WASF5P;LINC02571;XXbac-BPG248L24.10;HLA-B;XXbac-BPG248L24.12;DHFRP2;RNU6-283P;AL671883.1;FGFR3P1;ZDHHC20P2;HLA-S;XXbac-BPG181B23.7;HCP5;Y_RNA;MICA;LINC01149;XXbac-BPG181B23.6;MICB;Y_RNA;XXbac-BPG16N22.5;PPIAP9;RPL15P4;MCCD1;ATP6V1G2-DDX39B;DDX39B;SNORD117;SNORD84;DDX39B-AS1;ATP6V1G2;NFKBIL1;LTA;TNF;LTB;LST1;NCR3;UQCRHP1;AIF1;PRRC2A;SNORA38;BAG6;APOM;C6orf47;C6orf47-AS1;GPANK1;Y_RNA;CSNK2B;CSNK2B-LY6G5B-1181;LY6G5B;LY6G5C;ABHD16A;XXbac-BPG32J3.20;MIR4646;LY6G6F;LY6G6F-LY6G6D;LY6G6E;LY6G6D;MPIG6B;LY6G6C;DDAH2;CLIC1;MSH5;MSH5-SAPCD1;RNU6-850P;SAPCD1;SAPCD1-AS1;VWA7;VARS1;Y_RNA;LSM2;HSPA1L;HSPA1A;HSPA1B;SNHG32;SNORD48;SNORD52;NEU1;SLC44A4;EHMT2;EHMT2-AS1;C2;ZBTB12;CFB;CFB;NELFE;MIR1236;SKIC2;DXO;WHR1;C4A;C4A-AS1;CYP21A1P;AL645922.1;TNXA;WHR1B;C4B;C4B-AS1;CYP21A2;TNXB;RNA5SP206;ATF6B;FKBPL;PRRT1;PPT2;PPT2-EGFL8;EGFL8;AGPAT1;RNF5;AGER;PBX2;XXbac-BPG300A18.13;GPSM3;NOTCH4;TSBP1-AS1;TSBP1;HNRNPA1P2;RNU6-603P;HCG23;BTNL2;HLA-DRA;HLA-DRB9;HLA-DRB5;RNU1-61P;HLA-DRB6;HLA-DRB1	NA	NA	Unknome unmapped/unscored; not zero knownness	Tbio	70	unique	NA	NA	NA	NA	NA	NA	unresolved competing genes; gene-body association is not causal assignment	Lifelong developmental, systemic and adult explanations remain. Adult tissue expression observed (spinal cord); timing not identified.	6.2	spinal cord	not checked outside pilot	not checked outside pilot	NA	NA	False	False	Lee CP GCST006572 + GENCODE v19; HGNC/Unknome/Pharos/HPA separate annotations; LD/QTL/perturbation not followed outside pilot; Savage/Genebass overlap; EA excluded	Independent ancestry-matched fine-mapping excludes rs13200797 and assigns a different variant/gene (e.g. ACOT13, RP1-30M3.5, C6orf62); adult-specific perturbation in the implicated cell type has no predicted functional effect despite verified engagement. Shared-signal evidence disappears on multiple-signal conditioning or complete variant coverage.	association hypothesis only; not an enhancement target
159	ENSG00000129282	MRM1	159	R052	rs12941009	1.28e-10	2.9439999999999998e-09	5.5679872e-05	7407	23	43	RP11-104J23.1;RP11-104J23.2;CCL23;CCL18;AC069363.1;CCL3;CCL4;RN7SL301P;CTB-91J4.1;RP11-428O23.1;TBC1D3B;AC131056.3;CCL3L3;CCL4L1;AC131056.5;AC131056.6;TBC1D3C;TBC1D3H;CCL3L1;CCL4L2;TBC1D3G;CTB-91J4.3;RNU6-1192P;ZNHIT3;RNA5SP439;MYO19;PIGW;GGNBP2;CTB-75G16.1;DHRS11;CTB-75G16.3;CTD-3194G12.1;CTD-3194G12.2;RP11-445F12.1;LHX1;RP11-445F12.2;AATF;RP11-333J10.2;RP11-333J10.3;MIR2909;CTC-268N12.3;CTC-268N12.2;ACACA	NA	NA	Unknome unmapped/unscored; not zero knownness	NA	NA	unmapped	NA	NA	NA	NA	NA	NA	unresolved competing genes; gene-body association is not causal assignment	Lifelong developmental, systemic and adult explanations remain. Adult brain expression not covered in HPA; not evidence of absence.	NA	NA	not checked outside pilot	not checked outside pilot	NA	positional;eQTL	False	False	Lee CP GCST006572 + GENCODE v19; HGNC/Unknome/Pharos/HPA separate annotations; LD/QTL/perturbation not followed outside pilot; Savage/Genebass overlap; EA excluded	Independent ancestry-matched fine-mapping excludes rs12941009 and assigns a different variant/gene (e.g. RP11-104J23.1, RP11-104J23.2, CCL23); adult-specific perturbation in the implicated cell type has no predicted functional effect despite verified engagement. Shared-signal evidence disappears on multiple-signal conditioning or complete variant coverage.	association hypothesis only; not an enhancement target
160	ENSG00000114349	GNAT1	160	R001	rs11919418	7.81e-10	3.124e-09	5.9084212e-05	4905	4	145	MAP4;RPS27P30;RN7SL664P;RPL17P16;CDC25A;SNRPFP4;RNU7-128P;NDUFB1P1;MIR4443;CAMP;ZNF589;MRPS18AP1;Y_RNA;FCF1P2;NME6;SPINK8;MIR2115;FBXW12;RN7SL321P;PLXNB1;CCDC51;TMA7;RP11-24C3.2;ATRIP;TREX1;SHISA5;AC104448.1;PFKFB4;UCN2;COL7A1;MIR711;UQCRC1;TMEM89;SLC26A6;CELSR3;MIR4793;LINC02585;NCKIPSD;RP11-572O6.1;IP6K2;PRKAR2A;PRKAR2A-AS1;SLC25A20;ARIH2OS;ARIH2;RP13-131K19.1;RP13-131K19.2;RP13-131K19.7;P4HTM;WDR6;DALRD3;MIR425;NDUFAF3;MIR191;IMPDH2;RP13-131K19.6;QRICH1;RN7SL182P;QARS1;USP19;LAMB2;LAMB2P1;CCDC71;KLHDC8B;CIMIP7;IHO1;GCSHP6;RP11-3B7.1;C3orf62;Y_RNA;MIR4271;USP4;GPX1;RHOA;RHOA-IT1;TCTA;AMT;NICN1-AS1;NICN1;RNA5SP130;DAG1;BSN-DT;BSN;BSN-AS1;APEH;MST1;AC099668.5;RNF123;AMIGO3;GMPPB;IP6K1;COX6CP14;PHF5AP3;CDHR4;INKA1;UBA7;MIR5193;AC139451.1;TRAIP;CAMKV;RN7SL217P;ACTL11P;MST1R;CTD-2330K9.2;CTD-2330K9.3;MON1A;RBM6;RBM5;SEMA3F-AS1;SEMA3F;MIR566;SLC38A3;GNAI2;U73169.1;LINC03143;SEMA3B-AS1;SEMA3B;LSMEM2;IFRD2;HYAL3;NAA80;HYAL1;HYAL2;TUSC2;RASSF1;ZMYND10-AS1;ZMYND10;NPRL2;CYB561D2;XXcos-LUCA11.5;TMEM115;CACNA2D2;XXcos-LUCA11.4;RNA5SP131;C3orf18;HEMK1;CISH;MAPKAPK3;LINC02019;MIR4787;DOCK3;PPIAP69;RP11-646D13.1;ZNF652P1;ST13P14	12.0	16648	Unknome 18_Mar_2026; maximum over uniquely HGNC-mapped proteins; derived/knownness-ranks.tsv	Tbio	87	unique	0.1915690077277939	0	False	NA	NA	NA	unresolved competing genes; gene-body association is not causal assignment	Lifelong developmental, systemic and adult explanations remain. Adult tissue expression observed (cerebral cortex); timing not identified.	0.2	cerebral cortex	not established; target mapping/primary phenotype table unavailable	Tian 2019 iPSC-derived glutamatergic neuron survival D14/D21/D28; CROP-seq D7 transcription; not cognitive performance or mature adult physiology	9.5092e-10	positional;chromatin	False	False	Lee CP GCST006572 + GENCODE v19; HGNC/Unknome/Pharos/HPA separate annotations; EUR LD + GTEx DLPFC/Catalogue + chain/VEP + Tian guide coverage pilot; Savage/Genebass overlap; EA excluded	Independent ancestry-matched fine-mapping excludes rs11919418 and assigns a different variant/gene (e.g. MAP4, RPS27P30, RN7SL664P); adult-specific perturbation in the implicated cell type has no predicted functional effect despite verified engagement. Shared-signal evidence disappears on multiple-signal conditioning or complete variant coverage.	association hypothesis only; not an enhancement target
161	ENSG00000196419	XRCC6	161	R023	rs28741121	2.52e-11	3.15e-09	5.9575950000000003e-05	42922	125	149	CTA-150C2.13;APOBEC3A;APOBEC3B;APOBEC3B-AS1;APOBEC3C;APOBEC3D;APOBEC3F;APOBEC3G;CTA-150C2.20;RP4-742C19.12;APOBEC3H;CBX7;COX5BP7;FUNDC2P4;PDGFB;AL031590.1;RP3-333H23.8;RPL3;SNORD83B;SNORD83A;SNORD43;SYNGR1;TAB1;MGAT3;MGAT3-AS1;MIEF1;ATF4;RPS19BP1;CACNA1I;ENTHD1;MTFR2P2;RN7SKP210;UQCRFS1P1;GRAP2;TMA7B;SACK1F;TNRC6B-DT;TNRC6B;RPL7P52;ADSL;SGSM3;SGSM3-AS1;MRTFA;MRTFA-AS2;RP5-1042K10.12;MRTFA-AS1;AL031594.1;COX6B1P3;RPL4P6;GAPDHP37;MCHR1;SLC25A17;RFKP4;JTBP1;MIR4766;ST13;XPNPEP3;DNAJB7;snoU13;RNU6-379P;RBX1;Y_RNA;AL080243.1;RPS9P2;Y_RNA;ACTBP15;EP300;MIR1281;RNU6-375P;RP1-85F18.6;EP300-AS1;LRRC37A14P;L3MBTL2;L3MBTL2-AS1;CHADL;RANGAP1;AL035681.1;ZC3H7B;TEF;RNU6-495P;CTA-223H9.9;TOB2;PHF5A;ACO2;POLR3H;CSDC2;PMM1;DESI1;Y_RNA;SNU13;RNU6-476P;C22orf46P;Z83840.1;MEI1;HMGN2P10;RNU6ATAC22P;Y_RNA;CCDC134;SREBF2-AS1;SREBF2;MIR33A;SHISA8;CTA-250D10.23;MIR378I;TNFRSF13C;CENPM;SMIM45;SEPTIN3;CTA-250D10.19;WBP2NL;SLC25A5P1;NAGA;PHETA2;SNORD13P1;SMDT1;NDUFA6;RP1-257I20.14;NDUFA6-DT;OLA1P1;CYP2D6;RP4-669P10.19;RP4-669P10.16;CYP2D7;CYP2D8P;TCF20;OGFRP1;Z83851.4;CTA-989H11.1;LINC01315;NFAM1;CTA-126B4.7;SERHL;RRP7A;Z93241.1;SERHL2;RRP7BP;RN7SKP80;RNU6-513P;POLDIP3;RNU12;CYB5R3;ATP5MGL;A4GALT;Y_RNA;RPL5P34;GOLGA2P4;ARFGAP3;PACSIN2;COA1P1	21.8	18425	Unknome 18_Mar_2026; maximum over uniquely HGNC-mapped proteins; derived/knownness-ranks.tsv	Tchem	1840	unique	NA	NA	NA	NA	NA	NA	unresolved competing genes; gene-body association is not causal assignment	Lifelong developmental, systemic and adult explanations remain. Adult tissue expression observed (cerebellum); timing not identified.	111.6	cerebellum	not checked outside pilot	not checked outside pilot	NA	positional;chromatin	False	False	Lee CP GCST006572 + GENCODE v19; HGNC/Unknome/Pharos/HPA separate annotations; LD/QTL/perturbation not followed outside pilot; Savage/Genebass overlap; EA excluded	Independent ancestry-matched fine-mapping excludes rs28741121 and assigns a different variant/gene (e.g. CTA-150C2.13, APOBEC3A, APOBEC3B); adult-specific perturbation in the implicated cell type has no predicted functional effect despite verified engagement. Shared-signal evidence disappears on multiple-signal conditioning or complete variant coverage.	association hypothesis only; not an enhancement target
162	ENSG00000134986	NREP	162	R034	rs26046	2.44e-12	3.20616e-09	6.063810408e-05	334844	1314	18	PNRC2P2;RPS3AP21;CAMK4;AC010468.2;CAMK4-AS1;STARD4;STARD4-AS1;AC008967.1;HMGN1P13;CTD-2367A17.1;RN7SKP57;HMGN1P14;NREP-AS1;EPB41L4A;EPB41L4A-AS1;SNORA13;CTC-459M5.1;EPB41L4A-AS2	1.5	4687	Unknome 18_Mar_2026; maximum over uniquely HGNC-mapped proteins; derived/knownness-ranks.tsv	Tbio	50	unique	NA	NA	NA	NA	NA	NA	unresolved competing genes; gene-body association is not causal assignment	Lifelong developmental, systemic and adult explanations remain. Adult tissue expression observed (cerebellum); timing not identified.	419.7	cerebellum	not checked outside pilot	not checked outside pilot	NA	positional;eQTL	False	False	Lee CP GCST006572 + GENCODE v19; HGNC/Unknome/Pharos/HPA separate annotations; LD/QTL/perturbation not followed outside pilot; Savage/Genebass overlap; EA excluded	Independent ancestry-matched fine-mapping excludes rs26046 and assigns a different variant/gene (e.g. PNRC2P2, RPS3AP21, CAMK4); adult-specific perturbation in the implicated cell type has no predicted functional effect despite verified engagement. Shared-signal evidence disappears on multiple-signal conditioning or complete variant coverage.	association hypothesis only; not an enhancement target
163	ENSG00000172247	C1QTNF4	163	R074	rs35624992	4.36e-10	3.488e-09	6.5968544e-05	4996	8	59	LRP4-AS1;LRP4;CSTPP1;CTD-2384B9.1;RP11-390K5.3;ARFGAP2;RP11-390K5.6;PACSIN3;RP11-390K5.1;RN7SL772P;DDB2;RP11-17G12.2;ACP2;NR1H3;MADD;MADD-AS1;MYBPC3;SPI1;SLC39A13-AS1;AC090559.2;MIR4487;SLC39A13;PSMC3;RAPSN;RNU6-1302P;CELF1;AC090559.1;RP11-750H9.7;RN7SL652P;NDUFS3;PTPMT1;KBTBD4;RNU5E-10P;KBTBD4;FAM180B;Y_RNA;MTCH2;AGBL2;FNBP4;Y_RNA;snoU13;NUP160;RP11-692M12.5;RNA5SP340;Y_RNA;YPEL5P2;RP11-793I11.1;PTPRJ;PTPRJ-AS1;MIR3161;OR4B1;OR4B2P;OR4X2;OR4X1;OR4S1;OR4C3;OR4C4P;OR4C5;OR4C2P	4.2	10017	Unknome 18_Mar_2026; maximum over uniquely HGNC-mapped proteins; derived/knownness-ranks.tsv	Tbio	20	unique	NA	NA	NA	NA	NA	NA	unresolved competing genes; gene-body association is not causal assignment	Lifelong developmental, systemic and adult explanations remain. Adult tissue expression observed (basal ganglia); timing not identified.	129.5	basal ganglia	not checked outside pilot	not checked outside pilot	NA	positional;eQTL	False	False	Lee CP GCST006572 + GENCODE v19; HGNC/Unknome/Pharos/HPA separate annotations; LD/QTL/perturbation not followed outside pilot; Savage/Genebass overlap; EA excluded	Independent ancestry-matched fine-mapping excludes rs35624992 and assigns a different variant/gene (e.g. LRP4-AS1, LRP4, CSTPP1); adult-specific perturbation in the implicated cell type has no predicted functional effect despite verified engagement. Shared-signal evidence disappears on multiple-signal conditioning or complete variant coverage.	association hypothesis only; not an enhancement target
164	ENSG00000077458	FAM76B	164	R046	rs11021313	4.49e-11	3.7267e-09	7.04830771e-05	21468	83	12	Y_RNA;RP11-338H14.1;RP11-644L4.1;CEP57;AP001877.1;MTMR2;RNA5SP345;RPL32P25;MAML2;MIR1260B;CCDC82;JRKL	3.2	8468	Unknome 18_Mar_2026; maximum over uniquely HGNC-mapped proteins; derived/knownness-ranks.tsv	Tbio	49	unique	NA	NA	NA	NA	NA	NA	unresolved competing genes; gene-body association is not causal assignment	Lifelong developmental, systemic and adult explanations remain. Adult tissue expression observed (cerebral cortex); timing not identified.	3.5	cerebral cortex	not checked outside pilot	not checked outside pilot	4.1694e-09	positional;eQTL	False	False	Lee CP GCST006572 + GENCODE v19; HGNC/Unknome/Pharos/HPA separate annotations; LD/QTL/perturbation not followed outside pilot; Savage/Genebass overlap; EA excluded	Independent ancestry-matched fine-mapping excludes rs11021313 and assigns a different variant/gene (e.g. Y_RNA, RP11-338H14.1, RP11-644L4.1); adult-specific perturbation in the implicated cell type has no predicted functional effect despite verified engagement. Shared-signal evidence disappears on multiple-signal conditioning or complete variant coverage.	association hypothesis only; not an enhancement target
165	ENSG00000128595	CALU	165	R031	rs1043595	3.68e-11	3.864e-09	7.307983199999999e-05	32516	105	80	GRM8;AC000367.1;AC000362.1;MIR592;GRM8-AS1;PRELID3BP10;ZNF800;AC000123.4;LINC03012;GCC1;ARF5;FSCN3;PAX4;SND1-DT;SND1;RP11-20L24.1;LRRC4;MIR593;MIR129-1;LEP;RP11-62J1.4;AC018635.1;RBM28;RP11-62J1.3;RNU7-27P;PRRT4;IMPDH1;RP11-155G14.1;RNU7-54P;RP11-212P7.3;HILPDA;HILPDA-AS1;EFCAB3P1;METTL2B;LINC03072;RP11-274B21.1;RP11-212P7.1;RNU6-177P;RP11-274B21.2;RP11-274B21.4;AC018638.1;RP11-274B21.3;CICP14;RP11-274B21.10;RP11-274B21.5;GARIN1A;RP11-274B21.8;RP11-274B21.9;IMP3P2;RNA5SP242;RNA5SP243;GARIN1B;RN7SL81P;OPN1SW;CCDC136;FLNC;FLNC-AS1;KCP;ATP6V1F;RP11-309L24.4;SPMIP1;AC025594.1;RP11-309L24.6;IRF5;TNPO3;RN7SL306P;ODCP;TPI1P2;snoU13;RP11-128A6.3;RP11-286H14.2;RP11-286H14.1;CYCSP20;MAP2K1P2;TSPAN33;RNY1P11;RP11-286H14.6;SMO;RP11-286H14.8;AHCYL2	2.2	6585	Unknome 18_Mar_2026; maximum over uniquely HGNC-mapped proteins; derived/knownness-ranks.tsv	Tbio	222	unique	NA	NA	NA	NA	NA	NA	unresolved competing genes; gene-body association is not causal assignment	Lifelong developmental, systemic and adult explanations remain. Adult tissue expression observed (cerebral cortex); timing not identified.	37.8	cerebral cortex	not checked outside pilot	not checked outside pilot	2.6481e-07	positional;eQTL	False	False	Lee CP GCST006572 + GENCODE v19; HGNC/Unknome/Pharos/HPA separate annotations; LD/QTL/perturbation not followed outside pilot; Savage/Genebass overlap; EA excluded	Independent ancestry-matched fine-mapping excludes rs1043595 and assigns a different variant/gene (e.g. GRM8, AC000367.1, AC000362.1); adult-specific perturbation in the implicated cell type has no predicted functional effect despite verified engagement. Shared-signal evidence disappears on multiple-signal conditioning or complete variant coverage.	association hypothesis only; not an enhancement target
166	ENSG00000124126	PREX1	166	R006	rs6012538	4.6e-12	3.9191999999999995e-09	7.412382959999999e-05	203631	852	26	LINC00494;RP1-66N13.1;RNU7-144P;AL035106.1;ARFGEF2;SNAP23P1;CSE1L-DT;CSE1L;STAU1;ARPC3P1;DDX27;ZNFX1;ZFAS1;SNORD12C;SNORD12B;SNORD12;KCNB1;PTGIS;AL118525.1;B4GALT5;RN7SL197P;SNRPFP1;RNU6-919P;SLC9A8;RNU7-72P;GLYR1P1	9.6	15554	Unknome 18_Mar_2026; maximum over uniquely HGNC-mapped proteins; derived/knownness-ranks.tsv	Tbio	128	unique	NA	NA	NA	NA	NA	NA	unresolved competing genes; gene-body association is not causal assignment	Lifelong developmental, systemic and adult explanations remain. Adult tissue expression observed (spinal cord); timing not identified.	31.1	spinal cord	not checked outside pilot	not checked outside pilot	NA	positional;eQTL	False	False	Lee CP GCST006572 + GENCODE v19; HGNC/Unknome/Pharos/HPA separate annotations; LD/QTL/perturbation not followed outside pilot; Savage/Genebass overlap; EA excluded	Independent ancestry-matched fine-mapping excludes rs6012538 and assigns a different variant/gene (e.g. LINC00494, RP1-66N13.1, RNU7-144P); adult-specific perturbation in the implicated cell type has no predicted functional effect despite verified engagement. Shared-signal evidence disappears on multiple-signal conditioning or complete variant coverage.	association hypothesis only; not an enhancement target
167	ENSG00000182952	HMGN4	167	R008	rs9467782	2.16e-10	4.104e-09	7.761895199999999e-05	7850	19	515	ACOT13;RP1-30M3.5;C6orf62;RP1-30M3.6;LINC02828;AP3S1P1;GMNN;ARMH2;RIPOR2;AL512428.1;MTCO2P33;PPIAP29;RP11-367G6.3;ASS1P1;RN7SL334P;RP3-425P12.5;RP3-425P12.1;RP3-425P12.2;CMAHP;NUP50P2;CANT1P1;UBE2D3P5;RNY5P5;AL590084.1;RP11-191A15.4;RP3-522P13.3;KATNBL1P5;RPL21P68;HNRNPA3P17;CARMIL1;Y_RNA;RNU6-987P;AL160037.1;snoU13;SCGN;PRELID1P2;H2AC1;H2BC1;H2BC2P;H2AC2P;SLC17A4;SLC17A1;SLC17A3;H2AC3P;SLC17A2;TRIM38;U91328.21;U91328.20;LINC02980;U91328.22;H3P26;H1-1;HIST1H3A;HIST1H4A;HIST1H4B;HIST1H3B;HIST1H2AB;HIST1H2BB;H2AC5P;HIST1H3C;H1-2;HFE;H4C3;H1-6;H2BC4;H2AC6;H1-4;H2BC5;LARP1P1;HIST1H2BE;HIST1H4D;H1-12P;H3C4;H2AC7;HIST1H2BF;RP1-34B20.4;HIST1H4E;HIST1H2BG;HIST1H2AE;HIST1H3E;H2AC9P;H1-3;HIST1H4F;HIST1H4G;HIST1H3F;HIST1H2BH;HIST1H3G;H2AC10P;HIST1H2BI;H4C8;H3C9P;RNU6-1259P;BTN3A2;AL021917.1;BTN2A2;BTN3A1;BTN2A3P;BTN3A3;BTN2A1;BTN1A1;RNU6-502P;HCG11;CTA-14H9.5;ABT1;RP11-457M11.6;VN1R14P;RP11-457M11.2;ZNF322;RP11-457M11.5;GUSBP2;POM121L6P;LINC00240;RP11-239L20.6;TRNAI2;VN1R12P;VN1R13P;VN1R11P;RNU2-62P;RP1-86C11.7;H2BC11;H2AC11;H2BC12;HIST1H4I;HIST1H2AH;MIR3143;RPL10P2;PRSS16;CDCA7P1;POM121L2;VN1R10P;ZNF204P;ZNF391;RP1-153G14.4;MCFD2P1;ZNF184;XXbac-BPGBPG34I8.1;HNRNPA1P1;CD83P1;RNU6-471P;TRNAI6;RPL8P1;GPHRP1;RSL24D1P1;H4C10P;H2BC13;H2AC13;HIST1H3H;HIST1H2AJ;HIST1H2BM;H4C11;HIST1H4K;HIST1H2AK;H2BC15;H2BC16P;HIST1H2AL;H1-5;HIST1H3I;HIST1H4L;H3C12;HIST1H2AM;HIST1H2BO;RNU7-26P;OR2B2;OR2W6P;OR2B6;RPLP2P1;OR2W4P;IQCB2P;U3;OR2W2P;OR2B7P;OR2B8;OR1F12P;RP1-313I6.12;ZNF165;ZSCAN12P1;ZNF602P;ZSCAN16-AS1;ZSCAN16;RP1-265C24.8;ZKSCAN8;ZKSCAN8P1;ZNF603P;ZKSCAN8P2;TOB2P1;ZSCAN9;ZKSCAN4;NKAPL;ZSCAN26;PGBD1;SMIM15P2;ZSCAN31;ZKSCAN3;ZSCAN12;RNU2-45P;ZSCAN23;COX11P1;OR2E1P;GPX6;GPX5;SCAND3;SCAND3-AS1;COX8CP1;AL121932.1;LINC00533;RPSAP2;AL662890.1;NOP56P1;AL662890.3;XXbac-BPG308K3.5;LINC01623;RPL13P;ZNF90P2;HCG14;TRIM27;RNU6-930P;LINC01556;KRT18P1;RN7SL471P;HCG15;HCG16;ZNF311;OR2AD1P;OR2W1;OR2P1P;SAR1AP1;OR2B3;OR2J1;OR2J3;XXbac-BCX196D17.5;OR2N1P;OR2J2;OR2J4P;OR2H4P;XXbac-BPG308J9.3;OR2G1P;OR2U1P;OR2U2P;OR2B4P;OR14J1;DDX6P1;OR5V1;OR12D3;OR12D2;OR12D1;OR11A1;OR10C1;OR2H1;UBDP1;MAS1LP1;MAS1L;RPS17P1;LINC02829;LINC01015;MAS1LP2;OR2I1;UBD;GABBR1;OR2H5P;TMEM183AP1;SNORD32B;RPL13AP;OR2H2;SUMO2P1;MOG;ZFP57;ZDHHC20P1;HLA-F;HCG4P11;HLA-F-AS1;RPL23AP1;MICE;HCG9P5;Y_RNA;IFITM4P;XXbac-BPG170G13.32;XXbac-BPG170G13.31;HLA-V;HCG4;HLA-P;RPL7AP7;MICG;HLA-G;HCG4P8;MICF;HCG4P7;HLA-H;HLA-T;DDX39BP1;MCCD1P1;HCG4B;HLA-K;HLA-U;HLA-A;HCG4P5;HLA-W;MICD;HCG9;DDX39BP2;MCCD1P2;POLR1HASP;HCG4P3;HLA-J;ETF1P1;POLR1H;PPP1R11;RNF39;AL669914.1;TRIM31;TRIM31-AS1;SNORA48;TRIM40;TRIM10;TRIM15;TRIM26;PAIP1P1;HCG17;TRIM26BP;HLA-L;HCG18;TRIM39;TRIM39-RPP21;RPP21;HLA-N;HCG19P;UBQLN1P1;MICC;TMPOP1;SUCLA2P1;RANP1;HLA-E;LINC02569;GNL1;PRR3;ABCF1;MIR877;PPP1R10;AL662800.1;MRPS18B;ATAT1;PTMAP1;C6orf136;AL662800.2;DHX16;PPP1R18;NRM;RPL7P4;MDC1;MDC1-AS1;TUBB;XXbac-BPG252P9.9;FLOT1;Y_RNA;IER3-AS1;IER3;RN7SL353P;HCG20;LINC00243;LINC02570;RN7SKP186;DDR1-DT;DDR1;MIR4640;RN7SL175P;GTF2H4;VARS2;SFTA2;Y_RNA;MUCL3;HCG21;MUC21;MUC22;HCG22;RNU6-1133P;C6orf15;PSORS1C1;CDSN;PSORS1C2;POLR2LP1;CCHCR1;TCF19;POU5F1;PSORS1C3;XXbac-BPG299F13.17;HCG27;XXbac-BPG299F13.14;XXbac-BPG299F13.15;XXbac-BPG299F13.16;HLA-C;USP8P1;RPL3P2;WASF5P;LINC02571;XXbac-BPG248L24.10;HLA-B;XXbac-BPG248L24.12;DHFRP2;RNU6-283P;AL671883.1;FGFR3P1;ZDHHC20P2;HLA-S;XXbac-BPG181B23.7;HCP5;Y_RNA;MICA;LINC01149;XXbac-BPG181B23.6;MICB;Y_RNA;XXbac-BPG16N22.5;PPIAP9;RPL15P4;MCCD1;ATP6V1G2-DDX39B;DDX39B;SNORD117;SNORD84;DDX39B-AS1;ATP6V1G2;NFKBIL1;LTA;TNF;LTB;LST1;NCR3;UQCRHP1;AIF1;PRRC2A;SNORA38;BAG6;APOM;C6orf47;C6orf47-AS1;GPANK1;Y_RNA;CSNK2B;CSNK2B-LY6G5B-1181;LY6G5B;LY6G5C;ABHD16A;XXbac-BPG32J3.20;MIR4646;LY6G6F;LY6G6F-LY6G6D;LY6G6E;LY6G6D;MPIG6B;LY6G6C;DDAH2;CLIC1;MSH5;MSH5-SAPCD1;RNU6-850P;SAPCD1;SAPCD1-AS1;VWA7;VARS1;Y_RNA;LSM2;HSPA1L;HSPA1A;HSPA1B;SNHG32;SNORD48;SNORD52;NEU1;SLC44A4;EHMT2;EHMT2-AS1;C2;ZBTB12;CFB;CFB;NELFE;MIR1236;SKIC2;DXO;WHR1;C4A;C4A-AS1;CYP21A1P;AL645922.1;TNXA;WHR1B;C4B;C4B-AS1;CYP21A2;TNXB;RNA5SP206;ATF6B;FKBPL;PRRT1;PPT2;PPT2-EGFL8;EGFL8;AGPAT1;RNF5;AGER;PBX2;XXbac-BPG300A18.13;GPSM3;NOTCH4;TSBP1-AS1;TSBP1;HNRNPA1P2;RNU6-603P;HCG23;BTNL2;HLA-DRA;HLA-DRB9;HLA-DRB5;RNU1-61P;HLA-DRB6;HLA-DRB1	1.0	3282	Unknome 18_Mar_2026; maximum over uniquely HGNC-mapped proteins; derived/knownness-ranks.tsv	Tdark	51	unique	NA	NA	NA	NA	NA	NA	unresolved competing genes; gene-body association is not causal assignment	Lifelong developmental, systemic and adult explanations remain. Adult tissue expression observed (cerebellum); timing not identified.	26.1	cerebellum	not checked outside pilot	not checked outside pilot	5.7805e-07	chromatin	False	False	Lee CP GCST006572 + GENCODE v19; HGNC/Unknome/Pharos/HPA separate annotations; LD/QTL/perturbation not followed outside pilot; Savage/Genebass overlap; EA excluded	Independent ancestry-matched fine-mapping excludes rs9467782 and assigns a different variant/gene (e.g. ACOT13, RP1-30M3.5, C6orf62); adult-specific perturbation in the implicated cell type has no predicted functional effect despite verified engagement. Shared-signal evidence disappears on multiple-signal conditioning or complete variant coverage.	association hypothesis only; not an enhancement target
168	ENSG00000112812	PRSS16	168	R008	rs35589403	1.59e-10	4.134e-09	7.8186342e-05	8924	26	515	ACOT13;RP1-30M3.5;C6orf62;RP1-30M3.6;LINC02828;AP3S1P1;GMNN;ARMH2;RIPOR2;AL512428.1;MTCO2P33;PPIAP29;RP11-367G6.3;ASS1P1;RN7SL334P;RP3-425P12.5;RP3-425P12.1;RP3-425P12.2;CMAHP;NUP50P2;CANT1P1;UBE2D3P5;RNY5P5;AL590084.1;RP11-191A15.4;RP3-522P13.3;KATNBL1P5;RPL21P68;HNRNPA3P17;CARMIL1;Y_RNA;RNU6-987P;AL160037.1;snoU13;SCGN;PRELID1P2;H2AC1;H2BC1;H2BC2P;H2AC2P;SLC17A4;SLC17A1;SLC17A3;H2AC3P;SLC17A2;TRIM38;U91328.21;U91328.20;LINC02980;U91328.22;H3P26;H1-1;HIST1H3A;HIST1H4A;HIST1H4B;HIST1H3B;HIST1H2AB;HIST1H2BB;H2AC5P;HIST1H3C;H1-2;HFE;H4C3;H1-6;H2BC4;H2AC6;H1-4;H2BC5;LARP1P1;HIST1H2BE;HIST1H4D;H1-12P;H3C4;H2AC7;HIST1H2BF;RP1-34B20.4;HIST1H4E;HIST1H2BG;HIST1H2AE;HIST1H3E;H2AC9P;H1-3;HIST1H4F;HIST1H4G;HIST1H3F;HIST1H2BH;HIST1H3G;H2AC10P;HIST1H2BI;H4C8;H3C9P;RNU6-1259P;BTN3A2;AL021917.1;BTN2A2;BTN3A1;BTN2A3P;BTN3A3;BTN2A1;BTN1A1;RNU6-502P;HCG11;CTA-14H9.5;HMGN4;ABT1;RP11-457M11.6;VN1R14P;RP11-457M11.2;ZNF322;RP11-457M11.5;GUSBP2;POM121L6P;LINC00240;RP11-239L20.6;TRNAI2;VN1R12P;VN1R13P;VN1R11P;RNU2-62P;RP1-86C11.7;H2BC11;H2AC11;H2BC12;HIST1H4I;HIST1H2AH;MIR3143;RPL10P2;CDCA7P1;POM121L2;VN1R10P;ZNF204P;ZNF391;RP1-153G14.4;MCFD2P1;ZNF184;XXbac-BPGBPG34I8.1;HNRNPA1P1;CD83P1;RNU6-471P;TRNAI6;RPL8P1;GPHRP1;RSL24D1P1;H4C10P;H2BC13;H2AC13;HIST1H3H;HIST1H2AJ;HIST1H2BM;H4C11;HIST1H4K;HIST1H2AK;H2BC15;H2BC16P;HIST1H2AL;H1-5;HIST1H3I;HIST1H4L;H3C12;HIST1H2AM;HIST1H2BO;RNU7-26P;OR2B2;OR2W6P;OR2B6;RPLP2P1;OR2W4P;IQCB2P;U3;OR2W2P;OR2B7P;OR2B8;OR1F12P;RP1-313I6.12;ZNF165;ZSCAN12P1;ZNF602P;ZSCAN16-AS1;ZSCAN16;RP1-265C24.8;ZKSCAN8;ZKSCAN8P1;ZNF603P;ZKSCAN8P2;TOB2P1;ZSCAN9;ZKSCAN4;NKAPL;ZSCAN26;PGBD1;SMIM15P2;ZSCAN31;ZKSCAN3;ZSCAN12;RNU2-45P;ZSCAN23;COX11P1;OR2E1P;GPX6;GPX5;SCAND3;SCAND3-AS1;COX8CP1;AL121932.1;LINC00533;RPSAP2;AL662890.1;NOP56P1;AL662890.3;XXbac-BPG308K3.5;LINC01623;RPL13P;ZNF90P2;HCG14;TRIM27;RNU6-930P;LINC01556;KRT18P1;RN7SL471P;HCG15;HCG16;ZNF311;OR2AD1P;OR2W1;OR2P1P;SAR1AP1;OR2B3;OR2J1;OR2J3;XXbac-BCX196D17.5;OR2N1P;OR2J2;OR2J4P;OR2H4P;XXbac-BPG308J9.3;OR2G1P;OR2U1P;OR2U2P;OR2B4P;OR14J1;DDX6P1;OR5V1;OR12D3;OR12D2;OR12D1;OR11A1;OR10C1;OR2H1;UBDP1;MAS1LP1;MAS1L;RPS17P1;LINC02829;LINC01015;MAS1LP2;OR2I1;UBD;GABBR1;OR2H5P;TMEM183AP1;SNORD32B;RPL13AP;OR2H2;SUMO2P1;MOG;ZFP57;ZDHHC20P1;HLA-F;HCG4P11;HLA-F-AS1;RPL23AP1;MICE;HCG9P5;Y_RNA;IFITM4P;XXbac-BPG170G13.32;XXbac-BPG170G13.31;HLA-V;HCG4;HLA-P;RPL7AP7;MICG;HLA-G;HCG4P8;MICF;HCG4P7;HLA-H;HLA-T;DDX39BP1;MCCD1P1;HCG4B;HLA-K;HLA-U;HLA-A;HCG4P5;HLA-W;MICD;HCG9;DDX39BP2;MCCD1P2;POLR1HASP;HCG4P3;HLA-J;ETF1P1;POLR1H;PPP1R11;RNF39;AL669914.1;TRIM31;TRIM31-AS1;SNORA48;TRIM40;TRIM10;TRIM15;TRIM26;PAIP1P1;HCG17;TRIM26BP;HLA-L;HCG18;TRIM39;TRIM39-RPP21;RPP21;HLA-N;HCG19P;UBQLN1P1;MICC;TMPOP1;SUCLA2P1;RANP1;HLA-E;LINC02569;GNL1;PRR3;ABCF1;MIR877;PPP1R10;AL662800.1;MRPS18B;ATAT1;PTMAP1;C6orf136;AL662800.2;DHX16;PPP1R18;NRM;RPL7P4;MDC1;MDC1-AS1;TUBB;XXbac-BPG252P9.9;FLOT1;Y_RNA;IER3-AS1;IER3;RN7SL353P;HCG20;LINC00243;LINC02570;RN7SKP186;DDR1-DT;DDR1;MIR4640;RN7SL175P;GTF2H4;VARS2;SFTA2;Y_RNA;MUCL3;HCG21;MUC21;MUC22;HCG22;RNU6-1133P;C6orf15;PSORS1C1;CDSN;PSORS1C2;POLR2LP1;CCHCR1;TCF19;POU5F1;PSORS1C3;XXbac-BPG299F13.17;HCG27;XXbac-BPG299F13.14;XXbac-BPG299F13.15;XXbac-BPG299F13.16;HLA-C;USP8P1;RPL3P2;WASF5P;LINC02571;XXbac-BPG248L24.10;HLA-B;XXbac-BPG248L24.12;DHFRP2;RNU6-283P;AL671883.1;FGFR3P1;ZDHHC20P2;HLA-S;XXbac-BPG181B23.7;HCP5;Y_RNA;MICA;LINC01149;XXbac-BPG181B23.6;MICB;Y_RNA;XXbac-BPG16N22.5;PPIAP9;RPL15P4;MCCD1;ATP6V1G2-DDX39B;DDX39B;SNORD117;SNORD84;DDX39B-AS1;ATP6V1G2;NFKBIL1;LTA;TNF;LTB;LST1;NCR3;UQCRHP1;AIF1;PRRC2A;SNORA38;BAG6;APOM;C6orf47;C6orf47-AS1;GPANK1;Y_RNA;CSNK2B;CSNK2B-LY6G5B-1181;LY6G5B;LY6G5C;ABHD16A;XXbac-BPG32J3.20;MIR4646;LY6G6F;LY6G6F-LY6G6D;LY6G6E;LY6G6D;MPIG6B;LY6G6C;DDAH2;CLIC1;MSH5;MSH5-SAPCD1;RNU6-850P;SAPCD1;SAPCD1-AS1;VWA7;VARS1;Y_RNA;LSM2;HSPA1L;HSPA1A;HSPA1B;SNHG32;SNORD48;SNORD52;NEU1;SLC44A4;EHMT2;EHMT2-AS1;C2;ZBTB12;CFB;CFB;NELFE;MIR1236;SKIC2;DXO;WHR1;C4A;C4A-AS1;CYP21A1P;AL645922.1;TNXA;WHR1B;C4B;C4B-AS1;CYP21A2;TNXB;RNA5SP206;ATF6B;FKBPL;PRRT1;PPT2;PPT2-EGFL8;EGFL8;AGPAT1;RNF5;AGER;PBX2;XXbac-BPG300A18.13;GPSM3;NOTCH4;TSBP1-AS1;TSBP1;HNRNPA1P2;RNU6-603P;HCG23;BTNL2;HLA-DRA;HLA-DRB9;HLA-DRB5;RNU1-61P;HLA-DRB6;HLA-DRB1	1.7	5664	Unknome 18_Mar_2026; maximum over uniquely HGNC-mapped proteins; derived/knownness-ranks.tsv	Tbio	26	unique	NA	NA	NA	NA	NA	NA	unresolved competing genes; gene-body association is not causal assignment	Lifelong developmental, systemic and adult explanations remain. Adult tissue expression observed (cerebral cortex); timing not identified.	0.1	cerebral cortex	not checked outside pilot	not checked outside pilot	NA	eQTL	False	False	Lee CP GCST006572 + GENCODE v19; HGNC/Unknome/Pharos/HPA separate annotations; LD/QTL/perturbation not followed outside pilot; Savage/Genebass overlap; EA excluded	Independent ancestry-matched fine-mapping excludes rs35589403 and assigns a different variant/gene (e.g. ACOT13, RP1-30M3.5, C6orf62); adult-specific perturbation in the implicated cell type has no predicted functional effect despite verified engagement. Shared-signal evidence disappears on multiple-signal conditioning or complete variant coverage.	association hypothesis only; not an enhancement target
169	ENSG00000138777	PPA2	169	R009	rs2636699	8.29e-12	4.2859299999999995e-09	8.105979408999998e-05	105005	517	24	CXXC4-AS1;RP11-556I14.2;RPL6P14;RP11-556I14.1;RNU6-351P;AC004069.1;SNORA31;AC004069.2;TET2;TET2-AS1;RN7SL89P;RNU6-553P;EEF1A1P9;PIMREGP2;ATP5F1EP1;ARHGEF38-DT;ARHGEF38;ARHGEF38-IT1;RP11-311D14.1;INTS12;GSTCD;GSTCD-AS1;NPNT;NPNT-AS1	3.4	8766	Unknome 18_Mar_2026; maximum over uniquely HGNC-mapped proteins; derived/knownness-ranks.tsv	Tbio	102	unique	NA	NA	NA	NA	NA	NA	unresolved competing genes; gene-body association is not causal assignment	Lifelong developmental, systemic and adult explanations remain. Adult tissue expression observed (midbrain); timing not identified.	12.0	midbrain	not checked outside pilot	not checked outside pilot	4.6542e-10	positional;eQTL;chromatin	False	False	Lee CP GCST006572 + GENCODE v19; HGNC/Unknome/Pharos/HPA separate annotations; LD/QTL/perturbation not followed outside pilot; Savage/Genebass overlap; EA excluded	Independent ancestry-matched fine-mapping excludes rs2636699 and assigns a different variant/gene (e.g. CXXC4-AS1, RP11-556I14.2, RPL6P14); adult-specific perturbation in the implicated cell type has no predicted functional effect despite verified engagement. Shared-signal evidence disappears on multiple-signal conditioning or complete variant coverage.	association hypothesis only; not an enhancement target
170	ENSG00000117407	ARTN	170	R069	rs1548634	3.43e-10	4.4590000000000004e-09	8.433306700000001e-05	3922	13	53	SLC2A1-DT;RNU6-880P;RNU6-870P;CFAP144;EBNA1BP2;CFAP57;RNA5SP46;TMEM125;C1orf210;TIE1;MPL;CDC20-DT;CDC20;ELOVL1;MED8;MED8-AS1;SZT2;SZT2-AS1;HYI;HYI-AS1;PTPRF;KDM4A;KDM4A-AS1;ST3GAL3;ST3GAL3-AS1;RNU6-1058P;RP11-184I16.3;SHMT1P1;LINC02918;IPO13;DPH2;ATP6V0B;B4GALT2;CCDC24;SLC6A9;RP5-1198O20.4;RP5-1198O20.5;KRT8P47;RN7SL479P;KLF17;RP11-570P14.1;RP4-675G8.2;RP4-675G8.3;Y_RNA;OOSP1P1;RP5-891H21.1;RP5-891H21.5;DMAP1;ERI3;ERI3-IT1;AL390776.1;RNU6-369P;RNF220	5.8	12204	Unknome 18_Mar_2026; maximum over uniquely HGNC-mapped proteins; derived/knownness-ranks.tsv	Tbio	72	unique	NA	NA	NA	NA	NA	NA	unresolved competing genes; gene-body association is not causal assignment	Lifelong developmental, systemic and adult explanations remain. Adult tissue expression observed (cerebellum); timing not identified.	3.7	cerebellum	not checked outside pilot	not checked outside pilot	1.1105e-06	positional;eQTL;chromatin	False	False	Lee CP GCST006572 + GENCODE v19; HGNC/Unknome/Pharos/HPA separate annotations; LD/QTL/perturbation not followed outside pilot; Savage/Genebass overlap; EA excluded	Independent ancestry-matched fine-mapping excludes rs1548634 and assigns a different variant/gene (e.g. SLC2A1-DT, RNU6-880P, RNU6-870P); adult-specific perturbation in the implicated cell type has no predicted functional effect despite verified engagement. Shared-signal evidence disappears on multiple-signal conditioning or complete variant coverage.	association hypothesis only; not an enhancement target
171	ENSG00000178537	SLC25A20	171	R001	rs112837572	9.58e-11	4.9815999999999994e-09	9.42170008e-05	42058	52	145	MAP4;RPS27P30;RN7SL664P;RPL17P16;CDC25A;SNRPFP4;RNU7-128P;NDUFB1P1;MIR4443;CAMP;ZNF589;MRPS18AP1;Y_RNA;FCF1P2;NME6;SPINK8;MIR2115;FBXW12;RN7SL321P;PLXNB1;CCDC51;TMA7;RP11-24C3.2;ATRIP;TREX1;SHISA5;AC104448.1;PFKFB4;UCN2;COL7A1;MIR711;UQCRC1;TMEM89;SLC26A6;CELSR3;MIR4793;LINC02585;NCKIPSD;RP11-572O6.1;IP6K2;PRKAR2A;PRKAR2A-AS1;ARIH2OS;ARIH2;RP13-131K19.1;RP13-131K19.2;RP13-131K19.7;P4HTM;WDR6;DALRD3;MIR425;NDUFAF3;MIR191;IMPDH2;RP13-131K19.6;QRICH1;RN7SL182P;QARS1;USP19;LAMB2;LAMB2P1;CCDC71;KLHDC8B;CIMIP7;IHO1;GCSHP6;RP11-3B7.1;C3orf62;Y_RNA;MIR4271;USP4;GPX1;RHOA;RHOA-IT1;TCTA;AMT;NICN1-AS1;NICN1;RNA5SP130;DAG1;BSN-DT;BSN;BSN-AS1;APEH;MST1;AC099668.5;RNF123;AMIGO3;GMPPB;IP6K1;COX6CP14;PHF5AP3;CDHR4;INKA1;UBA7;MIR5193;AC139451.1;TRAIP;CAMKV;RN7SL217P;ACTL11P;MST1R;CTD-2330K9.2;CTD-2330K9.3;MON1A;RBM6;RBM5;SEMA3F-AS1;SEMA3F;MIR566;GNAT1;SLC38A3;GNAI2;U73169.1;LINC03143;SEMA3B-AS1;SEMA3B;LSMEM2;IFRD2;HYAL3;NAA80;HYAL1;HYAL2;TUSC2;RASSF1;ZMYND10-AS1;ZMYND10;NPRL2;CYB561D2;XXcos-LUCA11.5;TMEM115;CACNA2D2;XXcos-LUCA11.4;RNA5SP131;C3orf18;HEMK1;CISH;MAPKAPK3;LINC02019;MIR4787;DOCK3;PPIAP69;RP11-646D13.1;ZNF652P1;ST13P14	4.2	10017	Unknome 18_Mar_2026; maximum over uniquely HGNC-mapped proteins; derived/knownness-ranks.tsv	Tbio	85	unique	0.09888565156279817	1686	True	0.007801019306819415	0.5126737414049014	NA	unresolved competing genes; gene-body association is not causal assignment	Lifelong developmental, systemic and adult explanations remain. Adult tissue expression observed (basal ganglia); timing not identified.	16.8	basal ganglia	not established; target mapping/primary phenotype table unavailable	Tian 2019 iPSC-derived glutamatergic neuron survival D14/D21/D28; CROP-seq D7 transcription; not cognitive performance or mature adult physiology	2.0221e-06	positional	False	False	Lee CP GCST006572 + GENCODE v19; HGNC/Unknome/Pharos/HPA separate annotations; EUR LD + GTEx DLPFC/Catalogue + chain/VEP + Tian guide coverage pilot; Savage/Genebass overlap; EA excluded	Independent ancestry-matched fine-mapping excludes rs112837572 and assigns a different variant/gene (e.g. MAP4, RPS27P30, RN7SL664P); adult-specific perturbation in the implicated cell type has no predicted functional effect despite verified engagement. Shared-signal evidence disappears on multiple-signal conditioning or complete variant coverage.	association hypothesis only; not an enhancement target
172	ENSG00000166037	CEP57	172	R046	rs602512	2.92e-11	5.1976e-09	9.83022088e-05	42729	178	12	Y_RNA;RP11-338H14.1;RP11-644L4.1;FAM76B;AP001877.1;MTMR2;RNA5SP345;RPL32P25;MAML2;MIR1260B;CCDC82;JRKL	3.4	8766	Unknome 18_Mar_2026; maximum over uniquely HGNC-mapped proteins; derived/knownness-ranks.tsv	Tbio	73	unique	NA	NA	NA	NA	NA	NA	unresolved competing genes; gene-body association is not causal assignment	Lifelong developmental, systemic and adult explanations remain. Adult tissue expression observed (cerebellum); timing not identified.	20.3	cerebellum	not checked outside pilot	not checked outside pilot	6.4232e-10	positional;eQTL	False	False	Lee CP GCST006572 + GENCODE v19; HGNC/Unknome/Pharos/HPA separate annotations; LD/QTL/perturbation not followed outside pilot; Savage/Genebass overlap; EA excluded	Independent ancestry-matched fine-mapping excludes rs602512 and assigns a different variant/gene (e.g. Y_RNA, RP11-338H14.1, RP11-644L4.1); adult-specific perturbation in the implicated cell type has no predicted functional effect despite verified engagement. Shared-signal evidence disappears on multiple-signal conditioning or complete variant coverage.	association hypothesis only; not an enhancement target
173	ENSG00000172046	USP19	173	R001	rs11552724	3.1e-10	5.27e-09	9.967151000000001e-05	12893	17	145	MAP4;RPS27P30;RN7SL664P;RPL17P16;CDC25A;SNRPFP4;RNU7-128P;NDUFB1P1;MIR4443;CAMP;ZNF589;MRPS18AP1;Y_RNA;FCF1P2;NME6;SPINK8;MIR2115;FBXW12;RN7SL321P;PLXNB1;CCDC51;TMA7;RP11-24C3.2;ATRIP;TREX1;SHISA5;AC104448.1;PFKFB4;UCN2;COL7A1;MIR711;UQCRC1;TMEM89;SLC26A6;CELSR3;MIR4793;LINC02585;NCKIPSD;RP11-572O6.1;IP6K2;PRKAR2A;PRKAR2A-AS1;SLC25A20;ARIH2OS;ARIH2;RP13-131K19.1;RP13-131K19.2;RP13-131K19.7;P4HTM;WDR6;DALRD3;MIR425;NDUFAF3;MIR191;IMPDH2;RP13-131K19.6;QRICH1;RN7SL182P;QARS1;LAMB2;LAMB2P1;CCDC71;KLHDC8B;CIMIP7;IHO1;GCSHP6;RP11-3B7.1;C3orf62;Y_RNA;MIR4271;USP4;GPX1;RHOA;RHOA-IT1;TCTA;AMT;NICN1-AS1;NICN1;RNA5SP130;DAG1;BSN-DT;BSN;BSN-AS1;APEH;MST1;AC099668.5;RNF123;AMIGO3;GMPPB;IP6K1;COX6CP14;PHF5AP3;CDHR4;INKA1;UBA7;MIR5193;AC139451.1;TRAIP;CAMKV;RN7SL217P;ACTL11P;MST1R;CTD-2330K9.2;CTD-2330K9.3;MON1A;RBM6;RBM5;SEMA3F-AS1;SEMA3F;MIR566;GNAT1;SLC38A3;GNAI2;U73169.1;LINC03143;SEMA3B-AS1;SEMA3B;LSMEM2;IFRD2;HYAL3;NAA80;HYAL1;HYAL2;TUSC2;RASSF1;ZMYND10-AS1;ZMYND10;NPRL2;CYB561D2;XXcos-LUCA11.5;TMEM115;CACNA2D2;XXcos-LUCA11.4;RNA5SP131;C3orf18;HEMK1;CISH;MAPKAPK3;LINC02019;MIR4787;DOCK3;PPIAP69;RP11-646D13.1;ZNF652P1;ST13P14	12.0	16648	Unknome 18_Mar_2026; maximum over uniquely HGNC-mapped proteins; derived/knownness-ranks.tsv	Tchem	115	unique	NA	1893	True	0.005576073308368275	0.4590095373879938	NA	unresolved competing genes; gene-body association is not causal assignment	Lifelong developmental, systemic and adult explanations remain. Adult tissue expression observed (cerebellum); timing not identified.	18.3	cerebellum	not established; target mapping/primary phenotype table unavailable	Tian 2019 iPSC-derived glutamatergic neuron survival D14/D21/D28; CROP-seq D7 transcription; not cognitive performance or mature adult physiology	1.0081e-06	positional;chromatin	False	False	Lee CP GCST006572 + GENCODE v19; HGNC/Unknome/Pharos/HPA separate annotations; EUR LD + GTEx DLPFC/Catalogue + chain/VEP + Tian guide coverage pilot; Savage/Genebass overlap; EA excluded	Independent ancestry-matched fine-mapping excludes rs11552724 and assigns a different variant/gene (e.g. MAP4, RPS27P30, RN7SL664P); adult-specific perturbation in the implicated cell type has no predicted functional effect despite verified engagement. Shared-signal evidence disappears on multiple-signal conditioning or complete variant coverage.	association hypothesis only; not an enhancement target
174	ENSG00000131188	PRR7	174	R040	rs465670	3.77e-10	5.278e-09	9.982281400000001e-05	9838	14	41	UIMC1;ZNF346;ZNF346-IT1;FGFR4;NSD1;RPL21P60;PRMT1P1;RAB24;MXD3;PRELID1;LMAN2;RN7SL562P;CTD-2301A4.1;RGS14;SLC34A1;PFN3;F12;GRK6;PRR7-AS1;DBN1;PDLIM7;PDLIM7-AS1;DOK3;DDX41;FAM193B;FAM193B-DT;TMED9;B4GALT7;RP11-1277A3.1;SIMC1P1;FAM153A-AS1;FAM153A;FAM153A-AS2;RP11-1026M7.3;RP11-423H2.1;OR1X5P;LINC03224;AC106795.1;RP11-1252I4.2;RP11-423H2.3;SUDS3P1	4.5	10501	Unknome 18_Mar_2026; maximum over uniquely HGNC-mapped proteins; derived/knownness-ranks.tsv	Tbio	12	unique	NA	NA	NA	NA	NA	NA	unresolved competing genes; gene-body association is not causal assignment	Lifelong developmental, systemic and adult explanations remain. Adult tissue expression observed (basal ganglia); timing not identified.	31.9	basal ganglia	not checked outside pilot	not checked outside pilot	5.9254e-10	positional;eQTL	False	False	Lee CP GCST006572 + GENCODE v19; HGNC/Unknome/Pharos/HPA separate annotations; LD/QTL/perturbation not followed outside pilot; Savage/Genebass overlap; EA excluded	Independent ancestry-matched fine-mapping excludes rs465670 and assigns a different variant/gene (e.g. UIMC1, ZNF346, ZNF346-IT1); adult-specific perturbation in the implicated cell type has no predicted functional effect despite verified engagement. Shared-signal evidence disappears on multiple-signal conditioning or complete variant coverage.	association hypothesis only; not an enhancement target
175	ENSG00000172053	QARS1	175	R001	rs35673421	4.12e-10	5.356e-09	0.000101298028	9189	13	145	MAP4;RPS27P30;RN7SL664P;RPL17P16;CDC25A;SNRPFP4;RNU7-128P;NDUFB1P1;MIR4443;CAMP;ZNF589;MRPS18AP1;Y_RNA;FCF1P2;NME6;SPINK8;MIR2115;FBXW12;RN7SL321P;PLXNB1;CCDC51;TMA7;RP11-24C3.2;ATRIP;TREX1;SHISA5;AC104448.1;PFKFB4;UCN2;COL7A1;MIR711;UQCRC1;TMEM89;SLC26A6;CELSR3;MIR4793;LINC02585;NCKIPSD;RP11-572O6.1;IP6K2;PRKAR2A;PRKAR2A-AS1;SLC25A20;ARIH2OS;ARIH2;RP13-131K19.1;RP13-131K19.2;RP13-131K19.7;P4HTM;WDR6;DALRD3;MIR425;NDUFAF3;MIR191;IMPDH2;RP13-131K19.6;QRICH1;RN7SL182P;USP19;LAMB2;LAMB2P1;CCDC71;KLHDC8B;CIMIP7;IHO1;GCSHP6;RP11-3B7.1;C3orf62;Y_RNA;MIR4271;USP4;GPX1;RHOA;RHOA-IT1;TCTA;AMT;NICN1-AS1;NICN1;RNA5SP130;DAG1;BSN-DT;BSN;BSN-AS1;APEH;MST1;AC099668.5;RNF123;AMIGO3;GMPPB;IP6K1;COX6CP14;PHF5AP3;CDHR4;INKA1;UBA7;MIR5193;AC139451.1;TRAIP;CAMKV;RN7SL217P;ACTL11P;MST1R;CTD-2330K9.2;CTD-2330K9.3;MON1A;RBM6;RBM5;SEMA3F-AS1;SEMA3F;MIR566;GNAT1;SLC38A3;GNAI2;U73169.1;LINC03143;SEMA3B-AS1;SEMA3B;LSMEM2;IFRD2;HYAL3;NAA80;HYAL1;HYAL2;TUSC2;RASSF1;ZMYND10-AS1;ZMYND10;NPRL2;CYB561D2;XXcos-LUCA11.5;TMEM115;CACNA2D2;XXcos-LUCA11.4;RNA5SP131;C3orf18;HEMK1;CISH;MAPKAPK3;LINC02019;MIR4787;DOCK3;PPIAP69;RP11-646D13.1;ZNF652P1;ST13P14	9.8	15662	Unknome 18_Mar_2026; maximum over uniquely HGNC-mapped proteins; derived/knownness-ranks.tsv	Tchem	215	unique	0.10694573191242092	1891	True	0.00743135954552631	0.5069620585217905	NA	unresolved competing genes; gene-body association is not causal assignment	Lifelong developmental, systemic and adult explanations remain. Adult tissue expression observed (spinal cord); timing not identified.	28.4	spinal cord	not established; target mapping/primary phenotype table unavailable	Tian 2019 iPSC-derived glutamatergic neuron survival D14/D21/D28; CROP-seq D7 transcription; not cognitive performance or mature adult physiology	3.923e-08	positional;chromatin	False	False	Lee CP GCST006572 + GENCODE v19; HGNC/Unknome/Pharos/HPA separate annotations; EUR LD + GTEx DLPFC/Catalogue + chain/VEP + Tian guide coverage pilot; Savage/Genebass overlap; EA excluded	Independent ancestry-matched fine-mapping excludes rs35673421 and assigns a different variant/gene (e.g. MAP4, RPS27P30, RN7SL664P); adult-specific perturbation in the implicated cell type has no predicted functional effect despite verified engagement. Shared-signal evidence disappears on multiple-signal conditioning or complete variant coverage.	association hypothesis only; not an enhancement target
176	ENSG00000188322	SBK1	176	R010	rs2650492	7.44e-11	5.3567999999999995e-09	0.0001013131584	31331	72	79	GSG1L;RNU6-159P;RNU6-1241P;XPO6;TPRKBP2;SNORA25;RNY1P10;GAPDHP35;RP11-57A19.2;NPIPB6;RP11-435I10.5;EIF3CL;CDC37P2;snoU13;RP11-57A19.5;NPIPB7;CLN3;CLN3;APOBR;IL27;NUPR1;RP11-666O2.1;SGF29;SULT1A2;SULT1A1;NPIPB8;PLA2G10DP;snoU13;EIF3C;CDC37P1;RP11-1348G14.6;NPIPB9;snoU13;RP11-1348G14.4;RP11-1348G14.1;RP11-1348G14.5;ATXN2L;RP11-24N18.1;TUFM;MIR4721;SH2B1;RP11-22P6.2;ATP2A1;ATP2A1-AS1;SNORA43;RABEP2;CD19;NFATC2IP;NFATC2IP-AS1;MIR4517;SPNS1;RP11-264B17.3;RP11-264B17.4;LAT;RP11-264B17.5;NPIPB10P;PLA2G10CP;snoU13;RRN3P2;RP11-426C22.5;RP11-426C22.4;AC009093.1;SNX29P2;RP11-426C22.6;RP11-231C14.6;SNX29P2;NPIPB11;SMG1P6;snoU13;BOLA2-SMG1P6;RP11-345J4.6;BOLA2;SLX1B;SLX1B-SULT1A4;SULT1A4;SGF29P1;RP11-345J4.1;PLA2G10HP;NPIPB12	0.5	1903	Unknome 18_Mar_2026; maximum over uniquely HGNC-mapped proteins; derived/knownness-ranks.tsv	Tchem	12	unique	NA	NA	NA	NA	NA	NA	unresolved competing genes; gene-body association is not causal assignment	Lifelong developmental, systemic and adult explanations remain. Adult tissue expression observed (cerebellum); timing not identified.	43.0	cerebellum	not checked outside pilot	not checked outside pilot	NA	positional;eQTL;chromatin	False	False	Lee CP GCST006572 + GENCODE v19; HGNC/Unknome/Pharos/HPA separate annotations; LD/QTL/perturbation not followed outside pilot; Savage/Genebass overlap; EA excluded	Independent ancestry-matched fine-mapping excludes rs2650492 and assigns a different variant/gene (e.g. GSG1L, RNU6-159P, RNU6-1241P); adult-specific perturbation in the implicated cell type has no predicted functional effect despite verified engagement. Shared-signal evidence disappears on multiple-signal conditioning or complete variant coverage.	association hypothesis only; not an enhancement target
177	ENSG00000173421	IHO1	177	R001	rs73084135	5.33e-11	5.4366e-09	0.0001028224158	59677	102	145	MAP4;RPS27P30;RN7SL664P;RPL17P16;CDC25A;SNRPFP4;RNU7-128P;NDUFB1P1;MIR4443;CAMP;ZNF589;MRPS18AP1;Y_RNA;FCF1P2;NME6;SPINK8;MIR2115;FBXW12;RN7SL321P;PLXNB1;CCDC51;TMA7;RP11-24C3.2;ATRIP;TREX1;SHISA5;AC104448.1;PFKFB4;UCN2;COL7A1;MIR711;UQCRC1;TMEM89;SLC26A6;CELSR3;MIR4793;LINC02585;NCKIPSD;RP11-572O6.1;IP6K2;PRKAR2A;PRKAR2A-AS1;SLC25A20;ARIH2OS;ARIH2;RP13-131K19.1;RP13-131K19.2;RP13-131K19.7;P4HTM;WDR6;DALRD3;MIR425;NDUFAF3;MIR191;IMPDH2;RP13-131K19.6;QRICH1;RN7SL182P;QARS1;USP19;LAMB2;LAMB2P1;CCDC71;KLHDC8B;CIMIP7;GCSHP6;RP11-3B7.1;C3orf62;Y_RNA;MIR4271;USP4;GPX1;RHOA;RHOA-IT1;TCTA;AMT;NICN1-AS1;NICN1;RNA5SP130;DAG1;BSN-DT;BSN;BSN-AS1;APEH;MST1;AC099668.5;RNF123;AMIGO3;GMPPB;IP6K1;COX6CP14;PHF5AP3;CDHR4;INKA1;UBA7;MIR5193;AC139451.1;TRAIP;CAMKV;RN7SL217P;ACTL11P;MST1R;CTD-2330K9.2;CTD-2330K9.3;MON1A;RBM6;RBM5;SEMA3F-AS1;SEMA3F;MIR566;GNAT1;SLC38A3;GNAI2;U73169.1;LINC03143;SEMA3B-AS1;SEMA3B;LSMEM2;IFRD2;HYAL3;NAA80;HYAL1;HYAL2;TUSC2;RASSF1;ZMYND10-AS1;ZMYND10;NPRL2;CYB561D2;XXcos-LUCA11.5;TMEM115;CACNA2D2;XXcos-LUCA11.4;RNA5SP131;C3orf18;HEMK1;CISH;MAPKAPK3;LINC02019;MIR4787;DOCK3;PPIAP69;RP11-646D13.1;ZNF652P1;ST13P14	4.1	9897	Unknome 18_Mar_2026; maximum over uniquely HGNC-mapped proteins; derived/knownness-ranks.tsv	Tbio	20	unique	0.09571872260030001	1913	True	0.0041236907472715825	0.4177704550132472	NA	unresolved competing genes; gene-body association is not causal assignment	Lifelong developmental, systemic and adult explanations remain. Adult tissue expression observed (cerebellum); timing not identified.	0.3	cerebellum	not established; target mapping/primary phenotype table unavailable	Tian 2019 iPSC-derived glutamatergic neuron survival D14/D21/D28; CROP-seq D7 transcription; not cognitive performance or mature adult physiology	7.6487e-13	positional;eQTL	False	False	Lee CP GCST006572 + GENCODE v19; HGNC/Unknome/Pharos/HPA separate annotations; EUR LD + GTEx DLPFC/Catalogue + chain/VEP + Tian guide coverage pilot; Savage/Genebass overlap; EA excluded	Independent ancestry-matched fine-mapping excludes rs73084135 and assigns a different variant/gene (e.g. MAP4, RPS27P30, RN7SL664P); adult-specific perturbation in the implicated cell type has no predicted functional effect despite verified engagement. Shared-signal evidence disappears on multiple-signal conditioning or complete variant coverage.	association hypothesis only; not an enhancement target
178	ENSG00000110536	PTPMT1	178	R074	rs7945473	3.89e-10	5.446e-09	0.00010300019799999999	8032	14	59	LRP4-AS1;LRP4;CSTPP1;CTD-2384B9.1;RP11-390K5.3;ARFGAP2;RP11-390K5.6;PACSIN3;RP11-390K5.1;RN7SL772P;DDB2;RP11-17G12.2;ACP2;NR1H3;MADD;MADD-AS1;MYBPC3;SPI1;SLC39A13-AS1;AC090559.2;MIR4487;SLC39A13;PSMC3;RAPSN;RNU6-1302P;CELF1;AC090559.1;RP11-750H9.7;RN7SL652P;NDUFS3;KBTBD4;RNU5E-10P;KBTBD4;FAM180B;C1QTNF4;Y_RNA;MTCH2;AGBL2;FNBP4;Y_RNA;snoU13;NUP160;RP11-692M12.5;RNA5SP340;Y_RNA;YPEL5P2;RP11-793I11.1;PTPRJ;PTPRJ-AS1;MIR3161;OR4B1;OR4B2P;OR4X2;OR4X1;OR4S1;OR4C3;OR4C4P;OR4C5;OR4C2P	5.3	11597	Unknome 18_Mar_2026; maximum over uniquely HGNC-mapped proteins; derived/knownness-ranks.tsv	Tchem	80	unique	NA	NA	NA	NA	NA	NA	unresolved competing genes; gene-body association is not causal assignment	Lifelong developmental, systemic and adult explanations remain. Adult tissue expression observed (midbrain); timing not identified.	38.0	midbrain	not checked outside pilot	not checked outside pilot	NA	positional;eQTL;chromatin	False	False	Lee CP GCST006572 + GENCODE v19; HGNC/Unknome/Pharos/HPA separate annotations; LD/QTL/perturbation not followed outside pilot; Savage/Genebass overlap; EA excluded	Independent ancestry-matched fine-mapping excludes rs7945473 and assigns a different variant/gene (e.g. LRP4-AS1, LRP4, CSTPP1); adult-specific perturbation in the implicated cell type has no predicted functional effect despite verified engagement. Shared-signal evidence disappears on multiple-signal conditioning or complete variant coverage.	association hypothesis only; not an enhancement target
179	ENSG00000117410	ATP6V0B	179	R069	rs12410334	5.91e-10	5.9100000000000005e-09	0.00011177583000000001	3809	10	53	SLC2A1-DT;RNU6-880P;RNU6-870P;CFAP144;EBNA1BP2;CFAP57;RNA5SP46;TMEM125;C1orf210;TIE1;MPL;CDC20-DT;CDC20;ELOVL1;MED8;MED8-AS1;SZT2;SZT2-AS1;HYI;HYI-AS1;PTPRF;KDM4A;KDM4A-AS1;ST3GAL3;ST3GAL3-AS1;RNU6-1058P;RP11-184I16.3;SHMT1P1;ARTN;LINC02918;IPO13;DPH2;B4GALT2;CCDC24;SLC6A9;RP5-1198O20.4;RP5-1198O20.5;KRT8P47;RN7SL479P;KLF17;RP11-570P14.1;RP4-675G8.2;RP4-675G8.3;Y_RNA;OOSP1P1;RP5-891H21.1;RP5-891H21.5;DMAP1;ERI3;ERI3-IT1;AL390776.1;RNU6-369P;RNF220	6.0	12446	Unknome 18_Mar_2026; maximum over uniquely HGNC-mapped proteins; derived/knownness-ranks.tsv	Tbio	39	unique	NA	NA	NA	NA	NA	NA	unresolved competing genes; gene-body association is not causal assignment	Lifelong developmental, systemic and adult explanations remain. Adult tissue expression observed (hypothalamus); timing not identified.	189.0	hypothalamus	not checked outside pilot	not checked outside pilot	2.9705e-09	positional;eQTL;chromatin	False	False	Lee CP GCST006572 + GENCODE v19; HGNC/Unknome/Pharos/HPA separate annotations; LD/QTL/perturbation not followed outside pilot; Savage/Genebass overlap; EA excluded	Independent ancestry-matched fine-mapping excludes rs12410334 and assigns a different variant/gene (e.g. SLC2A1-DT, RNU6-880P, RNU6-870P); adult-specific perturbation in the implicated cell type has no predicted functional effect despite verified engagement. Shared-signal evidence disappears on multiple-signal conditioning or complete variant coverage.	association hypothesis only; not an enhancement target
180	ENSG00000100412	ACO2	180	R023	rs41276321	4.58e-11	6.4578e-09	0.00012213637139999999	59865	141	149	CTA-150C2.13;APOBEC3A;APOBEC3B;APOBEC3B-AS1;APOBEC3C;APOBEC3D;APOBEC3F;APOBEC3G;CTA-150C2.20;RP4-742C19.12;APOBEC3H;CBX7;COX5BP7;FUNDC2P4;PDGFB;AL031590.1;RP3-333H23.8;RPL3;SNORD83B;SNORD83A;SNORD43;SYNGR1;TAB1;MGAT3;MGAT3-AS1;MIEF1;ATF4;RPS19BP1;CACNA1I;ENTHD1;MTFR2P2;RN7SKP210;UQCRFS1P1;GRAP2;TMA7B;SACK1F;TNRC6B-DT;TNRC6B;RPL7P52;ADSL;SGSM3;SGSM3-AS1;MRTFA;MRTFA-AS2;RP5-1042K10.12;MRTFA-AS1;AL031594.1;COX6B1P3;RPL4P6;GAPDHP37;MCHR1;SLC25A17;RFKP4;JTBP1;MIR4766;ST13;XPNPEP3;DNAJB7;snoU13;RNU6-379P;RBX1;Y_RNA;AL080243.1;RPS9P2;Y_RNA;ACTBP15;EP300;MIR1281;RNU6-375P;RP1-85F18.6;EP300-AS1;LRRC37A14P;L3MBTL2;L3MBTL2-AS1;CHADL;RANGAP1;AL035681.1;ZC3H7B;TEF;RNU6-495P;CTA-223H9.9;TOB2;PHF5A;POLR3H;CSDC2;PMM1;DESI1;XRCC6;Y_RNA;SNU13;RNU6-476P;C22orf46P;Z83840.1;MEI1;HMGN2P10;RNU6ATAC22P;Y_RNA;CCDC134;SREBF2-AS1;SREBF2;MIR33A;SHISA8;CTA-250D10.23;MIR378I;TNFRSF13C;CENPM;SMIM45;SEPTIN3;CTA-250D10.19;WBP2NL;SLC25A5P1;NAGA;PHETA2;SNORD13P1;SMDT1;NDUFA6;RP1-257I20.14;NDUFA6-DT;OLA1P1;CYP2D6;RP4-669P10.19;RP4-669P10.16;CYP2D7;CYP2D8P;TCF20;OGFRP1;Z83851.4;CTA-989H11.1;LINC01315;NFAM1;CTA-126B4.7;SERHL;RRP7A;Z93241.1;SERHL2;RRP7BP;RN7SKP80;RNU6-513P;POLDIP3;RNU12;CYB5R3;ATP5MGL;A4GALT;Y_RNA;RPL5P34;GOLGA2P4;ARFGAP3;PACSIN2;COA1P1	6.6	13122	Unknome 18_Mar_2026; maximum over uniquely HGNC-mapped proteins; derived/knownness-ranks.tsv	Tbio	180	unique	NA	NA	NA	NA	NA	NA	unresolved competing genes; gene-body association is not causal assignment	Lifelong developmental, systemic and adult explanations remain. Adult tissue expression observed (cerebral cortex); timing not identified.	205.2	cerebral cortex	not checked outside pilot	not checked outside pilot	NA	positional;chromatin	False	False	Lee CP GCST006572 + GENCODE v19; HGNC/Unknome/Pharos/HPA separate annotations; LD/QTL/perturbation not followed outside pilot; Savage/Genebass overlap; EA excluded	Independent ancestry-matched fine-mapping excludes rs41276321 and assigns a different variant/gene (e.g. CTA-150C2.13, APOBEC3A, APOBEC3B); adult-specific perturbation in the implicated cell type has no predicted functional effect despite verified engagement. Shared-signal evidence disappears on multiple-signal conditioning or complete variant coverage.	association hypothesis only; not an enhancement target
181	ENSG00000005955	GGNBP2	181	R052	rs3744593	6.74e-11	7.0769999999999994e-09	0.000133847301	45542	105	43	RP11-104J23.1;RP11-104J23.2;CCL23;CCL18;AC069363.1;CCL3;CCL4;RN7SL301P;CTB-91J4.1;RP11-428O23.1;TBC1D3B;AC131056.3;CCL3L3;CCL4L1;AC131056.5;AC131056.6;TBC1D3C;TBC1D3H;CCL3L1;CCL4L2;TBC1D3G;CTB-91J4.3;RNU6-1192P;ZNHIT3;RNA5SP439;MYO19;PIGW;CTB-75G16.1;DHRS11;MRM1;CTB-75G16.3;CTD-3194G12.1;CTD-3194G12.2;RP11-445F12.1;LHX1;RP11-445F12.2;AATF;RP11-333J10.2;RP11-333J10.3;MIR2909;CTC-268N12.3;CTC-268N12.2;ACACA	NA	NA	Unknome unmapped/unscored; not zero knownness	NA	NA	unmapped	NA	NA	NA	NA	NA	NA	unresolved competing genes; gene-body association is not causal assignment	Lifelong developmental, systemic and adult explanations remain. Adult brain expression not covered in HPA; not evidence of absence.	NA	NA	not checked outside pilot	not checked outside pilot	NA	positional;eQTL	False	False	Lee CP GCST006572 + GENCODE v19; HGNC/Unknome/Pharos/HPA separate annotations; LD/QTL/perturbation not followed outside pilot; Savage/Genebass overlap; EA excluded	Independent ancestry-matched fine-mapping excludes rs3744593 and assigns a different variant/gene (e.g. RP11-104J23.1, RP11-104J23.2, CCL23); adult-specific perturbation in the implicated cell type has no predicted functional effect despite verified engagement. Shared-signal evidence disappears on multiple-signal conditioning or complete variant coverage.	association hypothesis only; not an enhancement target
182	ENSG00000164142	FHIP1A	182	R039	rs4696283	1.11e-11	7.203900000000001e-09	0.00013624736070000002	254417	649	31	LRBA;RNA5SP168;AK4P6;RPS3A;SNORD73B;SH3D19;SNORD73A;SH3D19-AS1;RP11-731D1.1;PRSS48;RP11-731D1.3;RNU6-1282P;RP11-731D1.4;FHIP1A-DT;AC097455.1;RN7SKP35;RP11-164P12.4;GATB;GATB-AS1;RP11-424M21.1;RP11-503L23.1;RP11-73G16.3;RP11-73G16.2;LINC03074;RNA5SP169;LINC02273;RP11-18H21.2;RP11-18H21.3;AC079340.1;RN7SL446P;RP11-461L13.4	1.4	4622	Unknome 18_Mar_2026; maximum over uniquely HGNC-mapped proteins; derived/knownness-ranks.tsv	Tbio	21	unique	NA	NA	NA	NA	NA	NA	unresolved competing genes; gene-body association is not causal assignment	Lifelong developmental, systemic and adult explanations remain. Adult tissue expression observed (cerebellum); timing not identified.	2.8	cerebellum	not checked outside pilot	not checked outside pilot	1.0025e-10	positional;eQTL	False	False	Lee CP GCST006572 + GENCODE v19; HGNC/Unknome/Pharos/HPA separate annotations; LD/QTL/perturbation not followed outside pilot; Savage/Genebass overlap; EA excluded	Independent ancestry-matched fine-mapping excludes rs4696283 and assigns a different variant/gene (e.g. LRBA, RNA5SP168, AK4P6); adult-specific perturbation in the implicated cell type has no predicted functional effect despite verified engagement. Shared-signal evidence disappears on multiple-signal conditioning or complete variant coverage.	association hypothesis only; not an enhancement target
183	ENSG00000268870	CTD-3105H18.16	183	R048	rs17002025	2.96e-11	7.4e-09	0.00013995620000000001	49134	250	108	ZNF69;ZNF700;ZNF763;ZNF763;CTD-2006C1.12;ZNF433-AS1;RNA5SP464;ZNF433;CTD-2006C1.10;RNA5SP465;ZNF878;ZNF844;RNA5SP466;Y_RNA;ZNF788P;ZNF788;ZNF20;RSL24D1P8;RNA5SP467;ZNF625-ZNF20;ZNF625;RPL17P47;ZNF136;CTD-2666L21.1;ZNF44;RPL28P5;RPS2P53;ZNF563;CTD-3105H18.13;ZNF442;RPS29P23;CTD-3105H18.14;CTD-3105H18.4;ZNF799;ZNF443;CTD-3105H18.18;CTD-3105H18.7;ZNF709;ZNF709;MTND2P40;MTCO1P27;MTCO2P27;MTATP6P27;PPIAP20;ZNF564;CTD-2192J16.20;CTD-2192J16.21;LINC02926;PGK1P2;ZNF490;ZNF791;AC010422.1;RPL10P16;CTD-2192J16.22;MAN2B1;CTD-2192J16.24;WDR83;WDR83OS;DHPS;CTD-2192J16.26;FBXW9;CTD-2659N19.2;TNPO2;SNORD41;CTD-2659N19.4;TRIR;GET3;BEST2;HOOK2;CTD-2659N19.9;MIR5684;JUNB;PRDX2;CTD-2659N19.10;RNASEH2A;RTBDN;RTBDN-AS1;MAST1;AC020934.1;DNASE2;CTD-2265O21.7;KLF1;GCDH;RPS6P25;SYCE2;MIR5695;FARSA;FARSA-AS1;CALR;CTC-425F1.4;RAD23A;GADD45GIP1;AC092069.1;DAND5;NFIX;NFIX-AS1;AC007787.2;LYL1;TRMT1;NACC1;AC005546.2;NACC1-AS1;STX10;IER2;IER2-AS1;RPL12P42;CACNA1A;AC005513.1	NA	NA	Unknome unmapped/unscored; not zero knownness	NA	NA	unmapped	NA	NA	NA	NA	NA	NA	unresolved competing genes; gene-body association is not causal assignment	Lifelong developmental, systemic and adult explanations remain. Adult tissue expression observed (cerebellum); timing not identified.	0.2	cerebellum	not checked outside pilot	not checked outside pilot	NA	NA	False	False	Lee CP GCST006572 + GENCODE v19; HGNC/Unknome/Pharos/HPA separate annotations; LD/QTL/perturbation not followed outside pilot; Savage/Genebass overlap; EA excluded	Independent ancestry-matched fine-mapping excludes rs17002025 and assigns a different variant/gene (e.g. ZNF69, ZNF700, ZNF763); adult-specific perturbation in the implicated cell type has no predicted functional effect despite verified engagement. Shared-signal evidence disappears on multiple-signal conditioning or complete variant coverage.	association hypothesis only; not an enhancement target
184	ENSG00000178467	P4HTM	184	R001	rs34504524	3.73e-10	7.46e-09	0.00014109098	17269	20	145	MAP4;RPS27P30;RN7SL664P;RPL17P16;CDC25A;SNRPFP4;RNU7-128P;NDUFB1P1;MIR4443;CAMP;ZNF589;MRPS18AP1;Y_RNA;FCF1P2;NME6;SPINK8;MIR2115;FBXW12;RN7SL321P;PLXNB1;CCDC51;TMA7;RP11-24C3.2;ATRIP;TREX1;SHISA5;AC104448.1;PFKFB4;UCN2;COL7A1;MIR711;UQCRC1;TMEM89;SLC26A6;CELSR3;MIR4793;LINC02585;NCKIPSD;RP11-572O6.1;IP6K2;PRKAR2A;PRKAR2A-AS1;SLC25A20;ARIH2OS;ARIH2;RP13-131K19.1;RP13-131K19.2;RP13-131K19.7;WDR6;DALRD3;MIR425;NDUFAF3;MIR191;IMPDH2;RP13-131K19.6;QRICH1;RN7SL182P;QARS1;USP19;LAMB2;LAMB2P1;CCDC71;KLHDC8B;CIMIP7;IHO1;GCSHP6;RP11-3B7.1;C3orf62;Y_RNA;MIR4271;USP4;GPX1;RHOA;RHOA-IT1;TCTA;AMT;NICN1-AS1;NICN1;RNA5SP130;DAG1;BSN-DT;BSN;BSN-AS1;APEH;MST1;AC099668.5;RNF123;AMIGO3;GMPPB;IP6K1;COX6CP14;PHF5AP3;CDHR4;INKA1;UBA7;MIR5193;AC139451.1;TRAIP;CAMKV;RN7SL217P;ACTL11P;MST1R;CTD-2330K9.2;CTD-2330K9.3;MON1A;RBM6;RBM5;SEMA3F-AS1;SEMA3F;MIR566;GNAT1;SLC38A3;GNAI2;U73169.1;LINC03143;SEMA3B-AS1;SEMA3B;LSMEM2;IFRD2;HYAL3;NAA80;HYAL1;HYAL2;TUSC2;RASSF1;ZMYND10-AS1;ZMYND10;NPRL2;CYB561D2;XXcos-LUCA11.5;TMEM115;CACNA2D2;XXcos-LUCA11.4;RNA5SP131;C3orf18;HEMK1;CISH;MAPKAPK3;LINC02019;MIR4787;DOCK3;PPIAP69;RP11-646D13.1;ZNF652P1;ST13P14	1.8	5759	Unknome 18_Mar_2026; maximum over uniquely HGNC-mapped proteins; derived/knownness-ranks.tsv	Tchem	32	unique	0.10694573191242092	1801	True	0.002418154554531222	0.44370617052112993	NA	unresolved competing genes; gene-body association is not causal assignment	Lifelong developmental, systemic and adult explanations remain. Adult tissue expression observed (cerebral cortex); timing not identified.	67.8	cerebral cortex	not established; target mapping/primary phenotype table unavailable	Tian 2019 iPSC-derived glutamatergic neuron survival D14/D21/D28; CROP-seq D7 transcription; not cognitive performance or mature adult physiology	NA	positional;eQTL	False	False	Lee CP GCST006572 + GENCODE v19; HGNC/Unknome/Pharos/HPA separate annotations; EUR LD + GTEx DLPFC/Catalogue + chain/VEP + Tian guide coverage pilot; Savage/Genebass overlap; EA excluded	Independent ancestry-matched fine-mapping excludes rs34504524 and assigns a different variant/gene (e.g. MAP4, RPS27P30, RN7SL664P); adult-specific perturbation in the implicated cell type has no predicted functional effect despite verified engagement. Shared-signal evidence disappears on multiple-signal conditioning or complete variant coverage.	association hypothesis only; not an enhancement target
185	ENSG00000114902	SPCS1	185	R064	rs8906	6.82e-10	7.502e-09	0.00014188532599999999	3212	11	64	DUSP7;LINC00696;POC1A;ALDOAP1;ALAS1;TLR9;TLR9;TWF2;TWF2-DT;PPM1M;WDR82;MIRLET7G;GLYCTK;GLYCTK-AS1;MIR135A1;DNAH1;PPP2R5CP;BAP1;PHF7;SEMA3G;TNNC1;NISCH;STAB1;NT5DC2;UQCC5;PBRM1;RNU6-856P;RNU6ATAC16P;GNL3;SNORD19B;SNORD19;SNORD19B;SNORD19C;SNORD69;GLT8D1;NEK4;AK3P7;AKTIPP1;ITIH1;ITIH3;ITIH4;RP5-966M1.6;ITIH4-AS1;MUSTN1;STIMATE-MUSTN1;STIMATE;SFMBT1;RP11-894J14.5;AC096887.1;SERBP1P3;RFT1;PRKCD;AC097015.1;TKT;snoU13;DCP1A;RN7SL821P;Y_RNA;SNORD38C;SNORA26;RPS25P4;CACNA1D;SNORD63;AC024149.1	4.3	10201	Unknome 18_Mar_2026; maximum over uniquely HGNC-mapped proteins; derived/knownness-ranks.tsv	Tbio	45	unique	NA	NA	NA	NA	NA	NA	unresolved competing genes; gene-body association is not causal assignment	Lifelong developmental, systemic and adult explanations remain. Adult tissue expression observed (spinal cord); timing not identified.	104.3	spinal cord	not checked outside pilot	not checked outside pilot	6.8837e-07	positional;eQTL	False	False	Lee CP GCST006572 + GENCODE v19; HGNC/Unknome/Pharos/HPA separate annotations; LD/QTL/perturbation not followed outside pilot; Savage/Genebass overlap; EA excluded	Independent ancestry-matched fine-mapping excludes rs8906 and assigns a different variant/gene (e.g. DUSP7, LINC00696, POC1A); adult-specific perturbation in the implicated cell type has no predicted functional effect despite verified engagement. Shared-signal evidence disappears on multiple-signal conditioning or complete variant coverage.	association hypothesis only; not an enhancement target
186	ENSG00000236980	CIMIP7	186	R001	rs9835439	2.77e-10	8.033000000000002e-09	0.00015192812900000004	14227	29	145	MAP4;RPS27P30;RN7SL664P;RPL17P16;CDC25A;SNRPFP4;RNU7-128P;NDUFB1P1;MIR4443;CAMP;ZNF589;MRPS18AP1;Y_RNA;FCF1P2;NME6;SPINK8;MIR2115;FBXW12;RN7SL321P;PLXNB1;CCDC51;TMA7;RP11-24C3.2;ATRIP;TREX1;SHISA5;AC104448.1;PFKFB4;UCN2;COL7A1;MIR711;UQCRC1;TMEM89;SLC26A6;CELSR3;MIR4793;LINC02585;NCKIPSD;RP11-572O6.1;IP6K2;PRKAR2A;PRKAR2A-AS1;SLC25A20;ARIH2OS;ARIH2;RP13-131K19.1;RP13-131K19.2;RP13-131K19.7;P4HTM;WDR6;DALRD3;MIR425;NDUFAF3;MIR191;IMPDH2;RP13-131K19.6;QRICH1;RN7SL182P;QARS1;USP19;LAMB2;LAMB2P1;CCDC71;KLHDC8B;IHO1;GCSHP6;RP11-3B7.1;C3orf62;Y_RNA;MIR4271;USP4;GPX1;RHOA;RHOA-IT1;TCTA;AMT;NICN1-AS1;NICN1;RNA5SP130;DAG1;BSN-DT;BSN;BSN-AS1;APEH;MST1;AC099668.5;RNF123;AMIGO3;GMPPB;IP6K1;COX6CP14;PHF5AP3;CDHR4;INKA1;UBA7;MIR5193;AC139451.1;TRAIP;CAMKV;RN7SL217P;ACTL11P;MST1R;CTD-2330K9.2;CTD-2330K9.3;MON1A;RBM6;RBM5;SEMA3F-AS1;SEMA3F;MIR566;GNAT1;SLC38A3;GNAI2;U73169.1;LINC03143;SEMA3B-AS1;SEMA3B;LSMEM2;IFRD2;HYAL3;NAA80;HYAL1;HYAL2;TUSC2;RASSF1;ZMYND10-AS1;ZMYND10;NPRL2;CYB561D2;XXcos-LUCA11.5;TMEM115;CACNA2D2;XXcos-LUCA11.4;RNA5SP131;C3orf18;HEMK1;CISH;MAPKAPK3;LINC02019;MIR4787;DOCK3;PPIAP69;RP11-646D13.1;ZNF652P1;ST13P14	0.0	1	Unknome 18_Mar_2026; maximum over uniquely HGNC-mapped proteins; derived/knownness-ranks.tsv	Tdark	1	unique	NA	0	False	NA	NA	NA	unresolved competing genes; gene-body association is not causal assignment	Lifelong developmental, systemic and adult explanations remain. Adult tissue expression observed (amygdala); timing not identified.	0.0	amygdala	not established; target mapping/primary phenotype table unavailable	Tian 2019 iPSC-derived glutamatergic neuron survival D14/D21/D28; CROP-seq D7 transcription; not cognitive performance or mature adult physiology	1.9818e-11	positional	False	False	Lee CP GCST006572 + GENCODE v19; HGNC/Unknome/Pharos/HPA separate annotations; EUR LD + GTEx DLPFC/Catalogue + chain/VEP + Tian guide coverage pilot; Savage/Genebass overlap; EA excluded	Independent ancestry-matched fine-mapping excludes rs9835439 and assigns a different variant/gene (e.g. MAP4, RPS27P30, RN7SL664P); adult-specific perturbation in the implicated cell type has no predicted functional effect despite verified engagement. Shared-signal evidence disappears on multiple-signal conditioning or complete variant coverage.	association hypothesis only; not an enhancement target
187	ENSG00000159217	IGF2BP1	187	R053	rs11079849	5.96e-11	8.046000000000001e-09	0.00015217399800000002	58239	135	68	HOXB1;HOXB2;HOXB-AS1;HOXB3;HOXB-AS3;HOXB-AS2;HOXB4;MIR10A;HOXB5;HOXB6;HOXB7;HOXB8;HOXB9;HOXB-AS4;MIR196A1;LINC03057;CTD-2377D24.8;CTD-2377D24.2;RPL9P28;LINC02086;COX6B1P2;PRAC1;PRAC2;MIR3185;HOXB13;CTD-2377D24.4;TTLL6;RN7SL125P;CALCOCO2;SUMO2P17;SNORA68;RP11-463M16.5;ATP5MC1;RP11-501C14.9;UBE2Z;SNF8;AC091133.1;RNU1-42P;snoU13;GIP;RP11-501C14.5;RP11-501C14.6;RNU6-826P;CMC1P3;AC105030.1;B4GALNT2P1;Metazoa_SRP;B4GALNT2;RP11-708H21.1;RP11-708H21.4;GNGT2;ABI3;PHOSPHO1;RP1-62O9.3;ZNF652;RNU7-135P;ZNF652-AS1;RP11-81K2.1;RP11-1079K10.2;RP11-1079K10.1;PHB1;RP11-1079K10.4;Y_RNA;EIF4EP2;LINC02075;NGFR;NGFR-AS1;RP5-1029K10.4	13.1	17014	Unknome 18_Mar_2026; maximum over uniquely HGNC-mapped proteins; derived/knownness-ranks.tsv	Tchem	595	unique	NA	NA	NA	NA	NA	NA	unresolved competing genes; gene-body association is not causal assignment	Lifelong developmental, systemic and adult explanations remain. Adult tissue expression observed (amygdala); timing not identified.	0.0	amygdala	not checked outside pilot	not checked outside pilot	7.3666e-08	positional	False	False	Lee CP GCST006572 + GENCODE v19; HGNC/Unknome/Pharos/HPA separate annotations; LD/QTL/perturbation not followed outside pilot; Savage/Genebass overlap; EA excluded	Independent ancestry-matched fine-mapping excludes rs11079849 and assigns a different variant/gene (e.g. HOXB1, HOXB2, HOXB-AS1); adult-specific perturbation in the implicated cell type has no predicted functional effect despite verified engagement. Shared-signal evidence disappears on multiple-signal conditioning or complete variant coverage.	association hypothesis only; not an enhancement target
188	ENSG00000260836	RP11-152F13.10	188	R056	rs3850610	1.87e-10	8.228e-09	0.000155616164	15900	44	86	CTD-2034I4.1;CTD-2034I4.2;RP11-499F3.1;LINC01418;RP11-276M12.1;RP11-597K23.1;MEX3B;AC026956.1;LINC01583;EFL1;RNU1-77P;SAXO2;RP13-98N21.3;GOLGA6L10;UBE2Q2P2;RPL9P9;RP13-608F4.8;GOLGA6L9;CSPG4P8;GOLGA2P10;AC135995.1;RN7SL61P;RP13-608F4.1;DNM1P38;RPS17;RP13-608F4.6;RP13-98N21.2;RP13-996F3.5;RP11-152F13.7;RN7SL256P;CSPG4P9;AC126339.1;RP13-608F4.5;RP13-996F3.4;UBE2Q2P2;RPL9P8;RP11-152F13.8;GOLGA6L9;CSPG4P10;RP13-996F3.3;AC010724.1;RN7SL410P;GOLGA6L10;DNM1P38;RPS17;RP11-379H8.1;CPEB1;CPEB1-AS1;AP3B2;RP11-752G15.4;AC105339.1;ACTG1P17;AC105339.2;RP11-752G15.8;SNHG21;SCARNA15;FSD2;WHAMM;HOMER2;RP11-382A20.5;RAMAC;C15orf40;RP11-382A20.7;AC022558.1;BTBD1;RP11-90B9.2;RP11-382A20.6;FABP5P8;MIR4515;TM6SF1;RP11-382A20.2;HDGFL3;RP11-382A20.4;BNC1;SH3GL3;AC087738.1;ADAMTSL3;RNU6-401P;TUBAP4;RNU6-1339P;AC027807.1;RP11-342A23.1;EFL1P1;RP13-262C2.3;UBE2Q2P16;CSPG4P11	NA	NA	Unknome unmapped/unscored; not zero knownness	NA	NA	unmapped	NA	NA	NA	NA	NA	NA	unresolved competing genes; gene-body association is not causal assignment	Lifelong developmental, systemic and adult explanations remain. Adult tissue expression observed (cerebral cortex); timing not identified.	0.2	cerebral cortex	not checked outside pilot	not checked outside pilot	NA	NA	False	False	Lee CP GCST006572 + GENCODE v19; HGNC/Unknome/Pharos/HPA separate annotations; LD/QTL/perturbation not followed outside pilot; Savage/Genebass overlap; EA excluded	Independent ancestry-matched fine-mapping excludes rs3850610 and assigns a different variant/gene (e.g. CTD-2034I4.1, CTD-2034I4.2, RP11-499F3.1); adult-specific perturbation in the implicated cell type has no predicted functional effect despite verified engagement. Shared-signal evidence disappears on multiple-signal conditioning or complete variant coverage.	association hypothesis only; not an enhancement target
189	ENSG00000184886	PIGW	189	R052	rs11650008	1.19e-09	8.33e-09	0.00015754529000000002	4313	7	43	RP11-104J23.1;RP11-104J23.2;CCL23;CCL18;AC069363.1;CCL3;CCL4;RN7SL301P;CTB-91J4.1;RP11-428O23.1;TBC1D3B;AC131056.3;CCL3L3;CCL4L1;AC131056.5;AC131056.6;TBC1D3C;TBC1D3H;CCL3L1;CCL4L2;TBC1D3G;CTB-91J4.3;RNU6-1192P;ZNHIT3;RNA5SP439;MYO19;GGNBP2;CTB-75G16.1;DHRS11;MRM1;CTB-75G16.3;CTD-3194G12.1;CTD-3194G12.2;RP11-445F12.1;LHX1;RP11-445F12.2;AATF;RP11-333J10.2;RP11-333J10.3;MIR2909;CTC-268N12.3;CTC-268N12.2;ACACA	NA	NA	Unknome unmapped/unscored; not zero knownness	NA	NA	unmapped	NA	NA	NA	NA	NA	NA	unresolved competing genes; gene-body association is not causal assignment	Lifelong developmental, systemic and adult explanations remain. Adult brain expression not covered in HPA; not evidence of absence.	NA	NA	not checked outside pilot	not checked outside pilot	NA	positional;eQTL	False	False	Lee CP GCST006572 + GENCODE v19; HGNC/Unknome/Pharos/HPA separate annotations; LD/QTL/perturbation not followed outside pilot; Savage/Genebass overlap; EA excluded	Independent ancestry-matched fine-mapping excludes rs11650008 and assigns a different variant/gene (e.g. RP11-104J23.1, RP11-104J23.2, CCL23); adult-specific perturbation in the implicated cell type has no predicted functional effect despite verified engagement. Shared-signal evidence disappears on multiple-signal conditioning or complete variant coverage.	association hypothesis only; not an enhancement target
190	ENSG00000107105	ELAVL2	190	R007	rs702222	1.66e-11	8.4494e-09	0.0001598035022	136234	509	6	AL391117.1;SUMO2P2;RP11-315I14.2;NOP56P2;RP11-321L2.1;RP11-321L2.2	2.8	7695	Unknome 18_Mar_2026; maximum over uniquely HGNC-mapped proteins; derived/knownness-ranks.tsv	Tbio	128	unique	NA	NA	NA	NA	NA	NA	unresolved competing genes; gene-body association is not causal assignment	Lifelong developmental, systemic and adult explanations remain. Adult tissue expression observed (cerebral cortex); timing not identified.	22.3	cerebral cortex	not checked outside pilot	not checked outside pilot	5.36e-08	positional;chromatin	False	False	Lee CP GCST006572 + GENCODE v19; HGNC/Unknome/Pharos/HPA separate annotations; LD/QTL/perturbation not followed outside pilot; Savage/Genebass overlap; EA excluded	Independent ancestry-matched fine-mapping excludes rs702222 and assigns a different variant/gene (e.g. AL391117.1, SUMO2P2, RP11-315I14.2); adult-specific perturbation in the implicated cell type has no predicted functional effect despite verified engagement. Shared-signal evidence disappears on multiple-signal conditioning or complete variant coverage.	association hypothesis only; not an enhancement target
191	ENSG00000168268	NT5DC2	191	R064	rs4475032	2.32e-10	9.28e-09	0.00017551264	10685	40	64	DUSP7;LINC00696;POC1A;ALDOAP1;ALAS1;TLR9;TLR9;TWF2;TWF2-DT;PPM1M;WDR82;MIRLET7G;GLYCTK;GLYCTK-AS1;MIR135A1;DNAH1;PPP2R5CP;BAP1;PHF7;SEMA3G;TNNC1;NISCH;STAB1;UQCC5;PBRM1;RNU6-856P;RNU6ATAC16P;GNL3;SNORD19B;SNORD19;SNORD19B;SNORD19C;SNORD69;GLT8D1;SPCS1;NEK4;AK3P7;AKTIPP1;ITIH1;ITIH3;ITIH4;RP5-966M1.6;ITIH4-AS1;MUSTN1;STIMATE-MUSTN1;STIMATE;SFMBT1;RP11-894J14.5;AC096887.1;SERBP1P3;RFT1;PRKCD;AC097015.1;TKT;snoU13;DCP1A;RN7SL821P;Y_RNA;SNORD38C;SNORA26;RPS25P4;CACNA1D;SNORD63;AC024149.1	1.0	3282	Unknome 18_Mar_2026; maximum over uniquely HGNC-mapped proteins; derived/knownness-ranks.tsv	Tbio	82	unique	NA	NA	NA	NA	NA	NA	unresolved competing genes; gene-body association is not causal assignment	Lifelong developmental, systemic and adult explanations remain. Adult tissue expression observed (cerebellum); timing not identified.	53.4	cerebellum	not checked outside pilot	not checked outside pilot	7.1548e-12	positional;eQTL;chromatin	False	False	Lee CP GCST006572 + GENCODE v19; HGNC/Unknome/Pharos/HPA separate annotations; LD/QTL/perturbation not followed outside pilot; Savage/Genebass overlap; EA excluded	Independent ancestry-matched fine-mapping excludes rs4475032 and assigns a different variant/gene (e.g. DUSP7, LINC00696, POC1A); adult-specific perturbation in the implicated cell type has no predicted functional effect despite verified engagement. Shared-signal evidence disappears on multiple-signal conditioning or complete variant coverage.	association hypothesis only; not an enhancement target
192	ENSG00000204475	NCR3	192	R008	rs3130063	4.55e-10	9.555e-09	0.000180713715	4091	21	515	ACOT13;RP1-30M3.5;C6orf62;RP1-30M3.6;LINC02828;AP3S1P1;GMNN;ARMH2;RIPOR2;AL512428.1;MTCO2P33;PPIAP29;RP11-367G6.3;ASS1P1;RN7SL334P;RP3-425P12.5;RP3-425P12.1;RP3-425P12.2;CMAHP;NUP50P2;CANT1P1;UBE2D3P5;RNY5P5;AL590084.1;RP11-191A15.4;RP3-522P13.3;KATNBL1P5;RPL21P68;HNRNPA3P17;CARMIL1;Y_RNA;RNU6-987P;AL160037.1;snoU13;SCGN;PRELID1P2;H2AC1;H2BC1;H2BC2P;H2AC2P;SLC17A4;SLC17A1;SLC17A3;H2AC3P;SLC17A2;TRIM38;U91328.21;U91328.20;LINC02980;U91328.22;H3P26;H1-1;HIST1H3A;HIST1H4A;HIST1H4B;HIST1H3B;HIST1H2AB;HIST1H2BB;H2AC5P;HIST1H3C;H1-2;HFE;H4C3;H1-6;H2BC4;H2AC6;H1-4;H2BC5;LARP1P1;HIST1H2BE;HIST1H4D;H1-12P;H3C4;H2AC7;HIST1H2BF;RP1-34B20.4;HIST1H4E;HIST1H2BG;HIST1H2AE;HIST1H3E;H2AC9P;H1-3;HIST1H4F;HIST1H4G;HIST1H3F;HIST1H2BH;HIST1H3G;H2AC10P;HIST1H2BI;H4C8;H3C9P;RNU6-1259P;BTN3A2;AL021917.1;BTN2A2;BTN3A1;BTN2A3P;BTN3A3;BTN2A1;BTN1A1;RNU6-502P;HCG11;CTA-14H9.5;HMGN4;ABT1;RP11-457M11.6;VN1R14P;RP11-457M11.2;ZNF322;RP11-457M11.5;GUSBP2;POM121L6P;LINC00240;RP11-239L20.6;TRNAI2;VN1R12P;VN1R13P;VN1R11P;RNU2-62P;RP1-86C11.7;H2BC11;H2AC11;H2BC12;HIST1H4I;HIST1H2AH;MIR3143;RPL10P2;PRSS16;CDCA7P1;POM121L2;VN1R10P;ZNF204P;ZNF391;RP1-153G14.4;MCFD2P1;ZNF184;XXbac-BPGBPG34I8.1;HNRNPA1P1;CD83P1;RNU6-471P;TRNAI6;RPL8P1;GPHRP1;RSL24D1P1;H4C10P;H2BC13;H2AC13;HIST1H3H;HIST1H2AJ;HIST1H2BM;H4C11;HIST1H4K;HIST1H2AK;H2BC15;H2BC16P;HIST1H2AL;H1-5;HIST1H3I;HIST1H4L;H3C12;HIST1H2AM;HIST1H2BO;RNU7-26P;OR2B2;OR2W6P;OR2B6;RPLP2P1;OR2W4P;IQCB2P;U3;OR2W2P;OR2B7P;OR2B8;OR1F12P;RP1-313I6.12;ZNF165;ZSCAN12P1;ZNF602P;ZSCAN16-AS1;ZSCAN16;RP1-265C24.8;ZKSCAN8;ZKSCAN8P1;ZNF603P;ZKSCAN8P2;TOB2P1;ZSCAN9;ZKSCAN4;NKAPL;ZSCAN26;PGBD1;SMIM15P2;ZSCAN31;ZKSCAN3;ZSCAN12;RNU2-45P;ZSCAN23;COX11P1;OR2E1P;GPX6;GPX5;SCAND3;SCAND3-AS1;COX8CP1;AL121932.1;LINC00533;RPSAP2;AL662890.1;NOP56P1;AL662890.3;XXbac-BPG308K3.5;LINC01623;RPL13P;ZNF90P2;HCG14;TRIM27;RNU6-930P;LINC01556;KRT18P1;RN7SL471P;HCG15;HCG16;ZNF311;OR2AD1P;OR2W1;OR2P1P;SAR1AP1;OR2B3;OR2J1;OR2J3;XXbac-BCX196D17.5;OR2N1P;OR2J2;OR2J4P;OR2H4P;XXbac-BPG308J9.3;OR2G1P;OR2U1P;OR2U2P;OR2B4P;OR14J1;DDX6P1;OR5V1;OR12D3;OR12D2;OR12D1;OR11A1;OR10C1;OR2H1;UBDP1;MAS1LP1;MAS1L;RPS17P1;LINC02829;LINC01015;MAS1LP2;OR2I1;UBD;GABBR1;OR2H5P;TMEM183AP1;SNORD32B;RPL13AP;OR2H2;SUMO2P1;MOG;ZFP57;ZDHHC20P1;HLA-F;HCG4P11;HLA-F-AS1;RPL23AP1;MICE;HCG9P5;Y_RNA;IFITM4P;XXbac-BPG170G13.32;XXbac-BPG170G13.31;HLA-V;HCG4;HLA-P;RPL7AP7;MICG;HLA-G;HCG4P8;MICF;HCG4P7;HLA-H;HLA-T;DDX39BP1;MCCD1P1;HCG4B;HLA-K;HLA-U;HLA-A;HCG4P5;HLA-W;MICD;HCG9;DDX39BP2;MCCD1P2;POLR1HASP;HCG4P3;HLA-J;ETF1P1;POLR1H;PPP1R11;RNF39;AL669914.1;TRIM31;TRIM31-AS1;SNORA48;TRIM40;TRIM10;TRIM15;TRIM26;PAIP1P1;HCG17;TRIM26BP;HLA-L;HCG18;TRIM39;TRIM39-RPP21;RPP21;HLA-N;HCG19P;UBQLN1P1;MICC;TMPOP1;SUCLA2P1;RANP1;HLA-E;LINC02569;GNL1;PRR3;ABCF1;MIR877;PPP1R10;AL662800.1;MRPS18B;ATAT1;PTMAP1;C6orf136;AL662800.2;DHX16;PPP1R18;NRM;RPL7P4;MDC1;MDC1-AS1;TUBB;XXbac-BPG252P9.9;FLOT1;Y_RNA;IER3-AS1;IER3;RN7SL353P;HCG20;LINC00243;LINC02570;RN7SKP186;DDR1-DT;DDR1;MIR4640;RN7SL175P;GTF2H4;VARS2;SFTA2;Y_RNA;MUCL3;HCG21;MUC21;MUC22;HCG22;RNU6-1133P;C6orf15;PSORS1C1;CDSN;PSORS1C2;POLR2LP1;CCHCR1;TCF19;POU5F1;PSORS1C3;XXbac-BPG299F13.17;HCG27;XXbac-BPG299F13.14;XXbac-BPG299F13.15;XXbac-BPG299F13.16;HLA-C;USP8P1;RPL3P2;WASF5P;LINC02571;XXbac-BPG248L24.10;HLA-B;XXbac-BPG248L24.12;DHFRP2;RNU6-283P;AL671883.1;FGFR3P1;ZDHHC20P2;HLA-S;XXbac-BPG181B23.7;HCP5;Y_RNA;MICA;LINC01149;XXbac-BPG181B23.6;MICB;Y_RNA;XXbac-BPG16N22.5;PPIAP9;RPL15P4;MCCD1;ATP6V1G2-DDX39B;DDX39B;SNORD117;SNORD84;DDX39B-AS1;ATP6V1G2;NFKBIL1;LTA;TNF;LTB;LST1;UQCRHP1;AIF1;PRRC2A;SNORA38;BAG6;APOM;C6orf47;C6orf47-AS1;GPANK1;Y_RNA;CSNK2B;CSNK2B-LY6G5B-1181;LY6G5B;LY6G5C;ABHD16A;XXbac-BPG32J3.20;MIR4646;LY6G6F;LY6G6F-LY6G6D;LY6G6E;LY6G6D;MPIG6B;LY6G6C;DDAH2;CLIC1;MSH5;MSH5-SAPCD1;RNU6-850P;SAPCD1;SAPCD1-AS1;VWA7;VARS1;Y_RNA;LSM2;HSPA1L;HSPA1A;HSPA1B;SNHG32;SNORD48;SNORD52;NEU1;SLC44A4;EHMT2;EHMT2-AS1;C2;ZBTB12;CFB;CFB;NELFE;MIR1236;SKIC2;DXO;WHR1;C4A;C4A-AS1;CYP21A1P;AL645922.1;TNXA;WHR1B;C4B;C4B-AS1;CYP21A2;TNXB;RNA5SP206;ATF6B;FKBPL;PRRT1;PPT2;PPT2-EGFL8;EGFL8;AGPAT1;RNF5;AGER;PBX2;XXbac-BPG300A18.13;GPSM3;NOTCH4;TSBP1-AS1;TSBP1;HNRNPA1P2;RNU6-603P;HCG23;BTNL2;HLA-DRA;HLA-DRB9;HLA-DRB5;RNU1-61P;HLA-DRB6;HLA-DRB1	8.4	14752	Unknome 18_Mar_2026; maximum over uniquely HGNC-mapped proteins; derived/knownness-ranks.tsv	Tbio	285	unique	NA	NA	NA	NA	NA	NA	unresolved competing genes; gene-body association is not causal assignment	Lifelong developmental, systemic and adult explanations remain. Adult tissue expression observed (amygdala); timing not identified.	0.1	amygdala	not checked outside pilot	not checked outside pilot	NA	NA	False	False	Lee CP GCST006572 + GENCODE v19; HGNC/Unknome/Pharos/HPA separate annotations; LD/QTL/perturbation not followed outside pilot; Savage/Genebass overlap; EA excluded	Independent ancestry-matched fine-mapping excludes rs3130063 and assigns a different variant/gene (e.g. ACOT13, RP1-30M3.5, C6orf62); adult-specific perturbation in the implicated cell type has no predicted functional effect despite verified engagement. Shared-signal evidence disappears on multiple-signal conditioning or complete variant coverage.	association hypothesis only; not an enhancement target
193	ENSG00000143614	GATAD2B	193	R050	rs112780312	3.73e-11	9.586100000000001e-09	0.00018130190930000002	118251	257	79	PGLYRP3;PGLYRP4;RNU6-160P;S100A9;S100A12;LAPTM4BP1;S100A8;S100A15A;S100A7A;S100A7P1;S100A7L2;S100A7;RN7SL44P;BX470102.3;S100A6;S100A5;S100A4;S100A3;S100A2;S100A16;S100A14;S100A13;RP1-178F15.5;S100A1;RP1-178F15.4;CHTOP;SNAPIN;ILF2;NPR1;RN7SL372P;GEMIN2P1;Y_RNA;INTS3;RP11-216N14.8;RP11-216N14.9;snoU13;SLC27A3;Y_RNA;RP11-216N14.5;RP11-216N14.7;RP11-759F5.1;DENND4B;CRTC2;SLC39A1;RP11-422P24.10;CREB3L4;JTB;JTB-DT;RAB13;RPS27;NUP210L;RP11-422P24.9;U3;RNU6-179P;RPS7P2;MIR5698;TPM3;RN7SL431P;MIR190B;CFAP141;LTAP1;UBAP2L;AL590431.1;SNORA58B;HAX1;SNORD59;RNU6-239P;RNU6-121P;AQP10;ATP8B2;RNU7-57P;RP11-350G8.4;RPSAP17;IL6R-AS1;IL6R;PSMD8P1;SHE;RP11-350G8.9;TDRD10	5.7	12090	Unknome 18_Mar_2026; maximum over uniquely HGNC-mapped proteins; derived/knownness-ranks.tsv	Tchem	186	unique	NA	NA	NA	NA	NA	NA	unresolved competing genes; gene-body association is not causal assignment	Lifelong developmental, systemic and adult explanations remain. Adult tissue expression observed (cerebellum); timing not identified.	17.9	cerebellum	not checked outside pilot	not checked outside pilot	3.524e-10	positional;chromatin	False	False	Lee CP GCST006572 + GENCODE v19; HGNC/Unknome/Pharos/HPA separate annotations; LD/QTL/perturbation not followed outside pilot; Savage/Genebass overlap; EA excluded	Independent ancestry-matched fine-mapping excludes rs112780312 and assigns a different variant/gene (e.g. PGLYRP3, PGLYRP4, RNU6-160P); adult-specific perturbation in the implicated cell type has no predicted functional effect despite verified engagement. Shared-signal evidence disappears on multiple-signal conditioning or complete variant coverage.	association hypothesis only; not an enhancement target
194	ENSG00000204540	PSORS1C1	194	R008	rs3130985	5.19e-11	1.0120500000000001e-08	0.0001914090165	25343	195	515	ACOT13;RP1-30M3.5;C6orf62;RP1-30M3.6;LINC02828;AP3S1P1;GMNN;ARMH2;RIPOR2;AL512428.1;MTCO2P33;PPIAP29;RP11-367G6.3;ASS1P1;RN7SL334P;RP3-425P12.5;RP3-425P12.1;RP3-425P12.2;CMAHP;NUP50P2;CANT1P1;UBE2D3P5;RNY5P5;AL590084.1;RP11-191A15.4;RP3-522P13.3;KATNBL1P5;RPL21P68;HNRNPA3P17;CARMIL1;Y_RNA;RNU6-987P;AL160037.1;snoU13;SCGN;PRELID1P2;H2AC1;H2BC1;H2BC2P;H2AC2P;SLC17A4;SLC17A1;SLC17A3;H2AC3P;SLC17A2;TRIM38;U91328.21;U91328.20;LINC02980;U91328.22;H3P26;H1-1;HIST1H3A;HIST1H4A;HIST1H4B;HIST1H3B;HIST1H2AB;HIST1H2BB;H2AC5P;HIST1H3C;H1-2;HFE;H4C3;H1-6;H2BC4;H2AC6;H1-4;H2BC5;LARP1P1;HIST1H2BE;HIST1H4D;H1-12P;H3C4;H2AC7;HIST1H2BF;RP1-34B20.4;HIST1H4E;HIST1H2BG;HIST1H2AE;HIST1H3E;H2AC9P;H1-3;HIST1H4F;HIST1H4G;HIST1H3F;HIST1H2BH;HIST1H3G;H2AC10P;HIST1H2BI;H4C8;H3C9P;RNU6-1259P;BTN3A2;AL021917.1;BTN2A2;BTN3A1;BTN2A3P;BTN3A3;BTN2A1;BTN1A1;RNU6-502P;HCG11;CTA-14H9.5;HMGN4;ABT1;RP11-457M11.6;VN1R14P;RP11-457M11.2;ZNF322;RP11-457M11.5;GUSBP2;POM121L6P;LINC00240;RP11-239L20.6;TRNAI2;VN1R12P;VN1R13P;VN1R11P;RNU2-62P;RP1-86C11.7;H2BC11;H2AC11;H2BC12;HIST1H4I;HIST1H2AH;MIR3143;RPL10P2;PRSS16;CDCA7P1;POM121L2;VN1R10P;ZNF204P;ZNF391;RP1-153G14.4;MCFD2P1;ZNF184;XXbac-BPGBPG34I8.1;HNRNPA1P1;CD83P1;RNU6-471P;TRNAI6;RPL8P1;GPHRP1;RSL24D1P1;H4C10P;H2BC13;H2AC13;HIST1H3H;HIST1H2AJ;HIST1H2BM;H4C11;HIST1H4K;HIST1H2AK;H2BC15;H2BC16P;HIST1H2AL;H1-5;HIST1H3I;HIST1H4L;H3C12;HIST1H2AM;HIST1H2BO;RNU7-26P;OR2B2;OR2W6P;OR2B6;RPLP2P1;OR2W4P;IQCB2P;U3;OR2W2P;OR2B7P;OR2B8;OR1F12P;RP1-313I6.12;ZNF165;ZSCAN12P1;ZNF602P;ZSCAN16-AS1;ZSCAN16;RP1-265C24.8;ZKSCAN8;ZKSCAN8P1;ZNF603P;ZKSCAN8P2;TOB2P1;ZSCAN9;ZKSCAN4;NKAPL;ZSCAN26;PGBD1;SMIM15P2;ZSCAN31;ZKSCAN3;ZSCAN12;RNU2-45P;ZSCAN23;COX11P1;OR2E1P;GPX6;GPX5;SCAND3;SCAND3-AS1;COX8CP1;AL121932.1;LINC00533;RPSAP2;AL662890.1;NOP56P1;AL662890.3;XXbac-BPG308K3.5;LINC01623;RPL13P;ZNF90P2;HCG14;TRIM27;RNU6-930P;LINC01556;KRT18P1;RN7SL471P;HCG15;HCG16;ZNF311;OR2AD1P;OR2W1;OR2P1P;SAR1AP1;OR2B3;OR2J1;OR2J3;XXbac-BCX196D17.5;OR2N1P;OR2J2;OR2J4P;OR2H4P;XXbac-BPG308J9.3;OR2G1P;OR2U1P;OR2U2P;OR2B4P;OR14J1;DDX6P1;OR5V1;OR12D3;OR12D2;OR12D1;OR11A1;OR10C1;OR2H1;UBDP1;MAS1LP1;MAS1L;RPS17P1;LINC02829;LINC01015;MAS1LP2;OR2I1;UBD;GABBR1;OR2H5P;TMEM183AP1;SNORD32B;RPL13AP;OR2H2;SUMO2P1;MOG;ZFP57;ZDHHC20P1;HLA-F;HCG4P11;HLA-F-AS1;RPL23AP1;MICE;HCG9P5;Y_RNA;IFITM4P;XXbac-BPG170G13.32;XXbac-BPG170G13.31;HLA-V;HCG4;HLA-P;RPL7AP7;MICG;HLA-G;HCG4P8;MICF;HCG4P7;HLA-H;HLA-T;DDX39BP1;MCCD1P1;HCG4B;HLA-K;HLA-U;HLA-A;HCG4P5;HLA-W;MICD;HCG9;DDX39BP2;MCCD1P2;POLR1HASP;HCG4P3;HLA-J;ETF1P1;POLR1H;PPP1R11;RNF39;AL669914.1;TRIM31;TRIM31-AS1;SNORA48;TRIM40;TRIM10;TRIM15;TRIM26;PAIP1P1;HCG17;TRIM26BP;HLA-L;HCG18;TRIM39;TRIM39-RPP21;RPP21;HLA-N;HCG19P;UBQLN1P1;MICC;TMPOP1;SUCLA2P1;RANP1;HLA-E;LINC02569;GNL1;PRR3;ABCF1;MIR877;PPP1R10;AL662800.1;MRPS18B;ATAT1;PTMAP1;C6orf136;AL662800.2;DHX16;PPP1R18;NRM;RPL7P4;MDC1;MDC1-AS1;TUBB;XXbac-BPG252P9.9;FLOT1;Y_RNA;IER3-AS1;IER3;RN7SL353P;HCG20;LINC00243;LINC02570;RN7SKP186;DDR1-DT;DDR1;MIR4640;RN7SL175P;GTF2H4;VARS2;SFTA2;Y_RNA;MUCL3;HCG21;MUC21;MUC22;HCG22;RNU6-1133P;C6orf15;CDSN;PSORS1C2;POLR2LP1;CCHCR1;TCF19;POU5F1;PSORS1C3;XXbac-BPG299F13.17;HCG27;XXbac-BPG299F13.14;XXbac-BPG299F13.15;XXbac-BPG299F13.16;HLA-C;USP8P1;RPL3P2;WASF5P;LINC02571;XXbac-BPG248L24.10;HLA-B;XXbac-BPG248L24.12;DHFRP2;RNU6-283P;AL671883.1;FGFR3P1;ZDHHC20P2;HLA-S;XXbac-BPG181B23.7;HCP5;Y_RNA;MICA;LINC01149;XXbac-BPG181B23.6;MICB;Y_RNA;XXbac-BPG16N22.5;PPIAP9;RPL15P4;MCCD1;ATP6V1G2-DDX39B;DDX39B;SNORD117;SNORD84;DDX39B-AS1;ATP6V1G2;NFKBIL1;LTA;TNF;LTB;LST1;NCR3;UQCRHP1;AIF1;PRRC2A;SNORA38;BAG6;APOM;C6orf47;C6orf47-AS1;GPANK1;Y_RNA;CSNK2B;CSNK2B-LY6G5B-1181;LY6G5B;LY6G5C;ABHD16A;XXbac-BPG32J3.20;MIR4646;LY6G6F;LY6G6F-LY6G6D;LY6G6E;LY6G6D;MPIG6B;LY6G6C;DDAH2;CLIC1;MSH5;MSH5-SAPCD1;RNU6-850P;SAPCD1;SAPCD1-AS1;VWA7;VARS1;Y_RNA;LSM2;HSPA1L;HSPA1A;HSPA1B;SNHG32;SNORD48;SNORD52;NEU1;SLC44A4;EHMT2;EHMT2-AS1;C2;ZBTB12;CFB;CFB;NELFE;MIR1236;SKIC2;DXO;WHR1;C4A;C4A-AS1;CYP21A1P;AL645922.1;TNXA;WHR1B;C4B;C4B-AS1;CYP21A2;TNXB;RNA5SP206;ATF6B;FKBPL;PRRT1;PPT2;PPT2-EGFL8;EGFL8;AGPAT1;RNF5;AGER;PBX2;XXbac-BPG300A18.13;GPSM3;NOTCH4;TSBP1-AS1;TSBP1;HNRNPA1P2;RNU6-603P;HCG23;BTNL2;HLA-DRA;HLA-DRB9;HLA-DRB5;RNU1-61P;HLA-DRB6;HLA-DRB1	NA	NA	Unknome unmapped/unscored; not zero knownness	Tbio	62	unique	NA	NA	NA	NA	NA	NA	unresolved competing genes; gene-body association is not causal assignment	Lifelong developmental, systemic and adult explanations remain. Adult tissue expression observed (amygdala); timing not identified.	1.1	amygdala	not checked outside pilot	not checked outside pilot	NA	NA	False	False	Lee CP GCST006572 + GENCODE v19; HGNC/Unknome/Pharos/HPA separate annotations; LD/QTL/perturbation not followed outside pilot; Savage/Genebass overlap; EA excluded	Independent ancestry-matched fine-mapping excludes rs3130985 and assigns a different variant/gene (e.g. ACOT13, RP1-30M3.5, C6orf62); adult-specific perturbation in the implicated cell type has no predicted functional effect despite verified engagement. Shared-signal evidence disappears on multiple-signal conditioning or complete variant coverage.	association hypothesis only; not an enhancement target
195	ENSG00000213619	NDUFS3	195	R074	rs2030166	3.68e-10	1.0304e-08	0.000194879552	19227	28	59	LRP4-AS1;LRP4;CSTPP1;CTD-2384B9.1;RP11-390K5.3;ARFGAP2;RP11-390K5.6;PACSIN3;RP11-390K5.1;RN7SL772P;DDB2;RP11-17G12.2;ACP2;NR1H3;MADD;MADD-AS1;MYBPC3;SPI1;SLC39A13-AS1;AC090559.2;MIR4487;SLC39A13;PSMC3;RAPSN;RNU6-1302P;CELF1;AC090559.1;RP11-750H9.7;RN7SL652P;PTPMT1;KBTBD4;RNU5E-10P;KBTBD4;FAM180B;C1QTNF4;Y_RNA;MTCH2;AGBL2;FNBP4;Y_RNA;snoU13;NUP160;RP11-692M12.5;RNA5SP340;Y_RNA;YPEL5P2;RP11-793I11.1;PTPRJ;PTPRJ-AS1;MIR3161;OR4B1;OR4B2P;OR4X2;OR4X1;OR4S1;OR4C3;OR4C4P;OR4C5;OR4C2P	7.5	14017	Unknome 18_Mar_2026; maximum over uniquely HGNC-mapped proteins; derived/knownness-ranks.tsv	Tclin	214	unique	NA	NA	NA	NA	NA	NA	unresolved competing genes; gene-body association is not causal assignment	Lifelong developmental, systemic and adult explanations remain. Adult tissue expression observed (basal ganglia); timing not identified.	199.5	basal ganglia	not checked outside pilot	not checked outside pilot	NA	positional;eQTL;chromatin	False	False	Lee CP GCST006572 + GENCODE v19; HGNC/Unknome/Pharos/HPA separate annotations; LD/QTL/perturbation not followed outside pilot; Savage/Genebass overlap; EA excluded	Independent ancestry-matched fine-mapping excludes rs2030166 and assigns a different variant/gene (e.g. LRP4-AS1, LRP4, CSTPP1); adult-specific perturbation in the implicated cell type has no predicted functional effect despite verified engagement. Shared-signal evidence disappears on multiple-signal conditioning or complete variant coverage.	association hypothesis only; not an enhancement target
196	ENSG00000153006	SREK1IP1	196	R057	rs80170948	7.99e-11	1.03071e-08	0.0001949381823	50542	129	13	RNF180;NT5ELP;RGS7BP;RN7SL169P;RNU6-294P;MRPL49P1;SHISAL2B;CWC27;RP11-307L14.1;RP11-307L14.2;Y_RNA;ADAMTS6;CTD-2194F4.2	0.0	1	Unknome 18_Mar_2026; maximum over uniquely HGNC-mapped proteins; derived/knownness-ranks.tsv	Tdark	35	unique	NA	NA	NA	NA	NA	NA	unresolved competing genes; gene-body association is not causal assignment	Lifelong developmental, systemic and adult explanations remain. Adult tissue expression observed (spinal cord); timing not identified.	4.3	spinal cord	not checked outside pilot	not checked outside pilot	NA	NA	False	False	Lee CP GCST006572 + GENCODE v19; HGNC/Unknome/Pharos/HPA separate annotations; LD/QTL/perturbation not followed outside pilot; Savage/Genebass overlap; EA excluded	Independent ancestry-matched fine-mapping excludes rs80170948 and assigns a different variant/gene (e.g. RNF180, NT5ELP, RGS7BP); adult-specific perturbation in the implicated cell type has no predicted functional effect despite verified engagement. Shared-signal evidence disappears on multiple-signal conditioning or complete variant coverage.	association hypothesis only; not an enhancement target
197	ENSG00000109919	MTCH2	197	R074	rs1064608	2.86e-10	1.0868e-08	0.000205546484	25309	38	59	LRP4-AS1;LRP4;CSTPP1;CTD-2384B9.1;RP11-390K5.3;ARFGAP2;RP11-390K5.6;PACSIN3;RP11-390K5.1;RN7SL772P;DDB2;RP11-17G12.2;ACP2;NR1H3;MADD;MADD-AS1;MYBPC3;SPI1;SLC39A13-AS1;AC090559.2;MIR4487;SLC39A13;PSMC3;RAPSN;RNU6-1302P;CELF1;AC090559.1;RP11-750H9.7;RN7SL652P;NDUFS3;PTPMT1;KBTBD4;RNU5E-10P;KBTBD4;FAM180B;C1QTNF4;Y_RNA;AGBL2;FNBP4;Y_RNA;snoU13;NUP160;RP11-692M12.5;RNA5SP340;Y_RNA;YPEL5P2;RP11-793I11.1;PTPRJ;PTPRJ-AS1;MIR3161;OR4B1;OR4B2P;OR4X2;OR4X1;OR4S1;OR4C3;OR4C4P;OR4C5;OR4C2P	4.9	11073	Unknome 18_Mar_2026; maximum over uniquely HGNC-mapped proteins; derived/knownness-ranks.tsv	Tchem	176	unique	NA	NA	NA	NA	NA	NA	unresolved competing genes; gene-body association is not causal assignment	Lifelong developmental, systemic and adult explanations remain. Adult tissue expression observed (basal ganglia); timing not identified.	35.4	basal ganglia	not checked outside pilot	not checked outside pilot	NA	positional;eQTL	False	False	Lee CP GCST006572 + GENCODE v19; HGNC/Unknome/Pharos/HPA separate annotations; LD/QTL/perturbation not followed outside pilot; Savage/Genebass overlap; EA excluded	Independent ancestry-matched fine-mapping excludes rs1064608 and assigns a different variant/gene (e.g. LRP4-AS1, LRP4, CSTPP1); adult-specific perturbation in the implicated cell type has no predicted functional effect despite verified engagement. Shared-signal evidence disappears on multiple-signal conditioning or complete variant coverage.	association hypothesis only; not an enhancement target
198	ENSG00000171045	TSNARE1	198	R042	rs4976976	1.24e-11	1.1098000000000001e-08	0.00020989647400000003	191161	895	20	AC104417.1;DNAJC8P3;RP11-953B20.1;MIR4472-1;LINC00051;RN7SL260P;RP13-467H17.1;ADGRB1;MROH4P;ARC;AP006547.3;AC145123.2;JRK;PSCA;LY6K;LNCOC1;THEM6;CTD-2292P10.2;SLURP1;LYPD2	2.5	7104	Unknome 18_Mar_2026; maximum over uniquely HGNC-mapped proteins; derived/knownness-ranks.tsv	Tbio	23	unique	NA	NA	NA	NA	NA	NA	unresolved competing genes; gene-body association is not causal assignment	Lifelong developmental, systemic and adult explanations remain. Adult tissue expression observed (cerebral cortex); timing not identified.	15.9	cerebral cortex	not checked outside pilot	not checked outside pilot	2.0349e-09	positional;eQTL	False	False	Lee CP GCST006572 + GENCODE v19; HGNC/Unknome/Pharos/HPA separate annotations; LD/QTL/perturbation not followed outside pilot; Savage/Genebass overlap; EA excluded	Independent ancestry-matched fine-mapping excludes rs4976976 and assigns a different variant/gene (e.g. AC104417.1, DNAJC8P3, RP11-953B20.1); adult-specific perturbation in the implicated cell type has no predicted functional effect despite verified engagement. Shared-signal evidence disappears on multiple-signal conditioning or complete variant coverage.	association hypothesis only; not an enhancement target
199	ENSG00000010327	STAB1	199	R064	rs4434138	1.27e-10	1.1303e-08	0.000213773639	29158	89	64	DUSP7;LINC00696;POC1A;ALDOAP1;ALAS1;TLR9;TLR9;TWF2;TWF2-DT;PPM1M;WDR82;MIRLET7G;GLYCTK;GLYCTK-AS1;MIR135A1;DNAH1;PPP2R5CP;BAP1;PHF7;SEMA3G;TNNC1;NISCH;NT5DC2;UQCC5;PBRM1;RNU6-856P;RNU6ATAC16P;GNL3;SNORD19B;SNORD19;SNORD19B;SNORD19C;SNORD69;GLT8D1;SPCS1;NEK4;AK3P7;AKTIPP1;ITIH1;ITIH3;ITIH4;RP5-966M1.6;ITIH4-AS1;MUSTN1;STIMATE-MUSTN1;STIMATE;SFMBT1;RP11-894J14.5;AC096887.1;SERBP1P3;RFT1;PRKCD;AC097015.1;TKT;snoU13;DCP1A;RN7SL821P;Y_RNA;SNORD38C;SNORA26;RPS25P4;CACNA1D;SNORD63;AC024149.1	6.9	13452	Unknome 18_Mar_2026; maximum over uniquely HGNC-mapped proteins; derived/knownness-ranks.tsv	Tbio	95	unique	NA	NA	NA	NA	NA	NA	unresolved competing genes; gene-body association is not causal assignment	Lifelong developmental, systemic and adult explanations remain. Adult tissue expression observed (spinal cord); timing not identified.	28.1	spinal cord	not checked outside pilot	not checked outside pilot	3.9621e-11	positional;eQTL	False	False	Lee CP GCST006572 + GENCODE v19; HGNC/Unknome/Pharos/HPA separate annotations; LD/QTL/perturbation not followed outside pilot; Savage/Genebass overlap; EA excluded	Independent ancestry-matched fine-mapping excludes rs4434138 and assigns a different variant/gene (e.g. DUSP7, LINC00696, POC1A); adult-specific perturbation in the implicated cell type has no predicted functional effect despite verified engagement. Shared-signal evidence disappears on multiple-signal conditioning or complete variant coverage.	association hypothesis only; not an enhancement target
200	ENSG00000261086	RP11-379H8.1	200	R056	rs3850610	1.87e-10	1.1594e-08	0.000219277322	21505	62	86	CTD-2034I4.1;CTD-2034I4.2;RP11-499F3.1;LINC01418;RP11-276M12.1;RP11-597K23.1;MEX3B;AC026956.1;LINC01583;EFL1;RNU1-77P;SAXO2;RP13-98N21.3;GOLGA6L10;UBE2Q2P2;RPL9P9;RP13-608F4.8;GOLGA6L9;CSPG4P8;GOLGA2P10;AC135995.1;RN7SL61P;RP13-608F4.1;DNM1P38;RPS17;RP13-608F4.6;RP13-98N21.2;RP13-996F3.5;RP11-152F13.7;RN7SL256P;CSPG4P9;AC126339.1;RP13-608F4.5;RP13-996F3.4;UBE2Q2P2;RPL9P8;RP11-152F13.8;GOLGA6L9;CSPG4P10;RP13-996F3.3;AC010724.1;RN7SL410P;GOLGA6L10;DNM1P38;RPS17;RP11-152F13.10;CPEB1;CPEB1-AS1;AP3B2;RP11-752G15.4;AC105339.1;ACTG1P17;AC105339.2;RP11-752G15.8;SNHG21;SCARNA15;FSD2;WHAMM;HOMER2;RP11-382A20.5;RAMAC;C15orf40;RP11-382A20.7;AC022558.1;BTBD1;RP11-90B9.2;RP11-382A20.6;FABP5P8;MIR4515;TM6SF1;RP11-382A20.2;HDGFL3;RP11-382A20.4;BNC1;SH3GL3;AC087738.1;ADAMTSL3;RNU6-401P;TUBAP4;RNU6-1339P;AC027807.1;RP11-342A23.1;EFL1P1;RP13-262C2.3;UBE2Q2P16;CSPG4P11	NA	NA	Unknome unmapped/unscored; not zero knownness	NA	NA	unmapped	NA	NA	NA	NA	NA	NA	unresolved competing genes; gene-body association is not causal assignment	Lifelong developmental, systemic and adult explanations remain. Adult brain expression not covered in HPA; not evidence of absence.	NA	NA	not checked outside pilot	not checked outside pilot	NA	NA	False	False	Lee CP GCST006572 + GENCODE v19; HGNC/Unknome/Pharos/HPA separate annotations; LD/QTL/perturbation not followed outside pilot; Savage/Genebass overlap; EA excluded	Independent ancestry-matched fine-mapping excludes rs3850610 and assigns a different variant/gene (e.g. CTD-2034I4.1, CTD-2034I4.2, RP11-499F3.1); adult-specific perturbation in the implicated cell type has no predicted functional effect despite verified engagement. Shared-signal evidence disappears on multiple-signal conditioning or complete variant coverage.	association hypothesis only; not an enhancement target
201	ENSG00000176953	NFATC2IP	201	R010	rs62037422	3.77e-10	1.1686999999999999e-08	0.00022103623099999997	16291	31	79	GSG1L;RNU6-159P;RNU6-1241P;XPO6;TPRKBP2;SNORA25;RNY1P10;GAPDHP35;RP11-57A19.2;SBK1;NPIPB6;RP11-435I10.5;EIF3CL;CDC37P2;snoU13;RP11-57A19.5;NPIPB7;CLN3;CLN3;APOBR;IL27;NUPR1;RP11-666O2.1;SGF29;SULT1A2;SULT1A1;NPIPB8;PLA2G10DP;snoU13;EIF3C;CDC37P1;RP11-1348G14.6;NPIPB9;snoU13;RP11-1348G14.4;RP11-1348G14.1;RP11-1348G14.5;ATXN2L;RP11-24N18.1;TUFM;MIR4721;SH2B1;RP11-22P6.2;ATP2A1;ATP2A1-AS1;SNORA43;RABEP2;CD19;NFATC2IP-AS1;MIR4517;SPNS1;RP11-264B17.3;RP11-264B17.4;LAT;RP11-264B17.5;NPIPB10P;PLA2G10CP;snoU13;RRN3P2;RP11-426C22.5;RP11-426C22.4;AC009093.1;SNX29P2;RP11-426C22.6;RP11-231C14.6;SNX29P2;NPIPB11;SMG1P6;snoU13;BOLA2-SMG1P6;RP11-345J4.6;BOLA2;SLX1B;SLX1B-SULT1A4;SULT1A4;SGF29P1;RP11-345J4.1;PLA2G10HP;NPIPB12	0.5	1903	Unknome 18_Mar_2026; maximum over uniquely HGNC-mapped proteins; derived/knownness-ranks.tsv	Tbio	44	unique	NA	NA	NA	NA	NA	NA	unresolved competing genes; gene-body association is not causal assignment	Lifelong developmental, systemic and adult explanations remain. Adult tissue expression observed (cerebellum); timing not identified.	34.9	cerebellum	not checked outside pilot	not checked outside pilot	1.3733e-11	positional;eQTL	False	False	Lee CP GCST006572 + GENCODE v19; HGNC/Unknome/Pharos/HPA separate annotations; LD/QTL/perturbation not followed outside pilot; Savage/Genebass overlap; EA excluded	Independent ancestry-matched fine-mapping excludes rs62037422 and assigns a different variant/gene (e.g. GSG1L, RNU6-159P, RNU6-1241P); adult-specific perturbation in the implicated cell type has no predicted functional effect despite verified engagement. Shared-signal evidence disappears on multiple-signal conditioning or complete variant coverage.	association hypothesis only; not an enhancement target
202	ENSG00000138594	TMOD3	202	R049	rs1035738	3.47e-11	1.17286e-08	0.0002218230118	117668	338	49	AP4E1;DCAF13P3;MIR4713HG;TIPE3;RP11-394B5.2;CYP19A1;MIR4713;RP11-108K3.3;RP11-108K3.2;GLDN;RP11-108K3.5;RP11-108K3.4;RP11-707P17.1;DMXL2;RP11-707P17.2;AC020892.1;SCG3;SCG3-AS1;RP11-313P18.1;LYSMD2;TMOD2;CTD-2308G16.1;RP11-56B16.1;Y_RNA;RP11-56B16.5;RNU6-90P;RP11-56B16.4;LEO1P1;LEO1;MAPK6;MAPK6-DT;RP11-430B1.1;CTD-2184D3.5;CTD-2184D3.3;CTD-2184D3.1;BCL2L10;CTD-2184D3.6;GNB5;CTD-2184D3.7;Y_RNA;CERNA1;MYO5C;MIR1266;MYO5A;EEF1B2P1;ARPP19;RP11-23N2.4;ATOSA;RP11-519C12.1	3.4	8766	Unknome 18_Mar_2026; maximum over uniquely HGNC-mapped proteins; derived/knownness-ranks.tsv	Tbio	179	unique	NA	NA	NA	NA	NA	NA	unresolved competing genes; gene-body association is not causal assignment	Lifelong developmental, systemic and adult explanations remain. Adult tissue expression observed (cerebral cortex); timing not identified.	4.6	cerebral cortex	not checked outside pilot	not checked outside pilot	NA	positional;chromatin	False	False	Lee CP GCST006572 + GENCODE v19; HGNC/Unknome/Pharos/HPA separate annotations; LD/QTL/perturbation not followed outside pilot; Savage/Genebass overlap; EA excluded	Independent ancestry-matched fine-mapping excludes rs1035738 and assigns a different variant/gene (e.g. AP4E1, DCAF13P3, MIR4713HG); adult-specific perturbation in the implicated cell type has no predicted functional effect despite verified engagement. Shared-signal evidence disappears on multiple-signal conditioning or complete variant coverage.	association hypothesis only; not an enhancement target
203	ENSG00000125386	FAM193A	203	R045	rs2295499	2.85e-11	1.1798999999999999e-08	0.00022315448699999996	107305	414	34	NSD2;NELFA;MIR943;NICOL1;ASPNAT;POLN;RP11-317B7.2;RP11-317B7.3;HAUS3;COX6B1P5;MXD4;MIR4800;ZFYVE28;ZFYVE28-AS1;RN7SL589P;SPICP5;CFAP99;RP11-503N18.3;RNF4;RP11-503N18.4;RP11-503N18.5;WI2-89927D4.1;Y_RNA;TNIP2;SH3BP2;ADD1;SLC75A1;NOP14-AS1;NOP14;GRK4;RNU6-204P;HTT-AS;HTT;MSANTD1	0.8	3045	Unknome 18_Mar_2026; maximum over uniquely HGNC-mapped proteins; derived/knownness-ranks.tsv	Tdark	45	unique	NA	NA	NA	NA	NA	NA	unresolved competing genes; gene-body association is not causal assignment	Lifelong developmental, systemic and adult explanations remain. Adult tissue expression observed (cerebellum); timing not identified.	17.5	cerebellum	not checked outside pilot	not checked outside pilot	2.4323e-08	positional;eQTL	False	False	Lee CP GCST006572 + GENCODE v19; HGNC/Unknome/Pharos/HPA separate annotations; LD/QTL/perturbation not followed outside pilot; Savage/Genebass overlap; EA excluded	Independent ancestry-matched fine-mapping excludes rs2295499 and assigns a different variant/gene (e.g. NSD2, NELFA, MIR943); adult-specific perturbation in the implicated cell type has no predicted functional effect despite verified engagement. Shared-signal evidence disappears on multiple-signal conditioning or complete variant coverage.	association hypothesis only; not an enhancement target
204	ENSG00000087053	MTMR2	204	R046	rs500054	4.4e-11	1.3156e-08	0.00024881942800000003	92434	299	12	Y_RNA;RP11-338H14.1;RP11-644L4.1;FAM76B;CEP57;AP001877.1;RNA5SP345;RPL32P25;MAML2;MIR1260B;CCDC82;JRKL	10.4	15985	Unknome 18_Mar_2026; maximum over uniquely HGNC-mapped proteins; derived/knownness-ranks.tsv	Tbio	100	unique	NA	NA	NA	NA	NA	NA	unresolved competing genes; gene-body association is not causal assignment	Lifelong developmental, systemic and adult explanations remain. Adult tissue expression observed (spinal cord); timing not identified.	20.1	spinal cord	not checked outside pilot	not checked outside pilot	1.2407e-08	positional;eQTL;chromatin	False	False	Lee CP GCST006572 + GENCODE v19; HGNC/Unknome/Pharos/HPA separate annotations; LD/QTL/perturbation not followed outside pilot; Savage/Genebass overlap; EA excluded	Independent ancestry-matched fine-mapping excludes rs500054 and assigns a different variant/gene (e.g. Y_RNA, RP11-338H14.1, RP11-644L4.1); adult-specific perturbation in the implicated cell type has no predicted functional effect despite verified engagement. Shared-signal evidence disappears on multiple-signal conditioning or complete variant coverage.	association hypothesis only; not an enhancement target
205	ENSG00000113758	DBN1	205	R040	rs2630763	3.41e-10	1.3299e-08	0.000251523987	17794	39	41	UIMC1;ZNF346;ZNF346-IT1;FGFR4;NSD1;RPL21P60;PRMT1P1;RAB24;MXD3;PRELID1;LMAN2;RN7SL562P;CTD-2301A4.1;RGS14;SLC34A1;PFN3;F12;GRK6;PRR7-AS1;PRR7;PDLIM7;PDLIM7-AS1;DOK3;DDX41;FAM193B;FAM193B-DT;TMED9;B4GALT7;RP11-1277A3.1;SIMC1P1;FAM153A-AS1;FAM153A;FAM153A-AS2;RP11-1026M7.3;RP11-423H2.1;OR1X5P;LINC03224;AC106795.1;RP11-1252I4.2;RP11-423H2.3;SUDS3P1	6.5	13008	Unknome 18_Mar_2026; maximum over uniquely HGNC-mapped proteins; derived/knownness-ranks.tsv	Tchem	248	unique	NA	NA	NA	NA	NA	NA	unresolved competing genes; gene-body association is not causal assignment	Lifelong developmental, systemic and adult explanations remain. Adult tissue expression observed (basal ganglia); timing not identified.	73.0	basal ganglia	not checked outside pilot	not checked outside pilot	4.5724e-11	positional;eQTL	False	False	Lee CP GCST006572 + GENCODE v19; HGNC/Unknome/Pharos/HPA separate annotations; LD/QTL/perturbation not followed outside pilot; Savage/Genebass overlap; EA excluded	Independent ancestry-matched fine-mapping excludes rs2630763 and assigns a different variant/gene (e.g. UIMC1, ZNF346, ZNF346-IT1); adult-specific perturbation in the implicated cell type has no predicted functional effect despite verified engagement. Shared-signal evidence disappears on multiple-signal conditioning or complete variant coverage.	association hypothesis only; not an enhancement target
206	ENSG00000197153	H3C12	206	R008	rs200968	1.21e-09	1.452e-08	0.00027461676	2792	12	515	ACOT13;RP1-30M3.5;C6orf62;RP1-30M3.6;LINC02828;AP3S1P1;GMNN;ARMH2;RIPOR2;AL512428.1;MTCO2P33;PPIAP29;RP11-367G6.3;ASS1P1;RN7SL334P;RP3-425P12.5;RP3-425P12.1;RP3-425P12.2;CMAHP;NUP50P2;CANT1P1;UBE2D3P5;RNY5P5;AL590084.1;RP11-191A15.4;RP3-522P13.3;KATNBL1P5;RPL21P68;HNRNPA3P17;CARMIL1;Y_RNA;RNU6-987P;AL160037.1;snoU13;SCGN;PRELID1P2;H2AC1;H2BC1;H2BC2P;H2AC2P;SLC17A4;SLC17A1;SLC17A3;H2AC3P;SLC17A2;TRIM38;U91328.21;U91328.20;LINC02980;U91328.22;H3P26;H1-1;HIST1H3A;HIST1H4A;HIST1H4B;HIST1H3B;HIST1H2AB;HIST1H2BB;H2AC5P;HIST1H3C;H1-2;HFE;H4C3;H1-6;H2BC4;H2AC6;H1-4;H2BC5;LARP1P1;HIST1H2BE;HIST1H4D;H1-12P;H3C4;H2AC7;HIST1H2BF;RP1-34B20.4;HIST1H4E;HIST1H2BG;HIST1H2AE;HIST1H3E;H2AC9P;H1-3;HIST1H4F;HIST1H4G;HIST1H3F;HIST1H2BH;HIST1H3G;H2AC10P;HIST1H2BI;H4C8;H3C9P;RNU6-1259P;BTN3A2;AL021917.1;BTN2A2;BTN3A1;BTN2A3P;BTN3A3;BTN2A1;BTN1A1;RNU6-502P;HCG11;CTA-14H9.5;HMGN4;ABT1;RP11-457M11.6;VN1R14P;RP11-457M11.2;ZNF322;RP11-457M11.5;GUSBP2;POM121L6P;LINC00240;RP11-239L20.6;TRNAI2;VN1R12P;VN1R13P;VN1R11P;RNU2-62P;RP1-86C11.7;H2BC11;H2AC11;H2BC12;HIST1H4I;HIST1H2AH;MIR3143;RPL10P2;PRSS16;CDCA7P1;POM121L2;VN1R10P;ZNF204P;ZNF391;RP1-153G14.4;MCFD2P1;ZNF184;XXbac-BPGBPG34I8.1;HNRNPA1P1;CD83P1;RNU6-471P;TRNAI6;RPL8P1;GPHRP1;RSL24D1P1;H4C10P;H2BC13;H2AC13;HIST1H3H;HIST1H2AJ;HIST1H2BM;H4C11;HIST1H4K;HIST1H2AK;H2BC15;H2BC16P;HIST1H2AL;H1-5;HIST1H3I;HIST1H4L;HIST1H2AM;HIST1H2BO;RNU7-26P;OR2B2;OR2W6P;OR2B6;RPLP2P1;OR2W4P;IQCB2P;U3;OR2W2P;OR2B7P;OR2B8;OR1F12P;RP1-313I6.12;ZNF165;ZSCAN12P1;ZNF602P;ZSCAN16-AS1;ZSCAN16;RP1-265C24.8;ZKSCAN8;ZKSCAN8P1;ZNF603P;ZKSCAN8P2;TOB2P1;ZSCAN9;ZKSCAN4;NKAPL;ZSCAN26;PGBD1;SMIM15P2;ZSCAN31;ZKSCAN3;ZSCAN12;RNU2-45P;ZSCAN23;COX11P1;OR2E1P;GPX6;GPX5;SCAND3;SCAND3-AS1;COX8CP1;AL121932.1;LINC00533;RPSAP2;AL662890.1;NOP56P1;AL662890.3;XXbac-BPG308K3.5;LINC01623;RPL13P;ZNF90P2;HCG14;TRIM27;RNU6-930P;LINC01556;KRT18P1;RN7SL471P;HCG15;HCG16;ZNF311;OR2AD1P;OR2W1;OR2P1P;SAR1AP1;OR2B3;OR2J1;OR2J3;XXbac-BCX196D17.5;OR2N1P;OR2J2;OR2J4P;OR2H4P;XXbac-BPG308J9.3;OR2G1P;OR2U1P;OR2U2P;OR2B4P;OR14J1;DDX6P1;OR5V1;OR12D3;OR12D2;OR12D1;OR11A1;OR10C1;OR2H1;UBDP1;MAS1LP1;MAS1L;RPS17P1;LINC02829;LINC01015;MAS1LP2;OR2I1;UBD;GABBR1;OR2H5P;TMEM183AP1;SNORD32B;RPL13AP;OR2H2;SUMO2P1;MOG;ZFP57;ZDHHC20P1;HLA-F;HCG4P11;HLA-F-AS1;RPL23AP1;MICE;HCG9P5;Y_RNA;IFITM4P;XXbac-BPG170G13.32;XXbac-BPG170G13.31;HLA-V;HCG4;HLA-P;RPL7AP7;MICG;HLA-G;HCG4P8;MICF;HCG4P7;HLA-H;HLA-T;DDX39BP1;MCCD1P1;HCG4B;HLA-K;HLA-U;HLA-A;HCG4P5;HLA-W;MICD;HCG9;DDX39BP2;MCCD1P2;POLR1HASP;HCG4P3;HLA-J;ETF1P1;POLR1H;PPP1R11;RNF39;AL669914.1;TRIM31;TRIM31-AS1;SNORA48;TRIM40;TRIM10;TRIM15;TRIM26;PAIP1P1;HCG17;TRIM26BP;HLA-L;HCG18;TRIM39;TRIM39-RPP21;RPP21;HLA-N;HCG19P;UBQLN1P1;MICC;TMPOP1;SUCLA2P1;RANP1;HLA-E;LINC02569;GNL1;PRR3;ABCF1;MIR877;PPP1R10;AL662800.1;MRPS18B;ATAT1;PTMAP1;C6orf136;AL662800.2;DHX16;PPP1R18;NRM;RPL7P4;MDC1;MDC1-AS1;TUBB;XXbac-BPG252P9.9;FLOT1;Y_RNA;IER3-AS1;IER3;RN7SL353P;HCG20;LINC00243;LINC02570;RN7SKP186;DDR1-DT;DDR1;MIR4640;RN7SL175P;GTF2H4;VARS2;SFTA2;Y_RNA;MUCL3;HCG21;MUC21;MUC22;HCG22;RNU6-1133P;C6orf15;PSORS1C1;CDSN;PSORS1C2;POLR2LP1;CCHCR1;TCF19;POU5F1;PSORS1C3;XXbac-BPG299F13.17;HCG27;XXbac-BPG299F13.14;XXbac-BPG299F13.15;XXbac-BPG299F13.16;HLA-C;USP8P1;RPL3P2;WASF5P;LINC02571;XXbac-BPG248L24.10;HLA-B;XXbac-BPG248L24.12;DHFRP2;RNU6-283P;AL671883.1;FGFR3P1;ZDHHC20P2;HLA-S;XXbac-BPG181B23.7;HCP5;Y_RNA;MICA;LINC01149;XXbac-BPG181B23.6;MICB;Y_RNA;XXbac-BPG16N22.5;PPIAP9;RPL15P4;MCCD1;ATP6V1G2-DDX39B;DDX39B;SNORD117;SNORD84;DDX39B-AS1;ATP6V1G2;NFKBIL1;LTA;TNF;LTB;LST1;NCR3;UQCRHP1;AIF1;PRRC2A;SNORA38;BAG6;APOM;C6orf47;C6orf47-AS1;GPANK1;Y_RNA;CSNK2B;CSNK2B-LY6G5B-1181;LY6G5B;LY6G5C;ABHD16A;XXbac-BPG32J3.20;MIR4646;LY6G6F;LY6G6F-LY6G6D;LY6G6E;LY6G6D;MPIG6B;LY6G6C;DDAH2;CLIC1;MSH5;MSH5-SAPCD1;RNU6-850P;SAPCD1;SAPCD1-AS1;VWA7;VARS1;Y_RNA;LSM2;HSPA1L;HSPA1A;HSPA1B;SNHG32;SNORD48;SNORD52;NEU1;SLC44A4;EHMT2;EHMT2-AS1;C2;ZBTB12;CFB;CFB;NELFE;MIR1236;SKIC2;DXO;WHR1;C4A;C4A-AS1;CYP21A1P;AL645922.1;TNXA;WHR1B;C4B;C4B-AS1;CYP21A2;TNXB;RNA5SP206;ATF6B;FKBPL;PRRT1;PPT2;PPT2-EGFL8;EGFL8;AGPAT1;RNF5;AGER;PBX2;XXbac-BPG300A18.13;GPSM3;NOTCH4;TSBP1-AS1;TSBP1;HNRNPA1P2;RNU6-603P;HCG23;BTNL2;HLA-DRA;HLA-DRB9;HLA-DRB5;RNU1-61P;HLA-DRB6;HLA-DRB1	NA	NA	Unknome unmapped/unscored; not zero knownness	NA	88	unique	NA	NA	NA	NA	NA	NA	unresolved competing genes; gene-body association is not causal assignment	Lifelong developmental, systemic and adult explanations remain. Adult tissue expression observed (spinal cord); timing not identified.	0.1	spinal cord	not checked outside pilot	not checked outside pilot	NA	eQTL	False	False	Lee CP GCST006572 + GENCODE v19; HGNC/Unknome/Pharos/HPA separate annotations; LD/QTL/perturbation not followed outside pilot; Savage/Genebass overlap; EA excluded	Independent ancestry-matched fine-mapping excludes rs200968 and assigns a different variant/gene (e.g. ACOT13, RP1-30M3.5, C6orf62); adult-specific perturbation in the implicated cell type has no predicted functional effect despite verified engagement. Shared-signal evidence disappears on multiple-signal conditioning or complete variant coverage.	association hypothesis only; not an enhancement target
207	ENSG00000016864	GLT8D1	207	R064	rs8906	6.82e-10	1.5004e-08	0.00028377065199999997	11544	22	64	DUSP7;LINC00696;POC1A;ALDOAP1;ALAS1;TLR9;TLR9;TWF2;TWF2-DT;PPM1M;WDR82;MIRLET7G;GLYCTK;GLYCTK-AS1;MIR135A1;DNAH1;PPP2R5CP;BAP1;PHF7;SEMA3G;TNNC1;NISCH;STAB1;NT5DC2;UQCC5;PBRM1;RNU6-856P;RNU6ATAC16P;GNL3;SNORD19B;SNORD19;SNORD19B;SNORD19C;SNORD69;SPCS1;NEK4;AK3P7;AKTIPP1;ITIH1;ITIH3;ITIH4;RP5-966M1.6;ITIH4-AS1;MUSTN1;STIMATE-MUSTN1;STIMATE;SFMBT1;RP11-894J14.5;AC096887.1;SERBP1P3;RFT1;PRKCD;AC097015.1;TKT;snoU13;DCP1A;RN7SL821P;Y_RNA;SNORD38C;SNORA26;RPS25P4;CACNA1D;SNORD63;AC024149.1	0.0	1	Unknome 18_Mar_2026; maximum over uniquely HGNC-mapped proteins; derived/knownness-ranks.tsv	Tbio	55	unique	NA	NA	NA	NA	NA	NA	unresolved competing genes; gene-body association is not causal assignment	Lifelong developmental, systemic and adult explanations remain. Adult tissue expression observed (spinal cord); timing not identified.	28.7	spinal cord	not checked outside pilot	not checked outside pilot	6.51e-12	positional;eQTL	False	False	Lee CP GCST006572 + GENCODE v19; HGNC/Unknome/Pharos/HPA separate annotations; LD/QTL/perturbation not followed outside pilot; Savage/Genebass overlap; EA excluded	Independent ancestry-matched fine-mapping excludes rs8906 and assigns a different variant/gene (e.g. DUSP7, LINC00696, POC1A); adult-specific perturbation in the implicated cell type has no predicted functional effect despite verified engagement. Shared-signal evidence disappears on multiple-signal conditioning or complete variant coverage.	association hypothesis only; not an enhancement target
208	ENSG00000198218	QRICH1	208	R001	rs61729488	1.57e-10	1.5543e-08	0.00029396475899999997	64657	99	145	MAP4;RPS27P30;RN7SL664P;RPL17P16;CDC25A;SNRPFP4;RNU7-128P;NDUFB1P1;MIR4443;CAMP;ZNF589;MRPS18AP1;Y_RNA;FCF1P2;NME6;SPINK8;MIR2115;FBXW12;RN7SL321P;PLXNB1;CCDC51;TMA7;RP11-24C3.2;ATRIP;TREX1;SHISA5;AC104448.1;PFKFB4;UCN2;COL7A1;MIR711;UQCRC1;TMEM89;SLC26A6;CELSR3;MIR4793;LINC02585;NCKIPSD;RP11-572O6.1;IP6K2;PRKAR2A;PRKAR2A-AS1;SLC25A20;ARIH2OS;ARIH2;RP13-131K19.1;RP13-131K19.2;RP13-131K19.7;P4HTM;WDR6;DALRD3;MIR425;NDUFAF3;MIR191;IMPDH2;RP13-131K19.6;RN7SL182P;QARS1;USP19;LAMB2;LAMB2P1;CCDC71;KLHDC8B;CIMIP7;IHO1;GCSHP6;RP11-3B7.1;C3orf62;Y_RNA;MIR4271;USP4;GPX1;RHOA;RHOA-IT1;TCTA;AMT;NICN1-AS1;NICN1;RNA5SP130;DAG1;BSN-DT;BSN;BSN-AS1;APEH;MST1;AC099668.5;RNF123;AMIGO3;GMPPB;IP6K1;COX6CP14;PHF5AP3;CDHR4;INKA1;UBA7;MIR5193;AC139451.1;TRAIP;CAMKV;RN7SL217P;ACTL11P;MST1R;CTD-2330K9.2;CTD-2330K9.3;MON1A;RBM6;RBM5;SEMA3F-AS1;SEMA3F;MIR566;GNAT1;SLC38A3;GNAI2;U73169.1;LINC03143;SEMA3B-AS1;SEMA3B;LSMEM2;IFRD2;HYAL3;NAA80;HYAL1;HYAL2;TUSC2;RASSF1;ZMYND10-AS1;ZMYND10;NPRL2;CYB561D2;XXcos-LUCA11.5;TMEM115;CACNA2D2;XXcos-LUCA11.4;RNA5SP131;C3orf18;HEMK1;CISH;MAPKAPK3;LINC02019;MIR4787;DOCK3;PPIAP69;RP11-646D13.1;ZNF652P1;ST13P14	6.4	12917	Unknome 18_Mar_2026; maximum over uniquely HGNC-mapped proteins; derived/knownness-ranks.tsv	Tbio	67	unique	0.09339116925821944	1895	True	0.004398822769758264	0.43005639907186494	NA	unresolved competing genes; gene-body association is not causal assignment	Lifelong developmental, systemic and adult explanations remain. Adult tissue expression observed (cerebellum); timing not identified.	36.1	cerebellum	not established; target mapping/primary phenotype table unavailable	Tian 2019 iPSC-derived glutamatergic neuron survival D14/D21/D28; CROP-seq D7 transcription; not cognitive performance or mature adult physiology	2.4307e-13	positional;eQTL;chromatin	False	False	Lee CP GCST006572 + GENCODE v19; HGNC/Unknome/Pharos/HPA separate annotations; EUR LD + GTEx DLPFC/Catalogue + chain/VEP + Tian guide coverage pilot; Savage/Genebass overlap; EA excluded	Independent ancestry-matched fine-mapping excludes rs61729488 and assigns a different variant/gene (e.g. MAP4, RPS27P30, RN7SL664P); adult-specific perturbation in the implicated cell type has no predicted functional effect despite verified engagement. Shared-signal evidence disappears on multiple-signal conditioning or complete variant coverage.	association hypothesis only; not an enhancement target
209	ENSG00000183166	CALN1	209	R038	rs35526560	6.71e-12	1.6815260000000002e-08	0.00031802701238000004	667661	2506	13	RNA5SP232;GS1-111G14.1;ABCF2P2;TYW1B;AC091738.2;MIR4650-2;RP11-535E8.2;RP11-1394O16.1;RN7SL377P;SBDSP1;RN7SL625P;SPDYE7P;POM121	0.0	1	Unknome 18_Mar_2026; maximum over uniquely HGNC-mapped proteins; derived/knownness-ranks.tsv	Tbio	41	unique	NA	NA	NA	NA	NA	NA	unresolved competing genes; gene-body association is not causal assignment	Lifelong developmental, systemic and adult explanations remain. Adult tissue expression observed (cerebellum); timing not identified.	52.6	cerebellum	not checked outside pilot	not checked outside pilot	2.6149e-17	positional;eQTL	False	False	Lee CP GCST006572 + GENCODE v19; HGNC/Unknome/Pharos/HPA separate annotations; LD/QTL/perturbation not followed outside pilot; Savage/Genebass overlap; EA excluded	Independent ancestry-matched fine-mapping excludes rs35526560 and assigns a different variant/gene (e.g. RNA5SP232, GS1-111G14.1, ABCF2P2); adult-specific perturbation in the implicated cell type has no predicted functional effect despite verified engagement. Shared-signal evidence disappears on multiple-signal conditioning or complete variant coverage.	association hypothesis only; not an enhancement target
210	ENSG00000068745	IP6K2	210	R001	rs56735597	1.63e-10	1.6952000000000002e-08	0.00032061317600000003	52351	104	145	MAP4;RPS27P30;RN7SL664P;RPL17P16;CDC25A;SNRPFP4;RNU7-128P;NDUFB1P1;MIR4443;CAMP;ZNF589;MRPS18AP1;Y_RNA;FCF1P2;NME6;SPINK8;MIR2115;FBXW12;RN7SL321P;PLXNB1;CCDC51;TMA7;RP11-24C3.2;ATRIP;TREX1;SHISA5;AC104448.1;PFKFB4;UCN2;COL7A1;MIR711;UQCRC1;TMEM89;SLC26A6;CELSR3;MIR4793;LINC02585;NCKIPSD;RP11-572O6.1;PRKAR2A;PRKAR2A-AS1;SLC25A20;ARIH2OS;ARIH2;RP13-131K19.1;RP13-131K19.2;RP13-131K19.7;P4HTM;WDR6;DALRD3;MIR425;NDUFAF3;MIR191;IMPDH2;RP13-131K19.6;QRICH1;RN7SL182P;QARS1;USP19;LAMB2;LAMB2P1;CCDC71;KLHDC8B;CIMIP7;IHO1;GCSHP6;RP11-3B7.1;C3orf62;Y_RNA;MIR4271;USP4;GPX1;RHOA;RHOA-IT1;TCTA;AMT;NICN1-AS1;NICN1;RNA5SP130;DAG1;BSN-DT;BSN;BSN-AS1;APEH;MST1;AC099668.5;RNF123;AMIGO3;GMPPB;IP6K1;COX6CP14;PHF5AP3;CDHR4;INKA1;UBA7;MIR5193;AC139451.1;TRAIP;CAMKV;RN7SL217P;ACTL11P;MST1R;CTD-2330K9.2;CTD-2330K9.3;MON1A;RBM6;RBM5;SEMA3F-AS1;SEMA3F;MIR566;GNAT1;SLC38A3;GNAI2;U73169.1;LINC03143;SEMA3B-AS1;SEMA3B;LSMEM2;IFRD2;HYAL3;NAA80;HYAL1;HYAL2;TUSC2;RASSF1;ZMYND10-AS1;ZMYND10;NPRL2;CYB561D2;XXcos-LUCA11.5;TMEM115;CACNA2D2;XXcos-LUCA11.4;RNA5SP131;C3orf18;HEMK1;CISH;MAPKAPK3;LINC02019;MIR4787;DOCK3;PPIAP69;RP11-646D13.1;ZNF652P1;ST13P14	18.9	18139	Unknome 18_Mar_2026; maximum over uniquely HGNC-mapped proteins; derived/knownness-ranks.tsv	Tchem	50	unique	0.10581327475433515	1538	False	0.0019755118082507746	0.4124813866047162	NA	unresolved competing genes; gene-body association is not causal assignment	Lifelong developmental, systemic and adult explanations remain. Adult tissue expression observed (cerebellum); timing not identified.	165.7	cerebellum	not established; target mapping/primary phenotype table unavailable	Tian 2019 iPSC-derived glutamatergic neuron survival D14/D21/D28; CROP-seq D7 transcription; not cognitive performance or mature adult physiology	1.144e-10	positional;eQTL	False	False	Lee CP GCST006572 + GENCODE v19; HGNC/Unknome/Pharos/HPA separate annotations; EUR LD + GTEx DLPFC/Catalogue + chain/VEP + Tian guide coverage pilot; Savage/Genebass overlap; EA excluded	Independent ancestry-matched fine-mapping excludes rs56735597 and assigns a different variant/gene (e.g. MAP4, RPS27P30, RN7SL664P); adult-specific perturbation in the implicated cell type has no predicted functional effect despite verified engagement. Shared-signal evidence disappears on multiple-signal conditioning or complete variant coverage.	association hypothesis only; not an enhancement target
211	ENSG00000204642	HLA-F	211	R008	rs885946	2.54e-10	1.8034e-08	0.000341077042	15754	71	515	ACOT13;RP1-30M3.5;C6orf62;RP1-30M3.6;LINC02828;AP3S1P1;GMNN;ARMH2;RIPOR2;AL512428.1;MTCO2P33;PPIAP29;RP11-367G6.3;ASS1P1;RN7SL334P;RP3-425P12.5;RP3-425P12.1;RP3-425P12.2;CMAHP;NUP50P2;CANT1P1;UBE2D3P5;RNY5P5;AL590084.1;RP11-191A15.4;RP3-522P13.3;KATNBL1P5;RPL21P68;HNRNPA3P17;CARMIL1;Y_RNA;RNU6-987P;AL160037.1;snoU13;SCGN;PRELID1P2;H2AC1;H2BC1;H2BC2P;H2AC2P;SLC17A4;SLC17A1;SLC17A3;H2AC3P;SLC17A2;TRIM38;U91328.21;U91328.20;LINC02980;U91328.22;H3P26;H1-1;HIST1H3A;HIST1H4A;HIST1H4B;HIST1H3B;HIST1H2AB;HIST1H2BB;H2AC5P;HIST1H3C;H1-2;HFE;H4C3;H1-6;H2BC4;H2AC6;H1-4;H2BC5;LARP1P1;HIST1H2BE;HIST1H4D;H1-12P;H3C4;H2AC7;HIST1H2BF;RP1-34B20.4;HIST1H4E;HIST1H2BG;HIST1H2AE;HIST1H3E;H2AC9P;H1-3;HIST1H4F;HIST1H4G;HIST1H3F;HIST1H2BH;HIST1H3G;H2AC10P;HIST1H2BI;H4C8;H3C9P;RNU6-1259P;BTN3A2;AL021917.1;BTN2A2;BTN3A1;BTN2A3P;BTN3A3;BTN2A1;BTN1A1;RNU6-502P;HCG11;CTA-14H9.5;HMGN4;ABT1;RP11-457M11.6;VN1R14P;RP11-457M11.2;ZNF322;RP11-457M11.5;GUSBP2;POM121L6P;LINC00240;RP11-239L20.6;TRNAI2;VN1R12P;VN1R13P;VN1R11P;RNU2-62P;RP1-86C11.7;H2BC11;H2AC11;H2BC12;HIST1H4I;HIST1H2AH;MIR3143;RPL10P2;PRSS16;CDCA7P1;POM121L2;VN1R10P;ZNF204P;ZNF391;RP1-153G14.4;MCFD2P1;ZNF184;XXbac-BPGBPG34I8.1;HNRNPA1P1;CD83P1;RNU6-471P;TRNAI6;RPL8P1;GPHRP1;RSL24D1P1;H4C10P;H2BC13;H2AC13;HIST1H3H;HIST1H2AJ;HIST1H2BM;H4C11;HIST1H4K;HIST1H2AK;H2BC15;H2BC16P;HIST1H2AL;H1-5;HIST1H3I;HIST1H4L;H3C12;HIST1H2AM;HIST1H2BO;RNU7-26P;OR2B2;OR2W6P;OR2B6;RPLP2P1;OR2W4P;IQCB2P;U3;OR2W2P;OR2B7P;OR2B8;OR1F12P;RP1-313I6.12;ZNF165;ZSCAN12P1;ZNF602P;ZSCAN16-AS1;ZSCAN16;RP1-265C24.8;ZKSCAN8;ZKSCAN8P1;ZNF603P;ZKSCAN8P2;TOB2P1;ZSCAN9;ZKSCAN4;NKAPL;ZSCAN26;PGBD1;SMIM15P2;ZSCAN31;ZKSCAN3;ZSCAN12;RNU2-45P;ZSCAN23;COX11P1;OR2E1P;GPX6;GPX5;SCAND3;SCAND3-AS1;COX8CP1;AL121932.1;LINC00533;RPSAP2;AL662890.1;NOP56P1;AL662890.3;XXbac-BPG308K3.5;LINC01623;RPL13P;ZNF90P2;HCG14;TRIM27;RNU6-930P;LINC01556;KRT18P1;RN7SL471P;HCG15;HCG16;ZNF311;OR2AD1P;OR2W1;OR2P1P;SAR1AP1;OR2B3;OR2J1;OR2J3;XXbac-BCX196D17.5;OR2N1P;OR2J2;OR2J4P;OR2H4P;XXbac-BPG308J9.3;OR2G1P;OR2U1P;OR2U2P;OR2B4P;OR14J1;DDX6P1;OR5V1;OR12D3;OR12D2;OR12D1;OR11A1;OR10C1;OR2H1;UBDP1;MAS1LP1;MAS1L;RPS17P1;LINC02829;LINC01015;MAS1LP2;OR2I1;UBD;GABBR1;OR2H5P;TMEM183AP1;SNORD32B;RPL13AP;OR2H2;SUMO2P1;MOG;ZFP57;ZDHHC20P1;HCG4P11;HLA-F-AS1;RPL23AP1;MICE;HCG9P5;Y_RNA;IFITM4P;XXbac-BPG170G13.32;XXbac-BPG170G13.31;HLA-V;HCG4;HLA-P;RPL7AP7;MICG;HLA-G;HCG4P8;MICF;HCG4P7;HLA-H;HLA-T;DDX39BP1;MCCD1P1;HCG4B;HLA-K;HLA-U;HLA-A;HCG4P5;HLA-W;MICD;HCG9;DDX39BP2;MCCD1P2;POLR1HASP;HCG4P3;HLA-J;ETF1P1;POLR1H;PPP1R11;RNF39;AL669914.1;TRIM31;TRIM31-AS1;SNORA48;TRIM40;TRIM10;TRIM15;TRIM26;PAIP1P1;HCG17;TRIM26BP;HLA-L;HCG18;TRIM39;TRIM39-RPP21;RPP21;HLA-N;HCG19P;UBQLN1P1;MICC;TMPOP1;SUCLA2P1;RANP1;HLA-E;LINC02569;GNL1;PRR3;ABCF1;MIR877;PPP1R10;AL662800.1;MRPS18B;ATAT1;PTMAP1;C6orf136;AL662800.2;DHX16;PPP1R18;NRM;RPL7P4;MDC1;MDC1-AS1;TUBB;XXbac-BPG252P9.9;FLOT1;Y_RNA;IER3-AS1;IER3;RN7SL353P;HCG20;LINC00243;LINC02570;RN7SKP186;DDR1-DT;DDR1;MIR4640;RN7SL175P;GTF2H4;VARS2;SFTA2;Y_RNA;MUCL3;HCG21;MUC21;MUC22;HCG22;RNU6-1133P;C6orf15;PSORS1C1;CDSN;PSORS1C2;POLR2LP1;CCHCR1;TCF19;POU5F1;PSORS1C3;XXbac-BPG299F13.17;HCG27;XXbac-BPG299F13.14;XXbac-BPG299F13.15;XXbac-BPG299F13.16;HLA-C;USP8P1;RPL3P2;WASF5P;LINC02571;XXbac-BPG248L24.10;HLA-B;XXbac-BPG248L24.12;DHFRP2;RNU6-283P;AL671883.1;FGFR3P1;ZDHHC20P2;HLA-S;XXbac-BPG181B23.7;HCP5;Y_RNA;MICA;LINC01149;XXbac-BPG181B23.6;MICB;Y_RNA;XXbac-BPG16N22.5;PPIAP9;RPL15P4;MCCD1;ATP6V1G2-DDX39B;DDX39B;SNORD117;SNORD84;DDX39B-AS1;ATP6V1G2;NFKBIL1;LTA;TNF;LTB;LST1;NCR3;UQCRHP1;AIF1;PRRC2A;SNORA38;BAG6;APOM;C6orf47;C6orf47-AS1;GPANK1;Y_RNA;CSNK2B;CSNK2B-LY6G5B-1181;LY6G5B;LY6G5C;ABHD16A;XXbac-BPG32J3.20;MIR4646;LY6G6F;LY6G6F-LY6G6D;LY6G6E;LY6G6D;MPIG6B;LY6G6C;DDAH2;CLIC1;MSH5;MSH5-SAPCD1;RNU6-850P;SAPCD1;SAPCD1-AS1;VWA7;VARS1;Y_RNA;LSM2;HSPA1L;HSPA1A;HSPA1B;SNHG32;SNORD48;SNORD52;NEU1;SLC44A4;EHMT2;EHMT2-AS1;C2;ZBTB12;CFB;CFB;NELFE;MIR1236;SKIC2;DXO;WHR1;C4A;C4A-AS1;CYP21A1P;AL645922.1;TNXA;WHR1B;C4B;C4B-AS1;CYP21A2;TNXB;RNA5SP206;ATF6B;FKBPL;PRRT1;PPT2;PPT2-EGFL8;EGFL8;AGPAT1;RNF5;AGER;PBX2;XXbac-BPG300A18.13;GPSM3;NOTCH4;TSBP1-AS1;TSBP1;HNRNPA1P2;RNU6-603P;HCG23;BTNL2;HLA-DRA;HLA-DRB9;HLA-DRB5;RNU1-61P;HLA-DRB6;HLA-DRB1	15.3	17571	Unknome 18_Mar_2026; maximum over uniquely HGNC-mapped proteins; derived/knownness-ranks.tsv	Tbio	145	unique	NA	NA	NA	NA	NA	NA	unresolved competing genes; gene-body association is not causal assignment	Lifelong developmental, systemic and adult explanations remain. Adult tissue expression observed (basal ganglia); timing not identified.	17.3	basal ganglia	not checked outside pilot	not checked outside pilot	NA	NA	False	False	Lee CP GCST006572 + GENCODE v19; HGNC/Unknome/Pharos/HPA separate annotations; LD/QTL/perturbation not followed outside pilot; Savage/Genebass overlap; EA excluded	Independent ancestry-matched fine-mapping excludes rs885946 and assigns a different variant/gene (e.g. ACOT13, RP1-30M3.5, C6orf62); adult-specific perturbation in the implicated cell type has no predicted functional effect despite verified engagement. Shared-signal evidence disappears on multiple-signal conditioning or complete variant coverage.	association hypothesis only; not an enhancement target
212	ENSG00000108278	ZNHIT3	212	R052	rs4796225	5.29e-10	1.8515e-08	0.000350174195	12682	35	43	RP11-104J23.1;RP11-104J23.2;CCL23;CCL18;AC069363.1;CCL3;CCL4;RN7SL301P;CTB-91J4.1;RP11-428O23.1;TBC1D3B;AC131056.3;CCL3L3;CCL4L1;AC131056.5;AC131056.6;TBC1D3C;TBC1D3H;CCL3L1;CCL4L2;TBC1D3G;CTB-91J4.3;RNU6-1192P;RNA5SP439;MYO19;PIGW;GGNBP2;CTB-75G16.1;DHRS11;MRM1;CTB-75G16.3;CTD-3194G12.1;CTD-3194G12.2;RP11-445F12.1;LHX1;RP11-445F12.2;AATF;RP11-333J10.2;RP11-333J10.3;MIR2909;CTC-268N12.3;CTC-268N12.2;ACACA	NA	NA	Unknome unmapped/unscored; not zero knownness	NA	NA	unmapped	NA	NA	NA	NA	NA	NA	unresolved competing genes; gene-body association is not causal assignment	Lifelong developmental, systemic and adult explanations remain. Adult brain expression not covered in HPA; not evidence of absence.	NA	NA	not checked outside pilot	not checked outside pilot	NA	positional;eQTL	False	False	Lee CP GCST006572 + GENCODE v19; HGNC/Unknome/Pharos/HPA separate annotations; LD/QTL/perturbation not followed outside pilot; Savage/Genebass overlap; EA excluded	Independent ancestry-matched fine-mapping excludes rs4796225 and assigns a different variant/gene (e.g. RP11-104J23.1, RP11-104J23.2, CCL23); adult-specific perturbation in the implicated cell type has no predicted functional effect despite verified engagement. Shared-signal evidence disappears on multiple-signal conditioning or complete variant coverage.	association hypothesis only; not an enhancement target
213	ENSG00000163938	GNL3	213	R064	rs10865973	5.45e-10	2.0165e-08	0.000381380645	13337	37	64	DUSP7;LINC00696;POC1A;ALDOAP1;ALAS1;TLR9;TLR9;TWF2;TWF2-DT;PPM1M;WDR82;MIRLET7G;GLYCTK;GLYCTK-AS1;MIR135A1;DNAH1;PPP2R5CP;BAP1;PHF7;SEMA3G;TNNC1;NISCH;STAB1;NT5DC2;UQCC5;PBRM1;RNU6-856P;RNU6ATAC16P;SNORD19B;SNORD19;SNORD19B;SNORD19C;SNORD69;GLT8D1;SPCS1;NEK4;AK3P7;AKTIPP1;ITIH1;ITIH3;ITIH4;RP5-966M1.6;ITIH4-AS1;MUSTN1;STIMATE-MUSTN1;STIMATE;SFMBT1;RP11-894J14.5;AC096887.1;SERBP1P3;RFT1;PRKCD;AC097015.1;TKT;snoU13;DCP1A;RN7SL821P;Y_RNA;SNORD38C;SNORA26;RPS25P4;CACNA1D;SNORD63;AC024149.1	7.1	13639	Unknome 18_Mar_2026; maximum over uniquely HGNC-mapped proteins; derived/knownness-ranks.tsv	Tbio	353	unique	NA	NA	NA	NA	NA	NA	unresolved competing genes; gene-body association is not causal assignment	Lifelong developmental, systemic and adult explanations remain. Adult tissue expression observed (cerebral cortex); timing not identified.	26.4	cerebral cortex	not checked outside pilot	not checked outside pilot	1.0162e-11	positional;eQTL	False	False	Lee CP GCST006572 + GENCODE v19; HGNC/Unknome/Pharos/HPA separate annotations; LD/QTL/perturbation not followed outside pilot; Savage/Genebass overlap; EA excluded	Independent ancestry-matched fine-mapping excludes rs10865973 and assigns a different variant/gene (e.g. DUSP7, LINC00696, POC1A); adult-specific perturbation in the implicated cell type has no predicted functional effect despite verified engagement. Shared-signal evidence disappears on multiple-signal conditioning or complete variant coverage.	association hypothesis only; not an enhancement target
214	ENSG00000114316	USP4	214	R001	rs150429489	2e-10	2.0200000000000002e-08	0.00038204260000000007	62882	101	145	MAP4;RPS27P30;RN7SL664P;RPL17P16;CDC25A;SNRPFP4;RNU7-128P;NDUFB1P1;MIR4443;CAMP;ZNF589;MRPS18AP1;Y_RNA;FCF1P2;NME6;SPINK8;MIR2115;FBXW12;RN7SL321P;PLXNB1;CCDC51;TMA7;RP11-24C3.2;ATRIP;TREX1;SHISA5;AC104448.1;PFKFB4;UCN2;COL7A1;MIR711;UQCRC1;TMEM89;SLC26A6;CELSR3;MIR4793;LINC02585;NCKIPSD;RP11-572O6.1;IP6K2;PRKAR2A;PRKAR2A-AS1;SLC25A20;ARIH2OS;ARIH2;RP13-131K19.1;RP13-131K19.2;RP13-131K19.7;P4HTM;WDR6;DALRD3;MIR425;NDUFAF3;MIR191;IMPDH2;RP13-131K19.6;QRICH1;RN7SL182P;QARS1;USP19;LAMB2;LAMB2P1;CCDC71;KLHDC8B;CIMIP7;IHO1;GCSHP6;RP11-3B7.1;C3orf62;Y_RNA;MIR4271;GPX1;RHOA;RHOA-IT1;TCTA;AMT;NICN1-AS1;NICN1;RNA5SP130;DAG1;BSN-DT;BSN;BSN-AS1;APEH;MST1;AC099668.5;RNF123;AMIGO3;GMPPB;IP6K1;COX6CP14;PHF5AP3;CDHR4;INKA1;UBA7;MIR5193;AC139451.1;TRAIP;CAMKV;RN7SL217P;ACTL11P;MST1R;CTD-2330K9.2;CTD-2330K9.3;MON1A;RBM6;RBM5;SEMA3F-AS1;SEMA3F;MIR566;GNAT1;SLC38A3;GNAI2;U73169.1;LINC03143;SEMA3B-AS1;SEMA3B;LSMEM2;IFRD2;HYAL3;NAA80;HYAL1;HYAL2;TUSC2;RASSF1;ZMYND10-AS1;ZMYND10;NPRL2;CYB561D2;XXcos-LUCA11.5;TMEM115;CACNA2D2;XXcos-LUCA11.4;RNA5SP131;C3orf18;HEMK1;CISH;MAPKAPK3;LINC02019;MIR4787;DOCK3;PPIAP69;RP11-646D13.1;ZNF652P1;ST13P14	9.8	15662	Unknome 18_Mar_2026; maximum over uniquely HGNC-mapped proteins; derived/knownness-ranks.tsv	Tchem	178	unique	0.10984549839239292	1879	True	0.006130750429451903	0.5169160623664472	NA	unresolved competing genes; gene-body association is not causal assignment	Lifelong developmental, systemic and adult explanations remain. Adult tissue expression observed (cerebellum); timing not identified.	29.3	cerebellum	not established; target mapping/primary phenotype table unavailable	Tian 2019 iPSC-derived glutamatergic neuron survival D14/D21/D28; CROP-seq D7 transcription; not cognitive performance or mature adult physiology	3.5698e-13	positional;eQTL	False	False	Lee CP GCST006572 + GENCODE v19; HGNC/Unknome/Pharos/HPA separate annotations; EUR LD + GTEx DLPFC/Catalogue + chain/VEP + Tian guide coverage pilot; Savage/Genebass overlap; EA excluded	Independent ancestry-matched fine-mapping excludes rs150429489 and assigns a different variant/gene (e.g. MAP4, RPS27P30, RN7SL664P); adult-specific perturbation in the implicated cell type has no predicted functional effect despite verified engagement. Shared-signal evidence disappears on multiple-signal conditioning or complete variant coverage.	association hypothesis only; not an enhancement target
215	ENSG00000119707	RBM25	215	R062	rs2806048	1.25e-10	2.05e-08	0.00038771650000000003	62979	164	39	RGS6;RP3-514A23.2;DPF3;Y_RNA;snoU13;DCAF4;RPL36P3;RP11-109N23.6;RP11-109N23.1;ZFYVE1;RN7SL586P;RBM25-AS1;RP11-109N23.5;PSEN1;RP4-687K1.2;PAPLN;PAPLN-AS1;RNU6-419P;PAPLN-AS2;NUMB;RP1-240K6.3;HEATR4;RIOX1;C14orf169;RP3-414A15.11;RP3-414A15.2;ACOT1;NT5CP2;ACOT2;NT5CP1;ACOT4;ACOT6;RP3-414A15.10;NDUFB8P1;DNAL1;RNU6-240P;RP4-693M11.3;PNMA1;MIDEAS	3.9	9571	Unknome 18_Mar_2026; maximum over uniquely HGNC-mapped proteins; derived/knownness-ranks.tsv	Tchem	190	unique	NA	NA	NA	NA	NA	NA	unresolved competing genes; gene-body association is not causal assignment	Lifelong developmental, systemic and adult explanations remain. Adult tissue expression observed (cerebellum); timing not identified.	38.4	cerebellum	not checked outside pilot	not checked outside pilot	NA	eQTL	False	False	Lee CP GCST006572 + GENCODE v19; HGNC/Unknome/Pharos/HPA separate annotations; LD/QTL/perturbation not followed outside pilot; Savage/Genebass overlap; EA excluded	Independent ancestry-matched fine-mapping excludes rs2806048 and assigns a different variant/gene (e.g. RGS6, RP3-514A23.2, DPF3); adult-specific perturbation in the implicated cell type has no predicted functional effect despite verified engagement. Shared-signal evidence disappears on multiple-signal conditioning or complete variant coverage.	association hypothesis only; not an enhancement target
216	ENSG00000158321	AUTS2	216	R037	rs3113262	6.18e-12	2.06103e-08	0.0003898026039	1194150	3335	12	RP11-123O1.1;RNU6-832P;RP11-3P22.1;AC069280.1;RP11-3P22.2;MTCO2P25;MTCO1P25;RNU6-229P;Y_RNA;RN7SL371P;CT66;RP11-575M4.1	5.8	12204	Unknome 18_Mar_2026; maximum over uniquely HGNC-mapped proteins; derived/knownness-ranks.tsv	Tbio	92	unique	NA	NA	NA	NA	NA	NA	unresolved competing genes; gene-body association is not causal assignment	Lifelong developmental, systemic and adult explanations remain. Adult tissue expression observed (basal ganglia); timing not identified.	19.8	basal ganglia	not checked outside pilot	not checked outside pilot	8.2824e-18	positional;eQTL	False	False	Lee CP GCST006572 + GENCODE v19; HGNC/Unknome/Pharos/HPA separate annotations; LD/QTL/perturbation not followed outside pilot; Savage/Genebass overlap; EA excluded	Independent ancestry-matched fine-mapping excludes rs3113262 and assigns a different variant/gene (e.g. RP11-123O1.1, RNU6-832P, RP11-3P22.1); adult-specific perturbation in the implicated cell type has no predicted functional effect despite verified engagement. Shared-signal evidence disappears on multiple-signal conditioning or complete variant coverage.	association hypothesis only; not an enhancement target
217	ENSG00000213760	ATP6V1G2	217	R008	rs9267488	1.25e-09	2.1250000000000002e-08	0.00040190125000000006	3966	17	515	ACOT13;RP1-30M3.5;C6orf62;RP1-30M3.6;LINC02828;AP3S1P1;GMNN;ARMH2;RIPOR2;AL512428.1;MTCO2P33;PPIAP29;RP11-367G6.3;ASS1P1;RN7SL334P;RP3-425P12.5;RP3-425P12.1;RP3-425P12.2;CMAHP;NUP50P2;CANT1P1;UBE2D3P5;RNY5P5;AL590084.1;RP11-191A15.4;RP3-522P13.3;KATNBL1P5;RPL21P68;HNRNPA3P17;CARMIL1;Y_RNA;RNU6-987P;AL160037.1;snoU13;SCGN;PRELID1P2;H2AC1;H2BC1;H2BC2P;H2AC2P;SLC17A4;SLC17A1;SLC17A3;H2AC3P;SLC17A2;TRIM38;U91328.21;U91328.20;LINC02980;U91328.22;H3P26;H1-1;HIST1H3A;HIST1H4A;HIST1H4B;HIST1H3B;HIST1H2AB;HIST1H2BB;H2AC5P;HIST1H3C;H1-2;HFE;H4C3;H1-6;H2BC4;H2AC6;H1-4;H2BC5;LARP1P1;HIST1H2BE;HIST1H4D;H1-12P;H3C4;H2AC7;HIST1H2BF;RP1-34B20.4;HIST1H4E;HIST1H2BG;HIST1H2AE;HIST1H3E;H2AC9P;H1-3;HIST1H4F;HIST1H4G;HIST1H3F;HIST1H2BH;HIST1H3G;H2AC10P;HIST1H2BI;H4C8;H3C9P;RNU6-1259P;BTN3A2;AL021917.1;BTN2A2;BTN3A1;BTN2A3P;BTN3A3;BTN2A1;BTN1A1;RNU6-502P;HCG11;CTA-14H9.5;HMGN4;ABT1;RP11-457M11.6;VN1R14P;RP11-457M11.2;ZNF322;RP11-457M11.5;GUSBP2;POM121L6P;LINC00240;RP11-239L20.6;TRNAI2;VN1R12P;VN1R13P;VN1R11P;RNU2-62P;RP1-86C11.7;H2BC11;H2AC11;H2BC12;HIST1H4I;HIST1H2AH;MIR3143;RPL10P2;PRSS16;CDCA7P1;POM121L2;VN1R10P;ZNF204P;ZNF391;RP1-153G14.4;MCFD2P1;ZNF184;XXbac-BPGBPG34I8.1;HNRNPA1P1;CD83P1;RNU6-471P;TRNAI6;RPL8P1;GPHRP1;RSL24D1P1;H4C10P;H2BC13;H2AC13;HIST1H3H;HIST1H2AJ;HIST1H2BM;H4C11;HIST1H4K;HIST1H2AK;H2BC15;H2BC16P;HIST1H2AL;H1-5;HIST1H3I;HIST1H4L;H3C12;HIST1H2AM;HIST1H2BO;RNU7-26P;OR2B2;OR2W6P;OR2B6;RPLP2P1;OR2W4P;IQCB2P;U3;OR2W2P;OR2B7P;OR2B8;OR1F12P;RP1-313I6.12;ZNF165;ZSCAN12P1;ZNF602P;ZSCAN16-AS1;ZSCAN16;RP1-265C24.8;ZKSCAN8;ZKSCAN8P1;ZNF603P;ZKSCAN8P2;TOB2P1;ZSCAN9;ZKSCAN4;NKAPL;ZSCAN26;PGBD1;SMIM15P2;ZSCAN31;ZKSCAN3;ZSCAN12;RNU2-45P;ZSCAN23;COX11P1;OR2E1P;GPX6;GPX5;SCAND3;SCAND3-AS1;COX8CP1;AL121932.1;LINC00533;RPSAP2;AL662890.1;NOP56P1;AL662890.3;XXbac-BPG308K3.5;LINC01623;RPL13P;ZNF90P2;HCG14;TRIM27;RNU6-930P;LINC01556;KRT18P1;RN7SL471P;HCG15;HCG16;ZNF311;OR2AD1P;OR2W1;OR2P1P;SAR1AP1;OR2B3;OR2J1;OR2J3;XXbac-BCX196D17.5;OR2N1P;OR2J2;OR2J4P;OR2H4P;XXbac-BPG308J9.3;OR2G1P;OR2U1P;OR2U2P;OR2B4P;OR14J1;DDX6P1;OR5V1;OR12D3;OR12D2;OR12D1;OR11A1;OR10C1;OR2H1;UBDP1;MAS1LP1;MAS1L;RPS17P1;LINC02829;LINC01015;MAS1LP2;OR2I1;UBD;GABBR1;OR2H5P;TMEM183AP1;SNORD32B;RPL13AP;OR2H2;SUMO2P1;MOG;ZFP57;ZDHHC20P1;HLA-F;HCG4P11;HLA-F-AS1;RPL23AP1;MICE;HCG9P5;Y_RNA;IFITM4P;XXbac-BPG170G13.32;XXbac-BPG170G13.31;HLA-V;HCG4;HLA-P;RPL7AP7;MICG;HLA-G;HCG4P8;MICF;HCG4P7;HLA-H;HLA-T;DDX39BP1;MCCD1P1;HCG4B;HLA-K;HLA-U;HLA-A;HCG4P5;HLA-W;MICD;HCG9;DDX39BP2;MCCD1P2;POLR1HASP;HCG4P3;HLA-J;ETF1P1;POLR1H;PPP1R11;RNF39;AL669914.1;TRIM31;TRIM31-AS1;SNORA48;TRIM40;TRIM10;TRIM15;TRIM26;PAIP1P1;HCG17;TRIM26BP;HLA-L;HCG18;TRIM39;TRIM39-RPP21;RPP21;HLA-N;HCG19P;UBQLN1P1;MICC;TMPOP1;SUCLA2P1;RANP1;HLA-E;LINC02569;GNL1;PRR3;ABCF1;MIR877;PPP1R10;AL662800.1;MRPS18B;ATAT1;PTMAP1;C6orf136;AL662800.2;DHX16;PPP1R18;NRM;RPL7P4;MDC1;MDC1-AS1;TUBB;XXbac-BPG252P9.9;FLOT1;Y_RNA;IER3-AS1;IER3;RN7SL353P;HCG20;LINC00243;LINC02570;RN7SKP186;DDR1-DT;DDR1;MIR4640;RN7SL175P;GTF2H4;VARS2;SFTA2;Y_RNA;MUCL3;HCG21;MUC21;MUC22;HCG22;RNU6-1133P;C6orf15;PSORS1C1;CDSN;PSORS1C2;POLR2LP1;CCHCR1;TCF19;POU5F1;PSORS1C3;XXbac-BPG299F13.17;HCG27;XXbac-BPG299F13.14;XXbac-BPG299F13.15;XXbac-BPG299F13.16;HLA-C;USP8P1;RPL3P2;WASF5P;LINC02571;XXbac-BPG248L24.10;HLA-B;XXbac-BPG248L24.12;DHFRP2;RNU6-283P;AL671883.1;FGFR3P1;ZDHHC20P2;HLA-S;XXbac-BPG181B23.7;HCP5;Y_RNA;MICA;LINC01149;XXbac-BPG181B23.6;MICB;Y_RNA;XXbac-BPG16N22.5;PPIAP9;RPL15P4;MCCD1;ATP6V1G2-DDX39B;DDX39B;SNORD117;SNORD84;DDX39B-AS1;NFKBIL1;LTA;TNF;LTB;LST1;NCR3;UQCRHP1;AIF1;PRRC2A;SNORA38;BAG6;APOM;C6orf47;C6orf47-AS1;GPANK1;Y_RNA;CSNK2B;CSNK2B-LY6G5B-1181;LY6G5B;LY6G5C;ABHD16A;XXbac-BPG32J3.20;MIR4646;LY6G6F;LY6G6F-LY6G6D;LY6G6E;LY6G6D;MPIG6B;LY6G6C;DDAH2;CLIC1;MSH5;MSH5-SAPCD1;RNU6-850P;SAPCD1;SAPCD1-AS1;VWA7;VARS1;Y_RNA;LSM2;HSPA1L;HSPA1A;HSPA1B;SNHG32;SNORD48;SNORD52;NEU1;SLC44A4;EHMT2;EHMT2-AS1;C2;ZBTB12;CFB;CFB;NELFE;MIR1236;SKIC2;DXO;WHR1;C4A;C4A-AS1;CYP21A1P;AL645922.1;TNXA;WHR1B;C4B;C4B-AS1;CYP21A2;TNXB;RNA5SP206;ATF6B;FKBPL;PRRT1;PPT2;PPT2-EGFL8;EGFL8;AGPAT1;RNF5;AGER;PBX2;XXbac-BPG300A18.13;GPSM3;NOTCH4;TSBP1-AS1;TSBP1;HNRNPA1P2;RNU6-603P;HCG23;BTNL2;HLA-DRA;HLA-DRB9;HLA-DRB5;RNU1-61P;HLA-DRB6;HLA-DRB1	1.1	4265	Unknome 18_Mar_2026; maximum over uniquely HGNC-mapped proteins; derived/knownness-ranks.tsv	Tbio	42	unique	NA	NA	NA	NA	NA	NA	unresolved competing genes; gene-body association is not causal assignment	Lifelong developmental, systemic and adult explanations remain. Adult tissue expression observed (cerebellum); timing not identified.	578.2	cerebellum	not checked outside pilot	not checked outside pilot	NA	NA	False	False	Lee CP GCST006572 + GENCODE v19; HGNC/Unknome/Pharos/HPA separate annotations; LD/QTL/perturbation not followed outside pilot; Savage/Genebass overlap; EA excluded	Independent ancestry-matched fine-mapping excludes rs9267488 and assigns a different variant/gene (e.g. ACOT13, RP1-30M3.5, C6orf62); adult-specific perturbation in the implicated cell type has no predicted functional effect despite verified engagement. Shared-signal evidence disappears on multiple-signal conditioning or complete variant coverage.	association hypothesis only; not an enhancement target
218	ENSG00000130956	HABP4	218	R060	rs1057687	1.92e-10	2.1312000000000003e-08	0.00040307385600000004	41136	111	48	AOPEP;MIR23B;MIR27B;MIR3074;FANCC;RP11-80I15.4;RP11-80I15.1;RNA5SP288;snoU13;ATMINP1;RP11-435O5.7;MT1P1;RP11-435O5.2;PTCH1;RP11-435O5.6;RP11-435O5.5;RP11-435O5.4;RP11-332M4.1;RP11-180I4.2;RP11-180I4.1;ERCC6L2-AS1;DKFZP434H0512;RNU2-46P;ERCC6L2;RNA5SP289;PARK7P2;LINC00092;RP11-569G13.2;Y_RNA;EIF4BP3;HSD17B3;AL160269.1;HSD17B3-AS1;RNU6-1160P;SLC35D2;ZNF367;NSA2P7;CDC14B;PRXL2C;RP11-535M15.1;MKRN10P;ZNF510;ZNF782;SLC71A3P;PTMAP11;PNRC2P3;NUTM2G;YRDCP2	6.7	13235	Unknome 18_Mar_2026; maximum over uniquely HGNC-mapped proteins; derived/knownness-ranks.tsv	Tbio	45	unique	NA	NA	NA	NA	NA	NA	unresolved competing genes; gene-body association is not causal assignment	Lifelong developmental, systemic and adult explanations remain. Adult tissue expression observed (basal ganglia); timing not identified.	109.9	basal ganglia	not checked outside pilot	not checked outside pilot	4.2461e-09	positional;eQTL;chromatin	False	False	Lee CP GCST006572 + GENCODE v19; HGNC/Unknome/Pharos/HPA separate annotations; LD/QTL/perturbation not followed outside pilot; Savage/Genebass overlap; EA excluded	Independent ancestry-matched fine-mapping excludes rs1057687 and assigns a different variant/gene (e.g. AOPEP, MIR23B, MIR27B); adult-specific perturbation in the implicated cell type has no predicted functional effect despite verified engagement. Shared-signal evidence disappears on multiple-signal conditioning or complete variant coverage.	association hypothesis only; not an enhancement target
219	ENSG00000113070	HBEGF	219	R024	rs7268	5.99e-10	2.3361e-08	0.000441826593	13789	39	84	CTD-3224K15.3;CXXC5;CXXC5-AS1;CTB-35F21.1;RNU6-236P;PSD2-AS1;CTB-35F21.3;CTB-35F21.5;PSD2;NRG2;NRG2-AS1;Y_RNA;MALINC1;PURA;IGIP;CTB-131B5.5;CYSTM1;AC011379.1;CTB-131B5.2;PFDN1;CTC-329D1.3;SLC4A9;ANKHD1-DT;RNU4-14P;ANKHD1;ANKHD1-EIF4EBP3;SNORD45;SRA1;EIF4EBP3;APBB3;SLC35A4;SNORA27;HAUS1P1;RPL36P11;CD14;NDUFA2;TMCO6;IK;MIR3655;WDR55;DND1;HARS1;HARS2;ZMAT2;VTRNA1-1;VTRNA1-2;VTRNA1-3;RP11-515C16.7;AC005609.2;PCDHA1;PCDHA2;PCDHA3;PCDHA4;PCDHA5;PCDHA6;PCDHA7;PCDHA8;PCDHA9;PCDHA10;AC005609.1;PCDHA14;PCDHA11;PCDHA12;PCDHA13;PCDHAC1;PCDHAC2;PCDHB1;PCDHB2;PCDHB-AS1;PCDHB3;AC005754.8;PCDHB4;PCDHB5;PCDHB6;PCDHB17P;PCDHB7;PCDHB8;PCDHB16;PCDHB9;PCDHB10;PCDHB11;PCDHB12;PCDHB13;PCDHB14	13.2	17041	Unknome 18_Mar_2026; maximum over uniquely HGNC-mapped proteins; derived/knownness-ranks.tsv	Tbio	860	unique	NA	NA	NA	NA	NA	NA	unresolved competing genes; gene-body association is not causal assignment	Lifelong developmental, systemic and adult explanations remain. Adult tissue expression observed (spinal cord); timing not identified.	25.2	spinal cord	not checked outside pilot	not checked outside pilot	1.0565e-11	positional;eQTL;chromatin	False	False	Lee CP GCST006572 + GENCODE v19; HGNC/Unknome/Pharos/HPA separate annotations; LD/QTL/perturbation not followed outside pilot; Savage/Genebass overlap; EA excluded	Independent ancestry-matched fine-mapping excludes rs7268 and assigns a different variant/gene (e.g. CTD-3224K15.3, CXXC5, CXXC5-AS1); adult-specific perturbation in the implicated cell type has no predicted functional effect despite verified engagement. Shared-signal evidence disappears on multiple-signal conditioning or complete variant coverage.	association hypothesis only; not an enhancement target
220	ENSG00000130958	SLC35D2	220	R060	rs10990610	8.69e-11	2.3810600000000002e-08	0.0004503298778	63005	274	48	AOPEP;MIR23B;MIR27B;MIR3074;FANCC;RP11-80I15.4;RP11-80I15.1;RNA5SP288;snoU13;ATMINP1;RP11-435O5.7;MT1P1;RP11-435O5.2;PTCH1;RP11-435O5.6;RP11-435O5.5;RP11-435O5.4;RP11-332M4.1;RP11-180I4.2;RP11-180I4.1;ERCC6L2-AS1;DKFZP434H0512;RNU2-46P;ERCC6L2;RNA5SP289;PARK7P2;LINC00092;RP11-569G13.2;Y_RNA;EIF4BP3;HSD17B3;AL160269.1;HSD17B3-AS1;RNU6-1160P;ZNF367;NSA2P7;HABP4;CDC14B;PRXL2C;RP11-535M15.1;MKRN10P;ZNF510;ZNF782;SLC71A3P;PTMAP11;PNRC2P3;NUTM2G;YRDCP2	7.3	13831	Unknome 18_Mar_2026; maximum over uniquely HGNC-mapped proteins; derived/knownness-ranks.tsv	Tbio	13	unique	NA	NA	NA	NA	NA	NA	unresolved competing genes; gene-body association is not causal assignment	Lifelong developmental, systemic and adult explanations remain. Adult tissue expression observed (spinal cord); timing not identified.	24.0	spinal cord	not checked outside pilot	not checked outside pilot	NA	positional;eQTL	False	False	Lee CP GCST006572 + GENCODE v19; HGNC/Unknome/Pharos/HPA separate annotations; LD/QTL/perturbation not followed outside pilot; Savage/Genebass overlap; EA excluded	Independent ancestry-matched fine-mapping excludes rs10990610 and assigns a different variant/gene (e.g. AOPEP, MIR23B, MIR27B); adult-specific perturbation in the implicated cell type has no predicted functional effect despite verified engagement. Shared-signal evidence disappears on multiple-signal conditioning or complete variant coverage.	association hypothesis only; not an enhancement target
221	ENSG00000213658	LAT	221	R010	rs115616784	2.18e-09	2.398e-08	0.00045353374	5958	11	79	GSG1L;RNU6-159P;RNU6-1241P;XPO6;TPRKBP2;SNORA25;RNY1P10;GAPDHP35;RP11-57A19.2;SBK1;NPIPB6;RP11-435I10.5;EIF3CL;CDC37P2;snoU13;RP11-57A19.5;NPIPB7;CLN3;CLN3;APOBR;IL27;NUPR1;RP11-666O2.1;SGF29;SULT1A2;SULT1A1;NPIPB8;PLA2G10DP;snoU13;EIF3C;CDC37P1;RP11-1348G14.6;NPIPB9;snoU13;RP11-1348G14.4;RP11-1348G14.1;RP11-1348G14.5;ATXN2L;RP11-24N18.1;TUFM;MIR4721;SH2B1;RP11-22P6.2;ATP2A1;ATP2A1-AS1;SNORA43;RABEP2;CD19;NFATC2IP;NFATC2IP-AS1;MIR4517;SPNS1;RP11-264B17.3;RP11-264B17.4;RP11-264B17.5;NPIPB10P;PLA2G10CP;snoU13;RRN3P2;RP11-426C22.5;RP11-426C22.4;AC009093.1;SNX29P2;RP11-426C22.6;RP11-231C14.6;SNX29P2;NPIPB11;SMG1P6;snoU13;BOLA2-SMG1P6;RP11-345J4.6;BOLA2;SLX1B;SLX1B-SULT1A4;SULT1A4;SGF29P1;RP11-345J4.1;PLA2G10HP;NPIPB12	15.4	17593	Unknome 18_Mar_2026; maximum over uniquely HGNC-mapped proteins; derived/knownness-ranks.tsv	Tbio	385	unique	NA	NA	NA	NA	NA	NA	unresolved competing genes; gene-body association is not causal assignment	Lifelong developmental, systemic and adult explanations remain. Adult tissue expression observed (cerebellum); timing not identified.	14.4	cerebellum	not checked outside pilot	not checked outside pilot	NA	positional;eQTL	False	False	Lee CP GCST006572 + GENCODE v19; HGNC/Unknome/Pharos/HPA separate annotations; LD/QTL/perturbation not followed outside pilot; Savage/Genebass overlap; EA excluded	Independent ancestry-matched fine-mapping excludes rs115616784 and assigns a different variant/gene (e.g. GSG1L, RNU6-159P, RNU6-1241P); adult-specific perturbation in the implicated cell type has no predicted functional effect despite verified engagement. Shared-signal evidence disappears on multiple-signal conditioning or complete variant coverage.	association hypothesis only; not an enhancement target
222	ENSG00000109805	NCAPG	222	R067	rs2286535	3.03e-10	2.5754999999999998e-08	0.00048710431499999996	33961	85	15	SNORA75B;RPS7P6;QDPR;CLRN2;snoU13;NACAP5;LAP3;MED28-DT;RN7SL315P;MED28;FAM184B;DCAF16;LCORL;KRT18P63;RP11-608B3.1	2.7	7600	Unknome 18_Mar_2026; maximum over uniquely HGNC-mapped proteins; derived/knownness-ranks.tsv	Tbio	155	unique	NA	NA	NA	NA	NA	NA	unresolved competing genes; gene-body association is not causal assignment	Lifelong developmental, systemic and adult explanations remain. Adult tissue expression observed (midbrain); timing not identified.	0.7	midbrain	not checked outside pilot	not checked outside pilot	5.0773e-13	positional;eQTL	False	False	Lee CP GCST006572 + GENCODE v19; HGNC/Unknome/Pharos/HPA separate annotations; LD/QTL/perturbation not followed outside pilot; Savage/Genebass overlap; EA excluded	Independent ancestry-matched fine-mapping excludes rs2286535 and assigns a different variant/gene (e.g. SNORA75B, RPS7P6, QDPR); adult-specific perturbation in the implicated cell type has no predicted functional effect despite verified engagement. Shared-signal evidence disappears on multiple-signal conditioning or complete variant coverage.	association hypothesis only; not an enhancement target
223	ENSG00000075884	ARHGAP15	223	R043	rs13428598	1.32e-11	2.70732e-08	0.0005120354316	676991	2051	30	KYNU;SFXN4P1;AC013444.2;MTCYBP11;MTND6P11;MTND5P24;MTND4P22;MTND4LP12;MTND3P9;MTCO3P5;MTCO2P5;RP11-190J23.1;AC096558.1;RP11-570L15.2;RP11-570L15.1;ARHGAP15-AS1;RP11-434H14.1;CTD-2252P21.1;AC079584.2;Y_RNA;QTMAN-AS1;QTMAN;ZEB2;AC009951.2;AC009951.1;ZEB2-AS1;LINC01412;TEX41;AC023128.1;SGCEP1	4.4	10330	Unknome 18_Mar_2026; maximum over uniquely HGNC-mapped proteins; derived/knownness-ranks.tsv	Tbio	38	unique	NA	NA	NA	NA	NA	NA	unresolved competing genes; gene-body association is not causal assignment	Lifelong developmental, systemic and adult explanations remain. Adult tissue expression observed (spinal cord); timing not identified.	6.6	spinal cord	not checked outside pilot	not checked outside pilot	1.1769e-09	positional;eQTL	False	False	Lee CP GCST006572 + GENCODE v19; HGNC/Unknome/Pharos/HPA separate annotations; LD/QTL/perturbation not followed outside pilot; Savage/Genebass overlap; EA excluded	Independent ancestry-matched fine-mapping excludes rs13428598 and assigns a different variant/gene (e.g. KYNU, SFXN4P1, AC013444.2); adult-specific perturbation in the implicated cell type has no predicted functional effect despite verified engagement. Shared-signal evidence disappears on multiple-signal conditioning or complete variant coverage.	association hypothesis only; not an enhancement target
224	ENSG00000160741	CRTC2	224	R050	rs11264680	1.85e-09	2.96e-08	0.0005598248000000001	10957	16	79	PGLYRP3;PGLYRP4;RNU6-160P;S100A9;S100A12;LAPTM4BP1;S100A8;S100A15A;S100A7A;S100A7P1;S100A7L2;S100A7;RN7SL44P;BX470102.3;S100A6;S100A5;S100A4;S100A3;S100A2;S100A16;S100A14;S100A13;RP1-178F15.5;S100A1;RP1-178F15.4;CHTOP;SNAPIN;ILF2;NPR1;RN7SL372P;GEMIN2P1;Y_RNA;INTS3;RP11-216N14.8;RP11-216N14.9;snoU13;SLC27A3;Y_RNA;RP11-216N14.5;GATAD2B;RP11-216N14.7;RP11-759F5.1;DENND4B;SLC39A1;RP11-422P24.10;CREB3L4;JTB;JTB-DT;RAB13;RPS27;NUP210L;RP11-422P24.9;U3;RNU6-179P;RPS7P2;MIR5698;TPM3;RN7SL431P;MIR190B;CFAP141;LTAP1;UBAP2L;AL590431.1;SNORA58B;HAX1;SNORD59;RNU6-239P;RNU6-121P;AQP10;ATP8B2;RNU7-57P;RP11-350G8.4;RPSAP17;IL6R-AS1;IL6R;PSMD8P1;SHE;RP11-350G8.9;TDRD10	3.0	8111	Unknome 18_Mar_2026; maximum over uniquely HGNC-mapped proteins; derived/knownness-ranks.tsv	Tbio	295	unique	NA	NA	NA	NA	NA	NA	unresolved competing genes; gene-body association is not causal assignment	Lifelong developmental, systemic and adult explanations remain. Adult tissue expression observed (cerebellum); timing not identified.	26.0	cerebellum	not checked outside pilot	not checked outside pilot	1.9078e-09	positional;eQTL;chromatin	False	False	Lee CP GCST006572 + GENCODE v19; HGNC/Unknome/Pharos/HPA separate annotations; LD/QTL/perturbation not followed outside pilot; Savage/Genebass overlap; EA excluded	Independent ancestry-matched fine-mapping excludes rs11264680 and assigns a different variant/gene (e.g. PGLYRP3, PGLYRP4, RNU6-160P); adult-specific perturbation in the implicated cell type has no predicted functional effect despite verified engagement. Shared-signal evidence disappears on multiple-signal conditioning or complete variant coverage.	association hypothesis only; not an enhancement target
225	ENSG00000168228	ZCCHC4	225	R020	rs56203712	1.32e-10	2.9832000000000005e-08	0.0005642126160000001	57599	226	23	CCDC149;LGI2;SEPSECS;PI4K2B;RP11-660M5.1;AC108218.1;ANAPC4;RP11-206P5.1;ISYNA1P1;RNU7-126P;RP11-302F12.3;SKP1P6;SLC34A2;RPS29P11;SLIRPP2;MTND4P9;MTND4LP22;MTND3P5;MTCO3P44;SEL1L3;RP11-302F12.10;SMIM20;RP13-494C23.1	5.0	11192	Unknome 18_Mar_2026; maximum over uniquely HGNC-mapped proteins; derived/knownness-ranks.tsv	Tbio	27	unique	NA	NA	NA	NA	NA	NA	unresolved competing genes; gene-body association is not causal assignment	Lifelong developmental, systemic and adult explanations remain. Adult tissue expression observed (cerebellum); timing not identified.	4.1	cerebellum	not checked outside pilot	not checked outside pilot	NA	NA	False	False	Lee CP GCST006572 + GENCODE v19; HGNC/Unknome/Pharos/HPA separate annotations; LD/QTL/perturbation not followed outside pilot; Savage/Genebass overlap; EA excluded	Independent ancestry-matched fine-mapping excludes rs56203712 and assigns a different variant/gene (e.g. CCDC149, LGI2, SEPSECS); adult-specific perturbation in the implicated cell type has no predicted functional effect despite verified engagement. Shared-signal evidence disappears on multiple-signal conditioning or complete variant coverage.	association hypothesis only; not an enhancement target
226	ENSG00000114302	PRKAR2A	226	R001	rs13074318	2.57e-10	3.0068999999999996e-08	0.0005686949969999999	103250	117	145	MAP4;RPS27P30;RN7SL664P;RPL17P16;CDC25A;SNRPFP4;RNU7-128P;NDUFB1P1;MIR4443;CAMP;ZNF589;MRPS18AP1;Y_RNA;FCF1P2;NME6;SPINK8;MIR2115;FBXW12;RN7SL321P;PLXNB1;CCDC51;TMA7;RP11-24C3.2;ATRIP;TREX1;SHISA5;AC104448.1;PFKFB4;UCN2;COL7A1;MIR711;UQCRC1;TMEM89;SLC26A6;CELSR3;MIR4793;LINC02585;NCKIPSD;RP11-572O6.1;IP6K2;PRKAR2A-AS1;SLC25A20;ARIH2OS;ARIH2;RP13-131K19.1;RP13-131K19.2;RP13-131K19.7;P4HTM;WDR6;DALRD3;MIR425;NDUFAF3;MIR191;IMPDH2;RP13-131K19.6;QRICH1;RN7SL182P;QARS1;USP19;LAMB2;LAMB2P1;CCDC71;KLHDC8B;CIMIP7;IHO1;GCSHP6;RP11-3B7.1;C3orf62;Y_RNA;MIR4271;USP4;GPX1;RHOA;RHOA-IT1;TCTA;AMT;NICN1-AS1;NICN1;RNA5SP130;DAG1;BSN-DT;BSN;BSN-AS1;APEH;MST1;AC099668.5;RNF123;AMIGO3;GMPPB;IP6K1;COX6CP14;PHF5AP3;CDHR4;INKA1;UBA7;MIR5193;AC139451.1;TRAIP;CAMKV;RN7SL217P;ACTL11P;MST1R;CTD-2330K9.2;CTD-2330K9.3;MON1A;RBM6;RBM5;SEMA3F-AS1;SEMA3F;MIR566;GNAT1;SLC38A3;GNAI2;U73169.1;LINC03143;SEMA3B-AS1;SEMA3B;LSMEM2;IFRD2;HYAL3;NAA80;HYAL1;HYAL2;TUSC2;RASSF1;ZMYND10-AS1;ZMYND10;NPRL2;CYB561D2;XXcos-LUCA11.5;TMEM115;CACNA2D2;XXcos-LUCA11.4;RNA5SP131;C3orf18;HEMK1;CISH;MAPKAPK3;LINC02019;MIR4787;DOCK3;PPIAP69;RP11-646D13.1;ZNF652P1;ST13P14	14.6	17413	Unknome 18_Mar_2026; maximum over uniquely HGNC-mapped proteins; derived/knownness-ranks.tsv	Tchem	286	unique	0.09808310744836136	1643	False	0.004037149271971443	0.41594657715805167	NA	unresolved competing genes; gene-body association is not causal assignment	Lifelong developmental, systemic and adult explanations remain. Adult tissue expression observed (cerebral cortex); timing not identified.	8.2	cerebral cortex	not established; target mapping/primary phenotype table unavailable	Tian 2019 iPSC-derived glutamatergic neuron survival D14/D21/D28; CROP-seq D7 transcription; not cognitive performance or mature adult physiology	5.4632e-09	positional;eQTL	False	False	Lee CP GCST006572 + GENCODE v19; HGNC/Unknome/Pharos/HPA separate annotations; EUR LD + GTEx DLPFC/Catalogue + chain/VEP + Tian guide coverage pilot; Savage/Genebass overlap; EA excluded	Independent ancestry-matched fine-mapping excludes rs13074318 and assigns a different variant/gene (e.g. MAP4, RPS27P30, RN7SL664P); adult-specific perturbation in the implicated cell type has no predicted functional effect despite verified engagement. Shared-signal evidence disappears on multiple-signal conditioning or complete variant coverage.	association hypothesis only; not an enhancement target
227	ENSG00000128917	DLL4	227	R092	rs12441495	1.24e-09	3.1e-08	0.000586303	9700	25	101	GPR176;GPR176-DT;Y_RNA;EIF2AK4;snoU13;H3P38;SRP14;SRP14-DT;RP11-521C20.2;BMF;BMF-AS1;RP11-521C20.1;BUB1B;PAK6;BUB1B-PAK6;RP11-133K1.7;PAK6-AS1;PLCB2;ANKRD63;PLCB2-AS1;RPLP0P10;RP11-133K1.6;INAFM2;CCDC9B;RNA5SP392;PHGR1;DISP2;RP11-64K12.4;LINC00594;RP11-64K12.10;KNSTRN;IVD;BAHD1;RP11-64K12.9;RP11-64K12.8;CHST14;RP11-64K12.1;RP11-111A22.1;CCDC32;RNU6-516P;RPUSD2;KNL1;snoU13;RN7SL376P;CTD-2339L15.3;RAD51-AS1;RAD51;RMDN3;SUMO2P15;GCHFR;DNAJC17;C15orf62;ZFYVE19;PPP1R14D;SPINT1-AS1;SPINT1;RHOV;AC025166.1;VPS18;RP11-540O11.1;ISCA1P4;CHAC1;INO80;RP11-540O11.6;RP11-540O11.7;INO80-AS1;CYCSP2;CIBAR1P1;EXD1;RN7SL497P;CHP1;OIP5-AS1;OIP5;NUSAP1;RP11-16O9.2;NDUFAF1;RTF1;RNU6-1169P;ITPKA;LTK;RPAP1;ELOCP2;TYRO3;RP11-380D11.2;MGA;MIR626;RP11-107F6.4;RP11-107F6.3;MAPKBP1;AC073657.1;RP11-23P13.4;PLA2G4B;JMJD7;JMJD7-PLA2G4B;SPTBN5;RNA5SP393;MIR4310;RP11-23P13.6;RP11-23P13.7;EHD4;EHD4-AS1	22.0	18446	Unknome 18_Mar_2026; maximum over uniquely HGNC-mapped proteins; derived/knownness-ranks.tsv	Tbio	350	unique	NA	NA	NA	NA	NA	NA	unresolved competing genes; gene-body association is not causal assignment	Lifelong developmental, systemic and adult explanations remain. Adult tissue expression observed (cerebellum); timing not identified.	6.1	cerebellum	not checked outside pilot	not checked outside pilot	NA	positional	False	False	Lee CP GCST006572 + GENCODE v19; HGNC/Unknome/Pharos/HPA separate annotations; LD/QTL/perturbation not followed outside pilot; Savage/Genebass overlap; EA excluded	Independent ancestry-matched fine-mapping excludes rs12441495 and assigns a different variant/gene (e.g. GPR176, GPR176-DT, Y_RNA); adult-specific perturbation in the implicated cell type has no predicted functional effect despite verified engagement. Shared-signal evidence disappears on multiple-signal conditioning or complete variant coverage.	association hypothesis only; not an enhancement target
228	ENSG00000188483	IER5L	228	R070	rs184457	5.26e-09	3.156e-08	0.00059689428	2706	6	53	SPTAN1;DYNC2I2;VTI1BP4;HMGA1P4;SET;PKN3;RN7SL560P;ZDHHC12;ZDHHC12-DT;ZER1;snoU13;TBC1D13;ENDOG;SPOUT1;KYAT1;LRRC8A;PHYHD1;RP11-101E3.5;DOLK;NUP188;RP11-167N5.5;SH3GLB2;MIGA2;DOLPP1;CRAT;RP11-247A12.1;AL158151.2;PTPA;RP11-247A12.7;RP11-247A12.8;IER5L-AS1;AL158151.1;RP11-344B5.4;RP11-344B5.3;LINC02975;LINC02913;RP11-65J3.15;LINC01503;RN7SL159P;RP11-65J3.6;RP11-65J3.3;RP11-65J3.2;AL353803.1;RP11-65J3.14;LINC00963;RP11-492E3.51;RP11-492E3.2;AL391056.1;NTMT1;C9orf50;ASB6;ASB6-AS1;PRRX2	0.0	1	Unknome 18_Mar_2026; maximum over uniquely HGNC-mapped proteins; derived/knownness-ranks.tsv	Tdark	12	unique	NA	NA	NA	NA	NA	NA	unresolved competing genes; gene-body association is not causal assignment	Lifelong developmental, systemic and adult explanations remain. Adult tissue expression observed (cerebral cortex); timing not identified.	10.3	cerebral cortex	not checked outside pilot	not checked outside pilot	1.6204e-07	positional;eQTL	False	False	Lee CP GCST006572 + GENCODE v19; HGNC/Unknome/Pharos/HPA separate annotations; LD/QTL/perturbation not followed outside pilot; Savage/Genebass overlap; EA excluded	Independent ancestry-matched fine-mapping excludes rs184457 and assigns a different variant/gene (e.g. SPTAN1, DYNC2I2, VTI1BP4); adult-specific perturbation in the implicated cell type has no predicted functional effect despite verified engagement. Shared-signal evidence disappears on multiple-signal conditioning or complete variant coverage.	association hypothesis only; not an enhancement target
229	ENSG00000214575	CPEB1	229	R056	rs17158413	9.04e-11	3.44424e-08	0.0006514091112	105662	381	86	CTD-2034I4.1;CTD-2034I4.2;RP11-499F3.1;LINC01418;RP11-276M12.1;RP11-597K23.1;MEX3B;AC026956.1;LINC01583;EFL1;RNU1-77P;SAXO2;RP13-98N21.3;GOLGA6L10;UBE2Q2P2;RPL9P9;RP13-608F4.8;GOLGA6L9;CSPG4P8;GOLGA2P10;AC135995.1;RN7SL61P;RP13-608F4.1;DNM1P38;RPS17;RP13-608F4.6;RP13-98N21.2;RP13-996F3.5;RP11-152F13.7;RN7SL256P;CSPG4P9;AC126339.1;RP13-608F4.5;RP13-996F3.4;UBE2Q2P2;RPL9P8;RP11-152F13.8;GOLGA6L9;CSPG4P10;RP13-996F3.3;AC010724.1;RN7SL410P;GOLGA6L10;DNM1P38;RPS17;RP11-152F13.10;RP11-379H8.1;CPEB1-AS1;AP3B2;RP11-752G15.4;AC105339.1;ACTG1P17;AC105339.2;RP11-752G15.8;SNHG21;SCARNA15;FSD2;WHAMM;HOMER2;RP11-382A20.5;RAMAC;C15orf40;RP11-382A20.7;AC022558.1;BTBD1;RP11-90B9.2;RP11-382A20.6;FABP5P8;MIR4515;TM6SF1;RP11-382A20.2;HDGFL3;RP11-382A20.4;BNC1;SH3GL3;AC087738.1;ADAMTSL3;RNU6-401P;TUBAP4;RNU6-1339P;AC027807.1;RP11-342A23.1;EFL1P1;RP13-262C2.3;UBE2Q2P16;CSPG4P11	7.2	13747	Unknome 18_Mar_2026; maximum over uniquely HGNC-mapped proteins; derived/knownness-ranks.tsv	Tbio	106	unique	NA	NA	NA	NA	NA	NA	unresolved competing genes; gene-body association is not causal assignment	Lifelong developmental, systemic and adult explanations remain. Adult tissue expression observed (spinal cord); timing not identified.	31.6	spinal cord	not checked outside pilot	not checked outside pilot	NA	positional;eQTL;chromatin	False	False	Lee CP GCST006572 + GENCODE v19; HGNC/Unknome/Pharos/HPA separate annotations; LD/QTL/perturbation not followed outside pilot; Savage/Genebass overlap; EA excluded	Independent ancestry-matched fine-mapping excludes rs17158413 and assigns a different variant/gene (e.g. CTD-2034I4.1, CTD-2034I4.2, RP11-499F3.1); adult-specific perturbation in the implicated cell type has no predicted functional effect despite verified engagement. Shared-signal evidence disappears on multiple-signal conditioning or complete variant coverage.	association hypothesis only; not an enhancement target
230	ENSG00000081377	CDC14B	230	R060	rs6477495	1.28e-10	3.4944e-08	0.000660895872	129590	273	48	AOPEP;MIR23B;MIR27B;MIR3074;FANCC;RP11-80I15.4;RP11-80I15.1;RNA5SP288;snoU13;ATMINP1;RP11-435O5.7;MT1P1;RP11-435O5.2;PTCH1;RP11-435O5.6;RP11-435O5.5;RP11-435O5.4;RP11-332M4.1;RP11-180I4.2;RP11-180I4.1;ERCC6L2-AS1;DKFZP434H0512;RNU2-46P;ERCC6L2;RNA5SP289;PARK7P2;LINC00092;RP11-569G13.2;Y_RNA;EIF4BP3;HSD17B3;AL160269.1;HSD17B3-AS1;RNU6-1160P;SLC35D2;ZNF367;NSA2P7;HABP4;PRXL2C;RP11-535M15.1;MKRN10P;ZNF510;ZNF782;SLC71A3P;PTMAP11;PNRC2P3;NUTM2G;YRDCP2	8.5	14830	Unknome 18_Mar_2026; maximum over uniquely HGNC-mapped proteins; derived/knownness-ranks.tsv	Tchem	48	unique	NA	NA	NA	NA	NA	NA	unresolved competing genes; gene-body association is not causal assignment	Lifelong developmental, systemic and adult explanations remain. Adult tissue expression observed (cerebral cortex); timing not identified.	5.0	cerebral cortex	not checked outside pilot	not checked outside pilot	3.0123e-07	positional;eQTL	False	False	Lee CP GCST006572 + GENCODE v19; HGNC/Unknome/Pharos/HPA separate annotations; LD/QTL/perturbation not followed outside pilot; Savage/Genebass overlap; EA excluded	Independent ancestry-matched fine-mapping excludes rs6477495 and assigns a different variant/gene (e.g. AOPEP, MIR23B, MIR27B); adult-specific perturbation in the implicated cell type has no predicted functional effect despite verified engagement. Shared-signal evidence disappears on multiple-signal conditioning or complete variant coverage.	association hypothesis only; not an enhancement target
231	ENSG00000010704	HFE	231	R008	rs13210399	9e-10	3.69e-08	0.0006978897	11063	41	515	ACOT13;RP1-30M3.5;C6orf62;RP1-30M3.6;LINC02828;AP3S1P1;GMNN;ARMH2;RIPOR2;AL512428.1;MTCO2P33;PPIAP29;RP11-367G6.3;ASS1P1;RN7SL334P;RP3-425P12.5;RP3-425P12.1;RP3-425P12.2;CMAHP;NUP50P2;CANT1P1;UBE2D3P5;RNY5P5;AL590084.1;RP11-191A15.4;RP3-522P13.3;KATNBL1P5;RPL21P68;HNRNPA3P17;CARMIL1;Y_RNA;RNU6-987P;AL160037.1;snoU13;SCGN;PRELID1P2;H2AC1;H2BC1;H2BC2P;H2AC2P;SLC17A4;SLC17A1;SLC17A3;H2AC3P;SLC17A2;TRIM38;U91328.21;U91328.20;LINC02980;U91328.22;H3P26;H1-1;HIST1H3A;HIST1H4A;HIST1H4B;HIST1H3B;HIST1H2AB;HIST1H2BB;H2AC5P;HIST1H3C;H1-2;H4C3;H1-6;H2BC4;H2AC6;H1-4;H2BC5;LARP1P1;HIST1H2BE;HIST1H4D;H1-12P;H3C4;H2AC7;HIST1H2BF;RP1-34B20.4;HIST1H4E;HIST1H2BG;HIST1H2AE;HIST1H3E;H2AC9P;H1-3;HIST1H4F;HIST1H4G;HIST1H3F;HIST1H2BH;HIST1H3G;H2AC10P;HIST1H2BI;H4C8;H3C9P;RNU6-1259P;BTN3A2;AL021917.1;BTN2A2;BTN3A1;BTN2A3P;BTN3A3;BTN2A1;BTN1A1;RNU6-502P;HCG11;CTA-14H9.5;HMGN4;ABT1;RP11-457M11.6;VN1R14P;RP11-457M11.2;ZNF322;RP11-457M11.5;GUSBP2;POM121L6P;LINC00240;RP11-239L20.6;TRNAI2;VN1R12P;VN1R13P;VN1R11P;RNU2-62P;RP1-86C11.7;H2BC11;H2AC11;H2BC12;HIST1H4I;HIST1H2AH;MIR3143;RPL10P2;PRSS16;CDCA7P1;POM121L2;VN1R10P;ZNF204P;ZNF391;RP1-153G14.4;MCFD2P1;ZNF184;XXbac-BPGBPG34I8.1;HNRNPA1P1;CD83P1;RNU6-471P;TRNAI6;RPL8P1;GPHRP1;RSL24D1P1;H4C10P;H2BC13;H2AC13;HIST1H3H;HIST1H2AJ;HIST1H2BM;H4C11;HIST1H4K;HIST1H2AK;H2BC15;H2BC16P;HIST1H2AL;H1-5;HIST1H3I;HIST1H4L;H3C12;HIST1H2AM;HIST1H2BO;RNU7-26P;OR2B2;OR2W6P;OR2B6;RPLP2P1;OR2W4P;IQCB2P;U3;OR2W2P;OR2B7P;OR2B8;OR1F12P;RP1-313I6.12;ZNF165;ZSCAN12P1;ZNF602P;ZSCAN16-AS1;ZSCAN16;RP1-265C24.8;ZKSCAN8;ZKSCAN8P1;ZNF603P;ZKSCAN8P2;TOB2P1;ZSCAN9;ZKSCAN4;NKAPL;ZSCAN26;PGBD1;SMIM15P2;ZSCAN31;ZKSCAN3;ZSCAN12;RNU2-45P;ZSCAN23;COX11P1;OR2E1P;GPX6;GPX5;SCAND3;SCAND3-AS1;COX8CP1;AL121932.1;LINC00533;RPSAP2;AL662890.1;NOP56P1;AL662890.3;XXbac-BPG308K3.5;LINC01623;RPL13P;ZNF90P2;HCG14;TRIM27;RNU6-930P;LINC01556;KRT18P1;RN7SL471P;HCG15;HCG16;ZNF311;OR2AD1P;OR2W1;OR2P1P;SAR1AP1;OR2B3;OR2J1;OR2J3;XXbac-BCX196D17.5;OR2N1P;OR2J2;OR2J4P;OR2H4P;XXbac-BPG308J9.3;OR2G1P;OR2U1P;OR2U2P;OR2B4P;OR14J1;DDX6P1;OR5V1;OR12D3;OR12D2;OR12D1;OR11A1;OR10C1;OR2H1;UBDP1;MAS1LP1;MAS1L;RPS17P1;LINC02829;LINC01015;MAS1LP2;OR2I1;UBD;GABBR1;OR2H5P;TMEM183AP1;SNORD32B;RPL13AP;OR2H2;SUMO2P1;MOG;ZFP57;ZDHHC20P1;HLA-F;HCG4P11;HLA-F-AS1;RPL23AP1;MICE;HCG9P5;Y_RNA;IFITM4P;XXbac-BPG170G13.32;XXbac-BPG170G13.31;HLA-V;HCG4;HLA-P;RPL7AP7;MICG;HLA-G;HCG4P8;MICF;HCG4P7;HLA-H;HLA-T;DDX39BP1;MCCD1P1;HCG4B;HLA-K;HLA-U;HLA-A;HCG4P5;HLA-W;MICD;HCG9;DDX39BP2;MCCD1P2;POLR1HASP;HCG4P3;HLA-J;ETF1P1;POLR1H;PPP1R11;RNF39;AL669914.1;TRIM31;TRIM31-AS1;SNORA48;TRIM40;TRIM10;TRIM15;TRIM26;PAIP1P1;HCG17;TRIM26BP;HLA-L;HCG18;TRIM39;TRIM39-RPP21;RPP21;HLA-N;HCG19P;UBQLN1P1;MICC;TMPOP1;SUCLA2P1;RANP1;HLA-E;LINC02569;GNL1;PRR3;ABCF1;MIR877;PPP1R10;AL662800.1;MRPS18B;ATAT1;PTMAP1;C6orf136;AL662800.2;DHX16;PPP1R18;NRM;RPL7P4;MDC1;MDC1-AS1;TUBB;XXbac-BPG252P9.9;FLOT1;Y_RNA;IER3-AS1;IER3;RN7SL353P;HCG20;LINC00243;LINC02570;RN7SKP186;DDR1-DT;DDR1;MIR4640;RN7SL175P;GTF2H4;VARS2;SFTA2;Y_RNA;MUCL3;HCG21;MUC21;MUC22;HCG22;RNU6-1133P;C6orf15;PSORS1C1;CDSN;PSORS1C2;POLR2LP1;CCHCR1;TCF19;POU5F1;PSORS1C3;XXbac-BPG299F13.17;HCG27;XXbac-BPG299F13.14;XXbac-BPG299F13.15;XXbac-BPG299F13.16;HLA-C;USP8P1;RPL3P2;WASF5P;LINC02571;XXbac-BPG248L24.10;HLA-B;XXbac-BPG248L24.12;DHFRP2;RNU6-283P;AL671883.1;FGFR3P1;ZDHHC20P2;HLA-S;XXbac-BPG181B23.7;HCP5;Y_RNA;MICA;LINC01149;XXbac-BPG181B23.6;MICB;Y_RNA;XXbac-BPG16N22.5;PPIAP9;RPL15P4;MCCD1;ATP6V1G2-DDX39B;DDX39B;SNORD117;SNORD84;DDX39B-AS1;ATP6V1G2;NFKBIL1;LTA;TNF;LTB;LST1;NCR3;UQCRHP1;AIF1;PRRC2A;SNORA38;BAG6;APOM;C6orf47;C6orf47-AS1;GPANK1;Y_RNA;CSNK2B;CSNK2B-LY6G5B-1181;LY6G5B;LY6G5C;ABHD16A;XXbac-BPG32J3.20;MIR4646;LY6G6F;LY6G6F-LY6G6D;LY6G6E;LY6G6D;MPIG6B;LY6G6C;DDAH2;CLIC1;MSH5;MSH5-SAPCD1;RNU6-850P;SAPCD1;SAPCD1-AS1;VWA7;VARS1;Y_RNA;LSM2;HSPA1L;HSPA1A;HSPA1B;SNHG32;SNORD48;SNORD52;NEU1;SLC44A4;EHMT2;EHMT2-AS1;C2;ZBTB12;CFB;CFB;NELFE;MIR1236;SKIC2;DXO;WHR1;C4A;C4A-AS1;CYP21A1P;AL645922.1;TNXA;WHR1B;C4B;C4B-AS1;CYP21A2;TNXB;RNA5SP206;ATF6B;FKBPL;PRRT1;PPT2;PPT2-EGFL8;EGFL8;AGPAT1;RNF5;AGER;PBX2;XXbac-BPG300A18.13;GPSM3;NOTCH4;TSBP1-AS1;TSBP1;HNRNPA1P2;RNU6-603P;HCG23;BTNL2;HLA-DRA;HLA-DRB9;HLA-DRB5;RNU1-61P;HLA-DRB6;HLA-DRB1	23.1	18512	Unknome 18_Mar_2026; maximum over uniquely HGNC-mapped proteins; derived/knownness-ranks.tsv	Tbio	2260	unique	NA	NA	NA	NA	NA	NA	unresolved competing genes; gene-body association is not causal assignment	Lifelong developmental, systemic and adult explanations remain. Adult tissue expression observed (spinal cord); timing not identified.	1.4	spinal cord	not checked outside pilot	not checked outside pilot	NA	NA	False	False	Lee CP GCST006572 + GENCODE v19; HGNC/Unknome/Pharos/HPA separate annotations; LD/QTL/perturbation not followed outside pilot; Savage/Genebass overlap; EA excluded	Independent ancestry-matched fine-mapping excludes rs13210399 and assigns a different variant/gene (e.g. ACOT13, RP1-30M3.5, C6orf62); adult-specific perturbation in the implicated cell type has no predicted functional effect despite verified engagement. Shared-signal evidence disappears on multiple-signal conditioning or complete variant coverage.	association hypothesis only; not an enhancement target
232	ENSG00000198055	GRK6	232	R040	rs335433	3.84e-10	3.8016e-08	0.000718996608	39698	99	41	UIMC1;ZNF346;ZNF346-IT1;FGFR4;NSD1;RPL21P60;PRMT1P1;RAB24;MXD3;PRELID1;LMAN2;RN7SL562P;CTD-2301A4.1;RGS14;SLC34A1;PFN3;F12;PRR7-AS1;PRR7;DBN1;PDLIM7;PDLIM7-AS1;DOK3;DDX41;FAM193B;FAM193B-DT;TMED9;B4GALT7;RP11-1277A3.1;SIMC1P1;FAM153A-AS1;FAM153A;FAM153A-AS2;RP11-1026M7.3;RP11-423H2.1;OR1X5P;LINC03224;AC106795.1;RP11-1252I4.2;RP11-423H2.3;SUDS3P1	5.3	11597	Unknome 18_Mar_2026; maximum over uniquely HGNC-mapped proteins; derived/knownness-ranks.tsv	Tchem	96	unique	NA	NA	NA	NA	NA	NA	unresolved competing genes; gene-body association is not causal assignment	Lifelong developmental, systemic and adult explanations remain. Adult tissue expression observed (cerebral cortex); timing not identified.	16.6	cerebral cortex	not checked outside pilot	not checked outside pilot	8.6123e-12	positional	False	False	Lee CP GCST006572 + GENCODE v19; HGNC/Unknome/Pharos/HPA separate annotations; LD/QTL/perturbation not followed outside pilot; Savage/Genebass overlap; EA excluded	Independent ancestry-matched fine-mapping excludes rs335433 and assigns a different variant/gene (e.g. UIMC1, ZNF346, ZNF346-IT1); adult-specific perturbation in the implicated cell type has no predicted functional effect despite verified engagement. Shared-signal evidence disappears on multiple-signal conditioning or complete variant coverage.	association hypothesis only; not an enhancement target
233	ENSG00000140598	EFL1	233	R056	rs12439619	7.94e-11	3.89854e-08	0.0007373308702000001	132534	491	86	CTD-2034I4.1;CTD-2034I4.2;RP11-499F3.1;LINC01418;RP11-276M12.1;RP11-597K23.1;MEX3B;AC026956.1;LINC01583;RNU1-77P;SAXO2;RP13-98N21.3;GOLGA6L10;UBE2Q2P2;RPL9P9;RP13-608F4.8;GOLGA6L9;CSPG4P8;GOLGA2P10;AC135995.1;RN7SL61P;RP13-608F4.1;DNM1P38;RPS17;RP13-608F4.6;RP13-98N21.2;RP13-996F3.5;RP11-152F13.7;RN7SL256P;CSPG4P9;AC126339.1;RP13-608F4.5;RP13-996F3.4;UBE2Q2P2;RPL9P8;RP11-152F13.8;GOLGA6L9;CSPG4P10;RP13-996F3.3;AC010724.1;RN7SL410P;GOLGA6L10;DNM1P38;RPS17;RP11-152F13.10;RP11-379H8.1;CPEB1;CPEB1-AS1;AP3B2;RP11-752G15.4;AC105339.1;ACTG1P17;AC105339.2;RP11-752G15.8;SNHG21;SCARNA15;FSD2;WHAMM;HOMER2;RP11-382A20.5;RAMAC;C15orf40;RP11-382A20.7;AC022558.1;BTBD1;RP11-90B9.2;RP11-382A20.6;FABP5P8;MIR4515;TM6SF1;RP11-382A20.2;HDGFL3;RP11-382A20.4;BNC1;SH3GL3;AC087738.1;ADAMTSL3;RNU6-401P;TUBAP4;RNU6-1339P;AC027807.1;RP11-342A23.1;EFL1P1;RP13-262C2.3;UBE2Q2P16;CSPG4P11	4.7	10753	Unknome 18_Mar_2026; maximum over uniquely HGNC-mapped proteins; derived/knownness-ranks.tsv	Tbio	47	unique	NA	NA	NA	NA	NA	NA	unresolved competing genes; gene-body association is not causal assignment	Lifelong developmental, systemic and adult explanations remain. Adult tissue expression observed (midbrain); timing not identified.	4.0	midbrain	not checked outside pilot	not checked outside pilot	4.1291e-11	positional;eQTL	False	False	Lee CP GCST006572 + GENCODE v19; HGNC/Unknome/Pharos/HPA separate annotations; LD/QTL/perturbation not followed outside pilot; Savage/Genebass overlap; EA excluded	Independent ancestry-matched fine-mapping excludes rs12439619 and assigns a different variant/gene (e.g. CTD-2034I4.1, CTD-2034I4.2, RP11-499F3.1); adult-specific perturbation in the implicated cell type has no predicted functional effect despite verified engagement. Shared-signal evidence disappears on multiple-signal conditioning or complete variant coverage.	association hypothesis only; not an enhancement target
234	ENSG00000103043	VAC14	234	R061	rs62047970	9.9e-11	3.9402e-08	0.000745210026	113723	398	87	CLEC18C;RP11-296I10.5;AC009060.1;SMG1P7;FKSG63;snoU13;EXOSC6;AARS1;RN7SL407P;RN7SL279P;DDX19B;RP11-529K1.3;DDX19A-DT;DDX19A;ST3GAL2;RP11-529K1.4;RPS27P26;RNU6-23P;FCSK;COG4;SF3B3;SNORD111B;SNORD111;RP11-49C24.1;IL34;MTSS2;FLJ00418;VAC14-AS2;VAC14-AS1;RP11-424M24.5;HYDIN;RNU6ATAC25P;SNORD112;AC027281.1;HYDIN-AS1;RP11-23E19.2;CMTR2;CTD-2520I13.1;AC106736.1;CALB2;LINC02136;RP11-510M2.7;TLE7;RP11-510M2.8;ZNF23;AC010547.9;RP11-510M2.2;ZNF19;RP11-510M2.6;CHST4;RP11-510M2.5;RNU6-1061P;TAT;TAT-AS1;RP11-432I5.2;MARVELD3;PHLPP2;RP11-432I5.6;RNU6-208P;SNORA70D;RP11-432I5.8;RP11-432I5.4;AP1G1;SNORD71;RP11-417N10.3;ATXN1L;IST1;ZNF821;RP11-498D10.3;RP11-498D10.5;PKD1L3;RP11-498D10.6;RPL39P31;CCDC25P2;ATP5F1AP3;DHODH;TXNL4B;HP;HPR;RP11-384M15.3;DHX38;PMFBP1;RP11-328J14.1;RP11-328J14.2;RNU6-385P;LINC01572;AC004158.3	3.3	8619	Unknome 18_Mar_2026; maximum over uniquely HGNC-mapped proteins; derived/knownness-ranks.tsv	Tchem	133	unique	NA	NA	NA	NA	NA	NA	unresolved competing genes; gene-body association is not causal assignment	Lifelong developmental, systemic and adult explanations remain. Adult tissue expression observed (cerebral cortex); timing not identified.	22.7	cerebral cortex	not checked outside pilot	not checked outside pilot	4.6417e-07	positional;eQTL	False	False	Lee CP GCST006572 + GENCODE v19; HGNC/Unknome/Pharos/HPA separate annotations; LD/QTL/perturbation not followed outside pilot; Savage/Genebass overlap; EA excluded	Independent ancestry-matched fine-mapping excludes rs62047970 and assigns a different variant/gene (e.g. CLEC18C, RP11-296I10.5, AC009060.1); adult-specific perturbation in the implicated cell type has no predicted functional effect despite verified engagement. Shared-signal evidence disappears on multiple-signal conditioning or complete variant coverage.	association hypothesis only; not an enhancement target
235	ENSG00000177479	ARIH2	235	R001	rs13087930	3.92e-10	4.1552e-08	0.000785872976	67562	106	145	MAP4;RPS27P30;RN7SL664P;RPL17P16;CDC25A;SNRPFP4;RNU7-128P;NDUFB1P1;MIR4443;CAMP;ZNF589;MRPS18AP1;Y_RNA;FCF1P2;NME6;SPINK8;MIR2115;FBXW12;RN7SL321P;PLXNB1;CCDC51;TMA7;RP11-24C3.2;ATRIP;TREX1;SHISA5;AC104448.1;PFKFB4;UCN2;COL7A1;MIR711;UQCRC1;TMEM89;SLC26A6;CELSR3;MIR4793;LINC02585;NCKIPSD;RP11-572O6.1;IP6K2;PRKAR2A;PRKAR2A-AS1;SLC25A20;ARIH2OS;RP13-131K19.1;RP13-131K19.2;RP13-131K19.7;P4HTM;WDR6;DALRD3;MIR425;NDUFAF3;MIR191;IMPDH2;RP13-131K19.6;QRICH1;RN7SL182P;QARS1;USP19;LAMB2;LAMB2P1;CCDC71;KLHDC8B;CIMIP7;IHO1;GCSHP6;RP11-3B7.1;C3orf62;Y_RNA;MIR4271;USP4;GPX1;RHOA;RHOA-IT1;TCTA;AMT;NICN1-AS1;NICN1;RNA5SP130;DAG1;BSN-DT;BSN;BSN-AS1;APEH;MST1;AC099668.5;RNF123;AMIGO3;GMPPB;IP6K1;COX6CP14;PHF5AP3;CDHR4;INKA1;UBA7;MIR5193;AC139451.1;TRAIP;CAMKV;RN7SL217P;ACTL11P;MST1R;CTD-2330K9.2;CTD-2330K9.3;MON1A;RBM6;RBM5;SEMA3F-AS1;SEMA3F;MIR566;GNAT1;SLC38A3;GNAI2;U73169.1;LINC03143;SEMA3B-AS1;SEMA3B;LSMEM2;IFRD2;HYAL3;NAA80;HYAL1;HYAL2;TUSC2;RASSF1;ZMYND10-AS1;ZMYND10;NPRL2;CYB561D2;XXcos-LUCA11.5;TMEM115;CACNA2D2;XXcos-LUCA11.4;RNA5SP131;C3orf18;HEMK1;CISH;MAPKAPK3;LINC02019;MIR4787;DOCK3;PPIAP69;RP11-646D13.1;ZNF652P1;ST13P14	11.7	16536	Unknome 18_Mar_2026; maximum over uniquely HGNC-mapped proteins; derived/knownness-ranks.tsv	Tbio	96	unique	0.10777684551377764	1706	True	0.004251332858306149	0.42588579550691685	NA	unresolved competing genes; gene-body association is not causal assignment	Lifelong developmental, systemic and adult explanations remain. Adult tissue expression observed (cerebellum); timing not identified.	27.6	cerebellum	not established; target mapping/primary phenotype table unavailable	Tian 2019 iPSC-derived glutamatergic neuron survival D14/D21/D28; CROP-seq D7 transcription; not cognitive performance or mature adult physiology	4.6931e-09	positional;eQTL	False	False	Lee CP GCST006572 + GENCODE v19; HGNC/Unknome/Pharos/HPA separate annotations; EUR LD + GTEx DLPFC/Catalogue + chain/VEP + Tian guide coverage pilot; Savage/Genebass overlap; EA excluded	Independent ancestry-matched fine-mapping excludes rs13087930 and assigns a different variant/gene (e.g. MAP4, RPS27P30, RN7SL664P); adult-specific perturbation in the implicated cell type has no predicted functional effect despite verified engagement. Shared-signal evidence disappears on multiple-signal conditioning or complete variant coverage.	association hypothesis only; not an enhancement target
236	ENSG00000165244	ZNF367	236	R060	rs10760999	4.09e-10	4.2536e-08	0.000804483368	32389	104	48	AOPEP;MIR23B;MIR27B;MIR3074;FANCC;RP11-80I15.4;RP11-80I15.1;RNA5SP288;snoU13;ATMINP1;RP11-435O5.7;MT1P1;RP11-435O5.2;PTCH1;RP11-435O5.6;RP11-435O5.5;RP11-435O5.4;RP11-332M4.1;RP11-180I4.2;RP11-180I4.1;ERCC6L2-AS1;DKFZP434H0512;RNU2-46P;ERCC6L2;RNA5SP289;PARK7P2;LINC00092;RP11-569G13.2;Y_RNA;EIF4BP3;HSD17B3;AL160269.1;HSD17B3-AS1;RNU6-1160P;SLC35D2;NSA2P7;HABP4;CDC14B;PRXL2C;RP11-535M15.1;MKRN10P;ZNF510;ZNF782;SLC71A3P;PTMAP11;PNRC2P3;NUTM2G;YRDCP2	3.1	8298	Unknome 18_Mar_2026; maximum over uniquely HGNC-mapped proteins; derived/knownness-ranks.tsv	Tbio	22	unique	NA	NA	NA	NA	NA	NA	unresolved competing genes; gene-body association is not causal assignment	Lifelong developmental, systemic and adult explanations remain. Adult tissue expression observed (spinal cord); timing not identified.	1.9	spinal cord	not checked outside pilot	not checked outside pilot	NA	positional;eQTL	False	False	Lee CP GCST006572 + GENCODE v19; HGNC/Unknome/Pharos/HPA separate annotations; LD/QTL/perturbation not followed outside pilot; Savage/Genebass overlap; EA excluded	Independent ancestry-matched fine-mapping excludes rs10760999 and assigns a different variant/gene (e.g. AOPEP, MIR23B, MIR27B); adult-specific perturbation in the implicated cell type has no predicted functional effect despite verified engagement. Shared-signal evidence disappears on multiple-signal conditioning or complete variant coverage.	association hypothesis only; not an enhancement target
237	ENSG00000204516	MICB	237	R008	rs3130614	3.2e-10	4.9599999999999994e-08	0.0009380847999999999	16244	155	515	ACOT13;RP1-30M3.5;C6orf62;RP1-30M3.6;LINC02828;AP3S1P1;GMNN;ARMH2;RIPOR2;AL512428.1;MTCO2P33;PPIAP29;RP11-367G6.3;ASS1P1;RN7SL334P;RP3-425P12.5;RP3-425P12.1;RP3-425P12.2;CMAHP;NUP50P2;CANT1P1;UBE2D3P5;RNY5P5;AL590084.1;RP11-191A15.4;RP3-522P13.3;KATNBL1P5;RPL21P68;HNRNPA3P17;CARMIL1;Y_RNA;RNU6-987P;AL160037.1;snoU13;SCGN;PRELID1P2;H2AC1;H2BC1;H2BC2P;H2AC2P;SLC17A4;SLC17A1;SLC17A3;H2AC3P;SLC17A2;TRIM38;U91328.21;U91328.20;LINC02980;U91328.22;H3P26;H1-1;HIST1H3A;HIST1H4A;HIST1H4B;HIST1H3B;HIST1H2AB;HIST1H2BB;H2AC5P;HIST1H3C;H1-2;HFE;H4C3;H1-6;H2BC4;H2AC6;H1-4;H2BC5;LARP1P1;HIST1H2BE;HIST1H4D;H1-12P;H3C4;H2AC7;HIST1H2BF;RP1-34B20.4;HIST1H4E;HIST1H2BG;HIST1H2AE;HIST1H3E;H2AC9P;H1-3;HIST1H4F;HIST1H4G;HIST1H3F;HIST1H2BH;HIST1H3G;H2AC10P;HIST1H2BI;H4C8;H3C9P;RNU6-1259P;BTN3A2;AL021917.1;BTN2A2;BTN3A1;BTN2A3P;BTN3A3;BTN2A1;BTN1A1;RNU6-502P;HCG11;CTA-14H9.5;HMGN4;ABT1;RP11-457M11.6;VN1R14P;RP11-457M11.2;ZNF322;RP11-457M11.5;GUSBP2;POM121L6P;LINC00240;RP11-239L20.6;TRNAI2;VN1R12P;VN1R13P;VN1R11P;RNU2-62P;RP1-86C11.7;H2BC11;H2AC11;H2BC12;HIST1H4I;HIST1H2AH;MIR3143;RPL10P2;PRSS16;CDCA7P1;POM121L2;VN1R10P;ZNF204P;ZNF391;RP1-153G14.4;MCFD2P1;ZNF184;XXbac-BPGBPG34I8.1;HNRNPA1P1;CD83P1;RNU6-471P;TRNAI6;RPL8P1;GPHRP1;RSL24D1P1;H4C10P;H2BC13;H2AC13;HIST1H3H;HIST1H2AJ;HIST1H2BM;H4C11;HIST1H4K;HIST1H2AK;H2BC15;H2BC16P;HIST1H2AL;H1-5;HIST1H3I;HIST1H4L;H3C12;HIST1H2AM;HIST1H2BO;RNU7-26P;OR2B2;OR2W6P;OR2B6;RPLP2P1;OR2W4P;IQCB2P;U3;OR2W2P;OR2B7P;OR2B8;OR1F12P;RP1-313I6.12;ZNF165;ZSCAN12P1;ZNF602P;ZSCAN16-AS1;ZSCAN16;RP1-265C24.8;ZKSCAN8;ZKSCAN8P1;ZNF603P;ZKSCAN8P2;TOB2P1;ZSCAN9;ZKSCAN4;NKAPL;ZSCAN26;PGBD1;SMIM15P2;ZSCAN31;ZKSCAN3;ZSCAN12;RNU2-45P;ZSCAN23;COX11P1;OR2E1P;GPX6;GPX5;SCAND3;SCAND3-AS1;COX8CP1;AL121932.1;LINC00533;RPSAP2;AL662890.1;NOP56P1;AL662890.3;XXbac-BPG308K3.5;LINC01623;RPL13P;ZNF90P2;HCG14;TRIM27;RNU6-930P;LINC01556;KRT18P1;RN7SL471P;HCG15;HCG16;ZNF311;OR2AD1P;OR2W1;OR2P1P;SAR1AP1;OR2B3;OR2J1;OR2J3;XXbac-BCX196D17.5;OR2N1P;OR2J2;OR2J4P;OR2H4P;XXbac-BPG308J9.3;OR2G1P;OR2U1P;OR2U2P;OR2B4P;OR14J1;DDX6P1;OR5V1;OR12D3;OR12D2;OR12D1;OR11A1;OR10C1;OR2H1;UBDP1;MAS1LP1;MAS1L;RPS17P1;LINC02829;LINC01015;MAS1LP2;OR2I1;UBD;GABBR1;OR2H5P;TMEM183AP1;SNORD32B;RPL13AP;OR2H2;SUMO2P1;MOG;ZFP57;ZDHHC20P1;HLA-F;HCG4P11;HLA-F-AS1;RPL23AP1;MICE;HCG9P5;Y_RNA;IFITM4P;XXbac-BPG170G13.32;XXbac-BPG170G13.31;HLA-V;HCG4;HLA-P;RPL7AP7;MICG;HLA-G;HCG4P8;MICF;HCG4P7;HLA-H;HLA-T;DDX39BP1;MCCD1P1;HCG4B;HLA-K;HLA-U;HLA-A;HCG4P5;HLA-W;MICD;HCG9;DDX39BP2;MCCD1P2;POLR1HASP;HCG4P3;HLA-J;ETF1P1;POLR1H;PPP1R11;RNF39;AL669914.1;TRIM31;TRIM31-AS1;SNORA48;TRIM40;TRIM10;TRIM15;TRIM26;PAIP1P1;HCG17;TRIM26BP;HLA-L;HCG18;TRIM39;TRIM39-RPP21;RPP21;HLA-N;HCG19P;UBQLN1P1;MICC;TMPOP1;SUCLA2P1;RANP1;HLA-E;LINC02569;GNL1;PRR3;ABCF1;MIR877;PPP1R10;AL662800.1;MRPS18B;ATAT1;PTMAP1;C6orf136;AL662800.2;DHX16;PPP1R18;NRM;RPL7P4;MDC1;MDC1-AS1;TUBB;XXbac-BPG252P9.9;FLOT1;Y_RNA;IER3-AS1;IER3;RN7SL353P;HCG20;LINC00243;LINC02570;RN7SKP186;DDR1-DT;DDR1;MIR4640;RN7SL175P;GTF2H4;VARS2;SFTA2;Y_RNA;MUCL3;HCG21;MUC21;MUC22;HCG22;RNU6-1133P;C6orf15;PSORS1C1;CDSN;PSORS1C2;POLR2LP1;CCHCR1;TCF19;POU5F1;PSORS1C3;XXbac-BPG299F13.17;HCG27;XXbac-BPG299F13.14;XXbac-BPG299F13.15;XXbac-BPG299F13.16;HLA-C;USP8P1;RPL3P2;WASF5P;LINC02571;XXbac-BPG248L24.10;HLA-B;XXbac-BPG248L24.12;DHFRP2;RNU6-283P;AL671883.1;FGFR3P1;ZDHHC20P2;HLA-S;XXbac-BPG181B23.7;HCP5;Y_RNA;MICA;LINC01149;XXbac-BPG181B23.6;Y_RNA;XXbac-BPG16N22.5;PPIAP9;RPL15P4;MCCD1;ATP6V1G2-DDX39B;DDX39B;SNORD117;SNORD84;DDX39B-AS1;ATP6V1G2;NFKBIL1;LTA;TNF;LTB;LST1;NCR3;UQCRHP1;AIF1;PRRC2A;SNORA38;BAG6;APOM;C6orf47;C6orf47-AS1;GPANK1;Y_RNA;CSNK2B;CSNK2B-LY6G5B-1181;LY6G5B;LY6G5C;ABHD16A;XXbac-BPG32J3.20;MIR4646;LY6G6F;LY6G6F-LY6G6D;LY6G6E;LY6G6D;MPIG6B;LY6G6C;DDAH2;CLIC1;MSH5;MSH5-SAPCD1;RNU6-850P;SAPCD1;SAPCD1-AS1;VWA7;VARS1;Y_RNA;LSM2;HSPA1L;HSPA1A;HSPA1B;SNHG32;SNORD48;SNORD52;NEU1;SLC44A4;EHMT2;EHMT2-AS1;C2;ZBTB12;CFB;CFB;NELFE;MIR1236;SKIC2;DXO;WHR1;C4A;C4A-AS1;CYP21A1P;AL645922.1;TNXA;WHR1B;C4B;C4B-AS1;CYP21A2;TNXB;RNA5SP206;ATF6B;FKBPL;PRRT1;PPT2;PPT2-EGFL8;EGFL8;AGPAT1;RNF5;AGER;PBX2;XXbac-BPG300A18.13;GPSM3;NOTCH4;TSBP1-AS1;TSBP1;HNRNPA1P2;RNU6-603P;HCG23;BTNL2;HLA-DRA;HLA-DRB9;HLA-DRB5;RNU1-61P;HLA-DRB6;HLA-DRB1	6.6	13122	Unknome 18_Mar_2026; maximum over uniquely HGNC-mapped proteins; derived/knownness-ranks.tsv	Tbio	447	unique	NA	NA	NA	NA	NA	NA	unresolved competing genes; gene-body association is not causal assignment	Lifelong developmental, systemic and adult explanations remain. Adult tissue expression observed (cerebellum); timing not identified.	2.4	cerebellum	not checked outside pilot	not checked outside pilot	NA	NA	False	False	Lee CP GCST006572 + GENCODE v19; HGNC/Unknome/Pharos/HPA separate annotations; LD/QTL/perturbation not followed outside pilot; Savage/Genebass overlap; EA excluded	Independent ancestry-matched fine-mapping excludes rs3130614 and assigns a different variant/gene (e.g. ACOT13, RP1-30M3.5, C6orf62); adult-specific perturbation in the implicated cell type has no predicted functional effect despite verified engagement. Shared-signal evidence disappears on multiple-signal conditioning or complete variant coverage.	association hypothesis only; not an enhancement target
238	ENSG00000197728	RPS26	238	R107	rs1131017	3.85e-09	5.0049999999999995e-08	0.00094659565	2480	13	80	RP11-110A12.2;OR6C68;OR6C64P;OR6C4;MIR548Z;OR2AP1;OR6U2P;OR10P1;RP11-644F5.16;OR10AE3P;PSMB3P1;RP11-644F5.17;TMT1B;ITGA7;RP11-644F5.10;BLOC1S1;RDH5;CD63;CD63-AS1;RP11-644F5.12;GDF11;SARNP;RP11-762I7.5;RP11-762I7.4;ORMDL2;DNAJC14;TMEM198B;MMP19;OLA1P3;RNU1-69P;GSTP1P1;PYM1;DGKA;PMEL;CDK2;RP11-973D8.4;RAB5B;RP11-603J24.7;AC034102.1;SUOX;IKZF4;RP11-603J24.4;ERBB3;RP11-603J24.9;PA2G4;RP11-603J24.17;RPL41;ZC3H10;ESYT1;RP11-603J24.6;RP11-603J24.5;MYL6B-AS1;MYL6B;MYL6;RP11-977G19.5;SMARCC2;RN7SL770P;RNF41;NABP2;SLC39A5;ANKRD52;COQ10A;RP11-977G19.14;CS;RP11-977G19.10;CNPY2-AS1;RP11-977G19.12;CNPY2;PAN2;IL23A;STAT2;RNU7-40P;APOF;RP11-348M3.2;TIMELESS;MIP;SPRYD4;GLS2;HSPD1P4;RBMS2	8.3	14683	Unknome 18_Mar_2026; maximum over uniquely HGNC-mapped proteins; derived/knownness-ranks.tsv	Tbio	255	unique	NA	NA	NA	NA	NA	NA	unresolved competing genes; gene-body association is not causal assignment	Lifelong developmental, systemic and adult explanations remain. Adult tissue expression observed (midbrain); timing not identified.	553.7	midbrain	not checked outside pilot	not checked outside pilot	NA	NA	False	False	Lee CP GCST006572 + GENCODE v19; HGNC/Unknome/Pharos/HPA separate annotations; LD/QTL/perturbation not followed outside pilot; Savage/Genebass overlap; EA excluded	Independent ancestry-matched fine-mapping excludes rs1131017 and assigns a different variant/gene (e.g. RP11-110A12.2, OR6C68, OR6C64P); adult-specific perturbation in the implicated cell type has no predicted functional effect despite verified engagement. Shared-signal evidence disappears on multiple-signal conditioning or complete variant coverage.	association hypothesis only; not an enhancement target
239	ENSG00000055957	ITIH1	239	R064	rs2239551	1.19e-09	5.117e-08	0.00096777821	14476	43	64	DUSP7;LINC00696;POC1A;ALDOAP1;ALAS1;TLR9;TLR9;TWF2;TWF2-DT;PPM1M;WDR82;MIRLET7G;GLYCTK;GLYCTK-AS1;MIR135A1;DNAH1;PPP2R5CP;BAP1;PHF7;SEMA3G;TNNC1;NISCH;STAB1;NT5DC2;UQCC5;PBRM1;RNU6-856P;RNU6ATAC16P;GNL3;SNORD19B;SNORD19;SNORD19B;SNORD19C;SNORD69;GLT8D1;SPCS1;NEK4;AK3P7;AKTIPP1;ITIH3;ITIH4;RP5-966M1.6;ITIH4-AS1;MUSTN1;STIMATE-MUSTN1;STIMATE;SFMBT1;RP11-894J14.5;AC096887.1;SERBP1P3;RFT1;PRKCD;AC097015.1;TKT;snoU13;DCP1A;RN7SL821P;Y_RNA;SNORD38C;SNORA26;RPS25P4;CACNA1D;SNORD63;AC024149.1	2.5	7104	Unknome 18_Mar_2026; maximum over uniquely HGNC-mapped proteins; derived/knownness-ranks.tsv	Tbio	66	unique	NA	NA	NA	NA	NA	NA	unresolved competing genes; gene-body association is not causal assignment	Lifelong developmental, systemic and adult explanations remain. Adult tissue expression observed (cerebellum); timing not identified.	0.1	cerebellum	not checked outside pilot	not checked outside pilot	5.4205e-12	positional;eQTL	False	False	Lee CP GCST006572 + GENCODE v19; HGNC/Unknome/Pharos/HPA separate annotations; LD/QTL/perturbation not followed outside pilot; Savage/Genebass overlap; EA excluded	Independent ancestry-matched fine-mapping excludes rs2239551 and assigns a different variant/gene (e.g. DUSP7, LINC00696, POC1A); adult-specific perturbation in the implicated cell type has no predicted functional effect despite verified engagement. Shared-signal evidence disappears on multiple-signal conditioning or complete variant coverage.	association hypothesis only; not an enhancement target
240	ENSG00000168273	UQCC5	240	R064	rs7623199	3.77e-10	5.1272e-08	0.000969707336	45225	136	64	DUSP7;LINC00696;POC1A;ALDOAP1;ALAS1;TLR9;TLR9;TWF2;TWF2-DT;PPM1M;WDR82;MIRLET7G;GLYCTK;GLYCTK-AS1;MIR135A1;DNAH1;PPP2R5CP;BAP1;PHF7;SEMA3G;TNNC1;NISCH;STAB1;NT5DC2;PBRM1;RNU6-856P;RNU6ATAC16P;GNL3;SNORD19B;SNORD19;SNORD19B;SNORD19C;SNORD69;GLT8D1;SPCS1;NEK4;AK3P7;AKTIPP1;ITIH1;ITIH3;ITIH4;RP5-966M1.6;ITIH4-AS1;MUSTN1;STIMATE-MUSTN1;STIMATE;SFMBT1;RP11-894J14.5;AC096887.1;SERBP1P3;RFT1;PRKCD;AC097015.1;TKT;snoU13;DCP1A;RN7SL821P;Y_RNA;SNORD38C;SNORA26;RPS25P4;CACNA1D;SNORD63;AC024149.1	2.1	6380	Unknome 18_Mar_2026; maximum over uniquely HGNC-mapped proteins; derived/knownness-ranks.tsv	Tbio	14	unique	NA	NA	NA	NA	NA	NA	unresolved competing genes; gene-body association is not causal assignment	Lifelong developmental, systemic and adult explanations remain. Adult tissue expression observed (basal ganglia); timing not identified.	19.1	basal ganglia	not checked outside pilot	not checked outside pilot	6.536e-08	positional;chromatin	False	False	Lee CP GCST006572 + GENCODE v19; HGNC/Unknome/Pharos/HPA separate annotations; LD/QTL/perturbation not followed outside pilot; Savage/Genebass overlap; EA excluded	Independent ancestry-matched fine-mapping excludes rs7623199 and assigns a different variant/gene (e.g. DUSP7, LINC00696, POC1A); adult-specific perturbation in the implicated cell type has no predicted functional effect despite verified engagement. Shared-signal evidence disappears on multiple-signal conditioning or complete variant coverage.	association hypothesis only; not an enhancement target
241	ENSG00000254870	ATP6V1G2-DDX39B	241	R008	rs9267488	1.25e-09	5.375e-08	0.00101657375	16390	43	515	ACOT13;RP1-30M3.5;C6orf62;RP1-30M3.6;LINC02828;AP3S1P1;GMNN;ARMH2;RIPOR2;AL512428.1;MTCO2P33;PPIAP29;RP11-367G6.3;ASS1P1;RN7SL334P;RP3-425P12.5;RP3-425P12.1;RP3-425P12.2;CMAHP;NUP50P2;CANT1P1;UBE2D3P5;RNY5P5;AL590084.1;RP11-191A15.4;RP3-522P13.3;KATNBL1P5;RPL21P68;HNRNPA3P17;CARMIL1;Y_RNA;RNU6-987P;AL160037.1;snoU13;SCGN;PRELID1P2;H2AC1;H2BC1;H2BC2P;H2AC2P;SLC17A4;SLC17A1;SLC17A3;H2AC3P;SLC17A2;TRIM38;U91328.21;U91328.20;LINC02980;U91328.22;H3P26;H1-1;HIST1H3A;HIST1H4A;HIST1H4B;HIST1H3B;HIST1H2AB;HIST1H2BB;H2AC5P;HIST1H3C;H1-2;HFE;H4C3;H1-6;H2BC4;H2AC6;H1-4;H2BC5;LARP1P1;HIST1H2BE;HIST1H4D;H1-12P;H3C4;H2AC7;HIST1H2BF;RP1-34B20.4;HIST1H4E;HIST1H2BG;HIST1H2AE;HIST1H3E;H2AC9P;H1-3;HIST1H4F;HIST1H4G;HIST1H3F;HIST1H2BH;HIST1H3G;H2AC10P;HIST1H2BI;H4C8;H3C9P;RNU6-1259P;BTN3A2;AL021917.1;BTN2A2;BTN3A1;BTN2A3P;BTN3A3;BTN2A1;BTN1A1;RNU6-502P;HCG11;CTA-14H9.5;HMGN4;ABT1;RP11-457M11.6;VN1R14P;RP11-457M11.2;ZNF322;RP11-457M11.5;GUSBP2;POM121L6P;LINC00240;RP11-239L20.6;TRNAI2;VN1R12P;VN1R13P;VN1R11P;RNU2-62P;RP1-86C11.7;H2BC11;H2AC11;H2BC12;HIST1H4I;HIST1H2AH;MIR3143;RPL10P2;PRSS16;CDCA7P1;POM121L2;VN1R10P;ZNF204P;ZNF391;RP1-153G14.4;MCFD2P1;ZNF184;XXbac-BPGBPG34I8.1;HNRNPA1P1;CD83P1;RNU6-471P;TRNAI6;RPL8P1;GPHRP1;RSL24D1P1;H4C10P;H2BC13;H2AC13;HIST1H3H;HIST1H2AJ;HIST1H2BM;H4C11;HIST1H4K;HIST1H2AK;H2BC15;H2BC16P;HIST1H2AL;H1-5;HIST1H3I;HIST1H4L;H3C12;HIST1H2AM;HIST1H2BO;RNU7-26P;OR2B2;OR2W6P;OR2B6;RPLP2P1;OR2W4P;IQCB2P;U3;OR2W2P;OR2B7P;OR2B8;OR1F12P;RP1-313I6.12;ZNF165;ZSCAN12P1;ZNF602P;ZSCAN16-AS1;ZSCAN16;RP1-265C24.8;ZKSCAN8;ZKSCAN8P1;ZNF603P;ZKSCAN8P2;TOB2P1;ZSCAN9;ZKSCAN4;NKAPL;ZSCAN26;PGBD1;SMIM15P2;ZSCAN31;ZKSCAN3;ZSCAN12;RNU2-45P;ZSCAN23;COX11P1;OR2E1P;GPX6;GPX5;SCAND3;SCAND3-AS1;COX8CP1;AL121932.1;LINC00533;RPSAP2;AL662890.1;NOP56P1;AL662890.3;XXbac-BPG308K3.5;LINC01623;RPL13P;ZNF90P2;HCG14;TRIM27;RNU6-930P;LINC01556;KRT18P1;RN7SL471P;HCG15;HCG16;ZNF311;OR2AD1P;OR2W1;OR2P1P;SAR1AP1;OR2B3;OR2J1;OR2J3;XXbac-BCX196D17.5;OR2N1P;OR2J2;OR2J4P;OR2H4P;XXbac-BPG308J9.3;OR2G1P;OR2U1P;OR2U2P;OR2B4P;OR14J1;DDX6P1;OR5V1;OR12D3;OR12D2;OR12D1;OR11A1;OR10C1;OR2H1;UBDP1;MAS1LP1;MAS1L;RPS17P1;LINC02829;LINC01015;MAS1LP2;OR2I1;UBD;GABBR1;OR2H5P;TMEM183AP1;SNORD32B;RPL13AP;OR2H2;SUMO2P1;MOG;ZFP57;ZDHHC20P1;HLA-F;HCG4P11;HLA-F-AS1;RPL23AP1;MICE;HCG9P5;Y_RNA;IFITM4P;XXbac-BPG170G13.32;XXbac-BPG170G13.31;HLA-V;HCG4;HLA-P;RPL7AP7;MICG;HLA-G;HCG4P8;MICF;HCG4P7;HLA-H;HLA-T;DDX39BP1;MCCD1P1;HCG4B;HLA-K;HLA-U;HLA-A;HCG4P5;HLA-W;MICD;HCG9;DDX39BP2;MCCD1P2;POLR1HASP;HCG4P3;HLA-J;ETF1P1;POLR1H;PPP1R11;RNF39;AL669914.1;TRIM31;TRIM31-AS1;SNORA48;TRIM40;TRIM10;TRIM15;TRIM26;PAIP1P1;HCG17;TRIM26BP;HLA-L;HCG18;TRIM39;TRIM39-RPP21;RPP21;HLA-N;HCG19P;UBQLN1P1;MICC;TMPOP1;SUCLA2P1;RANP1;HLA-E;LINC02569;GNL1;PRR3;ABCF1;MIR877;PPP1R10;AL662800.1;MRPS18B;ATAT1;PTMAP1;C6orf136;AL662800.2;DHX16;PPP1R18;NRM;RPL7P4;MDC1;MDC1-AS1;TUBB;XXbac-BPG252P9.9;FLOT1;Y_RNA;IER3-AS1;IER3;RN7SL353P;HCG20;LINC00243;LINC02570;RN7SKP186;DDR1-DT;DDR1;MIR4640;RN7SL175P;GTF2H4;VARS2;SFTA2;Y_RNA;MUCL3;HCG21;MUC21;MUC22;HCG22;RNU6-1133P;C6orf15;PSORS1C1;CDSN;PSORS1C2;POLR2LP1;CCHCR1;TCF19;POU5F1;PSORS1C3;XXbac-BPG299F13.17;HCG27;XXbac-BPG299F13.14;XXbac-BPG299F13.15;XXbac-BPG299F13.16;HLA-C;USP8P1;RPL3P2;WASF5P;LINC02571;XXbac-BPG248L24.10;HLA-B;XXbac-BPG248L24.12;DHFRP2;RNU6-283P;AL671883.1;FGFR3P1;ZDHHC20P2;HLA-S;XXbac-BPG181B23.7;HCP5;Y_RNA;MICA;LINC01149;XXbac-BPG181B23.6;MICB;Y_RNA;XXbac-BPG16N22.5;PPIAP9;RPL15P4;MCCD1;DDX39B;SNORD117;SNORD84;DDX39B-AS1;ATP6V1G2;NFKBIL1;LTA;TNF;LTB;LST1;NCR3;UQCRHP1;AIF1;PRRC2A;SNORA38;BAG6;APOM;C6orf47;C6orf47-AS1;GPANK1;Y_RNA;CSNK2B;CSNK2B-LY6G5B-1181;LY6G5B;LY6G5C;ABHD16A;XXbac-BPG32J3.20;MIR4646;LY6G6F;LY6G6F-LY6G6D;LY6G6E;LY6G6D;MPIG6B;LY6G6C;DDAH2;CLIC1;MSH5;MSH5-SAPCD1;RNU6-850P;SAPCD1;SAPCD1-AS1;VWA7;VARS1;Y_RNA;LSM2;HSPA1L;HSPA1A;HSPA1B;SNHG32;SNORD48;SNORD52;NEU1;SLC44A4;EHMT2;EHMT2-AS1;C2;ZBTB12;CFB;CFB;NELFE;MIR1236;SKIC2;DXO;WHR1;C4A;C4A-AS1;CYP21A1P;AL645922.1;TNXA;WHR1B;C4B;C4B-AS1;CYP21A2;TNXB;RNA5SP206;ATF6B;FKBPL;PRRT1;PPT2;PPT2-EGFL8;EGFL8;AGPAT1;RNF5;AGER;PBX2;XXbac-BPG300A18.13;GPSM3;NOTCH4;TSBP1-AS1;TSBP1;HNRNPA1P2;RNU6-603P;HCG23;BTNL2;HLA-DRA;HLA-DRB9;HLA-DRB5;RNU1-61P;HLA-DRB6;HLA-DRB1	NA	NA	Unknome unmapped/unscored; not zero knownness	NA	8	unique	NA	NA	NA	NA	NA	NA	unresolved competing genes; gene-body association is not causal assignment	Lifelong developmental, systemic and adult explanations remain. Adult brain expression not covered in HPA; not evidence of absence.	NA	NA	not checked outside pilot	not checked outside pilot	NA	NA	False	False	Lee CP GCST006572 + GENCODE v19; HGNC/Unknome/Pharos/HPA separate annotations; LD/QTL/perturbation not followed outside pilot; Savage/Genebass overlap; EA excluded	Independent ancestry-matched fine-mapping excludes rs9267488 and assigns a different variant/gene (e.g. ACOT13, RP1-30M3.5, C6orf62); adult-specific perturbation in the implicated cell type has no predicted functional effect despite verified engagement. Shared-signal evidence disappears on multiple-signal conditioning or complete variant coverage.	association hypothesis only; not an enhancement target
242	ENSG00000136560	TANK	242	R032	rs1559526	2.68e-10	5.762e-08	0.0010897670600000001	99314	215	41	PLA2R1;ITGB6;RBMS1;RMRPP3;MIR4785;RN7SL423P;AC009313.2;TANK-AS1;PSMD14-DT;LINC01806;AC009299.4;PSMD14;MXRA7P1;AC009299.1;RNA5SP108;TBR1;AC009487.4;AC009487.5;SLC4A10;AHCTF1P1;snoU13;MTNAP1P1;KRT18P46;AC092841.1;RPEP5;DPP4;DPP4-DT;TIMM8AP1;EIF3EP2;AC008063.3;GCG;AC007750.5;FAP;IFIH1;GCA;KCNH7;RNA5SP109;KCNH7-AS1;RPL7P61;RNU6-627P;FIGN	12.5	16839	Unknome 18_Mar_2026; maximum over uniquely HGNC-mapped proteins; derived/knownness-ranks.tsv	Tchem	138	unique	NA	NA	NA	NA	NA	NA	unresolved competing genes; gene-body association is not causal assignment	Lifelong developmental, systemic and adult explanations remain. Adult tissue expression observed (midbrain); timing not identified.	22.7	midbrain	not checked outside pilot	not checked outside pilot	NA	positional;eQTL	False	False	Lee CP GCST006572 + GENCODE v19; HGNC/Unknome/Pharos/HPA separate annotations; LD/QTL/perturbation not followed outside pilot; Savage/Genebass overlap; EA excluded	Independent ancestry-matched fine-mapping excludes rs1559526 and assigns a different variant/gene (e.g. PLA2R1, ITGB6, RBMS1); adult-specific perturbation in the implicated cell type has no predicted functional effect despite verified engagement. Shared-signal evidence disappears on multiple-signal conditioning or complete variant coverage.	association hypothesis only; not an enhancement target
243	ENSG00000149187	CELF1	243	R074	rs34958982	3.39e-10	5.8308e-08	0.001102779204	99626	172	59	LRP4-AS1;LRP4;CSTPP1;CTD-2384B9.1;RP11-390K5.3;ARFGAP2;RP11-390K5.6;PACSIN3;RP11-390K5.1;RN7SL772P;DDB2;RP11-17G12.2;ACP2;NR1H3;MADD;MADD-AS1;MYBPC3;SPI1;SLC39A13-AS1;AC090559.2;MIR4487;SLC39A13;PSMC3;RAPSN;RNU6-1302P;AC090559.1;RP11-750H9.7;RN7SL652P;NDUFS3;PTPMT1;KBTBD4;RNU5E-10P;KBTBD4;FAM180B;C1QTNF4;Y_RNA;MTCH2;AGBL2;FNBP4;Y_RNA;snoU13;NUP160;RP11-692M12.5;RNA5SP340;Y_RNA;YPEL5P2;RP11-793I11.1;PTPRJ;PTPRJ-AS1;MIR3161;OR4B1;OR4B2P;OR4X2;OR4X1;OR4S1;OR4C3;OR4C4P;OR4C5;OR4C2P	18.0	18016	Unknome 18_Mar_2026; maximum over uniquely HGNC-mapped proteins; derived/knownness-ranks.tsv	Tbio	226	unique	NA	NA	NA	NA	NA	NA	unresolved competing genes; gene-body association is not causal assignment	Lifelong developmental, systemic and adult explanations remain. Adult tissue expression observed (cerebellum); timing not identified.	49.2	cerebellum	not checked outside pilot	not checked outside pilot	NA	positional;chromatin	False	False	Lee CP GCST006572 + GENCODE v19; HGNC/Unknome/Pharos/HPA separate annotations; LD/QTL/perturbation not followed outside pilot; Savage/Genebass overlap; EA excluded	Independent ancestry-matched fine-mapping excludes rs34958982 and assigns a different variant/gene (e.g. LRP4-AS1, LRP4, CSTPP1); adult-specific perturbation in the implicated cell type has no predicted functional effect despite verified engagement. Shared-signal evidence disappears on multiple-signal conditioning or complete variant coverage.	association hypothesis only; not an enhancement target
244	ENSG00000143570	SLC39A1	244	R050	rs3791187	3.17e-09	6.023e-08	0.0011391299900000002	8614	19	79	PGLYRP3;PGLYRP4;RNU6-160P;S100A9;S100A12;LAPTM4BP1;S100A8;S100A15A;S100A7A;S100A7P1;S100A7L2;S100A7;RN7SL44P;BX470102.3;S100A6;S100A5;S100A4;S100A3;S100A2;S100A16;S100A14;S100A13;RP1-178F15.5;S100A1;RP1-178F15.4;CHTOP;SNAPIN;ILF2;NPR1;RN7SL372P;GEMIN2P1;Y_RNA;INTS3;RP11-216N14.8;RP11-216N14.9;snoU13;SLC27A3;Y_RNA;RP11-216N14.5;GATAD2B;RP11-216N14.7;RP11-759F5.1;DENND4B;CRTC2;RP11-422P24.10;CREB3L4;JTB;JTB-DT;RAB13;RPS27;NUP210L;RP11-422P24.9;U3;RNU6-179P;RPS7P2;MIR5698;TPM3;RN7SL431P;MIR190B;CFAP141;LTAP1;UBAP2L;AL590431.1;SNORA58B;HAX1;SNORD59;RNU6-239P;RNU6-121P;AQP10;ATP8B2;RNU7-57P;RP11-350G8.4;RPSAP17;IL6R-AS1;IL6R;PSMD8P1;SHE;RP11-350G8.9;TDRD10	7.0	13559	Unknome 18_Mar_2026; maximum over uniquely HGNC-mapped proteins; derived/knownness-ranks.tsv	Tbio	96	unique	NA	NA	NA	NA	NA	NA	unresolved competing genes; gene-body association is not causal assignment	Lifelong developmental, systemic and adult explanations remain. Adult tissue expression observed (basal ganglia); timing not identified.	30.4	basal ganglia	not checked outside pilot	not checked outside pilot	2.0361e-09	positional;eQTL;chromatin	False	False	Lee CP GCST006572 + GENCODE v19; HGNC/Unknome/Pharos/HPA separate annotations; LD/QTL/perturbation not followed outside pilot; Savage/Genebass overlap; EA excluded	Independent ancestry-matched fine-mapping excludes rs3791187 and assigns a different variant/gene (e.g. PGLYRP3, PGLYRP4, RNU6-160P); adult-specific perturbation in the implicated cell type has no predicted functional effect despite verified engagement. Shared-signal evidence disappears on multiple-signal conditioning or complete variant coverage.	association hypothesis only; not an enhancement target
245	ENSG00000108379	WNT3	245	R033	rs916888	4.76e-10	6.0452e-08	0.001143328676	70649	127	96	GJC1;HIGD1B;EFTUD2;RN7SL405P;DNAAF19;FAM187A;AC015936.3;GFAP;KIF18B;KIF18B-DT;C1QL1;CTD-2534I21.9;DCAKD;NMT1;Y_RNA;PLCD3;ACBD4;HEXIM1;HEXIM2-AS1;HEXIM2;HEXIM2-AS2;FMNL1-DT;FMNL1;FMNL1-AS1;EFCAB15P;MAP3K14-AS1;SPATA32;MAP3K14;RNA5SP443;CTB-39G8.2;ARHGAP27;CTB-39G8.3;AC091132.2;PLEKHM1;AC091132.1;RN7SL730P;LRRC37A4P;RP11-798G7.5;RN7SL739P;RP11-798G7.8;RP11-798G7.6;RP11-798G7.7;RDM1P1;DND1P1;MAPK8IP1P2;RPS26P8;CRHR1-IT1;CRHR1;LINC02210-CRHR1;RP11-293E1.2;RP11-293E1.1;MAPT-AS1;SPPL2C;MAPT;RP11-669E14.4;STH;KANSL1;RP11-669E14.6;RNU7-101P;KANSL1-AS1;Y_RNA;MAPK8IP1P1;RP11-259G18.3;RP11-259G18.1;ARL17B;LRRC37A;RN7SL656P;NSFP1;RDM1P2;LRRC37A2;ARL17A;RN7SL199P;FAM215B;NSF;RPS7P11;WNT9B;RP11-63A1.2;GOSR2-DT;RNU6ATAC3P;GOSR2;RP11-156P1.2;MIR5089;RPRML;LRRC37A17P;LRRC37A2-AS1;RN7SL270P;CDC27;AC002558.1;RP5-867C24.1;RP5-867C24.4;RP5-867C24.5;MYL4;snoU13;ITGB3;ITGB3;RNU7-186P	15.8	17668	Unknome 18_Mar_2026; maximum over uniquely HGNC-mapped proteins; derived/knownness-ranks.tsv	Tchem	148	unique	NA	NA	NA	NA	NA	NA	unresolved competing genes; gene-body association is not causal assignment	Lifelong developmental, systemic and adult explanations remain. Adult tissue expression observed (hypothalamus); timing not identified.	4.0	hypothalamus	not checked outside pilot	not checked outside pilot	2.5559e-08	positional;eQTL	False	False	Lee CP GCST006572 + GENCODE v19; HGNC/Unknome/Pharos/HPA separate annotations; LD/QTL/perturbation not followed outside pilot; Savage/Genebass overlap; EA excluded	Independent ancestry-matched fine-mapping excludes rs916888 and assigns a different variant/gene (e.g. GJC1, HIGD1B, EFTUD2); adult-specific perturbation in the implicated cell type has no predicted functional effect despite verified engagement. Shared-signal evidence disappears on multiple-signal conditioning or complete variant coverage.	association hypothesis only; not an enhancement target
246	ENSG00000205269	TMEM170B	246	R075	rs566237	3.52e-10	6.3008e-08	0.001191670304	45820	179	21	SYCP2L;ELOVL2;ELOVL2-AS1;snoU13;SMIM13;ERVFRD-1;PAGE4P1;RP3-510L9.1;NEDD9;RP11-716O23.1;RP11-716O23.2;RNU1-64P;THAP12P5;RP11-679B17.2;SNORA67;ADTRP;RP3-413H6.2;AMD1P4;RP11-456H18.1;RP11-456H18.2;HIVEP1	1.3	4364	Unknome 18_Mar_2026; maximum over uniquely HGNC-mapped proteins; derived/knownness-ranks.tsv	Tbio	4	unique	NA	NA	NA	NA	NA	NA	unresolved competing genes; gene-body association is not causal assignment	Lifelong developmental, systemic and adult explanations remain. Adult tissue expression observed (cerebral cortex); timing not identified.	11.3	cerebral cortex	not checked outside pilot	not checked outside pilot	1.7146e-06	positional;eQTL	False	False	Lee CP GCST006572 + GENCODE v19; HGNC/Unknome/Pharos/HPA separate annotations; LD/QTL/perturbation not followed outside pilot; Savage/Genebass overlap; EA excluded	Independent ancestry-matched fine-mapping excludes rs566237 and assigns a different variant/gene (e.g. SYCP2L, ELOVL2, ELOVL2-AS1); adult-specific perturbation in the implicated cell type has no predicted functional effect despite verified engagement. Shared-signal evidence disappears on multiple-signal conditioning or complete variant coverage.	association hypothesis only; not an enhancement target
247	ENSG00000100403	ZC3H7B	247	R023	rs62238180	4.04e-10	6.3024e-08	0.001191972912	58626	156	149	CTA-150C2.13;APOBEC3A;APOBEC3B;APOBEC3B-AS1;APOBEC3C;APOBEC3D;APOBEC3F;APOBEC3G;CTA-150C2.20;RP4-742C19.12;APOBEC3H;CBX7;COX5BP7;FUNDC2P4;PDGFB;AL031590.1;RP3-333H23.8;RPL3;SNORD83B;SNORD83A;SNORD43;SYNGR1;TAB1;MGAT3;MGAT3-AS1;MIEF1;ATF4;RPS19BP1;CACNA1I;ENTHD1;MTFR2P2;RN7SKP210;UQCRFS1P1;GRAP2;TMA7B;SACK1F;TNRC6B-DT;TNRC6B;RPL7P52;ADSL;SGSM3;SGSM3-AS1;MRTFA;MRTFA-AS2;RP5-1042K10.12;MRTFA-AS1;AL031594.1;COX6B1P3;RPL4P6;GAPDHP37;MCHR1;SLC25A17;RFKP4;JTBP1;MIR4766;ST13;XPNPEP3;DNAJB7;snoU13;RNU6-379P;RBX1;Y_RNA;AL080243.1;RPS9P2;Y_RNA;ACTBP15;EP300;MIR1281;RNU6-375P;RP1-85F18.6;EP300-AS1;LRRC37A14P;L3MBTL2;L3MBTL2-AS1;CHADL;RANGAP1;AL035681.1;TEF;RNU6-495P;CTA-223H9.9;TOB2;PHF5A;ACO2;POLR3H;CSDC2;PMM1;DESI1;XRCC6;Y_RNA;SNU13;RNU6-476P;C22orf46P;Z83840.1;MEI1;HMGN2P10;RNU6ATAC22P;Y_RNA;CCDC134;SREBF2-AS1;SREBF2;MIR33A;SHISA8;CTA-250D10.23;MIR378I;TNFRSF13C;CENPM;SMIM45;SEPTIN3;CTA-250D10.19;WBP2NL;SLC25A5P1;NAGA;PHETA2;SNORD13P1;SMDT1;NDUFA6;RP1-257I20.14;NDUFA6-DT;OLA1P1;CYP2D6;RP4-669P10.19;RP4-669P10.16;CYP2D7;CYP2D8P;TCF20;OGFRP1;Z83851.4;CTA-989H11.1;LINC01315;NFAM1;CTA-126B4.7;SERHL;RRP7A;Z93241.1;SERHL2;RRP7BP;RN7SKP80;RNU6-513P;POLDIP3;RNU12;CYB5R3;ATP5MGL;A4GALT;Y_RNA;RPL5P34;GOLGA2P4;ARFGAP3;PACSIN2;COA1P1	3.9	9571	Unknome 18_Mar_2026; maximum over uniquely HGNC-mapped proteins; derived/knownness-ranks.tsv	Tbio	71	unique	NA	NA	NA	NA	NA	NA	unresolved competing genes; gene-body association is not causal assignment	Lifelong developmental, systemic and adult explanations remain. Adult tissue expression observed (cerebral cortex); timing not identified.	52.5	cerebral cortex	not checked outside pilot	not checked outside pilot	NA	positional;eQTL	False	False	Lee CP GCST006572 + GENCODE v19; HGNC/Unknome/Pharos/HPA separate annotations; LD/QTL/perturbation not followed outside pilot; Savage/Genebass overlap; EA excluded	Independent ancestry-matched fine-mapping excludes rs62238180 and assigns a different variant/gene (e.g. CTA-150C2.13, APOBEC3A, APOBEC3B); adult-specific perturbation in the implicated cell type has no predicted functional effect despite verified engagement. Shared-signal evidence disappears on multiple-signal conditioning or complete variant coverage.	association hypothesis only; not an enhancement target
248	ENSG00000079691	CARMIL1	248	R008	rs35789010	3.43e-11	6.41067e-08	0.0012124500171000001	341453	1869	515	ACOT13;RP1-30M3.5;C6orf62;RP1-30M3.6;LINC02828;AP3S1P1;GMNN;ARMH2;RIPOR2;AL512428.1;MTCO2P33;PPIAP29;RP11-367G6.3;ASS1P1;RN7SL334P;RP3-425P12.5;RP3-425P12.1;RP3-425P12.2;CMAHP;NUP50P2;CANT1P1;UBE2D3P5;RNY5P5;AL590084.1;RP11-191A15.4;RP3-522P13.3;KATNBL1P5;RPL21P68;HNRNPA3P17;Y_RNA;RNU6-987P;AL160037.1;snoU13;SCGN;PRELID1P2;H2AC1;H2BC1;H2BC2P;H2AC2P;SLC17A4;SLC17A1;SLC17A3;H2AC3P;SLC17A2;TRIM38;U91328.21;U91328.20;LINC02980;U91328.22;H3P26;H1-1;HIST1H3A;HIST1H4A;HIST1H4B;HIST1H3B;HIST1H2AB;HIST1H2BB;H2AC5P;HIST1H3C;H1-2;HFE;H4C3;H1-6;H2BC4;H2AC6;H1-4;H2BC5;LARP1P1;HIST1H2BE;HIST1H4D;H1-12P;H3C4;H2AC7;HIST1H2BF;RP1-34B20.4;HIST1H4E;HIST1H2BG;HIST1H2AE;HIST1H3E;H2AC9P;H1-3;HIST1H4F;HIST1H4G;HIST1H3F;HIST1H2BH;HIST1H3G;H2AC10P;HIST1H2BI;H4C8;H3C9P;RNU6-1259P;BTN3A2;AL021917.1;BTN2A2;BTN3A1;BTN2A3P;BTN3A3;BTN2A1;BTN1A1;RNU6-502P;HCG11;CTA-14H9.5;HMGN4;ABT1;RP11-457M11.6;VN1R14P;RP11-457M11.2;ZNF322;RP11-457M11.5;GUSBP2;POM121L6P;LINC00240;RP11-239L20.6;TRNAI2;VN1R12P;VN1R13P;VN1R11P;RNU2-62P;RP1-86C11.7;H2BC11;H2AC11;H2BC12;HIST1H4I;HIST1H2AH;MIR3143;RPL10P2;PRSS16;CDCA7P1;POM121L2;VN1R10P;ZNF204P;ZNF391;RP1-153G14.4;MCFD2P1;ZNF184;XXbac-BPGBPG34I8.1;HNRNPA1P1;CD83P1;RNU6-471P;TRNAI6;RPL8P1;GPHRP1;RSL24D1P1;H4C10P;H2BC13;H2AC13;HIST1H3H;HIST1H2AJ;HIST1H2BM;H4C11;HIST1H4K;HIST1H2AK;H2BC15;H2BC16P;HIST1H2AL;H1-5;HIST1H3I;HIST1H4L;H3C12;HIST1H2AM;HIST1H2BO;RNU7-26P;OR2B2;OR2W6P;OR2B6;RPLP2P1;OR2W4P;IQCB2P;U3;OR2W2P;OR2B7P;OR2B8;OR1F12P;RP1-313I6.12;ZNF165;ZSCAN12P1;ZNF602P;ZSCAN16-AS1;ZSCAN16;RP1-265C24.8;ZKSCAN8;ZKSCAN8P1;ZNF603P;ZKSCAN8P2;TOB2P1;ZSCAN9;ZKSCAN4;NKAPL;ZSCAN26;PGBD1;SMIM15P2;ZSCAN31;ZKSCAN3;ZSCAN12;RNU2-45P;ZSCAN23;COX11P1;OR2E1P;GPX6;GPX5;SCAND3;SCAND3-AS1;COX8CP1;AL121932.1;LINC00533;RPSAP2;AL662890.1;NOP56P1;AL662890.3;XXbac-BPG308K3.5;LINC01623;RPL13P;ZNF90P2;HCG14;TRIM27;RNU6-930P;LINC01556;KRT18P1;RN7SL471P;HCG15;HCG16;ZNF311;OR2AD1P;OR2W1;OR2P1P;SAR1AP1;OR2B3;OR2J1;OR2J3;XXbac-BCX196D17.5;OR2N1P;OR2J2;OR2J4P;OR2H4P;XXbac-BPG308J9.3;OR2G1P;OR2U1P;OR2U2P;OR2B4P;OR14J1;DDX6P1;OR5V1;OR12D3;OR12D2;OR12D1;OR11A1;OR10C1;OR2H1;UBDP1;MAS1LP1;MAS1L;RPS17P1;LINC02829;LINC01015;MAS1LP2;OR2I1;UBD;GABBR1;OR2H5P;TMEM183AP1;SNORD32B;RPL13AP;OR2H2;SUMO2P1;MOG;ZFP57;ZDHHC20P1;HLA-F;HCG4P11;HLA-F-AS1;RPL23AP1;MICE;HCG9P5;Y_RNA;IFITM4P;XXbac-BPG170G13.32;XXbac-BPG170G13.31;HLA-V;HCG4;HLA-P;RPL7AP7;MICG;HLA-G;HCG4P8;MICF;HCG4P7;HLA-H;HLA-T;DDX39BP1;MCCD1P1;HCG4B;HLA-K;HLA-U;HLA-A;HCG4P5;HLA-W;MICD;HCG9;DDX39BP2;MCCD1P2;POLR1HASP;HCG4P3;HLA-J;ETF1P1;POLR1H;PPP1R11;RNF39;AL669914.1;TRIM31;TRIM31-AS1;SNORA48;TRIM40;TRIM10;TRIM15;TRIM26;PAIP1P1;HCG17;TRIM26BP;HLA-L;HCG18;TRIM39;TRIM39-RPP21;RPP21;HLA-N;HCG19P;UBQLN1P1;MICC;TMPOP1;SUCLA2P1;RANP1;HLA-E;LINC02569;GNL1;PRR3;ABCF1;MIR877;PPP1R10;AL662800.1;MRPS18B;ATAT1;PTMAP1;C6orf136;AL662800.2;DHX16;PPP1R18;NRM;RPL7P4;MDC1;MDC1-AS1;TUBB;XXbac-BPG252P9.9;FLOT1;Y_RNA;IER3-AS1;IER3;RN7SL353P;HCG20;LINC00243;LINC02570;RN7SKP186;DDR1-DT;DDR1;MIR4640;RN7SL175P;GTF2H4;VARS2;SFTA2;Y_RNA;MUCL3;HCG21;MUC21;MUC22;HCG22;RNU6-1133P;C6orf15;PSORS1C1;CDSN;PSORS1C2;POLR2LP1;CCHCR1;TCF19;POU5F1;PSORS1C3;XXbac-BPG299F13.17;HCG27;XXbac-BPG299F13.14;XXbac-BPG299F13.15;XXbac-BPG299F13.16;HLA-C;USP8P1;RPL3P2;WASF5P;LINC02571;XXbac-BPG248L24.10;HLA-B;XXbac-BPG248L24.12;DHFRP2;RNU6-283P;AL671883.1;FGFR3P1;ZDHHC20P2;HLA-S;XXbac-BPG181B23.7;HCP5;Y_RNA;MICA;LINC01149;XXbac-BPG181B23.6;MICB;Y_RNA;XXbac-BPG16N22.5;PPIAP9;RPL15P4;MCCD1;ATP6V1G2-DDX39B;DDX39B;SNORD117;SNORD84;DDX39B-AS1;ATP6V1G2;NFKBIL1;LTA;TNF;LTB;LST1;NCR3;UQCRHP1;AIF1;PRRC2A;SNORA38;BAG6;APOM;C6orf47;C6orf47-AS1;GPANK1;Y_RNA;CSNK2B;CSNK2B-LY6G5B-1181;LY6G5B;LY6G5C;ABHD16A;XXbac-BPG32J3.20;MIR4646;LY6G6F;LY6G6F-LY6G6D;LY6G6E;LY6G6D;MPIG6B;LY6G6C;DDAH2;CLIC1;MSH5;MSH5-SAPCD1;RNU6-850P;SAPCD1;SAPCD1-AS1;VWA7;VARS1;Y_RNA;LSM2;HSPA1L;HSPA1A;HSPA1B;SNHG32;SNORD48;SNORD52;NEU1;SLC44A4;EHMT2;EHMT2-AS1;C2;ZBTB12;CFB;CFB;NELFE;MIR1236;SKIC2;DXO;WHR1;C4A;C4A-AS1;CYP21A1P;AL645922.1;TNXA;WHR1B;C4B;C4B-AS1;CYP21A2;TNXB;RNA5SP206;ATF6B;FKBPL;PRRT1;PPT2;PPT2-EGFL8;EGFL8;AGPAT1;RNF5;AGER;PBX2;XXbac-BPG300A18.13;GPSM3;NOTCH4;TSBP1-AS1;TSBP1;HNRNPA1P2;RNU6-603P;HCG23;BTNL2;HLA-DRA;HLA-DRB9;HLA-DRB5;RNU1-61P;HLA-DRB6;HLA-DRB1	12.7	16895	Unknome 18_Mar_2026; maximum over uniquely HGNC-mapped proteins; derived/knownness-ranks.tsv	Tbio	104	unique	NA	NA	NA	NA	NA	NA	unresolved competing genes; gene-body association is not causal assignment	Lifelong developmental, systemic and adult explanations remain. Adult tissue expression observed (cerebral cortex); timing not identified.	5.4	cerebral cortex	not checked outside pilot	not checked outside pilot	NA	NA	False	False	Lee CP GCST006572 + GENCODE v19; HGNC/Unknome/Pharos/HPA separate annotations; LD/QTL/perturbation not followed outside pilot; Savage/Genebass overlap; EA excluded	Independent ancestry-matched fine-mapping excludes rs35789010 and assigns a different variant/gene (e.g. ACOT13, RP1-30M3.5, C6orf62); adult-specific perturbation in the implicated cell type has no predicted functional effect despite verified engagement. Shared-signal evidence disappears on multiple-signal conditioning or complete variant coverage.	association hypothesis only; not an enhancement target
249	ENSG00000073969	NSF	249	R033	rs7224296	6.06e-10	6.4236e-08	0.0012148954679999998	166796	106	96	GJC1;HIGD1B;EFTUD2;RN7SL405P;DNAAF19;FAM187A;AC015936.3;GFAP;KIF18B;KIF18B-DT;C1QL1;CTD-2534I21.9;DCAKD;NMT1;Y_RNA;PLCD3;ACBD4;HEXIM1;HEXIM2-AS1;HEXIM2;HEXIM2-AS2;FMNL1-DT;FMNL1;FMNL1-AS1;EFCAB15P;MAP3K14-AS1;SPATA32;MAP3K14;RNA5SP443;CTB-39G8.2;ARHGAP27;CTB-39G8.3;AC091132.2;PLEKHM1;AC091132.1;RN7SL730P;LRRC37A4P;RP11-798G7.5;RN7SL739P;RP11-798G7.8;RP11-798G7.6;RP11-798G7.7;RDM1P1;DND1P1;MAPK8IP1P2;RPS26P8;CRHR1-IT1;CRHR1;LINC02210-CRHR1;RP11-293E1.2;RP11-293E1.1;MAPT-AS1;SPPL2C;MAPT;RP11-669E14.4;STH;KANSL1;RP11-669E14.6;RNU7-101P;KANSL1-AS1;Y_RNA;MAPK8IP1P1;RP11-259G18.3;RP11-259G18.1;ARL17B;LRRC37A;RN7SL656P;NSFP1;RDM1P2;LRRC37A2;ARL17A;RN7SL199P;FAM215B;RPS7P11;WNT3;WNT9B;RP11-63A1.2;GOSR2-DT;RNU6ATAC3P;GOSR2;RP11-156P1.2;MIR5089;RPRML;LRRC37A17P;LRRC37A2-AS1;RN7SL270P;CDC27;AC002558.1;RP5-867C24.1;RP5-867C24.4;RP5-867C24.5;MYL4;snoU13;ITGB3;ITGB3;RNU7-186P	13.0	16985	Unknome 18_Mar_2026; maximum over uniquely HGNC-mapped proteins; derived/knownness-ranks.tsv	Tbio	194	unique	NA	NA	NA	NA	NA	NA	unresolved competing genes; gene-body association is not causal assignment	Lifelong developmental, systemic and adult explanations remain. Adult tissue expression observed (cerebral cortex); timing not identified.	145.0	cerebral cortex	not checked outside pilot	not checked outside pilot	4.7422e-07	positional;eQTL	False	False	Lee CP GCST006572 + GENCODE v19; HGNC/Unknome/Pharos/HPA separate annotations; LD/QTL/perturbation not followed outside pilot; Savage/Genebass overlap; EA excluded	Independent ancestry-matched fine-mapping excludes rs7224296 and assigns a different variant/gene (e.g. GJC1, HIGD1B, EFTUD2); adult-specific perturbation in the implicated cell type has no predicted functional effect despite verified engagement. Shared-signal evidence disappears on multiple-signal conditioning or complete variant coverage.	association hypothesis only; not an enhancement target
250	ENSG00000128872	TMOD2	250	R049	rs8025619	2.72e-10	6.5008e-08	0.001229496304	64808	239	49	AP4E1;DCAF13P3;MIR4713HG;TIPE3;RP11-394B5.2;CYP19A1;MIR4713;RP11-108K3.3;RP11-108K3.2;GLDN;RP11-108K3.5;RP11-108K3.4;RP11-707P17.1;DMXL2;RP11-707P17.2;AC020892.1;SCG3;SCG3-AS1;RP11-313P18.1;LYSMD2;CTD-2308G16.1;TMOD3;RP11-56B16.1;Y_RNA;RP11-56B16.5;RNU6-90P;RP11-56B16.4;LEO1P1;LEO1;MAPK6;MAPK6-DT;RP11-430B1.1;CTD-2184D3.5;CTD-2184D3.3;CTD-2184D3.1;BCL2L10;CTD-2184D3.6;GNB5;CTD-2184D3.7;Y_RNA;CERNA1;MYO5C;MIR1266;MYO5A;EEF1B2P1;ARPP19;RP11-23N2.4;ATOSA;RP11-519C12.1	3.8	9432	Unknome 18_Mar_2026; maximum over uniquely HGNC-mapped proteins; derived/knownness-ranks.tsv	Tbio	53	unique	NA	NA	NA	NA	NA	NA	unresolved competing genes; gene-body association is not causal assignment	Lifelong developmental, systemic and adult explanations remain. Adult tissue expression observed (cerebral cortex); timing not identified.	63.1	cerebral cortex	not checked outside pilot	not checked outside pilot	NA	positional;eQTL;chromatin	False	False	Lee CP GCST006572 + GENCODE v19; HGNC/Unknome/Pharos/HPA separate annotations; LD/QTL/perturbation not followed outside pilot; Savage/Genebass overlap; EA excluded	Independent ancestry-matched fine-mapping excludes rs8025619 and assigns a different variant/gene (e.g. AP4E1, DCAF13P3, MIR4713HG); adult-specific perturbation in the implicated cell type has no predicted functional effect despite verified engagement. Shared-signal evidence disappears on multiple-signal conditioning or complete variant coverage.	association hypothesis only; not an enhancement target
251	ENSG00000166165	CKB	251	R044	rs2071407	1.34e-08	6.699999999999999e-08	0.0012671709999999999	3453	5	53	CDC42BPB;RPL13P6;RP11-736N17.8;EXOC3L4;LINC00677;TNFAIP2;NDUFB4P11;RPL21P12;GCSHP2;LINC00605;AL161669.1;RP11-736N17.9;RPL21P13;RAP2CP1;RPL17P4;EIF5-DT;EIF5;SNORA28;HMGB3P26;RPSAP5;MARK3;RPL10AP1;TRMT61A-DT;TRMT61A;RNU7-160P;BAG5-AS1;BAG5;KLC1;RP11-73M18.2;COA8;RNU4-68P;AL139300.1;KLC1-AS1;RP11-73M18.6;RP11-73M18.10;RP11-73M18.7;RP11-73M18.8;XRCC3;AL049840.1;RP11-73M18.9;ZFYVE21;Y_RNA;PPP1R13B;RP11-73M18.11;SNORD51;PPP1R13B-DT;CTD-2134A5.4;CTD-2134A5.3;ATP5MJ;TDRD9;RD3L;AL136001.1;RN7SL634P	5.3	11597	Unknome 18_Mar_2026; maximum over uniquely HGNC-mapped proteins; derived/knownness-ranks.tsv	Tbio	259	unique	NA	NA	NA	NA	NA	NA	unresolved competing genes; gene-body association is not causal assignment	Lifelong developmental, systemic and adult explanations remain. Adult tissue expression observed (cerebral cortex); timing not identified.	1487.2	cerebral cortex	not checked outside pilot	not checked outside pilot	8.8739e-12	positional;eQTL	False	False	Lee CP GCST006572 + GENCODE v19; HGNC/Unknome/Pharos/HPA separate annotations; LD/QTL/perturbation not followed outside pilot; Savage/Genebass overlap; EA excluded	Independent ancestry-matched fine-mapping excludes rs2071407 and assigns a different variant/gene (e.g. CDC42BPB, RPL13P6, RP11-736N17.8); adult-specific perturbation in the implicated cell type has no predicted functional effect despite verified engagement. Shared-signal evidence disappears on multiple-signal conditioning or complete variant coverage.	association hypothesis only; not an enhancement target
252	ENSG00000117408	IPO13	252	R069	rs2486014	1.85e-09	6.845000000000001e-08	0.0012945948500000001	21084	37	53	SLC2A1-DT;RNU6-880P;RNU6-870P;CFAP144;EBNA1BP2;CFAP57;RNA5SP46;TMEM125;C1orf210;TIE1;MPL;CDC20-DT;CDC20;ELOVL1;MED8;MED8-AS1;SZT2;SZT2-AS1;HYI;HYI-AS1;PTPRF;KDM4A;KDM4A-AS1;ST3GAL3;ST3GAL3-AS1;RNU6-1058P;RP11-184I16.3;SHMT1P1;ARTN;LINC02918;DPH2;ATP6V0B;B4GALT2;CCDC24;SLC6A9;RP5-1198O20.4;RP5-1198O20.5;KRT8P47;RN7SL479P;KLF17;RP11-570P14.1;RP4-675G8.2;RP4-675G8.3;Y_RNA;OOSP1P1;RP5-891H21.1;RP5-891H21.5;DMAP1;ERI3;ERI3-IT1;AL390776.1;RNU6-369P;RNF220	1.3	4364	Unknome 18_Mar_2026; maximum over uniquely HGNC-mapped proteins; derived/knownness-ranks.tsv	Tbio	72	unique	NA	NA	NA	NA	NA	NA	unresolved competing genes; gene-body association is not causal assignment	Lifelong developmental, systemic and adult explanations remain. Adult tissue expression observed (spinal cord); timing not identified.	89.9	spinal cord	not checked outside pilot	not checked outside pilot	1.3843e-06	positional;chromatin	False	False	Lee CP GCST006572 + GENCODE v19; HGNC/Unknome/Pharos/HPA separate annotations; LD/QTL/perturbation not followed outside pilot; Savage/Genebass overlap; EA excluded	Independent ancestry-matched fine-mapping excludes rs2486014 and assigns a different variant/gene (e.g. SLC2A1-DT, RNU6-880P, RNU6-870P); adult-specific perturbation in the implicated cell type has no predicted functional effect despite verified engagement. Shared-signal evidence disappears on multiple-signal conditioning or complete variant coverage.	association hypothesis only; not an enhancement target
253	ENSG00000167074	TEF	253	R023	rs113795690	7.71e-10	7.0161e-08	0.0013269549930000001	31994	91	149	CTA-150C2.13;APOBEC3A;APOBEC3B;APOBEC3B-AS1;APOBEC3C;APOBEC3D;APOBEC3F;APOBEC3G;CTA-150C2.20;RP4-742C19.12;APOBEC3H;CBX7;COX5BP7;FUNDC2P4;PDGFB;AL031590.1;RP3-333H23.8;RPL3;SNORD83B;SNORD83A;SNORD43;SYNGR1;TAB1;MGAT3;MGAT3-AS1;MIEF1;ATF4;RPS19BP1;CACNA1I;ENTHD1;MTFR2P2;RN7SKP210;UQCRFS1P1;GRAP2;TMA7B;SACK1F;TNRC6B-DT;TNRC6B;RPL7P52;ADSL;SGSM3;SGSM3-AS1;MRTFA;MRTFA-AS2;RP5-1042K10.12;MRTFA-AS1;AL031594.1;COX6B1P3;RPL4P6;GAPDHP37;MCHR1;SLC25A17;RFKP4;JTBP1;MIR4766;ST13;XPNPEP3;DNAJB7;snoU13;RNU6-379P;RBX1;Y_RNA;AL080243.1;RPS9P2;Y_RNA;ACTBP15;EP300;MIR1281;RNU6-375P;RP1-85F18.6;EP300-AS1;LRRC37A14P;L3MBTL2;L3MBTL2-AS1;CHADL;RANGAP1;AL035681.1;ZC3H7B;RNU6-495P;CTA-223H9.9;TOB2;PHF5A;ACO2;POLR3H;CSDC2;PMM1;DESI1;XRCC6;Y_RNA;SNU13;RNU6-476P;C22orf46P;Z83840.1;MEI1;HMGN2P10;RNU6ATAC22P;Y_RNA;CCDC134;SREBF2-AS1;SREBF2;MIR33A;SHISA8;CTA-250D10.23;MIR378I;TNFRSF13C;CENPM;SMIM45;SEPTIN3;CTA-250D10.19;WBP2NL;SLC25A5P1;NAGA;PHETA2;SNORD13P1;SMDT1;NDUFA6;RP1-257I20.14;NDUFA6-DT;OLA1P1;CYP2D6;RP4-669P10.19;RP4-669P10.16;CYP2D7;CYP2D8P;TCF20;OGFRP1;Z83851.4;CTA-989H11.1;LINC01315;NFAM1;CTA-126B4.7;SERHL;RRP7A;Z93241.1;SERHL2;RRP7BP;RN7SKP80;RNU6-513P;POLDIP3;RNU12;CYB5R3;ATP5MGL;A4GALT;Y_RNA;RPL5P34;GOLGA2P4;ARFGAP3;PACSIN2;COA1P1	3.7	9268	Unknome 18_Mar_2026; maximum over uniquely HGNC-mapped proteins; derived/knownness-ranks.tsv	Tbio	55	unique	NA	NA	NA	NA	NA	NA	unresolved competing genes; gene-body association is not causal assignment	Lifelong developmental, systemic and adult explanations remain. Adult tissue expression observed (cerebellum); timing not identified.	72.3	cerebellum	not checked outside pilot	not checked outside pilot	NA	positional;eQTL	False	False	Lee CP GCST006572 + GENCODE v19; HGNC/Unknome/Pharos/HPA separate annotations; LD/QTL/perturbation not followed outside pilot; Savage/Genebass overlap; EA excluded	Independent ancestry-matched fine-mapping excludes rs113795690 and assigns a different variant/gene (e.g. CTA-150C2.13, APOBEC3A, APOBEC3B); adult-specific perturbation in the implicated cell type has no predicted functional effect despite verified engagement. Shared-signal evidence disappears on multiple-signal conditioning or complete variant coverage.	association hypothesis only; not an enhancement target
254	ENSG00000141140	MYO19	254	R052	rs11263770	5.88e-10	7.1736e-08	0.001356742968	47808	122	43	RP11-104J23.1;RP11-104J23.2;CCL23;CCL18;AC069363.1;CCL3;CCL4;RN7SL301P;CTB-91J4.1;RP11-428O23.1;TBC1D3B;AC131056.3;CCL3L3;CCL4L1;AC131056.5;AC131056.6;TBC1D3C;TBC1D3H;CCL3L1;CCL4L2;TBC1D3G;CTB-91J4.3;RNU6-1192P;ZNHIT3;RNA5SP439;PIGW;GGNBP2;CTB-75G16.1;DHRS11;MRM1;CTB-75G16.3;CTD-3194G12.1;CTD-3194G12.2;RP11-445F12.1;LHX1;RP11-445F12.2;AATF;RP11-333J10.2;RP11-333J10.3;MIR2909;CTC-268N12.3;CTC-268N12.2;ACACA	NA	NA	Unknome unmapped/unscored; not zero knownness	NA	NA	unmapped	NA	NA	NA	NA	NA	NA	unresolved competing genes; gene-body association is not causal assignment	Lifelong developmental, systemic and adult explanations remain. Adult brain expression not covered in HPA; not evidence of absence.	NA	NA	not checked outside pilot	not checked outside pilot	NA	positional;eQTL	False	False	Lee CP GCST006572 + GENCODE v19; HGNC/Unknome/Pharos/HPA separate annotations; LD/QTL/perturbation not followed outside pilot; Savage/Genebass overlap; EA excluded	Independent ancestry-matched fine-mapping excludes rs11263770 and assigns a different variant/gene (e.g. RP11-104J23.1, RP11-104J23.2, CCL23); adult-specific perturbation in the implicated cell type has no predicted functional effect despite verified engagement. Shared-signal evidence disappears on multiple-signal conditioning or complete variant coverage.	association hypothesis only; not an enhancement target
255	ENSG00000254402	LRRC24	255	R115	rs9071	9.36e-09	7.488e-08	0.0014162054400000002	4656	8	62	MROH1;AC104592.1;KM-PA-2;SCXB;FAM203B;AC110280.1;CTD-3232M19.2;BOP1;SCXA;HSF1;GS1-393G12.12;DGAT1;SCRT1;TMEM249;TMEM249;SLC52A2;FBXL6;ADCK5;CPSF1;MIR939;MIR1234;GS1-393G12.14;SLC39A4;VPS28;TONSL;TONSL-AS1;ZFTRAF1;CTD-2517M22.16;KIFC2;FOXH1;PPP1R16A;CTD-2517M22.14;CTD-2517M14.5;GPT;SLC33A2;RECQL4;CTD-2517M22.17;LRRC14;C8orf82;ARHGAP39;AC084125.1;AC084125.2;AC084125.3;CTD-2517M22.9;AF186192.1;AF186192.5;AF186192.6;ZNF251;ZNF34;RN7SL395P;RPL8;ZNF517;ZNF7;COMMD5;ZNF250;AF235103.1;ZNF16;ZNF252P;RP5-1047A19.4;TMED10P1;ZNF252P-AS1;RP5-1047A19.6	1.0	3282	Unknome 18_Mar_2026; maximum over uniquely HGNC-mapped proteins; derived/knownness-ranks.tsv	Tdark	12	unique	NA	NA	NA	NA	NA	NA	unresolved competing genes; gene-body association is not causal assignment	Lifelong developmental, systemic and adult explanations remain. Adult tissue expression observed (hypothalamus); timing not identified.	12.2	hypothalamus	not checked outside pilot	not checked outside pilot	3.6645e-07	positional;eQTL	False	False	Lee CP GCST006572 + GENCODE v19; HGNC/Unknome/Pharos/HPA separate annotations; LD/QTL/perturbation not followed outside pilot; Savage/Genebass overlap; EA excluded	Independent ancestry-matched fine-mapping excludes rs9071 and assigns a different variant/gene (e.g. MROH1, AC104592.1, KM-PA-2); adult-specific perturbation in the implicated cell type has no predicted functional effect despite verified engagement. Shared-signal evidence disappears on multiple-signal conditioning or complete variant coverage.	association hypothesis only; not an enhancement target
256	ENSG00000063978	RNF4	256	R045	rs73207312	1.57e-10	7.8657e-08	0.001487639841	163101	501	34	NSD2;NELFA;MIR943;NICOL1;ASPNAT;POLN;RP11-317B7.2;RP11-317B7.3;HAUS3;COX6B1P5;MXD4;MIR4800;ZFYVE28;ZFYVE28-AS1;RN7SL589P;SPICP5;CFAP99;RP11-503N18.3;RP11-503N18.4;RP11-503N18.5;WI2-89927D4.1;Y_RNA;FAM193A;TNIP2;SH3BP2;ADD1;SLC75A1;NOP14-AS1;NOP14;GRK4;RNU6-204P;HTT-AS;HTT;MSANTD1	13.2	17041	Unknome 18_Mar_2026; maximum over uniquely HGNC-mapped proteins; derived/knownness-ranks.tsv	Tchem	191	unique	NA	NA	NA	NA	NA	NA	unresolved competing genes; gene-body association is not causal assignment	Lifelong developmental, systemic and adult explanations remain. Adult tissue expression observed (cerebellum); timing not identified.	33.1	cerebellum	not checked outside pilot	not checked outside pilot	NA	positional;eQTL	False	False	Lee CP GCST006572 + GENCODE v19; HGNC/Unknome/Pharos/HPA separate annotations; LD/QTL/perturbation not followed outside pilot; Savage/Genebass overlap; EA excluded	Independent ancestry-matched fine-mapping excludes rs73207312 and assigns a different variant/gene (e.g. NSD2, NELFA, MIR943); adult-specific perturbation in the implicated cell type has no predicted functional effect despite verified engagement. Shared-signal evidence disappears on multiple-signal conditioning or complete variant coverage.	association hypothesis only; not an enhancement target
257	ENSG00000256453	DND1	257	R024	rs2563333	1.61e-08	8.049999999999999e-08	0.0015224964999999997	2793	5	84	CTD-3224K15.3;CXXC5;CXXC5-AS1;CTB-35F21.1;RNU6-236P;PSD2-AS1;CTB-35F21.3;CTB-35F21.5;PSD2;NRG2;NRG2-AS1;Y_RNA;MALINC1;PURA;IGIP;CTB-131B5.5;CYSTM1;AC011379.1;CTB-131B5.2;PFDN1;HBEGF;CTC-329D1.3;SLC4A9;ANKHD1-DT;RNU4-14P;ANKHD1;ANKHD1-EIF4EBP3;SNORD45;SRA1;EIF4EBP3;APBB3;SLC35A4;SNORA27;HAUS1P1;RPL36P11;CD14;NDUFA2;TMCO6;IK;MIR3655;WDR55;HARS1;HARS2;ZMAT2;VTRNA1-1;VTRNA1-2;VTRNA1-3;RP11-515C16.7;AC005609.2;PCDHA1;PCDHA2;PCDHA3;PCDHA4;PCDHA5;PCDHA6;PCDHA7;PCDHA8;PCDHA9;PCDHA10;AC005609.1;PCDHA14;PCDHA11;PCDHA12;PCDHA13;PCDHAC1;PCDHAC2;PCDHB1;PCDHB2;PCDHB-AS1;PCDHB3;AC005754.8;PCDHB4;PCDHB5;PCDHB6;PCDHB17P;PCDHB7;PCDHB8;PCDHB16;PCDHB9;PCDHB10;PCDHB11;PCDHB12;PCDHB13;PCDHB14	4.7	10753	Unknome 18_Mar_2026; maximum over uniquely HGNC-mapped proteins; derived/knownness-ranks.tsv	Tbio	37	unique	NA	NA	NA	NA	NA	NA	unresolved competing genes; gene-body association is not causal assignment	Lifelong developmental, systemic and adult explanations remain. Adult tissue expression observed (cerebellum); timing not identified.	3.3	cerebellum	not checked outside pilot	not checked outside pilot	5.677e-08	positional;eQTL	False	False	Lee CP GCST006572 + GENCODE v19; HGNC/Unknome/Pharos/HPA separate annotations; LD/QTL/perturbation not followed outside pilot; Savage/Genebass overlap; EA excluded	Independent ancestry-matched fine-mapping excludes rs2563333 and assigns a different variant/gene (e.g. CTD-3224K15.3, CXXC5, CXXC5-AS1); adult-specific perturbation in the implicated cell type has no predicted functional effect despite verified engagement. Shared-signal evidence disappears on multiple-signal conditioning or complete variant coverage.	association hypothesis only; not an enhancement target
258	ENSG00000090905	TNRC6A	258	R073	rs1862451	2.81e-10	8.064700000000001e-08	0.001525276711	97938	287	27	PRKCB;LINC02194;CACNG3;SNORA1;RNU7-24P;AC008938.1;CTD-2313J23.1;RBBP6;CTD-2540M10.1;LINC01567;CTD-2515A14.1;SLC5A11;ARHGAP17;AC008731.1;RP11-266L9.1;RP11-266L9.4;LINC02175;SCML2P2;RP11-266L9.6;LCMT1-AS1;RP11-266L9.3;LCMT1;LCMT1-AS2;RN7SL557P;AQP8;ZKSCAN2;CTD-2547G23.2	5.0	11192	Unknome 18_Mar_2026; maximum over uniquely HGNC-mapped proteins; derived/knownness-ranks.tsv	Tbio	233	unique	NA	NA	NA	NA	NA	NA	unresolved competing genes; gene-body association is not causal assignment	Lifelong developmental, systemic and adult explanations remain. Adult tissue expression observed (cerebellum); timing not identified.	11.4	cerebellum	not checked outside pilot	not checked outside pilot	1.0177e-12	positional;eQTL;chromatin	False	False	Lee CP GCST006572 + GENCODE v19; HGNC/Unknome/Pharos/HPA separate annotations; LD/QTL/perturbation not followed outside pilot; Savage/Genebass overlap; EA excluded	Independent ancestry-matched fine-mapping excludes rs1862451 and assigns a different variant/gene (e.g. PRKCB, LINC02194, CACNG3); adult-specific perturbation in the implicated cell type has no predicted functional effect despite verified engagement. Shared-signal evidence disappears on multiple-signal conditioning or complete variant coverage.	association hypothesis only; not an enhancement target
259	ENSG00000107874	CUEDC2	259	R011	rs11593146	5.42e-09	8.13e-08	0.0015376269	9417	15	63	LBX1-AS1;LINC02681;SNORD112;RNU2-43P;RP11-107I14.2;RP11-107I14.5;BTRC;RNU2-59P;snoU13;DPCD;POLL;MIR3158-1;FBXW4;RNU6-1165P;LINC03046;FGF8;NPM3;OGA;KCNIP2-AS1;KCNIP2;ARMH3;Y_RNA;HPS6;RP11-302K17.3;RP11-302K17.4;SNORD112;LDB1;PPRC1;NOLC1;ELOVL3;PITX3;GBF1;AL160011.1;NFKB2;PSD;FBXL15;MIR146B;C10orf95-AS1;C10orf95;SLC68A1;ACTR1A;RP11-18I14.11;SUFU;RN7SL21P;RPL23AP58;RNU6-43P;TRIM8-DT;TRIM8;ARL3;SFXN2;WBP1L;RNU6-1231P;CYP17A1;CYP17A1-AS1;PFN1P11;PTGES3P4;BORCS7;BORCS7-ASMT;RNU6-372P;AS3MT;RPL22P17;RP11-724N1.1;CNNM2	1.6	5463	Unknome 18_Mar_2026; maximum over uniquely HGNC-mapped proteins; derived/knownness-ranks.tsv	Tbio	60	unique	NA	NA	NA	NA	NA	NA	unresolved competing genes; gene-body association is not causal assignment	Lifelong developmental, systemic and adult explanations remain. Adult tissue expression observed (cerebral cortex); timing not identified.	87.7	cerebral cortex	not checked outside pilot	not checked outside pilot	3.708e-07	positional	False	False	Lee CP GCST006572 + GENCODE v19; HGNC/Unknome/Pharos/HPA separate annotations; LD/QTL/perturbation not followed outside pilot; Savage/Genebass overlap; EA excluded	Independent ancestry-matched fine-mapping excludes rs11593146 and assigns a different variant/gene (e.g. LBX1-AS1, LINC02681, SNORD112); adult-specific perturbation in the implicated cell type has no predicted functional effect despite verified engagement. Shared-signal evidence disappears on multiple-signal conditioning or complete variant coverage.	association hypothesis only; not an enhancement target
260	ENSG00000198837	DENND4B	260	R050	rs6680140	3.71e-09	8.533e-08	0.0016138462899999999	17196	23	79	PGLYRP3;PGLYRP4;RNU6-160P;S100A9;S100A12;LAPTM4BP1;S100A8;S100A15A;S100A7A;S100A7P1;S100A7L2;S100A7;RN7SL44P;BX470102.3;S100A6;S100A5;S100A4;S100A3;S100A2;S100A16;S100A14;S100A13;RP1-178F15.5;S100A1;RP1-178F15.4;CHTOP;SNAPIN;ILF2;NPR1;RN7SL372P;GEMIN2P1;Y_RNA;INTS3;RP11-216N14.8;RP11-216N14.9;snoU13;SLC27A3;Y_RNA;RP11-216N14.5;GATAD2B;RP11-216N14.7;RP11-759F5.1;CRTC2;SLC39A1;RP11-422P24.10;CREB3L4;JTB;JTB-DT;RAB13;RPS27;NUP210L;RP11-422P24.9;U3;RNU6-179P;RPS7P2;MIR5698;TPM3;RN7SL431P;MIR190B;CFAP141;LTAP1;UBAP2L;AL590431.1;SNORA58B;HAX1;SNORD59;RNU6-239P;RNU6-121P;AQP10;ATP8B2;RNU7-57P;RP11-350G8.4;RPSAP17;IL6R-AS1;IL6R;PSMD8P1;SHE;RP11-350G8.9;TDRD10	3.5	8994	Unknome 18_Mar_2026; maximum over uniquely HGNC-mapped proteins; derived/knownness-ranks.tsv	Tbio	22	unique	NA	NA	NA	NA	NA	NA	unresolved competing genes; gene-body association is not causal assignment	Lifelong developmental, systemic and adult explanations remain. Adult tissue expression observed (cerebellum); timing not identified.	33.5	cerebellum	not checked outside pilot	not checked outside pilot	1.2143e-08	positional;eQTL;chromatin	False	False	Lee CP GCST006572 + GENCODE v19; HGNC/Unknome/Pharos/HPA separate annotations; LD/QTL/perturbation not followed outside pilot; Savage/Genebass overlap; EA excluded	Independent ancestry-matched fine-mapping excludes rs6680140 and assigns a different variant/gene (e.g. PGLYRP3, PGLYRP4, RNU6-160P); adult-specific perturbation in the implicated cell type has no predicted functional effect despite verified engagement. Shared-signal evidence disappears on multiple-signal conditioning or complete variant coverage.	association hypothesis only; not an enhancement target
261	ENSG00000204644	ZFP57	261	R008	rs375984	1.37e-09	8.631e-08	0.00163238103	8719	63	515	ACOT13;RP1-30M3.5;C6orf62;RP1-30M3.6;LINC02828;AP3S1P1;GMNN;ARMH2;RIPOR2;AL512428.1;MTCO2P33;PPIAP29;RP11-367G6.3;ASS1P1;RN7SL334P;RP3-425P12.5;RP3-425P12.1;RP3-425P12.2;CMAHP;NUP50P2;CANT1P1;UBE2D3P5;RNY5P5;AL590084.1;RP11-191A15.4;RP3-522P13.3;KATNBL1P5;RPL21P68;HNRNPA3P17;CARMIL1;Y_RNA;RNU6-987P;AL160037.1;snoU13;SCGN;PRELID1P2;H2AC1;H2BC1;H2BC2P;H2AC2P;SLC17A4;SLC17A1;SLC17A3;H2AC3P;SLC17A2;TRIM38;U91328.21;U91328.20;LINC02980;U91328.22;H3P26;H1-1;HIST1H3A;HIST1H4A;HIST1H4B;HIST1H3B;HIST1H2AB;HIST1H2BB;H2AC5P;HIST1H3C;H1-2;HFE;H4C3;H1-6;H2BC4;H2AC6;H1-4;H2BC5;LARP1P1;HIST1H2BE;HIST1H4D;H1-12P;H3C4;H2AC7;HIST1H2BF;RP1-34B20.4;HIST1H4E;HIST1H2BG;HIST1H2AE;HIST1H3E;H2AC9P;H1-3;HIST1H4F;HIST1H4G;HIST1H3F;HIST1H2BH;HIST1H3G;H2AC10P;HIST1H2BI;H4C8;H3C9P;RNU6-1259P;BTN3A2;AL021917.1;BTN2A2;BTN3A1;BTN2A3P;BTN3A3;BTN2A1;BTN1A1;RNU6-502P;HCG11;CTA-14H9.5;HMGN4;ABT1;RP11-457M11.6;VN1R14P;RP11-457M11.2;ZNF322;RP11-457M11.5;GUSBP2;POM121L6P;LINC00240;RP11-239L20.6;TRNAI2;VN1R12P;VN1R13P;VN1R11P;RNU2-62P;RP1-86C11.7;H2BC11;H2AC11;H2BC12;HIST1H4I;HIST1H2AH;MIR3143;RPL10P2;PRSS16;CDCA7P1;POM121L2;VN1R10P;ZNF204P;ZNF391;RP1-153G14.4;MCFD2P1;ZNF184;XXbac-BPGBPG34I8.1;HNRNPA1P1;CD83P1;RNU6-471P;TRNAI6;RPL8P1;GPHRP1;RSL24D1P1;H4C10P;H2BC13;H2AC13;HIST1H3H;HIST1H2AJ;HIST1H2BM;H4C11;HIST1H4K;HIST1H2AK;H2BC15;H2BC16P;HIST1H2AL;H1-5;HIST1H3I;HIST1H4L;H3C12;HIST1H2AM;HIST1H2BO;RNU7-26P;OR2B2;OR2W6P;OR2B6;RPLP2P1;OR2W4P;IQCB2P;U3;OR2W2P;OR2B7P;OR2B8;OR1F12P;RP1-313I6.12;ZNF165;ZSCAN12P1;ZNF602P;ZSCAN16-AS1;ZSCAN16;RP1-265C24.8;ZKSCAN8;ZKSCAN8P1;ZNF603P;ZKSCAN8P2;TOB2P1;ZSCAN9;ZKSCAN4;NKAPL;ZSCAN26;PGBD1;SMIM15P2;ZSCAN31;ZKSCAN3;ZSCAN12;RNU2-45P;ZSCAN23;COX11P1;OR2E1P;GPX6;GPX5;SCAND3;SCAND3-AS1;COX8CP1;AL121932.1;LINC00533;RPSAP2;AL662890.1;NOP56P1;AL662890.3;XXbac-BPG308K3.5;LINC01623;RPL13P;ZNF90P2;HCG14;TRIM27;RNU6-930P;LINC01556;KRT18P1;RN7SL471P;HCG15;HCG16;ZNF311;OR2AD1P;OR2W1;OR2P1P;SAR1AP1;OR2B3;OR2J1;OR2J3;XXbac-BCX196D17.5;OR2N1P;OR2J2;OR2J4P;OR2H4P;XXbac-BPG308J9.3;OR2G1P;OR2U1P;OR2U2P;OR2B4P;OR14J1;DDX6P1;OR5V1;OR12D3;OR12D2;OR12D1;OR11A1;OR10C1;OR2H1;UBDP1;MAS1LP1;MAS1L;RPS17P1;LINC02829;LINC01015;MAS1LP2;OR2I1;UBD;GABBR1;OR2H5P;TMEM183AP1;SNORD32B;RPL13AP;OR2H2;SUMO2P1;MOG;ZDHHC20P1;HLA-F;HCG4P11;HLA-F-AS1;RPL23AP1;MICE;HCG9P5;Y_RNA;IFITM4P;XXbac-BPG170G13.32;XXbac-BPG170G13.31;HLA-V;HCG4;HLA-P;RPL7AP7;MICG;HLA-G;HCG4P8;MICF;HCG4P7;HLA-H;HLA-T;DDX39BP1;MCCD1P1;HCG4B;HLA-K;HLA-U;HLA-A;HCG4P5;HLA-W;MICD;HCG9;DDX39BP2;MCCD1P2;POLR1HASP;HCG4P3;HLA-J;ETF1P1;POLR1H;PPP1R11;RNF39;AL669914.1;TRIM31;TRIM31-AS1;SNORA48;TRIM40;TRIM10;TRIM15;TRIM26;PAIP1P1;HCG17;TRIM26BP;HLA-L;HCG18;TRIM39;TRIM39-RPP21;RPP21;HLA-N;HCG19P;UBQLN1P1;MICC;TMPOP1;SUCLA2P1;RANP1;HLA-E;LINC02569;GNL1;PRR3;ABCF1;MIR877;PPP1R10;AL662800.1;MRPS18B;ATAT1;PTMAP1;C6orf136;AL662800.2;DHX16;PPP1R18;NRM;RPL7P4;MDC1;MDC1-AS1;TUBB;XXbac-BPG252P9.9;FLOT1;Y_RNA;IER3-AS1;IER3;RN7SL353P;HCG20;LINC00243;LINC02570;RN7SKP186;DDR1-DT;DDR1;MIR4640;RN7SL175P;GTF2H4;VARS2;SFTA2;Y_RNA;MUCL3;HCG21;MUC21;MUC22;HCG22;RNU6-1133P;C6orf15;PSORS1C1;CDSN;PSORS1C2;POLR2LP1;CCHCR1;TCF19;POU5F1;PSORS1C3;XXbac-BPG299F13.17;HCG27;XXbac-BPG299F13.14;XXbac-BPG299F13.15;XXbac-BPG299F13.16;HLA-C;USP8P1;RPL3P2;WASF5P;LINC02571;XXbac-BPG248L24.10;HLA-B;XXbac-BPG248L24.12;DHFRP2;RNU6-283P;AL671883.1;FGFR3P1;ZDHHC20P2;HLA-S;XXbac-BPG181B23.7;HCP5;Y_RNA;MICA;LINC01149;XXbac-BPG181B23.6;MICB;Y_RNA;XXbac-BPG16N22.5;PPIAP9;RPL15P4;MCCD1;ATP6V1G2-DDX39B;DDX39B;SNORD117;SNORD84;DDX39B-AS1;ATP6V1G2;NFKBIL1;LTA;TNF;LTB;LST1;NCR3;UQCRHP1;AIF1;PRRC2A;SNORA38;BAG6;APOM;C6orf47;C6orf47-AS1;GPANK1;Y_RNA;CSNK2B;CSNK2B-LY6G5B-1181;LY6G5B;LY6G5C;ABHD16A;XXbac-BPG32J3.20;MIR4646;LY6G6F;LY6G6F-LY6G6D;LY6G6E;LY6G6D;MPIG6B;LY6G6C;DDAH2;CLIC1;MSH5;MSH5-SAPCD1;RNU6-850P;SAPCD1;SAPCD1-AS1;VWA7;VARS1;Y_RNA;LSM2;HSPA1L;HSPA1A;HSPA1B;SNHG32;SNORD48;SNORD52;NEU1;SLC44A4;EHMT2;EHMT2-AS1;C2;ZBTB12;CFB;CFB;NELFE;MIR1236;SKIC2;DXO;WHR1;C4A;C4A-AS1;CYP21A1P;AL645922.1;TNXA;WHR1B;C4B;C4B-AS1;CYP21A2;TNXB;RNA5SP206;ATF6B;FKBPL;PRRT1;PPT2;PPT2-EGFL8;EGFL8;AGPAT1;RNF5;AGER;PBX2;XXbac-BPG300A18.13;GPSM3;NOTCH4;TSBP1-AS1;TSBP1;HNRNPA1P2;RNU6-603P;HCG23;BTNL2;HLA-DRA;HLA-DRB9;HLA-DRB5;RNU1-61P;HLA-DRB6;HLA-DRB1	3.1	8298	Unknome 18_Mar_2026; maximum over uniquely HGNC-mapped proteins; derived/knownness-ranks.tsv	Tbio	47	unique	NA	NA	NA	NA	NA	NA	unresolved competing genes; gene-body association is not causal assignment	Lifelong developmental, systemic and adult explanations remain. Adult tissue expression observed (spinal cord); timing not identified.	17.6	spinal cord	not checked outside pilot	not checked outside pilot	NA	NA	False	False	Lee CP GCST006572 + GENCODE v19; HGNC/Unknome/Pharos/HPA separate annotations; LD/QTL/perturbation not followed outside pilot; Savage/Genebass overlap; EA excluded	Independent ancestry-matched fine-mapping excludes rs375984 and assigns a different variant/gene (e.g. ACOT13, RP1-30M3.5, C6orf62); adult-specific perturbation in the implicated cell type has no predicted functional effect despite verified engagement. Shared-signal evidence disappears on multiple-signal conditioning or complete variant coverage.	association hypothesis only; not an enhancement target
262	ENSG00000198728	LDB1	262	R011	rs61874768	3.22e-09	8.694e-08	0.00164429622	12894	27	63	LBX1-AS1;LINC02681;SNORD112;RNU2-43P;RP11-107I14.2;RP11-107I14.5;BTRC;RNU2-59P;snoU13;DPCD;POLL;MIR3158-1;FBXW4;RNU6-1165P;LINC03046;FGF8;NPM3;OGA;KCNIP2-AS1;KCNIP2;ARMH3;Y_RNA;HPS6;RP11-302K17.3;RP11-302K17.4;SNORD112;PPRC1;NOLC1;ELOVL3;PITX3;GBF1;AL160011.1;NFKB2;PSD;FBXL15;CUEDC2;MIR146B;C10orf95-AS1;C10orf95;SLC68A1;ACTR1A;RP11-18I14.11;SUFU;RN7SL21P;RPL23AP58;RNU6-43P;TRIM8-DT;TRIM8;ARL3;SFXN2;WBP1L;RNU6-1231P;CYP17A1;CYP17A1-AS1;PFN1P11;PTGES3P4;BORCS7;BORCS7-ASMT;RNU6-372P;AS3MT;RPL22P17;RP11-724N1.1;CNNM2	12.3	16779	Unknome 18_Mar_2026; maximum over uniquely HGNC-mapped proteins; derived/knownness-ranks.tsv	Tbio	102	unique	NA	NA	NA	NA	NA	NA	unresolved competing genes; gene-body association is not causal assignment	Lifelong developmental, systemic and adult explanations remain. Adult tissue expression observed (cerebral cortex); timing not identified.	55.4	cerebral cortex	not checked outside pilot	not checked outside pilot	NA	positional;eQTL;chromatin	False	False	Lee CP GCST006572 + GENCODE v19; HGNC/Unknome/Pharos/HPA separate annotations; LD/QTL/perturbation not followed outside pilot; Savage/Genebass overlap; EA excluded	Independent ancestry-matched fine-mapping excludes rs61874768 and assigns a different variant/gene (e.g. LBX1-AS1, LINC02681, SNORD112); adult-specific perturbation in the implicated cell type has no predicted functional effect despite verified engagement. Shared-signal evidence disappears on multiple-signal conditioning or complete variant coverage.	association hypothesis only; not an enhancement target
263	ENSG00000225697	SLC26A6	263	R001	rs7620853	3.96e-09	8.712e-08	0.0016477005600000001	9771	22	145	MAP4;RPS27P30;RN7SL664P;RPL17P16;CDC25A;SNRPFP4;RNU7-128P;NDUFB1P1;MIR4443;CAMP;ZNF589;MRPS18AP1;Y_RNA;FCF1P2;NME6;SPINK8;MIR2115;FBXW12;RN7SL321P;PLXNB1;CCDC51;TMA7;RP11-24C3.2;ATRIP;TREX1;SHISA5;AC104448.1;PFKFB4;UCN2;COL7A1;MIR711;UQCRC1;TMEM89;CELSR3;MIR4793;LINC02585;NCKIPSD;RP11-572O6.1;IP6K2;PRKAR2A;PRKAR2A-AS1;SLC25A20;ARIH2OS;ARIH2;RP13-131K19.1;RP13-131K19.2;RP13-131K19.7;P4HTM;WDR6;DALRD3;MIR425;NDUFAF3;MIR191;IMPDH2;RP13-131K19.6;QRICH1;RN7SL182P;QARS1;USP19;LAMB2;LAMB2P1;CCDC71;KLHDC8B;CIMIP7;IHO1;GCSHP6;RP11-3B7.1;C3orf62;Y_RNA;MIR4271;USP4;GPX1;RHOA;RHOA-IT1;TCTA;AMT;NICN1-AS1;NICN1;RNA5SP130;DAG1;BSN-DT;BSN;BSN-AS1;APEH;MST1;AC099668.5;RNF123;AMIGO3;GMPPB;IP6K1;COX6CP14;PHF5AP3;CDHR4;INKA1;UBA7;MIR5193;AC139451.1;TRAIP;CAMKV;RN7SL217P;ACTL11P;MST1R;CTD-2330K9.2;CTD-2330K9.3;MON1A;RBM6;RBM5;SEMA3F-AS1;SEMA3F;MIR566;GNAT1;SLC38A3;GNAI2;U73169.1;LINC03143;SEMA3B-AS1;SEMA3B;LSMEM2;IFRD2;HYAL3;NAA80;HYAL1;HYAL2;TUSC2;RASSF1;ZMYND10-AS1;ZMYND10;NPRL2;CYB561D2;XXcos-LUCA11.5;TMEM115;CACNA2D2;XXcos-LUCA11.4;RNA5SP131;C3orf18;HEMK1;CISH;MAPKAPK3;LINC02019;MIR4787;DOCK3;PPIAP69;RP11-646D13.1;ZNF652P1;ST13P14	30.9	18910	Unknome 18_Mar_2026; maximum over uniquely HGNC-mapped proteins; derived/knownness-ranks.tsv	Tchem	98	unique	0.10956689318808627	1438	False	0.003900978096148494	0.43432298802917924	NA	unresolved competing genes; gene-body association is not causal assignment	Lifelong developmental, systemic and adult explanations remain. Adult tissue expression observed (cerebellum); timing not identified.	5.2	cerebellum	not established; target mapping/primary phenotype table unavailable	Tian 2019 iPSC-derived glutamatergic neuron survival D14/D21/D28; CROP-seq D7 transcription; not cognitive performance or mature adult physiology	1.1435e-08	positional;eQTL	False	False	Lee CP GCST006572 + GENCODE v19; HGNC/Unknome/Pharos/HPA separate annotations; EUR LD + GTEx DLPFC/Catalogue + chain/VEP + Tian guide coverage pilot; Savage/Genebass overlap; EA excluded	Independent ancestry-matched fine-mapping excludes rs7620853 and assigns a different variant/gene (e.g. MAP4, RPS27P30, RN7SL664P); adult-specific perturbation in the implicated cell type has no predicted functional effect despite verified engagement. Shared-signal evidence disappears on multiple-signal conditioning or complete variant coverage.	association hypothesis only; not an enhancement target
264	ENSG00000114353	GNAI2	264	R001	rs2298952	1.7e-09	9.009999999999999e-08	0.0017040612999999999	33064	53	145	MAP4;RPS27P30;RN7SL664P;RPL17P16;CDC25A;SNRPFP4;RNU7-128P;NDUFB1P1;MIR4443;CAMP;ZNF589;MRPS18AP1;Y_RNA;FCF1P2;NME6;SPINK8;MIR2115;FBXW12;RN7SL321P;PLXNB1;CCDC51;TMA7;RP11-24C3.2;ATRIP;TREX1;SHISA5;AC104448.1;PFKFB4;UCN2;COL7A1;MIR711;UQCRC1;TMEM89;SLC26A6;CELSR3;MIR4793;LINC02585;NCKIPSD;RP11-572O6.1;IP6K2;PRKAR2A;PRKAR2A-AS1;SLC25A20;ARIH2OS;ARIH2;RP13-131K19.1;RP13-131K19.2;RP13-131K19.7;P4HTM;WDR6;DALRD3;MIR425;NDUFAF3;MIR191;IMPDH2;RP13-131K19.6;QRICH1;RN7SL182P;QARS1;USP19;LAMB2;LAMB2P1;CCDC71;KLHDC8B;CIMIP7;IHO1;GCSHP6;RP11-3B7.1;C3orf62;Y_RNA;MIR4271;USP4;GPX1;RHOA;RHOA-IT1;TCTA;AMT;NICN1-AS1;NICN1;RNA5SP130;DAG1;BSN-DT;BSN;BSN-AS1;APEH;MST1;AC099668.5;RNF123;AMIGO3;GMPPB;IP6K1;COX6CP14;PHF5AP3;CDHR4;INKA1;UBA7;MIR5193;AC139451.1;TRAIP;CAMKV;RN7SL217P;ACTL11P;MST1R;CTD-2330K9.2;CTD-2330K9.3;MON1A;RBM6;RBM5;SEMA3F-AS1;SEMA3F;MIR566;GNAT1;SLC38A3;U73169.1;LINC03143;SEMA3B-AS1;SEMA3B;LSMEM2;IFRD2;HYAL3;NAA80;HYAL1;HYAL2;TUSC2;RASSF1;ZMYND10-AS1;ZMYND10;NPRL2;CYB561D2;XXcos-LUCA11.5;TMEM115;CACNA2D2;XXcos-LUCA11.4;RNA5SP131;C3orf18;HEMK1;CISH;MAPKAPK3;LINC02019;MIR4787;DOCK3;PPIAP69;RP11-646D13.1;ZNF652P1;ST13P14	9.9	15713	Unknome 18_Mar_2026; maximum over uniquely HGNC-mapped proteins; derived/knownness-ranks.tsv	Tchem	353	unique	0.0716970776958462	1970	True	0.004330968910645265	0.42251321298009675	NA	unresolved competing genes; gene-body association is not causal assignment	Lifelong developmental, systemic and adult explanations remain. Adult tissue expression observed (spinal cord); timing not identified.	289.3	spinal cord	not established; target mapping/primary phenotype table unavailable	Tian 2019 iPSC-derived glutamatergic neuron survival D14/D21/D28; CROP-seq D7 transcription; not cognitive performance or mature adult physiology	NA	positional	False	False	Lee CP GCST006572 + GENCODE v19; HGNC/Unknome/Pharos/HPA separate annotations; EUR LD + GTEx DLPFC/Catalogue + chain/VEP + Tian guide coverage pilot; Savage/Genebass overlap; EA excluded	Independent ancestry-matched fine-mapping excludes rs2298952 and assigns a different variant/gene (e.g. MAP4, RPS27P30, RN7SL664P); adult-specific perturbation in the implicated cell type has no predicted functional effect despite verified engagement. Shared-signal evidence disappears on multiple-signal conditioning or complete variant coverage.	association hypothesis only; not an enhancement target
265	ENSG00000114904	NEK4	265	R064	rs1029871	5.03e-10	9.1043e-08	0.0017218962590000002	60166	181	64	DUSP7;LINC00696;POC1A;ALDOAP1;ALAS1;TLR9;TLR9;TWF2;TWF2-DT;PPM1M;WDR82;MIRLET7G;GLYCTK;GLYCTK-AS1;MIR135A1;DNAH1;PPP2R5CP;BAP1;PHF7;SEMA3G;TNNC1;NISCH;STAB1;NT5DC2;UQCC5;PBRM1;RNU6-856P;RNU6ATAC16P;GNL3;SNORD19B;SNORD19;SNORD19B;SNORD19C;SNORD69;GLT8D1;SPCS1;AK3P7;AKTIPP1;ITIH1;ITIH3;ITIH4;RP5-966M1.6;ITIH4-AS1;MUSTN1;STIMATE-MUSTN1;STIMATE;SFMBT1;RP11-894J14.5;AC096887.1;SERBP1P3;RFT1;PRKCD;AC097015.1;TKT;snoU13;DCP1A;RN7SL821P;Y_RNA;SNORD38C;SNORA26;RPS25P4;CACNA1D;SNORD63;AC024149.1	9.0	15175	Unknome 18_Mar_2026; maximum over uniquely HGNC-mapped proteins; derived/knownness-ranks.tsv	Tchem	45	unique	NA	NA	NA	NA	NA	NA	unresolved competing genes; gene-body association is not causal assignment	Lifelong developmental, systemic and adult explanations remain. Adult tissue expression observed (cerebral cortex); timing not identified.	8.8	cerebral cortex	not checked outside pilot	not checked outside pilot	4.8715e-11	positional;eQTL	False	False	Lee CP GCST006572 + GENCODE v19; HGNC/Unknome/Pharos/HPA separate annotations; LD/QTL/perturbation not followed outside pilot; Savage/Genebass overlap; EA excluded	Independent ancestry-matched fine-mapping excludes rs1029871 and assigns a different variant/gene (e.g. DUSP7, LINC00696, POC1A); adult-specific perturbation in the implicated cell type has no predicted functional effect despite verified engagement. Shared-signal evidence disappears on multiple-signal conditioning or complete variant coverage.	association hypothesis only; not an enhancement target
266	ENSG00000178177	LCORL	266	R067	rs16895888	1.8e-10	9.45e-08	0.0017872785000000002	180678	525	15	SNORA75B;RPS7P6;QDPR;CLRN2;snoU13;NACAP5;LAP3;MED28-DT;RN7SL315P;MED28;FAM184B;DCAF16;NCAPG;KRT18P63;RP11-608B3.1	1.3	4364	Unknome 18_Mar_2026; maximum over uniquely HGNC-mapped proteins; derived/knownness-ranks.tsv	Tbio	45	unique	NA	NA	NA	NA	NA	NA	unresolved competing genes; gene-body association is not causal assignment	Lifelong developmental, systemic and adult explanations remain. Adult tissue expression observed (cerebellum); timing not identified.	3.0	cerebellum	not checked outside pilot	not checked outside pilot	2.7706e-12	positional	False	False	Lee CP GCST006572 + GENCODE v19; HGNC/Unknome/Pharos/HPA separate annotations; LD/QTL/perturbation not followed outside pilot; Savage/Genebass overlap; EA excluded	Independent ancestry-matched fine-mapping excludes rs16895888 and assigns a different variant/gene (e.g. SNORA75B, RPS7P6, QDPR); adult-specific perturbation in the implicated cell type has no predicted functional effect despite verified engagement. Shared-signal evidence disappears on multiple-signal conditioning or complete variant coverage.	association hypothesis only; not an enhancement target
267	ENSG00000198911	SREBF2	267	R023	rs12170228	4.17e-10	9.7161e-08	0.0018376059930000001	74204	233	149	CTA-150C2.13;APOBEC3A;APOBEC3B;APOBEC3B-AS1;APOBEC3C;APOBEC3D;APOBEC3F;APOBEC3G;CTA-150C2.20;RP4-742C19.12;APOBEC3H;CBX7;COX5BP7;FUNDC2P4;PDGFB;AL031590.1;RP3-333H23.8;RPL3;SNORD83B;SNORD83A;SNORD43;SYNGR1;TAB1;MGAT3;MGAT3-AS1;MIEF1;ATF4;RPS19BP1;CACNA1I;ENTHD1;MTFR2P2;RN7SKP210;UQCRFS1P1;GRAP2;TMA7B;SACK1F;TNRC6B-DT;TNRC6B;RPL7P52;ADSL;SGSM3;SGSM3-AS1;MRTFA;MRTFA-AS2;RP5-1042K10.12;MRTFA-AS1;AL031594.1;COX6B1P3;RPL4P6;GAPDHP37;MCHR1;SLC25A17;RFKP4;JTBP1;MIR4766;ST13;XPNPEP3;DNAJB7;snoU13;RNU6-379P;RBX1;Y_RNA;AL080243.1;RPS9P2;Y_RNA;ACTBP15;EP300;MIR1281;RNU6-375P;RP1-85F18.6;EP300-AS1;LRRC37A14P;L3MBTL2;L3MBTL2-AS1;CHADL;RANGAP1;AL035681.1;ZC3H7B;TEF;RNU6-495P;CTA-223H9.9;TOB2;PHF5A;ACO2;POLR3H;CSDC2;PMM1;DESI1;XRCC6;Y_RNA;SNU13;RNU6-476P;C22orf46P;Z83840.1;MEI1;HMGN2P10;RNU6ATAC22P;Y_RNA;CCDC134;SREBF2-AS1;MIR33A;SHISA8;CTA-250D10.23;MIR378I;TNFRSF13C;CENPM;SMIM45;SEPTIN3;CTA-250D10.19;WBP2NL;SLC25A5P1;NAGA;PHETA2;SNORD13P1;SMDT1;NDUFA6;RP1-257I20.14;NDUFA6-DT;OLA1P1;CYP2D6;RP4-669P10.19;RP4-669P10.16;CYP2D7;CYP2D8P;TCF20;OGFRP1;Z83851.4;CTA-989H11.1;LINC01315;NFAM1;CTA-126B4.7;SERHL;RRP7A;Z93241.1;SERHL2;RRP7BP;RN7SKP80;RNU6-513P;POLDIP3;RNU12;CYB5R3;ATP5MGL;A4GALT;Y_RNA;RPL5P34;GOLGA2P4;ARFGAP3;PACSIN2;COA1P1	23.5	18543	Unknome 18_Mar_2026; maximum over uniquely HGNC-mapped proteins; derived/knownness-ranks.tsv	Tchem	632	unique	NA	NA	NA	NA	NA	NA	unresolved competing genes; gene-body association is not causal assignment	Lifelong developmental, systemic and adult explanations remain. Adult tissue expression observed (cerebral cortex); timing not identified.	88.4	cerebral cortex	not checked outside pilot	not checked outside pilot	1.5386e-09	positional;eQTL	False	False	Lee CP GCST006572 + GENCODE v19; HGNC/Unknome/Pharos/HPA separate annotations; LD/QTL/perturbation not followed outside pilot; Savage/Genebass overlap; EA excluded	Independent ancestry-matched fine-mapping excludes rs12170228 and assigns a different variant/gene (e.g. CTA-150C2.13, APOBEC3A, APOBEC3B); adult-specific perturbation in the implicated cell type has no predicted functional effect despite verified engagement. Shared-signal evidence disappears on multiple-signal conditioning or complete variant coverage.	association hypothesis only; not an enhancement target
268	ENSG00000181013	C17orf47	268	R090	rs6503866	1.74e-08	1.0440000000000001e-07	0.0019745172000000004	2782	6	63	CUEDC1;CUEDC1-AS1;VEZF1;RP11-159D12.5;RP11-159D12.2;SRSF1;DYNLL2-DT;DYNLL2;OR4D1;MSX2P1;OR4D2;EPX;MKS1;LPO;MPO;TSPOAP1;TSPOAP1-AS1;MIR142HG;MIR4736;SUPT4H1;RNF43;HSF5;AC023992.1;SETP3;MTMR4;SEPTIN4-AS1;SEPTIN4;TEX14;U3;RNU1-60P;IGBP1C;RNU1-108P;CTD-2200P10.3;RNU1-52P;RNVU1-34;RAD51C;PPM1E;RNU6-518P;RP11-579O24.1;RP11-579O24.3;TRIM37;AC100832.1;RN7SL716P;AC099850.1;SKA2;RNU2-58P;MIR454;MIR301A;PRR11;SPDYE22P;CTD-2510F5.6;PRR11-AS1;SMG8;GDPD1;Y_RNA;SNRPGP17;YPEL2;MIR4729;RP11-567L7.5;LINC01476;RNU4-13P;DHX40;CLTC	NA	NA	Unknome unmapped/unscored; not zero knownness	NA	NA	unmapped	NA	NA	NA	NA	NA	NA	unresolved competing genes; gene-body association is not causal assignment	Lifelong developmental, systemic and adult explanations remain. Adult brain expression not covered in HPA; not evidence of absence.	NA	NA	not checked outside pilot	not checked outside pilot	NA	positional	False	False	Lee CP GCST006572 + GENCODE v19; HGNC/Unknome/Pharos/HPA separate annotations; LD/QTL/perturbation not followed outside pilot; Savage/Genebass overlap; EA excluded	Independent ancestry-matched fine-mapping excludes rs6503866 and assigns a different variant/gene (e.g. CUEDC1, CUEDC1-AS1, VEZF1); adult-specific perturbation in the implicated cell type has no predicted functional effect despite verified engagement. Shared-signal evidence disappears on multiple-signal conditioning or complete variant coverage.	association hypothesis only; not an enhancement target
269	ENSG00000088205	DDX18	269	R083	rs148344559	1.66e-09	1.0790000000000001e-07	0.0020407127000000003	17730	65	20	RP11-338I24.1;AC062016.1;MTCYBP39;AC062016.3;MTND1P28;MTND2P21;MTCO1P43;RNU7-190P;AC092170.1;AC009312.1;AC009404.2;HTR5BP;CCDC93;AC009303.3;AC009303.1;RP11-98C1.1;RP11-98C1.2;RN7SL111P;INSIG2;THORLNC	1.9	5985	Unknome 18_Mar_2026; maximum over uniquely HGNC-mapped proteins; derived/knownness-ranks.tsv	Tchem	198	unique	NA	NA	NA	NA	NA	NA	unresolved competing genes; gene-body association is not causal assignment	Lifelong developmental, systemic and adult explanations remain. Adult tissue expression observed (cerebral cortex); timing not identified.	19.0	cerebral cortex	not checked outside pilot	not checked outside pilot	NA	NA	False	False	Lee CP GCST006572 + GENCODE v19; HGNC/Unknome/Pharos/HPA separate annotations; LD/QTL/perturbation not followed outside pilot; Savage/Genebass overlap; EA excluded	Independent ancestry-matched fine-mapping excludes rs148344559 and assigns a different variant/gene (e.g. RP11-338I24.1, AC062016.1, MTCYBP39); adult-specific perturbation in the implicated cell type has no predicted functional effect despite verified engagement. Shared-signal evidence disappears on multiple-signal conditioning or complete variant coverage.	association hypothesis only; not an enhancement target
270	ENSG00000100321	SYNGR1	270	R023	rs9611166	7.34e-10	1.09366e-07	0.002068439158	35664	149	149	CTA-150C2.13;APOBEC3A;APOBEC3B;APOBEC3B-AS1;APOBEC3C;APOBEC3D;APOBEC3F;APOBEC3G;CTA-150C2.20;RP4-742C19.12;APOBEC3H;CBX7;COX5BP7;FUNDC2P4;PDGFB;AL031590.1;RP3-333H23.8;RPL3;SNORD83B;SNORD83A;SNORD43;TAB1;MGAT3;MGAT3-AS1;MIEF1;ATF4;RPS19BP1;CACNA1I;ENTHD1;MTFR2P2;RN7SKP210;UQCRFS1P1;GRAP2;TMA7B;SACK1F;TNRC6B-DT;TNRC6B;RPL7P52;ADSL;SGSM3;SGSM3-AS1;MRTFA;MRTFA-AS2;RP5-1042K10.12;MRTFA-AS1;AL031594.1;COX6B1P3;RPL4P6;GAPDHP37;MCHR1;SLC25A17;RFKP4;JTBP1;MIR4766;ST13;XPNPEP3;DNAJB7;snoU13;RNU6-379P;RBX1;Y_RNA;AL080243.1;RPS9P2;Y_RNA;ACTBP15;EP300;MIR1281;RNU6-375P;RP1-85F18.6;EP300-AS1;LRRC37A14P;L3MBTL2;L3MBTL2-AS1;CHADL;RANGAP1;AL035681.1;ZC3H7B;TEF;RNU6-495P;CTA-223H9.9;TOB2;PHF5A;ACO2;POLR3H;CSDC2;PMM1;DESI1;XRCC6;Y_RNA;SNU13;RNU6-476P;C22orf46P;Z83840.1;MEI1;HMGN2P10;RNU6ATAC22P;Y_RNA;CCDC134;SREBF2-AS1;SREBF2;MIR33A;SHISA8;CTA-250D10.23;MIR378I;TNFRSF13C;CENPM;SMIM45;SEPTIN3;CTA-250D10.19;WBP2NL;SLC25A5P1;NAGA;PHETA2;SNORD13P1;SMDT1;NDUFA6;RP1-257I20.14;NDUFA6-DT;OLA1P1;CYP2D6;RP4-669P10.19;RP4-669P10.16;CYP2D7;CYP2D8P;TCF20;OGFRP1;Z83851.4;CTA-989H11.1;LINC01315;NFAM1;CTA-126B4.7;SERHL;RRP7A;Z93241.1;SERHL2;RRP7BP;RN7SKP80;RNU6-513P;POLDIP3;RNU12;CYB5R3;ATP5MGL;A4GALT;Y_RNA;RPL5P34;GOLGA2P4;ARFGAP3;PACSIN2;COA1P1	2.0	6082	Unknome 18_Mar_2026; maximum over uniquely HGNC-mapped proteins; derived/knownness-ranks.tsv	Tbio	41	unique	NA	NA	NA	NA	NA	NA	unresolved competing genes; gene-body association is not causal assignment	Lifelong developmental, systemic and adult explanations remain. Adult tissue expression observed (cerebellum); timing not identified.	224.7	cerebellum	not checked outside pilot	not checked outside pilot	5.0448e-10	positional;eQTL	False	False	Lee CP GCST006572 + GENCODE v19; HGNC/Unknome/Pharos/HPA separate annotations; LD/QTL/perturbation not followed outside pilot; Savage/Genebass overlap; EA excluded	Independent ancestry-matched fine-mapping excludes rs9611166 and assigns a different variant/gene (e.g. CTA-150C2.13, APOBEC3A, APOBEC3B); adult-specific perturbation in the implicated cell type has no predicted functional effect despite verified engagement. Shared-signal evidence disappears on multiple-signal conditioning or complete variant coverage.	association hypothesis only; not an enhancement target
271	ENSG00000234745	HLA-B	271	R008	rs2523607	1.46e-09	1.095e-07	0.0020709735	3317	75	515	ACOT13;RP1-30M3.5;C6orf62;RP1-30M3.6;LINC02828;AP3S1P1;GMNN;ARMH2;RIPOR2;AL512428.1;MTCO2P33;PPIAP29;RP11-367G6.3;ASS1P1;RN7SL334P;RP3-425P12.5;RP3-425P12.1;RP3-425P12.2;CMAHP;NUP50P2;CANT1P1;UBE2D3P5;RNY5P5;AL590084.1;RP11-191A15.4;RP3-522P13.3;KATNBL1P5;RPL21P68;HNRNPA3P17;CARMIL1;Y_RNA;RNU6-987P;AL160037.1;snoU13;SCGN;PRELID1P2;H2AC1;H2BC1;H2BC2P;H2AC2P;SLC17A4;SLC17A1;SLC17A3;H2AC3P;SLC17A2;TRIM38;U91328.21;U91328.20;LINC02980;U91328.22;H3P26;H1-1;HIST1H3A;HIST1H4A;HIST1H4B;HIST1H3B;HIST1H2AB;HIST1H2BB;H2AC5P;HIST1H3C;H1-2;HFE;H4C3;H1-6;H2BC4;H2AC6;H1-4;H2BC5;LARP1P1;HIST1H2BE;HIST1H4D;H1-12P;H3C4;H2AC7;HIST1H2BF;RP1-34B20.4;HIST1H4E;HIST1H2BG;HIST1H2AE;HIST1H3E;H2AC9P;H1-3;HIST1H4F;HIST1H4G;HIST1H3F;HIST1H2BH;HIST1H3G;H2AC10P;HIST1H2BI;H4C8;H3C9P;RNU6-1259P;BTN3A2;AL021917.1;BTN2A2;BTN3A1;BTN2A3P;BTN3A3;BTN2A1;BTN1A1;RNU6-502P;HCG11;CTA-14H9.5;HMGN4;ABT1;RP11-457M11.6;VN1R14P;RP11-457M11.2;ZNF322;RP11-457M11.5;GUSBP2;POM121L6P;LINC00240;RP11-239L20.6;TRNAI2;VN1R12P;VN1R13P;VN1R11P;RNU2-62P;RP1-86C11.7;H2BC11;H2AC11;H2BC12;HIST1H4I;HIST1H2AH;MIR3143;RPL10P2;PRSS16;CDCA7P1;POM121L2;VN1R10P;ZNF204P;ZNF391;RP1-153G14.4;MCFD2P1;ZNF184;XXbac-BPGBPG34I8.1;HNRNPA1P1;CD83P1;RNU6-471P;TRNAI6;RPL8P1;GPHRP1;RSL24D1P1;H4C10P;H2BC13;H2AC13;HIST1H3H;HIST1H2AJ;HIST1H2BM;H4C11;HIST1H4K;HIST1H2AK;H2BC15;H2BC16P;HIST1H2AL;H1-5;HIST1H3I;HIST1H4L;H3C12;HIST1H2AM;HIST1H2BO;RNU7-26P;OR2B2;OR2W6P;OR2B6;RPLP2P1;OR2W4P;IQCB2P;U3;OR2W2P;OR2B7P;OR2B8;OR1F12P;RP1-313I6.12;ZNF165;ZSCAN12P1;ZNF602P;ZSCAN16-AS1;ZSCAN16;RP1-265C24.8;ZKSCAN8;ZKSCAN8P1;ZNF603P;ZKSCAN8P2;TOB2P1;ZSCAN9;ZKSCAN4;NKAPL;ZSCAN26;PGBD1;SMIM15P2;ZSCAN31;ZKSCAN3;ZSCAN12;RNU2-45P;ZSCAN23;COX11P1;OR2E1P;GPX6;GPX5;SCAND3;SCAND3-AS1;COX8CP1;AL121932.1;LINC00533;RPSAP2;AL662890.1;NOP56P1;AL662890.3;XXbac-BPG308K3.5;LINC01623;RPL13P;ZNF90P2;HCG14;TRIM27;RNU6-930P;LINC01556;KRT18P1;RN7SL471P;HCG15;HCG16;ZNF311;OR2AD1P;OR2W1;OR2P1P;SAR1AP1;OR2B3;OR2J1;OR2J3;XXbac-BCX196D17.5;OR2N1P;OR2J2;OR2J4P;OR2H4P;XXbac-BPG308J9.3;OR2G1P;OR2U1P;OR2U2P;OR2B4P;OR14J1;DDX6P1;OR5V1;OR12D3;OR12D2;OR12D1;OR11A1;OR10C1;OR2H1;UBDP1;MAS1LP1;MAS1L;RPS17P1;LINC02829;LINC01015;MAS1LP2;OR2I1;UBD;GABBR1;OR2H5P;TMEM183AP1;SNORD32B;RPL13AP;OR2H2;SUMO2P1;MOG;ZFP57;ZDHHC20P1;HLA-F;HCG4P11;HLA-F-AS1;RPL23AP1;MICE;HCG9P5;Y_RNA;IFITM4P;XXbac-BPG170G13.32;XXbac-BPG170G13.31;HLA-V;HCG4;HLA-P;RPL7AP7;MICG;HLA-G;HCG4P8;MICF;HCG4P7;HLA-H;HLA-T;DDX39BP1;MCCD1P1;HCG4B;HLA-K;HLA-U;HLA-A;HCG4P5;HLA-W;MICD;HCG9;DDX39BP2;MCCD1P2;POLR1HASP;HCG4P3;HLA-J;ETF1P1;POLR1H;PPP1R11;RNF39;AL669914.1;TRIM31;TRIM31-AS1;SNORA48;TRIM40;TRIM10;TRIM15;TRIM26;PAIP1P1;HCG17;TRIM26BP;HLA-L;HCG18;TRIM39;TRIM39-RPP21;RPP21;HLA-N;HCG19P;UBQLN1P1;MICC;TMPOP1;SUCLA2P1;RANP1;HLA-E;LINC02569;GNL1;PRR3;ABCF1;MIR877;PPP1R10;AL662800.1;MRPS18B;ATAT1;PTMAP1;C6orf136;AL662800.2;DHX16;PPP1R18;NRM;RPL7P4;MDC1;MDC1-AS1;TUBB;XXbac-BPG252P9.9;FLOT1;Y_RNA;IER3-AS1;IER3;RN7SL353P;HCG20;LINC00243;LINC02570;RN7SKP186;DDR1-DT;DDR1;MIR4640;RN7SL175P;GTF2H4;VARS2;SFTA2;Y_RNA;MUCL3;HCG21;MUC21;MUC22;HCG22;RNU6-1133P;C6orf15;PSORS1C1;CDSN;PSORS1C2;POLR2LP1;CCHCR1;TCF19;POU5F1;PSORS1C3;XXbac-BPG299F13.17;HCG27;XXbac-BPG299F13.14;XXbac-BPG299F13.15;XXbac-BPG299F13.16;HLA-C;USP8P1;RPL3P2;WASF5P;LINC02571;XXbac-BPG248L24.10;XXbac-BPG248L24.12;DHFRP2;RNU6-283P;AL671883.1;FGFR3P1;ZDHHC20P2;HLA-S;XXbac-BPG181B23.7;HCP5;Y_RNA;MICA;LINC01149;XXbac-BPG181B23.6;MICB;Y_RNA;XXbac-BPG16N22.5;PPIAP9;RPL15P4;MCCD1;ATP6V1G2-DDX39B;DDX39B;SNORD117;SNORD84;DDX39B-AS1;ATP6V1G2;NFKBIL1;LTA;TNF;LTB;LST1;NCR3;UQCRHP1;AIF1;PRRC2A;SNORA38;BAG6;APOM;C6orf47;C6orf47-AS1;GPANK1;Y_RNA;CSNK2B;CSNK2B-LY6G5B-1181;LY6G5B;LY6G5C;ABHD16A;XXbac-BPG32J3.20;MIR4646;LY6G6F;LY6G6F-LY6G6D;LY6G6E;LY6G6D;MPIG6B;LY6G6C;DDAH2;CLIC1;MSH5;MSH5-SAPCD1;RNU6-850P;SAPCD1;SAPCD1-AS1;VWA7;VARS1;Y_RNA;LSM2;HSPA1L;HSPA1A;HSPA1B;SNHG32;SNORD48;SNORD52;NEU1;SLC44A4;EHMT2;EHMT2-AS1;C2;ZBTB12;CFB;CFB;NELFE;MIR1236;SKIC2;DXO;WHR1;C4A;C4A-AS1;CYP21A1P;AL645922.1;TNXA;WHR1B;C4B;C4B-AS1;CYP21A2;TNXB;RNA5SP206;ATF6B;FKBPL;PRRT1;PPT2;PPT2-EGFL8;EGFL8;AGPAT1;RNF5;AGER;PBX2;XXbac-BPG300A18.13;GPSM3;NOTCH4;TSBP1-AS1;TSBP1;HNRNPA1P2;RNU6-603P;HCG23;BTNL2;HLA-DRA;HLA-DRB9;HLA-DRB5;RNU1-61P;HLA-DRB6;HLA-DRB1	16.8	17833	Unknome 18_Mar_2026; maximum over uniquely HGNC-mapped proteins; derived/knownness-ranks.tsv	Tchem	2241	unique	NA	NA	NA	NA	NA	NA	unresolved competing genes; gene-body association is not causal assignment	Lifelong developmental, systemic and adult explanations remain. Adult tissue expression observed (spinal cord); timing not identified.	308.1	spinal cord	not checked outside pilot	not checked outside pilot	NA	NA	False	False	Lee CP GCST006572 + GENCODE v19; HGNC/Unknome/Pharos/HPA separate annotations; LD/QTL/perturbation not followed outside pilot; Savage/Genebass overlap; EA excluded	Independent ancestry-matched fine-mapping excludes rs2523607 and assigns a different variant/gene (e.g. ACOT13, RP1-30M3.5, C6orf62); adult-specific perturbation in the implicated cell type has no predicted functional effect despite verified engagement. Shared-signal evidence disappears on multiple-signal conditioning or complete variant coverage.	association hypothesis only; not an enhancement target
272	ENSG00000169682	SPNS1	272	R010	rs4788113	3.92e-09	1.0976e-07	0.00207589088	10328	28	79	GSG1L;RNU6-159P;RNU6-1241P;XPO6;TPRKBP2;SNORA25;RNY1P10;GAPDHP35;RP11-57A19.2;SBK1;NPIPB6;RP11-435I10.5;EIF3CL;CDC37P2;snoU13;RP11-57A19.5;NPIPB7;CLN3;CLN3;APOBR;IL27;NUPR1;RP11-666O2.1;SGF29;SULT1A2;SULT1A1;NPIPB8;PLA2G10DP;snoU13;EIF3C;CDC37P1;RP11-1348G14.6;NPIPB9;snoU13;RP11-1348G14.4;RP11-1348G14.1;RP11-1348G14.5;ATXN2L;RP11-24N18.1;TUFM;MIR4721;SH2B1;RP11-22P6.2;ATP2A1;ATP2A1-AS1;SNORA43;RABEP2;CD19;NFATC2IP;NFATC2IP-AS1;MIR4517;RP11-264B17.3;RP11-264B17.4;LAT;RP11-264B17.5;NPIPB10P;PLA2G10CP;snoU13;RRN3P2;RP11-426C22.5;RP11-426C22.4;AC009093.1;SNX29P2;RP11-426C22.6;RP11-231C14.6;SNX29P2;NPIPB11;SMG1P6;snoU13;BOLA2-SMG1P6;RP11-345J4.6;BOLA2;SLX1B;SLX1B-SULT1A4;SULT1A4;SGF29P1;RP11-345J4.1;PLA2G10HP;NPIPB12	3.1	8298	Unknome 18_Mar_2026; maximum over uniquely HGNC-mapped proteins; derived/knownness-ranks.tsv	Tbio	55	unique	NA	NA	NA	NA	NA	NA	unresolved competing genes; gene-body association is not causal assignment	Lifelong developmental, systemic and adult explanations remain. Adult tissue expression observed (cerebellum); timing not identified.	24.6	cerebellum	not checked outside pilot	not checked outside pilot	9.6513e-10	positional;eQTL	False	False	Lee CP GCST006572 + GENCODE v19; HGNC/Unknome/Pharos/HPA separate annotations; LD/QTL/perturbation not followed outside pilot; Savage/Genebass overlap; EA excluded	Independent ancestry-matched fine-mapping excludes rs4788113 and assigns a different variant/gene (e.g. GSG1L, RNU6-159P, RNU6-1241P); adult-specific perturbation in the implicated cell type has no predicted functional effect despite verified engagement. Shared-signal evidence disappears on multiple-signal conditioning or complete variant coverage.	association hypothesis only; not an enhancement target
273	ENSG00000151090	THRB	273	R017	rs1349265	7.44e-11	1.1204639999999999e-07	0.0021191335631999997	378123	1506	21	UBE2E2;C11orf98P3;AC092038.1;AC092038.2;RNU6-922P;RNU6-788P;AC020626.1;UBE2E1-AS1;UBE2E1;ARL4AP4;NKIRAS1;RPL15;NR1D2;LINC00691;NPM1P23;RPL31P20;THRB-IT1;THRB-AS1;RP11-317L10.1;MIR4792;EIF3KP2	14.5	17382	Unknome 18_Mar_2026; maximum over uniquely HGNC-mapped proteins; derived/knownness-ranks.tsv	Tclin	297	unique	NA	NA	NA	NA	NA	NA	unresolved competing genes; gene-body association is not causal assignment	Lifelong developmental, systemic and adult explanations remain. Adult tissue expression observed (cerebral cortex); timing not identified.	19.6	cerebral cortex	not checked outside pilot	not checked outside pilot	1.5118e-11	positional	False	False	Lee CP GCST006572 + GENCODE v19; HGNC/Unknome/Pharos/HPA separate annotations; LD/QTL/perturbation not followed outside pilot; Savage/Genebass overlap; EA excluded	Independent ancestry-matched fine-mapping excludes rs1349265 and assigns a different variant/gene (e.g. UBE2E2, C11orf98P3, AC092038.1); adult-specific perturbation in the implicated cell type has no predicted functional effect despite verified engagement. Shared-signal evidence disappears on multiple-signal conditioning or complete variant coverage.	association hypothesis only; not an enhancement target
274	ENSG00000160959	LRRC14	274	R115	rs2721173	6.13e-09	1.1647e-07	0.00220279711	7182	19	62	MROH1;AC104592.1;KM-PA-2;SCXB;FAM203B;AC110280.1;CTD-3232M19.2;BOP1;SCXA;HSF1;GS1-393G12.12;DGAT1;SCRT1;TMEM249;TMEM249;SLC52A2;FBXL6;ADCK5;CPSF1;MIR939;MIR1234;GS1-393G12.14;SLC39A4;VPS28;TONSL;TONSL-AS1;ZFTRAF1;CTD-2517M22.16;KIFC2;FOXH1;PPP1R16A;CTD-2517M22.14;CTD-2517M14.5;GPT;SLC33A2;RECQL4;CTD-2517M22.17;LRRC24;C8orf82;ARHGAP39;AC084125.1;AC084125.2;AC084125.3;CTD-2517M22.9;AF186192.1;AF186192.5;AF186192.6;ZNF251;ZNF34;RN7SL395P;RPL8;ZNF517;ZNF7;COMMD5;ZNF250;AF235103.1;ZNF16;ZNF252P;RP5-1047A19.4;TMED10P1;ZNF252P-AS1;RP5-1047A19.6	2.6	7291	Unknome 18_Mar_2026; maximum over uniquely HGNC-mapped proteins; derived/knownness-ranks.tsv	Tdark	21	unique	NA	NA	NA	NA	NA	NA	unresolved competing genes; gene-body association is not causal assignment	Lifelong developmental, systemic and adult explanations remain. Adult tissue expression observed (cerebral cortex); timing not identified.	18.5	cerebral cortex	not checked outside pilot	not checked outside pilot	1.403e-08	positional;eQTL	False	False	Lee CP GCST006572 + GENCODE v19; HGNC/Unknome/Pharos/HPA separate annotations; LD/QTL/perturbation not followed outside pilot; Savage/Genebass overlap; EA excluded	Independent ancestry-matched fine-mapping excludes rs2721173 and assigns a different variant/gene (e.g. MROH1, AC104592.1, KM-PA-2); adult-specific perturbation in the implicated cell type has no predicted functional effect despite verified engagement. Shared-signal evidence disappears on multiple-signal conditioning or complete variant coverage.	association hypothesis only; not an enhancement target
275	ENSG00000109920	FNBP4	275	R074	rs10838757	9.93e-10	1.20153e-07	0.002272453689	50924	121	59	LRP4-AS1;LRP4;CSTPP1;CTD-2384B9.1;RP11-390K5.3;ARFGAP2;RP11-390K5.6;PACSIN3;RP11-390K5.1;RN7SL772P;DDB2;RP11-17G12.2;ACP2;NR1H3;MADD;MADD-AS1;MYBPC3;SPI1;SLC39A13-AS1;AC090559.2;MIR4487;SLC39A13;PSMC3;RAPSN;RNU6-1302P;CELF1;AC090559.1;RP11-750H9.7;RN7SL652P;NDUFS3;PTPMT1;KBTBD4;RNU5E-10P;KBTBD4;FAM180B;C1QTNF4;Y_RNA;MTCH2;AGBL2;Y_RNA;snoU13;NUP160;RP11-692M12.5;RNA5SP340;Y_RNA;YPEL5P2;RP11-793I11.1;PTPRJ;PTPRJ-AS1;MIR3161;OR4B1;OR4B2P;OR4X2;OR4X1;OR4S1;OR4C3;OR4C4P;OR4C5;OR4C2P	0.0	1	Unknome 18_Mar_2026; maximum over uniquely HGNC-mapped proteins; derived/knownness-ranks.tsv	Tdark	66	unique	NA	NA	NA	NA	NA	NA	unresolved competing genes; gene-body association is not causal assignment	Lifelong developmental, systemic and adult explanations remain. Adult tissue expression observed (cerebellum); timing not identified.	43.0	cerebellum	not checked outside pilot	not checked outside pilot	NA	positional;eQTL	False	False	Lee CP GCST006572 + GENCODE v19; HGNC/Unknome/Pharos/HPA separate annotations; LD/QTL/perturbation not followed outside pilot; Savage/Genebass overlap; EA excluded	Independent ancestry-matched fine-mapping excludes rs10838757 and assigns a different variant/gene (e.g. LRP4-AS1, LRP4, CSTPP1); adult-specific perturbation in the implicated cell type has no predicted functional effect despite verified engagement. Shared-signal evidence disappears on multiple-signal conditioning or complete variant coverage.	association hypothesis only; not an enhancement target
276	ENSG00000165861	ZFYVE1	276	R062	rs1007934	4.79e-10	1.27414e-07	0.0024097809820000002	57762	266	39	RGS6;RP3-514A23.2;DPF3;Y_RNA;snoU13;DCAF4;RPL36P3;RP11-109N23.6;RP11-109N23.1;RN7SL586P;RBM25-AS1;RBM25;RP11-109N23.5;PSEN1;RP4-687K1.2;PAPLN;PAPLN-AS1;RNU6-419P;PAPLN-AS2;NUMB;RP1-240K6.3;HEATR4;RIOX1;C14orf169;RP3-414A15.11;RP3-414A15.2;ACOT1;NT5CP2;ACOT2;NT5CP1;ACOT4;ACOT6;RP3-414A15.10;NDUFB8P1;DNAL1;RNU6-240P;RP4-693M11.3;PNMA1;MIDEAS	9.5	15494	Unknome 18_Mar_2026; maximum over uniquely HGNC-mapped proteins; derived/knownness-ranks.tsv	Tbio	64	unique	NA	NA	NA	NA	NA	NA	unresolved competing genes; gene-body association is not causal assignment	Lifelong developmental, systemic and adult explanations remain. Adult tissue expression observed (cerebral cortex); timing not identified.	10.4	cerebral cortex	not checked outside pilot	not checked outside pilot	NA	positional;eQTL	False	False	Lee CP GCST006572 + GENCODE v19; HGNC/Unknome/Pharos/HPA separate annotations; LD/QTL/perturbation not followed outside pilot; Savage/Genebass overlap; EA excluded	Independent ancestry-matched fine-mapping excludes rs1007934 and assigns a different variant/gene (e.g. RGS6, RP3-514A23.2, DPF3); adult-specific perturbation in the implicated cell type has no predicted functional effect despite verified engagement. Shared-signal evidence disappears on multiple-signal conditioning or complete variant coverage.	association hypothesis only; not an enhancement target
277	ENSG00000160973	FOXH1	277	R115	rs750472	2.65e-08	1.325e-07	0.0025059725	2924	5	62	MROH1;AC104592.1;KM-PA-2;SCXB;FAM203B;AC110280.1;CTD-3232M19.2;BOP1;SCXA;HSF1;GS1-393G12.12;DGAT1;SCRT1;TMEM249;TMEM249;SLC52A2;FBXL6;ADCK5;CPSF1;MIR939;MIR1234;GS1-393G12.14;SLC39A4;VPS28;TONSL;TONSL-AS1;ZFTRAF1;CTD-2517M22.16;KIFC2;PPP1R16A;CTD-2517M22.14;CTD-2517M14.5;GPT;SLC33A2;RECQL4;CTD-2517M22.17;LRRC14;LRRC24;C8orf82;ARHGAP39;AC084125.1;AC084125.2;AC084125.3;CTD-2517M22.9;AF186192.1;AF186192.5;AF186192.6;ZNF251;ZNF34;RN7SL395P;RPL8;ZNF517;ZNF7;COMMD5;ZNF250;AF235103.1;ZNF16;ZNF252P;RP5-1047A19.4;TMED10P1;ZNF252P-AS1;RP5-1047A19.6	23.2	18520	Unknome 18_Mar_2026; maximum over uniquely HGNC-mapped proteins; derived/knownness-ranks.tsv	Tbio	78	unique	NA	NA	NA	NA	NA	NA	unresolved competing genes; gene-body association is not causal assignment	Lifelong developmental, systemic and adult explanations remain. Adult tissue expression observed (basal ganglia); timing not identified.	13.6	basal ganglia	not checked outside pilot	not checked outside pilot	NA	positional;eQTL	False	False	Lee CP GCST006572 + GENCODE v19; HGNC/Unknome/Pharos/HPA separate annotations; LD/QTL/perturbation not followed outside pilot; Savage/Genebass overlap; EA excluded	Independent ancestry-matched fine-mapping excludes rs750472 and assigns a different variant/gene (e.g. MROH1, AC104592.1, KM-PA-2); adult-specific perturbation in the implicated cell type has no predicted functional effect despite verified engagement. Shared-signal evidence disappears on multiple-signal conditioning or complete variant coverage.	association hypothesis only; not an enhancement target
278	ENSG00000163257	DCAF16	278	R067	rs2286539	6.46e-09	1.3565999999999999e-07	0.0025657375799999996	10104	21	15	SNORA75B;RPS7P6;QDPR;CLRN2;snoU13;NACAP5;LAP3;MED28-DT;RN7SL315P;MED28;FAM184B;NCAPG;LCORL;KRT18P63;RP11-608B3.1	0.6	2927	Unknome 18_Mar_2026; maximum over uniquely HGNC-mapped proteins; derived/knownness-ranks.tsv	Tdark	37	unique	NA	NA	NA	NA	NA	NA	unresolved competing genes; gene-body association is not causal assignment	Lifelong developmental, systemic and adult explanations remain. Adult tissue expression observed (spinal cord); timing not identified.	10.2	spinal cord	not checked outside pilot	not checked outside pilot	1.2825e-11	positional;eQTL	False	False	Lee CP GCST006572 + GENCODE v19; HGNC/Unknome/Pharos/HPA separate annotations; LD/QTL/perturbation not followed outside pilot; Savage/Genebass overlap; EA excluded	Independent ancestry-matched fine-mapping excludes rs2286539 and assigns a different variant/gene (e.g. SNORA75B, RPS7P6, QDPR); adult-specific perturbation in the implicated cell type has no predicted functional effect despite verified engagement. Shared-signal evidence disappears on multiple-signal conditioning or complete variant coverage.	association hypothesis only; not an enhancement target
279	ENSG00000077150	NFKB2	279	R011	rs3740418	9.81e-09	1.3733999999999998e-07	0.00259751142	8415	14	63	LBX1-AS1;LINC02681;SNORD112;RNU2-43P;RP11-107I14.2;RP11-107I14.5;BTRC;RNU2-59P;snoU13;DPCD;POLL;MIR3158-1;FBXW4;RNU6-1165P;LINC03046;FGF8;NPM3;OGA;KCNIP2-AS1;KCNIP2;ARMH3;Y_RNA;HPS6;RP11-302K17.3;RP11-302K17.4;SNORD112;LDB1;PPRC1;NOLC1;ELOVL3;PITX3;GBF1;AL160011.1;PSD;FBXL15;CUEDC2;MIR146B;C10orf95-AS1;C10orf95;SLC68A1;ACTR1A;RP11-18I14.11;SUFU;RN7SL21P;RPL23AP58;RNU6-43P;TRIM8-DT;TRIM8;ARL3;SFXN2;WBP1L;RNU6-1231P;CYP17A1;CYP17A1-AS1;PFN1P11;PTGES3P4;BORCS7;BORCS7-ASMT;RNU6-372P;AS3MT;RPL22P17;RP11-724N1.1;CNNM2	8.4	14752	Unknome 18_Mar_2026; maximum over uniquely HGNC-mapped proteins; derived/knownness-ranks.tsv	Tchem	419	unique	NA	NA	NA	NA	NA	NA	unresolved competing genes; gene-body association is not causal assignment	Lifelong developmental, systemic and adult explanations remain. Adult tissue expression observed (basal ganglia); timing not identified.	5.8	basal ganglia	not checked outside pilot	not checked outside pilot	5.3134e-07	positional;chromatin	False	False	Lee CP GCST006572 + GENCODE v19; HGNC/Unknome/Pharos/HPA separate annotations; LD/QTL/perturbation not followed outside pilot; Savage/Genebass overlap; EA excluded	Independent ancestry-matched fine-mapping excludes rs3740418 and assigns a different variant/gene (e.g. LBX1-AS1, LINC02681, SNORD112); adult-specific perturbation in the implicated cell type has no predicted functional effect despite verified engagement. Shared-signal evidence disappears on multiple-signal conditioning or complete variant coverage.	association hypothesis only; not an enhancement target
280	ENSG00000117411	B4GALT2	280	R069	rs2993619	5.55e-09	1.4985e-07	0.0028341130500000003	12226	27	53	SLC2A1-DT;RNU6-880P;RNU6-870P;CFAP144;EBNA1BP2;CFAP57;RNA5SP46;TMEM125;C1orf210;TIE1;MPL;CDC20-DT;CDC20;ELOVL1;MED8;MED8-AS1;SZT2;SZT2-AS1;HYI;HYI-AS1;PTPRF;KDM4A;KDM4A-AS1;ST3GAL3;ST3GAL3-AS1;RNU6-1058P;RP11-184I16.3;SHMT1P1;ARTN;LINC02918;IPO13;DPH2;ATP6V0B;CCDC24;SLC6A9;RP5-1198O20.4;RP5-1198O20.5;KRT8P47;RN7SL479P;KLF17;RP11-570P14.1;RP4-675G8.2;RP4-675G8.3;Y_RNA;OOSP1P1;RP5-891H21.1;RP5-891H21.5;DMAP1;ERI3;ERI3-IT1;AL390776.1;RNU6-369P;RNF220	2.2	6585	Unknome 18_Mar_2026; maximum over uniquely HGNC-mapped proteins; derived/knownness-ranks.tsv	Tbio	32	unique	NA	NA	NA	NA	NA	NA	unresolved competing genes; gene-body association is not causal assignment	Lifelong developmental, systemic and adult explanations remain. Adult tissue expression observed (amygdala); timing not identified.	66.2	amygdala	not checked outside pilot	not checked outside pilot	NA	positional;eQTL	False	False	Lee CP GCST006572 + GENCODE v19; HGNC/Unknome/Pharos/HPA separate annotations; LD/QTL/perturbation not followed outside pilot; Savage/Genebass overlap; EA excluded	Independent ancestry-matched fine-mapping excludes rs2993619 and assigns a different variant/gene (e.g. SLC2A1-DT, RNU6-880P, RNU6-870P); adult-specific perturbation in the implicated cell type has no predicted functional effect despite verified engagement. Shared-signal evidence disappears on multiple-signal conditioning or complete variant coverage.	association hypothesis only; not an enhancement target
281	ENSG00000234965	SHISA8	281	R023	rs5758504	1.23e-08	1.599e-07	0.0030241887	3274	13	149	CTA-150C2.13;APOBEC3A;APOBEC3B;APOBEC3B-AS1;APOBEC3C;APOBEC3D;APOBEC3F;APOBEC3G;CTA-150C2.20;RP4-742C19.12;APOBEC3H;CBX7;COX5BP7;FUNDC2P4;PDGFB;AL031590.1;RP3-333H23.8;RPL3;SNORD83B;SNORD83A;SNORD43;SYNGR1;TAB1;MGAT3;MGAT3-AS1;MIEF1;ATF4;RPS19BP1;CACNA1I;ENTHD1;MTFR2P2;RN7SKP210;UQCRFS1P1;GRAP2;TMA7B;SACK1F;TNRC6B-DT;TNRC6B;RPL7P52;ADSL;SGSM3;SGSM3-AS1;MRTFA;MRTFA-AS2;RP5-1042K10.12;MRTFA-AS1;AL031594.1;COX6B1P3;RPL4P6;GAPDHP37;MCHR1;SLC25A17;RFKP4;JTBP1;MIR4766;ST13;XPNPEP3;DNAJB7;snoU13;RNU6-379P;RBX1;Y_RNA;AL080243.1;RPS9P2;Y_RNA;ACTBP15;EP300;MIR1281;RNU6-375P;RP1-85F18.6;EP300-AS1;LRRC37A14P;L3MBTL2;L3MBTL2-AS1;CHADL;RANGAP1;AL035681.1;ZC3H7B;TEF;RNU6-495P;CTA-223H9.9;TOB2;PHF5A;ACO2;POLR3H;CSDC2;PMM1;DESI1;XRCC6;Y_RNA;SNU13;RNU6-476P;C22orf46P;Z83840.1;MEI1;HMGN2P10;RNU6ATAC22P;Y_RNA;CCDC134;SREBF2-AS1;SREBF2;MIR33A;CTA-250D10.23;MIR378I;TNFRSF13C;CENPM;SMIM45;SEPTIN3;CTA-250D10.19;WBP2NL;SLC25A5P1;NAGA;PHETA2;SNORD13P1;SMDT1;NDUFA6;RP1-257I20.14;NDUFA6-DT;OLA1P1;CYP2D6;RP4-669P10.19;RP4-669P10.16;CYP2D7;CYP2D8P;TCF20;OGFRP1;Z83851.4;CTA-989H11.1;LINC01315;NFAM1;CTA-126B4.7;SERHL;RRP7A;Z93241.1;SERHL2;RRP7BP;RN7SKP80;RNU6-513P;POLDIP3;RNU12;CYB5R3;ATP5MGL;A4GALT;Y_RNA;RPL5P34;GOLGA2P4;ARFGAP3;PACSIN2;COA1P1	0.5	1903	Unknome 18_Mar_2026; maximum over uniquely HGNC-mapped proteins; derived/knownness-ranks.tsv	Tdark	6	unique	NA	NA	NA	NA	NA	NA	unresolved competing genes; gene-body association is not causal assignment	Lifelong developmental, systemic and adult explanations remain. Adult tissue expression observed (cerebellum); timing not identified.	57.1	cerebellum	not checked outside pilot	not checked outside pilot	NA	positional	False	False	Lee CP GCST006572 + GENCODE v19; HGNC/Unknome/Pharos/HPA separate annotations; LD/QTL/perturbation not followed outside pilot; Savage/Genebass overlap; EA excluded	Independent ancestry-matched fine-mapping excludes rs5758504 and assigns a different variant/gene (e.g. CTA-150C2.13, APOBEC3A, APOBEC3B); adult-specific perturbation in the implicated cell type has no predicted functional effect despite verified engagement. Shared-signal evidence disappears on multiple-signal conditioning or complete variant coverage.	association hypothesis only; not an enhancement target
282	ENSG00000165392	WRN	282	R078	rs2737339	4.14e-10	1.63944e-07	0.003100672872	139969	396	21	RBPMS;GTF2E2;CTD-2373N4.5;SMIM18;RNU5A-3P;GSR;UBXN8;HIKESHIP3;PPP2CB;TEX15;RP5-1009N12.1;RP11-293D9.2;PURG;SUMO2P16;WRN-AS1;KCTD9P6;RP11-566H8.3;RP11-566H8.2;RP11-566H8.1;RNA5SP261;NRG1	42.4	19137	Unknome 18_Mar_2026; maximum over uniquely HGNC-mapped proteins; derived/knownness-ranks.tsv	Tchem	777	unique	NA	NA	NA	NA	NA	NA	unresolved competing genes; gene-body association is not causal assignment	Lifelong developmental, systemic and adult explanations remain. Adult tissue expression observed (cerebellum); timing not identified.	3.0	cerebellum	not checked outside pilot	not checked outside pilot	1.382e-08	positional;eQTL	False	False	Lee CP GCST006572 + GENCODE v19; HGNC/Unknome/Pharos/HPA separate annotations; LD/QTL/perturbation not followed outside pilot; Savage/Genebass overlap; EA excluded	Independent ancestry-matched fine-mapping excludes rs2737339 and assigns a different variant/gene (e.g. RBPMS, GTF2E2, CTD-2373N4.5); adult-specific perturbation in the implicated cell type has no predicted functional effect despite verified engagement. Shared-signal evidence disappears on multiple-signal conditioning or complete variant coverage.	association hypothesis only; not an enhancement target
283	ENSG00000163939	PBRM1	283	R064	rs7623199	3.77e-10	1.67765e-07	0.003172939445	140566	445	64	DUSP7;LINC00696;POC1A;ALDOAP1;ALAS1;TLR9;TLR9;TWF2;TWF2-DT;PPM1M;WDR82;MIRLET7G;GLYCTK;GLYCTK-AS1;MIR135A1;DNAH1;PPP2R5CP;BAP1;PHF7;SEMA3G;TNNC1;NISCH;STAB1;NT5DC2;UQCC5;RNU6-856P;RNU6ATAC16P;GNL3;SNORD19B;SNORD19;SNORD19B;SNORD19C;SNORD69;GLT8D1;SPCS1;NEK4;AK3P7;AKTIPP1;ITIH1;ITIH3;ITIH4;RP5-966M1.6;ITIH4-AS1;MUSTN1;STIMATE-MUSTN1;STIMATE;SFMBT1;RP11-894J14.5;AC096887.1;SERBP1P3;RFT1;PRKCD;AC097015.1;TKT;snoU13;DCP1A;RN7SL821P;Y_RNA;SNORD38C;SNORA26;RPS25P4;CACNA1D;SNORD63;AC024149.1	10.7	16120	Unknome 18_Mar_2026; maximum over uniquely HGNC-mapped proteins; derived/knownness-ranks.tsv	Tchem	375	unique	NA	NA	NA	NA	NA	NA	unresolved competing genes; gene-body association is not causal assignment	Lifelong developmental, systemic and adult explanations remain. Adult tissue expression observed (cerebral cortex); timing not identified.	9.8	cerebral cortex	not checked outside pilot	not checked outside pilot	1.1029e-11	positional;eQTL;chromatin	False	False	Lee CP GCST006572 + GENCODE v19; HGNC/Unknome/Pharos/HPA separate annotations; LD/QTL/perturbation not followed outside pilot; Savage/Genebass overlap; EA excluded	Independent ancestry-matched fine-mapping excludes rs7623199 and assigns a different variant/gene (e.g. DUSP7, LINC00696, POC1A); adult-specific perturbation in the implicated cell type has no predicted functional effect despite verified engagement. Shared-signal evidence disappears on multiple-signal conditioning or complete variant coverage.	association hypothesis only; not an enhancement target
284	ENSG00000166166	TRMT61A	284	R044	rs911552	6.53e-09	1.6978e-07	0.00321104914	7890	26	53	CDC42BPB;RPL13P6;RP11-736N17.8;EXOC3L4;LINC00677;TNFAIP2;NDUFB4P11;RPL21P12;GCSHP2;LINC00605;AL161669.1;RP11-736N17.9;RPL21P13;RAP2CP1;RPL17P4;EIF5-DT;EIF5;SNORA28;HMGB3P26;RPSAP5;MARK3;RPL10AP1;CKB;TRMT61A-DT;RNU7-160P;BAG5-AS1;BAG5;KLC1;RP11-73M18.2;COA8;RNU4-68P;AL139300.1;KLC1-AS1;RP11-73M18.6;RP11-73M18.10;RP11-73M18.7;RP11-73M18.8;XRCC3;AL049840.1;RP11-73M18.9;ZFYVE21;Y_RNA;PPP1R13B;RP11-73M18.11;SNORD51;PPP1R13B-DT;CTD-2134A5.4;CTD-2134A5.3;ATP5MJ;TDRD9;RD3L;AL136001.1;RN7SL634P	2.6	7291	Unknome 18_Mar_2026; maximum over uniquely HGNC-mapped proteins; derived/knownness-ranks.tsv	Tbio	43	unique	NA	NA	NA	NA	NA	NA	unresolved competing genes; gene-body association is not causal assignment	Lifelong developmental, systemic and adult explanations remain. Adult tissue expression observed (basal ganglia); timing not identified.	18.4	basal ganglia	not checked outside pilot	not checked outside pilot	1.2343e-11	positional;eQTL	False	False	Lee CP GCST006572 + GENCODE v19; HGNC/Unknome/Pharos/HPA separate annotations; LD/QTL/perturbation not followed outside pilot; Savage/Genebass overlap; EA excluded	Independent ancestry-matched fine-mapping excludes rs911552 and assigns a different variant/gene (e.g. CDC42BPB, RPL13P6, RP11-736N17.8); adult-specific perturbation in the implicated cell type has no predicted functional effect despite verified engagement. Shared-signal evidence disappears on multiple-signal conditioning or complete variant coverage.	association hypothesis only; not an enhancement target
285	ENSG00000030066	NUP160	285	R074	rs12418852	1.05e-09	1.7430000000000002e-07	0.0032965359000000005	70469	166	59	LRP4-AS1;LRP4;CSTPP1;CTD-2384B9.1;RP11-390K5.3;ARFGAP2;RP11-390K5.6;PACSIN3;RP11-390K5.1;RN7SL772P;DDB2;RP11-17G12.2;ACP2;NR1H3;MADD;MADD-AS1;MYBPC3;SPI1;SLC39A13-AS1;AC090559.2;MIR4487;SLC39A13;PSMC3;RAPSN;RNU6-1302P;CELF1;AC090559.1;RP11-750H9.7;RN7SL652P;NDUFS3;PTPMT1;KBTBD4;RNU5E-10P;KBTBD4;FAM180B;C1QTNF4;Y_RNA;MTCH2;AGBL2;FNBP4;Y_RNA;snoU13;RP11-692M12.5;RNA5SP340;Y_RNA;YPEL5P2;RP11-793I11.1;PTPRJ;PTPRJ-AS1;MIR3161;OR4B1;OR4B2P;OR4X2;OR4X1;OR4S1;OR4C3;OR4C4P;OR4C5;OR4C2P	3.5	8994	Unknome 18_Mar_2026; maximum over uniquely HGNC-mapped proteins; derived/knownness-ranks.tsv	Tchem	177	unique	NA	NA	NA	NA	NA	NA	unresolved competing genes; gene-body association is not causal assignment	Lifelong developmental, systemic and adult explanations remain. Adult tissue expression observed (cerebellum); timing not identified.	10.3	cerebellum	not checked outside pilot	not checked outside pilot	NA	positional;eQTL	False	False	Lee CP GCST006572 + GENCODE v19; HGNC/Unknome/Pharos/HPA separate annotations; LD/QTL/perturbation not followed outside pilot; Savage/Genebass overlap; EA excluded	Independent ancestry-matched fine-mapping excludes rs12418852 and assigns a different variant/gene (e.g. LRP4-AS1, LRP4, CSTPP1); adult-specific perturbation in the implicated cell type has no predicted functional effect despite verified engagement. Shared-signal evidence disappears on multiple-signal conditioning or complete variant coverage.	association hypothesis only; not an enhancement target
286	ENSG00000186417	GLDN	286	R049	rs112714914	5.35e-10	1.77085e-07	0.003349208605	66385	331	49	AP4E1;DCAF13P3;MIR4713HG;TIPE3;RP11-394B5.2;CYP19A1;MIR4713;RP11-108K3.3;RP11-108K3.2;RP11-108K3.5;RP11-108K3.4;RP11-707P17.1;DMXL2;RP11-707P17.2;AC020892.1;SCG3;SCG3-AS1;RP11-313P18.1;LYSMD2;TMOD2;CTD-2308G16.1;TMOD3;RP11-56B16.1;Y_RNA;RP11-56B16.5;RNU6-90P;RP11-56B16.4;LEO1P1;LEO1;MAPK6;MAPK6-DT;RP11-430B1.1;CTD-2184D3.5;CTD-2184D3.3;CTD-2184D3.1;BCL2L10;CTD-2184D3.6;GNB5;CTD-2184D3.7;Y_RNA;CERNA1;MYO5C;MIR1266;MYO5A;EEF1B2P1;ARPP19;RP11-23N2.4;ATOSA;RP11-519C12.1	0.5	1903	Unknome 18_Mar_2026; maximum over uniquely HGNC-mapped proteins; derived/knownness-ranks.tsv	Tbio	20	unique	NA	NA	NA	NA	NA	NA	unresolved competing genes; gene-body association is not causal assignment	Lifelong developmental, systemic and adult explanations remain. Adult tissue expression observed (spinal cord); timing not identified.	44.1	spinal cord	not checked outside pilot	not checked outside pilot	NA	positional;eQTL	False	False	Lee CP GCST006572 + GENCODE v19; HGNC/Unknome/Pharos/HPA separate annotations; LD/QTL/perturbation not followed outside pilot; Savage/Genebass overlap; EA excluded	Independent ancestry-matched fine-mapping excludes rs112714914 and assigns a different variant/gene (e.g. AP4E1, DCAF13P3, MIR4713HG); adult-specific perturbation in the implicated cell type has no predicted functional effect despite verified engagement. Shared-signal evidence disappears on multiple-signal conditioning or complete variant coverage.	association hypothesis only; not an enhancement target
287	ENSG00000126091	ST3GAL3	287	R069	rs4314918	2.86e-10	1.8332599999999998e-07	0.0034672446379999996	225337	641	53	SLC2A1-DT;RNU6-880P;RNU6-870P;CFAP144;EBNA1BP2;CFAP57;RNA5SP46;TMEM125;C1orf210;TIE1;MPL;CDC20-DT;CDC20;ELOVL1;MED8;MED8-AS1;SZT2;SZT2-AS1;HYI;HYI-AS1;PTPRF;KDM4A;KDM4A-AS1;ST3GAL3-AS1;RNU6-1058P;RP11-184I16.3;SHMT1P1;ARTN;LINC02918;IPO13;DPH2;ATP6V0B;B4GALT2;CCDC24;SLC6A9;RP5-1198O20.4;RP5-1198O20.5;KRT8P47;RN7SL479P;KLF17;RP11-570P14.1;RP4-675G8.2;RP4-675G8.3;Y_RNA;OOSP1P1;RP5-891H21.1;RP5-891H21.5;DMAP1;ERI3;ERI3-IT1;AL390776.1;RNU6-369P;RNF220	8.6	14895	Unknome 18_Mar_2026; maximum over uniquely HGNC-mapped proteins; derived/knownness-ranks.tsv	Tchem	50	unique	NA	NA	NA	NA	NA	NA	unresolved competing genes; gene-body association is not causal assignment	Lifelong developmental, systemic and adult explanations remain. Adult tissue expression observed (cerebral cortex); timing not identified.	33.2	cerebral cortex	not checked outside pilot	not checked outside pilot	5.3572e-12	positional;eQTL	False	False	Lee CP GCST006572 + GENCODE v19; HGNC/Unknome/Pharos/HPA separate annotations; LD/QTL/perturbation not followed outside pilot; Savage/Genebass overlap; EA excluded	Independent ancestry-matched fine-mapping excludes rs4314918 and assigns a different variant/gene (e.g. SLC2A1-DT, RNU6-880P, RNU6-870P); adult-specific perturbation in the implicated cell type has no predicted functional effect despite verified engagement. Shared-signal evidence disappears on multiple-signal conditioning or complete variant coverage.	association hypothesis only; not an enhancement target
288	ENSG00000114859	CLCN2	288	R108	rs73189617	3.87e-09	1.9737e-07	0.00373285881	15467	51	43	PARL;RPSAP31;MIR4448;CYP2AB1P;ABCC5;ABCC5-AS1;EEF1A1P8;HTR3D;HTR3C;HTR3C2P;Y_RNA;HTR3E-AS1;HTR3E;HSP90AA5P;RP11-778D9.13;EIF2B5-DT;EIF2B5;RPS3P3;DVL3;AP2M1;ABCF3;VWA5B2;MIR1224;ALG3;ECE2;CAMK2N2;PSMD2;EIF4G1;SNORD66;FAM131A;POLR2H;THPO;CHRD;LINC02054;LINC01839;LINC01840;EPHB3;MAGEF1;RP11-329B9.4;RP11-329B9.3;RP11-329B9.5;LINC02069;VPS8	5.1	11329	Unknome 18_Mar_2026; maximum over uniquely HGNC-mapped proteins; derived/knownness-ranks.tsv	Tclin	70	unique	NA	NA	NA	NA	NA	NA	unresolved competing genes; gene-body association is not causal assignment	Lifelong developmental, systemic and adult explanations remain. Adult tissue expression observed (spinal cord); timing not identified.	4.8	spinal cord	not checked outside pilot	not checked outside pilot	NA	NA	False	False	Lee CP GCST006572 + GENCODE v19; HGNC/Unknome/Pharos/HPA separate annotations; LD/QTL/perturbation not followed outside pilot; Savage/Genebass overlap; EA excluded	Independent ancestry-matched fine-mapping excludes rs73189617 and assigns a different variant/gene (e.g. PARL, RPSAP31, MIR4448); adult-specific perturbation in the implicated cell type has no predicted functional effect despite verified engagement. Shared-signal evidence disappears on multiple-signal conditioning or complete variant coverage.	association hypothesis only; not an enhancement target
289	ENSG00000185619	PCGF3	289	R066	rs75751670	7.03e-10	2.0246399999999998e-07	0.0038292016319999996	64892	288	48	RP11-1365D11.1;ZNF876P;AC079140.1;RP11-478C6.6;RP11-478C6.5;ZNF732;RP11-478C6.1;ZNF141;RP11-478C6.2;RP11-478C6.4;MIR571;ZNF519P4;AC092574.1;RP11-2H3.6;ABCA11P;ZNF721;AC092574.2;PIGG;TMEM271;RN7SL358P;PDE6B;PDE6B-AS1;PDE6B-AS2;ATP5ME;MYL5;SLC49A3;PCGF3-AS2;RP11-440L14.4;PCGF3-AS1;AC139887.4;CPLX1;RP11-440L14.3;GAK;TMEM175;DGKQ;SLC26A1;IDUA;FGFRL1;RP11-460I19.2;RNF212;RP11-20I20.1;RP11-20I20.2;TMED11P;SNORA48;RNF212-DT;SPON2;SPON2-AS1;CTBP1	2.7	7600	Unknome 18_Mar_2026; maximum over uniquely HGNC-mapped proteins; derived/knownness-ranks.tsv	Tbio	44	unique	NA	NA	NA	NA	NA	NA	unresolved competing genes; gene-body association is not causal assignment	Lifelong developmental, systemic and adult explanations remain. Adult tissue expression observed (cerebellum); timing not identified.	54.5	cerebellum	not checked outside pilot	not checked outside pilot	NA	positional;eQTL	False	False	Lee CP GCST006572 + GENCODE v19; HGNC/Unknome/Pharos/HPA separate annotations; LD/QTL/perturbation not followed outside pilot; Savage/Genebass overlap; EA excluded	Independent ancestry-matched fine-mapping excludes rs75751670 and assigns a different variant/gene (e.g. RP11-1365D11.1, ZNF876P, AC079140.1); adult-specific perturbation in the implicated cell type has no predicted functional effect despite verified engagement. Shared-signal evidence disappears on multiple-signal conditioning or complete variant coverage.	association hypothesis only; not an enhancement target
290	ENSG00000075292	ZNF638	290	R076	rs4470366	3.61e-10	2.06853e-07	0.003912210789	158509	573	32	HMGN2P21;CLEC4F;MOB4P1;CD207;LINC01143;VAX2;snoU13;ATP6V1B1;AC007040.11;ATP6V1B1-AS1;ELOCP21;RN7SL160P;ANKRD53;TEX261;AC007040.6;AC007040.8;AC007040.2;AC007040.3;AC007040.1;OR7E91P;OR7E46P;AC007881.2;OR7E62P;NAGK;RP11-467P9.1;MCEE;AC007881.1;MPHOSPH10;AC007881.4;PAIP2B;RNU6-105P;DYSF	4.2	10017	Unknome 18_Mar_2026; maximum over uniquely HGNC-mapped proteins; derived/knownness-ranks.tsv	Tbio	148	unique	NA	NA	NA	NA	NA	NA	unresolved competing genes; gene-body association is not causal assignment	Lifelong developmental, systemic and adult explanations remain. Adult tissue expression observed (cerebellum); timing not identified.	69.7	cerebellum	not checked outside pilot	not checked outside pilot	7.0764e-14	positional;eQTL;chromatin	False	False	Lee CP GCST006572 + GENCODE v19; HGNC/Unknome/Pharos/HPA separate annotations; LD/QTL/perturbation not followed outside pilot; Savage/Genebass overlap; EA excluded	Independent ancestry-matched fine-mapping excludes rs4470366 and assigns a different variant/gene (e.g. HMGN2P21, CLEC4F, MOB4P1); adult-specific perturbation in the implicated cell type has no predicted functional effect despite verified engagement. Shared-signal evidence disappears on multiple-signal conditioning or complete variant coverage.	association hypothesis only; not an enhancement target
291	ENSG00000213563	C8orf82	291	R115	rs2721142	3.47e-08	2.082e-07	0.0039376866	3400	6	62	MROH1;AC104592.1;KM-PA-2;SCXB;FAM203B;AC110280.1;CTD-3232M19.2;BOP1;SCXA;HSF1;GS1-393G12.12;DGAT1;SCRT1;TMEM249;TMEM249;SLC52A2;FBXL6;ADCK5;CPSF1;MIR939;MIR1234;GS1-393G12.14;SLC39A4;VPS28;TONSL;TONSL-AS1;ZFTRAF1;CTD-2517M22.16;KIFC2;FOXH1;PPP1R16A;CTD-2517M22.14;CTD-2517M14.5;GPT;SLC33A2;RECQL4;CTD-2517M22.17;LRRC14;LRRC24;ARHGAP39;AC084125.1;AC084125.2;AC084125.3;CTD-2517M22.9;AF186192.1;AF186192.5;AF186192.6;ZNF251;ZNF34;RN7SL395P;RPL8;ZNF517;ZNF7;COMMD5;ZNF250;AF235103.1;ZNF16;ZNF252P;RP5-1047A19.4;TMED10P1;ZNF252P-AS1;RP5-1047A19.6	0.0	1	Unknome 18_Mar_2026; maximum over uniquely HGNC-mapped proteins; derived/knownness-ranks.tsv	Tdark	19	unique	NA	NA	NA	NA	NA	NA	unresolved competing genes; gene-body association is not causal assignment	Lifelong developmental, systemic and adult explanations remain. Adult tissue expression observed (cerebral cortex); timing not identified.	9.2	cerebral cortex	not checked outside pilot	not checked outside pilot	NA	positional;eQTL	False	False	Lee CP GCST006572 + GENCODE v19; HGNC/Unknome/Pharos/HPA separate annotations; LD/QTL/perturbation not followed outside pilot; Savage/Genebass overlap; EA excluded	Independent ancestry-matched fine-mapping excludes rs2721142 and assigns a different variant/gene (e.g. MROH1, AC104592.1, KM-PA-2); adult-specific perturbation in the implicated cell type has no predicted functional effect despite verified engagement. Shared-signal evidence disappears on multiple-signal conditioning or complete variant coverage.	association hypothesis only; not an enhancement target
292	ENSG00000128683	GAD1	292	R093	rs872123	1.39e-09	2.2101e-07	0.00417996213	47939	159	17	MYO3B;MYO3B-AS1;HMGB1P4;AC007277.3;LINC01124;SP5;ERICH2-DT;EIF2S2P4;AC007405.6;Y_RNA;ERICH2;GAD1-AS1;AC010092.1;GORASP2;TLK1;snoU13;METTL8	6.9	13452	Unknome 18_Mar_2026; maximum over uniquely HGNC-mapped proteins; derived/knownness-ranks.tsv	Tbio	157	unique	NA	NA	NA	NA	NA	NA	unresolved competing genes; gene-body association is not causal assignment	Lifelong developmental, systemic and adult explanations remain. Adult tissue expression observed (cerebral cortex); timing not identified.	69.1	cerebral cortex	not checked outside pilot	not checked outside pilot	NA	positional;eQTL	False	False	Lee CP GCST006572 + GENCODE v19; HGNC/Unknome/Pharos/HPA separate annotations; LD/QTL/perturbation not followed outside pilot; Savage/Genebass overlap; EA excluded	Independent ancestry-matched fine-mapping excludes rs872123 and assigns a different variant/gene (e.g. MYO3B, MYO3B-AS1, HMGB1P4); adult-specific perturbation in the implicated cell type has no predicted functional effect despite verified engagement. Shared-signal evidence disappears on multiple-signal conditioning or complete variant coverage.	association hypothesis only; not an enhancement target
293	ENSG00000114388	NPRL2	293	R001	rs73082914	5.89e-08	2.356e-07	0.0044559028	3762	4	145	MAP4;RPS27P30;RN7SL664P;RPL17P16;CDC25A;SNRPFP4;RNU7-128P;NDUFB1P1;MIR4443;CAMP;ZNF589;MRPS18AP1;Y_RNA;FCF1P2;NME6;SPINK8;MIR2115;FBXW12;RN7SL321P;PLXNB1;CCDC51;TMA7;RP11-24C3.2;ATRIP;TREX1;SHISA5;AC104448.1;PFKFB4;UCN2;COL7A1;MIR711;UQCRC1;TMEM89;SLC26A6;CELSR3;MIR4793;LINC02585;NCKIPSD;RP11-572O6.1;IP6K2;PRKAR2A;PRKAR2A-AS1;SLC25A20;ARIH2OS;ARIH2;RP13-131K19.1;RP13-131K19.2;RP13-131K19.7;P4HTM;WDR6;DALRD3;MIR425;NDUFAF3;MIR191;IMPDH2;RP13-131K19.6;QRICH1;RN7SL182P;QARS1;USP19;LAMB2;LAMB2P1;CCDC71;KLHDC8B;CIMIP7;IHO1;GCSHP6;RP11-3B7.1;C3orf62;Y_RNA;MIR4271;USP4;GPX1;RHOA;RHOA-IT1;TCTA;AMT;NICN1-AS1;NICN1;RNA5SP130;DAG1;BSN-DT;BSN;BSN-AS1;APEH;MST1;AC099668.5;RNF123;AMIGO3;GMPPB;IP6K1;COX6CP14;PHF5AP3;CDHR4;INKA1;UBA7;MIR5193;AC139451.1;TRAIP;CAMKV;RN7SL217P;ACTL11P;MST1R;CTD-2330K9.2;CTD-2330K9.3;MON1A;RBM6;RBM5;SEMA3F-AS1;SEMA3F;MIR566;GNAT1;SLC38A3;GNAI2;U73169.1;LINC03143;SEMA3B-AS1;SEMA3B;LSMEM2;IFRD2;HYAL3;NAA80;HYAL1;HYAL2;TUSC2;RASSF1;ZMYND10-AS1;ZMYND10;CYB561D2;XXcos-LUCA11.5;TMEM115;CACNA2D2;XXcos-LUCA11.4;RNA5SP131;C3orf18;HEMK1;CISH;MAPKAPK3;LINC02019;MIR4787;DOCK3;PPIAP69;RP11-646D13.1;ZNF652P1;ST13P14	5.6	11982	Unknome 18_Mar_2026; maximum over uniquely HGNC-mapped proteins; derived/knownness-ranks.tsv	Tbio	107	unique	0.05751480468454091	1870	True	0.005194280945049958	0.44717532807351307	NA	unresolved competing genes; gene-body association is not causal assignment	Lifelong developmental, systemic and adult explanations remain. Adult tissue expression observed (hypothalamus); timing not identified.	10.0	hypothalamus	not established; target mapping/primary phenotype table unavailable	Tian 2019 iPSC-derived glutamatergic neuron survival D14/D21/D28; CROP-seq D7 transcription; not cognitive performance or mature adult physiology	NA	positional	False	False	Lee CP GCST006572 + GENCODE v19; HGNC/Unknome/Pharos/HPA separate annotations; EUR LD + GTEx DLPFC/Catalogue + chain/VEP + Tian guide coverage pilot; Savage/Genebass overlap; EA excluded	Independent ancestry-matched fine-mapping excludes rs73082914 and assigns a different variant/gene (e.g. MAP4, RPS27P30, RN7SL664P); adult-specific perturbation in the implicated cell type has no predicted functional effect despite verified engagement. Shared-signal evidence disappears on multiple-signal conditioning or complete variant coverage.	association hypothesis only; not an enhancement target
294	ENSG00000142949	PTPRF	294	R069	rs11210871	7.67e-10	2.3700300000000002e-07	0.004482437739000001	98486	309	53	SLC2A1-DT;RNU6-880P;RNU6-870P;CFAP144;EBNA1BP2;CFAP57;RNA5SP46;TMEM125;C1orf210;TIE1;MPL;CDC20-DT;CDC20;ELOVL1;MED8;MED8-AS1;SZT2;SZT2-AS1;HYI;HYI-AS1;KDM4A;KDM4A-AS1;ST3GAL3;ST3GAL3-AS1;RNU6-1058P;RP11-184I16.3;SHMT1P1;ARTN;LINC02918;IPO13;DPH2;ATP6V0B;B4GALT2;CCDC24;SLC6A9;RP5-1198O20.4;RP5-1198O20.5;KRT8P47;RN7SL479P;KLF17;RP11-570P14.1;RP4-675G8.2;RP4-675G8.3;Y_RNA;OOSP1P1;RP5-891H21.1;RP5-891H21.5;DMAP1;ERI3;ERI3-IT1;AL390776.1;RNU6-369P;RNF220	11.9	16616	Unknome 18_Mar_2026; maximum over uniquely HGNC-mapped proteins; derived/knownness-ranks.tsv	Tchem	170	unique	NA	NA	NA	NA	NA	NA	unresolved competing genes; gene-body association is not causal assignment	Lifelong developmental, systemic and adult explanations remain. Adult tissue expression observed (cerebral cortex); timing not identified.	46.0	cerebral cortex	not checked outside pilot	not checked outside pilot	4.4671e-09	positional;eQTL	False	False	Lee CP GCST006572 + GENCODE v19; HGNC/Unknome/Pharos/HPA separate annotations; LD/QTL/perturbation not followed outside pilot; Savage/Genebass overlap; EA excluded	Independent ancestry-matched fine-mapping excludes rs11210871 and assigns a different variant/gene (e.g. SLC2A1-DT, RNU6-880P, RNU6-870P); adult-specific perturbation in the implicated cell type has no predicted functional effect despite verified engagement. Shared-signal evidence disappears on multiple-signal conditioning or complete variant coverage.	association hypothesis only; not an enhancement target
295	ENSG00000146007	ZMAT2	295	R024	rs2563302	1.25e-08	2.375e-07	0.0044918375	7984	19	84	CTD-3224K15.3;CXXC5;CXXC5-AS1;CTB-35F21.1;RNU6-236P;PSD2-AS1;CTB-35F21.3;CTB-35F21.5;PSD2;NRG2;NRG2-AS1;Y_RNA;MALINC1;PURA;IGIP;CTB-131B5.5;CYSTM1;AC011379.1;CTB-131B5.2;PFDN1;HBEGF;CTC-329D1.3;SLC4A9;ANKHD1-DT;RNU4-14P;ANKHD1;ANKHD1-EIF4EBP3;SNORD45;SRA1;EIF4EBP3;APBB3;SLC35A4;SNORA27;HAUS1P1;RPL36P11;CD14;NDUFA2;TMCO6;IK;MIR3655;WDR55;DND1;HARS1;HARS2;VTRNA1-1;VTRNA1-2;VTRNA1-3;RP11-515C16.7;AC005609.2;PCDHA1;PCDHA2;PCDHA3;PCDHA4;PCDHA5;PCDHA6;PCDHA7;PCDHA8;PCDHA9;PCDHA10;AC005609.1;PCDHA14;PCDHA11;PCDHA12;PCDHA13;PCDHAC1;PCDHAC2;PCDHB1;PCDHB2;PCDHB-AS1;PCDHB3;AC005754.8;PCDHB4;PCDHB5;PCDHB6;PCDHB17P;PCDHB7;PCDHB8;PCDHB16;PCDHB9;PCDHB10;PCDHB11;PCDHB12;PCDHB13;PCDHB14	1.3	4364	Unknome 18_Mar_2026; maximum over uniquely HGNC-mapped proteins; derived/knownness-ranks.tsv	Tbio	60	unique	NA	NA	NA	NA	NA	NA	unresolved competing genes; gene-body association is not causal assignment	Lifelong developmental, systemic and adult explanations remain. Adult tissue expression observed (basal ganglia); timing not identified.	99.3	basal ganglia	not checked outside pilot	not checked outside pilot	1.5881e-10	positional;eQTL	False	False	Lee CP GCST006572 + GENCODE v19; HGNC/Unknome/Pharos/HPA separate annotations; LD/QTL/perturbation not followed outside pilot; Savage/Genebass overlap; EA excluded	Independent ancestry-matched fine-mapping excludes rs2563302 and assigns a different variant/gene (e.g. CTD-3224K15.3, CXXC5, CXXC5-AS1); adult-specific perturbation in the implicated cell type has no predicted functional effect despite verified engagement. Shared-signal evidence disappears on multiple-signal conditioning or complete variant coverage.	association hypothesis only; not an enhancement target
296	ENSG00000184486	POU3F2	296	R002	rs3823036	3.47e-08	2.429e-07	0.0045939677	4081	7	24	MMS22L;RP3-418C23.2;RP1-104O17.1;RP1-104O17.2;RP1-104O17.3;MIR2113HG;MIR2113;EIF4EBP2P3;RP11-111D3.2;RP3-453D15.1;RP11-67P15.1;FBXL4;RP3-364H10.1;MIR548AI;BDH2P1;FAXC;COQ3;PNISR;PNISR-AS1;USP45;TSTD3;CCNC;RP1-199J3.7;RP1-199J3.5	9.8	15662	Unknome 18_Mar_2026; maximum over uniquely HGNC-mapped proteins; derived/knownness-ranks.tsv	Tbio	69	unique	2.592148317444189e-05	3171	True	0.011391514575485524	0.6022878729868972	NA	unresolved competing genes; gene-body association is not causal assignment	Lifelong developmental, systemic and adult explanations remain. Adult tissue expression observed (cerebral cortex); timing not identified.	11.1	cerebral cortex	not established; target mapping/primary phenotype table unavailable	Tian 2019 iPSC-derived glutamatergic neuron survival D14/D21/D28; CROP-seq D7 transcription; not cognitive performance or mature adult physiology	NA	positional;eQTL	False	False	Lee CP GCST006572 + GENCODE v19; HGNC/Unknome/Pharos/HPA separate annotations; EUR LD + GTEx DLPFC/Catalogue + chain/VEP + Tian guide coverage pilot; Savage/Genebass overlap; EA excluded	Independent ancestry-matched fine-mapping excludes rs3823036 and assigns a different variant/gene (e.g. MMS22L, RP3-418C23.2, RP1-104O17.1); adult-specific perturbation in the implicated cell type has no predicted functional effect despite verified engagement. Shared-signal evidence disappears on multiple-signal conditioning or complete variant coverage.	association hypothesis only; not an enhancement target
297	ENSG00000112855	HARS2	297	R024	rs3776130	1.21e-08	2.5410000000000003e-07	0.004805793300000001	7879	21	84	CTD-3224K15.3;CXXC5;CXXC5-AS1;CTB-35F21.1;RNU6-236P;PSD2-AS1;CTB-35F21.3;CTB-35F21.5;PSD2;NRG2;NRG2-AS1;Y_RNA;MALINC1;PURA;IGIP;CTB-131B5.5;CYSTM1;AC011379.1;CTB-131B5.2;PFDN1;HBEGF;CTC-329D1.3;SLC4A9;ANKHD1-DT;RNU4-14P;ANKHD1;ANKHD1-EIF4EBP3;SNORD45;SRA1;EIF4EBP3;APBB3;SLC35A4;SNORA27;HAUS1P1;RPL36P11;CD14;NDUFA2;TMCO6;IK;MIR3655;WDR55;DND1;HARS1;ZMAT2;VTRNA1-1;VTRNA1-2;VTRNA1-3;RP11-515C16.7;AC005609.2;PCDHA1;PCDHA2;PCDHA3;PCDHA4;PCDHA5;PCDHA6;PCDHA7;PCDHA8;PCDHA9;PCDHA10;AC005609.1;PCDHA14;PCDHA11;PCDHA12;PCDHA13;PCDHAC1;PCDHAC2;PCDHB1;PCDHB2;PCDHB-AS1;PCDHB3;AC005754.8;PCDHB4;PCDHB5;PCDHB6;PCDHB17P;PCDHB7;PCDHB8;PCDHB16;PCDHB9;PCDHB10;PCDHB11;PCDHB12;PCDHB13;PCDHB14	6.3	12794	Unknome 18_Mar_2026; maximum over uniquely HGNC-mapped proteins; derived/knownness-ranks.tsv	Tbio	80	unique	NA	NA	NA	NA	NA	NA	unresolved competing genes; gene-body association is not causal assignment	Lifelong developmental, systemic and adult explanations remain. Adult tissue expression observed (cerebellum); timing not identified.	20.3	cerebellum	not checked outside pilot	not checked outside pilot	1.117e-09	positional;eQTL;chromatin	False	False	Lee CP GCST006572 + GENCODE v19; HGNC/Unknome/Pharos/HPA separate annotations; LD/QTL/perturbation not followed outside pilot; Savage/Genebass overlap; EA excluded	Independent ancestry-matched fine-mapping excludes rs3776130 and assigns a different variant/gene (e.g. CTD-3224K15.3, CXXC5, CXXC5-AS1); adult-specific perturbation in the implicated cell type has no predicted functional effect despite verified engagement. Shared-signal evidence disappears on multiple-signal conditioning or complete variant coverage.	association hypothesis only; not an enhancement target
298	ENSG00000100410	PHF5A	298	R023	rs9611597	1.17e-08	2.574e-07	0.0048682062	9009	22	149	CTA-150C2.13;APOBEC3A;APOBEC3B;APOBEC3B-AS1;APOBEC3C;APOBEC3D;APOBEC3F;APOBEC3G;CTA-150C2.20;RP4-742C19.12;APOBEC3H;CBX7;COX5BP7;FUNDC2P4;PDGFB;AL031590.1;RP3-333H23.8;RPL3;SNORD83B;SNORD83A;SNORD43;SYNGR1;TAB1;MGAT3;MGAT3-AS1;MIEF1;ATF4;RPS19BP1;CACNA1I;ENTHD1;MTFR2P2;RN7SKP210;UQCRFS1P1;GRAP2;TMA7B;SACK1F;TNRC6B-DT;TNRC6B;RPL7P52;ADSL;SGSM3;SGSM3-AS1;MRTFA;MRTFA-AS2;RP5-1042K10.12;MRTFA-AS1;AL031594.1;COX6B1P3;RPL4P6;GAPDHP37;MCHR1;SLC25A17;RFKP4;JTBP1;MIR4766;ST13;XPNPEP3;DNAJB7;snoU13;RNU6-379P;RBX1;Y_RNA;AL080243.1;RPS9P2;Y_RNA;ACTBP15;EP300;MIR1281;RNU6-375P;RP1-85F18.6;EP300-AS1;LRRC37A14P;L3MBTL2;L3MBTL2-AS1;CHADL;RANGAP1;AL035681.1;ZC3H7B;TEF;RNU6-495P;CTA-223H9.9;TOB2;ACO2;POLR3H;CSDC2;PMM1;DESI1;XRCC6;Y_RNA;SNU13;RNU6-476P;C22orf46P;Z83840.1;MEI1;HMGN2P10;RNU6ATAC22P;Y_RNA;CCDC134;SREBF2-AS1;SREBF2;MIR33A;SHISA8;CTA-250D10.23;MIR378I;TNFRSF13C;CENPM;SMIM45;SEPTIN3;CTA-250D10.19;WBP2NL;SLC25A5P1;NAGA;PHETA2;SNORD13P1;SMDT1;NDUFA6;RP1-257I20.14;NDUFA6-DT;OLA1P1;CYP2D6;RP4-669P10.19;RP4-669P10.16;CYP2D7;CYP2D8P;TCF20;OGFRP1;Z83851.4;CTA-989H11.1;LINC01315;NFAM1;CTA-126B4.7;SERHL;RRP7A;Z93241.1;SERHL2;RRP7BP;RN7SKP80;RNU6-513P;POLDIP3;RNU12;CYB5R3;ATP5MGL;A4GALT;Y_RNA;RPL5P34;GOLGA2P4;ARFGAP3;PACSIN2;COA1P1	6.3	12794	Unknome 18_Mar_2026; maximum over uniquely HGNC-mapped proteins; derived/knownness-ranks.tsv	Tbio	145	unique	NA	NA	NA	NA	NA	NA	unresolved competing genes; gene-body association is not causal assignment	Lifelong developmental, systemic and adult explanations remain. Adult tissue expression observed (spinal cord); timing not identified.	29.7	spinal cord	not checked outside pilot	not checked outside pilot	NA	positional;chromatin	False	False	Lee CP GCST006572 + GENCODE v19; HGNC/Unknome/Pharos/HPA separate annotations; LD/QTL/perturbation not followed outside pilot; Savage/Genebass overlap; EA excluded	Independent ancestry-matched fine-mapping excludes rs9611597 and assigns a different variant/gene (e.g. CTA-150C2.13, APOBEC3A, APOBEC3B); adult-specific perturbation in the implicated cell type has no predicted functional effect despite verified engagement. Shared-signal evidence disappears on multiple-signal conditioning or complete variant coverage.	association hypothesis only; not an enhancement target
299	ENSG00000100335	MIEF1	299	R023	rs738288	5.78e-09	2.601e-07	0.0049192713	18701	45	149	CTA-150C2.13;APOBEC3A;APOBEC3B;APOBEC3B-AS1;APOBEC3C;APOBEC3D;APOBEC3F;APOBEC3G;CTA-150C2.20;RP4-742C19.12;APOBEC3H;CBX7;COX5BP7;FUNDC2P4;PDGFB;AL031590.1;RP3-333H23.8;RPL3;SNORD83B;SNORD83A;SNORD43;SYNGR1;TAB1;MGAT3;MGAT3-AS1;ATF4;RPS19BP1;CACNA1I;ENTHD1;MTFR2P2;RN7SKP210;UQCRFS1P1;GRAP2;TMA7B;SACK1F;TNRC6B-DT;TNRC6B;RPL7P52;ADSL;SGSM3;SGSM3-AS1;MRTFA;MRTFA-AS2;RP5-1042K10.12;MRTFA-AS1;AL031594.1;COX6B1P3;RPL4P6;GAPDHP37;MCHR1;SLC25A17;RFKP4;JTBP1;MIR4766;ST13;XPNPEP3;DNAJB7;snoU13;RNU6-379P;RBX1;Y_RNA;AL080243.1;RPS9P2;Y_RNA;ACTBP15;EP300;MIR1281;RNU6-375P;RP1-85F18.6;EP300-AS1;LRRC37A14P;L3MBTL2;L3MBTL2-AS1;CHADL;RANGAP1;AL035681.1;ZC3H7B;TEF;RNU6-495P;CTA-223H9.9;TOB2;PHF5A;ACO2;POLR3H;CSDC2;PMM1;DESI1;XRCC6;Y_RNA;SNU13;RNU6-476P;C22orf46P;Z83840.1;MEI1;HMGN2P10;RNU6ATAC22P;Y_RNA;CCDC134;SREBF2-AS1;SREBF2;MIR33A;SHISA8;CTA-250D10.23;MIR378I;TNFRSF13C;CENPM;SMIM45;SEPTIN3;CTA-250D10.19;WBP2NL;SLC25A5P1;NAGA;PHETA2;SNORD13P1;SMDT1;NDUFA6;RP1-257I20.14;NDUFA6-DT;OLA1P1;CYP2D6;RP4-669P10.19;RP4-669P10.16;CYP2D7;CYP2D8P;TCF20;OGFRP1;Z83851.4;CTA-989H11.1;LINC01315;NFAM1;CTA-126B4.7;SERHL;RRP7A;Z93241.1;SERHL2;RRP7BP;RN7SKP80;RNU6-513P;POLDIP3;RNU12;CYB5R3;ATP5MGL;A4GALT;Y_RNA;RPL5P34;GOLGA2P4;ARFGAP3;PACSIN2;COA1P1	7.8	14288	Unknome 18_Mar_2026; maximum over uniquely HGNC-mapped proteins; derived/knownness-ranks.tsv	Tbio	60	unique	NA	NA	NA	NA	NA	NA	unresolved competing genes; gene-body association is not causal assignment	Lifelong developmental, systemic and adult explanations remain. Adult tissue expression observed (cerebellum); timing not identified.	9.6	cerebellum	not checked outside pilot	not checked outside pilot	2.2875e-08	positional	False	False	Lee CP GCST006572 + GENCODE v19; HGNC/Unknome/Pharos/HPA separate annotations; LD/QTL/perturbation not followed outside pilot; Savage/Genebass overlap; EA excluded	Independent ancestry-matched fine-mapping excludes rs738288 and assigns a different variant/gene (e.g. CTA-150C2.13, APOBEC3A, APOBEC3B); adult-specific perturbation in the implicated cell type has no predicted functional effect despite verified engagement. Shared-signal evidence disappears on multiple-signal conditioning or complete variant coverage.	association hypothesis only; not an enhancement target
300	ENSG00000114268	PFKFB4	300	R001	rs73078305	3.3e-09	2.706e-07	0.0051178578	44332	82	145	MAP4;RPS27P30;RN7SL664P;RPL17P16;CDC25A;SNRPFP4;RNU7-128P;NDUFB1P1;MIR4443;CAMP;ZNF589;MRPS18AP1;Y_RNA;FCF1P2;NME6;SPINK8;MIR2115;FBXW12;RN7SL321P;PLXNB1;CCDC51;TMA7;RP11-24C3.2;ATRIP;TREX1;SHISA5;AC104448.1;UCN2;COL7A1;MIR711;UQCRC1;TMEM89;SLC26A6;CELSR3;MIR4793;LINC02585;NCKIPSD;RP11-572O6.1;IP6K2;PRKAR2A;PRKAR2A-AS1;SLC25A20;ARIH2OS;ARIH2;RP13-131K19.1;RP13-131K19.2;RP13-131K19.7;P4HTM;WDR6;DALRD3;MIR425;NDUFAF3;MIR191;IMPDH2;RP13-131K19.6;QRICH1;RN7SL182P;QARS1;USP19;LAMB2;LAMB2P1;CCDC71;KLHDC8B;CIMIP7;IHO1;GCSHP6;RP11-3B7.1;C3orf62;Y_RNA;MIR4271;USP4;GPX1;RHOA;RHOA-IT1;TCTA;AMT;NICN1-AS1;NICN1;RNA5SP130;DAG1;BSN-DT;BSN;BSN-AS1;APEH;MST1;AC099668.5;RNF123;AMIGO3;GMPPB;IP6K1;COX6CP14;PHF5AP3;CDHR4;INKA1;UBA7;MIR5193;AC139451.1;TRAIP;CAMKV;RN7SL217P;ACTL11P;MST1R;CTD-2330K9.2;CTD-2330K9.3;MON1A;RBM6;RBM5;SEMA3F-AS1;SEMA3F;MIR566;GNAT1;SLC38A3;GNAI2;U73169.1;LINC03143;SEMA3B-AS1;SEMA3B;LSMEM2;IFRD2;HYAL3;NAA80;HYAL1;HYAL2;TUSC2;RASSF1;ZMYND10-AS1;ZMYND10;NPRL2;CYB561D2;XXcos-LUCA11.5;TMEM115;CACNA2D2;XXcos-LUCA11.4;RNA5SP131;C3orf18;HEMK1;CISH;MAPKAPK3;LINC02019;MIR4787;DOCK3;PPIAP69;RP11-646D13.1;ZNF652P1;ST13P14	3.3	8619	Unknome 18_Mar_2026; maximum over uniquely HGNC-mapped proteins; derived/knownness-ranks.tsv	Tchem	123	unique	0.06342163928729762	1365	False	0.004738747138817187	0.4102675298142271	NA	unresolved competing genes; gene-body association is not causal assignment	Lifelong developmental, systemic and adult explanations remain. Adult tissue expression observed (cerebellum); timing not identified.	6.2	cerebellum	not established; target mapping/primary phenotype table unavailable	Tian 2019 iPSC-derived glutamatergic neuron survival D14/D21/D28; CROP-seq D7 transcription; not cognitive performance or mature adult physiology	1.9785e-06	positional;eQTL	False	False	Lee CP GCST006572 + GENCODE v19; HGNC/Unknome/Pharos/HPA separate annotations; EUR LD + GTEx DLPFC/Catalogue + chain/VEP + Tian guide coverage pilot; Savage/Genebass overlap; EA excluded	Independent ancestry-matched fine-mapping excludes rs73078305 and assigns a different variant/gene (e.g. MAP4, RPS27P30, RN7SL664P); adult-specific perturbation in the implicated cell type has no predicted functional effect despite verified engagement. Shared-signal evidence disappears on multiple-signal conditioning or complete variant coverage.	association hypothesis only; not an enhancement target
301	ENSG00000171790	SLFNL1	301	R016	rs11209363	7.05e-09	2.7495e-07	0.00520012935	7641	39	33	ZFP69;EXO5-DT;EXO5;RP11-656D10.5;RP11-656D10.6;ZNF684;RP1-63P18.2;GTF2F2P2;RIMS3;RP4-739H11.3;NFYC-AS1;NFYC;MIR30E;MIR30C1;KCNQ4;RN7SL326P;CITED4;RP5-1066H13.4;RP11-348A7.1;UBE2V1P8;CTPS1;SCMH1;RPL23AP17;SCMH1-DT;RPL36AP9;FOXO6;FOXO6-AS1;RNA5SP45;EDN2;HIVEP3;RP11-486B10.3;RP11-486B10.4;AL451006.1	0.0	1	Unknome 18_Mar_2026; maximum over uniquely HGNC-mapped proteins; derived/knownness-ranks.tsv	Tdark	10	unique	NA	NA	NA	NA	NA	NA	unresolved competing genes; gene-body association is not causal assignment	Lifelong developmental, systemic and adult explanations remain. Adult tissue expression observed (cerebellum); timing not identified.	1.1	cerebellum	not checked outside pilot	not checked outside pilot	NA	NA	False	False	Lee CP GCST006572 + GENCODE v19; HGNC/Unknome/Pharos/HPA separate annotations; LD/QTL/perturbation not followed outside pilot; Savage/Genebass overlap; EA excluded	Independent ancestry-matched fine-mapping excludes rs11209363 and assigns a different variant/gene (e.g. ZFP69, EXO5-DT, EXO5); adult-specific perturbation in the implicated cell type has no predicted functional effect despite verified engagement. Shared-signal evidence disappears on multiple-signal conditioning or complete variant coverage.	association hypothesis only; not an enhancement target
302	ENSG00000255152	MSH5-SAPCD1	302	R008	rs707938	4.18e-09	2.7588e-07	0.0052177184400000005	24832	66	515	ACOT13;RP1-30M3.5;C6orf62;RP1-30M3.6;LINC02828;AP3S1P1;GMNN;ARMH2;RIPOR2;AL512428.1;MTCO2P33;PPIAP29;RP11-367G6.3;ASS1P1;RN7SL334P;RP3-425P12.5;RP3-425P12.1;RP3-425P12.2;CMAHP;NUP50P2;CANT1P1;UBE2D3P5;RNY5P5;AL590084.1;RP11-191A15.4;RP3-522P13.3;KATNBL1P5;RPL21P68;HNRNPA3P17;CARMIL1;Y_RNA;RNU6-987P;AL160037.1;snoU13;SCGN;PRELID1P2;H2AC1;H2BC1;H2BC2P;H2AC2P;SLC17A4;SLC17A1;SLC17A3;H2AC3P;SLC17A2;TRIM38;U91328.21;U91328.20;LINC02980;U91328.22;H3P26;H1-1;HIST1H3A;HIST1H4A;HIST1H4B;HIST1H3B;HIST1H2AB;HIST1H2BB;H2AC5P;HIST1H3C;H1-2;HFE;H4C3;H1-6;H2BC4;H2AC6;H1-4;H2BC5;LARP1P1;HIST1H2BE;HIST1H4D;H1-12P;H3C4;H2AC7;HIST1H2BF;RP1-34B20.4;HIST1H4E;HIST1H2BG;HIST1H2AE;HIST1H3E;H2AC9P;H1-3;HIST1H4F;HIST1H4G;HIST1H3F;HIST1H2BH;HIST1H3G;H2AC10P;HIST1H2BI;H4C8;H3C9P;RNU6-1259P;BTN3A2;AL021917.1;BTN2A2;BTN3A1;BTN2A3P;BTN3A3;BTN2A1;BTN1A1;RNU6-502P;HCG11;CTA-14H9.5;HMGN4;ABT1;RP11-457M11.6;VN1R14P;RP11-457M11.2;ZNF322;RP11-457M11.5;GUSBP2;POM121L6P;LINC00240;RP11-239L20.6;TRNAI2;VN1R12P;VN1R13P;VN1R11P;RNU2-62P;RP1-86C11.7;H2BC11;H2AC11;H2BC12;HIST1H4I;HIST1H2AH;MIR3143;RPL10P2;PRSS16;CDCA7P1;POM121L2;VN1R10P;ZNF204P;ZNF391;RP1-153G14.4;MCFD2P1;ZNF184;XXbac-BPGBPG34I8.1;HNRNPA1P1;CD83P1;RNU6-471P;TRNAI6;RPL8P1;GPHRP1;RSL24D1P1;H4C10P;H2BC13;H2AC13;HIST1H3H;HIST1H2AJ;HIST1H2BM;H4C11;HIST1H4K;HIST1H2AK;H2BC15;H2BC16P;HIST1H2AL;H1-5;HIST1H3I;HIST1H4L;H3C12;HIST1H2AM;HIST1H2BO;RNU7-26P;OR2B2;OR2W6P;OR2B6;RPLP2P1;OR2W4P;IQCB2P;U3;OR2W2P;OR2B7P;OR2B8;OR1F12P;RP1-313I6.12;ZNF165;ZSCAN12P1;ZNF602P;ZSCAN16-AS1;ZSCAN16;RP1-265C24.8;ZKSCAN8;ZKSCAN8P1;ZNF603P;ZKSCAN8P2;TOB2P1;ZSCAN9;ZKSCAN4;NKAPL;ZSCAN26;PGBD1;SMIM15P2;ZSCAN31;ZKSCAN3;ZSCAN12;RNU2-45P;ZSCAN23;COX11P1;OR2E1P;GPX6;GPX5;SCAND3;SCAND3-AS1;COX8CP1;AL121932.1;LINC00533;RPSAP2;AL662890.1;NOP56P1;AL662890.3;XXbac-BPG308K3.5;LINC01623;RPL13P;ZNF90P2;HCG14;TRIM27;RNU6-930P;LINC01556;KRT18P1;RN7SL471P;HCG15;HCG16;ZNF311;OR2AD1P;OR2W1;OR2P1P;SAR1AP1;OR2B3;OR2J1;OR2J3;XXbac-BCX196D17.5;OR2N1P;OR2J2;OR2J4P;OR2H4P;XXbac-BPG308J9.3;OR2G1P;OR2U1P;OR2U2P;OR2B4P;OR14J1;DDX6P1;OR5V1;OR12D3;OR12D2;OR12D1;OR11A1;OR10C1;OR2H1;UBDP1;MAS1LP1;MAS1L;RPS17P1;LINC02829;LINC01015;MAS1LP2;OR2I1;UBD;GABBR1;OR2H5P;TMEM183AP1;SNORD32B;RPL13AP;OR2H2;SUMO2P1;MOG;ZFP57;ZDHHC20P1;HLA-F;HCG4P11;HLA-F-AS1;RPL23AP1;MICE;HCG9P5;Y_RNA;IFITM4P;XXbac-BPG170G13.32;XXbac-BPG170G13.31;HLA-V;HCG4;HLA-P;RPL7AP7;MICG;HLA-G;HCG4P8;MICF;HCG4P7;HLA-H;HLA-T;DDX39BP1;MCCD1P1;HCG4B;HLA-K;HLA-U;HLA-A;HCG4P5;HLA-W;MICD;HCG9;DDX39BP2;MCCD1P2;POLR1HASP;HCG4P3;HLA-J;ETF1P1;POLR1H;PPP1R11;RNF39;AL669914.1;TRIM31;TRIM31-AS1;SNORA48;TRIM40;TRIM10;TRIM15;TRIM26;PAIP1P1;HCG17;TRIM26BP;HLA-L;HCG18;TRIM39;TRIM39-RPP21;RPP21;HLA-N;HCG19P;UBQLN1P1;MICC;TMPOP1;SUCLA2P1;RANP1;HLA-E;LINC02569;GNL1;PRR3;ABCF1;MIR877;PPP1R10;AL662800.1;MRPS18B;ATAT1;PTMAP1;C6orf136;AL662800.2;DHX16;PPP1R18;NRM;RPL7P4;MDC1;MDC1-AS1;TUBB;XXbac-BPG252P9.9;FLOT1;Y_RNA;IER3-AS1;IER3;RN7SL353P;HCG20;LINC00243;LINC02570;RN7SKP186;DDR1-DT;DDR1;MIR4640;RN7SL175P;GTF2H4;VARS2;SFTA2;Y_RNA;MUCL3;HCG21;MUC21;MUC22;HCG22;RNU6-1133P;C6orf15;PSORS1C1;CDSN;PSORS1C2;POLR2LP1;CCHCR1;TCF19;POU5F1;PSORS1C3;XXbac-BPG299F13.17;HCG27;XXbac-BPG299F13.14;XXbac-BPG299F13.15;XXbac-BPG299F13.16;HLA-C;USP8P1;RPL3P2;WASF5P;LINC02571;XXbac-BPG248L24.10;HLA-B;XXbac-BPG248L24.12;DHFRP2;RNU6-283P;AL671883.1;FGFR3P1;ZDHHC20P2;HLA-S;XXbac-BPG181B23.7;HCP5;Y_RNA;MICA;LINC01149;XXbac-BPG181B23.6;MICB;Y_RNA;XXbac-BPG16N22.5;PPIAP9;RPL15P4;MCCD1;ATP6V1G2-DDX39B;DDX39B;SNORD117;SNORD84;DDX39B-AS1;ATP6V1G2;NFKBIL1;LTA;TNF;LTB;LST1;NCR3;UQCRHP1;AIF1;PRRC2A;SNORA38;BAG6;APOM;C6orf47;C6orf47-AS1;GPANK1;Y_RNA;CSNK2B;CSNK2B-LY6G5B-1181;LY6G5B;LY6G5C;ABHD16A;XXbac-BPG32J3.20;MIR4646;LY6G6F;LY6G6F-LY6G6D;LY6G6E;LY6G6D;MPIG6B;LY6G6C;DDAH2;CLIC1;MSH5;RNU6-850P;SAPCD1;SAPCD1-AS1;VWA7;VARS1;Y_RNA;LSM2;HSPA1L;HSPA1A;HSPA1B;SNHG32;SNORD48;SNORD52;NEU1;SLC44A4;EHMT2;EHMT2-AS1;C2;ZBTB12;CFB;CFB;NELFE;MIR1236;SKIC2;DXO;WHR1;C4A;C4A-AS1;CYP21A1P;AL645922.1;TNXA;WHR1B;C4B;C4B-AS1;CYP21A2;TNXB;RNA5SP206;ATF6B;FKBPL;PRRT1;PPT2;PPT2-EGFL8;EGFL8;AGPAT1;RNF5;AGER;PBX2;XXbac-BPG300A18.13;GPSM3;NOTCH4;TSBP1-AS1;TSBP1;HNRNPA1P2;RNU6-603P;HCG23;BTNL2;HLA-DRA;HLA-DRB9;HLA-DRB5;RNU1-61P;HLA-DRB6;HLA-DRB1	NA	NA	Unknome unmapped/unscored; not zero knownness	NA	4	unique	NA	NA	NA	NA	NA	NA	unresolved competing genes; gene-body association is not causal assignment	Lifelong developmental, systemic and adult explanations remain. Adult brain expression not covered in HPA; not evidence of absence.	NA	NA	not checked outside pilot	not checked outside pilot	NA	NA	False	False	Lee CP GCST006572 + GENCODE v19; HGNC/Unknome/Pharos/HPA separate annotations; LD/QTL/perturbation not followed outside pilot; Savage/Genebass overlap; EA excluded	Independent ancestry-matched fine-mapping excludes rs707938 and assigns a different variant/gene (e.g. ACOT13, RP1-30M3.5, C6orf62); adult-specific perturbation in the implicated cell type has no predicted functional effect despite verified engagement. Shared-signal evidence disappears on multiple-signal conditioning or complete variant coverage.	association hypothesis only; not an enhancement target
303	ENSG00000008300	CELSR3	303	R001	rs13096357	7.3e-09	2.774e-07	0.0052464662	26447	38	145	MAP4;RPS27P30;RN7SL664P;RPL17P16;CDC25A;SNRPFP4;RNU7-128P;NDUFB1P1;MIR4443;CAMP;ZNF589;MRPS18AP1;Y_RNA;FCF1P2;NME6;SPINK8;MIR2115;FBXW12;RN7SL321P;PLXNB1;CCDC51;TMA7;RP11-24C3.2;ATRIP;TREX1;SHISA5;AC104448.1;PFKFB4;UCN2;COL7A1;MIR711;UQCRC1;TMEM89;SLC26A6;MIR4793;LINC02585;NCKIPSD;RP11-572O6.1;IP6K2;PRKAR2A;PRKAR2A-AS1;SLC25A20;ARIH2OS;ARIH2;RP13-131K19.1;RP13-131K19.2;RP13-131K19.7;P4HTM;WDR6;DALRD3;MIR425;NDUFAF3;MIR191;IMPDH2;RP13-131K19.6;QRICH1;RN7SL182P;QARS1;USP19;LAMB2;LAMB2P1;CCDC71;KLHDC8B;CIMIP7;IHO1;GCSHP6;RP11-3B7.1;C3orf62;Y_RNA;MIR4271;USP4;GPX1;RHOA;RHOA-IT1;TCTA;AMT;NICN1-AS1;NICN1;RNA5SP130;DAG1;BSN-DT;BSN;BSN-AS1;APEH;MST1;AC099668.5;RNF123;AMIGO3;GMPPB;IP6K1;COX6CP14;PHF5AP3;CDHR4;INKA1;UBA7;MIR5193;AC139451.1;TRAIP;CAMKV;RN7SL217P;ACTL11P;MST1R;CTD-2330K9.2;CTD-2330K9.3;MON1A;RBM6;RBM5;SEMA3F-AS1;SEMA3F;MIR566;GNAT1;SLC38A3;GNAI2;U73169.1;LINC03143;SEMA3B-AS1;SEMA3B;LSMEM2;IFRD2;HYAL3;NAA80;HYAL1;HYAL2;TUSC2;RASSF1;ZMYND10-AS1;ZMYND10;NPRL2;CYB561D2;XXcos-LUCA11.5;TMEM115;CACNA2D2;XXcos-LUCA11.4;RNA5SP131;C3orf18;HEMK1;CISH;MAPKAPK3;LINC02019;MIR4787;DOCK3;PPIAP69;RP11-646D13.1;ZNF652P1;ST13P14	4.4	10330	Unknome 18_Mar_2026; maximum over uniquely HGNC-mapped proteins; derived/knownness-ranks.tsv	Tbio	48	unique	0.10987555455692072	1462	False	0.004393943784328371	0.45628473008542625	NA	unresolved competing genes; gene-body association is not causal assignment	Lifelong developmental, systemic and adult explanations remain. Adult tissue expression observed (cerebellum); timing not identified.	15.4	cerebellum	not established; target mapping/primary phenotype table unavailable	Tian 2019 iPSC-derived glutamatergic neuron survival D14/D21/D28; CROP-seq D7 transcription; not cognitive performance or mature adult physiology	9.567e-11	positional;eQTL	False	False	Lee CP GCST006572 + GENCODE v19; HGNC/Unknome/Pharos/HPA separate annotations; EUR LD + GTEx DLPFC/Catalogue + chain/VEP + Tian guide coverage pilot; Savage/Genebass overlap; EA excluded	Independent ancestry-matched fine-mapping excludes rs13096357 and assigns a different variant/gene (e.g. MAP4, RPS27P30, RN7SL664P); adult-specific perturbation in the implicated cell type has no predicted functional effect despite verified engagement. Shared-signal evidence disappears on multiple-signal conditioning or complete variant coverage.	association hypothesis only; not an enhancement target
304	ENSG00000113119	TMCO6	304	R024	rs753280	1.39e-08	2.7800000000000003e-07	0.005257814	5982	20	84	CTD-3224K15.3;CXXC5;CXXC5-AS1;CTB-35F21.1;RNU6-236P;PSD2-AS1;CTB-35F21.3;CTB-35F21.5;PSD2;NRG2;NRG2-AS1;Y_RNA;MALINC1;PURA;IGIP;CTB-131B5.5;CYSTM1;AC011379.1;CTB-131B5.2;PFDN1;HBEGF;CTC-329D1.3;SLC4A9;ANKHD1-DT;RNU4-14P;ANKHD1;ANKHD1-EIF4EBP3;SNORD45;SRA1;EIF4EBP3;APBB3;SLC35A4;SNORA27;HAUS1P1;RPL36P11;CD14;NDUFA2;IK;MIR3655;WDR55;DND1;HARS1;HARS2;ZMAT2;VTRNA1-1;VTRNA1-2;VTRNA1-3;RP11-515C16.7;AC005609.2;PCDHA1;PCDHA2;PCDHA3;PCDHA4;PCDHA5;PCDHA6;PCDHA7;PCDHA8;PCDHA9;PCDHA10;AC005609.1;PCDHA14;PCDHA11;PCDHA12;PCDHA13;PCDHAC1;PCDHAC2;PCDHB1;PCDHB2;PCDHB-AS1;PCDHB3;AC005754.8;PCDHB4;PCDHB5;PCDHB6;PCDHB17P;PCDHB7;PCDHB8;PCDHB16;PCDHB9;PCDHB10;PCDHB11;PCDHB12;PCDHB13;PCDHB14	0.0	1	Unknome 18_Mar_2026; maximum over uniquely HGNC-mapped proteins; derived/knownness-ranks.tsv	Tdark	19	unique	NA	NA	NA	NA	NA	NA	unresolved competing genes; gene-body association is not causal assignment	Lifelong developmental, systemic and adult explanations remain. Adult tissue expression observed (spinal cord); timing not identified.	5.1	spinal cord	not checked outside pilot	not checked outside pilot	5.2306e-07	positional;eQTL;chromatin	False	False	Lee CP GCST006572 + GENCODE v19; HGNC/Unknome/Pharos/HPA separate annotations; LD/QTL/perturbation not followed outside pilot; Savage/Genebass overlap; EA excluded	Independent ancestry-matched fine-mapping excludes rs753280 and assigns a different variant/gene (e.g. CTD-3224K15.3, CXXC5, CXXC5-AS1); adult-specific perturbation in the implicated cell type has no predicted functional effect despite verified engagement. Shared-signal evidence disappears on multiple-signal conditioning or complete variant coverage.	association hypothesis only; not an enhancement target
305	ENSG00000204410	MSH5	305	R008	rs707938	4.18e-09	2.8006e-07	0.005296774779999999	24898	67	515	ACOT13;RP1-30M3.5;C6orf62;RP1-30M3.6;LINC02828;AP3S1P1;GMNN;ARMH2;RIPOR2;AL512428.1;MTCO2P33;PPIAP29;RP11-367G6.3;ASS1P1;RN7SL334P;RP3-425P12.5;RP3-425P12.1;RP3-425P12.2;CMAHP;NUP50P2;CANT1P1;UBE2D3P5;RNY5P5;AL590084.1;RP11-191A15.4;RP3-522P13.3;KATNBL1P5;RPL21P68;HNRNPA3P17;CARMIL1;Y_RNA;RNU6-987P;AL160037.1;snoU13;SCGN;PRELID1P2;H2AC1;H2BC1;H2BC2P;H2AC2P;SLC17A4;SLC17A1;SLC17A3;H2AC3P;SLC17A2;TRIM38;U91328.21;U91328.20;LINC02980;U91328.22;H3P26;H1-1;HIST1H3A;HIST1H4A;HIST1H4B;HIST1H3B;HIST1H2AB;HIST1H2BB;H2AC5P;HIST1H3C;H1-2;HFE;H4C3;H1-6;H2BC4;H2AC6;H1-4;H2BC5;LARP1P1;HIST1H2BE;HIST1H4D;H1-12P;H3C4;H2AC7;HIST1H2BF;RP1-34B20.4;HIST1H4E;HIST1H2BG;HIST1H2AE;HIST1H3E;H2AC9P;H1-3;HIST1H4F;HIST1H4G;HIST1H3F;HIST1H2BH;HIST1H3G;H2AC10P;HIST1H2BI;H4C8;H3C9P;RNU6-1259P;BTN3A2;AL021917.1;BTN2A2;BTN3A1;BTN2A3P;BTN3A3;BTN2A1;BTN1A1;RNU6-502P;HCG11;CTA-14H9.5;HMGN4;ABT1;RP11-457M11.6;VN1R14P;RP11-457M11.2;ZNF322;RP11-457M11.5;GUSBP2;POM121L6P;LINC00240;RP11-239L20.6;TRNAI2;VN1R12P;VN1R13P;VN1R11P;RNU2-62P;RP1-86C11.7;H2BC11;H2AC11;H2BC12;HIST1H4I;HIST1H2AH;MIR3143;RPL10P2;PRSS16;CDCA7P1;POM121L2;VN1R10P;ZNF204P;ZNF391;RP1-153G14.4;MCFD2P1;ZNF184;XXbac-BPGBPG34I8.1;HNRNPA1P1;CD83P1;RNU6-471P;TRNAI6;RPL8P1;GPHRP1;RSL24D1P1;H4C10P;H2BC13;H2AC13;HIST1H3H;HIST1H2AJ;HIST1H2BM;H4C11;HIST1H4K;HIST1H2AK;H2BC15;H2BC16P;HIST1H2AL;H1-5;HIST1H3I;HIST1H4L;H3C12;HIST1H2AM;HIST1H2BO;RNU7-26P;OR2B2;OR2W6P;OR2B6;RPLP2P1;OR2W4P;IQCB2P;U3;OR2W2P;OR2B7P;OR2B8;OR1F12P;RP1-313I6.12;ZNF165;ZSCAN12P1;ZNF602P;ZSCAN16-AS1;ZSCAN16;RP1-265C24.8;ZKSCAN8;ZKSCAN8P1;ZNF603P;ZKSCAN8P2;TOB2P1;ZSCAN9;ZKSCAN4;NKAPL;ZSCAN26;PGBD1;SMIM15P2;ZSCAN31;ZKSCAN3;ZSCAN12;RNU2-45P;ZSCAN23;COX11P1;OR2E1P;GPX6;GPX5;SCAND3;SCAND3-AS1;COX8CP1;AL121932.1;LINC00533;RPSAP2;AL662890.1;NOP56P1;AL662890.3;XXbac-BPG308K3.5;LINC01623;RPL13P;ZNF90P2;HCG14;TRIM27;RNU6-930P;LINC01556;KRT18P1;RN7SL471P;HCG15;HCG16;ZNF311;OR2AD1P;OR2W1;OR2P1P;SAR1AP1;OR2B3;OR2J1;OR2J3;XXbac-BCX196D17.5;OR2N1P;OR2J2;OR2J4P;OR2H4P;XXbac-BPG308J9.3;OR2G1P;OR2U1P;OR2U2P;OR2B4P;OR14J1;DDX6P1;OR5V1;OR12D3;OR12D2;OR12D1;OR11A1;OR10C1;OR2H1;UBDP1;MAS1LP1;MAS1L;RPS17P1;LINC02829;LINC01015;MAS1LP2;OR2I1;UBD;GABBR1;OR2H5P;TMEM183AP1;SNORD32B;RPL13AP;OR2H2;SUMO2P1;MOG;ZFP57;ZDHHC20P1;HLA-F;HCG4P11;HLA-F-AS1;RPL23AP1;MICE;HCG9P5;Y_RNA;IFITM4P;XXbac-BPG170G13.32;XXbac-BPG170G13.31;HLA-V;HCG4;HLA-P;RPL7AP7;MICG;HLA-G;HCG4P8;MICF;HCG4P7;HLA-H;HLA-T;DDX39BP1;MCCD1P1;HCG4B;HLA-K;HLA-U;HLA-A;HCG4P5;HLA-W;MICD;HCG9;DDX39BP2;MCCD1P2;POLR1HASP;HCG4P3;HLA-J;ETF1P1;POLR1H;PPP1R11;RNF39;AL669914.1;TRIM31;TRIM31-AS1;SNORA48;TRIM40;TRIM10;TRIM15;TRIM26;PAIP1P1;HCG17;TRIM26BP;HLA-L;HCG18;TRIM39;TRIM39-RPP21;RPP21;HLA-N;HCG19P;UBQLN1P1;MICC;TMPOP1;SUCLA2P1;RANP1;HLA-E;LINC02569;GNL1;PRR3;ABCF1;MIR877;PPP1R10;AL662800.1;MRPS18B;ATAT1;PTMAP1;C6orf136;AL662800.2;DHX16;PPP1R18;NRM;RPL7P4;MDC1;MDC1-AS1;TUBB;XXbac-BPG252P9.9;FLOT1;Y_RNA;IER3-AS1;IER3;RN7SL353P;HCG20;LINC00243;LINC02570;RN7SKP186;DDR1-DT;DDR1;MIR4640;RN7SL175P;GTF2H4;VARS2;SFTA2;Y_RNA;MUCL3;HCG21;MUC21;MUC22;HCG22;RNU6-1133P;C6orf15;PSORS1C1;CDSN;PSORS1C2;POLR2LP1;CCHCR1;TCF19;POU5F1;PSORS1C3;XXbac-BPG299F13.17;HCG27;XXbac-BPG299F13.14;XXbac-BPG299F13.15;XXbac-BPG299F13.16;HLA-C;USP8P1;RPL3P2;WASF5P;LINC02571;XXbac-BPG248L24.10;HLA-B;XXbac-BPG248L24.12;DHFRP2;RNU6-283P;AL671883.1;FGFR3P1;ZDHHC20P2;HLA-S;XXbac-BPG181B23.7;HCP5;Y_RNA;MICA;LINC01149;XXbac-BPG181B23.6;MICB;Y_RNA;XXbac-BPG16N22.5;PPIAP9;RPL15P4;MCCD1;ATP6V1G2-DDX39B;DDX39B;SNORD117;SNORD84;DDX39B-AS1;ATP6V1G2;NFKBIL1;LTA;TNF;LTB;LST1;NCR3;UQCRHP1;AIF1;PRRC2A;SNORA38;BAG6;APOM;C6orf47;C6orf47-AS1;GPANK1;Y_RNA;CSNK2B;CSNK2B-LY6G5B-1181;LY6G5B;LY6G5C;ABHD16A;XXbac-BPG32J3.20;MIR4646;LY6G6F;LY6G6F-LY6G6D;LY6G6E;LY6G6D;MPIG6B;LY6G6C;DDAH2;CLIC1;MSH5-SAPCD1;RNU6-850P;SAPCD1;SAPCD1-AS1;VWA7;VARS1;Y_RNA;LSM2;HSPA1L;HSPA1A;HSPA1B;SNHG32;SNORD48;SNORD52;NEU1;SLC44A4;EHMT2;EHMT2-AS1;C2;ZBTB12;CFB;CFB;NELFE;MIR1236;SKIC2;DXO;WHR1;C4A;C4A-AS1;CYP21A1P;AL645922.1;TNXA;WHR1B;C4B;C4B-AS1;CYP21A2;TNXB;RNA5SP206;ATF6B;FKBPL;PRRT1;PPT2;PPT2-EGFL8;EGFL8;AGPAT1;RNF5;AGER;PBX2;XXbac-BPG300A18.13;GPSM3;NOTCH4;TSBP1-AS1;TSBP1;HNRNPA1P2;RNU6-603P;HCG23;BTNL2;HLA-DRA;HLA-DRB9;HLA-DRB5;RNU1-61P;HLA-DRB6;HLA-DRB1	1.6	5463	Unknome 18_Mar_2026; maximum over uniquely HGNC-mapped proteins; derived/knownness-ranks.tsv	Tbio	89	unique	NA	NA	NA	NA	NA	NA	unresolved competing genes; gene-body association is not causal assignment	Lifelong developmental, systemic and adult explanations remain. Adult tissue expression observed (spinal cord); timing not identified.	1.4	spinal cord	not checked outside pilot	not checked outside pilot	NA	NA	False	False	Lee CP GCST006572 + GENCODE v19; HGNC/Unknome/Pharos/HPA separate annotations; LD/QTL/perturbation not followed outside pilot; Savage/Genebass overlap; EA excluded	Independent ancestry-matched fine-mapping excludes rs707938 and assigns a different variant/gene (e.g. ACOT13, RP1-30M3.5, C6orf62); adult-specific perturbation in the implicated cell type has no predicted functional effect despite verified engagement. Shared-signal evidence disappears on multiple-signal conditioning or complete variant coverage.	association hypothesis only; not an enhancement target
306	ENSG00000168884	TNIP2	306	R045	rs4690055	3.8e-09	2.812e-07	0.0053183356	14729	74	34	NSD2;NELFA;MIR943;NICOL1;ASPNAT;POLN;RP11-317B7.2;RP11-317B7.3;HAUS3;COX6B1P5;MXD4;MIR4800;ZFYVE28;ZFYVE28-AS1;RN7SL589P;SPICP5;CFAP99;RP11-503N18.3;RNF4;RP11-503N18.4;RP11-503N18.5;WI2-89927D4.1;Y_RNA;FAM193A;SH3BP2;ADD1;SLC75A1;NOP14-AS1;NOP14;GRK4;RNU6-204P;HTT-AS;HTT;MSANTD1	11.0	16257	Unknome 18_Mar_2026; maximum over uniquely HGNC-mapped proteins; derived/knownness-ranks.tsv	Tbio	106	unique	NA	NA	NA	NA	NA	NA	unresolved competing genes; gene-body association is not causal assignment	Lifelong developmental, systemic and adult explanations remain. Adult tissue expression observed (spinal cord); timing not identified.	13.5	spinal cord	not checked outside pilot	not checked outside pilot	1.2885e-07	positional;eQTL	False	False	Lee CP GCST006572 + GENCODE v19; HGNC/Unknome/Pharos/HPA separate annotations; LD/QTL/perturbation not followed outside pilot; Savage/Genebass overlap; EA excluded	Independent ancestry-matched fine-mapping excludes rs4690055 and assigns a different variant/gene (e.g. NSD2, NELFA, MIR943); adult-specific perturbation in the implicated cell type has no predicted functional effect despite verified engagement. Shared-signal evidence disappears on multiple-signal conditioning or complete variant coverage.	association hypothesis only; not an enhancement target
307	ENSG00000011347	SYT7	307	R095	rs77128898	1.72e-09	2.8208e-07	0.00533497904	65836	164	42	CD6;LINC02954;CD5;VPS37C;PGA3;PGA4;CTD-2331C18.5;PGA5;VWCE;DDB1;TKFC;CYB561A3;TMEM138;TMEM216;CPSF7;RP11-286N22.8;SDHAF2;RN7SL23P;SAXO4;RP11-286N22.10;MIR4488;LRRC10B;RP11-794G24.1;RP11-855O10.2;RPLP0P2;LINC03144;DAGLA;MYRF-AS1;MYRF;TMEM258;MIR611;FEN1;FADS2;FADS1;MIR1908;FADS3;RAB3IL1;RNU6-1243P;BEST1;FTH1;AP003733.1;RP11-810P12.1	11.6	16500	Unknome 18_Mar_2026; maximum over uniquely HGNC-mapped proteins; derived/knownness-ranks.tsv	Tbio	54	unique	NA	NA	NA	NA	NA	NA	unresolved competing genes; gene-body association is not causal assignment	Lifelong developmental, systemic and adult explanations remain. Adult tissue expression observed (cerebral cortex); timing not identified.	60.4	cerebral cortex	not checked outside pilot	not checked outside pilot	NA	NA	False	False	Lee CP GCST006572 + GENCODE v19; HGNC/Unknome/Pharos/HPA separate annotations; LD/QTL/perturbation not followed outside pilot; Savage/Genebass overlap; EA excluded	Independent ancestry-matched fine-mapping excludes rs77128898 and assigns a different variant/gene (e.g. CD6, LINC02954, CD5); adult-specific perturbation in the implicated cell type has no predicted functional effect despite verified engagement. Shared-signal evidence disappears on multiple-signal conditioning or complete variant coverage.	association hypothesis only; not an enhancement target
308	ENSG00000108395	TRIM37	308	R090	rs74370218	9.81e-10	2.8252800000000003e-07	0.005343452064000001	124284	288	63	CUEDC1;CUEDC1-AS1;VEZF1;RP11-159D12.5;RP11-159D12.2;SRSF1;DYNLL2-DT;DYNLL2;OR4D1;MSX2P1;OR4D2;EPX;MKS1;LPO;MPO;TSPOAP1;TSPOAP1-AS1;MIR142HG;MIR4736;SUPT4H1;RNF43;HSF5;AC023992.1;SETP3;MTMR4;SEPTIN4-AS1;SEPTIN4;C17orf47;TEX14;U3;RNU1-60P;IGBP1C;RNU1-108P;CTD-2200P10.3;RNU1-52P;RNVU1-34;RAD51C;PPM1E;RNU6-518P;RP11-579O24.1;RP11-579O24.3;AC100832.1;RN7SL716P;AC099850.1;SKA2;RNU2-58P;MIR454;MIR301A;PRR11;SPDYE22P;CTD-2510F5.6;PRR11-AS1;SMG8;GDPD1;Y_RNA;SNRPGP17;YPEL2;MIR4729;RP11-567L7.5;LINC01476;RNU4-13P;DHX40;CLTC	15.0	17507	Unknome 18_Mar_2026; maximum over uniquely HGNC-mapped proteins; derived/knownness-ranks.tsv	Tbio	152	unique	NA	NA	NA	NA	NA	NA	unresolved competing genes; gene-body association is not causal assignment	Lifelong developmental, systemic and adult explanations remain. Adult tissue expression observed (cerebellum); timing not identified.	39.2	cerebellum	not checked outside pilot	not checked outside pilot	6.6351e-13	positional;eQTL;chromatin	False	False	Lee CP GCST006572 + GENCODE v19; HGNC/Unknome/Pharos/HPA separate annotations; LD/QTL/perturbation not followed outside pilot; Savage/Genebass overlap; EA excluded	Independent ancestry-matched fine-mapping excludes rs74370218 and assigns a different variant/gene (e.g. CUEDC1, CUEDC1-AS1, VEZF1); adult-specific perturbation in the implicated cell type has no predicted functional effect despite verified engagement. Shared-signal evidence disappears on multiple-signal conditioning or complete variant coverage.	association hypothesis only; not an enhancement target
309	ENSG00000182196	ARL6IP4	309	NA	rs55742290	1.46e-07	2.92e-07	0.005522596	2850	2	0		NA	NA	Unknome unmapped/unscored; not zero knownness	Tbio	100	unique	NA	NA	NA	NA	NA	NA	unresolved competing genes; gene-body association is not causal assignment	Lifelong developmental, systemic and adult explanations remain. Adult tissue expression observed (amygdala); timing not identified.	269.2	amygdala	not checked outside pilot	not checked outside pilot	NA	positional;eQTL;chromatin	False	False	Lee CP GCST006572 + GENCODE v19; HGNC/Unknome/Pharos/HPA separate annotations; LD/QTL/perturbation not followed outside pilot; Savage/Genebass overlap; EA excluded	Independent ancestry-matched fine-mapping excludes rs55742290 and assigns a different variant/gene; adult-specific perturbation in the implicated cell type has no predicted functional effect despite verified engagement. Shared-signal evidence disappears on multiple-signal conditioning or complete variant coverage.	association hypothesis only; not an enhancement target
310	ENSG00000145723	GIN1	310	R059	rs115505614	2.65e-09	3.3125e-07	0.00626493125	34152	125	22	RN7SL802P;OR7H2P;RP11-1152B5.1;RNA5SP188;CTD-2333K2.1;SLCO4C1;AC008948.1;RN7SKP68;SLCO6A1;SLCO6A1-DT;LINC00492;CTD-2340E1.2;LINC00491;PAM;EIF3KP1;PPIP5K2;CTC-503K11.2;MACIR;CTD-2154H6.1;PDZPH1P;LINC02115;NUDT12	0.0	1	Unknome 18_Mar_2026; maximum over uniquely HGNC-mapped proteins; derived/knownness-ranks.tsv	Tbio	16	unique	NA	NA	NA	NA	NA	NA	unresolved competing genes; gene-body association is not causal assignment	Lifelong developmental, systemic and adult explanations remain. Adult tissue expression observed (cerebellum); timing not identified.	2.8	cerebellum	not checked outside pilot	not checked outside pilot	NA	positional;chromatin	False	False	Lee CP GCST006572 + GENCODE v19; HGNC/Unknome/Pharos/HPA separate annotations; LD/QTL/perturbation not followed outside pilot; Savage/Genebass overlap; EA excluded	Independent ancestry-matched fine-mapping excludes rs115505614 and assigns a different variant/gene (e.g. RN7SL802P, OR7H2P, RP11-1152B5.1); adult-specific perturbation in the implicated cell type has no predicted functional effect despite verified engagement. Shared-signal evidence disappears on multiple-signal conditioning or complete variant coverage.	association hypothesis only; not an enhancement target
311	ENSG00000132170	PPARG	311	R086	rs7626560	7.34e-10	3.39108e-07	0.006413549604	146989	462	26	RN7SL147P;SYN2;ACTG1P12;AC026166.1;TIMP4;MTCO1P5;GSTM5P1;PFDN1P1;TSEN2;RNU6-404P;RNA5SP123;RNU6-377P;MKRN2OS;MKRN2;RAF1;snoU13;CRIP1P1;TMEM40;KRT18P17;CAND2;RP11-767C1.2;RPL32;SNORA7A;IFT122P1;LINC02022;IQSEC1	87.1	19261	Unknome 18_Mar_2026; maximum over uniquely HGNC-mapped proteins; derived/knownness-ranks.tsv	Tclin	2555	unique	NA	NA	NA	NA	NA	NA	unresolved competing genes; gene-body association is not causal assignment	Lifelong developmental, systemic and adult explanations remain. Adult tissue expression observed (cerebral cortex); timing not identified.	2.9	cerebral cortex	not checked outside pilot	not checked outside pilot	NA	NA	False	False	Lee CP GCST006572 + GENCODE v19; HGNC/Unknome/Pharos/HPA separate annotations; LD/QTL/perturbation not followed outside pilot; Savage/Genebass overlap; EA excluded	Independent ancestry-matched fine-mapping excludes rs7626560 and assigns a different variant/gene (e.g. RN7SL147P, SYN2, ACTG1P12); adult-specific perturbation in the implicated cell type has no predicted functional effect despite verified engagement. Shared-signal evidence disappears on multiple-signal conditioning or complete variant coverage.	association hypothesis only; not an enhancement target
312	ENSG00000165916	PSMC3	312	R074	rs3781626	2.13e-08	3.408e-07	0.0064455504	7674	16	59	LRP4-AS1;LRP4;CSTPP1;CTD-2384B9.1;RP11-390K5.3;ARFGAP2;RP11-390K5.6;PACSIN3;RP11-390K5.1;RN7SL772P;DDB2;RP11-17G12.2;ACP2;NR1H3;MADD;MADD-AS1;MYBPC3;SPI1;SLC39A13-AS1;AC090559.2;MIR4487;SLC39A13;RAPSN;RNU6-1302P;CELF1;AC090559.1;RP11-750H9.7;RN7SL652P;NDUFS3;PTPMT1;KBTBD4;RNU5E-10P;KBTBD4;FAM180B;C1QTNF4;Y_RNA;MTCH2;AGBL2;FNBP4;Y_RNA;snoU13;NUP160;RP11-692M12.5;RNA5SP340;Y_RNA;YPEL5P2;RP11-793I11.1;PTPRJ;PTPRJ-AS1;MIR3161;OR4B1;OR4B2P;OR4X2;OR4X1;OR4S1;OR4C3;OR4C4P;OR4C5;OR4C2P	8.8	15033	Unknome 18_Mar_2026; maximum over uniquely HGNC-mapped proteins; derived/knownness-ranks.tsv	Tchem	370	unique	NA	NA	NA	NA	NA	NA	unresolved competing genes; gene-body association is not causal assignment	Lifelong developmental, systemic and adult explanations remain. Adult tissue expression observed (basal ganglia); timing not identified.	151.1	basal ganglia	not checked outside pilot	not checked outside pilot	2.6882e-08	positional;eQTL	False	False	Lee CP GCST006572 + GENCODE v19; HGNC/Unknome/Pharos/HPA separate annotations; LD/QTL/perturbation not followed outside pilot; Savage/Genebass overlap; EA excluded	Independent ancestry-matched fine-mapping excludes rs3781626 and assigns a different variant/gene (e.g. LRP4-AS1, LRP4, CSTPP1); adult-specific perturbation in the implicated cell type has no predicted functional effect despite verified engagement. Shared-signal evidence disappears on multiple-signal conditioning or complete variant coverage.	association hypothesis only; not an enhancement target
313	ENSG00000182628	SKA2	313	R090	rs1871751	4.44e-09	3.4188000000000004e-07	0.006465976440000001	45319	77	63	CUEDC1;CUEDC1-AS1;VEZF1;RP11-159D12.5;RP11-159D12.2;SRSF1;DYNLL2-DT;DYNLL2;OR4D1;MSX2P1;OR4D2;EPX;MKS1;LPO;MPO;TSPOAP1;TSPOAP1-AS1;MIR142HG;MIR4736;SUPT4H1;RNF43;HSF5;AC023992.1;SETP3;MTMR4;SEPTIN4-AS1;SEPTIN4;C17orf47;TEX14;U3;RNU1-60P;IGBP1C;RNU1-108P;CTD-2200P10.3;RNU1-52P;RNVU1-34;RAD51C;PPM1E;RNU6-518P;RP11-579O24.1;RP11-579O24.3;TRIM37;AC100832.1;RN7SL716P;AC099850.1;RNU2-58P;MIR454;MIR301A;PRR11;SPDYE22P;CTD-2510F5.6;PRR11-AS1;SMG8;GDPD1;Y_RNA;SNRPGP17;YPEL2;MIR4729;RP11-567L7.5;LINC01476;RNU4-13P;DHX40;CLTC	6.5	13008	Unknome 18_Mar_2026; maximum over uniquely HGNC-mapped proteins; derived/knownness-ranks.tsv	Tbio	81	unique	NA	NA	NA	NA	NA	NA	unresolved competing genes; gene-body association is not causal assignment	Lifelong developmental, systemic and adult explanations remain. Adult tissue expression observed (cerebellum); timing not identified.	53.5	cerebellum	not checked outside pilot	not checked outside pilot	4.8435e-11	positional;eQTL;chromatin	False	False	Lee CP GCST006572 + GENCODE v19; HGNC/Unknome/Pharos/HPA separate annotations; LD/QTL/perturbation not followed outside pilot; Savage/Genebass overlap; EA excluded	Independent ancestry-matched fine-mapping excludes rs1871751 and assigns a different variant/gene (e.g. CUEDC1, CUEDC1-AS1, VEZF1); adult-specific perturbation in the implicated cell type has no predicted functional effect despite verified engagement. Shared-signal evidence disappears on multiple-signal conditioning or complete variant coverage.	association hypothesis only; not an enhancement target
314	ENSG00000213719	CLIC1	314	R008	rs3131383	2.07e-08	3.519e-07	0.0066554847	9183	17	515	ACOT13;RP1-30M3.5;C6orf62;RP1-30M3.6;LINC02828;AP3S1P1;GMNN;ARMH2;RIPOR2;AL512428.1;MTCO2P33;PPIAP29;RP11-367G6.3;ASS1P1;RN7SL334P;RP3-425P12.5;RP3-425P12.1;RP3-425P12.2;CMAHP;NUP50P2;CANT1P1;UBE2D3P5;RNY5P5;AL590084.1;RP11-191A15.4;RP3-522P13.3;KATNBL1P5;RPL21P68;HNRNPA3P17;CARMIL1;Y_RNA;RNU6-987P;AL160037.1;snoU13;SCGN;PRELID1P2;H2AC1;H2BC1;H2BC2P;H2AC2P;SLC17A4;SLC17A1;SLC17A3;H2AC3P;SLC17A2;TRIM38;U91328.21;U91328.20;LINC02980;U91328.22;H3P26;H1-1;HIST1H3A;HIST1H4A;HIST1H4B;HIST1H3B;HIST1H2AB;HIST1H2BB;H2AC5P;HIST1H3C;H1-2;HFE;H4C3;H1-6;H2BC4;H2AC6;H1-4;H2BC5;LARP1P1;HIST1H2BE;HIST1H4D;H1-12P;H3C4;H2AC7;HIST1H2BF;RP1-34B20.4;HIST1H4E;HIST1H2BG;HIST1H2AE;HIST1H3E;H2AC9P;H1-3;HIST1H4F;HIST1H4G;HIST1H3F;HIST1H2BH;HIST1H3G;H2AC10P;HIST1H2BI;H4C8;H3C9P;RNU6-1259P;BTN3A2;AL021917.1;BTN2A2;BTN3A1;BTN2A3P;BTN3A3;BTN2A1;BTN1A1;RNU6-502P;HCG11;CTA-14H9.5;HMGN4;ABT1;RP11-457M11.6;VN1R14P;RP11-457M11.2;ZNF322;RP11-457M11.5;GUSBP2;POM121L6P;LINC00240;RP11-239L20.6;TRNAI2;VN1R12P;VN1R13P;VN1R11P;RNU2-62P;RP1-86C11.7;H2BC11;H2AC11;H2BC12;HIST1H4I;HIST1H2AH;MIR3143;RPL10P2;PRSS16;CDCA7P1;POM121L2;VN1R10P;ZNF204P;ZNF391;RP1-153G14.4;MCFD2P1;ZNF184;XXbac-BPGBPG34I8.1;HNRNPA1P1;CD83P1;RNU6-471P;TRNAI6;RPL8P1;GPHRP1;RSL24D1P1;H4C10P;H2BC13;H2AC13;HIST1H3H;HIST1H2AJ;HIST1H2BM;H4C11;HIST1H4K;HIST1H2AK;H2BC15;H2BC16P;HIST1H2AL;H1-5;HIST1H3I;HIST1H4L;H3C12;HIST1H2AM;HIST1H2BO;RNU7-26P;OR2B2;OR2W6P;OR2B6;RPLP2P1;OR2W4P;IQCB2P;U3;OR2W2P;OR2B7P;OR2B8;OR1F12P;RP1-313I6.12;ZNF165;ZSCAN12P1;ZNF602P;ZSCAN16-AS1;ZSCAN16;RP1-265C24.8;ZKSCAN8;ZKSCAN8P1;ZNF603P;ZKSCAN8P2;TOB2P1;ZSCAN9;ZKSCAN4;NKAPL;ZSCAN26;PGBD1;SMIM15P2;ZSCAN31;ZKSCAN3;ZSCAN12;RNU2-45P;ZSCAN23;COX11P1;OR2E1P;GPX6;GPX5;SCAND3;SCAND3-AS1;COX8CP1;AL121932.1;LINC00533;RPSAP2;AL662890.1;NOP56P1;AL662890.3;XXbac-BPG308K3.5;LINC01623;RPL13P;ZNF90P2;HCG14;TRIM27;RNU6-930P;LINC01556;KRT18P1;RN7SL471P;HCG15;HCG16;ZNF311;OR2AD1P;OR2W1;OR2P1P;SAR1AP1;OR2B3;OR2J1;OR2J3;XXbac-BCX196D17.5;OR2N1P;OR2J2;OR2J4P;OR2H4P;XXbac-BPG308J9.3;OR2G1P;OR2U1P;OR2U2P;OR2B4P;OR14J1;DDX6P1;OR5V1;OR12D3;OR12D2;OR12D1;OR11A1;OR10C1;OR2H1;UBDP1;MAS1LP1;MAS1L;RPS17P1;LINC02829;LINC01015;MAS1LP2;OR2I1;UBD;GABBR1;OR2H5P;TMEM183AP1;SNORD32B;RPL13AP;OR2H2;SUMO2P1;MOG;ZFP57;ZDHHC20P1;HLA-F;HCG4P11;HLA-F-AS1;RPL23AP1;MICE;HCG9P5;Y_RNA;IFITM4P;XXbac-BPG170G13.32;XXbac-BPG170G13.31;HLA-V;HCG4;HLA-P;RPL7AP7;MICG;HLA-G;HCG4P8;MICF;HCG4P7;HLA-H;HLA-T;DDX39BP1;MCCD1P1;HCG4B;HLA-K;HLA-U;HLA-A;HCG4P5;HLA-W;MICD;HCG9;DDX39BP2;MCCD1P2;POLR1HASP;HCG4P3;HLA-J;ETF1P1;POLR1H;PPP1R11;RNF39;AL669914.1;TRIM31;TRIM31-AS1;SNORA48;TRIM40;TRIM10;TRIM15;TRIM26;PAIP1P1;HCG17;TRIM26BP;HLA-L;HCG18;TRIM39;TRIM39-RPP21;RPP21;HLA-N;HCG19P;UBQLN1P1;MICC;TMPOP1;SUCLA2P1;RANP1;HLA-E;LINC02569;GNL1;PRR3;ABCF1;MIR877;PPP1R10;AL662800.1;MRPS18B;ATAT1;PTMAP1;C6orf136;AL662800.2;DHX16;PPP1R18;NRM;RPL7P4;MDC1;MDC1-AS1;TUBB;XXbac-BPG252P9.9;FLOT1;Y_RNA;IER3-AS1;IER3;RN7SL353P;HCG20;LINC00243;LINC02570;RN7SKP186;DDR1-DT;DDR1;MIR4640;RN7SL175P;GTF2H4;VARS2;SFTA2;Y_RNA;MUCL3;HCG21;MUC21;MUC22;HCG22;RNU6-1133P;C6orf15;PSORS1C1;CDSN;PSORS1C2;POLR2LP1;CCHCR1;TCF19;POU5F1;PSORS1C3;XXbac-BPG299F13.17;HCG27;XXbac-BPG299F13.14;XXbac-BPG299F13.15;XXbac-BPG299F13.16;HLA-C;USP8P1;RPL3P2;WASF5P;LINC02571;XXbac-BPG248L24.10;HLA-B;XXbac-BPG248L24.12;DHFRP2;RNU6-283P;AL671883.1;FGFR3P1;ZDHHC20P2;HLA-S;XXbac-BPG181B23.7;HCP5;Y_RNA;MICA;LINC01149;XXbac-BPG181B23.6;MICB;Y_RNA;XXbac-BPG16N22.5;PPIAP9;RPL15P4;MCCD1;ATP6V1G2-DDX39B;DDX39B;SNORD117;SNORD84;DDX39B-AS1;ATP6V1G2;NFKBIL1;LTA;TNF;LTB;LST1;NCR3;UQCRHP1;AIF1;PRRC2A;SNORA38;BAG6;APOM;C6orf47;C6orf47-AS1;GPANK1;Y_RNA;CSNK2B;CSNK2B-LY6G5B-1181;LY6G5B;LY6G5C;ABHD16A;XXbac-BPG32J3.20;MIR4646;LY6G6F;LY6G6F-LY6G6D;LY6G6E;LY6G6D;MPIG6B;LY6G6C;DDAH2;MSH5;MSH5-SAPCD1;RNU6-850P;SAPCD1;SAPCD1-AS1;VWA7;VARS1;Y_RNA;LSM2;HSPA1L;HSPA1A;HSPA1B;SNHG32;SNORD48;SNORD52;NEU1;SLC44A4;EHMT2;EHMT2-AS1;C2;ZBTB12;CFB;CFB;NELFE;MIR1236;SKIC2;DXO;WHR1;C4A;C4A-AS1;CYP21A1P;AL645922.1;TNXA;WHR1B;C4B;C4B-AS1;CYP21A2;TNXB;RNA5SP206;ATF6B;FKBPL;PRRT1;PPT2;PPT2-EGFL8;EGFL8;AGPAT1;RNF5;AGER;PBX2;XXbac-BPG300A18.13;GPSM3;NOTCH4;TSBP1-AS1;TSBP1;HNRNPA1P2;RNU6-603P;HCG23;BTNL2;HLA-DRA;HLA-DRB9;HLA-DRB5;RNU1-61P;HLA-DRB6;HLA-DRB1	4.5	10501	Unknome 18_Mar_2026; maximum over uniquely HGNC-mapped proteins; derived/knownness-ranks.tsv	Tchem	281	unique	NA	NA	NA	NA	NA	NA	unresolved competing genes; gene-body association is not causal assignment	Lifelong developmental, systemic and adult explanations remain. Adult tissue expression observed (spinal cord); timing not identified.	75.8	spinal cord	not checked outside pilot	not checked outside pilot	NA	NA	False	False	Lee CP GCST006572 + GENCODE v19; HGNC/Unknome/Pharos/HPA separate annotations; LD/QTL/perturbation not followed outside pilot; Savage/Genebass overlap; EA excluded	Independent ancestry-matched fine-mapping excludes rs3131383 and assigns a different variant/gene (e.g. ACOT13, RP1-30M3.5, C6orf62); adult-specific perturbation in the implicated cell type has no predicted functional effect despite verified engagement. Shared-signal evidence disappears on multiple-signal conditioning or complete variant coverage.	association hypothesis only; not an enhancement target
315	ENSG00000144218	AFF3	315	R013	rs34795510	2.21e-10	3.68407e-07	0.0069676815910000005	596879	1667	38	C2orf15;MRPL30;MITD1;MRPL30;LYG2;LYG1;TXNDC9;EIF5B;REV1;RP11-527J8.1;AC018690.1;AC092667.2;LINC01104;LONRF2;CYCSP7;RP11-292K15.1;CHST10;RALBP1P2;NMS;ARPP19P2;RN7SL611P;PDCL3;snoU13;HMGN2P22;RN7SL360P;LINC01849;NANOGNBP1;LINC01868;AC092168.4;NPAS2;AC092168.2;NPAS2-AS1;AC016738.4;RPL31;TBC1D8;BBIP1P1;RN7SL548P;TBC1D8-AS1	3.6	9147	Unknome 18_Mar_2026; maximum over uniquely HGNC-mapped proteins; derived/knownness-ranks.tsv	Tbio	72	unique	NA	NA	NA	NA	NA	NA	unresolved competing genes; gene-body association is not causal assignment	Lifelong developmental, systemic and adult explanations remain. Adult tissue expression observed (cerebellum); timing not identified.	11.3	cerebellum	not checked outside pilot	not checked outside pilot	1.8223e-09	positional;eQTL	False	False	Lee CP GCST006572 + GENCODE v19; HGNC/Unknome/Pharos/HPA separate annotations; LD/QTL/perturbation not followed outside pilot; Savage/Genebass overlap; EA excluded	Independent ancestry-matched fine-mapping excludes rs34795510 and assigns a different variant/gene (e.g. C2orf15, MRPL30, MITD1); adult-specific perturbation in the implicated cell type has no predicted functional effect despite verified engagement. Shared-signal evidence disappears on multiple-signal conditioning or complete variant coverage.	association hypothesis only; not an enhancement target
316	ENSG00000108389	MTMR4	316	R090	rs2302189	5.51e-09	3.6917e-07	0.00698211221	28369	67	63	CUEDC1;CUEDC1-AS1;VEZF1;RP11-159D12.5;RP11-159D12.2;SRSF1;DYNLL2-DT;DYNLL2;OR4D1;MSX2P1;OR4D2;EPX;MKS1;LPO;MPO;TSPOAP1;TSPOAP1-AS1;MIR142HG;MIR4736;SUPT4H1;RNF43;HSF5;AC023992.1;SETP3;SEPTIN4-AS1;SEPTIN4;C17orf47;TEX14;U3;RNU1-60P;IGBP1C;RNU1-108P;CTD-2200P10.3;RNU1-52P;RNVU1-34;RAD51C;PPM1E;RNU6-518P;RP11-579O24.1;RP11-579O24.3;TRIM37;AC100832.1;RN7SL716P;AC099850.1;SKA2;RNU2-58P;MIR454;MIR301A;PRR11;SPDYE22P;CTD-2510F5.6;PRR11-AS1;SMG8;GDPD1;Y_RNA;SNRPGP17;YPEL2;MIR4729;RP11-567L7.5;LINC01476;RNU4-13P;DHX40;CLTC	16.9	17853	Unknome 18_Mar_2026; maximum over uniquely HGNC-mapped proteins; derived/knownness-ranks.tsv	Tbio	50	unique	NA	NA	NA	NA	NA	NA	unresolved competing genes; gene-body association is not causal assignment	Lifelong developmental, systemic and adult explanations remain. Adult tissue expression observed (cerebellum); timing not identified.	34.1	cerebellum	not checked outside pilot	not checked outside pilot	1.8927e-07	positional;eQTL;chromatin	False	False	Lee CP GCST006572 + GENCODE v19; HGNC/Unknome/Pharos/HPA separate annotations; LD/QTL/perturbation not followed outside pilot; Savage/Genebass overlap; EA excluded	Independent ancestry-matched fine-mapping excludes rs2302189 and assigns a different variant/gene (e.g. CUEDC1, CUEDC1-AS1, VEZF1); adult-specific perturbation in the implicated cell type has no predicted functional effect despite verified engagement. Shared-signal evidence disappears on multiple-signal conditioning or complete variant coverage.	association hypothesis only; not an enhancement target
317	ENSG00000172346	CSDC2	317	R023	rs78404259	7.87e-09	3.6989000000000004e-07	0.00699572957	16979	47	149	CTA-150C2.13;APOBEC3A;APOBEC3B;APOBEC3B-AS1;APOBEC3C;APOBEC3D;APOBEC3F;APOBEC3G;CTA-150C2.20;RP4-742C19.12;APOBEC3H;CBX7;COX5BP7;FUNDC2P4;PDGFB;AL031590.1;RP3-333H23.8;RPL3;SNORD83B;SNORD83A;SNORD43;SYNGR1;TAB1;MGAT3;MGAT3-AS1;MIEF1;ATF4;RPS19BP1;CACNA1I;ENTHD1;MTFR2P2;RN7SKP210;UQCRFS1P1;GRAP2;TMA7B;SACK1F;TNRC6B-DT;TNRC6B;RPL7P52;ADSL;SGSM3;SGSM3-AS1;MRTFA;MRTFA-AS2;RP5-1042K10.12;MRTFA-AS1;AL031594.1;COX6B1P3;RPL4P6;GAPDHP37;MCHR1;SLC25A17;RFKP4;JTBP1;MIR4766;ST13;XPNPEP3;DNAJB7;snoU13;RNU6-379P;RBX1;Y_RNA;AL080243.1;RPS9P2;Y_RNA;ACTBP15;EP300;MIR1281;RNU6-375P;RP1-85F18.6;EP300-AS1;LRRC37A14P;L3MBTL2;L3MBTL2-AS1;CHADL;RANGAP1;AL035681.1;ZC3H7B;TEF;RNU6-495P;CTA-223H9.9;TOB2;PHF5A;ACO2;POLR3H;PMM1;DESI1;XRCC6;Y_RNA;SNU13;RNU6-476P;C22orf46P;Z83840.1;MEI1;HMGN2P10;RNU6ATAC22P;Y_RNA;CCDC134;SREBF2-AS1;SREBF2;MIR33A;SHISA8;CTA-250D10.23;MIR378I;TNFRSF13C;CENPM;SMIM45;SEPTIN3;CTA-250D10.19;WBP2NL;SLC25A5P1;NAGA;PHETA2;SNORD13P1;SMDT1;NDUFA6;RP1-257I20.14;NDUFA6-DT;OLA1P1;CYP2D6;RP4-669P10.19;RP4-669P10.16;CYP2D7;CYP2D8P;TCF20;OGFRP1;Z83851.4;CTA-989H11.1;LINC01315;NFAM1;CTA-126B4.7;SERHL;RRP7A;Z93241.1;SERHL2;RRP7BP;RN7SKP80;RNU6-513P;POLDIP3;RNU12;CYB5R3;ATP5MGL;A4GALT;Y_RNA;RPL5P34;GOLGA2P4;ARFGAP3;PACSIN2;COA1P1	1.6	5463	Unknome 18_Mar_2026; maximum over uniquely HGNC-mapped proteins; derived/knownness-ranks.tsv	Tbio	23	unique	NA	NA	NA	NA	NA	NA	unresolved competing genes; gene-body association is not causal assignment	Lifelong developmental, systemic and adult explanations remain. Adult tissue expression observed (cerebellum); timing not identified.	80.9	cerebellum	not checked outside pilot	not checked outside pilot	NA	eQTL	False	False	Lee CP GCST006572 + GENCODE v19; HGNC/Unknome/Pharos/HPA separate annotations; LD/QTL/perturbation not followed outside pilot; Savage/Genebass overlap; EA excluded	Independent ancestry-matched fine-mapping excludes rs78404259 and assigns a different variant/gene (e.g. CTA-150C2.13, APOBEC3A, APOBEC3B); adult-specific perturbation in the implicated cell type has no predicted functional effect despite verified engagement. Shared-signal evidence disappears on multiple-signal conditioning or complete variant coverage.	association hypothesis only; not an enhancement target
318	ENSG00000165923	AGBL2	318	R074	rs11602395	2.81e-09	3.7092e-07	0.00701520996	55799	132	59	LRP4-AS1;LRP4;CSTPP1;CTD-2384B9.1;RP11-390K5.3;ARFGAP2;RP11-390K5.6;PACSIN3;RP11-390K5.1;RN7SL772P;DDB2;RP11-17G12.2;ACP2;NR1H3;MADD;MADD-AS1;MYBPC3;SPI1;SLC39A13-AS1;AC090559.2;MIR4487;SLC39A13;PSMC3;RAPSN;RNU6-1302P;CELF1;AC090559.1;RP11-750H9.7;RN7SL652P;NDUFS3;PTPMT1;KBTBD4;RNU5E-10P;KBTBD4;FAM180B;C1QTNF4;Y_RNA;MTCH2;FNBP4;Y_RNA;snoU13;NUP160;RP11-692M12.5;RNA5SP340;Y_RNA;YPEL5P2;RP11-793I11.1;PTPRJ;PTPRJ-AS1;MIR3161;OR4B1;OR4B2P;OR4X2;OR4X1;OR4S1;OR4C3;OR4C4P;OR4C5;OR4C2P	1.5	4687	Unknome 18_Mar_2026; maximum over uniquely HGNC-mapped proteins; derived/knownness-ranks.tsv	Tchem	25	unique	NA	NA	NA	NA	NA	NA	unresolved competing genes; gene-body association is not causal assignment	Lifelong developmental, systemic and adult explanations remain. Adult tissue expression observed (basal ganglia); timing not identified.	1.0	basal ganglia	not checked outside pilot	not checked outside pilot	NA	positional;chromatin	False	False	Lee CP GCST006572 + GENCODE v19; HGNC/Unknome/Pharos/HPA separate annotations; LD/QTL/perturbation not followed outside pilot; Savage/Genebass overlap; EA excluded	Independent ancestry-matched fine-mapping excludes rs11602395 and assigns a different variant/gene (e.g. LRP4-AS1, LRP4, CSTPP1); adult-specific perturbation in the implicated cell type has no predicted functional effect despite verified engagement. Shared-signal evidence disappears on multiple-signal conditioning or complete variant coverage.	association hypothesis only; not an enhancement target
319	ENSG00000120314	WDR55	319	R024	rs2563314	1.31e-08	3.799e-07	0.0071850487	9449	29	84	CTD-3224K15.3;CXXC5;CXXC5-AS1;CTB-35F21.1;RNU6-236P;PSD2-AS1;CTB-35F21.3;CTB-35F21.5;PSD2;NRG2;NRG2-AS1;Y_RNA;MALINC1;PURA;IGIP;CTB-131B5.5;CYSTM1;AC011379.1;CTB-131B5.2;PFDN1;HBEGF;CTC-329D1.3;SLC4A9;ANKHD1-DT;RNU4-14P;ANKHD1;ANKHD1-EIF4EBP3;SNORD45;SRA1;EIF4EBP3;APBB3;SLC35A4;SNORA27;HAUS1P1;RPL36P11;CD14;NDUFA2;TMCO6;IK;MIR3655;DND1;HARS1;HARS2;ZMAT2;VTRNA1-1;VTRNA1-2;VTRNA1-3;RP11-515C16.7;AC005609.2;PCDHA1;PCDHA2;PCDHA3;PCDHA4;PCDHA5;PCDHA6;PCDHA7;PCDHA8;PCDHA9;PCDHA10;AC005609.1;PCDHA14;PCDHA11;PCDHA12;PCDHA13;PCDHAC1;PCDHAC2;PCDHB1;PCDHB2;PCDHB-AS1;PCDHB3;AC005754.8;PCDHB4;PCDHB5;PCDHB6;PCDHB17P;PCDHB7;PCDHB8;PCDHB16;PCDHB9;PCDHB10;PCDHB11;PCDHB12;PCDHB13;PCDHB14	0.5	1903	Unknome 18_Mar_2026; maximum over uniquely HGNC-mapped proteins; derived/knownness-ranks.tsv	Tdark	45	unique	NA	NA	NA	NA	NA	NA	unresolved competing genes; gene-body association is not causal assignment	Lifelong developmental, systemic and adult explanations remain. Adult tissue expression observed (cerebellum); timing not identified.	8.4	cerebellum	not checked outside pilot	not checked outside pilot	1.0913e-08	positional;eQTL;chromatin	False	False	Lee CP GCST006572 + GENCODE v19; HGNC/Unknome/Pharos/HPA separate annotations; LD/QTL/perturbation not followed outside pilot; Savage/Genebass overlap; EA excluded	Independent ancestry-matched fine-mapping excludes rs2563314 and assigns a different variant/gene (e.g. CTD-3224K15.3, CXXC5, CXXC5-AS1); adult-specific perturbation in the implicated cell type has no predicted functional effect despite verified engagement. Shared-signal evidence disappears on multiple-signal conditioning or complete variant coverage.	association hypothesis only; not an enhancement target
320	ENSG00000048828	FAM120A	320	R088	rs4744250	9.34e-10	3.83874e-07	0.007260208962	114394	411	21	FGD3;SUSD3;RP11-274J16.5;CARD19;NINJ1;RP11-370F5.4;WNK2;FAM120A2P;RNU6-829P;Y_RNA;RP11-165J3.5;RP11-165J3.6;FAM120AOS;AL353629.1;PHF2;MIR4291;RP11-53B5.1;BARX1;BARX1-DT;PTPDC1;CYCSP24	0.5	1903	Unknome 18_Mar_2026; maximum over uniquely HGNC-mapped proteins; derived/knownness-ranks.tsv	Tchem	200	unique	NA	NA	NA	NA	NA	NA	unresolved competing genes; gene-body association is not causal assignment	Lifelong developmental, systemic and adult explanations remain. Adult tissue expression observed (cerebral cortex); timing not identified.	28.1	cerebral cortex	not checked outside pilot	not checked outside pilot	3.4922e-09	NA	False	False	Lee CP GCST006572 + GENCODE v19; HGNC/Unknome/Pharos/HPA separate annotations; LD/QTL/perturbation not followed outside pilot; Savage/Genebass overlap; EA excluded	Independent ancestry-matched fine-mapping excludes rs4744250 and assigns a different variant/gene (e.g. FGD3, SUSD3, RP11-274J16.5); adult-specific perturbation in the implicated cell type has no predicted functional effect despite verified engagement. Shared-signal evidence disappears on multiple-signal conditioning or complete variant coverage.	association hypothesis only; not an enhancement target
321	ENSG00000107566	ERLIN1	321	R110	rs1408579	4.11e-09	3.9045e-07	0.00738458085	38241	95	33	RP11-483F11.7;ENTPD7;EBAG9P1;CUTC;COX15;ABCC2;NANOGP6;DNMBP;DNMBP-AS1;snoU13;CPN1;TPM4P1;SPCS2P2;CHUK;RP11-316M21.7;CHUK-DT;CWF19L1;SNORA12;PHB1P9;RNU6-422P;BLOC1S2;PKD2L1;SCD-DT;SCD;AL139819.1;OLMALINC;Y_RNA;RP11-285F16.1;WNT8B;SEC31B;NDUFB8;NDUFB8;HIF1AN	5.8	12204	Unknome 18_Mar_2026; maximum over uniquely HGNC-mapped proteins; derived/knownness-ranks.tsv	Tchem	172	unique	NA	NA	NA	NA	NA	NA	unresolved competing genes; gene-body association is not causal assignment	Lifelong developmental, systemic and adult explanations remain. Adult tissue expression observed (basal ganglia); timing not identified.	8.9	basal ganglia	not checked outside pilot	not checked outside pilot	NA	positional	False	False	Lee CP GCST006572 + GENCODE v19; HGNC/Unknome/Pharos/HPA separate annotations; LD/QTL/perturbation not followed outside pilot; Savage/Genebass overlap; EA excluded	Independent ancestry-matched fine-mapping excludes rs1408579 and assigns a different variant/gene (e.g. RP11-483F11.7, ENTPD7, EBAG9P1); adult-specific perturbation in the implicated cell type has no predicted functional effect despite verified engagement. Shared-signal evidence disappears on multiple-signal conditioning or complete variant coverage.	association hypothesis only; not an enhancement target
322	ENSG00000150394	CDH8	322	R072	rs7201179	3.31e-10	3.95876e-07	0.007487202788	389794	1196	7	RP11-109D24.1;RN7SKP76;CDH8-AS1;RNU6-21P;AC009161.1;snoU13;AC009110.1	4.9	11073	Unknome 18_Mar_2026; maximum over uniquely HGNC-mapped proteins; derived/knownness-ranks.tsv	Tbio	35	unique	NA	NA	NA	NA	NA	NA	unresolved competing genes; gene-body association is not causal assignment	Lifelong developmental, systemic and adult explanations remain. Adult tissue expression observed (cerebral cortex); timing not identified.	16.0	cerebral cortex	not checked outside pilot	not checked outside pilot	NA	positional	False	False	Lee CP GCST006572 + GENCODE v19; HGNC/Unknome/Pharos/HPA separate annotations; LD/QTL/perturbation not followed outside pilot; Savage/Genebass overlap; EA excluded	Independent ancestry-matched fine-mapping excludes rs7201179 and assigns a different variant/gene (e.g. RP11-109D24.1, RN7SKP76, CDH8-AS1); adult-specific perturbation in the implicated cell type has no predicted functional effect despite verified engagement. Shared-signal evidence disappears on multiple-signal conditioning or complete variant coverage.	association hypothesis only; not an enhancement target
323	ENSG00000143543	JTB	323	R050	rs11264763	2.01e-07	4.02e-07	0.007603026000000001	3420	2	79	PGLYRP3;PGLYRP4;RNU6-160P;S100A9;S100A12;LAPTM4BP1;S100A8;S100A15A;S100A7A;S100A7P1;S100A7L2;S100A7;RN7SL44P;BX470102.3;S100A6;S100A5;S100A4;S100A3;S100A2;S100A16;S100A14;S100A13;RP1-178F15.5;S100A1;RP1-178F15.4;CHTOP;SNAPIN;ILF2;NPR1;RN7SL372P;GEMIN2P1;Y_RNA;INTS3;RP11-216N14.8;RP11-216N14.9;snoU13;SLC27A3;Y_RNA;RP11-216N14.5;GATAD2B;RP11-216N14.7;RP11-759F5.1;DENND4B;CRTC2;SLC39A1;RP11-422P24.10;CREB3L4;JTB-DT;RAB13;RPS27;NUP210L;RP11-422P24.9;U3;RNU6-179P;RPS7P2;MIR5698;TPM3;RN7SL431P;MIR190B;CFAP141;LTAP1;UBAP2L;AL590431.1;SNORA58B;HAX1;SNORD59;RNU6-239P;RNU6-121P;AQP10;ATP8B2;RNU7-57P;RP11-350G8.4;RPSAP17;IL6R-AS1;IL6R;PSMD8P1;SHE;RP11-350G8.9;TDRD10	3.7	9268	Unknome 18_Mar_2026; maximum over uniquely HGNC-mapped proteins; derived/knownness-ranks.tsv	Tbio	54	unique	NA	NA	NA	NA	NA	NA	unresolved competing genes; gene-body association is not causal assignment	Lifelong developmental, systemic and adult explanations remain. Adult tissue expression observed (basal ganglia); timing not identified.	115.2	basal ganglia	not checked outside pilot	not checked outside pilot	NA	positional;chromatin	False	False	Lee CP GCST006572 + GENCODE v19; HGNC/Unknome/Pharos/HPA separate annotations; LD/QTL/perturbation not followed outside pilot; Savage/Genebass overlap; EA excluded	Independent ancestry-matched fine-mapping excludes rs11264763 and assigns a different variant/gene (e.g. PGLYRP3, PGLYRP4, RNU6-160P); adult-specific perturbation in the implicated cell type has no predicted functional effect despite verified engagement. Shared-signal evidence disappears on multiple-signal conditioning or complete variant coverage.	association hypothesis only; not an enhancement target
324	ENSG00000160957	RECQL4	324	R115	rs4244611	1.53e-08	4.131e-07	0.0078129603	6563	27	62	MROH1;AC104592.1;KM-PA-2;SCXB;FAM203B;AC110280.1;CTD-3232M19.2;BOP1;SCXA;HSF1;GS1-393G12.12;DGAT1;SCRT1;TMEM249;TMEM249;SLC52A2;FBXL6;ADCK5;CPSF1;MIR939;MIR1234;GS1-393G12.14;SLC39A4;VPS28;TONSL;TONSL-AS1;ZFTRAF1;CTD-2517M22.16;KIFC2;FOXH1;PPP1R16A;CTD-2517M22.14;CTD-2517M14.5;GPT;SLC33A2;CTD-2517M22.17;LRRC14;LRRC24;C8orf82;ARHGAP39;AC084125.1;AC084125.2;AC084125.3;CTD-2517M22.9;AF186192.1;AF186192.5;AF186192.6;ZNF251;ZNF34;RN7SL395P;RPL8;ZNF517;ZNF7;COMMD5;ZNF250;AF235103.1;ZNF16;ZNF252P;RP5-1047A19.4;TMED10P1;ZNF252P-AS1;RP5-1047A19.6	11.0	16257	Unknome 18_Mar_2026; maximum over uniquely HGNC-mapped proteins; derived/knownness-ranks.tsv	Tbio	227	unique	NA	NA	NA	NA	NA	NA	unresolved competing genes; gene-body association is not causal assignment	Lifelong developmental, systemic and adult explanations remain. Adult tissue expression observed (cerebellum); timing not identified.	14.0	cerebellum	not checked outside pilot	not checked outside pilot	2.5045e-09	positional;eQTL	False	False	Lee CP GCST006572 + GENCODE v19; HGNC/Unknome/Pharos/HPA separate annotations; LD/QTL/perturbation not followed outside pilot; Savage/Genebass overlap; EA excluded	Independent ancestry-matched fine-mapping excludes rs4244611 and assigns a different variant/gene (e.g. MROH1, AC104592.1, KM-PA-2); adult-specific perturbation in the implicated cell type has no predicted functional effect despite verified engagement. Shared-signal evidence disappears on multiple-signal conditioning or complete variant coverage.	association hypothesis only; not an enhancement target
325	ENSG00000155093	PTPRN2	325	R058	rs1009950	8.15e-11	4.137755e-07	0.0078257360315	1048731	5077	15	UBE3C;RPL36AP30;RP5-1142J19.1;RN7SL142P;DNAJB6;AC006372.4;AC006372.5;AC006372.6;AC006372.1;MIR153-2;AC005481.5;AC006003.3;PTPRN2-AS1;RP11-452C13.1;PTPRN2-AS2	3.8	9432	Unknome 18_Mar_2026; maximum over uniquely HGNC-mapped proteins; derived/knownness-ranks.tsv	Tbio	135	unique	NA	NA	NA	NA	NA	NA	unresolved competing genes; gene-body association is not causal assignment	Lifelong developmental, systemic and adult explanations remain. Adult tissue expression observed (cerebral cortex); timing not identified.	60.1	cerebral cortex	not checked outside pilot	not checked outside pilot	1.6446e-06	NA	False	False	Lee CP GCST006572 + GENCODE v19; HGNC/Unknome/Pharos/HPA separate annotations; LD/QTL/perturbation not followed outside pilot; Savage/Genebass overlap; EA excluded	Independent ancestry-matched fine-mapping excludes rs1009950 and assigns a different variant/gene (e.g. UBE3C, RPL36AP30, RP5-1142J19.1); adult-specific perturbation in the implicated cell type has no predicted functional effect despite verified engagement. Shared-signal evidence disappears on multiple-signal conditioning or complete variant coverage.	association hypothesis only; not an enhancement target
326	ENSG00000130748	TMEM160	326	R116	rs1862499	3.83e-08	4.213e-07	0.0079680469	2724	11	40	PPP5D1P;AC011551.3;GAPDHP38;CALM3;CTB-12A17.3;PTGIR;GNG8;DACT3;DACT3-AS1;PRKD2;RN7SL364P;MIR320E;STRN4;CTB-174O21.2;Y_RNA;FKRP;SLC1A5;HNRNPMP2;CTB-147N14.4;AP2S1;ARHGAP35;snoU13;NPAS1;ZC3H4;RN7SL533P;SAE1;BBC3;MIR3190;CCDC9;INAFM1;C5AR1;C5AR2;CTD-3023J11.2;DHX34;MEIS3;SLC8A2;KPTN;NAPA-AS1;NAPA;ZNF541	0.0	1	Unknome 18_Mar_2026; maximum over uniquely HGNC-mapped proteins; derived/knownness-ranks.tsv	Tdark	37	unique	NA	NA	NA	NA	NA	NA	unresolved competing genes; gene-body association is not causal assignment	Lifelong developmental, systemic and adult explanations remain. Adult tissue expression observed (amygdala); timing not identified.	99.9	amygdala	not checked outside pilot	not checked outside pilot	NA	positional;eQTL	False	False	Lee CP GCST006572 + GENCODE v19; HGNC/Unknome/Pharos/HPA separate annotations; LD/QTL/perturbation not followed outside pilot; Savage/Genebass overlap; EA excluded	Independent ancestry-matched fine-mapping excludes rs1862499 and assigns a different variant/gene (e.g. PPP5D1P, AC011551.3, GAPDHP38); adult-specific perturbation in the implicated cell type has no predicted functional effect despite verified engagement. Shared-signal evidence disappears on multiple-signal conditioning or complete variant coverage.	association hypothesis only; not an enhancement target
327	ENSG00000131495	NDUFA2	327	R024	rs778591	1.31e-08	4.585e-07	0.0086716105	9046	35	84	CTD-3224K15.3;CXXC5;CXXC5-AS1;CTB-35F21.1;RNU6-236P;PSD2-AS1;CTB-35F21.3;CTB-35F21.5;PSD2;NRG2;NRG2-AS1;Y_RNA;MALINC1;PURA;IGIP;CTB-131B5.5;CYSTM1;AC011379.1;CTB-131B5.2;PFDN1;HBEGF;CTC-329D1.3;SLC4A9;ANKHD1-DT;RNU4-14P;ANKHD1;ANKHD1-EIF4EBP3;SNORD45;SRA1;EIF4EBP3;APBB3;SLC35A4;SNORA27;HAUS1P1;RPL36P11;CD14;TMCO6;IK;MIR3655;WDR55;DND1;HARS1;HARS2;ZMAT2;VTRNA1-1;VTRNA1-2;VTRNA1-3;RP11-515C16.7;AC005609.2;PCDHA1;PCDHA2;PCDHA3;PCDHA4;PCDHA5;PCDHA6;PCDHA7;PCDHA8;PCDHA9;PCDHA10;AC005609.1;PCDHA14;PCDHA11;PCDHA12;PCDHA13;PCDHAC1;PCDHAC2;PCDHB1;PCDHB2;PCDHB-AS1;PCDHB3;AC005754.8;PCDHB4;PCDHB5;PCDHB6;PCDHB17P;PCDHB7;PCDHB8;PCDHB16;PCDHB9;PCDHB10;PCDHB11;PCDHB12;PCDHB13;PCDHB14	2.4	6954	Unknome 18_Mar_2026; maximum over uniquely HGNC-mapped proteins; derived/knownness-ranks.tsv	Tclin	74	unique	NA	NA	NA	NA	NA	NA	unresolved competing genes; gene-body association is not causal assignment	Lifelong developmental, systemic and adult explanations remain. Adult tissue expression observed (amygdala); timing not identified.	158.0	amygdala	not checked outside pilot	not checked outside pilot	1.9029e-08	positional;eQTL;chromatin	False	False	Lee CP GCST006572 + GENCODE v19; HGNC/Unknome/Pharos/HPA separate annotations; LD/QTL/perturbation not followed outside pilot; Savage/Genebass overlap; EA excluded	Independent ancestry-matched fine-mapping excludes rs778591 and assigns a different variant/gene (e.g. CTD-3224K15.3, CXXC5, CXXC5-AS1); adult-specific perturbation in the implicated cell type has no predicted functional effect despite verified engagement. Shared-signal evidence disappears on multiple-signal conditioning or complete variant coverage.	association hypothesis only; not an enhancement target
328	ENSG00000104093	DMXL2	328	R049	rs7172979	9.39e-10	4.68561e-07	0.008861894193	175123	499	49	AP4E1;DCAF13P3;MIR4713HG;TIPE3;RP11-394B5.2;CYP19A1;MIR4713;RP11-108K3.3;RP11-108K3.2;GLDN;RP11-108K3.5;RP11-108K3.4;RP11-707P17.1;RP11-707P17.2;AC020892.1;SCG3;SCG3-AS1;RP11-313P18.1;LYSMD2;TMOD2;CTD-2308G16.1;TMOD3;RP11-56B16.1;Y_RNA;RP11-56B16.5;RNU6-90P;RP11-56B16.4;LEO1P1;LEO1;MAPK6;MAPK6-DT;RP11-430B1.1;CTD-2184D3.5;CTD-2184D3.3;CTD-2184D3.1;BCL2L10;CTD-2184D3.6;GNB5;CTD-2184D3.7;Y_RNA;CERNA1;MYO5C;MIR1266;MYO5A;EEF1B2P1;ARPP19;RP11-23N2.4;ATOSA;RP11-519C12.1	1.9	5985	Unknome 18_Mar_2026; maximum over uniquely HGNC-mapped proteins; derived/knownness-ranks.tsv	Tbio	53	unique	NA	NA	NA	NA	NA	NA	unresolved competing genes; gene-body association is not causal assignment	Lifelong developmental, systemic and adult explanations remain. Adult tissue expression observed (cerebral cortex); timing not identified.	11.2	cerebral cortex	not checked outside pilot	not checked outside pilot	9.0478e-08	positional;eQTL;chromatin	False	False	Lee CP GCST006572 + GENCODE v19; HGNC/Unknome/Pharos/HPA separate annotations; LD/QTL/perturbation not followed outside pilot; Savage/Genebass overlap; EA excluded	Independent ancestry-matched fine-mapping excludes rs7172979 and assigns a different variant/gene (e.g. AP4E1, DCAF13P3, MIR4713HG); adult-specific perturbation in the implicated cell type has no predicted functional effect despite verified engagement. Shared-signal evidence disappears on multiple-signal conditioning or complete variant coverage.	association hypothesis only; not an enhancement target
329	ENSG00000100138	SNU13	329	R023	rs148537066	7.25e-09	4.7125000000000004e-07	0.008912751250000002	16575	65	149	CTA-150C2.13;APOBEC3A;APOBEC3B;APOBEC3B-AS1;APOBEC3C;APOBEC3D;APOBEC3F;APOBEC3G;CTA-150C2.20;RP4-742C19.12;APOBEC3H;CBX7;COX5BP7;FUNDC2P4;PDGFB;AL031590.1;RP3-333H23.8;RPL3;SNORD83B;SNORD83A;SNORD43;SYNGR1;TAB1;MGAT3;MGAT3-AS1;MIEF1;ATF4;RPS19BP1;CACNA1I;ENTHD1;MTFR2P2;RN7SKP210;UQCRFS1P1;GRAP2;TMA7B;SACK1F;TNRC6B-DT;TNRC6B;RPL7P52;ADSL;SGSM3;SGSM3-AS1;MRTFA;MRTFA-AS2;RP5-1042K10.12;MRTFA-AS1;AL031594.1;COX6B1P3;RPL4P6;GAPDHP37;MCHR1;SLC25A17;RFKP4;JTBP1;MIR4766;ST13;XPNPEP3;DNAJB7;snoU13;RNU6-379P;RBX1;Y_RNA;AL080243.1;RPS9P2;Y_RNA;ACTBP15;EP300;MIR1281;RNU6-375P;RP1-85F18.6;EP300-AS1;LRRC37A14P;L3MBTL2;L3MBTL2-AS1;CHADL;RANGAP1;AL035681.1;ZC3H7B;TEF;RNU6-495P;CTA-223H9.9;TOB2;PHF5A;ACO2;POLR3H;CSDC2;PMM1;DESI1;XRCC6;Y_RNA;RNU6-476P;C22orf46P;Z83840.1;MEI1;HMGN2P10;RNU6ATAC22P;Y_RNA;CCDC134;SREBF2-AS1;SREBF2;MIR33A;SHISA8;CTA-250D10.23;MIR378I;TNFRSF13C;CENPM;SMIM45;SEPTIN3;CTA-250D10.19;WBP2NL;SLC25A5P1;NAGA;PHETA2;SNORD13P1;SMDT1;NDUFA6;RP1-257I20.14;NDUFA6-DT;OLA1P1;CYP2D6;RP4-669P10.19;RP4-669P10.16;CYP2D7;CYP2D8P;TCF20;OGFRP1;Z83851.4;CTA-989H11.1;LINC01315;NFAM1;CTA-126B4.7;SERHL;RRP7A;Z93241.1;SERHL2;RRP7BP;RN7SKP80;RNU6-513P;POLDIP3;RNU12;CYB5R3;ATP5MGL;A4GALT;Y_RNA;RPL5P34;GOLGA2P4;ARFGAP3;PACSIN2;COA1P1	13.8	17208	Unknome 18_Mar_2026; maximum over uniquely HGNC-mapped proteins; derived/knownness-ranks.tsv	Tbio	188	unique	NA	NA	NA	NA	NA	NA	unresolved competing genes; gene-body association is not causal assignment	Lifelong developmental, systemic and adult explanations remain. Adult tissue expression observed (hypothalamus); timing not identified.	202.7	hypothalamus	not checked outside pilot	not checked outside pilot	NA	eQTL	False	False	Lee CP GCST006572 + GENCODE v19; HGNC/Unknome/Pharos/HPA separate annotations; LD/QTL/perturbation not followed outside pilot; Savage/Genebass overlap; EA excluded	Independent ancestry-matched fine-mapping excludes rs148537066 and assigns a different variant/gene (e.g. CTA-150C2.13, APOBEC3A, APOBEC3B); adult-specific perturbation in the implicated cell type has no predicted functional effect despite verified engagement. Shared-signal evidence disappears on multiple-signal conditioning or complete variant coverage.	association hypothesis only; not an enhancement target
330	ENSG00000171793	CTPS1	330	R016	rs12023079	4.33e-09	4.7196999999999996e-07	0.008926368609999999	33229	109	33	ZFP69;EXO5-DT;EXO5;RP11-656D10.5;RP11-656D10.6;ZNF684;RP1-63P18.2;GTF2F2P2;RIMS3;RP4-739H11.3;NFYC-AS1;NFYC;MIR30E;MIR30C1;KCNQ4;RN7SL326P;CITED4;RP5-1066H13.4;RP11-348A7.1;UBE2V1P8;SLFNL1;SCMH1;RPL23AP17;SCMH1-DT;RPL36AP9;FOXO6;FOXO6-AS1;RNA5SP45;EDN2;HIVEP3;RP11-486B10.3;RP11-486B10.4;AL451006.1	15.3	17571	Unknome 18_Mar_2026; maximum over uniquely HGNC-mapped proteins; derived/knownness-ranks.tsv	Tchem	204	unique	NA	NA	NA	NA	NA	NA	unresolved competing genes; gene-body association is not causal assignment	Lifelong developmental, systemic and adult explanations remain. Adult tissue expression observed (cerebral cortex); timing not identified.	7.1	cerebral cortex	not checked outside pilot	not checked outside pilot	NA	positional;eQTL;chromatin	False	False	Lee CP GCST006572 + GENCODE v19; HGNC/Unknome/Pharos/HPA separate annotations; LD/QTL/perturbation not followed outside pilot; Savage/Genebass overlap; EA excluded	Independent ancestry-matched fine-mapping excludes rs12023079 and assigns a different variant/gene (e.g. ZFP69, EXO5-DT, EXO5); adult-specific perturbation in the implicated cell type has no predicted functional effect despite verified engagement. Shared-signal evidence disappears on multiple-signal conditioning or complete variant coverage.	association hypothesis only; not an enhancement target
331	ENSG00000104112	SCG3	331	R049	rs2305716	4.06e-09	4.7502e-07	0.00898405326	39674	117	49	AP4E1;DCAF13P3;MIR4713HG;TIPE3;RP11-394B5.2;CYP19A1;MIR4713;RP11-108K3.3;RP11-108K3.2;GLDN;RP11-108K3.5;RP11-108K3.4;RP11-707P17.1;DMXL2;RP11-707P17.2;AC020892.1;SCG3-AS1;RP11-313P18.1;LYSMD2;TMOD2;CTD-2308G16.1;TMOD3;RP11-56B16.1;Y_RNA;RP11-56B16.5;RNU6-90P;RP11-56B16.4;LEO1P1;LEO1;MAPK6;MAPK6-DT;RP11-430B1.1;CTD-2184D3.5;CTD-2184D3.3;CTD-2184D3.1;BCL2L10;CTD-2184D3.6;GNB5;CTD-2184D3.7;Y_RNA;CERNA1;MYO5C;MIR1266;MYO5A;EEF1B2P1;ARPP19;RP11-23N2.4;ATOSA;RP11-519C12.1	1.0	3282	Unknome 18_Mar_2026; maximum over uniquely HGNC-mapped proteins; derived/knownness-ranks.tsv	Tbio	46	unique	NA	NA	NA	NA	NA	NA	unresolved competing genes; gene-body association is not causal assignment	Lifelong developmental, systemic and adult explanations remain. Adult tissue expression observed (cerebral cortex); timing not identified.	155.7	cerebral cortex	not checked outside pilot	not checked outside pilot	8.3787e-09	positional;eQTL;chromatin	False	False	Lee CP GCST006572 + GENCODE v19; HGNC/Unknome/Pharos/HPA separate annotations; LD/QTL/perturbation not followed outside pilot; Savage/Genebass overlap; EA excluded	Independent ancestry-matched fine-mapping excludes rs2305716 and assigns a different variant/gene (e.g. AP4E1, DCAF13P3, MIR4713HG); adult-specific perturbation in the implicated cell type has no predicted functional effect despite verified engagement. Shared-signal evidence disappears on multiple-signal conditioning or complete variant coverage.	association hypothesis only; not an enhancement target
332	ENSG00000095321	CRAT	332	R070	rs3118625	9.86e-09	4.8314e-07	0.00913762682	16380	49	53	SPTAN1;DYNC2I2;VTI1BP4;HMGA1P4;SET;PKN3;RN7SL560P;ZDHHC12;ZDHHC12-DT;ZER1;snoU13;TBC1D13;ENDOG;SPOUT1;KYAT1;LRRC8A;PHYHD1;RP11-101E3.5;DOLK;NUP188;RP11-167N5.5;SH3GLB2;MIGA2;DOLPP1;RP11-247A12.1;AL158151.2;PTPA;RP11-247A12.7;IER5L;RP11-247A12.8;IER5L-AS1;AL158151.1;RP11-344B5.4;RP11-344B5.3;LINC02975;LINC02913;RP11-65J3.15;LINC01503;RN7SL159P;RP11-65J3.6;RP11-65J3.3;RP11-65J3.2;AL353803.1;RP11-65J3.14;LINC00963;RP11-492E3.51;RP11-492E3.2;AL391056.1;NTMT1;C9orf50;ASB6;ASB6-AS1;PRRX2	8.4	14752	Unknome 18_Mar_2026; maximum over uniquely HGNC-mapped proteins; derived/knownness-ranks.tsv	Tbio	56	unique	NA	NA	NA	NA	NA	NA	unresolved competing genes; gene-body association is not causal assignment	Lifelong developmental, systemic and adult explanations remain. Adult tissue expression observed (cerebral cortex); timing not identified.	34.0	cerebral cortex	not checked outside pilot	not checked outside pilot	1.2859e-09	positional;eQTL	False	False	Lee CP GCST006572 + GENCODE v19; HGNC/Unknome/Pharos/HPA separate annotations; LD/QTL/perturbation not followed outside pilot; Savage/Genebass overlap; EA excluded	Independent ancestry-matched fine-mapping excludes rs3118625 and assigns a different variant/gene (e.g. SPTAN1, DYNC2I2, VTI1BP4); adult-specific perturbation in the implicated cell type has no predicted functional effect despite verified engagement. Shared-signal evidence disappears on multiple-signal conditioning or complete variant coverage.	association hypothesis only; not an enhancement target
333	ENSG00000113141	IK	333	R024	rs1864254	1.09e-08	5.014e-07	0.009482978199999999	15422	46	84	CTD-3224K15.3;CXXC5;CXXC5-AS1;CTB-35F21.1;RNU6-236P;PSD2-AS1;CTB-35F21.3;CTB-35F21.5;PSD2;NRG2;NRG2-AS1;Y_RNA;MALINC1;PURA;IGIP;CTB-131B5.5;CYSTM1;AC011379.1;CTB-131B5.2;PFDN1;HBEGF;CTC-329D1.3;SLC4A9;ANKHD1-DT;RNU4-14P;ANKHD1;ANKHD1-EIF4EBP3;SNORD45;SRA1;EIF4EBP3;APBB3;SLC35A4;SNORA27;HAUS1P1;RPL36P11;CD14;NDUFA2;TMCO6;MIR3655;WDR55;DND1;HARS1;HARS2;ZMAT2;VTRNA1-1;VTRNA1-2;VTRNA1-3;RP11-515C16.7;AC005609.2;PCDHA1;PCDHA2;PCDHA3;PCDHA4;PCDHA5;PCDHA6;PCDHA7;PCDHA8;PCDHA9;PCDHA10;AC005609.1;PCDHA14;PCDHA11;PCDHA12;PCDHA13;PCDHAC1;PCDHAC2;PCDHB1;PCDHB2;PCDHB-AS1;PCDHB3;AC005754.8;PCDHB4;PCDHB5;PCDHB6;PCDHB17P;PCDHB7;PCDHB8;PCDHB16;PCDHB9;PCDHB10;PCDHB11;PCDHB12;PCDHB13;PCDHB14	4.5	10501	Unknome 18_Mar_2026; maximum over uniquely HGNC-mapped proteins; derived/knownness-ranks.tsv	Tchem	157	unique	NA	NA	NA	NA	NA	NA	unresolved competing genes; gene-body association is not causal assignment	Lifelong developmental, systemic and adult explanations remain. Adult tissue expression observed (cerebellum); timing not identified.	85.1	cerebellum	not checked outside pilot	not checked outside pilot	1.029e-10	positional;eQTL;chromatin	False	False	Lee CP GCST006572 + GENCODE v19; HGNC/Unknome/Pharos/HPA separate annotations; LD/QTL/perturbation not followed outside pilot; Savage/Genebass overlap; EA excluded	Independent ancestry-matched fine-mapping excludes rs1864254 and assigns a different variant/gene (e.g. CTD-3224K15.3, CXXC5, CXXC5-AS1); adult-specific perturbation in the implicated cell type has no predicted functional effect despite verified engagement. Shared-signal evidence disappears on multiple-signal conditioning or complete variant coverage.	association hypothesis only; not an enhancement target
334	ENSG00000165915	SLC39A13	334	R074	rs7937331	1.9e-08	5.13e-07	0.009702369	9365	27	59	LRP4-AS1;LRP4;CSTPP1;CTD-2384B9.1;RP11-390K5.3;ARFGAP2;RP11-390K5.6;PACSIN3;RP11-390K5.1;RN7SL772P;DDB2;RP11-17G12.2;ACP2;NR1H3;MADD;MADD-AS1;MYBPC3;SPI1;SLC39A13-AS1;AC090559.2;MIR4487;PSMC3;RAPSN;RNU6-1302P;CELF1;AC090559.1;RP11-750H9.7;RN7SL652P;NDUFS3;PTPMT1;KBTBD4;RNU5E-10P;KBTBD4;FAM180B;C1QTNF4;Y_RNA;MTCH2;AGBL2;FNBP4;Y_RNA;snoU13;NUP160;RP11-692M12.5;RNA5SP340;Y_RNA;YPEL5P2;RP11-793I11.1;PTPRJ;PTPRJ-AS1;MIR3161;OR4B1;OR4B2P;OR4X2;OR4X1;OR4S1;OR4C3;OR4C4P;OR4C5;OR4C2P	9.6	15554	Unknome 18_Mar_2026; maximum over uniquely HGNC-mapped proteins; derived/knownness-ranks.tsv	Tbio	34	unique	NA	NA	NA	NA	NA	NA	unresolved competing genes; gene-body association is not causal assignment	Lifelong developmental, systemic and adult explanations remain. Adult tissue expression observed (cerebellum); timing not identified.	58.5	cerebellum	not checked outside pilot	not checked outside pilot	6.5307e-07	positional;eQTL	False	False	Lee CP GCST006572 + GENCODE v19; HGNC/Unknome/Pharos/HPA separate annotations; LD/QTL/perturbation not followed outside pilot; Savage/Genebass overlap; EA excluded	Independent ancestry-matched fine-mapping excludes rs7937331 and assigns a different variant/gene (e.g. LRP4-AS1, LRP4, CSTPP1); adult-specific perturbation in the implicated cell type has no predicted functional effect despite verified engagement. Shared-signal evidence disappears on multiple-signal conditioning or complete variant coverage.	association hypothesis only; not an enhancement target
335	ENSG00000167701	GPT	335	R115	rs1063739	4.78e-08	5.258e-07	0.0099444554	4202	11	62	MROH1;AC104592.1;KM-PA-2;SCXB;FAM203B;AC110280.1;CTD-3232M19.2;BOP1;SCXA;HSF1;GS1-393G12.12;DGAT1;SCRT1;TMEM249;TMEM249;SLC52A2;FBXL6;ADCK5;CPSF1;MIR939;MIR1234;GS1-393G12.14;SLC39A4;VPS28;TONSL;TONSL-AS1;ZFTRAF1;CTD-2517M22.16;KIFC2;FOXH1;PPP1R16A;CTD-2517M22.14;CTD-2517M14.5;SLC33A2;RECQL4;CTD-2517M22.17;LRRC14;LRRC24;C8orf82;ARHGAP39;AC084125.1;AC084125.2;AC084125.3;CTD-2517M22.9;AF186192.1;AF186192.5;AF186192.6;ZNF251;ZNF34;RN7SL395P;RPL8;ZNF517;ZNF7;COMMD5;ZNF250;AF235103.1;ZNF16;ZNF252P;RP5-1047A19.4;TMED10P1;ZNF252P-AS1;RP5-1047A19.6	0.6	2927	Unknome 18_Mar_2026; maximum over uniquely HGNC-mapped proteins; derived/knownness-ranks.tsv	Tbio	156	unique	NA	NA	NA	NA	NA	NA	unresolved competing genes; gene-body association is not causal assignment	Lifelong developmental, systemic and adult explanations remain. Adult tissue expression observed (basal ganglia); timing not identified.	6.0	basal ganglia	not checked outside pilot	not checked outside pilot	NA	positional;eQTL	False	False	Lee CP GCST006572 + GENCODE v19; HGNC/Unknome/Pharos/HPA separate annotations; LD/QTL/perturbation not followed outside pilot; Savage/Genebass overlap; EA excluded	Independent ancestry-matched fine-mapping excludes rs1063739 and assigns a different variant/gene (e.g. MROH1, AC104592.1, KM-PA-2); adult-specific perturbation in the implicated cell type has no predicted functional effect despite verified engagement. Shared-signal evidence disappears on multiple-signal conditioning or complete variant coverage.	association hypothesis only; not an enhancement target
336	ENSG00000213672	NCKIPSD	336	R001	rs13070798	1.16e-08	5.452e-07	0.0103113676	22434	47	145	MAP4;RPS27P30;RN7SL664P;RPL17P16;CDC25A;SNRPFP4;RNU7-128P;NDUFB1P1;MIR4443;CAMP;ZNF589;MRPS18AP1;Y_RNA;FCF1P2;NME6;SPINK8;MIR2115;FBXW12;RN7SL321P;PLXNB1;CCDC51;TMA7;RP11-24C3.2;ATRIP;TREX1;SHISA5;AC104448.1;PFKFB4;UCN2;COL7A1;MIR711;UQCRC1;TMEM89;SLC26A6;CELSR3;MIR4793;LINC02585;RP11-572O6.1;IP6K2;PRKAR2A;PRKAR2A-AS1;SLC25A20;ARIH2OS;ARIH2;RP13-131K19.1;RP13-131K19.2;RP13-131K19.7;P4HTM;WDR6;DALRD3;MIR425;NDUFAF3;MIR191;IMPDH2;RP13-131K19.6;QRICH1;RN7SL182P;QARS1;USP19;LAMB2;LAMB2P1;CCDC71;KLHDC8B;CIMIP7;IHO1;GCSHP6;RP11-3B7.1;C3orf62;Y_RNA;MIR4271;USP4;GPX1;RHOA;RHOA-IT1;TCTA;AMT;NICN1-AS1;NICN1;RNA5SP130;DAG1;BSN-DT;BSN;BSN-AS1;APEH;MST1;AC099668.5;RNF123;AMIGO3;GMPPB;IP6K1;COX6CP14;PHF5AP3;CDHR4;INKA1;UBA7;MIR5193;AC139451.1;TRAIP;CAMKV;RN7SL217P;ACTL11P;MST1R;CTD-2330K9.2;CTD-2330K9.3;MON1A;RBM6;RBM5;SEMA3F-AS1;SEMA3F;MIR566;GNAT1;SLC38A3;GNAI2;U73169.1;LINC03143;SEMA3B-AS1;SEMA3B;LSMEM2;IFRD2;HYAL3;NAA80;HYAL1;HYAL2;TUSC2;RASSF1;ZMYND10-AS1;ZMYND10;NPRL2;CYB561D2;XXcos-LUCA11.5;TMEM115;CACNA2D2;XXcos-LUCA11.4;RNA5SP131;C3orf18;HEMK1;CISH;MAPKAPK3;LINC02019;MIR4787;DOCK3;PPIAP69;RP11-646D13.1;ZNF652P1;ST13P14	2.2	6585	Unknome 18_Mar_2026; maximum over uniquely HGNC-mapped proteins; derived/knownness-ranks.tsv	Tbio	73	unique	0.11107926839448863	1481	False	4.713041942169025e-06	0.4293749564157276	NA	unresolved competing genes; gene-body association is not causal assignment	Lifelong developmental, systemic and adult explanations remain. Adult tissue expression observed (cerebral cortex); timing not identified.	50.0	cerebral cortex	not established; target mapping/primary phenotype table unavailable	Tian 2019 iPSC-derived glutamatergic neuron survival D14/D21/D28; CROP-seq D7 transcription; not cognitive performance or mature adult physiology	3.658e-10	positional;eQTL	False	False	Lee CP GCST006572 + GENCODE v19; HGNC/Unknome/Pharos/HPA separate annotations; EUR LD + GTEx DLPFC/Catalogue + chain/VEP + Tian guide coverage pilot; Savage/Genebass overlap; EA excluded	Independent ancestry-matched fine-mapping excludes rs13070798 and assigns a different variant/gene (e.g. MAP4, RPS27P30, RN7SL664P); adult-specific perturbation in the implicated cell type has no predicted functional effect despite verified engagement. Shared-signal evidence disappears on multiple-signal conditioning or complete variant coverage.	association hypothesis only; not an enhancement target
337	ENSG00000130751	NPAS1	337	R116	rs889169	6.13e-09	5.6396e-07	0.01066617548	25957	92	40	PPP5D1P;AC011551.3;GAPDHP38;CALM3;CTB-12A17.3;PTGIR;GNG8;DACT3;DACT3-AS1;PRKD2;RN7SL364P;MIR320E;STRN4;CTB-174O21.2;Y_RNA;FKRP;SLC1A5;HNRNPMP2;CTB-147N14.4;AP2S1;ARHGAP35;snoU13;TMEM160;ZC3H4;RN7SL533P;SAE1;BBC3;MIR3190;CCDC9;INAFM1;C5AR1;C5AR2;CTD-3023J11.2;DHX34;MEIS3;SLC8A2;KPTN;NAPA-AS1;NAPA;ZNF541	4.8	10931	Unknome 18_Mar_2026; maximum over uniquely HGNC-mapped proteins; derived/knownness-ranks.tsv	Tbio	14	unique	NA	NA	NA	NA	NA	NA	unresolved competing genes; gene-body association is not causal assignment	Lifelong developmental, systemic and adult explanations remain. Adult tissue expression observed (cerebral cortex); timing not identified.	10.4	cerebral cortex	not checked outside pilot	not checked outside pilot	3.8422e-09	positional	False	False	Lee CP GCST006572 + GENCODE v19; HGNC/Unknome/Pharos/HPA separate annotations; LD/QTL/perturbation not followed outside pilot; Savage/Genebass overlap; EA excluded	Independent ancestry-matched fine-mapping excludes rs889169 and assigns a different variant/gene (e.g. PPP5D1P, AC011551.3, GAPDHP38); adult-specific perturbation in the implicated cell type has no predicted functional effect despite verified engagement. Shared-signal evidence disappears on multiple-signal conditioning or complete variant coverage.	association hypothesis only; not an enhancement target
338	ENSG00000170445	HARS1	338	R024	rs2530241	1.03e-08	5.665e-07	0.0107142145	18852	55	84	CTD-3224K15.3;CXXC5;CXXC5-AS1;CTB-35F21.1;RNU6-236P;PSD2-AS1;CTB-35F21.3;CTB-35F21.5;PSD2;NRG2;NRG2-AS1;Y_RNA;MALINC1;PURA;IGIP;CTB-131B5.5;CYSTM1;AC011379.1;CTB-131B5.2;PFDN1;HBEGF;CTC-329D1.3;SLC4A9;ANKHD1-DT;RNU4-14P;ANKHD1;ANKHD1-EIF4EBP3;SNORD45;SRA1;EIF4EBP3;APBB3;SLC35A4;SNORA27;HAUS1P1;RPL36P11;CD14;NDUFA2;TMCO6;IK;MIR3655;WDR55;DND1;HARS2;ZMAT2;VTRNA1-1;VTRNA1-2;VTRNA1-3;RP11-515C16.7;AC005609.2;PCDHA1;PCDHA2;PCDHA3;PCDHA4;PCDHA5;PCDHA6;PCDHA7;PCDHA8;PCDHA9;PCDHA10;AC005609.1;PCDHA14;PCDHA11;PCDHA12;PCDHA13;PCDHAC1;PCDHAC2;PCDHB1;PCDHB2;PCDHB-AS1;PCDHB3;AC005754.8;PCDHB4;PCDHB5;PCDHB6;PCDHB17P;PCDHB7;PCDHB8;PCDHB16;PCDHB9;PCDHB10;PCDHB11;PCDHB12;PCDHB13;PCDHB14	8.5	14830	Unknome 18_Mar_2026; maximum over uniquely HGNC-mapped proteins; derived/knownness-ranks.tsv	Tchem	96	unique	NA	NA	NA	NA	NA	NA	unresolved competing genes; gene-body association is not causal assignment	Lifelong developmental, systemic and adult explanations remain. Adult tissue expression observed (cerebral cortex); timing not identified.	77.8	cerebral cortex	not checked outside pilot	not checked outside pilot	7.3431e-09	positional;eQTL;chromatin	False	False	Lee CP GCST006572 + GENCODE v19; HGNC/Unknome/Pharos/HPA separate annotations; LD/QTL/perturbation not followed outside pilot; Savage/Genebass overlap; EA excluded	Independent ancestry-matched fine-mapping excludes rs2530241 and assigns a different variant/gene (e.g. CTD-3224K15.3, CXXC5, CXXC5-AS1); adult-specific perturbation in the implicated cell type has no predicted functional effect despite verified engagement. Shared-signal evidence disappears on multiple-signal conditioning or complete variant coverage.	association hypothesis only; not an enhancement target
339	ENSG00000100399	CHADL	339	R023	rs139492	1.48e-08	5.92e-07	0.011196496	11422	40	149	CTA-150C2.13;APOBEC3A;APOBEC3B;APOBEC3B-AS1;APOBEC3C;APOBEC3D;APOBEC3F;APOBEC3G;CTA-150C2.20;RP4-742C19.12;APOBEC3H;CBX7;COX5BP7;FUNDC2P4;PDGFB;AL031590.1;RP3-333H23.8;RPL3;SNORD83B;SNORD83A;SNORD43;SYNGR1;TAB1;MGAT3;MGAT3-AS1;MIEF1;ATF4;RPS19BP1;CACNA1I;ENTHD1;MTFR2P2;RN7SKP210;UQCRFS1P1;GRAP2;TMA7B;SACK1F;TNRC6B-DT;TNRC6B;RPL7P52;ADSL;SGSM3;SGSM3-AS1;MRTFA;MRTFA-AS2;RP5-1042K10.12;MRTFA-AS1;AL031594.1;COX6B1P3;RPL4P6;GAPDHP37;MCHR1;SLC25A17;RFKP4;JTBP1;MIR4766;ST13;XPNPEP3;DNAJB7;snoU13;RNU6-379P;RBX1;Y_RNA;AL080243.1;RPS9P2;Y_RNA;ACTBP15;EP300;MIR1281;RNU6-375P;RP1-85F18.6;EP300-AS1;LRRC37A14P;L3MBTL2;L3MBTL2-AS1;RANGAP1;AL035681.1;ZC3H7B;TEF;RNU6-495P;CTA-223H9.9;TOB2;PHF5A;ACO2;POLR3H;CSDC2;PMM1;DESI1;XRCC6;Y_RNA;SNU13;RNU6-476P;C22orf46P;Z83840.1;MEI1;HMGN2P10;RNU6ATAC22P;Y_RNA;CCDC134;SREBF2-AS1;SREBF2;MIR33A;SHISA8;CTA-250D10.23;MIR378I;TNFRSF13C;CENPM;SMIM45;SEPTIN3;CTA-250D10.19;WBP2NL;SLC25A5P1;NAGA;PHETA2;SNORD13P1;SMDT1;NDUFA6;RP1-257I20.14;NDUFA6-DT;OLA1P1;CYP2D6;RP4-669P10.19;RP4-669P10.16;CYP2D7;CYP2D8P;TCF20;OGFRP1;Z83851.4;CTA-989H11.1;LINC01315;NFAM1;CTA-126B4.7;SERHL;RRP7A;Z93241.1;SERHL2;RRP7BP;RN7SKP80;RNU6-513P;POLDIP3;RNU12;CYB5R3;ATP5MGL;A4GALT;Y_RNA;RPL5P34;GOLGA2P4;ARFGAP3;PACSIN2;COA1P1	3.9	9571	Unknome 18_Mar_2026; maximum over uniquely HGNC-mapped proteins; derived/knownness-ranks.tsv	Tbio	12	unique	NA	NA	NA	NA	NA	NA	unresolved competing genes; gene-body association is not causal assignment	Lifelong developmental, systemic and adult explanations remain. Adult tissue expression observed (spinal cord); timing not identified.	109.8	spinal cord	not checked outside pilot	not checked outside pilot	3.7072e-08	positional;eQTL	False	False	Lee CP GCST006572 + GENCODE v19; HGNC/Unknome/Pharos/HPA separate annotations; LD/QTL/perturbation not followed outside pilot; Savage/Genebass overlap; EA excluded	Independent ancestry-matched fine-mapping excludes rs139492 and assigns a different variant/gene (e.g. CTA-150C2.13, APOBEC3A, APOBEC3B); adult-specific perturbation in the implicated cell type has no predicted functional effect despite verified engagement. Shared-signal evidence disappears on multiple-signal conditioning or complete variant coverage.	association hypothesis only; not an enhancement target
340	ENSG00000128928	IVD	340	R092	rs2289328	5.71e-09	5.938400000000001e-07	0.011231295920000002	30461	104	101	GPR176;GPR176-DT;Y_RNA;EIF2AK4;snoU13;H3P38;SRP14;SRP14-DT;RP11-521C20.2;BMF;BMF-AS1;RP11-521C20.1;BUB1B;PAK6;BUB1B-PAK6;RP11-133K1.7;PAK6-AS1;PLCB2;ANKRD63;PLCB2-AS1;RPLP0P10;RP11-133K1.6;INAFM2;CCDC9B;RNA5SP392;PHGR1;DISP2;RP11-64K12.4;LINC00594;RP11-64K12.10;KNSTRN;BAHD1;RP11-64K12.9;RP11-64K12.8;CHST14;RP11-64K12.1;RP11-111A22.1;CCDC32;RNU6-516P;RPUSD2;KNL1;snoU13;RN7SL376P;CTD-2339L15.3;RAD51-AS1;RAD51;RMDN3;SUMO2P15;GCHFR;DNAJC17;C15orf62;ZFYVE19;PPP1R14D;SPINT1-AS1;SPINT1;RHOV;AC025166.1;VPS18;RP11-540O11.1;DLL4;ISCA1P4;CHAC1;INO80;RP11-540O11.6;RP11-540O11.7;INO80-AS1;CYCSP2;CIBAR1P1;EXD1;RN7SL497P;CHP1;OIP5-AS1;OIP5;NUSAP1;RP11-16O9.2;NDUFAF1;RTF1;RNU6-1169P;ITPKA;LTK;RPAP1;ELOCP2;TYRO3;RP11-380D11.2;MGA;MIR626;RP11-107F6.4;RP11-107F6.3;MAPKBP1;AC073657.1;RP11-23P13.4;PLA2G4B;JMJD7;JMJD7-PLA2G4B;SPTBN5;RNA5SP393;MIR4310;RP11-23P13.6;RP11-23P13.7;EHD4;EHD4-AS1	6.6	13122	Unknome 18_Mar_2026; maximum over uniquely HGNC-mapped proteins; derived/knownness-ranks.tsv	Tbio	74	unique	NA	NA	NA	NA	NA	NA	unresolved competing genes; gene-body association is not causal assignment	Lifelong developmental, systemic and adult explanations remain. Adult tissue expression observed (basal ganglia); timing not identified.	38.0	basal ganglia	not checked outside pilot	not checked outside pilot	NA	positional;eQTL;chromatin	False	False	Lee CP GCST006572 + GENCODE v19; HGNC/Unknome/Pharos/HPA separate annotations; LD/QTL/perturbation not followed outside pilot; Savage/Genebass overlap; EA excluded	Independent ancestry-matched fine-mapping excludes rs2289328 and assigns a different variant/gene (e.g. GPR176, GPR176-DT, Y_RNA); adult-specific perturbation in the implicated cell type has no predicted functional effect despite verified engagement. Shared-signal evidence disappears on multiple-signal conditioning or complete variant coverage.	association hypothesis only; not an enhancement target
341	ENSG00000167702	KIFC2	341	R115	rs112422823	5.19e-08	6.228e-07	0.0117790164	8160	12	62	MROH1;AC104592.1;KM-PA-2;SCXB;FAM203B;AC110280.1;CTD-3232M19.2;BOP1;SCXA;HSF1;GS1-393G12.12;DGAT1;SCRT1;TMEM249;TMEM249;SLC52A2;FBXL6;ADCK5;CPSF1;MIR939;MIR1234;GS1-393G12.14;SLC39A4;VPS28;TONSL;TONSL-AS1;ZFTRAF1;CTD-2517M22.16;FOXH1;PPP1R16A;CTD-2517M22.14;CTD-2517M14.5;GPT;SLC33A2;RECQL4;CTD-2517M22.17;LRRC14;LRRC24;C8orf82;ARHGAP39;AC084125.1;AC084125.2;AC084125.3;CTD-2517M22.9;AF186192.1;AF186192.5;AF186192.6;ZNF251;ZNF34;RN7SL395P;RPL8;ZNF517;ZNF7;COMMD5;ZNF250;AF235103.1;ZNF16;ZNF252P;RP5-1047A19.4;TMED10P1;ZNF252P-AS1;RP5-1047A19.6	3.0	8111	Unknome 18_Mar_2026; maximum over uniquely HGNC-mapped proteins; derived/knownness-ranks.tsv	Tbio	21	unique	NA	NA	NA	NA	NA	NA	unresolved competing genes; gene-body association is not causal assignment	Lifelong developmental, systemic and adult explanations remain. Adult tissue expression observed (cerebellum); timing not identified.	214.8	cerebellum	not checked outside pilot	not checked outside pilot	NA	eQTL	False	False	Lee CP GCST006572 + GENCODE v19; HGNC/Unknome/Pharos/HPA separate annotations; LD/QTL/perturbation not followed outside pilot; Savage/Genebass overlap; EA excluded	Independent ancestry-matched fine-mapping excludes rs112422823 and assigns a different variant/gene (e.g. MROH1, AC104592.1, KM-PA-2); adult-specific perturbation in the implicated cell type has no predicted functional effect despite verified engagement. Shared-signal evidence disappears on multiple-signal conditioning or complete variant coverage.	association hypothesis only; not an enhancement target
342	ENSG00000108387	SEPTIN4	342	R090	rs2009948	1.28e-08	6.4e-07	0.01210432	20569	50	63	CUEDC1;CUEDC1-AS1;VEZF1;RP11-159D12.5;RP11-159D12.2;SRSF1;DYNLL2-DT;DYNLL2;OR4D1;MSX2P1;OR4D2;EPX;MKS1;LPO;MPO;TSPOAP1;TSPOAP1-AS1;MIR142HG;MIR4736;SUPT4H1;RNF43;HSF5;AC023992.1;SETP3;MTMR4;SEPTIN4-AS1;C17orf47;TEX14;U3;RNU1-60P;IGBP1C;RNU1-108P;CTD-2200P10.3;RNU1-52P;RNVU1-34;RAD51C;PPM1E;RNU6-518P;RP11-579O24.1;RP11-579O24.3;TRIM37;AC100832.1;RN7SL716P;AC099850.1;SKA2;RNU2-58P;MIR454;MIR301A;PRR11;SPDYE22P;CTD-2510F5.6;PRR11-AS1;SMG8;GDPD1;Y_RNA;SNRPGP17;YPEL2;MIR4729;RP11-567L7.5;LINC01476;RNU4-13P;DHX40;CLTC	13.1	17014	Unknome 18_Mar_2026; maximum over uniquely HGNC-mapped proteins; derived/knownness-ranks.tsv	Tbio	98	unique	NA	NA	NA	NA	NA	NA	unresolved competing genes; gene-body association is not causal assignment	Lifelong developmental, systemic and adult explanations remain. Adult tissue expression observed (midbrain); timing not identified.	1097.2	midbrain	not checked outside pilot	not checked outside pilot	1.5677e-12	positional;eQTL	False	False	Lee CP GCST006572 + GENCODE v19; HGNC/Unknome/Pharos/HPA separate annotations; LD/QTL/perturbation not followed outside pilot; Savage/Genebass overlap; EA excluded	Independent ancestry-matched fine-mapping excludes rs2009948 and assigns a different variant/gene (e.g. CUEDC1, CUEDC1-AS1, VEZF1); adult-specific perturbation in the implicated cell type has no predicted functional effect despite verified engagement. Shared-signal evidence disappears on multiple-signal conditioning or complete variant coverage.	association hypothesis only; not an enhancement target
343	ENSG00000102984	ZNF821	343	R061	rs2288031	8.44e-09	7.174e-07	0.0135681862	35657	85	87	CLEC18C;RP11-296I10.5;AC009060.1;SMG1P7;FKSG63;snoU13;EXOSC6;AARS1;RN7SL407P;RN7SL279P;DDX19B;RP11-529K1.3;DDX19A-DT;DDX19A;ST3GAL2;RP11-529K1.4;RPS27P26;RNU6-23P;FCSK;COG4;SF3B3;SNORD111B;SNORD111;RP11-49C24.1;IL34;MTSS2;FLJ00418;VAC14;VAC14-AS2;VAC14-AS1;RP11-424M24.5;HYDIN;RNU6ATAC25P;SNORD112;AC027281.1;HYDIN-AS1;RP11-23E19.2;CMTR2;CTD-2520I13.1;AC106736.1;CALB2;LINC02136;RP11-510M2.7;TLE7;RP11-510M2.8;ZNF23;AC010547.9;RP11-510M2.2;ZNF19;RP11-510M2.6;CHST4;RP11-510M2.5;RNU6-1061P;TAT;TAT-AS1;RP11-432I5.2;MARVELD3;PHLPP2;RP11-432I5.6;RNU6-208P;SNORA70D;RP11-432I5.8;RP11-432I5.4;AP1G1;SNORD71;RP11-417N10.3;ATXN1L;IST1;RP11-498D10.3;RP11-498D10.5;PKD1L3;RP11-498D10.6;RPL39P31;CCDC25P2;ATP5F1AP3;DHODH;TXNL4B;HP;HPR;RP11-384M15.3;DHX38;PMFBP1;RP11-328J14.1;RP11-328J14.2;RNU6-385P;LINC01572;AC004158.3	2.3	6711	Unknome 18_Mar_2026; maximum over uniquely HGNC-mapped proteins; derived/knownness-ranks.tsv	Tdark	18	unique	NA	NA	NA	NA	NA	NA	unresolved competing genes; gene-body association is not causal assignment	Lifelong developmental, systemic and adult explanations remain. Adult tissue expression observed (cerebellum); timing not identified.	25.3	cerebellum	not checked outside pilot	not checked outside pilot	1.6833e-10	positional;eQTL;chromatin	False	False	Lee CP GCST006572 + GENCODE v19; HGNC/Unknome/Pharos/HPA separate annotations; LD/QTL/perturbation not followed outside pilot; Savage/Genebass overlap; EA excluded	Independent ancestry-matched fine-mapping excludes rs2288031 and assigns a different variant/gene (e.g. CLEC18C, RP11-296I10.5, AC009060.1); adult-specific perturbation in the implicated cell type has no predicted functional effect despite verified engagement. Shared-signal evidence disappears on multiple-signal conditioning or complete variant coverage.	association hypothesis only; not an enhancement target
344	ENSG00000100387	RBX1	344	R023	rs2413631	1.62e-08	7.289999999999999e-07	0.013787576999999999	21963	45	149	CTA-150C2.13;APOBEC3A;APOBEC3B;APOBEC3B-AS1;APOBEC3C;APOBEC3D;APOBEC3F;APOBEC3G;CTA-150C2.20;RP4-742C19.12;APOBEC3H;CBX7;COX5BP7;FUNDC2P4;PDGFB;AL031590.1;RP3-333H23.8;RPL3;SNORD83B;SNORD83A;SNORD43;SYNGR1;TAB1;MGAT3;MGAT3-AS1;MIEF1;ATF4;RPS19BP1;CACNA1I;ENTHD1;MTFR2P2;RN7SKP210;UQCRFS1P1;GRAP2;TMA7B;SACK1F;TNRC6B-DT;TNRC6B;RPL7P52;ADSL;SGSM3;SGSM3-AS1;MRTFA;MRTFA-AS2;RP5-1042K10.12;MRTFA-AS1;AL031594.1;COX6B1P3;RPL4P6;GAPDHP37;MCHR1;SLC25A17;RFKP4;JTBP1;MIR4766;ST13;XPNPEP3;DNAJB7;snoU13;RNU6-379P;Y_RNA;AL080243.1;RPS9P2;Y_RNA;ACTBP15;EP300;MIR1281;RNU6-375P;RP1-85F18.6;EP300-AS1;LRRC37A14P;L3MBTL2;L3MBTL2-AS1;CHADL;RANGAP1;AL035681.1;ZC3H7B;TEF;RNU6-495P;CTA-223H9.9;TOB2;PHF5A;ACO2;POLR3H;CSDC2;PMM1;DESI1;XRCC6;Y_RNA;SNU13;RNU6-476P;C22orf46P;Z83840.1;MEI1;HMGN2P10;RNU6ATAC22P;Y_RNA;CCDC134;SREBF2-AS1;SREBF2;MIR33A;SHISA8;CTA-250D10.23;MIR378I;TNFRSF13C;CENPM;SMIM45;SEPTIN3;CTA-250D10.19;WBP2NL;SLC25A5P1;NAGA;PHETA2;SNORD13P1;SMDT1;NDUFA6;RP1-257I20.14;NDUFA6-DT;OLA1P1;CYP2D6;RP4-669P10.19;RP4-669P10.16;CYP2D7;CYP2D8P;TCF20;OGFRP1;Z83851.4;CTA-989H11.1;LINC01315;NFAM1;CTA-126B4.7;SERHL;RRP7A;Z93241.1;SERHL2;RRP7BP;RN7SKP80;RNU6-513P;POLDIP3;RNU12;CYB5R3;ATP5MGL;A4GALT;Y_RNA;RPL5P34;GOLGA2P4;ARFGAP3;PACSIN2;COA1P1	71.5	19248	Unknome 18_Mar_2026; maximum over uniquely HGNC-mapped proteins; derived/knownness-ranks.tsv	Tbio	830	unique	NA	NA	NA	NA	NA	NA	unresolved competing genes; gene-body association is not causal assignment	Lifelong developmental, systemic and adult explanations remain. Adult tissue expression observed (spinal cord); timing not identified.	90.1	spinal cord	not checked outside pilot	not checked outside pilot	NA	NA	False	False	Lee CP GCST006572 + GENCODE v19; HGNC/Unknome/Pharos/HPA separate annotations; LD/QTL/perturbation not followed outside pilot; Savage/Genebass overlap; EA excluded	Independent ancestry-matched fine-mapping excludes rs2413631 and assigns a different variant/gene (e.g. CTA-150C2.13, APOBEC3A, APOBEC3B); adult-specific perturbation in the implicated cell type has no predicted functional effect despite verified engagement. Shared-signal evidence disappears on multiple-signal conditioning or complete variant coverage.	association hypothesis only; not an enhancement target
345	ENSG00000233041	PHGR1	345	R092	rs7164606	3.09e-08	7.416e-07	0.014025880800000001	5402	24	101	GPR176;GPR176-DT;Y_RNA;EIF2AK4;snoU13;H3P38;SRP14;SRP14-DT;RP11-521C20.2;BMF;BMF-AS1;RP11-521C20.1;BUB1B;PAK6;BUB1B-PAK6;RP11-133K1.7;PAK6-AS1;PLCB2;ANKRD63;PLCB2-AS1;RPLP0P10;RP11-133K1.6;INAFM2;CCDC9B;RNA5SP392;DISP2;RP11-64K12.4;LINC00594;RP11-64K12.10;KNSTRN;IVD;BAHD1;RP11-64K12.9;RP11-64K12.8;CHST14;RP11-64K12.1;RP11-111A22.1;CCDC32;RNU6-516P;RPUSD2;KNL1;snoU13;RN7SL376P;CTD-2339L15.3;RAD51-AS1;RAD51;RMDN3;SUMO2P15;GCHFR;DNAJC17;C15orf62;ZFYVE19;PPP1R14D;SPINT1-AS1;SPINT1;RHOV;AC025166.1;VPS18;RP11-540O11.1;DLL4;ISCA1P4;CHAC1;INO80;RP11-540O11.6;RP11-540O11.7;INO80-AS1;CYCSP2;CIBAR1P1;EXD1;RN7SL497P;CHP1;OIP5-AS1;OIP5;NUSAP1;RP11-16O9.2;NDUFAF1;RTF1;RNU6-1169P;ITPKA;LTK;RPAP1;ELOCP2;TYRO3;RP11-380D11.2;MGA;MIR626;RP11-107F6.4;RP11-107F6.3;MAPKBP1;AC073657.1;RP11-23P13.4;PLA2G4B;JMJD7;JMJD7-PLA2G4B;SPTBN5;RNA5SP393;MIR4310;RP11-23P13.6;RP11-23P13.7;EHD4;EHD4-AS1	NA	NA	Unknome unmapped/unscored; not zero knownness	Tdark	3	unique	NA	NA	NA	NA	NA	NA	unresolved competing genes; gene-body association is not causal assignment	Lifelong developmental, systemic and adult explanations remain. Adult tissue expression observed (cerebral cortex); timing not identified.	1.5	cerebral cortex	not checked outside pilot	not checked outside pilot	NA	positional;eQTL;chromatin	False	False	Lee CP GCST006572 + GENCODE v19; HGNC/Unknome/Pharos/HPA separate annotations; LD/QTL/perturbation not followed outside pilot; Savage/Genebass overlap; EA excluded	Independent ancestry-matched fine-mapping excludes rs7164606 and assigns a different variant/gene (e.g. GPR176, GPR176-DT, Y_RNA); adult-specific perturbation in the implicated cell type has no predicted functional effect despite verified engagement. Shared-signal evidence disappears on multiple-signal conditioning or complete variant coverage.	association hypothesis only; not an enhancement target
346	ENSG00000204385	SLC44A4	346	R008	rs501942	1.18e-08	7.433999999999999e-07	0.014059924199999999	15855	63	515	ACOT13;RP1-30M3.5;C6orf62;RP1-30M3.6;LINC02828;AP3S1P1;GMNN;ARMH2;RIPOR2;AL512428.1;MTCO2P33;PPIAP29;RP11-367G6.3;ASS1P1;RN7SL334P;RP3-425P12.5;RP3-425P12.1;RP3-425P12.2;CMAHP;NUP50P2;CANT1P1;UBE2D3P5;RNY5P5;AL590084.1;RP11-191A15.4;RP3-522P13.3;KATNBL1P5;RPL21P68;HNRNPA3P17;CARMIL1;Y_RNA;RNU6-987P;AL160037.1;snoU13;SCGN;PRELID1P2;H2AC1;H2BC1;H2BC2P;H2AC2P;SLC17A4;SLC17A1;SLC17A3;H2AC3P;SLC17A2;TRIM38;U91328.21;U91328.20;LINC02980;U91328.22;H3P26;H1-1;HIST1H3A;HIST1H4A;HIST1H4B;HIST1H3B;HIST1H2AB;HIST1H2BB;H2AC5P;HIST1H3C;H1-2;HFE;H4C3;H1-6;H2BC4;H2AC6;H1-4;H2BC5;LARP1P1;HIST1H2BE;HIST1H4D;H1-12P;H3C4;H2AC7;HIST1H2BF;RP1-34B20.4;HIST1H4E;HIST1H2BG;HIST1H2AE;HIST1H3E;H2AC9P;H1-3;HIST1H4F;HIST1H4G;HIST1H3F;HIST1H2BH;HIST1H3G;H2AC10P;HIST1H2BI;H4C8;H3C9P;RNU6-1259P;BTN3A2;AL021917.1;BTN2A2;BTN3A1;BTN2A3P;BTN3A3;BTN2A1;BTN1A1;RNU6-502P;HCG11;CTA-14H9.5;HMGN4;ABT1;RP11-457M11.6;VN1R14P;RP11-457M11.2;ZNF322;RP11-457M11.5;GUSBP2;POM121L6P;LINC00240;RP11-239L20.6;TRNAI2;VN1R12P;VN1R13P;VN1R11P;RNU2-62P;RP1-86C11.7;H2BC11;H2AC11;H2BC12;HIST1H4I;HIST1H2AH;MIR3143;RPL10P2;PRSS16;CDCA7P1;POM121L2;VN1R10P;ZNF204P;ZNF391;RP1-153G14.4;MCFD2P1;ZNF184;XXbac-BPGBPG34I8.1;HNRNPA1P1;CD83P1;RNU6-471P;TRNAI6;RPL8P1;GPHRP1;RSL24D1P1;H4C10P;H2BC13;H2AC13;HIST1H3H;HIST1H2AJ;HIST1H2BM;H4C11;HIST1H4K;HIST1H2AK;H2BC15;H2BC16P;HIST1H2AL;H1-5;HIST1H3I;HIST1H4L;H3C12;HIST1H2AM;HIST1H2BO;RNU7-26P;OR2B2;OR2W6P;OR2B6;RPLP2P1;OR2W4P;IQCB2P;U3;OR2W2P;OR2B7P;OR2B8;OR1F12P;RP1-313I6.12;ZNF165;ZSCAN12P1;ZNF602P;ZSCAN16-AS1;ZSCAN16;RP1-265C24.8;ZKSCAN8;ZKSCAN8P1;ZNF603P;ZKSCAN8P2;TOB2P1;ZSCAN9;ZKSCAN4;NKAPL;ZSCAN26;PGBD1;SMIM15P2;ZSCAN31;ZKSCAN3;ZSCAN12;RNU2-45P;ZSCAN23;COX11P1;OR2E1P;GPX6;GPX5;SCAND3;SCAND3-AS1;COX8CP1;AL121932.1;LINC00533;RPSAP2;AL662890.1;NOP56P1;AL662890.3;XXbac-BPG308K3.5;LINC01623;RPL13P;ZNF90P2;HCG14;TRIM27;RNU6-930P;LINC01556;KRT18P1;RN7SL471P;HCG15;HCG16;ZNF311;OR2AD1P;OR2W1;OR2P1P;SAR1AP1;OR2B3;OR2J1;OR2J3;XXbac-BCX196D17.5;OR2N1P;OR2J2;OR2J4P;OR2H4P;XXbac-BPG308J9.3;OR2G1P;OR2U1P;OR2U2P;OR2B4P;OR14J1;DDX6P1;OR5V1;OR12D3;OR12D2;OR12D1;OR11A1;OR10C1;OR2H1;UBDP1;MAS1LP1;MAS1L;RPS17P1;LINC02829;LINC01015;MAS1LP2;OR2I1;UBD;GABBR1;OR2H5P;TMEM183AP1;SNORD32B;RPL13AP;OR2H2;SUMO2P1;MOG;ZFP57;ZDHHC20P1;HLA-F;HCG4P11;HLA-F-AS1;RPL23AP1;MICE;HCG9P5;Y_RNA;IFITM4P;XXbac-BPG170G13.32;XXbac-BPG170G13.31;HLA-V;HCG4;HLA-P;RPL7AP7;MICG;HLA-G;HCG4P8;MICF;HCG4P7;HLA-H;HLA-T;DDX39BP1;MCCD1P1;HCG4B;HLA-K;HLA-U;HLA-A;HCG4P5;HLA-W;MICD;HCG9;DDX39BP2;MCCD1P2;POLR1HASP;HCG4P3;HLA-J;ETF1P1;POLR1H;PPP1R11;RNF39;AL669914.1;TRIM31;TRIM31-AS1;SNORA48;TRIM40;TRIM10;TRIM15;TRIM26;PAIP1P1;HCG17;TRIM26BP;HLA-L;HCG18;TRIM39;TRIM39-RPP21;RPP21;HLA-N;HCG19P;UBQLN1P1;MICC;TMPOP1;SUCLA2P1;RANP1;HLA-E;LINC02569;GNL1;PRR3;ABCF1;MIR877;PPP1R10;AL662800.1;MRPS18B;ATAT1;PTMAP1;C6orf136;AL662800.2;DHX16;PPP1R18;NRM;RPL7P4;MDC1;MDC1-AS1;TUBB;XXbac-BPG252P9.9;FLOT1;Y_RNA;IER3-AS1;IER3;RN7SL353P;HCG20;LINC00243;LINC02570;RN7SKP186;DDR1-DT;DDR1;MIR4640;RN7SL175P;GTF2H4;VARS2;SFTA2;Y_RNA;MUCL3;HCG21;MUC21;MUC22;HCG22;RNU6-1133P;C6orf15;PSORS1C1;CDSN;PSORS1C2;POLR2LP1;CCHCR1;TCF19;POU5F1;PSORS1C3;XXbac-BPG299F13.17;HCG27;XXbac-BPG299F13.14;XXbac-BPG299F13.15;XXbac-BPG299F13.16;HLA-C;USP8P1;RPL3P2;WASF5P;LINC02571;XXbac-BPG248L24.10;HLA-B;XXbac-BPG248L24.12;DHFRP2;RNU6-283P;AL671883.1;FGFR3P1;ZDHHC20P2;HLA-S;XXbac-BPG181B23.7;HCP5;Y_RNA;MICA;LINC01149;XXbac-BPG181B23.6;MICB;Y_RNA;XXbac-BPG16N22.5;PPIAP9;RPL15P4;MCCD1;ATP6V1G2-DDX39B;DDX39B;SNORD117;SNORD84;DDX39B-AS1;ATP6V1G2;NFKBIL1;LTA;TNF;LTB;LST1;NCR3;UQCRHP1;AIF1;PRRC2A;SNORA38;BAG6;APOM;C6orf47;C6orf47-AS1;GPANK1;Y_RNA;CSNK2B;CSNK2B-LY6G5B-1181;LY6G5B;LY6G5C;ABHD16A;XXbac-BPG32J3.20;MIR4646;LY6G6F;LY6G6F-LY6G6D;LY6G6E;LY6G6D;MPIG6B;LY6G6C;DDAH2;CLIC1;MSH5;MSH5-SAPCD1;RNU6-850P;SAPCD1;SAPCD1-AS1;VWA7;VARS1;Y_RNA;LSM2;HSPA1L;HSPA1A;HSPA1B;SNHG32;SNORD48;SNORD52;NEU1;EHMT2;EHMT2-AS1;C2;ZBTB12;CFB;CFB;NELFE;MIR1236;SKIC2;DXO;WHR1;C4A;C4A-AS1;CYP21A1P;AL645922.1;TNXA;WHR1B;C4B;C4B-AS1;CYP21A2;TNXB;RNA5SP206;ATF6B;FKBPL;PRRT1;PPT2;PPT2-EGFL8;EGFL8;AGPAT1;RNF5;AGER;PBX2;XXbac-BPG300A18.13;GPSM3;NOTCH4;TSBP1-AS1;TSBP1;HNRNPA1P2;RNU6-603P;HCG23;BTNL2;HLA-DRA;HLA-DRB9;HLA-DRB5;RNU1-61P;HLA-DRB6;HLA-DRB1	13.2	17041	Unknome 18_Mar_2026; maximum over uniquely HGNC-mapped proteins; derived/knownness-ranks.tsv	Tbio	61	unique	NA	NA	NA	NA	NA	NA	unresolved competing genes; gene-body association is not causal assignment	Lifelong developmental, systemic and adult explanations remain. Adult tissue expression observed (cerebellum); timing not identified.	0.1	cerebellum	not checked outside pilot	not checked outside pilot	NA	NA	False	False	Lee CP GCST006572 + GENCODE v19; HGNC/Unknome/Pharos/HPA separate annotations; LD/QTL/perturbation not followed outside pilot; Savage/Genebass overlap; EA excluded	Independent ancestry-matched fine-mapping excludes rs501942 and assigns a different variant/gene (e.g. ACOT13, RP1-30M3.5, C6orf62); adult-specific perturbation in the implicated cell type has no predicted functional effect despite verified engagement. Shared-signal evidence disappears on multiple-signal conditioning or complete variant coverage.	association hypothesis only; not an enhancement target
347	ENSG00000135631	RAB11FIP5	347	R082	rs768851	2.57e-09	7.453e-07	0.0140958589	83340	290	34	EXOC6B;RNU2-39P;SNORD78;SPR;EMX1;SFXN5;RP11-44N22.3;NOTO;SMYD5;PRADC1;CCT7;FBXO41;EGR4;RNU6-111P;RPSAP28;ALMS1;ALMS1-IT1;AC096546.1;NAT8;ALMS1P1;NAT8B;TPRKB;RP11-434P11.2;DUSP11;C2orf78;STAMBP;RP11-51I5.1;ACTG2;DGUOK;DGUOK-AS1;RNA5SP97;AC073046.25;RP11-711M9.1;TET3	4.7	10753	Unknome 18_Mar_2026; maximum over uniquely HGNC-mapped proteins; derived/knownness-ranks.tsv	Tbio	110	unique	NA	NA	NA	NA	NA	NA	unresolved competing genes; gene-body association is not causal assignment	Lifelong developmental, systemic and adult explanations remain. Adult tissue expression observed (cerebral cortex); timing not identified.	10.3	cerebral cortex	not checked outside pilot	not checked outside pilot	NA	NA	False	False	Lee CP GCST006572 + GENCODE v19; HGNC/Unknome/Pharos/HPA separate annotations; LD/QTL/perturbation not followed outside pilot; Savage/Genebass overlap; EA excluded	Independent ancestry-matched fine-mapping excludes rs768851 and assigns a different variant/gene (e.g. EXOC6B, RNU2-39P, SNORD78); adult-specific perturbation in the implicated cell type has no predicted functional effect despite verified engagement. Shared-signal evidence disappears on multiple-signal conditioning or complete variant coverage.	association hypothesis only; not an enhancement target
348	ENSG00000224470	ATXN1L	348	R061	rs12921084	8.29e-09	7.461e-07	0.014110989300000001	39278	90	87	CLEC18C;RP11-296I10.5;AC009060.1;SMG1P7;FKSG63;snoU13;EXOSC6;AARS1;RN7SL407P;RN7SL279P;DDX19B;RP11-529K1.3;DDX19A-DT;DDX19A;ST3GAL2;RP11-529K1.4;RPS27P26;RNU6-23P;FCSK;COG4;SF3B3;SNORD111B;SNORD111;RP11-49C24.1;IL34;MTSS2;FLJ00418;VAC14;VAC14-AS2;VAC14-AS1;RP11-424M24.5;HYDIN;RNU6ATAC25P;SNORD112;AC027281.1;HYDIN-AS1;RP11-23E19.2;CMTR2;CTD-2520I13.1;AC106736.1;CALB2;LINC02136;RP11-510M2.7;TLE7;RP11-510M2.8;ZNF23;AC010547.9;RP11-510M2.2;ZNF19;RP11-510M2.6;CHST4;RP11-510M2.5;RNU6-1061P;TAT;TAT-AS1;RP11-432I5.2;MARVELD3;PHLPP2;RP11-432I5.6;RNU6-208P;SNORA70D;RP11-432I5.8;RP11-432I5.4;AP1G1;SNORD71;RP11-417N10.3;IST1;ZNF821;RP11-498D10.3;RP11-498D10.5;PKD1L3;RP11-498D10.6;RPL39P31;CCDC25P2;ATP5F1AP3;DHODH;TXNL4B;HP;HPR;RP11-384M15.3;DHX38;PMFBP1;RP11-328J14.1;RP11-328J14.2;RNU6-385P;LINC01572;AC004158.3	3.5	8994	Unknome 18_Mar_2026; maximum over uniquely HGNC-mapped proteins; derived/knownness-ranks.tsv	Tbio	32	unique	NA	NA	NA	NA	NA	NA	unresolved competing genes; gene-body association is not causal assignment	Lifelong developmental, systemic and adult explanations remain. Adult tissue expression observed (cerebral cortex); timing not identified.	8.8	cerebral cortex	not checked outside pilot	not checked outside pilot	3.7687e-07	positional;chromatin	False	False	Lee CP GCST006572 + GENCODE v19; HGNC/Unknome/Pharos/HPA separate annotations; LD/QTL/perturbation not followed outside pilot; Savage/Genebass overlap; EA excluded	Independent ancestry-matched fine-mapping excludes rs12921084 and assigns a different variant/gene (e.g. CLEC18C, RP11-296I10.5, AC009060.1); adult-specific perturbation in the implicated cell type has no predicted functional effect despite verified engagement. Shared-signal evidence disappears on multiple-signal conditioning or complete variant coverage.	association hypothesis only; not an enhancement target
349	ENSG00000188641	DPYD	349	R071	rs78164635	2.75e-10	7.655999999999999e-07	0.014479792799999999	843307	2784	12	DPYD-IT1;SEC63P1;RPL26P9;RP11-272L13.2;DPYD-AS2;RP11-272L13.4;RP11-272L13.3;RP11-490G2.2;MIR137HG;NFU1P2;LINC01776;AL160056.1	13.8	17208	Unknome 18_Mar_2026; maximum over uniquely HGNC-mapped proteins; derived/knownness-ranks.tsv	Tclin	272	unique	NA	NA	NA	NA	NA	NA	unresolved competing genes; gene-body association is not causal assignment	Lifelong developmental, systemic and adult explanations remain. Adult tissue expression observed (spinal cord); timing not identified.	8.2	spinal cord	not checked outside pilot	not checked outside pilot	4.5824e-07	positional;chromatin	False	False	Lee CP GCST006572 + GENCODE v19; HGNC/Unknome/Pharos/HPA separate annotations; LD/QTL/perturbation not followed outside pilot; Savage/Genebass overlap; EA excluded	Independent ancestry-matched fine-mapping excludes rs78164635 and assigns a different variant/gene (e.g. DPYD-IT1, SEC63P1, RPL26P9); adult-specific perturbation in the implicated cell type has no predicted functional effect despite verified engagement. Shared-signal evidence disappears on multiple-signal conditioning or complete variant coverage.	association hypothesis only; not an enhancement target
350	ENSG00000213676	ATF6B	350	R008	rs1269852	1.28e-08	7.808e-07	0.014767270400000001	30078	61	515	ACOT13;RP1-30M3.5;C6orf62;RP1-30M3.6;LINC02828;AP3S1P1;GMNN;ARMH2;RIPOR2;AL512428.1;MTCO2P33;PPIAP29;RP11-367G6.3;ASS1P1;RN7SL334P;RP3-425P12.5;RP3-425P12.1;RP3-425P12.2;CMAHP;NUP50P2;CANT1P1;UBE2D3P5;RNY5P5;AL590084.1;RP11-191A15.4;RP3-522P13.3;KATNBL1P5;RPL21P68;HNRNPA3P17;CARMIL1;Y_RNA;RNU6-987P;AL160037.1;snoU13;SCGN;PRELID1P2;H2AC1;H2BC1;H2BC2P;H2AC2P;SLC17A4;SLC17A1;SLC17A3;H2AC3P;SLC17A2;TRIM38;U91328.21;U91328.20;LINC02980;U91328.22;H3P26;H1-1;HIST1H3A;HIST1H4A;HIST1H4B;HIST1H3B;HIST1H2AB;HIST1H2BB;H2AC5P;HIST1H3C;H1-2;HFE;H4C3;H1-6;H2BC4;H2AC6;H1-4;H2BC5;LARP1P1;HIST1H2BE;HIST1H4D;H1-12P;H3C4;H2AC7;HIST1H2BF;RP1-34B20.4;HIST1H4E;HIST1H2BG;HIST1H2AE;HIST1H3E;H2AC9P;H1-3;HIST1H4F;HIST1H4G;HIST1H3F;HIST1H2BH;HIST1H3G;H2AC10P;HIST1H2BI;H4C8;H3C9P;RNU6-1259P;BTN3A2;AL021917.1;BTN2A2;BTN3A1;BTN2A3P;BTN3A3;BTN2A1;BTN1A1;RNU6-502P;HCG11;CTA-14H9.5;HMGN4;ABT1;RP11-457M11.6;VN1R14P;RP11-457M11.2;ZNF322;RP11-457M11.5;GUSBP2;POM121L6P;LINC00240;RP11-239L20.6;TRNAI2;VN1R12P;VN1R13P;VN1R11P;RNU2-62P;RP1-86C11.7;H2BC11;H2AC11;H2BC12;HIST1H4I;HIST1H2AH;MIR3143;RPL10P2;PRSS16;CDCA7P1;POM121L2;VN1R10P;ZNF204P;ZNF391;RP1-153G14.4;MCFD2P1;ZNF184;XXbac-BPGBPG34I8.1;HNRNPA1P1;CD83P1;RNU6-471P;TRNAI6;RPL8P1;GPHRP1;RSL24D1P1;H4C10P;H2BC13;H2AC13;HIST1H3H;HIST1H2AJ;HIST1H2BM;H4C11;HIST1H4K;HIST1H2AK;H2BC15;H2BC16P;HIST1H2AL;H1-5;HIST1H3I;HIST1H4L;H3C12;HIST1H2AM;HIST1H2BO;RNU7-26P;OR2B2;OR2W6P;OR2B6;RPLP2P1;OR2W4P;IQCB2P;U3;OR2W2P;OR2B7P;OR2B8;OR1F12P;RP1-313I6.12;ZNF165;ZSCAN12P1;ZNF602P;ZSCAN16-AS1;ZSCAN16;RP1-265C24.8;ZKSCAN8;ZKSCAN8P1;ZNF603P;ZKSCAN8P2;TOB2P1;ZSCAN9;ZKSCAN4;NKAPL;ZSCAN26;PGBD1;SMIM15P2;ZSCAN31;ZKSCAN3;ZSCAN12;RNU2-45P;ZSCAN23;COX11P1;OR2E1P;GPX6;GPX5;SCAND3;SCAND3-AS1;COX8CP1;AL121932.1;LINC00533;RPSAP2;AL662890.1;NOP56P1;AL662890.3;XXbac-BPG308K3.5;LINC01623;RPL13P;ZNF90P2;HCG14;TRIM27;RNU6-930P;LINC01556;KRT18P1;RN7SL471P;HCG15;HCG16;ZNF311;OR2AD1P;OR2W1;OR2P1P;SAR1AP1;OR2B3;OR2J1;OR2J3;XXbac-BCX196D17.5;OR2N1P;OR2J2;OR2J4P;OR2H4P;XXbac-BPG308J9.3;OR2G1P;OR2U1P;OR2U2P;OR2B4P;OR14J1;DDX6P1;OR5V1;OR12D3;OR12D2;OR12D1;OR11A1;OR10C1;OR2H1;UBDP1;MAS1LP1;MAS1L;RPS17P1;LINC02829;LINC01015;MAS1LP2;OR2I1;UBD;GABBR1;OR2H5P;TMEM183AP1;SNORD32B;RPL13AP;OR2H2;SUMO2P1;MOG;ZFP57;ZDHHC20P1;HLA-F;HCG4P11;HLA-F-AS1;RPL23AP1;MICE;HCG9P5;Y_RNA;IFITM4P;XXbac-BPG170G13.32;XXbac-BPG170G13.31;HLA-V;HCG4;HLA-P;RPL7AP7;MICG;HLA-G;HCG4P8;MICF;HCG4P7;HLA-H;HLA-T;DDX39BP1;MCCD1P1;HCG4B;HLA-K;HLA-U;HLA-A;HCG4P5;HLA-W;MICD;HCG9;DDX39BP2;MCCD1P2;POLR1HASP;HCG4P3;HLA-J;ETF1P1;POLR1H;PPP1R11;RNF39;AL669914.1;TRIM31;TRIM31-AS1;SNORA48;TRIM40;TRIM10;TRIM15;TRIM26;PAIP1P1;HCG17;TRIM26BP;HLA-L;HCG18;TRIM39;TRIM39-RPP21;RPP21;HLA-N;HCG19P;UBQLN1P1;MICC;TMPOP1;SUCLA2P1;RANP1;HLA-E;LINC02569;GNL1;PRR3;ABCF1;MIR877;PPP1R10;AL662800.1;MRPS18B;ATAT1;PTMAP1;C6orf136;AL662800.2;DHX16;PPP1R18;NRM;RPL7P4;MDC1;MDC1-AS1;TUBB;XXbac-BPG252P9.9;FLOT1;Y_RNA;IER3-AS1;IER3;RN7SL353P;HCG20;LINC00243;LINC02570;RN7SKP186;DDR1-DT;DDR1;MIR4640;RN7SL175P;GTF2H4;VARS2;SFTA2;Y_RNA;MUCL3;HCG21;MUC21;MUC22;HCG22;RNU6-1133P;C6orf15;PSORS1C1;CDSN;PSORS1C2;POLR2LP1;CCHCR1;TCF19;POU5F1;PSORS1C3;XXbac-BPG299F13.17;HCG27;XXbac-BPG299F13.14;XXbac-BPG299F13.15;XXbac-BPG299F13.16;HLA-C;USP8P1;RPL3P2;WASF5P;LINC02571;XXbac-BPG248L24.10;HLA-B;XXbac-BPG248L24.12;DHFRP2;RNU6-283P;AL671883.1;FGFR3P1;ZDHHC20P2;HLA-S;XXbac-BPG181B23.7;HCP5;Y_RNA;MICA;LINC01149;XXbac-BPG181B23.6;MICB;Y_RNA;XXbac-BPG16N22.5;PPIAP9;RPL15P4;MCCD1;ATP6V1G2-DDX39B;DDX39B;SNORD117;SNORD84;DDX39B-AS1;ATP6V1G2;NFKBIL1;LTA;TNF;LTB;LST1;NCR3;UQCRHP1;AIF1;PRRC2A;SNORA38;BAG6;APOM;C6orf47;C6orf47-AS1;GPANK1;Y_RNA;CSNK2B;CSNK2B-LY6G5B-1181;LY6G5B;LY6G5C;ABHD16A;XXbac-BPG32J3.20;MIR4646;LY6G6F;LY6G6F-LY6G6D;LY6G6E;LY6G6D;MPIG6B;LY6G6C;DDAH2;CLIC1;MSH5;MSH5-SAPCD1;RNU6-850P;SAPCD1;SAPCD1-AS1;VWA7;VARS1;Y_RNA;LSM2;HSPA1L;HSPA1A;HSPA1B;SNHG32;SNORD48;SNORD52;NEU1;SLC44A4;EHMT2;EHMT2-AS1;C2;ZBTB12;CFB;CFB;NELFE;MIR1236;SKIC2;DXO;WHR1;C4A;C4A-AS1;CYP21A1P;AL645922.1;TNXA;WHR1B;C4B;C4B-AS1;CYP21A2;TNXB;RNA5SP206;FKBPL;PRRT1;PPT2;PPT2-EGFL8;EGFL8;AGPAT1;RNF5;AGER;PBX2;XXbac-BPG300A18.13;GPSM3;NOTCH4;TSBP1-AS1;TSBP1;HNRNPA1P2;RNU6-603P;HCG23;BTNL2;HLA-DRA;HLA-DRB9;HLA-DRB5;RNU1-61P;HLA-DRB6;HLA-DRB1	14.1	17268	Unknome 18_Mar_2026; maximum over uniquely HGNC-mapped proteins; derived/knownness-ranks.tsv	Tbio	66	unique	NA	NA	NA	NA	NA	NA	unresolved competing genes; gene-body association is not causal assignment	Lifelong developmental, systemic and adult explanations remain. Adult tissue expression observed (cerebellum); timing not identified.	43.5	cerebellum	not checked outside pilot	not checked outside pilot	NA	NA	False	False	Lee CP GCST006572 + GENCODE v19; HGNC/Unknome/Pharos/HPA separate annotations; LD/QTL/perturbation not followed outside pilot; Savage/Genebass overlap; EA excluded	Independent ancestry-matched fine-mapping excludes rs1269852 and assigns a different variant/gene (e.g. ACOT13, RP1-30M3.5, C6orf62); adult-specific perturbation in the implicated cell type has no predicted functional effect despite verified engagement. Shared-signal evidence disappears on multiple-signal conditioning or complete variant coverage.	association hypothesis only; not an enhancement target
351	ENSG00000188659	SAXO2	351	R056	rs7496227	1.17e-08	7.839e-07	0.0148259007	22121	67	86	CTD-2034I4.1;CTD-2034I4.2;RP11-499F3.1;LINC01418;RP11-276M12.1;RP11-597K23.1;MEX3B;AC026956.1;LINC01583;EFL1;RNU1-77P;RP13-98N21.3;GOLGA6L10;UBE2Q2P2;RPL9P9;RP13-608F4.8;GOLGA6L9;CSPG4P8;GOLGA2P10;AC135995.1;RN7SL61P;RP13-608F4.1;DNM1P38;RPS17;RP13-608F4.6;RP13-98N21.2;RP13-996F3.5;RP11-152F13.7;RN7SL256P;CSPG4P9;AC126339.1;RP13-608F4.5;RP13-996F3.4;UBE2Q2P2;RPL9P8;RP11-152F13.8;GOLGA6L9;CSPG4P10;RP13-996F3.3;AC010724.1;RN7SL410P;GOLGA6L10;DNM1P38;RPS17;RP11-152F13.10;RP11-379H8.1;CPEB1;CPEB1-AS1;AP3B2;RP11-752G15.4;AC105339.1;ACTG1P17;AC105339.2;RP11-752G15.8;SNHG21;SCARNA15;FSD2;WHAMM;HOMER2;RP11-382A20.5;RAMAC;C15orf40;RP11-382A20.7;AC022558.1;BTBD1;RP11-90B9.2;RP11-382A20.6;FABP5P8;MIR4515;TM6SF1;RP11-382A20.2;HDGFL3;RP11-382A20.4;BNC1;SH3GL3;AC087738.1;ADAMTSL3;RNU6-401P;TUBAP4;RNU6-1339P;AC027807.1;RP11-342A23.1;EFL1P1;RP13-262C2.3;UBE2Q2P16;CSPG4P11	0.5	1903	Unknome 18_Mar_2026; maximum over uniquely HGNC-mapped proteins; derived/knownness-ranks.tsv	Tdark	5	unique	NA	NA	NA	NA	NA	NA	unresolved competing genes; gene-body association is not causal assignment	Lifelong developmental, systemic and adult explanations remain. Adult tissue expression observed (cerebellum); timing not identified.	2.0	cerebellum	not checked outside pilot	not checked outside pilot	2.1032e-09	positional;eQTL	False	False	Lee CP GCST006572 + GENCODE v19; HGNC/Unknome/Pharos/HPA separate annotations; LD/QTL/perturbation not followed outside pilot; Savage/Genebass overlap; EA excluded	Independent ancestry-matched fine-mapping excludes rs7496227 and assigns a different variant/gene (e.g. CTD-2034I4.1, CTD-2034I4.2, RP11-499F3.1); adult-specific perturbation in the implicated cell type has no predicted functional effect despite verified engagement. Shared-signal evidence disappears on multiple-signal conditioning or complete variant coverage.	association hypothesis only; not an enhancement target
352	ENSG00000103723	AP3B2	352	R056	rs28737193	5.45e-09	7.9025e-07	0.01494599825	50634	145	86	CTD-2034I4.1;CTD-2034I4.2;RP11-499F3.1;LINC01418;RP11-276M12.1;RP11-597K23.1;MEX3B;AC026956.1;LINC01583;EFL1;RNU1-77P;SAXO2;RP13-98N21.3;GOLGA6L10;UBE2Q2P2;RPL9P9;RP13-608F4.8;GOLGA6L9;CSPG4P8;GOLGA2P10;AC135995.1;RN7SL61P;RP13-608F4.1;DNM1P38;RPS17;RP13-608F4.6;RP13-98N21.2;RP13-996F3.5;RP11-152F13.7;RN7SL256P;CSPG4P9;AC126339.1;RP13-608F4.5;RP13-996F3.4;UBE2Q2P2;RPL9P8;RP11-152F13.8;GOLGA6L9;CSPG4P10;RP13-996F3.3;AC010724.1;RN7SL410P;GOLGA6L10;DNM1P38;RPS17;RP11-152F13.10;RP11-379H8.1;CPEB1;CPEB1-AS1;RP11-752G15.4;AC105339.1;ACTG1P17;AC105339.2;RP11-752G15.8;SNHG21;SCARNA15;FSD2;WHAMM;HOMER2;RP11-382A20.5;RAMAC;C15orf40;RP11-382A20.7;AC022558.1;BTBD1;RP11-90B9.2;RP11-382A20.6;FABP5P8;MIR4515;TM6SF1;RP11-382A20.2;HDGFL3;RP11-382A20.4;BNC1;SH3GL3;AC087738.1;ADAMTSL3;RNU6-401P;TUBAP4;RNU6-1339P;AC027807.1;RP11-342A23.1;EFL1P1;RP13-262C2.3;UBE2Q2P16;CSPG4P11	3.8	9432	Unknome 18_Mar_2026; maximum over uniquely HGNC-mapped proteins; derived/knownness-ranks.tsv	Tbio	65	unique	NA	NA	NA	NA	NA	NA	unresolved competing genes; gene-body association is not causal assignment	Lifelong developmental, systemic and adult explanations remain. Adult tissue expression observed (cerebellum); timing not identified.	46.0	cerebellum	not checked outside pilot	not checked outside pilot	1.3559e-06	positional;eQTL	False	False	Lee CP GCST006572 + GENCODE v19; HGNC/Unknome/Pharos/HPA separate annotations; LD/QTL/perturbation not followed outside pilot; Savage/Genebass overlap; EA excluded	Independent ancestry-matched fine-mapping excludes rs28737193 and assigns a different variant/gene (e.g. CTD-2034I4.1, CTD-2034I4.2, RP11-499F3.1); adult-specific perturbation in the implicated cell type has no predicted functional effect despite verified engagement. Shared-signal evidence disappears on multiple-signal conditioning or complete variant coverage.	association hypothesis only; not an enhancement target
353	ENSG00000100346	CACNA1I	353	R023	rs5757736	2.09e-09	7.9838e-07	0.01509976094	118985	382	149	CTA-150C2.13;APOBEC3A;APOBEC3B;APOBEC3B-AS1;APOBEC3C;APOBEC3D;APOBEC3F;APOBEC3G;CTA-150C2.20;RP4-742C19.12;APOBEC3H;CBX7;COX5BP7;FUNDC2P4;PDGFB;AL031590.1;RP3-333H23.8;RPL3;SNORD83B;SNORD83A;SNORD43;SYNGR1;TAB1;MGAT3;MGAT3-AS1;MIEF1;ATF4;RPS19BP1;ENTHD1;MTFR2P2;RN7SKP210;UQCRFS1P1;GRAP2;TMA7B;SACK1F;TNRC6B-DT;TNRC6B;RPL7P52;ADSL;SGSM3;SGSM3-AS1;MRTFA;MRTFA-AS2;RP5-1042K10.12;MRTFA-AS1;AL031594.1;COX6B1P3;RPL4P6;GAPDHP37;MCHR1;SLC25A17;RFKP4;JTBP1;MIR4766;ST13;XPNPEP3;DNAJB7;snoU13;RNU6-379P;RBX1;Y_RNA;AL080243.1;RPS9P2;Y_RNA;ACTBP15;EP300;MIR1281;RNU6-375P;RP1-85F18.6;EP300-AS1;LRRC37A14P;L3MBTL2;L3MBTL2-AS1;CHADL;RANGAP1;AL035681.1;ZC3H7B;TEF;RNU6-495P;CTA-223H9.9;TOB2;PHF5A;ACO2;POLR3H;CSDC2;PMM1;DESI1;XRCC6;Y_RNA;SNU13;RNU6-476P;C22orf46P;Z83840.1;MEI1;HMGN2P10;RNU6ATAC22P;Y_RNA;CCDC134;SREBF2-AS1;SREBF2;MIR33A;SHISA8;CTA-250D10.23;MIR378I;TNFRSF13C;CENPM;SMIM45;SEPTIN3;CTA-250D10.19;WBP2NL;SLC25A5P1;NAGA;PHETA2;SNORD13P1;SMDT1;NDUFA6;RP1-257I20.14;NDUFA6-DT;OLA1P1;CYP2D6;RP4-669P10.19;RP4-669P10.16;CYP2D7;CYP2D8P;TCF20;OGFRP1;Z83851.4;CTA-989H11.1;LINC01315;NFAM1;CTA-126B4.7;SERHL;RRP7A;Z93241.1;SERHL2;RRP7BP;RN7SKP80;RNU6-513P;POLDIP3;RNU12;CYB5R3;ATP5MGL;A4GALT;Y_RNA;RPL5P34;GOLGA2P4;ARFGAP3;PACSIN2;COA1P1	4.4	10330	Unknome 18_Mar_2026; maximum over uniquely HGNC-mapped proteins; derived/knownness-ranks.tsv	Tclin	36	unique	NA	NA	NA	NA	NA	NA	unresolved competing genes; gene-body association is not causal assignment	Lifelong developmental, systemic and adult explanations remain. Adult tissue expression observed (cerebellum); timing not identified.	9.7	cerebellum	not checked outside pilot	not checked outside pilot	1.2432e-10	positional;eQTL	False	False	Lee CP GCST006572 + GENCODE v19; HGNC/Unknome/Pharos/HPA separate annotations; LD/QTL/perturbation not followed outside pilot; Savage/Genebass overlap; EA excluded	Independent ancestry-matched fine-mapping excludes rs5757736 and assigns a different variant/gene (e.g. CTA-150C2.13, APOBEC3A, APOBEC3B); adult-specific perturbation in the implicated cell type has no predicted functional effect despite verified engagement. Shared-signal evidence disappears on multiple-signal conditioning or complete variant coverage.	association hypothesis only; not an enhancement target
354	ENSG00000081177	EXD2	354	R118	rs1043254	6.61e-09	8.0642e-07	0.01525182146	50848	122	24	RNU6-921P;ZFP36L1;RN7SL224P;MAGOH3P;BLZF2P;ACTN1;HMGN1P3;BANF1P1;ACTN1-DT;RPS29P1;DCAF5;DDX18P1;Y_RNA;GALNT16-AS1;RP11-363J20.2;GALNT16;ERH;SLC39A9;PLEKHD1;RP11-1046B16.1;CCDC177;CCDC177;SUSD6;SRSF5	10.9	16206	Unknome 18_Mar_2026; maximum over uniquely HGNC-mapped proteins; derived/knownness-ranks.tsv	Tbio	61	unique	NA	NA	NA	NA	NA	NA	unresolved competing genes; gene-body association is not causal assignment	Lifelong developmental, systemic and adult explanations remain. Adult tissue expression observed (spinal cord); timing not identified.	16.6	spinal cord	not checked outside pilot	not checked outside pilot	NA	positional	False	False	Lee CP GCST006572 + GENCODE v19; HGNC/Unknome/Pharos/HPA separate annotations; LD/QTL/perturbation not followed outside pilot; Savage/Genebass overlap; EA excluded	Independent ancestry-matched fine-mapping excludes rs1043254 and assigns a different variant/gene (e.g. RNU6-921P, ZFP36L1, RN7SL224P); adult-specific perturbation in the implicated cell type has no predicted functional effect despite verified engagement. Shared-signal evidence disappears on multiple-signal conditioning or complete variant coverage.	association hypothesis only; not an enhancement target
355	ENSG00000128908	INO80	355	R092	rs75322822	1.78e-09	8.1346e-07	0.01538496898	137475	457	101	GPR176;GPR176-DT;Y_RNA;EIF2AK4;snoU13;H3P38;SRP14;SRP14-DT;RP11-521C20.2;BMF;BMF-AS1;RP11-521C20.1;BUB1B;PAK6;BUB1B-PAK6;RP11-133K1.7;PAK6-AS1;PLCB2;ANKRD63;PLCB2-AS1;RPLP0P10;RP11-133K1.6;INAFM2;CCDC9B;RNA5SP392;PHGR1;DISP2;RP11-64K12.4;LINC00594;RP11-64K12.10;KNSTRN;IVD;BAHD1;RP11-64K12.9;RP11-64K12.8;CHST14;RP11-64K12.1;RP11-111A22.1;CCDC32;RNU6-516P;RPUSD2;KNL1;snoU13;RN7SL376P;CTD-2339L15.3;RAD51-AS1;RAD51;RMDN3;SUMO2P15;GCHFR;DNAJC17;C15orf62;ZFYVE19;PPP1R14D;SPINT1-AS1;SPINT1;RHOV;AC025166.1;VPS18;RP11-540O11.1;DLL4;ISCA1P4;CHAC1;RP11-540O11.6;RP11-540O11.7;INO80-AS1;CYCSP2;CIBAR1P1;EXD1;RN7SL497P;CHP1;OIP5-AS1;OIP5;NUSAP1;RP11-16O9.2;NDUFAF1;RTF1;RNU6-1169P;ITPKA;LTK;RPAP1;ELOCP2;TYRO3;RP11-380D11.2;MGA;MIR626;RP11-107F6.4;RP11-107F6.3;MAPKBP1;AC073657.1;RP11-23P13.4;PLA2G4B;JMJD7;JMJD7-PLA2G4B;SPTBN5;RNA5SP393;MIR4310;RP11-23P13.6;RP11-23P13.7;EHD4;EHD4-AS1	18.5	18079	Unknome 18_Mar_2026; maximum over uniquely HGNC-mapped proteins; derived/knownness-ranks.tsv	Tchem	148	unique	NA	NA	NA	NA	NA	NA	unresolved competing genes; gene-body association is not causal assignment	Lifelong developmental, systemic and adult explanations remain. Adult tissue expression observed (cerebral cortex); timing not identified.	4.5	cerebral cortex	not checked outside pilot	not checked outside pilot	NA	positional	False	False	Lee CP GCST006572 + GENCODE v19; HGNC/Unknome/Pharos/HPA separate annotations; LD/QTL/perturbation not followed outside pilot; Savage/Genebass overlap; EA excluded	Independent ancestry-matched fine-mapping excludes rs75322822 and assigns a different variant/gene (e.g. GPR176, GPR176-DT, Y_RNA); adult-specific perturbation in the implicated cell type has no predicted functional effect despite verified engagement. Shared-signal evidence disappears on multiple-signal conditioning or complete variant coverage.	association hypothesis only; not an enhancement target
356	ENSG00000007402	CACNA2D2	356	R001	rs1540293	2.28e-09	8.4132e-07	0.01591188516	141443	369	145	MAP4;RPS27P30;RN7SL664P;RPL17P16;CDC25A;SNRPFP4;RNU7-128P;NDUFB1P1;MIR4443;CAMP;ZNF589;MRPS18AP1;Y_RNA;FCF1P2;NME6;SPINK8;MIR2115;FBXW12;RN7SL321P;PLXNB1;CCDC51;TMA7;RP11-24C3.2;ATRIP;TREX1;SHISA5;AC104448.1;PFKFB4;UCN2;COL7A1;MIR711;UQCRC1;TMEM89;SLC26A6;CELSR3;MIR4793;LINC02585;NCKIPSD;RP11-572O6.1;IP6K2;PRKAR2A;PRKAR2A-AS1;SLC25A20;ARIH2OS;ARIH2;RP13-131K19.1;RP13-131K19.2;RP13-131K19.7;P4HTM;WDR6;DALRD3;MIR425;NDUFAF3;MIR191;IMPDH2;RP13-131K19.6;QRICH1;RN7SL182P;QARS1;USP19;LAMB2;LAMB2P1;CCDC71;KLHDC8B;CIMIP7;IHO1;GCSHP6;RP11-3B7.1;C3orf62;Y_RNA;MIR4271;USP4;GPX1;RHOA;RHOA-IT1;TCTA;AMT;NICN1-AS1;NICN1;RNA5SP130;DAG1;BSN-DT;BSN;BSN-AS1;APEH;MST1;AC099668.5;RNF123;AMIGO3;GMPPB;IP6K1;COX6CP14;PHF5AP3;CDHR4;INKA1;UBA7;MIR5193;AC139451.1;TRAIP;CAMKV;RN7SL217P;ACTL11P;MST1R;CTD-2330K9.2;CTD-2330K9.3;MON1A;RBM6;RBM5;SEMA3F-AS1;SEMA3F;MIR566;GNAT1;SLC38A3;GNAI2;U73169.1;LINC03143;SEMA3B-AS1;SEMA3B;LSMEM2;IFRD2;HYAL3;NAA80;HYAL1;HYAL2;TUSC2;RASSF1;ZMYND10-AS1;ZMYND10;NPRL2;CYB561D2;XXcos-LUCA11.5;TMEM115;XXcos-LUCA11.4;RNA5SP131;C3orf18;HEMK1;CISH;MAPKAPK3;LINC02019;MIR4787;DOCK3;PPIAP69;RP11-646D13.1;ZNF652P1;ST13P14	1.7	5664	Unknome 18_Mar_2026; maximum over uniquely HGNC-mapped proteins; derived/knownness-ranks.tsv	Tclin	51	unique	0.07211351722953938	1688	True	0.003945466613909422	0.4110759666322893	NA	unresolved competing genes; gene-body association is not causal assignment	Lifelong developmental, systemic and adult explanations remain. Adult tissue expression observed (cerebellum); timing not identified.	14.5	cerebellum	not established; target mapping/primary phenotype table unavailable	Tian 2019 iPSC-derived glutamatergic neuron survival D14/D21/D28; CROP-seq D7 transcription; not cognitive performance or mature adult physiology	9.6043e-07	positional	False	False	Lee CP GCST006572 + GENCODE v19; HGNC/Unknome/Pharos/HPA separate annotations; EUR LD + GTEx DLPFC/Catalogue + chain/VEP + Tian guide coverage pilot; Savage/Genebass overlap; EA excluded	Independent ancestry-matched fine-mapping excludes rs1540293 and assigns a different variant/gene (e.g. MAP4, RPS27P30, RN7SL664P); adult-specific perturbation in the implicated cell type has no predicted functional effect despite verified engagement. Shared-signal evidence disappears on multiple-signal conditioning or complete variant coverage.	association hypothesis only; not an enhancement target
357	ENSG00000145725	PPIP5K2	357	R059	rs115246607	3.46e-09	8.6154e-07	0.01629430602	92648	249	22	RN7SL802P;OR7H2P;RP11-1152B5.1;RNA5SP188;CTD-2333K2.1;SLCO4C1;AC008948.1;RN7SKP68;SLCO6A1;SLCO6A1-DT;LINC00492;CTD-2340E1.2;LINC00491;PAM;EIF3KP1;GIN1;CTC-503K11.2;MACIR;CTD-2154H6.1;PDZPH1P;LINC02115;NUDT12	8.6	14895	Unknome 18_Mar_2026; maximum over uniquely HGNC-mapped proteins; derived/knownness-ranks.tsv	Tchem	59	unique	NA	NA	NA	NA	NA	NA	unresolved competing genes; gene-body association is not causal assignment	Lifelong developmental, systemic and adult explanations remain. Adult tissue expression observed (cerebellum); timing not identified.	13.9	cerebellum	not checked outside pilot	not checked outside pilot	NA	positional;eQTL;chromatin	False	False	Lee CP GCST006572 + GENCODE v19; HGNC/Unknome/Pharos/HPA separate annotations; LD/QTL/perturbation not followed outside pilot; Savage/Genebass overlap; EA excluded	Independent ancestry-matched fine-mapping excludes rs115246607 and assigns a different variant/gene (e.g. RN7SL802P, OR7H2P, RP11-1152B5.1); adult-specific perturbation in the implicated cell type has no predicted functional effect despite verified engagement. Shared-signal evidence disappears on multiple-signal conditioning or complete variant coverage.	association hypothesis only; not an enhancement target
358	ENSG00000119383	PTPA	358	R070	rs3118630	5.32e-09	8.7248e-07	0.01650121424	37997	164	53	SPTAN1;DYNC2I2;VTI1BP4;HMGA1P4;SET;PKN3;RN7SL560P;ZDHHC12;ZDHHC12-DT;ZER1;snoU13;TBC1D13;ENDOG;SPOUT1;KYAT1;LRRC8A;PHYHD1;RP11-101E3.5;DOLK;NUP188;RP11-167N5.5;SH3GLB2;MIGA2;DOLPP1;CRAT;RP11-247A12.1;AL158151.2;RP11-247A12.7;IER5L;RP11-247A12.8;IER5L-AS1;AL158151.1;RP11-344B5.4;RP11-344B5.3;LINC02975;LINC02913;RP11-65J3.15;LINC01503;RN7SL159P;RP11-65J3.6;RP11-65J3.3;RP11-65J3.2;AL353803.1;RP11-65J3.14;LINC00963;RP11-492E3.51;RP11-492E3.2;AL391056.1;NTMT1;C9orf50;ASB6;ASB6-AS1;PRRX2	10.5	16025	Unknome 18_Mar_2026; maximum over uniquely HGNC-mapped proteins; derived/knownness-ranks.tsv	Tchem	286	unique	NA	NA	NA	NA	NA	NA	unresolved competing genes; gene-body association is not causal assignment	Lifelong developmental, systemic and adult explanations remain. Adult tissue expression observed (cerebral cortex); timing not identified.	157.6	cerebral cortex	not checked outside pilot	not checked outside pilot	2.2428e-09	positional;eQTL	False	False	Lee CP GCST006572 + GENCODE v19; HGNC/Unknome/Pharos/HPA separate annotations; LD/QTL/perturbation not followed outside pilot; Savage/Genebass overlap; EA excluded	Independent ancestry-matched fine-mapping excludes rs3118630 and assigns a different variant/gene (e.g. SPTAN1, DYNC2I2, VTI1BP4); adult-specific perturbation in the implicated cell type has no predicted functional effect despite verified engagement. Shared-signal evidence disappears on multiple-signal conditioning or complete variant coverage.	association hypothesis only; not an enhancement target
359	ENSG00000143578	CREB3L4	359	R050	rs6666703	5.46e-08	8.736e-07	0.0165223968	6830	16	79	PGLYRP3;PGLYRP4;RNU6-160P;S100A9;S100A12;LAPTM4BP1;S100A8;S100A15A;S100A7A;S100A7P1;S100A7L2;S100A7;RN7SL44P;BX470102.3;S100A6;S100A5;S100A4;S100A3;S100A2;S100A16;S100A14;S100A13;RP1-178F15.5;S100A1;RP1-178F15.4;CHTOP;SNAPIN;ILF2;NPR1;RN7SL372P;GEMIN2P1;Y_RNA;INTS3;RP11-216N14.8;RP11-216N14.9;snoU13;SLC27A3;Y_RNA;RP11-216N14.5;GATAD2B;RP11-216N14.7;RP11-759F5.1;DENND4B;CRTC2;SLC39A1;RP11-422P24.10;JTB;JTB-DT;RAB13;RPS27;NUP210L;RP11-422P24.9;U3;RNU6-179P;RPS7P2;MIR5698;TPM3;RN7SL431P;MIR190B;CFAP141;LTAP1;UBAP2L;AL590431.1;SNORA58B;HAX1;SNORD59;RNU6-239P;RNU6-121P;AQP10;ATP8B2;RNU7-57P;RP11-350G8.4;RPSAP17;IL6R-AS1;IL6R;PSMD8P1;SHE;RP11-350G8.9;TDRD10	3.6	9147	Unknome 18_Mar_2026; maximum over uniquely HGNC-mapped proteins; derived/knownness-ranks.tsv	Tbio	36	unique	NA	NA	NA	NA	NA	NA	unresolved competing genes; gene-body association is not causal assignment	Lifelong developmental, systemic and adult explanations remain. Adult tissue expression observed (cerebellum); timing not identified.	5.3	cerebellum	not checked outside pilot	not checked outside pilot	1.654e-07	positional;eQTL;chromatin	False	False	Lee CP GCST006572 + GENCODE v19; HGNC/Unknome/Pharos/HPA separate annotations; LD/QTL/perturbation not followed outside pilot; Savage/Genebass overlap; EA excluded	Independent ancestry-matched fine-mapping excludes rs6666703 and assigns a different variant/gene (e.g. PGLYRP3, PGLYRP4, RNU6-160P); adult-specific perturbation in the implicated cell type has no predicted functional effect despite verified engagement. Shared-signal evidence disappears on multiple-signal conditioning or complete variant coverage.	association hypothesis only; not an enhancement target
360	ENSG00000080815	PSEN1	360	R062	rs214279	3.94e-09	9.2196e-07	0.01743702948	87274	234	39	RGS6;RP3-514A23.2;DPF3;Y_RNA;snoU13;DCAF4;RPL36P3;RP11-109N23.6;RP11-109N23.1;ZFYVE1;RN7SL586P;RBM25-AS1;RBM25;RP11-109N23.5;RP4-687K1.2;PAPLN;PAPLN-AS1;RNU6-419P;PAPLN-AS2;NUMB;RP1-240K6.3;HEATR4;RIOX1;C14orf169;RP3-414A15.11;RP3-414A15.2;ACOT1;NT5CP2;ACOT2;NT5CP1;ACOT4;ACOT6;RP3-414A15.10;NDUFB8P1;DNAL1;RNU6-240P;RP4-693M11.3;PNMA1;MIDEAS	44.1	19155	Unknome 18_Mar_2026; maximum over uniquely HGNC-mapped proteins; derived/knownness-ranks.tsv	Tclin	3012	unique	NA	NA	NA	NA	NA	NA	unresolved competing genes; gene-body association is not causal assignment	Lifelong developmental, systemic and adult explanations remain. Adult tissue expression observed (spinal cord); timing not identified.	78.9	spinal cord	not checked outside pilot	not checked outside pilot	NA	eQTL	False	False	Lee CP GCST006572 + GENCODE v19; HGNC/Unknome/Pharos/HPA separate annotations; LD/QTL/perturbation not followed outside pilot; Savage/Genebass overlap; EA excluded	Independent ancestry-matched fine-mapping excludes rs214279 and assigns a different variant/gene (e.g. RGS6, RP3-514A23.2, DPF3); adult-specific perturbation in the implicated cell type has no predicted functional effect despite verified engagement. Shared-signal evidence disappears on multiple-signal conditioning or complete variant coverage.	association hypothesis only; not an enhancement target
361	ENSG00000204344	WHR1	361	R008	rs386480	4.91e-08	9.329000000000001e-07	0.0176439377	11731	19	515	ACOT13;RP1-30M3.5;C6orf62;RP1-30M3.6;LINC02828;AP3S1P1;GMNN;ARMH2;RIPOR2;AL512428.1;MTCO2P33;PPIAP29;RP11-367G6.3;ASS1P1;RN7SL334P;RP3-425P12.5;RP3-425P12.1;RP3-425P12.2;CMAHP;NUP50P2;CANT1P1;UBE2D3P5;RNY5P5;AL590084.1;RP11-191A15.4;RP3-522P13.3;KATNBL1P5;RPL21P68;HNRNPA3P17;CARMIL1;Y_RNA;RNU6-987P;AL160037.1;snoU13;SCGN;PRELID1P2;H2AC1;H2BC1;H2BC2P;H2AC2P;SLC17A4;SLC17A1;SLC17A3;H2AC3P;SLC17A2;TRIM38;U91328.21;U91328.20;LINC02980;U91328.22;H3P26;H1-1;HIST1H3A;HIST1H4A;HIST1H4B;HIST1H3B;HIST1H2AB;HIST1H2BB;H2AC5P;HIST1H3C;H1-2;HFE;H4C3;H1-6;H2BC4;H2AC6;H1-4;H2BC5;LARP1P1;HIST1H2BE;HIST1H4D;H1-12P;H3C4;H2AC7;HIST1H2BF;RP1-34B20.4;HIST1H4E;HIST1H2BG;HIST1H2AE;HIST1H3E;H2AC9P;H1-3;HIST1H4F;HIST1H4G;HIST1H3F;HIST1H2BH;HIST1H3G;H2AC10P;HIST1H2BI;H4C8;H3C9P;RNU6-1259P;BTN3A2;AL021917.1;BTN2A2;BTN3A1;BTN2A3P;BTN3A3;BTN2A1;BTN1A1;RNU6-502P;HCG11;CTA-14H9.5;HMGN4;ABT1;RP11-457M11.6;VN1R14P;RP11-457M11.2;ZNF322;RP11-457M11.5;GUSBP2;POM121L6P;LINC00240;RP11-239L20.6;TRNAI2;VN1R12P;VN1R13P;VN1R11P;RNU2-62P;RP1-86C11.7;H2BC11;H2AC11;H2BC12;HIST1H4I;HIST1H2AH;MIR3143;RPL10P2;PRSS16;CDCA7P1;POM121L2;VN1R10P;ZNF204P;ZNF391;RP1-153G14.4;MCFD2P1;ZNF184;XXbac-BPGBPG34I8.1;HNRNPA1P1;CD83P1;RNU6-471P;TRNAI6;RPL8P1;GPHRP1;RSL24D1P1;H4C10P;H2BC13;H2AC13;HIST1H3H;HIST1H2AJ;HIST1H2BM;H4C11;HIST1H4K;HIST1H2AK;H2BC15;H2BC16P;HIST1H2AL;H1-5;HIST1H3I;HIST1H4L;H3C12;HIST1H2AM;HIST1H2BO;RNU7-26P;OR2B2;OR2W6P;OR2B6;RPLP2P1;OR2W4P;IQCB2P;U3;OR2W2P;OR2B7P;OR2B8;OR1F12P;RP1-313I6.12;ZNF165;ZSCAN12P1;ZNF602P;ZSCAN16-AS1;ZSCAN16;RP1-265C24.8;ZKSCAN8;ZKSCAN8P1;ZNF603P;ZKSCAN8P2;TOB2P1;ZSCAN9;ZKSCAN4;NKAPL;ZSCAN26;PGBD1;SMIM15P2;ZSCAN31;ZKSCAN3;ZSCAN12;RNU2-45P;ZSCAN23;COX11P1;OR2E1P;GPX6;GPX5;SCAND3;SCAND3-AS1;COX8CP1;AL121932.1;LINC00533;RPSAP2;AL662890.1;NOP56P1;AL662890.3;XXbac-BPG308K3.5;LINC01623;RPL13P;ZNF90P2;HCG14;TRIM27;RNU6-930P;LINC01556;KRT18P1;RN7SL471P;HCG15;HCG16;ZNF311;OR2AD1P;OR2W1;OR2P1P;SAR1AP1;OR2B3;OR2J1;OR2J3;XXbac-BCX196D17.5;OR2N1P;OR2J2;OR2J4P;OR2H4P;XXbac-BPG308J9.3;OR2G1P;OR2U1P;OR2U2P;OR2B4P;OR14J1;DDX6P1;OR5V1;OR12D3;OR12D2;OR12D1;OR11A1;OR10C1;OR2H1;UBDP1;MAS1LP1;MAS1L;RPS17P1;LINC02829;LINC01015;MAS1LP2;OR2I1;UBD;GABBR1;OR2H5P;TMEM183AP1;SNORD32B;RPL13AP;OR2H2;SUMO2P1;MOG;ZFP57;ZDHHC20P1;HLA-F;HCG4P11;HLA-F-AS1;RPL23AP1;MICE;HCG9P5;Y_RNA;IFITM4P;XXbac-BPG170G13.32;XXbac-BPG170G13.31;HLA-V;HCG4;HLA-P;RPL7AP7;MICG;HLA-G;HCG4P8;MICF;HCG4P7;HLA-H;HLA-T;DDX39BP1;MCCD1P1;HCG4B;HLA-K;HLA-U;HLA-A;HCG4P5;HLA-W;MICD;HCG9;DDX39BP2;MCCD1P2;POLR1HASP;HCG4P3;HLA-J;ETF1P1;POLR1H;PPP1R11;RNF39;AL669914.1;TRIM31;TRIM31-AS1;SNORA48;TRIM40;TRIM10;TRIM15;TRIM26;PAIP1P1;HCG17;TRIM26BP;HLA-L;HCG18;TRIM39;TRIM39-RPP21;RPP21;HLA-N;HCG19P;UBQLN1P1;MICC;TMPOP1;SUCLA2P1;RANP1;HLA-E;LINC02569;GNL1;PRR3;ABCF1;MIR877;PPP1R10;AL662800.1;MRPS18B;ATAT1;PTMAP1;C6orf136;AL662800.2;DHX16;PPP1R18;NRM;RPL7P4;MDC1;MDC1-AS1;TUBB;XXbac-BPG252P9.9;FLOT1;Y_RNA;IER3-AS1;IER3;RN7SL353P;HCG20;LINC00243;LINC02570;RN7SKP186;DDR1-DT;DDR1;MIR4640;RN7SL175P;GTF2H4;VARS2;SFTA2;Y_RNA;MUCL3;HCG21;MUC21;MUC22;HCG22;RNU6-1133P;C6orf15;PSORS1C1;CDSN;PSORS1C2;POLR2LP1;CCHCR1;TCF19;POU5F1;PSORS1C3;XXbac-BPG299F13.17;HCG27;XXbac-BPG299F13.14;XXbac-BPG299F13.15;XXbac-BPG299F13.16;HLA-C;USP8P1;RPL3P2;WASF5P;LINC02571;XXbac-BPG248L24.10;HLA-B;XXbac-BPG248L24.12;DHFRP2;RNU6-283P;AL671883.1;FGFR3P1;ZDHHC20P2;HLA-S;XXbac-BPG181B23.7;HCP5;Y_RNA;MICA;LINC01149;XXbac-BPG181B23.6;MICB;Y_RNA;XXbac-BPG16N22.5;PPIAP9;RPL15P4;MCCD1;ATP6V1G2-DDX39B;DDX39B;SNORD117;SNORD84;DDX39B-AS1;ATP6V1G2;NFKBIL1;LTA;TNF;LTB;LST1;NCR3;UQCRHP1;AIF1;PRRC2A;SNORA38;BAG6;APOM;C6orf47;C6orf47-AS1;GPANK1;Y_RNA;CSNK2B;CSNK2B-LY6G5B-1181;LY6G5B;LY6G5C;ABHD16A;XXbac-BPG32J3.20;MIR4646;LY6G6F;LY6G6F-LY6G6D;LY6G6E;LY6G6D;MPIG6B;LY6G6C;DDAH2;CLIC1;MSH5;MSH5-SAPCD1;RNU6-850P;SAPCD1;SAPCD1-AS1;VWA7;VARS1;Y_RNA;LSM2;HSPA1L;HSPA1A;HSPA1B;SNHG32;SNORD48;SNORD52;NEU1;SLC44A4;EHMT2;EHMT2-AS1;C2;ZBTB12;CFB;CFB;NELFE;MIR1236;SKIC2;DXO;C4A;C4A-AS1;CYP21A1P;AL645922.1;TNXA;WHR1B;C4B;C4B-AS1;CYP21A2;TNXB;RNA5SP206;ATF6B;FKBPL;PRRT1;PPT2;PPT2-EGFL8;EGFL8;AGPAT1;RNF5;AGER;PBX2;XXbac-BPG300A18.13;GPSM3;NOTCH4;TSBP1-AS1;TSBP1;HNRNPA1P2;RNU6-603P;HCG23;BTNL2;HLA-DRA;HLA-DRB9;HLA-DRB5;RNU1-61P;HLA-DRB6;HLA-DRB1	5.3	11597	Unknome 18_Mar_2026; maximum over uniquely HGNC-mapped proteins; derived/knownness-ranks.tsv	Tchem	60	unique	NA	NA	NA	NA	NA	NA	unresolved competing genes; gene-body association is not causal assignment	Lifelong developmental, systemic and adult explanations remain. Adult tissue expression observed (cerebral cortex); timing not identified.	4.6	cerebral cortex	not checked outside pilot	not checked outside pilot	NA	NA	False	False	Lee CP GCST006572 + GENCODE v19; HGNC/Unknome/Pharos/HPA separate annotations; LD/QTL/perturbation not followed outside pilot; Savage/Genebass overlap; EA excluded	Independent ancestry-matched fine-mapping excludes rs386480 and assigns a different variant/gene (e.g. ACOT13, RP1-30M3.5, C6orf62); adult-specific perturbation in the implicated cell type has no predicted functional effect despite verified engagement. Shared-signal evidence disappears on multiple-signal conditioning or complete variant coverage.	association hypothesis only; not an enhancement target
362	ENSG00000114383	TUSC2	362	R001	rs11549673	7.91e-08	9.492e-07	0.0179522196	8225	12	145	MAP4;RPS27P30;RN7SL664P;RPL17P16;CDC25A;SNRPFP4;RNU7-128P;NDUFB1P1;MIR4443;CAMP;ZNF589;MRPS18AP1;Y_RNA;FCF1P2;NME6;SPINK8;MIR2115;FBXW12;RN7SL321P;PLXNB1;CCDC51;TMA7;RP11-24C3.2;ATRIP;TREX1;SHISA5;AC104448.1;PFKFB4;UCN2;COL7A1;MIR711;UQCRC1;TMEM89;SLC26A6;CELSR3;MIR4793;LINC02585;NCKIPSD;RP11-572O6.1;IP6K2;PRKAR2A;PRKAR2A-AS1;SLC25A20;ARIH2OS;ARIH2;RP13-131K19.1;RP13-131K19.2;RP13-131K19.7;P4HTM;WDR6;DALRD3;MIR425;NDUFAF3;MIR191;IMPDH2;RP13-131K19.6;QRICH1;RN7SL182P;QARS1;USP19;LAMB2;LAMB2P1;CCDC71;KLHDC8B;CIMIP7;IHO1;GCSHP6;RP11-3B7.1;C3orf62;Y_RNA;MIR4271;USP4;GPX1;RHOA;RHOA-IT1;TCTA;AMT;NICN1-AS1;NICN1;RNA5SP130;DAG1;BSN-DT;BSN;BSN-AS1;APEH;MST1;AC099668.5;RNF123;AMIGO3;GMPPB;IP6K1;COX6CP14;PHF5AP3;CDHR4;INKA1;UBA7;MIR5193;AC139451.1;TRAIP;CAMKV;RN7SL217P;ACTL11P;MST1R;CTD-2330K9.2;CTD-2330K9.3;MON1A;RBM6;RBM5;SEMA3F-AS1;SEMA3F;MIR566;GNAT1;SLC38A3;GNAI2;U73169.1;LINC03143;SEMA3B-AS1;SEMA3B;LSMEM2;IFRD2;HYAL3;NAA80;HYAL1;HYAL2;RASSF1;ZMYND10-AS1;ZMYND10;NPRL2;CYB561D2;XXcos-LUCA11.5;TMEM115;CACNA2D2;XXcos-LUCA11.4;RNA5SP131;C3orf18;HEMK1;CISH;MAPKAPK3;LINC02019;MIR4787;DOCK3;PPIAP69;RP11-646D13.1;ZNF652P1;ST13P14	1.0	3282	Unknome 18_Mar_2026; maximum over uniquely HGNC-mapped proteins; derived/knownness-ranks.tsv	Tbio	77	unique	0.06015908465560383	1883	True	0.0040240162968479525	0.4105875903310574	NA	unresolved competing genes; gene-body association is not causal assignment	Lifelong developmental, systemic and adult explanations remain. Adult tissue expression observed (cerebral cortex); timing not identified.	59.9	cerebral cortex	not established; target mapping/primary phenotype table unavailable	Tian 2019 iPSC-derived glutamatergic neuron survival D14/D21/D28; CROP-seq D7 transcription; not cognitive performance or mature adult physiology	NA	positional;eQTL	False	False	Lee CP GCST006572 + GENCODE v19; HGNC/Unknome/Pharos/HPA separate annotations; EUR LD + GTEx DLPFC/Catalogue + chain/VEP + Tian guide coverage pilot; Savage/Genebass overlap; EA excluded	Independent ancestry-matched fine-mapping excludes rs11549673 and assigns a different variant/gene (e.g. MAP4, RPS27P30, RN7SL664P); adult-specific perturbation in the implicated cell type has no predicted functional effect despite verified engagement. Shared-signal evidence disappears on multiple-signal conditioning or complete variant coverage.	association hypothesis only; not an enhancement target
363	ENSG00000196482	ESRRG	363	R077	rs11117646	3.66e-10	9.896639999999999e-07	0.018717515231999996	634510	2704	3	USH2A;USH2A-AS1;MRPS18BP1	5.9	12348	Unknome 18_Mar_2026; maximum over uniquely HGNC-mapped proteins; derived/knownness-ranks.tsv	Tchem	244	unique	NA	NA	NA	NA	NA	NA	unresolved competing genes; gene-body association is not causal assignment	Lifelong developmental, systemic and adult explanations remain. Adult tissue expression observed (cerebellum); timing not identified.	3.8	cerebellum	not checked outside pilot	not checked outside pilot	1.197e-06	positional	False	False	Lee CP GCST006572 + GENCODE v19; HGNC/Unknome/Pharos/HPA separate annotations; LD/QTL/perturbation not followed outside pilot; Savage/Genebass overlap; EA excluded	Independent ancestry-matched fine-mapping excludes rs11117646 and assigns a different variant/gene (e.g. USH2A, USH2A-AS1, MRPS18BP1); adult-specific perturbation in the implicated cell type has no predicted functional effect despite verified engagement. Shared-signal evidence disappears on multiple-signal conditioning or complete variant coverage.	association hypothesis only; not an enhancement target
364	ENSG00000103067	ESRP2	364	NA	rs8057119	1e-07	1e-06	0.018913	8992	10	0		3.1	8298	Unknome 18_Mar_2026; maximum over uniquely HGNC-mapped proteins; derived/knownness-ranks.tsv	Tbio	65	unique	NA	NA	NA	NA	NA	NA	unresolved competing genes; gene-body association is not causal assignment	Lifelong developmental, systemic and adult explanations remain. Adult tissue expression observed (cerebellum); timing not identified.	0.4	cerebellum	not checked outside pilot	not checked outside pilot	NA	positional;eQTL;chromatin	False	False	Lee CP GCST006572 + GENCODE v19; HGNC/Unknome/Pharos/HPA separate annotations; LD/QTL/perturbation not followed outside pilot; Savage/Genebass overlap; EA excluded	Independent ancestry-matched fine-mapping excludes rs8057119 and assigns a different variant/gene; adult-specific perturbation in the implicated cell type has no predicted functional effect despite verified engagement. Shared-signal evidence disappears on multiple-signal conditioning or complete variant coverage.	association hypothesis only; not an enhancement target
365	ENSG00000167130	DOLPP1	365	R070	rs10760587	4.01e-08	1.0025000000000001e-06	0.0189602825	9339	25	53	SPTAN1;DYNC2I2;VTI1BP4;HMGA1P4;SET;PKN3;RN7SL560P;ZDHHC12;ZDHHC12-DT;ZER1;snoU13;TBC1D13;ENDOG;SPOUT1;KYAT1;LRRC8A;PHYHD1;RP11-101E3.5;DOLK;NUP188;RP11-167N5.5;SH3GLB2;MIGA2;CRAT;RP11-247A12.1;AL158151.2;PTPA;RP11-247A12.7;IER5L;RP11-247A12.8;IER5L-AS1;AL158151.1;RP11-344B5.4;RP11-344B5.3;LINC02975;LINC02913;RP11-65J3.15;LINC01503;RN7SL159P;RP11-65J3.6;RP11-65J3.3;RP11-65J3.2;AL353803.1;RP11-65J3.14;LINC00963;RP11-492E3.51;RP11-492E3.2;AL391056.1;NTMT1;C9orf50;ASB6;ASB6-AS1;PRRX2	3.8	9432	Unknome 18_Mar_2026; maximum over uniquely HGNC-mapped proteins; derived/knownness-ranks.tsv	Tdark	26	unique	NA	NA	NA	NA	NA	NA	unresolved competing genes; gene-body association is not causal assignment	Lifelong developmental, systemic and adult explanations remain. Adult tissue expression observed (spinal cord); timing not identified.	15.1	spinal cord	not checked outside pilot	not checked outside pilot	NA	positional;eQTL	False	False	Lee CP GCST006572 + GENCODE v19; HGNC/Unknome/Pharos/HPA separate annotations; LD/QTL/perturbation not followed outside pilot; Savage/Genebass overlap; EA excluded	Independent ancestry-matched fine-mapping excludes rs10760587 and assigns a different variant/gene (e.g. SPTAN1, DYNC2I2, VTI1BP4); adult-specific perturbation in the implicated cell type has no predicted functional effect despite verified engagement. Shared-signal evidence disappears on multiple-signal conditioning or complete variant coverage.	association hypothesis only; not an enhancement target
366	ENSG00000185053	SGCZ	366	R063	rs13253386	1.26e-10	1.013796e-06	0.019173923748	1148476	8046	12	RP11-145O15.3;RP11-436P7.1;RP11-436P7.2;RP11-480O10.1;RP11-480O10.2;RP11-510I21.1;RP11-3G21.1;EIF4EP5;RNU7-153P;Y_RNA;RNU6-397P;AC021760.1	4.3	10201	Unknome 18_Mar_2026; maximum over uniquely HGNC-mapped proteins; derived/knownness-ranks.tsv	Tbio	19	unique	NA	NA	NA	NA	NA	NA	unresolved competing genes; gene-body association is not causal assignment	Lifelong developmental, systemic and adult explanations remain. Adult tissue expression observed (cerebral cortex); timing not identified.	0.5	cerebral cortex	not checked outside pilot	not checked outside pilot	NA	positional	False	False	Lee CP GCST006572 + GENCODE v19; HGNC/Unknome/Pharos/HPA separate annotations; LD/QTL/perturbation not followed outside pilot; Savage/Genebass overlap; EA excluded	Independent ancestry-matched fine-mapping excludes rs13253386 and assigns a different variant/gene (e.g. RP11-145O15.3, RP11-436P7.1, RP11-436P7.2); adult-specific perturbation in the implicated cell type has no predicted functional effect despite verified engagement. Shared-signal evidence disappears on multiple-signal conditioning or complete variant coverage.	association hypothesis only; not an enhancement target
367	ENSG00000065361	ERBB3	367	R107	rs7297175	2.23e-08	1.0481e-06	0.019822715299999998	23649	47	80	RP11-110A12.2;OR6C68;OR6C64P;OR6C4;MIR548Z;OR2AP1;OR6U2P;OR10P1;RP11-644F5.16;OR10AE3P;PSMB3P1;RP11-644F5.17;TMT1B;ITGA7;RP11-644F5.10;BLOC1S1;RDH5;CD63;CD63-AS1;RP11-644F5.12;GDF11;SARNP;RP11-762I7.5;RP11-762I7.4;ORMDL2;DNAJC14;TMEM198B;MMP19;OLA1P3;RNU1-69P;GSTP1P1;PYM1;DGKA;PMEL;CDK2;RP11-973D8.4;RAB5B;RP11-603J24.7;AC034102.1;SUOX;IKZF4;RP11-603J24.4;RPS26;RP11-603J24.9;PA2G4;RP11-603J24.17;RPL41;ZC3H10;ESYT1;RP11-603J24.6;RP11-603J24.5;MYL6B-AS1;MYL6B;MYL6;RP11-977G19.5;SMARCC2;RN7SL770P;RNF41;NABP2;SLC39A5;ANKRD52;COQ10A;RP11-977G19.14;CS;RP11-977G19.10;CNPY2-AS1;RP11-977G19.12;CNPY2;PAN2;IL23A;STAT2;RNU7-40P;APOF;RP11-348M3.2;TIMELESS;MIP;SPRYD4;GLS2;HSPD1P4;RBMS2	22.6	18479	Unknome 18_Mar_2026; maximum over uniquely HGNC-mapped proteins; derived/knownness-ranks.tsv	Tclin	1056	unique	NA	NA	NA	NA	NA	NA	unresolved competing genes; gene-body association is not causal assignment	Lifelong developmental, systemic and adult explanations remain. Adult tissue expression observed (spinal cord); timing not identified.	61.1	spinal cord	not checked outside pilot	not checked outside pilot	1.4158e-07	NA	False	False	Lee CP GCST006572 + GENCODE v19; HGNC/Unknome/Pharos/HPA separate annotations; LD/QTL/perturbation not followed outside pilot; Savage/Genebass overlap; EA excluded	Independent ancestry-matched fine-mapping excludes rs7297175 and assigns a different variant/gene (e.g. RP11-110A12.2, OR6C68, OR6C64P); adult-specific perturbation in the implicated cell type has no predicted functional effect despite verified engagement. Shared-signal evidence disappears on multiple-signal conditioning or complete variant coverage.	association hypothesis only; not an enhancement target
368	ENSG00000244255	CFB	368	R008	rs1270942	1.7e-08	1.088e-06	0.020577344	24351	64	515	ACOT13;RP1-30M3.5;C6orf62;RP1-30M3.6;LINC02828;AP3S1P1;GMNN;ARMH2;RIPOR2;AL512428.1;MTCO2P33;PPIAP29;RP11-367G6.3;ASS1P1;RN7SL334P;RP3-425P12.5;RP3-425P12.1;RP3-425P12.2;CMAHP;NUP50P2;CANT1P1;UBE2D3P5;RNY5P5;AL590084.1;RP11-191A15.4;RP3-522P13.3;KATNBL1P5;RPL21P68;HNRNPA3P17;CARMIL1;Y_RNA;RNU6-987P;AL160037.1;snoU13;SCGN;PRELID1P2;H2AC1;H2BC1;H2BC2P;H2AC2P;SLC17A4;SLC17A1;SLC17A3;H2AC3P;SLC17A2;TRIM38;U91328.21;U91328.20;LINC02980;U91328.22;H3P26;H1-1;HIST1H3A;HIST1H4A;HIST1H4B;HIST1H3B;HIST1H2AB;HIST1H2BB;H2AC5P;HIST1H3C;H1-2;HFE;H4C3;H1-6;H2BC4;H2AC6;H1-4;H2BC5;LARP1P1;HIST1H2BE;HIST1H4D;H1-12P;H3C4;H2AC7;HIST1H2BF;RP1-34B20.4;HIST1H4E;HIST1H2BG;HIST1H2AE;HIST1H3E;H2AC9P;H1-3;HIST1H4F;HIST1H4G;HIST1H3F;HIST1H2BH;HIST1H3G;H2AC10P;HIST1H2BI;H4C8;H3C9P;RNU6-1259P;BTN3A2;AL021917.1;BTN2A2;BTN3A1;BTN2A3P;BTN3A3;BTN2A1;BTN1A1;RNU6-502P;HCG11;CTA-14H9.5;HMGN4;ABT1;RP11-457M11.6;VN1R14P;RP11-457M11.2;ZNF322;RP11-457M11.5;GUSBP2;POM121L6P;LINC00240;RP11-239L20.6;TRNAI2;VN1R12P;VN1R13P;VN1R11P;RNU2-62P;RP1-86C11.7;H2BC11;H2AC11;H2BC12;HIST1H4I;HIST1H2AH;MIR3143;RPL10P2;PRSS16;CDCA7P1;POM121L2;VN1R10P;ZNF204P;ZNF391;RP1-153G14.4;MCFD2P1;ZNF184;XXbac-BPGBPG34I8.1;HNRNPA1P1;CD83P1;RNU6-471P;TRNAI6;RPL8P1;GPHRP1;RSL24D1P1;H4C10P;H2BC13;H2AC13;HIST1H3H;HIST1H2AJ;HIST1H2BM;H4C11;HIST1H4K;HIST1H2AK;H2BC15;H2BC16P;HIST1H2AL;H1-5;HIST1H3I;HIST1H4L;H3C12;HIST1H2AM;HIST1H2BO;RNU7-26P;OR2B2;OR2W6P;OR2B6;RPLP2P1;OR2W4P;IQCB2P;U3;OR2W2P;OR2B7P;OR2B8;OR1F12P;RP1-313I6.12;ZNF165;ZSCAN12P1;ZNF602P;ZSCAN16-AS1;ZSCAN16;RP1-265C24.8;ZKSCAN8;ZKSCAN8P1;ZNF603P;ZKSCAN8P2;TOB2P1;ZSCAN9;ZKSCAN4;NKAPL;ZSCAN26;PGBD1;SMIM15P2;ZSCAN31;ZKSCAN3;ZSCAN12;RNU2-45P;ZSCAN23;COX11P1;OR2E1P;GPX6;GPX5;SCAND3;SCAND3-AS1;COX8CP1;AL121932.1;LINC00533;RPSAP2;AL662890.1;NOP56P1;AL662890.3;XXbac-BPG308K3.5;LINC01623;RPL13P;ZNF90P2;HCG14;TRIM27;RNU6-930P;LINC01556;KRT18P1;RN7SL471P;HCG15;HCG16;ZNF311;OR2AD1P;OR2W1;OR2P1P;SAR1AP1;OR2B3;OR2J1;OR2J3;XXbac-BCX196D17.5;OR2N1P;OR2J2;OR2J4P;OR2H4P;XXbac-BPG308J9.3;OR2G1P;OR2U1P;OR2U2P;OR2B4P;OR14J1;DDX6P1;OR5V1;OR12D3;OR12D2;OR12D1;OR11A1;OR10C1;OR2H1;UBDP1;MAS1LP1;MAS1L;RPS17P1;LINC02829;LINC01015;MAS1LP2;OR2I1;UBD;GABBR1;OR2H5P;TMEM183AP1;SNORD32B;RPL13AP;OR2H2;SUMO2P1;MOG;ZFP57;ZDHHC20P1;HLA-F;HCG4P11;HLA-F-AS1;RPL23AP1;MICE;HCG9P5;Y_RNA;IFITM4P;XXbac-BPG170G13.32;XXbac-BPG170G13.31;HLA-V;HCG4;HLA-P;RPL7AP7;MICG;HLA-G;HCG4P8;MICF;HCG4P7;HLA-H;HLA-T;DDX39BP1;MCCD1P1;HCG4B;HLA-K;HLA-U;HLA-A;HCG4P5;HLA-W;MICD;HCG9;DDX39BP2;MCCD1P2;POLR1HASP;HCG4P3;HLA-J;ETF1P1;POLR1H;PPP1R11;RNF39;AL669914.1;TRIM31;TRIM31-AS1;SNORA48;TRIM40;TRIM10;TRIM15;TRIM26;PAIP1P1;HCG17;TRIM26BP;HLA-L;HCG18;TRIM39;TRIM39-RPP21;RPP21;HLA-N;HCG19P;UBQLN1P1;MICC;TMPOP1;SUCLA2P1;RANP1;HLA-E;LINC02569;GNL1;PRR3;ABCF1;MIR877;PPP1R10;AL662800.1;MRPS18B;ATAT1;PTMAP1;C6orf136;AL662800.2;DHX16;PPP1R18;NRM;RPL7P4;MDC1;MDC1-AS1;TUBB;XXbac-BPG252P9.9;FLOT1;Y_RNA;IER3-AS1;IER3;RN7SL353P;HCG20;LINC00243;LINC02570;RN7SKP186;DDR1-DT;DDR1;MIR4640;RN7SL175P;GTF2H4;VARS2;SFTA2;Y_RNA;MUCL3;HCG21;MUC21;MUC22;HCG22;RNU6-1133P;C6orf15;PSORS1C1;CDSN;PSORS1C2;POLR2LP1;CCHCR1;TCF19;POU5F1;PSORS1C3;XXbac-BPG299F13.17;HCG27;XXbac-BPG299F13.14;XXbac-BPG299F13.15;XXbac-BPG299F13.16;HLA-C;USP8P1;RPL3P2;WASF5P;LINC02571;XXbac-BPG248L24.10;HLA-B;XXbac-BPG248L24.12;DHFRP2;RNU6-283P;AL671883.1;FGFR3P1;ZDHHC20P2;HLA-S;XXbac-BPG181B23.7;HCP5;Y_RNA;MICA;LINC01149;XXbac-BPG181B23.6;MICB;Y_RNA;XXbac-BPG16N22.5;PPIAP9;RPL15P4;MCCD1;ATP6V1G2-DDX39B;DDX39B;SNORD117;SNORD84;DDX39B-AS1;ATP6V1G2;NFKBIL1;LTA;TNF;LTB;LST1;NCR3;UQCRHP1;AIF1;PRRC2A;SNORA38;BAG6;APOM;C6orf47;C6orf47-AS1;GPANK1;Y_RNA;CSNK2B;CSNK2B-LY6G5B-1181;LY6G5B;LY6G5C;ABHD16A;XXbac-BPG32J3.20;MIR4646;LY6G6F;LY6G6F-LY6G6D;LY6G6E;LY6G6D;MPIG6B;LY6G6C;DDAH2;CLIC1;MSH5;MSH5-SAPCD1;RNU6-850P;SAPCD1;SAPCD1-AS1;VWA7;VARS1;Y_RNA;LSM2;HSPA1L;HSPA1A;HSPA1B;SNHG32;SNORD48;SNORD52;NEU1;SLC44A4;EHMT2;EHMT2-AS1;C2;ZBTB12;CFB;NELFE;MIR1236;SKIC2;DXO;WHR1;C4A;C4A-AS1;CYP21A1P;AL645922.1;TNXA;WHR1B;C4B;C4B-AS1;CYP21A2;TNXB;RNA5SP206;ATF6B;FKBPL;PRRT1;PPT2;PPT2-EGFL8;EGFL8;AGPAT1;RNF5;AGER;PBX2;XXbac-BPG300A18.13;GPSM3;NOTCH4;TSBP1-AS1;TSBP1;HNRNPA1P2;RNU6-603P;HCG23;BTNL2;HLA-DRA;HLA-DRB9;HLA-DRB5;RNU1-61P;HLA-DRB6;HLA-DRB1	NA	NA	Unknome unmapped/unscored; not zero knownness	NA	NA	unmapped	NA	NA	NA	NA	NA	NA	unresolved competing genes; gene-body association is not causal assignment	Lifelong developmental, systemic and adult explanations remain. Adult tissue expression observed (amygdala); timing not identified.	0.0	amygdala	not checked outside pilot	not checked outside pilot	NA	NA	False	False	Lee CP GCST006572 + GENCODE v19; HGNC/Unknome/Pharos/HPA separate annotations; LD/QTL/perturbation not followed outside pilot; Savage/Genebass overlap; EA excluded	Independent ancestry-matched fine-mapping excludes rs1270942 and assigns a different variant/gene (e.g. ACOT13, RP1-30M3.5, C6orf62); adult-specific perturbation in the implicated cell type has no predicted functional effect despite verified engagement. Shared-signal evidence disappears on multiple-signal conditioning or complete variant coverage.	association hypothesis only; not an enhancement target
369	ENSG00000243649	CFB	369	R008	rs1270942	1.7e-08	1.105e-06	0.020898865	24387	65	515	ACOT13;RP1-30M3.5;C6orf62;RP1-30M3.6;LINC02828;AP3S1P1;GMNN;ARMH2;RIPOR2;AL512428.1;MTCO2P33;PPIAP29;RP11-367G6.3;ASS1P1;RN7SL334P;RP3-425P12.5;RP3-425P12.1;RP3-425P12.2;CMAHP;NUP50P2;CANT1P1;UBE2D3P5;RNY5P5;AL590084.1;RP11-191A15.4;RP3-522P13.3;KATNBL1P5;RPL21P68;HNRNPA3P17;CARMIL1;Y_RNA;RNU6-987P;AL160037.1;snoU13;SCGN;PRELID1P2;H2AC1;H2BC1;H2BC2P;H2AC2P;SLC17A4;SLC17A1;SLC17A3;H2AC3P;SLC17A2;TRIM38;U91328.21;U91328.20;LINC02980;U91328.22;H3P26;H1-1;HIST1H3A;HIST1H4A;HIST1H4B;HIST1H3B;HIST1H2AB;HIST1H2BB;H2AC5P;HIST1H3C;H1-2;HFE;H4C3;H1-6;H2BC4;H2AC6;H1-4;H2BC5;LARP1P1;HIST1H2BE;HIST1H4D;H1-12P;H3C4;H2AC7;HIST1H2BF;RP1-34B20.4;HIST1H4E;HIST1H2BG;HIST1H2AE;HIST1H3E;H2AC9P;H1-3;HIST1H4F;HIST1H4G;HIST1H3F;HIST1H2BH;HIST1H3G;H2AC10P;HIST1H2BI;H4C8;H3C9P;RNU6-1259P;BTN3A2;AL021917.1;BTN2A2;BTN3A1;BTN2A3P;BTN3A3;BTN2A1;BTN1A1;RNU6-502P;HCG11;CTA-14H9.5;HMGN4;ABT1;RP11-457M11.6;VN1R14P;RP11-457M11.2;ZNF322;RP11-457M11.5;GUSBP2;POM121L6P;LINC00240;RP11-239L20.6;TRNAI2;VN1R12P;VN1R13P;VN1R11P;RNU2-62P;RP1-86C11.7;H2BC11;H2AC11;H2BC12;HIST1H4I;HIST1H2AH;MIR3143;RPL10P2;PRSS16;CDCA7P1;POM121L2;VN1R10P;ZNF204P;ZNF391;RP1-153G14.4;MCFD2P1;ZNF184;XXbac-BPGBPG34I8.1;HNRNPA1P1;CD83P1;RNU6-471P;TRNAI6;RPL8P1;GPHRP1;RSL24D1P1;H4C10P;H2BC13;H2AC13;HIST1H3H;HIST1H2AJ;HIST1H2BM;H4C11;HIST1H4K;HIST1H2AK;H2BC15;H2BC16P;HIST1H2AL;H1-5;HIST1H3I;HIST1H4L;H3C12;HIST1H2AM;HIST1H2BO;RNU7-26P;OR2B2;OR2W6P;OR2B6;RPLP2P1;OR2W4P;IQCB2P;U3;OR2W2P;OR2B7P;OR2B8;OR1F12P;RP1-313I6.12;ZNF165;ZSCAN12P1;ZNF602P;ZSCAN16-AS1;ZSCAN16;RP1-265C24.8;ZKSCAN8;ZKSCAN8P1;ZNF603P;ZKSCAN8P2;TOB2P1;ZSCAN9;ZKSCAN4;NKAPL;ZSCAN26;PGBD1;SMIM15P2;ZSCAN31;ZKSCAN3;ZSCAN12;RNU2-45P;ZSCAN23;COX11P1;OR2E1P;GPX6;GPX5;SCAND3;SCAND3-AS1;COX8CP1;AL121932.1;LINC00533;RPSAP2;AL662890.1;NOP56P1;AL662890.3;XXbac-BPG308K3.5;LINC01623;RPL13P;ZNF90P2;HCG14;TRIM27;RNU6-930P;LINC01556;KRT18P1;RN7SL471P;HCG15;HCG16;ZNF311;OR2AD1P;OR2W1;OR2P1P;SAR1AP1;OR2B3;OR2J1;OR2J3;XXbac-BCX196D17.5;OR2N1P;OR2J2;OR2J4P;OR2H4P;XXbac-BPG308J9.3;OR2G1P;OR2U1P;OR2U2P;OR2B4P;OR14J1;DDX6P1;OR5V1;OR12D3;OR12D2;OR12D1;OR11A1;OR10C1;OR2H1;UBDP1;MAS1LP1;MAS1L;RPS17P1;LINC02829;LINC01015;MAS1LP2;OR2I1;UBD;GABBR1;OR2H5P;TMEM183AP1;SNORD32B;RPL13AP;OR2H2;SUMO2P1;MOG;ZFP57;ZDHHC20P1;HLA-F;HCG4P11;HLA-F-AS1;RPL23AP1;MICE;HCG9P5;Y_RNA;IFITM4P;XXbac-BPG170G13.32;XXbac-BPG170G13.31;HLA-V;HCG4;HLA-P;RPL7AP7;MICG;HLA-G;HCG4P8;MICF;HCG4P7;HLA-H;HLA-T;DDX39BP1;MCCD1P1;HCG4B;HLA-K;HLA-U;HLA-A;HCG4P5;HLA-W;MICD;HCG9;DDX39BP2;MCCD1P2;POLR1HASP;HCG4P3;HLA-J;ETF1P1;POLR1H;PPP1R11;RNF39;AL669914.1;TRIM31;TRIM31-AS1;SNORA48;TRIM40;TRIM10;TRIM15;TRIM26;PAIP1P1;HCG17;TRIM26BP;HLA-L;HCG18;TRIM39;TRIM39-RPP21;RPP21;HLA-N;HCG19P;UBQLN1P1;MICC;TMPOP1;SUCLA2P1;RANP1;HLA-E;LINC02569;GNL1;PRR3;ABCF1;MIR877;PPP1R10;AL662800.1;MRPS18B;ATAT1;PTMAP1;C6orf136;AL662800.2;DHX16;PPP1R18;NRM;RPL7P4;MDC1;MDC1-AS1;TUBB;XXbac-BPG252P9.9;FLOT1;Y_RNA;IER3-AS1;IER3;RN7SL353P;HCG20;LINC00243;LINC02570;RN7SKP186;DDR1-DT;DDR1;MIR4640;RN7SL175P;GTF2H4;VARS2;SFTA2;Y_RNA;MUCL3;HCG21;MUC21;MUC22;HCG22;RNU6-1133P;C6orf15;PSORS1C1;CDSN;PSORS1C2;POLR2LP1;CCHCR1;TCF19;POU5F1;PSORS1C3;XXbac-BPG299F13.17;HCG27;XXbac-BPG299F13.14;XXbac-BPG299F13.15;XXbac-BPG299F13.16;HLA-C;USP8P1;RPL3P2;WASF5P;LINC02571;XXbac-BPG248L24.10;HLA-B;XXbac-BPG248L24.12;DHFRP2;RNU6-283P;AL671883.1;FGFR3P1;ZDHHC20P2;HLA-S;XXbac-BPG181B23.7;HCP5;Y_RNA;MICA;LINC01149;XXbac-BPG181B23.6;MICB;Y_RNA;XXbac-BPG16N22.5;PPIAP9;RPL15P4;MCCD1;ATP6V1G2-DDX39B;DDX39B;SNORD117;SNORD84;DDX39B-AS1;ATP6V1G2;NFKBIL1;LTA;TNF;LTB;LST1;NCR3;UQCRHP1;AIF1;PRRC2A;SNORA38;BAG6;APOM;C6orf47;C6orf47-AS1;GPANK1;Y_RNA;CSNK2B;CSNK2B-LY6G5B-1181;LY6G5B;LY6G5C;ABHD16A;XXbac-BPG32J3.20;MIR4646;LY6G6F;LY6G6F-LY6G6D;LY6G6E;LY6G6D;MPIG6B;LY6G6C;DDAH2;CLIC1;MSH5;MSH5-SAPCD1;RNU6-850P;SAPCD1;SAPCD1-AS1;VWA7;VARS1;Y_RNA;LSM2;HSPA1L;HSPA1A;HSPA1B;SNHG32;SNORD48;SNORD52;NEU1;SLC44A4;EHMT2;EHMT2-AS1;C2;ZBTB12;CFB;NELFE;MIR1236;SKIC2;DXO;WHR1;C4A;C4A-AS1;CYP21A1P;AL645922.1;TNXA;WHR1B;C4B;C4B-AS1;CYP21A2;TNXB;RNA5SP206;ATF6B;FKBPL;PRRT1;PPT2;PPT2-EGFL8;EGFL8;AGPAT1;RNF5;AGER;PBX2;XXbac-BPG300A18.13;GPSM3;NOTCH4;TSBP1-AS1;TSBP1;HNRNPA1P2;RNU6-603P;HCG23;BTNL2;HLA-DRA;HLA-DRB9;HLA-DRB5;RNU1-61P;HLA-DRB6;HLA-DRB1	10.1	15809	Unknome 18_Mar_2026; maximum over uniquely HGNC-mapped proteins; derived/knownness-ranks.tsv	Tclin	236	unique	NA	NA	NA	NA	NA	NA	unresolved competing genes; gene-body association is not causal assignment	Lifelong developmental, systemic and adult explanations remain. Adult tissue expression observed (spinal cord); timing not identified.	7.1	spinal cord	not checked outside pilot	not checked outside pilot	NA	NA	False	False	Lee CP GCST006572 + GENCODE v19; HGNC/Unknome/Pharos/HPA separate annotations; LD/QTL/perturbation not followed outside pilot; Savage/Genebass overlap; EA excluded	Independent ancestry-matched fine-mapping excludes rs1270942 and assigns a different variant/gene (e.g. ACOT13, RP1-30M3.5, C6orf62); adult-specific perturbation in the implicated cell type has no predicted functional effect despite verified engagement. Shared-signal evidence disappears on multiple-signal conditioning or complete variant coverage.	association hypothesis only; not an enhancement target
370	ENSG00000189060	H1-0	370	R145	rs6000898	1.86e-07	1.116e-06	0.021106908	2329	6	46	RAC2;CYTH4;RP1-63G5.5;RP1-63G5.7;ELFN2;ELFN2-AS1;MFNG;CARD10;RP5-1177I5.3;CDC42EP1;LGALS2;GGA1;SH3BP1;PDXP-DT;PDXP;RN7SL385P;LGALS1;NOL12;TRIOBP;snoU13;GCAT;GALR3;ANKRD54;MIR658;MIR659;EIF3L;RNU6-900P;MICALL1;C22orf23;RP5-1039K5.17;POLR2F;SOX10;MIR4534;POLR2F-AS1;RP5-1039K5.18;PICK1;RP5-1039K5.13;SLC16A8;BAIAP2L2;CTA-228A9.3;PLA2G6;MAFF;TMEM184B;AL021977.1;TMEM184B-AS1;RN7SL704P	7.3	13831	Unknome 18_Mar_2026; maximum over uniquely HGNC-mapped proteins; derived/knownness-ranks.tsv	Tchem	204	unique	NA	NA	NA	NA	NA	NA	unresolved competing genes; gene-body association is not causal assignment	Lifelong developmental, systemic and adult explanations remain. Adult tissue expression observed (cerebellum); timing not identified.	126.9	cerebellum	not checked outside pilot	not checked outside pilot	NA	positional;eQTL	False	False	Lee CP GCST006572 + GENCODE v19; HGNC/Unknome/Pharos/HPA separate annotations; LD/QTL/perturbation not followed outside pilot; Savage/Genebass overlap; EA excluded	Independent ancestry-matched fine-mapping excludes rs6000898 and assigns a different variant/gene (e.g. RAC2, CYTH4, RP1-63G5.5); adult-specific perturbation in the implicated cell type has no predicted functional effect despite verified engagement. Shared-signal evidence disappears on multiple-signal conditioning or complete variant coverage.	association hypothesis only; not an enhancement target
371	ENSG00000132613	MTSS2	371	R061	rs11075777	1.13e-08	1.1187e-06	0.021157973099999998	24863	99	87	CLEC18C;RP11-296I10.5;AC009060.1;SMG1P7;FKSG63;snoU13;EXOSC6;AARS1;RN7SL407P;RN7SL279P;DDX19B;RP11-529K1.3;DDX19A-DT;DDX19A;ST3GAL2;RP11-529K1.4;RPS27P26;RNU6-23P;FCSK;COG4;SF3B3;SNORD111B;SNORD111;RP11-49C24.1;IL34;FLJ00418;VAC14;VAC14-AS2;VAC14-AS1;RP11-424M24.5;HYDIN;RNU6ATAC25P;SNORD112;AC027281.1;HYDIN-AS1;RP11-23E19.2;CMTR2;CTD-2520I13.1;AC106736.1;CALB2;LINC02136;RP11-510M2.7;TLE7;RP11-510M2.8;ZNF23;AC010547.9;RP11-510M2.2;ZNF19;RP11-510M2.6;CHST4;RP11-510M2.5;RNU6-1061P;TAT;TAT-AS1;RP11-432I5.2;MARVELD3;PHLPP2;RP11-432I5.6;RNU6-208P;SNORA70D;RP11-432I5.8;RP11-432I5.4;AP1G1;SNORD71;RP11-417N10.3;ATXN1L;IST1;ZNF821;RP11-498D10.3;RP11-498D10.5;PKD1L3;RP11-498D10.6;RPL39P31;CCDC25P2;ATP5F1AP3;DHODH;TXNL4B;HP;HPR;RP11-384M15.3;DHX38;PMFBP1;RP11-328J14.1;RP11-328J14.2;RNU6-385P;LINC01572;AC004158.3	5.2	11424	Unknome 18_Mar_2026; maximum over uniquely HGNC-mapped proteins; derived/knownness-ranks.tsv	Tbio	23	unique	NA	NA	NA	NA	NA	NA	unresolved competing genes; gene-body association is not causal assignment	Lifelong developmental, systemic and adult explanations remain. Adult tissue expression observed (amygdala); timing not identified.	289.4	amygdala	not checked outside pilot	not checked outside pilot	NA	positional	False	False	Lee CP GCST006572 + GENCODE v19; HGNC/Unknome/Pharos/HPA separate annotations; LD/QTL/perturbation not followed outside pilot; Savage/Genebass overlap; EA excluded	Independent ancestry-matched fine-mapping excludes rs11075777 and assigns a different variant/gene (e.g. CLEC18C, RP11-296I10.5, AC009060.1); adult-specific perturbation in the implicated cell type has no predicted functional effect despite verified engagement. Shared-signal evidence disappears on multiple-signal conditioning or complete variant coverage.	association hypothesis only; not an enhancement target
372	ENSG00000272573	MUSTN1	372	R064	rs13083728	1.6e-07	1.12e-06	0.021182560000000003	2106	7	64	DUSP7;LINC00696;POC1A;ALDOAP1;ALAS1;TLR9;TLR9;TWF2;TWF2-DT;PPM1M;WDR82;MIRLET7G;GLYCTK;GLYCTK-AS1;MIR135A1;DNAH1;PPP2R5CP;BAP1;PHF7;SEMA3G;TNNC1;NISCH;STAB1;NT5DC2;UQCC5;PBRM1;RNU6-856P;RNU6ATAC16P;GNL3;SNORD19B;SNORD19;SNORD19B;SNORD19C;SNORD69;GLT8D1;SPCS1;NEK4;AK3P7;AKTIPP1;ITIH1;ITIH3;ITIH4;RP5-966M1.6;ITIH4-AS1;STIMATE-MUSTN1;STIMATE;SFMBT1;RP11-894J14.5;AC096887.1;SERBP1P3;RFT1;PRKCD;AC097015.1;TKT;snoU13;DCP1A;RN7SL821P;Y_RNA;SNORD38C;SNORA26;RPS25P4;CACNA1D;SNORD63;AC024149.1	NA	NA	Unknome unmapped/unscored; not zero knownness	Tdark	9	unique	NA	NA	NA	NA	NA	NA	unresolved competing genes; gene-body association is not causal assignment	Lifelong developmental, systemic and adult explanations remain. Adult tissue expression observed (basal ganglia); timing not identified.	90.1	basal ganglia	not checked outside pilot	not checked outside pilot	4.653e-07	eQTL	False	False	Lee CP GCST006572 + GENCODE v19; HGNC/Unknome/Pharos/HPA separate annotations; LD/QTL/perturbation not followed outside pilot; Savage/Genebass overlap; EA excluded	Independent ancestry-matched fine-mapping excludes rs13083728 and assigns a different variant/gene (e.g. DUSP7, LINC00696, POC1A); adult-specific perturbation in the implicated cell type has no predicted functional effect despite verified engagement. Shared-signal evidence disappears on multiple-signal conditioning or complete variant coverage.	association hypothesis only; not an enhancement target
373	ENSG00000108384	RAD51C	373	R090	rs304270	1.12e-08	1.1423999999999999e-06	0.021606211199999996	41770	102	63	CUEDC1;CUEDC1-AS1;VEZF1;RP11-159D12.5;RP11-159D12.2;SRSF1;DYNLL2-DT;DYNLL2;OR4D1;MSX2P1;OR4D2;EPX;MKS1;LPO;MPO;TSPOAP1;TSPOAP1-AS1;MIR142HG;MIR4736;SUPT4H1;RNF43;HSF5;AC023992.1;SETP3;MTMR4;SEPTIN4-AS1;SEPTIN4;C17orf47;TEX14;U3;RNU1-60P;IGBP1C;RNU1-108P;CTD-2200P10.3;RNU1-52P;RNVU1-34;PPM1E;RNU6-518P;RP11-579O24.1;RP11-579O24.3;TRIM37;AC100832.1;RN7SL716P;AC099850.1;SKA2;RNU2-58P;MIR454;MIR301A;PRR11;SPDYE22P;CTD-2510F5.6;PRR11-AS1;SMG8;GDPD1;Y_RNA;SNRPGP17;YPEL2;MIR4729;RP11-567L7.5;LINC01476;RNU4-13P;DHX40;CLTC	12.2	16737	Unknome 18_Mar_2026; maximum over uniquely HGNC-mapped proteins; derived/knownness-ranks.tsv	Tbio	256	unique	NA	NA	NA	NA	NA	NA	unresolved competing genes; gene-body association is not causal assignment	Lifelong developmental, systemic and adult explanations remain. Adult tissue expression observed (cerebral cortex); timing not identified.	19.0	cerebral cortex	not checked outside pilot	not checked outside pilot	1.0314e-08	positional;eQTL;chromatin	False	False	Lee CP GCST006572 + GENCODE v19; HGNC/Unknome/Pharos/HPA separate annotations; LD/QTL/perturbation not followed outside pilot; Savage/Genebass overlap; EA excluded	Independent ancestry-matched fine-mapping excludes rs304270 and assigns a different variant/gene (e.g. CUEDC1, CUEDC1-AS1, VEZF1); adult-specific perturbation in the implicated cell type has no predicted functional effect despite verified engagement. Shared-signal evidence disappears on multiple-signal conditioning or complete variant coverage.	association hypothesis only; not an enhancement target
374	ENSG00000162552	WNT4	374	R127	rs11584713	1.01e-08	1.1615e-06	0.0219674495	26665	115	28	ALPL;LINC02596;AL359815.1;RAP1GAP;USP48;RP11-132G19.3;LDLRAD2;HSPG2;RPL21P29;CELA3B;RN7SL421P;RN7SL386P;RNU6-1022P;CELA3A;RN7SL768P;RN7SL186P;RNU6-776P;LINC01635;LINC00339;CDC42;CDC42-IT1;MPHOSPH6P1;RP1-224A6.9;MIR4418;PPIAP34;ZBTB40;ZBTB40-IT1;EPHA8	27.0	18747	Unknome 18_Mar_2026; maximum over uniquely HGNC-mapped proteins; derived/knownness-ranks.tsv	Tbio	262	unique	NA	NA	NA	NA	NA	NA	unresolved competing genes; gene-body association is not causal assignment	Lifelong developmental, systemic and adult explanations remain. Adult tissue expression observed (hypothalamus); timing not identified.	3.5	hypothalamus	not checked outside pilot	not checked outside pilot	1.1967e-09	positional	False	False	Lee CP GCST006572 + GENCODE v19; HGNC/Unknome/Pharos/HPA separate annotations; LD/QTL/perturbation not followed outside pilot; Savage/Genebass overlap; EA excluded	Independent ancestry-matched fine-mapping excludes rs11584713 and assigns a different variant/gene (e.g. ALPL, LINC02596, AL359815.1); adult-specific perturbation in the implicated cell type has no predicted functional effect despite verified engagement. Shared-signal evidence disappears on multiple-signal conditioning or complete variant coverage.	association hypothesis only; not an enhancement target
375	ENSG00000166278	C2	375	R008	rs497309	1.43e-08	1.1726e-06	0.0221773838	47888	82	515	ACOT13;RP1-30M3.5;C6orf62;RP1-30M3.6;LINC02828;AP3S1P1;GMNN;ARMH2;RIPOR2;AL512428.1;MTCO2P33;PPIAP29;RP11-367G6.3;ASS1P1;RN7SL334P;RP3-425P12.5;RP3-425P12.1;RP3-425P12.2;CMAHP;NUP50P2;CANT1P1;UBE2D3P5;RNY5P5;AL590084.1;RP11-191A15.4;RP3-522P13.3;KATNBL1P5;RPL21P68;HNRNPA3P17;CARMIL1;Y_RNA;RNU6-987P;AL160037.1;snoU13;SCGN;PRELID1P2;H2AC1;H2BC1;H2BC2P;H2AC2P;SLC17A4;SLC17A1;SLC17A3;H2AC3P;SLC17A2;TRIM38;U91328.21;U91328.20;LINC02980;U91328.22;H3P26;H1-1;HIST1H3A;HIST1H4A;HIST1H4B;HIST1H3B;HIST1H2AB;HIST1H2BB;H2AC5P;HIST1H3C;H1-2;HFE;H4C3;H1-6;H2BC4;H2AC6;H1-4;H2BC5;LARP1P1;HIST1H2BE;HIST1H4D;H1-12P;H3C4;H2AC7;HIST1H2BF;RP1-34B20.4;HIST1H4E;HIST1H2BG;HIST1H2AE;HIST1H3E;H2AC9P;H1-3;HIST1H4F;HIST1H4G;HIST1H3F;HIST1H2BH;HIST1H3G;H2AC10P;HIST1H2BI;H4C8;H3C9P;RNU6-1259P;BTN3A2;AL021917.1;BTN2A2;BTN3A1;BTN2A3P;BTN3A3;BTN2A1;BTN1A1;RNU6-502P;HCG11;CTA-14H9.5;HMGN4;ABT1;RP11-457M11.6;VN1R14P;RP11-457M11.2;ZNF322;RP11-457M11.5;GUSBP2;POM121L6P;LINC00240;RP11-239L20.6;TRNAI2;VN1R12P;VN1R13P;VN1R11P;RNU2-62P;RP1-86C11.7;H2BC11;H2AC11;H2BC12;HIST1H4I;HIST1H2AH;MIR3143;RPL10P2;PRSS16;CDCA7P1;POM121L2;VN1R10P;ZNF204P;ZNF391;RP1-153G14.4;MCFD2P1;ZNF184;XXbac-BPGBPG34I8.1;HNRNPA1P1;CD83P1;RNU6-471P;TRNAI6;RPL8P1;GPHRP1;RSL24D1P1;H4C10P;H2BC13;H2AC13;HIST1H3H;HIST1H2AJ;HIST1H2BM;H4C11;HIST1H4K;HIST1H2AK;H2BC15;H2BC16P;HIST1H2AL;H1-5;HIST1H3I;HIST1H4L;H3C12;HIST1H2AM;HIST1H2BO;RNU7-26P;OR2B2;OR2W6P;OR2B6;RPLP2P1;OR2W4P;IQCB2P;U3;OR2W2P;OR2B7P;OR2B8;OR1F12P;RP1-313I6.12;ZNF165;ZSCAN12P1;ZNF602P;ZSCAN16-AS1;ZSCAN16;RP1-265C24.8;ZKSCAN8;ZKSCAN8P1;ZNF603P;ZKSCAN8P2;TOB2P1;ZSCAN9;ZKSCAN4;NKAPL;ZSCAN26;PGBD1;SMIM15P2;ZSCAN31;ZKSCAN3;ZSCAN12;RNU2-45P;ZSCAN23;COX11P1;OR2E1P;GPX6;GPX5;SCAND3;SCAND3-AS1;COX8CP1;AL121932.1;LINC00533;RPSAP2;AL662890.1;NOP56P1;AL662890.3;XXbac-BPG308K3.5;LINC01623;RPL13P;ZNF90P2;HCG14;TRIM27;RNU6-930P;LINC01556;KRT18P1;RN7SL471P;HCG15;HCG16;ZNF311;OR2AD1P;OR2W1;OR2P1P;SAR1AP1;OR2B3;OR2J1;OR2J3;XXbac-BCX196D17.5;OR2N1P;OR2J2;OR2J4P;OR2H4P;XXbac-BPG308J9.3;OR2G1P;OR2U1P;OR2U2P;OR2B4P;OR14J1;DDX6P1;OR5V1;OR12D3;OR12D2;OR12D1;OR11A1;OR10C1;OR2H1;UBDP1;MAS1LP1;MAS1L;RPS17P1;LINC02829;LINC01015;MAS1LP2;OR2I1;UBD;GABBR1;OR2H5P;TMEM183AP1;SNORD32B;RPL13AP;OR2H2;SUMO2P1;MOG;ZFP57;ZDHHC20P1;HLA-F;HCG4P11;HLA-F-AS1;RPL23AP1;MICE;HCG9P5;Y_RNA;IFITM4P;XXbac-BPG170G13.32;XXbac-BPG170G13.31;HLA-V;HCG4;HLA-P;RPL7AP7;MICG;HLA-G;HCG4P8;MICF;HCG4P7;HLA-H;HLA-T;DDX39BP1;MCCD1P1;HCG4B;HLA-K;HLA-U;HLA-A;HCG4P5;HLA-W;MICD;HCG9;DDX39BP2;MCCD1P2;POLR1HASP;HCG4P3;HLA-J;ETF1P1;POLR1H;PPP1R11;RNF39;AL669914.1;TRIM31;TRIM31-AS1;SNORA48;TRIM40;TRIM10;TRIM15;TRIM26;PAIP1P1;HCG17;TRIM26BP;HLA-L;HCG18;TRIM39;TRIM39-RPP21;RPP21;HLA-N;HCG19P;UBQLN1P1;MICC;TMPOP1;SUCLA2P1;RANP1;HLA-E;LINC02569;GNL1;PRR3;ABCF1;MIR877;PPP1R10;AL662800.1;MRPS18B;ATAT1;PTMAP1;C6orf136;AL662800.2;DHX16;PPP1R18;NRM;RPL7P4;MDC1;MDC1-AS1;TUBB;XXbac-BPG252P9.9;FLOT1;Y_RNA;IER3-AS1;IER3;RN7SL353P;HCG20;LINC00243;LINC02570;RN7SKP186;DDR1-DT;DDR1;MIR4640;RN7SL175P;GTF2H4;VARS2;SFTA2;Y_RNA;MUCL3;HCG21;MUC21;MUC22;HCG22;RNU6-1133P;C6orf15;PSORS1C1;CDSN;PSORS1C2;POLR2LP1;CCHCR1;TCF19;POU5F1;PSORS1C3;XXbac-BPG299F13.17;HCG27;XXbac-BPG299F13.14;XXbac-BPG299F13.15;XXbac-BPG299F13.16;HLA-C;USP8P1;RPL3P2;WASF5P;LINC02571;XXbac-BPG248L24.10;HLA-B;XXbac-BPG248L24.12;DHFRP2;RNU6-283P;AL671883.1;FGFR3P1;ZDHHC20P2;HLA-S;XXbac-BPG181B23.7;HCP5;Y_RNA;MICA;LINC01149;XXbac-BPG181B23.6;MICB;Y_RNA;XXbac-BPG16N22.5;PPIAP9;RPL15P4;MCCD1;ATP6V1G2-DDX39B;DDX39B;SNORD117;SNORD84;DDX39B-AS1;ATP6V1G2;NFKBIL1;LTA;TNF;LTB;LST1;NCR3;UQCRHP1;AIF1;PRRC2A;SNORA38;BAG6;APOM;C6orf47;C6orf47-AS1;GPANK1;Y_RNA;CSNK2B;CSNK2B-LY6G5B-1181;LY6G5B;LY6G5C;ABHD16A;XXbac-BPG32J3.20;MIR4646;LY6G6F;LY6G6F-LY6G6D;LY6G6E;LY6G6D;MPIG6B;LY6G6C;DDAH2;CLIC1;MSH5;MSH5-SAPCD1;RNU6-850P;SAPCD1;SAPCD1-AS1;VWA7;VARS1;Y_RNA;LSM2;HSPA1L;HSPA1A;HSPA1B;SNHG32;SNORD48;SNORD52;NEU1;SLC44A4;EHMT2;EHMT2-AS1;ZBTB12;CFB;CFB;NELFE;MIR1236;SKIC2;DXO;WHR1;C4A;C4A-AS1;CYP21A1P;AL645922.1;TNXA;WHR1B;C4B;C4B-AS1;CYP21A2;TNXB;RNA5SP206;ATF6B;FKBPL;PRRT1;PPT2;PPT2-EGFL8;EGFL8;AGPAT1;RNF5;AGER;PBX2;XXbac-BPG300A18.13;GPSM3;NOTCH4;TSBP1-AS1;TSBP1;HNRNPA1P2;RNU6-603P;HCG23;BTNL2;HLA-DRA;HLA-DRB9;HLA-DRB5;RNU1-61P;HLA-DRB6;HLA-DRB1	10.3	15915	Unknome 18_Mar_2026; maximum over uniquely HGNC-mapped proteins; derived/knownness-ranks.tsv	Tchem	141	unique	NA	NA	NA	NA	NA	NA	unresolved competing genes; gene-body association is not causal assignment	Lifelong developmental, systemic and adult explanations remain. Adult tissue expression observed (cerebral cortex); timing not identified.	4.0	cerebral cortex	not checked outside pilot	not checked outside pilot	NA	NA	False	False	Lee CP GCST006572 + GENCODE v19; HGNC/Unknome/Pharos/HPA separate annotations; LD/QTL/perturbation not followed outside pilot; Savage/Genebass overlap; EA excluded	Independent ancestry-matched fine-mapping excludes rs497309 and assigns a different variant/gene (e.g. ACOT13, RP1-30M3.5, C6orf62); adult-specific perturbation in the implicated cell type has no predicted functional effect despite verified engagement. Shared-signal evidence disappears on multiple-signal conditioning or complete variant coverage.	association hypothesis only; not an enhancement target
376	ENSG00000145730	PAM	376	R059	rs35658696	1.48e-09	1.18104e-06	0.02233700952	277125	798	22	RN7SL802P;OR7H2P;RP11-1152B5.1;RNA5SP188;CTD-2333K2.1;SLCO4C1;AC008948.1;RN7SKP68;SLCO6A1;SLCO6A1-DT;LINC00492;CTD-2340E1.2;LINC00491;EIF3KP1;GIN1;PPIP5K2;CTC-503K11.2;MACIR;CTD-2154H6.1;PDZPH1P;LINC02115;NUDT12	7.5	14017	Unknome 18_Mar_2026; maximum over uniquely HGNC-mapped proteins; derived/knownness-ranks.tsv	Tchem	82	unique	NA	NA	NA	NA	NA	NA	unresolved competing genes; gene-body association is not causal assignment	Lifelong developmental, systemic and adult explanations remain. Adult tissue expression observed (hypothalamus); timing not identified.	142.9	hypothalamus	not checked outside pilot	not checked outside pilot	NA	positional;eQTL;chromatin	False	False	Lee CP GCST006572 + GENCODE v19; HGNC/Unknome/Pharos/HPA separate annotations; LD/QTL/perturbation not followed outside pilot; Savage/Genebass overlap; EA excluded	Independent ancestry-matched fine-mapping excludes rs35658696 and assigns a different variant/gene (e.g. RN7SL802P, OR7H2P, RP11-1152B5.1); adult-specific perturbation in the implicated cell type has no predicted functional effect despite verified engagement. Shared-signal evidence disappears on multiple-signal conditioning or complete variant coverage.	association hypothesis only; not an enhancement target
377	ENSG00000176160	HSF5	377	R090	rs2632508	8.69e-09	1.22529e-06	0.02317390977	68218	141	63	CUEDC1;CUEDC1-AS1;VEZF1;RP11-159D12.5;RP11-159D12.2;SRSF1;DYNLL2-DT;DYNLL2;OR4D1;MSX2P1;OR4D2;EPX;MKS1;LPO;MPO;TSPOAP1;TSPOAP1-AS1;MIR142HG;MIR4736;SUPT4H1;RNF43;AC023992.1;SETP3;MTMR4;SEPTIN4-AS1;SEPTIN4;C17orf47;TEX14;U3;RNU1-60P;IGBP1C;RNU1-108P;CTD-2200P10.3;RNU1-52P;RNVU1-34;RAD51C;PPM1E;RNU6-518P;RP11-579O24.1;RP11-579O24.3;TRIM37;AC100832.1;RN7SL716P;AC099850.1;SKA2;RNU2-58P;MIR454;MIR301A;PRR11;SPDYE22P;CTD-2510F5.6;PRR11-AS1;SMG8;GDPD1;Y_RNA;SNRPGP17;YPEL2;MIR4729;RP11-567L7.5;LINC01476;RNU4-13P;DHX40;CLTC	1.8	5759	Unknome 18_Mar_2026; maximum over uniquely HGNC-mapped proteins; derived/knownness-ranks.tsv	Tbio	11	unique	NA	NA	NA	NA	NA	NA	unresolved competing genes; gene-body association is not causal assignment	Lifelong developmental, systemic and adult explanations remain. Adult tissue expression observed (amygdala); timing not identified.	0.0	amygdala	not checked outside pilot	not checked outside pilot	1.5288e-08	positional;chromatin	False	False	Lee CP GCST006572 + GENCODE v19; HGNC/Unknome/Pharos/HPA separate annotations; LD/QTL/perturbation not followed outside pilot; Savage/Genebass overlap; EA excluded	Independent ancestry-matched fine-mapping excludes rs2632508 and assigns a different variant/gene (e.g. CUEDC1, CUEDC1-AS1, VEZF1); adult-specific perturbation in the implicated cell type has no predicted functional effect despite verified engagement. Shared-signal evidence disappears on multiple-signal conditioning or complete variant coverage.	association hypothesis only; not an enhancement target
378	ENSG00000168477	TNXB	378	R008	rs204883	6.53e-09	1.2537600000000001e-06	0.023712362880000004	74181	192	515	ACOT13;RP1-30M3.5;C6orf62;RP1-30M3.6;LINC02828;AP3S1P1;GMNN;ARMH2;RIPOR2;AL512428.1;MTCO2P33;PPIAP29;RP11-367G6.3;ASS1P1;RN7SL334P;RP3-425P12.5;RP3-425P12.1;RP3-425P12.2;CMAHP;NUP50P2;CANT1P1;UBE2D3P5;RNY5P5;AL590084.1;RP11-191A15.4;RP3-522P13.3;KATNBL1P5;RPL21P68;HNRNPA3P17;CARMIL1;Y_RNA;RNU6-987P;AL160037.1;snoU13;SCGN;PRELID1P2;H2AC1;H2BC1;H2BC2P;H2AC2P;SLC17A4;SLC17A1;SLC17A3;H2AC3P;SLC17A2;TRIM38;U91328.21;U91328.20;LINC02980;U91328.22;H3P26;H1-1;HIST1H3A;HIST1H4A;HIST1H4B;HIST1H3B;HIST1H2AB;HIST1H2BB;H2AC5P;HIST1H3C;H1-2;HFE;H4C3;H1-6;H2BC4;H2AC6;H1-4;H2BC5;LARP1P1;HIST1H2BE;HIST1H4D;H1-12P;H3C4;H2AC7;HIST1H2BF;RP1-34B20.4;HIST1H4E;HIST1H2BG;HIST1H2AE;HIST1H3E;H2AC9P;H1-3;HIST1H4F;HIST1H4G;HIST1H3F;HIST1H2BH;HIST1H3G;H2AC10P;HIST1H2BI;H4C8;H3C9P;RNU6-1259P;BTN3A2;AL021917.1;BTN2A2;BTN3A1;BTN2A3P;BTN3A3;BTN2A1;BTN1A1;RNU6-502P;HCG11;CTA-14H9.5;HMGN4;ABT1;RP11-457M11.6;VN1R14P;RP11-457M11.2;ZNF322;RP11-457M11.5;GUSBP2;POM121L6P;LINC00240;RP11-239L20.6;TRNAI2;VN1R12P;VN1R13P;VN1R11P;RNU2-62P;RP1-86C11.7;H2BC11;H2AC11;H2BC12;HIST1H4I;HIST1H2AH;MIR3143;RPL10P2;PRSS16;CDCA7P1;POM121L2;VN1R10P;ZNF204P;ZNF391;RP1-153G14.4;MCFD2P1;ZNF184;XXbac-BPGBPG34I8.1;HNRNPA1P1;CD83P1;RNU6-471P;TRNAI6;RPL8P1;GPHRP1;RSL24D1P1;H4C10P;H2BC13;H2AC13;HIST1H3H;HIST1H2AJ;HIST1H2BM;H4C11;HIST1H4K;HIST1H2AK;H2BC15;H2BC16P;HIST1H2AL;H1-5;HIST1H3I;HIST1H4L;H3C12;HIST1H2AM;HIST1H2BO;RNU7-26P;OR2B2;OR2W6P;OR2B6;RPLP2P1;OR2W4P;IQCB2P;U3;OR2W2P;OR2B7P;OR2B8;OR1F12P;RP1-313I6.12;ZNF165;ZSCAN12P1;ZNF602P;ZSCAN16-AS1;ZSCAN16;RP1-265C24.8;ZKSCAN8;ZKSCAN8P1;ZNF603P;ZKSCAN8P2;TOB2P1;ZSCAN9;ZKSCAN4;NKAPL;ZSCAN26;PGBD1;SMIM15P2;ZSCAN31;ZKSCAN3;ZSCAN12;RNU2-45P;ZSCAN23;COX11P1;OR2E1P;GPX6;GPX5;SCAND3;SCAND3-AS1;COX8CP1;AL121932.1;LINC00533;RPSAP2;AL662890.1;NOP56P1;AL662890.3;XXbac-BPG308K3.5;LINC01623;RPL13P;ZNF90P2;HCG14;TRIM27;RNU6-930P;LINC01556;KRT18P1;RN7SL471P;HCG15;HCG16;ZNF311;OR2AD1P;OR2W1;OR2P1P;SAR1AP1;OR2B3;OR2J1;OR2J3;XXbac-BCX196D17.5;OR2N1P;OR2J2;OR2J4P;OR2H4P;XXbac-BPG308J9.3;OR2G1P;OR2U1P;OR2U2P;OR2B4P;OR14J1;DDX6P1;OR5V1;OR12D3;OR12D2;OR12D1;OR11A1;OR10C1;OR2H1;UBDP1;MAS1LP1;MAS1L;RPS17P1;LINC02829;LINC01015;MAS1LP2;OR2I1;UBD;GABBR1;OR2H5P;TMEM183AP1;SNORD32B;RPL13AP;OR2H2;SUMO2P1;MOG;ZFP57;ZDHHC20P1;HLA-F;HCG4P11;HLA-F-AS1;RPL23AP1;MICE;HCG9P5;Y_RNA;IFITM4P;XXbac-BPG170G13.32;XXbac-BPG170G13.31;HLA-V;HCG4;HLA-P;RPL7AP7;MICG;HLA-G;HCG4P8;MICF;HCG4P7;HLA-H;HLA-T;DDX39BP1;MCCD1P1;HCG4B;HLA-K;HLA-U;HLA-A;HCG4P5;HLA-W;MICD;HCG9;DDX39BP2;MCCD1P2;POLR1HASP;HCG4P3;HLA-J;ETF1P1;POLR1H;PPP1R11;RNF39;AL669914.1;TRIM31;TRIM31-AS1;SNORA48;TRIM40;TRIM10;TRIM15;TRIM26;PAIP1P1;HCG17;TRIM26BP;HLA-L;HCG18;TRIM39;TRIM39-RPP21;RPP21;HLA-N;HCG19P;UBQLN1P1;MICC;TMPOP1;SUCLA2P1;RANP1;HLA-E;LINC02569;GNL1;PRR3;ABCF1;MIR877;PPP1R10;AL662800.1;MRPS18B;ATAT1;PTMAP1;C6orf136;AL662800.2;DHX16;PPP1R18;NRM;RPL7P4;MDC1;MDC1-AS1;TUBB;XXbac-BPG252P9.9;FLOT1;Y_RNA;IER3-AS1;IER3;RN7SL353P;HCG20;LINC00243;LINC02570;RN7SKP186;DDR1-DT;DDR1;MIR4640;RN7SL175P;GTF2H4;VARS2;SFTA2;Y_RNA;MUCL3;HCG21;MUC21;MUC22;HCG22;RNU6-1133P;C6orf15;PSORS1C1;CDSN;PSORS1C2;POLR2LP1;CCHCR1;TCF19;POU5F1;PSORS1C3;XXbac-BPG299F13.17;HCG27;XXbac-BPG299F13.14;XXbac-BPG299F13.15;XXbac-BPG299F13.16;HLA-C;USP8P1;RPL3P2;WASF5P;LINC02571;XXbac-BPG248L24.10;HLA-B;XXbac-BPG248L24.12;DHFRP2;RNU6-283P;AL671883.1;FGFR3P1;ZDHHC20P2;HLA-S;XXbac-BPG181B23.7;HCP5;Y_RNA;MICA;LINC01149;XXbac-BPG181B23.6;MICB;Y_RNA;XXbac-BPG16N22.5;PPIAP9;RPL15P4;MCCD1;ATP6V1G2-DDX39B;DDX39B;SNORD117;SNORD84;DDX39B-AS1;ATP6V1G2;NFKBIL1;LTA;TNF;LTB;LST1;NCR3;UQCRHP1;AIF1;PRRC2A;SNORA38;BAG6;APOM;C6orf47;C6orf47-AS1;GPANK1;Y_RNA;CSNK2B;CSNK2B-LY6G5B-1181;LY6G5B;LY6G5C;ABHD16A;XXbac-BPG32J3.20;MIR4646;LY6G6F;LY6G6F-LY6G6D;LY6G6E;LY6G6D;MPIG6B;LY6G6C;DDAH2;CLIC1;MSH5;MSH5-SAPCD1;RNU6-850P;SAPCD1;SAPCD1-AS1;VWA7;VARS1;Y_RNA;LSM2;HSPA1L;HSPA1A;HSPA1B;SNHG32;SNORD48;SNORD52;NEU1;SLC44A4;EHMT2;EHMT2-AS1;C2;ZBTB12;CFB;CFB;NELFE;MIR1236;SKIC2;DXO;WHR1;C4A;C4A-AS1;CYP21A1P;AL645922.1;TNXA;WHR1B;C4B;C4B-AS1;CYP21A2;RNA5SP206;ATF6B;FKBPL;PRRT1;PPT2;PPT2-EGFL8;EGFL8;AGPAT1;RNF5;AGER;PBX2;XXbac-BPG300A18.13;GPSM3;NOTCH4;TSBP1-AS1;TSBP1;HNRNPA1P2;RNU6-603P;HCG23;BTNL2;HLA-DRA;HLA-DRB9;HLA-DRB5;RNU1-61P;HLA-DRB6;HLA-DRB1	8.5	14830	Unknome 18_Mar_2026; maximum over uniquely HGNC-mapped proteins; derived/knownness-ranks.tsv	Tbio	111	unique	NA	NA	NA	NA	NA	NA	unresolved competing genes; gene-body association is not causal assignment	Lifelong developmental, systemic and adult explanations remain. Adult tissue expression observed (cerebellum); timing not identified.	28.6	cerebellum	not checked outside pilot	not checked outside pilot	NA	NA	False	False	Lee CP GCST006572 + GENCODE v19; HGNC/Unknome/Pharos/HPA separate annotations; LD/QTL/perturbation not followed outside pilot; Savage/Genebass overlap; EA excluded	Independent ancestry-matched fine-mapping excludes rs204883 and assigns a different variant/gene (e.g. ACOT13, RP1-30M3.5, C6orf62); adult-specific perturbation in the implicated cell type has no predicted functional effect despite verified engagement. Shared-signal evidence disappears on multiple-signal conditioning or complete variant coverage.	association hypothesis only; not an enhancement target
379	ENSG00000048405	ZNF800	379	R031	rs11563627	4.16e-09	1.26464e-06	0.02391813632	85135	304	80	GRM8;AC000367.1;AC000362.1;MIR592;GRM8-AS1;PRELID3BP10;AC000123.4;LINC03012;GCC1;ARF5;FSCN3;PAX4;SND1-DT;SND1;RP11-20L24.1;LRRC4;MIR593;MIR129-1;LEP;RP11-62J1.4;AC018635.1;RBM28;RP11-62J1.3;RNU7-27P;PRRT4;IMPDH1;RP11-155G14.1;RNU7-54P;RP11-212P7.3;HILPDA;HILPDA-AS1;EFCAB3P1;METTL2B;LINC03072;RP11-274B21.1;RP11-212P7.1;RNU6-177P;RP11-274B21.2;RP11-274B21.4;AC018638.1;RP11-274B21.3;CICP14;RP11-274B21.10;RP11-274B21.5;GARIN1A;RP11-274B21.8;RP11-274B21.9;IMP3P2;RNA5SP242;RNA5SP243;GARIN1B;CALU;RN7SL81P;OPN1SW;CCDC136;FLNC;FLNC-AS1;KCP;ATP6V1F;RP11-309L24.4;SPMIP1;AC025594.1;RP11-309L24.6;IRF5;TNPO3;RN7SL306P;ODCP;TPI1P2;snoU13;RP11-128A6.3;RP11-286H14.2;RP11-286H14.1;CYCSP20;MAP2K1P2;TSPAN33;RNY1P11;RP11-286H14.6;SMO;RP11-286H14.8;AHCYL2	1.4	4622	Unknome 18_Mar_2026; maximum over uniquely HGNC-mapped proteins; derived/knownness-ranks.tsv	Tbio	27	unique	NA	NA	NA	NA	NA	NA	unresolved competing genes; gene-body association is not causal assignment	Lifelong developmental, systemic and adult explanations remain. Adult tissue expression observed (cerebral cortex); timing not identified.	5.2	cerebral cortex	not checked outside pilot	not checked outside pilot	2.9979e-09	positional;eQTL	False	False	Lee CP GCST006572 + GENCODE v19; HGNC/Unknome/Pharos/HPA separate annotations; LD/QTL/perturbation not followed outside pilot; Savage/Genebass overlap; EA excluded	Independent ancestry-matched fine-mapping excludes rs11563627 and assigns a different variant/gene (e.g. GRM8, AC000367.1, AC000362.1); adult-specific perturbation in the implicated cell type has no predicted functional effect despite verified engagement. Shared-signal evidence disappears on multiple-signal conditioning or complete variant coverage.	association hypothesis only; not an enhancement target
380	ENSG00000236104	ZBTB22	380	NA	rs3130100	2.64e-07	1.3199999999999999e-06	0.024965159999999997	3537	5	0		3.7	9268	Unknome 18_Mar_2026; maximum over uniquely HGNC-mapped proteins; derived/knownness-ranks.tsv	Tbio	24	unique	NA	NA	NA	NA	NA	NA	unresolved competing genes; gene-body association is not causal assignment	Lifelong developmental, systemic and adult explanations remain. Adult tissue expression observed (cerebral cortex); timing not identified.	14.3	cerebral cortex	not checked outside pilot	not checked outside pilot	1.5017e-06	NA	False	False	Lee CP GCST006572 + GENCODE v19; HGNC/Unknome/Pharos/HPA separate annotations; LD/QTL/perturbation not followed outside pilot; Savage/Genebass overlap; EA excluded	Independent ancestry-matched fine-mapping excludes rs3130100 and assigns a different variant/gene; adult-specific perturbation in the implicated cell type has no predicted functional effect despite verified engagement. Shared-signal evidence disappears on multiple-signal conditioning or complete variant coverage.	association hypothesis only; not an enhancement target
381	ENSG00000163013	FBXO41	381	R082	rs7591768	2.06e-08	1.4008e-06	0.0264933304	29750	68	34	EXOC6B;RNU2-39P;SNORD78;SPR;EMX1;SFXN5;RAB11FIP5;RP11-44N22.3;NOTO;SMYD5;PRADC1;CCT7;EGR4;RNU6-111P;RPSAP28;ALMS1;ALMS1-IT1;AC096546.1;NAT8;ALMS1P1;NAT8B;TPRKB;RP11-434P11.2;DUSP11;C2orf78;STAMBP;RP11-51I5.1;ACTG2;DGUOK;DGUOK-AS1;RNA5SP97;AC073046.25;RP11-711M9.1;TET3	0.6	2927	Unknome 18_Mar_2026; maximum over uniquely HGNC-mapped proteins; derived/knownness-ranks.tsv	Tbio	16	unique	NA	NA	NA	NA	NA	NA	unresolved competing genes; gene-body association is not causal assignment	Lifelong developmental, systemic and adult explanations remain. Adult tissue expression observed (cerebral cortex); timing not identified.	53.8	cerebral cortex	not checked outside pilot	not checked outside pilot	NA	eQTL	False	False	Lee CP GCST006572 + GENCODE v19; HGNC/Unknome/Pharos/HPA separate annotations; LD/QTL/perturbation not followed outside pilot; Savage/Genebass overlap; EA excluded	Independent ancestry-matched fine-mapping excludes rs7591768 and assigns a different variant/gene (e.g. EXOC6B, RNU2-39P, SNORD78); adult-specific perturbation in the implicated cell type has no predicted functional effect despite verified engagement. Shared-signal evidence disappears on multiple-signal conditioning or complete variant coverage.	association hypothesis only; not an enhancement target
382	ENSG00000213533	STIMATE	382	R064	rs6798941	9.53e-09	1.41044e-06	0.02667565172	61378	148	64	DUSP7;LINC00696;POC1A;ALDOAP1;ALAS1;TLR9;TLR9;TWF2;TWF2-DT;PPM1M;WDR82;MIRLET7G;GLYCTK;GLYCTK-AS1;MIR135A1;DNAH1;PPP2R5CP;BAP1;PHF7;SEMA3G;TNNC1;NISCH;STAB1;NT5DC2;UQCC5;PBRM1;RNU6-856P;RNU6ATAC16P;GNL3;SNORD19B;SNORD19;SNORD19B;SNORD19C;SNORD69;GLT8D1;SPCS1;NEK4;AK3P7;AKTIPP1;ITIH1;ITIH3;ITIH4;RP5-966M1.6;ITIH4-AS1;MUSTN1;STIMATE-MUSTN1;SFMBT1;RP11-894J14.5;AC096887.1;SERBP1P3;RFT1;PRKCD;AC097015.1;TKT;snoU13;DCP1A;RN7SL821P;Y_RNA;SNORD38C;SNORA26;RPS25P4;CACNA1D;SNORD63;AC024149.1	2.9	7932	Unknome 18_Mar_2026; maximum over uniquely HGNC-mapped proteins; derived/knownness-ranks.tsv	Tbio	18	unique	NA	NA	NA	NA	NA	NA	unresolved competing genes; gene-body association is not causal assignment	Lifelong developmental, systemic and adult explanations remain. Adult tissue expression observed (cerebellum); timing not identified.	7.4	cerebellum	not checked outside pilot	not checked outside pilot	1.3027e-07	positional;eQTL	False	False	Lee CP GCST006572 + GENCODE v19; HGNC/Unknome/Pharos/HPA separate annotations; LD/QTL/perturbation not followed outside pilot; Savage/Genebass overlap; EA excluded	Independent ancestry-matched fine-mapping excludes rs6798941 and assigns a different variant/gene (e.g. DUSP7, LINC00696, POC1A); adult-specific perturbation in the implicated cell type has no predicted functional effect despite verified engagement. Shared-signal evidence disappears on multiple-signal conditioning or complete variant coverage.	association hypothesis only; not an enhancement target
383	ENSG00000111325	OGFOD2	383	NA	rs3759115	1.45e-07	1.4499999999999999e-06	0.027423849999999996	5464	10	0		0.0	1	Unknome 18_Mar_2026; maximum over uniquely HGNC-mapped proteins; derived/knownness-ranks.tsv	Tdark	14	unique	NA	NA	NA	NA	NA	NA	unresolved competing genes; gene-body association is not causal assignment	Lifelong developmental, systemic and adult explanations remain. Adult tissue expression observed (basal ganglia); timing not identified.	8.1	basal ganglia	not checked outside pilot	not checked outside pilot	8.1075e-07	positional;eQTL;chromatin	False	False	Lee CP GCST006572 + GENCODE v19; HGNC/Unknome/Pharos/HPA separate annotations; LD/QTL/perturbation not followed outside pilot; Savage/Genebass overlap; EA excluded	Independent ancestry-matched fine-mapping excludes rs3759115 and assigns a different variant/gene; adult-specific perturbation in the implicated cell type has no predicted functional effect despite verified engagement. Shared-signal evidence disappears on multiple-signal conditioning or complete variant coverage.	association hypothesis only; not an enhancement target
384	ENSG00000121297	TSHZ3	384	R087	rs4805681	6.53e-09	1.4692500000000002e-06	0.02778792525	74603	225	18	CTC-400I9.2;LINC01834;CTC-400I9.3;AC020952.1;LINC01791;TSHZ3-AS1;AC008992.1;LINC02959;LINC02841;AC011525.2;LINC03103;RNA5SP471;RNU6-967P;CTC-360P9.1;CTC-360P9.5;AC011456.1;CTC-360P9.2;LINC01837	5.6	11982	Unknome 18_Mar_2026; maximum over uniquely HGNC-mapped proteins; derived/knownness-ranks.tsv	Tbio	67	unique	NA	NA	NA	NA	NA	NA	unresolved competing genes; gene-body association is not causal assignment	Lifelong developmental, systemic and adult explanations remain. Adult tissue expression observed (cerebral cortex); timing not identified.	5.4	cerebral cortex	not checked outside pilot	not checked outside pilot	NA	positional;eQTL;chromatin	False	False	Lee CP GCST006572 + GENCODE v19; HGNC/Unknome/Pharos/HPA separate annotations; LD/QTL/perturbation not followed outside pilot; Savage/Genebass overlap; EA excluded	Independent ancestry-matched fine-mapping excludes rs4805681 and assigns a different variant/gene (e.g. CTC-400I9.2, LINC01834, CTC-400I9.3); adult-specific perturbation in the implicated cell type has no predicted functional effect despite verified engagement. Shared-signal evidence disappears on multiple-signal conditioning or complete variant coverage.	association hypothesis only; not an enhancement target
385	ENSG00000142910	TINAGL1	385	R027	rs945213	9.97e-08	1.4955e-06	0.0282843915	11173	15	35	SELENOWP1;RPL21P22;NKAIN1;SNRNP40;RP11-490K7.4;ZCCHC17;RP11-266K22.2;FABP3;SERINC2;AC114494.1;EEF1A1P46;RNU6-40P;RP11-439L8.3;RP11-439L8.4;RP11-73M7.1;HCRTR1;PEF1;PEF1-AS1;RP11-73M7.9;COL16A1;ADGRB2;MIR4254;RP11-84A19.3;SPOCD1;RP11-84A19.2;RP11-84A19.4;PTP4A2;AL136115.1;RP4-534N18.2;KHDRBS1;RP11-277A4.4;TMEM39B;MIR5585;KPNA6;RP4-622L5.2	3.7	9268	Unknome 18_Mar_2026; maximum over uniquely HGNC-mapped proteins; derived/knownness-ranks.tsv	Tbio	49	unique	NA	NA	NA	NA	NA	NA	unresolved competing genes; gene-body association is not causal assignment	Lifelong developmental, systemic and adult explanations remain. Adult tissue expression observed (midbrain); timing not identified.	17.4	midbrain	not checked outside pilot	not checked outside pilot	1.9854e-06	NA	False	False	Lee CP GCST006572 + GENCODE v19; HGNC/Unknome/Pharos/HPA separate annotations; LD/QTL/perturbation not followed outside pilot; Savage/Genebass overlap; EA excluded	Independent ancestry-matched fine-mapping excludes rs945213 and assigns a different variant/gene (e.g. SELENOWP1, RPL21P22, NKAIN1); adult-specific perturbation in the implicated cell type has no predicted functional effect despite verified engagement. Shared-signal evidence disappears on multiple-signal conditioning or complete variant coverage.	association hypothesis only; not an enhancement target
386	ENSG00000248592	STIMATE-MUSTN1	386	R064	rs6798941	9.53e-09	1.50574e-06	0.028478060620000002	64442	158	64	DUSP7;LINC00696;POC1A;ALDOAP1;ALAS1;TLR9;TLR9;TWF2;TWF2-DT;PPM1M;WDR82;MIRLET7G;GLYCTK;GLYCTK-AS1;MIR135A1;DNAH1;PPP2R5CP;BAP1;PHF7;SEMA3G;TNNC1;NISCH;STAB1;NT5DC2;UQCC5;PBRM1;RNU6-856P;RNU6ATAC16P;GNL3;SNORD19B;SNORD19;SNORD19B;SNORD19C;SNORD69;GLT8D1;SPCS1;NEK4;AK3P7;AKTIPP1;ITIH1;ITIH3;ITIH4;RP5-966M1.6;ITIH4-AS1;MUSTN1;STIMATE;SFMBT1;RP11-894J14.5;AC096887.1;SERBP1P3;RFT1;PRKCD;AC097015.1;TKT;snoU13;DCP1A;RN7SL821P;Y_RNA;SNORD38C;SNORA26;RPS25P4;CACNA1D;SNORD63;AC024149.1	NA	NA	Unknome unmapped/unscored; not zero knownness	Tdark	4	unique	NA	NA	NA	NA	NA	NA	unresolved competing genes; gene-body association is not causal assignment	Lifelong developmental, systemic and adult explanations remain. Adult tissue expression observed (spinal cord); timing not identified.	0.3	spinal cord	not checked outside pilot	not checked outside pilot	6.1789e-08	positional;eQTL	False	False	Lee CP GCST006572 + GENCODE v19; HGNC/Unknome/Pharos/HPA separate annotations; LD/QTL/perturbation not followed outside pilot; Savage/Genebass overlap; EA excluded	Independent ancestry-matched fine-mapping excludes rs6798941 and assigns a different variant/gene (e.g. DUSP7, LINC00696, POC1A); adult-specific perturbation in the implicated cell type has no predicted functional effect despite verified engagement. Shared-signal evidence disappears on multiple-signal conditioning or complete variant coverage.	association hypothesis only; not an enhancement target
387	ENSG00000100395	L3MBTL2	387	R023	rs139465	1.44e-08	1.5408e-06	0.0291411504	26067	107	149	CTA-150C2.13;APOBEC3A;APOBEC3B;APOBEC3B-AS1;APOBEC3C;APOBEC3D;APOBEC3F;APOBEC3G;CTA-150C2.20;RP4-742C19.12;APOBEC3H;CBX7;COX5BP7;FUNDC2P4;PDGFB;AL031590.1;RP3-333H23.8;RPL3;SNORD83B;SNORD83A;SNORD43;SYNGR1;TAB1;MGAT3;MGAT3-AS1;MIEF1;ATF4;RPS19BP1;CACNA1I;ENTHD1;MTFR2P2;RN7SKP210;UQCRFS1P1;GRAP2;TMA7B;SACK1F;TNRC6B-DT;TNRC6B;RPL7P52;ADSL;SGSM3;SGSM3-AS1;MRTFA;MRTFA-AS2;RP5-1042K10.12;MRTFA-AS1;AL031594.1;COX6B1P3;RPL4P6;GAPDHP37;MCHR1;SLC25A17;RFKP4;JTBP1;MIR4766;ST13;XPNPEP3;DNAJB7;snoU13;RNU6-379P;RBX1;Y_RNA;AL080243.1;RPS9P2;Y_RNA;ACTBP15;EP300;MIR1281;RNU6-375P;RP1-85F18.6;EP300-AS1;LRRC37A14P;L3MBTL2-AS1;CHADL;RANGAP1;AL035681.1;ZC3H7B;TEF;RNU6-495P;CTA-223H9.9;TOB2;PHF5A;ACO2;POLR3H;CSDC2;PMM1;DESI1;XRCC6;Y_RNA;SNU13;RNU6-476P;C22orf46P;Z83840.1;MEI1;HMGN2P10;RNU6ATAC22P;Y_RNA;CCDC134;SREBF2-AS1;SREBF2;MIR33A;SHISA8;CTA-250D10.23;MIR378I;TNFRSF13C;CENPM;SMIM45;SEPTIN3;CTA-250D10.19;WBP2NL;SLC25A5P1;NAGA;PHETA2;SNORD13P1;SMDT1;NDUFA6;RP1-257I20.14;NDUFA6-DT;OLA1P1;CYP2D6;RP4-669P10.19;RP4-669P10.16;CYP2D7;CYP2D8P;TCF20;OGFRP1;Z83851.4;CTA-989H11.1;LINC01315;NFAM1;CTA-126B4.7;SERHL;RRP7A;Z93241.1;SERHL2;RRP7BP;RN7SKP80;RNU6-513P;POLDIP3;RNU12;CYB5R3;ATP5MGL;A4GALT;Y_RNA;RPL5P34;GOLGA2P4;ARFGAP3;PACSIN2;COA1P1	5.1	11329	Unknome 18_Mar_2026; maximum over uniquely HGNC-mapped proteins; derived/knownness-ranks.tsv	Tbio	90	unique	NA	NA	NA	NA	NA	NA	unresolved competing genes; gene-body association is not causal assignment	Lifelong developmental, systemic and adult explanations remain. Adult tissue expression observed (cerebral cortex); timing not identified.	20.1	cerebral cortex	not checked outside pilot	not checked outside pilot	5.3842e-08	positional;eQTL	False	False	Lee CP GCST006572 + GENCODE v19; HGNC/Unknome/Pharos/HPA separate annotations; LD/QTL/perturbation not followed outside pilot; Savage/Genebass overlap; EA excluded	Independent ancestry-matched fine-mapping excludes rs139465 and assigns a different variant/gene (e.g. CTA-150C2.13, APOBEC3A, APOBEC3B); adult-specific perturbation in the implicated cell type has no predicted functional effect despite verified engagement. Shared-signal evidence disappears on multiple-signal conditioning or complete variant coverage.	association hypothesis only; not an enhancement target
388	ENSG00000140323	DISP2	388	R092	rs12913300	4.31e-08	1.5947000000000002e-06	0.030160561100000004	12822	37	101	GPR176;GPR176-DT;Y_RNA;EIF2AK4;snoU13;H3P38;SRP14;SRP14-DT;RP11-521C20.2;BMF;BMF-AS1;RP11-521C20.1;BUB1B;PAK6;BUB1B-PAK6;RP11-133K1.7;PAK6-AS1;PLCB2;ANKRD63;PLCB2-AS1;RPLP0P10;RP11-133K1.6;INAFM2;CCDC9B;RNA5SP392;PHGR1;RP11-64K12.4;LINC00594;RP11-64K12.10;KNSTRN;IVD;BAHD1;RP11-64K12.9;RP11-64K12.8;CHST14;RP11-64K12.1;RP11-111A22.1;CCDC32;RNU6-516P;RPUSD2;KNL1;snoU13;RN7SL376P;CTD-2339L15.3;RAD51-AS1;RAD51;RMDN3;SUMO2P15;GCHFR;DNAJC17;C15orf62;ZFYVE19;PPP1R14D;SPINT1-AS1;SPINT1;RHOV;AC025166.1;VPS18;RP11-540O11.1;DLL4;ISCA1P4;CHAC1;INO80;RP11-540O11.6;RP11-540O11.7;INO80-AS1;CYCSP2;CIBAR1P1;EXD1;RN7SL497P;CHP1;OIP5-AS1;OIP5;NUSAP1;RP11-16O9.2;NDUFAF1;RTF1;RNU6-1169P;ITPKA;LTK;RPAP1;ELOCP2;TYRO3;RP11-380D11.2;MGA;MIR626;RP11-107F6.4;RP11-107F6.3;MAPKBP1;AC073657.1;RP11-23P13.4;PLA2G4B;JMJD7;JMJD7-PLA2G4B;SPTBN5;RNA5SP393;MIR4310;RP11-23P13.6;RP11-23P13.7;EHD4;EHD4-AS1	1.1	4265	Unknome 18_Mar_2026; maximum over uniquely HGNC-mapped proteins; derived/knownness-ranks.tsv	Tbio	13	unique	NA	NA	NA	NA	NA	NA	unresolved competing genes; gene-body association is not causal assignment	Lifelong developmental, systemic and adult explanations remain. Adult tissue expression observed (cerebellum); timing not identified.	25.8	cerebellum	not checked outside pilot	not checked outside pilot	NA	positional;eQTL;chromatin	False	False	Lee CP GCST006572 + GENCODE v19; HGNC/Unknome/Pharos/HPA separate annotations; LD/QTL/perturbation not followed outside pilot; Savage/Genebass overlap; EA excluded	Independent ancestry-matched fine-mapping excludes rs12913300 and assigns a different variant/gene (e.g. GPR176, GPR176-DT, Y_RNA); adult-specific perturbation in the implicated cell type has no predicted functional effect despite verified engagement. Shared-signal evidence disappears on multiple-signal conditioning or complete variant coverage.	association hypothesis only; not an enhancement target
389	ENSG00000163933	RFT1	389	R064	rs2115780	1.34e-08	1.6079999999999999e-06	0.030412104	41980	120	64	DUSP7;LINC00696;POC1A;ALDOAP1;ALAS1;TLR9;TLR9;TWF2;TWF2-DT;PPM1M;WDR82;MIRLET7G;GLYCTK;GLYCTK-AS1;MIR135A1;DNAH1;PPP2R5CP;BAP1;PHF7;SEMA3G;TNNC1;NISCH;STAB1;NT5DC2;UQCC5;PBRM1;RNU6-856P;RNU6ATAC16P;GNL3;SNORD19B;SNORD19;SNORD19B;SNORD19C;SNORD69;GLT8D1;SPCS1;NEK4;AK3P7;AKTIPP1;ITIH1;ITIH3;ITIH4;RP5-966M1.6;ITIH4-AS1;MUSTN1;STIMATE-MUSTN1;STIMATE;SFMBT1;RP11-894J14.5;AC096887.1;SERBP1P3;PRKCD;AC097015.1;TKT;snoU13;DCP1A;RN7SL821P;Y_RNA;SNORD38C;SNORA26;RPS25P4;CACNA1D;SNORD63;AC024149.1	5.4	11736	Unknome 18_Mar_2026; maximum over uniquely HGNC-mapped proteins; derived/knownness-ranks.tsv	Tbio	52	unique	NA	NA	NA	NA	NA	NA	unresolved competing genes; gene-body association is not causal assignment	Lifelong developmental, systemic and adult explanations remain. Adult tissue expression observed (cerebral cortex); timing not identified.	7.6	cerebral cortex	not checked outside pilot	not checked outside pilot	NA	positional;eQTL	False	False	Lee CP GCST006572 + GENCODE v19; HGNC/Unknome/Pharos/HPA separate annotations; LD/QTL/perturbation not followed outside pilot; Savage/Genebass overlap; EA excluded	Independent ancestry-matched fine-mapping excludes rs2115780 and assigns a different variant/gene (e.g. DUSP7, LINC00696, POC1A); adult-specific perturbation in the implicated cell type has no predicted functional effect despite verified engagement. Shared-signal evidence disappears on multiple-signal conditioning or complete variant coverage.	association hypothesis only; not an enhancement target
390	ENSG00000074603	DPP8	390	R121	rs72739469	7.51e-09	1.7423200000000002e-06	0.03295249816	75242	232	38	ANKDD1A;SPG21;MTFMT;RP11-325L12.5;SLC51B;RASL12;KBTBD13;UBAP1L;RP11-325L12.3;PDCD7;CLPX;CILP;RNU6-686P;PARP16;SNORA24B;RNU5A-1;RP11-349G13.2;RNU5B-1;IGDCC3;IGDCC4;RP11-349G13.3;RP11-349G13.1;Y_RNA;HACD3;RNU6-19P;snoU13;INTS14;SLC24A1;DENND4A;SNORD13E;MIR4511;RAB11A;RP11-16E23.3;RP11-16E23.4;HNRNPA1P44;RNU6-265P;MEGF11;MIR4311	4.7	10753	Unknome 18_Mar_2026; maximum over uniquely HGNC-mapped proteins; derived/knownness-ranks.tsv	Tchem	104	unique	NA	NA	NA	NA	NA	NA	unresolved competing genes; gene-body association is not causal assignment	Lifelong developmental, systemic and adult explanations remain. Adult tissue expression observed (cerebral cortex); timing not identified.	18.1	cerebral cortex	not checked outside pilot	not checked outside pilot	NA	positional;chromatin	False	False	Lee CP GCST006572 + GENCODE v19; HGNC/Unknome/Pharos/HPA separate annotations; LD/QTL/perturbation not followed outside pilot; Savage/Genebass overlap; EA excluded	Independent ancestry-matched fine-mapping excludes rs72739469 and assigns a different variant/gene (e.g. ANKDD1A, SPG21, MTFMT); adult-specific perturbation in the implicated cell type has no predicted functional effect despite verified engagement. Shared-signal evidence disappears on multiple-signal conditioning or complete variant coverage.	association hypothesis only; not an enhancement target
391	ENSG00000126453	BCL2L12	391	R151	rs10411771	9.45e-08	1.7955e-06	0.0339582915	8351	19	79	PPFIA3;HRC;TRPM4;SLC6A21P;AC011450.1;SUMO1P4;SLC6A16;MIR4324;CTC-301O7.4;CD37;TEAD2;TEAD2-AS1;DKKL1;AC010524.2;KASH5;PTH2;GFY;SLC17A7;PIH1D1;ALDH16A1;CTD-3148I10.9;FLT3LG;CTD-3148I10.15;RPL13A;SNORD32A;SNORD33;SNORD34;SNORD35A;RPS11;SNORD35B;hsa-mir-150;MIR150;COX6CP7;FCGRT;RCN3;NOSIP;Y_RNA;PRRG2;PRR12;CTB-33G10.11;RRAS;SCAF1;IRF3;PRMT1;MIR5088;ADM5;CTB-33G10.6;CPT1C;CTB-33G10.1;TSKS;RNU6-841P;AP2A1;FUZ;AC006942.4;MED25;PTOV1-AS1;PTOV1;AC018766.6;MIR4749;PTOV1-AS2;AC018766.4;PNKP;AKT1S1;TBC1D17;MIR4750;IL4I1;NUP62;CTC-326K19.6;ATF5;MIR4751;SIGLEC11;U3;SIGLEC16;VRK3;ZNF473;ZNF473-AS1;ZNF473CR;CTD-2126E3.5;CTD-2126E3.4	2.1	6380	Unknome 18_Mar_2026; maximum over uniquely HGNC-mapped proteins; derived/knownness-ranks.tsv	Tbio	NA	unique	NA	NA	NA	NA	NA	NA	unresolved competing genes; gene-body association is not causal assignment	Lifelong developmental, systemic and adult explanations remain. Adult tissue expression observed (midbrain); timing not identified.	2.5	midbrain	not checked outside pilot	not checked outside pilot	NA	NA	NA	False	Lee CP GCST006572 + GENCODE v19; HGNC/Unknome/Pharos/HPA separate annotations; LD/QTL/perturbation not followed outside pilot; Savage/Genebass overlap; EA excluded	Independent ancestry-matched fine-mapping excludes rs10411771 and assigns a different variant/gene (e.g. PPFIA3, HRC, TRPM4); adult-specific perturbation in the implicated cell type has no predicted functional effect despite verified engagement. Shared-signal evidence disappears on multiple-signal conditioning or complete variant coverage.	association hypothesis only; not an enhancement target
392	ENSG00000166170	BAG5	392	R044	rs11625397	1.29e-07	1.8060000000000002e-06	0.034156878	6288	14	53	CDC42BPB;RPL13P6;RP11-736N17.8;EXOC3L4;LINC00677;TNFAIP2;NDUFB4P11;RPL21P12;GCSHP2;LINC00605;AL161669.1;RP11-736N17.9;RPL21P13;RAP2CP1;RPL17P4;EIF5-DT;EIF5;SNORA28;HMGB3P26;RPSAP5;MARK3;RPL10AP1;CKB;TRMT61A-DT;TRMT61A;RNU7-160P;BAG5-AS1;KLC1;RP11-73M18.2;COA8;RNU4-68P;AL139300.1;KLC1-AS1;RP11-73M18.6;RP11-73M18.10;RP11-73M18.7;RP11-73M18.8;XRCC3;AL049840.1;RP11-73M18.9;ZFYVE21;Y_RNA;PPP1R13B;RP11-73M18.11;SNORD51;PPP1R13B-DT;CTD-2134A5.4;CTD-2134A5.3;ATP5MJ;TDRD9;RD3L;AL136001.1;RN7SL634P	14.2	17296	Unknome 18_Mar_2026; maximum over uniquely HGNC-mapped proteins; derived/knownness-ranks.tsv	Tbio	148	unique	NA	NA	NA	NA	NA	NA	unresolved competing genes; gene-body association is not causal assignment	Lifelong developmental, systemic and adult explanations remain. Adult tissue expression observed (cerebellum); timing not identified.	17.8	cerebellum	not checked outside pilot	not checked outside pilot	9.9831e-07	positional;eQTL	False	False	Lee CP GCST006572 + GENCODE v19; HGNC/Unknome/Pharos/HPA separate annotations; LD/QTL/perturbation not followed outside pilot; Savage/Genebass overlap; EA excluded	Independent ancestry-matched fine-mapping excludes rs11625397 and assigns a different variant/gene (e.g. CDC42BPB, RPL13P6, RP11-736N17.8); adult-specific perturbation in the implicated cell type has no predicted functional effect despite verified engagement. Shared-signal evidence disappears on multiple-signal conditioning or complete variant coverage.	association hypothesis only; not an enhancement target
393	ENSG00000173486	FKBP2	393	NA	rs4672	2.38e-07	1.904e-06	0.036010351999999995	3130	8	0		1.4	4622	Unknome 18_Mar_2026; maximum over uniquely HGNC-mapped proteins; derived/knownness-ranks.tsv	Tchem	NA	unique	NA	NA	NA	NA	NA	NA	unresolved competing genes; gene-body association is not causal assignment	Lifelong developmental, systemic and adult explanations remain. Adult tissue expression observed (midbrain); timing not identified.	153.5	midbrain	not checked outside pilot	not checked outside pilot	NA	NA	NA	False	Lee CP GCST006572 + GENCODE v19; HGNC/Unknome/Pharos/HPA separate annotations; LD/QTL/perturbation not followed outside pilot; Savage/Genebass overlap; EA excluded	Independent ancestry-matched fine-mapping excludes rs4672 and assigns a different variant/gene; adult-specific perturbation in the implicated cell type has no predicted functional effect despite verified engagement. Shared-signal evidence disappears on multiple-signal conditioning or complete variant coverage.	association hypothesis only; not an enhancement target
394	ENSG00000165917	RAPSN	394	R074	rs4752838	4.26e-08	1.917e-06	0.036256221	11423	45	59	LRP4-AS1;LRP4;CSTPP1;CTD-2384B9.1;RP11-390K5.3;ARFGAP2;RP11-390K5.6;PACSIN3;RP11-390K5.1;RN7SL772P;DDB2;RP11-17G12.2;ACP2;NR1H3;MADD;MADD-AS1;MYBPC3;SPI1;SLC39A13-AS1;AC090559.2;MIR4487;SLC39A13;PSMC3;RNU6-1302P;CELF1;AC090559.1;RP11-750H9.7;RN7SL652P;NDUFS3;PTPMT1;KBTBD4;RNU5E-10P;KBTBD4;FAM180B;C1QTNF4;Y_RNA;MTCH2;AGBL2;FNBP4;Y_RNA;snoU13;NUP160;RP11-692M12.5;RNA5SP340;Y_RNA;YPEL5P2;RP11-793I11.1;PTPRJ;PTPRJ-AS1;MIR3161;OR4B1;OR4B2P;OR4X2;OR4X1;OR4S1;OR4C3;OR4C4P;OR4C5;OR4C2P	4.0	9765	Unknome 18_Mar_2026; maximum over uniquely HGNC-mapped proteins; derived/knownness-ranks.tsv	Tbio	60	unique	NA	NA	NA	NA	NA	NA	unresolved competing genes; gene-body association is not causal assignment	Lifelong developmental, systemic and adult explanations remain. Adult tissue expression observed (amygdala); timing not identified.	0.4	amygdala	not checked outside pilot	not checked outside pilot	NA	positional;eQTL	False	False	Lee CP GCST006572 + GENCODE v19; HGNC/Unknome/Pharos/HPA separate annotations; LD/QTL/perturbation not followed outside pilot; Savage/Genebass overlap; EA excluded	Independent ancestry-matched fine-mapping excludes rs4752838 and assigns a different variant/gene (e.g. LRP4-AS1, LRP4, CSTPP1); adult-specific perturbation in the implicated cell type has no predicted functional effect despite verified engagement. Shared-signal evidence disappears on multiple-signal conditioning or complete variant coverage.	association hypothesis only; not an enhancement target
395	ENSG00000182149	IST1	395	R061	rs12921084	8.29e-09	1.92328e-06	0.036374994640000005	83015	232	87	CLEC18C;RP11-296I10.5;AC009060.1;SMG1P7;FKSG63;snoU13;EXOSC6;AARS1;RN7SL407P;RN7SL279P;DDX19B;RP11-529K1.3;DDX19A-DT;DDX19A;ST3GAL2;RP11-529K1.4;RPS27P26;RNU6-23P;FCSK;COG4;SF3B3;SNORD111B;SNORD111;RP11-49C24.1;IL34;MTSS2;FLJ00418;VAC14;VAC14-AS2;VAC14-AS1;RP11-424M24.5;HYDIN;RNU6ATAC25P;SNORD112;AC027281.1;HYDIN-AS1;RP11-23E19.2;CMTR2;CTD-2520I13.1;AC106736.1;CALB2;LINC02136;RP11-510M2.7;TLE7;RP11-510M2.8;ZNF23;AC010547.9;RP11-510M2.2;ZNF19;RP11-510M2.6;CHST4;RP11-510M2.5;RNU6-1061P;TAT;TAT-AS1;RP11-432I5.2;MARVELD3;PHLPP2;RP11-432I5.6;RNU6-208P;SNORA70D;RP11-432I5.8;RP11-432I5.4;AP1G1;SNORD71;RP11-417N10.3;ATXN1L;ZNF821;RP11-498D10.3;RP11-498D10.5;PKD1L3;RP11-498D10.6;RPL39P31;CCDC25P2;ATP5F1AP3;DHODH;TXNL4B;HP;HPR;RP11-384M15.3;DHX38;PMFBP1;RP11-328J14.1;RP11-328J14.2;RNU6-385P;LINC01572;AC004158.3	11.0	16257	Unknome 18_Mar_2026; maximum over uniquely HGNC-mapped proteins; derived/knownness-ranks.tsv	Tbio	118	unique	NA	NA	NA	NA	NA	NA	unresolved competing genes; gene-body association is not causal assignment	Lifelong developmental, systemic and adult explanations remain. Adult tissue expression observed (spinal cord); timing not identified.	54.3	spinal cord	not checked outside pilot	not checked outside pilot	3.9805e-09	positional;eQTL;chromatin	False	False	Lee CP GCST006572 + GENCODE v19; HGNC/Unknome/Pharos/HPA separate annotations; LD/QTL/perturbation not followed outside pilot; Savage/Genebass overlap; EA excluded	Independent ancestry-matched fine-mapping excludes rs12921084 and assigns a different variant/gene (e.g. CLEC18C, RP11-296I10.5, AC009060.1); adult-specific perturbation in the implicated cell type has no predicted functional effect despite verified engagement. Shared-signal evidence disappears on multiple-signal conditioning or complete variant coverage.	association hypothesis only; not an enhancement target
396	ENSG00000010803	SCMH1	396	R016	rs34386859	3.18e-09	1.99068e-06	0.03764973084	214955	626	33	ZFP69;EXO5-DT;EXO5;RP11-656D10.5;RP11-656D10.6;ZNF684;RP1-63P18.2;GTF2F2P2;RIMS3;RP4-739H11.3;NFYC-AS1;NFYC;MIR30E;MIR30C1;KCNQ4;RN7SL326P;CITED4;RP5-1066H13.4;RP11-348A7.1;UBE2V1P8;CTPS1;SLFNL1;RPL23AP17;SCMH1-DT;RPL36AP9;FOXO6;FOXO6-AS1;RNA5SP45;EDN2;HIVEP3;RP11-486B10.3;RP11-486B10.4;AL451006.1	2.6	7291	Unknome 18_Mar_2026; maximum over uniquely HGNC-mapped proteins; derived/knownness-ranks.tsv	Tbio	32	unique	NA	NA	NA	NA	NA	NA	unresolved competing genes; gene-body association is not causal assignment	Lifelong developmental, systemic and adult explanations remain. Adult tissue expression observed (cerebral cortex); timing not identified.	10.2	cerebral cortex	not checked outside pilot	not checked outside pilot	NA	positional;eQTL	False	False	Lee CP GCST006572 + GENCODE v19; HGNC/Unknome/Pharos/HPA separate annotations; LD/QTL/perturbation not followed outside pilot; Savage/Genebass overlap; EA excluded	Independent ancestry-matched fine-mapping excludes rs34386859 and assigns a different variant/gene (e.g. ZFP69, EXO5-DT, EXO5); adult-specific perturbation in the implicated cell type has no predicted functional effect despite verified engagement. Shared-signal evidence disappears on multiple-signal conditioning or complete variant coverage.	association hypothesis only; not an enhancement target
397	ENSG00000197724	PHF2	397	R088	rs10821163	3.5e-09	2.002e-06	0.037863826	103181	572	21	FGD3;SUSD3;RP11-274J16.5;CARD19;NINJ1;RP11-370F5.4;WNK2;FAM120A2P;RNU6-829P;Y_RNA;RP11-165J3.5;RP11-165J3.6;FAM120AOS;FAM120A;AL353629.1;MIR4291;RP11-53B5.1;BARX1;BARX1-DT;PTPDC1;CYCSP24	10.3	15915	Unknome 18_Mar_2026; maximum over uniquely HGNC-mapped proteins; derived/knownness-ranks.tsv	Tbio	86	unique	NA	NA	NA	NA	NA	NA	unresolved competing genes; gene-body association is not causal assignment	Lifelong developmental, systemic and adult explanations remain. Adult tissue expression observed (cerebellum); timing not identified.	41.7	cerebellum	not checked outside pilot	not checked outside pilot	1.5013e-07	NA	False	False	Lee CP GCST006572 + GENCODE v19; HGNC/Unknome/Pharos/HPA separate annotations; LD/QTL/perturbation not followed outside pilot; Savage/Genebass overlap; EA excluded	Independent ancestry-matched fine-mapping excludes rs10821163 and assigns a different variant/gene (e.g. FGD3, SUSD3, RP11-274J16.5); adult-specific perturbation in the implicated cell type has no predicted functional effect despite verified engagement. Shared-signal evidence disappears on multiple-signal conditioning or complete variant coverage.	association hypothesis only; not an enhancement target
398	ENSG00000066336	SPI1	398	R074	rs7928419	2.52e-08	2.016e-06	0.038128607999999994	23717	80	59	LRP4-AS1;LRP4;CSTPP1;CTD-2384B9.1;RP11-390K5.3;ARFGAP2;RP11-390K5.6;PACSIN3;RP11-390K5.1;RN7SL772P;DDB2;RP11-17G12.2;ACP2;NR1H3;MADD;MADD-AS1;MYBPC3;SLC39A13-AS1;AC090559.2;MIR4487;SLC39A13;PSMC3;RAPSN;RNU6-1302P;CELF1;AC090559.1;RP11-750H9.7;RN7SL652P;NDUFS3;PTPMT1;KBTBD4;RNU5E-10P;KBTBD4;FAM180B;C1QTNF4;Y_RNA;MTCH2;AGBL2;FNBP4;Y_RNA;snoU13;NUP160;RP11-692M12.5;RNA5SP340;Y_RNA;YPEL5P2;RP11-793I11.1;PTPRJ;PTPRJ-AS1;MIR3161;OR4B1;OR4B2P;OR4X2;OR4X1;OR4S1;OR4C3;OR4C4P;OR4C5;OR4C2P	39.2	19095	Unknome 18_Mar_2026; maximum over uniquely HGNC-mapped proteins; derived/knownness-ranks.tsv	Tbio	281	unique	NA	NA	NA	NA	NA	NA	unresolved competing genes; gene-body association is not causal assignment	Lifelong developmental, systemic and adult explanations remain. Adult tissue expression observed (spinal cord); timing not identified.	26.0	spinal cord	not checked outside pilot	not checked outside pilot	2.0924e-07	positional	False	False	Lee CP GCST006572 + GENCODE v19; HGNC/Unknome/Pharos/HPA separate annotations; LD/QTL/perturbation not followed outside pilot; Savage/Genebass overlap; EA excluded	Independent ancestry-matched fine-mapping excludes rs7928419 and assigns a different variant/gene (e.g. LRP4-AS1, LRP4, CSTPP1); adult-specific perturbation in the implicated cell type has no predicted functional effect despite verified engagement. Shared-signal evidence disappears on multiple-signal conditioning or complete variant coverage.	association hypothesis only; not an enhancement target
399	ENSG00000160972	PPP1R16A	399	R115	rs11777703	2.73e-08	2.0202e-06	0.038208042600000006	24153	74	62	MROH1;AC104592.1;KM-PA-2;SCXB;FAM203B;AC110280.1;CTD-3232M19.2;BOP1;SCXA;HSF1;GS1-393G12.12;DGAT1;SCRT1;TMEM249;TMEM249;SLC52A2;FBXL6;ADCK5;CPSF1;MIR939;MIR1234;GS1-393G12.14;SLC39A4;VPS28;TONSL;TONSL-AS1;ZFTRAF1;CTD-2517M22.16;KIFC2;FOXH1;CTD-2517M22.14;CTD-2517M14.5;GPT;SLC33A2;RECQL4;CTD-2517M22.17;LRRC14;LRRC24;C8orf82;ARHGAP39;AC084125.1;AC084125.2;AC084125.3;CTD-2517M22.9;AF186192.1;AF186192.5;AF186192.6;ZNF251;ZNF34;RN7SL395P;RPL8;ZNF517;ZNF7;COMMD5;ZNF250;AF235103.1;ZNF16;ZNF252P;RP5-1047A19.4;TMED10P1;ZNF252P-AS1;RP5-1047A19.6	1.0	3282	Unknome 18_Mar_2026; maximum over uniquely HGNC-mapped proteins; derived/knownness-ranks.tsv	Tbio	38	unique	NA	NA	NA	NA	NA	NA	unresolved competing genes; gene-body association is not causal assignment	Lifelong developmental, systemic and adult explanations remain. Adult tissue expression observed (basal ganglia); timing not identified.	23.6	basal ganglia	not checked outside pilot	not checked outside pilot	NA	positional;eQTL	False	False	Lee CP GCST006572 + GENCODE v19; HGNC/Unknome/Pharos/HPA separate annotations; LD/QTL/perturbation not followed outside pilot; Savage/Genebass overlap; EA excluded	Independent ancestry-matched fine-mapping excludes rs11777703 and assigns a different variant/gene (e.g. MROH1, AC104592.1, KM-PA-2); adult-specific perturbation in the implicated cell type has no predicted functional effect despite verified engagement. Shared-signal evidence disappears on multiple-signal conditioning or complete variant coverage.	association hypothesis only; not an enhancement target
400	ENSG00000178149	DALRD3	400	R001	rs78807522	2.68e-07	2.144e-06	0.040549472	6806	8	145	MAP4;RPS27P30;RN7SL664P;RPL17P16;CDC25A;SNRPFP4;RNU7-128P;NDUFB1P1;MIR4443;CAMP;ZNF589;MRPS18AP1;Y_RNA;FCF1P2;NME6;SPINK8;MIR2115;FBXW12;RN7SL321P;PLXNB1;CCDC51;TMA7;RP11-24C3.2;ATRIP;TREX1;SHISA5;AC104448.1;PFKFB4;UCN2;COL7A1;MIR711;UQCRC1;TMEM89;SLC26A6;CELSR3;MIR4793;LINC02585;NCKIPSD;RP11-572O6.1;IP6K2;PRKAR2A;PRKAR2A-AS1;SLC25A20;ARIH2OS;ARIH2;RP13-131K19.1;RP13-131K19.2;RP13-131K19.7;P4HTM;WDR6;MIR425;NDUFAF3;MIR191;IMPDH2;RP13-131K19.6;QRICH1;RN7SL182P;QARS1;USP19;LAMB2;LAMB2P1;CCDC71;KLHDC8B;CIMIP7;IHO1;GCSHP6;RP11-3B7.1;C3orf62;Y_RNA;MIR4271;USP4;GPX1;RHOA;RHOA-IT1;TCTA;AMT;NICN1-AS1;NICN1;RNA5SP130;DAG1;BSN-DT;BSN;BSN-AS1;APEH;MST1;AC099668.5;RNF123;AMIGO3;GMPPB;IP6K1;COX6CP14;PHF5AP3;CDHR4;INKA1;UBA7;MIR5193;AC139451.1;TRAIP;CAMKV;RN7SL217P;ACTL11P;MST1R;CTD-2330K9.2;CTD-2330K9.3;MON1A;RBM6;RBM5;SEMA3F-AS1;SEMA3F;MIR566;GNAT1;SLC38A3;GNAI2;U73169.1;LINC03143;SEMA3B-AS1;SEMA3B;LSMEM2;IFRD2;HYAL3;NAA80;HYAL1;HYAL2;TUSC2;RASSF1;ZMYND10-AS1;ZMYND10;NPRL2;CYB561D2;XXcos-LUCA11.5;TMEM115;CACNA2D2;XXcos-LUCA11.4;RNA5SP131;C3orf18;HEMK1;CISH;MAPKAPK3;LINC02019;MIR4787;DOCK3;PPIAP69;RP11-646D13.1;ZNF652P1;ST13P14	3.4	8766	Unknome 18_Mar_2026; maximum over uniquely HGNC-mapped proteins; derived/knownness-ranks.tsv	Tbio	28	unique	0.09623397717896627	1834	True	0.005310857496204457	0.47402647840193946	NA	unresolved competing genes; gene-body association is not causal assignment	Lifelong developmental, systemic and adult explanations remain. Adult tissue expression observed (cerebral cortex); timing not identified.	14.3	cerebral cortex	not established; target mapping/primary phenotype table unavailable	Tian 2019 iPSC-derived glutamatergic neuron survival D14/D21/D28; CROP-seq D7 transcription; not cognitive performance or mature adult physiology	6.1291e-12	positional;eQTL	False	False	Lee CP GCST006572 + GENCODE v19; HGNC/Unknome/Pharos/HPA separate annotations; EUR LD + GTEx DLPFC/Catalogue + chain/VEP + Tian guide coverage pilot; Savage/Genebass overlap; EA excluded	Independent ancestry-matched fine-mapping excludes rs78807522 and assigns a different variant/gene (e.g. MAP4, RPS27P30, RN7SL664P); adult-specific perturbation in the implicated cell type has no predicted functional effect despite verified engagement. Shared-signal evidence disappears on multiple-signal conditioning or complete variant coverage.	association hypothesis only; not an enhancement target
401	ENSG00000172819	RARG	401	R157	rs3741434	4.68e-08	2.1528e-06	0.0407159064	22411	46	56	KRT126P;RP11-641A6.5;KRT125P;RP11-641A6.8;BTBD10P1;KRT127P;ARL2BPP2;KRT76;RP11-153F5.2;KRT3;KRT4;KRT79;RP11-153F5.3;KRT78;RPL7P41;KRT8;KRT18;AC107016.2;AC107016.1;EIF4B;RP11-983P16.2;TNS2-AS1;TNS2;SPRYD3;IGFBP6;SOAT2;VTI1BP3;RNU6-333P;HIGD1AP1;EIF4A1P4;CSAD;CSAD-AS1;ZNF740;ITGB7;SLC61A1;ESPL1;PFDN5;MYG1-AS1;MYG1;AAAS;SP7;SP1;AMHR2;PRR13;RP11-793H13.8;PCBP2;MAP3K12;RP11-793H13.11;TARBP2;ATF7-NPFF;NPFF;ATF7;ATF7-AS1;ATP5MC2;RPL31P51;CALCOCO1	12.7	16895	Unknome 18_Mar_2026; maximum over uniquely HGNC-mapped proteins; derived/knownness-ranks.tsv	Tclin	112	unique	NA	NA	NA	NA	NA	NA	unresolved competing genes; gene-body association is not causal assignment	Lifelong developmental, systemic and adult explanations remain. Adult tissue expression observed (cerebellum); timing not identified.	15.2	cerebellum	not checked outside pilot	not checked outside pilot	NA	NA	False	False	Lee CP GCST006572 + GENCODE v19; HGNC/Unknome/Pharos/HPA separate annotations; LD/QTL/perturbation not followed outside pilot; Savage/Genebass overlap; EA excluded	Independent ancestry-matched fine-mapping excludes rs3741434 and assigns a different variant/gene (e.g. KRT126P, RP11-641A6.5, KRT125P); adult-specific perturbation in the implicated cell type has no predicted functional effect despite verified engagement. Shared-signal evidence disappears on multiple-signal conditioning or complete variant coverage.	association hypothesis only; not an enhancement target
402	ENSG00000137815	RTF1	402	R092	rs117643004	1.08e-08	2.16e-06	0.04085208	75156	200	101	GPR176;GPR176-DT;Y_RNA;EIF2AK4;snoU13;H3P38;SRP14;SRP14-DT;RP11-521C20.2;BMF;BMF-AS1;RP11-521C20.1;BUB1B;PAK6;BUB1B-PAK6;RP11-133K1.7;PAK6-AS1;PLCB2;ANKRD63;PLCB2-AS1;RPLP0P10;RP11-133K1.6;INAFM2;CCDC9B;RNA5SP392;PHGR1;DISP2;RP11-64K12.4;LINC00594;RP11-64K12.10;KNSTRN;IVD;BAHD1;RP11-64K12.9;RP11-64K12.8;CHST14;RP11-64K12.1;RP11-111A22.1;CCDC32;RNU6-516P;RPUSD2;KNL1;snoU13;RN7SL376P;CTD-2339L15.3;RAD51-AS1;RAD51;RMDN3;SUMO2P15;GCHFR;DNAJC17;C15orf62;ZFYVE19;PPP1R14D;SPINT1-AS1;SPINT1;RHOV;AC025166.1;VPS18;RP11-540O11.1;DLL4;ISCA1P4;CHAC1;INO80;RP11-540O11.6;RP11-540O11.7;INO80-AS1;CYCSP2;CIBAR1P1;EXD1;RN7SL497P;CHP1;OIP5-AS1;OIP5;NUSAP1;RP11-16O9.2;NDUFAF1;RNU6-1169P;ITPKA;LTK;RPAP1;ELOCP2;TYRO3;RP11-380D11.2;MGA;MIR626;RP11-107F6.4;RP11-107F6.3;MAPKBP1;AC073657.1;RP11-23P13.4;PLA2G4B;JMJD7;JMJD7-PLA2G4B;SPTBN5;RNA5SP393;MIR4310;RP11-23P13.6;RP11-23P13.7;EHD4;EHD4-AS1	3.9	9571	Unknome 18_Mar_2026; maximum over uniquely HGNC-mapped proteins; derived/knownness-ranks.tsv	Tchem	90	unique	NA	NA	NA	NA	NA	NA	unresolved competing genes; gene-body association is not causal assignment	Lifelong developmental, systemic and adult explanations remain. Adult tissue expression observed (cerebellum); timing not identified.	29.9	cerebellum	not checked outside pilot	not checked outside pilot	NA	positional	False	False	Lee CP GCST006572 + GENCODE v19; HGNC/Unknome/Pharos/HPA separate annotations; LD/QTL/perturbation not followed outside pilot; Savage/Genebass overlap; EA excluded	Independent ancestry-matched fine-mapping excludes rs117643004 and assigns a different variant/gene (e.g. GPR176, GPR176-DT, Y_RNA); adult-specific perturbation in the implicated cell type has no predicted functional effect despite verified engagement. Shared-signal evidence disappears on multiple-signal conditioning or complete variant coverage.	association hypothesis only; not an enhancement target
403	ENSG00000107872	FBXL15	403	R011	rs56384670	5.46e-07	2.184e-06	0.04130599200000001	3948	4	63	LBX1-AS1;LINC02681;SNORD112;RNU2-43P;RP11-107I14.2;RP11-107I14.5;BTRC;RNU2-59P;snoU13;DPCD;POLL;MIR3158-1;FBXW4;RNU6-1165P;LINC03046;FGF8;NPM3;OGA;KCNIP2-AS1;KCNIP2;ARMH3;Y_RNA;HPS6;RP11-302K17.3;RP11-302K17.4;SNORD112;LDB1;PPRC1;NOLC1;ELOVL3;PITX3;GBF1;AL160011.1;NFKB2;PSD;CUEDC2;MIR146B;C10orf95-AS1;C10orf95;SLC68A1;ACTR1A;RP11-18I14.11;SUFU;RN7SL21P;RPL23AP58;RNU6-43P;TRIM8-DT;TRIM8;ARL3;SFXN2;WBP1L;RNU6-1231P;CYP17A1;CYP17A1-AS1;PFN1P11;PTGES3P4;BORCS7;BORCS7-ASMT;RNU6-372P;AS3MT;RPL22P17;RP11-724N1.1;CNNM2	5.9	12348	Unknome 18_Mar_2026; maximum over uniquely HGNC-mapped proteins; derived/knownness-ranks.tsv	Tbio	32	unique	NA	NA	NA	NA	NA	NA	unresolved competing genes; gene-body association is not causal assignment	Lifelong developmental, systemic and adult explanations remain. Adult tissue expression observed (cerebral cortex); timing not identified.	59.7	cerebral cortex	not checked outside pilot	not checked outside pilot	NA	positional	False	False	Lee CP GCST006572 + GENCODE v19; HGNC/Unknome/Pharos/HPA separate annotations; LD/QTL/perturbation not followed outside pilot; Savage/Genebass overlap; EA excluded	Independent ancestry-matched fine-mapping excludes rs56384670 and assigns a different variant/gene (e.g. LBX1-AS1, LINC02681, SNORD112); adult-specific perturbation in the implicated cell type has no predicted functional effect despite verified engagement. Shared-signal evidence disappears on multiple-signal conditioning or complete variant coverage.	association hypothesis only; not an enhancement target
404	ENSG00000163935	SFMBT1	404	R064	rs62253605	6.61e-09	2.42587e-06	0.04588047931	143179	367	64	DUSP7;LINC00696;POC1A;ALDOAP1;ALAS1;TLR9;TLR9;TWF2;TWF2-DT;PPM1M;WDR82;MIRLET7G;GLYCTK;GLYCTK-AS1;MIR135A1;DNAH1;PPP2R5CP;BAP1;PHF7;SEMA3G;TNNC1;NISCH;STAB1;NT5DC2;UQCC5;PBRM1;RNU6-856P;RNU6ATAC16P;GNL3;SNORD19B;SNORD19;SNORD19B;SNORD19C;SNORD69;GLT8D1;SPCS1;NEK4;AK3P7;AKTIPP1;ITIH1;ITIH3;ITIH4;RP5-966M1.6;ITIH4-AS1;MUSTN1;STIMATE-MUSTN1;STIMATE;RP11-894J14.5;AC096887.1;SERBP1P3;RFT1;PRKCD;AC097015.1;TKT;snoU13;DCP1A;RN7SL821P;Y_RNA;SNORD38C;SNORA26;RPS25P4;CACNA1D;SNORD63;AC024149.1	5.6	11982	Unknome 18_Mar_2026; maximum over uniquely HGNC-mapped proteins; derived/knownness-ranks.tsv	Tbio	53	unique	NA	NA	NA	NA	NA	NA	unresolved competing genes; gene-body association is not causal assignment	Lifelong developmental, systemic and adult explanations remain. Adult tissue expression observed (cerebellum); timing not identified.	3.4	cerebellum	not checked outside pilot	not checked outside pilot	6.8506e-08	positional;eQTL;chromatin	False	False	Lee CP GCST006572 + GENCODE v19; HGNC/Unknome/Pharos/HPA separate annotations; LD/QTL/perturbation not followed outside pilot; Savage/Genebass overlap; EA excluded	Independent ancestry-matched fine-mapping excludes rs62253605 and assigns a different variant/gene (e.g. DUSP7, LINC00696, POC1A); adult-specific perturbation in the implicated cell type has no predicted functional effect despite verified engagement. Shared-signal evidence disappears on multiple-signal conditioning or complete variant coverage.	association hypothesis only; not an enhancement target
405	ENSG00000010318	PHF7	405	R064	rs13094687	7.01e-08	2.4535e-06	0.0464030455	12985	35	64	DUSP7;LINC00696;POC1A;ALDOAP1;ALAS1;TLR9;TLR9;TWF2;TWF2-DT;PPM1M;WDR82;MIRLET7G;GLYCTK;GLYCTK-AS1;MIR135A1;DNAH1;PPP2R5CP;BAP1;SEMA3G;TNNC1;NISCH;STAB1;NT5DC2;UQCC5;PBRM1;RNU6-856P;RNU6ATAC16P;GNL3;SNORD19B;SNORD19;SNORD19B;SNORD19C;SNORD69;GLT8D1;SPCS1;NEK4;AK3P7;AKTIPP1;ITIH1;ITIH3;ITIH4;RP5-966M1.6;ITIH4-AS1;MUSTN1;STIMATE-MUSTN1;STIMATE;SFMBT1;RP11-894J14.5;AC096887.1;SERBP1P3;RFT1;PRKCD;AC097015.1;TKT;snoU13;DCP1A;RN7SL821P;Y_RNA;SNORD38C;SNORA26;RPS25P4;CACNA1D;SNORD63;AC024149.1	1.0	3282	Unknome 18_Mar_2026; maximum over uniquely HGNC-mapped proteins; derived/knownness-ranks.tsv	Tbio	34	unique	NA	NA	NA	NA	NA	NA	unresolved competing genes; gene-body association is not causal assignment	Lifelong developmental, systemic and adult explanations remain. Adult tissue expression observed (cerebellum); timing not identified.	1.0	cerebellum	not checked outside pilot	not checked outside pilot	NA	positional;chromatin	False	False	Lee CP GCST006572 + GENCODE v19; HGNC/Unknome/Pharos/HPA separate annotations; LD/QTL/perturbation not followed outside pilot; Savage/Genebass overlap; EA excluded	Independent ancestry-matched fine-mapping excludes rs13094687 and assigns a different variant/gene (e.g. DUSP7, LINC00696, POC1A); adult-specific perturbation in the implicated cell type has no predicted functional effect despite verified engagement. Shared-signal evidence disappears on multiple-signal conditioning or complete variant coverage.	association hypothesis only; not an enhancement target
406	ENSG00000197183	NOL4L	406	R119	rs159428	6.97e-09	2.5092e-06	0.0474564996	142015	360	28	CCM2L;CCM2L-AS1;RNA5SP482;HCK;TM9SF4;AL049539.1;RSL24D1P6;TSPY26P;PLAGL2;POFUT1;MIR1825;KIF3B;AL121897.1;ASXL1;RP5-1184F4.5;NOL4L-AS1;RP11-410N8.1;NOL4L-DT;C20orf203;BAK1P1;COMMD7;DNMT3B;MAPRE1;RP5-1085F17.4;RP5-1085F17.3;EFCAB8;SUN5;BPIFB2	0.0	1	Unknome 18_Mar_2026; maximum over uniquely HGNC-mapped proteins; derived/knownness-ranks.tsv	Tbio	35	unique	NA	NA	NA	NA	NA	NA	unresolved competing genes; gene-body association is not causal assignment	Lifelong developmental, systemic and adult explanations remain. Adult tissue expression observed (spinal cord); timing not identified.	21.1	spinal cord	not checked outside pilot	not checked outside pilot	3.6832e-07	NA	False	False	Lee CP GCST006572 + GENCODE v19; HGNC/Unknome/Pharos/HPA separate annotations; LD/QTL/perturbation not followed outside pilot; Savage/Genebass overlap; EA excluded	Independent ancestry-matched fine-mapping excludes rs159428 and assigns a different variant/gene (e.g. CCM2L, CCM2L-AS1, RNA5SP482); adult-specific perturbation in the implicated cell type has no predicted functional effect despite verified engagement. Shared-signal evidence disappears on multiple-signal conditioning or complete variant coverage.	association hypothesis only; not an enhancement target
