draw	training_blocks	drug	day	state	drug_score	saline_score	drug_minus_saline
0	ketamine_14;LSD_2;MDMA_2;MDMA_2;LSD_2	cocaine	2	0	4936.5216	604.1635	4332.3581
0	ketamine_14;LSD_2;MDMA_2;MDMA_2;LSD_2	cocaine	14	0	10571.349	16.997741	10554.352
1	ketamine_14;LSD_2;LSD_2;MDMA_2;LSD_2	cocaine	2	0	6413.4762	486.83937	5926.6368
1	ketamine_14;LSD_2;LSD_2;MDMA_2;LSD_2	cocaine	14	0	13696.543	18.809887	13677.733
2	ketamine_14;MDMA_2;LSD_2;MDMA_2;ketamine_2	cocaine	2	0	3928.7978	35.621148	3893.1766
2	ketamine_14;MDMA_2;LSD_2;MDMA_2;ketamine_2	cocaine	14	0	8567.1492	102364.96	-93797.81
3	ketamine_14;MDMA_2;LSD_14;LSD_2;MDMA_2	cocaine	2	0	2801.1048	30.589306	2770.5155
3	ketamine_14;MDMA_2;LSD_14;LSD_2;MDMA_2	cocaine	14	0	7883.11	9.3250541	7873.785
4	ketamine_14;LSD_14;ketamine_2;ketamine_2;LSD_2	cocaine	2	0	-1388.431	26.012913	-1414.4439
4	ketamine_14;LSD_14;ketamine_2;ketamine_2;LSD_2	cocaine	14	0	-1699.1451	65463.581	-67162.726
5	ketamine_14;ketamine_2;ketamine_2;MDMA_2;ketamine_2	cocaine	2	0	3710.1453	-42.023576	3752.1689
5	ketamine_14;ketamine_2;ketamine_2;MDMA_2;ketamine_2	cocaine	14	0	8834.8413	65950.666	-57115.825
6	ketamine_14;MDMA_2;MDMA_2;MDMA_2;LSD_2	cocaine	2	0	4532.3756	823.75771	3708.6179
6	ketamine_14;MDMA_2;MDMA_2;MDMA_2;LSD_2	cocaine	14	0	9265.8506	18.068248	9247.7824
7	ketamine_14;ketamine_2;LSD_2;MDMA_2;MDMA_2	cocaine	2	0	3928.7978	35.621148	3893.1766
7	ketamine_14;ketamine_2;LSD_2;MDMA_2;MDMA_2	cocaine	14	0	8567.1492	102364.96	-93797.81
8	ketamine_14;LSD_14;ketamine_2;MDMA_2;LSD_14	cocaine	2	0	2220.4355	-65.943834	2286.3793
8	ketamine_14;LSD_14;ketamine_2;MDMA_2;LSD_14	cocaine	14	0	6641.4337	73592.628	-66951.194
9	ketamine_14;LSD_14;LSD_2;LSD_2;MDMA_2	cocaine	2	0	3768.9908	24.587879	3744.403
9	ketamine_14;LSD_14;LSD_2;LSD_2;MDMA_2	cocaine	14	0	9814.0341	11.050688	9802.9834
10	ketamine_14;ketamine_2;LSD_2;MDMA_2;LSD_2	cocaine	2	0	4960.1972	27.928402	4932.2688
10	ketamine_14;ketamine_2;LSD_2;MDMA_2;LSD_2	cocaine	14	0	10951.936	106420.62	-95468.685
11	ketamine_14;MDMA_2;LSD_14;MDMA_2;LSD_14	cocaine	2	0	3245.1875	-62.528625	3307.7161
11	ketamine_14;MDMA_2;LSD_14;MDMA_2;LSD_14	cocaine	14	0	7399.8853	9.4452147	7390.4401
12	ketamine_14;ketamine_2;ketamine_2;LSD_14;MDMA_2	cocaine	2	0	2293.0641	-61.0585	2354.1226
12	ketamine_14;ketamine_2;ketamine_2;LSD_14;MDMA_2	cocaine	14	0	6656.6521	60573.373	-53916.721
13	ketamine_14;LSD_14;LSD_14;ketamine_2;LSD_2	cocaine	2	0	-1450.6532	25.571113	-1476.2243
13	ketamine_14;LSD_14;LSD_14;ketamine_2;LSD_2	cocaine	14	0	-1735.7344	80825.619	-82561.354
14	ketamine_14;ketamine_2;ketamine_2;LSD_2;LSD_2	cocaine	2	0	-642.17085	25.139346	-667.3102
14	ketamine_14;ketamine_2;ketamine_2;LSD_2;LSD_2	cocaine	14	0	-1172.2242	87936.927	-89109.151
15	ketamine_14;ketamine_2;MDMA_2;LSD_2;LSD_2	cocaine	2	0	4960.1972	27.928402	4932.2688
15	ketamine_14;ketamine_2;MDMA_2;LSD_2;LSD_2	cocaine	14	0	10951.936	106420.62	-95468.685
16	ketamine_14;LSD_2;ketamine_2;MDMA_2;LSD_14	cocaine	2	0	2739.5911	27.427814	2712.1633
16	ketamine_14;LSD_2;ketamine_2;MDMA_2;LSD_14	cocaine	14	0	7750.3754	81117.269	-73366.894
17	ketamine_14;MDMA_2;MDMA_2;MDMA_2;MDMA_2	cocaine	2	0	-1508.687	-634.92098	-873.76597
17	ketamine_14;MDMA_2;MDMA_2;MDMA_2;MDMA_2	cocaine	14	0	-5440.9212	-2116.4634	-3324.4578
18	ketamine_14;MDMA_2;ketamine_2;LSD_14;LSD_14	cocaine	2	0	2220.4355	-65.943834	2286.3793
18	ketamine_14;MDMA_2;ketamine_2;LSD_14;LSD_14	cocaine	14	0	6641.4337	73592.628	-66951.194
19	ketamine_14;LSD_2;MDMA_2;LSD_2;LSD_14	cocaine	2	0	3768.9908	24.587879	3744.403
19	ketamine_14;LSD_2;MDMA_2;LSD_2;LSD_14	cocaine	14	0	9814.0341	11.050688	9802.9834
20	ketamine_14;LSD_14;LSD_2;MDMA_2;LSD_2	cocaine	2	0	3768.9908	24.587879	3744.403
20	ketamine_14;LSD_14;LSD_2;MDMA_2;LSD_2	cocaine	14	0	9814.0341	11.050688	9802.9834
21	ketamine_14;ketamine_2;MDMA_2;LSD_2;LSD_2	cocaine	2	0	4960.1972	27.928402	4932.2688
21	ketamine_14;ketamine_2;MDMA_2;LSD_2;LSD_2	cocaine	14	0	10951.936	106420.62	-95468.685
22	ketamine_14;LSD_2;ketamine_2;LSD_2;ketamine_2	cocaine	2	0	-642.17085	25.139346	-667.3102
22	ketamine_14;LSD_2;ketamine_2;LSD_2;ketamine_2	cocaine	14	0	-1172.2242	87936.927	-89109.151
23	ketamine_14;LSD_14;LSD_14;LSD_14;ketamine_2	cocaine	2	0	-1297.6043	-62.121546	-1235.4827
23	ketamine_14;LSD_14;LSD_14;LSD_14;ketamine_2	cocaine	14	0	-1637.8864	72280.697	-73918.583
24	ketamine_14;MDMA_2;LSD_14;MDMA_2;LSD_2	cocaine	2	0	2801.1048	30.589306	2770.5155
24	ketamine_14;MDMA_2;LSD_14;MDMA_2;LSD_2	cocaine	14	0	7883.11	9.3250541	7873.785
25	ketamine_14;ketamine_2;LSD_2;LSD_2;MDMA_2	cocaine	2	0	4960.1972	27.928402	4932.2688
25	ketamine_14;ketamine_2;LSD_2;LSD_2;MDMA_2	cocaine	14	0	10951.936	106420.62	-95468.685
26	ketamine_14;MDMA_2;LSD_2;LSD_14;LSD_14	cocaine	2	0	3266.3786	28.541042	3237.8376
26	ketamine_14;MDMA_2;LSD_2;LSD_14;LSD_14	cocaine	14	0	8873.4402	10.410907	8863.0293
27	ketamine_14;MDMA_2;LSD_2;LSD_2;ketamine_2	cocaine	2	0	4960.1972	27.928402	4932.2688
27	ketamine_14;MDMA_2;LSD_2;LSD_2;ketamine_2	cocaine	14	0	10951.936	106420.62	-95468.685
28	ketamine_14;LSD_2;LSD_2;ketamine_2;LSD_2	cocaine	2	0	-685.40659	23.708549	-709.11514
28	ketamine_14;LSD_2;LSD_2;ketamine_2;LSD_2	cocaine	14	0	-1031.2507	120583.67	-121614.92
29	ketamine_14;MDMA_2;LSD_2;ketamine_2;ketamine_2	cocaine	2	0	4629.5479	34.067036	4595.4809
29	ketamine_14;MDMA_2;LSD_2;ketamine_2;ketamine_2	cocaine	14	0	9942.8485	80420.017	-70477.169
30	ketamine_14;ketamine_2;ketamine_2;LSD_14;LSD_14	cocaine	2	0	-1319.3666	-60.454055	-1258.9126
30	ketamine_14;ketamine_2;ketamine_2;LSD_14;LSD_14	cocaine	14	0	-1701.6632	55594.716	-57296.379
31	ketamine_14;LSD_14;LSD_14;LSD_14;LSD_14	cocaine	2	0	-1038.4179	-3196.6101	2158.1922
31	ketamine_14;LSD_14;LSD_14;LSD_14;LSD_14	cocaine	14	0	-9326.5914	-426.71823	-8899.8732
32	ketamine_14;MDMA_2;LSD_14;MDMA_2;LSD_2	cocaine	2	0	2801.1048	30.589306	2770.5155
32	ketamine_14;MDMA_2;LSD_14;MDMA_2;LSD_2	cocaine	14	0	7883.11	9.3250541	7873.785
33	ketamine_14;LSD_2;MDMA_2;MDMA_2;ketamine_2	cocaine	2	0	3928.7978	35.621148	3893.1766
33	ketamine_14;LSD_2;MDMA_2;MDMA_2;ketamine_2	cocaine	14	0	8567.1492	102364.96	-93797.81
34	ketamine_14;LSD_2;ketamine_2;MDMA_2;LSD_14	cocaine	2	0	2739.5911	27.427814	2712.1633
34	ketamine_14;LSD_2;ketamine_2;MDMA_2;LSD_14	cocaine	14	0	7750.3754	81117.269	-73366.894
35	ketamine_14;MDMA_2;LSD_14;LSD_2;LSD_2	cocaine	2	0	3768.9908	24.587879	3744.403
35	ketamine_14;MDMA_2;LSD_14;LSD_2;LSD_2	cocaine	14	0	9814.0341	11.050688	9802.9834
36	ketamine_14;LSD_14;LSD_2;LSD_2;ketamine_2	cocaine	2	0	-1417.1095	21.650525	-1438.76
36	ketamine_14;LSD_14;LSD_2;LSD_2;ketamine_2	cocaine	14	0	-1676.4684	89296.274	-90972.742
37	ketamine_14;MDMA_2;MDMA_2;LSD_14;LSD_14	cocaine	2	0	3245.1875	-62.528625	3307.7161
37	ketamine_14;MDMA_2;MDMA_2;LSD_14;LSD_14	cocaine	14	0	7399.8853	9.4452147	7390.4401
38	ketamine_14;LSD_14;ketamine_2;ketamine_2;MDMA_2	cocaine	2	0	2293.0641	-61.0585	2354.1226
38	ketamine_14;LSD_14;ketamine_2;ketamine_2;MDMA_2	cocaine	14	0	6656.6521	60573.373	-53916.721
39	ketamine_14;MDMA_2;ketamine_2;MDMA_2;MDMA_2	cocaine	2	0	2916.401	-43.71782	2960.1188
39	ketamine_14;MDMA_2;ketamine_2;MDMA_2;MDMA_2	cocaine	14	0	7349.5893	103293.55	-95943.957
40	ketamine_14;ketamine_2;ketamine_2;LSD_14;ketamine_2	cocaine	2	0	-1219.8116	-53.994776	-1165.8169
40	ketamine_14;ketamine_2;ketamine_2;LSD_14;ketamine_2	cocaine	14	0	-1615.3251	50343.756	-51959.081
41	ketamine_14;MDMA_2;LSD_2;LSD_14;LSD_2	cocaine	2	0	3768.9908	24.587879	3744.403
41	ketamine_14;MDMA_2;LSD_2;LSD_14;LSD_2	cocaine	14	0	9814.0341	11.050688	9802.9834
42	ketamine_14;ketamine_2;LSD_2;ketamine_2;MDMA_2	cocaine	2	0	4629.5479	34.067036	4595.4809
42	ketamine_14;ketamine_2;LSD_2;ketamine_2;MDMA_2	cocaine	14	0	9942.8485	80420.017	-70477.169
43	ketamine_14;LSD_14;LSD_14;LSD_14;ketamine_2	cocaine	2	0	-1297.6043	-62.121546	-1235.4827
43	ketamine_14;LSD_14;LSD_14;LSD_14;ketamine_2	cocaine	14	0	-1637.8864	72280.697	-73918.583
44	ketamine_14;ketamine_2;LSD_14;LSD_14;MDMA_2	cocaine	2	0	2220.4355	-65.943834	2286.3793
44	ketamine_14;ketamine_2;LSD_14;LSD_14;MDMA_2	cocaine	14	0	6641.4337	73592.628	-66951.194
45	ketamine_14;MDMA_2;MDMA_2;ketamine_2;LSD_2	cocaine	2	0	3928.7978	35.621148	3893.1766
45	ketamine_14;MDMA_2;MDMA_2;ketamine_2;LSD_2	cocaine	14	0	8567.1492	102364.96	-93797.81
46	ketamine_14;MDMA_2;LSD_2;LSD_2;MDMA_2	cocaine	2	0	4936.5216	604.1635	4332.3581
46	ketamine_14;MDMA_2;LSD_2;LSD_2;MDMA_2	cocaine	14	0	10571.349	16.997741	10554.352
47	ketamine_14;MDMA_2;LSD_2;LSD_2;MDMA_2	cocaine	2	0	4936.5216	604.1635	4332.3581
47	ketamine_14;MDMA_2;LSD_2;LSD_2;MDMA_2	cocaine	14	0	10571.349	16.997741	10554.352
48	ketamine_14;LSD_14;LSD_14;MDMA_2;LSD_2	cocaine	2	0	3266.3786	28.541042	3237.8376
48	ketamine_14;LSD_14;LSD_14;MDMA_2;LSD_2	cocaine	14	0	8873.4402	10.410907	8863.0293
49	ketamine_14;MDMA_2;LSD_2;LSD_14;LSD_2	cocaine	2	0	3768.9908	24.587879	3744.403
49	ketamine_14;MDMA_2;LSD_2;LSD_14;LSD_2	cocaine	14	0	9814.0341	11.050688	9802.9834
50	ketamine_14;ketamine_2;LSD_2;LSD_14;LSD_2	cocaine	2	0	-1417.1095	21.650525	-1438.76
50	ketamine_14;ketamine_2;LSD_2;LSD_14;LSD_2	cocaine	14	0	-1676.4684	89296.274	-90972.742
51	ketamine_14;LSD_14;LSD_14;LSD_2;ketamine_2	cocaine	2	0	-1450.6532	25.571113	-1476.2243
51	ketamine_14;LSD_14;LSD_14;LSD_2;ketamine_2	cocaine	14	0	-1735.7344	80825.619	-82561.354
52	ketamine_14;LSD_2;LSD_2;LSD_14;LSD_2	cocaine	2	0	-1352.834	22.631002	-1375.465
52	ketamine_14;LSD_2;LSD_2;LSD_14;LSD_2	cocaine	14	0	-1460.4883	-526.95011	-933.53819
53	ketamine_14;ketamine_2;LSD_2;LSD_2;ketamine_2	cocaine	2	0	-642.17085	25.139346	-667.3102
53	ketamine_14;ketamine_2;LSD_2;LSD_2;ketamine_2	cocaine	14	0	-1172.2242	87936.927	-89109.151
54	ketamine_14;LSD_14;LSD_2;LSD_14;ketamine_2	cocaine	2	0	-1450.6532	25.571113	-1476.2243
54	ketamine_14;LSD_14;LSD_2;LSD_14;ketamine_2	cocaine	14	0	-1735.7344	80825.619	-82561.354
55	ketamine_14;MDMA_2;MDMA_2;MDMA_2;LSD_14	cocaine	2	0	3170.147	-57.319393	3227.4664
55	ketamine_14;MDMA_2;MDMA_2;MDMA_2;LSD_14	cocaine	14	0	7214.9469	9.5628028	7205.3841
56	ketamine_14;ketamine_2;LSD_14;LSD_2;LSD_2	cocaine	2	0	-1417.1095	21.650525	-1438.76
56	ketamine_14;ketamine_2;LSD_14;LSD_2;LSD_2	cocaine	14	0	-1676.4684	89296.274	-90972.742
57	ketamine_14;LSD_2;LSD_2;ketamine_2;LSD_14	cocaine	2	0	-1417.1095	21.650525	-1438.76
57	ketamine_14;LSD_2;LSD_2;ketamine_2;LSD_14	cocaine	14	0	-1676.4684	89296.274	-90972.742
58	ketamine_14;MDMA_2;ketamine_2;ketamine_2;MDMA_2	cocaine	2	0	2982.0813	-44.323981	3026.4053
58	ketamine_14;MDMA_2;ketamine_2;ketamine_2;MDMA_2	cocaine	14	0	7479.5628	77928.807	-70449.245
59	ketamine_14;MDMA_2;ketamine_2;LSD_2;LSD_14	cocaine	2	0	2739.5911	27.427814	2712.1633
59	ketamine_14;MDMA_2;ketamine_2;LSD_2;LSD_14	cocaine	14	0	7750.3754	81117.269	-73366.894
60	ketamine_14;ketamine_2;LSD_2;ketamine_2;ketamine_2	cocaine	2	0	-481.85441	31.445953	-513.30037
60	ketamine_14;ketamine_2;LSD_2;ketamine_2;ketamine_2	cocaine	14	0	-1240.4835	71709.113	-72949.597
61	ketamine_14;LSD_14;LSD_14;ketamine_2;ketamine_2	cocaine	2	0	-1319.3666	-60.454055	-1258.9126
61	ketamine_14;LSD_14;LSD_14;ketamine_2;ketamine_2	cocaine	14	0	-1701.6632	55594.716	-57296.379
62	ketamine_14;LSD_2;LSD_2;ketamine_2;LSD_14	cocaine	2	0	-1417.1095	21.650525	-1438.76
62	ketamine_14;LSD_2;LSD_2;ketamine_2;LSD_14	cocaine	14	0	-1676.4684	89296.274	-90972.742
63	ketamine_14;ketamine_2;ketamine_2;LSD_14;LSD_2	cocaine	2	0	-1388.431	26.012913	-1414.4439
63	ketamine_14;ketamine_2;ketamine_2;LSD_14;LSD_2	cocaine	14	0	-1699.1451	65463.581	-67162.726
64	ketamine_14;ketamine_2;LSD_2;LSD_2;ketamine_2	cocaine	2	0	-642.17085	25.139346	-667.3102
64	ketamine_14;ketamine_2;LSD_2;LSD_2;ketamine_2	cocaine	14	0	-1172.2242	87936.927	-89109.151
65	ketamine_14;LSD_14;ketamine_2;ketamine_2;LSD_14	cocaine	2	0	-1319.3666	-60.454055	-1258.9126
65	ketamine_14;LSD_14;ketamine_2;ketamine_2;LSD_14	cocaine	14	0	-1701.6632	55594.716	-57296.379
66	ketamine_14;MDMA_2;MDMA_2;LSD_2;LSD_2	cocaine	2	0	4936.5216	604.1635	4332.3581
66	ketamine_14;MDMA_2;MDMA_2;LSD_2;LSD_2	cocaine	14	0	10571.349	16.997741	10554.352
67	ketamine_14;LSD_14;LSD_14;LSD_2;MDMA_2	cocaine	2	0	3266.3786	28.541042	3237.8376
67	ketamine_14;LSD_14;LSD_14;LSD_2;MDMA_2	cocaine	14	0	8873.4402	10.410907	8863.0293
68	ketamine_14;ketamine_2;MDMA_2;ketamine_2;MDMA_2	cocaine	2	0	2982.0813	-44.323981	3026.4053
68	ketamine_14;ketamine_2;MDMA_2;ketamine_2;MDMA_2	cocaine	14	0	7479.5628	77928.807	-70449.245
69	ketamine_14;ketamine_2;ketamine_2;LSD_2;MDMA_2	cocaine	2	0	4629.5479	34.067036	4595.4809
69	ketamine_14;ketamine_2;ketamine_2;LSD_2;MDMA_2	cocaine	14	0	9942.8485	80420.017	-70477.169
70	ketamine_14;ketamine_2;ketamine_2;ketamine_2;LSD_14	cocaine	2	0	-1219.8116	-53.994776	-1165.8169
70	ketamine_14;ketamine_2;ketamine_2;ketamine_2;LSD_14	cocaine	14	0	-1615.3251	50343.756	-51959.081
71	ketamine_14;LSD_2;MDMA_2;MDMA_2;LSD_14	cocaine	2	0	2801.1048	30.589306	2770.5155
71	ketamine_14;LSD_2;MDMA_2;MDMA_2;LSD_14	cocaine	14	0	7883.11	9.3250541	7873.785
72	ketamine_14;MDMA_2;ketamine_2;LSD_14;LSD_14	cocaine	2	0	2220.4355	-65.943834	2286.3793
72	ketamine_14;MDMA_2;ketamine_2;LSD_14;LSD_14	cocaine	14	0	6641.4337	73592.628	-66951.194
73	ketamine_14;LSD_2;LSD_2;LSD_14;LSD_14	cocaine	2	0	-1406.8457	23.485521	-1430.3312
73	ketamine_14;LSD_2;LSD_2;LSD_14;LSD_14	cocaine	14	0	-1560.2364	-566.38802	-993.84839
74	ketamine_14;LSD_2;LSD_14;MDMA_2;LSD_2	cocaine	2	0	3768.9908	24.587879	3744.403
74	ketamine_14;LSD_2;LSD_14;MDMA_2;LSD_2	cocaine	14	0	9814.0341	11.050688	9802.9834
75	ketamine_14;LSD_2;LSD_14;MDMA_2;LSD_14	cocaine	2	0	3266.3786	28.541042	3237.8376
75	ketamine_14;LSD_2;LSD_14;MDMA_2;LSD_14	cocaine	14	0	8873.4402	10.410907	8863.0293
76	ketamine_14;LSD_2;LSD_14;LSD_14;MDMA_2	cocaine	2	0	3266.3786	28.541042	3237.8376
76	ketamine_14;LSD_2;LSD_14;LSD_14;MDMA_2	cocaine	14	0	8873.4402	10.410907	8863.0293
77	ketamine_14;ketamine_2;ketamine_2;LSD_14;LSD_14	cocaine	2	0	-1319.3666	-60.454055	-1258.9126
77	ketamine_14;ketamine_2;ketamine_2;LSD_14;LSD_14	cocaine	14	0	-1701.6632	55594.716	-57296.379
78	ketamine_14;MDMA_2;LSD_14;ketamine_2;ketamine_2	cocaine	2	0	2293.0641	-61.0585	2354.1226
78	ketamine_14;MDMA_2;LSD_14;ketamine_2;ketamine_2	cocaine	14	0	6656.6521	60573.373	-53916.721
79	ketamine_14;LSD_2;ketamine_2;LSD_2;LSD_2	cocaine	2	0	-685.40659	23.708549	-709.11514
79	ketamine_14;LSD_2;ketamine_2;LSD_2;LSD_2	cocaine	14	0	-1031.2507	120583.67	-121614.92
80	ketamine_14;MDMA_2;LSD_14;ketamine_2;MDMA_2	cocaine	2	0	2000.9683	-61.54794	2062.5163
80	ketamine_14;MDMA_2;LSD_14;ketamine_2;MDMA_2	cocaine	14	0	6133.5661	79820.589	-73687.023
81	ketamine_14;LSD_14;MDMA_2;ketamine_2;LSD_2	cocaine	2	0	2739.5911	27.427814	2712.1633
81	ketamine_14;LSD_14;MDMA_2;ketamine_2;LSD_2	cocaine	14	0	7750.3754	81117.269	-73366.894
82	ketamine_14;LSD_2;MDMA_2;LSD_14;LSD_14	cocaine	2	0	3266.3786	28.541042	3237.8376
82	ketamine_14;LSD_2;MDMA_2;LSD_14;LSD_14	cocaine	14	0	8873.4402	10.410907	8863.0293
83	ketamine_14;LSD_2;ketamine_2;LSD_14;MDMA_2	cocaine	2	0	2739.5911	27.427814	2712.1633
83	ketamine_14;LSD_2;ketamine_2;LSD_14;MDMA_2	cocaine	14	0	7750.3754	81117.269	-73366.894
84	ketamine_14;LSD_2;MDMA_2;MDMA_2;ketamine_2	cocaine	2	0	3928.7978	35.621148	3893.1766
84	ketamine_14;LSD_2;MDMA_2;MDMA_2;ketamine_2	cocaine	14	0	8567.1492	102364.96	-93797.81
85	ketamine_14;LSD_2;MDMA_2;MDMA_2;LSD_2	cocaine	2	0	4936.5216	604.1635	4332.3581
85	ketamine_14;LSD_2;MDMA_2;MDMA_2;LSD_2	cocaine	14	0	10571.349	16.997741	10554.352
86	ketamine_14;LSD_14;LSD_14;LSD_14;LSD_2	cocaine	2	0	-1355.6037	29.401865	-1385.0055
86	ketamine_14;LSD_14;LSD_14;LSD_14;LSD_2	cocaine	14	0	-1512.8231	-549.83951	-962.98354
87	ketamine_14;ketamine_2;LSD_2;MDMA_2;LSD_14	cocaine	2	0	2739.5911	27.427814	2712.1633
87	ketamine_14;ketamine_2;LSD_2;MDMA_2;LSD_14	cocaine	14	0	7750.3754	81117.269	-73366.894
88	ketamine_14;LSD_14;LSD_14;LSD_14;ketamine_2	cocaine	2	0	-1297.6043	-62.121546	-1235.4827
88	ketamine_14;LSD_14;LSD_14;LSD_14;ketamine_2	cocaine	14	0	-1637.8864	72280.697	-73918.583
89	ketamine_14;MDMA_2;LSD_2;MDMA_2;LSD_2	cocaine	2	0	4936.5216	604.1635	4332.3581
89	ketamine_14;MDMA_2;LSD_2;MDMA_2;LSD_2	cocaine	14	0	10571.349	16.997741	10554.352
90	ketamine_14;ketamine_2;MDMA_2;LSD_14;MDMA_2	cocaine	2	0	2000.9683	-61.54794	2062.5163
90	ketamine_14;ketamine_2;MDMA_2;LSD_14;MDMA_2	cocaine	14	0	6133.5661	79820.589	-73687.023
91	ketamine_14;LSD_14;LSD_2;ketamine_2;LSD_14	cocaine	2	0	-1450.6532	25.571113	-1476.2243
91	ketamine_14;LSD_14;LSD_2;ketamine_2;LSD_14	cocaine	14	0	-1735.7344	80825.619	-82561.354
92	ketamine_14;LSD_2;MDMA_2;LSD_2;LSD_2	cocaine	2	0	6413.4762	486.83937	5926.6368
92	ketamine_14;LSD_2;MDMA_2;LSD_2;LSD_2	cocaine	14	0	13696.543	18.809887	13677.733
93	ketamine_14;MDMA_2;MDMA_2;ketamine_2;LSD_2	cocaine	2	0	3928.7978	35.621148	3893.1766
93	ketamine_14;MDMA_2;MDMA_2;ketamine_2;LSD_2	cocaine	14	0	8567.1492	102364.96	-93797.81
94	ketamine_14;LSD_14;LSD_14;LSD_2;LSD_2	cocaine	2	0	-1406.8457	23.485521	-1430.3312
94	ketamine_14;LSD_14;LSD_14;LSD_2;LSD_2	cocaine	14	0	-1560.2364	-566.38802	-993.84839
95	ketamine_14;LSD_14;ketamine_2;ketamine_2;ketamine_2	cocaine	2	0	-1219.8116	-53.994776	-1165.8169
95	ketamine_14;LSD_14;ketamine_2;ketamine_2;ketamine_2	cocaine	14	0	-1615.3251	50343.756	-51959.081
96	ketamine_14;LSD_14;MDMA_2;LSD_2;LSD_2	cocaine	2	0	3768.9908	24.587879	3744.403
96	ketamine_14;LSD_14;MDMA_2;LSD_2;LSD_2	cocaine	14	0	9814.0341	11.050688	9802.9834
97	ketamine_14;MDMA_2;LSD_14;MDMA_2;LSD_14	cocaine	2	0	3245.1875	-62.528625	3307.7161
97	ketamine_14;MDMA_2;LSD_14;MDMA_2;LSD_14	cocaine	14	0	7399.8853	9.4452147	7390.4401
98	ketamine_14;LSD_2;MDMA_2;MDMA_2;LSD_2	cocaine	2	0	4936.5216	604.1635	4332.3581
98	ketamine_14;LSD_2;MDMA_2;MDMA_2;LSD_2	cocaine	14	0	10571.349	16.997741	10554.352
99	ketamine_14;LSD_14;LSD_14;LSD_2;LSD_2	cocaine	2	0	-1406.8457	23.485521	-1430.3312
99	ketamine_14;LSD_14;LSD_14;LSD_2;LSD_2	cocaine	14	0	-1560.2364	-566.38802	-993.84839
100	ketamine_14;MDMA_2;MDMA_2;LSD_2;LSD_2	cocaine	2	0	4936.5216	604.1635	4332.3581
100	ketamine_14;MDMA_2;MDMA_2;LSD_2;LSD_2	cocaine	14	0	10571.349	16.997741	10554.352
101	ketamine_14;MDMA_2;LSD_2;ketamine_2;MDMA_2	cocaine	2	0	3928.7978	35.621148	3893.1766
101	ketamine_14;MDMA_2;LSD_2;ketamine_2;MDMA_2	cocaine	14	0	8567.1492	102364.96	-93797.81
102	ketamine_14;LSD_2;LSD_2;MDMA_2;LSD_14	cocaine	2	0	3768.9908	24.587879	3744.403
102	ketamine_14;LSD_2;LSD_2;MDMA_2;LSD_14	cocaine	14	0	9814.0341	11.050688	9802.9834
103	ketamine_14;MDMA_2;LSD_2;LSD_14;ketamine_2	cocaine	2	0	2739.5911	27.427814	2712.1633
103	ketamine_14;MDMA_2;LSD_2;LSD_14;ketamine_2	cocaine	14	0	7750.3754	81117.269	-73366.894
104	ketamine_14;MDMA_2;ketamine_2;ketamine_2;MDMA_2	cocaine	2	0	2982.0813	-44.323981	3026.4053
104	ketamine_14;MDMA_2;ketamine_2;ketamine_2;MDMA_2	cocaine	14	0	7479.5628	77928.807	-70449.245
105	ketamine_14;LSD_2;LSD_2;LSD_14;MDMA_2	cocaine	2	0	3768.9908	24.587879	3744.403
105	ketamine_14;LSD_2;LSD_2;LSD_14;MDMA_2	cocaine	14	0	9814.0341	11.050688	9802.9834
106	ketamine_14;LSD_14;LSD_2;LSD_2;ketamine_2	cocaine	2	0	-1417.1095	21.650525	-1438.76
106	ketamine_14;LSD_14;LSD_2;LSD_2;ketamine_2	cocaine	14	0	-1676.4684	89296.274	-90972.742
107	ketamine_14;LSD_2;MDMA_2;MDMA_2;LSD_14	cocaine	2	0	2801.1048	30.589306	2770.5155
107	ketamine_14;LSD_2;MDMA_2;MDMA_2;LSD_14	cocaine	14	0	7883.11	9.3250541	7873.785
108	ketamine_14;LSD_2;ketamine_2;ketamine_2;MDMA_2	cocaine	2	0	4629.5479	34.067036	4595.4809
108	ketamine_14;LSD_2;ketamine_2;ketamine_2;MDMA_2	cocaine	14	0	9942.8485	80420.017	-70477.169
109	ketamine_14;MDMA_2;MDMA_2;ketamine_2;MDMA_2	cocaine	2	0	2916.401	-43.71782	2960.1188
109	ketamine_14;MDMA_2;MDMA_2;ketamine_2;MDMA_2	cocaine	14	0	7349.5893	103293.55	-95943.957
110	ketamine_14;ketamine_2;LSD_2;ketamine_2;LSD_14	cocaine	2	0	-1388.431	26.012913	-1414.4439
110	ketamine_14;ketamine_2;LSD_2;ketamine_2;LSD_14	cocaine	14	0	-1699.1451	65463.581	-67162.726
111	ketamine_14;LSD_2;LSD_2;LSD_14;LSD_2	cocaine	2	0	-1352.834	22.631002	-1375.465
111	ketamine_14;LSD_2;LSD_2;LSD_14;LSD_2	cocaine	14	0	-1460.4883	-526.95011	-933.53819
112	ketamine_14;ketamine_2;ketamine_2;MDMA_2;LSD_14	cocaine	2	0	2293.0641	-61.0585	2354.1226
112	ketamine_14;ketamine_2;ketamine_2;MDMA_2;LSD_14	cocaine	14	0	6656.6521	60573.373	-53916.721
113	ketamine_14;MDMA_2;LSD_14;ketamine_2;LSD_2	cocaine	2	0	2739.5911	27.427814	2712.1633
113	ketamine_14;MDMA_2;LSD_14;ketamine_2;LSD_2	cocaine	14	0	7750.3754	81117.269	-73366.894
114	ketamine_14;MDMA_2;MDMA_2;MDMA_2;MDMA_2	cocaine	2	0	-1508.687	-634.92098	-873.76597
114	ketamine_14;MDMA_2;MDMA_2;MDMA_2;MDMA_2	cocaine	14	0	-5440.9212	-2116.4634	-3324.4578
115	ketamine_14;ketamine_2;ketamine_2;ketamine_2;ketamine_2	cocaine	2	0	-4838.583	-32.24772	-4806.3353
115	ketamine_14;ketamine_2;ketamine_2;ketamine_2;ketamine_2	cocaine	14	0	-10796.786	42740.694	-53537.48
116	ketamine_14;LSD_2;MDMA_2;LSD_14;ketamine_2	cocaine	2	0	2739.5911	27.427814	2712.1633
116	ketamine_14;LSD_2;MDMA_2;LSD_14;ketamine_2	cocaine	14	0	7750.3754	81117.269	-73366.894
117	ketamine_14;MDMA_2;ketamine_2;MDMA_2;ketamine_2	cocaine	2	0	2982.0813	-44.323981	3026.4053
117	ketamine_14;MDMA_2;ketamine_2;MDMA_2;ketamine_2	cocaine	14	0	7479.5628	77928.807	-70449.245
118	ketamine_14;LSD_14;MDMA_2;LSD_2;LSD_14	cocaine	2	0	3266.3786	28.541042	3237.8376
118	ketamine_14;LSD_14;MDMA_2;LSD_2;LSD_14	cocaine	14	0	8873.4402	10.410907	8863.0293
119	ketamine_14;LSD_2;ketamine_2;LSD_14;ketamine_2	cocaine	2	0	-1388.431	26.012913	-1414.4439
119	ketamine_14;LSD_2;ketamine_2;LSD_14;ketamine_2	cocaine	14	0	-1699.1451	65463.581	-67162.726
120	ketamine_14;ketamine_2;MDMA_2;ketamine_2;MDMA_2	cocaine	2	0	2982.0813	-44.323981	3026.4053
120	ketamine_14;ketamine_2;MDMA_2;ketamine_2;MDMA_2	cocaine	14	0	7479.5628	77928.807	-70449.245
121	ketamine_14;MDMA_2;LSD_2;ketamine_2;LSD_2	cocaine	2	0	4960.1972	27.928402	4932.2688
121	ketamine_14;MDMA_2;LSD_2;ketamine_2;LSD_2	cocaine	14	0	10951.936	106420.62	-95468.685
122	ketamine_14;LSD_2;MDMA_2;LSD_2;LSD_2	cocaine	2	0	6413.4762	486.83937	5926.6368
122	ketamine_14;LSD_2;MDMA_2;LSD_2;LSD_2	cocaine	14	0	13696.543	18.809887	13677.733
123	ketamine_14;ketamine_2;MDMA_2;LSD_2;MDMA_2	cocaine	2	0	3928.7978	35.621148	3893.1766
123	ketamine_14;ketamine_2;MDMA_2;LSD_2;MDMA_2	cocaine	14	0	8567.1492	102364.96	-93797.81
124	ketamine_14;LSD_14;LSD_2;MDMA_2;LSD_2	cocaine	2	0	3768.9908	24.587879	3744.403
124	ketamine_14;LSD_14;LSD_2;MDMA_2;LSD_2	cocaine	14	0	9814.0341	11.050688	9802.9834
125	ketamine_14;MDMA_2;LSD_14;LSD_2;LSD_14	cocaine	2	0	3266.3786	28.541042	3237.8376
125	ketamine_14;MDMA_2;LSD_14;LSD_2;LSD_14	cocaine	14	0	8873.4402	10.410907	8863.0293
126	ketamine_14;MDMA_2;LSD_14;MDMA_2;LSD_14	cocaine	2	0	3245.1875	-62.528625	3307.7161
126	ketamine_14;MDMA_2;LSD_14;MDMA_2;LSD_14	cocaine	14	0	7399.8853	9.4452147	7390.4401
127	ketamine_14;LSD_2;LSD_2;ketamine_2;ketamine_2	cocaine	2	0	-642.17085	25.139346	-667.3102
127	ketamine_14;LSD_2;LSD_2;ketamine_2;ketamine_2	cocaine	14	0	-1172.2242	87936.927	-89109.151
128	ketamine_14;MDMA_2;LSD_14;LSD_14;LSD_2	cocaine	2	0	3266.3786	28.541042	3237.8376
128	ketamine_14;MDMA_2;LSD_14;LSD_14;LSD_2	cocaine	14	0	8873.4402	10.410907	8863.0293
129	ketamine_14;LSD_14;ketamine_2;LSD_14;LSD_2	cocaine	2	0	-1450.6532	25.571113	-1476.2243
129	ketamine_14;LSD_14;ketamine_2;LSD_14;LSD_2	cocaine	14	0	-1735.7344	80825.619	-82561.354
130	ketamine_14;LSD_14;MDMA_2;LSD_2;ketamine_2	cocaine	2	0	2739.5911	27.427814	2712.1633
130	ketamine_14;LSD_14;MDMA_2;LSD_2;ketamine_2	cocaine	14	0	7750.3754	81117.269	-73366.894
131	ketamine_14;LSD_14;LSD_14;ketamine_2;ketamine_2	cocaine	2	0	-1319.3666	-60.454055	-1258.9126
131	ketamine_14;LSD_14;LSD_14;ketamine_2;ketamine_2	cocaine	14	0	-1701.6632	55594.716	-57296.379
132	ketamine_14;LSD_2;ketamine_2;LSD_2;LSD_2	cocaine	2	0	-685.40659	23.708549	-709.11514
132	ketamine_14;LSD_2;ketamine_2;LSD_2;LSD_2	cocaine	14	0	-1031.2507	120583.67	-121614.92
133	ketamine_14;LSD_2;MDMA_2;LSD_2;ketamine_2	cocaine	2	0	4960.1972	27.928402	4932.2688
133	ketamine_14;LSD_2;MDMA_2;LSD_2;ketamine_2	cocaine	14	0	10951.936	106420.62	-95468.685
134	ketamine_14;LSD_2;MDMA_2;MDMA_2;MDMA_2	cocaine	2	0	4532.3756	823.75771	3708.6179
134	ketamine_14;LSD_2;MDMA_2;MDMA_2;MDMA_2	cocaine	14	0	9265.8506	18.068248	9247.7824
135	ketamine_14;LSD_14;ketamine_2;LSD_14;LSD_2	cocaine	2	0	-1450.6532	25.571113	-1476.2243
135	ketamine_14;LSD_14;ketamine_2;LSD_14;LSD_2	cocaine	14	0	-1735.7344	80825.619	-82561.354
136	ketamine_14;LSD_14;LSD_14;ketamine_2;MDMA_2	cocaine	2	0	2220.4355	-65.943834	2286.3793
136	ketamine_14;LSD_14;LSD_14;ketamine_2;MDMA_2	cocaine	14	0	6641.4337	73592.628	-66951.194
137	ketamine_14;ketamine_2;ketamine_2;LSD_2;MDMA_2	cocaine	2	0	4629.5479	34.067036	4595.4809
137	ketamine_14;ketamine_2;ketamine_2;LSD_2;MDMA_2	cocaine	14	0	9942.8485	80420.017	-70477.169
138	ketamine_14;LSD_2;ketamine_2;ketamine_2;MDMA_2	cocaine	2	0	4629.5479	34.067036	4595.4809
138	ketamine_14;LSD_2;ketamine_2;ketamine_2;MDMA_2	cocaine	14	0	9942.8485	80420.017	-70477.169
139	ketamine_14;LSD_2;LSD_14;LSD_14;MDMA_2	cocaine	2	0	3266.3786	28.541042	3237.8376
139	ketamine_14;LSD_2;LSD_14;LSD_14;MDMA_2	cocaine	14	0	8873.4402	10.410907	8863.0293
140	ketamine_14;ketamine_2;LSD_2;LSD_14;LSD_14	cocaine	2	0	-1450.6532	25.571113	-1476.2243
140	ketamine_14;ketamine_2;LSD_2;LSD_14;LSD_14	cocaine	14	0	-1735.7344	80825.619	-82561.354
141	ketamine_14;LSD_2;ketamine_2;LSD_14;ketamine_2	cocaine	2	0	-1388.431	26.012913	-1414.4439
141	ketamine_14;LSD_2;ketamine_2;LSD_14;ketamine_2	cocaine	14	0	-1699.1451	65463.581	-67162.726
142	ketamine_14;LSD_14;LSD_2;LSD_14;MDMA_2	cocaine	2	0	3266.3786	28.541042	3237.8376
142	ketamine_14;LSD_14;LSD_2;LSD_14;MDMA_2	cocaine	14	0	8873.4402	10.410907	8863.0293
143	ketamine_14;MDMA_2;MDMA_2;LSD_2;LSD_14	cocaine	2	0	2801.1048	30.589306	2770.5155
143	ketamine_14;MDMA_2;MDMA_2;LSD_2;LSD_14	cocaine	14	0	7883.11	9.3250541	7873.785
144	ketamine_14;LSD_2;LSD_2;ketamine_2;LSD_14	cocaine	2	0	-1417.1095	21.650525	-1438.76
144	ketamine_14;LSD_2;LSD_2;ketamine_2;LSD_14	cocaine	14	0	-1676.4684	89296.274	-90972.742
145	ketamine_14;LSD_2;ketamine_2;ketamine_2;MDMA_2	cocaine	2	0	4629.5479	34.067036	4595.4809
145	ketamine_14;LSD_2;ketamine_2;ketamine_2;MDMA_2	cocaine	14	0	9942.8485	80420.017	-70477.169
146	ketamine_14;MDMA_2;MDMA_2;ketamine_2;LSD_14	cocaine	2	0	2000.9683	-61.54794	2062.5163
146	ketamine_14;MDMA_2;MDMA_2;ketamine_2;LSD_14	cocaine	14	0	6133.5661	79820.589	-73687.023
147	ketamine_14;LSD_2;LSD_14;MDMA_2;ketamine_2	cocaine	2	0	2739.5911	27.427814	2712.1633
147	ketamine_14;LSD_2;LSD_14;MDMA_2;ketamine_2	cocaine	14	0	7750.3754	81117.269	-73366.894
148	ketamine_14;LSD_2;ketamine_2;LSD_2;ketamine_2	cocaine	2	0	-642.17085	25.139346	-667.3102
148	ketamine_14;LSD_2;ketamine_2;LSD_2;ketamine_2	cocaine	14	0	-1172.2242	87936.927	-89109.151
149	ketamine_14;ketamine_2;ketamine_2;ketamine_2;MDMA_2	cocaine	2	0	3710.1453	-42.023576	3752.1689
149	ketamine_14;ketamine_2;ketamine_2;ketamine_2;MDMA_2	cocaine	14	0	8834.8413	65950.666	-57115.825
150	ketamine_14;ketamine_2;LSD_14;LSD_14;MDMA_2	cocaine	2	0	2220.4355	-65.943834	2286.3793
150	ketamine_14;ketamine_2;LSD_14;LSD_14;MDMA_2	cocaine	14	0	6641.4337	73592.628	-66951.194
151	ketamine_14;ketamine_2;ketamine_2;LSD_14;ketamine_2	cocaine	2	0	-1219.8116	-53.994776	-1165.8169
151	ketamine_14;ketamine_2;ketamine_2;LSD_14;ketamine_2	cocaine	14	0	-1615.3251	50343.756	-51959.081
152	ketamine_14;ketamine_2;ketamine_2;LSD_2;MDMA_2	cocaine	2	0	4629.5479	34.067036	4595.4809
152	ketamine_14;ketamine_2;ketamine_2;LSD_2;MDMA_2	cocaine	14	0	9942.8485	80420.017	-70477.169
153	ketamine_14;LSD_2;ketamine_2;ketamine_2;LSD_14	cocaine	2	0	-1388.431	26.012913	-1414.4439
153	ketamine_14;LSD_2;ketamine_2;ketamine_2;LSD_14	cocaine	14	0	-1699.1451	65463.581	-67162.726
154	ketamine_14;MDMA_2;ketamine_2;LSD_2;LSD_2	cocaine	2	0	4960.1972	27.928402	4932.2688
154	ketamine_14;MDMA_2;ketamine_2;LSD_2;LSD_2	cocaine	14	0	10951.936	106420.62	-95468.685
155	ketamine_14;ketamine_2;MDMA_2;ketamine_2;ketamine_2	cocaine	2	0	3710.1453	-42.023576	3752.1689
155	ketamine_14;ketamine_2;MDMA_2;ketamine_2;ketamine_2	cocaine	14	0	8834.8413	65950.666	-57115.825
156	ketamine_14;ketamine_2;LSD_2;LSD_14;LSD_14	cocaine	2	0	-1450.6532	25.571113	-1476.2243
156	ketamine_14;ketamine_2;LSD_2;LSD_14;LSD_14	cocaine	14	0	-1735.7344	80825.619	-82561.354
157	ketamine_14;LSD_14;LSD_14;LSD_2;MDMA_2	cocaine	2	0	3266.3786	28.541042	3237.8376
157	ketamine_14;LSD_14;LSD_14;LSD_2;MDMA_2	cocaine	14	0	8873.4402	10.410907	8863.0293
158	ketamine_14;MDMA_2;ketamine_2;LSD_14;LSD_14	cocaine	2	0	2220.4355	-65.943834	2286.3793
158	ketamine_14;MDMA_2;ketamine_2;LSD_14;LSD_14	cocaine	14	0	6641.4337	73592.628	-66951.194
159	ketamine_14;LSD_14;LSD_2;MDMA_2;ketamine_2	cocaine	2	0	2739.5911	27.427814	2712.1633
159	ketamine_14;LSD_14;LSD_2;MDMA_2;ketamine_2	cocaine	14	0	7750.3754	81117.269	-73366.894
160	ketamine_14;LSD_14;ketamine_2;MDMA_2;LSD_2	cocaine	2	0	2739.5911	27.427814	2712.1633
160	ketamine_14;LSD_14;ketamine_2;MDMA_2;LSD_2	cocaine	14	0	7750.3754	81117.269	-73366.894
161	ketamine_14;LSD_2;MDMA_2;MDMA_2;LSD_2	cocaine	2	0	4936.5216	604.1635	4332.3581
161	ketamine_14;LSD_2;MDMA_2;MDMA_2;LSD_2	cocaine	14	0	10571.349	16.997741	10554.352
162	ketamine_14;LSD_14;ketamine_2;LSD_2;ketamine_2	cocaine	2	0	-1388.431	26.012913	-1414.4439
162	ketamine_14;LSD_14;ketamine_2;LSD_2;ketamine_2	cocaine	14	0	-1699.1451	65463.581	-67162.726
163	ketamine_14;LSD_14;LSD_2;MDMA_2;LSD_14	cocaine	2	0	3266.3786	28.541042	3237.8376
163	ketamine_14;LSD_14;LSD_2;MDMA_2;LSD_14	cocaine	14	0	8873.4402	10.410907	8863.0293
164	ketamine_14;LSD_14;LSD_14;MDMA_2;ketamine_2	cocaine	2	0	2220.4355	-65.943834	2286.3793
164	ketamine_14;LSD_14;LSD_14;MDMA_2;ketamine_2	cocaine	14	0	6641.4337	73592.628	-66951.194
165	ketamine_14;LSD_14;ketamine_2;ketamine_2;LSD_2	cocaine	2	0	-1388.431	26.012913	-1414.4439
165	ketamine_14;LSD_14;ketamine_2;ketamine_2;LSD_2	cocaine	14	0	-1699.1451	65463.581	-67162.726
166	ketamine_14;ketamine_2;ketamine_2;LSD_2;ketamine_2	cocaine	2	0	-481.85441	31.445953	-513.30037
166	ketamine_14;ketamine_2;ketamine_2;LSD_2;ketamine_2	cocaine	14	0	-1240.4835	71709.113	-72949.597
167	ketamine_14;MDMA_2;LSD_14;LSD_2;LSD_14	cocaine	2	0	3266.3786	28.541042	3237.8376
167	ketamine_14;MDMA_2;LSD_14;LSD_2;LSD_14	cocaine	14	0	8873.4402	10.410907	8863.0293
168	ketamine_14;LSD_2;LSD_2;LSD_14;MDMA_2	cocaine	2	0	3768.9908	24.587879	3744.403
168	ketamine_14;LSD_2;LSD_2;LSD_14;MDMA_2	cocaine	14	0	9814.0341	11.050688	9802.9834
169	ketamine_14;LSD_2;MDMA_2;LSD_2;ketamine_2	cocaine	2	0	4960.1972	27.928402	4932.2688
169	ketamine_14;LSD_2;MDMA_2;LSD_2;ketamine_2	cocaine	14	0	10951.936	106420.62	-95468.685
170	ketamine_14;ketamine_2;LSD_14;MDMA_2;LSD_14	cocaine	2	0	2220.4355	-65.943834	2286.3793
170	ketamine_14;ketamine_2;LSD_14;MDMA_2;LSD_14	cocaine	14	0	6641.4337	73592.628	-66951.194
171	ketamine_14;ketamine_2;LSD_2;LSD_14;LSD_2	cocaine	2	0	-1417.1095	21.650525	-1438.76
171	ketamine_14;ketamine_2;LSD_2;LSD_14;LSD_2	cocaine	14	0	-1676.4684	89296.274	-90972.742
172	ketamine_14;LSD_2;LSD_14;MDMA_2;MDMA_2	cocaine	2	0	2801.1048	30.589306	2770.5155
172	ketamine_14;LSD_2;LSD_14;MDMA_2;MDMA_2	cocaine	14	0	7883.11	9.3250541	7873.785
173	ketamine_14;MDMA_2;LSD_2;MDMA_2;LSD_14	cocaine	2	0	2801.1048	30.589306	2770.5155
173	ketamine_14;MDMA_2;LSD_2;MDMA_2;LSD_14	cocaine	14	0	7883.11	9.3250541	7873.785
174	ketamine_14;LSD_14;LSD_14;MDMA_2;LSD_14	cocaine	2	0	4214.5347	-63.917183	4278.4519
174	ketamine_14;LSD_14;LSD_14;MDMA_2;LSD_14	cocaine	14	0	8895.4217	11.03289	8884.3888
175	ketamine_14;LSD_14;LSD_14;ketamine_2;ketamine_2	cocaine	2	0	-1319.3666	-60.454055	-1258.9126
175	ketamine_14;LSD_14;LSD_14;ketamine_2;ketamine_2	cocaine	14	0	-1701.6632	55594.716	-57296.379
176	ketamine_14;ketamine_2;LSD_14;ketamine_2;LSD_2	cocaine	2	0	-1388.431	26.012913	-1414.4439
176	ketamine_14;ketamine_2;LSD_14;ketamine_2;LSD_2	cocaine	14	0	-1699.1451	65463.581	-67162.726
177	ketamine_14;LSD_2;LSD_2;ketamine_2;LSD_2	cocaine	2	0	-685.40659	23.708549	-709.11514
177	ketamine_14;LSD_2;LSD_2;ketamine_2;LSD_2	cocaine	14	0	-1031.2507	120583.67	-121614.92
178	ketamine_14;ketamine_2;LSD_14;LSD_2;LSD_14	cocaine	2	0	-1450.6532	25.571113	-1476.2243
178	ketamine_14;ketamine_2;LSD_14;LSD_2;LSD_14	cocaine	14	0	-1735.7344	80825.619	-82561.354
179	ketamine_14;ketamine_2;ketamine_2;ketamine_2;LSD_2	cocaine	2	0	-481.85441	31.445953	-513.30037
179	ketamine_14;ketamine_2;ketamine_2;ketamine_2;LSD_2	cocaine	14	0	-1240.4835	71709.113	-72949.597
180	ketamine_14;LSD_14;MDMA_2;LSD_14;ketamine_2	cocaine	2	0	2220.4355	-65.943834	2286.3793
180	ketamine_14;LSD_14;MDMA_2;LSD_14;ketamine_2	cocaine	14	0	6641.4337	73592.628	-66951.194
181	ketamine_14;LSD_2;ketamine_2;MDMA_2;LSD_14	cocaine	2	0	2739.5911	27.427814	2712.1633
181	ketamine_14;LSD_2;ketamine_2;MDMA_2;LSD_14	cocaine	14	0	7750.3754	81117.269	-73366.894
182	ketamine_14;ketamine_2;LSD_2;MDMA_2;LSD_14	cocaine	2	0	2739.5911	27.427814	2712.1633
182	ketamine_14;ketamine_2;LSD_2;MDMA_2;LSD_14	cocaine	14	0	7750.3754	81117.269	-73366.894
183	ketamine_14;LSD_14;MDMA_2;MDMA_2;ketamine_2	cocaine	2	0	2000.9683	-61.54794	2062.5163
183	ketamine_14;LSD_14;MDMA_2;MDMA_2;ketamine_2	cocaine	14	0	6133.5661	79820.589	-73687.023
184	ketamine_14;LSD_2;MDMA_2;MDMA_2;ketamine_2	cocaine	2	0	3928.7978	35.621148	3893.1766
184	ketamine_14;LSD_2;MDMA_2;MDMA_2;ketamine_2	cocaine	14	0	8567.1492	102364.96	-93797.81
185	ketamine_14;LSD_14;LSD_2;MDMA_2;ketamine_2	cocaine	2	0	2739.5911	27.427814	2712.1633
185	ketamine_14;LSD_14;LSD_2;MDMA_2;ketamine_2	cocaine	14	0	7750.3754	81117.269	-73366.894
186	ketamine_14;MDMA_2;MDMA_2;ketamine_2;MDMA_2	cocaine	2	0	2916.401	-43.71782	2960.1188
186	ketamine_14;MDMA_2;MDMA_2;ketamine_2;MDMA_2	cocaine	14	0	7349.5893	103293.55	-95943.957
187	ketamine_14;LSD_2;LSD_2;MDMA_2;ketamine_2	cocaine	2	0	4960.1972	27.928402	4932.2688
187	ketamine_14;LSD_2;LSD_2;MDMA_2;ketamine_2	cocaine	14	0	10951.936	106420.62	-95468.685
188	ketamine_14;LSD_2;MDMA_2;ketamine_2;MDMA_2	cocaine	2	0	3928.7978	35.621148	3893.1766
188	ketamine_14;LSD_2;MDMA_2;ketamine_2;MDMA_2	cocaine	14	0	8567.1492	102364.96	-93797.81
189	ketamine_14;LSD_2;LSD_2;LSD_14;LSD_14	cocaine	2	0	-1406.8457	23.485521	-1430.3312
189	ketamine_14;LSD_2;LSD_2;LSD_14;LSD_14	cocaine	14	0	-1560.2364	-566.38802	-993.84839
190	ketamine_14;LSD_14;LSD_2;LSD_2;ketamine_2	cocaine	2	0	-1417.1095	21.650525	-1438.76
190	ketamine_14;LSD_14;LSD_2;LSD_2;ketamine_2	cocaine	14	0	-1676.4684	89296.274	-90972.742
191	ketamine_14;ketamine_2;LSD_14;LSD_14;LSD_2	cocaine	2	0	-1450.6532	25.571113	-1476.2243
191	ketamine_14;ketamine_2;LSD_14;LSD_14;LSD_2	cocaine	14	0	-1735.7344	80825.619	-82561.354
192	ketamine_14;LSD_14;LSD_2;LSD_2;MDMA_2	cocaine	2	0	3768.9908	24.587879	3744.403
192	ketamine_14;LSD_14;LSD_2;LSD_2;MDMA_2	cocaine	14	0	9814.0341	11.050688	9802.9834
193	ketamine_14;MDMA_2;MDMA_2;ketamine_2;MDMA_2	cocaine	2	0	2916.401	-43.71782	2960.1188
193	ketamine_14;MDMA_2;MDMA_2;ketamine_2;MDMA_2	cocaine	14	0	7349.5893	103293.55	-95943.957
194	ketamine_14;LSD_2;LSD_2;LSD_14;LSD_14	cocaine	2	0	-1406.8457	23.485521	-1430.3312
194	ketamine_14;LSD_2;LSD_2;LSD_14;LSD_14	cocaine	14	0	-1560.2364	-566.38802	-993.84839
195	ketamine_14;LSD_14;LSD_14;LSD_2;LSD_2	cocaine	2	0	-1406.8457	23.485521	-1430.3312
195	ketamine_14;LSD_14;LSD_14;LSD_2;LSD_2	cocaine	14	0	-1560.2364	-566.38802	-993.84839
196	ketamine_14;ketamine_2;LSD_2;LSD_14;ketamine_2	cocaine	2	0	-1388.431	26.012913	-1414.4439
196	ketamine_14;ketamine_2;LSD_2;LSD_14;ketamine_2	cocaine	14	0	-1699.1451	65463.581	-67162.726
197	ketamine_14;ketamine_2;LSD_2;LSD_2;LSD_2	cocaine	2	0	-685.40659	23.708549	-709.11514
197	ketamine_14;ketamine_2;LSD_2;LSD_2;LSD_2	cocaine	14	0	-1031.2507	120583.67	-121614.92
198	ketamine_14;ketamine_2;MDMA_2;LSD_14;ketamine_2	cocaine	2	0	2293.0641	-61.0585	2354.1226
198	ketamine_14;ketamine_2;MDMA_2;LSD_14;ketamine_2	cocaine	14	0	6656.6521	60573.373	-53916.721
199	ketamine_14;LSD_2;ketamine_2;LSD_14;MDMA_2	cocaine	2	0	2739.5911	27.427814	2712.1633
199	ketamine_14;LSD_2;ketamine_2;LSD_14;MDMA_2	cocaine	14	0	7750.3754	81117.269	-73366.894
0	cocaine_14;cocaine_2;MDMA_2;LSD_14;LSD_2	ketamine	2	1	3086.096	62.327828	3023.7682
0	cocaine_14;cocaine_2;MDMA_2;LSD_14;LSD_2	ketamine	14	0	916.34325	-45.051533	961.39479
0	cocaine_14;cocaine_2;MDMA_2;LSD_14;LSD_2	ketamine	2-minus-14	open-minus-closed	2169.7528	107.37936	2062.3734
1	cocaine_14;cocaine_14;LSD_2;LSD_14;LSD_2	ketamine	2	1	1267.8803	38.150228	1229.73
1	cocaine_14;cocaine_14;LSD_2;LSD_14;LSD_2	ketamine	14	0	375.97804	-158.82538	534.80342
1	cocaine_14;cocaine_14;LSD_2;LSD_14;LSD_2	ketamine	2-minus-14	open-minus-closed	891.90222	196.97561	694.92661
2	cocaine_2;cocaine_2;LSD_2;LSD_2;MDMA_2	ketamine	2	1	3505.0121	47.852305	3457.1598
2	cocaine_2;cocaine_2;LSD_2;LSD_2;MDMA_2	ketamine	14	0	961.79467	45.219628	916.57504
2	cocaine_2;cocaine_2;LSD_2;LSD_2;MDMA_2	ketamine	2-minus-14	open-minus-closed	2543.2174	2.6326765	2540.5847
3	cocaine_2;cocaine_14;LSD_2;LSD_14;MDMA_2	ketamine	2	1	3086.096	62.327828	3023.7682
3	cocaine_2;cocaine_14;LSD_2;LSD_14;MDMA_2	ketamine	14	0	916.34325	-45.051533	961.39479
3	cocaine_2;cocaine_14;LSD_2;LSD_14;MDMA_2	ketamine	2-minus-14	open-minus-closed	2169.7528	107.37936	2062.3734
4	cocaine_14;cocaine_2;MDMA_2;LSD_14;LSD_14	ketamine	2	1	-3.1830202	11.415457	-14.598478
4	cocaine_14;cocaine_2;MDMA_2;LSD_14;LSD_14	ketamine	14	0	-1831.9342	-12243.798	10411.864
4	cocaine_14;cocaine_2;MDMA_2;LSD_14;LSD_14	ketamine	2-minus-14	open-minus-closed	1828.7511	12255.214	-10426.463
5	cocaine_14;cocaine_2;LSD_14;LSD_2;LSD_2	ketamine	2	1	2396.7142	56.726328	2339.9879
5	cocaine_14;cocaine_2;LSD_14;LSD_2;LSD_2	ketamine	14	0	-67.496057	-34.204415	-33.291642
5	cocaine_14;cocaine_2;LSD_14;LSD_2;LSD_2	ketamine	2-minus-14	open-minus-closed	2464.2102	90.930743	2373.2795
6	cocaine_2;cocaine_14;MDMA_2;LSD_2;LSD_14	ketamine	2	1	3086.096	62.327828	3023.7682
6	cocaine_2;cocaine_14;MDMA_2;LSD_2;LSD_14	ketamine	14	0	916.34325	-45.051533	961.39479
6	cocaine_2;cocaine_14;MDMA_2;LSD_2;LSD_14	ketamine	2-minus-14	open-minus-closed	2169.7528	107.37936	2062.3734
7	cocaine_14;cocaine_14;LSD_14;LSD_2;LSD_2	ketamine	2	1	1267.8803	38.150228	1229.73
7	cocaine_14;cocaine_14;LSD_14;LSD_2;LSD_2	ketamine	14	0	375.97804	-158.82538	534.80342
7	cocaine_14;cocaine_14;LSD_14;LSD_2;LSD_2	ketamine	2-minus-14	open-minus-closed	891.90222	196.97561	694.92661
8	cocaine_2;cocaine_2;LSD_2;LSD_2;LSD_14	ketamine	2	1	2577.2015	37.51062	2539.6909
8	cocaine_2;cocaine_2;LSD_2;LSD_2;LSD_14	ketamine	14	0	94.749123	-43.132225	137.88135
8	cocaine_2;cocaine_2;LSD_2;LSD_2;LSD_14	ketamine	2-minus-14	open-minus-closed	2482.4523	80.642845	2401.8095
9	cocaine_14;cocaine_2;LSD_14;LSD_14;LSD_14	ketamine	2	1	-1.7430463	8.6934645	-10.436511
9	cocaine_14;cocaine_2;LSD_14;LSD_14;LSD_14	ketamine	14	0	-1545.0393	-6029.1551	4484.1158
9	cocaine_14;cocaine_2;LSD_14;LSD_14;LSD_14	ketamine	2-minus-14	open-minus-closed	1543.2962	6037.8485	-4494.5523
10	cocaine_14;cocaine_14;LSD_14;MDMA_2;LSD_14	ketamine	2	1	19189.677	32738.362	-13548.685
10	cocaine_14;cocaine_14;LSD_14;MDMA_2;LSD_14	ketamine	14	0	17486.892	16833.236	653.65608
10	cocaine_14;cocaine_14;LSD_14;MDMA_2;LSD_14	ketamine	2-minus-14	open-minus-closed	1702.7848	15905.126	-14202.341
11	cocaine_2;cocaine_14;LSD_14;MDMA_2;LSD_2	ketamine	2	1	3086.096	62.327828	3023.7682
11	cocaine_2;cocaine_14;LSD_14;MDMA_2;LSD_2	ketamine	14	0	916.34325	-45.051533	961.39479
11	cocaine_2;cocaine_14;LSD_14;MDMA_2;LSD_2	ketamine	2-minus-14	open-minus-closed	2169.7528	107.37936	2062.3734
12	cocaine_2;cocaine_2;MDMA_2;LSD_14;LSD_14	ketamine	2	1	628.23033	-3.4357152	631.66605
12	cocaine_2;cocaine_2;MDMA_2;LSD_14;LSD_14	ketamine	14	0	132.12367	30.010154	102.11351
12	cocaine_2;cocaine_2;MDMA_2;LSD_14;LSD_14	ketamine	2-minus-14	open-minus-closed	496.10667	-33.445869	529.55254
13	cocaine_2;cocaine_2;MDMA_2;LSD_14;MDMA_2	ketamine	2	1	647.16431	7.0423314	640.12198
13	cocaine_2;cocaine_2;MDMA_2;LSD_14;MDMA_2	ketamine	14	0	115.55198	51.75977	63.79221
13	cocaine_2;cocaine_2;MDMA_2;LSD_14;MDMA_2	ketamine	2-minus-14	open-minus-closed	531.61233	-44.717439	576.32977
14	cocaine_14;cocaine_14;LSD_14;LSD_2;MDMA_2	ketamine	2	1	1466.9074	39.728027	1427.1793
14	cocaine_14;cocaine_14;LSD_14;LSD_2;MDMA_2	ketamine	14	0	435.72322	15.921781	419.80144
14	cocaine_14;cocaine_14;LSD_14;LSD_2;MDMA_2	ketamine	2-minus-14	open-minus-closed	1031.1842	23.806246	1007.3779
15	cocaine_14;cocaine_2;LSD_14;LSD_14;MDMA_2	ketamine	2	1	-3.1830202	11.415457	-14.598478
15	cocaine_14;cocaine_2;LSD_14;LSD_14;MDMA_2	ketamine	14	0	-1831.9342	-12243.798	10411.864
15	cocaine_14;cocaine_2;LSD_14;LSD_14;MDMA_2	ketamine	2-minus-14	open-minus-closed	1828.7511	12255.214	-10426.463
16	cocaine_14;cocaine_14;LSD_14;LSD_2;LSD_14	ketamine	2	1	1355.017	38.832429	1316.1845
16	cocaine_14;cocaine_14;LSD_14;LSD_2;LSD_14	ketamine	14	0	401.76057	-165.27445	567.03503
16	cocaine_14;cocaine_14;LSD_14;LSD_2;LSD_14	ketamine	2-minus-14	open-minus-closed	953.2564	204.10688	749.14952
17	cocaine_14;cocaine_14;LSD_14;MDMA_2;MDMA_2	ketamine	2	1	24677.285	42099.667	-17422.382
17	cocaine_14;cocaine_14;LSD_14;MDMA_2;MDMA_2	ketamine	14	0	22867.219	23672.685	-805.46547
17	cocaine_14;cocaine_14;LSD_14;MDMA_2;MDMA_2	ketamine	2-minus-14	open-minus-closed	1810.0654	18426.982	-16616.917
18	cocaine_14;cocaine_14;LSD_2;MDMA_2;LSD_2	ketamine	2	1	1917.0961	36.526786	1880.5693
18	cocaine_14;cocaine_14;LSD_2;MDMA_2;LSD_2	ketamine	14	0	586.17804	16.574617	569.60342
18	cocaine_14;cocaine_14;LSD_2;MDMA_2;LSD_2	ketamine	2-minus-14	open-minus-closed	1330.9181	19.952168	1310.9659
19	cocaine_14;cocaine_2;LSD_2;LSD_14;MDMA_2	ketamine	2	1	3086.096	62.327828	3023.7682
19	cocaine_14;cocaine_2;LSD_2;LSD_14;MDMA_2	ketamine	14	0	916.34325	-45.051533	961.39479
19	cocaine_14;cocaine_2;LSD_2;LSD_14;MDMA_2	ketamine	2-minus-14	open-minus-closed	2169.7528	107.37936	2062.3734
20	cocaine_14;cocaine_2;LSD_14;MDMA_2;LSD_2	ketamine	2	1	3086.096	62.327828	3023.7682
20	cocaine_14;cocaine_2;LSD_14;MDMA_2;LSD_2	ketamine	14	0	916.34325	-45.051533	961.39479
20	cocaine_14;cocaine_2;LSD_14;MDMA_2;LSD_2	ketamine	2-minus-14	open-minus-closed	2169.7528	107.37936	2062.3734
21	cocaine_2;cocaine_14;LSD_14;LSD_14;MDMA_2	ketamine	2	1	-3.1830202	11.415457	-14.598478
21	cocaine_2;cocaine_14;LSD_14;LSD_14;MDMA_2	ketamine	14	0	-1831.9342	-12243.798	10411.864
21	cocaine_2;cocaine_14;LSD_14;LSD_14;MDMA_2	ketamine	2-minus-14	open-minus-closed	1828.7511	12255.214	-10426.463
22	cocaine_14;cocaine_14;MDMA_2;MDMA_2;MDMA_2	ketamine	2	1	-31.504559	-82.304088	50.799528
22	cocaine_14;cocaine_14;MDMA_2;MDMA_2;MDMA_2	ketamine	14	0	-1886.6131	-12190.943	10304.33
22	cocaine_14;cocaine_14;MDMA_2;MDMA_2;MDMA_2	ketamine	2-minus-14	open-minus-closed	1855.1086	12108.639	-10253.53
23	cocaine_2;cocaine_14;LSD_14;MDMA_2;LSD_14	ketamine	2	1	-3.1830202	11.415457	-14.598478
23	cocaine_2;cocaine_14;LSD_14;MDMA_2;LSD_14	ketamine	14	0	-1831.9342	-12243.798	10411.864
23	cocaine_2;cocaine_14;LSD_14;MDMA_2;LSD_14	ketamine	2-minus-14	open-minus-closed	1828.7511	12255.214	-10426.463
24	cocaine_14;cocaine_14;MDMA_2;LSD_2;LSD_14	ketamine	2	1	1466.9074	39.728027	1427.1793
24	cocaine_14;cocaine_14;MDMA_2;LSD_2;LSD_14	ketamine	14	0	435.72322	15.921781	419.80144
24	cocaine_14;cocaine_14;MDMA_2;LSD_2;LSD_14	ketamine	2-minus-14	open-minus-closed	1031.1842	23.806246	1007.3779
25	cocaine_2;cocaine_14;MDMA_2;MDMA_2;LSD_2	ketamine	2	1	4407.735	58.043662	4349.6913
25	cocaine_2;cocaine_14;MDMA_2;MDMA_2;LSD_2	ketamine	14	0	1305.4533	-40.367094	1345.8204
25	cocaine_2;cocaine_14;MDMA_2;MDMA_2;LSD_2	ketamine	2-minus-14	open-minus-closed	3102.2816	98.410756	3003.8709
26	cocaine_2;cocaine_2;MDMA_2;LSD_14;MDMA_2	ketamine	2	1	647.16431	7.0423314	640.12198
26	cocaine_2;cocaine_2;MDMA_2;LSD_14;MDMA_2	ketamine	14	0	115.55198	51.75977	63.79221
26	cocaine_2;cocaine_2;MDMA_2;LSD_14;MDMA_2	ketamine	2-minus-14	open-minus-closed	531.61233	-44.717439	576.32977
27	cocaine_14;cocaine_14;LSD_2;LSD_2;LSD_14	ketamine	2	1	1267.8803	38.150228	1229.73
27	cocaine_14;cocaine_14;LSD_2;LSD_2;LSD_14	ketamine	14	0	375.97804	-158.82538	534.80342
27	cocaine_14;cocaine_14;LSD_2;LSD_2;LSD_14	ketamine	2-minus-14	open-minus-closed	891.90222	196.97561	694.92661
28	cocaine_14;cocaine_14;MDMA_2;LSD_2;LSD_2	ketamine	2	1	1917.0961	36.526786	1880.5693
28	cocaine_14;cocaine_14;MDMA_2;LSD_2;LSD_2	ketamine	14	0	586.17804	16.574617	569.60342
28	cocaine_14;cocaine_14;MDMA_2;LSD_2;LSD_2	ketamine	2-minus-14	open-minus-closed	1330.9181	19.952168	1310.9659
29	cocaine_2;cocaine_14;LSD_2;MDMA_2;MDMA_2	ketamine	2	1	4407.735	58.043662	4349.6913
29	cocaine_2;cocaine_14;LSD_2;MDMA_2;MDMA_2	ketamine	14	0	1305.4533	-40.367094	1345.8204
29	cocaine_2;cocaine_14;LSD_2;MDMA_2;MDMA_2	ketamine	2-minus-14	open-minus-closed	3102.2816	98.410756	3003.8709
30	cocaine_2;cocaine_2;LSD_14;MDMA_2;MDMA_2	ketamine	2	1	647.16431	7.0423314	640.12198
30	cocaine_2;cocaine_2;LSD_14;MDMA_2;MDMA_2	ketamine	14	0	115.55198	51.75977	63.79221
30	cocaine_2;cocaine_2;LSD_14;MDMA_2;MDMA_2	ketamine	2-minus-14	open-minus-closed	531.61233	-44.717439	576.32977
31	cocaine_14;cocaine_2;MDMA_2;LSD_2;MDMA_2	ketamine	2	1	4407.735	58.043662	4349.6913
31	cocaine_14;cocaine_2;MDMA_2;LSD_2;MDMA_2	ketamine	14	0	1305.4533	-40.367094	1345.8204
31	cocaine_14;cocaine_2;MDMA_2;LSD_2;MDMA_2	ketamine	2-minus-14	open-minus-closed	3102.2816	98.410756	3003.8709
32	cocaine_2;cocaine_14;LSD_14;LSD_2;MDMA_2	ketamine	2	1	3086.096	62.327828	3023.7682
32	cocaine_2;cocaine_14;LSD_14;LSD_2;MDMA_2	ketamine	14	0	916.34325	-45.051533	961.39479
32	cocaine_2;cocaine_14;LSD_14;LSD_2;MDMA_2	ketamine	2-minus-14	open-minus-closed	2169.7528	107.37936	2062.3734
33	cocaine_14;cocaine_14;MDMA_2;MDMA_2;MDMA_2	ketamine	2	1	-31.504559	-82.304088	50.799528
33	cocaine_14;cocaine_14;MDMA_2;MDMA_2;MDMA_2	ketamine	14	0	-1886.6131	-12190.943	10304.33
33	cocaine_14;cocaine_14;MDMA_2;MDMA_2;MDMA_2	ketamine	2-minus-14	open-minus-closed	1855.1086	12108.639	-10253.53
34	cocaine_14;cocaine_2;LSD_14;LSD_14;MDMA_2	ketamine	2	1	-3.1830202	11.415457	-14.598478
34	cocaine_14;cocaine_2;LSD_14;LSD_14;MDMA_2	ketamine	14	0	-1831.9342	-12243.798	10411.864
34	cocaine_14;cocaine_2;LSD_14;LSD_14;MDMA_2	ketamine	2-minus-14	open-minus-closed	1828.7511	12255.214	-10426.463
35	cocaine_14;cocaine_2;LSD_2;LSD_2;LSD_2	ketamine	2	1	2667.9631	65.309958	2602.6531
35	cocaine_14;cocaine_2;LSD_2;LSD_2;LSD_2	ketamine	14	0	207.44029	-25.364715	232.80501
35	cocaine_14;cocaine_2;LSD_2;LSD_2;LSD_2	ketamine	2-minus-14	open-minus-closed	2460.5228	90.674673	2369.8481
36	cocaine_2;cocaine_14;MDMA_2;LSD_14;MDMA_2	ketamine	2	1	-4.1015379	15.64203	-19.743568
36	cocaine_2;cocaine_14;MDMA_2;LSD_14;MDMA_2	ketamine	14	0	-2101.0789	-14036.698	11935.619
36	cocaine_2;cocaine_14;MDMA_2;LSD_14;MDMA_2	ketamine	2-minus-14	open-minus-closed	2096.9774	14052.34	-11955.363
37	cocaine_2;cocaine_14;LSD_14;MDMA_2;LSD_2	ketamine	2	1	3086.096	62.327828	3023.7682
37	cocaine_2;cocaine_14;LSD_14;MDMA_2;LSD_2	ketamine	14	0	916.34325	-45.051533	961.39479
37	cocaine_2;cocaine_14;LSD_14;MDMA_2;LSD_2	ketamine	2-minus-14	open-minus-closed	2169.7528	107.37936	2062.3734
38	cocaine_14;cocaine_2;LSD_14;LSD_14;LSD_2	ketamine	2	1	2981.8592	62.748801	2919.1104
38	cocaine_14;cocaine_2;LSD_14;LSD_14;LSD_2	ketamine	14	0	97.368721	-33.88982	131.25854
38	cocaine_14;cocaine_2;LSD_14;LSD_14;LSD_2	ketamine	2-minus-14	open-minus-closed	2884.4905	96.638621	2787.8518
39	cocaine_2;cocaine_14;LSD_2;LSD_14;LSD_14	ketamine	2	1	2981.8592	62.748801	2919.1104
39	cocaine_2;cocaine_14;LSD_2;LSD_14;LSD_14	ketamine	14	0	97.368721	-33.88982	131.25854
39	cocaine_2;cocaine_14;LSD_2;LSD_14;LSD_14	ketamine	2-minus-14	open-minus-closed	2884.4905	96.638621	2787.8518
40	cocaine_2;cocaine_2;MDMA_2;LSD_2;LSD_14	ketamine	2	1	3606.1542	58.741504	3547.4127
40	cocaine_2;cocaine_2;MDMA_2;LSD_2;LSD_14	ketamine	14	0	984.70155	26.754908	957.94664
40	cocaine_2;cocaine_2;MDMA_2;LSD_2;LSD_14	ketamine	2-minus-14	open-minus-closed	2621.4527	31.986595	2589.4661
41	cocaine_14;cocaine_14;MDMA_2;MDMA_2;LSD_14	ketamine	2	1	24677.285	42099.667	-17422.382
41	cocaine_14;cocaine_14;MDMA_2;MDMA_2;LSD_14	ketamine	14	0	22867.219	23672.685	-805.46547
41	cocaine_14;cocaine_14;MDMA_2;MDMA_2;LSD_14	ketamine	2-minus-14	open-minus-closed	1810.0654	18426.982	-16616.917
42	cocaine_2;cocaine_14;MDMA_2;MDMA_2;LSD_14	ketamine	2	1	-4.1015379	15.64203	-19.743568
42	cocaine_2;cocaine_14;MDMA_2;MDMA_2;LSD_14	ketamine	14	0	-2101.0789	-14036.698	11935.619
42	cocaine_2;cocaine_14;MDMA_2;MDMA_2;LSD_14	ketamine	2-minus-14	open-minus-closed	2096.9774	14052.34	-11955.363
43	cocaine_2;cocaine_2;MDMA_2;LSD_14;LSD_2	ketamine	2	1	3606.1542	58.741504	3547.4127
43	cocaine_2;cocaine_2;MDMA_2;LSD_14;LSD_2	ketamine	14	0	984.70155	26.754908	957.94664
43	cocaine_2;cocaine_2;MDMA_2;LSD_14;LSD_2	ketamine	2-minus-14	open-minus-closed	2621.4527	31.986595	2589.4661
44	cocaine_14;cocaine_2;LSD_2;MDMA_2;LSD_2	ketamine	2	1	3221.5409	57.815797	3163.7251
44	cocaine_14;cocaine_2;LSD_2;MDMA_2;LSD_2	ketamine	14	0	964.32729	-38.341385	1002.6687
44	cocaine_14;cocaine_2;LSD_2;MDMA_2;LSD_2	ketamine	2-minus-14	open-minus-closed	2257.2136	96.157182	2161.0564
45	cocaine_14;cocaine_2;LSD_2;LSD_14;MDMA_2	ketamine	2	1	3086.096	62.327828	3023.7682
45	cocaine_14;cocaine_2;LSD_2;LSD_14;MDMA_2	ketamine	14	0	916.34325	-45.051533	961.39479
45	cocaine_14;cocaine_2;LSD_2;LSD_14;MDMA_2	ketamine	2-minus-14	open-minus-closed	2169.7528	107.37936	2062.3734
46	cocaine_14;cocaine_2;LSD_2;MDMA_2;MDMA_2	ketamine	2	1	4407.735	58.043662	4349.6913
46	cocaine_14;cocaine_2;LSD_2;MDMA_2;MDMA_2	ketamine	14	0	1305.4533	-40.367094	1345.8204
46	cocaine_14;cocaine_2;LSD_2;MDMA_2;MDMA_2	ketamine	2-minus-14	open-minus-closed	3102.2816	98.410756	3003.8709
47	cocaine_14;cocaine_14;LSD_14;LSD_2;LSD_14	ketamine	2	1	1355.017	38.832429	1316.1845
47	cocaine_14;cocaine_14;LSD_14;LSD_2;LSD_14	ketamine	14	0	401.76057	-165.27445	567.03503
47	cocaine_14;cocaine_14;LSD_14;LSD_2;LSD_14	ketamine	2-minus-14	open-minus-closed	953.2564	204.10688	749.14952
48	cocaine_14;cocaine_2;MDMA_2;MDMA_2;LSD_2	ketamine	2	1	4407.735	58.043662	4349.6913
48	cocaine_14;cocaine_2;MDMA_2;MDMA_2;LSD_2	ketamine	14	0	1305.4533	-40.367094	1345.8204
48	cocaine_14;cocaine_2;MDMA_2;MDMA_2;LSD_2	ketamine	2-minus-14	open-minus-closed	3102.2816	98.410756	3003.8709
49	cocaine_2;cocaine_14;LSD_14;LSD_14;LSD_14	ketamine	2	1	-1.7430463	8.6934645	-10.436511
49	cocaine_2;cocaine_14;LSD_14;LSD_14;LSD_14	ketamine	14	0	-1545.0393	-6029.1551	4484.1158
49	cocaine_2;cocaine_14;LSD_14;LSD_14;LSD_14	ketamine	2-minus-14	open-minus-closed	1543.2962	6037.8485	-4494.5523
50	cocaine_2;cocaine_2;LSD_14;LSD_2;LSD_2	ketamine	2	1	2577.2015	37.51062	2539.6909
50	cocaine_2;cocaine_2;LSD_14;LSD_2;LSD_2	ketamine	14	0	94.749123	-43.132225	137.88135
50	cocaine_2;cocaine_2;LSD_14;LSD_2;LSD_2	ketamine	2-minus-14	open-minus-closed	2482.4523	80.642845	2401.8095
51	cocaine_14;cocaine_14;LSD_14;LSD_2;MDMA_2	ketamine	2	1	1466.9074	39.728027	1427.1793
51	cocaine_14;cocaine_14;LSD_14;LSD_2;MDMA_2	ketamine	14	0	435.72322	15.921781	419.80144
51	cocaine_14;cocaine_14;LSD_14;LSD_2;MDMA_2	ketamine	2-minus-14	open-minus-closed	1031.1842	23.806246	1007.3779
52	cocaine_2;cocaine_2;LSD_14;MDMA_2;LSD_2	ketamine	2	1	3606.1542	58.741504	3547.4127
52	cocaine_2;cocaine_2;LSD_14;MDMA_2;LSD_2	ketamine	14	0	984.70155	26.754908	957.94664
52	cocaine_2;cocaine_2;LSD_14;MDMA_2;LSD_2	ketamine	2-minus-14	open-minus-closed	2621.4527	31.986595	2589.4661
53	cocaine_2;cocaine_14;MDMA_2;LSD_14;MDMA_2	ketamine	2	1	-4.1015379	15.64203	-19.743568
53	cocaine_2;cocaine_14;MDMA_2;LSD_14;MDMA_2	ketamine	14	0	-2101.0789	-14036.698	11935.619
53	cocaine_2;cocaine_14;MDMA_2;LSD_14;MDMA_2	ketamine	2-minus-14	open-minus-closed	2096.9774	14052.34	-11955.363
54	cocaine_2;cocaine_2;LSD_14;MDMA_2;MDMA_2	ketamine	2	1	647.16431	7.0423314	640.12198
54	cocaine_2;cocaine_2;LSD_14;MDMA_2;MDMA_2	ketamine	14	0	115.55198	51.75977	63.79221
54	cocaine_2;cocaine_2;LSD_14;MDMA_2;MDMA_2	ketamine	2-minus-14	open-minus-closed	531.61233	-44.717439	576.32977
55	cocaine_2;cocaine_14;MDMA_2;LSD_14;LSD_2	ketamine	2	1	3086.096	62.327828	3023.7682
55	cocaine_2;cocaine_14;MDMA_2;LSD_14;LSD_2	ketamine	14	0	916.34325	-45.051533	961.39479
55	cocaine_2;cocaine_14;MDMA_2;LSD_14;LSD_2	ketamine	2-minus-14	open-minus-closed	2169.7528	107.37936	2062.3734
56	cocaine_2;cocaine_2;LSD_2;LSD_14;LSD_14	ketamine	2	1	3096.6542	43.333373	3053.3209
56	cocaine_2;cocaine_2;LSD_2;LSD_14;LSD_14	ketamine	14	0	240.7946	-59.466873	300.26148
56	cocaine_2;cocaine_2;LSD_2;LSD_14;LSD_14	ketamine	2-minus-14	open-minus-closed	2855.8596	102.80025	2753.0594
57	cocaine_2;cocaine_14;MDMA_2;LSD_2;LSD_14	ketamine	2	1	3086.096	62.327828	3023.7682
57	cocaine_2;cocaine_14;MDMA_2;LSD_2;LSD_14	ketamine	14	0	916.34325	-45.051533	961.39479
57	cocaine_2;cocaine_14;MDMA_2;LSD_2;LSD_14	ketamine	2-minus-14	open-minus-closed	2169.7528	107.37936	2062.3734
58	cocaine_14;cocaine_2;LSD_14;LSD_2;LSD_14	ketamine	2	1	2981.8592	62.748801	2919.1104
58	cocaine_14;cocaine_2;LSD_14;LSD_2;LSD_14	ketamine	14	0	97.368721	-33.88982	131.25854
58	cocaine_14;cocaine_2;LSD_14;LSD_2;LSD_14	ketamine	2-minus-14	open-minus-closed	2884.4905	96.638621	2787.8518
59	cocaine_14;cocaine_14;LSD_2;LSD_2;MDMA_2	ketamine	2	1	1917.0961	36.526786	1880.5693
59	cocaine_14;cocaine_14;LSD_2;LSD_2;MDMA_2	ketamine	14	0	586.17804	16.574617	569.60342
59	cocaine_14;cocaine_14;LSD_2;LSD_2;MDMA_2	ketamine	2-minus-14	open-minus-closed	1330.9181	19.952168	1310.9659
60	cocaine_2;cocaine_2;LSD_14;MDMA_2;LSD_14	ketamine	2	1	628.23033	-3.4357152	631.66605
60	cocaine_2;cocaine_2;LSD_14;MDMA_2;LSD_14	ketamine	14	0	132.12367	30.010154	102.11351
60	cocaine_2;cocaine_2;LSD_14;MDMA_2;LSD_14	ketamine	2-minus-14	open-minus-closed	496.10667	-33.445869	529.55254
61	cocaine_14;cocaine_14;LSD_2;MDMA_2;LSD_14	ketamine	2	1	1466.9074	39.728027	1427.1793
61	cocaine_14;cocaine_14;LSD_2;MDMA_2;LSD_14	ketamine	14	0	435.72322	15.921781	419.80144
61	cocaine_14;cocaine_14;LSD_2;MDMA_2;LSD_14	ketamine	2-minus-14	open-minus-closed	1031.1842	23.806246	1007.3779
62	cocaine_14;cocaine_14;LSD_2;MDMA_2;LSD_2	ketamine	2	1	1917.0961	36.526786	1880.5693
62	cocaine_14;cocaine_14;LSD_2;MDMA_2;LSD_2	ketamine	14	0	586.17804	16.574617	569.60342
62	cocaine_14;cocaine_14;LSD_2;MDMA_2;LSD_2	ketamine	2-minus-14	open-minus-closed	1330.9181	19.952168	1310.9659
63	cocaine_14;cocaine_2;LSD_2;LSD_14;LSD_2	ketamine	2	1	2396.7142	56.726328	2339.9879
63	cocaine_14;cocaine_2;LSD_2;LSD_14;LSD_2	ketamine	14	0	-67.496057	-34.204415	-33.291642
63	cocaine_14;cocaine_2;LSD_2;LSD_14;LSD_2	ketamine	2-minus-14	open-minus-closed	2464.2102	90.930743	2373.2795
64	cocaine_2;cocaine_2;MDMA_2;LSD_14;LSD_14	ketamine	2	1	628.23033	-3.4357152	631.66605
64	cocaine_2;cocaine_2;MDMA_2;LSD_14;LSD_14	ketamine	14	0	132.12367	30.010154	102.11351
64	cocaine_2;cocaine_2;MDMA_2;LSD_14;LSD_14	ketamine	2-minus-14	open-minus-closed	496.10667	-33.445869	529.55254
65	cocaine_2;cocaine_14;LSD_2;MDMA_2;LSD_2	ketamine	2	1	3221.5409	57.815797	3163.7251
65	cocaine_2;cocaine_14;LSD_2;MDMA_2;LSD_2	ketamine	14	0	964.32729	-38.341385	1002.6687
65	cocaine_2;cocaine_14;LSD_2;MDMA_2;LSD_2	ketamine	2-minus-14	open-minus-closed	2257.2136	96.157182	2161.0564
66	cocaine_14;cocaine_2;LSD_2;MDMA_2;MDMA_2	ketamine	2	1	4407.735	58.043662	4349.6913
66	cocaine_14;cocaine_2;LSD_2;MDMA_2;MDMA_2	ketamine	14	0	1305.4533	-40.367094	1345.8204
66	cocaine_14;cocaine_2;LSD_2;MDMA_2;MDMA_2	ketamine	2-minus-14	open-minus-closed	3102.2816	98.410756	3003.8709
67	cocaine_2;cocaine_2;LSD_2;LSD_2;LSD_2	ketamine	2	1	2560.1764	42.032965	2518.1435
67	cocaine_2;cocaine_2;LSD_2;LSD_2;LSD_2	ketamine	14	0	295.71964	-78.45638	374.17602
67	cocaine_2;cocaine_2;LSD_2;LSD_2;LSD_2	ketamine	2-minus-14	open-minus-closed	2264.4568	120.48935	2143.9675
68	cocaine_2;cocaine_14;LSD_2;LSD_14;MDMA_2	ketamine	2	1	3086.096	62.327828	3023.7682
68	cocaine_2;cocaine_14;LSD_2;LSD_14;MDMA_2	ketamine	14	0	916.34325	-45.051533	961.39479
68	cocaine_2;cocaine_14;LSD_2;LSD_14;MDMA_2	ketamine	2-minus-14	open-minus-closed	2169.7528	107.37936	2062.3734
69	cocaine_14;cocaine_2;LSD_14;LSD_2;LSD_14	ketamine	2	1	2981.8592	62.748801	2919.1104
69	cocaine_14;cocaine_2;LSD_14;LSD_2;LSD_14	ketamine	14	0	97.368721	-33.88982	131.25854
69	cocaine_14;cocaine_2;LSD_14;LSD_2;LSD_14	ketamine	2-minus-14	open-minus-closed	2884.4905	96.638621	2787.8518
70	cocaine_2;cocaine_2;LSD_14;MDMA_2;MDMA_2	ketamine	2	1	647.16431	7.0423314	640.12198
70	cocaine_2;cocaine_2;LSD_14;MDMA_2;MDMA_2	ketamine	14	0	115.55198	51.75977	63.79221
70	cocaine_2;cocaine_2;LSD_14;MDMA_2;MDMA_2	ketamine	2-minus-14	open-minus-closed	531.61233	-44.717439	576.32977
71	cocaine_2;cocaine_14;LSD_2;LSD_14;LSD_14	ketamine	2	1	2981.8592	62.748801	2919.1104
71	cocaine_2;cocaine_14;LSD_2;LSD_14;LSD_14	ketamine	14	0	97.368721	-33.88982	131.25854
71	cocaine_2;cocaine_14;LSD_2;LSD_14;LSD_14	ketamine	2-minus-14	open-minus-closed	2884.4905	96.638621	2787.8518
72	cocaine_2;cocaine_14;LSD_14;LSD_14;LSD_2	ketamine	2	1	2981.8592	62.748801	2919.1104
72	cocaine_2;cocaine_14;LSD_14;LSD_14;LSD_2	ketamine	14	0	97.368721	-33.88982	131.25854
72	cocaine_2;cocaine_14;LSD_14;LSD_14;LSD_2	ketamine	2-minus-14	open-minus-closed	2884.4905	96.638621	2787.8518
73	cocaine_14;cocaine_14;MDMA_2;MDMA_2;LSD_14	ketamine	2	1	24677.285	42099.667	-17422.382
73	cocaine_14;cocaine_14;MDMA_2;MDMA_2;LSD_14	ketamine	14	0	22867.219	23672.685	-805.46547
73	cocaine_14;cocaine_14;MDMA_2;MDMA_2;LSD_14	ketamine	2-minus-14	open-minus-closed	1810.0654	18426.982	-16616.917
74	cocaine_14;cocaine_2;LSD_2;LSD_14;MDMA_2	ketamine	2	1	3086.096	62.327828	3023.7682
74	cocaine_14;cocaine_2;LSD_2;LSD_14;MDMA_2	ketamine	14	0	916.34325	-45.051533	961.39479
74	cocaine_14;cocaine_2;LSD_2;LSD_14;MDMA_2	ketamine	2-minus-14	open-minus-closed	2169.7528	107.37936	2062.3734
75	cocaine_2;cocaine_2;LSD_14;MDMA_2;MDMA_2	ketamine	2	1	647.16431	7.0423314	640.12198
75	cocaine_2;cocaine_2;LSD_14;MDMA_2;MDMA_2	ketamine	14	0	115.55198	51.75977	63.79221
75	cocaine_2;cocaine_2;LSD_14;MDMA_2;MDMA_2	ketamine	2-minus-14	open-minus-closed	531.61233	-44.717439	576.32977
76	cocaine_14;cocaine_2;LSD_14;LSD_2;MDMA_2	ketamine	2	1	3086.096	62.327828	3023.7682
76	cocaine_14;cocaine_2;LSD_14;LSD_2;MDMA_2	ketamine	14	0	916.34325	-45.051533	961.39479
76	cocaine_14;cocaine_2;LSD_14;LSD_2;MDMA_2	ketamine	2-minus-14	open-minus-closed	2169.7528	107.37936	2062.3734
77	cocaine_14;cocaine_2;MDMA_2;LSD_14;LSD_2	ketamine	2	1	3086.096	62.327828	3023.7682
77	cocaine_14;cocaine_2;MDMA_2;LSD_14;LSD_2	ketamine	14	0	916.34325	-45.051533	961.39479
77	cocaine_14;cocaine_2;MDMA_2;LSD_14;LSD_2	ketamine	2-minus-14	open-minus-closed	2169.7528	107.37936	2062.3734
78	cocaine_2;cocaine_2;LSD_2;LSD_2;MDMA_2	ketamine	2	1	3505.0121	47.852305	3457.1598
78	cocaine_2;cocaine_2;LSD_2;LSD_2;MDMA_2	ketamine	14	0	961.79467	45.219628	916.57504
78	cocaine_2;cocaine_2;LSD_2;LSD_2;MDMA_2	ketamine	2-minus-14	open-minus-closed	2543.2174	2.6326765	2540.5847
79	cocaine_2;cocaine_14;LSD_2;LSD_14;MDMA_2	ketamine	2	1	3086.096	62.327828	3023.7682
79	cocaine_2;cocaine_14;LSD_2;LSD_14;MDMA_2	ketamine	14	0	916.34325	-45.051533	961.39479
79	cocaine_2;cocaine_14;LSD_2;LSD_14;MDMA_2	ketamine	2-minus-14	open-minus-closed	2169.7528	107.37936	2062.3734
80	cocaine_2;cocaine_2;LSD_14;LSD_2;LSD_14	ketamine	2	1	3096.6542	43.333373	3053.3209
80	cocaine_2;cocaine_2;LSD_14;LSD_2;LSD_14	ketamine	14	0	240.7946	-59.466873	300.26148
80	cocaine_2;cocaine_2;LSD_14;LSD_2;LSD_14	ketamine	2-minus-14	open-minus-closed	2855.8596	102.80025	2753.0594
81	cocaine_2;cocaine_14;MDMA_2;LSD_2;LSD_2	ketamine	2	1	3221.5409	57.815797	3163.7251
81	cocaine_2;cocaine_14;MDMA_2;LSD_2;LSD_2	ketamine	14	0	964.32729	-38.341385	1002.6687
81	cocaine_2;cocaine_14;MDMA_2;LSD_2;LSD_2	ketamine	2-minus-14	open-minus-closed	2257.2136	96.157182	2161.0564
82	cocaine_14;cocaine_2;LSD_14;MDMA_2;MDMA_2	ketamine	2	1	-4.1015379	15.64203	-19.743568
82	cocaine_14;cocaine_2;LSD_14;MDMA_2;MDMA_2	ketamine	14	0	-2101.0789	-14036.698	11935.619
82	cocaine_14;cocaine_2;LSD_14;MDMA_2;MDMA_2	ketamine	2-minus-14	open-minus-closed	2096.9774	14052.34	-11955.363
83	cocaine_14;cocaine_2;MDMA_2;MDMA_2;MDMA_2	ketamine	2	1	-5.2879591	-39.02793	33.739971
83	cocaine_14;cocaine_2;MDMA_2;MDMA_2;MDMA_2	ketamine	14	0	-2113.6056	-13828.616	11715.01
83	cocaine_14;cocaine_2;MDMA_2;MDMA_2;MDMA_2	ketamine	2-minus-14	open-minus-closed	2108.3177	13789.588	-11681.27
84	cocaine_14;cocaine_14;LSD_14;MDMA_2;MDMA_2	ketamine	2	1	24677.285	42099.667	-17422.382
84	cocaine_14;cocaine_14;LSD_14;MDMA_2;MDMA_2	ketamine	14	0	22867.219	23672.685	-805.46547
84	cocaine_14;cocaine_14;LSD_14;MDMA_2;MDMA_2	ketamine	2-minus-14	open-minus-closed	1810.0654	18426.982	-16616.917
85	cocaine_2;cocaine_14;MDMA_2;MDMA_2;LSD_14	ketamine	2	1	-4.1015379	15.64203	-19.743568
85	cocaine_2;cocaine_14;MDMA_2;MDMA_2;LSD_14	ketamine	14	0	-2101.0789	-14036.698	11935.619
85	cocaine_2;cocaine_14;MDMA_2;MDMA_2;LSD_14	ketamine	2-minus-14	open-minus-closed	2096.9774	14052.34	-11955.363
86	cocaine_14;cocaine_14;LSD_2;LSD_14;LSD_2	ketamine	2	1	1267.8803	38.150228	1229.73
86	cocaine_14;cocaine_14;LSD_2;LSD_14;LSD_2	ketamine	14	0	375.97804	-158.82538	534.80342
86	cocaine_14;cocaine_14;LSD_2;LSD_14;LSD_2	ketamine	2-minus-14	open-minus-closed	891.90222	196.97561	694.92661
87	cocaine_14;cocaine_14;MDMA_2;LSD_2;LSD_2	ketamine	2	1	1917.0961	36.526786	1880.5693
87	cocaine_14;cocaine_14;MDMA_2;LSD_2;LSD_2	ketamine	14	0	586.17804	16.574617	569.60342
87	cocaine_14;cocaine_14;MDMA_2;LSD_2;LSD_2	ketamine	2-minus-14	open-minus-closed	1330.9181	19.952168	1310.9659
88	cocaine_2;cocaine_14;LSD_2;MDMA_2;LSD_2	ketamine	2	1	3221.5409	57.815797	3163.7251
88	cocaine_2;cocaine_14;LSD_2;MDMA_2;LSD_2	ketamine	14	0	964.32729	-38.341385	1002.6687
88	cocaine_2;cocaine_14;LSD_2;MDMA_2;LSD_2	ketamine	2-minus-14	open-minus-closed	2257.2136	96.157182	2161.0564
89	cocaine_14;cocaine_2;LSD_14;LSD_14;LSD_14	ketamine	2	1	-1.7430463	8.6934645	-10.436511
89	cocaine_14;cocaine_2;LSD_14;LSD_14;LSD_14	ketamine	14	0	-1545.0393	-6029.1551	4484.1158
89	cocaine_14;cocaine_2;LSD_14;LSD_14;LSD_14	ketamine	2-minus-14	open-minus-closed	1543.2962	6037.8485	-4494.5523
90	cocaine_2;cocaine_14;LSD_2;LSD_2;LSD_2	ketamine	2	1	2667.9631	65.309958	2602.6531
90	cocaine_2;cocaine_14;LSD_2;LSD_2;LSD_2	ketamine	14	0	207.44029	-25.364715	232.80501
90	cocaine_2;cocaine_14;LSD_2;LSD_2;LSD_2	ketamine	2-minus-14	open-minus-closed	2460.5228	90.674673	2369.8481
91	cocaine_14;cocaine_14;LSD_2;LSD_14;MDMA_2	ketamine	2	1	1466.9074	39.728027	1427.1793
91	cocaine_14;cocaine_14;LSD_2;LSD_14;MDMA_2	ketamine	14	0	435.72322	15.921781	419.80144
91	cocaine_14;cocaine_14;LSD_2;LSD_14;MDMA_2	ketamine	2-minus-14	open-minus-closed	1031.1842	23.806246	1007.3779
92	cocaine_14;cocaine_14;LSD_14;LSD_2;LSD_14	ketamine	2	1	1355.017	38.832429	1316.1845
92	cocaine_14;cocaine_14;LSD_14;LSD_2;LSD_14	ketamine	14	0	401.76057	-165.27445	567.03503
92	cocaine_14;cocaine_14;LSD_14;LSD_2;LSD_14	ketamine	2-minus-14	open-minus-closed	953.2564	204.10688	749.14952
93	cocaine_14;cocaine_2;MDMA_2;LSD_14;MDMA_2	ketamine	2	1	-4.1015379	15.64203	-19.743568
93	cocaine_14;cocaine_2;MDMA_2;LSD_14;MDMA_2	ketamine	14	0	-2101.0789	-14036.698	11935.619
93	cocaine_14;cocaine_2;MDMA_2;LSD_14;MDMA_2	ketamine	2-minus-14	open-minus-closed	2096.9774	14052.34	-11955.363
94	cocaine_14;cocaine_14;LSD_2;LSD_2;MDMA_2	ketamine	2	1	1917.0961	36.526786	1880.5693
94	cocaine_14;cocaine_14;LSD_2;LSD_2;MDMA_2	ketamine	14	0	586.17804	16.574617	569.60342
94	cocaine_14;cocaine_14;LSD_2;LSD_2;MDMA_2	ketamine	2-minus-14	open-minus-closed	1330.9181	19.952168	1310.9659
95	cocaine_2;cocaine_14;LSD_2;LSD_2;LSD_2	ketamine	2	1	2667.9631	65.309958	2602.6531
95	cocaine_2;cocaine_14;LSD_2;LSD_2;LSD_2	ketamine	14	0	207.44029	-25.364715	232.80501
95	cocaine_2;cocaine_14;LSD_2;LSD_2;LSD_2	ketamine	2-minus-14	open-minus-closed	2460.5228	90.674673	2369.8481
96	cocaine_14;cocaine_2;LSD_14;MDMA_2;LSD_14	ketamine	2	1	-3.1830202	11.415457	-14.598478
96	cocaine_14;cocaine_2;LSD_14;MDMA_2;LSD_14	ketamine	14	0	-1831.9342	-12243.798	10411.864
96	cocaine_14;cocaine_2;LSD_14;MDMA_2;LSD_14	ketamine	2-minus-14	open-minus-closed	1828.7511	12255.214	-10426.463
97	cocaine_14;cocaine_2;LSD_2;LSD_14;MDMA_2	ketamine	2	1	3086.096	62.327828	3023.7682
97	cocaine_14;cocaine_2;LSD_2;LSD_14;MDMA_2	ketamine	14	0	916.34325	-45.051533	961.39479
97	cocaine_14;cocaine_2;LSD_2;LSD_14;MDMA_2	ketamine	2-minus-14	open-minus-closed	2169.7528	107.37936	2062.3734
98	cocaine_2;cocaine_14;LSD_14;LSD_14;LSD_2	ketamine	2	1	2981.8592	62.748801	2919.1104
98	cocaine_2;cocaine_14;LSD_14;LSD_14;LSD_2	ketamine	14	0	97.368721	-33.88982	131.25854
98	cocaine_2;cocaine_14;LSD_14;LSD_14;LSD_2	ketamine	2-minus-14	open-minus-closed	2884.4905	96.638621	2787.8518
99	cocaine_2;cocaine_14;LSD_14;MDMA_2;MDMA_2	ketamine	2	1	-4.1015379	15.64203	-19.743568
99	cocaine_2;cocaine_14;LSD_14;MDMA_2;MDMA_2	ketamine	14	0	-2101.0789	-14036.698	11935.619
99	cocaine_2;cocaine_14;LSD_14;MDMA_2;MDMA_2	ketamine	2-minus-14	open-minus-closed	2096.9774	14052.34	-11955.363
100	cocaine_14;cocaine_14;LSD_14;MDMA_2;LSD_2	ketamine	2	1	1466.9074	39.728027	1427.1793
100	cocaine_14;cocaine_14;LSD_14;MDMA_2;LSD_2	ketamine	14	0	435.72322	15.921781	419.80144
100	cocaine_14;cocaine_14;LSD_14;MDMA_2;LSD_2	ketamine	2-minus-14	open-minus-closed	1031.1842	23.806246	1007.3779
101	cocaine_14;cocaine_14;LSD_2;LSD_14;MDMA_2	ketamine	2	1	1466.9074	39.728027	1427.1793
101	cocaine_14;cocaine_14;LSD_2;LSD_14;MDMA_2	ketamine	14	0	435.72322	15.921781	419.80144
101	cocaine_14;cocaine_14;LSD_2;LSD_14;MDMA_2	ketamine	2-minus-14	open-minus-closed	1031.1842	23.806246	1007.3779
102	cocaine_2;cocaine_14;LSD_14;LSD_2;LSD_2	ketamine	2	1	2396.7142	56.726328	2339.9879
102	cocaine_2;cocaine_14;LSD_14;LSD_2;LSD_2	ketamine	14	0	-67.496057	-34.204415	-33.291642
102	cocaine_2;cocaine_14;LSD_14;LSD_2;LSD_2	ketamine	2-minus-14	open-minus-closed	2464.2102	90.930743	2373.2795
103	cocaine_14;cocaine_14;LSD_14;LSD_2;LSD_2	ketamine	2	1	1267.8803	38.150228	1229.73
103	cocaine_14;cocaine_14;LSD_14;LSD_2;LSD_2	ketamine	14	0	375.97804	-158.82538	534.80342
103	cocaine_14;cocaine_14;LSD_14;LSD_2;LSD_2	ketamine	2-minus-14	open-minus-closed	891.90222	196.97561	694.92661
104	cocaine_2;cocaine_2;MDMA_2;LSD_14;MDMA_2	ketamine	2	1	647.16431	7.0423314	640.12198
104	cocaine_2;cocaine_2;MDMA_2;LSD_14;MDMA_2	ketamine	14	0	115.55198	51.75977	63.79221
104	cocaine_2;cocaine_2;MDMA_2;LSD_14;MDMA_2	ketamine	2-minus-14	open-minus-closed	531.61233	-44.717439	576.32977
105	cocaine_14;cocaine_2;MDMA_2;MDMA_2;LSD_14	ketamine	2	1	-4.1015379	15.64203	-19.743568
105	cocaine_14;cocaine_2;MDMA_2;MDMA_2;LSD_14	ketamine	14	0	-2101.0789	-14036.698	11935.619
105	cocaine_14;cocaine_2;MDMA_2;MDMA_2;LSD_14	ketamine	2-minus-14	open-minus-closed	2096.9774	14052.34	-11955.363
106	cocaine_2;cocaine_14;LSD_2;LSD_2;LSD_2	ketamine	2	1	2667.9631	65.309958	2602.6531
106	cocaine_2;cocaine_14;LSD_2;LSD_2;LSD_2	ketamine	14	0	207.44029	-25.364715	232.80501
106	cocaine_2;cocaine_14;LSD_2;LSD_2;LSD_2	ketamine	2-minus-14	open-minus-closed	2460.5228	90.674673	2369.8481
107	cocaine_2;cocaine_14;LSD_2;MDMA_2;MDMA_2	ketamine	2	1	4407.735	58.043662	4349.6913
107	cocaine_2;cocaine_14;LSD_2;MDMA_2;MDMA_2	ketamine	14	0	1305.4533	-40.367094	1345.8204
107	cocaine_2;cocaine_14;LSD_2;MDMA_2;MDMA_2	ketamine	2-minus-14	open-minus-closed	3102.2816	98.410756	3003.8709
108	cocaine_2;cocaine_14;MDMA_2;MDMA_2;LSD_14	ketamine	2	1	-4.1015379	15.64203	-19.743568
108	cocaine_2;cocaine_14;MDMA_2;MDMA_2;LSD_14	ketamine	14	0	-2101.0789	-14036.698	11935.619
108	cocaine_2;cocaine_14;MDMA_2;MDMA_2;LSD_14	ketamine	2-minus-14	open-minus-closed	2096.9774	14052.34	-11955.363
109	cocaine_14;cocaine_14;LSD_2;MDMA_2;LSD_2	ketamine	2	1	1917.0961	36.526786	1880.5693
109	cocaine_14;cocaine_14;LSD_2;MDMA_2;LSD_2	ketamine	14	0	586.17804	16.574617	569.60342
109	cocaine_14;cocaine_14;LSD_2;MDMA_2;LSD_2	ketamine	2-minus-14	open-minus-closed	1330.9181	19.952168	1310.9659
110	cocaine_14;cocaine_14;MDMA_2;LSD_14;LSD_2	ketamine	2	1	1466.9074	39.728027	1427.1793
110	cocaine_14;cocaine_14;MDMA_2;LSD_14;LSD_2	ketamine	14	0	435.72322	15.921781	419.80144
110	cocaine_14;cocaine_14;MDMA_2;LSD_14;LSD_2	ketamine	2-minus-14	open-minus-closed	1031.1842	23.806246	1007.3779
111	cocaine_14;cocaine_2;LSD_14;MDMA_2;LSD_14	ketamine	2	1	-3.1830202	11.415457	-14.598478
111	cocaine_14;cocaine_2;LSD_14;MDMA_2;LSD_14	ketamine	14	0	-1831.9342	-12243.798	10411.864
111	cocaine_14;cocaine_2;LSD_14;MDMA_2;LSD_14	ketamine	2-minus-14	open-minus-closed	1828.7511	12255.214	-10426.463
112	cocaine_14;cocaine_2;LSD_2;MDMA_2;LSD_14	ketamine	2	1	3086.096	62.327828	3023.7682
112	cocaine_14;cocaine_2;LSD_2;MDMA_2;LSD_14	ketamine	14	0	916.34325	-45.051533	961.39479
112	cocaine_14;cocaine_2;LSD_2;MDMA_2;LSD_14	ketamine	2-minus-14	open-minus-closed	2169.7528	107.37936	2062.3734
113	cocaine_2;cocaine_2;MDMA_2;MDMA_2;LSD_14	ketamine	2	1	647.16431	7.0423314	640.12198
113	cocaine_2;cocaine_2;MDMA_2;MDMA_2;LSD_14	ketamine	14	0	115.55198	51.75977	63.79221
113	cocaine_2;cocaine_2;MDMA_2;MDMA_2;LSD_14	ketamine	2-minus-14	open-minus-closed	531.61233	-44.717439	576.32977
114	cocaine_2;cocaine_14;MDMA_2;LSD_14;LSD_14	ketamine	2	1	-3.1830202	11.415457	-14.598478
114	cocaine_2;cocaine_14;MDMA_2;LSD_14;LSD_14	ketamine	14	0	-1831.9342	-12243.798	10411.864
114	cocaine_2;cocaine_14;MDMA_2;LSD_14;LSD_14	ketamine	2-minus-14	open-minus-closed	1828.7511	12255.214	-10426.463
115	cocaine_14;cocaine_14;LSD_2;LSD_14;LSD_2	ketamine	2	1	1267.8803	38.150228	1229.73
115	cocaine_14;cocaine_14;LSD_2;LSD_14;LSD_2	ketamine	14	0	375.97804	-158.82538	534.80342
115	cocaine_14;cocaine_14;LSD_2;LSD_14;LSD_2	ketamine	2-minus-14	open-minus-closed	891.90222	196.97561	694.92661
116	cocaine_2;cocaine_2;MDMA_2;MDMA_2;LSD_14	ketamine	2	1	647.16431	7.0423314	640.12198
116	cocaine_2;cocaine_2;MDMA_2;MDMA_2;LSD_14	ketamine	14	0	115.55198	51.75977	63.79221
116	cocaine_2;cocaine_2;MDMA_2;MDMA_2;LSD_14	ketamine	2-minus-14	open-minus-closed	531.61233	-44.717439	576.32977
117	cocaine_14;cocaine_2;MDMA_2;LSD_14;LSD_2	ketamine	2	1	3086.096	62.327828	3023.7682
117	cocaine_14;cocaine_2;MDMA_2;LSD_14;LSD_2	ketamine	14	0	916.34325	-45.051533	961.39479
117	cocaine_14;cocaine_2;MDMA_2;LSD_14;LSD_2	ketamine	2-minus-14	open-minus-closed	2169.7528	107.37936	2062.3734
118	cocaine_2;cocaine_14;LSD_14;LSD_14;MDMA_2	ketamine	2	1	-3.1830202	11.415457	-14.598478
118	cocaine_2;cocaine_14;LSD_14;LSD_14;MDMA_2	ketamine	14	0	-1831.9342	-12243.798	10411.864
118	cocaine_2;cocaine_14;LSD_14;LSD_14;MDMA_2	ketamine	2-minus-14	open-minus-closed	1828.7511	12255.214	-10426.463
119	cocaine_2;cocaine_2;MDMA_2;LSD_2;LSD_2	ketamine	2	1	3505.0121	47.852305	3457.1598
119	cocaine_2;cocaine_2;MDMA_2;LSD_2;LSD_2	ketamine	14	0	961.79467	45.219628	916.57504
119	cocaine_2;cocaine_2;MDMA_2;LSD_2;LSD_2	ketamine	2-minus-14	open-minus-closed	2543.2174	2.6326765	2540.5847
120	cocaine_14;cocaine_2;LSD_2;LSD_14;LSD_2	ketamine	2	1	2396.7142	56.726328	2339.9879
120	cocaine_14;cocaine_2;LSD_2;LSD_14;LSD_2	ketamine	14	0	-67.496057	-34.204415	-33.291642
120	cocaine_14;cocaine_2;LSD_2;LSD_14;LSD_2	ketamine	2-minus-14	open-minus-closed	2464.2102	90.930743	2373.2795
121	cocaine_2;cocaine_2;LSD_14;LSD_2;LSD_14	ketamine	2	1	3096.6542	43.333373	3053.3209
121	cocaine_2;cocaine_2;LSD_14;LSD_2;LSD_14	ketamine	14	0	240.7946	-59.466873	300.26148
121	cocaine_2;cocaine_2;LSD_14;LSD_2;LSD_14	ketamine	2-minus-14	open-minus-closed	2855.8596	102.80025	2753.0594
122	cocaine_14;cocaine_14;MDMA_2;LSD_2;MDMA_2	ketamine	2	1	2512.3286	34.363379	2477.9652
122	cocaine_14;cocaine_14;MDMA_2;LSD_2;MDMA_2	ketamine	14	0	755.16159	14.72992	740.43167
122	cocaine_14;cocaine_14;MDMA_2;LSD_2;MDMA_2	ketamine	2-minus-14	open-minus-closed	1757.167	19.63346	1737.5336
123	cocaine_2;cocaine_2;MDMA_2;LSD_2;MDMA_2	ketamine	2	1	4830.0376	51.559191	4778.4785
123	cocaine_2;cocaine_2;MDMA_2;LSD_2;MDMA_2	ketamine	14	0	1314.4724	40.023737	1274.4487
123	cocaine_2;cocaine_2;MDMA_2;LSD_2;MDMA_2	ketamine	2-minus-14	open-minus-closed	3515.5652	11.535454	3504.0298
124	cocaine_14;cocaine_14;LSD_14;LSD_2;MDMA_2	ketamine	2	1	1466.9074	39.728027	1427.1793
124	cocaine_14;cocaine_14;LSD_14;LSD_2;MDMA_2	ketamine	14	0	435.72322	15.921781	419.80144
124	cocaine_14;cocaine_14;LSD_14;LSD_2;MDMA_2	ketamine	2-minus-14	open-minus-closed	1031.1842	23.806246	1007.3779
125	cocaine_2;cocaine_14;LSD_2;LSD_2;LSD_2	ketamine	2	1	2667.9631	65.309958	2602.6531
125	cocaine_2;cocaine_14;LSD_2;LSD_2;LSD_2	ketamine	14	0	207.44029	-25.364715	232.80501
125	cocaine_2;cocaine_14;LSD_2;LSD_2;LSD_2	ketamine	2-minus-14	open-minus-closed	2460.5228	90.674673	2369.8481
126	cocaine_14;cocaine_14;LSD_2;LSD_2;LSD_14	ketamine	2	1	1267.8803	38.150228	1229.73
126	cocaine_14;cocaine_14;LSD_2;LSD_2;LSD_14	ketamine	14	0	375.97804	-158.82538	534.80342
126	cocaine_14;cocaine_14;LSD_2;LSD_2;LSD_14	ketamine	2-minus-14	open-minus-closed	891.90222	196.97561	694.92661
127	cocaine_2;cocaine_14;MDMA_2;LSD_14;MDMA_2	ketamine	2	1	-4.1015379	15.64203	-19.743568
127	cocaine_2;cocaine_14;MDMA_2;LSD_14;MDMA_2	ketamine	14	0	-2101.0789	-14036.698	11935.619
127	cocaine_2;cocaine_14;MDMA_2;LSD_14;MDMA_2	ketamine	2-minus-14	open-minus-closed	2096.9774	14052.34	-11955.363
128	cocaine_14;cocaine_2;LSD_2;MDMA_2;LSD_14	ketamine	2	1	3086.096	62.327828	3023.7682
128	cocaine_14;cocaine_2;LSD_2;MDMA_2;LSD_14	ketamine	14	0	916.34325	-45.051533	961.39479
128	cocaine_14;cocaine_2;LSD_2;MDMA_2;LSD_14	ketamine	2-minus-14	open-minus-closed	2169.7528	107.37936	2062.3734
129	cocaine_14;cocaine_14;MDMA_2;LSD_2;MDMA_2	ketamine	2	1	2512.3286	34.363379	2477.9652
129	cocaine_14;cocaine_14;MDMA_2;LSD_2;MDMA_2	ketamine	14	0	755.16159	14.72992	740.43167
129	cocaine_14;cocaine_14;MDMA_2;LSD_2;MDMA_2	ketamine	2-minus-14	open-minus-closed	1757.167	19.63346	1737.5336
130	cocaine_2;cocaine_2;MDMA_2;MDMA_2;MDMA_2	ketamine	2	1	14017.383	-23.751941	14041.135
130	cocaine_2;cocaine_2;MDMA_2;MDMA_2;MDMA_2	ketamine	14	0	81.345478	57.896632	23.448846
130	cocaine_2;cocaine_2;MDMA_2;MDMA_2;MDMA_2	ketamine	2-minus-14	open-minus-closed	13936.038	-81.648573	14017.686
131	cocaine_14;cocaine_14;MDMA_2;MDMA_2;MDMA_2	ketamine	2	1	-31.504559	-82.304088	50.799528
131	cocaine_14;cocaine_14;MDMA_2;MDMA_2;MDMA_2	ketamine	14	0	-1886.6131	-12190.943	10304.33
131	cocaine_14;cocaine_14;MDMA_2;MDMA_2;MDMA_2	ketamine	2-minus-14	open-minus-closed	1855.1086	12108.639	-10253.53
132	cocaine_2;cocaine_2;MDMA_2;LSD_2;LSD_14	ketamine	2	1	3606.1542	58.741504	3547.4127
132	cocaine_2;cocaine_2;MDMA_2;LSD_2;LSD_14	ketamine	14	0	984.70155	26.754908	957.94664
132	cocaine_2;cocaine_2;MDMA_2;LSD_2;LSD_14	ketamine	2-minus-14	open-minus-closed	2621.4527	31.986595	2589.4661
133	cocaine_2;cocaine_2;MDMA_2;MDMA_2;LSD_2	ketamine	2	1	4830.0376	51.559191	4778.4785
133	cocaine_2;cocaine_2;MDMA_2;MDMA_2;LSD_2	ketamine	14	0	1314.4724	40.023737	1274.4487
133	cocaine_2;cocaine_2;MDMA_2;MDMA_2;LSD_2	ketamine	2-minus-14	open-minus-closed	3515.5652	11.535454	3504.0298
134	cocaine_14;cocaine_2;MDMA_2;MDMA_2;MDMA_2	ketamine	2	1	-5.2879591	-39.02793	33.739971
134	cocaine_14;cocaine_2;MDMA_2;MDMA_2;MDMA_2	ketamine	14	0	-2113.6056	-13828.616	11715.01
134	cocaine_14;cocaine_2;MDMA_2;MDMA_2;MDMA_2	ketamine	2-minus-14	open-minus-closed	2108.3177	13789.588	-11681.27
135	cocaine_14;cocaine_14;LSD_14;LSD_14;LSD_14	ketamine	2	1	17286.023	29487.942	-12201.919
135	cocaine_14;cocaine_14;LSD_14;LSD_14;LSD_14	ketamine	14	0	16107.657	18146.329	-2038.672
135	cocaine_14;cocaine_14;LSD_14;LSD_14;LSD_14	ketamine	2-minus-14	open-minus-closed	1178.366	11341.613	-10163.247
136	cocaine_14;cocaine_14;MDMA_2;MDMA_2;MDMA_2	ketamine	2	1	-31.504559	-82.304088	50.799528
136	cocaine_14;cocaine_14;MDMA_2;MDMA_2;MDMA_2	ketamine	14	0	-1886.6131	-12190.943	10304.33
136	cocaine_14;cocaine_14;MDMA_2;MDMA_2;MDMA_2	ketamine	2-minus-14	open-minus-closed	1855.1086	12108.639	-10253.53
137	cocaine_2;cocaine_2;LSD_2;LSD_14;LSD_2	ketamine	2	1	2577.2015	37.51062	2539.6909
137	cocaine_2;cocaine_2;LSD_2;LSD_14;LSD_2	ketamine	14	0	94.749123	-43.132225	137.88135
137	cocaine_2;cocaine_2;LSD_2;LSD_14;LSD_2	ketamine	2-minus-14	open-minus-closed	2482.4523	80.642845	2401.8095
138	cocaine_14;cocaine_14;LSD_14;MDMA_2;LSD_2	ketamine	2	1	1466.9074	39.728027	1427.1793
138	cocaine_14;cocaine_14;LSD_14;MDMA_2;LSD_2	ketamine	14	0	435.72322	15.921781	419.80144
138	cocaine_14;cocaine_14;LSD_14;MDMA_2;LSD_2	ketamine	2-minus-14	open-minus-closed	1031.1842	23.806246	1007.3779
139	cocaine_14;cocaine_14;LSD_2;LSD_2;MDMA_2	ketamine	2	1	1917.0961	36.526786	1880.5693
139	cocaine_14;cocaine_14;LSD_2;LSD_2;MDMA_2	ketamine	14	0	586.17804	16.574617	569.60342
139	cocaine_14;cocaine_14;LSD_2;LSD_2;MDMA_2	ketamine	2-minus-14	open-minus-closed	1330.9181	19.952168	1310.9659
140	cocaine_2;cocaine_2;MDMA_2;LSD_14;MDMA_2	ketamine	2	1	647.16431	7.0423314	640.12198
140	cocaine_2;cocaine_2;MDMA_2;LSD_14;MDMA_2	ketamine	14	0	115.55198	51.75977	63.79221
140	cocaine_2;cocaine_2;MDMA_2;LSD_14;MDMA_2	ketamine	2-minus-14	open-minus-closed	531.61233	-44.717439	576.32977
141	cocaine_14;cocaine_2;LSD_14;MDMA_2;MDMA_2	ketamine	2	1	-4.1015379	15.64203	-19.743568
141	cocaine_14;cocaine_2;LSD_14;MDMA_2;MDMA_2	ketamine	14	0	-2101.0789	-14036.698	11935.619
141	cocaine_14;cocaine_2;LSD_14;MDMA_2;MDMA_2	ketamine	2-minus-14	open-minus-closed	2096.9774	14052.34	-11955.363
142	cocaine_14;cocaine_2;LSD_2;LSD_14;MDMA_2	ketamine	2	1	3086.096	62.327828	3023.7682
142	cocaine_14;cocaine_2;LSD_2;LSD_14;MDMA_2	ketamine	14	0	916.34325	-45.051533	961.39479
142	cocaine_14;cocaine_2;LSD_2;LSD_14;MDMA_2	ketamine	2-minus-14	open-minus-closed	2169.7528	107.37936	2062.3734
143	cocaine_14;cocaine_2;LSD_14;LSD_2;LSD_2	ketamine	2	1	2396.7142	56.726328	2339.9879
143	cocaine_14;cocaine_2;LSD_14;LSD_2;LSD_2	ketamine	14	0	-67.496057	-34.204415	-33.291642
143	cocaine_14;cocaine_2;LSD_14;LSD_2;LSD_2	ketamine	2-minus-14	open-minus-closed	2464.2102	90.930743	2373.2795
144	cocaine_2;cocaine_2;LSD_2;LSD_14;MDMA_2	ketamine	2	1	3606.1542	58.741504	3547.4127
144	cocaine_2;cocaine_2;LSD_2;LSD_14;MDMA_2	ketamine	14	0	984.70155	26.754908	957.94664
144	cocaine_2;cocaine_2;LSD_2;LSD_14;MDMA_2	ketamine	2-minus-14	open-minus-closed	2621.4527	31.986595	2589.4661
145	cocaine_2;cocaine_2;LSD_14;LSD_2;MDMA_2	ketamine	2	1	3606.1542	58.741504	3547.4127
145	cocaine_2;cocaine_2;LSD_14;LSD_2;MDMA_2	ketamine	14	0	984.70155	26.754908	957.94664
145	cocaine_2;cocaine_2;LSD_14;LSD_2;MDMA_2	ketamine	2-minus-14	open-minus-closed	2621.4527	31.986595	2589.4661
146	cocaine_14;cocaine_2;LSD_2;LSD_14;MDMA_2	ketamine	2	1	3086.096	62.327828	3023.7682
146	cocaine_14;cocaine_2;LSD_2;LSD_14;MDMA_2	ketamine	14	0	916.34325	-45.051533	961.39479
146	cocaine_14;cocaine_2;LSD_2;LSD_14;MDMA_2	ketamine	2-minus-14	open-minus-closed	2169.7528	107.37936	2062.3734
147	cocaine_14;cocaine_14;MDMA_2;LSD_14;LSD_14	ketamine	2	1	19189.677	32738.362	-13548.685
147	cocaine_14;cocaine_14;MDMA_2;LSD_14;LSD_14	ketamine	14	0	17486.892	16833.236	653.65608
147	cocaine_14;cocaine_14;MDMA_2;LSD_14;LSD_14	ketamine	2-minus-14	open-minus-closed	1702.7848	15905.126	-14202.341
148	cocaine_2;cocaine_2;LSD_2;MDMA_2;LSD_14	ketamine	2	1	3606.1542	58.741504	3547.4127
148	cocaine_2;cocaine_2;LSD_2;MDMA_2;LSD_14	ketamine	14	0	984.70155	26.754908	957.94664
148	cocaine_2;cocaine_2;LSD_2;MDMA_2;LSD_14	ketamine	2-minus-14	open-minus-closed	2621.4527	31.986595	2589.4661
149	cocaine_2;cocaine_2;LSD_14;MDMA_2;LSD_14	ketamine	2	1	628.23033	-3.4357152	631.66605
149	cocaine_2;cocaine_2;LSD_14;MDMA_2;LSD_14	ketamine	14	0	132.12367	30.010154	102.11351
149	cocaine_2;cocaine_2;LSD_14;MDMA_2;LSD_14	ketamine	2-minus-14	open-minus-closed	496.10667	-33.445869	529.55254
150	cocaine_14;cocaine_14;LSD_2;MDMA_2;LSD_14	ketamine	2	1	1466.9074	39.728027	1427.1793
150	cocaine_14;cocaine_14;LSD_2;MDMA_2;LSD_14	ketamine	14	0	435.72322	15.921781	419.80144
150	cocaine_14;cocaine_14;LSD_2;MDMA_2;LSD_14	ketamine	2-minus-14	open-minus-closed	1031.1842	23.806246	1007.3779
151	cocaine_2;cocaine_14;LSD_14;LSD_2;LSD_2	ketamine	2	1	2396.7142	56.726328	2339.9879
151	cocaine_2;cocaine_14;LSD_14;LSD_2;LSD_2	ketamine	14	0	-67.496057	-34.204415	-33.291642
151	cocaine_2;cocaine_14;LSD_14;LSD_2;LSD_2	ketamine	2-minus-14	open-minus-closed	2464.2102	90.930743	2373.2795
152	cocaine_14;cocaine_2;MDMA_2;MDMA_2;LSD_2	ketamine	2	1	4407.735	58.043662	4349.6913
152	cocaine_14;cocaine_2;MDMA_2;MDMA_2;LSD_2	ketamine	14	0	1305.4533	-40.367094	1345.8204
152	cocaine_14;cocaine_2;MDMA_2;MDMA_2;LSD_2	ketamine	2-minus-14	open-minus-closed	3102.2816	98.410756	3003.8709
153	cocaine_14;cocaine_2;MDMA_2;LSD_14;MDMA_2	ketamine	2	1	-4.1015379	15.64203	-19.743568
153	cocaine_14;cocaine_2;MDMA_2;LSD_14;MDMA_2	ketamine	14	0	-2101.0789	-14036.698	11935.619
153	cocaine_14;cocaine_2;MDMA_2;LSD_14;MDMA_2	ketamine	2-minus-14	open-minus-closed	2096.9774	14052.34	-11955.363
154	cocaine_14;cocaine_2;LSD_2;MDMA_2;LSD_2	ketamine	2	1	3221.5409	57.815797	3163.7251
154	cocaine_14;cocaine_2;LSD_2;MDMA_2;LSD_2	ketamine	14	0	964.32729	-38.341385	1002.6687
154	cocaine_14;cocaine_2;LSD_2;MDMA_2;LSD_2	ketamine	2-minus-14	open-minus-closed	2257.2136	96.157182	2161.0564
155	cocaine_14;cocaine_2;MDMA_2;LSD_2;MDMA_2	ketamine	2	1	4407.735	58.043662	4349.6913
155	cocaine_14;cocaine_2;MDMA_2;LSD_2;MDMA_2	ketamine	14	0	1305.4533	-40.367094	1345.8204
155	cocaine_14;cocaine_2;MDMA_2;LSD_2;MDMA_2	ketamine	2-minus-14	open-minus-closed	3102.2816	98.410756	3003.8709
156	cocaine_14;cocaine_14;MDMA_2;MDMA_2;MDMA_2	ketamine	2	1	-31.504559	-82.304088	50.799528
156	cocaine_14;cocaine_14;MDMA_2;MDMA_2;MDMA_2	ketamine	14	0	-1886.6131	-12190.943	10304.33
156	cocaine_14;cocaine_14;MDMA_2;MDMA_2;MDMA_2	ketamine	2-minus-14	open-minus-closed	1855.1086	12108.639	-10253.53
157	cocaine_14;cocaine_2;MDMA_2;LSD_14;MDMA_2	ketamine	2	1	-4.1015379	15.64203	-19.743568
157	cocaine_14;cocaine_2;MDMA_2;LSD_14;MDMA_2	ketamine	14	0	-2101.0789	-14036.698	11935.619
157	cocaine_14;cocaine_2;MDMA_2;LSD_14;MDMA_2	ketamine	2-minus-14	open-minus-closed	2096.9774	14052.34	-11955.363
158	cocaine_2;cocaine_14;LSD_2;LSD_2;MDMA_2	ketamine	2	1	3221.5409	57.815797	3163.7251
158	cocaine_2;cocaine_14;LSD_2;LSD_2;MDMA_2	ketamine	14	0	964.32729	-38.341385	1002.6687
158	cocaine_2;cocaine_14;LSD_2;LSD_2;MDMA_2	ketamine	2-minus-14	open-minus-closed	2257.2136	96.157182	2161.0564
159	cocaine_2;cocaine_2;LSD_14;LSD_2;LSD_2	ketamine	2	1	2577.2015	37.51062	2539.6909
159	cocaine_2;cocaine_2;LSD_14;LSD_2;LSD_2	ketamine	14	0	94.749123	-43.132225	137.88135
159	cocaine_2;cocaine_2;LSD_14;LSD_2;LSD_2	ketamine	2-minus-14	open-minus-closed	2482.4523	80.642845	2401.8095
160	cocaine_2;cocaine_2;MDMA_2;MDMA_2;LSD_2	ketamine	2	1	4830.0376	51.559191	4778.4785
160	cocaine_2;cocaine_2;MDMA_2;MDMA_2;LSD_2	ketamine	14	0	1314.4724	40.023737	1274.4487
160	cocaine_2;cocaine_2;MDMA_2;MDMA_2;LSD_2	ketamine	2-minus-14	open-minus-closed	3515.5652	11.535454	3504.0298
161	cocaine_2;cocaine_2;MDMA_2;MDMA_2;LSD_2	ketamine	2	1	4830.0376	51.559191	4778.4785
161	cocaine_2;cocaine_2;MDMA_2;MDMA_2;LSD_2	ketamine	14	0	1314.4724	40.023737	1274.4487
161	cocaine_2;cocaine_2;MDMA_2;MDMA_2;LSD_2	ketamine	2-minus-14	open-minus-closed	3515.5652	11.535454	3504.0298
162	cocaine_14;cocaine_2;LSD_2;MDMA_2;LSD_14	ketamine	2	1	3086.096	62.327828	3023.7682
162	cocaine_14;cocaine_2;LSD_2;MDMA_2;LSD_14	ketamine	14	0	916.34325	-45.051533	961.39479
162	cocaine_14;cocaine_2;LSD_2;MDMA_2;LSD_14	ketamine	2-minus-14	open-minus-closed	2169.7528	107.37936	2062.3734
163	cocaine_2;cocaine_14;LSD_2;LSD_2;LSD_2	ketamine	2	1	2667.9631	65.309958	2602.6531
163	cocaine_2;cocaine_14;LSD_2;LSD_2;LSD_2	ketamine	14	0	207.44029	-25.364715	232.80501
163	cocaine_2;cocaine_14;LSD_2;LSD_2;LSD_2	ketamine	2-minus-14	open-minus-closed	2460.5228	90.674673	2369.8481
164	cocaine_14;cocaine_2;LSD_14;MDMA_2;LSD_2	ketamine	2	1	3086.096	62.327828	3023.7682
164	cocaine_14;cocaine_2;LSD_14;MDMA_2;LSD_2	ketamine	14	0	916.34325	-45.051533	961.39479
164	cocaine_14;cocaine_2;LSD_14;MDMA_2;LSD_2	ketamine	2-minus-14	open-minus-closed	2169.7528	107.37936	2062.3734
165	cocaine_14;cocaine_14;LSD_2;LSD_2;LSD_2	ketamine	2	1	1709.4573	44.395245	1665.0621
165	cocaine_14;cocaine_14;LSD_2;LSD_2;LSD_2	ketamine	14	0	528.51227	-118.62685	647.13913
165	cocaine_14;cocaine_14;LSD_2;LSD_2;LSD_2	ketamine	2-minus-14	open-minus-closed	1180.9451	163.0221	1017.923
166	cocaine_14;cocaine_2;MDMA_2;LSD_14;MDMA_2	ketamine	2	1	-4.1015379	15.64203	-19.743568
166	cocaine_14;cocaine_2;MDMA_2;LSD_14;MDMA_2	ketamine	14	0	-2101.0789	-14036.698	11935.619
166	cocaine_14;cocaine_2;MDMA_2;LSD_14;MDMA_2	ketamine	2-minus-14	open-minus-closed	2096.9774	14052.34	-11955.363
167	cocaine_14;cocaine_2;LSD_2;MDMA_2;LSD_2	ketamine	2	1	3221.5409	57.815797	3163.7251
167	cocaine_14;cocaine_2;LSD_2;MDMA_2;LSD_2	ketamine	14	0	964.32729	-38.341385	1002.6687
167	cocaine_14;cocaine_2;LSD_2;MDMA_2;LSD_2	ketamine	2-minus-14	open-minus-closed	2257.2136	96.157182	2161.0564
168	cocaine_14;cocaine_14;LSD_14;LSD_14;LSD_2	ketamine	2	1	1355.017	38.832429	1316.1845
168	cocaine_14;cocaine_14;LSD_14;LSD_14;LSD_2	ketamine	14	0	401.76057	-165.27445	567.03503
168	cocaine_14;cocaine_14;LSD_14;LSD_14;LSD_2	ketamine	2-minus-14	open-minus-closed	953.2564	204.10688	749.14952
169	cocaine_14;cocaine_14;LSD_14;LSD_14;LSD_2	ketamine	2	1	1355.017	38.832429	1316.1845
169	cocaine_14;cocaine_14;LSD_14;LSD_14;LSD_2	ketamine	14	0	401.76057	-165.27445	567.03503
169	cocaine_14;cocaine_14;LSD_14;LSD_14;LSD_2	ketamine	2-minus-14	open-minus-closed	953.2564	204.10688	749.14952
170	cocaine_2;cocaine_2;MDMA_2;LSD_14;MDMA_2	ketamine	2	1	647.16431	7.0423314	640.12198
170	cocaine_2;cocaine_2;MDMA_2;LSD_14;MDMA_2	ketamine	14	0	115.55198	51.75977	63.79221
170	cocaine_2;cocaine_2;MDMA_2;LSD_14;MDMA_2	ketamine	2-minus-14	open-minus-closed	531.61233	-44.717439	576.32977
171	cocaine_14;cocaine_2;LSD_14;MDMA_2;LSD_14	ketamine	2	1	-3.1830202	11.415457	-14.598478
171	cocaine_14;cocaine_2;LSD_14;MDMA_2;LSD_14	ketamine	14	0	-1831.9342	-12243.798	10411.864
171	cocaine_14;cocaine_2;LSD_14;MDMA_2;LSD_14	ketamine	2-minus-14	open-minus-closed	1828.7511	12255.214	-10426.463
172	cocaine_2;cocaine_14;LSD_2;LSD_2;MDMA_2	ketamine	2	1	3221.5409	57.815797	3163.7251
172	cocaine_2;cocaine_14;LSD_2;LSD_2;MDMA_2	ketamine	14	0	964.32729	-38.341385	1002.6687
172	cocaine_2;cocaine_14;LSD_2;LSD_2;MDMA_2	ketamine	2-minus-14	open-minus-closed	2257.2136	96.157182	2161.0564
173	cocaine_14;cocaine_2;MDMA_2;LSD_14;LSD_2	ketamine	2	1	3086.096	62.327828	3023.7682
173	cocaine_14;cocaine_2;MDMA_2;LSD_14;LSD_2	ketamine	14	0	916.34325	-45.051533	961.39479
173	cocaine_14;cocaine_2;MDMA_2;LSD_14;LSD_2	ketamine	2-minus-14	open-minus-closed	2169.7528	107.37936	2062.3734
174	cocaine_14;cocaine_14;LSD_14;LSD_14;LSD_14	ketamine	2	1	17286.023	29487.942	-12201.919
174	cocaine_14;cocaine_14;LSD_14;LSD_14;LSD_14	ketamine	14	0	16107.657	18146.329	-2038.672
174	cocaine_14;cocaine_14;LSD_14;LSD_14;LSD_14	ketamine	2-minus-14	open-minus-closed	1178.366	11341.613	-10163.247
175	cocaine_14;cocaine_14;LSD_14;LSD_2;LSD_14	ketamine	2	1	1355.017	38.832429	1316.1845
175	cocaine_14;cocaine_14;LSD_14;LSD_2;LSD_14	ketamine	14	0	401.76057	-165.27445	567.03503
175	cocaine_14;cocaine_14;LSD_14;LSD_2;LSD_14	ketamine	2-minus-14	open-minus-closed	953.2564	204.10688	749.14952
176	cocaine_14;cocaine_2;LSD_14;LSD_2;LSD_14	ketamine	2	1	2981.8592	62.748801	2919.1104
176	cocaine_14;cocaine_2;LSD_14;LSD_2;LSD_14	ketamine	14	0	97.368721	-33.88982	131.25854
176	cocaine_14;cocaine_2;LSD_14;LSD_2;LSD_14	ketamine	2-minus-14	open-minus-closed	2884.4905	96.638621	2787.8518
177	cocaine_14;cocaine_2;LSD_14;MDMA_2;LSD_14	ketamine	2	1	-3.1830202	11.415457	-14.598478
177	cocaine_14;cocaine_2;LSD_14;MDMA_2;LSD_14	ketamine	14	0	-1831.9342	-12243.798	10411.864
177	cocaine_14;cocaine_2;LSD_14;MDMA_2;LSD_14	ketamine	2-minus-14	open-minus-closed	1828.7511	12255.214	-10426.463
178	cocaine_14;cocaine_2;LSD_14;LSD_2;MDMA_2	ketamine	2	1	3086.096	62.327828	3023.7682
178	cocaine_14;cocaine_2;LSD_14;LSD_2;MDMA_2	ketamine	14	0	916.34325	-45.051533	961.39479
178	cocaine_14;cocaine_2;LSD_14;LSD_2;MDMA_2	ketamine	2-minus-14	open-minus-closed	2169.7528	107.37936	2062.3734
179	cocaine_14;cocaine_2;MDMA_2;LSD_14;LSD_14	ketamine	2	1	-3.1830202	11.415457	-14.598478
179	cocaine_14;cocaine_2;MDMA_2;LSD_14;LSD_14	ketamine	14	0	-1831.9342	-12243.798	10411.864
179	cocaine_14;cocaine_2;MDMA_2;LSD_14;LSD_14	ketamine	2-minus-14	open-minus-closed	1828.7511	12255.214	-10426.463
180	cocaine_2;cocaine_2;MDMA_2;MDMA_2;LSD_14	ketamine	2	1	647.16431	7.0423314	640.12198
180	cocaine_2;cocaine_2;MDMA_2;MDMA_2;LSD_14	ketamine	14	0	115.55198	51.75977	63.79221
180	cocaine_2;cocaine_2;MDMA_2;MDMA_2;LSD_14	ketamine	2-minus-14	open-minus-closed	531.61233	-44.717439	576.32977
181	cocaine_14;cocaine_2;LSD_2;LSD_14;LSD_14	ketamine	2	1	2981.8592	62.748801	2919.1104
181	cocaine_14;cocaine_2;LSD_2;LSD_14;LSD_14	ketamine	14	0	97.368721	-33.88982	131.25854
181	cocaine_14;cocaine_2;LSD_2;LSD_14;LSD_14	ketamine	2-minus-14	open-minus-closed	2884.4905	96.638621	2787.8518
182	cocaine_14;cocaine_14;LSD_2;LSD_2;MDMA_2	ketamine	2	1	1917.0961	36.526786	1880.5693
182	cocaine_14;cocaine_14;LSD_2;LSD_2;MDMA_2	ketamine	14	0	586.17804	16.574617	569.60342
182	cocaine_14;cocaine_14;LSD_2;LSD_2;MDMA_2	ketamine	2-minus-14	open-minus-closed	1330.9181	19.952168	1310.9659
183	cocaine_14;cocaine_2;MDMA_2;LSD_2;LSD_2	ketamine	2	1	3221.5409	57.815797	3163.7251
183	cocaine_14;cocaine_2;MDMA_2;LSD_2;LSD_2	ketamine	14	0	964.32729	-38.341385	1002.6687
183	cocaine_14;cocaine_2;MDMA_2;LSD_2;LSD_2	ketamine	2-minus-14	open-minus-closed	2257.2136	96.157182	2161.0564
184	cocaine_14;cocaine_2;LSD_14;LSD_14;LSD_2	ketamine	2	1	2981.8592	62.748801	2919.1104
184	cocaine_14;cocaine_2;LSD_14;LSD_14;LSD_2	ketamine	14	0	97.368721	-33.88982	131.25854
184	cocaine_14;cocaine_2;LSD_14;LSD_14;LSD_2	ketamine	2-minus-14	open-minus-closed	2884.4905	96.638621	2787.8518
185	cocaine_14;cocaine_2;LSD_14;MDMA_2;LSD_14	ketamine	2	1	-3.1830202	11.415457	-14.598478
185	cocaine_14;cocaine_2;LSD_14;MDMA_2;LSD_14	ketamine	14	0	-1831.9342	-12243.798	10411.864
185	cocaine_14;cocaine_2;LSD_14;MDMA_2;LSD_14	ketamine	2-minus-14	open-minus-closed	1828.7511	12255.214	-10426.463
186	cocaine_2;cocaine_2;MDMA_2;LSD_2;MDMA_2	ketamine	2	1	4830.0376	51.559191	4778.4785
186	cocaine_2;cocaine_2;MDMA_2;LSD_2;MDMA_2	ketamine	14	0	1314.4724	40.023737	1274.4487
186	cocaine_2;cocaine_2;MDMA_2;LSD_2;MDMA_2	ketamine	2-minus-14	open-minus-closed	3515.5652	11.535454	3504.0298
187	cocaine_2;cocaine_2;MDMA_2;LSD_14;LSD_2	ketamine	2	1	3606.1542	58.741504	3547.4127
187	cocaine_2;cocaine_2;MDMA_2;LSD_14;LSD_2	ketamine	14	0	984.70155	26.754908	957.94664
187	cocaine_2;cocaine_2;MDMA_2;LSD_14;LSD_2	ketamine	2-minus-14	open-minus-closed	2621.4527	31.986595	2589.4661
188	cocaine_2;cocaine_2;LSD_14;LSD_14;LSD_2	ketamine	2	1	3096.6542	43.333373	3053.3209
188	cocaine_2;cocaine_2;LSD_14;LSD_14;LSD_2	ketamine	14	0	240.7946	-59.466873	300.26148
188	cocaine_2;cocaine_2;LSD_14;LSD_14;LSD_2	ketamine	2-minus-14	open-minus-closed	2855.8596	102.80025	2753.0594
189	cocaine_2;cocaine_2;LSD_14;LSD_2;LSD_2	ketamine	2	1	2577.2015	37.51062	2539.6909
189	cocaine_2;cocaine_2;LSD_14;LSD_2;LSD_2	ketamine	14	0	94.749123	-43.132225	137.88135
189	cocaine_2;cocaine_2;LSD_14;LSD_2;LSD_2	ketamine	2-minus-14	open-minus-closed	2482.4523	80.642845	2401.8095
190	cocaine_2;cocaine_14;MDMA_2;LSD_14;LSD_2	ketamine	2	1	3086.096	62.327828	3023.7682
190	cocaine_2;cocaine_14;MDMA_2;LSD_14;LSD_2	ketamine	14	0	916.34325	-45.051533	961.39479
190	cocaine_2;cocaine_14;MDMA_2;LSD_14;LSD_2	ketamine	2-minus-14	open-minus-closed	2169.7528	107.37936	2062.3734
191	cocaine_2;cocaine_2;LSD_2;LSD_14;MDMA_2	ketamine	2	1	3606.1542	58.741504	3547.4127
191	cocaine_2;cocaine_2;LSD_2;LSD_14;MDMA_2	ketamine	14	0	984.70155	26.754908	957.94664
191	cocaine_2;cocaine_2;LSD_2;LSD_14;MDMA_2	ketamine	2-minus-14	open-minus-closed	2621.4527	31.986595	2589.4661
192	cocaine_2;cocaine_2;LSD_2;LSD_2;LSD_14	ketamine	2	1	2577.2015	37.51062	2539.6909
192	cocaine_2;cocaine_2;LSD_2;LSD_2;LSD_14	ketamine	14	0	94.749123	-43.132225	137.88135
192	cocaine_2;cocaine_2;LSD_2;LSD_2;LSD_14	ketamine	2-minus-14	open-minus-closed	2482.4523	80.642845	2401.8095
193	cocaine_14;cocaine_14;MDMA_2;LSD_2;MDMA_2	ketamine	2	1	2512.3286	34.363379	2477.9652
193	cocaine_14;cocaine_14;MDMA_2;LSD_2;MDMA_2	ketamine	14	0	755.16159	14.72992	740.43167
193	cocaine_14;cocaine_14;MDMA_2;LSD_2;MDMA_2	ketamine	2-minus-14	open-minus-closed	1757.167	19.63346	1737.5336
194	cocaine_2;cocaine_2;LSD_2;MDMA_2;LSD_14	ketamine	2	1	3606.1542	58.741504	3547.4127
194	cocaine_2;cocaine_2;LSD_2;MDMA_2;LSD_14	ketamine	14	0	984.70155	26.754908	957.94664
194	cocaine_2;cocaine_2;LSD_2;MDMA_2;LSD_14	ketamine	2-minus-14	open-minus-closed	2621.4527	31.986595	2589.4661
195	cocaine_14;cocaine_2;MDMA_2;LSD_2;LSD_2	ketamine	2	1	3221.5409	57.815797	3163.7251
195	cocaine_14;cocaine_2;MDMA_2;LSD_2;LSD_2	ketamine	14	0	964.32729	-38.341385	1002.6687
195	cocaine_14;cocaine_2;MDMA_2;LSD_2;LSD_2	ketamine	2-minus-14	open-minus-closed	2257.2136	96.157182	2161.0564
196	cocaine_14;cocaine_14;LSD_2;MDMA_2;LSD_2	ketamine	2	1	1917.0961	36.526786	1880.5693
196	cocaine_14;cocaine_14;LSD_2;MDMA_2;LSD_2	ketamine	14	0	586.17804	16.574617	569.60342
196	cocaine_14;cocaine_14;LSD_2;MDMA_2;LSD_2	ketamine	2-minus-14	open-minus-closed	1330.9181	19.952168	1310.9659
197	cocaine_14;cocaine_2;LSD_2;MDMA_2;LSD_2	ketamine	2	1	3221.5409	57.815797	3163.7251
197	cocaine_14;cocaine_2;LSD_2;MDMA_2;LSD_2	ketamine	14	0	964.32729	-38.341385	1002.6687
197	cocaine_14;cocaine_2;LSD_2;MDMA_2;LSD_2	ketamine	2-minus-14	open-minus-closed	2257.2136	96.157182	2161.0564
198	cocaine_14;cocaine_14;MDMA_2;MDMA_2;MDMA_2	ketamine	2	1	-31.504559	-82.304088	50.799528
198	cocaine_14;cocaine_14;MDMA_2;MDMA_2;MDMA_2	ketamine	14	0	-1886.6131	-12190.943	10304.33
198	cocaine_14;cocaine_14;MDMA_2;MDMA_2;MDMA_2	ketamine	2-minus-14	open-minus-closed	1855.1086	12108.639	-10253.53
199	cocaine_14;cocaine_2;MDMA_2;LSD_14;LSD_2	ketamine	2	1	3086.096	62.327828	3023.7682
199	cocaine_14;cocaine_2;MDMA_2;LSD_14;LSD_2	ketamine	14	0	916.34325	-45.051533	961.39479
199	cocaine_14;cocaine_2;MDMA_2;LSD_14;LSD_2	ketamine	2-minus-14	open-minus-closed	2169.7528	107.37936	2062.3734
0	cocaine_2;ketamine_14;ketamine_14;ketamine_2;ketamine_2	LSD	2	1	271.48426	-18.228548	289.7128
0	cocaine_2;ketamine_14;ketamine_14;ketamine_2;ketamine_2	LSD	14	1	-2196.1951	-76.126427	-2120.0687
1	ketamine_14;ketamine_14;cocaine_14;MDMA_2;ketamine_2	LSD	2	1	373.70345	-6.4613448	380.16479
1	ketamine_14;ketamine_14;cocaine_14;MDMA_2;ketamine_2	LSD	14	1	-3863.9038	242510.37	-246374.28
2	ketamine_14;cocaine_14;cocaine_2;ketamine_2;ketamine_2	LSD	2	1	333.09735	-6.1587833	339.25613
2	ketamine_14;cocaine_14;cocaine_2;ketamine_2;ketamine_2	LSD	14	1	-3634.8254	-29.364113	-3605.4612
3	ketamine_14;ketamine_14;ketamine_14;ketamine_2;MDMA_2	LSD	2	1	280.72181	-28.406075	309.12789
3	ketamine_14;ketamine_14;ketamine_14;ketamine_2;MDMA_2	LSD	14	1	-2864.4189	174755.01	-177619.43
4	cocaine_14;cocaine_2;ketamine_14;ketamine_2;ketamine_2	LSD	2	1	333.09735	-6.1587833	339.25613
4	cocaine_14;cocaine_2;ketamine_14;ketamine_2;ketamine_2	LSD	14	1	-3634.8254	-29.364113	-3605.4612
5	cocaine_14;ketamine_14;cocaine_14;ketamine_2;MDMA_2	LSD	2	1	388.17304	-8.4034147	396.57645
5	cocaine_14;ketamine_14;cocaine_14;ketamine_2;MDMA_2	LSD	14	1	-5388.4097	249788.07	-255176.48
6	ketamine_14;cocaine_2;ketamine_14;ketamine_2;ketamine_2	LSD	2	1	271.48426	-18.228548	289.7128
6	ketamine_14;cocaine_2;ketamine_14;ketamine_2;ketamine_2	LSD	14	1	-2196.1951	-76.126427	-2120.0687
7	ketamine_14;ketamine_14;ketamine_14;MDMA_2;MDMA_2	LSD	2	1	-4125.2672	-318.45048	-3806.8167
7	ketamine_14;ketamine_14;ketamine_14;MDMA_2;MDMA_2	LSD	14	1	-3520.9747	-1020.149	-2500.8257
8	cocaine_14;cocaine_2;cocaine_2;MDMA_2;ketamine_2	LSD	2	1	-2813.5705	-10.875365	-2802.6951
8	cocaine_14;cocaine_2;cocaine_2;MDMA_2;ketamine_2	LSD	14	1	-10355.02	-14674.557	4319.5369
9	cocaine_14;cocaine_14;ketamine_14;ketamine_2;MDMA_2	LSD	2	1	388.17304	-8.4034147	396.57645
9	cocaine_14;cocaine_14;ketamine_14;ketamine_2;MDMA_2	LSD	14	1	-5388.4097	249788.07	-255176.48
10	cocaine_2;ketamine_14;cocaine_14;ketamine_2;MDMA_2	LSD	2	1	414.12821	-7.4149987	421.54321
10	cocaine_2;ketamine_14;cocaine_14;ketamine_2;MDMA_2	LSD	14	1	-4686.1595	-34.373134	-4651.7864
11	cocaine_14;cocaine_14;ketamine_14;ketamine_2;ketamine_2	LSD	2	1	312.05388	-7.0340913	319.08797
11	cocaine_14;cocaine_14;ketamine_14;ketamine_2;ketamine_2	LSD	14	1	-4459.6893	201592.54	-206052.23
12	cocaine_14;ketamine_14;cocaine_14;ketamine_2;MDMA_2	LSD	2	1	388.17304	-8.4034147	396.57645
12	cocaine_14;ketamine_14;cocaine_14;ketamine_2;MDMA_2	LSD	14	1	-5388.4097	249788.07	-255176.48
13	cocaine_14;cocaine_2;cocaine_2;ketamine_2;ketamine_2	LSD	2	1	-2699.0262	2.3308728	-2701.3571
13	cocaine_14;cocaine_2;cocaine_2;ketamine_2;ketamine_2	LSD	14	1	-7774.9545	-13788.031	6013.0769
14	ketamine_14;cocaine_2;cocaine_2;ketamine_2;ketamine_2	LSD	2	1	270.48535	-15.584728	286.07008
14	ketamine_14;cocaine_2;cocaine_2;ketamine_2;ketamine_2	LSD	14	1	-2777.1059	-83.124876	-2693.981
15	ketamine_14;cocaine_2;ketamine_14;MDMA_2;MDMA_2	LSD	2	1	59.726517	-267.05964	326.78615
15	ketamine_14;cocaine_2;ketamine_14;MDMA_2;MDMA_2	LSD	14	1	-3247.7669	-905.31491	-2342.452
16	cocaine_2;cocaine_14;ketamine_14;MDMA_2;ketamine_2	LSD	2	1	414.12821	-7.4149987	421.54321
16	cocaine_2;cocaine_14;ketamine_14;MDMA_2;ketamine_2	LSD	14	1	-4686.1595	-34.373134	-4651.7864
17	cocaine_2;ketamine_14;cocaine_2;MDMA_2;ketamine_2	LSD	2	1	347.57398	-18.508162	366.08215
17	cocaine_2;ketamine_14;cocaine_2;MDMA_2;ketamine_2	LSD	14	1	-4050.8605	-26.80543	-4024.055
18	cocaine_2;ketamine_14;ketamine_14;ketamine_2;ketamine_2	LSD	2	1	271.48426	-18.228548	289.7128
18	cocaine_2;ketamine_14;ketamine_14;ketamine_2;ketamine_2	LSD	14	1	-2196.1951	-76.126427	-2120.0687
19	cocaine_2;cocaine_2;ketamine_14;ketamine_2;ketamine_2	LSD	2	1	270.48535	-15.584728	286.07008
19	cocaine_2;cocaine_2;ketamine_14;ketamine_2;ketamine_2	LSD	14	1	-2777.1059	-83.124876	-2693.981
20	cocaine_14;cocaine_14;cocaine_2;ketamine_2;ketamine_2	LSD	2	1	-1952.9607	4.3500104	-1957.3107
20	cocaine_14;cocaine_14;cocaine_2;ketamine_2;ketamine_2	LSD	14	1	-11211.145	-10439.164	-771.98043
21	cocaine_14;cocaine_14;cocaine_2;MDMA_2;MDMA_2	LSD	2	1	-1918.7561	-31.473609	-1887.2824
21	cocaine_14;cocaine_14;cocaine_2;MDMA_2;MDMA_2	LSD	14	1	-12623.775	-8760.1499	-3863.6253
22	cocaine_2;cocaine_2;cocaine_2;ketamine_2;MDMA_2	LSD	2	1	466.42597	-11.504032	477.93
22	cocaine_2;cocaine_2;cocaine_2;ketamine_2;MDMA_2	LSD	14	1	-9571.6809	-25.133425	-9546.5474
23	cocaine_2;cocaine_2;cocaine_2;ketamine_2;MDMA_2	LSD	2	1	466.42597	-11.504032	477.93
23	cocaine_2;cocaine_2;cocaine_2;ketamine_2;MDMA_2	LSD	14	1	-9571.6809	-25.133425	-9546.5474
24	cocaine_2;ketamine_14;ketamine_14;MDMA_2;MDMA_2	LSD	2	1	59.726517	-267.05964	326.78615
24	cocaine_2;ketamine_14;ketamine_14;MDMA_2;MDMA_2	LSD	14	1	-3247.7669	-905.31491	-2342.452
25	ketamine_14;cocaine_14;ketamine_14;ketamine_2;ketamine_2	LSD	2	1	297.50011	-5.3263378	302.82645
25	ketamine_14;cocaine_14;ketamine_14;ketamine_2;ketamine_2	LSD	14	1	-3181.2369	194134.41	-197315.64
26	cocaine_14;cocaine_2;cocaine_14;MDMA_2;ketamine_2	LSD	2	1	-2067.9827	-12.870581	-2055.1121
26	cocaine_14;cocaine_2;cocaine_14;MDMA_2;ketamine_2	LSD	14	1	-14422.48	-11314	-3108.4805
27	cocaine_2;cocaine_2;cocaine_14;ketamine_2;MDMA_2	LSD	2	1	-2813.5705	-10.875365	-2802.6951
27	cocaine_2;cocaine_2;cocaine_14;ketamine_2;MDMA_2	LSD	14	1	-10355.02	-14674.557	4319.5369
28	cocaine_2;ketamine_14;cocaine_14;MDMA_2;ketamine_2	LSD	2	1	414.12821	-7.4149987	421.54321
28	cocaine_2;ketamine_14;cocaine_14;MDMA_2;ketamine_2	LSD	14	1	-4686.1595	-34.373134	-4651.7864
29	ketamine_14;cocaine_14;cocaine_2;MDMA_2;MDMA_2	LSD	2	1	-16.13883	-6.2454667	-9.8933636
29	ketamine_14;cocaine_14;cocaine_2;MDMA_2;MDMA_2	LSD	14	1	-4052.3695	-28.36115	-4024.0084
30	ketamine_14;cocaine_14;cocaine_2;ketamine_2;ketamine_2	LSD	2	1	333.09735	-6.1587833	339.25613
30	ketamine_14;cocaine_14;cocaine_2;ketamine_2;ketamine_2	LSD	14	1	-3634.8254	-29.364113	-3605.4612
31	cocaine_14;ketamine_14;cocaine_2;ketamine_2;ketamine_2	LSD	2	1	333.09735	-6.1587833	339.25613
31	cocaine_14;ketamine_14;cocaine_2;ketamine_2;ketamine_2	LSD	14	1	-3634.8254	-29.364113	-3605.4612
32	ketamine_14;cocaine_14;cocaine_14;ketamine_2;MDMA_2	LSD	2	1	388.17304	-8.4034147	396.57645
32	ketamine_14;cocaine_14;cocaine_14;ketamine_2;MDMA_2	LSD	14	1	-5388.4097	249788.07	-255176.48
33	cocaine_14;cocaine_14;ketamine_14;ketamine_2;MDMA_2	LSD	2	1	388.17304	-8.4034147	396.57645
33	cocaine_14;cocaine_14;ketamine_14;ketamine_2;MDMA_2	LSD	14	1	-5388.4097	249788.07	-255176.48
34	cocaine_14;ketamine_14;cocaine_14;ketamine_2;ketamine_2	LSD	2	1	312.05388	-7.0340913	319.08797
34	cocaine_14;ketamine_14;cocaine_14;ketamine_2;ketamine_2	LSD	14	1	-4459.6893	201592.54	-206052.23
35	cocaine_2;ketamine_14;cocaine_14;ketamine_2;MDMA_2	LSD	2	1	414.12821	-7.4149987	421.54321
35	cocaine_2;ketamine_14;cocaine_14;ketamine_2;MDMA_2	LSD	14	1	-4686.1595	-34.373134	-4651.7864
36	cocaine_14;cocaine_14;cocaine_14;ketamine_2;ketamine_2	LSD	2	1	-1762.1215	-22.170862	-1739.9506
36	cocaine_14;cocaine_14;cocaine_14;ketamine_2;ketamine_2	LSD	14	1	-49.149659	157549.9	-157599.05
37	cocaine_2;cocaine_2;cocaine_14;MDMA_2;ketamine_2	LSD	2	1	-2813.5705	-10.875365	-2802.6951
37	cocaine_2;cocaine_2;cocaine_14;MDMA_2;ketamine_2	LSD	14	1	-10355.02	-14674.557	4319.5369
38	cocaine_14;cocaine_2;ketamine_14;ketamine_2;MDMA_2	LSD	2	1	414.12821	-7.4149987	421.54321
38	cocaine_14;cocaine_2;ketamine_14;ketamine_2;MDMA_2	LSD	14	1	-4686.1595	-34.373134	-4651.7864
39	cocaine_14;cocaine_14;cocaine_14;MDMA_2;ketamine_2	LSD	2	1	-1880.9639	-4.6338008	-1876.3301
39	cocaine_14;cocaine_14;cocaine_14;MDMA_2;ketamine_2	LSD	14	1	-38.205896	197269.87	-197308.08
40	ketamine_14;ketamine_14;cocaine_14;MDMA_2;MDMA_2	LSD	2	1	-31.385761	-17.695245	-13.690515
40	ketamine_14;ketamine_14;cocaine_14;MDMA_2;MDMA_2	LSD	14	1	-3397.7426	11.837544	-3409.5801
41	cocaine_14;ketamine_14;cocaine_14;MDMA_2;ketamine_2	LSD	2	1	388.17304	-8.4034147	396.57645
41	cocaine_14;ketamine_14;cocaine_14;MDMA_2;ketamine_2	LSD	14	1	-5388.4097	249788.07	-255176.48
42	ketamine_14;ketamine_14;ketamine_14;ketamine_2;MDMA_2	LSD	2	1	280.72181	-28.406075	309.12789
42	ketamine_14;ketamine_14;ketamine_14;ketamine_2;MDMA_2	LSD	14	1	-2864.4189	174755.01	-177619.43
43	ketamine_14;cocaine_14;cocaine_2;MDMA_2;MDMA_2	LSD	2	1	-16.13883	-6.2454667	-9.8933636
43	ketamine_14;cocaine_14;cocaine_2;MDMA_2;MDMA_2	LSD	14	1	-4052.3695	-28.36115	-4024.0084
44	cocaine_2;cocaine_14;cocaine_2;MDMA_2;ketamine_2	LSD	2	1	-2813.5705	-10.875365	-2802.6951
44	cocaine_2;cocaine_14;cocaine_2;MDMA_2;ketamine_2	LSD	14	1	-10355.02	-14674.557	4319.5369
45	cocaine_14;ketamine_14;ketamine_14;MDMA_2;ketamine_2	LSD	2	1	373.70345	-6.4613448	380.16479
45	cocaine_14;ketamine_14;ketamine_14;MDMA_2;ketamine_2	LSD	14	1	-3863.9038	242510.37	-246374.28
46	ketamine_14;cocaine_14;ketamine_14;ketamine_2;MDMA_2	LSD	2	1	373.70345	-6.4613448	380.16479
46	ketamine_14;cocaine_14;ketamine_14;ketamine_2;MDMA_2	LSD	14	1	-3863.9038	242510.37	-246374.28
47	ketamine_14;cocaine_14;cocaine_2;ketamine_2;ketamine_2	LSD	2	1	333.09735	-6.1587833	339.25613
47	ketamine_14;cocaine_14;cocaine_2;ketamine_2;ketamine_2	LSD	14	1	-3634.8254	-29.364113	-3605.4612
48	cocaine_14;cocaine_2;ketamine_14;ketamine_2;MDMA_2	LSD	2	1	414.12821	-7.4149987	421.54321
48	cocaine_14;cocaine_2;ketamine_14;ketamine_2;MDMA_2	LSD	14	1	-4686.1595	-34.373134	-4651.7864
49	cocaine_2;cocaine_14;cocaine_2;ketamine_2;MDMA_2	LSD	2	1	-2813.5705	-10.875365	-2802.6951
49	cocaine_2;cocaine_14;cocaine_2;ketamine_2;MDMA_2	LSD	14	1	-10355.02	-14674.557	4319.5369
50	cocaine_14;cocaine_14;cocaine_14;ketamine_2;MDMA_2	LSD	2	1	-1880.9639	-4.6338008	-1876.3301
50	cocaine_14;cocaine_14;cocaine_14;ketamine_2;MDMA_2	LSD	14	1	-38.205896	197269.87	-197308.08
51	cocaine_2;cocaine_14;ketamine_14;ketamine_2;MDMA_2	LSD	2	1	414.12821	-7.4149987	421.54321
51	cocaine_2;cocaine_14;ketamine_14;ketamine_2;MDMA_2	LSD	14	1	-4686.1595	-34.373134	-4651.7864
52	cocaine_2;cocaine_14;cocaine_2;MDMA_2;ketamine_2	LSD	2	1	-2813.5705	-10.875365	-2802.6951
52	cocaine_2;cocaine_14;cocaine_2;MDMA_2;ketamine_2	LSD	14	1	-10355.02	-14674.557	4319.5369
53	cocaine_14;cocaine_2;cocaine_2;MDMA_2;ketamine_2	LSD	2	1	-2813.5705	-10.875365	-2802.6951
53	cocaine_14;cocaine_2;cocaine_2;MDMA_2;ketamine_2	LSD	14	1	-10355.02	-14674.557	4319.5369
54	cocaine_2;cocaine_14;cocaine_2;MDMA_2;ketamine_2	LSD	2	1	-2813.5705	-10.875365	-2802.6951
54	cocaine_2;cocaine_14;cocaine_2;MDMA_2;ketamine_2	LSD	14	1	-10355.02	-14674.557	4319.5369
55	ketamine_14;cocaine_14;cocaine_2;MDMA_2;ketamine_2	LSD	2	1	414.12821	-7.4149987	421.54321
55	ketamine_14;cocaine_14;cocaine_2;MDMA_2;ketamine_2	LSD	14	1	-4686.1595	-34.373134	-4651.7864
56	cocaine_14;ketamine_14;cocaine_2;ketamine_2;ketamine_2	LSD	2	1	333.09735	-6.1587833	339.25613
56	cocaine_14;ketamine_14;cocaine_2;ketamine_2;ketamine_2	LSD	14	1	-3634.8254	-29.364113	-3605.4612
57	cocaine_14;cocaine_14;cocaine_14;MDMA_2;MDMA_2	LSD	2	1	-1895.4768	-58.645388	-1836.8314
57	cocaine_14;cocaine_14;cocaine_14;MDMA_2;MDMA_2	LSD	14	1	-71.339218	-8539.746	8468.4068
58	cocaine_2;cocaine_2;cocaine_14;MDMA_2;ketamine_2	LSD	2	1	-2813.5705	-10.875365	-2802.6951
58	cocaine_2;cocaine_2;cocaine_14;MDMA_2;ketamine_2	LSD	14	1	-10355.02	-14674.557	4319.5369
59	ketamine_14;ketamine_14;cocaine_14;ketamine_2;MDMA_2	LSD	2	1	373.70345	-6.4613448	380.16479
59	ketamine_14;ketamine_14;cocaine_14;ketamine_2;MDMA_2	LSD	14	1	-3863.9038	242510.37	-246374.28
60	cocaine_14;cocaine_14;ketamine_14;MDMA_2;MDMA_2	LSD	2	1	-28.127952	-18.126514	-10.001439
60	cocaine_14;cocaine_14;ketamine_14;MDMA_2;MDMA_2	LSD	14	1	-4578.5372	13.5282	-4592.0654
61	ketamine_14;cocaine_2;cocaine_14;MDMA_2;ketamine_2	LSD	2	1	414.12821	-7.4149987	421.54321
61	ketamine_14;cocaine_2;cocaine_14;MDMA_2;ketamine_2	LSD	14	1	-4686.1595	-34.373134	-4651.7864
62	cocaine_2;cocaine_14;cocaine_2;MDMA_2;ketamine_2	LSD	2	1	-2813.5705	-10.875365	-2802.6951
62	cocaine_2;cocaine_14;cocaine_2;MDMA_2;ketamine_2	LSD	14	1	-10355.02	-14674.557	4319.5369
63	cocaine_2;cocaine_14;cocaine_2;MDMA_2;MDMA_2	LSD	2	1	-2349.7633	-23.800978	-2325.9623
63	cocaine_2;cocaine_14;cocaine_2;MDMA_2;MDMA_2	LSD	14	1	-9479.2676	-10715.047	1235.7799
64	cocaine_14;cocaine_14;cocaine_2;MDMA_2;MDMA_2	LSD	2	1	-1918.7561	-31.473609	-1887.2824
64	cocaine_14;cocaine_14;cocaine_2;MDMA_2;MDMA_2	LSD	14	1	-12623.775	-8760.1499	-3863.6253
65	ketamine_14;cocaine_14;cocaine_14;MDMA_2;MDMA_2	LSD	2	1	-28.127952	-18.126514	-10.001439
65	ketamine_14;cocaine_14;cocaine_14;MDMA_2;MDMA_2	LSD	14	1	-4578.5372	13.5282	-4592.0654
66	cocaine_2;cocaine_2;cocaine_14;MDMA_2;ketamine_2	LSD	2	1	-2813.5705	-10.875365	-2802.6951
66	cocaine_2;cocaine_2;cocaine_14;MDMA_2;ketamine_2	LSD	14	1	-10355.02	-14674.557	4319.5369
67	cocaine_14;ketamine_14;cocaine_2;MDMA_2;ketamine_2	LSD	2	1	414.12821	-7.4149987	421.54321
67	cocaine_14;ketamine_14;cocaine_2;MDMA_2;ketamine_2	LSD	14	1	-4686.1595	-34.373134	-4651.7864
68	ketamine_14;cocaine_2;cocaine_2;MDMA_2;ketamine_2	LSD	2	1	347.57398	-18.508162	366.08215
68	ketamine_14;cocaine_2;cocaine_2;MDMA_2;ketamine_2	LSD	14	1	-4050.8605	-26.80543	-4024.055
69	cocaine_2;cocaine_2;ketamine_14;ketamine_2;ketamine_2	LSD	2	1	270.48535	-15.584728	286.07008
69	cocaine_2;cocaine_2;ketamine_14;ketamine_2;ketamine_2	LSD	14	1	-2777.1059	-83.124876	-2693.981
70	cocaine_2;cocaine_14;cocaine_2;MDMA_2;ketamine_2	LSD	2	1	-2813.5705	-10.875365	-2802.6951
70	cocaine_2;cocaine_14;cocaine_2;MDMA_2;ketamine_2	LSD	14	1	-10355.02	-14674.557	4319.5369
71	cocaine_14;cocaine_14;ketamine_14;MDMA_2;MDMA_2	LSD	2	1	-28.127952	-18.126514	-10.001439
71	cocaine_14;cocaine_14;ketamine_14;MDMA_2;MDMA_2	LSD	14	1	-4578.5372	13.5282	-4592.0654
72	cocaine_2;ketamine_14;cocaine_2;MDMA_2;MDMA_2	LSD	2	1	50.185474	-280.56536	330.75083
72	cocaine_2;ketamine_14;cocaine_2;MDMA_2;MDMA_2	LSD	14	1	-4196.0111	-963.30714	-3232.704
73	ketamine_14;ketamine_14;cocaine_2;ketamine_2;ketamine_2	LSD	2	1	271.48426	-18.228548	289.7128
73	ketamine_14;ketamine_14;cocaine_2;ketamine_2;ketamine_2	LSD	14	1	-2196.1951	-76.126427	-2120.0687
74	cocaine_14;ketamine_14;cocaine_2;MDMA_2;MDMA_2	LSD	2	1	-16.13883	-6.2454667	-9.8933636
74	cocaine_14;ketamine_14;cocaine_2;MDMA_2;MDMA_2	LSD	14	1	-4052.3695	-28.36115	-4024.0084
75	cocaine_2;cocaine_14;ketamine_14;ketamine_2;MDMA_2	LSD	2	1	414.12821	-7.4149987	421.54321
75	cocaine_2;cocaine_14;ketamine_14;ketamine_2;MDMA_2	LSD	14	1	-4686.1595	-34.373134	-4651.7864
76	cocaine_2;cocaine_2;cocaine_2;MDMA_2;ketamine_2	LSD	2	1	466.42597	-11.504032	477.93
76	cocaine_2;cocaine_2;cocaine_2;MDMA_2;ketamine_2	LSD	14	1	-9571.6809	-25.133425	-9546.5474
77	cocaine_14;cocaine_2;cocaine_14;ketamine_2;MDMA_2	LSD	2	1	-2067.9827	-12.870581	-2055.1121
77	cocaine_14;cocaine_2;cocaine_14;ketamine_2;MDMA_2	LSD	14	1	-14422.48	-11314	-3108.4805
78	ketamine_14;ketamine_14;cocaine_14;ketamine_2;MDMA_2	LSD	2	1	373.70345	-6.4613448	380.16479
78	ketamine_14;ketamine_14;cocaine_14;ketamine_2;MDMA_2	LSD	14	1	-3863.9038	242510.37	-246374.28
79	ketamine_14;ketamine_14;ketamine_14;ketamine_2;ketamine_2	LSD	2	1	215.59914	-23.116735	238.71587
79	ketamine_14;ketamine_14;ketamine_14;ketamine_2;ketamine_2	LSD	14	1	-2231.7315	127546.11	-129777.84
80	cocaine_14;cocaine_2;cocaine_2;MDMA_2;MDMA_2	LSD	2	1	-2349.7633	-23.800978	-2325.9623
80	cocaine_14;cocaine_2;cocaine_2;MDMA_2;MDMA_2	LSD	14	1	-9479.2676	-10715.047	1235.7799
81	cocaine_2;cocaine_2;cocaine_2;ketamine_2;MDMA_2	LSD	2	1	466.42597	-11.504032	477.93
81	cocaine_2;cocaine_2;cocaine_2;ketamine_2;MDMA_2	LSD	14	1	-9571.6809	-25.133425	-9546.5474
82	cocaine_14;cocaine_14;cocaine_14;MDMA_2;ketamine_2	LSD	2	1	-1880.9639	-4.6338008	-1876.3301
82	cocaine_14;cocaine_14;cocaine_14;MDMA_2;ketamine_2	LSD	14	1	-38.205896	197269.87	-197308.08
83	ketamine_14;cocaine_2;ketamine_14;ketamine_2;MDMA_2	LSD	2	1	345.93547	-22.226483	368.16195
83	ketamine_14;cocaine_2;ketamine_14;ketamine_2;MDMA_2	LSD	14	1	-3031.3555	-32.87021	-2998.4852
84	cocaine_14;ketamine_14;cocaine_2;ketamine_2;ketamine_2	LSD	2	1	333.09735	-6.1587833	339.25613
84	cocaine_14;ketamine_14;cocaine_2;ketamine_2;ketamine_2	LSD	14	1	-3634.8254	-29.364113	-3605.4612
85	cocaine_2;cocaine_14;cocaine_2;ketamine_2;MDMA_2	LSD	2	1	-2813.5705	-10.875365	-2802.6951
85	cocaine_2;cocaine_14;cocaine_2;ketamine_2;MDMA_2	LSD	14	1	-10355.02	-14674.557	4319.5369
86	cocaine_2;ketamine_14;ketamine_14;MDMA_2;ketamine_2	LSD	2	1	345.93547	-22.226483	368.16195
86	cocaine_2;ketamine_14;ketamine_14;MDMA_2;ketamine_2	LSD	14	1	-3031.3555	-32.87021	-2998.4852
87	cocaine_2;ketamine_14;cocaine_14;MDMA_2;ketamine_2	LSD	2	1	414.12821	-7.4149987	421.54321
87	cocaine_2;ketamine_14;cocaine_14;MDMA_2;ketamine_2	LSD	14	1	-4686.1595	-34.373134	-4651.7864
88	cocaine_14;ketamine_14;cocaine_14;MDMA_2;ketamine_2	LSD	2	1	388.17304	-8.4034147	396.57645
88	cocaine_14;ketamine_14;cocaine_14;MDMA_2;ketamine_2	LSD	14	1	-5388.4097	249788.07	-255176.48
89	cocaine_14;cocaine_2;cocaine_14;ketamine_2;ketamine_2	LSD	2	1	-1952.9607	4.3500104	-1957.3107
89	cocaine_14;cocaine_2;cocaine_14;ketamine_2;ketamine_2	LSD	14	1	-11211.145	-10439.164	-771.98043
90	cocaine_14;cocaine_14;ketamine_14;ketamine_2;ketamine_2	LSD	2	1	312.05388	-7.0340913	319.08797
90	cocaine_14;cocaine_14;ketamine_14;ketamine_2;ketamine_2	LSD	14	1	-4459.6893	201592.54	-206052.23
91	cocaine_2;cocaine_14;cocaine_14;ketamine_2;MDMA_2	LSD	2	1	-2067.9827	-12.870581	-2055.1121
91	cocaine_2;cocaine_14;cocaine_14;ketamine_2;MDMA_2	LSD	14	1	-14422.48	-11314	-3108.4805
92	ketamine_14;ketamine_14;ketamine_14;ketamine_2;MDMA_2	LSD	2	1	280.72181	-28.406075	309.12789
92	ketamine_14;ketamine_14;ketamine_14;ketamine_2;MDMA_2	LSD	14	1	-2864.4189	174755.01	-177619.43
93	ketamine_14;cocaine_14;ketamine_14;MDMA_2;MDMA_2	LSD	2	1	-31.385761	-17.695245	-13.690515
93	ketamine_14;cocaine_14;ketamine_14;MDMA_2;MDMA_2	LSD	14	1	-3397.7426	11.837544	-3409.5801
94	cocaine_14;cocaine_14;cocaine_2;ketamine_2;ketamine_2	LSD	2	1	-1952.9607	4.3500104	-1957.3107
94	cocaine_14;cocaine_14;cocaine_2;ketamine_2;ketamine_2	LSD	14	1	-11211.145	-10439.164	-771.98043
95	cocaine_2;cocaine_14;cocaine_14;ketamine_2;ketamine_2	LSD	2	1	-1952.9607	4.3500104	-1957.3107
95	cocaine_2;cocaine_14;cocaine_14;ketamine_2;ketamine_2	LSD	14	1	-11211.145	-10439.164	-771.98043
96	ketamine_14;ketamine_14;cocaine_14;MDMA_2;MDMA_2	LSD	2	1	-31.385761	-17.695245	-13.690515
96	ketamine_14;ketamine_14;cocaine_14;MDMA_2;MDMA_2	LSD	14	1	-3397.7426	11.837544	-3409.5801
97	cocaine_14;ketamine_14;cocaine_2;ketamine_2;MDMA_2	LSD	2	1	414.12821	-7.4149987	421.54321
97	cocaine_14;ketamine_14;cocaine_2;ketamine_2;MDMA_2	LSD	14	1	-4686.1595	-34.373134	-4651.7864
98	cocaine_2;cocaine_14;cocaine_2;ketamine_2;ketamine_2	LSD	2	1	-2699.0262	2.3308728	-2701.3571
98	cocaine_2;cocaine_14;cocaine_2;ketamine_2;ketamine_2	LSD	14	1	-7774.9545	-13788.031	6013.0769
99	ketamine_14;cocaine_14;cocaine_2;MDMA_2;ketamine_2	LSD	2	1	414.12821	-7.4149987	421.54321
99	ketamine_14;cocaine_14;cocaine_2;MDMA_2;ketamine_2	LSD	14	1	-4686.1595	-34.373134	-4651.7864
100	ketamine_14;cocaine_14;cocaine_14;ketamine_2;MDMA_2	LSD	2	1	388.17304	-8.4034147	396.57645
100	ketamine_14;cocaine_14;cocaine_14;ketamine_2;MDMA_2	LSD	14	1	-5388.4097	249788.07	-255176.48
101	cocaine_2;cocaine_14;cocaine_2;MDMA_2;ketamine_2	LSD	2	1	-2813.5705	-10.875365	-2802.6951
101	cocaine_2;cocaine_14;cocaine_2;MDMA_2;ketamine_2	LSD	14	1	-10355.02	-14674.557	4319.5369
102	ketamine_14;ketamine_14;cocaine_14;ketamine_2;MDMA_2	LSD	2	1	373.70345	-6.4613448	380.16479
102	ketamine_14;ketamine_14;cocaine_14;ketamine_2;MDMA_2	LSD	14	1	-3863.9038	242510.37	-246374.28
103	ketamine_14;cocaine_14;cocaine_2;ketamine_2;ketamine_2	LSD	2	1	333.09735	-6.1587833	339.25613
103	ketamine_14;cocaine_14;cocaine_2;ketamine_2;ketamine_2	LSD	14	1	-3634.8254	-29.364113	-3605.4612
104	cocaine_14;ketamine_14;ketamine_14;ketamine_2;ketamine_2	LSD	2	1	297.50011	-5.3263378	302.82645
104	cocaine_14;ketamine_14;ketamine_14;ketamine_2;ketamine_2	LSD	14	1	-3181.2369	194134.41	-197315.64
105	cocaine_2;ketamine_14;cocaine_2;MDMA_2;MDMA_2	LSD	2	1	50.185474	-280.56536	330.75083
105	cocaine_2;ketamine_14;cocaine_2;MDMA_2;MDMA_2	LSD	14	1	-4196.0111	-963.30714	-3232.704
106	cocaine_2;cocaine_14;ketamine_14;MDMA_2;MDMA_2	LSD	2	1	-16.13883	-6.2454667	-9.8933636
106	cocaine_2;cocaine_14;ketamine_14;MDMA_2;MDMA_2	LSD	14	1	-4052.3695	-28.36115	-4024.0084
107	ketamine_14;ketamine_14;cocaine_2;ketamine_2;ketamine_2	LSD	2	1	271.48426	-18.228548	289.7128
107	ketamine_14;ketamine_14;cocaine_2;ketamine_2;ketamine_2	LSD	14	1	-2196.1951	-76.126427	-2120.0687
108	ketamine_14;cocaine_14;cocaine_2;MDMA_2;MDMA_2	LSD	2	1	-16.13883	-6.2454667	-9.8933636
108	ketamine_14;cocaine_14;cocaine_2;MDMA_2;MDMA_2	LSD	14	1	-4052.3695	-28.36115	-4024.0084
109	cocaine_14;cocaine_14;ketamine_14;ketamine_2;MDMA_2	LSD	2	1	388.17304	-8.4034147	396.57645
109	cocaine_14;cocaine_14;ketamine_14;ketamine_2;MDMA_2	LSD	14	1	-5388.4097	249788.07	-255176.48
110	ketamine_14;ketamine_14;cocaine_2;ketamine_2;MDMA_2	LSD	2	1	345.93547	-22.226483	368.16195
110	ketamine_14;ketamine_14;cocaine_2;ketamine_2;MDMA_2	LSD	14	1	-3031.3555	-32.87021	-2998.4852
111	cocaine_14;ketamine_14;cocaine_2;ketamine_2;ketamine_2	LSD	2	1	333.09735	-6.1587833	339.25613
111	cocaine_14;ketamine_14;cocaine_2;ketamine_2;ketamine_2	LSD	14	1	-3634.8254	-29.364113	-3605.4612
112	ketamine_14;cocaine_14;ketamine_14;ketamine_2;ketamine_2	LSD	2	1	297.50011	-5.3263378	302.82645
112	ketamine_14;cocaine_14;ketamine_14;ketamine_2;ketamine_2	LSD	14	1	-3181.2369	194134.41	-197315.64
113	cocaine_14;cocaine_2;cocaine_2;MDMA_2;MDMA_2	LSD	2	1	-2349.7633	-23.800978	-2325.9623
113	cocaine_14;cocaine_2;cocaine_2;MDMA_2;MDMA_2	LSD	14	1	-9479.2676	-10715.047	1235.7799
114	ketamine_14;ketamine_14;cocaine_2;MDMA_2;ketamine_2	LSD	2	1	345.93547	-22.226483	368.16195
114	ketamine_14;ketamine_14;cocaine_2;MDMA_2;ketamine_2	LSD	14	1	-3031.3555	-32.87021	-2998.4852
115	cocaine_2;cocaine_2;cocaine_2;ketamine_2;ketamine_2	LSD	2	1	223.73225	8.0192177	215.71303
115	cocaine_2;cocaine_2;cocaine_2;ketamine_2;ketamine_2	LSD	14	1	-6458.5447	-9.3508926	-6449.1938
116	ketamine_14;cocaine_2;ketamine_14;ketamine_2;ketamine_2	LSD	2	1	271.48426	-18.228548	289.7128
116	ketamine_14;cocaine_2;ketamine_14;ketamine_2;ketamine_2	LSD	14	1	-2196.1951	-76.126427	-2120.0687
117	cocaine_2;ketamine_14;cocaine_14;ketamine_2;ketamine_2	LSD	2	1	333.09735	-6.1587833	339.25613
117	cocaine_2;ketamine_14;cocaine_14;ketamine_2;ketamine_2	LSD	14	1	-3634.8254	-29.364113	-3605.4612
118	cocaine_2;cocaine_2;cocaine_14;MDMA_2;ketamine_2	LSD	2	1	-2813.5705	-10.875365	-2802.6951
118	cocaine_2;cocaine_2;cocaine_14;MDMA_2;ketamine_2	LSD	14	1	-10355.02	-14674.557	4319.5369
119	cocaine_14;cocaine_14;cocaine_14;MDMA_2;MDMA_2	LSD	2	1	-1895.4768	-58.645388	-1836.8314
119	cocaine_14;cocaine_14;cocaine_14;MDMA_2;MDMA_2	LSD	14	1	-71.339218	-8539.746	8468.4068
120	cocaine_2;cocaine_14;cocaine_14;ketamine_2;MDMA_2	LSD	2	1	-2067.9827	-12.870581	-2055.1121
120	cocaine_2;cocaine_14;cocaine_14;ketamine_2;MDMA_2	LSD	14	1	-14422.48	-11314	-3108.4805
121	cocaine_2;ketamine_14;ketamine_14;MDMA_2;MDMA_2	LSD	2	1	59.726517	-267.05964	326.78615
121	cocaine_2;ketamine_14;ketamine_14;MDMA_2;MDMA_2	LSD	14	1	-3247.7669	-905.31491	-2342.452
122	cocaine_2;ketamine_14;ketamine_14;MDMA_2;MDMA_2	LSD	2	1	59.726517	-267.05964	326.78615
122	cocaine_2;ketamine_14;ketamine_14;MDMA_2;MDMA_2	LSD	14	1	-3247.7669	-905.31491	-2342.452
123	cocaine_14;cocaine_14;cocaine_14;ketamine_2;MDMA_2	LSD	2	1	-1880.9639	-4.6338008	-1876.3301
123	cocaine_14;cocaine_14;cocaine_14;ketamine_2;MDMA_2	LSD	14	1	-38.205896	197269.87	-197308.08
124	cocaine_14;cocaine_14;ketamine_14;MDMA_2;ketamine_2	LSD	2	1	388.17304	-8.4034147	396.57645
124	cocaine_14;cocaine_14;ketamine_14;MDMA_2;ketamine_2	LSD	14	1	-5388.4097	249788.07	-255176.48
125	cocaine_2;cocaine_2;cocaine_2;MDMA_2;MDMA_2	LSD	2	1	573.43173	-11.417209	584.84894
125	cocaine_2;cocaine_2;cocaine_2;MDMA_2;MDMA_2	LSD	14	1	-8977.9588	95.644305	-9073.6031
126	cocaine_14;cocaine_14;cocaine_2;MDMA_2;MDMA_2	LSD	2	1	-1918.7561	-31.473609	-1887.2824
126	cocaine_14;cocaine_14;cocaine_2;MDMA_2;MDMA_2	LSD	14	1	-12623.775	-8760.1499	-3863.6253
127	cocaine_2;cocaine_2;cocaine_2;ketamine_2;MDMA_2	LSD	2	1	466.42597	-11.504032	477.93
127	cocaine_2;cocaine_2;cocaine_2;ketamine_2;MDMA_2	LSD	14	1	-9571.6809	-25.133425	-9546.5474
128	ketamine_14;cocaine_2;cocaine_14;ketamine_2;ketamine_2	LSD	2	1	333.09735	-6.1587833	339.25613
128	ketamine_14;cocaine_2;cocaine_14;ketamine_2;ketamine_2	LSD	14	1	-3634.8254	-29.364113	-3605.4612
129	cocaine_2;ketamine_14;cocaine_14;ketamine_2;MDMA_2	LSD	2	1	414.12821	-7.4149987	421.54321
129	cocaine_2;ketamine_14;cocaine_14;ketamine_2;MDMA_2	LSD	14	1	-4686.1595	-34.373134	-4651.7864
130	cocaine_14;cocaine_14;cocaine_2;MDMA_2;ketamine_2	LSD	2	1	-2067.9827	-12.870581	-2055.1121
130	cocaine_14;cocaine_14;cocaine_2;MDMA_2;ketamine_2	LSD	14	1	-14422.48	-11314	-3108.4805
131	cocaine_14;cocaine_2;cocaine_14;MDMA_2;ketamine_2	LSD	2	1	-2067.9827	-12.870581	-2055.1121
131	cocaine_14;cocaine_2;cocaine_14;MDMA_2;ketamine_2	LSD	14	1	-14422.48	-11314	-3108.4805
132	cocaine_2;cocaine_14;cocaine_2;MDMA_2;ketamine_2	LSD	2	1	-2813.5705	-10.875365	-2802.6951
132	cocaine_2;cocaine_14;cocaine_2;MDMA_2;ketamine_2	LSD	14	1	-10355.02	-14674.557	4319.5369
133	ketamine_14;ketamine_14;ketamine_14;MDMA_2;ketamine_2	LSD	2	1	280.72181	-28.406075	309.12789
133	ketamine_14;ketamine_14;ketamine_14;MDMA_2;ketamine_2	LSD	14	1	-2864.4189	174755.01	-177619.43
134	ketamine_14;cocaine_2;ketamine_14;ketamine_2;MDMA_2	LSD	2	1	345.93547	-22.226483	368.16195
134	ketamine_14;cocaine_2;ketamine_14;ketamine_2;MDMA_2	LSD	14	1	-3031.3555	-32.87021	-2998.4852
135	cocaine_14;cocaine_2;ketamine_14;MDMA_2;ketamine_2	LSD	2	1	414.12821	-7.4149987	421.54321
135	cocaine_14;cocaine_2;ketamine_14;MDMA_2;ketamine_2	LSD	14	1	-4686.1595	-34.373134	-4651.7864
136	ketamine_14;cocaine_2;ketamine_14;ketamine_2;MDMA_2	LSD	2	1	345.93547	-22.226483	368.16195
136	ketamine_14;cocaine_2;ketamine_14;ketamine_2;MDMA_2	LSD	14	1	-3031.3555	-32.87021	-2998.4852
137	cocaine_2;ketamine_14;ketamine_14;ketamine_2;MDMA_2	LSD	2	1	345.93547	-22.226483	368.16195
137	cocaine_2;ketamine_14;ketamine_14;ketamine_2;MDMA_2	LSD	14	1	-3031.3555	-32.87021	-2998.4852
138	cocaine_14;ketamine_14;cocaine_2;ketamine_2;ketamine_2	LSD	2	1	333.09735	-6.1587833	339.25613
138	cocaine_14;ketamine_14;cocaine_2;ketamine_2;ketamine_2	LSD	14	1	-3634.8254	-29.364113	-3605.4612
139	cocaine_14;ketamine_14;cocaine_2;MDMA_2;ketamine_2	LSD	2	1	414.12821	-7.4149987	421.54321
139	cocaine_14;ketamine_14;cocaine_2;MDMA_2;ketamine_2	LSD	14	1	-4686.1595	-34.373134	-4651.7864
140	cocaine_14;cocaine_14;cocaine_2;ketamine_2;MDMA_2	LSD	2	1	-2067.9827	-12.870581	-2055.1121
140	cocaine_14;cocaine_14;cocaine_2;ketamine_2;MDMA_2	LSD	14	1	-14422.48	-11314	-3108.4805
141	ketamine_14;ketamine_14;cocaine_2;MDMA_2;MDMA_2	LSD	2	1	59.726517	-267.05964	326.78615
141	ketamine_14;ketamine_14;cocaine_2;MDMA_2;MDMA_2	LSD	14	1	-3247.7669	-905.31491	-2342.452
142	ketamine_14;cocaine_14;cocaine_2;MDMA_2;MDMA_2	LSD	2	1	-16.13883	-6.2454667	-9.8933636
142	ketamine_14;cocaine_14;cocaine_2;MDMA_2;MDMA_2	LSD	14	1	-4052.3695	-28.36115	-4024.0084
143	ketamine_14;ketamine_14;cocaine_14;MDMA_2;MDMA_2	LSD	2	1	-31.385761	-17.695245	-13.690515
143	ketamine_14;ketamine_14;cocaine_14;MDMA_2;MDMA_2	LSD	14	1	-3397.7426	11.837544	-3409.5801
144	cocaine_14;cocaine_14;ketamine_14;MDMA_2;MDMA_2	LSD	2	1	-28.127952	-18.126514	-10.001439
144	cocaine_14;cocaine_14;ketamine_14;MDMA_2;MDMA_2	LSD	14	1	-4578.5372	13.5282	-4592.0654
145	ketamine_14;ketamine_14;cocaine_14;ketamine_2;ketamine_2	LSD	2	1	297.50011	-5.3263378	302.82645
145	ketamine_14;ketamine_14;cocaine_14;ketamine_2;ketamine_2	LSD	14	1	-3181.2369	194134.41	-197315.64
146	cocaine_2;ketamine_14;cocaine_14;ketamine_2;ketamine_2	LSD	2	1	333.09735	-6.1587833	339.25613
146	cocaine_2;ketamine_14;cocaine_14;ketamine_2;ketamine_2	LSD	14	1	-3634.8254	-29.364113	-3605.4612
147	cocaine_2;cocaine_2;cocaine_14;MDMA_2;ketamine_2	LSD	2	1	-2813.5705	-10.875365	-2802.6951
147	cocaine_2;cocaine_2;cocaine_14;MDMA_2;ketamine_2	LSD	14	1	-10355.02	-14674.557	4319.5369
148	ketamine_14;cocaine_14;cocaine_14;ketamine_2;MDMA_2	LSD	2	1	388.17304	-8.4034147	396.57645
148	ketamine_14;cocaine_14;cocaine_14;ketamine_2;MDMA_2	LSD	14	1	-5388.4097	249788.07	-255176.48
149	cocaine_14;cocaine_14;ketamine_14;MDMA_2;ketamine_2	LSD	2	1	388.17304	-8.4034147	396.57645
149	cocaine_14;cocaine_14;ketamine_14;MDMA_2;ketamine_2	LSD	14	1	-5388.4097	249788.07	-255176.48
150	cocaine_14;cocaine_2;ketamine_14;MDMA_2;MDMA_2	LSD	2	1	-16.13883	-6.2454667	-9.8933636
150	cocaine_14;cocaine_2;ketamine_14;MDMA_2;MDMA_2	LSD	14	1	-4052.3695	-28.36115	-4024.0084
151	cocaine_14;ketamine_14;cocaine_14;ketamine_2;ketamine_2	LSD	2	1	312.05388	-7.0340913	319.08797
151	cocaine_14;ketamine_14;cocaine_14;ketamine_2;ketamine_2	LSD	14	1	-4459.6893	201592.54	-206052.23
152	ketamine_14;cocaine_14;ketamine_14;MDMA_2;ketamine_2	LSD	2	1	373.70345	-6.4613448	380.16479
152	ketamine_14;cocaine_14;ketamine_14;MDMA_2;ketamine_2	LSD	14	1	-3863.9038	242510.37	-246374.28
153	cocaine_2;ketamine_14;cocaine_2;MDMA_2;MDMA_2	LSD	2	1	50.185474	-280.56536	330.75083
153	cocaine_2;ketamine_14;cocaine_2;MDMA_2;MDMA_2	LSD	14	1	-4196.0111	-963.30714	-3232.704
154	cocaine_2;ketamine_14;ketamine_14;MDMA_2;ketamine_2	LSD	2	1	345.93547	-22.226483	368.16195
154	cocaine_2;ketamine_14;ketamine_14;MDMA_2;ketamine_2	LSD	14	1	-3031.3555	-32.87021	-2998.4852
155	cocaine_14;ketamine_14;cocaine_14;ketamine_2;ketamine_2	LSD	2	1	312.05388	-7.0340913	319.08797
155	cocaine_14;ketamine_14;cocaine_14;ketamine_2;ketamine_2	LSD	14	1	-4459.6893	201592.54	-206052.23
156	ketamine_14;cocaine_14;ketamine_14;MDMA_2;MDMA_2	LSD	2	1	-31.385761	-17.695245	-13.690515
156	ketamine_14;cocaine_14;ketamine_14;MDMA_2;MDMA_2	LSD	14	1	-3397.7426	11.837544	-3409.5801
157	cocaine_2;cocaine_2;cocaine_14;MDMA_2;ketamine_2	LSD	2	1	-2813.5705	-10.875365	-2802.6951
157	cocaine_2;cocaine_2;cocaine_14;MDMA_2;ketamine_2	LSD	14	1	-10355.02	-14674.557	4319.5369
158	cocaine_14;cocaine_2;ketamine_14;MDMA_2;ketamine_2	LSD	2	1	414.12821	-7.4149987	421.54321
158	cocaine_14;cocaine_2;ketamine_14;MDMA_2;ketamine_2	LSD	14	1	-4686.1595	-34.373134	-4651.7864
159	cocaine_2;cocaine_2;ketamine_14;MDMA_2;MDMA_2	LSD	2	1	50.185474	-280.56536	330.75083
159	cocaine_2;cocaine_2;ketamine_14;MDMA_2;MDMA_2	LSD	14	1	-4196.0111	-963.30714	-3232.704
160	ketamine_14;cocaine_14;ketamine_14;ketamine_2;ketamine_2	LSD	2	1	297.50011	-5.3263378	302.82645
160	ketamine_14;cocaine_14;ketamine_14;ketamine_2;ketamine_2	LSD	14	1	-3181.2369	194134.41	-197315.64
161	ketamine_14;ketamine_14;cocaine_14;ketamine_2;ketamine_2	LSD	2	1	297.50011	-5.3263378	302.82645
161	ketamine_14;ketamine_14;cocaine_14;ketamine_2;ketamine_2	LSD	14	1	-3181.2369	194134.41	-197315.64
162	cocaine_2;ketamine_14;ketamine_14;MDMA_2;MDMA_2	LSD	2	1	59.726517	-267.05964	326.78615
162	cocaine_2;ketamine_14;ketamine_14;MDMA_2;MDMA_2	LSD	14	1	-3247.7669	-905.31491	-2342.452
163	ketamine_14;cocaine_2;ketamine_14;ketamine_2;ketamine_2	LSD	2	1	271.48426	-18.228548	289.7128
163	ketamine_14;cocaine_2;ketamine_14;ketamine_2;ketamine_2	LSD	14	1	-2196.1951	-76.126427	-2120.0687
164	cocaine_2;ketamine_14;cocaine_14;MDMA_2;MDMA_2	LSD	2	1	-16.13883	-6.2454667	-9.8933636
164	cocaine_2;ketamine_14;cocaine_14;MDMA_2;MDMA_2	LSD	14	1	-4052.3695	-28.36115	-4024.0084
165	cocaine_14;cocaine_2;cocaine_2;MDMA_2;MDMA_2	LSD	2	1	-2349.7633	-23.800978	-2325.9623
165	cocaine_14;cocaine_2;cocaine_2;MDMA_2;MDMA_2	LSD	14	1	-9479.2676	-10715.047	1235.7799
166	ketamine_14;cocaine_14;cocaine_2;ketamine_2;MDMA_2	LSD	2	1	414.12821	-7.4149987	421.54321
166	ketamine_14;cocaine_14;cocaine_2;ketamine_2;MDMA_2	LSD	14	1	-4686.1595	-34.373134	-4651.7864
167	ketamine_14;cocaine_2;cocaine_2;MDMA_2;ketamine_2	LSD	2	1	347.57398	-18.508162	366.08215
167	ketamine_14;cocaine_2;cocaine_2;MDMA_2;ketamine_2	LSD	14	1	-4050.8605	-26.80543	-4024.055
168	cocaine_14;cocaine_2;cocaine_14;ketamine_2;ketamine_2	LSD	2	1	-1952.9607	4.3500104	-1957.3107
168	cocaine_14;cocaine_2;cocaine_14;ketamine_2;ketamine_2	LSD	14	1	-11211.145	-10439.164	-771.98043
169	ketamine_14;cocaine_2;cocaine_2;ketamine_2;ketamine_2	LSD	2	1	270.48535	-15.584728	286.07008
169	ketamine_14;cocaine_2;cocaine_2;ketamine_2;ketamine_2	LSD	14	1	-2777.1059	-83.124876	-2693.981
170	cocaine_14;cocaine_14;cocaine_2;ketamine_2;MDMA_2	LSD	2	1	-2067.9827	-12.870581	-2055.1121
170	cocaine_14;cocaine_14;cocaine_2;ketamine_2;MDMA_2	LSD	14	1	-14422.48	-11314	-3108.4805
171	ketamine_14;cocaine_14;cocaine_2;MDMA_2;ketamine_2	LSD	2	1	414.12821	-7.4149987	421.54321
171	ketamine_14;cocaine_14;cocaine_2;MDMA_2;ketamine_2	LSD	14	1	-4686.1595	-34.373134	-4651.7864
172	cocaine_2;ketamine_14;ketamine_14;MDMA_2;ketamine_2	LSD	2	1	345.93547	-22.226483	368.16195
172	cocaine_2;ketamine_14;ketamine_14;MDMA_2;ketamine_2	LSD	14	1	-3031.3555	-32.87021	-2998.4852
173	cocaine_2;ketamine_14;ketamine_14;ketamine_2;ketamine_2	LSD	2	1	271.48426	-18.228548	289.7128
173	cocaine_2;ketamine_14;ketamine_14;ketamine_2;ketamine_2	LSD	14	1	-2196.1951	-76.126427	-2120.0687
174	cocaine_14;cocaine_2;cocaine_14;MDMA_2;MDMA_2	LSD	2	1	-1918.7561	-31.473609	-1887.2824
174	cocaine_14;cocaine_2;cocaine_14;MDMA_2;MDMA_2	LSD	14	1	-12623.775	-8760.1499	-3863.6253
175	ketamine_14;ketamine_14;cocaine_14;ketamine_2;MDMA_2	LSD	2	1	373.70345	-6.4613448	380.16479
175	ketamine_14;ketamine_14;cocaine_14;ketamine_2;MDMA_2	LSD	14	1	-3863.9038	242510.37	-246374.28
176	cocaine_2;cocaine_2;cocaine_2;MDMA_2;MDMA_2	LSD	2	1	573.43173	-11.417209	584.84894
176	cocaine_2;cocaine_2;cocaine_2;MDMA_2;MDMA_2	LSD	14	1	-8977.9588	95.644305	-9073.6031
177	cocaine_14;cocaine_14;cocaine_2;MDMA_2;MDMA_2	LSD	2	1	-1918.7561	-31.473609	-1887.2824
177	cocaine_14;cocaine_14;cocaine_2;MDMA_2;MDMA_2	LSD	14	1	-12623.775	-8760.1499	-3863.6253
178	ketamine_14;cocaine_2;cocaine_14;ketamine_2;ketamine_2	LSD	2	1	333.09735	-6.1587833	339.25613
178	ketamine_14;cocaine_2;cocaine_14;ketamine_2;ketamine_2	LSD	14	1	-3634.8254	-29.364113	-3605.4612
179	ketamine_14;cocaine_14;cocaine_2;MDMA_2;MDMA_2	LSD	2	1	-16.13883	-6.2454667	-9.8933636
179	ketamine_14;cocaine_14;cocaine_2;MDMA_2;MDMA_2	LSD	14	1	-4052.3695	-28.36115	-4024.0084
180	cocaine_2;cocaine_14;ketamine_14;MDMA_2;ketamine_2	LSD	2	1	414.12821	-7.4149987	421.54321
180	cocaine_2;cocaine_14;ketamine_14;MDMA_2;ketamine_2	LSD	14	1	-4686.1595	-34.373134	-4651.7864
181	cocaine_14;cocaine_14;ketamine_14;MDMA_2;MDMA_2	LSD	2	1	-28.127952	-18.126514	-10.001439
181	cocaine_14;cocaine_14;ketamine_14;MDMA_2;MDMA_2	LSD	14	1	-4578.5372	13.5282	-4592.0654
182	ketamine_14;cocaine_2;cocaine_2;MDMA_2;MDMA_2	LSD	2	1	50.185474	-280.56536	330.75083
182	ketamine_14;cocaine_2;cocaine_2;MDMA_2;MDMA_2	LSD	14	1	-4196.0111	-963.30714	-3232.704
183	ketamine_14;ketamine_14;cocaine_14;MDMA_2;ketamine_2	LSD	2	1	373.70345	-6.4613448	380.16479
183	ketamine_14;ketamine_14;cocaine_14;MDMA_2;ketamine_2	LSD	14	1	-3863.9038	242510.37	-246374.28
184	cocaine_2;cocaine_14;ketamine_14;ketamine_2;ketamine_2	LSD	2	1	333.09735	-6.1587833	339.25613
184	cocaine_2;cocaine_14;ketamine_14;ketamine_2;ketamine_2	LSD	14	1	-3634.8254	-29.364113	-3605.4612
185	ketamine_14;ketamine_14;ketamine_14;MDMA_2;ketamine_2	LSD	2	1	280.72181	-28.406075	309.12789
185	ketamine_14;ketamine_14;ketamine_14;MDMA_2;ketamine_2	LSD	14	1	-2864.4189	174755.01	-177619.43
186	cocaine_14;ketamine_14;cocaine_2;MDMA_2;MDMA_2	LSD	2	1	-16.13883	-6.2454667	-9.8933636
186	cocaine_14;ketamine_14;cocaine_2;MDMA_2;MDMA_2	LSD	14	1	-4052.3695	-28.36115	-4024.0084
187	cocaine_14;cocaine_14;cocaine_14;ketamine_2;MDMA_2	LSD	2	1	-1880.9639	-4.6338008	-1876.3301
187	cocaine_14;cocaine_14;cocaine_14;ketamine_2;MDMA_2	LSD	14	1	-38.205896	197269.87	-197308.08
188	cocaine_2;ketamine_14;cocaine_2;ketamine_2;MDMA_2	LSD	2	1	347.57398	-18.508162	366.08215
188	cocaine_2;ketamine_14;cocaine_2;ketamine_2;MDMA_2	LSD	14	1	-4050.8605	-26.80543	-4024.055
189	cocaine_2;ketamine_14;ketamine_14;ketamine_2;ketamine_2	LSD	2	1	271.48426	-18.228548	289.7128
189	cocaine_2;ketamine_14;ketamine_14;ketamine_2;ketamine_2	LSD	14	1	-2196.1951	-76.126427	-2120.0687
190	cocaine_2;cocaine_14;cocaine_2;ketamine_2;MDMA_2	LSD	2	1	-2813.5705	-10.875365	-2802.6951
190	cocaine_2;cocaine_14;cocaine_2;ketamine_2;MDMA_2	LSD	14	1	-10355.02	-14674.557	4319.5369
191	ketamine_14;cocaine_2;cocaine_2;ketamine_2;ketamine_2	LSD	2	1	270.48535	-15.584728	286.07008
191	ketamine_14;cocaine_2;cocaine_2;ketamine_2;ketamine_2	LSD	14	1	-2777.1059	-83.124876	-2693.981
192	cocaine_2;cocaine_2;cocaine_2;ketamine_2;MDMA_2	LSD	2	1	466.42597	-11.504032	477.93
192	cocaine_2;cocaine_2;cocaine_2;ketamine_2;MDMA_2	LSD	14	1	-9571.6809	-25.133425	-9546.5474
193	ketamine_14;cocaine_14;ketamine_14;ketamine_2;ketamine_2	LSD	2	1	297.50011	-5.3263378	302.82645
193	ketamine_14;cocaine_14;ketamine_14;ketamine_2;ketamine_2	LSD	14	1	-3181.2369	194134.41	-197315.64
194	cocaine_14;cocaine_2;cocaine_2;ketamine_2;ketamine_2	LSD	2	1	-2699.0262	2.3308728	-2701.3571
194	cocaine_14;cocaine_2;cocaine_2;ketamine_2;ketamine_2	LSD	14	1	-7774.9545	-13788.031	6013.0769
195	ketamine_14;cocaine_2;ketamine_14;ketamine_2;MDMA_2	LSD	2	1	345.93547	-22.226483	368.16195
195	ketamine_14;cocaine_2;ketamine_14;ketamine_2;MDMA_2	LSD	14	1	-3031.3555	-32.87021	-2998.4852
196	cocaine_14;cocaine_14;ketamine_14;ketamine_2;ketamine_2	LSD	2	1	312.05388	-7.0340913	319.08797
196	cocaine_14;cocaine_14;ketamine_14;ketamine_2;ketamine_2	LSD	14	1	-4459.6893	201592.54	-206052.23
197	cocaine_14;cocaine_2;cocaine_14;MDMA_2;MDMA_2	LSD	2	1	-1918.7561	-31.473609	-1887.2824
197	cocaine_14;cocaine_2;cocaine_14;MDMA_2;MDMA_2	LSD	14	1	-12623.775	-8760.1499	-3863.6253
198	cocaine_2;ketamine_14;cocaine_2;ketamine_2;MDMA_2	LSD	2	1	347.57398	-18.508162	366.08215
198	cocaine_2;ketamine_14;cocaine_2;ketamine_2;MDMA_2	LSD	14	1	-4050.8605	-26.80543	-4024.055
199	cocaine_14;cocaine_2;cocaine_14;ketamine_2;MDMA_2	LSD	2	1	-2067.9827	-12.870581	-2055.1121
199	cocaine_14;cocaine_2;cocaine_14;ketamine_2;MDMA_2	LSD	14	1	-14422.48	-11314	-3108.4805
0	cocaine_14;cocaine_14;ketamine_14;ketamine_2;LSD_2;LSD_14	MDMA	2	1	78.987035	51.18842	27.798615
1	ketamine_14;ketamine_14;cocaine_14;LSD_2;LSD_2;LSD_2	MDMA	2	1	-55.521025	56.866892	-112.38792
2	cocaine_2;cocaine_14;cocaine_14;ketamine_2;LSD_2;LSD_2	MDMA	2	1	-481.70568	72.719484	-554.42516
3	cocaine_14;ketamine_14;cocaine_2;LSD_14;ketamine_2;LSD_2	MDMA	2	1	35.804023	68.070001	-32.265978
4	cocaine_2;cocaine_14;cocaine_2;LSD_2;LSD_14;LSD_14	MDMA	2	1	-360.19239	83.363149	-443.55554
5	cocaine_14;cocaine_14;ketamine_14;ketamine_2;LSD_14;LSD_14	MDMA	2	1	60.554108	-11.787574	72.341682
6	cocaine_2;cocaine_2;cocaine_2;ketamine_2;LSD_2;ketamine_2	MDMA	2	1	-248.27979	60.604865	-308.88465
7	ketamine_14;cocaine_2;cocaine_14;ketamine_2;ketamine_2;LSD_2	MDMA	2	1	32.399942	73.877898	-41.477956
8	cocaine_14;cocaine_2;ketamine_14;LSD_2;LSD_14;ketamine_2	MDMA	2	1	35.804023	68.070001	-32.265978
9	cocaine_14;cocaine_2;ketamine_14;LSD_2;LSD_14;LSD_2	MDMA	2	1	39.878945	65.344906	-25.465961
10	cocaine_2;cocaine_14;ketamine_14;LSD_14;ketamine_2;LSD_14	MDMA	2	1	0.31690091	-10.864627	11.181528
11	ketamine_14;ketamine_14;cocaine_14;LSD_14;ketamine_2;LSD_2	MDMA	2	1	54.590616	55.316658	-0.72604174
12	cocaine_2;ketamine_14;cocaine_2;LSD_14;LSD_14;LSD_14	MDMA	2	1	16.573408	-44.271721	60.845128
13	cocaine_14;cocaine_14;cocaine_14;ketamine_2;LSD_2;LSD_2	MDMA	2	1	104.18608	56.580433	47.605645
14	ketamine_14;ketamine_14;ketamine_14;ketamine_2;ketamine_2;ketamine_2	MDMA	2	1	-269.23098	-26.811634	-242.41934
15	cocaine_14;ketamine_14;cocaine_14;LSD_2;ketamine_2;ketamine_2	MDMA	2	1	58.823658	58.411668	0.41198979
16	cocaine_14;cocaine_2;cocaine_14;LSD_14;LSD_2;ketamine_2	MDMA	2	1	-578.32085	69.542096	-647.86294
17	cocaine_14;cocaine_2;ketamine_14;LSD_2;LSD_14;ketamine_2	MDMA	2	1	35.804023	68.070001	-32.265978
18	cocaine_2;ketamine_14;cocaine_14;ketamine_2;LSD_2;LSD_2	MDMA	2	1	29.050314	62.427914	-33.3776
19	cocaine_2;ketamine_14;ketamine_14;LSD_2;LSD_2;LSD_2	MDMA	2	1	26.15491	58.136746	-31.981837
20	ketamine_14;ketamine_14;cocaine_14;ketamine_2;LSD_2;LSD_2	MDMA	2	1	13.81479	52.93903	-39.12424
21	cocaine_2;cocaine_2;cocaine_2;ketamine_2;LSD_14;LSD_14	MDMA	2	1	-342.142	-2.5807568	-339.56124
22	ketamine_14;ketamine_14;ketamine_14;LSD_2;LSD_2;LSD_2	MDMA	2	1	-258.44174	708.88675	-967.3285
23	cocaine_2;ketamine_14;cocaine_14;LSD_2;ketamine_2;ketamine_2	MDMA	2	1	32.399942	73.877898	-41.477956
24	cocaine_14;cocaine_2;ketamine_14;LSD_2;LSD_2;ketamine_2	MDMA	2	1	29.050314	62.427914	-33.3776
25	cocaine_14;cocaine_2;ketamine_14;LSD_14;ketamine_2;ketamine_2	MDMA	2	1	0.3620332	-10.80474	11.166773
26	cocaine_14;cocaine_2;cocaine_2;LSD_14;LSD_2;LSD_14	MDMA	2	1	-360.19239	83.363149	-443.55554
27	cocaine_2;ketamine_14;cocaine_14;LSD_2;LSD_2;LSD_2	MDMA	2	1	35.258296	65.432403	-30.174107
28	ketamine_14;cocaine_2;ketamine_14;LSD_2;ketamine_2;LSD_14	MDMA	2	1	53.111703	65.40681	-12.295108
29	ketamine_14;cocaine_2;ketamine_14;ketamine_2;ketamine_2;LSD_2	MDMA	2	1	21.008639	69.583718	-48.575078
30	cocaine_14;ketamine_14;cocaine_14;ketamine_2;LSD_2;ketamine_2	MDMA	2	1	58.823658	58.411668	0.41198979
31	cocaine_2;cocaine_2;ketamine_14;ketamine_2;ketamine_2;LSD_14	MDMA	2	1	25.603868	-39.792242	65.39611
32	cocaine_14;cocaine_2;ketamine_14;LSD_2;ketamine_2;ketamine_2	MDMA	2	1	32.399942	73.877898	-41.477956
33	cocaine_2;cocaine_2;cocaine_2;ketamine_2;ketamine_2;LSD_2	MDMA	2	1	-248.27979	60.604865	-308.88465
34	ketamine_14;cocaine_2;cocaine_14;ketamine_2;LSD_14;LSD_2	MDMA	2	1	35.804023	68.070001	-32.265978
35	ketamine_14;cocaine_14;cocaine_2;LSD_14;LSD_14;LSD_14	MDMA	2	1	0.10170162	-8.2755038	8.3772054
36	cocaine_2;cocaine_14;ketamine_14;LSD_2;LSD_2;ketamine_2	MDMA	2	1	29.050314	62.427914	-33.3776
37	cocaine_2;cocaine_2;cocaine_14;LSD_2;LSD_2;LSD_14	MDMA	2	1	-364.91138	73.572496	-438.48388
38	cocaine_14;cocaine_14;ketamine_14;LSD_14;ketamine_2;LSD_2	MDMA	2	1	78.987035	51.18842	27.798615
39	cocaine_2;ketamine_14;cocaine_14;LSD_14;LSD_14;LSD_14	MDMA	2	1	0.10170162	-8.2755038	8.3772054
40	cocaine_2;cocaine_2;cocaine_14;ketamine_2;ketamine_2;ketamine_2	MDMA	2	1	-276.2956	2.9808857	-279.27648
41	cocaine_2;cocaine_14;cocaine_14;LSD_14;LSD_2;ketamine_2	MDMA	2	1	-578.32085	69.542096	-647.86294
42	ketamine_14;ketamine_14;ketamine_14;LSD_2;LSD_2;ketamine_2	MDMA	2	1	-286.75651	45.168726	-331.92524
43	ketamine_14;ketamine_14;cocaine_2;ketamine_2;LSD_14;ketamine_2	MDMA	2	1	26.546778	-40.488205	67.034983
44	ketamine_14;cocaine_14;cocaine_14;LSD_2;ketamine_2;ketamine_2	MDMA	2	1	58.823658	58.411668	0.41198979
45	cocaine_14;ketamine_14;ketamine_14;LSD_14;LSD_2;LSD_2	MDMA	2	1	32.478574	54.555007	-22.076433
46	cocaine_2;cocaine_2;cocaine_14;LSD_2;ketamine_2;ketamine_2	MDMA	2	1	-305.74653	77.521333	-383.26786
47	ketamine_14;cocaine_2;cocaine_2;LSD_2;LSD_14;ketamine_2	MDMA	2	1	54.767567	66.136668	-11.369101
48	ketamine_14;ketamine_14;cocaine_14;LSD_14;LSD_2;LSD_2	MDMA	2	1	32.478574	54.555007	-22.076433
49	ketamine_14;cocaine_14;cocaine_14;LSD_2;LSD_14;LSD_2	MDMA	2	1	59.116101	52.050817	7.0652839
50	ketamine_14;cocaine_2;cocaine_2;LSD_14;LSD_14;ketamine_2	MDMA	2	1	18.960707	-45.088873	64.04958
51	cocaine_2;cocaine_2;cocaine_14;ketamine_2;ketamine_2;LSD_14	MDMA	2	1	-396.49882	16.340375	-412.83919
52	ketamine_14;cocaine_2;ketamine_14;LSD_14;LSD_2;ketamine_2	MDMA	2	1	53.111703	65.40681	-12.295108
53	ketamine_14;cocaine_14;cocaine_14;LSD_2;LSD_14;LSD_14	MDMA	2	1	79.364856	62.943044	16.421812
54	cocaine_14;cocaine_2;ketamine_14;ketamine_2;LSD_14;LSD_14	MDMA	2	1	0.31690091	-10.864627	11.181528
55	ketamine_14;ketamine_14;cocaine_14;LSD_2;LSD_2;LSD_14	MDMA	2	1	32.478574	54.555007	-22.076433
56	ketamine_14;ketamine_14;cocaine_2;LSD_2;LSD_2;LSD_14	MDMA	2	1	58.682894	59.967414	-1.2845202
57	cocaine_2;cocaine_14;ketamine_14;LSD_14;ketamine_2;LSD_2	MDMA	2	1	35.804023	68.070001	-32.265978
58	cocaine_14;ketamine_14;cocaine_2;ketamine_2;LSD_2;LSD_14	MDMA	2	1	35.804023	68.070001	-32.265978
59	cocaine_2;cocaine_2;cocaine_14;ketamine_2;ketamine_2;ketamine_2	MDMA	2	1	-276.2956	2.9808857	-279.27648
60	ketamine_14;cocaine_2;cocaine_2;LSD_14;LSD_2;LSD_2	MDMA	2	1	60.255874	60.703347	-0.44747363
61	cocaine_2;cocaine_2;cocaine_2;LSD_2;LSD_2;ketamine_2	MDMA	2	1	-251.8194	54.970012	-306.78942
62	cocaine_2;cocaine_14;cocaine_2;ketamine_2;LSD_2;LSD_2	MDMA	2	1	-316.7313	71.383583	-388.11488
63	cocaine_14;cocaine_2;cocaine_2;LSD_2;LSD_14;LSD_2	MDMA	2	1	-364.91138	73.572496	-438.48388
64	ketamine_14;ketamine_14;cocaine_14;ketamine_2;LSD_14;LSD_2	MDMA	2	1	54.590616	55.316658	-0.72604174
65	cocaine_14;ketamine_14;cocaine_14;LSD_14;LSD_14;LSD_2	MDMA	2	1	79.364856	62.943044	16.421812
66	ketamine_14;cocaine_2;cocaine_2;LSD_2;LSD_2;LSD_14	MDMA	2	1	60.255874	60.703347	-0.44747363
67	ketamine_14;cocaine_14;ketamine_14;ketamine_2;LSD_2;LSD_2	MDMA	2	1	13.81479	52.93903	-39.12424
68	cocaine_2;cocaine_2;cocaine_2;LSD_14;LSD_14;LSD_2	MDMA	2	1	-286.49689	59.13065	-345.62754
69	cocaine_14;cocaine_2;ketamine_14;LSD_2;LSD_2;LSD_2	MDMA	2	1	35.258296	65.432403	-30.174107
70	ketamine_14;cocaine_2;cocaine_2;LSD_2;ketamine_2;LSD_14	MDMA	2	1	54.767567	66.136668	-11.369101
71	ketamine_14;cocaine_2;cocaine_2;LSD_2;LSD_14;ketamine_2	MDMA	2	1	54.767567	66.136668	-11.369101
72	cocaine_2;cocaine_14;cocaine_2;ketamine_2;LSD_2;ketamine_2	MDMA	2	1	-305.74653	77.521333	-383.26786
73	cocaine_2;cocaine_2;cocaine_14;ketamine_2;ketamine_2;ketamine_2	MDMA	2	1	-276.2956	2.9808857	-279.27648
74	ketamine_14;cocaine_2;cocaine_14;LSD_2;ketamine_2;LSD_14	MDMA	2	1	35.804023	68.070001	-32.265978
75	cocaine_14;cocaine_2;cocaine_2;ketamine_2;LSD_14;LSD_2	MDMA	2	1	-389.66077	73.535609	-463.19638
76	cocaine_2;ketamine_14;ketamine_14;LSD_14;LSD_14;LSD_2	MDMA	2	1	61.92415	75.69997	-13.775819
77	cocaine_2;cocaine_2;ketamine_14;LSD_14;LSD_14;ketamine_2	MDMA	2	1	18.960707	-45.088873	64.04958
78	ketamine_14;cocaine_2;ketamine_14;LSD_14;LSD_14;LSD_2	MDMA	2	1	61.92415	75.69997	-13.775819
79	ketamine_14;cocaine_14;ketamine_14;ketamine_2;ketamine_2;LSD_14	MDMA	2	1	44.100907	-8.7159537	52.816861
80	ketamine_14;cocaine_14;ketamine_14;ketamine_2;ketamine_2;ketamine_2	MDMA	2	1	32.6412	-6.5877394	39.228939
81	ketamine_14;ketamine_14;cocaine_14;ketamine_2;LSD_14;LSD_14	MDMA	2	1	42.955411	-8.8008289	51.75624
82	cocaine_2;cocaine_14;ketamine_14;ketamine_2;LSD_14;ketamine_2	MDMA	2	1	0.3620332	-10.80474	11.166773
83	ketamine_14;cocaine_14;cocaine_2;ketamine_2;ketamine_2;LSD_2	MDMA	2	1	32.399942	73.877898	-41.477956
84	cocaine_2;ketamine_14;ketamine_14;LSD_2;ketamine_2;LSD_2	MDMA	2	1	18.785402	57.48787	-38.702467
85	cocaine_14;cocaine_14;cocaine_14;LSD_14;LSD_14;ketamine_2	MDMA	2	1	74.530797	9.1010105	65.429786
86	cocaine_2;cocaine_2;cocaine_2;ketamine_2;LSD_14;LSD_2	MDMA	2	1	-314.89397	63.202522	-378.09649
87	cocaine_14;cocaine_14;cocaine_14;LSD_14;LSD_2;ketamine_2	MDMA	2	1	107.9174	41.542026	66.375376
88	cocaine_2;ketamine_14;cocaine_14;ketamine_2;LSD_14;LSD_2	MDMA	2	1	35.804023	68.070001	-32.265978
89	ketamine_14;cocaine_2;ketamine_14;LSD_14;ketamine_2;LSD_14	MDMA	2	1	19.60248	-44.535044	64.137523
90	cocaine_14;cocaine_14;ketamine_14;LSD_14;ketamine_2;LSD_14	MDMA	2	1	60.554108	-11.787574	72.341682
91	cocaine_2;cocaine_14;ketamine_14;ketamine_2;LSD_2;ketamine_2	MDMA	2	1	32.399942	73.877898	-41.477956
92	cocaine_14;ketamine_14;cocaine_14;LSD_2;LSD_14;LSD_2	MDMA	2	1	59.116101	52.050817	7.0652839
93	cocaine_14;cocaine_2;cocaine_2;LSD_14;LSD_14;LSD_14	MDMA	2	1	-350.25338	10.879816	-361.13319
94	cocaine_14;cocaine_2;cocaine_2;ketamine_2;ketamine_2;ketamine_2	MDMA	2	1	-276.2956	2.9808857	-279.27648
95	cocaine_2;cocaine_14;ketamine_14;LSD_2;LSD_2;ketamine_2	MDMA	2	1	29.050314	62.427914	-33.3776
96	ketamine_14;cocaine_14;ketamine_14;LSD_2;ketamine_2;LSD_2	MDMA	2	1	13.81479	52.93903	-39.12424
97	ketamine_14;cocaine_2;ketamine_14;LSD_2;ketamine_2;LSD_14	MDMA	2	1	53.111703	65.40681	-12.295108
98	cocaine_2;cocaine_2;ketamine_14;LSD_14;LSD_2;LSD_2	MDMA	2	1	60.255874	60.703347	-0.44747363
99	cocaine_14;ketamine_14;cocaine_2;LSD_14;LSD_2;LSD_2	MDMA	2	1	39.878945	65.344906	-25.465961
100	cocaine_14;ketamine_14;cocaine_14;LSD_14;LSD_14;LSD_14	MDMA	2	1	49.773902	-9.1391344	58.913036
101	cocaine_14;cocaine_2;ketamine_14;ketamine_2;LSD_2;LSD_2	MDMA	2	1	29.050314	62.427914	-33.3776
102	cocaine_14;cocaine_2;cocaine_14;LSD_14;LSD_14;LSD_14	MDMA	2	1	-470.68737	11.042234	-481.72961
103	ketamine_14;cocaine_14;cocaine_2;LSD_2;ketamine_2;LSD_2	MDMA	2	1	29.050314	62.427914	-33.3776
104	ketamine_14;cocaine_2;cocaine_14;LSD_2;LSD_14;LSD_2	MDMA	2	1	39.878945	65.344906	-25.465961
105	ketamine_14;ketamine_14;cocaine_2;LSD_2;ketamine_2;ketamine_2	MDMA	2	1	21.008639	69.583718	-48.575078
106	cocaine_2;cocaine_14;cocaine_14;LSD_14;LSD_14;ketamine_2	MDMA	2	1	-580.11774	12.191906	-592.30964
107	cocaine_2;cocaine_14;cocaine_2;LSD_2;LSD_2;ketamine_2	MDMA	2	1	-316.7313	71.383583	-388.11488
108	ketamine_14;cocaine_2;cocaine_2;LSD_2;LSD_14;LSD_2	MDMA	2	1	60.255874	60.703347	-0.44747363
109	ketamine_14;cocaine_14;cocaine_14;LSD_14;LSD_2;LSD_2	MDMA	2	1	59.116101	52.050817	7.0652839
110	cocaine_14;cocaine_14;ketamine_14;LSD_14;LSD_14;LSD_14	MDMA	2	1	49.773902	-9.1391344	58.913036
111	ketamine_14;cocaine_14;ketamine_14;LSD_2;LSD_14;ketamine_2	MDMA	2	1	54.590616	55.316658	-0.72604174
112	cocaine_14;cocaine_2;cocaine_14;LSD_2;LSD_2;LSD_14	MDMA	2	1	-538.81093	71.013329	-609.82426
113	cocaine_14;cocaine_14;cocaine_14;LSD_14;ketamine_2;LSD_2	MDMA	2	1	107.9174	41.542026	66.375376
114	cocaine_2;ketamine_14;cocaine_14;ketamine_2;LSD_14;LSD_14	MDMA	2	1	0.31690091	-10.864627	11.181528
115	cocaine_14;ketamine_14;cocaine_14;ketamine_2;ketamine_2;LSD_2	MDMA	2	1	58.823658	58.411668	0.41198979
116	ketamine_14;cocaine_2;cocaine_14;LSD_14;LSD_2;LSD_14	MDMA	2	1	52.230801	81.67572	-29.444919
117	cocaine_2;cocaine_2;ketamine_14;LSD_14;LSD_2;LSD_2	MDMA	2	1	60.255874	60.703347	-0.44747363
118	cocaine_2;cocaine_2;cocaine_2;LSD_14;ketamine_2;ketamine_2	MDMA	2	1	-325.78014	4.4910319	-330.27118
119	ketamine_14;cocaine_2;cocaine_14;LSD_2;ketamine_2;LSD_2	MDMA	2	1	29.050314	62.427914	-33.3776
120	cocaine_14;cocaine_14;ketamine_14;LSD_2;LSD_2;LSD_14	MDMA	2	1	59.116101	52.050817	7.0652839
121	ketamine_14;cocaine_14;cocaine_2;LSD_2;LSD_2;LSD_2	MDMA	2	1	35.258296	65.432403	-30.174107
122	cocaine_14;ketamine_14;cocaine_14;ketamine_2;LSD_14;LSD_14	MDMA	2	1	60.554108	-11.787574	72.341682
123	ketamine_14;cocaine_14;cocaine_14;ketamine_2;LSD_14;LSD_2	MDMA	2	1	78.987035	51.18842	27.798615
124	cocaine_14;cocaine_14;cocaine_14;LSD_2;LSD_2;ketamine_2	MDMA	2	1	104.18608	56.580433	47.605645
125	ketamine_14;ketamine_14;cocaine_14;LSD_14;ketamine_2;LSD_2	MDMA	2	1	54.590616	55.316658	-0.72604174
126	cocaine_14;ketamine_14;cocaine_14;LSD_2;ketamine_2;ketamine_2	MDMA	2	1	58.823658	58.411668	0.41198979
127	cocaine_2;cocaine_2;ketamine_14;ketamine_2;ketamine_2;LSD_14	MDMA	2	1	25.603868	-39.792242	65.39611
128	ketamine_14;cocaine_14;cocaine_2;LSD_2;ketamine_2;ketamine_2	MDMA	2	1	32.399942	73.877898	-41.477956
129	ketamine_14;cocaine_2;cocaine_2;ketamine_2;LSD_14;ketamine_2	MDMA	2	1	25.603868	-39.792242	65.39611
130	cocaine_14;ketamine_14;ketamine_14;LSD_2;ketamine_2;LSD_2	MDMA	2	1	13.81479	52.93903	-39.12424
131	cocaine_14;cocaine_2;ketamine_14;ketamine_2;LSD_14;LSD_14	MDMA	2	1	0.31690091	-10.864627	11.181528
132	ketamine_14;cocaine_14;cocaine_14;LSD_14;ketamine_2;LSD_2	MDMA	2	1	78.987035	51.18842	27.798615
133	cocaine_2;cocaine_2;ketamine_14;LSD_2;LSD_2;LSD_2	MDMA	2	1	26.769235	58.736304	-31.967069
134	cocaine_14;cocaine_14;cocaine_2;LSD_14;ketamine_2;ketamine_2	MDMA	2	1	-568.60321	16.006398	-584.60961
135	cocaine_2;cocaine_14;ketamine_14;LSD_14;LSD_2;LSD_2	MDMA	2	1	39.878945	65.344906	-25.465961
136	cocaine_14;ketamine_14;cocaine_2;LSD_2;LSD_14;LSD_2	MDMA	2	1	39.878945	65.344906	-25.465961
137	cocaine_2;ketamine_14;cocaine_2;LSD_2;LSD_14;LSD_14	MDMA	2	1	65.171952	77.021882	-11.84993
138	ketamine_14;ketamine_14;cocaine_2;LSD_14;ketamine_2;LSD_2	MDMA	2	1	53.111703	65.40681	-12.295108
139	cocaine_2;ketamine_14;ketamine_14;ketamine_2;LSD_14;LSD_2	MDMA	2	1	53.111703	65.40681	-12.295108
140	cocaine_14;cocaine_14;cocaine_2;LSD_14;LSD_2;LSD_2	MDMA	2	1	-538.81093	71.013329	-609.82426
141	cocaine_2;cocaine_2;ketamine_14;LSD_2;LSD_14;LSD_2	MDMA	2	1	60.255874	60.703347	-0.44747363
142	ketamine_14;cocaine_14;cocaine_2;LSD_14;LSD_14;ketamine_2	MDMA	2	1	0.31690091	-10.864627	11.181528
143	cocaine_14;cocaine_2;ketamine_14;LSD_14;LSD_14;ketamine_2	MDMA	2	1	0.31690091	-10.864627	11.181528
144	cocaine_14;ketamine_14;cocaine_14;LSD_2;LSD_2;ketamine_2	MDMA	2	1	38.635548	50.764223	-12.128675
145	ketamine_14;cocaine_2;ketamine_14;LSD_2;LSD_14;LSD_2	MDMA	2	1	58.682894	59.967414	-1.2845202
146	cocaine_14;cocaine_14;cocaine_14;ketamine_2;ketamine_2;ketamine_2	MDMA	2	1	-5.4007127	-29.701869	24.301156
147	ketamine_14;ketamine_14;cocaine_14;LSD_14;LSD_14;ketamine_2	MDMA	2	1	42.955411	-8.8008289	51.75624
148	cocaine_2;ketamine_14;ketamine_14;LSD_2;LSD_2;LSD_2	MDMA	2	1	26.15491	58.136746	-31.981837
149	cocaine_2;cocaine_2;cocaine_2;LSD_14;LSD_14;ketamine_2	MDMA	2	1	-342.142	-2.5807568	-339.56124
150	ketamine_14;cocaine_2;cocaine_14;LSD_14;LSD_14;LSD_14	MDMA	2	1	0.10170162	-8.2755038	8.3772054
151	ketamine_14;cocaine_14;cocaine_14;LSD_2;LSD_14;ketamine_2	MDMA	2	1	78.987035	51.18842	27.798615
152	cocaine_14;cocaine_14;ketamine_14;ketamine_2;LSD_2;LSD_2	MDMA	2	1	38.635548	50.764223	-12.128675
153	cocaine_14;cocaine_2;ketamine_14;ketamine_2;ketamine_2;LSD_2	MDMA	2	1	32.399942	73.877898	-41.477956
154	ketamine_14;cocaine_14;cocaine_14;ketamine_2;LSD_2;ketamine_2	MDMA	2	1	58.823658	58.411668	0.41198979
155	ketamine_14;cocaine_2;cocaine_14;LSD_14;ketamine_2;ketamine_2	MDMA	2	1	0.3620332	-10.80474	11.166773
156	cocaine_2;ketamine_14;cocaine_14;LSD_14;LSD_2;LSD_2	MDMA	2	1	39.878945	65.344906	-25.465961
157	cocaine_2;cocaine_2;cocaine_14;ketamine_2;ketamine_2;LSD_14	MDMA	2	1	-396.49882	16.340375	-412.83919
158	cocaine_14;ketamine_14;cocaine_14;LSD_2;ketamine_2;LSD_2	MDMA	2	1	38.635548	50.764223	-12.128675
159	ketamine_14;ketamine_14;cocaine_14;LSD_2;ketamine_2;LSD_2	MDMA	2	1	13.81479	52.93903	-39.12424
160	cocaine_14;cocaine_14;cocaine_14;LSD_14;LSD_2;ketamine_2	MDMA	2	1	107.9174	41.542026	66.375376
161	cocaine_2;cocaine_14;ketamine_14;LSD_14;LSD_14;ketamine_2	MDMA	2	1	0.31690091	-10.864627	11.181528
162	ketamine_14;cocaine_14;cocaine_14;ketamine_2;LSD_2;ketamine_2	MDMA	2	1	58.823658	58.411668	0.41198979
163	cocaine_2;ketamine_14;ketamine_14;ketamine_2;LSD_2;ketamine_2	MDMA	2	1	21.008639	69.583718	-48.575078
164	cocaine_2;ketamine_14;cocaine_2;ketamine_2;LSD_2;LSD_2	MDMA	2	1	19.030244	58.121559	-39.091314
165	cocaine_14;cocaine_2;cocaine_14;LSD_14;LSD_14;LSD_2	MDMA	2	1	-531.74332	79.612521	-611.35584
166	ketamine_14;cocaine_2;ketamine_14;LSD_2;LSD_2;ketamine_2	MDMA	2	1	18.785402	57.48787	-38.702467
167	cocaine_14;ketamine_14;cocaine_2;LSD_14;LSD_2;LSD_14	MDMA	2	1	52.230801	81.67572	-29.444919
168	cocaine_14;cocaine_14;cocaine_2;LSD_2;LSD_14;LSD_2	MDMA	2	1	-538.81093	71.013329	-609.82426
169	cocaine_14;cocaine_2;ketamine_14;LSD_2;LSD_2;LSD_2	MDMA	2	1	35.258296	65.432403	-30.174107
170	cocaine_2;cocaine_2;cocaine_2;LSD_14;ketamine_2;LSD_14	MDMA	2	1	-342.142	-2.5807568	-339.56124
171	cocaine_14;ketamine_14;cocaine_2;ketamine_2;ketamine_2;LSD_14	MDMA	2	1	0.3620332	-10.80474	11.166773
172	cocaine_2;ketamine_14;ketamine_14;LSD_2;LSD_14;ketamine_2	MDMA	2	1	53.111703	65.40681	-12.295108
173	cocaine_2;cocaine_2;cocaine_2;ketamine_2;LSD_14;LSD_2	MDMA	2	1	-314.89397	63.202522	-378.09649
174	ketamine_14;cocaine_14;cocaine_14;LSD_14;LSD_2;LSD_2	MDMA	2	1	59.116101	52.050817	7.0652839
175	cocaine_14;cocaine_2;ketamine_14;LSD_2;ketamine_2;ketamine_2	MDMA	2	1	32.399942	73.877898	-41.477956
176	cocaine_14;cocaine_2;cocaine_14;ketamine_2;LSD_14;LSD_14	MDMA	2	1	-580.11774	12.191906	-592.30964
177	cocaine_2;cocaine_14;ketamine_14;LSD_14;LSD_2;LSD_2	MDMA	2	1	39.878945	65.344906	-25.465961
178	ketamine_14;ketamine_14;ketamine_14;LSD_2;LSD_14;LSD_14	MDMA	2	1	-272.59466	54.031055	-326.62572
179	ketamine_14;ketamine_14;cocaine_14;ketamine_2;LSD_14;LSD_2	MDMA	2	1	54.590616	55.316658	-0.72604174
180	cocaine_14;cocaine_14;cocaine_2;ketamine_2;ketamine_2;LSD_2	MDMA	2	1	-467.99692	77.691276	-545.68819
181	cocaine_2;ketamine_14;cocaine_14;LSD_2;LSD_14;ketamine_2	MDMA	2	1	35.804023	68.070001	-32.265978
182	cocaine_2;cocaine_14;ketamine_14;LSD_2;LSD_14;LSD_2	MDMA	2	1	39.878945	65.344906	-25.465961
183	cocaine_14;ketamine_14;ketamine_14;ketamine_2;LSD_2;ketamine_2	MDMA	2	1	37.020426	61.641085	-24.620659
184	cocaine_14;ketamine_14;ketamine_14;LSD_2;LSD_2;ketamine_2	MDMA	2	1	13.81479	52.93903	-39.12424
185	cocaine_2;cocaine_14;ketamine_14;LSD_2;LSD_2;LSD_2	MDMA	2	1	35.258296	65.432403	-30.174107
186	ketamine_14;ketamine_14;cocaine_2;LSD_14;LSD_2;LSD_2	MDMA	2	1	58.682894	59.967414	-1.2845202
187	ketamine_14;cocaine_14;cocaine_2;LSD_2;LSD_2;ketamine_2	MDMA	2	1	29.050314	62.427914	-33.3776
188	cocaine_2;ketamine_14;cocaine_14;ketamine_2;LSD_14;LSD_14	MDMA	2	1	0.31690091	-10.864627	11.181528
189	cocaine_2;ketamine_14;cocaine_14;LSD_14;LSD_2;LSD_2	MDMA	2	1	39.878945	65.344906	-25.465961
190	ketamine_14;cocaine_14;cocaine_14;LSD_2;LSD_2;ketamine_2	MDMA	2	1	38.635548	50.764223	-12.128675
191	ketamine_14;cocaine_2;cocaine_2;ketamine_2;LSD_14;LSD_2	MDMA	2	1	54.767567	66.136668	-11.369101
192	cocaine_2;cocaine_14;cocaine_14;LSD_2;ketamine_2;ketamine_2	MDMA	2	1	-467.99692	77.691276	-545.68819
193	cocaine_2;ketamine_14;ketamine_14;ketamine_2;ketamine_2;LSD_2	MDMA	2	1	21.008639	69.583718	-48.575078
194	ketamine_14;ketamine_14;ketamine_14;ketamine_2;LSD_2;LSD_14	MDMA	2	1	-306.96065	48.750964	-355.71162
195	cocaine_14;cocaine_14;cocaine_14;LSD_14;ketamine_2;LSD_2	MDMA	2	1	107.9174	41.542026	66.375376
196	ketamine_14;cocaine_14;cocaine_14;ketamine_2;LSD_2;LSD_14	MDMA	2	1	78.987035	51.18842	27.798615
197	cocaine_14;ketamine_14;ketamine_14;LSD_14;ketamine_2;LSD_14	MDMA	2	1	42.955411	-8.8008289	51.75624
198	cocaine_14;ketamine_14;cocaine_2;ketamine_2;LSD_14;ketamine_2	MDMA	2	1	0.3620332	-10.80474	11.166773
199	cocaine_2;cocaine_14;cocaine_14;ketamine_2;LSD_2;LSD_2	MDMA	2	1	-481.70568	72.719484	-554.42516
