ensembl_gene_id	symbol	entrez_id	unknome_knownness	unknome_rank_least_known_first	unknome_rank_universe_n	unknome_clusters	pharos_tdl	pharos_uniprot	human_pubmed_count	pubmed_rank_least_published_first	pubmed_rank_universe_n	gnomad_canonical_transcripts	gnomad_lof_oe_ci_upper	gnomad_constraint_flags	savage_magma_p	savage_fuma	savage_fuma_min_snp_p	savage_fuma_loci	savage_fuma_mapping	lee2018_body_min_snp_p	lee2018_body_snp	savage2018_body_min_snp_p	savage2018_body_snp	common_direct_significant	rare_significant_qc_pass	hypothesis_only	analysis_id	rare_mask	rare_skato_p	rare_burden_p	rare_burden_beta	expected_ac	rare_skato_qc_pass	rare_burden_qc_pass
ENSG00000001617	SEMA3F	6405	10.1	15809	19271	UKP06331	Tbio	Q13275	125	36647	41822	ENST00000002829	4.1600e-01	[]	1.21e-14	True	1.749e-22	50	positional;eQTL	1.99e-20	rs3774750	1.203e-19	rs3774749	True	False	True	continuous-20023-both_sexes--irnt	pLoF|missense|LC	0.0545863370650214	0.039788883902333	0.00100246787866824	260562.51939135304	True	True
ENSG00000002330	BAD	572	21.0	18359	19271	UKP12806	Tchem	Q92934	898	41297	41822	ENST00000309032	1.8890e+00	[]	NA	True	4.753e-08	143	eQTL	NA	NA	NA	NA	True	False	True	continuous-20023-both_sexes--irnt	pLoF|missense|LC	0.100238253020728	0.0553406878687004	-0.00210672256326096	522.475061909088	False	True
ENSG00000002549	LAP3	51056	2.8	7695	19271	UKP02701	Tchem	P28838	106	35840	41822	ENST00000226299	9.7300e-01	[]	NA	True	5.462e-13	65	eQTL	NA	NA	NA	NA	True	False	True	continuous-20023-both_sexes--irnt	pLoF|missense|LC	0.280189957342097	0.170455020437766	-0.000513309122587995	5660.633929535843	True	True
ENSG00000003756	RBM5	10181	9.2	15304	19271	UKP05601	Tbio	P52756	186	38294	41822	ENST00000347869	2.0200e-01	[]	4.3915e-21	True	3.691e-29	50	positional;eQTL;chromatin	1.09e-24	rs2624825	1.439e-22	rs2013208	True	False	True	continuous-20191-both_sexes--irnt	missense|LC	0.00949252695117353	0.00557140948628132	-0.00459459656015868	293.98564119334225	True	True
ENSG00000004059	ARF5	381	3.2	8468	19271	UKP01267	Tbio	P84085	132	36887	41822	ENST00000000233	6.8500e-01	[]	NA	True	1.763e-12	116	eQTL	NA	NA	NA	NA	True	False	True	continuous-20023-both_sexes--irnt	pLoF	0.0593933780463068	0.0356139855410074	0.0344979624239126	2.4832400890485027	False	False
ENSG00000004534	RBM6	10180	4.2	10017	19271	UKP05601	Tbio	P78332	106	35840	41822	ENST00000266022	2.1300e-01	[]	2.5148e-19	True	3.691e-29	50	positional;eQTL	1.43e-24	rs2240329	1.439e-22	rs2013208	True	False	True	continuous-20023-both_sexes--irnt	missense|LC	0.000142307531404429	0.00332811799643362	0.000781199527431943	14995.668188588903	True	True
ENSG00000005379	TSPOAP1	9256	2.6	7291	19271	UKP07863	Tbio	O95153	28	28005	41822	ENST00000343736	5.7300e-01	[]	NA	True	1.722e-13	196	eQTL;chromatin	NA	NA	NA	NA	True	False	True	continuous-20016-both_sexes--irnt	missense|LC	0.0412173844110092	0.10076912866355	-0.000754271408785307	150353.01101983935	True	True
ENSG00000005381	MPO	4353	13.5	17136	19271	UKP06439	Tchem	P05164	946	41318	41822	ENST00000225275	9.9200e-01	[]	NA	True	4.332e-13	196	eQTL	NA	NA	NA	NA	True	False	True	continuous-20023-both_sexes--irnt	missense|LC	0.0418389887117527	0.312003240858944	0.000337649347393019	56778.19656287965	True	True
ENSG00000005483	KMT2E	55904	8.1	14536	19271	UKP07139	Tbio	Q8IZD2	68	33220	41822	ENST00000311117	2.1700e-01	[]	NA	True	8.976e-08	115	positional;chromatin	NA	NA	NA	NA	True	False	True	continuous-20191-both_sexes--irnt	pLoF|missense|LC	0.176021826542307	0.119946043673939	-0.000949732001881259	7780.6661688565055	True	True
ENSG00000005955	NA	NA	NA	NA	19271	NA	NA	NA	NA	NA	41822	NA	NA	NA	NA	True	2.376e-10	191	positional;eQTL	6.74e-11	rs3744593	3.039e-10	rs9903355	True	False	True	NA	NA	NA	NA	NA	NA	NA	NA
ENSG00000006062	MAP3K14	9020	7.8	14288	19271	UKP00183	Tchem	Q99558	179	38147	41822	ENST00000344686	2.6300e-01	[]	NA	NA	NA	NA	NA	4.48e-08	rs9908330	NA	NA	True	False	True	continuous-20023-both_sexes--irnt	pLoF	0.0576139397176698	0.0308763496355039	0.0219779172205095	6.456441841679601	False	False
ENSG00000006715	VPS41	27072	10.1	15809	19271	UKP01247	Tbio	P49754	82	34376	41822	ENST00000310301	9.0400e-01	[]	2.5796e-07	NA	NA	NA	NA	NA	NA	NA	NA	True	False	True	continuous-20018-both_sexes--	pLoF	0.0245000251360182	0.0126576215049401	-0.00400814487063018	80.53743957144815	True	True
ENSG00000007402	CACNA2D2	9254	1.7	5664	19271	UKP07949	Tclin	Q9NY47	51	31461	41822	ENST00000424201	3.9600e-01	[]	9.6043e-07	True	2.46e-09	50	positional	2.28e-09	rs1540293	2.46e-09	rs1540293	True	False	True	continuous-20018-both_sexes--	pLoF	0.0517893202974324	0.494073694427669	-0.0030821687390403	6.802473267488876	False	False
ENSG00000008196	TFAP2B	7021	28.9	18828	19271	UKP06318	Tbio	Q92481	161	37714	41822	ENST00000393655	3.5300e-01	[]	NA	NA	NA	NA	NA	3.99e-08	rs6930924	NA	NA	True	False	True	continuous-20191-both_sexes--irnt	pLoF|missense|LC	0.122074782706258	0.0707208861199577	0.00271815250346496	183.48639898607445	True	True
ENSG00000008300	CELSR3	1951	4.4	10330	19271	UKP06342	Tbio	Q9NYQ7	48	31100	41822	ENST00000164024	3.4400e-01	[]	9.567e-11	True	5.821e-12	50	positional;eQTL	7.3e-09	rs13096357	5.065e-09	rs73078357	True	False	True	continuous-20191-both_sexes--irnt	pLoF	0.125164698695883	0.128990648567535	0.00267286290350593	71.81168698476829	True	True
ENSG00000008382	MPND	84954	1.5	4687	19271	UKP00230	Tbio	Q8N594	18	25715	41822	ENST00000599840	1.3450e+00	[]	NA	True	2.546e-08	199	eQTL	NA	NA	NA	NA	True	False	True	continuous-20191-both_sexes--irnt	pLoF	0.00433448482590937	0.351437311077321	0.00534786484242115	15.60615771901813	False	False
ENSG00000008441	NFIX	4784	7.1	13639	19271	UKP06176	Tbio	Q14938	112	36132	41822	ENST00000592199	9.2000e-02	[]	1.93e-07	True	2.712e-09	201	positional	2.29e-08	rs10411958	2.712e-09	rs10411958	True	False	True	continuous-20023-both_sexes--irnt	missense|LC	0.0263006874839121	0.501653333231255	0.0122807595517772	337.8184501432092	True	True
ENSG00000010165	METTL13	51603	1.3	4364	19271	UKP04677	Tbio	Q8N6R0	78	34071	41822	ENST00000361735	9.4900e-01	[]	1.363e-06	True	2.696e-09	14	positional;eQTL;chromatin	NA	NA	2.696e-09	rs34320898	True	False	True	continuous-20191-both_sexes--irnt	pLoF|missense|LC	0.186802746763338	0.101800149941136	-0.00188483835197964	46834.94806769517	True	True
ENSG00000010318	PHF7	51533	1.0	3282	19271	UKP08463	Tbio	Q9BWX1	34	29104	41822	ENST00000327906	6.8200e-01	[]	NA	True	3.213e-09	51	positional;chromatin	NA	NA	3.213e-09	rs2272088	True	False	True	continuous-20191-both_sexes--irnt	pLoF	0.0825984434668942	0.290574314021288	0.00769791191731444	12.735629853291005	False	False
ENSG00000010322	NISCH	11188	0.5	1903	19271	UKP04987	Tclin	Q9Y2I1	121	36521	41822	ENST00000345716	4.8800e-01	[]	NA	True	3.488e-12	51	positional;eQTL;chromatin	NA	NA	2.897e-08	rs13094915	True	False	True	continuous-20016-both_sexes--irnt	missense|LC	0.0751961192861536	0.617289901542591	-0.000248377989995138	231795.85812990915	True	True
ENSG00000010327	STAB1	23166	6.9	13452	19271	UKP06802	Tbio	Q9NY15	95	35229	41822	ENST00000321725	8.4300e-01	[]	3.9621e-11	True	1.918e-12	51	positional;eQTL	1.27e-10	rs4434138	2.975e-12	rs4234633	True	False	True	continuous-20016-both_sexes--irnt	pLoF	0.0998321743016958	0.0535296821418261	0.00307965276084256	293.9219639478864	True	True
ENSG00000010704	HFE	3077	23.1	18512	19271	UKP07419	Tbio	Q30201	2260	41692	41822	ENST00000357618	1.0370e+00	[]	NA	NA	NA	NA	NA	9e-10	rs13210399	NA	NA	True	False	True	continuous-20016-both_sexes--irnt	pLoF|missense|LC	0.0599313267631384	0.858906927644441	-0.000179213362786546	32283.624224189407	True	True
ENSG00000010803	SCMH1	22955	2.6	7291	19271	UKP06884	Tbio	Q96GD3	32	28771	41822	ENST00000337495	6.5400e-01	[]	NA	True	3.675e-16	3	positional;eQTL	3.18e-09	rs34386859	NA	NA	True	False	True	continuous-20023-both_sexes--irnt	pLoF	0.00615958201301314	0.85496639693366	0.000840071344568663	24.33812202190933	False	False
ENSG00000011028	MRC2	9902	3.1	8298	19271	UKP06672	Tbio	Q9UBG0	121	36521	41822	ENST00000303375	5.1400e-01	[]	8.1702e-07	NA	NA	NA	NA	NA	NA	NA	NA	True	False	True	continuous-20191-both_sexes--irnt	missense|LC	0.0478193735482589	0.02664559783845	0.00133168750897719	118067.40414695529	True	True
ENSG00000011347	SYT7	9066	11.6	16500	19271	UKP06183	Tbio	O43581	54	31817	41822	ENST00000539008	5.5300e-01	[]	NA	NA	NA	NA	NA	1.72e-09	rs77128898	NA	NA	True	False	True	continuous-20191-both_sexes--irnt	pLoF	0.0342275209321482	0.135020019768932	-0.0217550312341937	2.683284412716553	False	False
ENSG00000012779	ALOX5	240	24.8	18626	19271	UKP02033	Tclin	P09917	463	40632	41822	ENST00000374391	9.3300e-01	[]	6.6844e-07	NA	NA	NA	NA	NA	NA	NA	NA	True	False	True	continuous-20191-both_sexes--irnt	pLoF	0.160223018441445	0.112728132627391	-0.0111572457598053	17.88845110676666	False	False
ENSG00000014641	MDH1	4190	7.5	14017	19271	UKP02745	Tchem	P40925	130	36819	41822	ENST00000233114	6.7400e-01	[]	NA	True	1.825e-08	24	eQTL	NA	NA	NA	NA	True	False	True	continuous-20018-both_sexes--	pLoF|missense|LC	0.782616283348676	0.550718804436155	-0.000676293201802193	139.01092492981746	True	True
ENSG00000016864	GLT8D1	55830	0.0	1	19271	UKP00766	Tbio	Q68CQ7	55	31944	41822	ENST00000266014	1.2660e+00	[]	6.51e-12	True	1.918e-12	51	positional;eQTL	6.82e-10	rs8906	4.917e-11	rs6976	True	False	True	continuous-20016-both_sexes--irnt	missense|LC	0.0393320247168703	0.024779772099534	0.00384703445492841	411.02919735671384	True	True
ENSG00000021574	SPAST	6683	21.9	18434	19271	UKP00354	Tchem	Q9UBP0	439	40558	41822	ENST00000315285	6.9000e-01	[]	5.8816e-08	NA	NA	NA	NA	NA	NA	NA	NA	True	False	True	continuous-20191-both_sexes--irnt	pLoF	0.212253857372374	0.12425023201063	-0.0197411622641134	4.38325786380554	False	False
ENSG00000023330	ALAS1	211	4.8	10931	19271	UKP00182	Tclin	P13196	92	35049	41822	ENST00000484952	6.4900e-01	[]	NA	True	4.934e-09	51	eQTL	NA	NA	NA	NA	True	False	True	continuous-20023-both_sexes--irnt	pLoF	0.0745254878723469	0.232387063489882	0.00306995241647964	102.32013325438592	True	True
ENSG00000023572	GLRX2	51022	10.1	15809	19271	UKP09742	Tbio	Q9NS18	79	34148	41822	ENST00000367439	1.7290e+00	[]	1.8778e-06	NA	NA	NA	NA	NA	NA	NA	NA	True	False	True	continuous-20018-both_sexes--	pLoF	0.109364333805389	0.0702182241777697	-0.0076225540528435	8.893343822893364	False	False
ENSG00000023697	DERA	51071	4.9	11073	19271	UKP07233	Tbio	Q9Y315	48	31100	41822	ENST00000428559	6.5800e-01	[]	3.2977e-09	NA	NA	NA	NA	NA	NA	NA	NA	True	False	True	continuous-20191-both_sexes--irnt	pLoF|missense|LC	0.159330985704693	0.0874528874348108	0.00377445166635904	155.27213696957352	True	True
ENSG00000025293	PHF20	51230	1.1	4265	19271	UKP07961	Tbio	Q9BVI0	59	32350	41822	ENST00000374012	2.4900e-01	[]	3.5338e-09	True	3.942e-08	207	positional;chromatin	NA	NA	3.942e-08	rs2425163	True	False	True	continuous-20023-both_sexes--irnt	pLoF	0.125754539043359	0.070295941767799	0.0117465438101714	16.065676054795517	False	False
ENSG00000025434	NR1H3	10062	36.9	19058	19271	UKP06130	Tchem	Q13133	863	41263	41822	ENST00000441012	5.5600e-01	[]	NA	True	1.48e-08	142	eQTL	NA	NA	NA	NA	True	False	True	continuous-20016-both_sexes--irnt	pLoF	0.0178782169103677	0.0789165488971701	0.0087546013203394	37.6995336262356	False	False
ENSG00000026950	BTN3A1	11119	4.7	10753	19271	UKP07638	Tchem	O00481	131	36851	41822	ENST00000289361	8.3400e-01	[]	NA	True	4.671e-08	101	positional;eQTL	2e-17	rs75782365	NA	NA	True	False	True	continuous-20018-both_sexes--	missense|LC	0.0055126205948508	0.00288725556736147	-0.00126300556685642	52340.926184119926	True	True
ENSG00000030066	NUP160	23279	3.5	8994	19271	UKP04575	Tchem	Q12769	177	38088	41822	ENST00000378460	5.9500e-01	[]	NA	True	4.695e-08	142	positional;eQTL	1.05e-09	rs12418852	4.695e-08	rs12418852	True	False	True	continuous-20191-both_sexes--irnt	missense|LC	0.169283633172663	0.548525197786573	-0.000429249307330516	47265.550754255695	True	True
ENSG00000030419	IKZF2	22807	2.3	6711	19271	UKP06870	Tchem	Q9UKS7	170	37928	41822	ENST00000434687	5.0000e-01	[]	2.1023e-08	NA	NA	NA	NA	NA	NA	NA	NA	True	False	True	continuous-20191-both_sexes--irnt	missense|LC	0.00806051501988947	0.0043954666764624	-0.00260131292292975	1128.293149226964	True	True
ENSG00000031698	SARS1	6301	16.6	17809	19271	UKP00430	Tbio	P49591	126	36674	41822	ENST00000234677	5.7000e-01	[]	NA	True	1.926e-06	12	eQTL	NA	NA	NA	NA	True	False	True	continuous-20018-both_sexes--	pLoF|missense|LC	0.006127980826656	0.00705760517142062	-0.00258678136448718	76.64799664956902	False	False
ENSG00000034971	MYOC	4653	17.1	17878	19271	UKP07556	Tchem	Q99972	281	39619	41822	ENST00000037502	1.3430e+00	[]	NA	True	2.696e-09	14	eQTL	NA	NA	NA	NA	True	False	True	continuous-20018-both_sexes--	pLoF	0.249161731716116	0.149501927162195	-0.00264848891751166	48.94024964395331	False	False
ENSG00000035499	DEPDC1B	55789	2.1	6380	19271	UKP09857	Tbio	Q8WUY9	73	33659	41822	ENST00000265036	9.5900e-01	[]	3.0934e-07	NA	NA	NA	NA	NA	NA	NA	NA	True	False	True	continuous-20018-both_sexes--	pLoF	0.0455408364241475	0.0388017547792943	-0.00538573668729247	24.558941842214214	False	False
ENSG00000037897	METTL1	4234	7.1	13639	19271	UKP00427	Tbio	Q9UBP6	103	35685	41822	ENST00000324871	7.8600e-01	[]	NA	True	8.891e-12	152	eQTL	NA	NA	NA	NA	True	False	True	continuous-20191-both_sexes--irnt	pLoF	0.109578383841239	0.0637468574484985	-0.0178593127244826	6.644199310473799	False	False
ENSG00000040199	PHLPP2	23035	0.5	1903	19271	UKP04765	Tbio	Q6ZVD8	141	37159	41822	ENST00000568954	6.8400e-01	[]	NA	True	1.783e-09	190	eQTL	NA	NA	NA	NA	True	False	True	continuous-20023-both_sexes--irnt	pLoF	0.0941884110745912	0.0501227801434737	-0.00653913754400676	58.72531564980031	True	True
ENSG00000044524	EPHA3	2042	13.6	17161	19271	UKP06298	Tchem	P29320	152	37498	41822	ENST00000336596	5.0800e-01	[]	2.0183e-08	True	5.294e-09	55	positional;eQTL	NA	NA	5.294e-09	rs6551412	True	False	True	continuous-20191-both_sexes--irnt	pLoF|missense|LC	0.118617698195785	0.0645367619746796	-0.00181490601345383	49631.90468944552	True	True
ENSG00000047579	DTNBP1	84062	7.9	14372	19271	UKP06061	Tbio	Q96EV8	303	39799	41822	ENST00000344537	1.1030e+00	[]	8.8796e-07	NA	NA	NA	NA	NA	NA	NA	NA	True	False	True	continuous-20023-both_sexes--irnt	missense|LC	0.141782035057878	0.205889586831289	0.000904237344993814	23488.80153828862	True	True
ENSG00000048405	ZNF800	168850	1.4	4622	19271	UKP09771	Tbio	Q2TB10	27	27814	41822	ENST00000265827	3.5800e-01	[]	2.9979e-09	True	1.809e-10	116	positional;eQTL	4.16e-09	rs11563627	1.809e-10	rs6979232	True	False	True	continuous-20018-both_sexes--	pLoF	0.013292347954342	0.117439558603246	-0.0141173132719471	1.824883094457883	False	False
ENSG00000048471	SNX29	92017	0.0	1	19271	UKP09629	Tbio	Q8TEQ0	40	30023	41822	ENST00000566228	9.4700e-01	[]	7.0051e-12	True	2.835e-10	179	positional;eQTL	NA	NA	2.835e-10	rs2457192	True	False	True	continuous-20016-both_sexes--irnt	pLoF	0.158578720379202	0.137324556608655	-0.0126743010608208	10.560875988411938	False	False
ENSG00000048828	FAM120A	23196	0.5	1903	19271	UKP08459	Tchem	Q9NZB2	200	38553	41822	ENST00000277165	2.2200e-01	[]	3.4922e-09	NA	NA	NA	NA	9.34e-10	rs4744250	NA	NA	True	False	True	continuous-20016-both_sexes--irnt	pLoF	0.0065864408691686	0.00472295394287126	0.034020285288503	5.040523680024244	False	False
ENSG00000049192	ADAMTS6	11174	2.4	6954	19271	UKP06555	Tbio	Q9UKP5	42	30309	41822	ENST00000381055	2.2800e-01	[]	NA	NA	NA	NA	NA	NA	NA	NA	NA	False	True	True	continuous-20016-both_sexes--irnt	pLoF|missense|LC	8.56286176631471e-07	2.30712839277558e-07	-0.00359165689551252	1443.3037823736704	True	True
ENSG00000049618	ARID1B	57492	9.5	15494	19271	UKP01250	Tbio	Q8NFD5	306	39813	41822	ENST00000636930	2.0500e-01	[]	2.2261e-11	True	8.469e-10	108	positional	3.28e-09	rs287883	8.469e-10	rs287879	True	False	True	continuous-20016-both_sexes--irnt	missense|LC	0.022040419298645	0.132795145632618	0.000581522530984649	23820.959994351328	True	True
ENSG00000050393	MCUR1	63933	4.7	10753	19271	UKP05462	Tbio	Q96AQ8	35	29252	41822	ENST00000379170	1.3340e+00	[]	NA	True	3.674e-08	98	eQTL	NA	NA	NA	NA	True	False	True	continuous-20018-both_sexes--	missense|LC	0.0408886666316346	0.0277992793922761	0.00175690967880142	96356.73065392753	True	True
ENSG00000050628	PTGER3	5733	7.3	13831	19271	UKP06987	Tclin	P43115	293	39720	41822	ENST00000306666	7.7800e-01	[]	1.8219e-07	NA	NA	NA	NA	NA	NA	NA	NA	True	False	True	continuous-20191-both_sexes--irnt	pLoF	0.0225121072819061	NA	NA	0.41594584193152945	False	False
ENSG00000051825	MPHOSPH9	10198	0.8	3045	19271	UKP09544	Tbio	Q99550	57	32151	41822	ENST00000606320	6.9700e-01	[]	4.0349e-09	True	3.095e-09	155	positional;eQTL	NA	NA	1.596e-08	rs1051434	True	False	True	continuous-20018-both_sexes--	missense|LC	0.177884459471658	0.787764822910131	-7.91128680283939e-05	7429.578400865001	True	True
ENSG00000052802	MSMO1	6307	6.3	12794	19271	UKP00476	Tchem	Q15800	43	30444	41822	ENST00000261507	9.0100e-01	[]	4.1934e-07	NA	NA	NA	NA	NA	NA	NA	NA	True	False	True	continuous-20023-both_sexes--irnt	pLoF	0.0403631331674276	0.0235095393775949	-0.0120035805339267	21.51100624512142	False	False
ENSG00000053900	ANAPC4	29945	7.7	14204	19271	UKP02210	Tbio	Q9UJX5	134	36952	41822	ENST00000315368	7.5700e-01	[]	1.6653e-07	NA	NA	NA	NA	1.42e-15	rs34811474	NA	NA	True	False	True	continuous-20023-both_sexes--irnt	pLoF	0.00374623212865599	0.0295695601541053	0.00751447606129217	52.298469532916144	True	True
ENSG00000055955	ITIH4	3700	2.5	7104	19271	UKP07753	Tbio	Q14624	120	36481	41822	ENST00000266041	8.3400e-01	[]	NA	True	2.735e-11	51	positional;eQTL	NA	NA	2.805e-08	rs2071044	True	False	True	continuous-20023-both_sexes--irnt	missense|LC	0.00857946265778808	0.00452232238822725	0.000808526780424595	210387.03207421314	True	True
ENSG00000055957	ITIH1	3697	2.5	7104	19271	UKP07753	Tbio	P19827	66	33055	41822	ENST00000273283	1.0690e+00	[]	5.4205e-12	True	3.247e-11	51	positional;eQTL	1.19e-09	rs2239551	3.247e-11	rs2300149	True	False	True	continuous-20018-both_sexes--	missense|LC	0.0731631710011487	0.0388059526171403	-0.000701914030738748	95934.92893357886	True	True
ENSG00000059691	GATB	5188	3.9	9571	19271	UKP00368	Tbio	O75879	37	29593	41822	ENST00000263985	8.3900e-01	[]	6.3594e-13	True	6.649e-13	74	positional;eQTL	6.9e-12	rs6535809	6.649e-13	rs6535809	True	False	True	continuous-20018-both_sexes--	pLoF	0.0384426468298923	0.0218511553656654	-0.00667976368122897	26.059095849189966	False	False
ENSG00000059915	PSD	5662	2.4	6954	19271	UKP01685	Tchem	A5PKW4	53	31698	41822	ENST00000020673	5.0400e-01	[]	2.6949e-13	True	5.792e-14	138	positional;eQTL	1.12e-11	rs77389536	2.755e-11	rs77389536	True	False	True	continuous-20016-both_sexes--irnt	missense|LC	0.0537293408646766	0.968623997719646	-1.49928150047155e-05	4165.57367964384	True	True
ENSG00000060718	COL11A1	1301	7.1	13639	19271	UKP06225	Tbio	P12107	230	39032	41822	ENST00000370096	3.4900e-01	[]	NA	True	5.467e-11	11	positional;eQTL;chromatin	NA	NA	2.415e-09	rs7522293	True	False	True	continuous-20016-both_sexes--irnt	pLoF|missense|LC	0.0341840867305305	0.0178403481310111	0.00149736523906221	185734.96908310807	True	True
ENSG00000061656	SPAG4	6676	2.3	6711	19271	UKP01438	Tbio	Q9NPE6	25	27397	41822	ENST00000374273	1.2800e+00	[]	NA	True	2.438e-08	207	eQTL;chromatin	NA	NA	NA	NA	True	False	True	continuous-20023-both_sexes--irnt	missense|LC	0.297965505834566	0.174543823223424	0.00106806411391421	1656.2503103735155	True	True
ENSG00000063978	RNF4	6047	13.2	17041	19271	UKP09322	Tchem	P78317	191	38401	41822	ENST00000314289	5.8400e-01	[]	NA	True	2.591e-09	62	positional;eQTL	1.57e-10	rs73207312	2.955e-09	rs73207312	True	False	True	continuous-20016-both_sexes--irnt	pLoF	0.0143291768342788	NA	NA	1.1373126141879029	False	False
ENSG00000065361	ERBB3	2065	22.6	18479	19271	UKP06116	Tclin	P21860	1056	41395	41822	ENST00000267101	6.9500e-01	[]	1.4158e-07	NA	NA	NA	NA	2.23e-08	rs7297175	NA	NA	True	False	True	continuous-20018-both_sexes--	pLoF	0.0296155826930329	0.596670460583789	-0.00116342793120907	35.6746310890943	False	False
ENSG00000065413	ANKRD44	91526	0.0	1	19271	UKP06898	Tdark	Q8N8A2	40	30023	41822	ENST00000282272	3.6500e-01	[]	NA	True	1.324e-08	43	eQTL	NA	NA	NA	NA	True	False	True	continuous-20191-both_sexes--irnt	pLoF|missense|LC	0.105738327777101	0.057278609805778	-0.00562664297878732	79.6192879223165	True	True
ENSG00000066032	CTNNA2	1496	9.8	15662	19271	UKP07910	Tbio	P26232	90	34910	41822	ENST00000402739	4.9100e-01	[]	2.0163e-07	NA	NA	NA	NA	NA	NA	NA	NA	True	False	True	continuous-20023-both_sexes--irnt	pLoF	0.0411181181050448	0.183497323593895	0.0172535833233178	3.4765575085704463	False	False
ENSG00000066056	TIE1	7075	7.2	13747	19271	UKP06116	Tchem	P35590	72	33569	41822	ENST00000372476	8.1800e-01	[]	NA	True	1.167e-08	4	eQTL	NA	NA	NA	NA	True	False	True	continuous-20191-both_sexes--irnt	missense|LC	0.0274612773201837	0.0134571533893015	0.00202337136013901	1347.2918590997476	True	True
ENSG00000066135	KDM4A	9682	9.3	15379	19271	UKP00076	Tchem	O75164	260	39401	41822	ENST00000372396	2.5800e-01	[]	2.6692e-10	True	2.721e-08	4	positional;eQTL	4.12e-08	rs61768374	NA	NA	True	False	True	continuous-20023-both_sexes--irnt	pLoF|missense|LC	0.0616771944573082	0.0350606801886399	-0.000630196443352295	297031.92484403384	True	True
ENSG00000066336	SPI1	6688	39.2	19095	19271	UKP06184	Tbio	P17947	281	39619	41822	ENST00000378538	3.0000e-01	[]	2.0924e-07	True	1.57e-07	142	positional	2.52e-08	rs7928419	NA	NA	True	False	True	continuous-20191-both_sexes--irnt	missense|LC	0.00663713668472632	0.054113538803085	0.00439524249380571	214.06431078381164	True	True
ENSG00000066855	MTFR1	9650	2.5	7104	19271	UKP07599	Tbio	Q15390	54	31817	41822	ENST00000262146	8.8500e-01	[]	NA	True	4.478e-08	122	eQTL	NA	NA	NA	NA	True	False	True	continuous-20018-both_sexes--	pLoF	0.212631608146788	0.278678406953964	-0.00501334190106552	9.008489134681005	False	False
ENSG00000067560	RHOA	387	51.2	19199	19271	UKP00424	Tbio	P61586	2138	41677	41822	ENST00000418115	4.3300e-01	[]	1.4123e-19	True	1.33e-27	50	positional;eQTL;chromatin	1.87e-23	rs7623659	1.33e-27	rs7623659	True	False	True	continuous-20016-both_sexes--irnt	pLoF	0.00384755178872491	NA	NA	0.48742515887723326	False	False
ENSG00000067715	SYT1	6857	17.3	17917	19271	UKP06183	Tbio	P21579	191	38401	41822	ENST00000261205	3.3200e-01	[]	NA	True	5.563e-12	153	positional	3.46e-15	rs7963801	5.563e-12	rs6539284	True	False	True	continuous-20016-both_sexes--irnt	missense|LC	0.00705794503444834	0.00573865840840793	-0.00382557517400469	470.532237221524	True	True
ENSG00000068489	PRR11	55771	0.8	3045	19271	UKP07701	Tbio	Q96HE9	75	33835	41822	ENST00000262293	9.5500e-01	[]	NA	True	1.87e-13	196	eQTL;chromatin	NA	NA	NA	NA	True	False	True	continuous-20018-both_sexes--	missense|LC	0.106081513238473	0.0651751472360443	-0.000689703745597549	1928.4762083364617	True	True
ENSG00000068745	IP6K2	51447	18.9	18139	19271	UKP01453	Tchem	Q9UHH9	50	31335	41822	ENST00000328631	3.8500e-01	[]	1.144e-10	True	1.33e-27	50	positional;eQTL	1.63e-10	rs56735597	3.322e-11	rs11715689	True	False	True	continuous-20016-both_sexes--irnt	pLoF	0.171978929243813	0.109076008781626	-0.0352186030776512	1.9505299631689679	False	False
ENSG00000068878	PSME4	23198	5.9	12348	19271	UKP01285	Tbio	Q14997	106	35840	41822	ENST00000404125	3.9300e-01	[]	1.8066e-06	NA	NA	NA	NA	NA	NA	NA	NA	True	False	True	continuous-20191-both_sexes--irnt	pLoF	0.00152334912067031	0.755944754554097	-0.00223642762182562	13.697606609073912	False	False
ENSG00000069020	MAST4	375449	1.5	4687	19271	UKP02122	Tbio	O15021	44	30589	41822	ENST00000403625	6.6000e-01	[]	1.5828e-07	NA	NA	NA	NA	NA	NA	NA	NA	True	False	True	continuous-20023-both_sexes--irnt	pLoF|missense|LC	0.153475177964668	0.0972907377706564	0.000856096623388124	90290.21656482696	True	True
ENSG00000069667	RORA	6095	25.9	18680	19271	UKP06482	Tchem	P35398	351	40134	41822	ENST00000335670	2.0700e-01	[]	1.4813e-06	NA	NA	NA	NA	NA	NA	NA	NA	True	False	True	continuous-20018-both_sexes--	pLoF	0.259746832269125	0.158848983562784	-0.00592915220271754	11.126698948070336	False	False
ENSG00000069966	GNB5	10681	6.2	12686	19271	UKP00438	Tbio	O14775	92	35049	41822	ENST00000261837	1.1550e+00	[]	NA	True	3.417e-07	172	positional	3.51e-08	rs17612706	NA	NA	True	False	True	continuous-20018-both_sexes--	pLoF	0.0784465699931014	0.0456325983488322	-0.0044612023694991	41.580169124927	False	False
ENSG00000070831	CDC42	998	35.6	19040	19271	UKP00424	Tchem	P60953	982	41348	41822	ENST00000656825	6.1100e-01	[]	NA	True	4.864e-09	1	positional;chromatin	4.28e-08	rs16826309	1.058e-08	rs16826309	True	False	True	continuous-20018-both_sexes--	missense|LC	0.0796794723718821	0.612523588427649	-0.0022253539141835	13.164729417892516	False	False
ENSG00000071894	CPSF1	29894	3.4	8766	19271	UKP01955	Tchem	Q10570	163	37772	41822	ENST00000616140	7.4000e-01	[]	NA	True	2.634e-08	127	eQTL	NA	NA	NA	NA	True	False	True	continuous-20023-both_sexes--irnt	missense|LC	0.0629126772050727	0.0324764375338316	0.000740436587214438	11066.945854039748	True	True
ENSG00000072182	ASIC4	55515	1.0	3282	19271	UKP06059	Tbio	Q96FT7	28	28005	41822	ENST00000358078	6.9000e-01	[]	1.7315e-06	NA	NA	NA	NA	NA	NA	NA	NA	True	False	True	continuous-20016-both_sexes--irnt	pLoF	0.152611397617528	0.116653263347965	-0.00307324238751446	209.06688347694498	True	True
ENSG00000072195	SPEG	10290	2.8	7695	19271	UKP06403	Tbio	Q15772	53	31698	41822	ENST00000312358	5.1400e-01	[]	2.384e-10	NA	NA	NA	NA	NA	NA	NA	NA	True	False	True	continuous-20023-both_sexes--irnt	pLoF|missense|LC	0.0361325645504881	0.0179142490349771	0.000465552742568338	448668.3650889162	True	True
ENSG00000072310	SREBF1	6720	26.3	18708	19271	UKP06089	Tchem	P36956	1220	41470	41822	ENST00000261646	6.6200e-01	[]	3.6209e-07	NA	NA	NA	NA	NA	NA	NA	NA	True	False	True	continuous-20191-both_sexes--irnt	missense|LC	0.240297003300049	0.139005903249181	-0.000848737606815882	4660.775044915427	True	True
ENSG00000072736	NFATC3	4775	13.5	17136	19271	UKP06452	Tbio	Q12968	153	37525	41822	ENST00000346183	6.1100e-01	[]	8.0005e-08	True	3.517e-08	188	positional;eQTL;chromatin	NA	NA	NA	NA	True	False	True	continuous-20018-both_sexes--	pLoF|missense|LC	0.462084162725839	0.268302241237092	0.000560483331200879	767.336872729671	True	True
ENSG00000073711	PPP2R3A	5523	10.8	16162	19271	UKP05747	Tbio	Q06190	69	33315	41822	ENST00000264977	8.9100e-01	[]	3.4871e-09	True	4.341e-08	58	positional;eQTL	NA	NA	NA	NA	True	False	True	continuous-20023-both_sexes--irnt	pLoF	0.127034809012618	0.0760040416160938	0.00386719853977466	137.5114924031658	True	True
ENSG00000073969	NSF	4905	13.0	16985	19271	UKP00209	Tbio	P46459	194	38458	41822	ENST00000398238	4.2500e-01	[]	4.7422e-07	True	1.702e-08	193	positional;eQTL	6.06e-10	rs7224296	1.702e-08	rs17698176	True	False	True	continuous-20016-both_sexes--irnt	pLoF|missense|LC	0.111282104895734	0.0914244099550001	-0.00374208396940557	174.822922662675	True	True
ENSG00000074603	DPP8	54878	4.7	10753	19271	UKP05741	Tchem	Q6V1X1	104	35735	41822	ENST00000300141	3.6800e-01	[]	NA	True	1.181e-09	173	positional;chromatin	7.51e-09	rs72739469	1.181e-09	rs72739469	True	False	True	continuous-20016-both_sexes--irnt	pLoF|missense|LC	0.0218491440494474	0.0140670691298981	-0.00282156095891124	596.3214716353301	True	True
ENSG00000074696	HACD3	51495	10.1	15809	19271	UKP00100	Tchem	Q9P035	213	38788	41822	ENST00000261875	8.4700e-01	[]	NA	True	1.181e-09	173	eQTL;chromatin	NA	NA	NA	NA	True	False	True	continuous-20023-both_sexes--irnt	missense|LC	0.203691544077608	0.713603079336561	0.000321405926280728	25150.81950931626	False	True
ENSG00000075292	ZNF638	27332	4.2	10017	19271	UKP02128	Tbio	Q14966	148	37373	41822	ENST00000264447	2.4900e-01	[]	7.0764e-14	True	3.835e-14	25	positional;eQTL;chromatin	3.61e-10	rs4470366	3.835e-14	rs4852252	True	False	True	continuous-20191-both_sexes--irnt	pLoF	0.00955060287940857	0.728102101515405	-0.00442197901607441	5.765716558521665	False	False
ENSG00000075413	MARK3	4140	9.7	15609	19271	UKP00235	Tchem	P27448	170	37928	41822	ENST00000429436	7.3000e-01	[]	1.3963e-08	True	1.519e-14	169	positional;eQTL;chromatin	NA	NA	7.513e-09	rs9671414	True	False	True	continuous-20018-both_sexes--	pLoF	0.00465435479127263	0.108063113935721	-0.0060187144502807	15.104487476117926	False	False
ENSG00000075884	ARHGAP15	55843	4.4	10330	19271	UKP08575	Tbio	Q53QZ3	38	29747	41822	ENST00000295095	1.1340e+00	[]	1.1769e-09	True	1.219e-11	31	positional;eQTL	1.32e-11	rs13428598	1.219e-11	rs10189912	True	False	True	continuous-20023-both_sexes--irnt	missense|LC	0.0133593024771504	0.0191356879954838	-0.00174473033409735	1329.7204987517348	True	True
ENSG00000077150	NFKB2	4791	8.4	14752	19271	UKP08563	Tchem	Q00653	419	40480	41822	ENST00000661543	3.0800e-01	[]	5.3134e-07	True	6.841e-14	138	positional;chromatin	9.81e-09	rs3740418	1.089e-08	rs3740418	True	False	True	continuous-20016-both_sexes--irnt	missense|LC	0.195935785597706	0.111824927119062	0.00142595419426661	1096.46491560155	True	True
ENSG00000077458	FAM76B	143684	3.2	8468	19271	UKP08337	Tbio	Q5HYJ3	49	31217	41822	ENST00000358780	5.1600e-01	[]	4.1694e-09	True	5.916e-09	145	positional;eQTL	4.49e-11	rs11021313	1.018e-08	rs11021313	True	False	True	continuous-20016-both_sexes--irnt	missense|LC	0.0232161926132388	0.0145166177613326	0.00331696002223782	445.70277176760806	False	True
ENSG00000078295	ADCY2	108	9.7	15609	19271	UKP06291	Tchem	Q08462	54	31817	41822	ENST00000338316	3.2900e-01	[]	NA	True	1.677e-08	75	positional	NA	NA	1.677e-08	rs17826816	True	False	True	continuous-20191-both_sexes--irnt	missense|LC	0.284407734071202	0.18850888685352	0.00105124871492778	31006.96192695139	False	True
ENSG00000078328	RBFOX1	54715	2.7	7600	19271	UKP07095	Tbio	Q9NWB1	172	37969	41822	ENST00000550418	3.1100e-01	[]	2.141e-18	True	1.567e-10	177	positional	1.52e-09	rs1507010	1.567e-10	rs11646221	True	False	True	continuous-20191-both_sexes--irnt	pLoF|missense|LC	0.395963153205	0.237750152777297	-0.0041258895053747	46.91037644557412	False	False
ENSG00000079102	RUNX1T1	862	4.8	10931	19271	UKP07978	Tbio	Q06455	857	41259	41822	ENST00000396218	1.8600e-01	[]	1.417e-11	True	1.097e-12	123	positional;chromatin	3.82e-12	rs1899666	1.097e-12	rs2976501	True	False	True	continuous-20018-both_sexes--	pLoF	0.000567540347439192	NA	NA	0.165898424935607	False	False
ENSG00000079689	SCGN	10590	1.1	4265	19271	UKP07235	Tbio	O76038	62	32646	41822	ENST00000377961	1.3750e+00	[]	NA	NA	NA	NA	NA	4.79e-12	rs13191296	NA	NA	True	False	True	continuous-20023-both_sexes--irnt	pLoF	0.0268187298152611	0.0186627621393307	-0.00676003574420699	83.68196323810167	True	True
ENSG00000079691	CARMIL1	55604	12.7	16895	19271	UKP06612	Tbio	Q5VZK9	104	35735	41822	ENST00000329474	6.0600e-01	[]	NA	NA	NA	NA	NA	3.43e-11	rs35789010	NA	NA	True	False	True	continuous-20191-both_sexes--irnt	pLoF|missense|LC	0.329719267882695	0.195904656498834	0.00076750668137245	91576.21929223803	True	True
ENSG00000080802	CNOT4	4850	5.3	11597	19271	UKP05298	Tbio	O95628	72	33569	41822	ENST00000541284	2.3600e-01	[]	2.797e-07	NA	NA	NA	NA	NA	NA	NA	NA	True	False	True	continuous-20018-both_sexes--	pLoF|missense|LC	0.108108061403	0.0663332276341431	-0.00109179988355568	48812.00155169617	True	True
ENSG00000080815	PSEN1	5663	44.1	19155	19271	UKP00242	Tclin	P49768	3012	41729	41822	ENST00000324501	4.2500e-01	[]	NA	True	1.004e-08	167	eQTL	3.94e-09	rs214279	NA	NA	True	False	True	continuous-20016-both_sexes--irnt	missense|LC	0.134614247869671	0.740946263208261	0.000565257649306147	4118.4930686974785	True	True
ENSG00000080854	IGSF9B	22997	0.0	1	19271	UKP06902	Tbio	Q9UPX0	21	26491	41822	ENST00000533871	4.8300e-01	[]	1.0535e-10	True	1.003e-09	149	positional;eQTL;chromatin	2.4e-08	rs4937860	1.003e-09	rs329672	True	False	True	continuous-20191-both_sexes--irnt	pLoF|missense|LC	0.0176100180158156	0.0454671064297139	-0.00117103502826842	2215.543815598521	True	True
ENSG00000081138	CDH7	1005	4.6	10655	19271	UKP06125	Tbio	Q9ULB5	37	29593	41822	ENST00000397968	5.5200e-01	[]	1.3042e-06	NA	NA	NA	NA	NA	NA	NA	NA	True	False	True	continuous-20016-both_sexes--irnt	missense|LC	0.0050092832941766	0.403669116853891	-0.000689622681238475	91104.07530811033	True	True
ENSG00000081177	EXD2	55218	10.9	16206	19271	UKP02448	Tbio	Q9NVH0	61	32557	41822	ENST00000685843	7.8500e-01	[]	NA	True	2.881e-08	166	positional	6.61e-09	rs1043254	2.881e-08	rs1043254	True	False	True	continuous-20016-both_sexes--irnt	missense|LC	0.0176150221435326	0.618190569760325	-0.000378108361830895	86500.05650104464	True	True
ENSG00000081189	MEF2C	4208	64.6	19232	19271	UKP05445	Tbio	Q06413	404	40430	41822	ENST00000504921	2.1200e-01	[]	2.2076e-14	True	2.818e-14	83:84	positional;chromatin	1.12e-14	rs254780	2.818e-14	rs34316	True	False	True	continuous-20018-both_sexes--	pLoF	0.019114872431971	0.0355845083904059	-0.0113321625870138	8.792908168237114	False	False
ENSG00000081377	CDC14B	8555	8.5	14830	19271	UKP05722	Tchem	O60729	48	31100	41822	ENST00000375241	5.2600e-01	[]	3.0123e-07	True	2.02e-08	131	positional;eQTL	1.28e-10	rs6477495	2.161e-08	rs7871404	True	False	True	continuous-20016-both_sexes--irnt	pLoF	0.0800053772635989	0.0451566683657763	-0.0190731184981542	10.043732037706182	False	False
ENSG00000081842	PCDHA6	56142	2.8	7695	19271	UKP06915	Tbio	Q9UN73	22	26726	41822	ENST00000529310	1.0900e+00	[]	NA	True	6.294e-09	91	positional	NA	NA	6.294e-09	rs10053586	True	False	True	continuous-20191-both_sexes--irnt	pLoF|missense|LC	0.106972494082857	0.100262845888647	0.00104070411816245	1585.9018657037786	True	True
ENSG00000083807	SLC27A5	10998	9.2	15304	19271	UKP06532	Tbio	Q9Y2P5	31	28577	41822	ENST00000263093	1.0520e+00	[]	NA	True	3.229e-09	206	positional	NA	NA	3.229e-09	rs113267181	True	False	True	continuous-20018-both_sexes--	pLoF|missense|LC	0.477009477850265	0.305729916947008	-0.000251820430439789	51628.6013547002	True	True
ENSG00000083812	ZNF324	25799	3.1	8298	19271	UKP06961	Tbio	O75467	23	26957	41822	ENST00000196482	8.4900e-01	[]	NA	True	1.991e-07	206	chromatin	NA	NA	NA	NA	True	False	True	continuous-20191-both_sexes--irnt	missense|LC	0.015828409603219	0.0104744898274876	-0.00178097195304937	1847.9097027267824	True	True
ENSG00000083838	ZNF446	55663	2.8	7695	19271	UKP08626	Tdark	Q9NWS9	31	28577	41822	ENST00000594369	1.4780e+00	[]	NA	True	5.955e-10	206	positional;eQTL	NA	NA	2.76e-08	rs882610	True	False	True	continuous-20018-both_sexes--	pLoF	0.239137552349421	0.153731472927143	0.00340189767516075	34.67299351540375	False	False
ENSG00000083845	RPS5	6193	11.8	16572	19271	UKP00007	Tchem	P46782	293	39720	41822	ENST00000196551	3.1300e-01	[]	NA	True	5.955e-10	206	eQTL	NA	NA	NA	NA	True	False	True	continuous-20191-both_sexes--irnt	missense|LC	0.113717955408541	0.0682661622714215	-0.00708504406084162	72.95032851421654	True	True
ENSG00000084636	COL16A1	1307	7.9	14372	19271	UKP06225	Tbio	Q07092	50	31335	41822	ENST00000373672	7.9400e-01	[]	4.1534e-11	True	4.462e-12	2	positional;eQTL	1.42e-12	rs7545321	4.462e-12	rs7545321	True	False	True	continuous-20023-both_sexes--irnt	pLoF|missense|LC	0.00808189991101349	0.00384883285476256	-0.000657794504317504	275853.34550281207	True	True
ENSG00000084693	AGBL5	60509	2.5	7104	19271	UKP06213	Tbio	Q8NDL9	36	29436	41822	ENST00000360131	7.0900e-01	[]	3.1013e-07	NA	NA	NA	NA	NA	NA	NA	NA	True	False	True	continuous-20018-both_sexes--	pLoF	0.133953245482698	0.0748832741875144	0.00498455078579189	24.884984428954997	False	False
ENSG00000087053	MTMR2	8898	10.4	15985	19271	UKP02563	Tbio	Q13614	100	35509	41822	ENST00000346299	9.0000e-01	[]	1.2407e-08	True	5.916e-09	145	positional;eQTL;chromatin	4.4e-11	rs500054	1.262e-08	rs525404	True	False	True	continuous-20018-both_sexes--	pLoF	0.19851786801104	0.883076735200251	2.65280646199355e-05	2023.9583965511931	False	True
ENSG00000087266	SH3BP2	6452	1.7	5664	19271	UKP07892	Tbio	P78314	121	36521	41822	ENST00000503393	9.5800e-01	[]	NA	True	2.141e-07	62	eQTL	NA	NA	NA	NA	True	False	True	continuous-20023-both_sexes--irnt	missense|LC	0.0206750331111529	0.453080027081522	-0.0002285231062754	9371.91987244071	True	True
ENSG00000087495	PHACTR3	116154	1.0	3282	19271	UKP07096	Tbio	Q96KR7	28	28005	41822	ENST00000371015	3.0200e-01	[]	6.6296e-08	NA	NA	NA	NA	NA	NA	NA	NA	True	False	True	continuous-20191-both_sexes--irnt	pLoF|missense|LC	0.00113140987786386	0.00062907167130466	-0.00319748783790533	1987.8037825872145	True	True
ENSG00000088205	DDX18	8886	1.9	5985	19271	UKP01795	Tchem	Q9NVP1	198	38523	41822	ENST00000263239	4.9600e-01	[]	NA	NA	NA	NA	NA	1.66e-09	rs148344559	NA	NA	True	False	True	continuous-20016-both_sexes--irnt	missense|LC	0.274742485261825	0.164494142832673	-0.00110622191398326	52708.08878375403	True	True
ENSG00000088298	EDEM2	55741	8.5	14830	19271	UKP00216	Tbio	Q9BV94	42	30309	41822	ENST00000374492	7.4900e-01	[]	NA	True	5.791e-08	207	eQTL	NA	NA	NA	NA	True	False	True	continuous-20023-both_sexes--irnt	pLoF	0.3170615019743	0.188308522465252	0.00329652396425743	95.86373484088583	True	True
ENSG00000088367	EPB41L1	2036	0.5	1903	19271	UKP06246	Tbio	Q9H4G0	93	35113	41822	ENST00000338074	3.8600e-01	[]	NA	True	1.617e-08	207	eQTL	NA	NA	NA	NA	True	False	True	continuous-20023-both_sexes--irnt	pLoF|missense|LC	0.00234145871736058	0.00112800010282266	0.00107627737708262	7687.8902120445	True	True
ENSG00000088538	DOCK3	1795	3.7	9268	19271	UKP06618	Tbio	Q8IZD9	60	32462	41822	ENST00000266037	2.9800e-01	[]	NA	True	8.119e-24	50	eQTL	NA	NA	NA	NA	True	False	True	continuous-20016-both_sexes--irnt	pLoF	0.413903677753748	0.306687350193806	0.0275196497357956	0.8377184239889811	False	False
ENSG00000088543	C3orf18	51161	0.0	1	19271	UKP08957	Tbio	Q9UK00	10	23239	41822	ENST00000357203	1.4200e+00	[]	NA	True	1.192e-12	50	eQTL	NA	NA	NA	NA	True	False	True	continuous-20023-both_sexes--irnt	pLoF	0.241169138217188	0.154567712473356	0.00847740565557524	8.443075421959708	False	False
ENSG00000089177	KIF16B	55614	11.2	16350	19271	UKP06158	Tbio	Q96L93	66	33055	41822	ENST00000354981	7.8600e-01	[]	1.0517e-07	NA	NA	NA	NA	NA	NA	NA	NA	True	False	True	continuous-20016-both_sexes--irnt	missense|LC	0.118903898678129	0.226923887099812	0.000571274680952002	99905.730382319	True	True
ENSG00000090097	PCBP4	57060	4.2	10017	19271	UKP02182	Tbio	P57723	39	29901	41822	ENST00000461554	7.2200e-01	[]	NA	True	1.41e-10	51	eQTL	NA	NA	NA	NA	True	False	True	continuous-20191-both_sexes--irnt	pLoF|missense|LC	0.0590241347135594	0.0347067258195837	-0.00179133415694913	1252.448457667124	True	True
ENSG00000090905	TNRC6A	27327	5.0	11192	19271	UKP07584	Tbio	Q8NDV7	233	39075	41822	ENST00000395799	2.5700e-01	[]	1.0177e-12	True	1.063e-12	183	positional;eQTL;chromatin	2.81e-10	rs1862451	1.063e-12	rs34172651	True	False	True	continuous-20191-both_sexes--irnt	pLoF|missense|LC	0.0287020226791848	0.0383567476840059	0.000944623976563717	89268.3765715457	True	True
ENSG00000090975	PITPNM2	57605	6.2	12686	19271	UKP07404	Tbio	Q9BZ72	24	27198	41822	ENST00000320201	3.6000e-01	[]	1.6493e-06	True	3.095e-09	155	positional;eQTL;chromatin	NA	NA	3.095e-09	rs1727307	True	False	True	continuous-20016-both_sexes--irnt	pLoF	0.00308368391163705	0.00232414120211821	-0.0209201731355829	6.011830141936871	False	False
ENSG00000091106	NLRC4	58484	14.9	17482	19271	UKP08538	Tbio	Q9NPP4	256	39357	41822	ENST00000402280	9.4800e-01	[]	2.1295e-07	NA	NA	NA	NA	NA	NA	NA	NA	True	False	True	continuous-20018-both_sexes--	missense|LC	0.0358629594902193	0.0204796807145242	0.000960314382592089	3257.03626840721	True	True
ENSG00000095066	HOOK2	29911	8.3	14683	19271	UKP06160	Tbio	Q96ED9	63	32750	41822	ENST00000397668	1.1600e+00	[]	NA	True	2.712e-09	201	eQTL	3.9e-08	rs56160517	NA	NA	True	False	True	continuous-20023-both_sexes--irnt	pLoF|missense|LC	0.00944173842976537	0.00502694486191402	-0.00100800799136585	163972.25959762244	True	True
ENSG00000095319	NUP188	23511	2.9	7932	19271	UKP03642	Tchem	Q5SRE5	114	36223	41822	ENST00000372577	5.3900e-01	[]	NA	True	4.168e-10	132	eQTL	NA	NA	NA	NA	True	False	True	continuous-20191-both_sexes--irnt	pLoF|missense|LC	0.0283267745140503	0.014971615655146	0.00163330017802233	1497.1834008541466	True	True
ENSG00000095321	CRAT	1384	8.4	14752	19271	UKP06190	Tbio	P43155	56	32045	41822	ENST00000318080	1.1110e+00	[]	1.2859e-09	True	7.085e-11	132	positional;eQTL	9.86e-09	rs3118625	1.865e-09	rs3124499	True	False	True	continuous-20016-both_sexes--irnt	missense|LC	0.0585458834859597	0.607720016456548	0.000407733829782489	131270.73316620255	True	True
ENSG00000095485	CWF19L1	55280	1.0	3282	19271	UKP03769	Tbio	Q69YN2	61	32557	41822	ENST00000354105	1.2040e+00	[]	8.823e-08	True	5.23e-09	137	positional;eQTL	NA	NA	NA	NA	True	False	True	continuous-20023-both_sexes--irnt	missense|LC	0.052214371600169	0.0262624251562001	-0.00168332328811968	62121.97075889748	False	True
ENSG00000095564	BTAF1	9044	3.2	8468	19271	UKP01703	Tbio	O14981	101	35565	41822	ENST00000265990	2.1300e-01	[]	5.5005e-08	NA	NA	NA	NA	1.38e-08	rs72823192	NA	NA	True	False	True	continuous-20023-both_sexes--irnt	missense|LC	0.0281915108900933	0.0153547503429081	0.00117020844424946	5122.07563104336	True	True
ENSG00000095637	SORBS1	10580	10.8	16162	19271	UKP05637	Tbio	Q9BX66	127	36706	41822	ENST00000371247	6.9000e-01	[]	4.8079e-08	NA	NA	NA	NA	NA	NA	NA	NA	True	False	True	continuous-20018-both_sexes--	pLoF|missense|LC	0.173126853304374	0.399974065497011	-0.000206617029541146	157608.93675650054	True	True
ENSG00000096654	ZNF184	7738	2.1	6380	19271	UKP06288	Tbio	Q99676	32	28771	41822	ENST00000683788	4.2100e-01	[]	NA	True	5.813e-07	101:102	positional;chromatin	1.77e-17	rs41269265	NA	NA	True	False	True	continuous-20023-both_sexes--irnt	pLoF	0.317579254009336	0.186992556654718	0.00567152564590069	36.260916320898254	False	False
ENSG00000096996	IL12RB1	3594	23.8	18568	19271	UKP06317	Tbio	P42701	243	39215	41822	ENST00000593993	8.6200e-01	[]	NA	True	5.93e-10	202	eQTL	NA	NA	NA	NA	True	False	True	continuous-20018-both_sexes--	pLoF|missense|LC	0.0637221834380604	0.0338676657143289	0.000697103564665092	180288.3335801541	True	True
ENSG00000099308	MAST3	23031	1.5	4687	19271	UKP02122	Tbio	O60307	35	29252	41822	ENST00000687212	4.6600e-01	[]	4.0015e-09	True	5.93e-10	202	positional;eQTL	NA	NA	5.93e-10	rs2072490	True	False	True	continuous-20016-both_sexes--irnt	pLoF|missense|LC	0.0463337698839392	0.0253972819283668	-0.00133961170280825	70100.67203810903	True	True
ENSG00000099326	MZF1	7593	9.4	15426	19271	UKP07018	Tbio	P28698	113	36176	41822	ENST00000215057	1.1800e+00	[]	1.0632e-07	True	5.955e-10	206	positional;eQTL	NA	NA	1.004e-09	rs1867727	True	False	True	continuous-20023-both_sexes--irnt	pLoF	0.011190618396009	0.271082074605441	0.00469462163080748	36.7526502164624	False	False
ENSG00000099864	PALM	5064	3.1	8298	19271	UKP07293	Tbio	O75781	55	31944	41822	ENST00000338448	9.5500e-01	[]	1.8135e-06	NA	NA	NA	NA	4.94e-08	rs34802460	NA	NA	True	False	True	continuous-20023-both_sexes--irnt	missense|LC	0.00304825983834234	0.00185849398739979	0.00122408497640033	183924.608637799	True	True
ENSG00000100079	LGALS2	3957	3.4	8766	19271	UKP06253	Tbio	P05162	65	32962	41822	ENST00000215886	1.1690e+00	[]	NA	True	1.147e-06	211	eQTL	NA	NA	NA	NA	True	False	True	continuous-20018-both_sexes--	missense|LC	0.800678565023973	0.603919504794657	0.00048558125585865	933.9217612366951	True	True
ENSG00000100083	GGA1	26088	7.2	13747	19271	UKP06717	Tbio	Q9UJY5	141	37159	41822	ENST00000343632	4.6800e-01	[]	NA	True	3.582e-08	211	eQTL	NA	NA	NA	NA	True	False	True	continuous-20016-both_sexes--irnt	pLoF	0.0254942037209542	0.0147985491839319	-0.0293465879884234	5.544257139214738	False	False
ENSG00000100092	SH3BP1	23616	14.2	17296	19271	UKP07008	Tbio	Q9Y3L3	45	30722	41822	ENST00000649765	9.0300e-01	[]	NA	True	3.582e-08	211	eQTL	NA	NA	NA	NA	True	False	True	continuous-20023-both_sexes--irnt	missense|LC	0.0790735118296912	0.6730348172514	0.00014887270589408	68479.67024637143	True	True
ENSG00000100101	NA	NA	NA	NA	19271	NA	NA	NA	NA	NA	41822	ENST00000455236	NA	"[""no_exp_lof""]"	NA	True	3.582e-08	211	positional;eQTL	2.77e-08	rs4396807	3.582e-08	rs4396807	True	False	True	continuous-20023-both_sexes--irnt	missense|LC	0.0275308251644483	0.0614219028752432	-0.00179006181060777	1687.4652755143327	True	True
ENSG00000100106	TRIOBP	11078	5.8	12204	19271	UKP08661	Tbio	Q9H2D6	113	36176	41822	ENST00000644935	8.6500e-01	[]	2.0342e-09	True	3.582e-08	211	positional;eQTL	2.77e-08	rs4396807	3.582e-08	rs4396807	True	False	True	continuous-20191-both_sexes--irnt	pLoF	0.0627806302804522	0.11914853159356	-0.0033138604319865	149.10759050576772	True	True
ENSG00000100116	GCAT	23464	1.2	4328	19271	UKP00182	Tbio	O75600	41	30167	41822	ENST00000248924	1.0440e+00	[]	2.7667e-08	True	3.582e-08	211	positional;eQTL	NA	NA	NA	NA	True	False	True	continuous-20191-both_sexes--irnt	missense|LC	0.0472530140664252	0.0274179057953289	0.00133754118095052	90250.88274405041	True	True
ENSG00000100124	ANKRD54	129138	2.0	6082	19271	UKP08711	Tchem	Q6NXT1	33	28940	41822	ENST00000215941	1.1260e+00	[]	NA	True	4.167e-08	211	eQTL	NA	NA	NA	NA	True	False	True	continuous-20018-both_sexes--	pLoF	0.0079350772296124	0.0186121450607029	-0.00630171266652983	25.216615632232187	False	False
ENSG00000100138	SNU13	4809	13.8	17208	19271	UKP01213	Tbio	P55769	188	38338	41822	ENST00000401959	4.9300e-01	[]	NA	True	2.06e-08	213	eQTL	7.25e-09	rs148537066	NA	NA	True	False	True	continuous-20023-both_sexes--irnt	pLoF	0.0400238836196843	0.0239022405951719	-0.0370821264830925	2.4832413468947645	False	False
ENSG00000100139	MICALL1	85377	13.4	17108	19271	UKP06427	Tbio	Q8N3F8	76	33921	41822	ENST00000215957	9.8300e-01	[]	NA	True	3.582e-08	211	eQTL	NA	NA	NA	NA	True	False	True	continuous-20018-both_sexes--	pLoF|missense|LC	0.275250578384415	0.177576787451082	0.000583642783694737	40598.51962576195	True	True
ENSG00000100147	CCDC134	79879	4.5	10501	19271	UKP08245	Tbio	Q9H6E4	45	30722	41822	ENST00000255784	1.4010e+00	[]	1.4053e-07	True	1.204e-12	213	positional;eQTL	3e-11	rs11703813	3.478e-09	rs11703813	True	False	True	continuous-20191-both_sexes--irnt	missense|LC	0.013378845878552	0.0125451970228827	-0.00560736249534746	272.0696640148914	True	False
ENSG00000100162	CENPM	79019	0.6	2927	19271	UKP09427	Tbio	Q9NSP4	51	31461	41822	ENST00000215980	1.0380e+00	[]	NA	True	1.096e-10	213	eQTL	NA	NA	NA	NA	True	False	True	continuous-20016-both_sexes--irnt	pLoF	0.343764062422085	0.219972408659987	-0.0110092896525951	10.236152350718099	False	False
ENSG00000100167	SEPTIN3	55964	3.4	8766	19271	UKP06491	Tbio	Q9UH03	44	30589	41822	ENST00000644076	5.8800e-01	[]	1.0068e-07	True	1.141e-08	213	positional;eQTL	6.94e-13	rs133301	1.141e-08	rs146951100	True	False	True	continuous-20016-both_sexes--irnt	pLoF	0.106021514978547	0.0630553673860681	-0.0213706453484563	NA	False	False
ENSG00000100197	CYP2D6	1565	20.8	18340	19271	UKP06449	Tclin	P10635	1096	41415	41822	ENST00000645361	1.7060e+00	[]	NA	True	1.204e-12	213	eQTL	2.72e-13	rs1135840	NA	NA	True	False	True	continuous-20191-both_sexes--irnt	missense|LC	0.084524369205065	0.48685343226676	-0.000321573558706177	175112.08500145774	True	True
ENSG00000100207	TCF20	6942	2.1	6380	19271	UKP07411	Tbio	Q9UGU0	141	37159	41822	ENST00000677622	5.0000e-02	[]	7.7706e-09	True	2.797e-09	213	positional;eQTL;chromatin	9.85e-13	rs6002655	2.797e-09	rs4822112	True	False	True	continuous-20016-both_sexes--irnt	missense|LC	0.0412389181963734	0.0215556284413334	0.00134437691359376	42245.25543211358	True	True
ENSG00000100242	SUN2	25777	7.9	14372	19271	UKP01438	Tchem	Q9UH99	198	38523	41822	ENST00000689035	7.5600e-01	[]	NA	True	5.869e-11	212	eQTL	NA	NA	NA	NA	True	False	True	continuous-20191-both_sexes--irnt	pLoF	0.0776861060092556	0.0423528255557057	0.014048104357964	17.632815583315356	False	False
ENSG00000100311	PDGFB	5155	56.8	19216	19271	UKP06121	Tbio	P01127	373	40275	41822	ENST00000331163	4.7300e-01	[]	NA	True	2.459e-13	212	eQTL	NA	NA	NA	NA	True	False	True	continuous-20016-both_sexes--irnt	missense|LC	0.133012444639722	0.0817713779727423	-0.00147578070369653	1422.5602505176128	False	True
ENSG00000100316	RPL3	6122	8.9	15105	19271	UKP01369	Tbio	P39023	432	40533	41822	ENST00000216146	1.6500e-01	[]	NA	True	3.209e-13	212	eQTL	NA	NA	NA	NA	True	False	True	continuous-20016-both_sexes--irnt	missense|LC	0.349645733950249	0.261617344774621	-0.00203348358138793	270.22178823732537	True	True
ENSG00000100321	SYNGR1	9145	2.0	6082	19271	UKP07833	Tbio	O43759	41	30167	41822	ENST00000328933	9.0100e-01	[]	5.0448e-10	True	2.459e-13	212	positional;eQTL	7.34e-10	rs9611166	1.243e-10	rs1010170	True	False	True	continuous-20023-both_sexes--irnt	pLoF|missense|LC	0.116805148229976	0.0655077677502406	-0.0020515308748373	268189.5325584798	True	True
ENSG00000100324	TAB1	10454	6.6	13122	19271	UKP01374	Tchem	Q15750	307	39822	41822	ENST00000216160	7.5200e-01	[]	1.9653e-12	True	2.459e-13	212	positional;eQTL;chromatin	5.97e-12	rs5750823	8.225e-13	rs5750825	True	False	True	continuous-20016-both_sexes--irnt	pLoF	0.0668420930584036	0.0380575194078241	0.0133598663002929	17.06330062111121	False	False
ENSG00000100335	MIEF1	54471	7.8	14288	19271	UKP08403	Tbio	Q9NQG6	60	32462	41822	ENST00000325301	6.1300e-01	[]	2.2875e-08	True	5.107e-07	212	positional	5.78e-09	rs738288	NA	NA	True	False	True	continuous-20023-both_sexes--irnt	pLoF|missense|LC	0.0962204773104258	0.0560880356326922	0.000655294892516843	11569.936504466503	True	True
ENSG00000100346	CACNA1I	8911	4.4	10330	19271	UKP06064	Tclin	Q9P0X4	36	29436	41822	ENST00000402142	5.2500e-01	[]	1.2432e-10	True	2.604e-10	212	positional;eQTL	2.09e-09	rs5757736	2.604e-10	rs5750853	True	False	True	continuous-20018-both_sexes--	pLoF|missense|LC	0.0545671426606444	0.93073103983488	-1.51742218863747e-05	107625.64140369889	True	True
ENSG00000100380	ST13	6767	2.8	7695	19271	UKP01198	Tbio	P50502	175	38045	41822	ENST00000216218	6.0300e-01	[]	NA	True	2.244e-07	213	eQTL	NA	NA	NA	NA	True	False	True	continuous-20018-both_sexes--	missense|LC	0.0473189333578191	0.0354125907158426	-0.00176256647471179	13670.723502869805	True	True
ENSG00000100387	RBX1	9978	71.5	19248	19271	UKP02468	Tbio	P62877	830	41244	41822	ENST00000216225	1.2580e+00	[]	NA	NA	NA	NA	NA	1.62e-08	rs2413631	NA	NA	True	False	True	continuous-20023-both_sexes--irnt	missense|LC	0.272786541892148	0.15695845056108	-0.00933241445741089	17.133490287843813	False	False
ENSG00000100393	EP300	2033	72.9	19250	19271	UKP00113	Tchem	Q09472	2000	41658	41822	ENST00000263253	1.6400e-01	[]	4.8496e-09	True	9.1e-07	213	positional	3.67e-08	rs738630	NA	NA	True	False	True	continuous-20191-both_sexes--irnt	missense|LC	0.00378198586420841	0.133378378702944	-0.00072638310702081	37058.036015040016	True	True
ENSG00000100395	L3MBTL2	83746	5.1	11329	19271	UKP06884	Tbio	Q969R5	90	34910	41822	ENST00000216237	6.4900e-01	[]	5.3842e-08	True	4.229e-11	213	positional;eQTL	1.44e-08	rs139465	NA	NA	True	False	True	continuous-20191-both_sexes--irnt	pLoF|missense|LC	0.0739099940088321	0.0397845581381572	0.00250498233635263	508.58472023632226	True	True
ENSG00000100399	CHADL	150356	3.9	9571	19271	UKP06756	Tbio	Q6NUI6	12	23906	41822	ENST00000216241	1.4150e+00	[]	3.7072e-08	True	1.204e-12	213	positional;eQTL	1.48e-08	rs139492	NA	NA	True	False	True	continuous-20018-both_sexes--	pLoF|missense|LC	0.271023564622428	0.1600845967805	0.000503990100019125	3747.734873999595	True	True
ENSG00000100401	RANGAP1	5905	9.4	15426	19271	UKP05452	Tbio	P46060	356	40181	41822	ENST00000356244	8.0800e-01	[]	2.2077e-06	True	2.616e-08	213	eQTL	NA	NA	NA	NA	True	False	True	continuous-20016-both_sexes--irnt	pLoF	0.316073623196078	0.191161966930296	0.00854260719043183	15.115916337749715	False	False
ENSG00000100403	ZC3H7B	23264	3.9	9571	19271	UKP08081	Tbio	Q9UGR2	71	33501	41822	ENST00000352645	4.0100e-01	[]	NA	True	5.736e-10	213	positional;eQTL	4.04e-10	rs62238180	5.736e-10	rs62238180	True	False	True	continuous-20018-both_sexes--	pLoF	0.111426430122942	0.53228746996328	-0.00314588946610113	8.958528812084207	False	False
ENSG00000100410	PHF5A	84844	6.3	12794	19271	UKP05375	Tbio	Q7RTV0	145	37283	41822	ENST00000216252	2.0500e-01	[]	NA	True	5.09e-11	213	positional;chromatin	1.17e-08	rs9611597	7.803e-09	rs9611597	True	False	True	continuous-20023-both_sexes--irnt	missense|LC	0.435156014659293	0.3671662609413	0.0091800365629359	6.1642964348009714	False	False
ENSG00000100412	ACO2	50	6.6	13122	19271	UKP07271	Tbio	Q99798	180	38169	41822	ENST00000216254	4.8900e-01	[]	NA	True	5.09e-11	213	positional;chromatin	4.58e-11	rs41276321	5.09e-11	rs41276321	True	False	True	continuous-20016-both_sexes--irnt	pLoF	0.00495616212870786	0.0682734192940755	-0.0173755895905383	7.474129522494429	False	False
ENSG00000100413	POLR3H	171568	4.5	10501	19271	UKP01237	Tbio	Q9Y535	37	29593	41822	ENST00000355209	9.3700e-01	[]	NA	True	2.06e-08	213	eQTL	NA	NA	NA	NA	True	False	True	continuous-20191-both_sexes--irnt	pLoF	0.0746358552705215	0.0836083577890063	0.012829417834942	15.207504147151488	False	False
ENSG00000100418	DESI1	27351	4.2	10017	19271	UKP01659	Tbio	Q6ICB0	20	26233	41822	ENST00000263256	1.1180e+00	[]	NA	True	1.204e-12	213	eQTL;chromatin	NA	NA	NA	NA	True	False	True	continuous-20023-both_sexes--irnt	pLoF|missense|LC	0.000525922389835509	0.000235219295710687	0.00542251821827677	301.97058479090185	False	False
ENSG00000100664	EIF5	1983	4.6	10655	19271	UKP01417	Tbio	P55010	151	37456	41822	ENST00000216554	3.4700e-01	[]	NA	True	1.519e-14	169	eQTL;chromatin	NA	NA	NA	NA	True	False	True	continuous-20016-both_sexes--irnt	missense|LC	0.0471108132067088	0.514125445212915	0.00107608296112977	2615.5209135187133	True	True
ENSG00000100678	SLC8A3	6547	13.2	17041	19271	UKP04475	Tchem	P57103	44	30589	41822	ENST00000356921	7.9400e-01	[]	1.1126e-06	NA	NA	NA	NA	NA	NA	NA	NA	True	False	True	continuous-20191-both_sexes--irnt	missense|LC	0.053650046317046	0.0283485152997809	-0.00170841120622334	4894.323727562095	True	True
ENSG00000100711	ZFYVE21	79038	0.0	1	19271	UKP09979	Tbio	Q9BQ24	31	28577	41822	ENST00000311141	1.0780e+00	[]	NA	True	1.519e-14	169	eQTL;chromatin	NA	NA	NA	NA	True	False	True	continuous-20016-both_sexes--irnt	pLoF|missense|LC	0.0925253343995035	0.391736233585804	0.00144951858527648	3050.6420374665904	True	True
ENSG00000100767	PAPLN	89932	0.0	1	19271	UKP06555	Tbio	O95428	19	25988	41822	ENST00000644200	1.1820e+00	[]	NA	True	1.004e-08	167	eQTL	NA	NA	NA	NA	True	False	True	continuous-20018-both_sexes--	missense|LC	0.0573209887278453	0.057371825491943	-0.000365253847903139	141513.00151053208	True	True
ENSG00000101019	UQCC1	55245	1.3	4364	19271	UKP04431	Tbio	Q9NVA1	66	33055	41822	ENST00000374385	1.1400e+00	[]	NA	True	1.703e-08	207	eQTL	NA	NA	NA	NA	True	False	True	continuous-20018-both_sexes--	pLoF	0.193783695002286	0.205775019698216	0.00260817323933933	44.965611617903434	False	False
ENSG00000101745	ANKRD12	23253	0.0	1	19271	UKP09986	Tbio	Q6UB98	38	29747	41822	ENST00000262126	5.8300e-01	[]	NA	NA	NA	NA	NA	NA	NA	NA	NA	False	False	True	continuous-20016-both_sexes--irnt	pLoF	1.1529849419802e-13	5.27962488705363e-14	-0.0285407136835369	45.69184683063011	False	False
ENSG00000102189	EEA1	8411	9.7	15609	19271	UKP12438	Tbio	Q15075	150	37423	41822	ENST00000322349	6.6300e-01	[]	5.3038e-09	True	1.241e-08	154	positional;eQTL;chromatin	4.92e-08	rs61933752	1.241e-08	rs17790352	True	False	True	continuous-20016-both_sexes--irnt	pLoF	0.0728583830301824	0.0393381442009832	0.0109939091258272	24.91876115019904	False	False
ENSG00000102904	TSNAXIP1	55815	0.0	1	19271	UKP09015	Tdark	Q2TAA8	21	26491	41822	ENST00000561639	1.2260e+00	[]	NA	True	3.517e-08	188	eQTL	NA	NA	NA	NA	True	False	True	continuous-20023-both_sexes--irnt	pLoF	0.00669484665300246	0.00407969782906825	-0.00156679141174412	2577.886963165849	True	True
ENSG00000102984	ZNF821	55565	2.3	6711	19271	UKP06489	Tdark	O75541	18	25715	41822	ENST00000425432	5.2500e-01	[]	1.6833e-10	True	1.783e-09	190	positional;eQTL;chromatin	8.44e-09	rs2288031	4.103e-09	rs2288031	True	False	True	continuous-20018-both_sexes--	missense|LC	0.120229359739462	0.126471210985072	-0.000910088164069423	649.5243463072203	True	True
ENSG00000103043	VAC14	55697	3.3	8619	19271	UKP01993	Tchem	Q08AM6	133	36927	41822	ENST00000261776	6.8100e-01	[]	4.6417e-07	True	4.467e-08	189	positional;eQTL	9.9e-11	rs62047970	4.467e-08	rs7196032	True	False	True	continuous-20016-both_sexes--irnt	pLoF	0.0668102008071377	0.0361790112390472	-0.015954489249599	11.211618600292232	False	False
ENSG00000103056	SMPD3	55512	6.8	13329	19271	UKP06236	Tchem	Q9NY59	113	36176	41822	ENST00000219334	6.0000e-01	[]	6.8523e-09	True	3.037e-06	188	positional;eQTL	NA	NA	NA	NA	True	False	True	continuous-20023-both_sexes--irnt	pLoF	0.369935317424777	0.222142313089834	0.00896414829332693	12.41800368903057	False	False
ENSG00000103061	SLC7A6OS	84138	0.5	1903	19271	UKP08228	Tdark	Q96CW6	23	26957	41822	ENST00000263997	9.5600e-01	[]	2.2806e-06	True	3.517e-08	188	positional;eQTL;chromatin	NA	NA	NA	NA	True	False	True	continuous-20191-both_sexes--irnt	pLoF	0.0885104376024092	0.789453898993199	0.00360010930896177	3.3221384890141836	False	False
ENSG00000103064	SLC7A6	9057	11.8	16572	19271	UKP06172	Tbio	Q92536	64	32852	41822	ENST00000219343	7.5300e-01	[]	NA	True	3.517e-08	188	positional;eQTL	NA	NA	4.726e-08	rs112086775	True	False	True	continuous-20191-both_sexes--irnt	missense|LC	0.000891629997113674	0.00053659174364129	0.0049378267240951	719.6519941933178	True	True
ENSG00000103066	PLA2G15	23659	16.3	17761	19271	UKP01337	Tbio	Q8NCC3	46	30867	41822	ENST00000219345	7.6600e-01	[]	3.1185e-09	True	1.948e-07	188	positional;eQTL;chromatin	NA	NA	NA	NA	True	False	True	continuous-20191-both_sexes--irnt	pLoF|missense|LC	0.00542508161516186	0.0124417104397606	-0.00274702376912892	682.4077346029321	True	True
ENSG00000103067	ESRP2	80004	3.1	8298	19271	UKP05988	Tbio	Q9H6T0	65	32962	41822	ENST00000473183	7.5300e-01	[]	NA	True	3.517e-08	188	positional;eQTL;chromatin	NA	NA	NA	NA	True	False	True	continuous-20191-both_sexes--irnt	pLoF	0.190428103909713	0.111535179768172	-0.00867865127009032	25.3003155258183	False	False
ENSG00000103227	LMF1	64788	1.3	4364	19271	UKP07322	Tbio	Q96S06	58	32254	41822	ENST00000262301	1.4360e+00	[]	1.6836e-06	NA	NA	NA	NA	NA	NA	NA	NA	True	False	True	continuous-20191-both_sexes--irnt	missense|LC	0.220814448065898	0.762218473155521	-0.00025343443289638	17755.191010852173	True	True
ENSG00000103264	FBXO31	79791	9.1	15239	19271	UKP05318	Tbio	Q5XUX0	80	34209	41822	ENST00000311635	6.8800e-01	[]	1.3992e-07	NA	NA	NA	NA	NA	NA	NA	NA	True	False	True	continuous-20191-both_sexes--irnt	pLoF	0.127454887186876	0.0790801760777988	0.0239206061070106	2.811160337440764	False	False
ENSG00000103449	SALL1	6299	17.8	17987	19271	UKP06386	Tbio	Q9NSC2	142	37187	41822	ENST00000251020	2.2800e-01	[]	NA	True	8.683e-11	185	eQTL	NA	NA	NA	NA	True	False	True	continuous-20023-both_sexes--irnt	pLoF|missense|LC	0.324733595238602	0.204654541803854	-0.000305850319943098	461844.63236336317	True	True
ENSG00000103479	RBL2	5934	5.1	11329	19271	UKP00082	Tbio	Q08999	387	40348	41822	ENST00000262133	6.0200e-01	[]	3.3548e-13	True	3.841e-15	186	positional;eQTL;chromatin	7.22e-17	rs8054299	3.841e-15	rs8054299	True	False	True	continuous-20016-both_sexes--irnt	pLoF|missense|LC	0.00139579338012208	0.00432212862313808	0.00217326830983846	42109.436907995616	True	True
ENSG00000103671	TRIP4	9325	15.7	17645	19271	UKP04903	Tbio	Q15650	95	35229	41822	ENST00000261884	8.0200e-01	[]	1.2831e-06	NA	NA	NA	NA	NA	NA	NA	NA	True	False	True	continuous-20016-both_sexes--irnt	pLoF|missense|LC	0.0874881557962931	0.0468607262222257	-0.00213327555344755	702.7171870691914	True	True
ENSG00000103723	AP3B2	8120	3.8	9432	19271	UKP01457	Tbio	Q13367	65	32962	41822	ENST00000535359	5.2000e-01	[]	1.3559e-06	True	5.777e-10	174	positional;eQTL	5.45e-09	rs28737193	2.497e-08	rs35728728	True	False	True	continuous-20023-both_sexes--irnt	missense|LC	0.00500495119022137	0.00474510874845802	-0.00155479149319623	2756.576627813372	False	True
ENSG00000103742	IGDCC4	57722	0.5	1903	19271	UKP06097	Tbio	Q8TDY8	18	25715	41822	ENST00000352385	8.0900e-01	[]	NA	True	6.22e-06	173	positional	NA	NA	NA	NA	True	False	True	continuous-20191-both_sexes--irnt	pLoF|missense|LC	0.000170277482671288	8.01881082754807e-05	-0.00231581045206345	56190.67699391417	True	True
ENSG00000103769	RAB11A	8766	31.0	18913	19271	UKP05887	Tbio	P62491	313	39876	41822	ENST00000261890	5.7700e-01	[]	NA	True	1.201e-08	173	positional	2.89e-08	rs72741274	1.201e-08	rs72741274	True	False	True	continuous-20191-both_sexes--irnt	missense|LC	0.0361204816897204	0.0182991077321553	0.0198365009370482	16.697568008385367	False	False
ENSG00000104093	DMXL2	23312	1.9	5985	19271	UKP03535	Tbio	Q8TDJ6	53	31698	41822	ENST00000560891	3.6000e-01	[]	9.0478e-08	True	2.47e-11	172	positional;eQTL;chromatin	9.39e-10	rs7172979	2.47e-11	rs7172979	True	False	True	continuous-20018-both_sexes--	pLoF	0.00121793071121912	0.00556839660202257	-0.00884243946485066	18.19465715603727	False	False
ENSG00000104112	SCG3	29106	1.0	3282	19271	UKP08217	Tbio	Q8WXD2	46	30867	41822	ENST00000220478	8.4400e-01	[]	8.3787e-09	True	4.681e-11	172	positional;eQTL;chromatin	4.06e-09	rs2305716	5.559e-10	rs10519317	True	False	True	continuous-20016-both_sexes--irnt	missense|LC	0.406791252712862	0.534241801904859	0.000865980067213116	4779.667938562982	True	True
ENSG00000104442	ARMC1	55156	0.8	3045	19271	UKP08775	Tbio	Q9NVT9	36	29436	41822	ENST00000276569	8.8500e-01	[]	2.8666e-08	True	4.478e-08	122	eQTL	NA	NA	NA	NA	True	False	True	continuous-20016-both_sexes--irnt	pLoF	0.0508181188186234	0.13896533110072	0.013658733059609	8.937162481294935	False	False
ENSG00000104774	MAN2B1	4125	3.1	8298	19271	UKP01551	Tchem	O00754	82	34376	41822	ENST00000456935	8.9800e-01	[]	NA	True	1.888e-09	200:201	eQTL	NA	NA	NA	NA	True	False	True	continuous-20018-both_sexes--	pLoF|missense|LC	0.0455517475940456	0.0533551253499736	-0.00055762346369237	158796.58949758564	True	True
ENSG00000105327	BBC3	27113	4.1	9897	19271	UKP12696	Tbio	Q96PG8;Q9BXH1	729	41151	41822	ENST00000439096	1.2930e+00	[]	NA	True	3.919e-08	205	eQTL	NA	NA	NA	NA	True	False	True	continuous-20191-both_sexes--irnt	pLoF	0.0142032521534243	0.03656510849787	0.00973169198448127	35.90493208869638	False	False
ENSG00000105607	GCDH	2639	4.1	9897	19271	UKP08179	Tchem	Q92947	124	36608	41822	ENST00000222214	7.5200e-01	[]	NA	True	2.712e-09	201	eQTL	NA	NA	NA	NA	True	False	True	continuous-20016-both_sexes--irnt	pLoF|missense|LC	0.0639739153674932	0.895118059979884	0.000159766078317827	468.576690130377	True	True
ENSG00000105613	MAST1	22983	6.3	12794	19271	UKP02122	Tchem	Q9Y2H9	43	30444	41822	ENST00000251472	3.7900e-01	[]	NA	NA	NA	NA	NA	3.9e-08	rs56160517	NA	NA	True	False	True	continuous-20016-both_sexes--irnt	missense|LC	0.191219693880025	0.103662904480253	0.00170035181256576	822.6579519378297	True	True
ENSG00000105647	PIK3R2	5296	10.1	15809	19271	UKP06292	Tchem	O00459	250	39299	41822	ENST00000222254	7.6000e-01	[]	6.0518e-08	True	2.289e-09	202	positional	NA	NA	2.289e-09	rs12984330	True	False	True	continuous-20023-both_sexes--irnt	missense|LC	0.0085960360355436	0.00520609133878125	0.00120935654112177	759935.869010228	True	True
ENSG00000105649	RAB3A	5864	16.0	17704	19271	UKP02608	Tbio	P20336	105	35793	41822	ENST00000222256	4.7400e-01	[]	NA	True	5.93e-10	202	eQTL	NA	NA	NA	NA	True	False	True	continuous-20023-both_sexes--irnt	pLoF	0.0842682508802931	0.0484635234499817	0.0273772448740062	2.979893138281478	False	False
ENSG00000105650	PDE4C	5143	3.2	8468	19271	UKP06245	Tclin	Q08493	57	32151	41822	ENST00000262805	1.0440e+00	[]	NA	True	5.93e-10	202	eQTL	NA	NA	NA	NA	True	False	True	continuous-20191-both_sexes--irnt	pLoF	0.207696541074771	0.562779417217845	-0.0027442335963705	NA	False	False
ENSG00000105778	AVL9	23080	0.8	3045	19271	UKP08476	Tbio	Q8NBF6	32	28771	41822	ENST00000318709	8.1100e-01	[]	NA	True	1.586e-08	111	eQTL	NA	NA	NA	NA	True	False	True	continuous-20016-both_sexes--irnt	missense|LC	0.0163392878552192	0.169506557435969	-0.00138562796138396	19287.818464520198	True	True
ENSG00000105866	SP4	6671	4.4	10330	19271	UKP08533	Tbio	Q02446	90	34910	41822	ENST00000222584	3.3900e-01	[]	1.7397e-06	NA	NA	NA	NA	NA	NA	NA	NA	True	False	True	continuous-20018-both_sexes--	pLoF	0.0804356146494865	NA	NA	1.4931488579874308	False	False
ENSG00000105968	H2AZ2	94239	2.4	6954	19271	UKP00387	Tbio	Q71UI9	138	37073	41822	ENST00000308153	1.0620e+00	[]	NA	True	2.221e-09	112	positional;eQTL;chromatin	NA	NA	NA	NA	True	False	True	continuous-20191-both_sexes--irnt	missense|LC	0.219713188004396	0.359430284821006	0.00341079768495422	69.40985449376197	False	False
ENSG00000106328	FSCN3	29999	2.0	6082	19271	UKP01316	Tdark	Q9NQT6	12	23906	41822	ENST00000265825	1.1180e+00	[]	1.2217e-10	True	2.126e-10	116	positional;eQTL	NA	NA	4.667e-10	rs806219	True	False	True	continuous-20191-both_sexes--irnt	pLoF	0.106957853082038	0.0815560491634545	-0.00459075089718679	103.7656954141229	True	True
ENSG00000106331	PAX4	5078	8.4	14752	19271	UKP06922	NA	NA	136	37012	41822	ENST00000639438	1.0560e+00	[]	1.231e-11	True	1.322e-09	116	positional	NA	NA	1.322e-09	rs698406	True	False	True	continuous-20016-both_sexes--irnt	pLoF|missense|LC	0.0178404268755747	0.00951663645762857	-0.00197660713147032	102476.00061992428	True	True
ENSG00000106415	GLCCI1	113263	0.0	1	19271	UKP08879	Tbio	Q86VQ1	70	33410	41822	ENST00000223145	8.9000e-01	[]	1.7879e-08	True	1.518e-09	109	positional;chromatin	NA	NA	1.518e-09	rs4725065	True	False	True	continuous-20023-both_sexes--irnt	pLoF|missense|LC	0.174924796687285	0.112688624247418	0.000798019383412865	3171.091586509067	True	False
ENSG00000106536	POU6F2	11281	6.5	13008	19271	UKP06119	Tbio	P78424	31	28577	41822	ENST00000518318	5.9200e-01	[]	8.637e-11	NA	NA	NA	NA	NA	NA	NA	NA	True	False	True	continuous-20023-both_sexes--irnt	missense|LC	0.0452813589685348	0.0244180455739208	0.000962657095812366	65273.36227784089	True	True
ENSG00000106771	TMEM245	23731	0.0	1	19271	UKP00643	Tdark	Q9H330	34	29104	41822	ENST00000374586	9.1300e-01	[]	NA	NA	NA	NA	NA	1.98e-08	rs2439649	NA	NA	True	False	True	continuous-20023-both_sexes--irnt	missense|LC	0.0948599307480834	0.388060139000368	0.000291383943221674	295379.62881836307	True	True
ENSG00000107077	KDM4C	23081	14.2	17296	19271	UKP00076	Tchem	Q9H3R0	150	37423	41822	ENST00000381309	8.1300e-01	[]	2.4865e-07	NA	NA	NA	NA	NA	NA	NA	NA	True	False	True	continuous-20018-both_sexes--	missense|LC	0.000569101165433072	0.00039277743049182	0.0016061205633227	150905.91840591282	True	True
ENSG00000107105	ELAVL2	1993	2.8	7695	19271	UKP02873	Tbio	Q12926	128	36748	41822	ENST00000397312	2.4900e-01	[]	5.36e-08	True	2.027e-12	128:129	positional;chromatin	1.66e-11	rs702222	5.019e-12	rs702222	True	False	True	continuous-20023-both_sexes--irnt	missense|LC	0.167747895922909	0.16147005026258	0.00172365541075275	524.7784611225906	True	True
ENSG00000107249	GLIS3	169792	4.5	10501	19271	UKP06076	Tbio	Q8NEA6	98	35394	41822	ENST00000381971	8.5300e-01	"[""outlier_mis""]"	1.3135e-11	NA	NA	NA	NA	NA	NA	NA	NA	True	False	True	continuous-20023-both_sexes--irnt	pLoF	0.0311401083905639	0.0469001839282396	-0.00289684584717535	168.86546785631828	True	True
ENSG00000107282	APBA1	320	7.8	14288	19271	UKP06539	Tbio	Q02410	140	37128	41822	ENST00000265381	9.7800e-01	[]	NA	NA	NA	NA	NA	4.83e-08	rs11138947	NA	NA	True	False	True	continuous-20191-both_sexes--irnt	pLoF	0.106387938146806	0.0581981487021705	-0.0133241746337367	16.99422557113201	False	False
ENSG00000107566	ERLIN1	10613	5.8	12204	19271	UKP05556	Tchem	O75477	172	37969	41822	ENST00000421367	1.0490e+00	[]	NA	True	5.23e-09	137	positional	4.11e-09	rs1408579	5.23e-09	rs1408579	True	False	True	continuous-20023-both_sexes--irnt	pLoF	0.339056939249287	0.202545762331134	0.00614405081265212	28.44556947852568	False	False
ENSG00000107745	MICU1	10367	20.7	18330	19271	UKP01788	Tbio	Q9BPX6	171	37948	41822	ENST00000361114	1.0190e+00	[]	6.0349e-08	NA	NA	NA	NA	NA	NA	NA	NA	True	False	True	continuous-20023-both_sexes--irnt	pLoF	0.111138673605777	0.0861981717879978	0.00395810460593694	116.31841557491302	True	True
ENSG00000107831	FGF8	2253	20.7	18330	19271	UKP06088	Tbio	P55075	239	39156	41822	ENST00000320185	7.6500e-01	[]	2.1329e-08	True	4.432e-10	138	chromatin	NA	NA	NA	NA	True	False	True	continuous-20191-both_sexes--irnt	pLoF|missense|LC	0.0396869666110859	0.0263824301230229	-0.002800245566036	143.04571631427336	True	False
ENSG00000107833	NPM3	10360	2.5	7104	19271	UKP06753	Tbio	O75607	107	35897	41822	ENST00000370110	1.0320e+00	[]	4.9737e-09	True	1.253e-16	138	positional;eQTL;chromatin	7.39e-11	rs935445	3.644e-11	rs935445	True	False	True	continuous-20016-both_sexes--irnt	pLoF|missense|LC	0.445396179664841	0.327722971492441	0.00130850004220757	422.0192405431727	True	True
ENSG00000107854	TNKS2	80351	12.7	16895	19271	UKP05247	Tchem	Q9H2K2	159	37666	41822	ENST00000371627	7.1300e-01	[]	NA	True	3.168e-08	136	eQTL	NA	NA	NA	NA	True	False	True	continuous-20016-both_sexes--irnt	pLoF|missense|LC	0.00295868927634313	0.0903756251509997	0.00155815342502843	941.9109460481283	True	True
ENSG00000107859	PITX3	5309	8.1	14536	19271	UKP07614	Tbio	O75364	61	32557	41822	ENST00000370002	6.9100e-01	[]	2.744e-12	True	5.792e-14	138	positional;eQTL;chromatin	3.91e-14	rs733283	6.841e-14	rs7923183	True	False	True	continuous-20191-both_sexes--irnt	missense|LC	0.115072796034413	0.338850840854727	-0.00173419007766355	243.7371676414983	False	True
ENSG00000107862	GBF1	8729	20.3	18300	19271	UKP01685	Tbio	Q92538	182	38207	41822	ENST00000369983	6.4200e-01	[]	1.7535e-16	True	5.792e-14	138	positional;chromatin	2.39e-14	rs2485371	5.792e-14	rs2485371	True	False	True	continuous-20191-both_sexes--irnt	pLoF	0.00874813454792078	0.0093958785821644	-0.0110528683509641	34.30475130787123	False	False
ENSG00000107872	FBXL15	79176	5.9	12348	19271	UKP02472	Tbio	Q9H469	32	28771	41822	ENST00000369956	1.7270e+00	[]	NA	True	3.262e-09	138	positional	NA	NA	3.262e-09	rs56384670	True	False	True	continuous-20016-both_sexes--irnt	pLoF	0.198817341368046	0.117765772099318	0.0114676865023084	13.810788641212849	False	False
ENSG00000107874	CUEDC2	79004	1.6	5463	19271	UKP10305	Tbio	Q9H467	60	32462	41822	ENST00000369937	4.5700e-01	[]	3.708e-07	True	1.803e-09	138	positional	5.42e-09	rs11593146	1.803e-09	rs41287462	True	False	True	continuous-20016-both_sexes--irnt	pLoF|missense|LC	0.166272694512853	0.0979338164288504	0.00224372667919823	470.68912850730857	True	True
ENSG00000108272	NA	NA	NA	NA	19271	NA	NA	NA	NA	NA	41822	NA	NA	NA	NA	True	2.376e-10	191	positional;eQTL	5.76e-11	rs35258073	2.376e-10	rs2285640	True	False	True	NA	NA	NA	NA	NA	NA	NA	NA
ENSG00000108278	NA	NA	NA	NA	19271	NA	NA	NA	NA	NA	41822	NA	NA	NA	NA	True	2.376e-10	191	positional;eQTL	5.29e-10	rs4796225	2.927e-09	rs4796224	True	False	True	NA	NA	NA	NA	NA	NA	NA	NA
ENSG00000108375	RNF43	54894	9.1	15239	19271	UKP07491	Tbio	Q68DV7	149	37399	41822	ENST00000407977	6.3200e-01	[]	5.3426e-11	True	1.87e-13	196	positional;eQTL;chromatin	2.08e-08	rs9788975	5.083e-13	rs8070135	True	False	True	continuous-20018-both_sexes--	pLoF	0.0461974986700487	0.132386489961692	-0.00554179707426627	NA	False	False
ENSG00000108379	WNT3	7473	15.8	17668	19271	UKP06092	Tchem	P56703	148	37373	41822	ENST00000225512	3.6700e-01	[]	2.5559e-08	True	1.702e-08	193	positional;eQTL	4.76e-10	rs916888	NA	NA	True	False	True	continuous-20018-both_sexes--	pLoF|missense|LC	0.342708176638076	0.19932994329175	0.0020428473377742	73.76128640648453	True	True
ENSG00000108384	RAD51C	5889	12.2	16737	19271	UKP02575	Tbio	O43502	256	39357	41822	ENST00000337432	1.1390e+00	[]	1.0314e-08	True	1.722e-13	196	positional;eQTL;chromatin	1.12e-08	rs304270	3.506e-13	rs12938772	True	False	True	continuous-20018-both_sexes--	pLoF	0.0629490783761729	0.0907690331001734	-0.0038905127548682	28.800202842802282	False	False
ENSG00000108387	SEPTIN4	5414	13.1	17014	19271	UKP06491	Tbio	O43236	98	35394	41822	ENST00000672673	6.0200e-01	[]	1.5677e-12	True	2.924e-13	196	positional;eQTL	1.28e-08	rs2009948	5.277e-13	rs2009948	True	False	True	continuous-20018-both_sexes--	missense|LC	0.0981973898492582	0.785830419510969	0.000206725474448579	39443.051931693204	False	False
ENSG00000108389	MTMR4	9110	16.9	17853	19271	UKP02563	Tbio	Q9NYA4	50	31335	41822	ENST00000682306	2.9500e-01	[]	1.8927e-07	True	1.87e-13	196	positional;eQTL;chromatin	5.51e-09	rs2302189	4.332e-13	rs4793950	True	False	True	continuous-20016-both_sexes--irnt	pLoF|missense|LC	0.141853611048102	0.126504292781805	-0.00124775383723407	122010.80019745772	True	True
ENSG00000108395	TRIM37	4591	15.0	17507	19271	UKP08424	Tbio	O94972	152	37498	41822	ENST00000262294	7.8900e-01	[]	6.6351e-13	True	1.722e-13	196	positional;eQTL;chromatin	9.81e-10	rs74370218	1.87e-13	rs3826353	True	False	True	continuous-20191-both_sexes--irnt	missense|LC	0.0676115921925102	0.0478134563424357	0.0288251076507252	1761.2625240785462	True	True
ENSG00000108557	RAI1	10743	3.1	8298	19271	UKP07411	Tbio	Q7Z5J4	151	37456	41822	ENST00000353383	1.2900e-01	[]	1.0729e-07	NA	NA	NA	NA	NA	NA	NA	NA	True	False	True	continuous-20023-both_sexes--irnt	missense|LC	0.108772896274987	0.354416507606248	-0.000230320840372264	305964.1393849403	True	True
ENSG00000108576	SLC6A4	6532	20.2	18279	19271	UKP06265	Tclin	P31645	4082	41767	41822	ENST00000650711	4.2100e-01	[]	2.4627e-06	NA	NA	NA	NA	NA	NA	NA	NA	True	False	True	continuous-20018-both_sexes--	pLoF	0.0363828948245951	0.0794514722029465	-0.00858141768213638	8.314350955872607	False	False
ENSG00000108582	CPD	1362	2.4	6954	19271	UKP06484	Tbio	O75976	113	36176	41822	ENST00000225719	6.2700e-01	[]	1.3608e-08	NA	NA	NA	NA	NA	NA	NA	NA	True	False	True	continuous-20023-both_sexes--irnt	missense|LC	6.26042788284265e-05	2.93018315182803e-05	0.00134213646265521	8283.995376982377	True	True
ENSG00000108587	GOSR1	9527	4.5	10501	19271	UKP00724	Tbio	O95249	91	34992	41822	ENST00000451249	1.7530e+00	[]	1.9362e-09	NA	NA	NA	NA	NA	NA	NA	NA	True	False	True	continuous-20016-both_sexes--irnt	missense|LC	0.0370008239415837	0.155349412019677	0.00271137800458804	246.49949961112506	True	True
ENSG00000108883	EFTUD2	9343	5.8	12204	19271	UKP02637	Tchem	Q15029	389	40360	41822	ENST00000426333	1.4500e-01	[]	NA	True	4.969e-08	192	positional;eQTL	NA	NA	NA	NA	True	False	True	continuous-20023-both_sexes--irnt	pLoF	0.015371197084966	0.0127010991122318	0.0373539605061541	2.979894396153225	False	False
ENSG00000109472	CPE	1363	7.6	14102	19271	UKP06484	Tbio	P16870	82	34376	41822	ENST00000402744	5.6500e-01	[]	9.238e-07	NA	NA	NA	NA	NA	NA	NA	NA	True	False	True	continuous-20016-both_sexes--irnt	missense|LC	0.0112081370992877	0.00694109221663219	-0.00253614991145509	1149.2010172842192	True	True
ENSG00000109686	SH3D19	152503	2.6	7291	19271	UKP05637	Tbio	Q5HYK7	54	31817	41822	ENST00000604030	6.2900e-01	[]	NA	True	2.629e-12	74	eQTL	NA	NA	NA	NA	True	False	True	continuous-20191-both_sexes--irnt	pLoF|missense|LC	0.00441916756814442	0.0350497011523304	-0.00174732284236073	1174.152814513112	True	True
ENSG00000109805	NCAPG	64151	2.7	7600	19271	UKP01089	Tbio	Q9BPX3	155	37579	41822	ENST00000251496	6.7100e-01	[]	5.0773e-13	True	5.462e-13	65	positional;eQTL	3.03e-10	rs11932971	5.462e-13	rs11932971	True	False	True	continuous-20018-both_sexes--	pLoF|missense|LC	0.155006722342774	0.0858848818205169	-0.000662508318910111	17910.967897004433	True	True
ENSG00000109919	MTCH2	23788	4.9	11073	19271	UKP06611	Tchem	Q9Y6C9	176	38067	41822	ENST00000302503	7.5100e-01	[]	NA	True	9.728e-09	142	positional;eQTL	2.86e-10	rs1064608	2.277e-08	rs1064608	True	False	True	continuous-20191-both_sexes--irnt	pLoF	0.194254166896448	0.155763874601762	-0.0157869926238308	7.935366771313685	False	False
ENSG00000109920	FNBP4	23360	0.0	1	19271	UKP08038	Tdark	Q8N3X1	66	33055	41822	ENST00000263773	3.5200e-01	[]	NA	True	9.728e-09	142	positional;eQTL	9.93e-10	rs10838757	NA	NA	True	False	True	continuous-20023-both_sexes--irnt	pLoF	0.0201833323837641	0.172933792632105	0.00729600928950584	18.91497519085859	False	False
ENSG00000110002	VWA5A	4013	0.0	1	19271	UKP09646	Tbio	O00534	32	28771	41822	ENST00000456829	1.0630e+00	[]	NA	True	1.865e-08	148	positional;eQTL	NA	NA	NA	NA	True	False	True	continuous-20016-both_sexes--irnt	pLoF	0.150957583041855	0.0920667000704847	-0.00402538925936765	147.85133666394577	True	True
ENSG00000110497	AMBRA1	55626	18.9	18139	19271	UKP05615	Tbio	Q9C0C7	200	38553	41822	ENST00000683756	4.9100e-01	[]	8.6063e-07	NA	NA	NA	NA	NA	NA	NA	NA	True	False	True	continuous-20018-both_sexes--	pLoF	0.0637137321968965	0.0375950972475649	-0.00593424175345577	20.774973449408154	False	False
ENSG00000110514	MADD	8567	12.3	16779	19271	UKP06732	Tbio	Q8WXG6	139	37098	41822	ENST00000402192	7.2500e-01	[]	NA	True	9.728e-09	142	eQTL	NA	NA	NA	NA	True	False	True	continuous-20023-both_sexes--irnt	missense|LC	0.338566662529869	0.201012782592912	0.000353575209405897	125030.7989523776	True	True
ENSG00000110536	PTPMT1	114971	5.3	11597	19271	UKP06526	Tchem	Q8WUK0	80	34209	41822	ENST00000326674	1.0320e+00	[]	NA	True	9.728e-09	142	positional;eQTL;chromatin	3.89e-10	rs7945473	3.178e-08	rs7945473	True	False	True	continuous-20016-both_sexes--irnt	pLoF	0.0228486868828687	0.31713323146765	-0.0105527795249463	7.311733041819454	False	False
ENSG00000111012	CYP27B1	1594	18.8	18124	19271	UKP07068	Tchem	O15528	361	40217	41822	ENST00000228606	1.1000e+00	[]	NA	True	8.891e-12	152	eQTL	NA	NA	NA	NA	True	False	True	continuous-20016-both_sexes--irnt	missense|LC	0.0477486912779747	0.22020809670514	-0.0012749419365458	1000.0762508030364	True	True
ENSG00000111325	OGFOD2	79676	0.0	1	19271	UKP01712	Tdark	Q6N063	14	24572	41822	ENST00000228922	1.3910e+00	[]	8.1075e-07	True	3.095e-09	155	positional;eQTL;chromatin	NA	NA	7.126e-09	rs3759115	True	False	True	continuous-20018-both_sexes--	pLoF	0.0122266448885882	0.263875352744228	-0.00173660853085555	87.28658355549868	True	True
ENSG00000111328	CDK2AP1	8099	2.2	6585	19271	UKP07340	Tbio	O14519	100	35509	41822	ENST00000261692	1.5220e+00	[]	2.6719e-06	True	3.095e-09	155	positional;eQTL;chromatin	NA	NA	NA	NA	True	False	True	continuous-20018-both_sexes--	pLoF	0.0464705092795904	0.0719734802106042	-0.0100659038960152	6.175739084645332	False	False
ENSG00000111540	RAB5B	5869	8.8	15033	19271	UKP02578	Tchem	P61020	109	35974	41822	ENST00000360299	5.3300e-01	[]	NA	NA	NA	NA	NA	4.84e-08	rs773114	NA	NA	True	False	True	continuous-20018-both_sexes--	missense|LC	0.144951878419763	0.0925965513548868	-0.00129127234621811	424.96067031941396	False	True
ENSG00000111801	BTN3A3	10384	2.3	6711	19271	UKP07638	Tbio	O00478	30	28384	41822	ENST00000244519	1.1330e+00	[]	NA	True	4.671e-08	101	positional;eQTL;chromatin	1.93e-17	rs13220495	NA	NA	True	False	True	continuous-20016-both_sexes--irnt	pLoF	0.108248454504827	0.147312442151726	0.00227199141196039	358.25429221788374	True	True
ENSG00000111863	ADTRP	84830	10.4	15985	19271	UKP06311	Tbio	Q96IZ2	36	29436	41822	ENST00000414691	1.0740e+00	[]	NA	True	1.688e-08	97	eQTL	NA	NA	NA	NA	True	False	True	continuous-20016-both_sexes--irnt	pLoF|missense|LC	0.00246271126097408	0.00115200031006069	0.00593634422779114	3013.2554114441373	False	False
ENSG00000112234	FBXL4	26235	5.0	11192	19271	UKP02472	Tbio	Q9UKA2	70	33410	41822	ENST00000369244	8.4100e-01	[]	NA	True	9.114e-11	105	eQTL	NA	NA	NA	NA	True	False	True	continuous-20016-both_sexes--irnt	pLoF|missense|LC	0.399019554843365	0.236056028209174	-0.00115924732475816	5315.02575427486	True	True
ENSG00000112337	SLC17A2	10246	3.7	9268	19271	UKP01464	Tbio	O00624	11	23581	41822	ENST00000377850	9.4300e-01	[]	NA	NA	NA	NA	NA	1.69e-12	rs17526722	NA	NA	True	False	True	continuous-20016-both_sexes--irnt	pLoF	0.0381339403196149	0.148813469538454	-0.00611523975363501	47.30613143523071	False	False
ENSG00000112343	TRIM38	10475	5.9	12348	19271	UKP06542	Tbio	O00635	60	32462	41822	ENST00000357085	1.1970e+00	[]	NA	True	1.861e-07	101	eQTL	4.6e-12	rs13212534	NA	NA	True	False	True	continuous-20018-both_sexes--	missense|LC	0.0462264064396093	0.0450786774521615	0.000648473622288314	2874.4507906106105	True	True
ENSG00000112462	OR12D3	81797	1.5	4687	19271	UKP07658	Tdark	Q9UGF7	12	23906	41822	ENST00000396806	1.8140e+00	[]	NA	True	3.057e-09	102	positional	NA	NA	3.057e-09	rs3749971	True	False	True	continuous-20023-both_sexes--irnt	pLoF	0.000120486442911298	NA	NA	0.497643706017749	False	False
ENSG00000112659	CUL9	23113	5.7	12090	19271	UKP08347	Tbio	Q8IWT3	73	33659	41822	ENST00000252050	3.3400e-01	[]	2.6588e-06	NA	NA	NA	NA	NA	NA	NA	NA	True	False	True	continuous-20016-both_sexes--irnt	pLoF|missense|LC	0.0372176052914136	0.765397095519008	9.5855206245965e-05	50132.42836790006	True	True
ENSG00000112701	SENP6	26054	6.0	12446	19271	UKP06914	Tchem	Q9GZR1	90	34910	41822	ENST00000447266	3.2200e-01	[]	5.4855e-07	True	3.919e-08	103	eQTL	NA	NA	NA	NA	True	False	True	continuous-20018-both_sexes--	pLoF	1.16765897315574e-05	0.00072681196219615	-0.00399670091528797	29.411712728394072	False	False
ENSG00000112763	BTN2A1	11120	2.4	6954	19271	UKP07638	Tbio	Q7KYR7	45	30722	41822	ENST00000312541	1.4610e+00	[]	9.1552e-08	True	4.671e-08	101	positional;eQTL;chromatin	5.98e-18	rs13195401	NA	NA	True	False	True	continuous-20023-both_sexes--irnt	pLoF	0.00443949643580854	0.00238344084087094	0.00405086319862846	369.03943702831447	True	True
ENSG00000112812	PRSS16	10279	1.7	5664	19271	UKP04239	Tbio	Q9NQE7	26	27606	41822	ENST00000230582	9.4000e-01	[]	NA	True	1.861e-07	101	eQTL	1.59e-10	rs35589403	NA	NA	True	False	True	continuous-20191-both_sexes--irnt	missense|LC	0.00299178512783038	0.00160304587886428	0.0040014193781206	25783.839379312496	False	True
ENSG00000112855	HARS2	23438	6.3	12794	19271	UKP02290	Tbio	P49590	80	34209	41822	ENST00000230771	8.6500e-01	[]	1.117e-09	True	2.078e-10	91	positional;eQTL;chromatin	1.21e-08	rs3776130	3.74e-10	rs2563304	True	False	True	continuous-20016-both_sexes--irnt	pLoF|missense|LC	0.0358809614645351	0.0198115110878416	-0.00248820972252656	579.5357330522075	True	True
ENSG00000112874	NUDT12	83594	11.4	16433	19271	UKP02852	Tbio	Q9BQG2	48	31100	41822	ENST00000230792	1.2390e+00	[]	2.0095e-06	NA	NA	NA	NA	NA	NA	NA	NA	True	False	True	continuous-20023-both_sexes--irnt	pLoF|missense|LC	0.0709362572368272	0.0403269068264165	0.000777417866110659	56121.0782457863	True	True
ENSG00000112893	MAN2A1	4124	3.7	9268	19271	UKP01551	Tbio	Q16706	79	34148	41822	ENST00000261483	7.5200e-01	[]	1.7797e-06	True	3.521e-08	87:88	positional;eQTL;chromatin	NA	NA	3.521e-08	rs1438660	True	False	True	continuous-20023-both_sexes--irnt	missense|LC	0.109657743253809	0.0630376990236643	-0.000832842937764031	71287.88743681148	True	True
ENSG00000113068	PFDN1	5201	6.7	13235	19271	UKP01058	Tchem	O60925	104	35735	41822	ENST00000261813	1.8610e+00	[]	1.997e-12	True	3.004e-12	91	positional;eQTL;chromatin	2.87e-14	rs9686454	1.029e-11	rs1864970	True	False	True	continuous-20018-both_sexes--	pLoF	0.0978501121732867	0.23048243282975	-0.0120885484892887	1.3301266860004797	False	False
ENSG00000113070	HBEGF	1839	13.2	17041	19271	UKP06373	Tbio	Q99075	860	41261	41822	ENST00000230990	7.3700e-01	[]	1.0565e-11	True	1.154e-11	91	positional;eQTL;chromatin	5.99e-10	rs7268	1.84e-11	rs7268	True	False	True	continuous-20018-both_sexes--	pLoF	0.00217944371838208	0.00121579447885156	-0.024667963043751	1.3311023499674357	False	False
ENSG00000113073	SLC4A9	83697	5.3	11597	19271	UKP00857	Tbio	Q96Q91	11	23581	41822	ENST00000506757	1.2030e+00	[]	3.5212e-07	True	2.078e-10	91	positional;eQTL	NA	NA	NA	NA	True	False	True	continuous-20016-both_sexes--irnt	missense|LC	0.0210320368530141	0.0112056502184035	-0.00235961920064778	3232.8819125775763	True	True
ENSG00000113100	CDH9	1007	5.1	11329	19271	UKP06125	Tbio	Q9ULB4	28	28005	41822	ENST00000231021	5.7800e-01	[]	NA	True	9.417e-09	77	positional	7.38e-09	rs75973558	9.417e-09	rs75973558	True	False	True	continuous-20018-both_sexes--	pLoF	0.0541038540355466	0.160033307372531	-0.00731602234808903	5.695491104669145	False	False
ENSG00000113108	APBB3	10307	3.1	8298	19271	UKP08352	Tbio	O95704	30	28384	41822	ENST00000357560	9.7300e-01	[]	NA	True	1.84e-11	91	positional;eQTL;chromatin	NA	NA	NA	NA	True	False	True	continuous-20191-both_sexes--irnt	pLoF|missense|LC	0.0239996642484824	0.0138056001996067	0.00207020924072024	89177.15526260999	True	True
ENSG00000113119	TMCO6	55374	0.0	1	19271	UKP09862	Tdark	Q96DC7	19	25988	41822	ENST00000394671	9.5300e-01	[]	5.2306e-07	True	2.078e-10	91	positional;eQTL;chromatin	1.39e-08	rs753280	2.174e-10	rs753280	True	False	True	continuous-20191-both_sexes--irnt	pLoF	0.0701032753836238	0.377545455544951	0.00544289046602333	22.745108633844342	False	False
ENSG00000113141	IK	3550	4.5	10501	19271	UKP01055	Tchem	Q13123	157	37621	41822	ENST00000417647	7.7100e-01	[]	1.029e-10	True	2.078e-10	91	positional;eQTL;chromatin	1.09e-08	rs1864254	2.782e-10	rs1583005	True	False	True	continuous-20023-both_sexes--irnt	pLoF	0.2956949849114	0.184981451610068	0.00292296581458636	138.36894663346487	True	True
ENSG00000113209	PCDHB5	26167	3.4	8766	19271	UKP06915	Tdark	Q9Y5E4	22	26726	41822	ENST00000231134	1.8590e+00	[]	NA	True	5.391e-09	91	eQTL	NA	NA	NA	NA	True	False	True	continuous-20191-both_sexes--irnt	missense|LC	0.0138242516037499	0.00914702529154543	0.00186818603098863	26018.73263331214	True	True
ENSG00000113441	LNPEP	4012	10.5	16025	19271	UKP02156	Tchem	Q9UIQ6	128	36748	41822	ENST00000231368	6.0700e-01	[]	6.0953e-07	NA	NA	NA	NA	NA	NA	NA	NA	True	False	True	continuous-20023-both_sexes--irnt	missense|LC	0.0388498543676435	0.40403806173357	0.000524138752176488	103864.06343030365	True	True
ENSG00000113448	PDE4D	5144	22.8	18490	19271	UKP06245	Tclin	Q08499	383	40325	41822	ENST00000340635	4.0300e-01	[]	1.209e-08	True	2.161e-08	79	positional	1.11e-08	rs6860626	2.161e-08	rs34426618	True	False	True	continuous-20023-both_sexes--irnt	pLoF|missense|LC	0.112116048014148	0.193706432168715	0.00119417661206462	803.9677931726542	True	True
ENSG00000113758	DBN1	1627	6.5	13008	19271	UKP06461	Tchem	Q16643	248	39274	41822	ENST00000393565	3.4700e-01	[]	4.5724e-11	True	1.731e-11	95	positional;eQTL	3.41e-10	rs2630763	1.731e-11	rs2450333	True	False	True	continuous-20016-both_sexes--irnt	pLoF	0.158775558078572	0.0930398166768429	-0.019285697691066	2.7623194753321636	False	False
ENSG00000114054	PCCB	5096	3.5	8994	19271	UKP08554	Tbio	P05166	131	36851	41822	ENST00000251654	8.4300e-01	[]	5.304e-10	True	1.98e-09	58	positional;eQTL;chromatin	NA	NA	4.341e-08	rs60614489	True	False	True	continuous-20023-both_sexes--irnt	pLoF|missense|LC	0.0768813680962642	0.218095676978068	0.000387511654087488	6218.336063062221	True	True
ENSG00000114126	TFDP2	7029	8.0	14457	19271	UKP02505	Tbio	Q14188	77	33998	41822	ENST00000489671	4.4300e-01	[]	NA	True	9.625e-08	60	positional	NA	NA	NA	NA	True	False	True	continuous-20016-both_sexes--irnt	pLoF|missense|LC	0.000608706892595512	0.000535104007620579	-0.00317214130594483	1399.979531119462	True	True
ENSG00000114268	PFKFB4	5210	3.3	8619	19271	UKP02681	Tchem	Q16877	123	36577	41822	ENST00000232375	9.1500e-01	[]	1.9785e-06	True	3.378e-09	50	positional;eQTL	3.3e-09	rs73078305	3.378e-09	rs73078305	True	False	True	continuous-20016-both_sexes--irnt	pLoF|missense|LC	0.0100244146738706	0.00474401428850757	-0.00417046979454253	337.28553696610703	True	True
ENSG00000114270	COL7A1	1294	4.9	11073	19271	UKP06357	Tbio	Q02388	471	40663	41822	ENST00000681320	6.9000e-01	[]	1.1242e-07	True	3.164e-11	50	eQTL	NA	NA	NA	NA	True	False	True	continuous-20018-both_sexes--	pLoF	0.0247760537039264	0.0366879435442073	-0.00190393869256513	243.71146220993546	True	True
ENSG00000114302	PRKAR2A	5576	14.6	17413	19271	UKP07020	Tchem	P13861	286	39672	41822	ENST00000265563	7.4600e-01	[]	5.4632e-09	True	5.821e-12	50	positional;eQTL	2.57e-10	rs13074318	3.164e-11	rs11709246	True	False	True	continuous-20016-both_sexes--irnt	pLoF	0.0164993272218323	0.959992313209713	-0.000227175011574826	10.916135055136461	False	False
ENSG00000114316	USP4	7375	9.8	15662	19271	UKP00299	Tchem	Q13107	178	38115	41822	ENST00000265560	7.2300e-01	[]	3.5698e-13	True	4.983e-27	50	positional;eQTL	2e-10	rs150429489	1.977e-11	rs150429489	True	False	True	continuous-20191-both_sexes--irnt	pLoF	1.34026441216406e-05	6.78122326893682e-05	0.0112189113621981	92.89541770807138	True	True
ENSG00000114349	GNAT1	2779	12.0	16648	19271	UKP00079	Tbio	P11488	87	34717	41822	ENST00000232461	1.1380e+00	[]	9.5092e-10	True	2.357e-22	50	positional;chromatin	7.81e-10	rs11919418	1.529e-09	rs13064381	True	False	True	continuous-20016-both_sexes--irnt	pLoF	0.0343238793383295	0.0222276637383635	0.0112637904618926	35.42313336511562	False	False
ENSG00000114353	GNAI2	2771	9.9	15713	19271	UKP00079	Tchem	P04899	353	40150	41822	ENST00000313601	2.2800e-01	[]	NA	True	1.095e-08	50	positional	1.7e-09	rs2298952	1.095e-08	rs2298952	True	False	True	continuous-20016-both_sexes--irnt	missense|LC	0.00063879880026585	0.000557836612429918	0.00406985287763236	716.724576306989	True	True
ENSG00000114378	HYAL1	3373	19.2	18173	19271	UKP06182	Tbio	Q12794	96	35285	41822	ENST00000395144	8.7500e-01	[]	NA	True	3.726e-22	50	eQTL	NA	NA	NA	NA	True	False	True	continuous-20018-both_sexes--	pLoF	0.11236835502437	0.0682575661919862	0.00721766548097924	9.99259332956983	False	False
ENSG00000114383	TUSC2	11334	1.0	3282	19271	UKP07463	Tbio	O75896	77	33998	41822	ENST00000232496	1.3700e+00	[]	NA	True	5.552e-11	50	positional;eQTL	NA	NA	NA	NA	True	False	True	continuous-20018-both_sexes--	pLoF	0.00742107660223246	0.0391802588756927	-0.0294053615327506	0.49769569497302735	False	False
ENSG00000114388	NPRL2	10641	5.6	11982	19271	UKP08308	Tbio	Q8WTW4	107	35897	41822	ENST00000232501	5.6400e-01	[]	NA	True	1.328e-07	50	positional	NA	NA	NA	NA	True	False	True	continuous-20023-both_sexes--irnt	pLoF|missense|LC	0.163580434412182	0.0913299660823677	0.00140916695255731	951.583873753922	True	True
ENSG00000114455	HHLA2	11148	3.9	9571	19271	UKP07638	Tbio	Q9UM44	104	35735	41822	ENST00000619531	1.3230e+00	[]	NA	True	1.654e-06	57	positional	NA	NA	NA	NA	True	False	True	continuous-20191-both_sexes--irnt	pLoF	0.085130883398135	0.0669657550323977	0.00234544143319464	573.6703707653238	True	True
ENSG00000114738	MAPKAPK3	7867	10.9	16206	19271	UKP06262	Tchem	Q16644	66	33055	41822	ENST00000621469	9.4300e-01	[]	NA	True	2.141e-19	50	eQTL	NA	NA	NA	NA	True	False	True	continuous-20191-both_sexes--irnt	pLoF	0.0120367453809259	0.00695649012245625	0.0143075053496121	26.064090448101297	False	False
ENSG00000114841	DNAH1	25981	5.6	11982	19271	UKP06593	Tbio	Q9P2D7	55	31944	41822	ENST00000420323	7.5900e-01	[]	NA	True	1.918e-12	51	positional;eQTL	NA	NA	NA	NA	True	False	True	continuous-20023-both_sexes--irnt	pLoF|missense|LC	0.0348275962340102	0.0391010066734889	0.000196213407614923	236048.90110699824	True	True
ENSG00000114854	TNNC1	7134	14.7	17436	19271	UKP05868	Tclin	P63316	119	36436	41822	ENST00000232975	8.4400e-01	[]	NA	True	3.488e-12	51	chromatin	NA	NA	NA	NA	True	False	True	continuous-20016-both_sexes--irnt	pLoF|missense|LC	0.289907813197986	0.165228137370956	-0.00573710603295322	39.64426526289227	False	False
ENSG00000114859	CLCN2	1181	5.1	11329	19271	UKP08365	Tclin	P51788	70	33410	41822	ENST00000265593	7.8600e-01	[]	NA	NA	NA	NA	NA	3.87e-09	rs73189617	NA	NA	True	False	True	continuous-20018-both_sexes--	missense|LC	0.080116407530029	0.0448755408758648	-0.000701408516224658	83258.39947606357	True	True
ENSG00000114861	FOXP1	27086	26.8	18735	19271	UKP06476	Tbio	Q9H334	479	40690	41822	ENST00000649528	2.7900e-01	[]	5.3409e-14	True	3.889e-11	53	positional;chromatin	1.73e-08	rs11720523	3.889e-11	rs11720523	True	False	True	continuous-20018-both_sexes--	pLoF	0.00291480489133089	0.146524560077312	-0.00731768111170498	9.622441850899024	False	False
ENSG00000114902	SPCS1	28972	4.3	10201	19271	UKP00834	Tbio	Q9Y6A9	45	30722	41822	ENST00000619898	9.9100e-01	[]	6.8837e-07	True	1.918e-12	51	positional;eQTL	6.82e-10	rs8906	1.94e-10	rs8906	True	False	True	continuous-20023-both_sexes--irnt	pLoF	0.091323112984685	0.14258503736684	-0.00621758790264572	31.289775100261313	False	False
ENSG00000114904	NEK4	6787	9.0	15175	19271	UKP06144	Tchem	P51957	45	30722	41822	ENST00000233027	1.1580e+00	[]	4.8715e-11	True	1.918e-12	51	positional;eQTL	5.03e-10	rs1029871	2.735e-11	rs13082208	True	False	True	continuous-20191-both_sexes--irnt	pLoF|missense|LC	0.00527238689012988	0.00277917613327128	-0.00267857006459232	43146.930959708225	True	True
ENSG00000114978	MOB1A	55233	2.6	7291	19271	UKP05531	Tbio	Q9H8S9	94	35166	41822	ENST00000396049	8.0600e-01	[]	NA	True	1.606e-08	26	eQTL	NA	NA	NA	NA	True	False	True	continuous-20191-both_sexes--irnt	pLoF|missense|LC	0.0148094808761265	0.00818376264021348	-0.00655864098615474	48.44139207420753	False	False
ENSG00000115129	TP53I3	9540	2.9	7932	19271	UKP04437	Tbio	Q53FA7	85	34590	41822	ENST00000238721	1.4020e+00	[]	NA	True	1.323e-08	18	eQTL	NA	NA	NA	NA	True	False	True	continuous-20191-both_sexes--irnt	pLoF|missense|LC	0.074240590618903	0.378590513839335	-0.00145832707407597	267.8123749177998	True	True
ENSG00000115159	GPD2	2820	4.1	9897	19271	UKP01742	Tbio	P43304	101	35565	41822	ENST00000438166	7.9600e-01	[]	3.8555e-10	True	3.985e-12	34	positional;eQTL;chromatin	3.73e-08	rs297589	1.728e-09	rs297578	True	False	True	continuous-20016-both_sexes--irnt	missense|LC	0.00926715838511671	0.00506306673335755	0.00190456568017492	92250.24949312299	False	True
ENSG00000115339	GALNT3	2591	10.1	15809	19271	UKP06538	Tbio	Q14435	89	34851	41822	ENST00000392701	8.0400e-01	[]	NA	True	1.878e-09	38	eQTL	NA	NA	NA	NA	True	False	True	continuous-20023-both_sexes--irnt	pLoF	0.164940102669452	0.0941332408492043	-0.00382252437077332	115.13049973846825	True	True
ENSG00000115504	EHBP1	23301	2.0	6082	19271	UKP06427	Tbio	Q8NDI1	87	34717	41822	ENST00000431489	5.5700e-01	[]	8.0749e-07	NA	NA	NA	NA	NA	NA	NA	NA	True	False	True	continuous-20016-both_sexes--irnt	pLoF|missense|LC	0.000662358512025008	0.0152126422496839	-0.00142202096852161	20819.92846793256	True	True
ENSG00000115507	OTX1	5013	5.7	12090	19271	UKP08024	Tbio	P32242	96	35285	41822	ENST00000282549	5.0800e-01	[]	NA	True	4.231e-06	24	eQTL	NA	NA	NA	NA	True	False	True	continuous-20018-both_sexes--	pLoF|missense|LC	0.0151449024634004	0.00993718514907227	-0.00265785687257239	188.30635500613326	True	True
ENSG00000115524	SF3B1	23451	13.1	17014	19271	UKP00692	Tbio	O75533	551	40856	41822	ENST00000335508	1.0000e-01	[]	NA	True	3.782e-06	43	eQTL	NA	NA	NA	NA	True	False	True	continuous-20016-both_sexes--irnt	missense|LC	0.168704057754085	0.523094111694405	0.00140577355759366	206.5266542485486	True	True
ENSG00000115526	CHST10	9486	7.0	13559	19271	UKP06857	Tbio	O43529	34	29104	41822	ENST00000264249	9.3600e-01	[]	6.0471e-08	True	8.589e-15	28	positional;eQTL;chromatin	1.03e-13	rs4851313	3.746e-13	rs4149513	True	False	True	continuous-20191-both_sexes--irnt	missense|LC	0.299782831489361	0.179107252490394	-0.00144563509145051	797.6743009014006	True	True
ENSG00000115760	BIRC6	57448	8.6	14895	19271	UKP04394	Tbio	Q9NR09	198	38523	41822	ENST00000421745	2.1300e-01	[]	NA	NA	NA	NA	NA	8.1e-09	rs17428810	NA	NA	True	False	True	continuous-20018-both_sexes--	pLoF	0.117154369495386	0.272719650139755	-0.00418118371994236	14.941471682379106	False	False
ENSG00000115896	PLCL1	5334	5.3	11597	19271	UKP02402	Tbio	Q15111	40	30023	41822	ENST00000428675	6.6300e-01	[]	3.0006e-07	True	1.324e-08	43	positional;eQTL	2.35e-08	rs7573001	1.324e-08	rs7573001	True	False	True	continuous-20023-both_sexes--irnt	pLoF|missense|LC	0.244108042117777	0.165998122180933	-0.00124834962343018	216.0518196924561	False	False
ENSG00000116127	ALMS1	7840	2.6	7291	19271	UKP07319	Tbio	Q8TCU4	242	39206	41822	ENST00000613296	8.2500e-01	[]	3.1718e-09	True	2.254e-09	26	positional;eQTL	1.86e-08	rs6546856	1.726e-08	rs111845822	True	False	True	continuous-20018-both_sexes--	missense|LC	0.477763430582759	0.289929991613665	0.00016860703483673	631876.89676852	True	True
ENSG00000116299	ELAPOR1	57535	4.7	10753	19271	UKP08507	Tbio	Q6UXG2	35	29252	41822	ENST00000369939	7.6800e-01	[]	NA	True	1.102e-09	12	eQTL	NA	NA	NA	NA	True	False	True	continuous-20016-both_sexes--irnt	missense|LC	0.059998731047809	0.0332051841952924	0.00150261783531049	347864.087087151	False	False
ENSG00000116350	SRSF4	6429	5.0	11192	19271	UKP02037	Tbio	Q08170	174	38019	41822	ENST00000373795	3.1000e-01	[]	1.2591e-06	NA	NA	NA	NA	NA	NA	NA	NA	True	False	True	continuous-20023-both_sexes--irnt	pLoF	0.361854165139451	0.221848782056435	0.0102898021750983	8.448842176574347	False	False
ENSG00000116353	MECR	51102	4.5	10501	19271	UKP02380	Tbio	Q9BV79	38	29747	41822	ENST00000263702	9.6100e-01	[]	1.0716e-07	NA	NA	NA	NA	NA	NA	NA	NA	True	False	True	continuous-20018-both_sexes--	missense|LC	0.0365070012315338	0.150514426187457	0.000593829068177993	118545.50181770981	True	True
ENSG00000116747	RO60	6738	4.7	10753	19271	UKP07163	Tchem	P10155	872	41271	41822	ENST00000400968	5.1900e-01	[]	2.7358e-06	NA	NA	NA	NA	NA	NA	NA	NA	True	False	True	continuous-20016-both_sexes--irnt	pLoF	0.0118335645862668	0.0169665136744086	-0.0153586643948775	9.91712732239518	False	False
ENSG00000117139	KDM5B	10765	12.8	16920	19271	UKP00076	Tchem	Q9UGL1	253	39331	41822	ENST00000367265	8.5800e-01	[]	NA	NA	NA	NA	NA	NA	NA	NA	NA	False	True	True	continuous-20023-both_sexes--irnt	pLoF	1.68989702861086e-13	1.33132798584589e-12	0.0170583566811141	116.32068725242377	True	True
ENSG00000117407	ARTN	9048	5.8	12204	19271	UKP06358	Tbio	Q5T4W7	72	33569	41822	ENST00000372359	1.2060e+00	[]	1.1105e-06	True	8.724e-11	4	positional;eQTL;chromatin	3.43e-10	rs1548634	8.673e-10	rs1548634	True	False	True	continuous-20191-both_sexes--irnt	pLoF	0.0968155991032963	0.0589110637864499	-0.027501308985505	3.197116180806525	False	False
ENSG00000117408	IPO13	9670	1.3	4364	19271	UKP02259	Tbio	O94829	72	33569	41822	ENST00000372343	3.2400e-01	[]	1.3843e-06	True	2.413e-09	4	positional;chromatin	1.85e-09	rs2486014	2.413e-09	rs1008137	True	False	True	continuous-20016-both_sexes--irnt	pLoF	0.0645606690340623	0.289980660775941	-0.00901264307713589	6.499001299562756	False	False
ENSG00000117410	ATP6V0B	533	6.0	12446	19271	UKP02383	Tbio	Q99437	39	29901	41822	ENST00000472174	3.7200e-01	[]	2.9705e-09	True	6.068e-10	4	positional;eQTL;chromatin	5.91e-10	rs12410334	3.294e-08	rs2428953	True	False	True	continuous-20018-both_sexes--	pLoF	0.171719091566131	0.113405971115266	0.0112932735594985	3.4839181872986456	False	False
ENSG00000117411	B4GALT2	8704	2.2	6585	19271	UKP06181	Tbio	O60909	32	28771	41822	ENST00000372324	7.8700e-01	[]	NA	True	4.947e-10	4	positional;eQTL	5.55e-09	rs2993619	3.465e-08	rs2993619	True	False	True	continuous-20016-both_sexes--irnt	pLoF	0.0318826016650644	0.192583852275673	-0.0132576814162469	4.551660768805791	False	False
ENSG00000117419	ERI3	79033	2.0	6082	19271	UKP05336	Tbio	O43414	30	28384	41822	ENST00000372257	6.5100e-01	[]	NA	True	9.608e-11	4	eQTL	NA	NA	NA	NA	True	False	True	continuous-20016-both_sexes--irnt	pLoF|missense|LC	0.0286958003434035	0.0294396993177226	0.00371823752914811	119.43740096604745	True	True
ENSG00000117533	VAMP4	8674	2.6	7291	19271	UKP08028	Tbio	O75379	81	34296	41822	ENST00000236192	1.5840e+00	[]	NA	True	4.897e-07	14	positional;chromatin	NA	NA	NA	NA	True	False	True	continuous-20191-both_sexes--irnt	missense|LC	0.00569384540404583	0.00282411795709514	0.00950382742116088	93.26398096956532	False	False
ENSG00000118007	STAG1	10274	2.4	6954	19271	UKP00150	Tbio	Q8WVM7	107	35897	41822	ENST00000383202	1.5900e-01	[]	2.7733e-11	True	1.98e-09	58	positional;chromatin	4.43e-08	rs9813691	1.98e-09	rs7620314	True	False	True	continuous-20018-both_sexes--	pLoF	0.000834973770260317	0.000689781403554246	-0.048400270929057	0.8362508409933636	False	False
ENSG00000118407	FILIP1	27145	0.5	1903	19271	UKP07358	Tbio	Q7Z7B0	42	30309	41822	ENST00000237172	7.1100e-01	[]	NA	True	3.919e-08	103	eQTL	NA	NA	NA	NA	True	False	True	continuous-20191-both_sexes--irnt	missense|LC	0.335552842973233	0.196456088775293	0.000965150731028973	5133.659237989091	True	True
ENSG00000118557	PMFBP1	83449	1.3	4364	19271	UKP08943	Tbio	Q8TBY8	27	27814	41822	ENST00000237353	1.0300e+00	[]	NA	True	8.585e-07	190	eQTL	NA	NA	NA	NA	True	False	True	continuous-20016-both_sexes--irnt	pLoF	0.0787675575995039	0.0419511993611763	-0.00509126331752595	123.49039779348296	True	True
ENSG00000118579	MED28	80306	1.8	5759	19271	UKP07276	Tbio	Q9H204	69	33315	41822	ENST00000237380	1.7030e+00	[]	NA	True	9.667e-12	65	eQTL	NA	NA	NA	NA	True	False	True	continuous-20018-both_sexes--	pLoF	0.155848558528289	0.0902840056852792	0.00515474679980843	19.417192197141503	False	False
ENSG00000118689	FOXO3	2309	25.6	18663	19271	UKP06080	Tbio	O43524	1756	41615	41822	ENST00000406360	2.6000e-01	[]	6.5125e-14	True	4.298e-21	106	positional;chromatin	4.17e-20	rs2764265	4.298e-21	rs2802290	True	False	True	continuous-20016-both_sexes--irnt	missense|LC	0.0306040599313517	0.042111945572761	0.00226600954012197	7977.277598658094	True	True
ENSG00000118946	PCDH17	27253	1.5	4687	19271	UKP06915	Tbio	O14917	69	33315	41822	ENST00000377918	4.2500e-01	[]	NA	True	5.305e-10	157	positional;eQTL	4.97e-08	rs9537782	NA	NA	True	False	True	continuous-20018-both_sexes--	pLoF	0.0127600684550877	0.151047350280457	-0.00591103937655701	13.605136125786693	False	False
ENSG00000119042	SATB2	23314	5.4	11736	19271	UKP08367	Tbio	Q9UPW6	388	40354	41822	ENST00000417098	7.7000e-02	[]	NA	True	1.241e-08	44:45	positional;chromatin	NA	NA	NA	NA	True	False	True	continuous-20018-both_sexes--	pLoF|missense|LC	0.0361319087275233	0.020040833675584	-0.00324055250963766	106.34697661442638	True	True
ENSG00000119383	PTPA	5524	10.5	16025	19271	UKP01904	Tchem	Q15257	286	39672	41822	ENST00000393370	5.3000e-01	[]	2.2428e-09	True	7.085e-11	132	positional;eQTL	5.32e-09	rs3118630	3.064e-09	rs9408986	True	False	True	continuous-20016-both_sexes--irnt	missense|LC	0.00500663352284836	0.0024779267178161	-0.00606931649982949	10038.237222507676	False	True
ENSG00000119574	ZBTB45	84878	3.3	8619	19271	UKP06957	Tdark	Q96K62	12	23906	41822	ENST00000594051	9.3900e-01	[]	NA	True	9.89e-10	206	positional	NA	NA	9.89e-10	rs73066244	True	False	True	continuous-20018-both_sexes--	missense|LC	0.118631875623152	0.305861167518586	-0.000427022314240178	8153.157625691089	True	True
ENSG00000119599	DCAF4	26094	0.6	2927	19271	UKP05704	Tbio	Q8WV16	34	29104	41822	ENST00000358377	7.8700e-01	[]	NA	True	1.004e-08	167	positional;eQTL	NA	NA	NA	NA	True	False	True	continuous-20016-both_sexes--irnt	pLoF	0.541715360035437	0.351807873449425	-0.00358672302315155	42.08086547512475	False	False
ENSG00000119707	RBM25	58517	3.9	9571	19271	UKP09190	Tchem	P49756	190	38376	41822	ENST00000261973	1.9800e-01	[]	NA	True	1.004e-08	167	eQTL	1.25e-10	rs2806048	NA	NA	True	False	True	continuous-20016-both_sexes--irnt	pLoF	0.0095633901389236	0.00479320123450355	-0.0438469654844675	2.285865026972228	False	False
ENSG00000119771	KLHL29	114818	1.6	5463	19271	UKP07243	Tbio	Q96CT2	28	28005	41822	ENST00000486442	3.9800e-01	[]	NA	True	1.41e-07	18	positional	NA	NA	NA	NA	True	False	True	continuous-20023-both_sexes--irnt	pLoF|missense|LC	0.162572193961833	0.770346286420331	0.000130421612775841	3396.1233652991355	True	True
ENSG00000119778	ATAD2B	54454	3.8	9432	19271	UKP01334	Tchem	Q9ULI0	32	28771	41822	ENST00000238789	3.7600e-01	[]	NA	True	3.998e-06	18	positional	NA	NA	NA	NA	True	False	True	continuous-20018-both_sexes--	pLoF	0.0091618446988676	0.034208769621339	-0.0150996585233342	2.9912823904847556	False	False
ENSG00000119782	FKBP1B	2281	15.9	17685	19271	UKP01387	Tchem	P68106	49	31217	41822	ENST00000380986	9.0600e-01	[]	NA	True	1.871e-06	18	eQTL	NA	NA	NA	NA	True	False	True	continuous-20018-both_sexes--	missense|LC	0.0227208004684939	0.0121080241181	-0.00763269606485201	22.6548343846726	False	False
ENSG00000119866	BCL11A	53335	15.7	17645	19271	UKP06438	Tbio	Q9H165	406	40440	41822	ENST00000642384	1.2500e-01	[]	3.9169e-11	True	4.907e-12	23	positional	2.03e-15	rs10189857	4.907e-12	rs10189857	True	False	True	continuous-20016-both_sexes--irnt	missense|LC	0.0385279169544702	0.0226558607761415	-0.0032126292558561	472.02894328210476	True	True
ENSG00000119915	ELOVL3	83401	11.1	16303	19271	UKP00896	Tchem	Q9HB03	25	27397	41822	ENST00000370005	1.1340e+00	[]	NA	True	1.734e-13	138	chromatin	NA	NA	NA	NA	True	False	True	continuous-20191-both_sexes--irnt	pLoF|missense|LC	0.0552090173091866	0.0331089863473464	-0.00261914036541782	4848.16210306701	True	True
ENSG00000119938	PPP1R3C	5507	5.6	11982	19271	UKP08035	Tbio	Q9UQK1	52	31585	41822	ENST00000238994	9.4500e-01	[]	NA	True	3.168e-08	136	eQTL	NA	NA	NA	NA	True	False	True	continuous-20191-both_sexes--irnt	missense|LC	0.17838084827664	0.101632237120993	0.00315114541415001	358.5891204824743	True	True
ENSG00000120029	ARMH3	79591	0.8	3045	19271	UKP09256	Tdark	Q5T2E6	27	27814	41822	ENST00000370033	7.6500e-01	[]	1.5263e-11	True	1.253e-16	138	positional;eQTL	2.1e-17	rs1044258	8.079e-16	rs1044258	True	False	True	continuous-20191-both_sexes--irnt	pLoF	0.135692560677528	0.0834433860069722	-0.0116210359087653	16.50997767349323	False	False
ENSG00000120049	KCNIP2	30819	22.6	18479	19271	UKP07242	Tbio	Q9NS61	89	34851	41822	ENST00000356640	7.7400e-01	[]	1.6968e-12	True	1.765e-13	138	positional;eQTL;chromatin	2.64e-11	rs11191127	1.422e-11	rs10466173	True	False	True	continuous-20016-both_sexes--irnt	pLoF|missense|LC	0.0566421686211872	0.0494321575557455	-0.0027864467909287	452.83184135447743	True	True
ENSG00000120055	C10orf95	79946	NA	NA	19271	NA	NA	NA	7	21987	41822	ENST00000625129	NA	"[""no_exp_lof""]"	NA	True	1.05e-06	138	eQTL	NA	NA	NA	NA	True	False	True	continuous-20191-both_sexes--irnt	missense|LC	0.295094047386355	0.170283613461019	-0.00204747186599726	21827.62077416975	True	True
ENSG00000120071	KANSL1	284058	1.9	5985	19271	UKP09403	Tbio	Q7Z3B3	88	34796	41822	ENST00000432791	3.2500e-01	[]	1.1903e-06	True	1.702e-08	193	eQTL	1.36e-11	rs112746008	NA	NA	True	False	True	continuous-20191-both_sexes--irnt	pLoF|missense|LC	0.0632103618390173	0.180631493309674	-0.00143502733308576	122319.72973785647	True	True
ENSG00000120088	CRHR1	1394	11.7	16536	19271	UKP06285	Tclin	P34998	297	39747	41822	ENST00000314537	6.5500e-01	[]	2.6622e-07	True	4.673e-08	193	eQTL	6.18e-12	rs4327090	NA	NA	True	False	True	continuous-20018-both_sexes--	pLoF	0.0205331041751592	0.0411293385442678	-0.00878332307386493	9.457119871135982	False	False
ENSG00000120306	CYSTM1	84418	0.0	1	19271	UKP12606	Tdark	Q9H1C7	19	25988	41822	ENST00000261811	6.5700e-01	[]	1.8739e-11	True	6.329e-12	91	positional;eQTL	2.6e-14	rs397463	6.329e-12	rs2436390	True	False	True	continuous-20016-both_sexes--irnt	missense|LC	0.24306639712055	0.626378978248236	0.00160569213124909	89.63082212800857	True	True
ENSG00000120314	WDR55	54853	0.5	1903	19271	UKP01427	Tdark	Q9H6Y2	45	30722	41822	ENST00000358337	1.2730e+00	[]	1.0913e-08	True	2.078e-10	91	positional;eQTL;chromatin	1.31e-08	rs2563314	4.421e-10	rs2563335	True	False	True	continuous-20023-both_sexes--irnt	pLoF	0.121595811105855	0.0709647471207597	0.00260227456742264	319.4643206505243	True	True
ENSG00000121101	TEX14	56155	5.8	12204	19271	UKP12480	Tbio	Q8IWB6	41	30167	41822	ENST00000349033	1.0430e+00	[]	1.4328e-11	True	1.722e-13	196	positional;eQTL;chromatin	1.4e-08	rs591200	2.924e-13	rs654778	True	False	True	continuous-20023-both_sexes--irnt	pLoF|missense|LC	0.0504802200968169	0.0273289006543177	0.000694390243989414	351700.804603228	True	True
ENSG00000121297	TSHZ3	57616	5.6	11982	19271	UKP08172	Tbio	Q63HK5	67	33143	41822	ENST00000240587	2.6300e-01	[]	NA	True	1.1e-11	203	positional;eQTL;chromatin	6.53e-09	rs4805681	1.448e-10	rs4805681	True	False	True	continuous-20023-both_sexes--irnt	pLoF	0.0750856020258969	0.223303546480206	0.00778009657262146	13.409512832901541	False	False
ENSG00000121410	A1BG	1	1.0	3282	19271	UKP08530	Tbio	P04217	85	34590	41822	ENST00000263100	1.3400e+00	[]	NA	True	5.955e-10	206	eQTL	NA	NA	NA	NA	True	False	True	continuous-20018-both_sexes--	missense|LC	0.0466965097623306	0.0295737901977688	0.000872484224504952	125786.07669933763	True	True
ENSG00000121653	MAPK8IP1	9479	6.5	13008	19271	UKP07209	Tbio	Q9UQF2	144	37248	41822	ENST00000241014	3.8400e-01	[]	9.7201e-07	NA	NA	NA	NA	NA	NA	NA	NA	True	False	True	continuous-20191-both_sexes--irnt	pLoF	0.207828984304431	0.618049918258123	0.00678034663126106	2.9406238281968484	False	False
ENSG00000121680	PEX16	9409	6.9	13452	19271	UKP00576	Tbio	Q9Y5Y5	72	33569	41822	ENST00000378750	9.5700e-01	[]	1.7781e-06	NA	NA	NA	NA	NA	NA	NA	NA	True	False	True	continuous-20023-both_sexes--irnt	missense|LC	0.124256924011356	0.0681229846236557	0.00142490521138675	413337.125075261	False	True
ENSG00000121764	HCRTR1	3061	8.8	15033	19271	UKP07131	Tclin	O43613	109	35974	41822	ENST00000403528	9.1900e-01	[]	6.4716e-11	True	1.332e-12	2	positional;eQTL;chromatin	6.11e-13	rs871634	2.767e-12	rs2280386	True	False	True	continuous-20191-both_sexes--irnt	pLoF|missense|LC	0.105259473575511	0.90648517968207	-9.67914039464933e-05	63194.999807466884	True	True
ENSG00000121964	QTMAN	79712	4.7	10753	19271	UKP08004	Tbio	Q4AE62	21	26491	41822	ENST00000682281	1.4920e+00	[]	NA	NA	NA	NA	NA	2.74e-08	rs62169190	NA	NA	True	False	True	continuous-20016-both_sexes--irnt	pLoF	0.0313470541673616	0.0186392508997324	-0.0239676745250493	6.9380814513450275	False	False
ENSG00000122515	ZMIZ2	83637	5.2	11424	19271	UKP02831	Tbio	Q8NF64	51	31461	41822	ENST00000309315	3.9800e-01	[]	1.6217e-09	True	2.481e-11	112	positional;eQTL	4.85e-13	rs3735478	4.15e-11	rs3735478	True	False	True	continuous-20016-both_sexes--irnt	missense|LC	3.3350500684981e-05	0.00164158250777002	0.00224349878119424	42043.50177809399	True	True
ENSG00000123297	TSFM	10102	3.7	9268	19271	UKP02761	Tbio	P43897	83	34451	41822	ENST00000652027	1.1970e+00	[]	NA	True	8.891e-12	152	eQTL	NA	NA	NA	NA	True	False	True	continuous-20191-both_sexes--irnt	pLoF	0.0785311498017625	0.135769492311643	0.0114985839570478	13.544106750945081	False	False
ENSG00000123416	TUBA1B	10376	10.9	16206	19271	UKP00401	Tchem	P68363	382	40319	41822	ENST00000336023	1.2900e-01	[]	NA	True	2.518e-14	151	eQTL	NA	NA	NA	NA	True	False	True	continuous-20023-both_sexes--irnt	pLoF	0.0976810340158176	0.0674288230890723	-0.038758532025662	1.489944053429102	False	False
ENSG00000123427	EEF1AKMT3	25895	5.3	11597	19271	UKP00924	Tdark	Q96AZ1	20	26233	41822	ENST00000300209	1.3450e+00	[]	NA	True	8.891e-12	152	eQTL	NA	NA	NA	NA	True	False	True	continuous-20191-both_sexes--irnt	pLoF	0.0639341789604332	0.0416084705364135	-0.0129279684564953	15.333110841279101	False	False
ENSG00000123444	KBTBD4	55709	0.6	2927	19271	UKP09929	Tbio	Q9NVX7	35	29252	41822	ENST00000430070	9.2300e-01	[]	NA	True	2.716e-08	142	chromatin	NA	NA	NA	NA	True	False	True	continuous-20018-both_sexes--	pLoF|missense|LC	0.0855112518029251	0.0473458184121075	-0.00134870959068297	2666.46672239447	True	True
ENSG00000123607	TTC21B	79809	4.6	10655	19271	UKP06364	Tbio	Q7Z4L5	50	31335	41822	ENST00000243344	8.3100e-01	[]	NA	True	1.878e-09	38	positional;eQTL	NA	NA	NA	NA	True	False	True	continuous-20018-both_sexes--	missense|LC	0.252165113523288	0.146287877729483	-0.000381571287327089	215559.3621453357	True	True
ENSG00000123908	AGO2	27161	35.1	19029	19271	UKP02012	Tchem	Q9UKV8	1120	41422	41822	ENST00000220592	1.0200e-01	[]	NA	NA	NA	NA	NA	9.86e-09	rs2977464	NA	NA	True	False	True	continuous-20023-both_sexes--irnt	pLoF	0.0866599019440231	0.050804075816276	0.0206990749298772	5.959831561436911	False	False
ENSG00000124067	SLC12A4	6560	11.1	16303	19271	UKP01747	Tbio	Q9UP95	82	34376	41822	ENST00000316341	8.3000e-01	[]	NA	True	3.517e-08	188	eQTL	NA	NA	NA	NA	True	False	True	continuous-20191-both_sexes--irnt	pLoF|missense|LC	0.0206746776273607	0.0132600571494796	0.00149730327837676	4020.282108015521	True	True
ENSG00000124126	PREX1	57580	9.6	15554	19271	UKP07000	Tbio	Q8TCU6	128	36748	41822	ENST00000371941	2.6800e-01	[]	NA	True	3.284e-17	208	positional;eQTL	4.6e-12	rs6012538	2.45e-12	rs6095314	True	False	True	continuous-20016-both_sexes--irnt	pLoF	0.131775327431896	0.075484538161833	-0.0195768291578531	4.072410283857934	False	False
ENSG00000124198	ARFGEF2	10564	10.2	15862	19271	UKP01685	Tbio	Q9Y6D5	116	36304	41822	ENST00000371917	3.9100e-01	[]	3.2669e-14	True	3.284e-17	208	positional;eQTL	5.69e-19	rs6019537	3.284e-17	rs6019535	True	False	True	continuous-20016-both_sexes--irnt	pLoF|missense|LC	0.0175060964106987	0.0109822475045213	0.00162750387939768	2495.7669613444614	True	True
ENSG00000124201	ZNFX1	57169	4.1	9897	19271	UKP00151	Tbio	Q9P2E3	54	31817	41822	ENST00000396105	4.8900e-01	[]	2.4337e-08	True	4.756e-17	208	positional;eQTL;chromatin	7.28e-14	rs6122778	4.832e-13	rs11696801	True	False	True	continuous-20191-both_sexes--irnt	missense|LC	0.134380095249567	0.0948946474863681	-0.00092042825292132	177741.01524422198	True	True
ENSG00000124207	CSE1L	1434	1.9	5985	19271	UKP01755	Tchem	P55060	294	39729	41822	ENST00000262982	2.7700e-01	[]	4.0772e-18	True	3.284e-17	208	positional;eQTL;chromatin	4.37e-19	rs2426113	4.756e-17	rs2426115	True	False	True	continuous-20018-both_sexes--	pLoF	0.218345695927497	0.287213246039199	-0.0107311170082185	2.6580556714972037	False	False
ENSG00000124214	STAU1	6780	6.9	13452	19271	UKP06904	Tchem	O95793	366	40237	41822	ENST00000371856	3.2700e-01	[]	4.664e-17	True	3.284e-17	208	positional;eQTL;chromatin	5.3e-19	rs2295714	7.158e-17	rs10432730	True	False	True	continuous-20191-both_sexes--irnt	pLoF|missense|LC	0.0343371268167629	0.0173176390769142	0.00377371376260929	287.1106148556805	True	True
ENSG00000124228	DDX27	55661	1.3	4364	19271	UKP01615	Tbio	Q96GQ7	161	37714	41822	ENST00000618172	5.2800e-01	[]	7.5352e-09	True	6.927e-17	208	positional;chromatin	4.51e-14	rs13040828	2.554e-13	rs13040828	True	False	True	continuous-20023-both_sexes--irnt	pLoF|missense|LC	0.205497064091232	0.114017991407177	0.000925909589314443	240915.3498973436	True	True
ENSG00000124356	STAMBP	10617	8.4	14752	19271	UKP02455	Tchem	O95630	142	37187	41822	ENST00000394070	8.2900e-01	[]	NA	True	2.557e-06	26	eQTL	NA	NA	NA	NA	True	False	True	continuous-20016-both_sexes--irnt	pLoF|missense|LC	0.0534718741572254	0.581975847415655	-0.000705372949533617	444.9062175814711	True	True
ENSG00000124357	NAGK	55577	9.6	15554	19271	UKP09643	Tbio	Q9UJ70	91	34992	41822	ENST00000244204	1.0720e+00	[]	NA	True	3.835e-14	25	eQTL	NA	NA	NA	NA	True	False	True	continuous-20016-both_sexes--irnt	missense|LC	0.00197259609464429	0.454763303421873	-0.000643712139024946	1234.985744962688	True	True
ENSG00000124370	MCEE	84693	5.2	11424	19271	UKP08322	Tbio	Q96PE7	21	26491	41822	ENST00000244217	8.6700e-01	[]	NA	True	6.347e-11	25	eQTL	NA	NA	NA	NA	True	False	True	continuous-20191-both_sexes--irnt	pLoF	0.00140521790675985	0.00153431284490546	-0.0116237683311033	66.06806636841166	True	True
ENSG00000124374	PAIP2B	400961	2.6	7291	19271	UKP07299	Tbio	Q9ULR5	12	23906	41822	ENST00000244221	1.5270e+00	[]	NA	True	6.347e-11	25	positional;eQTL;chromatin	NA	NA	1.218e-08	rs4852772	True	False	True	continuous-20191-both_sexes--irnt	pLoF|missense|LC	0.00497980832630762	0.00253465027715527	-0.0151510686212311	28.754154906299057	False	False
ENSG00000124508	BTN2A2	10385	2.5	7104	19271	UKP07638	Tbio	Q8WVV5	29	28182	41822	ENST00000356709	1.0930e+00	[]	NA	True	4.671e-08	101	eQTL;chromatin	4.23e-12	rs2072803	NA	NA	True	False	True	continuous-20016-both_sexes--irnt	pLoF	0.0168554886500351	0.00879183849672471	0.0135836521651695	29.734684799735778	False	False
ENSG00000124549	BTN2A3P	54718	1.5	4687	19271	UKP07638	NA	NA	10	23239	41822	NA	NA	NA	NA	NA	NA	NA	NA	1.48e-13	rs2076030	NA	NA	True	False	True	NA	NA	NA	NA	NA	NA	NA	NA
ENSG00000124557	BTN1A1	696	2.4	6954	19271	UKP07638	Tbio	Q13410	40	30023	41822	ENST00000684113	1.0760e+00	[]	5.6944e-09	True	1.238e-07	101	positional;chromatin	9.65e-18	rs35555795	NA	NA	True	False	True	continuous-20023-both_sexes--irnt	pLoF|missense|LC	0.0888896811375884	0.0506694915889661	0.00107711067089142	418687.4722382076	True	True
ENSG00000124564	SLC17A3	10786	16.1	17722	19271	UKP01464	Tbio	O00476	36	29436	41822	ENST00000397060	1.1810e+00	[]	NA	NA	NA	NA	NA	8.85e-13	rs13211947	NA	NA	True	False	True	continuous-20016-both_sexes--irnt	missense|LC	0.0956502420983125	0.0635202192532724	0.00223739391182082	46196.68489937441	True	True
ENSG00000124568	SLC17A1	6568	6.6	13122	19271	UKP01464	Tbio	Q14916	51	31461	41822	ENST00000244527	1.2330e+00	[]	NA	NA	NA	NA	NA	5.81e-13	rs13213957	NA	NA	True	False	True	continuous-20016-both_sexes--irnt	missense|LC	0.155012632545751	0.0913260529982446	-0.0018554631818976	74526.70519449668	True	True
ENSG00000124610	H1-1	3024	NA	NA	19271	NA	Tbio	Q02539	224	38941	41822	ENST00000244573	1.9490e+00	"[""outlier_mis"",""outlier_syn""]"	NA	NA	NA	NA	NA	1.19e-10	rs16891235	NA	NA	True	False	True	continuous-20018-both_sexes--	missense|LC	0.45485500362173	0.287275020808585	0.000486785125718559	21627.810447855783	False	False
ENSG00000124613	ZNF391	346157	1.5	4687	19271	UKP06145	Tdark	Q9UJN7	13	24254	41822	ENST00000244576	1.6850e+00	[]	NA	True	4.671e-08	101	positional;eQTL	1.45e-17	rs67859638	NA	NA	True	False	True	continuous-20023-both_sexes--irnt	missense|LC	0.158591058106932	0.0902907014776779	-0.00103109478048624	2190.3543957469074	False	True
ENSG00000124635	H2BC11	8970	12.6	16868	19271	UKP02347	Tbio	P06899	118	36397	41822	ENST00000339812	1.8230e+00	[]	NA	True	5.813e-07	101:102	chromatin	NA	NA	NA	NA	True	False	True	continuous-20018-both_sexes--	pLoF	0.0684059464744632	0.139997275077414	-0.0074442219111798	NA	False	False
ENSG00000125386	FAM193A	8603	0.8	3045	19271	UKP09103	Tdark	P78312	45	30722	41822	ENST00000637812	2.7100e-01	[]	2.4323e-08	True	2.591e-09	62	positional;eQTL	2.85e-11	rs2295499	2.591e-09	rs2295499	True	False	True	continuous-20016-both_sexes--irnt	pLoF|missense|LC	0.0302248882703879	0.0163402700178884	-0.00141686233642125	7132.283463934739	True	True
ENSG00000125631	HTR5BP	645694	NA	NA	19271	NA	NA	NA	2	15717	41822	NA	NA	NA	NA	NA	NA	NA	NA	6.18e-10	rs78358737	NA	NA	True	False	True	NA	NA	NA	NA	NA	NA	NA	NA
ENSG00000125633	CCDC93	54520	2.7	7600	19271	UKP05063	Tbio	Q567U6	57	32151	41822	ENST00000376300	9.8600e-01	[]	4.222e-07	NA	NA	NA	NA	1.49e-08	rs78360930	NA	NA	True	False	True	continuous-20023-both_sexes--irnt	pLoF	0.179695537120708	0.102805567792449	0.00529688442727409	62.69034955743194	True	True
ENSG00000125991	ERGIC3	51614	3.2	8468	19271	UKP04928	Tbio	Q9Y282	70	33410	41822	ENST00000348547	7.8100e-01	[]	NA	True	1.617e-08	207	eQTL	NA	NA	NA	NA	True	False	True	continuous-20018-both_sexes--	pLoF	0.0602062402422512	0.0392289134900683	-0.00849052069580934	11.282112034888737	False	False
ENSG00000125995	ROMO1	140823	12.8	16920	19271	UKP05170	Tbio	P60602	89	34851	41822	ENST00000374077	1.7380e+00	[]	4.2769e-07	True	4.559e-08	207	positional;chromatin	NA	NA	4.559e-08	rs6060566	True	False	True	continuous-20023-both_sexes--irnt	missense|LC	0.0622671731840901	0.124762466059211	0.000933730098848397	2278.369825286761	False	False
ENSG00000126001	CEP250	11190	9.0	15175	19271	UKP08883	Tbio	Q9BV73	112	36132	41822	ENST00000397527	8.6000e-01	[]	NA	True	1.617e-08	207	eQTL	NA	NA	NA	NA	True	False	True	continuous-20016-both_sexes--irnt	pLoF	0.0341782231143705	0.0202227629972865	0.00532466907071008	138.62318208307408	True	True
ENSG00000126091	ST3GAL3	6487	8.6	14895	19271	UKP06117	Tchem	Q11203	50	31335	41822	ENST00000347631	5.7300e-01	[]	5.3572e-12	True	8.724e-11	4	positional;eQTL	2.86e-10	rs4314918	8.724e-11	rs4660749	True	False	True	continuous-20023-both_sexes--irnt	pLoF|missense|LC	0.0414722289055013	0.0261563893063953	0.00140661827209727	1753.6697031930012	True	True
ENSG00000126214	KLC1	3831	2.4	6954	19271	UKP07237	Tbio	Q07866	203	38616	41822	ENST00000334553	5.0500e-01	[]	9.4938e-10	True	1.519e-14	169	positional;eQTL	NA	NA	3.96e-10	rs729437	True	False	True	continuous-20191-both_sexes--irnt	missense|LC	0.00186617651094978	0.00092308092808957	-0.00656549129771951	2923.8488180356485	True	True
ENSG00000126215	XRCC3	7517	17.3	17917	19271	UKP02556	Tbio	O43542	522	40804	41822	ENST00000555055	1.7970e+00	[]	1.6509e-07	True	1.519e-14	169	positional;eQTL;chromatin	NA	NA	3.424e-08	rs861537	True	False	True	continuous-20016-both_sexes--irnt	missense|LC	0.0287942017160104	0.0157198170176169	0.00304945394942521	47738.55512607532	True	True
ENSG00000126500	FLRT1	23769	2.1	6380	19271	UKP07052	Tdark	Q9NZU1	16	25187	41822	ENST00000682287	6.8200e-01	[]	6.4631e-07	True	4.753e-08	143	eQTL	NA	NA	NA	NA	True	False	True	continuous-20018-both_sexes--	pLoF|missense|LC	0.0370727728632343	0.0292476288512203	-0.000682036169860718	2221.391084970594	True	True
ENSG00000126653	NSRP1	84081	3.4	8766	19271	UKP07576	Tbio	Q9H0G5	75	33835	41822	ENST00000247026	5.8200e-01	[]	1.1361e-06	NA	NA	NA	NA	NA	NA	NA	NA	True	False	True	continuous-20023-both_sexes--irnt	pLoF|missense|LC	0.196244022569462	0.118488462250086	0.000791767534211092	10646.153810468704	True	True
ENSG00000128268	MGAT3	4248	7.8	14288	19271	UKP05049	Tchem	Q09327	43	30444	41822	ENST00000341184	6.0100e-01	[]	9.2249e-15	True	2.459e-13	212	positional;eQTL;chromatin	2.95e-12	rs5995735	1.055e-12	rs5995735	True	False	True	continuous-20023-both_sexes--irnt	pLoF|missense|LC	0.0199668998588167	0.012823556805911	0.00110999020712309	4123.176591780461	True	True
ENSG00000128272	ATF4	468	44.8	19165	19271	UKP06227	Tchem	P18848	1044	41387	41822	ENST00000674920	7.1800e-01	[]	NA	True	2.459e-13	212:213	eQTL;chromatin	NA	NA	NA	NA	True	False	True	continuous-20016-both_sexes--irnt	pLoF|missense|LC	0.0290543708572343	0.0184126123640836	-0.00162393654098513	41027.62011489436	False	False
ENSG00000128283	CDC42EP1	11135	4.6	10655	19271	UKP07387	Tbio	Q00587	86	34654	41822	ENST00000249014	1.8630e+00	[]	NA	True	1.147e-06	211	eQTL	NA	NA	NA	NA	True	False	True	continuous-20016-both_sexes--irnt	pLoF	0.0892726558026197	0.0629693200405976	-0.00734250803350821	53.459448187034084	True	True
ENSG00000128310	GALR3	8484	10.3	15915	19271	UKP07131	Tchem	O60755	26	27606	41822	ENST00000249041	1.8230e+00	"[""outlier_mis"",""outlier_syn""]"	NA	True	3.582e-08	211	eQTL	NA	NA	NA	NA	True	False	True	continuous-20023-both_sexes--irnt	pLoF|missense|LC	0.399531401386997	0.247483222464998	-0.000309697852641926	9805.681063482201	False	True
ENSG00000128346	C22orf23	84645	0.0	1	19271	UKP09507	Tbio	Q9BZE7	15	24874	41822	ENST00000403305	1.2350e+00	[]	NA	True	1.533e-07	211	eQTL	NA	NA	NA	NA	True	False	True	continuous-20023-both_sexes--irnt	missense|LC	0.0582881391338227	0.0336682442473376	0.00126839765249179	3127.4178586075404	True	True
ENSG00000128594	LRRC4	64101	2.5	7104	19271	UKP06756	Tbio	Q9HBW1	46	30867	41822	ENST00000249363	4.5900e-01	[]	NA	True	2.687e-13	116	eQTL;chromatin	NA	NA	NA	NA	True	False	True	continuous-20018-both_sexes--	pLoF	0.00358790770089079	0.0305694851950017	-0.0218052617183927	1.9908000079772599	False	False
ENSG00000128595	CALU	813	2.2	6585	19271	UKP04931	Tbio	O43852	222	38910	41822	ENST00000249364	5.5600e-01	[]	2.6481e-07	True	1.269e-09	117	positional;eQTL	3.68e-11	rs1043595	1.269e-09	rs1043595	True	False	True	continuous-20191-both_sexes--irnt	missense|LC	0.110885603750789	0.060795073403805	-0.00554850072260479	53453.27841997117	True	False
ENSG00000128617	OPN1SW	611	9.7	15609	19271	UKP06058	Tbio	P03999	31	28577	41822	ENST00000249389	1.0300e+00	[]	NA	True	1.269e-09	117	eQTL	NA	NA	NA	NA	True	False	True	continuous-20016-both_sexes--irnt	pLoF	0.051039380664073	0.094301933205702	-0.0110941095053553	15.110064704124381	False	False
ENSG00000128683	GAD1	2571	6.9	13452	19271	UKP06718	Tbio	Q99259	157	37621	41822	ENST00000358196	5.6900e-01	[]	NA	True	6.735e-09	39	positional;eQTL	1.39e-09	rs872123	6.735e-09	rs3749034	True	False	True	continuous-20191-both_sexes--irnt	pLoF	0.0377771366395648	0.0215504638174894	-0.0279964042337266	6.903238396296425	False	False
ENSG00000128872	TMOD2	29767	3.8	9432	19271	UKP06654	Tbio	Q9NZR1	53	31698	41822	ENST00000249700	7.9400e-01	[]	NA	True	4.681e-11	172	positional;eQTL;chromatin	2.72e-10	rs8025619	6.897e-11	rs8025619	True	False	True	continuous-20191-both_sexes--irnt	pLoF|missense|LC	0.0191597369946299	0.00950579661323547	-0.00541217167549029	167.3337580656964	True	True
ENSG00000128891	CCDC32	90416	2.6	7291	19271	UKP09550	Tdark	Q9BV29	22	26726	41822	ENST00000416810	7.6000e-01	[]	NA	True	1.118e-08	170	eQTL	NA	NA	NA	NA	True	False	True	continuous-20191-both_sexes--irnt	pLoF	0.221556819197065	0.59912967983345	-0.00431393460871216	8.688573979699486	False	False
ENSG00000128908	INO80	54617	18.5	18079	19271	UKP00278	Tchem	Q9ULG1	148	37373	41822	ENST00000648947	1.6500e-01	[]	NA	True	2.238e-08	170	positional	1.78e-09	rs75322822	2.238e-08	rs75322822	True	False	True	continuous-20016-both_sexes--irnt	pLoF	0.0326654838788889	0.0203784783682277	-0.0441369335770427	1.4629155754136276	False	False
ENSG00000128917	DLL4	54567	22.0	18446	19271	UKP06408	Tbio	Q9NR61	350	40129	41822	ENST00000249749	1.9700e-01	[]	NA	True	2.173e-08	170	positional	1.24e-09	rs12441495	2.173e-08	rs12441495	True	False	True	continuous-20023-both_sexes--irnt	pLoF	0.187236493802259	0.306374656130175	-0.0265361434146938	0.9932960356194012	False	False
ENSG00000128928	IVD	3712	6.6	13122	19271	UKP02734	Tbio	P26440	74	33740	41822	ENST00000487418	7.7600e-01	[]	NA	True	1.118e-08	170	positional;eQTL;chromatin	5.71e-09	rs2289328	1.118e-08	rs11634187	True	False	True	continuous-20191-both_sexes--irnt	pLoF	0.0545482343357485	0.509385426949544	-0.00345677419578427	27.34632283731439	False	False
ENSG00000128944	KNSTRN	90417	8.7	14962	19271	UKP07834	Tbio	Q9Y448	81	34296	41822	ENST00000249776	1.1090e+00	[]	NA	True	1.118e-08	170	eQTL;chromatin	NA	NA	NA	NA	True	False	True	continuous-20016-both_sexes--irnt	missense|LC	0.0376406476368651	0.253685282109134	0.0014947646464602	62549.826374475786	True	True
ENSG00000129282	NA	NA	NA	NA	19271	NA	NA	NA	NA	NA	41822	NA	NA	NA	NA	True	2.376e-10	191	positional;eQTL	1.28e-10	rs12941009	8.57e-09	rs12941009	True	False	True	NA	NA	NA	NA	NA	NA	NA	NA
ENSG00000130338	TULP4	56995	0.0	1	19271	UKP02254	Tbio	Q9NRJ4	34	29104	41822	ENST00000367097	1.9500e-01	[]	1.8559e-06	NA	NA	NA	NA	NA	NA	NA	NA	True	False	True	continuous-20016-both_sexes--irnt	missense|LC	0.245673320035054	0.138611242157496	0.000672698719374441	11556.398110873135	True	True
ENSG00000130449	ZSWIM6	57688	0.5	1903	19271	UKP09336	Tbio	Q9HCJ5	28	28005	41822	ENST00000252744	1.4600e-01	[]	7.2574e-09	NA	NA	NA	NA	NA	NA	NA	NA	True	False	True	continuous-20191-both_sexes--irnt	pLoF|missense|LC	0.0386714748645879	0.861549126125107	-9.10614905493988e-05	141159.43720742504	True	True
ENSG00000130518	IQCN	80726	0.8	3045	19271	UKP07880	Tbio	Q9H0B3	34	29104	41822	ENST00000392413	8.8600e-01	[]	NA	True	7.851e-09	202	eQTL	NA	NA	NA	NA	True	False	True	continuous-20016-both_sexes--irnt	pLoF	0.0459669615390106	0.0270902810277183	-0.00639328239966981	92.94069013010551	True	True
ENSG00000130669	PAK4	10298	13.2	17041	19271	UKP06171	Tchem	O96013	346	40104	41822	ENST00000358301	1.2680e+00	[]	NA	True	7.57e-07	204	positional;eQTL	NA	NA	NA	NA	True	False	True	continuous-20018-both_sexes--	pLoF|missense|LC	0.0538358332310827	0.028984081709283	-0.000978962209459405	4256.168901458887	True	True
ENSG00000130724	CHMP2A	27243	31.2	18921	19271	UKP01175	Tbio	O43633	117	36358	41822	ENST00000312547	5.0800e-01	[]	1.5787e-06	True	2.958e-09	206	positional	NA	NA	2.958e-09	rs873104	True	False	True	continuous-20191-both_sexes--irnt	pLoF	0.0667296098008168	0.895615443477175	-0.00239279789441547	2.172147297380627	False	False
ENSG00000130725	UBE2M	9040	7.8	14288	19271	UKP02016	Tchem	P61081	231	39046	41822	ENST00000253023	2.7200e-01	[]	NA	True	5.955e-10	206	eQTL	NA	NA	NA	NA	True	False	True	continuous-20191-both_sexes--irnt	pLoF	0.0961019159796367	NA	NA	1.916616927370457	False	False
ENSG00000130726	TRIM28	10155	27.2	18754	19271	UKP06169	Tchem	Q13263	772	41197	41822	ENST00000253024	1.7000e-01	[]	NA	True	5.955e-10	206	eQTL	NA	NA	NA	NA	True	False	True	continuous-20191-both_sexes--irnt	missense|LC	0.0620088318004954	0.164739251666587	-0.00117291816371355	1107.3881522821168	True	True
ENSG00000130748	TMEM160	54958	0.0	1	19271	UKP12639	Tdark	Q9NX00	37	29593	41822	ENST00000253047	1.9410e+00	[]	NA	True	3.919e-08	205	positional;eQTL	3.83e-08	rs1862499	3.919e-08	rs1862499	True	False	True	continuous-20016-both_sexes--irnt	missense|LC	0.0330308586585866	0.282635875798624	0.00253283569145819	29120.33885388379	True	True
ENSG00000130749	ZC3H4	23211	6.3	12794	19271	UKP01087	Tbio	Q9UPT8	106	35840	41822	ENST00000253048	1.8000e-01	[]	NA	True	5.045e-08	205	eQTL	NA	NA	NA	NA	True	False	True	continuous-20018-both_sexes--	pLoF|missense|LC	0.115115130209345	0.508185839596097	-0.000225640737546423	15958.991788256604	True	True
ENSG00000130751	NPAS1	4861	4.8	10931	19271	UKP06300	Tbio	Q99742	14	24572	41822	ENST00000602212	9.1800e-01	[]	3.8422e-09	True	2.751e-08	205	positional	6.13e-09	rs889169	2.751e-08	rs889169	True	False	True	continuous-20023-both_sexes--irnt	pLoF	0.00440812119897893	0.00244060368145438	0.0120000926952329	41.25657561894859	False	False
ENSG00000130921	MTRFR	91574	3.4	8766	19271	UKP08116	Tbio	Q9H3J6	43	30444	41822	ENST00000253233	1.2240e+00	[]	2.794e-08	True	3.095e-09	155	positional;eQTL;chromatin	NA	NA	NA	NA	True	False	True	continuous-20016-both_sexes--irnt	pLoF	0.00168713870965076	0.00111662502266341	0.0113676231926218	67.91612204288704	True	True
ENSG00000130956	HABP4	22927	6.7	13235	19271	UKP01622	Tbio	Q5JVS0	45	30722	41822	ENST00000375249	1.6480e+00	[]	4.2461e-09	True	2.02e-08	131	positional;eQTL;chromatin	1.92e-10	rs1057687	2.02e-08	rs1057687	True	False	True	continuous-20191-both_sexes--irnt	pLoF	0.0954099737889906	0.0530598029277747	0.0199154842132772	6.560370273382581	False	False
ENSG00000130958	SLC35D2	11046	7.3	13831	19271	UKP00546	Tbio	Q76EJ3	13	24254	41822	ENST00000253270	1.9360e+00	[]	NA	True	2.02e-08	131	positional;eQTL	8.69e-11	rs10990610	NA	NA	True	False	True	continuous-20016-both_sexes--irnt	pLoF	0.0448231980983084	0.0264138380849299	-0.0172607371434631	2.9591990437438835	False	False
ENSG00000131043	AAR2	25980	2.2	6585	19271	UKP04891	Tbio	Q9Y312	87	34717	41822	ENST00000320849	1.4720e+00	[]	NA	True	5.588e-07	207	eQTL	NA	NA	NA	NA	True	False	True	continuous-20018-both_sexes--	missense|LC	0.0170497343915442	0.0115068652458812	0.000974065652371724	1649.5469848919536	True	True
ENSG00000131051	RBM39	9584	3.5	8994	19271	UKP02514	Tchem	Q14498	317	39913	41822	ENST00000253363	2.6300e-01	[]	2.2626e-09	True	2.575e-08	207	positional;eQTL;chromatin	NA	NA	2.575e-08	rs2425084	True	False	True	continuous-20023-both_sexes--irnt	pLoF	0.255965075033588	0.161508243502052	0.0209841241615791	2.4834149478329763	False	False
ENSG00000131095	GFAP	2670	7.9	14372	19271	UKP06129	Tbio	P14136	1087	41411	41822	ENST00000588735	9.9100e-01	[]	NA	True	4.969e-08	192	eQTL	NA	NA	NA	NA	True	False	True	continuous-20191-both_sexes--irnt	pLoF	0.0363853248453764	0.0478906707763931	-0.0103799570718096	23.514737005597564	False	False
ENSG00000131188	PRR7	80758	4.5	10501	19271	UKP08045	Tbio	Q8TB68	12	23906	41822	ENST00000323249	1.4000e+00	[]	5.9254e-10	True	1.731e-11	95	positional;eQTL	3.77e-10	rs465670	3.494e-11	rs465670	True	False	True	continuous-20016-both_sexes--irnt	pLoF|missense|LC	0.458503045265352	0.282440550532993	-0.00185437349383146	260.3252354613312	True	True
ENSG00000131495	NDUFA2	4695	2.4	6954	19271	UKP02460	Tclin	O43678	74	33740	41822	ENST00000252102	1.3430e+00	[]	1.9029e-08	True	2.078e-10	91	positional;eQTL;chromatin	1.31e-08	rs778591	2.078e-10	rs778591	True	False	True	continuous-20016-both_sexes--irnt	missense|LC	0.143541838210543	0.0839962266108394	0.00468505792884251	129.28397012412245	True	True
ENSG00000131503	ANKHD1	54882	1.0	3282	19271	UKP07860	Tbio	Q8IWZ3	148	37373	41822	ENST00000360839	1.7800e-01	[]	4.2082e-08	True	2.174e-10	91	positional;eQTL;chromatin	NA	NA	NA	NA	True	False	True	continuous-20191-both_sexes--irnt	pLoF	0.216016434762987	0.137806814335635	-0.0180869853140513	4.983193017385589	False	False
ENSG00000131558	EXOC4	60412	4.8	10931	19271	UKP00507	Tchem	Q96A65	191	38401	41822	ENST00000253861	7.4500e-01	[]	1.244e-18	True	1.825e-14	118	positional;eQTL;chromatin	4.55e-14	rs6975134	1.825e-14	rs1362739	True	False	True	continuous-20016-both_sexes--irnt	missense|LC	0.0138856576630851	0.00826324855769944	0.00224541699254023	1593.9856804674614	True	True
ENSG00000131849	ZNF132	7691	1.5	4687	19271	UKP06444	Tbio	P52740	12	23906	41822	ENST00000254166	1.4330e+00	[]	NA	True	5.955e-10	206	positional;eQTL;chromatin	NA	NA	NA	NA	True	False	True	continuous-20023-both_sexes--irnt	pLoF|missense|LC	0.0020753765338587	0.000952192009617048	-0.00165888673763945	274574.0550315453	True	True
ENSG00000132170	PPARG	5468	87.1	19261	19271	UKP06130	Tclin	P37231	2555	41706	41822	ENST00000651735	6.2800e-01	[]	NA	NA	NA	NA	NA	7.34e-10	rs7626560	NA	NA	True	False	True	continuous-20023-both_sexes--irnt	missense|LC	0.256629238022094	0.152364837964092	-0.00176915161862836	45524.43364648126	True	True
ENSG00000132589	FLOT2	2319	9.4	15426	19271	UKP01582	Tbio	Q14254	234	39088	41822	ENST00000394908	7.9000e-01	[]	1.914e-06	NA	NA	NA	NA	NA	NA	NA	NA	True	False	True	continuous-20023-both_sexes--irnt	pLoF	0.105763441228375	0.227656806878157	-0.0033499302473554	86.42904521228132	True	True
ENSG00000132600	PRMT7	54496	10.2	15862	19271	UKP02345	Tchem	Q9NVM4	108	35944	41822	ENST00000441236	1.0100e+00	[]	1.9165e-06	True	3.517e-08	188	positional;eQTL;chromatin	NA	NA	NA	NA	True	False	True	continuous-20018-both_sexes--	pLoF|missense|LC	0.0854458437543352	0.856156401720678	-7.93319262093106e-05	939.5269271404914	True	True
ENSG00000132613	MTSS2	92154	5.2	11424	19271	UKP06692	Tbio	Q765P7	23	26957	41822	ENST00000338779	6.6200e-01	"[""outlier_syn""]"	NA	True	2.97e-07	189	positional	1.13e-08	rs11075777	NA	NA	True	False	True	continuous-20016-both_sexes--irnt	pLoF	0.000987828642161848	0.80609304763923	-0.00229716765306133	NA	False	False
ENSG00000132768	DPH2	1802	5.1	11329	19271	UKP00298	Tbio	Q9BQC3	44	30589	41822	ENST00000255108	9.1400e-01	[]	NA	True	3.079e-09	4	chromatin	NA	NA	NA	NA	True	False	True	continuous-20016-both_sexes--irnt	missense|LC	0.0531752738925382	0.567801040776294	-0.000722102791393728	596.8997409479734	True	True
ENSG00000133315	MACROD1	28992	7.1	13639	19271	UKP05080	Tchem	Q9BQ69	65	32962	41822	ENST00000255681	1.3260e+00	[]	NA	True	4.753e-08	143	positional	NA	NA	4.753e-08	rs7941785	True	False	True	continuous-20023-both_sexes--irnt	pLoF	0.343250969937377	0.208549923336847	-0.00547981540491071	26.322573885894787	False	False
ENSG00000133422	MORC2	22880	8.8	15033	19271	UKP08162	Tbio	Q9Y6X9	139	37098	41822	ENST00000397641	3.0000e-01	[]	8.4897e-08	True	4.998e-08	210	positional;eQTL;chromatin	NA	NA	NA	NA	True	False	True	continuous-20023-both_sexes--irnt	pLoF	0.0192432020561043	0.00948853791448756	-0.0150563370438354	18.879696709705694	False	False
ENSG00000134202	GSTM3	2947	11.6	16500	19271	UKP07024	Tbio	P21266	263	39437	41822	ENST00000361066	1.2220e+00	[]	NA	True	1.572e-10	12	eQTL	NA	NA	NA	NA	True	False	True	continuous-20023-both_sexes--irnt	pLoF	0.374149167424666	0.233425003078282	0.00411978753063169	53.80206439628119	True	True
ENSG00000134222	PSRC1	84722	5.1	11329	19271	UKP12540	Tbio	Q6PGN9	117	36358	41822	ENST00000409138	1.2800e+00	[]	NA	True	7.614e-10	12	eQTL	NA	NA	NA	NA	True	False	True	continuous-20016-both_sexes--irnt	missense|LC	0.0831539199565062	0.049242596581192	0.00145766496497104	5233.816236548453	True	True
ENSG00000134243	SORT1	6272	18.5	18079	19271	UKP06091	Tchem	Q99523	243	39215	41822	ENST00000256637	5.5300e-01	[]	3.5121e-12	True	1.572e-10	12	positional;eQTL;chromatin	1.44e-12	rs1030522	4.315e-10	rs11142	True	False	True	continuous-20016-both_sexes--irnt	pLoF|missense|LC	0.0640723667677725	0.134541737181805	0.00107781397703144	3365.5236686928	True	True
ENSG00000134285	FKBP11	51303	0.5	1903	19271	UKP01440	Tbio	Q9NYL4	37	29593	41822	ENST00000550765	1.1880e+00	[]	NA	True	2.518e-14	151	eQTL	NA	NA	NA	NA	True	False	True	continuous-20191-both_sexes--irnt	pLoF	0.0193923460578815	0.0107218173289418	0.0157519280057768	13.1635803498425	False	False
ENSG00000134287	ARF3	377	4.1	9897	19271	UKP01267	Tbio	P61204	154	37557	41822	ENST00000256682	4.8500e-01	[]	NA	True	2.518e-14	151	eQTL	NA	NA	NA	NA	True	False	True	continuous-20016-both_sexes--irnt	pLoF|missense|LC	0.0635455754704392	0.0349377300151288	-0.0151762685985309	6.823871981700524	False	False
ENSG00000134369	NAV1	89796	1.5	4687	19271	UKP06990	Tbio	Q8NEY1	83	34451	41822	ENST00000367296	1.4700e-01	[]	NA	True	6.97e-10	16	positional	NA	NA	6.97e-10	rs2678210	True	False	True	continuous-20016-both_sexes--irnt	missense|LC	0.0439219153260733	0.0279647500596738	-0.00142469876616877	22776.628038554645	True	True
ENSG00000134516	DOCK2	1794	7.8	14288	19271	UKP06618	Tchem	Q92608	142	37187	41822	ENST00000520908	4.2100e-01	[]	2.9583e-07	True	5.569e-09	93	positional	NA	NA	5.569e-09	rs6860963	True	False	True	continuous-20023-both_sexes--irnt	missense|LC	0.0470365495082299	0.0275761304916307	-0.000850781634035332	10847.756105434266	True	True
ENSG00000134533	RERG	85004	6.8	13329	19271	UKP07810	Tbio	Q96A58	26	27606	41822	ENST00000256953	1.5280e+00	[]	NA	True	2.014e-06	150	positional	NA	NA	NA	NA	True	False	True	continuous-20191-both_sexes--irnt	pLoF	0.093420413975878	0.0587557657973732	0.0148703430871478	11.379856802540111	False	False
ENSG00000134571	MYBPC3	4607	9.4	15426	19271	UKP07901	Tbio	Q14896	285	39660	41822	ENST00000545968	9.1500e-01	[]	8.9222e-08	True	9.728e-09	142	positional;eQTL	NA	NA	NA	NA	True	False	True	continuous-20018-both_sexes--	missense|LC	0.0245280263897929	0.0139007904186508	-0.000597446121018705	34864.94130595719	True	True
ENSG00000134574	DDB2	1643	15.1	17529	19271	UKP02035	Tbio	Q92466	332	40022	41822	ENST00000256996	7.1900e-01	[]	NA	True	1.48e-08	142	eQTL	NA	NA	NA	NA	True	False	True	continuous-20023-both_sexes--irnt	pLoF|missense|LC	0.0407798228429539	0.0335531688374917	-0.00115592880956107	2652.437541625817	True	True
ENSG00000134575	ACP2	53	1.9	5985	19271	UKP04427	Tbio	P11117	71	33501	41822	ENST00000672073	8.0400e-01	[]	NA	True	1.48e-08	142	eQTL	NA	NA	NA	NA	True	False	True	continuous-20018-both_sexes--	pLoF	0.0626463252877085	0.584800181249954	0.0019450823410217	15.765748912375148	False	False
ENSG00000134825	TMEM258	746	4.8	10931	19271	UKP00677	Tdark	P61165	42	30309	41822	ENST00000537328	1.6960e+00	[]	2.4079e-06	NA	NA	NA	NA	NA	NA	NA	NA	True	False	True	continuous-20018-both_sexes--	missense|LC	0.0172341455954225	0.0247205768522096	0.00293939550118479	139.10262280206916	True	True
ENSG00000134986	NREP	9315	1.5	4687	19271	UKP12721	Tbio	Q16612	50	31335	41822	ENST00000257435	1.8290e+00	[]	NA	True	1.198e-13	89	positional;eQTL	2.44e-12	rs26046	1.198e-13	rs1145123	True	False	True	continuous-20191-both_sexes--irnt	pLoF|missense|LC	0.0129516666161673	0.0083455514392925	0.00259501192513219	6423.669868157621	True	True
ENSG00000135250	SRPK2	6733	18.8	18124	19271	UKP01966	Tchem	P78362	185	38267	41822	ENST00000393651	3.4700e-01	[]	4.209e-08	True	6.732e-10	115	positional;eQTL	NA	NA	NA	NA	True	False	True	continuous-20023-both_sexes--irnt	pLoF	0.0496882748963225	0.0296691736616823	0.0108674338706284	25.869774532533885	False	False
ENSG00000135407	AVIL	10677	9.2	15304	19271	UKP02357	Tbio	O75366	24	27198	41822	ENST00000549994	8.1000e-01	[]	NA	True	8.891e-12	152	eQTL	NA	NA	NA	NA	True	False	True	continuous-20016-both_sexes--irnt	pLoF|missense|LC	0.00594840921135631	0.0452050231398723	0.00123348730420742	130689.37735825196	True	True
ENSG00000135446	CDK4	1019	12.8	16920	19271	UKP00203	Tclin	P11802	3202	41741	41822	ENST00000257904	6.1000e-01	[]	NA	True	8.891e-12	152	eQTL	NA	NA	NA	NA	True	False	True	continuous-20191-both_sexes--irnt	pLoF|missense|LC	0.00991773843017774	0.00523487991370053	-0.00506419207226662	222.0010015195113	True	True
ENSG00000135452	TSPAN31	6302	0.9	3235	19271	UKP04561	Tbio	Q12999	35	29252	41822	ENST00000257910	9.2400e-01	[]	NA	True	8.891e-12	152	eQTL	NA	NA	NA	NA	True	False	True	continuous-20016-both_sexes--irnt	pLoF|missense|LC	0.188959408390708	0.124600063455258	0.0024338753609259	353.3842344530991	False	False
ENSG00000135506	OS9	10956	6.9	13452	19271	UKP05199	Tbio	Q13438	138	37073	41822	ENST00000315970	8.9100e-01	[]	NA	True	8.285e-07	152	eQTL	NA	NA	NA	NA	True	False	True	continuous-20016-both_sexes--irnt	missense|LC	0.24887342910542	0.140145127979094	-0.00141017562436124	1122.3769696309123	True	True
ENSG00000135625	EGR4	1961	6.7	13235	19271	UKP06145	Tbio	Q05215	41	30167	41822	ENST00000436467	1.5640e+00	[]	NA	True	1.803e-07	26	chromatin	NA	NA	NA	NA	True	False	True	continuous-20016-both_sexes--irnt	missense|LC	0.00731584831505649	0.00370620837303881	0.00264027217496601	1230.4004828959585	True	True
ENSG00000135631	RAB11FIP5	26056	4.7	10753	19271	UKP07232	Tbio	Q9BXF6	110	36022	41822	ENST00000486777	8.4600e-01	[]	NA	NA	NA	NA	NA	2.57e-09	rs768851	NA	NA	True	False	True	continuous-20018-both_sexes--	pLoF|missense|LC	0.0211577008274164	0.0115414572886007	-0.0016643603645437	437.14955571624006	True	True
ENSG00000135632	SMYD5	10322	6.7	13235	19271	UKP10351	Tbio	Q6GMV2	27	27814	41822	ENST00000389501	8.3400e-01	[]	3.4374e-07	NA	NA	NA	NA	NA	NA	NA	NA	True	False	True	continuous-20191-both_sexes--irnt	missense|LC	0.0663698133030826	0.074808922823886	-0.00189134673848676	786.7746865618383	True	True
ENSG00000135636	DYSF	8291	5.8	12204	19271	UKP07735	Tbio	O75923	435	40543	41822	ENST00000410020	8.3600e-01	[]	NA	True	3.835e-14	25	positional;eQTL;chromatin	NA	NA	8.427e-10	rs12479238	True	False	True	continuous-20018-both_sexes--	missense|LC	0.0395031091072761	0.366216414795911	-0.000168609174973662	29715.02226546261	True	True
ENSG00000136271	DDX56	54606	5.4	11736	19271	UKP01615	Tbio	Q9NY93	142	37187	41822	ENST00000258772	9.0500e-01	[]	NA	True	2.481e-11	112	eQTL	NA	NA	NA	NA	True	False	True	continuous-20023-both_sexes--irnt	pLoF	0.20359546785866	0.128259847412079	0.0028423104906468	190.22202883461202	True	True
ENSG00000136280	CCM2	83605	5.6	11982	19271	UKP09082	Tbio	Q9BSQ5	160	37688	41822	ENST00000258781	7.5300e-01	[]	NA	True	2.17e-08	112	eQTL	NA	NA	NA	NA	True	False	True	continuous-20016-both_sexes--irnt	pLoF	0.0854185046905179	0.131681771009357	-0.0191275610954073	5.851088472284862	False	False
ENSG00000136327	NKX2-8	26257	10.3	15915	19271	UKP06271	Tbio	O15522	27	27814	41822	ENST00000258829	1.9320e+00	[]	NA	True	5.659e-10	164	eQTL	NA	NA	NA	NA	True	False	True	continuous-20191-both_sexes--irnt	pLoF|missense|LC	0.312300350911617	0.212854190164525	0.00219871065306198	1551.0607148107215	True	True
ENSG00000136560	TANK	10010	12.5	16839	19271	UKP06822	Tchem	Q92844	138	37073	41822	ENST00000392749	4.4200e-01	[]	NA	True	2.623e-13	35	positional;eQTL	2.68e-10	rs1559526	2.623e-13	rs3754970	True	False	True	continuous-20018-both_sexes--	pLoF	0.011636339476737	0.0811807367231805	-0.0157267342651535	2.6604633662932815	False	False
ENSG00000137185	ZSCAN9	7746	2.3	6711	19271	UKP06820	Tdark	O15535	23	26957	41822	ENST00000252207	1.1370e+00	[]	NA	True	2.78e-06	101	eQTL	3.64e-18	rs34243448	NA	NA	True	False	True	continuous-20018-both_sexes--	pLoF|missense|LC	0.058513803587147	0.0315192209033058	-0.00113919764972935	10232.209272593132	False	True
ENSG00000137266	SLC22A23	63027	0.0	1	19271	UKP01667	Tbio	A1A5C7	32	28771	41822	ENST00000406686	6.3000e-01	[]	NA	True	8.047e-10	96	positional;eQTL	NA	NA	8.047e-10	rs9503599	True	False	True	continuous-20023-both_sexes--irnt	pLoF	0.00297835977525895	0.671406578573597	0.0016832888797797	39.23726430066208	False	False
ENSG00000137338	PGBD1	84547	4.1	9897	19271	UKP12998	Tbio	Q96JS3	44	30589	41822	ENST00000682144	1.0170e+00	[]	NA	True	7.954e-07	102	eQTL	2.22e-18	rs72854513	NA	NA	True	False	True	continuous-20023-both_sexes--irnt	pLoF	0.0967757560957008	0.0806106811766645	0.0023437964595975	388.8764345795829	True	True
ENSG00000137473	TTC29	83894	2.9	7932	19271	UKP07532	Tbio	Q8NA56	19	25988	41822	ENST00000325106	8.8700e-01	[]	1.5484e-07	True	2.248e-08	73	positional;eQTL;chromatin	NA	NA	2.248e-08	rs6840804	True	False	True	continuous-20018-both_sexes--	pLoF	0.0972857207206752	0.0577507377347749	0.00210963449168717	136.19246602858556	True	True
ENSG00000137815	RTF1	23168	3.9	9571	19271	UKP01532	Tchem	Q92541	90	34910	41822	ENST00000389629	2.2300e-01	[]	NA	True	4.341e-07	170	positional	1.08e-08	rs117643004	NA	NA	True	False	True	continuous-20018-both_sexes--	missense|LC	0.0852498177922405	0.24783494849398	-0.000828558370613977	430.16507144274124	True	True
ENSG00000137824	RMDN3	55177	2.1	6380	19271	UKP03926	Tbio	Q96TC7	115	36262	41822	ENST00000338376	8.0200e-01	[]	NA	True	2.173e-08	170	eQTL	NA	NA	NA	NA	True	False	True	continuous-20191-both_sexes--irnt	pLoF	0.019035405252297	0.0102782322502233	0.016481102482462	16.878804546534546	False	False
ENSG00000137880	GCHFR	2644	1.4	4622	19271	UKP07525	Tbio	P30047	42	30309	41822	ENST00000260447	1.9470e+00	[]	NA	True	4.341e-07	170	eQTL	NA	NA	NA	NA	True	False	True	continuous-20018-both_sexes--	pLoF|missense|LC	0.0902822820920356	0.0609865504327326	0.00239361411478607	117.38015673804253	True	True
ENSG00000137941	TTLL7	79739	6.5	13008	19271	UKP07100	Tbio	Q6ZT98	26	27606	41822	ENST00000260505	5.6400e-01	[]	NA	NA	NA	NA	NA	2.11e-08	rs41293013	NA	NA	True	False	True	continuous-20016-both_sexes--irnt	pLoF|missense|LC	0.00495370631060565	0.00230635724441641	0.00351982241991166	2451.2486507076846	True	True
ENSG00000138028	CGREF1	10669	0.9	3235	19271	UKP09775	Tbio	Q99674	18	25715	41822	ENST00000402394	1.3640e+00	[]	1.7948e-07	NA	NA	NA	NA	NA	NA	NA	NA	True	False	True	continuous-20191-both_sexes--irnt	pLoF	0.0661571594442131	0.078655689717239	0.00658969899199064	47.1498466327785	False	False
ENSG00000138030	KHK	3795	7.7	14204	19271	UKP05417	Tchem	P50053	48	31100	41822	ENST00000260598	1.3620e+00	[]	1.3902e-06	NA	NA	NA	NA	NA	NA	NA	NA	True	False	True	continuous-20191-both_sexes--irnt	missense|LC	0.000107177062685371	7.14491981599341e-05	0.00413015954558396	37908.667477709314	True	True
ENSG00000138083	SIX3	6496	20.4	18303	19271	UKP06222	Tbio	O95343	57	32151	41822	ENST00000260653	3.8700e-01	[]	6.9043e-09	True	4.798e-08	21	positional	NA	NA	4.798e-08	rs62131236	True	False	True	continuous-20023-both_sexes--irnt	missense|LC	0.104863426000252	0.293819650565319	-0.000619200053791002	2184.5726338828595	True	True
ENSG00000138095	LRPPRC	10128	8.7	14962	19271	UKP08502	Tchem	P42704	382	40319	41822	ENST00000260665	8.0800e-01	[]	9.4132e-09	True	4.9e-08	20	positional;eQTL	2.79e-08	rs4347883	4.9e-08	rs2955280	True	False	True	continuous-20016-both_sexes--irnt	pLoF|missense|LC	0.436392604676596	0.259486056660844	-0.000711015921639116	1685.5190166111536	True	True
ENSG00000138111	SLC68A1	79847	0.0	1	19271	UKP09908	Tdark	Q14CX5	18	25715	41822	ENST00000238936	8.4500e-01	[]	NA	True	8.633e-09	138	eQTL	NA	NA	NA	NA	True	False	True	continuous-20191-both_sexes--irnt	pLoF	0.0411896717320633	0.224245310090508	-0.00722529659259951	23.38381988155747	False	False
ENSG00000138594	TMOD3	29766	3.4	8766	19271	UKP06654	Tbio	Q9NYL9	179	38147	41822	ENST00000308580	7.6800e-01	[]	NA	True	4.681e-11	172	positional;chromatin	3.47e-11	rs1035738	5.676e-11	rs1035738	True	False	True	continuous-20016-both_sexes--irnt	missense|LC	0.310005967501621	0.181660589126326	0.00169022153070196	519.8510746426427	True	True
ENSG00000138600	SPPL2A	84888	8.9	15105	19271	UKP01131	Tchem	Q8TCT8	48	31100	41822	ENST00000261854	1.0740e+00	[]	1.7152e-07	NA	NA	NA	NA	NA	NA	NA	NA	True	False	True	continuous-20023-both_sexes--irnt	pLoF|missense|LC	0.0893008116058048	0.0539140420815682	-0.000686268295109292	18269.754393138497	True	True
ENSG00000138658	ZGRF1	55345	2.9	7932	19271	UKP03717	Tbio	Q86YA3	38	29747	41822	ENST00000505019	1.1050e+00	[]	9.578e-08	NA	NA	NA	NA	NA	NA	NA	NA	True	False	True	continuous-20018-both_sexes--	missense|LC	0.188968459893909	0.306226337736507	0.000220996844991213	85627.85376467915	True	True
ENSG00000138777	PPA2	27068	3.4	8766	19271	UKP01474	Tbio	Q9H2U2	102	35623	41822	ENST00000341695	1.3240e+00	[]	4.6542e-10	True	4.168e-23	72	positional;eQTL;chromatin	8.29e-12	rs2636699	9.727e-14	rs2726528	True	False	True	continuous-20016-both_sexes--irnt	missense|LC	0.080109864380179	0.652477698416902	0.000466618814683303	62617.134869064525	True	True
ENSG00000138821	SLC39A8	64116	20.9	18348	19271	UKP06135	Tbio	Q9C0K1	139	37098	41822	ENST00000356736	6.0200e-01	[]	7.043e-10	True	2.233e-21	71	positional;eQTL	1.09e-23	rs13107325	2.233e-21	rs13107325	True	False	True	continuous-20191-both_sexes--irnt	pLoF|missense|LC	0.124354237104032	0.0689726809092106	-0.00248181361545407	9505.91569771896	False	True
ENSG00000139266	MARCHF9	92979	0.5	1903	19271	UKP06988	Tbio	Q86YJ5	23	26957	41822	ENST00000266643	8.7400e-01	[]	NA	True	8.891e-12	152	eQTL	NA	NA	NA	NA	True	False	True	continuous-20018-both_sexes--	pLoF|missense|LC	0.00592752478007852	0.0120268709673115	0.00118871182792407	NA	False	False
ENSG00000139537	DRC2	85478	4.3	10201	19271	UKP08381	Tbio	Q8IXS2	23	26957	41822	ENST00000320516	1.0040e+00	[]	NA	True	2.518e-14	151	eQTL	NA	NA	NA	NA	True	False	True	continuous-20016-both_sexes--irnt	pLoF|missense|LC	0.0580967305127548	0.716331831476325	-0.000262972413349281	115929.67707062069	True	True
ENSG00000139636	LMBR1L	55716	6.4	12917	19271	UKP07655	Tbio	Q6UX01	31	28577	41822	ENST00000267102	8.3800e-01	[]	NA	True	2.518e-14	151	eQTL	NA	NA	NA	NA	True	False	True	continuous-20016-both_sexes--irnt	missense|LC	0.00479996915608838	0.325535181733039	0.000860658579690256	1480.572237200313	True	True
ENSG00000139697	SBNO1	55206	4.0	9765	19271	UKP02522	Tdark	A3KN83	62	32646	41822	ENST00000602398	1.8200e-01	[]	NA	True	1.596e-08	155	positional;eQTL	NA	NA	NA	NA	True	False	True	continuous-20016-both_sexes--irnt	missense|LC	0.0636216086143444	0.932326912505716	-5.27485813903868e-05	29623.35402891924	True	True
ENSG00000139722	VPS37B	79720	8.4	14752	19271	UKP00713	Tbio	Q9H9H4	59	32350	41822	ENST00000267202	8.4900e-01	[]	NA	True	4.331e-07	155	eQTL	NA	NA	NA	NA	True	False	True	continuous-20023-both_sexes--irnt	missense|LC	0.198470557284976	0.113928283563958	-0.000888285727648094	2366.384977528351	True	True
ENSG00000139793	MBNL2	10150	3.1	8298	19271	UKP08011	Tbio	Q5VZF2	72	33569	41822	ENST00000679496	5.5900e-01	[]	NA	True	4.193e-08	158	positional;eQTL;chromatin	NA	NA	NA	NA	True	False	True	continuous-20023-both_sexes--irnt	pLoF	0.121229556517797	0.764663261668344	0.00412983634335034	3.522901988475696	False	False
ENSG00000139910	NOVA1	4857	7.1	13639	19271	UKP02182	Tbio	P51513	96	35285	41822	ENST00000539517	3.7800e-01	[]	5.0434e-09	True	2.963e-09	160	positional;eQTL;chromatin	9.58e-09	rs1245214	2.963e-09	rs178165	True	False	True	continuous-20016-both_sexes--irnt	pLoF|missense|LC	0.0564584787053072	0.0392837432685651	-0.00454211647696108	143.36617994205844	True	True
ENSG00000139970	RTN1	6252	3.6	9147	19271	UKP06339	Tbio	Q16799	106	35840	41822	ENST00000267484	6.2100e-01	[]	6.1999e-11	NA	NA	NA	NA	NA	NA	NA	NA	True	False	True	continuous-20018-both_sexes--	pLoF	0.0583311902840132	0.0333281866347477	-0.0214627643806857	3.1521045301682853	False	False
ENSG00000140015	KCNH5	27133	4.7	10753	19271	UKP06924	Tclin	Q8NCM2	42	30309	41822	ENST00000322893	5.5500e-01	[]	8.536e-07	NA	NA	NA	NA	NA	NA	NA	NA	True	False	True	continuous-20016-both_sexes--irnt	pLoF|missense|LC	6.71129175534579e-05	8.40476694146108e-05	-0.00414471617643448	47167.812430459875	True	True
ENSG00000140280	LYSMD2	256586	0.0	1	19271	UKP04804	Tdark	Q8IV50	6	21385	41822	ENST00000267838	8.9800e-01	[]	NA	True	4.681e-11	172	chromatin	NA	NA	NA	NA	True	False	True	continuous-20023-both_sexes--irnt	pLoF	0.0548293843307367	0.0798826938480475	0.00992138761694966	20.87277209346175	False	False
ENSG00000140320	BAHD1	22893	4.4	10330	19271	UKP07468	Tbio	Q8TBE0	37	29593	41822	ENST00000416165	4.4700e-01	[]	NA	True	1.118e-08	170	eQTL;chromatin	NA	NA	NA	NA	True	False	True	continuous-20016-both_sexes--irnt	pLoF|missense|LC	0.138692780792353	0.0728479272891228	0.00189906482826044	63721.04177198726	True	True
ENSG00000140323	DISP2	85455	1.1	4265	19271	UKP07015	Tbio	A7MBM2	13	24254	41822	ENST00000267889	8.1300e-01	[]	NA	True	1.118e-08	170	positional;eQTL;chromatin	4.31e-08	rs12913300	NA	NA	True	False	True	continuous-20016-both_sexes--irnt	missense|LC	0.00662166655711816	0.0521604652852137	0.00104236960618838	164486.6900168101	True	True
ENSG00000140396	NCOA2	10499	14.5	17382	19271	UKP06423	Tbio	Q15596	552	40861	41822	ENST00000452400	2.1100e-01	[]	2.583e-06	NA	NA	NA	NA	NA	NA	NA	NA	True	False	True	continuous-20023-both_sexes--irnt	pLoF	0.0123732725659795	0.0381088978091777	0.015871114867067	10.929293348439412	False	False
ENSG00000140538	NTRK3	4916	14.2	17296	19271	UKP06116	Tclin	Q16288	289	39697	41822	ENST00000394480	3.4700e-01	[]	3.9848e-08	True	1.146e-09	175	positional	NA	NA	1.146e-09	rs1369429	True	False	True	continuous-20023-both_sexes--irnt	pLoF|missense|LC	0.0223151306779237	0.0120634772557248	0.00278257093115887	553.8170006915086	True	True
ENSG00000140598	EFL1	79631	4.7	10753	19271	UKP02637	Tbio	Q7Z2Z2	47	30978	41822	ENST00000268206	7.1800e-01	[]	4.1291e-11	True	5.777e-10	174	positional;eQTL	7.94e-11	rs12439619	5.777e-10	rs8025964	True	False	True	continuous-20018-both_sexes--	missense|LC	0.0121976126345846	0.00972834306917569	-0.00059329851052768	122872.447211514	True	True
ENSG00000140829	DHX38	9785	6.2	12686	19271	UKP00342	Tbio	Q92620	135	36989	41822	ENST00000268482	7.5200e-01	[]	NA	True	8.585e-07	190	eQTL	NA	NA	NA	NA	True	False	True	continuous-20016-both_sexes--irnt	pLoF	0.00658647206992136	0.146996758557317	-0.00660235635735169	38.181626782896195	False	False
ENSG00000140832	MARVELD3	91862	6.4	12917	19271	UKP10236	Tbio	Q96A59	21	26491	41822	ENST00000268485	1.2940e+00	[]	1.3339e-07	True	1.783e-09	190	eQTL	NA	NA	NA	NA	True	False	True	continuous-20191-both_sexes--irnt	pLoF	0.0953033355059251	0.0529675529693608	-0.0124286896724011	13.671744012602884	False	False
ENSG00000141086	CTRL	1506	2.8	7695	19271	UKP08793	Tchem	P40313	24	27198	41822	ENST00000574481	1.3720e+00	[]	NA	True	3.517e-08	188	eQTL	NA	NA	NA	NA	True	False	True	continuous-20016-both_sexes--irnt	missense|LC	0.0530351916744374	0.365157937628024	0.00136220772833512	23010.058908416675	True	True
ENSG00000141096	DPEP3	64180	1.8	5759	19271	UKP06409	Tbio	Q9H4B8	17	25457	41822	ENST00000268793	1.0970e+00	[]	NA	True	1.784e-07	188	eQTL	NA	NA	NA	NA	True	False	True	continuous-20191-both_sexes--irnt	missense|LC	0.0899639556841073	0.0507472348326384	0.00165321346067545	2593.7898662194507	True	True
ENSG00000141098	GFOD2	81577	0.5	1903	19271	UKP08068	Tdark	Q3B7J2	19	25988	41822	ENST00000268797	6.1300e-01	[]	NA	True	3.517e-08	188	eQTL	NA	NA	NA	NA	True	False	True	continuous-20191-both_sexes--irnt	missense|LC	0.0183828437784699	0.0140026839430112	-0.00374275803703468	369.155247147542	True	True
ENSG00000141140	NA	NA	NA	NA	19271	NA	NA	NA	NA	NA	41822	NA	NA	NA	NA	True	2.376e-10	191	positional;eQTL	5.88e-10	rs11263770	2.145e-09	rs1109442	True	False	True	NA	NA	NA	NA	NA	NA	NA	NA
ENSG00000141985	SH3GL1	6455	4.6	10655	19271	UKP05637	Tbio	Q99961	143	37217	41822	ENST00000269886	6.1800e-01	[]	NA	True	5.925e-06	199	positional	NA	NA	NA	NA	True	False	True	continuous-20016-both_sexes--irnt	pLoF|missense|LC	0.165215306286649	0.0909565408625514	0.0024687911861022	2464.029406675078	True	True
ENSG00000142230	SAE1	10055	8.4	14752	19271	UKP00095	Tbio	Q9UBE0	182	38207	41822	ENST00000270225	4.9000e-01	[]	NA	True	2.751e-08	205	eQTL	NA	NA	NA	NA	True	False	True	continuous-20023-both_sexes--irnt	missense|LC	0.11770279145957	0.0629110649491582	0.00199434920273523	851.5920407850256	True	True
ENSG00000142910	TINAGL1	64129	3.7	9268	19271	UKP02041	Tbio	Q9GZM7	49	31217	41822	ENST00000271064	7.9400e-01	[]	1.9854e-06	NA	NA	NA	NA	NA	NA	NA	NA	True	False	True	continuous-20016-both_sexes--irnt	missense|LC	0.357626345456452	0.210973545777062	0.00143822335300226	2397.908082295924	True	True
ENSG00000142949	PTPRF	5792	11.9	16616	19271	UKP06096	Tchem	P10586	170	37928	41822	ENST00000359947	3.4800e-01	[]	4.4671e-09	True	3.079e-09	4	positional;eQTL	7.67e-10	rs11210871	3.079e-09	rs11210871	True	False	True	continuous-20191-both_sexes--irnt	pLoF|missense|LC	0.00976568938744626	0.00481000367923801	0.00183202517199815	1771.0449459251558	True	True
ENSG00000143028	SYPL2	284612	0.5	1903	19271	UKP07847	Tdark	Q5VXT5	18	25715	41822	ENST00000369872	1.1380e+00	[]	7.708e-11	True	1.572e-10	12	positional;eQTL;chromatin	8.48e-13	rs10857786	4.203e-10	rs1368988	True	False	True	continuous-20023-both_sexes--irnt	pLoF	0.057982134946617	0.0339361395795416	0.00951523963474328	18.876246142482067	False	False
ENSG00000143106	PSMA5	5686	18.1	18029	19271	UKP01465	Tbio	P28066	292	39712	41822	ENST00000271308	3.1900e-01	[]	3.5379e-12	True	1.572e-10	12	positional;chromatin	1.11e-12	rs2303875	4.763e-10	rs2303875	True	False	True	continuous-20018-both_sexes--	pLoF	0.000544307932750601	NA	NA	0.4979266239125213	False	False
ENSG00000143126	CELSR2	1952	5.8	12204	19271	UKP06342	Tbio	Q9HCU4	92	35049	41822	ENST00000271332	3.9600e-01	[]	NA	True	4.376e-09	12	eQTL	NA	NA	NA	NA	True	False	True	continuous-20023-both_sexes--irnt	pLoF|missense|LC	0.0406405707936531	0.0202971920021495	0.000427599129605351	363190.4857683623	True	True
ENSG00000143515	ATP8B2	57198	4.1	9897	19271	UKP00093	Tbio	P98198	32	28771	41822	ENST00000368489	6.2400e-01	[]	NA	True	2.305e-06	13	eQTL	NA	NA	NA	NA	True	False	True	continuous-20191-both_sexes--irnt	pLoF|missense|LC	0.090048359726752	0.471657351547081	0.000566198540093216	1009.6268121420204	True	True
ENSG00000143543	JTB	10899	3.7	9268	19271	UKP09063	Tbio	O76095	54	31817	41822	ENST00000271843	8.2200e-01	[]	NA	True	1.29e-07	13	positional;chromatin	NA	NA	NA	NA	True	False	True	continuous-20016-both_sexes--irnt	missense|LC	0.034931348009717	0.023606672379801	-0.00418235744177661	478.8414145922019	True	False
ENSG00000143545	RAB13	5872	13.6	17161	19271	UKP02608	Tbio	P51153	145	37283	41822	ENST00000368575	7.7200e-01	[]	NA	True	1.29e-07	13	eQTL;chromatin	NA	NA	NA	NA	True	False	True	continuous-20023-both_sexes--irnt	pLoF	0.0837171782591525	0.238588298628753	-0.00588695766442952	NA	False	False
ENSG00000143549	TPM3	7170	1.5	4687	19271	UKP07692	Tbio	P06753	428	40513	41822	ENST00000651641	5.1100e-01	[]	NA	True	3.533e-08	13	eQTL	NA	NA	NA	NA	True	False	True	continuous-20191-both_sexes--irnt	missense|LC	0.00358808276553646	0.126350820826791	-0.00760335680799473	84.97523436440528	True	True
ENSG00000143552	NUP210L	91181	0.0	1	19271	UKP04905	Tdark	Q5VU65	10	23239	41822	ENST00000368559	4.2100e-01	[]	2.6271e-08	True	3.662e-09	13	positional;eQTL	3.32e-08	rs11264871	NA	NA	True	False	True	continuous-20016-both_sexes--irnt	pLoF	0.0898756601840324	0.0607640470606693	-0.0152476212695351	10.89473751594159	False	False
ENSG00000143554	SLC27A3	11000	4.2	10017	19271	UKP06532	Tbio	Q5K4L6	46	30867	41822	ENST00000624995	1.3650e+00	[]	NA	True	9.861e-09	13	eQTL	NA	NA	NA	NA	True	False	True	continuous-20018-both_sexes--	missense|LC	0.00881312213902352	0.224191709868164	-0.000370173816034126	7605.806256272259	True	True
ENSG00000143570	SLC39A1	27173	7.0	13559	19271	UKP01185	Tbio	Q9NY26	96	35285	41822	ENST00000356205	1.2140e+00	[]	2.0361e-09	True	3.662e-09	13	positional;eQTL;chromatin	3.17e-09	rs3791187	3.533e-08	rs3791187	True	False	True	continuous-20016-both_sexes--irnt	pLoF	0.0155118008656455	0.00857229308027008	0.0171696174441063	14.947519697128893	False	False
ENSG00000143575	HAX1	10456	13.0	16985	19271	UKP10017	Tbio	O00165	354	40167	41822	ENST00000328703	1.1320e+00	[]	NA	True	1.792e-06	13	eQTL	NA	NA	NA	NA	True	False	True	continuous-20191-both_sexes--irnt	pLoF	0.0578197043787474	0.0425979431282586	0.00598537659183369	93.8650828815759	True	True
ENSG00000143578	CREB3L4	148327	3.6	9147	19271	UKP10074	Tbio	Q8TEY5	36	29436	41822	ENST00000368607	9.8400e-01	[]	1.654e-07	True	3.662e-09	13	positional;eQTL;chromatin	NA	NA	NA	NA	True	False	True	continuous-20023-both_sexes--irnt	pLoF	0.412378717268419	0.2705114979849	0.0030825302030347	31.29735013362217	False	False
ENSG00000143612	LTAP1	25912	1.3	4364	19271	UKP08946	Tbio	Q9BWL3	42	30309	41822	ENST00000368521	9.4800e-01	[]	NA	True	2.595e-07	13	eQTL	NA	NA	NA	NA	True	False	True	continuous-20018-both_sexes--	pLoF	0.116000124678834	0.0686920368475954	-0.00580893540755147	17.932022798367985	False	False
ENSG00000143614	GATAD2B	57459	5.7	12090	19271	UKP08598	Tchem	Q8WXI9	186	38294	41822	ENST00000368655	2.3600e-01	[]	3.524e-10	True	3.662e-09	13	positional;chromatin	3.73e-11	rs112780312	3.662e-09	rs112780312	True	False	True	continuous-20018-both_sexes--	missense|LC	0.197336637020159	0.134958785688476	-0.000692743914047623	1277.7625359391386	True	True
ENSG00000143624	INTS3	65123	8.4	14752	19271	UKP04439	Tbio	Q68E01	103	35685	41822	ENST00000318967	3.4200e-01	[]	NA	True	2.742e-08	13	eQTL	NA	NA	NA	NA	True	False	True	continuous-20016-both_sexes--irnt	pLoF	0.242332805733863	0.147320661646735	-0.0174440650836636	8.132885880438616	False	False
ENSG00000143919	CAMKMT	79823	4.0	9765	19271	UKP04827	Tbio	Q7Z624	25	27397	41822	ENST00000378494	1.6430e+00	[]	7.9896e-09	NA	NA	NA	NA	NA	NA	NA	NA	True	False	True	continuous-20016-both_sexes--irnt	missense|LC	0.0118495908019458	0.00649448245642015	0.00404894881017582	413.73978482038706	True	True
ENSG00000143951	WDPCP	51057	8.8	15033	19271	UKP06749	Tbio	O95876	21	26491	41822	ENST00000272321	9.3900e-01	[]	NA	True	1.825e-08	24	positional;eQTL	NA	NA	NA	NA	True	False	True	continuous-20023-both_sexes--irnt	missense|LC	0.0171024915439851	0.0100405303951934	-0.000888728893308183	37130.332450721384	True	True
ENSG00000143952	VPS54	51542	3.7	9268	19271	UKP00523	Tbio	Q9P1Q0	46	30867	41822	ENST00000272322	4.6500e-01	[]	6.2362e-07	True	5.714e-07	24	positional;eQTL;chromatin	NA	NA	NA	NA	True	False	True	continuous-20191-both_sexes--irnt	pLoF	0.102295406150934	0.055791925097083	-0.0134534832791491	11.93649294988943	False	False
ENSG00000144034	TPRKB	51002	2.7	7600	19271	UKP05489	Tchem	Q9Y3C4	32	28771	41822	ENST00000272424	9.4000e-01	[]	NA	True	2.254e-09	26	eQTL	NA	NA	NA	NA	True	False	True	continuous-20018-both_sexes--	missense|LC	0.0340498832748426	0.0182722515190772	-0.0041329591526646	134.39607472799415	False	False
ENSG00000144035	NAT8	9027	5.5	11839	19271	UKP07557	Tbio	Q9UHE5	39	29901	41822	ENST00000272425	1.8880e+00	[]	NA	True	2.254e-09	26	positional;eQTL	NA	NA	NA	NA	True	False	True	continuous-20023-both_sexes--irnt	missense|LC	0.102523973667006	0.253340809191931	0.000360412367478601	97896.84862088498	True	True
ENSG00000144048	DUSP11	8446	7.7	14204	19271	UKP02838	Tbio	O75319	50	31335	41822	ENST00000272444	1.2860e+00	[]	1.9788e-06	NA	NA	NA	NA	NA	NA	NA	NA	True	False	True	continuous-20016-both_sexes--irnt	pLoF|missense|LC	0.0321443109299361	0.285310666426384	-0.00179061313056484	84783.65268422411	True	False
ENSG00000144218	AFF3	3899	3.6	9147	19271	UKP07627	Tbio	P51826	72	33569	41822	ENST00000672756	3.1800e-01	[]	1.8223e-09	True	9.954e-16	28	positional;eQTL	2.21e-10	rs34795510	3.685e-11	rs13011181	True	False	True	continuous-20018-both_sexes--	missense|LC	0.136281376024703	0.0750993194342148	-0.000795487946954097	28810.980801194495	True	True
ENSG00000144229	THSD7B	80731	0.5	1903	19271	UKP07205	Tdark	Q9C0I4	18	25715	41822	ENST00000409968	7.6300e-01	[]	NA	True	1.737e-08	30	positional;eQTL	1.87e-08	rs13022485	1.737e-08	rs2558096	True	False	True	continuous-20023-both_sexes--irnt	pLoF	0.205304598952229	NA	NA	0.4966480178097006	False	False
ENSG00000144290	SLC4A10	57282	7.3	13831	19271	UKP00857	Tbio	Q6U841	26	27606	41822	ENST00000446997	4.0300e-01	[]	NA	True	5.634e-14	36	positional	9.17e-13	rs11693702	5.634e-14	rs4500960	True	False	True	continuous-20016-both_sexes--irnt	pLoF|missense|LC	0.196472260325415	0.207849761071749	0.00148790500265572	565.5573426457404	True	True
ENSG00000144460	NYAP2	57624	2.0	6082	19271	UKP09236	Tdark	Q9P242	17	25457	41822	ENST00000636099	6.9700e-01	[]	2.886e-07	NA	NA	NA	NA	NA	NA	NA	NA	True	False	True	continuous-20018-both_sexes--	pLoF	0.390196743782131	0.260002829816497	0.00656084963146017	5.4754863586498335	False	False
ENSG00000144524	COPS7B	64708	1.4	4622	19271	UKP01573	Tbio	Q9H9Q2	103	35685	41822	ENST00000350033	5.1700e-01	[]	NA	True	1.094e-08	46	eQTL	NA	NA	NA	NA	True	False	True	continuous-20018-both_sexes--	pLoF	0.0313802013498726	0.0177187472115021	-0.0180819248413772	5.309194815719547	False	False
ENSG00000144821	MYH15	22989	1.0	3282	19271	UKP06093	Tbio	Q9Y2K3	30	28384	41822	ENST00000693548	1.0200e+00	[]	NA	True	2.994e-08	57	positional;eQTL	3.14e-08	rs3860537	2.994e-08	rs3860537	True	False	True	continuous-20016-both_sexes--irnt	missense|LC	0.0128976608460151	0.00639445114722115	-0.00130992304274549	181510.0800451987	True	True
ENSG00000145012	LPP	4026	0.5	1903	19271	UKP08192	Tbio	Q93052	172	37969	41822	ENST00000617246	7.6500e-01	[]	1.5221e-08	NA	NA	NA	NA	NA	NA	NA	NA	True	False	True	continuous-20191-both_sexes--irnt	pLoF|missense|LC	0.0704097137776951	0.959114030957955	2.42854930005348e-05	2396.5338273618395	True	True
ENSG00000145020	AMT	275	4.3	10201	19271	UKP02367	Tbio	P48728	42	30309	41822	ENST00000273588	8.0500e-01	[]	1.83e-16	True	3.691e-29	50	positional;eQTL;chromatin	2.26e-23	rs9859556	1.477e-27	rs9859556	True	False	True	continuous-20023-both_sexes--irnt	missense|LC	0.0170564783664874	0.705341316376721	0.000153474832993047	5226.1188968849665	True	True
ENSG00000145022	TCTA	6988	2.1	6380	19271	UKP07564	Tbio	P57738	18	25715	41822	ENST00000273590	1.4390e+00	[]	2.4548e-16	True	4.413e-27	50	positional;eQTL;chromatin	3.87e-23	rs6997	4.413e-27	rs6997	True	False	True	continuous-20018-both_sexes--	pLoF	0.0761826046230364	0.0687158210068313	-0.0149883763381589	1.9907844606165281	False	False
ENSG00000145029	NICN1	84276	0.0	1	19271	UKP09755	Tbio	Q9BSH3	18	25715	41822	ENST00000273598	1.0340e+00	[]	1.935e-17	True	1.2e-27	50	positional;eQTL;chromatin	4.27e-23	rs6446272	5.598e-27	rs6446272	True	False	True	continuous-20023-both_sexes--irnt	pLoF	0.116012597947486	0.0740269205389243	0.00957127900646331	0.497249995562464	False	False
ENSG00000145191	EIF2B5	8893	16.7	17821	19271	UKP01985	Tchem	Q13144	142	37187	41822	ENST00000648915	5.4400e-01	[]	NA	NA	NA	NA	NA	3.87e-09	rs73189617	NA	NA	True	False	True	continuous-20191-both_sexes--irnt	pLoF	0.000282408430842707	0.000131575732886802	-0.0347152785047967	12.905336760061477	False	False
ENSG00000145214	DGKQ	1609	27.0	18747	19271	UKP00319	Tbio	P52824	41	30167	41822	ENST00000273814	1.2940e+00	"[""outlier_syn""]"	NA	True	5.951e-09	61	eQTL	NA	NA	NA	NA	True	False	True	continuous-20016-both_sexes--irnt	pLoF|missense|LC	0.0680643257861795	0.0355025762956198	-0.00134086687755785	15023.125520201744	True	True
ENSG00000145242	EPHA5	2044	8.0	14457	19271	UKP06298	Tchem	P54756	83	34451	41822	ENST00000613740	7.1100e-01	[]	5.5926e-07	NA	NA	NA	NA	NA	NA	NA	NA	True	False	True	continuous-20018-both_sexes--	pLoF|missense|LC	0.00644620017525788	0.00314213246306227	0.00161488642672437	4748.8547388264415	True	True
ENSG00000145362	ANK2	287	34.6	19015	19271	UKP05608	Tbio	Q01484	197	38507	41822	ENST00000357077	2.7100e-01	[]	6.3601e-07	NA	NA	NA	NA	NA	NA	NA	NA	True	False	True	continuous-20018-both_sexes--	pLoF	0.000838175041185774	0.00234191526102245	-0.0108519057209268	14.28819953670992	False	False
ENSG00000145632	PLK2	10769	16.4	17788	19271	UKP06280	Tchem	Q9NYY3	163	37772	41822	ENST00000274289	4.7100e-01	[]	NA	True	2.033e-08	78	positional;eQTL;chromatin	NA	NA	NA	NA	True	False	True	continuous-20016-both_sexes--irnt	pLoF	0.21383691321487	0.125576754601906	-0.0220478188551252	3.7643140362064065	False	False
ENSG00000145723	GIN1	54826	0.0	1	19271	UKP04166	Tbio	Q9NXP7	16	25187	41822	ENST00000399004	1.0860e+00	[]	NA	True	3.485e-08	86	positional;chromatin	2.65e-09	rs115505614	NA	NA	True	False	True	continuous-20023-both_sexes--irnt	pLoF	0.00684837267868599	0.00362256427693874	0.0118697808354517	39.84969781262268	False	False
ENSG00000145725	PPIP5K2	23262	8.6	14895	19271	UKP01737	Tchem	O43314	59	32350	41822	ENST00000358359	9.7300e-01	[]	NA	True	8.839e-09	86	positional;eQTL;chromatin	3.46e-09	rs115246607	3.106e-08	rs74643044	True	False	True	continuous-20018-both_sexes--	pLoF|missense|LC	0.0236531324556302	0.0124400613109182	-0.00119376824914527	15273.175819871578	True	True
ENSG00000145730	PAM	5066	7.5	14017	19271	UKP06466	Tchem	P19021	82	34376	41822	ENST00000438793	8.6300e-01	[]	NA	True	3.286e-08	86	positional;eQTL;chromatin	1.48e-09	rs35658696	3.286e-08	rs35658696	True	False	True	continuous-20023-both_sexes--irnt	pLoF|missense|LC	0.0946907868565278	0.0530862052343144	0.00127672968773121	19739.897446808063	True	True
ENSG00000145743	FBXL17	64839	7.5	14017	19271	UKP01249	Tbio	Q9UF56	42	30309	41822	ENST00000542267	6.7800e-01	"[""outlier_syn""]"	5.071e-08	True	2.493e-08	87:88	positional;eQTL;chromatin	NA	NA	2.493e-08	rs10477894	True	False	True	continuous-20023-both_sexes--irnt	pLoF	0.00935996781223103	0.327224146464896	0.0179481901939147	1.9872087908336156	False	False
ENSG00000145996	CDKAL1	54901	1.0	3282	19271	UKP02881	Tbio	Q5VV42	351	40134	41822	ENST00000274695	6.4300e-01	[]	1.0179e-07	True	4.202e-09	99	positional	NA	NA	4.202e-09	rs6456379	True	False	True	continuous-20191-both_sexes--irnt	missense|LC	0.00582602241907249	0.0195346281331442	0.00238396365416189	5694.314312505262	True	True
ENSG00000146007	ZMAT2	153527	1.3	4364	19271	UKP02047	Tbio	Q96NC0	60	32462	41822	ENST00000274712	3.7200e-01	[]	1.5881e-10	True	2.078e-10	91	positional;eQTL	1.25e-08	rs2563302	3.405e-10	rs2563302	True	False	True	continuous-20023-both_sexes--irnt	missense|LC	0.00181486423149413	0.00100707572070746	-0.00737847739426375	117.12053182722548	True	True
ENSG00000146039	SLC17A4	10050	6.9	13452	19271	UKP01464	Tbio	Q9Y2C5	15	24874	41822	ENST00000377905	8.1100e-01	[]	NA	NA	NA	NA	NA	1.98e-12	rs1892250	NA	NA	True	False	True	continuous-20018-both_sexes--	missense|LC	0.195381664689631	0.119825538267008	-0.000872763763296444	54737.67337713532	True	True
ENSG00000146067	FAM193B	54540	0.0	1	19271	UKP09103	Tdark	Q96PV7	35	29252	41822	ENST00000514747	6.6900e-01	[]	NA	True	1.731e-11	95	eQTL	NA	NA	NA	NA	True	False	True	continuous-20191-both_sexes--irnt	missense|LC	0.0487322577992287	0.027632719886156	0.00169578678951772	103844.18640563465	True	False
ENSG00000146109	ABT1	29777	4.8	10931	19271	UKP01345	Tbio	Q9ULW3	65	32962	41822	ENST00000274849	1.2000e+00	[]	NA	True	4.671e-08	101	positional;eQTL;chromatin	6.67e-19	rs45527431	NA	NA	True	False	True	continuous-20016-both_sexes--irnt	pLoF|missense|LC	0.0633205619457533	0.726048036881188	0.000614410368923183	233.31165684195102	False	False
ENSG00000146676	PURB	5814	7.1	13639	19271	UKP01430	Tchem	Q96QR8	112	36132	41822	ENST00000395699	1.2230e+00	[]	NA	True	3.711e-06	112	positional;chromatin	NA	NA	NA	NA	True	False	True	continuous-20016-both_sexes--irnt	pLoF|missense|LC	0.13239834906358	0.822035353354575	0.000596457535967187	98.70226247912359	True	True
ENSG00000146872	TLK2	11011	11.7	16536	19271	UKP02428	Tchem	Q86UE8	79	34148	41822	ENST00000346027	1.0300e-01	[]	5.4962e-08	NA	NA	NA	NA	NA	NA	NA	NA	True	False	True	continuous-20016-both_sexes--irnt	missense|LC	0.171551223771848	0.0917127578410473	-0.00477792291258516	214.15161608330965	False	True
ENSG00000147789	ZNF7	7553	2.4	6954	19271	UKP07634	Tbio	P17097	28	28005	41822	ENST00000532777	1.4010e+00	[]	NA	True	3.63e-09	127	eQTL	NA	NA	NA	NA	True	False	True	continuous-20018-both_sexes--	missense|LC	0.00957115488484239	0.763265365518506	-0.000178196007229265	54156.289480061845	True	True
ENSG00000147799	ARHGAP39	80728	3.9	9571	19271	UKP07757	Tbio	Q9C0H5	37	29593	41822	ENST00000377307	6.5800e-01	[]	NA	True	2.887e-09	127	positional;eQTL	NA	NA	8.235e-09	rs10110962	True	False	True	continuous-20016-both_sexes--irnt	pLoF|missense|LC	0.00940938918932899	0.00546293958749988	-0.00145982204843666	12223.043878657478	True	True
ENSG00000148341	SH3GLB2	56904	2.8	7695	19271	UKP05637	Tbio	Q9NR46	75	33835	41822	ENST00000372564	7.8600e-01	[]	NA	True	4.168e-10	132	eQTL	NA	NA	NA	NA	True	False	True	continuous-20016-both_sexes--irnt	missense|LC	0.0334232293706614	0.019550879899253	-0.00184181957679411	1662.3892494521058	False	True
ENSG00000148343	MIGA2	84895	3.7	9268	19271	UKP07117	Tbio	Q7L4E1	23	26957	41822	ENST00000684074	6.9600e-01	[]	NA	True	7.465e-10	132	eQTL	NA	NA	NA	NA	True	False	True	continuous-20016-both_sexes--irnt	pLoF	0.182146927263774	0.10646898865562	-0.0118405202179163	11.217332390828993	False	False
ENSG00000148572	NRBF2	29982	1.3	4364	19271	UKP09719	Tbio	Q96F24	63	32750	41822	ENST00000277746	7.3600e-01	[]	6.3332e-07	True	2.695e-10	135	positional;eQTL;chromatin	NA	NA	NA	NA	True	False	True	continuous-20016-both_sexes--irnt	missense|LC	0.0234859654729214	0.0666315908245204	-0.00188713540499457	936.7490197080286	True	True
ENSG00000148840	PPRC1	23082	2.0	6082	19271	UKP06487	Tbio	Q5VV67	45	30722	41822	ENST00000278070	2.4800e-01	[]	NA	True	5.248e-13	138	chromatin	NA	NA	NA	NA	True	False	True	continuous-20191-both_sexes--irnt	pLoF|missense|LC	0.0239044073699526	0.0118325331470328	0.00116692759287134	13242.838606551803	True	True
ENSG00000149091	DGKZ	8525	13.6	17161	19271	UKP00319	Tchem	Q13574	112	36132	41822	ENST00000527911	4.5100e-01	[]	9.458e-07	NA	NA	NA	NA	NA	NA	NA	NA	True	False	True	continuous-20016-both_sexes--irnt	missense|LC	0.0258448826436628	0.013473942513387	-0.00104458532482206	45485.3609457379	True	True
ENSG00000149131	SERPING1	710	3.0	8111	19271	UKP06008	Tbio	P05155	599	40959	41822	ENST00000278407	2.7800e-01	[]	1.4546e-07	NA	NA	NA	NA	NA	NA	NA	NA	True	False	True	continuous-20018-both_sexes--	pLoF	0.000323823988390974	NA	NA	0.8295917452756548	False	False
ENSG00000149177	PTPRJ	5795	32.6	18973	19271	UKP06096	Tbio	Q12913	190	38376	41822	ENST00000418331	1.0430e+00	[]	NA	True	4.677e-08	142	eQTL	NA	NA	NA	NA	True	False	True	continuous-20018-both_sexes--	missense|LC	0.520929918722564	0.363852099435069	-0.000868231052021347	119014.94243637694	False	False
ENSG00000149187	CELF1	10658	18.0	18016	19271	UKP02524	Tbio	Q92879	226	38968	41822	ENST00000687097	2.4700e-01	[]	NA	True	2.681e-08	142	positional;chromatin	3.39e-10	rs34958982	2.681e-08	rs12798346	True	False	True	continuous-20191-both_sexes--irnt	pLoF|missense|LC	0.0769837554905407	0.065438289047395	0.00548285309740049	77.61600348730553	False	False
ENSG00000149256	TENM4	26011	6.9	13452	19271	UKP06348	Tbio	Q6N022	38	29747	41822	ENST00000278550	4.1600e-01	[]	5.4537e-11	True	1.556e-08	144	eQTL	NA	NA	NA	NA	True	False	True	continuous-20016-both_sexes--irnt	missense|LC	0.0513308871714452	0.0290615505467171	-0.000766028446858491	16854.971419078945	True	True
ENSG00000149294	NCAM1	4684	2.1	6380	19271	UKP07038	Tbio	P13591	1070	41402	41822	ENST00000316851	2.1700e-01	[]	3.721e-09	True	4.579e-08	147	positional;eQTL	NA	NA	4.579e-08	rs2885208	True	False	True	continuous-20018-both_sexes--	missense|LC	0.337652190473016	0.244390198396506	-0.00302132956868086	6377.511021887832	False	False
ENSG00000149646	CNBD2	140894	1.0	3282	19271	UKP09244	Tdark	Q96M20	5	20644	41822	ENST00000373973	1.1730e+00	[]	2.4297e-07	True	5.304e-07	207	positional	NA	NA	NA	NA	True	False	True	continuous-20023-both_sexes--irnt	missense|LC	0.15342639529486	0.31524764814952	0.000746731269766109	97887.20293168646	True	True
ENSG00000150394	CDH8	1006	4.9	11073	19271	UKP06125	Tbio	P55286	35	29252	41822	ENST00000577390	3.6900e-01	[]	NA	True	8.648e-09	187	positional	3.31e-10	rs7201179	8.648e-09	rs4132863	True	False	True	continuous-20191-both_sexes--irnt	pLoF|missense|LC	0.00203544509458409	0.116070861827077	-0.00143132890861356	989.4767159217062	True	True
ENSG00000150456	EEF1AKMT1	221143	4.7	10753	19271	UKP00210	Tbio	Q8WVE0	20	26233	41822	ENST00000382758	1.1690e+00	[]	9.6938e-07	NA	NA	NA	NA	NA	NA	NA	NA	True	False	True	continuous-20191-both_sexes--irnt	missense|LC	0.0897201979497997	0.0530845771590105	-0.00304457648494964	325.71708697407297	True	True
ENSG00000150967	ABCB9	23457	8.2	14610	19271	UKP00081	Tbio	Q9NP78	59	32350	41822	ENST00000280560	7.9600e-01	[]	NA	True	3.095e-09	155	positional;eQTL;chromatin	NA	NA	4.077e-09	rs4275659	True	False	True	continuous-20191-both_sexes--irnt	pLoF	0.0062549689408804	0.00387954213152819	0.014035923226643	31.30440389821022	False	False
ENSG00000151090	THRB	7068	14.5	17382	19271	UKP06130	Tclin	P10828	297	39747	41822	ENST00000646209	4.3000e-01	[]	1.5118e-11	True	1.929e-13	48	positional	7.44e-11	rs1349265	1.929e-13	rs1349265	True	False	True	continuous-20023-both_sexes--irnt	missense|LC	0.0703026588405709	0.505817329641323	0.000656472387426033	1021.5691939405008	True	True
ENSG00000151320	AKAP6	9472	14.7	17436	19271	UKP07676	Tbio	Q13023	53	31698	41822	ENST00000280979	3.6700e-01	[]	NA	True	1.136e-13	163	positional	4.71e-13	rs2239647	1.136e-13	rs2239647	True	False	True	continuous-20191-both_sexes--irnt	pLoF	0.341719925794824	0.199555913997935	0.0103047731196578	12.01111397183222	False	False
ENSG00000151322	NPAS3	64067	3.0	8111	19271	UKP06300	Tbio	Q8IXF0	64	32852	41822	ENST00000356141	2.8600e-01	[]	2.843e-07	NA	NA	NA	NA	NA	NA	NA	NA	True	False	True	continuous-20023-both_sexes--irnt	missense|LC	0.00482013646856949	0.331359407301345	-0.000395783127528254	69733.88623324674	True	True
ENSG00000151490	PTPRO	5800	17.4	17934	19271	UKP06519	Tchem	Q16827	76	33921	41822	ENST00000281171	5.1300e-01	[]	4.706e-08	True	6.062e-09	150	positional	NA	NA	6.062e-09	rs55754731	True	False	True	continuous-20191-both_sexes--irnt	missense|LC	0.0305181826003911	0.0167971746805592	0.0019417990547168	5607.636775547941	True	True
ENSG00000151640	DPYSL4	10570	3.2	8468	19271	UKP02076	Tbio	O14531	50	31335	41822	ENST00000338492	8.8600e-01	[]	NA	True	7.777e-08	141	eQTL	NA	NA	NA	NA	True	False	True	continuous-20191-both_sexes--irnt	pLoF	0.0756303342017191	0.0512041395517255	-0.00617639813771315	71.5556597030681	True	True
ENSG00000151789	ZNF385D	79750	0.8	3045	19271	UKP06689	Tdark	Q9H6B1	23	26957	41822	ENST00000281523	6.1100e-01	[]	6.5915e-08	NA	NA	NA	NA	NA	NA	NA	NA	True	False	True	continuous-20016-both_sexes--irnt	pLoF	0.240619410619376	0.145282920100041	-0.0209560624558305	2.762247142486295	False	False
ENSG00000152061	RABGAP1L	9910	3.9	9571	19271	UKP05721	Tbio;Tdark	A0A804HKD7;B7ZAP0;Q5R372	54	31817	41822	ENST00000681986	5.8600e-01	[]	1.5414e-08	NA	NA	NA	NA	NA	NA	NA	NA	True	False	True	continuous-20016-both_sexes--irnt	missense|LC	0.174949820948616	0.238722587151371	0.00143614865076289	1090.9340815654941	True	True
ENSG00000152208	GRID2	2895	13.9	17231	19271	UKP00189	Tbio	O43424	43	30444	41822	ENST00000282020	3.3200e-01	[]	NA	True	2.091e-09	69	positional	NA	NA	2.091e-09	rs1972860	True	False	True	continuous-20018-both_sexes--	missense|LC	0.287260701298661	0.479652589742079	0.0017977609753942	14988.713547623021	False	True
ENSG00000152578	GRIA4	2893	7.8	14288	19271	UKP00189	Tclin	P48058	73	33659	41822	ENST00000282499	4.1200e-01	[]	5.8693e-09	True	3.267e-08	146	positional	NA	NA	3.267e-08	rs7116046	True	False	True	continuous-20018-both_sexes--	pLoF	0.362365067010233	0.216960343381859	-0.0053113968888201	13.663973844762253	False	False
ENSG00000152910	CNTNAP4	85445	2.5	7104	19271	UKP06492	Tbio	Q9C0A0	32	28771	41822	ENST00000611870	8.3100e-01	[]	NA	NA	NA	NA	NA	4.14e-08	rs8058881	NA	NA	True	False	True	continuous-20018-both_sexes--	missense|LC	0.0222249841337858	0.61382657990825	0.000172569471101557	168020.78534755882	True	True
ENSG00000153006	SREK1IP1	285672	0.0	1	19271	UKP03546	Tdark	Q8N9Q2	35	29252	41822	ENST00000513458	9.3700e-01	[]	NA	NA	NA	NA	NA	7.99e-11	rs80170948	NA	NA	True	False	True	continuous-20018-both_sexes--	missense|LC	0.0513599184674611	0.0308542129493995	0.00343730358670022	5748.61510774614	True	True
ENSG00000153064	BANK1	55024	9.0	15175	19271	UKP06683	Tbio	Q8NDB2	83	34451	41822	ENST00000322953	1.1560e+00	[]	NA	True	1.152e-18	71	positional	1.35e-16	rs13126505	1.152e-18	rs34592089	True	False	True	continuous-20191-both_sexes--irnt	missense|LC	0.179896930640345	0.0984226625371807	0.0029247540047705	177418.17065739198	True	True
ENSG00000153234	NR4A2	4929	18.3	18062	19271	UKP06115	Tchem	P43354	568	40892	41822	ENST00000339562	9.3000e-02	[]	NA	True	6.97e-09	34	eQTL	NA	NA	NA	NA	True	False	True	continuous-20016-both_sexes--irnt	missense|LC	0.0288131996311531	0.816216434349403	0.000393141472707823	264.84240523516337	True	True
ENSG00000153250	RBMS1	5937	5.3	11597	19271	UKP02524	Tbio	P29558	115	36262	41822	ENST00000348849	4.1100e-01	[]	4.0169e-07	True	1.436e-08	35	positional;eQTL;chromatin	NA	NA	1.436e-08	rs7423572	True	False	True	continuous-20016-both_sexes--irnt	missense|LC	0.192092957623274	0.462669443184538	-0.00147210190540795	440.30754425120324	True	True
ENSG00000153317	ASAP1	50807	3.6	9147	19271	UKP08066	Tbio	Q9ULH1	149	37399	41822	ENST00000518721	4.3900e-01	[]	NA	NA	NA	NA	NA	NA	NA	NA	NA	False	False	True	continuous-20018-both_sexes--	pLoF	8.14399306269644e-10	0.0199532273005796	-0.0107650105575932	6.313063049879923	False	False
ENSG00000153707	PTPRD	5789	12.7	16895	19271	UKP06096	Tbio	P23468	178	38115	41822	ENST00000381196	2.0400e-01	"[""outlier_syn""]"	3.5175e-09	NA	NA	NA	NA	NA	NA	NA	NA	True	False	True	continuous-20191-both_sexes--irnt	pLoF	0.0626851359949152	0.170384070317099	-0.0124477162312323	10.481522607316041	False	False
ENSG00000154478	GPR26	2849	2.6	7291	19271	UKP08685	Tbio	Q8NDV2	18	25715	41822	ENST00000284674	1.3000e+00	[]	2.7002e-08	True	7.329e-10	140	positional	NA	NA	7.329e-10	rs35608616	True	False	True	continuous-20023-both_sexes--irnt	pLoF	0.0657833995503435	0.274387430294856	-0.0073224765538701	14.415346550555908	False	False
ENSG00000154678	PDE1C	5137	3.9	9571	19271	UKP06245	Tclin	Q14123	53	31698	41822	ENST00000396191	8.4300e-01	[]	NA	NA	NA	NA	NA	1.44e-08	rs215603	NA	NA	True	False	True	continuous-20023-both_sexes--irnt	missense|LC	0.114497610712153	0.417256617797833	0.000289236209073231	322131.9099351467	True	True
ENSG00000154822	PLCL2	23228	4.3	10201	19271	UKP02402	Tbio	Q9UPR0	40	30023	41822	ENST00000615277	9.1000e-02	[]	NA	True	9.235e-10	47	positional	NA	NA	9.235e-10	rs73139272	True	False	True	continuous-20018-both_sexes--	pLoF	0.0223476603689099	0.163579133480599	-0.0162143163982511	1.9908063100063262	False	False
ENSG00000155093	PTPRN2	5799	3.8	9432	19271	UKP07208	Tbio	Q92932	135	36989	41822	ENST00000389418	8.1100e-01	[]	1.6446e-06	NA	NA	NA	NA	8.15e-11	rs1009950	NA	NA	True	False	True	continuous-20023-both_sexes--irnt	missense|LC	0.0089787545404173	0.00447086410743958	-0.0017222975820751	698111.3896715634	True	True
ENSG00000155530	LRGUK	136332	1.5	4687	19271	UKP02675	Tbio	Q96M69	10	23239	41822	ENST00000645682	1.1250e+00	[]	NA	True	7.799e-13	118	eQTL	NA	NA	NA	NA	True	False	True	continuous-20016-both_sexes--irnt	pLoF|missense|LC	0.234006544688278	0.548592287370993	-0.000245992490593423	29775.905951985944	True	True
ENSG00000156026	MCU	90550	18.4	18069	19271	UKP00563	Tchem	Q8NE86	128	36748	41822	ENST00000373053	4.4000e-01	[]	3.2196e-08	NA	NA	NA	NA	NA	NA	NA	NA	True	False	True	continuous-20018-both_sexes--	pLoF	0.0181444315600046	0.258757683063327	-0.0092934081766783	4.9858149346186025	False	False
ENSG00000156218	ADAMTSL3	57188	0.0	1	19271	UKP06555	Tbio	P82987	41	30167	41822	ENST00000286744	6.9200e-01	[]	NA	NA	NA	NA	NA	3.53e-08	rs11259916	NA	NA	True	False	True	continuous-20191-both_sexes--irnt	pLoF	0.0162888404641132	0.00951112501964535	-0.0111896210133163	39.37309545522221	False	False
ENSG00000156232	WHAMM	123720	9.5	15494	19271	UKP07701	Tbio	Q8TF30	33	28940	41822	ENST00000286760	1.2200e+00	[]	NA	True	2.712e-09	174	eQTL	NA	NA	NA	NA	True	False	True	continuous-20191-both_sexes--irnt	pLoF	0.124923528865956	0.973884410243133	-3.80682083705724e-05	74.01341272946249	True	True
ENSG00000156395	SORCS3	22986	2.7	7600	19271	UKP06091	Tbio	Q9UPU3	29	28182	41822	ENST00000369701	5.1500e-01	[]	3.961e-09	True	3.294e-08	139	positional	2.67e-08	rs7895991	3.294e-08	rs3896224	True	False	True	continuous-20018-both_sexes--	pLoF	1.60681063822166e-05	0.146886686849972	-0.0103324847524466	3.153794553811869	False	False
ENSG00000156983	BRPF1	7862	8.3	14683	19271	UKP02043	Tchem	P55201	66	33055	41822	ENST00000383829	2.0500e-01	[]	NA	NA	NA	NA	NA	NA	NA	NA	NA	False	False	True	continuous-20018-both_sexes--	pLoF	1.45123152839322e-06	5.4742152832965e-07	-0.058310041145849	1.9907853009085024	False	False
ENSG00000157429	ZNF19	7567	1.5	4687	19271	UKP06870	Tdark	P17023	18	25715	41822	ENST00000288177	1.3960e+00	[]	NA	True	4.213e-09	190	positional	2.74e-08	rs310333	4.213e-09	rs310333	True	False	True	continuous-20023-both_sexes--irnt	missense|LC	0.243623519049662	0.364762842703579	0.000625225303461628	276556.682354413	True	True
ENSG00000157445	CACNA2D3	55799	1.7	5664	19271	UKP07949	Tbio	Q8IZS8	43	30444	41822	ENST00000474759	4.5400e-01	[]	NA	True	1.585e-08	52	positional	NA	NA	1.585e-08	rs4485754	True	False	True	continuous-20023-both_sexes--irnt	missense|LC	0.00751554318595826	0.0634621308789276	0.000711977323795735	11917.068733439773	True	True
ENSG00000157578	LCA5L	150082	0.5	1903	19271	UKP07801	Tdark	O95447	25	27397	41822	ENST00000288350	1.1010e+00	[]	NA	True	1.439e-11	209	eQTL	NA	NA	NA	NA	True	False	True	continuous-20023-both_sexes--irnt	missense|LC	0.238940432879218	0.140379219083723	0.0004856315530837	135067.40961180217	True	True
ENSG00000157985	AGAP1	116987	1.8	5759	19271	UKP07121	Tbio	Q9UPQ3	65	32962	41822	ENST00000304032	3.6600e-01	[]	6.1817e-14	NA	NA	NA	NA	NA	NA	NA	NA	True	False	True	continuous-20016-both_sexes--irnt	missense|LC	0.173267025819725	0.0971358523876498	-0.00178062311423574	69436.53261514263	True	True
ENSG00000158092	NCK1	4690	24.7	18622	19271	UKP07275	Tbio	P16333	272	39535	41822	ENST00000481752	7.2000e-01	[]	NA	True	4.337e-07	58	positional	NA	NA	NA	NA	True	False	True	continuous-20191-both_sexes--irnt	pLoF	0.165415687900929	0.102530296975075	-0.0256792260057364	1.788846564908107	False	False
ENSG00000158186	MRAS	22808	7.2	13747	19271	UKP06302	Tbio	O14807	80	34209	41822	ENST00000423968	4.4400e-01	[]	2.6268e-06	NA	NA	NA	NA	NA	NA	NA	NA	True	False	True	continuous-20018-both_sexes--	missense|LC	0.1574204882076	0.0892343794691366	-0.00287201168135804	78.72876581015947	True	True
ENSG00000158258	CLSTN2	64084	2.0	6082	19271	UKP06387	Tbio	Q9H4D0	37	29593	41822	ENST00000458420	5.7800e-01	[]	NA	True	7.319e-10	59	positional	2.93e-08	rs34903090	7.319e-10	rs59142272	True	False	True	continuous-20023-both_sexes--irnt	missense|LC	0.0428490039988509	0.378375378592139	0.00203934585347971	268021.655231173	False	False
ENSG00000158321	AUTS2	26053	5.8	12204	19271	UKP09062	Tbio	Q8WXX7	92	35049	41822	ENST00000342771	2.3200e-01	[]	8.2824e-18	True	2.335e-10	113	positional;eQTL	6.18e-12	rs3113262	2.335e-10	rs13223152	True	False	True	continuous-20018-both_sexes--	missense|LC	0.133329182552933	0.504864017848118	-0.000363445004842185	11859.157439708411	True	True
ENSG00000158373	H2BC5	3017	3.0	8111	19271	UKP02347	Tbio	P58876	103	35685	41822	ENST00000377777	1.9300e+00	[]	NA	True	1.861e-07	101	eQTL	3.01e-13	rs1417998	NA	NA	True	False	True	continuous-20191-both_sexes--irnt	missense|LC	0.0936950597370401	0.0502588377005055	-0.00638423196075507	131.451239892168	False	False
ENSG00000158406	H4C8	8365	NA	NA	19271	NA	NA	NA	140	37128	41822	ENST00000377727	1.9570e+00	[]	NA	True	4.671e-08	101	eQTL	NA	NA	NA	NA	True	False	True	continuous-20191-both_sexes--irnt	pLoF	0.0325016531159864	0.0207694740597034	0.0104550165970763	37.69303821011652	False	False
ENSG00000158445	KCNB1	3745	14.8	17461	19271	UKP06429	Tclin	Q14721	185	38267	41822	ENST00000371741	3.0900e-01	[]	NA	True	6.233e-16	208	eQTL	4.7e-08	rs4810951	NA	NA	True	False	True	continuous-20023-both_sexes--irnt	pLoF	0.0396553378809036	0.0255614073990191	0.0188049486953411	8.93986055180411	False	False
ENSG00000158553	POM121L2	94026	2.0	6082	19271	UKP06361	Tdark	Q96KW2	3	18154	41822	ENST00000444565	1.7870e+00	[]	NA	True	2.574e-06	101	positional;chromatin	1.46e-17	rs56114371	NA	NA	True	False	True	continuous-20016-both_sexes--irnt	missense|LC	0.204112908814432	0.117617524725564	0.000818661351450482	229315.12043465424	True	True
ENSG00000158604	TMED4	222068	2.0	6082	19271	UKP00864	Tbio	Q7Z7H5	59	32350	41822	ENST00000457408	1.2940e+00	[]	NA	True	2.481e-11	112	eQTL	NA	NA	NA	NA	True	False	True	continuous-20016-both_sexes--irnt	missense|LC	0.0681081413491147	0.0415696161077106	-0.00284434921179215	464.7042655820549	True	True
ENSG00000158691	ZSCAN12	9753	1.5	4687	19271	UKP07635	Tbio	O43309	22	26726	41822	ENST00000684592	1.1170e+00	[]	NA	True	1.023e-06	102	positional	8.78e-18	rs36092177	NA	NA	True	False	True	continuous-20016-both_sexes--irnt	missense|LC	0.0676758654500217	0.0389290973716974	-0.00184503096753875	31153.342603125373	True	True
ENSG00000158865	SLC5A11	115584	3.9	9571	19271	UKP06642	Tchem	Q8WWX8	26	27606	41822	ENST00000347898	8.3900e-01	[]	NA	True	1.063e-12	183	eQTL	NA	NA	NA	NA	True	False	True	continuous-20191-both_sexes--irnt	pLoF	0.0641739764740018	0.0521873436366395	0.00376665534067255	19.296640757990463	False	False
ENSG00000159023	EPB41	2035	7.7	14204	19271	UKP06246	Tchem	P11171	209	38727	41822	ENST00000343067	7.3800e-01	[]	3.5348e-07	NA	NA	NA	NA	NA	NA	NA	NA	True	False	True	continuous-20016-both_sexes--irnt	pLoF	0.135694112443074	0.077777553269427	0.0150128407855393	9.750726874869825	False	False
ENSG00000159199	ATP5MC1	516	3.5	8994	19271	UKP00028	Tbio	P05496	47	30978	41822	ENST00000393366	7.2300e-01	[]	NA	True	2.26e-08	194	eQTL	NA	NA	NA	NA	True	False	True	continuous-20018-both_sexes--	pLoF	0.000819519441793037	0.000547312864167981	-0.0492959300870135	2.1567186067342687	False	False
ENSG00000159202	UBE2Z	65264	2.6	7291	19271	UKP04394	Tbio	Q9H832	66	33055	41822	ENST00000360943	5.5800e-01	[]	NA	True	2.26e-08	194	eQTL	NA	NA	NA	NA	True	False	True	continuous-20018-both_sexes--	pLoF	0.0687418220136471	0.543953094367852	-0.00339012384956117	3.319235433473903	False	False
ENSG00000159210	SNF8	11267	17.9	18004	19271	UKP05811	Tbio	Q96H20	68	33220	41822	ENST00000502492	8.5300e-01	[]	NA	True	2.26e-08	194	eQTL	NA	NA	NA	NA	True	False	True	continuous-20018-both_sexes--	pLoF|missense|LC	0.238125855950217	0.13518781092584	0.00152634870765589	183.83215766569433	True	True
ENSG00000159214	CCDC24	149473	0.0	1	19271	UKP09733	Tdark	Q8N4L8	12	23906	41822	ENST00000372318	1.5530e+00	[]	NA	True	8.724e-11	4	eQTL	NA	NA	NA	NA	True	False	True	continuous-20023-both_sexes--irnt	missense|LC	0.00784982492080866	0.00420148790487618	0.00193999982516249	18443.503500219726	True	True
ENSG00000159217	IGF2BP1	10642	13.1	17014	19271	UKP02182	Tchem	Q9NZI8	595	40947	41822	ENST00000290341	1.8900e-01	[]	7.3666e-08	True	2.26e-08	194	positional	5.96e-11	rs11079849	2.26e-08	rs11079849	True	False	True	continuous-20023-both_sexes--irnt	pLoF	0.0370541675995008	0.0238651176411586	0.0586443147459447	1.0117595592669641	False	False
ENSG00000159314	ARHGAP27	201176	4.8	10931	19271	UKP08575	Tdark	Q6ZUM4	18	25715	41822	ENST00000685559	7.0900e-01	[]	5.7896e-08	True	1.159e-06	193	eQTL	4.63e-12	rs34465449	NA	NA	True	False	True	continuous-20191-both_sexes--irnt	pLoF|missense|LC	0.363540510454363	0.304471087304162	-0.000782561147067548	101104.69152045324	True	True
ENSG00000159479	MED8	112950	3.3	8619	19271	UKP08250	Tbio	Q96G25	73	33659	41822	ENST00000372457	8.9000e-01	[]	NA	True	3.079e-09	4	eQTL	NA	NA	NA	NA	True	False	True	continuous-20023-both_sexes--irnt	pLoF|missense|LC	0.0964914366166844	0.0574932369318456	0.00132710948849948	1360.8448607210294	True	True
ENSG00000159733	ZFYVE28	57732	2.9	7932	19271	UKP09823	Tbio	Q9HCC9	15	24874	41822	ENST00000290974	6.7700e-01	[]	NA	True	2.955e-09	62	eQTL	NA	NA	NA	NA	True	False	True	continuous-20023-both_sexes--irnt	missense|LC	0.00809893699247621	0.00433520260908882	-0.000936484612090182	428327.30204920936	True	True
ENSG00000159958	TNFRSF13C	115650	2.0	6082	19271	UKP12759	Tbio	Q96RJ3	264	39451	41822	ENST00000291232	1.5480e+00	[]	NA	True	1.135e-09	213	eQTL	NA	NA	NA	NA	True	False	True	continuous-20018-both_sexes--	pLoF|missense|LC	0.0917658868598238	0.0587304472253679	-0.000807941967848166	13661.914150851071	True	True
ENSG00000160007	ARHGAP35	2909	12.4	16811	19271	UKP06530	Tbio	Q9NRY4	185	38267	41822	ENST00000672722	2.0400e-01	[]	NA	True	5.045e-08	205	eQTL	NA	NA	NA	NA	True	False	True	continuous-20023-both_sexes--irnt	pLoF	0.135014471078964	0.0879769598780236	0.0173698575645326	4.966483951654904	False	False
ENSG00000160145	KALRN	8997	9.6	15554	19271	UKP06367	Tbio	O60229	110	36022	41822	ENST00000682506	2.3100e-01	[]	6.4229e-08	NA	NA	NA	NA	NA	NA	NA	NA	True	False	True	continuous-20023-both_sexes--irnt	pLoF	0.0335074797660754	0.0184428200229187	0.0209804508061417	8.446728611614134	False	False
ENSG00000160563	MED27	9442	7.1	13639	19271	UKP00557	Tbio	Q6P2C8	80	34209	41822	ENST00000292035	1.0820e+00	[]	7.0148e-09	NA	NA	NA	NA	1.96e-08	rs7044246	NA	NA	True	False	True	continuous-20016-both_sexes--irnt	pLoF|missense|LC	0.0178398109543968	0.00954829898004661	-0.00588354053628384	106.23299423529869	False	True
ENSG00000160678	S100A1	6271	8.9	15105	19271	UKP07083	Tbio	P23297	132	36887	41822	ENST00000292169	9.6300e-01	[]	NA	True	3.662e-09	13	eQTL	NA	NA	NA	NA	True	False	True	continuous-20016-both_sexes--irnt	pLoF	0.153543701717095	0.0997145426547432	0.0221573906447347	2.4370965778468494	False	False
ENSG00000160741	CRTC2	200186	3.0	8111	19271	UKP10032	Tbio	Q53ET0	295	39737	41822	ENST00000368633	5.0200e-01	[]	1.9078e-09	True	3.662e-09	13	positional;eQTL;chromatin	1.85e-09	rs11264680	NA	NA	True	False	True	continuous-20191-both_sexes--irnt	pLoF	0.116375790711299	0.727320661120868	-0.00445890606250489	3.8349354200311536	False	False
ENSG00000160877	NACC1	112939	4.6	10655	19271	UKP06957	Tbio	Q96RE7	124	36608	41822	ENST00000292431	3.2900e-01	[]	NA	NA	NA	NA	NA	NA	NA	NA	NA	False	True	True	continuous-20018-both_sexes--	pLoF|missense|LC	1.69956493323298e-09	3.4158225137304e-09	-0.00358038805572459	511.96486902617653	True	True
ENSG00000160948	VPS28	51160	10.5	16025	19271	UKP02389	Tbio	Q9UK41	109	35974	41822	ENST00000292510	1.4760e+00	[]	NA	True	2.887e-09	127	eQTL	NA	NA	NA	NA	True	False	True	continuous-20023-both_sexes--irnt	pLoF|missense|LC	0.0628609759495842	0.0464054875687869	0.00190869794514917	722.6340893923694	True	True
ENSG00000160949	TONSL	4796	6.6	13122	19271	UKP09626	Tbio	Q96HA7	91	34992	41822	ENST00000409379	1.0240e+00	[]	NA	True	2.887e-09	127	eQTL	NA	NA	NA	NA	True	False	True	continuous-20023-both_sexes--irnt	missense|LC	0.533910565116899	0.335296675079171	-0.000290366880425664	399543.3578418998	True	True
ENSG00000160957	RECQL4	9401	11.0	16257	19271	UKP00287	Tbio	O94761	227	38985	41822	ENST00000617875	1.5190e+00	"[""outlier_mis"",""outlier_syn""]"	2.5045e-09	True	2.887e-09	127	positional;eQTL	1.53e-08	rs4244611	1.76e-08	rs4251689	True	False	True	continuous-20016-both_sexes--irnt	pLoF|missense|LC	0.00297186730442067	0.122079398194594	-0.000489167572144432	248104.00466730716	True	True
ENSG00000160959	LRRC14	9684	2.6	7291	19271	UKP09790	Tdark	Q15048	21	26491	41822	ENST00000292524	1.0430e+00	[]	1.403e-08	True	2.887e-09	127	positional;eQTL	6.13e-09	rs2721173	2.887e-09	rs2721173	True	False	True	continuous-20023-both_sexes--irnt	pLoF	0.0604642166067632	0.0445090197940885	-0.00936972017247649	30.792216097454656	False	False
ENSG00000160972	PPP1R16A	84988	1.0	3282	19271	UKP06388	Tbio	Q96I34	38	29747	41822	ENST00000435887	1.2800e+00	[]	NA	True	2.887e-09	127	positional;eQTL	2.73e-08	rs11777703	NA	NA	True	False	True	continuous-20191-both_sexes--irnt	pLoF	0.259821340303406	0.152510035070245	-0.00945693625855795	14.949457671271546	False	False
ENSG00000160973	FOXH1	8928	23.2	18520	19271	UKP08031	Tbio	O75593	78	34071	41822	ENST00000377317	1.6080e+00	"[""outlier_mis""]"	NA	True	2.887e-09	127	positional;eQTL	2.65e-08	rs750472	1.749e-08	rs750472	True	False	True	continuous-20191-both_sexes--irnt	missense|LC	0.119207612787187	0.0749486859008299	0.00150859633380928	1382.7247761345388	True	True
ENSG00000161016	RPL8	6132	10.9	16206	19271	UKP00024	Tchem	P62917	311	39851	41822	ENST00000528957	1.3700e-01	[]	NA	True	2.887e-09	127	eQTL	NA	NA	NA	NA	True	False	True	continuous-20018-both_sexes--	missense|LC	0.382506542685549	0.222765578642965	0.00129935570277413	4383.7165929695375	True	True
ENSG00000161202	DVL3	1857	19.8	18251	19271	UKP06193	Tbio	Q92997	208	38707	41822	ENST00000313143	5.3600e-01	[]	1.0673e-06	NA	NA	NA	NA	NA	NA	NA	NA	True	False	True	continuous-20191-both_sexes--irnt	pLoF|missense|LC	0.0865915102709495	0.36997762870314	0.00123355655231385	374.5164661001764	True	True
ENSG00000161860	SYCE2	256126	2.4	6954	19271	UKP09204	Tbio	Q6PIF2	19	25988	41822	ENST00000293695	3.4800e-01	[]	NA	True	2.712e-09	201	eQTL	NA	NA	NA	NA	True	False	True	continuous-20018-both_sexes--	pLoF|missense|LC	0.00724308652938255	0.786295129510002	-0.000107664682863392	1439.1700208945579	True	True
ENSG00000162267	ITIH3	3699	0.9	3235	19271	UKP07753	Tbio	Q06033	63	32750	41822	ENST00000449956	1.0230e+00	[]	NA	True	2.735e-11	51	positional;eQTL	NA	NA	1.117e-09	rs2240919	True	False	True	continuous-20018-both_sexes--	pLoF|missense|LC	0.0537727470933841	0.250809067856941	-0.000375028949192594	71485.53845725663	True	True
ENSG00000162367	TAL1	6886	18.6	18090	19271	UKP06416	Tbio	P17542	438	40551	41822	ENST00000294339	9.9100e-01	[]	4.7863e-08	NA	NA	NA	NA	NA	NA	NA	NA	True	False	True	continuous-20018-both_sexes--	pLoF|missense|LC	0.0324285156902708	0.0373319783161763	-0.00148180892231015	369.69573792302936	True	True
ENSG00000162517	PEF1	553115	10.7	16120	19271	UKP06622	Tbio	Q9UBV8	73	33659	41822	ENST00000373703	7.8700e-01	[]	1.8532e-11	True	1.332e-12	2	positional;eQTL;chromatin	4.55e-13	rs7546297	1.332e-12	rs7546297	True	False	True	continuous-20016-both_sexes--irnt	pLoF|missense|LC	0.0793128904261505	0.159813794101325	0.00161380175398412	652.0085029567198	False	True
ENSG00000162552	WNT4	54361	27.0	18747	19271	UKP06092	Tbio	P56705	262	39421	41822	ENST00000290167	6.9400e-01	[]	1.1967e-09	True	1.34e-08	1	positional	1.01e-08	rs11584713	1.34e-08	rs12727309	True	False	True	continuous-20023-both_sexes--irnt	pLoF	0.0186245076660324	0.00957028275851168	0.0274561203168355	5.463155869741454	False	False
ENSG00000162650	ATXN7L2	127002	0.0	1	19271	UKP08216	Tbio	Q5T6C5	26	27606	41822	ENST00000683729	4.5300e-01	[]	5.7235e-11	True	1.572e-10	12	positional;eQTL;chromatin	1.82e-13	rs1144593	1.572e-10	rs1144593	True	False	True	continuous-20016-both_sexes--irnt	pLoF	0.10858327663918	0.0669180715404735	-0.040282868096006	1.13731137970324	False	False
ENSG00000162944	RFTN2	130132	0.0	1	19271	UKP06831	Tdark	Q52LD8	9	22843	41822	ENST00000295049	9.7300e-01	[]	NA	True	4.321e-08	43	positional;eQTL	NA	NA	NA	NA	True	False	True	continuous-20191-both_sexes--irnt	missense|LC	0.065091785420184	0.829356748896451	-0.00011862399943645	3081.1070860528503	True	True
ENSG00000162989	KCNJ3	3760	11.3	16392	19271	UKP06229	Tchem	P48549	72	33569	41822	ENST00000295101	2.2300e-01	[]	1.3869e-08	True	5.63e-07	32	positional	1.21e-08	rs2652456	NA	NA	True	False	True	continuous-20023-both_sexes--irnt	missense|LC	0.0300088963032052	0.0311350938916009	-0.00112067846143994	3531.0097538870505	True	True
ENSG00000163013	FBXO41	150726	0.6	2927	19271	UKP07441	Tbio	Q8TF61	16	25187	41822	ENST00000520530	7.8300e-01	[]	NA	True	2.254e-09	26	eQTL	2.06e-08	rs7591768	NA	NA	True	False	True	continuous-20191-both_sexes--irnt	pLoF	0.119040347979024	0.0692207810678923	-0.0264558535422333	5.2387353528546905	False	False
ENSG00000163116	STPG2	285555	0.0	1	19271	UKP09164	Tdark	Q8N412	9	22843	41822	ENST00000295268	1.2810e+00	[]	NA	True	2.036e-08	70	positional	NA	NA	2.036e-08	rs78226642	True	False	True	continuous-20016-both_sexes--irnt	pLoF	0.228702369584199	0.137815589677853	0.00893887551240964	19.55721586737743	False	False
ENSG00000163257	DCAF16	54876	0.6	2927	19271	UKP12625	Tdark	Q9NXF7	37	29593	41822	ENST00000382247	9.8500e-01	[]	1.2825e-11	True	5.462e-13	65	positional;eQTL	6.46e-09	rs2286539	9.667e-12	rs80066028	True	False	True	continuous-20023-both_sexes--irnt	pLoF|missense|LC	0.00489050324124318	0.00270489063354562	-0.00380454638971072	11843.225841862206	True	True
ENSG00000163431	LMOD1	25802	3.6	9147	19271	UKP06654	Tbio	P29536	46	30867	41822	ENST00000367288	3.7900e-01	[]	6.1192e-07	True	6.97e-10	16	positional;eQTL;chromatin	NA	NA	9.226e-09	rs2820313	True	False	True	continuous-20016-both_sexes--irnt	missense|LC	0.221657639723438	0.124990386596906	-0.00152529738805636	43924.578830450635	True	False
ENSG00000163507	CIP2A	57650	4.5	10501	19271	UKP10211	Tbio	Q8TCG1	321	39933	41822	ENST00000295746	1.0570e+00	[]	NA	True	2.994e-08	57	eQTL	NA	NA	NA	NA	True	False	True	continuous-20016-both_sexes--irnt	pLoF	0.347158405543505	0.204719119240655	-0.00450860357540784	53.19355898539228	True	True
ENSG00000163930	BAP1	8314	12.6	16868	19271	UKP02294	Tbio	Q92560	960	41333	41822	ENST00000460680	3.2400e-01	[]	NA	True	6.229e-06	51	chromatin	NA	NA	NA	NA	True	False	True	continuous-20016-both_sexes--irnt	pLoF	0.0842708675856466	0.0531045507597901	0.0204301956844904	6.823909016361314	False	False
ENSG00000163933	RFT1	91869	5.4	11736	19271	UKP00767	Tbio	Q96AA3	52	31585	41822	ENST00000296292	8.9400e-01	[]	NA	True	2.564e-08	51	positional;eQTL	1.34e-08	rs2115780	NA	NA	True	False	True	continuous-20191-both_sexes--irnt	missense|LC	0.0725478231484961	0.0407858639872331	-0.00184600343087621	1292.7647799269093	True	True
ENSG00000163935	SFMBT1	51460	5.6	11982	19271	UKP06884	Tbio	Q9UHJ3	53	31698	41822	ENST00000394752	4.0200e-01	[]	6.8506e-08	True	2.564e-08	51	positional;eQTL;chromatin	6.61e-09	rs62253605	2.564e-08	rs2244461	True	False	True	continuous-20023-both_sexes--irnt	pLoF|missense|LC	0.0117560078956279	0.00577816243812013	0.00159586406403958	2019.7604425915542	True	True
ENSG00000163938	GNL3	26354	7.1	13639	19271	UKP02707	Tbio	Q9BVP2	353	40150	41822	ENST00000418458	1.3780e+00	[]	1.0162e-11	True	1.918e-12	51	positional;eQTL	5.45e-10	rs10865973	4.973e-11	rs6762813	True	False	True	continuous-20191-both_sexes--irnt	pLoF	0.0195692278578331	0.00994771989655674	0.010088964941796	39.85678167167465	False	False
ENSG00000163939	PBRM1	55193	10.7	16120	19271	UKP08474	Tchem	Q86U86	375	40285	41822	ENST00000296302	2.3000e-01	[]	1.1029e-11	True	1.918e-12	51	positional;eQTL;chromatin	3.77e-10	rs7623199	3.044e-11	rs2289249	True	False	True	continuous-20016-both_sexes--irnt	missense|LC	0.0162098750136171	0.143347403991845	0.0012463603000371	1140.6238853308023	True	True
ENSG00000164053	ATRIP	84126	3.4	8766	19271	UKP08047	Tbio	Q8WXE1	140	37128	41822	ENST00000320211	7.0700e-01	[]	NA	True	7.849e-09	50	eQTL	NA	NA	NA	NA	True	False	True	continuous-20023-both_sexes--irnt	pLoF|missense|LC	0.0053433553037906	0.003102663551806	0.000991547368081538	7323.322700356736	True	True
ENSG00000164061	BSN	8927	3.4	8766	19271	UKP06935	Tbio	Q9UPA5	73	33659	41822	ENST00000296452	2.7100e-01	[]	1.958e-26	True	1.33e-27	50	positional;eQTL;chromatin	1.31e-21	rs11926781	3.688e-26	rs11917431	True	False	True	continuous-20018-both_sexes--	pLoF|missense|LC	0.00243196648571598	0.607870373908083	8.16610167107658e-05	135933.71291862338	True	True
ENSG00000164062	APEH	327	6.8	13329	19271	UKP01692	Tchem	P13798	90	34910	41822	ENST00000296456	8.7000e-01	[]	8.2697e-21	True	3.691e-29	50	positional;eQTL;chromatin	5.63e-21	rs1131095	2.399e-24	rs1131095	True	False	True	continuous-20023-both_sexes--irnt	missense|LC	0.250087020240822	0.241539015296106	-0.00073275563495625	2153.1013153342396	True	True
ENSG00000164068	RNF123	63891	5.4	11736	19271	UKP02430	Tbio	Q5XPI4	84	34534	41822	ENST00000327697	6.0400e-01	[]	1.6265e-33	True	3.691e-29	50	positional;eQTL	1.23e-27	rs9873183	1.302e-26	rs4855867	True	False	True	continuous-20191-both_sexes--irnt	pLoF	0.130262840828018	0.170871786945097	-0.00795485266992915	22.234496815035335	False	False
ENSG00000164076	CAMKV	79012	1.5	4687	19271	UKP06262	Tbio	Q8NCB2	23	26957	41822	ENST00000477224	2.0200e-01	[]	1.0924e-20	True	1.2e-27	50	positional;eQTL;chromatin	5.73e-25	rs6446187	5.8e-24	rs6446187	True	False	True	continuous-20018-both_sexes--	pLoF	0.013595215716833	0.202321990661511	-0.0148358150758298	0.995396011893512	False	False
ENSG00000164077	MON1A	84315	1.3	4364	19271	UKP00723	Tbio	Q86VX9	21	26491	41822	ENST00000296473	8.5400e-01	[]	5.8208e-19	True	3.377e-26	50	positional;eQTL	1.97e-25	rs62262093	9.035e-24	rs62262093	True	False	True	continuous-20023-both_sexes--irnt	pLoF	0.32798764408139	0.193835929880226	-0.00367118519939537	82.443731961662	True	True
ENSG00000164078	MST1R	4486	10.2	15862	19271	UKP06116	Tchem	Q04912	172	37969	41822	ENST00000296474	9.8500e-01	[]	6.0925e-17	True	3.691e-29	50	positional;eQTL	2e-25	rs1062633	1.336e-23	rs1062633	True	False	True	continuous-20018-both_sexes--	pLoF	0.047708254885871	0.0610902795567881	-0.00169434315655981	212.68211439498336	True	True
ENSG00000164088	PPM1M	132160	1.5	4687	19271	UKP01374	Tbio	Q96MI6	18	25715	41822	ENST00000323588	1.1100e+00	[]	NA	True	3.493e-10	51	eQTL;chromatin	NA	NA	NA	NA	True	False	True	continuous-20023-both_sexes--irnt	pLoF|missense|LC	0.0541340615308979	0.0309112435750079	0.000717729725377538	6709.824633782986	True	True
ENSG00000164091	WDR82	80335	5.3	11597	19271	UKP02060	Tchem	Q6UXN9	134	36952	41822	ENST00000296490	4.3900e-01	[]	NA	True	1.677e-11	51	positional;eQTL	NA	NA	NA	NA	True	False	True	continuous-20023-both_sexes--irnt	pLoF	0.0598520375310428	0.0533292473300846	0.0224285910746173	4.966618579392974	False	False
ENSG00000164123	SPMIP2	152940	0.0	1	19271	UKP12686	Tdark	Q96LM5	6	21385	41822	ENST00000434826	1.7950e+00	[]	2.3128e-06	NA	NA	NA	NA	NA	NA	NA	NA	True	False	True	continuous-20023-both_sexes--irnt	missense|LC	0.0170034653458596	0.0108040393549527	-0.00201588694739181	870288.9722158946	True	True
ENSG00000164142	FHIP1A	729830	1.4	4622	19271	UKP08832	Tbio	Q05DH4	21	26491	41822	ENST00000435205	8.7700e-01	[]	1.0025e-10	True	6.649e-13	74	positional;eQTL	1.11e-11	rs4696283	8.922e-13	rs4696283	True	False	True	continuous-20191-both_sexes--irnt	pLoF|missense|LC	0.112287613423227	0.109904524235913	-0.000979844481469413	4390.176547978426	True	True
ENSG00000164308	ERAP2	64167	8.3	14683	19271	UKP02156	Tchem	Q6P179	205	38653	41822	ENST00000437043	1.2840e+00	[]	4.8743e-08	NA	NA	NA	NA	NA	NA	NA	NA	True	False	True	continuous-20191-both_sexes--irnt	pLoF	0.0690928295245018	0.306838216840759	0.00166739074189369	291.022689453896	True	True
ENSG00000164597	COG5	10466	3.5	8994	19271	UKP00899	Tbio	Q9UP83	69	33315	41822	ENST00000297135	1.0260e+00	[]	5.8312e-07	NA	NA	NA	NA	NA	NA	NA	NA	True	False	True	continuous-20023-both_sexes--irnt	pLoF	0.0128493535115024	0.00712766181062352	0.0057357238219492	125.73032816324026	True	True
ENSG00000165055	METTL2B	55798	3.7	9268	19271	UKP02184	Tbio	Q6P1Q9	33	28940	41822	ENST00000262432	7.9200e-01	[]	NA	True	1.395e-09	117	eQTL	NA	NA	NA	NA	True	False	True	continuous-20023-both_sexes--irnt	pLoF	0.295539139824769	0.184619797131516	-0.0037984601439451	35.26510975639606	False	False
ENSG00000165244	ZNF367	195828	3.1	8298	19271	UKP06145	Tbio	Q7RTV3	22	26726	41822	ENST00000375256	5.6400e-01	[]	NA	True	2.02e-08	131	positional;eQTL	4.09e-10	rs10760999	NA	NA	True	False	True	continuous-20016-both_sexes--irnt	missense|LC	0.00102771679441072	0.199847273149451	-0.00140021654183569	3389.2085676503907	True	True
ENSG00000165392	WRN	7486	42.4	19137	19271	UKP00287	Tchem	Q14191	777	41204	41822	ENST00000298139	9.0000e-01	[]	1.382e-08	True	3.038e-09	121	positional;eQTL	4.14e-10	rs2737339	3.038e-09	rs10954779	True	False	True	continuous-20191-both_sexes--irnt	pLoF	0.00808084862643099	0.0313875456956307	0.0037025317085369	249.4476367551681	False	True
ENSG00000165476	REEP3	221035	2.6	7291	19271	UKP03603	Tbio	Q6NUK4	42	30309	41822	ENST00000373758	1.1840e+00	[]	8.6597e-08	True	4.553e-08	135	positional;chromatin	NA	NA	4.553e-08	rs7919685	True	False	True	continuous-20018-both_sexes--	pLoF|missense|LC	0.47440387519179	0.289317312595982	0.00119782480634024	160.77069688077245	True	True
ENSG00000165861	ZFYVE1	53349	9.5	15494	19271	UKP07151	Tbio	Q9HBF4	64	32852	41822	ENST00000556143	5.3800e-01	[]	NA	True	1.004e-08	167	positional;eQTL	4.79e-10	rs1007934	1.004e-08	rs1007934	True	False	True	continuous-20023-both_sexes--irnt	pLoF|missense|LC	0.152369324325832	0.880373240393786	0.000113332625894906	1155.2906612669149	True	True
ENSG00000165905	LARGE2	120071	7.4	13914	19271	UKP07111	Tbio	Q8N3Y3	29	28182	41822	ENST00000401752	1.1320e+00	[]	1.5693e-06	NA	NA	NA	NA	NA	NA	NA	NA	True	False	True	continuous-20023-both_sexes--irnt	missense|LC	0.0228334188352491	0.151113696603925	-0.000384593897239286	11884.94097061367	True	True
ENSG00000165915	SLC39A13	91252	9.6	15554	19271	UKP01021	Tbio	Q96H72	34	29104	41822	ENST00000362021	6.6200e-01	[]	6.5307e-07	True	4.305e-07	142	positional;eQTL	1.9e-08	rs7937331	NA	NA	True	False	True	continuous-20018-both_sexes--	missense|LC	0.0633250789395458	0.263704314633569	-0.000495576662705965	153200.3779474543	True	True
ENSG00000165916	PSMC3	5702	8.8	15033	19271	UKP00277	Tchem	P17980	370	40258	41822	ENST00000298852	3.5200e-01	[]	2.6882e-08	True	9.728e-09	142	positional;eQTL	2.13e-08	rs3781626	NA	NA	True	False	True	continuous-20023-both_sexes--irnt	pLoF	0.00242786550576402	0.00141989860698322	0.0120265283255689	46.68877492091653	False	False
ENSG00000165917	RAPSN	5913	4.0	9765	19271	UKP07251	Tbio	Q13702	60	32462	41822	ENST00000298854	1.0920e+00	[]	NA	True	9.728e-09	142	positional;eQTL	4.26e-08	rs4752838	NA	NA	True	False	True	continuous-20023-both_sexes--irnt	pLoF|missense|LC	0.0312934908262035	0.0294612049564635	-0.000934745344052509	53631.67081222226	True	True
ENSG00000165923	AGBL2	79841	1.5	4687	19271	UKP06213	Tchem	Q5U5Z8	25	27397	41822	ENST00000525123	9.4400e-01	[]	NA	True	2.716e-08	142	positional;chromatin	2.81e-09	rs11602395	NA	NA	True	False	True	continuous-20191-both_sexes--irnt	pLoF|missense|LC	0.146503638200014	0.0839614373437996	0.00154938639766725	72486.37781491257	True	True
ENSG00000166037	CEP57	9702	3.4	8766	19271	UKP06592	Tbio	Q86XR8	73	33659	41822	ENST00000325542	7.4000e-01	[]	6.4232e-10	True	5.916e-09	145	positional;eQTL	2.92e-11	rs602512	5.916e-09	rs2508713	True	False	True	continuous-20191-both_sexes--irnt	pLoF	0.145149069111293	0.412948462781337	0.00511560065194518	20.848557970843995	False	False
ENSG00000166140	ZFYVE19	84936	4.2	10017	19271	UKP08360	Tbio	Q96K21	37	29593	41822	ENST00000355341	1.0290e+00	[]	NA	True	2.173e-08	170	eQTL	NA	NA	NA	NA	True	False	True	continuous-20191-both_sexes--irnt	pLoF|missense|LC	0.199109105197599	0.114944901355061	-0.00113618923378002	111685.68860196494	True	True
ENSG00000166165	CKB	1152	5.3	11597	19271	UKP06952	Tbio	P12277	259	39386	41822	ENST00000348956	7.2400e-01	[]	8.8739e-12	True	1.519e-14	169	positional;eQTL	1.34e-08	rs2071407	1.519e-14	rs2071407	True	False	True	continuous-20016-both_sexes--irnt	missense|LC	0.138937406146028	0.691237238664495	0.000764379503773166	208.73487966343762	True	True
ENSG00000166166	TRMT61A	115708	2.6	7291	19271	UKP02189	Tbio	Q96FX7	43	30444	41822	ENST00000389749	1.1830e+00	[]	1.2343e-11	True	1.519e-14	169	positional;eQTL	6.53e-09	rs911552	3.67e-14	rs911552	True	False	True	continuous-20018-both_sexes--	pLoF|missense|LC	0.0905888067539311	0.404209379216888	-0.00077603814996172	207.70609529184455	True	True
ENSG00000166167	BTRC	8945	20.8	18340	19271	UKP05435	Tbio	Q9Y297	617	40986	41822	ENST00000370187	6.4300e-01	[]	NA	True	5.313e-10	138	eQTL	NA	NA	NA	NA	True	False	True	continuous-20016-both_sexes--irnt	pLoF|missense|LC	0.154852429765471	0.0846238226707217	-0.00221154272118284	8159.0774586327425	True	True
ENSG00000166170	BAG5	9529	14.2	17296	19271	UKP01242	Tbio	Q9UL15	148	37373	41822	ENST00000299204	1.0400e+00	[]	9.9831e-07	True	1.519e-14	169	positional;eQTL	NA	NA	8.537e-10	rs11625397	True	False	True	continuous-20018-both_sexes--	pLoF|missense|LC	0.0229534100268253	0.139497850764351	-0.000912667843613421	564.0361825441796	True	True
ENSG00000166189	HPS6	79803	5.4	11736	19271	UKP08230	Tbio	Q86YV9	61	32557	41822	ENST00000299238	1.1460e+00	[]	NA	True	1.253e-16	138	eQTL	NA	NA	NA	NA	True	False	True	continuous-20018-both_sexes--	pLoF|missense|LC	0.0289533051511345	0.032209765349006	-0.000632947904326359	2686.7371837378623	True	True
ENSG00000166197	NOLC1	9221	9.9	15713	19271	UKP04866	Tchem	Q14978	285	39660	41822	ENST00000605788	6.4000e-01	[]	NA	True	5.248e-13	138	chromatin	NA	NA	NA	NA	True	False	True	continuous-20016-both_sexes--irnt	pLoF	0.079089602587636	0.793750578778953	-0.00167078311034787	13.48732071837913	False	False
ENSG00000166278	C2	717	10.3	15915	19271	UKP06407	Tchem	P06681	141	37159	41822	ENST00000299367	9.0900e-01	[]	NA	NA	NA	NA	NA	1.43e-08	rs497309	NA	NA	True	False	True	continuous-20018-both_sexes--	pLoF|missense|LC	0.10260086438694	0.0606280560456487	-0.000740072272504552	6980.409288671992	True	True
ENSG00000166747	AP1G1	164	10.0	15759	19271	UKP01807	Tchem	O43747	172	37969	41822	ENST00000299980	1.1300e-01	[]	8.7001e-07	True	1.783e-09	190	eQTL	NA	NA	NA	NA	True	False	True	continuous-20023-both_sexes--irnt	pLoF	0.00712853873388919	0.00815968496322428	0.0485476598485362	2.01642515966008	False	False
ENSG00000166896	ATP23	91419	2.8	7695	19271	UKP00596	Tbio	Q9Y6H3	19	25988	41822	ENST00000300145	1.1600e+00	[]	NA	True	8.891e-12	152	eQTL	NA	NA	NA	NA	True	False	True	continuous-20191-both_sexes--irnt	missense|LC	0.0161737373953703	0.302362819947191	0.00109988358909434	33756.52957906315	True	True
ENSG00000166971	AKTIP	64400	8.3	14683	19271	UKP02016	Tbio	Q9H8T0	76	33921	41822	ENST00000394657	6.1200e-01	[]	1.1654e-12	True	3.841e-15	186	positional;eQTL;chromatin	2.7e-16	rs7189819	1.749e-14	rs7189819	True	False	True	continuous-20023-both_sexes--irnt	missense|LC	0.00315214466173119	0.0152826486430453	0.00143871986755394	2406.839266576194	True	True
ENSG00000166986	MARS1	4141	9.8	15662	19271	UKP02340	Tchem	P56192	248	39274	41822	ENST00000262027	7.7700e-01	[]	NA	True	1.875e-11	152	eQTL	NA	NA	NA	NA	True	False	True	continuous-20191-both_sexes--irnt	pLoF	0.0375450149324652	0.089728233324589	0.00638398303644083	NA	False	False
ENSG00000167074	TEF	7008	3.7	9268	19271	UKP07766	Tbio	Q10587	55	31944	41822	ENST00000266304	3.8900e-01	[]	NA	True	3.879e-11	213	positional;eQTL	7.71e-10	rs113795690	4.229e-11	rs113795690	True	False	True	continuous-20191-both_sexes--irnt	missense|LC	0.0667497268224533	0.570552259229752	0.00110462987211853	204.2288238590905	False	True
ENSG00000167077	MEI1	150365	0.5	1903	19271	UKP09212	Tbio	Q5TIA1	16	25187	41822	ENST00000401548	8.5300e-01	[]	NA	True	1.204e-12	213	eQTL	NA	NA	NA	NA	True	False	True	continuous-20016-both_sexes--irnt	pLoF|missense|LC	0.010360870668357	0.00768180491830073	0.00121975806107447	7074.115634509507	True	True
ENSG00000167130	DOLPP1	57171	3.8	9432	19271	UKP02438	Tdark	Q86YN1	26	27606	41822	ENST00000372546	6.9000e-01	[]	NA	True	7.085e-11	132	positional;eQTL	4.01e-08	rs10760587	3.999e-09	rs10988198	True	False	True	continuous-20016-both_sexes--irnt	pLoF	0.437172073444939	0.287591707341316	-0.0152994432901334	2.9333119782140855	False	False
ENSG00000167131	DNAAF19	388389	8.1	14536	19271	UKP06750	Tbio	Q8IW40	26	27606	41822	ENST00000417826	1.2560e+00	[]	NA	True	4.969e-08	192	eQTL	NA	NA	NA	NA	True	False	True	continuous-20191-both_sexes--irnt	pLoF	0.000939687565639336	0.0119368270638152	0.0292053587864916	4.9832761788723525	False	False
ENSG00000167261	DPEP2	64174	3.1	8298	19271	UKP06409	Tbio	Q9H4A9	19	25988	41822	ENST00000393847	1.0890e+00	[]	NA	True	1.439e-07	188	eQTL	NA	NA	NA	NA	True	False	True	continuous-20018-both_sexes--	missense|LC	0.161990537876288	0.250123817478794	-0.0006020290041652	7098.358878268256	True	True
ENSG00000167264	DUS2	54920	7.4	13914	19271	UKP02125	Tbio	Q9NX74	35	29252	41822	ENST00000565263	8.7500e-01	[]	1.7111e-07	True	3.517e-08	188	positional;eQTL	NA	NA	NA	NA	True	False	True	continuous-20018-both_sexes--	missense|LC	0.0971072984492966	0.0540167965878052	-0.00104487977839026	883.375172916316	True	True
ENSG00000167377	ZNF23	7571	2.3	6711	19271	UKP06905	Tbio	P17027	30	28384	41822	ENST00000647773	9.9100e-01	[]	NA	True	4.213e-09	190	eQTL	NA	NA	NA	NA	True	False	True	continuous-20191-both_sexes--irnt	pLoF|missense|LC	0.0320943624856598	0.206250715952215	-0.00154649612794719	84979.45477193728	True	True
ENSG00000167447	SMG8	55181	2.7	7600	19271	UKP05019	Tbio	Q8ND04	47	30978	41822	ENST00000300917	7.2600e-01	[]	NA	True	1.87e-13	196	eQTL	NA	NA	NA	NA	True	False	True	continuous-20191-both_sexes--irnt	pLoF	0.289937553634688	0.173300689408174	-0.00602961052322363	25.684341511103977	False	False
ENSG00000167535	CACNB3	784	9.0	15175	19271	UKP06502	Tbio	P54284	45	30722	41822	ENST00000301050	7.2200e-01	[]	NA	True	2.518e-14	151	eQTL	NA	NA	NA	NA	True	False	True	continuous-20023-both_sexes--irnt	missense|LC	0.0287229184958109	0.0829235620042912	-0.00122351837780015	1588.6180106693787	True	True
ENSG00000167548	KMT2D	8085	10.5	16025	19271	UKP02333	Tbio	O14686	559	40874	41822	ENST00000301067	1.4100e-01	[]	3.1366e-14	True	3.322e-14	151	positional	3.45e-16	rs10875914	3.322e-14	rs10875914	True	False	True	continuous-20023-both_sexes--irnt	pLoF|missense|LC	0.0567041337410256	0.0317677655408559	0.000326228526317422	78032.1705763005	True	True
ENSG00000167550	RHEBL1	121268	4.4	10330	19271	UKP06302	Tbio	Q8TAI7	27	27814	41822	ENST00000301068	1.0920e+00	[]	1.3052e-06	True	1.503e-06	151	positional	NA	NA	NA	NA	True	False	True	continuous-20023-both_sexes--irnt	pLoF|missense|LC	0.00805661748617692	0.0183260533785332	0.00322650411578149	361.1158946050412	True	True
ENSG00000167553	TUBA1C	84790	6.1	12588	19271	UKP00401	Tchem	Q9BQE3	276	39575	41822	ENST00000301072	6.8800e-01	[]	NA	NA	NA	NA	NA	4.35e-08	rs11168951	NA	NA	True	False	True	continuous-20018-both_sexes--	missense|LC	0.0132648813250751	0.331778382683979	-0.000860431782155436	1953.664516835408	True	True
ENSG00000167670	CHAF1A	10036	5.5	11839	19271	UKP04637	Tbio	Q13111	167	37860	41822	ENST00000301280	1.0900e-01	[]	NA	True	5.925e-06	199	eQTL	NA	NA	NA	NA	True	False	True	continuous-20016-both_sexes--irnt	pLoF|missense|LC	0.227845512930346	0.128462215744329	-0.000993219603482664	77972.49875387954	True	True
ENSG00000167671	UBXN6	80700	4.8	10931	19271	UKP07033	Tbio	Q9BZV1	88	34796	41822	ENST00000301281	1.1680e+00	[]	NA	True	2.546e-08	199	eQTL	NA	NA	NA	NA	True	False	True	continuous-20018-both_sexes--	pLoF	0.0671786841544741	0.0375227721591959	0.00753939622905801	20.571991902897132	False	False
ENSG00000167674	HDGFL2	84717	7.6	14102	19271	UKP01720	Tbio	Q7Z4V5	103	35685	41822	ENST00000616600	7.3500e-01	[]	NA	True	2.546e-08	199	positional	NA	NA	2.546e-08	rs76608582	True	False	True	continuous-20191-both_sexes--irnt	pLoF	0.235645597267552	0.158131504943909	0.0132013899022137	2.556571983052479	False	False
ENSG00000167701	GPT	2875	0.6	2927	19271	UKP01671	Tbio	P24298	156	37600	41822	ENST00000394955	1.6000e+00	[]	NA	True	3.63e-09	127	positional;eQTL	4.78e-08	rs1063739	2.934e-08	rs1063739	True	False	True	continuous-20023-both_sexes--irnt	missense|LC	0.0582297397603467	0.753577369020148	9.67405882933521e-05	193730.82171792487	True	True
ENSG00000167702	KIFC2	90990	3.0	8111	19271	UKP00251	Tbio	Q96AC6	21	26491	41822	ENST00000645548	1.2670e+00	"[""outlier_mis"",""outlier_syn""]"	NA	True	2.887e-09	127	eQTL	NA	NA	NA	NA	True	False	True	continuous-20191-both_sexes--irnt	pLoF	0.187310596505209	0.398890919732103	-0.00583573752829591	17.250024673601782	False	False
ENSG00000168036	CTNNB1	1499	70.8	19247	19271	UKP06303	Tchem	P35222	8541	41809	41822	ENST00000349496	1.3900e-01	[]	1.7393e-08	NA	NA	NA	NA	NA	NA	NA	NA	True	False	True	continuous-20023-both_sexes--irnt	missense|LC	0.418776836761769	0.266507621145873	0.000832691833736742	1292.5609859725787	True	True
ENSG00000168126	OR2W6P	81406	1.0	3282	19271	UKP07752	NA	NA	2	15717	41822	NA	NA	NA	NA	NA	NA	NA	NA	5.78e-18	rs67040724	NA	NA	True	False	True	NA	NA	NA	NA	NA	NA	NA	NA
ENSG00000168131	OR2B2	81697	1.0	3282	19271	UKP07752	Tdark	Q9GZK3	4	19604	41822	ENST00000303324	1.8790e+00	[]	3.7762e-07	NA	NA	NA	NA	5.73e-18	rs61742093	NA	NA	True	False	True	continuous-20016-both_sexes--irnt	missense|LC	0.107578260608307	0.103970768784251	-0.00239800609440165	39243.029832269895	True	True
ENSG00000168228	ZCCHC4	29063	5.0	11192	19271	UKP07940	Tbio	Q9H5U6	27	27814	41822	ENST00000302874	9.9600e-01	[]	NA	NA	NA	NA	NA	1.32e-10	rs56203712	NA	NA	True	False	True	continuous-20018-both_sexes--	pLoF|missense|LC	0.0642707235003473	0.0369628865702353	0.000700074442616101	122958.31210953488	True	True
ENSG00000168237	GLYCTK	132158	4.6	10655	19271	UKP08553	Tbio	Q8IVS8	24	27198	41822	ENST00000436784	1.3000e+00	[]	NA	True	1.918e-12	51	eQTL	NA	NA	NA	NA	True	False	True	continuous-20016-both_sexes--irnt	missense|LC	0.0187589004466739	0.0144144999837761	0.0026850105195088	7172.301610208596	True	True
ENSG00000168268	NT5DC2	64943	1.0	3282	19271	UKP02579	Tbio	Q9H857	82	34376	41822	ENST00000422318	7.8800e-01	[]	7.1548e-12	True	1.918e-12	51	positional;eQTL;chromatin	2.32e-10	rs4475032	1.918e-12	rs4687625	True	False	True	continuous-20191-both_sexes--irnt	missense|LC	0.0002763645519408	0.100964726291217	0.00182951243936944	56544.59208473758	True	True
ENSG00000168273	UQCC5	440957	2.1	6380	19271	UKP09391	Tbio	Q8WVI0	14	24572	41822	ENST00000477703	1.5710e+00	[]	6.536e-08	True	1.719e-11	51	positional;chromatin	3.77e-10	rs7623199	1.719e-11	rs62256903	True	False	True	continuous-20016-both_sexes--irnt	missense|LC	0.0970698771328479	0.294762937856394	-0.00189381741680236	261.71697491031034	False	False
ENSG00000168477	TNXB	7148	8.5	14830	19271	UKP06267	Tbio	P22105	111	36066	41822	ENST00000644971	6.7400e-01	[]	NA	NA	NA	NA	NA	6.53e-09	rs204883	NA	NA	True	False	True	continuous-20023-both_sexes--irnt	pLoF	0.010688977300946	0.00625177293899937	-0.0169689535933574	14.949507377899398	False	False
ENSG00000168488	ATXN2L	11273	2.8	7695	19271	UKP04162	Tbio	Q8WWM7	201	38571	41822	ENST00000336783	2.9700e-01	[]	2.3971e-18	True	1.246e-24	184	positional;eQTL	6.79e-19	rs72793812	1.608e-24	rs8049439	True	False	True	continuous-20191-both_sexes--irnt	pLoF|missense|LC	0.0990817803835548	0.0553846697526548	-0.00171410535672795	2224.2907975761673	True	True
ENSG00000168528	SERINC2	347735	1.6	5463	19271	UKP03975	Tbio	Q96SA4	32	28771	41822	ENST00000373709	1.2780e+00	[]	NA	True	1.332e-12	2	eQTL	NA	NA	NA	NA	True	False	True	continuous-20191-both_sexes--irnt	pLoF	0.10936229990972	0.0615812134251316	0.00980666941804764	18.27235767218481	False	False
ENSG00000168702	LRP1B	53353	2.3	6711	19271	UKP06147	Tbio	Q9NZR2	129	36785	41822	ENST00000389484	4.1900e-01	[]	1.2289e-06	NA	NA	NA	NA	NA	NA	NA	NA	True	False	True	continuous-20016-both_sexes--irnt	missense|LC	0.0423569316997567	0.0247360434847513	-0.000658533326341443	58478.62982556992	True	True
ENSG00000168765	GSTM4	2948	8.3	14683	19271	UKP07024	Tbio	Q03013	56	32045	41822	ENST00000369836	1.2140e+00	[]	NA	True	1.572e-10	12	eQTL	NA	NA	NA	NA	True	False	True	continuous-20016-both_sexes--irnt	pLoF|missense|LC	0.00121385111622185	0.835344503693836	-0.00020760746063126	815.3176010903007	True	True
ENSG00000168769	TET2	54790	10.0	15759	19271	UKP06420	Tchem	Q6N021	1192	41457	41822	ENST00000380013	1.9970e+00	"[""outlier_lof""]"	1.0203e-16	True	6.05e-23	72	positional;eQTL;chromatin	9.9e-19	rs55838312	6.05e-23	rs55838312	True	False	True	continuous-20018-both_sexes--	pLoF	0.00788812681193363	0.327154465045073	-0.00151225180819269	71.68520254083674	False	True
ENSG00000168884	TNIP2	79155	11.0	16257	19271	UKP06578	Tbio	Q8NFZ5	106	35840	41822	ENST00000315423	1.1740e+00	[]	1.2885e-07	True	7.808e-08	62	positional;eQTL	3.8e-09	rs4690055	NA	NA	True	False	True	continuous-20191-both_sexes--irnt	pLoF	0.0419895319274536	0.235199055415725	0.0126774439261008	8.05883876970899	False	False
ENSG00000168917	SLC35G2	80723	0.0	1	19271	UKP04496	Tdark	Q8TBE7	26	27606	41822	ENST00000446465	1.0290e+00	[]	NA	True	4.345e-07	58	positional;eQTL	NA	NA	NA	NA	True	False	True	continuous-20018-both_sexes--	pLoF|missense|LC	0.127993489957318	0.0697658898250747	0.00110309075285477	90711.89096721976	True	True
ENSG00000169026	SLC49A3	84179	0.0	1	19271	UKP07666	Tdark	Q6UXD7	11	23581	41822	ENST00000322224	1.4440e+00	"[""outlier_mis""]"	NA	True	2.505e-09	61	eQTL	NA	NA	NA	NA	True	False	True	continuous-20191-both_sexes--irnt	pLoF	0.0195174496445293	0.0129880946139803	0.00727926567588358	85.48043379839119	True	True
ENSG00000169230	PRELID1	27166	10.1	15809	19271	UKP05194	Tbio	Q9Y255	36	29436	41822	ENST00000303204	7.5000e-01	[]	NA	True	1.731e-11	95	eQTL	NA	NA	NA	NA	True	False	True	continuous-20018-both_sexes--	pLoF	0.00182073027621465	0.00110159686852307	-0.0164580442806564	6.472606488462919	False	False
ENSG00000169379	ARL13B	200894	4.0	9765	19271	UKP06826	Tbio	Q3SXY8	96	35285	41822	ENST00000394222	8.9400e-01	[]	NA	True	5.439e-06	56	positional	NA	NA	NA	NA	True	False	True	continuous-20016-both_sexes--irnt	pLoF|missense|LC	0.089209583889296	0.0542921902770411	0.010374642864436	24.85881617137532	False	False
ENSG00000169682	SPNS1	83985	3.1	8298	19271	UKP05539	Tbio	Q9H2V7	55	31944	41822	ENST00000311008	6.5200e-01	[]	9.6513e-10	True	1.246e-24	184	positional;eQTL	3.92e-09	rs4788113	5.139e-14	rs4788113	True	False	True	continuous-20191-both_sexes--irnt	pLoF|missense|LC	0.126132278682488	0.0742664564659106	0.00141641049414913	905.7954167413271	True	True
ENSG00000169762	TAPT1	202018	3.7	9268	19271	UKP00554	Tbio	Q6NXT6	37	29593	41822	ENST00000405303	6.9800e-01	[]	NA	True	7.451e-09	63	eQTL	NA	NA	NA	NA	True	False	True	continuous-20018-both_sexes--	pLoF	2.52972148041541e-05	0.00257611953885406	-0.0168613005461375	5.674689121937048	False	False
ENSG00000169764	UGP2	7360	8.9	15105	19271	UKP02302	Tbio	Q16851	90	34910	41822	ENST00000337130	9.9100e-01	[]	2.8254e-07	True	3.708e-06	24	positional	NA	NA	NA	NA	True	False	True	continuous-20191-both_sexes--irnt	pLoF	0.22235348162109	0.351828578254295	-0.00634172406536078	20.137857322493137	False	False
ENSG00000169884	WNT10B	7480	9.8	15662	19271	UKP06092	Tbio	O00744	148	37373	41822	ENST00000301061	1.0970e+00	[]	NA	True	2.518e-14	151	eQTL	NA	NA	NA	NA	True	False	True	continuous-20016-both_sexes--irnt	missense|LC	0.0331102474467417	0.577962022292998	0.000676521377083655	4066.544343731753	True	True
ENSG00000170074	FAM153A	285596	0.0	1	19271	UKP15314	Tdark	Q9UHL3	10	23239	41822	ENST00000614127	1.1290e+00	[]	NA	True	1.731e-11	95	eQTL	NA	NA	NA	NA	True	False	True	continuous-20018-both_sexes--	pLoF|missense|LC	0.0541276075652284	0.0356888738241596	-0.000921178435662645	14025.633535894185	False	False
ENSG00000170142	UBE2E1	7324	11.0	16257	19271	UKP02069	Tchem	P51965	182	38207	41822	ENST00000306627	5.2400e-01	[]	1.1862e-09	True	5.27e-12	48	positional;eQTL	9.37e-13	rs73825178	5.27e-12	rs73825178	True	False	True	continuous-20191-both_sexes--irnt	pLoF	0.0794057691596033	0.0481292421993972	-0.0439536924800265	1.1499636842414915	False	False
ENSG00000170445	HARS1	3035	8.5	14830	19271	UKP02290	Tchem	P12081	96	35285	41822	ENST00000504156	9.5700e-01	[]	7.3431e-09	True	2.078e-10	91	positional;eQTL;chromatin	1.03e-08	rs2530241	3.899e-10	rs801185	True	False	True	continuous-20191-both_sexes--irnt	pLoF	0.0205296476542248	0.0288483312327287	0.0121557829806435	NA	False	False
ENSG00000170458	CD14	929	19.5	18215	19271	UKP07098	Tbio	P08571	824	41238	41822	ENST00000302014	1.9440e+00	[]	NA	True	2.078e-10	91	positional;eQTL;chromatin	NA	NA	NA	NA	True	False	True	continuous-20023-both_sexes--irnt	missense|LC	0.266352084011031	0.857088451424852	0.000148215533739492	1278.7326449060117	True	True
ENSG00000170500	LONRF2	164832	2.0	6082	19271	UKP05956	Tdark	Q1L5Z9	23	26957	41822	ENST00000393437	9.1600e-01	[]	9.6348e-14	True	9.954e-16	28	positional;eQTL	8.33e-15	rs4622752	2.22e-14	rs4622752	True	False	True	continuous-20018-both_sexes--	pLoF	0.453202162150545	0.283062049532715	0.00625242860849888	7.468164689351448	False	False
ENSG00000170579	DLGAP1	9229	3.0	8111	19271	UKP07550	Tbio	O14490	75	33835	41822	ENST00000315677	2.2400e-01	[]	5.6877e-08	NA	NA	NA	NA	NA	NA	NA	NA	True	False	True	continuous-20023-both_sexes--irnt	missense|LC	0.144129139135978	0.104558318175268	-0.000915821607617645	12704.672457239709	True	True
ENSG00000170903	MSANTD4	84437	0.0	1	19271	UKP09918	Tdark	Q8NCY6	22	26726	41822	ENST00000301919	6.4400e-01	[]	NA	True	4.295e-07	146	positional	NA	NA	NA	NA	True	False	True	continuous-20191-both_sexes--irnt	pLoF	0.0380857827287922	0.555232684464205	0.00550286303986361	4.599833054970354	False	False
ENSG00000170921	TANC2	26115	2.5	7104	19271	UKP02424	Tbio	Q9HCD6	55	31944	41822	ENST00000689528	1.7000e-01	[]	NA	NA	NA	NA	NA	2.19e-08	rs72843166	NA	NA	True	False	True	continuous-20023-both_sexes--irnt	pLoF|missense|LC	0.00159539188072999	0.0388994713556345	0.000730388654057888	12551.987153578997	True	True
ENSG00000170927	PKHD1	5314	12.8	16920	19271	UKP12657	Tbio	P08F94	242	39206	41822	ENST00000371117	7.8300e-01	[]	NA	NA	NA	NA	NA	2.97e-08	rs56135595	NA	NA	True	False	True	continuous-20191-both_sexes--irnt	pLoF	0.127506712719301	0.0922767986842352	-0.00501308453352598	86.29576075175144	True	True
ENSG00000171045	TSNARE1	203062	2.5	7104	19271	UKP08877	Tbio	Q96NA8	23	26957	41822	ENST00000524325	1.0320e+00	[]	2.0349e-09	True	4.528e-10	126	positional;eQTL	1.24e-11	rs4976976	4.528e-10	rs4976976	True	False	True	continuous-20023-both_sexes--irnt	missense|LC	0.000584051512917516	0.000276206209326446	-0.00102750013017986	466273.0345551587	True	True
ENSG00000171222	SCAND1	51282	0.0	1	19271	UKP08626	Tbio	P57086	39	29901	41822	ENST00000305978	1.9460e+00	[]	NA	True	1.703e-08	207	positional;eQTL	NA	NA	NA	NA	True	False	True	continuous-20023-both_sexes--irnt	pLoF|missense|LC	0.0132995692815771	0.00855222868037364	-0.00243962428316175	789.7216551998865	True	False
ENSG00000171574	ZNF584	201514	1.5	4687	19271	UKP06744	Tdark	Q8IVC4	15	24874	41822	ENST00000306910	1.4350e+00	[]	NA	True	5.955e-10	206	positional;eQTL	NA	NA	NA	NA	True	False	True	continuous-20016-both_sexes--irnt	pLoF	0.139742357441721	0.117417980572975	0.0047955873595898	85.94822118166384	True	True
ENSG00000171735	CAMTA1	23261	2.3	6711	19271	UKP01587	Tbio	Q9Y6Y1	102	35623	41822	ENST00000303635	2.2700e-01	[]	1.3487e-08	NA	NA	NA	NA	NA	NA	NA	NA	True	False	True	continuous-20018-both_sexes--	missense|LC	0.106829705431397	0.0607794156333009	0.00452706774816055	20521.16020405075	False	False
ENSG00000171790	SLFNL1	200172	0.0	1	19271	UKP09508	Tdark	Q499Z3	10	23239	41822	ENST00000302946	1.2250e+00	[]	NA	NA	NA	NA	NA	7.05e-09	rs11209363	NA	NA	True	False	True	continuous-20016-both_sexes--irnt	pLoF|missense|LC	0.160244411120712	0.117365390587324	0.000909134316590413	73152.106144927	True	True
ENSG00000171793	CTPS1	1503	15.3	17571	19271	UKP00416	Tchem	P17812	204	38632	41822	ENST00000650070	4.2300e-01	[]	NA	True	9.684e-16	3	positional;eQTL;chromatin	4.33e-09	rs12023079	NA	NA	True	False	True	continuous-20023-both_sexes--irnt	missense|LC	0.0446639953318434	0.802070012226765	-0.00042815690278639	537.591275356271	True	True
ENSG00000171988	JMJD1C	221037	8.2	14610	19271	UKP00149	Tbio	Q15652	170	37928	41822	ENST00000399262	1.5700e-01	[]	3.0622e-10	True	2.695e-10	135	positional;chromatin	2.38e-08	rs7896910	2.695e-10	rs2393967	True	False	True	continuous-20016-both_sexes--irnt	pLoF	0.0738327821201964	0.207484150008667	0.0159884748621711	5.695521717010054	False	False
ENSG00000172037	LAMB2	3913	5.1	11329	19271	UKP06142	Tbio	P55268	116	36304	41822	ENST00000305544	6.5200e-01	[]	1.1303e-08	True	1.051e-12	50	positional;eQTL	NA	NA	2.617e-08	rs34290943	True	False	True	continuous-20018-both_sexes--	pLoF|missense|LC	0.0188435096812055	0.433636128913	-0.000202890544291954	31827.729281534303	True	True
ENSG00000172046	USP19	10869	12.0	16648	19271	UKP00299	Tchem	O94966	115	36262	41822	ENST00000417901	2.9700e-01	[]	1.0081e-06	True	2.259e-27	50	positional;chromatin	3.1e-10	rs11552724	4.631e-11	rs11552724	True	False	True	continuous-20016-both_sexes--irnt	pLoF	0.0927282472283009	0.0507327898805507	-0.0206435876547206	7.311495963654314	False	False
ENSG00000172053	QARS1	5859	9.8	15662	19271	UKP01079	Tchem	P47897	215	38814	41822	ENST00000306125	8.5400e-01	[]	3.923e-08	True	2.259e-27	50	positional;chromatin	4.12e-10	rs35673421	5.625e-11	rs35673421	True	False	True	continuous-20023-both_sexes--irnt	pLoF	0.0450049479756003	0.610007931334019	-0.00114724480154478	NA	False	False
ENSG00000172247	C1QTNF4	114900	4.2	10017	19271	UKP07734	Tbio	Q9BXJ3	20	26233	41822	ENST00000302514	1.7840e+00	[]	NA	True	9.728e-09	142	positional;eQTL	4.36e-10	rs35624992	3.548e-08	rs35624992	True	False	True	continuous-20023-both_sexes--irnt	pLoF|missense|LC	0.0163752109154263	0.457907581348748	-0.000305024863075453	23850.553892442134	True	True
ENSG00000172260	NEGR1	257194	5.0	11192	19271	UKP06838	Tbio	Q7Z3B1	97	35348	41822	ENST00000357731	4.2900e-01	[]	2.786e-19	True	1.663e-18	7	positional;eQTL;chromatin	9.03e-21	rs12128707	4.247e-18	rs12128707	True	False	True	continuous-20018-both_sexes--	missense|LC	0.0437335470057612	0.513141196455257	0.000784492273523021	5874.1354415173455	True	True
ENSG00000172264	MACROD2	140733	7.1	13639	19271	UKP05080	Tchem	A1Z1Q3	60	32462	41822	ENST00000684519	7.2400e-01	[]	1.1168e-09	NA	NA	NA	NA	NA	NA	NA	NA	True	False	True	continuous-20016-both_sexes--irnt	missense|LC	0.212831181542469	0.185180748693458	0.00718878660547358	50120.37411771884	True	True
ENSG00000172346	CSDC2	27254	1.6	5463	19271	UKP09921	Tbio	Q9Y534	23	26957	41822	ENST00000306149	1.1230e+00	[]	NA	True	2.085e-08	213	eQTL	7.87e-09	rs78404259	NA	NA	True	False	True	continuous-20191-both_sexes--irnt	missense|LC	0.0774320916784622	0.0412228869523665	-0.00858659216202252	54.288450611869465	True	True
ENSG00000172404	DNAJB7	150353	2.8	7695	19271	UKP07917	Tdark	Q7Z6W7	17	25457	41822	ENST00000307221	1.8500e+00	[]	NA	True	2.244e-07	213	eQTL	NA	NA	NA	NA	True	False	True	continuous-20191-both_sexes--irnt	missense|LC	0.0990148782970219	0.0564739686344526	-0.00130431567467293	3585.4523644637193	False	True
ENSG00000172733	PURG	29942	2.5	7104	19271	UKP01430	Tbio	Q9UJV8	12	23906	41822	ENST00000523392	3.2500e-01	[]	8.4738e-09	True	3.038e-09	121	eQTL	3.41e-08	rs2725377	NA	NA	True	False	True	continuous-20023-both_sexes--irnt	pLoF|missense|LC	0.0674811328282559	0.0776127275735848	0.00189415571760877	5007.735868786591	True	True
ENSG00000172819	RARG	5916	12.7	16895	19271	UKP06115	Tclin	P13631	112	36132	41822	ENST00000425354	6.0400e-01	[]	NA	NA	NA	NA	NA	4.68e-08	rs3741434	NA	NA	True	False	True	continuous-20023-both_sexes--irnt	pLoF	0.0154306392869283	0.00892889997002699	0.0195946344247453	12.41647217123468	False	False
ENSG00000172995	ARPP21	10777	0.0	1	19271	UKP05392	Tbio	Q9UBL0	23	26957	41822	ENST00000684406	7.1100e-01	[]	NA	True	5.823e-10	49	positional;eQTL	NA	NA	1.431e-09	rs6784162	True	False	True	continuous-20023-both_sexes--irnt	pLoF|missense|LC	0.317655762230603	0.196016306738673	-0.00043065851124273	21869.837455202196	True	True
ENSG00000173264	GPR137	56834	2.0	6082	19271	UKP07616	Tbio	Q96N19	22	26726	41822	ENST00000438980	7.5600e-01	[]	NA	True	9.822e-06	143	eQTL	NA	NA	NA	NA	True	False	True	continuous-20023-both_sexes--irnt	missense|LC	0.223430879751313	0.668208703320678	-0.00032610846782575	13302.956178149243	True	True
ENSG00000173402	DAG1	1605	22.7	18485	19271	UKP06422	Tbio	Q14118	568	40892	41822	ENST00000308775	2.9800e-01	[]	3.368e-21	True	1.33e-27	50	positional;eQTL	1.63e-22	rs13062429	3.891e-26	rs34196454	True	False	True	continuous-20023-both_sexes--irnt	missense|LC	0.00014322686806334	0.106935361056232	0.000666127589366766	402652.6582777486	True	True
ENSG00000173421	IHO1	339834	4.1	9897	19271	UKP07499	Tbio	Q8IYA8	20	26233	41822	ENST00000452691	5.8700e-01	[]	7.6487e-13	True	8.124e-13	50	positional;eQTL	5.33e-11	rs73084135	3.212e-12	rs73084135	True	False	True	continuous-20023-both_sexes--irnt	missense|LC	0.0354581447952222	0.138289488452368	0.00109042137766546	49111.961412045355	False	False
ENSG00000173531	MST1	4485	3.9	9571	19271	UKP06180	Tchem	P26927	106	35840	41822	ENST00000449682	9.5100e-01	[]	2.5409e-18	True	1.33e-27	50	positional;eQTL	1.07e-20	rs13085791	8.119e-24	rs13085791	True	False	True	continuous-20191-both_sexes--irnt	pLoF	0.249308620627495	0.142747956355179	-0.00627907857396702	1602.6618693680516	True	True
ENSG00000173540	GMPPB	29925	5.9	12348	19271	UKP02409	Tbio	Q9Y5P6	62	32646	41822	ENST00000308388	1.1890e+00	[]	NA	True	3.691e-29	50	positional;eQTL	8.18e-12	rs4768	1.432e-12	rs4768	True	False	True	continuous-20016-both_sexes--irnt	pLoF	0.0179103435615457	0.0168452448766924	-0.0178571089564409	13.486046428077447	False	False
ENSG00000173960	UBXN2A	165324	5.4	11736	19271	UKP02735	Tbio	P68543	42	30309	41822	ENST00000309033	1.1210e+00	[]	NA	True	1.323e-08	18	positional;eQTL	NA	NA	NA	NA	True	False	True	continuous-20018-both_sexes--	missense|LC	0.039562132011472	0.0255600892058568	0.00199235765166575	343.63990475506864	True	True
ENSG00000174151	CYB561D1	284613	0.5	1903	19271	UKP05807	Tdark	Q8N8Q1	13	24254	41822	ENST00000420578	1.1860e+00	[]	7.7435e-12	True	1.572e-10	12	positional;eQTL;chromatin	2.14e-13	rs749056	4.749e-10	rs749056	True	False	True	continuous-20016-both_sexes--irnt	missense|LC	0.00768143877193306	0.00600038058053287	-0.0048507353656278	329.40062244513183	False	False
ENSG00000174485	DENND4A	10260	3.9	9571	19271	UKP06003	Tbio	Q7Z401	77	33998	41822	ENST00000443035	4.4300e-01	[]	1.3572e-07	True	1.201e-08	173	positional	8.39e-09	rs72741249	1.201e-08	rs72741274	True	False	True	continuous-20023-both_sexes--irnt	pLoF	0.000981517079326921	0.000604744176478489	0.010153888596849	73.78432032843062	True	True
ENSG00000174564	IL20RB	53833	6.9	13452	19271	UKP06479	Tbio	Q6UXL0	32	28771	41822	ENST00000329582	9.9700e-01	[]	NA	True	2.655e-08	58	eQTL	NA	NA	NA	NA	True	False	True	continuous-20023-both_sexes--irnt	missense|LC	0.0477914314312599	0.0315686114638101	-0.00143271652000667	1813.8233039715901	True	True
ENSG00000174579	MSL2	55167	5.2	11424	19271	UKP07040	Tbio	Q9HCI7	60	32462	41822	ENST00000309993	1.6900e-01	[]	4.578e-11	True	1.98e-09	58	positional;eQTL;chromatin	NA	NA	NA	NA	True	False	True	continuous-20018-both_sexes--	missense|LC	0.00106667510069192	0.000693944324459572	-0.00118345240742977	2016.5601436895156	True	True
ENSG00000174720	LARP7	51574	9.7	15609	19271	UKP02386	Tchem	Q4G0J3	203	38616	41822	ENST00000344442	1.1290e+00	[]	1.3259e-07	NA	NA	NA	NA	NA	NA	NA	NA	True	False	True	continuous-20191-both_sexes--irnt	missense|LC	0.104738303456766	0.0621513641201245	-0.00170698136033628	10312.746480154914	False	True
ENSG00000174738	NR1D2	9975	12.2	16737	19271	UKP06130	Tchem	Q14995	87	34717	41822	ENST00000312521	7.0200e-01	[]	1.9664e-10	True	2.439e-17	48	positional;eQTL	7.73e-14	rs28522849	4.232e-14	rs28522849	True	False	True	continuous-20016-both_sexes--irnt	pLoF	0.0317334477127054	0.399903781240716	-0.00699477448023392	8.475617175014305	False	False
ENSG00000174748	RPL15	6138	10.6	16075	19271	UKP05921	Tchem	P61313	286	39672	41822	ENST00000307839	1.3200e-01	[]	2.1483e-13	True	2.439e-17	48	positional;eQTL	1.35e-15	rs9755750	4.225e-15	rs2001209	True	False	True	continuous-20016-both_sexes--irnt	missense|LC	0.190130570963235	0.106512319694071	-0.0057136477486521	78.65656313164178	True	True
ENSG00000175161	CADM2	253559	0.5	1903	19271	UKP08320	Tbio	Q8N3J6	69	33315	41822	ENST00000383699	5.1600e-01	[]	1.5161e-08	True	5.761e-11	54	positional	7.69e-09	rs73845427	5.761e-11	rs6770622	True	False	True	continuous-20023-both_sexes--irnt	pLoF|missense|LC	0.0675369889465377	0.908629224605686	-0.000138686313490017	426.45284060627245	True	True
ENSG00000175175	PPM1E	22843	6.3	12794	19271	UKP01374	Tbio	Q8WY54	39	29901	41822	ENST00000308249	4.7800e-01	[]	4.3748e-13	True	1.722e-13	196	positional	6.34e-09	rs4482353	1.722e-13	rs66954617	True	False	True	continuous-20018-both_sexes--	pLoF	0.131927559204724	0.12729879421257	-0.00505782790046168	8.79643522088435	False	False
ENSG00000175215	CTDSP2	10106	2.1	6380	19271	UKP02629	Tbio	O14595	41	30167	41822	ENST00000398073	5.1100e-01	[]	NA	True	8.891e-12	152	chromatin	NA	NA	NA	NA	True	False	True	continuous-20016-both_sexes--irnt	missense|LC	0.0986723593006656	0.0580586925019073	0.00445592400739942	145.86852208045437	True	True
ENSG00000175224	ATG13	9776	9.5	15494	19271	UKP00805	Tchem	O75143	160	37688	41822	ENST00000683050	4.7300e-01	[]	1.2012e-06	NA	NA	NA	NA	NA	NA	NA	NA	True	False	True	continuous-20023-both_sexes--irnt	pLoF	0.0533958370870973	0.0318156443531881	0.012160231755624	20.46585694639661	False	False
ENSG00000175287	PHYHD1	254295	0.8	3045	19271	UKP05060	Tbio	Q5SRE7	15	24874	41822	ENST00000372592	1.2090e+00	[]	NA	True	1.865e-09	132	eQTL	NA	NA	NA	NA	True	False	True	continuous-20016-both_sexes--irnt	missense|LC	0.000130195133669408	0.000841788193291837	0.00440449836447262	50347.77005666816	False	True
ENSG00000175470	PPP2R2D	55844	3.0	8111	19271	UKP02758	Tbio	Q66LE6	75	33835	41822	ENST00000455566	6.0500e-01	[]	NA	True	1.769e-08	141	positional;eQTL	NA	NA	4.468e-08	rs11813081	True	False	True	continuous-20018-both_sexes--	missense|LC	0.0101936856880763	0.43969471461572	-0.000866123143631464	32280.20004157319	True	True
ENSG00000175745	NR2F1	7025	9.1	15239	19271	UKP06297	Tbio	P10589	233	39075	41822	ENST00000327111	1.3300e-01	[]	NA	True	2.403e-10	85	eQTL	NA	NA	NA	NA	True	False	True	continuous-20023-both_sexes--irnt	missense|LC	0.247470269093924	0.159494418495058	-0.00135116939319051	815.9861885230471	True	True
ENSG00000175857	GAPT	202309	1.0	3282	19271	UKP12773	Tbio	Q8N292	6	21385	41822	ENST00000502276	1.8490e+00	[]	NA	True	2.033e-08	78	eQTL	NA	NA	NA	NA	True	False	True	continuous-20023-both_sexes--irnt	pLoF	0.159497689341611	0.111052144510933	0.0238827463512112	3.0038889365489174	False	False
ENSG00000175866	BAIAP2	10458	8.6	14895	19271	UKP06878	Tbio	Q9UQB8	228	38998	41822	ENST00000428708	4.4600e-01	[]	5.8881e-07	NA	NA	NA	NA	NA	NA	NA	NA	True	False	True	continuous-20018-both_sexes--	pLoF	3.00030336336521e-05	2.34417673330434e-05	-0.0257247900682048	6.801951868665605	False	False
ENSG00000176020	AMIGO3	386724	2.0	6082	19271	UKP07190	Tbio	Q86WK7	12	23906	41822	ENST00000320431	1.8440e+00	[]	NA	True	3.691e-29	50	positional;eQTL	8.18e-12	rs4768	1.432e-12	rs4768	True	False	True	continuous-20016-both_sexes--irnt	pLoF	0.091803829921779	0.0560552973767384	0.0242471966437424	4.3868461877390885	False	False
ENSG00000176046	NUPR1	26471	18.5	18079	19271	UKP08887	Tbio	O60356	188	38338	41822	ENST00000324873	1.7510e+00	[]	NA	True	1.246e-24	184	positional;eQTL;chromatin	1.18e-10	rs151226	7.265e-14	rs151226	True	False	True	continuous-20016-both_sexes--irnt	missense|LC	0.168316357231875	0.112488341234116	-0.00216790616890219	542.9466803269444	False	True
ENSG00000176087	SLC35A4	113829	2.8	7695	19271	UKP00654	Tdark	Q96G79	24	27198	41822	ENST00000323146	7.9400e-01	[]	NA	True	2.078e-10	91	eQTL;chromatin	NA	NA	NA	NA	True	False	True	continuous-20018-both_sexes--	missense|LC	0.0126465181837158	0.625924424831542	0.000277662566675682	1070.2584401182694	True	True
ENSG00000176095	IP6K1	9807	9.0	15175	19271	UKP01453	Tchem	Q92551	69	33315	41822	ENST00000321599	5.1600e-01	[]	2.5462e-31	True	1.119e-26	50	positional	6.81e-28	rs7649348	1.119e-26	rs7649348	True	False	True	continuous-20016-both_sexes--irnt	pLoF	0.00117708426627738	0.000555255563162049	-0.0588045290391158	2.4371315565840805	False	False
ENSG00000176160	HSF5	124535	1.8	5759	19271	UKP02050	Tbio	Q4G112	11	23581	41822	ENST00000323777	2.5500e-01	[]	1.5288e-08	True	1.87e-13	196	positional;chromatin	8.69e-09	rs2632508	8.165e-13	rs2632508	True	False	True	continuous-20191-both_sexes--irnt	pLoF|missense|LC	0.0708685353315019	0.546443518499348	0.000408947957336871	26983.75382683009	True	True
ENSG00000176171	BNIP3	664	26.8	18735	19271	UKP06065	Tbio	Q12983	560	40877	41822	ENST00000368636	1.0950e+00	[]	NA	True	1.769e-08	141	positional;eQTL	NA	NA	3.199e-08	rs12764703	True	False	True	continuous-20016-both_sexes--irnt	missense|LC	0.121045692829882	0.0717540876359426	-0.00211983939228401	12937.46195618515	True	True
ENSG00000176387	HSD11B2	3291	2.6	7291	19271	UKP07529	Tchem	P80365	351	40134	41822	ENST00000326152	1.2040e+00	[]	NA	True	1.948e-07	188	eQTL	NA	NA	NA	NA	True	False	True	continuous-20016-both_sexes--irnt	missense|LC	0.0713630880221653	0.624394712081736	0.00056504176688681	682.8754034695847	True	True
ENSG00000176406	RIMS2	9699	7.8	14288	19271	UKP07792	Tbio	Q9UQ26	48	31100	41822	ENST00000504942	3.9500e-01	[]	8.0764e-09	NA	NA	NA	NA	NA	NA	NA	NA	True	False	True	continuous-20018-both_sexes--	missense|LC	0.0646824744087128	0.0351575643337838	-0.000577332988711039	3848.3084833096423	True	True
ENSG00000176476	SGF29	112869	11.2	16350	19271	UKP05871	Tbio	Q96ES7	78	34071	41822	ENST00000317058	5.8200e-01	[]	1.1499e-14	True	1.246e-24	184	positional;eQTL	5.48e-15	rs7191618	4.162e-20	rs3859172	True	False	True	continuous-20016-both_sexes--irnt	pLoF|missense|LC	0.0439695100173624	0.0229017450773947	-0.00798027666148977	58.51899698617831	True	True
ENSG00000176681	LRRC37A	9884	0.0	1	19271	UKP09579	Tdark	A6NMS7	15	24874	41822	ENST00000320254	1.4240e+00	[]	5.6465e-07	True	1.702e-08	193	eQTL	NA	NA	NA	NA	True	False	True	continuous-20016-both_sexes--irnt	pLoF	0.0296776218284266	0.206175699018955	-0.0124270153048311	9.657316397936503	False	False
ENSG00000176732	PFN4	375189	3.0	8111	19271	UKP02757	Tbio	Q8NHR9	6	21385	41822	ENST00000313213	1.3180e+00	[]	NA	True	1.323e-08	18	eQTL	NA	NA	NA	NA	True	False	True	continuous-20016-both_sexes--irnt	missense|LC	0.0236919455639586	0.0190469893973179	-0.00346721533457752	478.2756878468725	False	False
ENSG00000176769	TCERG1L	256536	1.0	3282	19271	UKP02100	Tbio	Q5VWI1	14	24572	41822	ENST00000368642	1.1480e+00	[]	8.2136e-07	NA	NA	NA	NA	NA	NA	NA	NA	True	False	True	continuous-20023-both_sexes--irnt	pLoF|missense|LC	0.000393541199733227	0.000599341613645832	0.000987471449239871	32119.11194092729	True	True
ENSG00000176927	EFCAB5	374786	0.0	1	19271	UKP09697	Tdark	A4FU69	18	25715	41822	ENST00000394835	9.0800e-01	[]	4.8825e-07	NA	NA	NA	NA	NA	NA	NA	NA	True	False	True	continuous-20191-both_sexes--irnt	missense|LC	0.0785555977306176	0.493585194474983	-0.00112768515997879	158371.52950327995	True	True
ENSG00000176953	NFATC2IP	84901	0.5	1903	19271	UKP09125	Tbio	Q8NCF5	44	30589	41822	ENST00000320805	9.8800e-01	[]	1.3733e-11	True	1.246e-24	184	positional;eQTL	3.77e-10	rs62037422	7.535e-15	rs62037422	True	False	True	continuous-20191-both_sexes--irnt	pLoF	0.0786280406825596	0.899726444437109	-0.000773972483936723	20.895956762509794	False	False
ENSG00000177096	PHETA2	150368	4.7	10753	19271	UKP02722	Tbio	Q6ICB4	21	26491	41822	ENST00000321753	1.9370e+00	[]	NA	True	1.135e-09	213	positional;eQTL;chromatin	5.4e-13	rs133383	NA	NA	True	False	True	continuous-20018-both_sexes--	missense|LC	0.0509873922647949	0.357212779175273	-0.00101364533724623	29445.807134788476	True	True
ENSG00000177352	CCDC71	64925	0.0	1	19271	UKP09143	Tdark	Q8IV32	23	26957	41822	ENST00000321895	1.1350e+00	[]	NA	True	2.115e-12	50	positional;eQTL	NA	NA	NA	NA	True	False	True	continuous-20018-both_sexes--	pLoF	0.00520701328245987	0.0732035105895518	-0.016153971195987	1.824882674291677	False	False
ENSG00000177410	ZFAS1	441951	NA	NA	19271	NA	NA	NA	126	36674	41822	NA	NA	NA	NA	NA	NA	NA	NA	1.09e-13	rs3818066	1.635e-12	rs3818066	True	False	True	NA	NA	NA	NA	NA	NA	NA	NA
ENSG00000177455	CD19	930	8.7	14962	19271	UKP08338	Tclin	P15391	168	37883	41822	ENST00000538922	6.2700e-01	[]	1.2207e-13	True	2.783e-16	184	positional	1.28e-11	rs35979293	2.783e-16	rs35979293	True	False	True	continuous-20023-both_sexes--irnt	pLoF	0.061506479860729	0.262490603326066	-0.00273385954764722	110.7705533397244	True	True
ENSG00000177479	ARIH2	10425	11.7	16536	19271	UKP00340	Tbio	O95376	96	35285	41822	ENST00000356401	2.4200e-01	[]	4.6931e-09	True	1.541e-13	50	positional;eQTL	3.92e-10	rs13087930	3.198e-11	rs34509487	True	False	True	continuous-20191-both_sexes--irnt	pLoF	0.327081089953676	0.235650661260295	0.0263776407930017	1.4063577477199865	False	False
ENSG00000177548	RABEP2	79874	0.8	3045	19271	UKP07037	Tbio	Q9H5N1	49	31217	41822	ENST00000358201	1.0210e+00	[]	1.5923e-14	True	1.246e-24	184	positional;eQTL	2.66e-16	rs7206214	8.703e-20	rs7206214	True	False	True	continuous-20016-both_sexes--irnt	pLoF	0.0619830157927764	0.303737118474225	0.00671465740071309	16.913662987043928	False	False
ENSG00000177673	TEX44	165100	0.0	1	19271	UKP14318	Tdark	Q53QW1	6	21385	41822	ENST00000313965	1.8690e+00	[]	NA	True	7.147e-09	46	eQTL	NA	NA	NA	NA	True	False	True	continuous-20016-both_sexes--irnt	missense|LC	0.107068681783093	0.896275712272413	6.1018979663439e-05	129762.43077910271	True	True
ENSG00000177889	UBE2N	7334	22.8	18490	19271	UKP02069	Tchem	P61088	464	40637	41822	ENST00000318066	1.9200e-01	[]	NA	True	1.349e-08	154	eQTL	NA	NA	NA	NA	True	False	True	continuous-20023-both_sexes--irnt	pLoF	0.0865108524037654	NA	NA	0.49665053350859467	False	False
ENSG00000178035	IMPDH2	3615	5.1	11329	19271	UKP00460	Tclin	P12268	366	40237	41822	ENST00000326739	7.6600e-01	[]	2.6297e-08	True	3.212e-12	50	positional;eQTL	3.1e-10	rs11706052	4.489e-11	rs11706052	True	False	True	continuous-20191-both_sexes--irnt	pLoF	0.0788782165254766	0.0427075084434289	-0.0107312717810465	26.706619616456784	False	False
ENSG00000178149	DALRD3	55152	3.4	8766	19271	UKP09239	Tbio	Q5D0E6	28	28005	41822	ENST00000341949	1.1260e+00	[]	6.1291e-12	True	3.212e-12	50	positional;eQTL	NA	NA	1.919e-11	rs3923475	True	False	True	continuous-20191-both_sexes--irnt	missense|LC	0.0189384697450609	0.280745770451676	-0.00166819483643871	78685.64286730655	True	True
ENSG00000178177	LCORL	254251	1.3	4364	19271	UKP09102	Tbio	Q8N3X6	45	30722	41822	ENST00000635767	3.4100e-01	[]	2.7706e-12	True	5.707e-13	65	positional	1.8e-10	rs16895888	5.707e-13	rs16895888	True	False	True	continuous-20023-both_sexes--irnt	pLoF	0.0427061459235309	0.040922701929764	0.0265292458521266	4.035891850054124	False	False
ENSG00000178188	SH2B1	25970	1.8	5759	19271	UKP06772	Tbio	Q9NRF2	178	38115	41822	ENST00000684370	3.7400e-01	[]	3.1396e-17	True	1.246e-24	184	positional;eQTL	5.12e-19	rs12448902	1.988e-24	rs8055982	True	False	True	continuous-20191-both_sexes--irnt	pLoF|missense|LC	0.074074053065684	0.0401785730995958	0.00210617803686648	42227.277864474425	True	True
ENSG00000178252	WDR6	11180	6.6	13122	19271	UKP05428	Tbio	Q9NNW5	149	37399	41822	ENST00000608424	8.1500e-01	[]	1.7761e-07	True	4.983e-27	50	positional;eQTL	2.54e-10	rs71324929	8.252e-12	rs71324929	True	False	True	continuous-20018-both_sexes--	missense|LC	0.156920595102173	0.0882876501775387	-0.000537949272762852	2439.767434324576	True	True
ENSG00000178467	P4HTM	54681	1.8	5759	19271	UKP00883	Tchem	Q9NXG6	32	28771	41822	ENST00000383729	8.1500e-01	[]	NA	True	3.212e-12	50	positional;eQTL	3.73e-10	rs34504524	2.771e-11	rs34504524	True	False	True	continuous-20016-both_sexes--irnt	missense|LC	0.0953108104584378	0.0533673693190162	-0.00701339739487797	1498.228607566257	False	True
ENSG00000178537	SLC25A20	788	4.2	10017	19271	UKP01246	Tbio	O43772	85	34590	41822	ENST00000319017	1.0520e+00	[]	2.0221e-06	True	5.821e-12	50	positional	9.58e-11	rs112837572	5.821e-12	rs112837572	True	False	True	continuous-20191-both_sexes--irnt	missense|LC	0.032496902705953	0.116278329443053	0.00279409436595787	256.27681554180987	True	True
ENSG00000178568	ERBB4	2066	28.4	18810	19271	UKP06116	Tclin	Q15303	1053	41392	41822	ENST00000342788	3.5700e-01	[]	NA	NA	NA	NA	NA	6.31e-09	rs73989053	NA	NA	True	False	True	continuous-20018-both_sexes--	pLoF	0.140419658516183	0.0789122213998242	0.00835544697679801	8.3229258919742	False	False
ENSG00000178662	CSRNP3	80034	3.5	8994	19271	UKP07998	Tdark	Q8WYN3	11	23581	41822	ENST00000651982	3.8700e-01	[]	1.7823e-11	NA	NA	NA	NA	1.87e-08	rs1551337	NA	NA	True	False	True	continuous-20191-both_sexes--irnt	missense|LC	0.209173004172578	0.115615875317266	0.00237953865913941	5304.839857155593	True	True
ENSG00000178694	NSUN3	63899	3.4	8766	19271	UKP02542	Tbio	Q9H649	27	27814	41822	ENST00000314622	7.9500e-01	[]	6.0204e-07	True	2.115e-06	56	positional	NA	NA	NA	NA	True	False	True	continuous-20016-both_sexes--irnt	missense|LC	0.0629666203937981	0.0326114821722606	0.00455464104580929	1536.5005518485132	True	True
ENSG00000178700	DHFR2	200895	7.5	14017	19271	UKP07259	Tbio	Q86XF0	22	26726	41822	ENST00000314636	1.3200e+00	[]	NA	True	1.319e-08	56	positional;eQTL	NA	NA	NA	NA	True	False	True	continuous-20191-both_sexes--irnt	missense|LC	0.107955913031447	0.564029591914691	-0.00223331746500044	36166.609448469455	True	True
ENSG00000178722	LINC03122	285668	NA	NA	19271	NA	NA	NA	10	23239	41822	NA	NA	NA	3.4849e-07	True	1.017e-08	80	positional;eQTL	NA	NA	1.017e-08	rs36033	True	False	True	NA	NA	NA	NA	NA	NA	NA	NA
ENSG00000178750	STX19	415117	3.0	8111	19271	UKP00327	Tbio	Q8N4C7	17	25457	41822	ENST00000315099	1.4190e+00	[]	NA	True	1.319e-08	56	eQTL	NA	NA	NA	NA	True	False	True	continuous-20016-both_sexes--irnt	pLoF	0.2680305539779	0.156783061438461	0.00832108258508271	18.034648990591567	False	False
ENSG00000178922	HYI	81888	1.0	3282	19271	UKP08609	Tbio	Q5T013	19	25988	41822	ENST00000372430	1.5970e+00	[]	NA	True	9.337e-09	4	eQTL	NA	NA	NA	NA	True	False	True	continuous-20023-both_sexes--irnt	pLoF	0.0353467002319426	0.487038589203601	-0.0013718169098903	170.0804530458145	True	True
ENSG00000178950	GAK	2580	14.5	17382	19271	UKP01037	Tchem	O14976	161	37714	41822	ENST00000314167	6.8700e-01	[]	NA	True	7.232e-09	61	eQTL	NA	NA	NA	NA	True	False	True	continuous-20191-both_sexes--irnt	pLoF	0.10182346686158	0.40435636576796	-0.00642185804759427	12.527348646325812	False	False
ENSG00000178952	TUFM	7284	5.9	12348	19271	UKP02691	Tchem	P49411	373	40275	41822	ENST00000313511	7.0300e-01	[]	1.4538e-14	True	1.246e-24	184	positional;eQTL	1.17e-18	rs3088215	2.385e-24	rs7187776	True	False	True	continuous-20023-both_sexes--irnt	pLoF	0.191767757956774	0.108849065539983	-0.00708730667807942	26.322376390300043	False	False
ENSG00000179242	CDH4	1002	4.9	11073	19271	UKP06125	Tbio	P55283	64	32852	41822	ENST00000614565	5.3300e-01	[]	3.8853e-10	NA	NA	NA	NA	NA	NA	NA	NA	True	False	True	continuous-20018-both_sexes--	pLoF	0.000672709422908535	0.0785041961552421	-0.00774322517055397	9.125199460261266	False	False
ENSG00000179562	GCC1	79571	0.5	1903	19271	UKP07671	Tbio	Q96CN9	61	32557	41822	ENST00000321407	7.2400e-01	[]	7.1469e-09	True	5.867e-12	116	positional;eQTL	NA	NA	5.142e-09	rs989099	True	False	True	continuous-20023-both_sexes--irnt	pLoF	0.184957159127871	0.113182208919099	-0.00379146782860935	110.75653271183846	True	True
ENSG00000179603	GRM8	2918	5.6	11982	19271	UKP06478	Tchem	O00222	45	30722	41822	ENST00000339582	6.8700e-01	[]	NA	True	2.55e-07	116	eQTL	NA	NA	NA	NA	True	False	True	continuous-20016-both_sexes--irnt	missense|LC	0.452061010878529	0.268246631971128	0.00150069278027405	16504.29601901554	True	True
ENSG00000179915	NRXN1	9378	19.5	18215	19271	UKP06492	Tbio	P58400;Q9ULB1	261	39407	41822	ENST00000401669	3.1700e-01	[]	NA	True	4.039e-08	22	positional;eQTL;chromatin	NA	NA	4.039e-08	rs7557525	True	False	True	continuous-20016-both_sexes--irnt	pLoF	0.000576800895638631	NA	NA	0.9757519747901112	False	False
ENSG00000180210	F2	2147	31.5	18933	19271	UKP07267	Tclin	P00734	1493	41559	41822	ENST00000311907	5.5200e-01	[]	9.2592e-07	NA	NA	NA	NA	NA	NA	NA	NA	True	False	True	continuous-20016-both_sexes--irnt	missense|LC	0.142573031495024	0.0809363712315379	0.00174585133170529	18758.41024691162	True	True
ENSG00000180304	OAZ2	4947	5.8	12204	19271	UKP07946	Tbio	O95190	25	27397	41822	ENST00000326005	1.1600e+00	[]	2.4777e-07	NA	NA	NA	NA	NA	NA	NA	NA	True	False	True	continuous-20016-both_sexes--irnt	pLoF|missense|LC	0.00461205888289018	0.0768248966289223	0.00471201529466046	96.6718800306273	True	True
ENSG00000180340	FZD2	2535	8.3	14683	19271	UKP06256	Tchem	Q14332	102	35623	41822	ENST00000315323	6.9000e-01	[]	NA	True	7.426e-08	192	eQTL	NA	NA	NA	NA	True	False	True	continuous-20016-both_sexes--irnt	missense|LC	0.0188699138875755	0.0710350039278176	-0.00157855623957127	1076.186931200712	True	True
ENSG00000180357	ZNF609	23060	3.8	9432	19271	UKP08292	Tbio	O15014	81	34296	41822	ENST00000326648	1.6600e-01	[]	7.8628e-07	NA	NA	NA	NA	NA	NA	NA	NA	True	False	True	continuous-20023-both_sexes--irnt	pLoF	0.131554783994512	0.247382942505875	0.00832582816956873	13.414241106482784	False	False
ENSG00000180537	RNF182	221687	2.6	7291	19271	UKP07255	Tbio	Q8N6D2	22	26726	41822	ENST00000488300	1.5080e+00	[]	1.0397e-09	NA	NA	NA	NA	NA	NA	NA	NA	True	False	True	continuous-20018-both_sexes--	pLoF	0.203309765419704	0.127701130447923	0.00492547506545691	20.240503298432316	False	False
ENSG00000180573	H2AC6	8334	2.4	6954	19271	UKP00387	Tdark	Q93077	81	34296	41822	ENST00000377791	1.4300e+00	[]	NA	NA	NA	NA	NA	6.75e-13	rs36109883	NA	NA	True	False	True	continuous-20191-both_sexes--irnt	missense|LC	0.0315882050870065	0.0159333892654672	-0.0156973519054529	28.89810850047705	False	False
ENSG00000180596	H2BC4	8347	NA	NA	19271	NA	Tbio	P62807	70	33410	41822	ENST00000396984	1.9380e+00	"[""outlier_syn""]"	NA	NA	NA	NA	NA	4.92e-11	rs13200797	NA	NA	True	False	True	continuous-20016-both_sexes--irnt	missense|LC	0.0661169352856025	0.056143710774024	0.00530677596019517	102.172034750297	False	False
ENSG00000180822	PSMG4	389362	1.1	4265	19271	UKP04071	Tdark	Q5JS54	21	26491	41822	ENST00000438998	1.7370e+00	[]	NA	True	8.047e-10	96	eQTL	NA	NA	NA	NA	True	False	True	continuous-20191-both_sexes--irnt	pLoF	0.0169952831118494	0.0339600608117201	-0.0198134539338516	9.328391898803908	False	False
ENSG00000181013	NA	NA	NA	NA	19271	NA	NA	NA	NA	NA	41822	NA	NA	NA	NA	True	8.235e-13	196	positional	1.74e-08	rs6503866	8.235e-13	rs6503866	True	False	True	NA	NA	NA	NA	NA	NA	NA	NA
ENSG00000181214	OR8G2P	26492	2.0	6082	19271	UKP07640	NA	NA	5	20644	41822	ENST00000412796	NA	"[""no_exp_lof""]"	1.4458e-06	NA	NA	NA	NA	NA	NA	NA	NA	True	False	True	continuous-20191-both_sexes--irnt	missense|LC	0.218236916035674	0.126975431504867	0.00323728973668545	NA	False	False
ENSG00000181315	ZNF322	79692	1.5	4687	19271	UKP07609	Tbio	Q6U7Q0	22	26726	41822	ENST00000415922	4.2500e-01	[]	NA	True	4.671e-08	101:102	positional;eQTL;chromatin	9.31e-19	rs13201782	NA	NA	True	False	True	continuous-20016-both_sexes--irnt	missense|LC	0.0408050280876261	0.0520253026568425	-0.00464404916738624	36497.97795550039	True	True
ENSG00000181322	NME9	347736	0.0	1	19271	UKP09136	Tbio	Q86XW9	11	23581	41822	ENST00000333911	1.3930e+00	[]	4.5899e-09	NA	NA	NA	NA	NA	NA	NA	NA	True	False	True	continuous-20016-both_sexes--irnt	missense|LC	0.0150814433767996	0.560065983472126	0.000653564984679559	978.6736700081885	True	True
ENSG00000181418	DDN	23109	0.0	1	19271	UKP09242	Tbio	O94850	18	25715	41822	ENST00000421952	1.1660e+00	[]	2.3409e-14	True	2.518e-14	151	positional;eQTL	1.08e-15	rs1054442	2.518e-14	rs1054442	True	False	True	continuous-20016-both_sexes--irnt	pLoF	0.107101063667757	0.0720001835968953	0.0484108363445263	0.6498956852980527	False	False
ENSG00000181751	MACIR	90355	2.3	6711	19271	UKP08528	Tdark	Q96GV9	39	29901	41822	ENST00000319933	6.1000e-01	[]	NA	True	1.44e-07	86	chromatin	NA	NA	NA	NA	True	False	True	continuous-20023-both_sexes--irnt	pLoF	0.00123507809896284	0.00140240838012673	0.0524354861376198	NA	False	False
ENSG00000181754	AMIGO1	57463	5.0	11192	19271	UKP07190	Tbio	Q86WK6	22	26726	41822	ENST00000369864	9.9000e-02	[]	NA	True	1.572e-10	12	positional;eQTL	9.64e-12	rs3738773	3.497e-09	rs14184	True	False	True	continuous-20023-both_sexes--irnt	missense|LC	0.113448835391334	0.253715403557972	0.000555714670638599	3987.660016956682	True	True
ENSG00000181790	ADGRB1	575	17.1	17878	19271	UKP06199	Tbio	O14514	82	34376	41822	ENST00000517894	3.7200e-01	[]	1.2039e-08	True	9.073e-10	126	eQTL	NA	NA	NA	NA	True	False	True	continuous-20016-both_sexes--irnt	pLoF|missense|LC	0.0281069340028439	0.0144914638875777	-0.00158741495648838	1905.9864561949928	True	True
ENSG00000181929	PRKAG1	5571	15.2	17552	19271	UKP02619	Tchem	P54619	187	38315	41822	ENST00000548065	7.3500e-01	[]	1.0892e-12	True	2.518e-14	151	positional;eQTL	1.45e-14	rs10783300	3.95e-13	rs2293445	True	False	True	NA	NA	NA	NA	NA	NA	NA	NA
ENSG00000182057	OGFRP1	388906	NA	NA	19271	NA	NA	NA	6	21385	41822	NA	NA	NA	NA	NA	NA	NA	NA	1.55e-10	rs134882	NA	NA	True	False	True	NA	NA	NA	NA	NA	NA	NA	NA
ENSG00000182093	GET1	7485	5.6	11982	19271	UKP04163	Tbio	O00258	38	29747	41822	ENST00000649170	1.2370e+00	[]	NA	True	1.439e-11	209	eQTL	NA	NA	NA	NA	True	False	True	continuous-20023-both_sexes--irnt	pLoF	0.258902926264991	0.15733441548608	0.00831472684058126	19.369312945951773	False	False
ENSG00000182095	TNRC18	84629	3.2	8468	19271	UKP09660	Tbio	O15417	46	30867	41822	ENST00000430969	5.5600e-01	"[""outlier_mis"",""outlier_syn""]"	2.6717e-06	NA	NA	NA	NA	NA	NA	NA	NA	True	False	True	continuous-20016-both_sexes--irnt	pLoF|missense|LC	0.00576748385934145	0.071990879795127	0.000535397301435889	321451.52221942693	True	True
ENSG00000182149	IST1	9798	11.0	16257	19271	UKP00978	Tbio	P53990	118	36397	41822	ENST00000378799	9.2200e-01	[]	3.9805e-09	True	1.783e-09	190	positional;eQTL;chromatin	8.29e-09	rs12921084	4.103e-09	rs2288031	True	False	True	continuous-20016-both_sexes--irnt	pLoF|missense|LC	0.041998315322625	0.280191621680873	-0.00122435599140528	49001.77034505547	True	True
ENSG00000182179	UBA7	7318	5.2	11424	19271	UKP00095	Tbio	P41226	64	32852	41822	ENST00000333486	8.8300e-01	[]	1.7542e-14	True	3.691e-29	50	positional;eQTL;chromatin	6.28e-25	rs3819325	8.382e-23	rs3819325	True	False	True	continuous-20016-both_sexes--irnt	missense|LC	0.246239174825753	0.140488531769012	0.000846192854931508	3151.8753686171535	True	True
ENSG00000182196	ARL6IP4	51329	NA	NA	19271	NA	Tbio	Q66PJ3	100	35509	41822	ENST00000315580	1.2770e+00	[]	NA	True	3.095e-09	155	positional;eQTL;chromatin	NA	NA	2.03e-08	rs55742290	True	False	True	continuous-20016-both_sexes--irnt	pLoF	0.129021552286499	0.670684380829803	0.00089930886993453	175.15389189263843	True	True
ENSG00000182197	EXT1	2131	11.5	16473	19271	UKP00866	Tbio	Q16394	145	37283	41822	ENST00000378204	3.3900e-01	[]	1.5291e-09	NA	NA	NA	NA	NA	NA	NA	NA	True	False	True	continuous-20016-both_sexes--irnt	missense|LC	0.0540165066688275	0.219391209019454	-0.00200963273199008	428.8898358577682	True	True
ENSG00000182256	GABRG3	2567	5.0	11192	19271	UKP06232	Tclin	Q99928	49	31217	41822	ENST00000615808	6.0000e-01	[]	6.5179e-07	NA	NA	NA	NA	NA	NA	NA	NA	True	False	True	continuous-20023-both_sexes--irnt	pLoF	0.231758727745493	0.269121215878438	-0.018136933403489	2.4832966935575023	False	False
ENSG00000182325	FBXL6	26233	2.9	7932	19271	UKP02411	Tbio	Q8N531	36	29436	41822	ENST00000331890	1.3150e+00	[]	NA	True	5.305e-07	127	eQTL	NA	NA	NA	NA	True	False	True	continuous-20018-both_sexes--	pLoF|missense|LC	0.183862099159085	0.473561122461915	0.000209605223739734	143629.41705398564	True	True
ENSG00000182572	NA	NA	NA	NA	19271	NA	NA	NA	NA	NA	41822	NA	NA	NA	NA	NA	NA	NA	NA	4.55e-11	rs200956	NA	NA	True	False	True	NA	NA	NA	NA	NA	NA	NA	NA
ENSG00000182611	NA	NA	NA	NA	19271	NA	NA	NA	NA	NA	41822	NA	NA	NA	NA	NA	NA	NA	NA	4.23e-13	rs401763	NA	NA	True	False	True	NA	NA	NA	NA	NA	NA	NA	NA
ENSG00000182621	PLCB1	23236	25.5	18657	19271	UKP02402	Tbio	Q9NQ66	218	38858	41822	ENST00000338037	3.5700e-01	[]	1.5023e-07	NA	NA	NA	NA	NA	NA	NA	NA	True	False	True	continuous-20191-both_sexes--irnt	missense|LC	0.179083967262982	0.258118955356962	-0.000819064805058245	1943.5398654243243	True	True
ENSG00000182628	SKA2	348235	6.5	13008	19271	UKP01011	Tbio	Q8WVK7	81	34296	41822	ENST00000330137	1.5760e+00	[]	4.8435e-11	True	1.722e-13	196	positional;eQTL;chromatin	4.44e-09	rs1871751	1.827e-11	rs12051897	True	False	True	continuous-20018-both_sexes--	pLoF|missense|LC	0.445912827259318	0.267672807854808	0.00154939291762242	85.94758511208703	False	False
ENSG00000182700	IGIP	492311	0.0	1	19271	UKP12624	Tdark	A6NJ69	7	21987	41822	ENST00000333305	1.7020e+00	[]	NA	True	6.471e-07	91	eQTL	NA	NA	NA	NA	True	False	True	continuous-20023-both_sexes--irnt	missense|LC	0.47404003167543	0.374897851408881	0.000634414233098359	9032.104068672701	False	False
ENSG00000182810	DDX28	55794	2.6	7291	19271	UKP01615	Tbio	Q9NUL7	80	34209	41822	ENST00000332395	1.2610e+00	[]	NA	True	1.726e-07	188	chromatin	NA	NA	NA	NA	True	False	True	continuous-20018-both_sexes--	pLoF|missense|LC	0.096937277048551	0.100962057922731	-0.000667249459634456	121198.14516569527	True	True
ENSG00000182952	HMGN4	10473	1.0	3282	19271	UKP07781	Tdark	O00479	51	31461	41822	ENST00000377575	1.7200e+00	[]	5.7805e-07	True	1.476e-07	101	chromatin	2.16e-10	rs9467782	NA	NA	True	False	True	continuous-20018-both_sexes--	pLoF	0.000487268840543721	NA	NA	0.331809035112615	False	False
ENSG00000182963	GJC1	10052	6.4	12917	19271	UKP06294	Tbio	P36383	63	32750	41822	ENST00000592524	3.4800e-01	[]	1.0314e-06	True	5.812e-08	192	positional	NA	NA	NA	NA	True	False	True	continuous-20191-both_sexes--irnt	missense|LC	0.011390908480488	0.0819683259338901	-0.00232963008312343	428.661874366974	False	True
ENSG00000183066	WBP2NL	164684	3.8	9432	19271	UKP05279	Tbio	Q6ICG8	37	29593	41822	ENST00000328823	1.4730e+00	[]	3.1849e-09	True	1.204e-12	213	positional;eQTL	2.55e-13	rs133335	2.346e-08	rs133339	True	False	True	continuous-20016-both_sexes--irnt	missense|LC	0.15257309993216	0.25562314059832	-0.00465222296578443	150808.8889598246	True	True
ENSG00000183166	CALN1	83698	0.0	1	19271	UKP06033	Tbio	Q9BXU9	41	30167	41822	ENST00000395275	8.9800e-01	[]	2.6149e-17	True	1.275e-15	114	positional;eQTL	6.71e-12	rs35526560	1.275e-15	rs56150095	True	False	True	continuous-20018-both_sexes--	missense|LC	0.0342028488338222	0.0190502190302766	-0.00375522049182029	261.1482010563547	True	True
ENSG00000183172	SMDT1	91689	8.6	14895	19271	UKP07844	Tbio	Q9H4I9	49	31217	41822	ENST00000331479	1.7490e+00	[]	NA	True	1.135e-09	213	eQTL;chromatin	NA	NA	NA	NA	True	False	True	continuous-20018-both_sexes--	pLoF	0.194112889495076	0.124653756803982	0.0109545420592776	3.649765348583354	False	False
ENSG00000183396	TMEM89	440955	0.0	1	19271	UKP12925	Tdark	A2RUT3	6	21385	41822	ENST00000330862	1.1570e+00	[]	NA	True	2.115e-12	50	positional;eQTL	NA	NA	NA	NA	True	False	True	continuous-20018-both_sexes--	missense|LC	0.0916329973953066	0.0515010557167316	-0.00136968015497039	10244.121802608312	True	True
ENSG00000183454	GRIN2A	2903	21.4	18395	19271	UKP00189	Tclin	Q12879	289	39697	41822	ENST00000330684	2.6800e-01	[]	5.5302e-11	True	3.41e-09	178	positional;chromatin	NA	NA	3.41e-09	rs72774059	True	False	True	continuous-20023-both_sexes--irnt	pLoF	0.00450688856267245	0.00240478149612455	0.028766396877527	7.949790604828945	False	False
ENSG00000183496	MEX3B	84206	2.8	7695	19271	UKP08368	Tbio	Q6ZN04	47	30978	41822	ENST00000329713	1.8260e+00	"[""outlier_syn""]"	NA	True	3.882e-09	174	eQTL	NA	NA	NA	NA	True	False	True	continuous-20191-both_sexes--irnt	pLoF	0.22541646023498	0.158202168034217	-0.0384377216194638	2.0443863194645147	False	False
ENSG00000183527	PSMG1	8624	5.0	11192	19271	UKP09851	Tbio	O95456	85	34590	41822	ENST00000331573	9.2600e-01	[]	6.0934e-12	True	6.537e-12	209	positional;eQTL;chromatin	NA	NA	8.112e-11	rs2836932	True	False	True	continuous-20191-both_sexes--irnt	pLoF	0.00371975290998516	0.946903156336905	0.000406644241918941	4.730202669352095	False	False
ENSG00000183760	ACP7	390928	0.0	1	19271	UKP10091	Tdark	Q6ZNF0	12	23906	41822	ENST00000331256	1.1470e+00	[]	NA	True	3.19e-08	204	positional	NA	NA	3.19e-08	rs144026674	True	False	True	continuous-20016-both_sexes--irnt	pLoF	0.00859788876985512	0.0220472854283565	-0.0102866400790103	34.77205793953479	False	False
ENSG00000183763	TRAIP	10293	9.4	15426	19271	UKP08178	Tbio	Q9BWF2	67	33143	41822	ENST00000331456	7.3900e-01	[]	3.7642e-25	True	3.691e-29	50	positional;chromatin	5.19e-29	rs2352974	3.691e-29	rs2352974	True	False	True	continuous-20018-both_sexes--	pLoF	0.0321696559329638	0.770806430204992	0.000668328435056755	39.487073783368594	False	False
ENSG00000183864	TOB2	10766	2.8	7695	19271	UKP09837	Tbio	Q14106	47	30978	41822	ENST00000327492	4.2100e-01	[]	NA	True	5.09e-11	213	chromatin	NA	NA	NA	NA	True	False	True	continuous-20016-both_sexes--irnt	pLoF|missense|LC	0.149812759414916	0.0903236831448418	-0.00146863817281544	1293.1257040317591	True	True
ENSG00000183955	KMT5A	387893	13.2	17041	19271	UKP08469	Tchem	Q9NQR1	195	38474	41822	ENST00000402868	3.1400e-01	[]	NA	True	4.077e-09	155	positional;eQTL	NA	NA	NA	NA	True	False	True	continuous-20023-both_sexes--irnt	missense|LC	0.0167650502497747	0.0178950259608173	-0.00130935035719913	2558.387801504115	True	True
ENSG00000184068	SREBF2-AS1	112637020	NA	NA	19271	NA	NA	NA	2	15717	41822	NA	NA	NA	NA	NA	NA	NA	NA	1.04e-09	rs13057991	4.179e-08	rs13057991	True	False	True	NA	NA	NA	NA	NA	NA	NA	NA
ENSG00000184110	EIF3C	8663	7.8	14288	19271	UKP00204	Tchem	Q99613	236	39117	41822	ENST00000331666	7.4600e-01	[]	NA	True	1.246e-24	184	eQTL	NA	NA	NA	NA	True	False	True	continuous-20016-both_sexes--irnt	missense|LC	0.135841001079092	0.0819713595540428	0.00750073494771619	82.31289056752473	True	True
ENSG00000184209	SNRNP35	11066	3.7	9268	19271	UKP02351	Tdark	Q16560	40	30023	41822	ENST00000526639	9.7100e-01	[]	NA	True	6.46e-08	155	eQTL	NA	NA	NA	NA	True	False	True	continuous-20016-both_sexes--irnt	pLoF|missense|LC	0.00979446232268688	0.00665867993899827	0.00272578196786292	936.0229678851289	True	True
ENSG00000184304	PRKD1	5587	35.4	19035	19271	UKP06247	Tchem	Q15139	247	39260	41822	ENST00000331968	7.6200e-01	[]	3.9441e-07	True	2.435e-09	162	positional	4.21e-08	rs1108732	2.435e-09	rs971681	True	False	True	continuous-20191-both_sexes--irnt	pLoF	0.236593276372412	0.145923955632668	0.00583182125541258	49.61009594900697	False	False
ENSG00000184349	EFNA5	1946	15.5	17610	19271	UKP06450	Tbio	P52803	74	33740	41822	ENST00000333274	4.7600e-01	[]	6.6388e-08	NA	NA	NA	NA	NA	NA	NA	NA	True	False	True	continuous-20023-both_sexes--irnt	pLoF	0.0985172395392082	0.0774297397904944	0.0458289209282849	0.9953700284535204	False	False
ENSG00000184357	H1-5	3009	NA	NA	19271	NA	Tbio	P16401	211	38758	41822	ENST00000331442	1.6860e+00	"[""outlier_mis"",""outlier_syn""]"	NA	NA	NA	NA	NA	1.82e-17	rs17763089	NA	NA	True	False	True	continuous-20018-both_sexes--	missense|LC	0.0325452125215849	0.0182113229353189	0.00081755542515212	10040.538763675553	False	False
ENSG00000184486	POU3F2	5454	9.8	15662	19271	UKP06119	Tbio	P20265	69	33315	41822	ENST00000328345	8.2200e-01	[]	NA	True	9.114e-11	105	positional;eQTL	3.47e-08	rs3823036	9.114e-11	rs3823036	True	False	True	continuous-20023-both_sexes--irnt	pLoF|missense|LC	0.183477830304037	0.645259090159903	-0.000355593835422215	8010.730591506982	True	True
ENSG00000184500	PROS1	5627	2.3	6711	19271	UKP06223	Tbio	P07225	362	40219	41822	ENST00000394236	5.3000e-01	[]	4.0467e-07	True	1.319e-08	56	positional;eQTL	NA	NA	NA	NA	True	False	True	continuous-20023-both_sexes--irnt	pLoF	0.00692398980068165	0.00405183669485165	0.0155565563479195	21.12142958425464	False	False
ENSG00000184730	APOBR	55911	2.6	7291	19271	UKP14328	Tbio	Q0VD83	16	25187	41822	ENST00000564831	9.9000e-01	[]	2.7674e-14	True	7.312e-19	184	positional	5.61e-14	rs151174	7.312e-19	rs149271	True	False	True	continuous-20016-both_sexes--irnt	pLoF|missense|LC	0.0212357075863577	0.0437522774952501	0.00130535269968578	231639.64716480084	True	True
ENSG00000184779	NA	NA	NA	NA	19271	NA	NA	NA	NA	NA	41822	NA	NA	NA	NA	True	3.552e-09	174	eQTL	NA	NA	NA	NA	True	False	True	NA	NA	NA	NA	NA	NA	NA	NA
ENSG00000184792	OSBP2	23762	1.8	5759	19271	UKP01577	Tchem	Q969R2	53	31698	41822	ENST00000332585	8.9300e-01	[]	NA	True	4.998e-08	210	positional;eQTL	NA	NA	NA	NA	True	False	True	continuous-20191-both_sexes--irnt	pLoF	0.0333032032755799	0.0199177929773067	-0.0145602445727316	21.467260621231016	False	False
ENSG00000184825	NA	NA	NA	NA	19271	NA	NA	NA	NA	NA	41822	NA	NA	NA	NA	True	5.813e-07	101:102	chromatin	NA	NA	NA	NA	True	False	True	NA	NA	NA	NA	NA	NA	NA	NA
ENSG00000184886	NA	NA	NA	NA	19271	NA	NA	NA	NA	NA	41822	NA	NA	NA	NA	True	2.376e-10	191	positional;eQTL	1.19e-09	rs11650008	3.624e-09	rs11650008	True	False	True	NA	NA	NA	NA	NA	NA	NA	NA
ENSG00000184903	IMMP2L	83943	2.6	7291	19271	UKP02910	Tbio	Q96T52	54	31817	41822	ENST00000405709	1.7580e+00	[]	3.1031e-07	NA	NA	NA	NA	NA	NA	NA	NA	True	False	True	continuous-20018-both_sexes--	missense|LC	0.0139691810146299	0.945546970366987	-9.09484960953294e-05	202.48121615633124	False	True
ENSG00000184983	NDUFA6	4700	4.1	9897	19271	UKP05016	Tclin	P56556	69	33315	41822	ENST00000498737	1.5230e+00	[]	NA	True	1.135e-09	213	positional;eQTL;chromatin	2.42e-13	rs7245	NA	NA	True	False	True	continuous-20023-both_sexes--irnt	pLoF|missense|LC	0.0267484457311293	0.014522438741343	-0.00238190184139818	126469.95779668358	True	True
ENSG00000185046	ANKS1B	56899	2.3	6711	19271	UKP08106	Tbio	Q7Z6G8	67	33143	41822	ENST00000683438	2.9800e-01	[]	9.2942e-07	NA	NA	NA	NA	NA	NA	NA	NA	True	False	True	continuous-20023-both_sexes--irnt	pLoF|missense|LC	0.0180015642525274	0.00993320314139079	0.00490686594996377	181.43625381597514	True	True
ENSG00000185053	SGCZ	137868	4.3	10201	19271	UKP07521	Tbio	Q96LD1	19	25988	41822	ENST00000382080	1.3320e+00	"[""outlier_mis""]"	NA	True	2.372e-13	119	positional	1.26e-10	rs13253386	2.372e-13	rs13253386	True	False	True	continuous-20016-both_sexes--irnt	pLoF	0.0484449496904279	0.0287639228631343	-0.0120308122294052	25.850468106345794	False	False
ENSG00000185130	H2BC13	8340	4.2	10017	19271	UKP02347	Tbio	Q99880	111	36066	41822	ENST00000377401	1.9620e+00	[]	NA	NA	NA	NA	NA	2.56e-13	rs200484	NA	NA	True	False	True	continuous-20018-both_sexes--	missense|LC	0.127407148050102	0.0697379354416938	0.0031290034102309	17690.897621160053	False	False
ENSG00000185294	SPPL2C	162540	5.9	12348	19271	UKP01131	Tbio	Q8IUH8	18	25715	41822	ENST00000329196	1.1210e+00	[]	3.8411e-07	NA	NA	NA	NA	NA	NA	NA	NA	True	False	True	continuous-20023-both_sexes--irnt	pLoF	0.0458054202744383	0.025591112789587	0.00724545226989654	61.08794266942406	True	True
ENSG00000185437	SH3BGR	6450	0.5	1903	19271	UKP07912	Tbio	P55822	18	25715	41822	ENST00000333634	1.8080e+00	[]	NA	True	1.041e-10	209	eQTL	NA	NA	NA	NA	True	False	True	continuous-20018-both_sexes--	pLoF	0.042029645614275	0.278762468802294	0.00243189459336341	14.101692184898658	False	False
ENSG00000185614	INKA1	389119	2.6	7291	19271	UKP07610	Tdark	Q96EL1	22	26726	41822	ENST00000333323	1.0480e+00	[]	NA	True	3.691e-29	50	eQTL;chromatin	NA	NA	NA	NA	True	False	True	continuous-20191-both_sexes--irnt	missense|LC	0.107241596964046	0.0599176695438941	-0.00267518264666487	461.3141293983854	True	True
ENSG00000185619	PCGF3	10336	2.7	7600	19271	UKP07253	Tbio	Q3KNV8	44	30589	41822	ENST00000362003	5.0000e-01	[]	NA	True	2.505e-09	61	positional;eQTL	7.03e-10	rs75751670	3.91e-09	rs150537577	True	False	True	continuous-20023-both_sexes--irnt	pLoF	0.0939505650565238	0.0630485674890495	0.0278617884940261	2.980576632227089	False	False
ENSG00000185658	BRWD1	54014	1.5	4687	19271	UKP01789	Tbio	Q9NSI6	58	32254	41822	ENST00000342449	4.4700e-01	[]	5.9296e-11	True	6.537e-12	209	positional;eQTL	NA	NA	1.439e-11	rs1541102	True	False	True	continuous-20016-both_sexes--irnt	missense|LC	0.145294381586286	0.0796158939143387	-0.000938599191745467	253585.02594596922	True	True
ENSG00000185829	ARL17A	51326	1.5	4687	19271	UKP01267	Tdark	Q8IVW1	11	23581	41822	NA	NA	NA	NA	True	1.702e-08	193	eQTL	NA	NA	NA	NA	True	False	True	NA	NA	NA	NA	NA	NA	NA	NA
ENSG00000185909	KLHDC8B	200942	3.9	9571	19271	UKP08651	Tbio	Q8IXV7	19	25988	41822	ENST00000332780	1.0160e+00	[]	1.6389e-11	True	1.33e-27	50	positional;eQTL	2.54e-10	rs34571182	4.911e-12	rs34571182	True	False	True	continuous-20023-both_sexes--irnt	pLoF	0.0573463441272992	0.0316629936630388	0.0101846444374918	29.79933770045854	False	False
ENSG00000185920	PTCH1	5727	19.9	18258	19271	UKP06074	Tbio	Q13635	877	41277	41822	ENST00000331920	1.4600e-01	[]	1.5021e-09	True	1.511e-08	130:131	positional;eQTL;chromatin	1.24e-08	rs1355620	1.511e-08	rs28620532	True	False	True	continuous-20191-both_sexes--irnt	pLoF|missense|LC	0.0366558747045135	0.0519310575221695	0.00122507930355613	36061.56104668806	True	True
ENSG00000186417	GLDN	342035	0.5	1903	19271	UKP07556	Tbio	Q6ZMI3	20	26233	41822	ENST00000335449	1.0780e+00	[]	NA	True	4.681e-11	172	positional;eQTL	5.35e-10	rs112714914	6.702e-11	rs112714914	True	False	True	continuous-20018-both_sexes--	pLoF|missense|LC	0.0224744966560112	0.0121614354165074	0.000621803073999091	51528.03272550066	True	True
ENSG00000186446	ZNF501	115560	3.1	8298	19271	UKP07634	Tdark	Q96CX3	15	24874	41822	ENST00000620116	1.3950e+00	[]	1.7784e-06	NA	NA	NA	NA	NA	NA	NA	NA	True	False	True	continuous-20016-both_sexes--irnt	missense|LC	0.00484901410048155	0.0149990034504892	-0.00367302631110305	72427.7059077829	True	True
ENSG00000186453	FAM228A	653140	0.0	1	19271	UKP12674	Tdark	Q86W67	9	22843	41822	ENST00000295150	9.5900e-01	[]	NA	True	1.41e-07	18	eQTL	NA	NA	NA	NA	True	False	True	continuous-20023-both_sexes--irnt	missense|LC	0.0358660791410572	0.035912761638399	-0.00193125659893352	123101.9981151285	True	True
ENSG00000186470	BTN3A2	11118	3.1	8298	19271	UKP07638	Tbio	P78410	46	30867	41822	ENST00000377708	1.0430e+00	[]	2.9569e-07	True	4.671e-08	101	positional;eQTL;chromatin	5.52e-14	rs66823108	NA	NA	True	False	True	continuous-20016-both_sexes--irnt	missense|LC	0.00231356410620176	0.0428777872689696	-0.00269706119661922	78202.25519972386	True	True
ENSG00000186792	HYAL3	8372	11.3	16392	19271	UKP06182	Tbio	O43820	37	29593	41822	ENST00000336307	1.0940e+00	[]	NA	True	1.439e-22	50	eQTL	NA	NA	NA	NA	True	False	True	continuous-20018-both_sexes--	missense|LC	0.16247422248172	0.800369335934664	0.000111737601682249	62163.042617518084	True	True
ENSG00000186868	MAPT	4137	76.2	19253	19271	UKP07405	Tclin	P10636	4825	41783	41822	ENST00000262410	7.2300e-01	[]	9.732e-07	True	1.702e-08	193	positional;eQTL	1.26e-11	rs78026984	4.673e-08	rs2471738	True	False	True	continuous-20191-both_sexes--irnt	missense|LC	0.0116446712053548	0.14787385485437	-0.000945837875010023	138489.83760328143	True	True
ENSG00000187008	NA	NA	NA	NA	19271	NA	NA	NA	NA	NA	41822	NA	NA	NA	NA	NA	NA	NA	NA	5.45e-09	rs9921412	2.522e-09	rs9921412	True	False	True	NA	NA	NA	NA	NA	NA	NA	NA
ENSG00000187323	DCC	1630	6.9	13452	19271	UKP06097	Tbio	P43146	348	40118	41822	ENST00000442544	4.1400e-01	[]	9.1686e-23	True	9.561e-17	197:198	positional	4.39e-16	rs11662271	9.561e-17	rs6508220	True	False	True	continuous-20018-both_sexes--	pLoF	0.00160906242711201	0.00582622592472359	-0.0196629205714361	2.159817555884178	False	False
ENSG00000187446	CHP1	11261	20.4	18303	19271	UKP08728	Tbio	Q99653	115	36262	41822	ENST00000334660	6.9100e-01	[]	NA	True	4.27e-07	170	positional	4.35e-08	rs77636966	NA	NA	True	False	True	continuous-20191-both_sexes--irnt	missense|LC	0.228632955344721	0.231389196697297	-0.00529156768352743	46.53772810364859	False	False
ENSG00000187492	CDHR4	389118	1.0	3282	19271	UKP06413	Tdark	A6H8M9	7	21987	41822	ENST00000412678	1.1740e+00	[]	2.0343e-20	True	3.691e-29	50	positional;eQTL	1.43e-27	rs6802890	1.481e-26	rs6802890	True	False	True	continuous-20016-both_sexes--irnt	pLoF	0.0332515303630816	0.0242617173300552	-0.00426610308361657	226.170241913181	True	True
ENSG00000187510	PLEKHG7	440107	0.5	1903	19271	UKP09727	Tdark	Q6ZR37	15	24874	41822	ENST00000344636	1.1800e+00	[]	1.0709e-07	True	1.241e-08	154	positional;eQTL	NA	NA	NA	NA	True	False	True	continuous-20191-both_sexes--irnt	pLoF	0.0740109396176496	0.391343800974261	-0.00737990430833394	9.455236283833354	False	False
ENSG00000187626	ZKSCAN4	387032	2.3	6711	19271	UKP06489	Tbio	Q969J2	42	30309	41822	ENST00000377294	1.0380e+00	[]	NA	True	7.954e-07	102	eQTL	4.59e-18	rs13208096	NA	NA	True	False	True	continuous-20191-both_sexes--irnt	pLoF	0.00725923035402964	0.00466725008334645	-0.0138686703402006	34.37393270695182	False	False
ENSG00000187954	ZFTRAF1	50626	0.0	1	19271	UKP08674	Tdark	P0DTL6	24	27198	41822	ENST00000530374	1.1630e+00	[]	NA	True	2.887e-09	127	positional;eQTL	NA	NA	2.634e-08	rs2721195	True	False	True	continuous-20191-both_sexes--irnt	pLoF	0.00586270005449885	0.00357491671123866	-0.0793574145788095	0.6388657290447735	False	False
ENSG00000187987	ZSCAN23	222696	2.3	6711	19271	UKP06820	Tdark	Q3MJ62	17	25457	41822	ENST00000289788	1.3510e+00	[]	NA	True	1.075e-09	101:102	eQTL	9.19e-12	rs7766356	NA	NA	True	False	True	continuous-20016-both_sexes--irnt	missense|LC	0.177872185616075	0.101207834924626	-0.00252474950002331	389.9408389494892	True	True
ENSG00000188026	RILPL1	353116	3.0	8111	19271	UKP06614	Tbio	Q5EBL4	27	27814	41822	ENST00000376874	9.4800e-01	[]	NA	True	6.46e-08	155	eQTL	NA	NA	NA	NA	True	False	True	continuous-20018-both_sexes--	pLoF	0.326922034823368	0.199274578287967	-0.00594108972803456	8.478461923475937	False	False
ENSG00000188315	C3orf62	375341	0.5	1903	19271	UKP09106	Tdark	Q6ZUJ4	20	26233	41822	ENST00000343010	1.1720e+00	[]	9.3286e-13	True	4.983e-27	50	positional;eQTL;chromatin	4.38e-11	rs56306491	2.115e-12	rs56306491	True	False	True	continuous-20023-both_sexes--irnt	missense|LC	0.000323283130160834	0.0364733023391559	0.0008641529796148	51431.250304556765	True	True
ENSG00000188322	SBK1	388228	0.5	1903	19271	UKP05934	Tchem	Q52WX2	12	23906	41822	ENST00000341901	1.1400e+00	[]	NA	True	1.246e-24	184	positional;eQTL;chromatin	7.44e-11	rs2650492	1.802e-14	rs2650492	True	False	True	continuous-20018-both_sexes--	pLoF|missense|LC	0.0282284986565109	0.0194929717169221	0.00118031170560673	923.7713512365884	True	True
ENSG00000188338	SLC38A3	10991	17.3	17917	19271	UKP00501	Tbio	Q99624	76	33921	41822	ENST00000614032	4.3300e-01	[]	5.5307e-09	NA	NA	NA	NA	2.51e-11	rs2236942	3.716e-09	rs2282749	True	False	True	continuous-20023-both_sexes--irnt	pLoF|missense|LC	0.0855030436738341	0.0449594019464775	-0.00209639779013	604.1922614115009	True	True
ENSG00000188385	JAKMIP3	282973	0.0	1	19271	UKP07427	Tdark	Q5VZ66	14	24572	41822	ENST00000684848	6.8600e-01	[]	NA	True	7.777e-08	141	eQTL	NA	NA	NA	NA	True	False	True	continuous-20023-both_sexes--irnt	pLoF|missense|LC	0.248437145135351	0.169382274675945	0.000768861831101097	182048.99707505427	True	True
ENSG00000188483	IER5L	389792	0.0	1	19271	UKP08869	Tdark	Q5T953	12	23906	41822	ENST00000372491	8.4900e-01	"[""outlier_mis"",""outlier_syn""]"	1.6204e-07	True	1.09e-10	132	positional;eQTL	5.26e-09	rs184457	4.168e-10	rs184457	True	False	True	continuous-20191-both_sexes--irnt	missense|LC	0.0925944401804909	0.161723813893568	-0.00113106513109219	32477.543925467446	True	True
ENSG00000188549	CCDC9B	388115	0.5	1903	19271	UKP09670	Tdark	Q6ZUT6	19	25988	41822	ENST00000397536	1.1640e+00	[]	NA	True	1.118e-08	170	eQTL	NA	NA	NA	NA	True	False	True	continuous-20018-both_sexes--	pLoF|missense|LC	0.108244743039087	0.0596113862663877	0.000572824408975515	20397.327624225738	True	True
ENSG00000188580	NKAIN2	154215	0.5	1903	19271	UKP07324	Tbio	Q5VXU1	26	27606	41822	ENST00000368417	9.0400e-01	[]	3.4705e-07	NA	NA	NA	NA	NA	NA	NA	NA	True	False	True	continuous-20023-both_sexes--irnt	missense|LC	0.423489034074389	0.275420128382527	0.00590746543737514	222.3501767830498	True	True
ENSG00000188603	CLN3	1201	31.1	18919	19271	UKP07126	Tbio	Q13286	326	39983	41822	ENST00000636147	1.0220e+00	[]	1.0112e-10	True	7.586e-21	184	positional;eQTL	5.95e-14	rs151301	2.374e-19	rs149299	True	False	True	continuous-20023-both_sexes--irnt	pLoF	0.0370103776789059	0.238676073643322	0.00509659862603382	NA	False	False
ENSG00000188641	DPYD	1806	13.8	17208	19271	UKP02219	Tclin	Q12882	272	39535	41822	ENST00000370192	1.0900e+00	[]	4.5824e-07	True	3.209e-09	10	positional;chromatin	2.75e-10	rs78164635	3.209e-09	rs78164635	True	False	True	continuous-20023-both_sexes--irnt	missense|LC	0.0906488090120038	0.0508597863851166	-0.000620093343500461	234179.82022541136	True	True
ENSG00000188659	SAXO2	283726	0.5	1903	19271	UKP08197	Tdark	Q658L1	5	20644	41822	ENST00000682753	1.4490e+00	[]	2.1032e-09	True	3.552e-09	174	positional;eQTL	1.17e-08	rs7496227	4.372e-08	rs11854289	True	False	True	continuous-20023-both_sexes--irnt	missense|LC	0.0545872123637307	0.285760123841474	0.000395258380522249	372038.55625059677	True	True
ENSG00000189002	PROS2P	5628	NA	NA	19271	NA	NA	NA	3	18154	41822	NA	NA	NA	NA	NA	NA	NA	NA	NA	NA	5.72e-09	rs7432427	True	False	True	NA	NA	NA	NA	NA	NA	NA	NA
ENSG00000189060	H1-0	3005	7.3	13831	19271	UKP01752	Tchem	P07305	204	38632	41822	ENST00000340857	1.1370e+00	[]	NA	True	3.582e-08	211	positional;eQTL	NA	NA	NA	NA	True	False	True	continuous-20023-both_sexes--irnt	pLoF	0.21566519469756	0.13486981655365	0.0224095003198513	2.9799623231901458	False	False
ENSG00000189134	NKAPL	222698	0.5	1903	19271	UKP00607	Tbio	Q5M9Q1	36	29436	41822	ENST00000343684	8.1200e-01	[]	NA	NA	NA	NA	NA	1.71e-11	rs1679709	NA	NA	True	False	True	continuous-20016-both_sexes--irnt	pLoF|missense|LC	0.247283571609326	0.156586857713258	0.00100894615246326	144645.52121647238	True	True
ENSG00000189171	S100A13	6284	9.8	15662	19271	UKP07083	Tbio	Q99584	81	34296	41822	ENST00000476133	1.3550e+00	[]	NA	True	3.662e-09	13	eQTL	NA	NA	NA	NA	True	False	True	continuous-20191-both_sexes--irnt	pLoF|missense|LC	0.0425310730318824	0.0286104676417382	-0.00303450834197548	452.2543354737868	True	True
ENSG00000189298	ZKSCAN3	80317	11.1	16303	19271	UKP07018	Tbio	Q9BRR0	44	30589	41822	ENST00000252211	9.2700e-01	[]	NA	True	7.954e-07	102	eQTL	7.1e-18	rs35353359	NA	NA	True	False	True	continuous-20023-both_sexes--irnt	missense|LC	0.146414340878089	0.0819637735910348	-0.000853684954368743	305630.8170683801	True	True
ENSG00000196072	BLOC1S2	282991	12.0	16648	19271	UKP09306	Tbio	Q6QNY1	60	32462	41822	ENST00000370372	1.0850e+00	[]	1.9646e-07	True	5.23e-09	137	positional;eQTL	NA	NA	NA	NA	True	False	True	continuous-20023-both_sexes--irnt	pLoF	0.00689320309218522	0.00661741539217142	0.00591411682630928	144.02894451948018	True	True
ENSG00000196090	PTPRT	11122	16.3	17761	19271	UKP06406	Tbio	O14522	66	33055	41822	ENST00000373187	3.9500e-01	[]	4.6489e-13	NA	NA	NA	NA	NA	NA	NA	NA	True	False	True	continuous-20023-both_sexes--irnt	pLoF|missense|LC	0.00785953842888132	0.0117922358518984	0.000606994177603326	15938.333290388166	True	True
ENSG00000196176	NA	NA	NA	NA	19271	NA	NA	NA	NA	NA	41822	NA	NA	NA	NA	NA	NA	NA	NA	8.81e-11	rs3734528	NA	NA	True	False	True	NA	NA	NA	NA	NA	NA	NA	NA
ENSG00000196236	XPNPEP3	63929	6.6	13122	19271	UKP01872	Tbio	Q9NQH7	67	33143	41822	ENST00000357137	8.3100e-01	[]	NA	True	2.244e-07	213	eQTL	1.62e-08	rs2413631	NA	NA	True	False	True	continuous-20191-both_sexes--irnt	pLoF|missense|LC	0.114606217275186	0.0649684149267533	-0.00203384244965971	618.0502637256119	True	True
ENSG00000196262	PPIA	5478	27.7	18779	19271	UKP01939	Tclin	P62937	669	41070	41822	ENST00000468812	4.2900e-01	[]	NA	True	4.15e-11	112	positional;eQTL	NA	NA	NA	NA	True	False	True	continuous-20191-both_sexes--irnt	missense|LC	0.113854552280339	0.0655114342431385	0.00949124437421346	44.75460701287588	False	False
ENSG00000196296	ATP2A1	487	21.8	18425	19271	UKP00373	Tchem	O14983	172	37969	41822	ENST00000395503	8.8100e-01	[]	4.6207e-23	True	1.246e-24	184	positional;eQTL	1.25e-18	rs7498555	2.001e-24	rs8055138	True	False	True	continuous-20016-both_sexes--irnt	pLoF	0.183813959796581	0.104755477068518	0.0044772973072809	99.94364133236313	True	True
ENSG00000196378	ZNF34	80778	1.5	4687	19271	UKP06870	Tdark	Q8IZ26	22	26726	41822	ENST00000429371	1.1350e+00	[]	NA	True	2.887e-09	127	eQTL	NA	NA	NA	NA	True	False	True	continuous-20023-both_sexes--irnt	pLoF	0.0640778076815055	0.189265804205894	-0.00584695128421283	33.810298436301515	False	False
ENSG00000196419	XRCC6	2547	21.8	18425	19271	UKP00443	Tchem	P12956	1840	41635	41822	ENST00000360079	1.7200e-01	[]	NA	True	3.879e-11	213	positional;chromatin	2.52e-11	rs28741121	3.879e-11	rs28741121	True	False	True	continuous-20191-both_sexes--irnt	pLoF	0.138152056841516	0.0880747121624337	-0.0328480242941251	1.6610787934847158	False	False
ENSG00000196453	ZNF777	27153	4.5	10501	19271	UKP06288	Tdark	Q9ULD5	17	25457	41822	ENST00000247930	1.9900e-01	[]	9.0079e-07	NA	NA	NA	NA	NA	NA	NA	NA	True	False	True	continuous-20018-both_sexes--	pLoF	0.00139958813342789	0.00506626087910744	-0.032641675759752	0.8295051508201616	False	False
ENSG00000196482	ESRRG	2104	5.9	12348	19271	UKP06057	Tchem	P62508	244	39223	41822	ENST00000408911	4.6400e-01	[]	1.197e-06	True	2.173e-08	17	positional	3.66e-10	rs11117646	2.173e-08	rs10779271	True	False	True	continuous-20016-both_sexes--irnt	pLoF|missense|LC	0.0807986269262152	0.364337266015454	0.00175300171803047	1679.9501854774328	True	True
ENSG00000196502	SULT1A1	6817	13.2	17041	19271	UKP04208	Tchem	P50225	469	40655	41822	ENST00000314752	1.3300e+00	[]	1.8133e-15	True	1.246e-24	184	positional;eQTL	3.36e-15	rs2411453	8.779e-20	rs2411453	True	False	True	continuous-20023-both_sexes--irnt	pLoF	0.0461863433809816	0.024588164432274	-0.00480219217959063	129.27267035358133	True	True
ENSG00000196517	SLC6A9	6536	9.5	15494	19271	UKP06265	Tchem	P48067	166	37831	41822	ENST00000372310	5.4400e-01	[]	NA	True	8.724e-11	4	eQTL	NA	NA	NA	NA	True	False	True	continuous-20023-both_sexes--irnt	pLoF|missense|LC	0.354997467407172	0.206236770627553	-0.00214964809950932	222.5010969816008	True	True
ENSG00000196532	NA	NA	NA	NA	19271	NA	NA	NA	NA	NA	41822	NA	NA	NA	NA	NA	NA	NA	NA	4.44e-10	rs3752417	NA	NA	True	False	True	NA	NA	NA	NA	NA	NA	NA	NA
ENSG00000196586	MYO6	4646	16.3	17761	19271	UKP00221	Tbio	Q9UM54	300	39775	41822	ENST00000369977	4.8200e-01	[]	NA	True	3.919e-08	103	positional;eQTL	NA	NA	3.919e-08	rs1280049	True	False	True	continuous-20191-both_sexes--irnt	pLoF	0.201010300622895	0.111376992270521	0.00894861172319984	24.485194477185015	False	False
ENSG00000196588	MRTFA	57591	8.6	14895	19271	UKP06845	Tbio	Q969V6	321	39933	41822	ENST00000355630	3.8900e-01	[]	NA	NA	NA	NA	NA	1.52e-08	rs8139974	NA	NA	True	False	True	continuous-20018-both_sexes--	pLoF	0.206730204534198	0.119009393792749	0.0072160079596864	0.33179769020362676	False	False
ENSG00000196666	FAM180B	399888	0.0	1	19271	UKP09290	Tdark	Q6P0A1	3	18154	41822	ENST00000538490	1.6200e+00	[]	NA	True	9.728e-09	142	eQTL	NA	NA	NA	NA	True	False	True	continuous-20023-both_sexes--irnt	pLoF|missense|LC	0.00181014506178923	0.323937298272313	-0.000971545894143731	392175.2268796283	True	True
ENSG00000196782	MAML3	55534	3.4	8766	19271	UKP07493	Tbio	Q96JK9	54	31817	41822	ENST00000509479	3.2700e-01	[]	2.3063e-08	NA	NA	NA	NA	1.48e-08	rs35853157	NA	NA	True	False	True	continuous-20016-both_sexes--irnt	pLoF|missense|LC	0.0216987995764454	0.0983889163247069	-0.000759008943153297	335713.4291816448	True	True
ENSG00000196787	H2AC11	8969	NA	NA	19271	NA	Tbio	P0C0S8	74	33740	41822	ENST00000359193	1.8730e+00	[]	NA	True	5.813e-07	101:102	chromatin	NA	NA	NA	NA	True	False	True	continuous-20023-both_sexes--irnt	pLoF	0.00442155140137312	0.00269224855357275	0.0164253143744638	22.349164574994425	False	False
ENSG00000196812	ZSCAN16	80345	2.3	6711	19271	UKP06820	Tdark	Q9H4T2	26	27606	41822	ENST00000340487	1.3500e+00	[]	NA	NA	NA	NA	NA	3.64e-11	rs4713140	NA	NA	True	False	True	continuous-20191-both_sexes--irnt	pLoF|missense|LC	0.10868892509296	0.0982155676044352	-0.00169483562323481	830.0210640660559	True	True
ENSG00000196923	PDLIM7	9260	3.4	8766	19271	UKP06524	Tbio	Q9NR12	267	39481	41822	ENST00000355841	9.1000e-01	[]	NA	True	1.731e-11	95	eQTL	NA	NA	NA	NA	True	False	True	continuous-20191-both_sexes--irnt	pLoF	0.160326058601802	0.480953599650032	0.00678319002036104	8.581050783252294	False	False
ENSG00000196963	NA	NA	NA	NA	19271	NA	NA	NA	NA	NA	41822	NA	NA	NA	NA	True	6.615e-08	91	eQTL	NA	NA	NA	NA	True	False	True	NA	NA	NA	NA	NA	NA	NA	NA
ENSG00000196993	NPIPB9	100507607	0.0	1	19271	UKP14395	Tdark	F8W1W9	5	20644	41822	ENST00000550983	NA	"[""no_exp_lof""]"	NA	True	1.246e-24	184	eQTL	NA	NA	NA	NA	True	False	True	continuous-20023-both_sexes--irnt	pLoF	0.0730427574822441	0.0907456291868842	-0.00609191957504969	24.133833349962632	False	False
ENSG00000197062	ZSCAN26	7741	2.7	7600	19271	UKP06820	Tdark	Q16670	38	29747	41822	ENST00000421553	1.5660e+00	[]	NA	NA	NA	NA	NA	4.1e-18	rs67998226	NA	NA	True	False	True	continuous-20018-both_sexes--	missense|LC	0.0467040076292417	0.0299877269100266	0.00085193793789762	24252.87916327144	True	True
ENSG00000197111	PCBP2	5094	11.4	16433	19271	UKP02182	Tbio	Q15366	454	40611	41822	ENST00000546463	1.3900e-01	[]	6.4702e-07	NA	NA	NA	NA	NA	NA	NA	NA	True	False	True	continuous-20191-both_sexes--irnt	missense|LC	0.128676539553415	0.517066589058546	0.00349380232744684	28.561407099081713	False	False
ENSG00000197142	ACSL5	51703	8.6	14895	19271	UKP01708	Tchem	Q9ULC5	91	34992	41822	ENST00000354655	7.0200e-01	[]	2.5591e-06	NA	NA	NA	NA	NA	NA	NA	NA	True	False	True	continuous-20018-both_sexes--	pLoF	0.0106083714184128	0.0175517042531756	-0.00634769524609593	25.731674278382545	False	False
ENSG00000197153	H3C12	8356	NA	NA	19271	NA	NA	NA	88	34796	41822	ENST00000359303	1.6240e+00	[]	NA	True	1.119e-07	101:102	eQTL	1.21e-09	rs200968	NA	NA	True	False	True	continuous-20191-both_sexes--irnt	pLoF|missense|LC	0.0128507635840031	0.00614179258832004	-0.0129987090070567	24.79091848615175	False	False
ENSG00000197157	SND1	27044	8.2	14610	19271	UKP00267	Tchem	Q7KZF4	419	40480	41822	ENST00000354725	3.8600e-01	[]	6.8946e-14	True	2.687e-13	116	positional;eQTL;chromatin	2.58e-12	rs4731392	2.687e-13	rs4731392	True	False	True	continuous-20023-both_sexes--irnt	missense|LC	0.00711387314362599	0.0302263055918989	-0.000844986077887479	7519.635096205872	True	True
ENSG00000197165	SULT1A2	6799	8.4	14752	19271	UKP04208	Tbio	P50226	86	34654	41822	ENST00000335715	1.2370e+00	[]	4.5129e-15	True	1.246e-24	184	positional;eQTL	7.14e-15	rs4149406	2.816e-19	rs1059491	True	False	True	continuous-20191-both_sexes--irnt	pLoF	0.135731858614898	0.0778901489777202	0.00837067481675284	28.365758364552015	False	False
ENSG00000197183	NOL4L	140688	0.0	1	19271	UKP09220	Tbio	Q96MY1	35	29252	41822	ENST00000621426	1.8700e-01	[]	3.6832e-07	NA	NA	NA	NA	6.97e-09	rs159428	NA	NA	True	False	True	continuous-20191-both_sexes--irnt	pLoF|missense|LC	0.231455033873255	0.130675804716712	-0.00206386639773317	362.57223368493084	True	True
ENSG00000197238	H4C11	8363	NA	NA	19271	NA	NA	NA	136	37012	41822	ENST00000355057	1.2560e+00	[]	NA	True	3.509e-08	101:102	eQTL	NA	NA	NA	NA	True	False	True	continuous-20023-both_sexes--irnt	pLoF|missense|LC	0.161405944577259	0.102198279486609	0.0033988186372627	153.70139727663684	False	False
ENSG00000197262	NA	NA	NA	NA	19271	NA	NA	NA	NA	NA	41822	NA	NA	NA	NA	True	2.145e-09	191	eQTL	NA	NA	NA	NA	True	False	True	NA	NA	NA	NA	NA	NA	NA	NA
ENSG00000197272	IL27	246778	8.4	14752	19271	UKP12705	Tbio	Q8NEV9	349	40122	41822	ENST00000356897	7.0200e-01	[]	9.7628e-14	True	1.246e-24	184	positional;eQTL	1.27e-11	rs56354901	4.44e-17	rs40837	True	False	True	continuous-20191-both_sexes--irnt	pLoF	0.0346060223814189	0.0441284077139994	0.0215039693033852	4.219502563697829	False	False
ENSG00000197279	ZNF165	7718	1.5	4687	19271	UKP00187	Tbio	P49910	30	28384	41822	ENST00000683778	9.8400e-01	[]	NA	True	7.426e-08	102	eQTL	2.46e-12	rs1321505	NA	NA	True	False	True	continuous-20018-both_sexes--	pLoF	0.0572511769319924	0.0338261162691479	-0.00840056710569194	11.94468701552991	False	False
ENSG00000197329	PELI1	57162	13.3	17085	19271	UKP06705	Tbio	Q96FA3	109	35974	41822	ENST00000358912	5.5800e-01	[]	6.0242e-07	True	1.859e-07	24	positional;eQTL;chromatin	NA	NA	NA	NA	True	False	True	continuous-20191-both_sexes--irnt	pLoF|missense|LC	0.0709570988555719	0.0380466947516885	-0.00429185716593416	164.22778992850513	False	True
ENSG00000197363	ZNF517	340385	1.5	4687	19271	UKP07635	Tdark	Q6ZMY9	9	22843	41822	ENST00000359971	1.4730e+00	[]	NA	True	1.76e-08	127	eQTL	NA	NA	NA	NA	True	False	True	continuous-20023-both_sexes--irnt	missense|LC	0.133867424652449	0.0773433468381975	0.000758219853678905	449706.9592749194	True	True
ENSG00000197635	DPP4	1803	20.4	18303	19271	UKP05741	Tclin	P27487	1552	41570	41822	ENST00000360534	9.0100e-01	[]	5.6513e-11	True	3.982e-14	36	positional;eQTL	2.43e-12	rs2268894	3.982e-14	rs2268894	True	False	True	continuous-20023-both_sexes--irnt	pLoF|missense|LC	0.279213100076172	0.186680122289682	-0.00128798713362131	236.6647989415108	True	True
ENSG00000197653	DNAH10	196385	2.0	6082	19271	UKP06593	Tbio	Q8IVF4	42	30309	41822	ENST00000673944	7.6300e-01	[]	NA	True	3.038e-07	155	eQTL	NA	NA	NA	NA	True	False	True	continuous-20023-both_sexes--irnt	pLoF|missense|LC	0.35933330103515	0.220951644978867	0.000119043312385231	984901.215288989	True	True
ENSG00000197721	CR1L	1379	2.6	7291	19271	UKP06417	Tdark	Q2VPA4	26	27606	41822	ENST00000508064	1.1650e+00	[]	1.6307e-06	NA	NA	NA	NA	NA	NA	NA	NA	True	False	True	continuous-20023-both_sexes--irnt	missense|LC	0.0138563573861434	0.852887610506734	7.44708623473613e-05	854731.6616499112	True	True
ENSG00000197724	PHF2	5253	10.3	15915	19271	UKP06073	Tbio	O75151	86	34654	41822	ENST00000359246	3.2900e-01	[]	1.5013e-07	NA	NA	NA	NA	3.5e-09	rs10821163	NA	NA	True	False	True	continuous-20023-both_sexes--irnt	pLoF|missense|LC	0.0759692462719662	0.749035163499294	-0.00011217325595883	270676.92502180603	True	True
ENSG00000197728	RPS26	6231	8.3	14683	19271	UKP01934	Tbio	P62854	255	39347	41822	ENST00000646449	3.2000e-01	[]	NA	NA	NA	NA	NA	3.85e-09	rs1131017	NA	NA	True	False	True	continuous-20191-both_sexes--irnt	pLoF	0.30933476453677	0.252371763907094	-0.0311720589788782	1.5390273896021636	False	False
ENSG00000197846	NA	NA	NA	NA	19271	NA	NA	NA	NA	NA	41822	NA	NA	NA	NA	NA	NA	NA	NA	1.16e-13	rs34961555	NA	NA	True	False	True	NA	NA	NA	NA	NA	NA	NA	NA
ENSG00000197885	NKIRAS1	28512	2.2	6585	19271	UKP08738	Tbio	Q9NYS0	26	27606	41822	ENST00000425478	1.1280e+00	[]	1.0938e-12	True	3.425e-15	48	positional;eQTL	9.72e-16	rs7633520	3.425e-15	rs7633520	True	False	True	continuous-20018-both_sexes--	missense|LC	0.0824999755277436	0.47913763775602	-0.000916872028873149	127.49061974432307	True	True
ENSG00000197903	H2BC12	85236	8.4	14752	19271	UKP02347	Tbio	O60814	136	37012	41822	ENST00000356950	1.8050e+00	[]	NA	True	5.813e-07	101:102	chromatin	NA	NA	NA	NA	True	False	True	continuous-20018-both_sexes--	pLoF|missense|LC	0.202664040507709	0.110455807608053	0.00282575139124198	56.57259100047987	False	False
ENSG00000197914	NA	NA	NA	NA	19271	NA	NA	NA	NA	NA	41822	NA	NA	NA	NA	True	1.962e-07	101:102	eQTL	NA	NA	NA	NA	True	False	True	NA	NA	NA	NA	NA	NA	NA	NA
ENSG00000197935	ZNF311	282890	1.5	4687	19271	UKP06905	Tdark	Q5JNZ3	15	24874	41822	ENST00000377179	9.5500e-01	[]	NA	True	2.333e-08	101:102	chromatin	NA	NA	NA	NA	True	False	True	continuous-20016-both_sexes--irnt	pLoF	0.0957880233225737	0.0605873863802138	0.027075653795178	1.4622713614577054	False	False
ENSG00000197959	DNM3	26052	4.3	10201	19271	UKP02599	Tbio	Q9UQ16	92	35049	41822	ENST00000627582	6.8900e-01	[]	NA	True	2.696e-09	14	eQTL;chromatin	NA	NA	NA	NA	True	False	True	continuous-20018-both_sexes--	pLoF	0.0376887859975997	0.0772363874581533	-0.0118795128983863	0.6636000023249133	False	False
ENSG00000197978	GOLGA6L9	440295	0.0	1	19271	UKP08904	Tdark	A6NEM1	7	21987	41822	ENST00000618348	1.0840e+00	[]	NA	True	5.777e-10	174	eQTL	NA	NA	NA	NA	True	False	True	continuous-20023-both_sexes--irnt	missense|LC	0.0401679563249967	0.821324594187027	5.81794266972899e-05	822315.2536032856	True	True
ENSG00000198053	SIRPA	140885	21.3	18383	19271	UKP08199	Tbio	P78324	400	40413	41822	ENST00000358771	3.1000e-01	[]	1.6274e-06	NA	NA	NA	NA	NA	NA	NA	NA	True	False	True	continuous-20023-both_sexes--irnt	pLoF|missense|LC	0.0381298110796852	0.019982409333932	-0.00109836326635167	848576.4450471124	True	True
ENSG00000198055	GRK6	2870	5.3	11597	19271	UKP06481	Tchem	P43250	96	35285	41822	ENST00000355472	6.0400e-01	[]	8.6123e-12	True	4.129e-11	95	positional	3.84e-10	rs335433	4.129e-11	rs2545796	True	False	True	continuous-20018-both_sexes--	pLoF|missense|LC	0.22867453165291	0.134272945606528	0.000682755161818192	1061.0249485137367	True	True
ENSG00000198060	MARCHF5	54708	12.7	16895	19271	UKP06545	Tbio	Q9NX47	110	36022	41822	ENST00000358935	3.9400e-01	[]	5.5142e-08	True	1.897e-07	136	eQTL	NA	NA	NA	NA	True	False	True	continuous-20018-both_sexes--	missense|LC	0.265468654278513	0.748203622334869	-0.00047893637714526	90.2970446111661	False	False
ENSG00000198131	ZNF544	27300	1.0	3282	19271	UKP06145	Tdark	Q6NX49	20	26233	41822	ENST00000687789	1.1790e+00	[]	NA	True	6.232e-09	206	eQTL	NA	NA	NA	NA	True	False	True	continuous-20016-both_sexes--irnt	missense|LC	0.0633412277089773	0.0415896399853863	-0.00099572701963427	81743.11588269834	True	True
ENSG00000198156	NPIPB6	728741	0.0	1	19271	UKP14395	Tdark	E9PJ23	5	20644	41822	ENST00000532254	7.4300e-01	[]	NA	True	1.246e-24	184	eQTL	NA	NA	NA	NA	True	False	True	continuous-20191-both_sexes--irnt	missense|LC	0.0431995327165582	0.0582974880277343	-0.00132102772927824	34698.81921682566	True	True
ENSG00000198169	ZNF251	90987	1.5	4687	19271	UKP06145	Tdark	Q9BRH9	23	26957	41822	ENST00000292562	1.7980e+00	[]	NA	True	2.887e-09	127	eQTL	NA	NA	NA	NA	True	False	True	continuous-20023-both_sexes--irnt	missense|LC	0.0184073973715384	0.216071239675367	0.000823282729844879	16297.308780197103	True	True
ENSG00000198198	SZT2	23334	5.5	11839	19271	UKP08854	Tbio	Q5T011	61	32557	41822	ENST00000634258	5.8200e-01	[]	3.16e-07	True	9.337e-09	4	eQTL	NA	NA	NA	NA	True	False	True	continuous-20018-both_sexes--	pLoF	0.15520659702761	0.133427791486623	-0.00230998143519228	79.65430754491169	True	True
ENSG00000198216	CACNA1E	777	5.7	12090	19271	UKP06064	Tchem	Q15878	106	35840	41822	ENST00000367573	2.2100e-01	[]	4.9483e-11	True	3.149e-08	15	positional	8.54e-09	rs78382112	3.149e-08	rs199928	True	False	True	continuous-20018-both_sexes--	pLoF	8.72680917252122e-06	0.000136361205212543	-0.0231992973679832	3.8265235416444705	False	False
ENSG00000198218	QRICH1	54870	6.4	12917	19271	UKP09135	Tbio	Q2TAL8	67	33143	41822	ENST00000395443	2.6100e-01	[]	2.4307e-13	True	1.33e-27	50	positional;eQTL;chromatin	1.57e-10	rs61729488	1.066e-11	rs61729488	True	False	True	continuous-20016-both_sexes--irnt	missense|LC	0.0441680218267302	0.0382786423500341	0.00383186361090763	13285.11912838371	True	True
ENSG00000198315	ZKSCAN8	7745	1.5	4687	19271	UKP06444	Tbio	Q15776	49	31217	41822	ENST00000330236	6.2600e-01	[]	NA	NA	NA	NA	NA	1.6e-18	rs35749575	NA	NA	True	False	True	continuous-20016-both_sexes--irnt	pLoF	0.0620654834639873	0.0385201738803962	-0.0110099207122757	26.158477215347933	False	False
ENSG00000198339	NA	NA	NA	NA	19271	NA	NA	NA	NA	NA	41822	NA	NA	NA	NA	True	5.813e-07	101:102	chromatin	NA	NA	NA	NA	True	False	True	NA	NA	NA	NA	NA	NA	NA	NA
ENSG00000198374	NA	NA	NA	NA	19271	NA	NA	NA	NA	NA	41822	NA	NA	NA	NA	NA	NA	NA	NA	3.08e-13	rs200981	NA	NA	True	False	True	NA	NA	NA	NA	NA	NA	NA	NA
ENSG00000198408	OGA	10724	7.1	13639	19271	UKP07152	Tchem	O60502	180	38169	41822	ENST00000361464	3.2000e-01	[]	2.6358e-11	True	1.253e-16	138	positional;chromatin	1.23e-17	rs3740422	1.253e-16	rs3740422	True	False	True	continuous-20023-both_sexes--irnt	pLoF|missense|LC	0.0761684022815805	0.652845871401792	0.000177999344027123	NA	False	False
ENSG00000198558	NA	NA	NA	NA	19271	NA	NA	NA	NA	NA	41822	NA	NA	NA	NA	NA	NA	NA	NA	3.73e-18	rs45509595	NA	NA	True	False	True	NA	NA	NA	NA	NA	NA	NA	NA
ENSG00000198650	TAT	6898	6.1	12588	19271	UKP02709	Tbio	P17735	41	30167	41822	ENST00000355962	8.4400e-01	[]	NA	True	4.213e-09	190	eQTL	NA	NA	NA	NA	True	False	True	continuous-20018-both_sexes--	pLoF|missense|LC	0.0945409663633046	0.049733164303144	0.00149111016408852	21995.155531027773	True	True
ENSG00000198700	IPO9	55705	5.5	11839	19271	UKP01755	Tchem	Q96P70	150	37423	41822	ENST00000361565	3.1000e-01	[]	3.1018e-07	True	5.162e-09	16	positional;chromatin	NA	NA	5.162e-09	rs2644134	True	False	True	continuous-20023-both_sexes--irnt	pLoF|missense|LC	0.0862311583244959	0.0467182476141118	0.00138597733233758	1325.7348806495102	True	True
ENSG00000198704	GPX6	257202	1.0	3282	19271	UKP02787	Tdark	P59796	12	23906	41822	ENST00000361902	1.3470e+00	[]	NA	True	1.878e-06	102	positional	NA	NA	NA	NA	True	False	True	continuous-20191-both_sexes--irnt	pLoF	0.195877444425288	0.121418117315833	-0.0102439127601355	18.948097388230046	False	False
ENSG00000198728	LDB1	8861	12.3	16779	19271	UKP00499	Tbio	Q86U70	102	35623	41822	ENST00000673968	2.4000e-01	[]	NA	True	1.287e-15	138	positional;eQTL;chromatin	3.22e-09	rs61874768	5.313e-10	rs61874768	True	False	True	continuous-20018-both_sexes--	missense|LC	0.0268329777671936	0.0652752004132768	-0.00232314252606042	163.5939647916634	True	True
ENSG00000198785	GRIN3A	116443	10.2	15862	19271	UKP00189	Tclin	Q8TCU5	110	36022	41822	ENST00000361820	6.4800e-01	[]	9.6316e-07	NA	NA	NA	NA	NA	NA	NA	NA	True	False	True	continuous-20018-both_sexes--	missense|LC	0.00159664589331643	0.769312941975555	-7.43459413883969e-05	153499.12066830724	True	True
ENSG00000198822	GRM3	2913	6.4	12917	19271	UKP06478	Tchem	Q14832	107	35897	41822	ENST00000361669	4.9300e-01	[]	4.8374e-08	NA	NA	NA	NA	NA	NA	NA	NA	True	False	True	continuous-20016-both_sexes--irnt	missense|LC	0.170703990172193	0.0934816750949432	0.00256835457211839	1962.2378164755216	True	True
ENSG00000198832	SELENOM	140606	0.5	1903	19271	UKP05545	Tbio	Q8WWX9	30	28384	41822	ENST00000400299	1.5710e+00	[]	NA	True	9.056e-08	210	eQTL	NA	NA	NA	NA	True	False	True	continuous-20016-both_sexes--irnt	pLoF|missense|LC	0.188761200893365	0.107673483751773	-0.00286093902570347	258.99001478967887	True	True
ENSG00000198837	DENND4B	9909	3.5	8994	19271	UKP06003	Tbio	O75064	22	26726	41822	ENST00000361217	5.2700e-01	[]	1.2143e-08	True	9.861e-09	13	positional;eQTL;chromatin	3.71e-09	rs6680140	4.253e-08	rs11264620	True	False	True	continuous-20016-both_sexes--irnt	missense|LC	0.00733053995937905	0.00932609390899197	-0.00221064025526971	38705.30895929003	True	True
ENSG00000198892	SHISA4	149345	0.0	1	19271	UKP07437	Tdark	Q96DD7	12	23906	41822	ENST00000362011	9.9100e-01	[]	NA	True	6.97e-10	16	positional;eQTL	NA	NA	1.732e-08	rs2250377	True	False	True	continuous-20016-both_sexes--irnt	pLoF	0.232184892757269	0.164202042695657	-0.00601716644860727	41.937276842567705	False	False
ENSG00000198911	SREBF2	6721	23.5	18543	19271	UKP06089	Tchem	Q12772	632	41014	41822	ENST00000361204	5.9300e-01	[]	1.5386e-09	True	1.204e-12	213	positional;eQTL	4.17e-10	rs12170228	2.06e-08	rs719440	True	False	True	continuous-20016-both_sexes--irnt	pLoF	0.163524272635951	0.159189341790897	-0.00790804006833364	15.597587820726865	False	False
ENSG00000198919	DZIP3	9666	6.5	13008	19271	UKP12699	Tbio	Q86Y13	56	32045	41822	ENST00000361582	7.8100e-01	[]	NA	True	3.828e-07	57	eQTL	NA	NA	NA	NA	True	False	True	continuous-20016-both_sexes--irnt	missense|LC	0.000919471891379087	0.00661815925507603	-0.00260049943814425	1250.9344826645874	True	True
ENSG00000198951	NAGA	4668	5.6	11982	19271	UKP02019	Tbio	P17050	147	37352	41822	ENST00000396398	1.1210e+00	[]	NA	True	1.096e-10	213	positional;eQTL;chromatin	1.03e-12	rs133373	1.063e-08	rs62238588	True	False	True	continuous-20018-both_sexes--	missense|LC	0.124622331798244	0.0728666676160474	-0.00071444573517693	1452.3681653304495	True	True
ENSG00000200997	RNVU1-34	106480177	NA	NA	19271	NA	NA	NA	1	10724	41822	NA	NA	NA	NA	NA	NA	NA	NA	NA	NA	1.716e-11	rs302865	True	False	True	NA	NA	NA	NA	NA	NA	NA	NA
ENSG00000202077	NA	NA	NA	NA	19271	NA	NA	NA	NA	NA	41822	NA	NA	NA	NA	NA	NA	NA	NA	1.7e-08	rs368186	3.092e-13	rs368186	True	False	True	NA	NA	NA	NA	NA	NA	NA	NA
ENSG00000203760	CENPW	387103	7.1	13639	19271	UKP07380	Tbio	Q5EE01	65	32962	41822	ENST00000368328	5.5000e-01	[]	2.2988e-08	NA	NA	NA	NA	NA	NA	NA	NA	True	False	True	continuous-20191-both_sexes--irnt	missense|LC	0.0553309650157194	0.0464311530661735	-0.00246255965991482	9279.326042680945	True	True
ENSG00000204055	IER5L-AS1	105376290	NA	NA	19271	NA	NA	NA	1	10724	41822	NA	NA	NA	NA	NA	NA	NA	NA	2.35e-10	rs2005078	7.085e-11	rs913264	True	False	True	NA	NA	NA	NA	NA	NA	NA	NA
ENSG00000204060	FOXO6	100132074	3.5	8994	19271	UKP06080	NA	NA	59	32350	41822	ENST00000641094	1.0990e+00	[]	1.6118e-11	True	3.675e-16	3	positional;eQTL	6.71e-15	rs2364543	3.524e-10	rs4636447	True	False	True	continuous-20191-both_sexes--irnt	pLoF	0.221903480378681	0.137922028364101	0.0285772536390947	1.2778376869908423	False	False
ENSG00000204217	BMPR2	659	43.5	19145	19271	UKP06200	Tchem	Q13873	723	41145	41822	ENST00000374580	3.7600e-01	[]	9.8785e-07	NA	NA	NA	NA	NA	NA	NA	NA	True	False	True	continuous-20016-both_sexes--irnt	missense|LC	0.397355244115782	0.230454918791686	0.00133520209270381	4879.125314775611	True	True
ENSG00000204334	ERICH2	285141	0.0	1	19271	UKP10259	Tdark	A1L162	6	21385	41822	ENST00000409885	1.5450e+00	[]	NA	True	4.127e-06	39	positional	NA	NA	NA	NA	True	False	True	continuous-20023-both_sexes--irnt	pLoF	0.151493067448153	0.0886608342664051	-0.00902402630606695	23.880475634336452	False	False
ENSG00000204344	WHR1	8859	5.3	11597	19271	UKP04689	Tchem	P49842	60	32462	41822	ENST00000685781	1.0480e+00	[]	NA	NA	NA	NA	NA	4.91e-08	rs386480	NA	NA	True	False	True	continuous-20016-both_sexes--irnt	pLoF	0.000153416890600333	0.000655173221347782	0.0123814049470353	51.34546380657374	True	True
ENSG00000204385	SLC44A4	80736	13.2	17041	19271	UKP00069	Tbio	Q53GD3	61	32557	41822	ENST00000229729	9.0400e-01	[]	NA	NA	NA	NA	NA	1.18e-08	rs501942	NA	NA	True	False	True	continuous-20191-both_sexes--irnt	missense|LC	0.0361837569697999	0.38567236029502	-0.000576718969194104	129877.69410594697	True	True
ENSG00000204410	MSH5	4439	1.6	5463	19271	UKP00422	Tbio	O43196	89	34851	41822	ENST00000375750	8.4700e-01	[]	NA	NA	NA	NA	NA	4.18e-09	rs707938	NA	NA	True	False	True	continuous-20018-both_sexes--	missense|LC	0.0641290246648455	0.0398655452459962	-0.00127741474949563	20172.269692206202	True	True
ENSG00000204475	NCR3	259197	8.4	14752	19271	UKP07581	Tbio	O14931	285	39660	41822	ENST00000340027	1.2080e+00	[]	NA	NA	NA	NA	NA	4.55e-10	rs3130063	NA	NA	True	False	True	continuous-20016-both_sexes--irnt	missense|LC	0.00145401275038848	0.00104026715851901	-0.003126142985559	8000.2066515746765	True	True
ENSG00000204516	MICB	4277	6.6	13122	19271	UKP07419	Tbio	Q29980	447	40585	41822	ENST00000252229	1.0410e+00	[]	NA	NA	NA	NA	NA	3.2e-10	rs3130614	NA	NA	True	False	True	continuous-20023-both_sexes--irnt	pLoF|missense|LC	0.0204088237106905	0.0282679786463695	0.000977477230561266	913377.9589050909	True	True
ENSG00000204539	CDSN	1041	9.0	15175	19271	UKP12717	Tbio	Q15517	187	38315	41822	ENST00000376288	7.7000e-01	[]	NA	NA	NA	NA	NA	5.19e-11	rs3130985	NA	NA	True	False	True	continuous-20191-both_sexes--irnt	pLoF	0.226079541026176	0.136026191920207	-0.0106713120951426	11.760106074805062	False	False
ENSG00000204540	PSORS1C1	170679	NA	NA	19271	NA	Tbio	Q9UIG5	62	32646	41822	ENST00000259881	1.1270e+00	[]	NA	NA	NA	NA	NA	5.19e-11	rs3130985	NA	NA	True	False	True	continuous-20191-both_sexes--irnt	missense|LC	0.0648741975909163	0.0389958038117617	0.00301137027243188	49192.147216196805	True	True
ENSG00000204542	C6orf15	29113	0.5	1903	19271	UKP10176	Tbio	Q6UXA7	24	27198	41822	ENST00000259870	1.9420e+00	[]	NA	NA	NA	NA	NA	1.1e-10	rs2233980	NA	NA	True	False	True	continuous-20191-both_sexes--irnt	missense|LC	0.0378037176913486	0.0214738963376665	-0.00183459860983501	171642.42904160882	True	True
ENSG00000204616	TRIM31	11074	10.6	16075	19271	UKP06542	Tbio	Q9BZY9	92	35049	41822	ENST00000376734	9.5000e-01	[]	2.2705e-06	NA	NA	NA	NA	NA	NA	4.081e-08	rs2517601	True	False	True	continuous-20016-both_sexes--irnt	pLoF	0.0704012308646411	0.0564078799650405	0.0124643278486921	16.10069394265979	False	False
ENSG00000204642	HLA-F	3134	15.3	17571	19271	UKP07419	Tbio	P30511	145	37283	41822	ENST00000259951	1.2100e+00	[]	NA	NA	NA	NA	NA	2.54e-10	rs885946	NA	NA	True	False	True	continuous-20018-both_sexes--	missense|LC	0.189149758011014	0.103590711899098	0.00170566672019379	144594.09308727013	True	True
ENSG00000204644	ZFP57	346171	3.1	8298	19271	UKP07634	Tbio	Q9NU63	47	30978	41822	ENST00000376883	1.1340e+00	[]	NA	NA	NA	NA	NA	1.37e-09	rs375984	NA	NA	True	False	True	continuous-20018-both_sexes--	pLoF	0.0736178783501635	0.0533301009989682	-0.0194912020498912	2.6544647586714047	False	False
ENSG00000204650	NA	NA	NA	NA	19271	NA	NA	NA	NA	NA	41822	NA	NA	NA	NA	NA	NA	NA	NA	1.15e-11	rs117368197	NA	NA	True	False	True	NA	NA	NA	NA	NA	NA	NA	NA
ENSG00000204657	OR2H2	7932	3.7	9268	19271	UKP07752	Tbio	O95918	18	25715	41822	ENST00000641840	NA	"[""no_exp_lof""]"	NA	True	3.057e-09	102	eQTL	NA	NA	NA	NA	True	False	True	continuous-20023-both_sexes--irnt	missense|LC	0.0115217693416941	0.0770857455680654	0.00130013724535566	421309.30724028224	False	False
ENSG00000204681	GABBR1	2550	7.1	13639	19271	UKP07223	Tclin	Q9UBS5	153	37525	41822	ENST00000377034	3.7800e-01	[]	NA	True	3.057e-09	102	positional;eQTL	NA	NA	NA	NA	True	False	True	continuous-20016-both_sexes--irnt	pLoF	0.0616210223557154	0.0326378284348444	-0.0217436412485125	6.177893764846694	False	False
ENSG00000204694	OR11A1	26531	0.0	1	19271	UKP07695	Tdark	Q9GZK7	7	21987	41822	ENST00000377149	1.7640e+00	[]	NA	True	3.265e-07	102	positional	NA	NA	NA	NA	True	False	True	continuous-20023-both_sexes--irnt	missense|LC	0.00319856258763951	0.0400470540214531	0.000854898675918657	65134.17020943355	True	True
ENSG00000204709	LINC01556	729583	NA	NA	19271	NA	NA	NA	1	10724	41822	NA	NA	NA	NA	True	1.665e-06	102	eQTL	NA	NA	NA	NA	True	False	True	NA	NA	NA	NA	NA	NA	NA	NA
ENSG00000204713	TRIM27	5987	20.0	18262	19271	UKP06542	Tbio	P14373	245	39236	41822	ENST00000377199	3.3500e-01	[]	NA	True	1.075e-09	102	positional;eQTL	NA	NA	2.198e-08	rs3135293	True	False	True	continuous-20191-both_sexes--irnt	missense|LC	0.132118712608524	0.542675950916807	0.00126496788801748	204.40395895533086	True	True
ENSG00000204789	ZNF204P	7754	NA	NA	19271	NA	NA	NA	3	18154	41822	NA	NA	NA	NA	NA	NA	NA	NA	1.05e-17	rs72839477	NA	NA	True	False	True	NA	NA	NA	NA	NA	NA	NA	NA
ENSG00000204872	NAT8B	51471	8.5	14830	19271	UKP07557	NA	NA	14	24572	41822	ENST00000377712	NA	"[""no_exp_lof""]"	2.0411e-06	NA	NA	NA	NA	NA	NA	NA	NA	True	False	True	continuous-20016-both_sexes--irnt	missense|LC	0.259287089102981	0.160212033028922	-0.000887948339768932	256601.01130364675	False	True
ENSG00000204961	PCDHA9	9752	1.0	3282	19271	UKP06915	Tbio	Q9Y5H5	17	25457	41822	ENST00000532602	1.2290e+00	[]	NA	True	3.058e-11	91	eQTL	NA	NA	NA	NA	True	False	True	continuous-20016-both_sexes--irnt	missense|LC	0.0678892123089985	0.036955634186705	0.00103164902247653	421584.98647513584	True	True
ENSG00000204963	PCDHA7	56141	4.8	10931	19271	UKP06915	Tbio	Q9UN72	15	24874	41822	ENST00000525929	8.5700e-01	[]	NA	True	2.078e-10	91	positional;eQTL	NA	NA	3.585e-08	rs10067182	True	False	True	continuous-20016-both_sexes--irnt	missense|LC	0.0147751982137106	0.00766765388657564	0.00140754234377934	88667.11180525267	True	True
ENSG00000204965	PCDHA5	56143	2.8	7695	19271	UKP06915	Tbio	Q9Y5H7	15	24874	41822	ENST00000529859	8.6800e-01	[]	NA	True	2.078e-10	91	positional;eQTL	NA	NA	6.294e-09	rs10053586	True	False	True	continuous-20016-both_sexes--irnt	missense|LC	0.0367112678372642	0.0186837399598661	0.00146303449768975	75920.34196859937	True	True
ENSG00000204967	PCDHA4	56144	3.8	9432	19271	UKP06915	Tbio	Q9UN74	31	28577	41822	ENST00000530339	9.7600e-01	[]	1.3834e-06	True	2.078e-10	91	positional;eQTL	NA	NA	6.294e-09	rs10053586	True	False	True	continuous-20191-both_sexes--irnt	pLoF|missense|LC	0.222779870976646	0.12790271453017	0.000769949980533963	100750.72288359606	False	True
ENSG00000204969	PCDHA2	56146	2.8	7695	19271	UKP06915	Tbio	Q9Y5H9	20	26233	41822	ENST00000526136	1.0540e+00	[]	2.4623e-07	True	3.405e-10	91	positional;eQTL	NA	NA	6.294e-09	rs10053586	True	False	True	continuous-20018-both_sexes--	pLoF	0.019262076756221	0.0166169822008105	0.00315077168479067	132.9042617658523	True	True
ENSG00000204970	PCDHA1	56147	2.8	7695	19271	UKP06915	Tbio	Q9Y5I3	21	26491	41822	ENST00000504120	8.4900e-01	[]	9.7382e-08	True	2.078e-10	91	positional;eQTL	NA	NA	6.294e-09	rs10053586	True	False	True	continuous-20016-both_sexes--irnt	missense|LC	0.0702510085173246	0.0373791365961953	0.000980269545992594	141763.25394530705	True	True
ENSG00000205021	NA	NA	NA	NA	19271	NA	NA	NA	NA	NA	41822	NA	NA	NA	NA	True	2.145e-09	191	eQTL	NA	NA	NA	NA	True	False	True	NA	NA	NA	NA	NA	NA	NA	NA
ENSG00000205085	GARIN1A	346653	0.5	1903	19271	UKP08865	Tdark	Q6NXP2	9	22843	41822	ENST00000682356	1.3550e+00	[]	NA	True	1.395e-09	117	eQTL	NA	NA	NA	NA	True	False	True	continuous-20023-both_sexes--irnt	pLoF	0.0283290114582624	0.0192685488431876	-0.00341837145507594	324.53996613731186	True	True
ENSG00000205268	PDE7A	5150	2.3	6711	19271	UKP06245	Tclin	Q13946	63	32750	41822	ENST00000401827	1.2380e+00	[]	NA	True	4.478e-08	122	eQTL	NA	NA	NA	NA	True	False	True	continuous-20191-both_sexes--irnt	pLoF|missense|LC	0.0527584357387536	0.139890593390818	0.00207789882899885	6874.579835874714	False	False
ENSG00000205269	TMEM170B	100113407	1.3	4364	19271	UKP07353	Tbio	Q5T4T1	4	19604	41822	ENST00000379426	9.7600e-01	[]	1.7146e-06	True	1.817e-10	97	positional;eQTL	3.52e-10	rs566237	1.817e-10	rs566237	True	False	True	continuous-20018-both_sexes--	pLoF	0.0268617721045885	0.310581094462041	-0.0102165587790723	1.161349074637263	False	False
ENSG00000205281	NA	NA	NA	NA	19271	NA	NA	NA	NA	NA	41822	NA	NA	NA	NA	True	5.777e-10	174	eQTL	NA	NA	NA	NA	True	False	True	NA	NA	NA	NA	NA	NA	NA	NA
ENSG00000205464	ATP6AP1L	92270	0.0	1	19271	UKP07846	NA	NA	5	20644	41822	NA	NA	NA	NA	NA	NA	NA	NA	1.5e-08	rs658912	NA	NA	True	False	True	continuous-20023-both_sexes--irnt	pLoF	0.0164609220189261	0.0102199185505258	-0.018860012174238	12.416356420689315	False	False
ENSG00000205581	HMGN1	3150	2.8	7695	19271	UKP07781	Tbio	P05114	116	36304	41822	ENST00000380749	8.9400e-01	[]	3.832e-08	True	6.537e-12	209	positional;eQTL;chromatin	NA	NA	4.618e-09	rs12482979	True	False	True	continuous-20023-both_sexes--irnt	pLoF	0.0960207389218749	0.0556941962468198	-0.010472984791678	22.433385044594104	False	False
ENSG00000205609	EIF3CL	728689	1.5	4687	19271	UKP00204	Tdark	B5ME19	89	34851	41822	NA	NA	NA	NA	True	1.246e-24	184	eQTL	NA	NA	NA	NA	True	False	True	continuous-20023-both_sexes--irnt	missense|LC	0.0283726872724251	0.358621593066	-0.00114580449301445	808.2097256023943	False	False
ENSG00000205639	MFSD2B	388931	5.9	12348	19271	UKP01170	Tbio	A6NFX1	20	26233	41822	ENST00000338315	1.3030e+00	[]	NA	True	1.871e-06	18	positional;eQTL	NA	NA	NA	NA	True	False	True	continuous-20023-both_sexes--irnt	pLoF	0.08906308670491	0.0502045559972311	-0.00638074709401705	60.59358019828441	True	True
ENSG00000205702	CYP2D7	1564	4.4	10330	19271	UKP06449	Tbio	A0A087X1C5	35	29252	41822	ENST00000435101	NA	"[""no_exp_lof""]"	NA	NA	NA	NA	NA	1.79e-13	rs2743461	NA	NA	True	False	True	continuous-20018-both_sexes--	pLoF	0.074744008688197	0.0424442793723123	0.00294016432111408	45756.55275559237	False	False
ENSG00000205704	SMIM45	339674	NA	NA	19271	NA	Tdark	A0A590UK83	6	21385	41822	NA	NA	NA	NA	NA	NA	NA	NA	6.2e-11	rs55903228	1.163e-09	rs55903228	True	False	True	NA	NA	NA	NA	NA	NA	NA	NA
ENSG00000212195	NA	NA	NA	NA	19271	NA	NA	NA	NA	NA	41822	NA	NA	NA	NA	NA	NA	NA	NA	2.2e-08	rs420878	1.167e-12	rs420878	True	False	True	NA	NA	NA	NA	NA	NA	NA	NA
ENSG00000213246	SUPT4H1	6827	9.1	15239	19271	UKP02121	Tbio	P63272	96	35285	41822	ENST00000225504	1.0480e+00	[]	2.6228e-08	True	1.722e-13	196	positional;eQTL;chromatin	NA	NA	1.346e-08	rs2526376	True	False	True	continuous-20018-both_sexes--	pLoF|missense|LC	0.168740229180087	0.15594680651076	-0.000867852648898954	685.8503576340576	True	True
ENSG00000213341	CHUK	1147	22.7	18485	19271	UKP06286	Tchem	O15111	1402	41535	41822	ENST00000370397	6.1000e-01	[]	2.8869e-08	True	7.78e-06	137	positional;chromatin	NA	NA	NA	NA	True	False	True	continuous-20023-both_sexes--irnt	missense|LC	0.122282368267628	0.0695184188763209	-0.00116141898017681	207382.65309361412	True	True
ENSG00000213347	MXD3	83463	2.0	6082	19271	UKP03824	Tbio	Q9BW11	48	31100	41822	ENST00000439742	1.1740e+00	[]	NA	True	3.249e-11	95	eQTL	NA	NA	NA	NA	True	False	True	continuous-20016-both_sexes--irnt	missense|LC	6.11950138953432e-05	0.00432540425018801	-0.00272372375188945	1374.4310852305043	True	True
ENSG00000213398	LCAT	3931	15.4	17593	19271	UKP01337	Tchem	P04180	238	39143	41822	ENST00000264005	5.6800e-01	[]	NA	True	3.517e-08	188	eQTL	NA	NA	NA	NA	True	False	True	continuous-20023-both_sexes--irnt	missense|LC	0.0172599702455528	0.0508437057498374	-0.00164692010805143	13683.165850507106	True	True
ENSG00000213449	GAPDHP28	441572	NA	NA	19271	NA	NA	NA	0	1	41822	NA	NA	NA	NA	NA	NA	NA	NA	6.38e-09	rs1891268	NA	NA	True	False	True	NA	NA	NA	NA	NA	NA	NA	NA
ENSG00000213523	SRA1	10011	2.9	7932	19271	UKP07005	Tbio	Q9HD15	102	35623	41822	ENST00000336283	1.5180e+00	[]	3.5253e-07	True	1.84e-11	91	positional;eQTL;chromatin	NA	NA	NA	NA	True	False	True	continuous-20191-both_sexes--irnt	pLoF	0.00451310159412732	0.300530701948437	-0.0057546441068183	95030.34538824555	False	True
ENSG00000213533	STIMATE	375346	2.9	7932	19271	UKP07536	Tbio	Q86TL2	18	25715	41822	ENST00000355083	6.5500e-01	[]	1.3027e-07	True	1.918e-12	51	positional;eQTL	9.53e-09	rs6798941	NA	NA	True	False	True	continuous-20016-both_sexes--irnt	pLoF	0.336001412883286	0.339641118266463	-0.0109574611193547	3.249459909178632	False	False
ENSG00000213563	C8orf82	414919	0.0	1	19271	UKP08847	Tdark	Q6P1X6	19	25988	41822	ENST00000524821	1.9830e+00	[]	NA	True	2.887e-09	127	positional;eQTL	3.47e-08	rs2721142	NA	NA	True	False	True	continuous-20018-both_sexes--	pLoF	0.0178414100147669	0.133778100763282	-0.00461524583632381	21.070507161761068	False	False
ENSG00000213619	NDUFS3	4722	7.5	14017	19271	UKP00022	Tclin	O75489	214	38804	41822	ENST00000263774	8.5600e-01	[]	NA	True	9.728e-09	142	positional;eQTL;chromatin	3.68e-10	rs2030166	3.178e-08	rs7945473	True	False	True	continuous-20018-both_sexes--	pLoF	0.0379062509224171	0.0294693808501229	-0.00519951567413135	31.023220192220847	False	False
ENSG00000213658	LAT	27040	15.4	17593	19271	UKP12774	Tbio	O43561	385	40337	41822	ENST00000395456	4.7400e-01	[]	NA	True	1.246e-24	184	positional;eQTL	2.18e-09	rs115616784	1.195e-13	rs115616784	True	False	True	continuous-20016-both_sexes--irnt	missense|LC	0.137048914567436	0.105432573928005	-0.00248517906091861	491.8944458730927	True	True
ENSG00000213672	NCKIPSD	51517	2.2	6585	19271	UKP08676	Tbio	Q9NZQ3	73	33659	41822	ENST00000294129	8.8600e-01	[]	3.658e-10	True	2.115e-12	50	positional;eQTL	1.16e-08	rs13070798	1.807e-09	rs73078367	True	False	True	continuous-20023-both_sexes--irnt	pLoF|missense|LC	0.0448872390850812	0.0250634211830976	0.000829902717755286	11214.317698763176	True	True
ENSG00000213676	ATF6B	1388	14.1	17268	19271	UKP08646	Tbio	Q99941	66	33055	41822	ENST00000375203	7.5200e-01	[]	NA	NA	NA	NA	NA	1.28e-08	rs1269852	NA	NA	True	False	True	continuous-20191-both_sexes--irnt	pLoF	0.0637149497322321	0.0338363551239763	-0.012471343652722	19.933846929962584	False	False
ENSG00000213689	TREX1	11277	12.7	16895	19271	UKP01727	Tbio	Q9NSU2	148	37373	41822	ENST00000625293	1.2650e+00	[]	NA	True	7.849e-09	50	eQTL	NA	NA	NA	NA	True	False	True	continuous-20023-both_sexes--irnt	missense|LC	0.0025063683616009	0.0198689892287067	0.0012356924249202	2725.9551096603573	True	True
ENSG00000213719	CLIC1	1192	4.5	10501	19271	UKP06443	Tchem	O00299	281	39619	41822	ENST00000375784	8.8600e-01	[]	NA	NA	NA	NA	NA	2.07e-08	rs3131383	NA	NA	True	False	True	continuous-20018-both_sexes--	missense|LC	0.211579882807034	0.123612970413829	-0.00149074084481632	5131.924231287235	True	True
ENSG00000213753	CENPBD2P	65996	NA	NA	19271	NA	NA	NA	4	19604	41822	NA	NA	NA	NA	NA	NA	NA	NA	NA	NA	5.955e-10	rs73068339	True	False	True	NA	NA	NA	NA	NA	NA	NA	NA
ENSG00000213760	ATP6V1G2	534	1.1	4265	19271	UKP01895	Tbio	O95670	42	30309	41822	ENST00000303892	1.1510e+00	[]	NA	NA	NA	NA	NA	1.25e-09	rs9267488	NA	NA	True	False	True	continuous-20016-both_sexes--irnt	missense|LC	0.0486915919235449	0.0292519703640765	0.00824202014255227	57.135908163765684	True	True
ENSG00000213886	UBD	10537	12.7	16895	19271	UKP12731	Tbio	O15205	195	38474	41822	ENST00000377050	1.4770e+00	[]	NA	True	1.679e-07	102	positional	NA	NA	NA	NA	True	False	True	continuous-20016-both_sexes--irnt	pLoF	3.56220494631465e-05	NA	NA	0.1624754644345106	False	False
ENSG00000213916	RPL13P	387044	NA	NA	19271	NA	NA	NA	1	10724	41822	NA	NA	NA	NA	NA	NA	NA	NA	NA	NA	2.764e-08	rs3135302	True	False	True	NA	NA	NA	NA	NA	NA	NA	NA
ENSG00000214078	CPNE1	8904	20.9	18348	19271	UKP01338	Tbio	Q99829	100	35509	41822	ENST00000397443	1.0120e+00	[]	6.1059e-09	True	1.617e-08	207	positional;eQTL;chromatin	NA	NA	1.617e-08	rs78084033	True	False	True	continuous-20023-both_sexes--irnt	pLoF	0.0624362864727247	0.0488419321978948	-0.00195073403657203	39836.00700521704	True	True
ENSG00000214215	NA	NA	NA	NA	19271	NA	NA	NA	NA	NA	41822	NA	NA	NA	NA	True	2.689e-07	154	positional	NA	NA	NA	NA	True	False	True	NA	NA	NA	NA	NA	NA	NA	NA
ENSG00000214484	RPSAP28	391387	NA	NA	19271	NA	NA	NA	1	10724	41822	NA	NA	NA	NA	NA	NA	NA	NA	NA	NA	1.012e-08	rs1852644	True	False	True	NA	NA	NA	NA	NA	NA	NA	NA
ENSG00000214575	CPEB1	64506	7.2	13747	19271	UKP06806	Tbio	Q9BZB8	106	35840	41822	ENST00000684509	1.7700e-01	[]	NA	True	2.712e-09	174	positional;eQTL;chromatin	9.04e-11	rs17158413	1.235e-08	rs17158413	True	False	True	continuous-20191-both_sexes--irnt	missense|LC	0.535433504424522	0.348653680065192	-0.000941148123165042	2032.3666564446087	True	True
ENSG00000214706	IFRD2	7866	2.4	6954	19271	UKP04967	Tbio	Q12894	73	33659	41822	ENST00000417626	1.0690e+00	[]	NA	True	1.439e-22	50	eQTL	NA	NA	NA	NA	True	False	True	continuous-20191-both_sexes--irnt	missense|LC	0.000202492986124847	8.95097421019786e-05	0.00237413053106757	2940.0756030019934	True	True
ENSG00000214922	HLA-F-AS1	285830	NA	NA	19271	NA	NA	NA	8	22466	41822	NA	NA	NA	NA	NA	NA	NA	NA	2.54e-10	rs885946	NA	NA	True	False	True	NA	NA	NA	NA	NA	NA	NA	NA
ENSG00000215375	MYL5	4636	2.3	6711	19271	UKP08382	Tdark	Q02045	14	24572	41822	ENST00000400159	1.8040e+00	[]	NA	True	2.505e-09	61	eQTL	NA	NA	NA	NA	True	False	True	continuous-20191-both_sexes--irnt	pLoF|missense|LC	0.344780408448105	0.218600310472249	-0.000737777564631869	2485.170133795335	True	True
ENSG00000215979	NA	NA	NA	NA	19271	NA	NA	NA	NA	NA	41822	NA	NA	NA	NA	NA	NA	NA	NA	7.44e-14	rs66827971	NA	NA	True	False	True	NA	NA	NA	NA	NA	NA	NA	NA
ENSG00000216629	OR2W4P	81407	NA	NA	19271	NA	NA	NA	1	10724	41822	NA	NA	NA	NA	NA	NA	NA	NA	5.31e-18	rs28360499	NA	NA	True	False	True	NA	NA	NA	NA	NA	NA	NA	NA
ENSG00000217315	OR2W2P	81694	NA	NA	19271	NA	NA	NA	0	1	41822	NA	NA	NA	NA	NA	NA	NA	NA	2.67e-10	rs149943	NA	NA	True	False	True	NA	NA	NA	NA	NA	NA	NA	NA
ENSG00000217862	H4C10P	10337	NA	NA	19271	NA	NA	NA	2	15717	41822	NA	NA	NA	NA	NA	NA	NA	NA	2.59e-17	rs17751184	NA	NA	True	False	True	NA	NA	NA	NA	NA	NA	NA	NA
ENSG00000218346	NA	NA	NA	NA	19271	NA	NA	NA	NA	NA	41822	NA	NA	NA	NA	NA	NA	NA	NA	1.09e-18	rs66488313	NA	NA	True	False	True	NA	NA	NA	NA	NA	NA	NA	NA
ENSG00000218347	HNRNPA1P1	645950	NA	NA	19271	NA	NA	NA	0	1	41822	NA	NA	NA	NA	NA	NA	NA	NA	1.09e-15	rs6904596	NA	NA	True	False	True	NA	NA	NA	NA	NA	NA	NA	NA
ENSG00000219545	UMAD1	729852	0.0	1	19271	UKP09129	Tdark	C9J7I0	15	24874	41822	NA	NA	NA	NA	True	2.403e-08	109	positional	NA	NA	2.403e-08	rs38007	True	False	True	NA	NA	NA	NA	NA	NA	NA	NA
ENSG00000219626	FAM228B	375190	0.0	1	19271	UKP12674	Tdark	P0C875	12	23906	41822	ENST00000615575	1.3750e+00	[]	NA	True	1.323e-08	18	eQTL	NA	NA	NA	NA	True	False	True	continuous-20023-both_sexes--irnt	pLoF|missense|LC	0.0350675927912735	0.204498904173969	-0.00125080682879263	10368.868925083054	True	True
ENSG00000219891	ZSCAN12P1	221584	NA	NA	19271	NA	NA	NA	2	15717	41822	NA	NA	NA	NA	NA	NA	NA	NA	1.76e-18	rs13197574	NA	NA	True	False	True	NA	NA	NA	NA	NA	NA	NA	NA
ENSG00000220875	H3C9P	100289545	NA	NA	19271	NA	NA	NA	1	10724	41822	NA	NA	NA	NA	NA	NA	NA	NA	1.63e-11	rs6902389	NA	NA	True	False	True	NA	NA	NA	NA	NA	NA	NA	NA
ENSG00000221866	PLXNA4	91584	5.6	11982	19271	UKP06274	Tbio	Q9HCM2	63	32750	41822	ENST00000321063	2.8900e-01	[]	2.8164e-08	NA	NA	NA	NA	NA	NA	NA	NA	True	False	True	continuous-20016-both_sexes--irnt	pLoF	0.0228946764075326	0.0116907646404065	-0.0220159577997384	6.661792605144681	False	False
ENSG00000221986	MYBPHL	343263	0.0	1	19271	UKP07901	Tbio	A2RUH7	14	24572	41822	ENST00000357155	1.0600e+00	[]	3.4035e-12	True	1.572e-10	12	positional;eQTL	2.51e-13	rs407102	3.571e-10	rs600806	True	False	True	continuous-20023-both_sexes--irnt	pLoF|missense|LC	0.031935219361126	0.0267907699364656	0.000872176775382897	383252.9630729364	True	True
ENSG00000223599	NA	NA	NA	NA	19271	NA	NA	NA	NA	NA	41822	NA	NA	NA	NA	NA	NA	NA	NA	2.57e-09	rs4845576	NA	NA	True	False	True	NA	NA	NA	NA	NA	NA	NA	NA
ENSG00000223704	LINC01422	101929539	NA	NA	19271	NA	NA	NA	1	10724	41822	NA	NA	NA	NA	NA	NA	NA	NA	3.53e-08	rs136554	NA	NA	True	False	True	NA	NA	NA	NA	NA	NA	NA	NA
ENSG00000223774	LMOD1-AS1	NA	NA	NA	19271	NA	NA	NA	NA	NA	41822	NA	NA	NA	NA	NA	NA	NA	NA	NA	NA	1.611e-08	rs2644114	True	False	True	NA	NA	NA	NA	NA	NA	NA	NA
ENSG00000223791	UBE2E1-AS1	100874092	NA	NA	19271	NA	NA	NA	1	10724	41822	NA	NA	NA	NA	NA	NA	NA	NA	NA	NA	1.073e-08	rs3762767	True	False	True	NA	NA	NA	NA	NA	NA	NA	NA
ENSG00000223929	NA	NA	NA	NA	19271	NA	NA	NA	NA	NA	41822	NA	NA	NA	NA	NA	NA	NA	NA	4.14e-10	rs243074	4.044e-08	rs243074	True	False	True	NA	NA	NA	NA	NA	NA	NA	NA
ENSG00000224074	LINC00691	152024	NA	NA	19271	NA	NA	NA	6	21385	41822	NA	NA	NA	NA	NA	NA	NA	NA	1.61e-09	rs35316896	6.033e-09	rs4561770	True	False	True	NA	NA	NA	NA	NA	NA	NA	NA
ENSG00000224302	NA	NA	NA	NA	19271	NA	NA	NA	NA	NA	41822	NA	NA	NA	NA	NA	NA	NA	NA	3.85e-08	rs58642005	4.615e-08	rs58642005	True	False	True	NA	NA	NA	NA	NA	NA	NA	NA
ENSG00000224424	PRKAR2A-AS1	100506637	NA	NA	19271	NA	NA	NA	3	18154	41822	NA	NA	NA	NA	NA	NA	NA	NA	1.18e-08	rs55761431	3.481e-09	rs55761431	True	False	True	NA	NA	NA	NA	NA	NA	NA	NA
ENSG00000224467	TANK-AS1	105373719	NA	NA	19271	NA	NA	NA	0	1	41822	NA	NA	NA	NA	NA	NA	NA	NA	2.49e-10	rs17705608	9.081e-12	rs3769983	True	False	True	NA	NA	NA	NA	NA	NA	NA	NA
ENSG00000224470	ATXN1L	342371	3.5	8994	19271	UKP06451	Tbio	P0C7T5	32	28771	41822	ENST00000427980	3.4600e-01	[]	3.7687e-07	True	2.522e-09	190	positional;chromatin	8.29e-09	rs12921084	4.103e-09	rs2288031	True	False	True	continuous-20016-both_sexes--irnt	missense|LC	0.00442815929454865	0.315074093840948	0.000604321794193186	30959.404393207642	True	True
ENSG00000224738	NA	NA	NA	NA	19271	NA	NA	NA	NA	NA	41822	NA	NA	NA	NA	NA	NA	NA	NA	1.38e-09	rs7503190	4.159e-13	rs7503190	True	False	True	NA	NA	NA	NA	NA	NA	NA	NA
ENSG00000224843	LINC00240	100133205	NA	NA	19271	NA	NA	NA	12	23906	41822	NA	NA	NA	NA	NA	NA	NA	NA	3.14e-18	rs66975207	NA	NA	True	False	True	NA	NA	NA	NA	NA	NA	NA	NA
ENSG00000224883	NA	NA	NA	NA	19271	NA	NA	NA	NA	NA	41822	NA	NA	NA	NA	NA	NA	NA	NA	4.82e-09	rs11914200	NA	NA	True	False	True	NA	NA	NA	NA	NA	NA	NA	NA
ENSG00000224967	NA	NA	NA	NA	19271	NA	NA	NA	NA	NA	41822	NA	NA	NA	NA	NA	NA	NA	NA	1.79e-08	rs76958154	NA	NA	True	False	True	NA	NA	NA	NA	NA	NA	NA	NA
ENSG00000225170	NA	NA	NA	NA	19271	NA	NA	NA	NA	NA	41822	NA	NA	NA	NA	NA	NA	NA	NA	3.05e-08	rs59836638	NA	NA	True	False	True	NA	NA	NA	NA	NA	NA	NA	NA
ENSG00000225190	PLEKHM1	9842	3.9	9571	19271	UKP05561	Tbio	Q9Y4G2	51	31461	41822	ENST00000430334	4.3300e-01	[]	2.2041e-07	NA	NA	NA	NA	2.05e-12	rs56192752	NA	NA	True	False	True	continuous-20191-both_sexes--irnt	missense|LC	0.0332678488880832	0.746939853091282	0.000301880435763482	1067.9894937569145	True	True
ENSG00000225206	MIR137HG	400765	NA	NA	19271	NA	NA	NA	14	24572	41822	NA	NA	NA	NA	NA	NA	NA	NA	4.5e-10	rs11804556	5.237e-10	rs11804556	True	False	True	NA	NA	NA	NA	NA	NA	NA	NA
ENSG00000225421	NA	NA	NA	NA	19271	NA	NA	NA	NA	NA	41822	NA	NA	NA	NA	NA	NA	NA	NA	2.48e-09	rs114125694	5.197e-09	rs1455344	True	False	True	NA	NA	NA	NA	NA	NA	NA	NA
ENSG00000225595	LINC01623	401242	NA	NA	19271	NA	NA	NA	1	10724	41822	NA	NA	NA	NA	NA	NA	NA	NA	NA	NA	2.764e-08	rs3135302	True	False	True	NA	NA	NA	NA	NA	NA	NA	NA
ENSG00000225697	SLC26A6	65010	30.9	18910	19271	UKP02458	Tchem	Q9BXS9	98	35394	41822	ENST00000395550	9.3200e-01	[]	1.1435e-08	True	2.115e-12	50	positional;eQTL	3.96e-09	rs7620853	NA	NA	True	False	True	continuous-20018-both_sexes--	pLoF|missense|LC	0.00232448240858441	0.00316067918316176	-0.000935855322193603	14942.505900242615	True	True
ENSG00000225718	NA	NA	NA	NA	19271	NA	NA	NA	NA	NA	41822	NA	NA	NA	NA	NA	NA	NA	NA	1.32e-10	rs10225320	NA	NA	True	False	True	NA	NA	NA	NA	NA	NA	NA	NA
ENSG00000225864	NA	NA	NA	NA	19271	NA	NA	NA	NA	NA	41822	NA	NA	NA	NA	NA	NA	NA	NA	5.61e-09	rs1362125	NA	NA	True	False	True	NA	NA	NA	NA	NA	NA	NA	NA
ENSG00000226009	KCNIP2-AS1	100289509	NA	NA	19271	NA	NA	NA	0	1	41822	NA	NA	NA	NA	NA	NA	NA	NA	3.81e-11	rs11191123	1.621e-11	rs7918809	True	False	True	NA	NA	NA	NA	NA	NA	NA	NA
ENSG00000226314	ZKSCAN8P1	651302	NA	NA	19271	NA	NA	NA	3	18154	41822	NA	NA	NA	NA	NA	NA	NA	NA	1.42e-18	rs34505829	NA	NA	True	False	True	NA	NA	NA	NA	NA	NA	NA	NA
ENSG00000226364	LINC02089	105371831	NA	NA	19271	NA	NA	NA	0	1	41822	NA	NA	NA	NA	NA	NA	NA	NA	NA	NA	2.321e-08	rs12944681	True	False	True	NA	NA	NA	NA	NA	NA	NA	NA
ENSG00000226450	CYP2D8P	1568	NA	NA	19271	NA	NA	NA	2	15717	41822	NA	NA	NA	NA	NA	NA	NA	NA	1.21e-12	rs2743465	NA	NA	True	False	True	NA	NA	NA	NA	NA	NA	NA	NA
ENSG00000226468	NA	NA	NA	NA	19271	NA	NA	NA	NA	NA	41822	NA	NA	NA	NA	NA	NA	NA	NA	6.8e-09	rs3801331	NA	NA	True	False	True	NA	NA	NA	NA	NA	NA	NA	NA
ENSG00000226770	LINC03012	100506682	NA	NA	19271	NA	NA	NA	2	15717	41822	NA	NA	NA	NA	NA	NA	NA	NA	3.75e-08	rs1419410	2.388e-10	rs1419410	True	False	True	NA	NA	NA	NA	NA	NA	NA	NA
ENSG00000226913	BSN-DT	100132677	NA	NA	19271	NA	NA	NA	1	10724	41822	NA	NA	NA	NA	NA	NA	NA	NA	1.49e-21	rs3811697	2.88e-25	rs3811697	True	False	True	NA	NA	NA	NA	NA	NA	NA	NA
ENSG00000227057	WDR46	9277	2.4	6954	19271	UKP02410	Tbio	O15213	68	33220	41822	ENST00000374617	9.3900e-01	[]	1.3339e-07	NA	NA	NA	NA	NA	NA	NA	NA	True	False	True	continuous-20023-both_sexes--irnt	pLoF|missense|LC	0.399389538190175	0.235620716411463	-0.000662956731031135	398713.1336708862	True	True
ENSG00000227110	LMCD1-AS1	100288428	NA	NA	19271	NA	NA	NA	6	21385	41822	NA	NA	NA	NA	NA	NA	NA	NA	2.21e-09	rs12635303	NA	NA	True	False	True	NA	NA	NA	NA	NA	NA	NA	NA
ENSG00000227214	HCG15	414761	NA	NA	19271	NA	NA	NA	2	15717	41822	NA	NA	NA	NA	NA	NA	NA	NA	NA	NA	4.868e-08	rs3129791	True	False	True	NA	NA	NA	NA	NA	NA	NA	NA
ENSG00000227370	NA	NA	NA	NA	19271	NA	NA	NA	NA	NA	41822	NA	NA	NA	NA	NA	NA	NA	NA	3.28e-13	rs28680494	NA	NA	True	False	True	NA	NA	NA	NA	NA	NA	NA	NA
ENSG00000227403	LINC01806	100996579	NA	NA	19271	NA	NA	NA	2	15717	41822	NA	NA	NA	NA	NA	NA	NA	NA	1.43e-10	rs11678980	NA	NA	True	False	True	NA	NA	NA	NA	NA	NA	NA	NA
ENSG00000227431	CSE1L-DT	102723483	NA	NA	19271	NA	NA	NA	0	1	41822	NA	NA	NA	NA	NA	NA	NA	NA	7.48e-19	rs11696929	1.092e-16	rs11696929	True	False	True	NA	NA	NA	NA	NA	NA	NA	NA
ENSG00000228008	NA	NA	NA	NA	19271	NA	NA	NA	NA	NA	41822	NA	NA	NA	NA	NA	NA	NA	NA	2.06e-25	rs7634084	1.332e-23	rs9848497	True	False	True	NA	NA	NA	NA	NA	NA	NA	NA
ENSG00000228141	NA	NA	NA	NA	19271	NA	NA	NA	NA	NA	41822	NA	NA	NA	NA	NA	NA	NA	NA	3.12e-08	rs4513065	2.074e-08	rs4513065	True	False	True	NA	NA	NA	NA	NA	NA	NA	NA
ENSG00000228223	HCG11	493812	NA	NA	19271	NA	NA	NA	24	27198	41822	NA	NA	NA	NA	NA	NA	NA	NA	2.58e-10	rs6910930	NA	NA	True	False	True	NA	NA	NA	NA	NA	NA	NA	NA
ENSG00000228350	LINC02585	102724368	NA	NA	19271	NA	NA	NA	1	10724	41822	NA	NA	NA	NA	NA	NA	NA	NA	1.16e-08	rs13070798	2.418e-08	rs73078362	True	False	True	NA	NA	NA	NA	NA	NA	NA	NA
ENSG00000228655	NA	NA	NA	NA	19271	NA	NA	NA	NA	NA	41822	NA	NA	NA	NA	NA	NA	NA	NA	1.55e-10	rs28684621	1.219e-11	rs10189912	True	False	True	NA	NA	NA	NA	NA	NA	NA	NA
ENSG00000228696	ARL17B	100506084	0.0	1	19271	UKP01267	NA	NA	8	22466	41822	NA	NA	NA	1.3141e-06	True	1.702e-08	193	eQTL	NA	NA	NA	NA	True	False	True	NA	NA	NA	NA	NA	NA	NA	NA
ENSG00000228944	NA	NA	NA	NA	19271	NA	NA	NA	NA	NA	41822	NA	NA	NA	NA	NA	NA	NA	NA	4.73e-08	rs10254428	2.498e-08	rs10254428	True	False	True	NA	NA	NA	NA	NA	NA	NA	NA
ENSG00000228971	LINC02607	100996635	NA	NA	19271	NA	NA	NA	1	10724	41822	NA	NA	NA	NA	NA	NA	NA	NA	1.19e-16	rs10874938	4.24e-15	rs6668048	True	False	True	NA	NA	NA	NA	NA	NA	NA	NA
ENSG00000229195	NA	NA	NA	NA	19271	NA	NA	NA	NA	NA	41822	NA	NA	NA	NA	NA	NA	NA	NA	5.56e-10	rs13413443	2.289e-09	rs13399960	True	False	True	NA	NA	NA	NA	NA	NA	NA	NA
ENSG00000229444	ST3GAL3-AS1	101929592	NA	NA	19271	NA	NA	NA	0	1	41822	NA	NA	NA	NA	NA	NA	NA	NA	3.43e-08	rs11810109	NA	NA	True	False	True	NA	NA	NA	NA	NA	NA	NA	NA
ENSG00000229623	METTL21AP1	100421629	NA	NA	19271	NA	NA	NA	0	1	41822	NA	NA	NA	NA	NA	NA	NA	NA	NA	NA	4.527e-08	rs11911822	True	False	True	NA	NA	NA	NA	NA	NA	NA	NA
ENSG00000230068	CDC42-IT1	100874292	NA	NA	19271	NA	NA	NA	0	1	41822	NA	NA	NA	NA	NA	NA	NA	NA	4.28e-08	rs16826309	1.058e-08	rs16826309	True	False	True	NA	NA	NA	NA	NA	NA	NA	NA
ENSG00000230698	NA	NA	NA	NA	19271	NA	NA	NA	NA	NA	41822	NA	NA	NA	NA	NA	NA	NA	NA	5.79e-25	rs11130224	1.93e-23	rs3733135	True	False	True	NA	NA	NA	NA	NA	NA	NA	NA
ENSG00000230940	NA	NA	NA	NA	19271	NA	NA	NA	NA	NA	41822	NA	NA	NA	NA	NA	NA	NA	NA	2.45e-08	rs4962223	NA	NA	True	False	True	NA	NA	NA	NA	NA	NA	NA	NA
ENSG00000231162	COX11P1	140468	NA	NA	19271	NA	NA	NA	1	10724	41822	NA	NA	NA	NA	NA	NA	NA	NA	1.52e-08	rs16894116	NA	NA	True	False	True	NA	NA	NA	NA	NA	NA	NA	NA
ENSG00000231226	TRIM31-AS1	104533120	NA	NA	19271	NA	NA	NA	0	1	41822	NA	NA	NA	NA	NA	NA	NA	NA	NA	NA	4.081e-08	rs2517601	True	False	True	NA	NA	NA	NA	NA	NA	NA	NA
ENSG00000231515	NA	NA	NA	NA	19271	NA	NA	NA	NA	NA	41822	NA	NA	NA	NA	NA	NA	NA	NA	1.46e-09	rs11771515	NA	NA	True	False	True	NA	NA	NA	NA	NA	NA	NA	NA
ENSG00000231827	NA	NA	NA	NA	19271	NA	NA	NA	NA	NA	41822	NA	NA	NA	NA	NA	NA	NA	NA	4.31e-09	rs11583896	NA	NA	True	False	True	NA	NA	NA	NA	NA	NA	NA	NA
ENSG00000231871	IPO9-AS1	100873949	NA	NA	19271	NA	NA	NA	0	1	41822	NA	NA	NA	NA	NA	NA	NA	NA	NA	NA	6.97e-10	rs2678210	True	False	True	NA	NA	NA	NA	NA	NA	NA	NA
ENSG00000231925	TAPBP	6892	16.7	17821	19271	UKP08400	Tbio	O15533	132	36887	41822	ENST00000434618	1.0610e+00	[]	1.0731e-06	NA	NA	NA	NA	NA	NA	NA	NA	True	False	True	continuous-20018-both_sexes--	pLoF	0.113090572427486	0.0660580595317164	0.00355956770601661	50.101426858108574	True	True
ENSG00000232040	SCAND3	114821	1.6	5463	19271	UKP09088	Tbio	Q6R2W3	25	27397	41822	ENST00000452236	5.9200e-01	[]	NA	True	7.535e-07	102	positional	NA	NA	NA	NA	True	False	True	continuous-20018-both_sexes--	pLoF	0.00149829239603771	0.0718932728004152	-0.00378697264109653	40.64576507479903	False	False
ENSG00000232084	LINC01104	150577	NA	NA	19271	NA	NA	NA	6	21385	41822	NA	NA	NA	NA	NA	NA	NA	NA	1.89e-16	rs12614880	1.525e-15	rs13026143	True	False	True	NA	NA	NA	NA	NA	NA	NA	NA
ENSG00000232112	TMA7	51372	0.0	1	19271	UKP03973	Tdark	Q9Y2S6	46	30867	41822	ENST00000438607	9.0100e-01	[]	NA	True	2.917e-09	50	eQTL	NA	NA	NA	NA	True	False	True	continuous-20018-both_sexes--	pLoF	0.0120006517347806	0.0195454660938197	-0.0166512302957763	1.990820176153055	False	False
ENSG00000232411	NA	NA	NA	NA	19271	NA	NA	NA	NA	NA	41822	NA	NA	NA	NA	NA	NA	NA	NA	8.06e-10	rs58562881	2.535e-09	rs62176288	True	False	True	NA	NA	NA	NA	NA	NA	NA	NA
ENSG00000232505	NA	NA	NA	NA	19271	NA	NA	NA	NA	NA	41822	NA	NA	NA	NA	NA	NA	NA	NA	2.02e-19	rs144447022	4.425e-08	rs3129104	True	False	True	NA	NA	NA	NA	NA	NA	NA	NA
ENSG00000232608	TIMM9P2	100862727	NA	NA	19271	NA	NA	NA	1	10724	41822	NA	NA	NA	NA	NA	NA	NA	NA	NA	NA	3.693e-08	rs4818005	True	False	True	NA	NA	NA	NA	NA	NA	NA	NA
ENSG00000232710	NA	NA	NA	NA	19271	NA	NA	NA	NA	NA	41822	NA	NA	NA	NA	NA	NA	NA	NA	1.16e-12	rs2743449	NA	NA	True	False	True	NA	NA	NA	NA	NA	NA	NA	NA
ENSG00000233041	PHGR1	644844	NA	NA	19271	NA	Tdark	C9JFL3	3	18154	41822	ENST00000448599	1.4460e+00	[]	NA	True	1.118e-08	170	positional;eQTL;chromatin	3.09e-08	rs7164606	NA	NA	True	False	True	continuous-20023-both_sexes--irnt	missense|LC	0.0377336923555671	0.0366255336307074	-0.0109622722115105	26.719491009749657	False	False
ENSG00000233232	NPIPB7	440350	0.0	1	19271	UKP14395	Tdark	O75200	3	18154	41822	ENST00000452313	1.4460e+00	[]	NA	True	1.246e-24	184	eQTL	NA	NA	NA	NA	True	False	True	continuous-20018-both_sexes--	pLoF	0.00183298676096366	0.00138822656479731	-0.0455980808904074	1.6094343758271419	False	False
ENSG00000233276	GPX1	2876	19.3	18188	19271	UKP02787	Tbio	P07203	658	41050	41822	ENST00000419783	1.3800e+00	[]	1.7094e-14	True	9.31e-28	50	positional;eQTL	2.49e-23	rs1800668	3.348e-27	rs1800668	True	False	True	continuous-20191-both_sexes--irnt	pLoF|missense|LC	0.00391446131659812	0.00792364993038652	0.00510788988949776	105393.0575056988	True	True
ENSG00000233366	ZNF90P2	100419606	NA	NA	19271	NA	NA	NA	0	1	41822	NA	NA	NA	NA	NA	NA	NA	NA	NA	NA	3.302e-08	rs3135313	True	False	True	NA	NA	NA	NA	NA	NA	NA	NA
ENSG00000233635	NA	NA	NA	NA	19271	NA	NA	NA	NA	NA	41822	NA	NA	NA	NA	NA	NA	NA	NA	2.4e-08	rs12601995	NA	NA	True	False	True	NA	NA	NA	NA	NA	NA	NA	NA
ENSG00000233656	NA	NA	NA	NA	19271	NA	NA	NA	NA	NA	41822	NA	NA	NA	NA	NA	NA	NA	NA	8.67e-10	rs35658210	8.491e-10	rs9368729	True	False	True	NA	NA	NA	NA	NA	NA	NA	NA
ENSG00000233822	H2BC15	8341	4.2	10017	19271	UKP02347	Tbio	Q99877	91	34992	41822	ENST00000612898	1.5260e+00	[]	2.1376e-06	NA	NA	NA	NA	1.84e-17	rs34194357	NA	NA	True	False	True	continuous-20016-both_sexes--irnt	missense|LC	0.0843107858002197	0.0461672779241264	-0.00614310398603087	79.09366041289279	False	False
ENSG00000233953	NA	NA	NA	NA	19271	NA	NA	NA	NA	NA	41822	NA	NA	NA	NA	NA	NA	NA	NA	4.15e-12	rs7606173	NA	NA	True	False	True	NA	NA	NA	NA	NA	NA	NA	NA
ENSG00000233994	GDI2P2	100420259	NA	NA	19271	NA	NA	NA	0	1	41822	NA	NA	NA	NA	NA	NA	NA	NA	4.5e-10	rs7549792	1.035e-08	rs7549792	True	False	True	NA	NA	NA	NA	NA	NA	NA	NA
ENSG00000234055	NA	NA	NA	NA	19271	NA	NA	NA	NA	NA	41822	NA	NA	NA	NA	NA	NA	NA	NA	NA	NA	1.667e-08	rs60145585	True	False	True	NA	NA	NA	NA	NA	NA	NA	NA
ENSG00000234667	ACTL11P	389120	NA	NA	19271	NA	NA	NA	0	1	41822	NA	NA	NA	NA	NA	NA	NA	NA	1.06e-18	rs34654589	2.091e-16	rs55692411	True	False	True	NA	NA	NA	NA	NA	NA	NA	NA
ENSG00000234745	HLA-B	3106	16.8	17833	19271	UKP07419	Tchem	P01889	2241	41690	41822	ENST00000412585	1.8530e+00	[]	NA	NA	NA	NA	NA	1.46e-09	rs2523607	NA	NA	True	False	True	continuous-20016-both_sexes--irnt	pLoF	0.138417804756732	0.0808391352803424	-0.0184401010492228	2542.231075400008	True	True
ENSG00000234816	H2AC5P	10341	NA	NA	19271	NA	NA	NA	1	10724	41822	NA	NA	NA	NA	NA	NA	NA	NA	6.83e-11	rs13195692	NA	NA	True	False	True	NA	NA	NA	NA	NA	NA	NA	NA
ENSG00000234965	SHISA8	440829	0.5	1903	19271	UKP06804	Tdark	B8ZZ34	6	21385	41822	ENST00000621082	1.9620e+00	[]	NA	True	2.764e-07	213	positional	1.23e-08	rs5758504	NA	NA	True	False	True	continuous-20018-both_sexes--	pLoF|missense|LC	0.0656472430014935	0.117719251053644	0.000464307526723651	13356.750438433584	True	True
ENSG00000235016	SEMA3F-AS1	100129060	NA	NA	19271	NA	NA	NA	1	10724	41822	NA	NA	NA	NA	NA	NA	NA	NA	1.09e-24	rs2624825	2.276e-22	rs2071207	True	False	True	NA	NA	NA	NA	NA	NA	NA	NA
ENSG00000235066	NA	NA	NA	NA	19271	NA	NA	NA	NA	NA	41822	NA	NA	NA	NA	NA	NA	NA	NA	1.95e-08	rs76467137	NA	NA	True	False	True	NA	NA	NA	NA	NA	NA	NA	NA
ENSG00000235109	ZSCAN31	64288	2.3	6711	19271	UKP06820	Tbio	Q96LW9	20	26233	41822	ENST00000344279	9.3700e-01	[]	NA	NA	NA	NA	NA	3.58e-18	rs35030260	NA	NA	True	False	True	continuous-20191-both_sexes--irnt	missense|LC	0.00781696782626884	0.00399380768964552	-0.00171664147098162	61072.44743481751	True	True
ENSG00000235120	BSN-AS1	106478963	NA	NA	19271	NA	NA	NA	0	1	41822	NA	NA	NA	NA	NA	NA	NA	NA	4.22e-21	rs2172252	1.605e-24	rs2172252	True	False	True	NA	NA	NA	NA	NA	NA	NA	NA
ENSG00000235192	NA	NA	NA	NA	19271	NA	NA	NA	NA	NA	41822	NA	NA	NA	NA	NA	NA	NA	NA	6.73e-10	rs62174851	3.323e-09	rs62174851	True	False	True	NA	NA	NA	NA	NA	NA	NA	NA
ENSG00000235215	NA	NA	NA	NA	19271	NA	NA	NA	NA	NA	41822	NA	NA	NA	NA	NA	NA	NA	NA	4.82e-10	rs6587843	5.023e-09	rs6587843	True	False	True	NA	NA	NA	NA	NA	NA	NA	NA
ENSG00000235358	SCMH1-DT	102723924	NA	NA	19271	NA	NA	NA	0	1	41822	NA	NA	NA	NA	NA	NA	NA	NA	1.07e-11	rs12025777	6.024e-10	rs12025777	True	False	True	NA	NA	NA	NA	NA	NA	NA	NA
ENSG00000235413	KRT18P63	100288868	NA	NA	19271	NA	NA	NA	0	1	41822	NA	NA	NA	NA	NA	NA	NA	NA	1.96e-08	rs35921582	4.222e-10	rs35921582	True	False	True	NA	NA	NA	NA	NA	NA	NA	NA
ENSG00000235513	L3MBTL2-AS1	100506544	NA	NA	19271	NA	NA	NA	1	10724	41822	NA	NA	NA	NA	NA	NA	NA	NA	1.97e-08	rs7289286	NA	NA	True	False	True	NA	NA	NA	NA	NA	NA	NA	NA
ENSG00000235568	NFAM1	150372	6.9	13452	19271	UKP12764	Tbio	Q8NET5	27	27814	41822	ENST00000329021	1.1170e+00	[]	NA	True	1.09e-06	213	eQTL	NA	NA	NA	NA	True	False	True	continuous-20018-both_sexes--	missense|LC	0.0111911052319242	0.010786809051293	-0.00197810966871692	810.5197697937293	True	True
ENSG00000235701	PCBP2P1	101060045	NA	NA	19271	NA	NA	NA	2	15717	41822	NA	NA	NA	NA	NA	NA	NA	NA	NA	NA	1.303e-10	rs2836929	True	False	True	NA	NA	NA	NA	NA	NA	NA	NA
ENSG00000235724	PSMD14-DT	101929512	NA	NA	19271	NA	NA	NA	3	18154	41822	NA	NA	NA	NA	NA	NA	NA	NA	1.43e-10	rs11678980	2.623e-13	rs3754970	True	False	True	NA	NA	NA	NA	NA	NA	NA	NA
ENSG00000235790	PEF1-AS1	107985471	NA	NA	19271	NA	NA	NA	0	1	41822	NA	NA	NA	NA	NA	NA	NA	NA	6.19e-13	rs4949455	2.512e-12	rs4949455	True	False	True	NA	NA	NA	NA	NA	NA	NA	NA
ENSG00000235934	GAD1-AS1	NA	NA	NA	19271	NA	NA	NA	NA	NA	41822	NA	NA	NA	NA	NA	NA	NA	NA	7.05e-09	rs3749034	6.735e-09	rs3749034	True	False	True	NA	NA	NA	NA	NA	NA	NA	NA
ENSG00000236104	ZBTB22	9278	3.7	9268	19271	UKP06957	Tbio	O15209	24	27198	41822	ENST00000431845	1.5770e+00	[]	1.5017e-06	NA	NA	NA	NA	NA	NA	NA	NA	True	False	True	continuous-20023-both_sexes--irnt	missense|LC	0.0304906841487974	0.0177969653633642	0.00143585558234304	213582.96674673358	True	True
ENSG00000236200	KDM4A-AS1	100132774	NA	NA	19271	NA	NA	NA	6	21385	41822	NA	NA	NA	NA	NA	NA	NA	NA	3.49e-08	rs112984125	NA	NA	True	False	True	NA	NA	NA	NA	NA	NA	NA	NA
ENSG00000236234	NA	NA	NA	NA	19271	NA	NA	NA	NA	NA	41822	NA	NA	NA	NA	NA	NA	NA	NA	4.12e-12	rs56005713	NA	NA	True	False	True	NA	NA	NA	NA	NA	NA	NA	NA
ENSG00000236255	NA	NA	NA	NA	19271	NA	NA	NA	NA	NA	41822	NA	NA	NA	NA	NA	NA	NA	NA	2.74e-09	rs148399786	NA	NA	True	False	True	NA	NA	NA	NA	NA	NA	NA	NA
ENSG00000236920	NA	NA	NA	NA	19271	NA	NA	NA	NA	NA	41822	NA	NA	NA	NA	NA	NA	NA	NA	NA	NA	3.226e-08	rs62422686	True	False	True	NA	NA	NA	NA	NA	NA	NA	NA
ENSG00000236980	CIMIP7	646498	0.0	1	19271	UKP08811	Tdark	H3BNL1	1	10724	41822	ENST00000545770	1.4520e+00	[]	1.9818e-11	True	1.381e-11	50	positional	2.77e-10	rs9835439	1.381e-11	rs9835439	True	False	True	continuous-20018-both_sexes--	missense|LC	0.00918402931988371	0.00929876517526651	0.00231455476760462	268.1599186160267	False	True
ENSG00000237037	NDUFA6-DT	100132273	NA	NA	19271	NA	NA	NA	3	18154	41822	NA	NA	NA	NA	NA	NA	NA	NA	1.35e-13	rs28579115	NA	NA	True	False	True	NA	NA	NA	NA	NA	NA	NA	NA
ENSG00000237352	NA	NA	NA	NA	19271	NA	NA	NA	NA	NA	41822	NA	NA	NA	NA	NA	NA	NA	NA	1.69e-10	rs2989868	1.644e-09	rs2989868	True	False	True	NA	NA	NA	NA	NA	NA	NA	NA
ENSG00000237373	BRWD1-IT1	106480743	NA	NA	19271	NA	NA	NA	0	1	41822	NA	NA	NA	NA	NA	NA	NA	NA	NA	NA	2.112e-10	rs35571600	True	False	True	NA	NA	NA	NA	NA	NA	NA	NA
ENSG00000237425	RPSAP2	442181	NA	NA	19271	NA	NA	NA	1	10724	41822	NA	NA	NA	NA	NA	NA	NA	NA	NA	NA	4.804e-09	rs6456834	True	False	True	NA	NA	NA	NA	NA	NA	NA	NA
ENSG00000237515	SHISA9	729993	1.0	3282	19271	UKP06804	Tbio	B4DS77	12	23906	41822	ENST00000558583	5.7400e-01	[]	6.7242e-12	True	4.676e-10	180	positional	4.81e-08	rs276626	4.676e-10	rs62029752	True	False	True	continuous-20023-both_sexes--irnt	pLoF	0.118592069320131	0.0752325387251978	0.0174534785624748	3.9732055262208528	False	False
ENSG00000238029	RALBP1P2	129522	NA	NA	19271	NA	NA	NA	0	1	41822	NA	NA	NA	NA	NA	NA	NA	NA	1.27e-13	rs7590388	7.179e-12	rs7590388	True	False	True	NA	NA	NA	NA	NA	NA	NA	NA
ENSG00000238083	LRRC37A2	474170	0.0	1	19271	UKP09579	Tdark	A6NM11	11	23581	41822	ENST00000576629	5.3400e-01	[]	NA	True	1.702e-08	193	eQTL	NA	NA	NA	NA	True	False	True	continuous-20018-both_sexes--	pLoF	0.000549678599913284	0.22271207553842	-0.00415514960734483	22.929301494062372	False	False
ENSG00000238141	BRWD1-AS1	100874093	NA	NA	19271	NA	NA	NA	1	10724	41822	NA	NA	NA	NA	NA	NA	NA	NA	NA	NA	8.986e-10	rs7283516	True	False	True	NA	NA	NA	NA	NA	NA	NA	NA
ENSG00000238207	NA	NA	NA	NA	19271	NA	NA	NA	NA	NA	41822	NA	NA	NA	NA	NA	NA	NA	NA	9e-10	rs28892332	NA	NA	True	False	True	NA	NA	NA	NA	NA	NA	NA	NA
ENSG00000239389	PCDHA13	56136	1.0	3282	19271	UKP06915	Tdark	Q9Y5I0	15	24874	41822	ENST00000289272	1.0010e+00	[]	NA	True	3.745e-09	91	eQTL	NA	NA	NA	NA	True	False	True	continuous-20018-both_sexes--	pLoF	0.10214316721869	0.0732558140609507	-0.00487417853147003	24.718900610826847	False	False
ENSG00000240634	NA	NA	NA	NA	19271	NA	NA	NA	NA	NA	41822	NA	NA	NA	NA	NA	NA	NA	NA	1.22e-18	rs11860513	1.246e-24	rs2008514	True	False	True	NA	NA	NA	NA	NA	NA	NA	NA
ENSG00000240790	SND1-DT	121832805	NA	NA	19271	NA	NA	NA	0	1	41822	NA	NA	NA	NA	NA	NA	NA	NA	1.78e-10	rs56306023	1.762e-10	rs73234874	True	False	True	NA	NA	NA	NA	NA	NA	NA	NA
ENSG00000241462	NA	NA	NA	NA	19271	NA	NA	NA	NA	NA	41822	NA	NA	NA	NA	NA	NA	NA	NA	1.01e-08	rs9892062	4.981e-13	rs9892062	True	False	True	NA	NA	NA	NA	NA	NA	NA	NA
ENSG00000241549	GUSBP2	387036	NA	NA	19271	NA	NA	NA	3	18154	41822	NA	NA	NA	NA	NA	NA	NA	NA	1.42e-18	rs57440165	NA	NA	True	False	True	NA	NA	NA	NA	NA	NA	NA	NA
ENSG00000242109	NPM1P23	100422256	NA	NA	19271	NA	NA	NA	0	1	41822	NA	NA	NA	NA	NA	NA	NA	NA	1.98e-09	rs75566695	NA	NA	True	False	True	NA	NA	NA	NA	NA	NA	NA	NA
ENSG00000242419	PCDHGC4	56098	1.5	4687	19271	UKP06915	Tbio	Q9Y5F7	14	24572	41822	ENST00000306593	3.6300e-01	[]	NA	True	1.227e-09	91	eQTL	NA	NA	NA	NA	True	False	True	continuous-20191-both_sexes--irnt	missense|LC	0.119841716717555	0.47879700988181	-0.000463289939908354	4594.933780814765	True	True
ENSG00000242753	NA	NA	NA	NA	19271	NA	NA	NA	NA	NA	41822	NA	NA	NA	NA	NA	NA	NA	NA	3.05e-10	rs620729	5.297e-10	rs620729	True	False	True	NA	NA	NA	NA	NA	NA	NA	NA
ENSG00000243056	EIF4EBP3	8637	2.7	7600	19271	UKP07644	Tbio	O60516	33	28940	41822	ENST00000310331	1.5940e+00	[]	NA	True	2.174e-10	91	eQTL;chromatin	NA	NA	NA	NA	True	False	True	continuous-20018-both_sexes--	missense|LC	0.122221927050596	0.0810975888106167	0.00193026132481869	168.62048837005545	True	True
ENSG00000243232	PCDHAC2	56134	2.8	7695	19271	UKP06915	Tbio	Q9Y5I4	16	25187	41822	ENST00000289269	4.9600e-01	[]	NA	True	2.078e-10	91	eQTL	NA	NA	NA	NA	True	False	True	continuous-20016-both_sexes--irnt	missense|LC	0.140184519909042	0.0785788669641531	0.00104975613115861	3054.7907255760456	True	True
ENSG00000243477	NAA80	24142	7.9	14372	19271	UKP06810	Tbio	Q93015	27	27814	41822	ENST00000443094	1.1230e+00	[]	NA	True	1.439e-22	50	eQTL	NA	NA	NA	NA	True	False	True	continuous-20018-both_sexes--	pLoF|missense|LC	0.00483710038679885	0.676784623656804	0.000131566530742282	2073.739518433343	False	True
ENSG00000243649	CFB	629	10.1	15809	19271	UKP06407	Tclin	P00751	236	39117	41822	ENST00000425368	7.1900e-01	[]	NA	NA	NA	NA	NA	1.7e-08	rs1270942	NA	NA	True	False	True	continuous-20023-both_sexes--irnt	pLoF	0.222465538222113	0.125650401550704	0.00467092009407433	0.9932960356194012	False	False
ENSG00000243696	NA	NA	NA	NA	19271	NA	NA	NA	NA	NA	41822	ENST00000468472	NA	"[""no_exp_lof""]"	NA	NA	NA	NA	NA	NA	NA	2.805e-08	rs2071044	True	False	True	continuous-20016-both_sexes--irnt	missense|LC	0.0985104547486046	0.0578408049243562	-0.00268315083071919	128284.54170459321	True	True
ENSG00000243729	OR5V1	81696	1.0	3282	19271	UKP07658	Tdark	Q9UGF6	10	23239	41822	ENST00000641768	1.8630e+00	[]	NA	True	3.057e-09	102	positional	NA	NA	3.057e-09	rs3749971	True	False	True	continuous-20023-both_sexes--irnt	missense|LC	0.306633180525018	0.204489917067911	-0.000509015458022524	77474.45437959049	False	True
ENSG00000243753	HLA-L	3139	NA	NA	19271	NA	NA	NA	6	21385	41822	NA	NA	NA	NA	NA	NA	NA	NA	NA	NA	8.945e-09	rs2844762	True	False	True	NA	NA	NA	NA	NA	NA	NA	NA
ENSG00000243904	RPSAP5	319129	NA	NA	19271	NA	NA	NA	1	10724	41822	NA	NA	NA	NA	NA	NA	NA	NA	NA	NA	3.926e-08	rs11629297	True	False	True	NA	NA	NA	NA	NA	NA	NA	NA
ENSG00000244005	NFS1	9054	8.9	15105	19271	UKP02454	Tbio	Q9Y697	138	37073	41822	ENST00000374092	6.6900e-01	[]	1.0605e-07	True	1.617e-08	207	positional;eQTL;chromatin	NA	NA	3.933e-08	rs6060556	True	False	True	continuous-20018-both_sexes--	pLoF	0.0190341755697723	0.0704307251607382	-0.0110010475538422	4.645798708228156	False	False
ENSG00000244255	NA	NA	NA	NA	19271	NA	NA	NA	NA	NA	41822	ENST00000456570	7.5000e-01	[]	NA	NA	NA	NA	NA	1.7e-08	rs1270942	NA	NA	True	False	True	continuous-20023-both_sexes--irnt	pLoF	0.517974753026112	0.3181699247896	0.00223151736056305	133.1257510204832	True	True
ENSG00000244462	RBM12	10137	1.5	4687	19271	UKP05988	Tchem	Q9NTZ6	86	34654	41822	ENST00000374114	8.7200e-01	[]	1.1653e-08	True	1.617e-08	207	positional;eQTL;chromatin	NA	NA	3.06e-08	rs11698796	True	False	True	continuous-20016-both_sexes--irnt	missense|LC	0.0786722139144151	0.0467472756834503	0.00151422959933427	13096.04201896901	True	True
ENSG00000244691	RPL10AP1	319135	NA	NA	19271	NA	NA	NA	1	10724	41822	NA	NA	NA	NA	NA	NA	NA	NA	NA	NA	4.967e-08	rs4906322	True	False	True	NA	NA	NA	NA	NA	NA	NA	NA
ENSG00000244730	PHF5AP3	450239	NA	NA	19271	NA	NA	NA	1	10724	41822	NA	NA	NA	NA	NA	NA	NA	NA	1.93e-27	rs34451146	5.322e-26	rs34451146	True	False	True	NA	NA	NA	NA	NA	NA	NA	NA
ENSG00000245526	MIR9-2HG	645323	NA	NA	19271	NA	NA	NA	26	27606	41822	NA	NA	NA	NA	NA	NA	NA	NA	5.04e-16	rs13163336	4.071e-14	rs6882046	True	False	True	NA	NA	NA	NA	NA	NA	NA	NA
ENSG00000245651	LINC03235	283387	NA	NA	19271	NA	NA	NA	1	10724	41822	NA	NA	NA	NA	NA	NA	NA	NA	NA	NA	1.836e-11	rs6581157	True	False	True	NA	NA	NA	NA	NA	NA	NA	NA
ENSG00000245864	MEF2C-AS2	109729137	NA	NA	19271	NA	NA	NA	2	15717	41822	NA	NA	NA	NA	NA	NA	NA	NA	7.3e-15	rs254781	2.818e-14	rs34316	True	False	True	NA	NA	NA	NA	NA	NA	NA	NA
ENSG00000246316	KCNN2-AS1	101927078	NA	NA	19271	NA	NA	NA	4	19604	41822	NA	NA	NA	NA	NA	NA	NA	NA	NA	NA	2.343e-08	rs1991228	True	False	True	NA	NA	NA	NA	NA	NA	NA	NA
ENSG00000246334	PRR7-AS1	340037	NA	NA	19271	NA	NA	NA	1	10724	41822	NA	NA	NA	NA	NA	NA	NA	NA	3.84e-10	rs335433	4.439e-11	rs335434	True	False	True	NA	NA	NA	NA	NA	NA	NA	NA
ENSG00000246465	NA	NA	NA	NA	19271	NA	NA	NA	NA	NA	41822	NA	NA	NA	NA	NA	NA	NA	NA	4.52e-11	rs112223196	2.609e-12	rs112223196	True	False	True	NA	NA	NA	NA	NA	NA	NA	NA
ENSG00000246859	STARD4-AS1	100505678	NA	NA	19271	NA	NA	NA	3	18154	41822	NA	NA	NA	NA	NA	NA	NA	NA	2.44e-12	rs26046	1.198e-13	rs1145123	True	False	True	NA	NA	NA	NA	NA	NA	NA	NA
ENSG00000247556	OIP5-AS1	729082	NA	NA	19271	NA	NA	NA	78	34071	41822	NA	NA	NA	NA	NA	NA	NA	NA	6.02e-09	rs80279257	NA	NA	True	False	True	NA	NA	NA	NA	NA	NA	NA	NA
ENSG00000247596	TWF2	11344	13.4	17108	19271	UKP07222	Tbio	Q6IBS0	76	33921	41822	ENST00000305533	5.2500e-01	[]	NA	True	2.792e-06	51	eQTL	NA	NA	NA	NA	True	False	True	continuous-20018-both_sexes--	missense|LC	0.185914234409064	0.102477592769108	-0.0013135316675301	368.34569593191543	True	True
ENSG00000247626	MARS2	92935	4.4	10330	19271	UKP02810	Tbio	Q96GW9	33	28940	41822	ENST00000282276	9.5200e-01	[]	NA	True	3.721e-07	43	eQTL	NA	NA	NA	NA	True	False	True	continuous-20016-both_sexes--irnt	pLoF|missense|LC	0.0721275560537574	0.0384528828591799	-0.00260613698803387	460.61188410060095	True	True
ENSG00000248161	NFKB1-AS1	105377621	NA	NA	19271	NA	NA	NA	2	15717	41822	NA	NA	NA	NA	NA	NA	NA	NA	6.27e-09	rs71621626	NA	NA	True	False	True	NA	NA	NA	NA	NA	NA	NA	NA
ENSG00000248203	NA	NA	NA	NA	19271	NA	NA	NA	NA	NA	41822	NA	NA	NA	NA	NA	NA	NA	NA	8.94e-10	rs75432112	NA	NA	True	False	True	NA	NA	NA	NA	NA	NA	NA	NA
ENSG00000248309	MEF2C-AS1	101929423	NA	NA	19271	NA	NA	NA	6	21385	41822	NA	NA	NA	NA	NA	NA	NA	NA	NA	NA	4.748e-09	rs3850651	True	False	True	NA	NA	NA	NA	NA	NA	NA	NA
ENSG00000248383	PCDHAC1	56135	2.8	7695	19271	UKP06915	Tbio	Q9H158	13	24254	41822	ENST00000253807	8.6900e-01	[]	5.4195e-08	NA	NA	NA	NA	NA	NA	NA	NA	True	False	True	continuous-20023-both_sexes--irnt	pLoF	0.0894388528250443	0.0968106496636827	0.00212030982187381	407.2532715203142	True	True
ENSG00000248529	LINC03152	101928651	NA	NA	19271	NA	NA	NA	1	10724	41822	NA	NA	NA	NA	NA	NA	NA	NA	NA	NA	1.017e-08	rs36033	True	False	True	NA	NA	NA	NA	NA	NA	NA	NA
ENSG00000248592	STIMATE-MUSTN1	100526772	NA	NA	19271	NA	Tdark	A8MSY1	4	19604	41822	ENST00000504329	7.8700e-01	[]	6.1789e-08	True	2.735e-11	51	positional;eQTL	9.53e-09	rs6798941	NA	NA	True	False	True	continuous-20023-both_sexes--irnt	missense|LC	0.165346704657801	0.529658784841186	0.000327480762939103	398378.0794589283	False	False
ENSG00000248851	NA	NA	NA	NA	19271	NA	NA	NA	NA	NA	41822	NA	NA	NA	NA	NA	NA	NA	NA	NA	NA	1.265e-08	rs2270230	True	False	True	NA	NA	NA	NA	NA	NA	NA	NA
ENSG00000249158	PCDHA11	56138	2.8	7695	19271	UKP06915	Tdark	Q9Y5I1	17	25457	41822	ENST00000398640	1.0310e+00	[]	NA	True	2.078e-10	91	eQTL	NA	NA	NA	NA	True	False	True	continuous-20191-both_sexes--irnt	missense|LC	0.0368001315438942	0.0187670011612384	-0.00150789010074936	5405.1751351053135	True	True
ENSG00000249184	NA	NA	NA	NA	19271	NA	NA	NA	NA	NA	41822	NA	NA	NA	NA	NA	NA	NA	NA	1.1e-10	rs13146981	1.385e-11	rs13146981	True	False	True	NA	NA	NA	NA	NA	NA	NA	NA
ENSG00000249471	ZNF324B	388569	1.5	4687	19271	UKP06145	Tdark	Q6AW86	13	24254	41822	ENST00000336614	1.1890e+00	[]	8.7696e-07	True	6.232e-09	206	positional;eQTL;chromatin	NA	NA	NA	NA	True	False	True	continuous-20016-both_sexes--irnt	pLoF	0.0100783973847638	0.00637877181185698	0.0519449583630259	3.738399810805069	False	False
ENSG00000249506	ZEB2P1	100420926	NA	NA	19271	NA	NA	NA	0	1	41822	NA	NA	NA	NA	NA	NA	NA	NA	NA	NA	2.184e-08	rs11729881	True	False	True	NA	NA	NA	NA	NA	NA	NA	NA
ENSG00000250069	NA	NA	NA	NA	19271	NA	NA	NA	NA	NA	41822	NA	NA	NA	NA	NA	NA	NA	NA	2.62e-14	rs421211	1.237e-11	rs421211	True	False	True	NA	NA	NA	NA	NA	NA	NA	NA
ENSG00000250120	PCDHA10	56139	2.8	7695	19271	UKP06915	Tbio	Q9Y5I2	16	25187	41822	ENST00000307360	9.1200e-01	[]	NA	True	2.078e-10	91	eQTL	NA	NA	NA	NA	True	False	True	continuous-20016-both_sexes--irnt	pLoF|missense|LC	0.136306890179725	0.0752147958171107	0.00079438269721387	239703.69856479208	True	True
ENSG00000250125	LINC02232	401134	NA	NA	19271	NA	NA	NA	2	15717	41822	NA	NA	NA	NA	NA	NA	NA	NA	3.56e-09	rs3943667	3.207e-08	rs67482514	True	False	True	NA	NA	NA	NA	NA	NA	NA	NA
ENSG00000250377	GSCAR	124901024	NA	NA	19271	NA	NA	NA	1	10724	41822	NA	NA	NA	NA	NA	NA	NA	NA	1.02e-11	rs2304607	3.964e-08	rs2304607	True	False	True	NA	NA	NA	NA	NA	NA	NA	NA
ENSG00000251259	NA	NA	NA	NA	19271	NA	NA	NA	NA	NA	41822	NA	NA	NA	NA	NA	NA	NA	NA	NA	NA	3.508e-10	rs7679673	True	False	True	NA	NA	NA	NA	NA	NA	NA	NA
ENSG00000251309	BANK1-AS1	NA	NA	NA	19271	NA	NA	NA	NA	NA	41822	NA	NA	NA	NA	NA	NA	NA	NA	1.04e-15	rs13127398	1.152e-18	rs34592089	True	False	True	NA	NA	NA	NA	NA	NA	NA	NA
ENSG00000251322	SHANK3	85358	21.5	18403	19271	UKP07067	Tbio	Q9BYB0	279	39603	41822	ENST00000262795	4.4600e-01	"[""outlier_syn""]"	1.6939e-08	NA	NA	NA	NA	NA	NA	NA	NA	True	False	True	continuous-20016-both_sexes--irnt	pLoF|missense|LC	0.00212030951548925	0.00106006006226611	-0.00198860342819655	2140.465777532132	True	True
ENSG00000251417	NA	NA	NA	NA	19271	NA	NA	NA	NA	NA	41822	NA	NA	NA	NA	NA	NA	NA	NA	1.1e-18	rs62036614	1.246e-24	rs2008514	True	False	True	NA	NA	NA	NA	NA	NA	NA	NA
ENSG00000251455	GATB-AS1	107986197	NA	NA	19271	NA	NA	NA	0	1	41822	NA	NA	NA	NA	NA	NA	NA	NA	7.96e-12	rs12502055	7.688e-13	rs12502055	True	False	True	NA	NA	NA	NA	NA	NA	NA	NA
ENSG00000251461	NA	NA	NA	NA	19271	NA	NA	NA	NA	NA	41822	NA	NA	NA	NA	NA	NA	NA	NA	5.96e-11	rs11079849	2.26e-08	rs11079849	True	False	True	NA	NA	NA	NA	NA	NA	NA	NA
ENSG00000251497	PITPNM2-AS1	100507091	NA	NA	19271	NA	NA	NA	1	10724	41822	NA	NA	NA	NA	NA	NA	NA	NA	NA	NA	2.063e-08	rs4148862	True	False	True	NA	NA	NA	NA	NA	NA	NA	NA
ENSG00000251542	LINC01957	101927059	NA	NA	19271	NA	NA	NA	0	1	41822	NA	NA	NA	NA	NA	NA	NA	NA	NA	NA	3.696e-08	rs403133	True	False	True	NA	NA	NA	NA	NA	NA	NA	NA
ENSG00000251586	TET2-AS1	104384744	NA	NA	19271	NA	NA	NA	0	1	41822	NA	NA	NA	NA	NA	NA	NA	NA	3.5e-17	rs6818637	2.593e-20	rs6818637	True	False	True	NA	NA	NA	NA	NA	NA	NA	NA
ENSG00000251603	NA	NA	NA	NA	19271	NA	NA	NA	NA	NA	41822	NA	NA	NA	NA	NA	NA	NA	NA	1.1e-11	rs1366909	1.166e-12	rs1366909	True	False	True	NA	NA	NA	NA	NA	NA	NA	NA
ENSG00000253485	PCDHGA5	56110	1.0	3282	19271	UKP06915	Tdark	Q9Y5G8	13	24254	41822	ENST00000518069	7.9400e-01	[]	NA	True	1.184e-06	91	eQTL	NA	NA	NA	NA	True	False	True	continuous-20016-both_sexes--irnt	missense|LC	0.14096982449966	0.797639172168621	-0.000179631738220241	7824.038241576845	True	True
ENSG00000253873	PCDHGA11	56105	1.0	3282	19271	UKP06915	Tdark	Q9Y5H2	21	26491	41822	ENST00000398587	8.0800e-01	[]	NA	True	2.174e-10	91	eQTL	NA	NA	NA	NA	True	False	True	continuous-20016-both_sexes--irnt	missense|LC	0.016594634507125	0.0880572168278694	-0.00102620021549582	15971.660542482425	True	True
ENSG00000253961	WRN-AS1	NA	NA	NA	19271	NA	NA	NA	NA	NA	41822	NA	NA	NA	NA	NA	NA	NA	NA	8.05e-10	rs2553256	1.77e-08	rs2553256	True	False	True	NA	NA	NA	NA	NA	NA	NA	NA
ENSG00000254081	LINC01299	286186	NA	NA	19271	NA	NA	NA	3	18154	41822	NA	NA	NA	NA	NA	NA	NA	NA	NA	NA	4.478e-08	rs13276212	True	False	True	NA	NA	NA	NA	NA	NA	NA	NA
ENSG00000254363	NA	NA	NA	NA	19271	NA	NA	NA	NA	NA	41822	NA	NA	NA	NA	NA	NA	NA	NA	2.56e-14	rs4463213	3.004e-12	rs4463213	True	False	True	NA	NA	NA	NA	NA	NA	NA	NA
ENSG00000254402	LRRC24	441381	1.0	3282	19271	UKP07052	Tdark	Q50LG9	12	23906	41822	ENST00000529415	1.8900e+00	"[""outlier_mis"",""outlier_syn""]"	3.6645e-07	True	2.887e-09	127	positional;eQTL	9.36e-09	rs9071	3.63e-09	rs2721138	True	False	True	continuous-20191-both_sexes--irnt	pLoF|missense|LC	0.0716898412026116	0.0402116753625716	0.0016766476543431	50247.09925386198	True	True
ENSG00000254858	MPV17L2	84769	2.4	6954	19271	UKP00822	Tbio	Q567V2	13	24254	41822	ENST00000599612	1.5350e+00	[]	NA	True	5.93e-10	202	eQTL	NA	NA	NA	NA	True	False	True	continuous-20018-both_sexes--	pLoF	0.00458512509827791	0.00310939521250464	-0.0188642919632087	4.479344057864256	False	False
ENSG00000254870	ATP6V1G2-DDX39B	100532737	NA	NA	19271	NA	NA	NA	8	22466	41822	ENST00000376185	NA	"[""no_exp_lof""]"	NA	NA	NA	NA	NA	1.25e-09	rs9267488	NA	NA	True	False	True	continuous-20023-both_sexes--irnt	missense|LC	0.0432542201567597	0.0339163240391575	0.00787164211115842	51.36913229389502	False	False
ENSG00000254996	ANKHD1-EIF4EBP3	404734	NA	NA	19271	NA	NA	NA	30	28384	41822	ENST00000532219	2.0400e-01	[]	3.1435e-08	True	2.174e-10	91	positional;eQTL;chromatin	NA	NA	NA	NA	True	False	True	continuous-20191-both_sexes--irnt	pLoF|missense|LC	0.419370139149121	0.255108738479174	0.000725037977744726	247.8921444842659	False	False
ENSG00000255152	MSH5-SAPCD1	100532732	NA	NA	19271	NA	NA	NA	4	19604	41822	ENST00000493662	NA	"[""no_exp_lof""]"	NA	NA	NA	NA	NA	4.18e-09	rs707938	NA	NA	True	False	True	continuous-20018-both_sexes--	missense|LC	0.147861749636677	0.178733950513873	-0.000735727049319249	20174.32876089948	True	True
ENSG00000255182	NA	NA	NA	NA	19271	NA	NA	NA	NA	NA	41822	NA	NA	NA	NA	NA	NA	NA	NA	2.92e-08	rs2721150	2.934e-08	rs1063739	True	False	True	NA	NA	NA	NA	NA	NA	NA	NA
ENSG00000255197	SLC39A13-AS1	127138868	NA	NA	19271	NA	NA	NA	3	18154	41822	NA	NA	NA	NA	NA	NA	NA	NA	1.9e-08	rs7937331	NA	NA	True	False	True	NA	NA	NA	NA	NA	NA	NA	NA
ENSG00000255408	PCDHA3	56145	2.8	7695	19271	UKP06915	Tbio	Q9Y5H8	18	25715	41822	ENST00000522353	8.1300e-01	[]	3.8999e-07	True	2.078e-10	91	positional;eQTL	NA	NA	6.294e-09	rs10053586	True	False	True	continuous-20016-both_sexes--irnt	missense|LC	0.0524145168155734	0.0281116955499605	0.00159309690495189	223837.4540231656	True	True
ENSG00000255524	NPIPB8	728734	0.0	1	19271	UKP14395	Tdark	E9PQR5	2	15717	41822	ENST00000683297	1.8530e+00	[]	NA	True	1.246e-24	184	positional;eQTL	2.87e-15	rs35626515	7.586e-21	rs35626515	True	False	True	continuous-20023-both_sexes--irnt	pLoF|missense|LC	0.207176087882189	0.123888068602084	-0.00289905243313912	182.9165846559543	False	False
ENSG00000256028	NA	NA	NA	NA	19271	NA	NA	NA	NA	NA	41822	NA	NA	NA	NA	NA	NA	NA	NA	NA	NA	7.126e-09	rs3759115	True	False	True	NA	NA	NA	NA	NA	NA	NA	NA
ENSG00000256053	COA8	84334	3.2	8468	19271	UKP12351	Tbio	Q96IL0	23	26957	41822	ENST00000409074	1.3050e+00	[]	3.7444e-09	True	3.338e-10	169	positional;eQTL	NA	NA	1.239e-09	rs4464019	True	False	True	continuous-20191-both_sexes--irnt	pLoF|missense|LC	0.143541857798076	0.095749790479377	0.00183891071454356	154.02844301453072	False	False
ENSG00000256453	DND1	373863	4.7	10753	19271	UKP00218	Tbio	Q8IYX4	37	29593	41822	ENST00000542735	6.3500e-01	[]	5.677e-08	True	2.078e-10	91	positional;eQTL	1.61e-08	rs2563333	1.517e-09	rs2563333	True	False	True	continuous-20018-both_sexes--	pLoF	0.0290127705045581	0.0267493902824885	-0.0168876324247318	1.9908105116300654	False	False
ENSG00000256500	NA	NA	NA	NA	19271	NA	NA	NA	NA	NA	41822	ENST00000472726	5.6700e-01	[]	NA	NA	NA	NA	NA	NA	NA	3.96e-10	rs729437	True	False	True	continuous-20023-both_sexes--irnt	pLoF	0.185738844987076	0.10772557196959	0.00587828798403764	47.81573261754533	False	False
ENSG00000256515	NA	NA	NA	NA	19271	NA	NA	NA	NA	NA	41822	NA	NA	NA	NA	True	1.618e-08	191	eQTL	NA	NA	NA	NA	True	False	True	NA	NA	NA	NA	NA	NA	NA	NA
ENSG00000256762	STH	246744	NA	NA	19271	NA	Tbio	Q8IWL8	44	30589	41822	ENST00000537309	1.9540e+00	[]	1.996e-06	NA	NA	NA	NA	NA	NA	NA	NA	True	False	True	continuous-20191-both_sexes--irnt	pLoF	0.055784672015085	0.0364529000608897	-0.0402936206179254	2.4277061458953866	False	False
ENSG00000256824	NA	NA	NA	NA	19271	NA	NA	NA	NA	NA	41822	NA	NA	NA	NA	NA	NA	NA	NA	NA	NA	4.753e-08	rs7941785	True	False	True	NA	NA	NA	NA	NA	NA	NA	NA
ENSG00000256885	NA	NA	NA	NA	19271	NA	NA	NA	NA	NA	41822	NA	NA	NA	NA	NA	NA	NA	NA	6.24e-11	rs514170	2.15e-08	rs514170	True	False	True	NA	NA	NA	NA	NA	NA	NA	NA
ENSG00000257017	HP	3240	5.1	11329	19271	UKP06559	Tbio	P00738	630	41007	41822	ENST00000355906	1.0130e+00	[]	NA	True	1.783e-09	190	eQTL	NA	NA	NA	NA	True	False	True	continuous-20023-both_sexes--irnt	pLoF	0.0116237670239022	0.115059388421941	-0.00525934401652697	52.85894815681571	True	True
ENSG00000257120	NA	NA	NA	NA	19271	NA	NA	NA	NA	NA	41822	NA	NA	NA	NA	NA	NA	NA	NA	NA	NA	4.488e-08	rs17115145	True	False	True	NA	NA	NA	NA	NA	NA	NA	NA
ENSG00000257640	NA	NA	NA	NA	19271	NA	NA	NA	NA	NA	41822	NA	NA	NA	NA	NA	NA	NA	NA	1.32e-11	rs13428598	1.219e-11	rs10189912	True	False	True	NA	NA	NA	NA	NA	NA	NA	NA
ENSG00000257842	NOVA1-DT	102725045	NA	NA	19271	NA	NA	NA	0	1	41822	NA	NA	NA	NA	NA	NA	NA	NA	1.55e-08	rs2180111	4.964e-10	rs8006700	True	False	True	NA	NA	NA	NA	NA	NA	NA	NA
ENSG00000257913	DDN-AS1	105369758	NA	NA	19271	NA	NA	NA	2	15717	41822	NA	NA	NA	NA	NA	NA	NA	NA	1.45e-14	rs10783300	3.95e-13	rs2293445	True	False	True	NA	NA	NA	NA	NA	NA	NA	NA
ENSG00000258232	NA	NA	NA	NA	19271	NA	NA	NA	NA	NA	41822	NA	NA	NA	NA	NA	NA	NA	NA	4.35e-08	rs11168951	NA	NA	True	False	True	NA	NA	NA	NA	NA	NA	NA	NA
ENSG00000258283	NA	NA	NA	NA	19271	NA	NA	NA	NA	NA	41822	NA	NA	NA	NA	NA	NA	NA	NA	1.08e-15	rs1054442	2.518e-14	rs1054442	True	False	True	NA	NA	NA	NA	NA	NA	NA	NA
ENSG00000258467	PHKBP2	5259	NA	NA	19271	NA	NA	NA	2	15717	41822	NA	NA	NA	NA	NA	NA	NA	NA	NA	NA	1.203e-08	rs56211968	True	False	True	NA	NA	NA	NA	NA	NA	NA	NA
ENSG00000258520	NA	NA	NA	NA	19271	NA	NA	NA	NA	NA	41822	NA	NA	NA	NA	NA	NA	NA	NA	6.61e-09	rs1043254	2.255e-08	rs17106817	True	False	True	NA	NA	NA	NA	NA	NA	NA	NA
ENSG00000258674	NA	NA	NA	NA	19271	NA	NA	NA	NA	NA	41822	ENST00000555938	1.3970e+00	[]	NA	NA	NA	NA	NA	NA	NA	NA	NA	False	True	True	continuous-20023-both_sexes--irnt	missense|LC	1.34577263333213e-07	2.44500208257392e-06	-0.00215416714061549	4967.132432336562	True	True
ENSG00000258813	RBM25-AS1	105370560	NA	NA	19271	NA	NA	NA	0	1	41822	NA	NA	NA	NA	NA	NA	NA	NA	5.61e-09	rs2535923	NA	NA	True	False	True	NA	NA	NA	NA	NA	NA	NA	NA
ENSG00000258851	BAG5-AS1	NA	NA	NA	19271	NA	NA	NA	NA	NA	41822	NA	NA	NA	NA	NA	NA	NA	NA	NA	NA	3.338e-10	rs942862	True	False	True	NA	NA	NA	NA	NA	NA	NA	NA
ENSG00000259097	NA	NA	NA	NA	19271	NA	NA	NA	NA	NA	41822	NA	NA	NA	NA	NA	NA	NA	NA	2.03e-09	rs17698580	2.087e-09	rs17698580	True	False	True	NA	NA	NA	NA	NA	NA	NA	NA
ENSG00000259241	SCG3-AS1	NA	NA	NA	19271	NA	NA	NA	NA	NA	41822	NA	NA	NA	NA	NA	NA	NA	NA	3.02e-08	rs2606146	3.158e-08	rs2606146	True	False	True	NA	NA	NA	NA	NA	NA	NA	NA
ENSG00000259243	NA	NA	NA	NA	19271	NA	NA	NA	NA	NA	41822	NA	NA	NA	NA	True	5.777e-10	174	eQTL	NA	NA	NA	NA	True	False	True	NA	NA	NA	NA	NA	NA	NA	NA
ENSG00000259315	ACTG1P17	283693	NA	NA	19271	NA	NA	NA	1	10724	41822	NA	NA	NA	NA	NA	NA	NA	NA	4.41e-09	rs7163848	2.712e-09	rs8028130	True	False	True	NA	NA	NA	NA	NA	NA	NA	NA
ENSG00000259462	CPEB1-AS1	283692	NA	NA	19271	NA	NA	NA	2	15717	41822	NA	NA	NA	NA	NA	NA	NA	NA	6.02e-09	rs7165690	3.852e-08	rs7165690	True	False	True	NA	NA	NA	NA	NA	NA	NA	NA
ENSG00000259678	NA	NA	NA	NA	19271	NA	NA	NA	NA	NA	41822	NA	NA	NA	NA	NA	NA	NA	NA	6.84e-09	rs7164669	1.45e-09	rs7164669	True	False	True	NA	NA	NA	NA	NA	NA	NA	NA
ENSG00000259712	NA	NA	NA	NA	19271	NA	NA	NA	NA	NA	41822	NA	NA	NA	NA	NA	NA	NA	NA	1.31e-08	rs17612368	1.177e-08	rs17612368	True	False	True	NA	NA	NA	NA	NA	NA	NA	NA
ENSG00000259758	NA	NA	NA	NA	19271	NA	NA	NA	NA	NA	41822	NA	NA	NA	NA	NA	NA	NA	NA	1.06e-08	rs2977453	NA	NA	True	False	True	NA	NA	NA	NA	NA	NA	NA	NA
ENSG00000259926	NA	NA	NA	NA	19271	NA	NA	NA	NA	NA	41822	NA	NA	NA	NA	NA	NA	NA	NA	1.14e-16	rs111232287	1.543e-14	rs111232287	True	False	True	NA	NA	NA	NA	NA	NA	NA	NA
ENSG00000260078	MPHOSPH10P1	643802	NA	NA	19271	NA	NA	NA	0	1	41822	NA	NA	NA	NA	NA	NA	NA	NA	7.11e-11	rs2041792	4.932e-10	rs2041792	True	False	True	NA	NA	NA	NA	NA	NA	NA	NA
ENSG00000260285	TRMT61A-DT	123706535	NA	NA	19271	NA	NA	NA	0	1	41822	NA	NA	NA	NA	NA	NA	NA	NA	2.73e-08	rs2756118	6.429e-14	rs2756118	True	False	True	NA	NA	NA	NA	NA	NA	NA	NA
ENSG00000260367	NA	NA	NA	NA	19271	NA	NA	NA	NA	NA	41822	NA	NA	NA	NA	NA	NA	NA	NA	4.08e-09	rs4788112	6.678e-14	rs4788112	True	False	True	NA	NA	NA	NA	NA	NA	NA	NA
ENSG00000260411	NA	NA	NA	NA	19271	NA	NA	NA	NA	NA	41822	NA	NA	NA	NA	NA	NA	NA	NA	NA	NA	2.574e-08	rs11076962	True	False	True	NA	NA	NA	NA	NA	NA	NA	NA
ENSG00000260570	NA	NA	NA	NA	19271	NA	NA	NA	NA	NA	41822	NA	NA	NA	NA	NA	NA	NA	NA	1.54e-18	rs12444171	2.082e-24	rs12928404	True	False	True	NA	NA	NA	NA	NA	NA	NA	NA
ENSG00000260796	NA	NA	NA	NA	19271	NA	NA	NA	NA	NA	41822	NA	NA	NA	NA	NA	NA	NA	NA	1.21e-18	rs62036620	3.48e-24	rs62036620	True	False	True	NA	NA	NA	NA	NA	NA	NA	NA
ENSG00000260836	NA	NA	NA	NA	19271	NA	NA	NA	NA	NA	41822	ENST00000562833	7.6000e-02	[]	NA	NA	NA	NA	NA	1.87e-10	rs3850610	3.965e-08	rs3850610	True	False	True	continuous-20016-both_sexes--irnt	missense|LC	0.158202993434788	0.119029420355496	0.00193692378090647	518.7781735537626	True	True
ENSG00000260853	NFATC2IP-AS1	123706545	NA	NA	19271	NA	NA	NA	0	1	41822	NA	NA	NA	NA	NA	NA	NA	NA	1.91e-09	rs11642727	2.384e-14	rs11642727	True	False	True	NA	NA	NA	NA	NA	NA	NA	NA
ENSG00000261067	NA	NA	NA	NA	19271	NA	NA	NA	NA	NA	41822	NA	NA	NA	NA	NA	NA	NA	NA	2.18e-09	rs115616784	5.139e-14	rs4788113	True	False	True	NA	NA	NA	NA	NA	NA	NA	NA
ENSG00000261086	NA	NA	NA	NA	19271	NA	NA	NA	NA	NA	41822	NA	NA	NA	NA	NA	NA	NA	NA	1.87e-10	rs3850610	1.641e-08	rs17507216	True	False	True	NA	NA	NA	NA	NA	NA	NA	NA
ENSG00000261139	NA	NA	NA	NA	19271	NA	NA	NA	NA	NA	41822	NA	NA	NA	NA	NA	NA	NA	NA	2.92e-08	rs2721150	NA	NA	True	False	True	NA	NA	NA	NA	NA	NA	NA	NA
ENSG00000261198	NA	NA	NA	NA	19271	NA	NA	NA	NA	NA	41822	NA	NA	NA	NA	NA	NA	NA	NA	7.51e-09	rs9929993	9.625e-10	rs9929993	True	False	True	NA	NA	NA	NA	NA	NA	NA	NA
ENSG00000261353	NA	NA	NA	NA	19271	NA	NA	NA	NA	NA	41822	NA	NA	NA	NA	NA	NA	NA	NA	2.81e-10	rs1056347	NA	NA	True	False	True	NA	NA	NA	NA	NA	NA	NA	NA
ENSG00000261552	NA	NA	NA	NA	19271	NA	NA	NA	NA	NA	41822	NA	NA	NA	NA	NA	NA	NA	NA	NA	NA	5.514e-09	rs9929088	True	False	True	NA	NA	NA	NA	NA	NA	NA	NA
ENSG00000261645	DISC1FP1	101929222	NA	NA	19271	NA	NA	NA	12	23906	41822	NA	NA	NA	NA	NA	NA	NA	NA	2.94e-11	rs35293660	NA	NA	True	False	True	NA	NA	NA	NA	NA	NA	NA	NA
ENSG00000261647	IMPDH1P11	727833	NA	NA	19271	NA	NA	NA	2	15717	41822	NA	NA	NA	NA	NA	NA	NA	NA	NA	NA	2.058e-08	rs11866570	True	False	True	NA	NA	NA	NA	NA	NA	NA	NA
ENSG00000261669	NA	NA	NA	NA	19271	NA	NA	NA	NA	NA	41822	NA	NA	NA	NA	NA	NA	NA	NA	3.26e-10	rs1978451	2.817e-12	rs2059134	True	False	True	NA	NA	NA	NA	NA	NA	NA	NA
ENSG00000261701	HPR	3250	1.6	5463	19271	UKP06559	Tbio	P00739	89	34851	41822	ENST00000540303	1.5690e+00	[]	NA	True	1.783e-09	190	eQTL	NA	NA	NA	NA	True	False	True	continuous-20023-both_sexes--irnt	pLoF	0.197344145686203	0.172486679906186	-0.00238145621861503	209.76008151960218	True	True
ENSG00000261766	NA	NA	NA	NA	19271	NA	NA	NA	NA	NA	41822	NA	NA	NA	NA	NA	NA	NA	NA	2.02e-18	rs62037367	3.615e-22	rs62037367	True	False	True	NA	NA	NA	NA	NA	NA	NA	NA
ENSG00000261804	NA	NA	NA	NA	19271	NA	NA	NA	NA	NA	41822	NA	NA	NA	NA	NA	NA	NA	NA	1.05e-11	rs11640533	8.956e-11	rs11640533	True	False	True	NA	NA	NA	NA	NA	NA	NA	NA
ENSG00000261810	NA	NA	NA	NA	19271	NA	NA	NA	NA	NA	41822	NA	NA	NA	NA	NA	NA	NA	NA	NA	NA	6.982e-09	rs72772342	True	False	True	NA	NA	NA	NA	NA	NA	NA	NA
ENSG00000261832	NA	NA	NA	NA	19271	NA	NA	NA	NA	NA	41822	ENST00000637378	1.1800e+00	[]	NA	NA	NA	NA	NA	5.95e-14	rs151301	2.374e-19	rs149299	True	False	True	continuous-20016-both_sexes--irnt	missense|LC	0.092407205042388	0.456200724596971	-0.000938859660587628	5492.59989511325	True	True
ENSG00000261839	NA	NA	NA	NA	19271	NA	NA	NA	NA	NA	41822	NA	NA	NA	NA	NA	NA	NA	NA	2.66e-11	rs3757188	NA	NA	True	False	True	NA	NA	NA	NA	NA	NA	NA	NA
ENSG00000262140	NA	NA	NA	NA	19271	NA	NA	NA	NA	NA	41822	NA	NA	NA	NA	NA	NA	NA	NA	8.29e-09	rs7184437	4.586e-09	rs7184437	True	False	True	NA	NA	NA	NA	NA	NA	NA	NA
ENSG00000262714	NA	NA	NA	NA	19271	NA	NA	NA	NA	NA	41822	NA	NA	NA	NA	NA	NA	NA	NA	3.7e-10	rs2908796	4.084e-11	rs2908796	True	False	True	NA	NA	NA	NA	NA	NA	NA	NA
ENSG00000262801	NA	NA	NA	NA	19271	NA	NA	NA	NA	NA	41822	NA	NA	NA	NA	NA	NA	NA	NA	NA	NA	1.975e-09	rs4781499	True	False	True	NA	NA	NA	NA	NA	NA	NA	NA
ENSG00000263317	LINC01982	105371830	NA	NA	19271	NA	NA	NA	0	1	41822	NA	NA	NA	NA	NA	NA	NA	NA	NA	NA	5.306e-10	rs16951547	True	False	True	NA	NA	NA	NA	NA	NA	NA	NA
ENSG00000263327	TAPT1-AS1	202020	NA	NA	19271	NA	NA	NA	5	20644	41822	NA	NA	NA	NA	NA	NA	NA	NA	NA	NA	1.131e-08	rs975669	True	False	True	NA	NA	NA	NA	NA	NA	NA	NA
ENSG00000263437	NA	NA	NA	NA	19271	NA	NA	NA	NA	NA	41822	NA	NA	NA	NA	NA	NA	NA	NA	2.12e-08	rs9806214	NA	NA	True	False	True	NA	NA	NA	NA	NA	NA	NA	NA
ENSG00000263715	LINC02210-CRHR1	104909134	NA	NA	19271	NA	NA	NA	11	23581	41822	ENST00000634540	7.6000e-01	[]	NA	NA	NA	NA	NA	8.82e-12	rs113661667	NA	NA	True	False	True	continuous-20018-both_sexes--	pLoF	0.00328910319889497	0.00474318512142557	-0.0157999023192427	NA	False	False
ENSG00000264070	DND1P1	644157	NA	NA	19271	NA	NA	NA	0	1	41822	NA	NA	NA	NA	NA	NA	NA	NA	2.31e-11	rs1724390	NA	NA	True	False	True	NA	NA	NA	NA	NA	NA	NA	NA
ENSG00000264078	NA	NA	NA	NA	19271	NA	NA	NA	NA	NA	41822	NA	NA	NA	NA	NA	NA	NA	NA	6.19e-13	rs4949455	2.512e-12	rs4949455	True	False	True	NA	NA	NA	NA	NA	NA	NA	NA
ENSG00000264263	NA	NA	NA	NA	19271	NA	NA	NA	NA	NA	41822	NA	NA	NA	NA	NA	NA	NA	NA	NA	NA	7.659e-10	rs12955791	True	False	True	NA	NA	NA	NA	NA	NA	NA	NA
ENSG00000264589	MAPT-AS1	100128977	NA	NA	19271	NA	NA	NA	9	22843	41822	NA	NA	NA	NA	NA	NA	NA	NA	1.45e-11	rs113856644	NA	NA	True	False	True	NA	NA	NA	NA	NA	NA	NA	NA
ENSG00000264672	SEPTIN4-AS1	101927688	NA	NA	19271	NA	NA	NA	3	18154	41822	NA	NA	NA	NA	NA	NA	NA	NA	1.28e-08	rs2009948	5.277e-13	rs2009948	True	False	True	NA	NA	NA	NA	NA	NA	NA	NA
ENSG00000264706	RN7SL217P	106479301	NA	NA	19271	NA	NA	NA	0	1	41822	NA	NA	NA	NA	NA	NA	NA	NA	6.79e-19	rs11130222	NA	NA	True	False	True	NA	NA	NA	NA	NA	NA	NA	NA
ENSG00000265148	TSPOAP1-AS1	100506779	NA	NA	19271	NA	NA	NA	6	21385	41822	NA	NA	NA	NA	NA	NA	NA	NA	2.08e-08	rs9788975	5.083e-13	rs8070135	True	False	True	NA	NA	NA	NA	NA	NA	NA	NA
ENSG00000265964	NA	NA	NA	NA	19271	NA	NA	NA	NA	NA	41822	NA	NA	NA	NA	NA	NA	NA	NA	1.02e-11	rs113790915	NA	NA	True	False	True	NA	NA	NA	NA	NA	NA	NA	NA
ENSG00000266078	MIR4432	100616473	NA	NA	19271	NA	NA	NA	3	18154	41822	NA	NA	NA	NA	NA	NA	NA	NA	2.04e-08	rs243080	NA	NA	True	False	True	NA	NA	NA	NA	NA	NA	NA	NA
ENSG00000266411	NA	NA	NA	NA	19271	NA	NA	NA	NA	NA	41822	NA	NA	NA	NA	NA	NA	NA	NA	2.7e-08	rs72839495	NA	NA	True	False	True	NA	NA	NA	NA	NA	NA	NA	NA
ENSG00000267599	LINC02959	123466209	NA	NA	19271	NA	NA	NA	0	1	41822	NA	NA	NA	NA	NA	NA	NA	NA	3.87e-09	rs67398703	1.356e-09	rs67398703	True	False	True	NA	NA	NA	NA	NA	NA	NA	NA
ENSG00000267636	NA	NA	NA	NA	19271	NA	NA	NA	NA	NA	41822	NA	NA	NA	NA	NA	NA	NA	NA	1.06e-08	rs117890145	5.423e-11	rs10424941	True	False	True	NA	NA	NA	NA	NA	NA	NA	NA
ENSG00000267662	TSHZ3-AS1	107985311	NA	NA	19271	NA	NA	NA	0	1	41822	NA	NA	NA	NA	NA	NA	NA	NA	3.44e-09	rs8100367	3.207e-11	rs2542280	True	False	True	NA	NA	NA	NA	NA	NA	NA	NA
ENSG00000267858	MZF1-AS1	100131691	NA	NA	19271	NA	NA	NA	2	15717	41822	NA	NA	NA	NA	NA	NA	NA	NA	NA	NA	1.004e-09	rs1867727	True	False	True	NA	NA	NA	NA	NA	NA	NA	NA
ENSG00000268050	NA	NA	NA	NA	19271	NA	NA	NA	NA	NA	41822	NA	NA	NA	NA	NA	NA	NA	NA	6.65e-09	rs1075650	1.038e-09	rs1075650	True	False	True	NA	NA	NA	NA	NA	NA	NA	NA
ENSG00000268173	NA	NA	NA	NA	19271	NA	NA	NA	NA	NA	41822	ENST00000593731	NA	"[""no_exp_lof""]"	NA	NA	NA	NA	NA	NA	NA	2.289e-09	rs12984330	True	False	True	continuous-20023-both_sexes--irnt	missense|LC	0.0085960360355436	0.00520609133878125	0.00120935654112177	759935.869010228	True	True
ENSG00000268707	NA	NA	NA	NA	19271	NA	NA	NA	NA	NA	41822	NA	NA	NA	NA	NA	NA	NA	NA	7.21e-09	rs10739743	7.166e-09	rs10739743	True	False	True	NA	NA	NA	NA	NA	NA	NA	NA
ENSG00000268870	NA	NA	NA	NA	19271	NA	NA	NA	NA	NA	41822	ENST00000595562	1.1690e+00	[]	NA	NA	NA	NA	NA	2.96e-11	rs17002025	NA	NA	True	False	True	continuous-20016-both_sexes--irnt	pLoF	0.00776724730133872	NA	NA	0.16248575264051063	False	False
ENSG00000269145	MAST3-AS1	118827815	NA	NA	19271	NA	NA	NA	0	1	41822	NA	NA	NA	NA	NA	NA	NA	NA	NA	NA	5.93e-10	rs2072490	True	False	True	NA	NA	NA	NA	NA	NA	NA	NA
ENSG00000269293	ZSCAN16-AS1	100129195	NA	NA	19271	NA	NA	NA	4	19604	41822	NA	NA	NA	NA	NA	NA	NA	NA	1.48e-18	rs35345226	NA	NA	True	False	True	NA	NA	NA	NA	NA	NA	NA	NA
ENSG00000269383	CYCSP7	164837	NA	NA	19271	NA	NA	NA	1	10724	41822	NA	NA	NA	NA	NA	NA	NA	NA	6.14e-12	rs1437971	3.008e-11	rs1437971	True	False	True	NA	NA	NA	NA	NA	NA	NA	NA
ENSG00000270083	NA	NA	NA	NA	19271	NA	NA	NA	NA	NA	41822	NA	NA	NA	NA	NA	NA	NA	NA	6.75e-13	rs2284087	NA	NA	True	False	True	NA	NA	NA	NA	NA	NA	NA	NA
ENSG00000270265	NA	NA	NA	NA	19271	NA	NA	NA	NA	NA	41822	NA	NA	NA	NA	NA	NA	NA	NA	NA	NA	7.099e-09	rs4696250	True	False	True	NA	NA	NA	NA	NA	NA	NA	NA
ENSG00000270441	LAMB2P1	22973	NA	NA	19271	NA	NA	NA	3	18154	41822	NA	NA	NA	NA	NA	NA	NA	NA	2.84e-10	rs9880088	1.619e-11	rs9862483	True	False	True	NA	NA	NA	NA	NA	NA	NA	NA
ENSG00000270604	NA	NA	NA	NA	19271	NA	NA	NA	NA	NA	41822	NA	NA	NA	NA	NA	NA	NA	NA	NA	NA	8.945e-09	rs2844762	True	False	True	NA	NA	NA	NA	NA	NA	NA	NA
ENSG00000271071	NA	NA	NA	NA	19271	NA	NA	NA	NA	NA	41822	NA	NA	NA	NA	NA	NA	NA	NA	1.18e-11	rs11967852	NA	NA	True	False	True	NA	NA	NA	NA	NA	NA	NA	NA
ENSG00000271137	AKTIPP1	101059924	NA	NA	19271	NA	NA	NA	0	1	41822	NA	NA	NA	NA	NA	NA	NA	NA	7.64e-09	rs2336545	3.719e-10	rs2336545	True	False	True	NA	NA	NA	NA	NA	NA	NA	NA
ENSG00000271252	NA	NA	NA	NA	19271	NA	NA	NA	NA	NA	41822	NA	NA	NA	NA	NA	NA	NA	NA	1.28e-15	rs7534501	6.518e-15	rs7534501	True	False	True	NA	NA	NA	NA	NA	NA	NA	NA
ENSG00000271557	YPEL5P2	100132562	NA	NA	19271	NA	NA	NA	0	1	41822	NA	NA	NA	NA	NA	NA	NA	NA	1.27e-09	rs11039426	NA	NA	True	False	True	NA	NA	NA	NA	NA	NA	NA	NA
ENSG00000271659	NA	NA	NA	NA	19271	NA	NA	NA	NA	NA	41822	NA	NA	NA	NA	NA	NA	NA	NA	2.31e-08	rs28536201	4.78e-08	rs28536201	True	False	True	NA	NA	NA	NA	NA	NA	NA	NA
ENSG00000271860	MIR2113HG	101927314	NA	NA	19271	NA	NA	NA	4	19604	41822	NA	NA	NA	NA	NA	NA	NA	NA	4.44e-27	rs1906252	7.477e-31	rs1906252	True	False	True	NA	NA	NA	NA	NA	NA	NA	NA
ENSG00000272168	CASC15	401237	NA	NA	19271	NA	NA	NA	40	30023	41822	NA	NA	NA	NA	NA	NA	NA	NA	4.62e-09	rs6903716	2.387e-09	rs6903716	True	False	True	NA	NA	NA	NA	NA	NA	NA	NA
ENSG00000272305	NA	NA	NA	NA	19271	NA	NA	NA	NA	NA	41822	ENST00000607283	NA	"[""no_exp_lof""]"	NA	NA	NA	NA	NA	8.05e-09	rs7647313	2.564e-08	rs2244461	True	False	True	continuous-20191-both_sexes--irnt	missense|LC	0.0522107510547679	0.0293345282061518	-0.00441581767659387	192.9496944292577	True	True
ENSG00000272462	LINC02980	123706533	NA	NA	19271	NA	NA	NA	0	1	41822	NA	NA	NA	NA	NA	NA	NA	NA	7.44e-12	rs13202688	NA	NA	True	False	True	NA	NA	NA	NA	NA	NA	NA	NA
ENSG00000272558	NA	NA	NA	NA	19271	NA	NA	NA	NA	NA	41822	NA	NA	NA	NA	NA	NA	NA	NA	7.44e-12	rs13202688	NA	NA	True	False	True	NA	NA	NA	NA	NA	NA	NA	NA
ENSG00000272573	MUSTN1	389125	NA	NA	19271	NA	Tdark	Q8IVN3	9	22843	41822	ENST00000446157	1.7830e+00	[]	4.653e-07	True	1.918e-12	51	eQTL	NA	NA	NA	NA	True	False	True	continuous-20023-both_sexes--irnt	missense|LC	0.0860957867629545	0.598898755958721	0.000359510280585833	392309.0742135483	True	True
ENSG00000272897	NA	NA	NA	NA	19271	NA	NA	NA	NA	NA	41822	ENST00000541176	NA	"[""no_exp_lof""]"	NA	NA	NA	NA	NA	NA	NA	3.06e-08	rs11698796	True	False	True	continuous-20023-both_sexes--irnt	missense|LC	0.0799885917035265	0.0418929730123379	-0.00446723466515463	164.49227392251018	True	True
ENSG00000273611	ZNHIT3	9326	2.8	7695	19271	UKP02017	Tbio	Q15649	43	30444	41822	ENST00000617429	1.8690e+00	[]	2.0511e-08	NA	NA	NA	NA	NA	NA	NA	NA	True	False	True	continuous-20191-both_sexes--irnt	pLoF|missense|LC	0.234512262443289	0.131820972760632	-0.00371030692357739	114.00776199374387	False	True
ENSG00000274840	BALR6	339862	NA	NA	19271	NA	NA	NA	3	18154	41822	NA	NA	NA	2.2419e-06	NA	NA	NA	NA	NA	NA	NA	NA	True	False	True	NA	NA	NA	NA	NA	NA	NA	NA
ENSG00000277481	PKD1L3	342372	7.7	14204	19271	UKP06124	Tbio	Q7Z443	23	26957	41822	ENST00000620267	1.3640e+00	"[""outlier_mis""]"	1.4909e-10	NA	NA	NA	NA	NA	NA	NA	NA	True	False	True	continuous-20016-both_sexes--irnt	pLoF|missense|LC	0.00100888355570472	0.819797133024846	-8.10304076346702e-05	732775.5081684395	True	True
ENSG00000278311	GGNBP2	79893	0.0	1	19271	UKP07571	Tbio	Q9H3C7	37	29593	41822	ENST00000613102	2.0100e-01	[]	1.5561e-09	NA	NA	NA	NA	NA	NA	NA	NA	True	False	True	continuous-20016-both_sexes--irnt	pLoF|missense|LC	0.0740683347149099	0.0405328525955256	0.0029244801947417	339.2501281740516	True	True
ENSG00000278535	DHRS11	79154	3.2	8468	19271	UKP10214	Tbio	Q6UWP2	18	25715	41822	ENST00000618403	9.0700e-01	[]	2.8942e-10	NA	NA	NA	NA	NA	NA	NA	NA	True	False	True	continuous-20016-both_sexes--irnt	missense|LC	0.0736507470377173	0.0407500349556036	-0.00355178880291491	2524.8123999752293	True	True
ENSG00000278619	MRM1	79922	4.8	10931	19271	UKP02150	Tchem	Q6IN84	41	30167	41822	ENST00000614766	1.3180e+00	[]	2.0418e-08	NA	NA	NA	NA	NA	NA	NA	NA	True	False	True	continuous-20018-both_sexes--	pLoF	0.000812337088530457	0.00598455944843612	-0.0104788954821752	13.76966339109775	False	False
ENSG00000284609	OR8B3	390271	2.0	6082	19271	UKP07640	Tdark	Q8NGG8	3	18154	41822	ENST00000641139	1.8920e+00	[]	1.1696e-06	NA	NA	NA	NA	NA	NA	NA	NA	True	False	True	continuous-20016-both_sexes--irnt	missense|LC	0.0431994418943228	0.891876717608303	-0.000222965793348793	264131.2779962976	True	True
ENSG00000284680	OR8B2	26595	2.0	6082	19271	UKP07640	Tdark	Q96RD0	5	20644	41822	ENST00000641451	1.8520e+00	[]	2.3101e-06	NA	NA	NA	NA	NA	NA	NA	NA	True	False	True	continuous-20191-both_sexes--irnt	missense|LC	0.101577474179971	0.0752773148322711	-0.00196712436348495	165298.7132212593	True	True
ENSG00000284862	CCDC39	339829	13.8	17208	19271	UKP06366	Tbio	Q9UFE4	38	29747	41822	ENST00000476379	1.2260e+00	[]	2.3238e-07	NA	NA	NA	NA	NA	NA	NA	NA	True	False	True	continuous-20016-both_sexes--irnt	pLoF|missense|LC	2.28844914922366e-05	0.00504010357623574	0.00132869017444881	8958.269009241794	True	True
