ensembl_gene_id	symbol	knownness	rank_least_known_first
ENSG00000000003	TSPAN6	2.1	6380
ENSG00000000005	TNMD	1.0	3282
ENSG00000000419	DPM1	10.3	15915
ENSG00000000457	SCYL3	1.4	4622
ENSG00000000460	FIRRM	5.2	11424
ENSG00000000938	FGR	22.0	18446
ENSG00000000971	CFH	10.7	16120
ENSG00000001036	FUCA2	5.5	11839
ENSG00000001084	GCLC	13.8	17208
ENSG00000001167	NFYA	9.9	15713
ENSG00000001460	STPG1	2.1	6380
ENSG00000001461	NIPAL3	0.5	1903
ENSG00000001497	LAS1L	2.9	7932
ENSG00000001561	ENPP4	2.9	7932
ENSG00000001617	SEMA3F	10.1	15809
ENSG00000001626	CFTR	30.7	18904
ENSG00000001629	ANKIB1	1.5	4687
ENSG00000001630	CYP51A1	8.4	14752
ENSG00000001631	KRIT1	11.7	16536
ENSG00000002016	RAD52	8.9	15105
ENSG00000002330	BAD	21.0	18359
ENSG00000002549	LAP3	2.8	7695
ENSG00000002586	CD99	1.5	4687
ENSG00000002587	HS3ST1	4.8	10931
ENSG00000002726	AOC1	9.2	15304
ENSG00000002745	WNT16	10.2	15862
ENSG00000002746	HECW1	3.3	8619
ENSG00000002822	MAD1L1	7.2	13747
ENSG00000002834	LASP1	2.0	6082
ENSG00000002919	SNX11	2.6	7291
ENSG00000002933	TMEM176A	0.5	1903
ENSG00000003056	M6PR	6.8	13329
ENSG00000003096	KLHL13	4.5	10501
ENSG00000003137	CYP26B1	12.9	16951
ENSG00000003147	ICA1	2.3	6711
ENSG00000003249	DBNDD1	0.5	1903
ENSG00000003393	ALS2	13.3	17085
ENSG00000003400	CASP10	8.9	15105
ENSG00000003402	CFLAR	13.6	17161
ENSG00000003436	TFPI	3.9	9571
ENSG00000003509	NDUFAF7	4.8	10931
ENSG00000003756	RBM5	9.2	15304
ENSG00000003987	MTMR7	6.0	12446
ENSG00000003989	SLC7A2	12.2	16737
ENSG00000004059	ARF5	3.2	8468
ENSG00000004139	SARM1	6.6	13122
ENSG00000004142	POLDIP2	2.1	6380
ENSG00000004399	PLXND1	8.7	14962
ENSG00000004455	AK2	3.6	9147
ENSG00000004468	CD38	10.7	16120
ENSG00000004478	FKBP4	7.6	14102
ENSG00000004487	KDM1A	41.0	19122
ENSG00000004534	RBM6	4.2	10017
ENSG00000004660	CAMKK1	1.5	4687
ENSG00000004700	RECQL	7.8	14288
ENSG00000004766	VPS50	4.8	10931
ENSG00000004776	HSPB6	6.5	13008
ENSG00000004777	ARHGAP33	2.8	7695
ENSG00000004779	NDUFAB1	9.7	15609
ENSG00000004799	PDK4	11.6	16500
ENSG00000004809	SLC22A16	11.1	16303
ENSG00000004838	ZMYND10	5.4	11736
ENSG00000004846	ABCB5	5.7	12090
ENSG00000004848	ARX	9.4	15426
ENSG00000004864	SLC25A13	11.9	16616
ENSG00000004866	ST7	1.2	4328
ENSG00000004897	CDC27	9.1	15239
ENSG00000004939	SLC4A1	14.0	17251
ENSG00000004948	CALCR	23.7	18560
ENSG00000004961	HCCS	5.6	11982
ENSG00000004975	DVL2	17.8	17987
ENSG00000005001	PRSS22	4.2	10017
ENSG00000005007	UPF1	24.9	18630
ENSG00000005020	SKAP2	0.9	3235
ENSG00000005022	SLC25A5	11.4	16433
ENSG00000005059	MCUB	7.8	14288
ENSG00000005073	HOXA11	8.7	14962
ENSG00000005075	POLR2J	5.1	11329
ENSG00000005100	DHX33	7.8	14288
ENSG00000005102	MEOX1	5.8	12204
ENSG00000005108	THSD7A	0.5	1903
ENSG00000005156	LIG3	14.4	17358
ENSG00000005175	RPAP3	0.6	2927
ENSG00000005187	ACSM3	4.9	11073
ENSG00000005189	REXO5	1.0	3282
ENSG00000005194	CIAPIN1	3.8	9432
ENSG00000005206	SPPL2B	9.2	15304
ENSG00000005238	ATOSB	0.0	1
ENSG00000005243	COPZ2	2.7	7600
ENSG00000005249	PRKAR2B	14.1	17268
ENSG00000005302	MSL3	4.0	9765
ENSG00000005339	CREBBP	36.4	19050
ENSG00000005379	TSPOAP1	2.6	7291
ENSG00000005381	MPO	13.5	17136
ENSG00000005421	PON1	12.5	16839
ENSG00000005436	GCFC2	1.3	4364
ENSG00000005469	CROT	7.2	13747
ENSG00000005471	ABCB4	18.1	18029
ENSG00000005483	KMT2E	8.1	14536
ENSG00000005486	RHBDD2	1.5	4687
ENSG00000005513	SOX8	20.7	18330
ENSG00000005700	IBTK	4.7	10753
ENSG00000005801	ZNF195	2.1	6380
ENSG00000005810	MYCBP2	11.4	16433
ENSG00000005812	FBXL3	7.3	13831
ENSG00000005844	ITGAL	16.2	17740
ENSG00000005882	PDK2	12.2	16737
ENSG00000005884	ITGA3	14.4	17358
ENSG00000005889	ZFX	4.7	10753
ENSG00000005893	LAMP2	16.6	17809
ENSG00000005961	ITGA2B	7.7	14204
ENSG00000005981	ASB4	2.0	6082
ENSG00000006007	GDE1	8.6	14895
ENSG00000006015	REX1BD	0.0	1
ENSG00000006016	CRLF1	9.7	15609
ENSG00000006025	OSBPL7	5.3	11597
ENSG00000006042	TMEM98	1.5	4687
ENSG00000006047	YBX2	4.2	10017
ENSG00000006059	KRT33A	2.0	6082
ENSG00000006062	MAP3K14	7.8	14288
ENSG00000006071	ABCC8	9.7	15609
ENSG00000006116	CACNG3	5.2	11424
ENSG00000006118	TMEM132A	0.5	1903
ENSG00000006125	AP2B1	10.4	15985
ENSG00000006128	TAC1	25.9	18680
ENSG00000006194	ZNF263	8.9	15105
ENSG00000006210	CX3CL1	55.0	19211
ENSG00000006282	SPATA20	0.0	1
ENSG00000006283	CACNA1G	12.2	16737
ENSG00000006327	TNFRSF12A	2.9	7932
ENSG00000006377	DLX6	6.5	13008
ENSG00000006432	MAP3K9	5.3	11597
ENSG00000006451	RALA	17.0	17864
ENSG00000006453	BAIAP2L1	4.4	10330
ENSG00000006459	KDM7A	10.7	16120
ENSG00000006468	ETV1	7.9	14372
ENSG00000006530	AGK	4.9	11073
ENSG00000006534	ALDH3B1	8.7	14962
ENSG00000006555	TTC22	0.0	1
ENSG00000006576	PHTF2	0.0	1
ENSG00000006606	CCL26	16.4	17788
ENSG00000006607	FARP2	6.4	12917
ENSG00000006611	USH1C	14.0	17251
ENSG00000006625	GGCT	2.9	7932
ENSG00000006634	DBF4	5.4	11736
ENSG00000006638	TBXA2R	6.5	13008
ENSG00000006652	IFRD1	0.9	3235
ENSG00000006659	LGALS14	0.5	1903
ENSG00000006695	COX10	6.1	12588
ENSG00000006704	GTF2IRD1	4.7	10753
ENSG00000006712	PAF1	8.1	14536
ENSG00000006715	VPS41	10.1	15809
ENSG00000006740	ARHGAP44	6.1	12588
ENSG00000006744	ELAC2	7.5	14017
ENSG00000006747	SCIN	15.5	17610
ENSG00000006756	ARSD	1.4	4622
ENSG00000006757	PNPLA4	8.0	14457
ENSG00000006788	MYH13	3.3	8619
ENSG00000006831	ADIPOR2	5.9	12348
ENSG00000006837	CDKL3	3.8	9432
ENSG00000007001	UPP2	11.0	16257
ENSG00000007038	PRSS21	2.4	6954
ENSG00000007047	MARK4	18.8	18124
ENSG00000007062	PROM1	8.4	14752
ENSG00000007080	CCDC124	1.5	4687
ENSG00000007129	CEACAM21	1.0	3282
ENSG00000007168	PAFAH1B1	23.6	18551
ENSG00000007171	NOS2	24.6	18616
ENSG00000007174	DNAH9	2.8	7695
ENSG00000007202	BLTP2	0.5	1903
ENSG00000007216	SLC13A2	12.2	16737
ENSG00000007237	GAS7	2.3	6711
ENSG00000007255	TRAPPC6A	2.3	6711
ENSG00000007264	MATK	3.2	8468
ENSG00000007306	CEACAM7	1.5	4687
ENSG00000007312	CD79B	5.9	12348
ENSG00000007314	SCN4A	6.6	13122
ENSG00000007341	ST7L	0.5	1903
ENSG00000007350	TKTL1	3.7	9268
ENSG00000007372	PAX6	28.1	18801
ENSG00000007376	RPUSD1	1.0	3282
ENSG00000007384	RHBDF1	7.1	13639
ENSG00000007392	LUC7L	1.8	5759
ENSG00000007402	CACNA2D2	1.7	5664
ENSG00000007516	BAIAP3	10.8	16162
ENSG00000007520	TSR3	3.8	9432
ENSG00000007541	PIGQ	2.2	6585
ENSG00000007545	CRAMP1	2.6	7291
ENSG00000007866	TEAD3	8.0	14457
ENSG00000007908	SELE	17.2	17902
ENSG00000007923	DNAJC11	2.3	6711
ENSG00000007933	FMO3	2.6	7291
ENSG00000007944	MYLIP	5.8	12204
ENSG00000007952	NOX1	18.8	18124
ENSG00000007968	E2F2	10.0	15759
ENSG00000008018	PSMB1	18.1	18029
ENSG00000008056	SYN1	6.5	13008
ENSG00000008083	JARID2	5.6	11982
ENSG00000008086	CDKL5	10.8	16162
ENSG00000008118	CAMK1G	1.5	4687
ENSG00000008128	CDK11A	13.5	17136
ENSG00000008130	NADK	3.0	8111
ENSG00000008196	TFAP2B	28.9	18828
ENSG00000008197	TFAP2D	2.5	7104
ENSG00000008226	DLEC1	4.3	10201
ENSG00000008256	CYTH3	3.9	9571
ENSG00000008277	ADAM22	4.1	9897
ENSG00000008282	SYPL1	0.9	3235
ENSG00000008283	CYB561	2.1	6380
ENSG00000008294	SPAG9	4.9	11073
ENSG00000008300	CELSR3	4.4	10330
ENSG00000008311	AASS	5.4	11736
ENSG00000008323	PLEKHG6	1.8	5759
ENSG00000008382	MPND	1.5	4687
ENSG00000008394	MGST1	3.7	9268
ENSG00000008405	CRY1	19.2	18173
ENSG00000008438	PGLYRP1	9.8	15662
ENSG00000008441	NFIX	7.1	13639
ENSG00000008513	ST3GAL1	11.7	16536
ENSG00000008516	MMP25	2.7	7600
ENSG00000008710	PKD1	33.3	18986
ENSG00000008735	MAPK8IP2	13.6	17161
ENSG00000008838	MED24	8.0	14457
ENSG00000008853	RHOBTB2	6.9	13452
ENSG00000008869	HEATR5B	1.5	4687
ENSG00000008952	SEC62	5.2	11424
ENSG00000008988	RPS20	8.5	14830
ENSG00000009307	CSDE1	11.8	16572
ENSG00000009335	UBE3C	5.5	11839
ENSG00000009413	REV3L	6.5	13008
ENSG00000009694	TENM1	9.6	15554
ENSG00000009709	PAX7	7.3	13831
ENSG00000009724	MASP2	10.4	15985
ENSG00000009765	IYD	5.5	11839
ENSG00000009780	FAM76A	0.0	1
ENSG00000009790	TRAF3IP3	7.4	13914
ENSG00000009830	POMT2	3.4	8766
ENSG00000009844	VTA1	3.1	8298
ENSG00000009950	MLXIPL	20.7	18330
ENSG00000009954	BAZ1B	12.1	16689
ENSG00000010017	RANBP9	7.5	14017
ENSG00000010030	ETV7	7.0	13559
ENSG00000010072	SPRTN	12.2	16737
ENSG00000010165	METTL13	1.3	4364
ENSG00000010219	DYRK4	0.5	1903
ENSG00000010244	ZNF207	9.1	15239
ENSG00000010256	UQCRC1	5.2	11424
ENSG00000010270	STARD3NL	3.9	9571
ENSG00000010278	CD9	7.1	13639
ENSG00000010282	HHATL	1.0	3282
ENSG00000010292	NCAPD2	5.9	12348
ENSG00000010295	IFFO1	3.2	8468
ENSG00000010310	GIPR	11.4	16433
ENSG00000010318	PHF7	1.0	3282
ENSG00000010319	SEMA3G	5.0	11192
ENSG00000010322	NISCH	0.5	1903
ENSG00000010327	STAB1	6.9	13452
ENSG00000010361	FUZ	12.1	16689
ENSG00000010379	SLC6A13	12.6	16868
ENSG00000010404	IDS	3.8	9432
ENSG00000010438	PRSS3	10.0	15759
ENSG00000010539	ZNF200	0.8	3045
ENSG00000010610	CD4	32.4	18962
ENSG00000010626	LRRC23	2.6	7291
ENSG00000010671	BTK	28.5	18813
ENSG00000010704	HFE	23.1	18512
ENSG00000010803	SCMH1	2.6	7291
ENSG00000010810	FYN	44.7	19163
ENSG00000010818	HIVEP2	2.4	6954
ENSG00000010932	FMO1	8.9	15105
ENSG00000011007	ELOA	1.7	5664
ENSG00000011009	LYPLA2	6.5	13008
ENSG00000011021	CLCN6	6.8	13329
ENSG00000011028	MRC2	3.1	8298
ENSG00000011083	SLC6A7	9.5	15494
ENSG00000011105	TSPAN9	0.8	3045
ENSG00000011114	BTBD7	0.5	1903
ENSG00000011132	APBA3	3.4	8766
ENSG00000011143	MKS1	2.4	6954
ENSG00000011198	ABHD5	6.7	13235
ENSG00000011201	ANOS1	4.1	9897
ENSG00000011243	AKAP8L	8.8	15033
ENSG00000011258	MBTD1	8.9	15105
ENSG00000011260	UTP18	1.9	5985
ENSG00000011275	RNF216	4.9	11073
ENSG00000011295	TTC19	2.2	6585
ENSG00000011304	PTBP1	12.0	16648
ENSG00000011332	DPF1	9.0	15175
ENSG00000011347	SYT7	11.6	16500
ENSG00000011376	LARS2	4.9	11073
ENSG00000011405	PIK3C2A	17.6	17959
ENSG00000011422	PLAUR	19.0	18150
ENSG00000011426	ANLN	7.9	14372
ENSG00000011451	WIZ	7.1	13639
ENSG00000011454	RABGAP1	6.0	12446
ENSG00000011465	DCN	10.5	16025
ENSG00000011478	QPCTL	3.4	8766
ENSG00000011485	PPP5C	14.6	17413
ENSG00000011566	MAP4K3	7.6	14102
ENSG00000011590	ZBTB32	6.4	12917
ENSG00000011600	TYROBP	32.0	18952
ENSG00000011638	LDAF1	0.8	3045
ENSG00000011677	GABRA3	9.9	15713
ENSG00000012048	BRCA1	50.3	19195
ENSG00000012061	ERCC1	14.2	17296
ENSG00000012124	CD22	14.8	17461
ENSG00000012171	SEMA3B	7.6	14102
ENSG00000012174	MBTPS2	14.5	17382
ENSG00000012211	PRICKLE3	0.0	1
ENSG00000012223	LTF	26.4	18713
ENSG00000012232	EXTL3	8.5	14830
ENSG00000012504	NR1H4	36.9	19058
ENSG00000012660	ELOVL5	11.4	16433
ENSG00000012779	ALOX5	24.8	18626
ENSG00000012817	KDM5D	4.8	10931
ENSG00000012822	CALCOCO1	8.6	14895
ENSG00000012963	UBR7	0.0	1
ENSG00000012983	MAP4K5	4.3	10201
ENSG00000013016	EHD3	10.6	16075
ENSG00000013275	PSMC4	4.9	11073
ENSG00000013288	MAN2B2	3.7	9268
ENSG00000013293	SLC7A14	2.0	6082
ENSG00000013297	CLDN11	3.6	9147
ENSG00000013306	SLC25A39	4.0	9765
ENSG00000013364	MVP	5.4	11736
ENSG00000013374	NUB1	5.3	11597
ENSG00000013375	PGM3	7.9	14372
ENSG00000013392	RWDD2A	0.0	1
ENSG00000013441	CLK1	4.9	11073
ENSG00000013503	POLR3B	8.2	14610
ENSG00000013523	ANGEL1	3.7	9268
ENSG00000013561	RNF14	14.4	17358
ENSG00000013563	DNASE1L1	4.2	10017
ENSG00000013573	DDX11	24.3	18596
ENSG00000013583	HEBP1	1.9	5985
ENSG00000013588	GPRC5A	3.3	8619
ENSG00000013619	MAMLD1	1.3	4364
ENSG00000013725	CD6	9.5	15494
ENSG00000013810	TACC3	3.9	9571
ENSG00000014123	UFL1	23.7	18560
ENSG00000014138	POLA2	2.7	7600
ENSG00000014164	ZC3H3	0.6	2927
ENSG00000014216	CAPN1	10.7	16120
ENSG00000014257	ACP3	11.3	16392
ENSG00000014641	MDH1	7.5	14017
ENSG00000014824	SLC30A9	5.1	11329
ENSG00000014914	MTMR11	0.0	1
ENSG00000014919	COX15	6.1	12588
ENSG00000015133	CCDC88C	9.9	15713
ENSG00000015153	YAF2	6.5	13008
ENSG00000015171	ZMYND11	9.5	15494
ENSG00000015285	WAS	19.8	18251
ENSG00000015413	DPEP1	12.4	16811
ENSG00000015475	BID	16.2	17740
ENSG00000015479	MATR3	6.1	12588
ENSG00000015520	NPC1L1	11.6	16500
ENSG00000015532	XYLT2	8.5	14830
ENSG00000015592	STMN4	2.0	6082
ENSG00000015676	NUDCD3	2.6	7291
ENSG00000016082	ISL1	30.2	18888
ENSG00000016391	CHDH	2.3	6711
ENSG00000016402	IL20RA	8.1	14536
ENSG00000016490	CLCA1	3.2	8468
ENSG00000016602	CLCA4	3.2	8468
ENSG00000016864	GLT8D1	0.0	1
ENSG00000017260	ATP2C1	18.7	18104
ENSG00000017427	IGF1	68.2	19244
ENSG00000017483	SLC38A5	22.1	18450
ENSG00000017797	RALBP1	16.0	17704
ENSG00000018189	RUFY3	5.4	11736
ENSG00000018236	CNTN1	2.6	7291
ENSG00000018280	SLC11A1	31.5	18933
ENSG00000018408	WWTR1	13.5	17136
ENSG00000018510	AGPS	3.6	9147
ENSG00000018610	STEEP1	4.2	10017
ENSG00000018625	ATP1A2	41.5	19126
ENSG00000018699	TTC27	0.0	1
ENSG00000018869	ZNF582	1.5	4687
ENSG00000019102	VSIG2	0.0	1
ENSG00000019144	PHLDB1	2.1	6380
ENSG00000019169	MARCO	8.0	14457
ENSG00000019186	CYP24A1	13.2	17041
ENSG00000019485	PRDM11	7.3	13831
ENSG00000019505	SYT13	3.5	8994
ENSG00000019549	SNAI2	29.4	18850
ENSG00000019582	CD74	36.0	19045
ENSG00000019991	HGF	16.7	17821
ENSG00000019995	ZRANB1	11.6	16500
ENSG00000020129	NCDN	1.5	4687
ENSG00000020181	ADGRA2	7.6	14102
ENSG00000020219	CCT8L1P	1.0	3282
ENSG00000020256	ZFP64	2.3	6711
ENSG00000020426	MNAT1	6.3	12794
ENSG00000020577	SAMD4A	3.1	8298
ENSG00000020633	RUNX3	15.8	17668
ENSG00000020922	MRE11	35.4	19035
ENSG00000021300	PLEKHB1	1.1	4265
ENSG00000021355	SERPINB1	6.4	12917
ENSG00000021461	CYP3A43	4.3	10201
ENSG00000021488	SLC7A9	9.0	15175
ENSG00000021574	SPAST	21.9	18434
ENSG00000021645	NRXN3	11.2	16350
ENSG00000021762	OSBPL5	10.0	15759
ENSG00000021776	AQR	5.0	11192
ENSG00000021826	CPS1	14.0	17251
ENSG00000021852	C8B	6.1	12588
ENSG00000022267	FHL1	8.1	14536
ENSG00000022277	RTF2	2.4	6954
ENSG00000022355	GABRA1	12.8	16920
ENSG00000022556	NLRP2	4.1	9897
ENSG00000022567	SLC45A4	5.5	11839
ENSG00000022840	RNF10	9.1	15239
ENSG00000022976	ZNF839	0.0	1
ENSG00000023041	ZDHHC6	4.2	10017
ENSG00000023171	GRAMD1B	5.3	11597
ENSG00000023191	RNH1	5.0	11192
ENSG00000023228	NDUFS1	7.2	13747
ENSG00000023287	RB1CC1	9.6	15554
ENSG00000023318	ERP44	5.9	12348
ENSG00000023330	ALAS1	4.8	10931
ENSG00000023445	BIRC3	21.9	18434
ENSG00000023516	AKAP11	4.2	10017
ENSG00000023572	GLRX2	10.1	15809
ENSG00000023608	SNAPC1	4.5	10501
ENSG00000023697	DERA	4.9	11073
ENSG00000023734	STRAP	4.7	10753
ENSG00000023839	ABCC2	19.1	18159
ENSG00000023892	DEF6	2.6	7291
ENSG00000023902	PLEKHO1	0.5	1903
ENSG00000023909	GCLM	7.9	14372
ENSG00000024048	UBR2	10.9	16206
ENSG00000024422	EHD2	6.2	12686
ENSG00000024526	DEPDC1	0.8	3045
ENSG00000024862	CCDC28A	0.0	1
ENSG00000025039	RRAGD	12.7	16895
ENSG00000025156	HSF2	6.3	12794
ENSG00000025293	PHF20	1.1	4265
ENSG00000025423	HSD17B6	9.4	15426
ENSG00000025434	NR1H3	36.9	19058
ENSG00000025708	TYMP	4.5	10501
ENSG00000025770	NCAPH2	2.0	6082
ENSG00000025772	TOMM34	2.6	7291
ENSG00000025796	SEC63	6.2	12686
ENSG00000025800	KPNA6	4.0	9765
ENSG00000026025	VIM	10.3	15915
ENSG00000026103	FAS	23.1	18512
ENSG00000026297	RNASET2	2.6	7291
ENSG00000026508	CD44	24.8	18626
ENSG00000026559	KCNG1	3.4	8766
ENSG00000026652	AGPAT4	4.0	9765
ENSG00000026751	SLAMF7	3.6	9147
ENSG00000026950	BTN3A1	4.7	10753
ENSG00000027001	MIPEP	2.8	7695
ENSG00000027075	PRKCH	11.2	16350
ENSG00000027644	INSRR	4.6	10655
ENSG00000027697	IFNGR1	10.3	15915
ENSG00000027847	B4GALT7	13.5	17136
ENSG00000027869	SH2D2A	1.9	5985
ENSG00000028116	VRK2	8.9	15105
ENSG00000028137	TNFRSF1B	18.3	18062
ENSG00000028203	VEZT	0.5	1903
ENSG00000028277	POU2F2	7.9	14372
ENSG00000028310	BRD9	7.0	13559
ENSG00000028528	SNX1	14.1	17268
ENSG00000028839	TBPL1	3.5	8994
ENSG00000029153	BMAL2	12.3	16779
ENSG00000029363	BCLAF1	9.2	15304
ENSG00000029364	SLC39A9	7.4	13914
ENSG00000029534	ANK1	14.4	17358
ENSG00000029559	IBSP	5.4	11736
ENSG00000029639	TFB1M	7.4	13914
ENSG00000029725	RABEP1	5.7	12090
ENSG00000029993	HMGB3	3.9	9571
ENSG00000030066	NUP160	3.5	8994
ENSG00000030110	BAK1	24.9	18630
ENSG00000030304	MUSK	8.0	14457
ENSG00000030419	IKZF2	2.3	6711
ENSG00000030582	GRN	17.8	17987
ENSG00000031003	FAM13B	1.8	5759
ENSG00000031081	ARHGAP31	2.8	7695
ENSG00000031691	CENPQ	3.2	8468
ENSG00000031698	SARS1	16.6	17809
ENSG00000031823	RANBP3	2.1	6380
ENSG00000032219	ARID4A	5.6	11982
ENSG00000032389	EIPR1	3.1	8298
ENSG00000032444	PNPLA6	3.5	8994
ENSG00000032742	IFT88	6.0	12446
ENSG00000033011	ALG1	4.7	10753
ENSG00000033030	ZCCHC8	6.0	12446
ENSG00000033050	ABCF2	0.5	1903
ENSG00000033100	CHPF2	2.6	7291
ENSG00000033122	LRRC7	3.0	8111
ENSG00000033170	FUT8	9.1	15239
ENSG00000033178	UBA6	4.9	11073
ENSG00000033327	GAB2	5.4	11736
ENSG00000033627	ATP6V0A1	5.8	12204
ENSG00000033800	PIAS1	14.5	17382
ENSG00000033867	SLC4A7	10.3	15915
ENSG00000034053	APBA2	2.7	7600
ENSG00000034152	MAP2K3	11.8	16572
ENSG00000034239	CLXN	4.8	10931
ENSG00000034510	TMSB10	1.5	4687
ENSG00000034533	ASTE1	3.2	8468
ENSG00000034677	RNF19A	2.4	6954
ENSG00000034693	PEX3	3.4	8766
ENSG00000034713	GABARAPL2	11.8	16572
ENSG00000034971	MYOC	17.1	17878
ENSG00000035115	SH3YL1	2.6	7291
ENSG00000035141	TIMCC	0.0	1
ENSG00000035403	VCL	18.3	18062
ENSG00000035499	DEPDC1B	2.1	6380
ENSG00000035664	DAPK2	13.2	17041
ENSG00000035681	NSMAF	2.8	7695
ENSG00000035687	ADSS2	7.7	14204
ENSG00000035720	STAP1	11.6	16500
ENSG00000035862	TIMP2	6.9	13452
ENSG00000035928	RFC1	6.2	12686
ENSG00000036054	TBC1D23	5.4	11736
ENSG00000036257	CUL3	32.4	18962
ENSG00000036448	MYOM2	4.4	10330
ENSG00000036473	OTC	5.5	11839
ENSG00000036530	CYP46A1	13.2	17041
ENSG00000036549	ZZZ3	6.1	12588
ENSG00000036565	SLC18A1	6.0	12446
ENSG00000036672	USP2	12.8	16920
ENSG00000036828	CASR	18.9	18139
ENSG00000037042	TUBG2	4.4	10330
ENSG00000037241	RPL26L1	2.0	6082
ENSG00000037280	FLT4	28.1	18801
ENSG00000037474	NSUN2	9.2	15304
ENSG00000037637	FBXO42	1.1	4265
ENSG00000037749	MFAP3	0.0	1
ENSG00000037757	MRI1	3.6	9147
ENSG00000037897	METTL1	7.1	13639
ENSG00000037965	HOXC8	2.8	7695
ENSG00000038002	AGA	3.7	9268
ENSG00000038210	PI4K2B	5.4	11736
ENSG00000038219	BOD1L1	2.1	6380
ENSG00000038274	MAT2B	2.9	7932
ENSG00000038295	TLL1	5.1	11329
ENSG00000038358	EDC4	1.7	5664
ENSG00000038382	TRIO	7.5	14017
ENSG00000038427	VCAN	7.8	14288
ENSG00000038532	CLEC16A	4.7	10753
ENSG00000038945	MSR1	10.9	16206
ENSG00000039068	CDH1	23.8	18568
ENSG00000039123	MTREX	8.9	15105
ENSG00000039139	DNAH5	6.5	13008
ENSG00000039319	ZFYVE16	6.3	12794
ENSG00000039523	RIPOR1	8.8	15033
ENSG00000039537	C6	5.2	11424
ENSG00000039560	RAI14	0.0	1
ENSG00000039600	SOX30	10.6	16075
ENSG00000039650	PNKP	15.8	17668
ENSG00000039987	BEST2	6.2	12686
ENSG00000040199	PHLPP2	0.5	1903
ENSG00000040275	SPDL1	6.8	13329
ENSG00000040341	STAU2	5.2	11424
ENSG00000040487	SLC66A1	9.2	15304
ENSG00000040531	CTNS	14.3	17326
ENSG00000040608	RTN4R	10.0	15759
ENSG00000040633	PHF23	3.9	9571
ENSG00000040731	CDH10	5.1	11329
ENSG00000040933	INPP4A	5.9	12348
ENSG00000041353	RAB27B	8.8	15033
ENSG00000041357	PSMA4	18.1	18029
ENSG00000041515	MYO16	4.5	10501
ENSG00000041802	LSG1	3.4	8766
ENSG00000041880	PARP3	16.6	17809
ENSG00000041982	TNC	8.4	14752
ENSG00000041988	THAP3	0.8	3045
ENSG00000042062	RIPOR3	0.0	1
ENSG00000042088	TDP1	8.2	14610
ENSG00000042286	AIFM2	11.8	16572
ENSG00000042317	SPATA7	2.5	7104
ENSG00000042429	MED17	11.7	16536
ENSG00000042445	RETSAT	2.0	6082
ENSG00000042493	CAPG	7.1	13639
ENSG00000042753	AP2S1	8.1	14536
ENSG00000042781	USH2A	7.2	13747
ENSG00000042813	ZPBP	1.0	3282
ENSG00000042832	TG	4.0	9765
ENSG00000042980	ADAM28	4.4	10330
ENSG00000043039	BARX2	6.0	12446
ENSG00000043093	DCUN1D1	5.2	11424
ENSG00000043143	JADE2	7.9	14372
ENSG00000043355	ZIC2	5.9	12348
ENSG00000043462	LCP2	5.4	11736
ENSG00000043514	TRIT1	6.0	12446
ENSG00000043591	ADRB1	11.5	16473
ENSG00000044012	GUCA2B	0.5	1903
ENSG00000044090	CUL7	13.7	17187
ENSG00000044115	CTNNA1	9.5	15494
ENSG00000044446	PHKA2	3.6	9147
ENSG00000044459	CNTLN	3.7	9268
ENSG00000044524	EPHA3	13.6	17161
ENSG00000044574	HSPA5	29.2	18840
ENSG00000046604	DSG2	15.0	17507
ENSG00000046647	GEMIN8	2.1	6380
ENSG00000046651	OFD1	6.4	12917
ENSG00000046653	GPM6B	6.3	12794
ENSG00000046774	MAGEC2	2.9	7932
ENSG00000046889	PREX2	6.7	13235
ENSG00000047056	WDR37	0.5	1903
ENSG00000047188	YTHDC2	8.6	14895
ENSG00000047230	CTPS2	6.2	12686
ENSG00000047249	ATP6V1H	6.2	12686
ENSG00000047315	POLR2B	6.9	13452
ENSG00000047346	ATOSA	0.0	1
ENSG00000047365	ARAP2	2.3	6711
ENSG00000047410	TPR	32.5	18968
ENSG00000047457	CP	10.0	15759
ENSG00000047578	KATNIP	3.2	8468
ENSG00000047579	DTNBP1	7.9	14372
ENSG00000047597	XK	1.3	4364
ENSG00000047617	ANO2	4.4	10330
ENSG00000047621	FERRY3	1.6	5463
ENSG00000047634	SCML1	1.5	4687
ENSG00000047644	WWC3	9.4	15426
ENSG00000047648	ARHGAP6	8.9	15105
ENSG00000047662	FAM184B	0.0	1
ENSG00000047849	MAP4	11.4	16433
ENSG00000047932	GOPC	6.8	13329
ENSG00000047936	ROS1	7.5	14017
ENSG00000048028	USP28	12.9	16951
ENSG00000048052	HDAC9	21.3	18383
ENSG00000048140	TSPAN17	3.0	8111
ENSG00000048162	NOP16	1.0	3282
ENSG00000048342	CC2D2A	2.6	7291
ENSG00000048392	RRM2B	7.2	13747
ENSG00000048405	ZNF800	1.4	4622
ENSG00000048462	TNFRSF17	1.8	5759
ENSG00000048471	SNX29	0.0	1
ENSG00000048540	LMO3	4.2	10017
ENSG00000048544	MRPS10	0.6	2927
ENSG00000048545	GUCA1A	7.7	14204
ENSG00000048649	RSF1	11.9	16616
ENSG00000048707	VPS13D	3.1	8298
ENSG00000048740	CELF2	6.3	12794
ENSG00000048828	FAM120A	0.5	1903
ENSG00000048991	R3HDM1	0.5	1903
ENSG00000049089	COL9A2	4.3	10201
ENSG00000049130	KITLG	6.2	12686
ENSG00000049167	ERCC8	14.1	17268
ENSG00000049192	ADAMTS6	2.4	6954
ENSG00000049239	H6PD	4.4	10330
ENSG00000049245	VAMP3	10.3	15915
ENSG00000049246	PER3	4.9	11073
ENSG00000049247	UTS2	5.0	11192
ENSG00000049249	TNFRSF9	3.7	9268
ENSG00000049283	EPN3	1.5	4687
ENSG00000049323	LTBP1	7.4	13914
ENSG00000049449	RCN1	1.4	4622
ENSG00000049540	ELN	8.0	14457
ENSG00000049541	RFC2	6.8	13329
ENSG00000049618	ARID1B	9.5	15494
ENSG00000049656	CLPTM1L	0.8	3045
ENSG00000049759	NEDD4L	24.7	18622
ENSG00000049768	FOXP3	37.7	19075
ENSG00000049769	PPP1R3F	4.7	10753
ENSG00000049860	HEXB	7.4	13914
ENSG00000049883	PTCD2	2.0	6082
ENSG00000050030	NEXMIF	2.0	6082
ENSG00000050130	JKAMP	2.6	7291
ENSG00000050165	DKK3	8.7	14962
ENSG00000050327	ARHGEF5	7.7	14204
ENSG00000050344	NFE2L3	5.0	11192
ENSG00000050393	MCUR1	4.7	10753
ENSG00000050405	LIMA1	11.8	16572
ENSG00000050426	LETMD1	3.1	8298
ENSG00000050438	SLC4A8	15.5	17610
ENSG00000050555	LAMC3	1.9	5985
ENSG00000050628	PTGER3	7.3	13831
ENSG00000050730	TNIP3	5.0	11192
ENSG00000050748	MAPK9	11.4	16433
ENSG00000050767	COL23A1	1.6	5463
ENSG00000050820	BCAR1	17.5	17947
ENSG00000051009	FHIP1B	6.6	13122
ENSG00000051108	HERPUD1	11.9	16616
ENSG00000051128	HOMER3	6.2	12686
ENSG00000051180	RAD51	31.9	18946
ENSG00000051341	POLQ	18.7	18104
ENSG00000051382	PIK3CB	27.8	18783
ENSG00000051523	CYBA	17.1	17878
ENSG00000051596	THOC3	1.9	5985
ENSG00000051620	HEBP2	0.5	1903
ENSG00000051825	MPHOSPH9	0.8	3045
ENSG00000052126	PLEKHA5	2.0	6082
ENSG00000052344	PRSS8	2.4	6954
ENSG00000052723	SIKE1	3.2	8468
ENSG00000052749	RRP12	1.0	3282
ENSG00000052795	FNIP2	6.1	12588
ENSG00000052802	MSMO1	6.3	12794
ENSG00000052841	TTC17	2.6	7291
ENSG00000052850	ALX4	5.3	11597
ENSG00000053108	FSTL4	1.0	3282
ENSG00000053254	FOXN3	3.6	9147
ENSG00000053328	METTL24	0.0	1
ENSG00000053371	AKR7A2	6.5	13008
ENSG00000053372	MRTO4	2.0	6082
ENSG00000053438	NNAT	2.3	6711
ENSG00000053501	USE1	3.0	8111
ENSG00000053524	MCF2L2	0.5	1903
ENSG00000053702	NRIP2	1.0	3282
ENSG00000053747	LAMA3	3.9	9571
ENSG00000053770	AP5M1	2.5	7104
ENSG00000053900	ANAPC4	7.7	14204
ENSG00000053918	KCNQ1	39.5	19103
ENSG00000054116	TRAPPC3	3.9	9571
ENSG00000054118	THRAP3	14.0	17251
ENSG00000054148	PHPT1	10.3	15915
ENSG00000054179	ENTPD2	3.6	9147
ENSG00000054219	LY75	3.7	9268
ENSG00000054267	ARID4B	5.6	11982
ENSG00000054277	OPN3	20.9	18348
ENSG00000054282	SDCCAG8	3.8	9432
ENSG00000054356	PTPRN	8.4	14752
ENSG00000054392	HHAT	2.2	6585
ENSG00000054523	KIF1B	7.3	13831
ENSG00000054598	FOXC1	34.4	19010
ENSG00000054611	TBC1D22A	2.9	7932
ENSG00000054654	SYNE2	5.9	12348
ENSG00000054690	PLEKHH1	0.0	1
ENSG00000054793	ATP9A	7.5	14017
ENSG00000054796	SPO11	5.6	11982
ENSG00000054803	CBLN4	1.5	4687
ENSG00000054938	CHRDL2	1.5	4687
ENSG00000054965	FAM168A	1.3	4364
ENSG00000054967	RELT	2.6	7291
ENSG00000054983	GALC	5.4	11736
ENSG00000055044	NOP58	8.3	14683
ENSG00000055070	SZRD1	0.0	1
ENSG00000055118	KCNH2	30.6	18901
ENSG00000055130	CUL1	22.1	18450
ENSG00000055147	FAM114A2	0.6	2927
ENSG00000055163	CYFIP2	6.5	13008
ENSG00000055208	TAB2	12.8	16920
ENSG00000055211	GINM1	0.0	1
ENSG00000055332	EIF2AK2	25.7	18667
ENSG00000055483	USP36	11.7	16536
ENSG00000055609	KMT2C	3.6	9147
ENSG00000055732	MCOLN3	3.8	9432
ENSG00000055813	CCDC85A	0.0	1
ENSG00000055917	PUM2	12.7	16895
ENSG00000055950	MRPL43	2.8	7695
ENSG00000055955	ITIH4	2.5	7104
ENSG00000055957	ITIH1	2.5	7104
ENSG00000056050	HPF1	8.4	14752
ENSG00000056097	ZFR	1.5	4687
ENSG00000056277	ZNF280C	1.5	4687
ENSG00000056291	NPFFR2	5.8	12204
ENSG00000056487	PHF21B	0.0	1
ENSG00000056558	TRAF1	9.5	15494
ENSG00000056586	RC3H2	10.3	15915
ENSG00000056736	IL17RB	6.2	12686
ENSG00000056972	TRAF3IP2	11.4	16433
ENSG00000056998	GYG2	3.8	9432
ENSG00000057019	DCBLD2	3.2	8468
ENSG00000057149	SERPINB3	2.9	7932
ENSG00000057252	SOAT1	18.7	18104
ENSG00000057294	PKP2	23.0	18506
ENSG00000057468	MSH4	3.4	8766
ENSG00000057593	F7	15.2	17552
ENSG00000057608	GDI2	4.9	11073
ENSG00000057657	PRDM1	9.0	15175
ENSG00000057663	ATG5	12.5	16839
ENSG00000057704	TMCC3	1.6	5463
ENSG00000057757	PITHD1	1.6	5463
ENSG00000057935	MTA3	6.0	12446
ENSG00000058056	USP13	19.8	18251
ENSG00000058063	ATP11B	5.5	11839
ENSG00000058085	LAMC2	3.1	8298
ENSG00000058091	CDK14	5.2	11424
ENSG00000058262	SEC61A1	12.0	16648
ENSG00000058272	PPP1R12A	11.1	16303
ENSG00000058335	RASGRF1	9.9	15713
ENSG00000058404	CAMK2B	14.7	17436
ENSG00000058453	CROCC	5.5	11839
ENSG00000058600	POLR3E	2.4	6954
ENSG00000058668	ATP2B4	34.5	19012
ENSG00000058673	ZC3H11A	2.9	7932
ENSG00000058729	RIOK2	5.0	11192
ENSG00000058799	YIPF1	0.0	1
ENSG00000058804	NDC1	4.6	10655
ENSG00000058866	DGKG	9.1	15239
ENSG00000059122	FLYWCH1	3.2	8468
ENSG00000059145	UNKL	0.0	1
ENSG00000059377	TBXAS1	8.9	15105
ENSG00000059378	PARP12	4.4	10330
ENSG00000059573	ALDH18A1	9.1	15239
ENSG00000059588	TARBP1	4.4	10330
ENSG00000059691	GATB	3.9	9571
ENSG00000059728	MXD1	5.0	11192
ENSG00000059758	CDK17	2.8	7695
ENSG00000059769	DNAJC25	0.5	1903
ENSG00000059804	SLC2A3	12.3	16779
ENSG00000059915	PSD	2.4	6954
ENSG00000060069	CTDP1	7.1	13639
ENSG00000060138	YBX3	7.2	13747
ENSG00000060140	STYK1	0.5	1903
ENSG00000060237	WNK1	31.8	18942
ENSG00000060339	CCAR1	6.9	13452
ENSG00000060491	OGFR	0.6	2927
ENSG00000060558	GNA15	4.3	10201
ENSG00000060566	CREB3L3	10.6	16075
ENSG00000060642	PIGV	6.8	13329
ENSG00000060656	PTPRU	11.3	16392
ENSG00000060688	SNRNP40	6.6	13122
ENSG00000060709	RIMBP2	0.5	1903
ENSG00000060718	COL11A1	7.1	13639
ENSG00000060749	QSER1	0.0	1
ENSG00000060762	MPC1	1.8	5759
ENSG00000060971	ACAA1	10.2	15862
ENSG00000060982	BCAT1	5.7	12090
ENSG00000061273	HDAC7	12.1	16689
ENSG00000061337	LZTS1	1.8	5759
ENSG00000061455	PRDM6	2.1	6380
ENSG00000061492	WNT8A	9.8	15662
ENSG00000061656	SPAG4	2.3	6711
ENSG00000061676	NCKAP1	9.3	15379
ENSG00000061794	MRPS35	1.6	5463
ENSG00000061918	GUCY1B1	9.0	15175
ENSG00000061936	SFSWAP	1.0	3282
ENSG00000061938	TNK2	11.0	16257
ENSG00000061987	MON2	3.2	8468
ENSG00000062038	CDH3	12.9	16951
ENSG00000062096	ARSF	2.2	6585
ENSG00000062194	GPBP1	1.0	3282
ENSG00000062282	DGAT2	11.7	16536
ENSG00000062370	ZNF112	1.0	3282
ENSG00000062485	CS	4.4	10330
ENSG00000062524	LTK	16.0	17704
ENSG00000062582	MRPS24	2.1	6380
ENSG00000062598	ELMO2	3.6	9147
ENSG00000062650	WAPL	4.8	10931
ENSG00000062725	APPBP2	8.1	14536
ENSG00000062822	POLD1	18.9	18139
ENSG00000063015	SEZ6	1.0	3282
ENSG00000063046	EIF4B	3.7	9268
ENSG00000063127	SLC6A16	2.2	6585
ENSG00000063169	BICRA	5.1	11329
ENSG00000063176	SPHK2	19.2	18173
ENSG00000063177	RPL18	9.9	15713
ENSG00000063180	CA11	1.4	4622
ENSG00000063241	ISOC2	0.8	3045
ENSG00000063244	U2AF2	10.9	16206
ENSG00000063245	EPN1	4.8	10931
ENSG00000063322	MED29	2.8	7695
ENSG00000063438	AHRR	3.8	9432
ENSG00000063515	GSC2	8.8	15033
ENSG00000063587	ZNF275	1.5	4687
ENSG00000063601	MTMR1	9.5	15494
ENSG00000063660	GPC1	6.6	13122
ENSG00000063761	ADCK1	2.6	7291
ENSG00000063854	HAGH	2.6	7291
ENSG00000063978	RNF4	13.2	17041
ENSG00000064012	CASP8	38.0	19083
ENSG00000064042	LIMCH1	7.1	13639
ENSG00000064102	INTS13	9.6	15554
ENSG00000064115	TM7SF3	2.9	7932
ENSG00000064195	DLX3	6.5	13008
ENSG00000064199	SPA17	2.9	7932
ENSG00000064205	CCN5	4.3	10201
ENSG00000064218	DMRT3	4.4	10330
ENSG00000064225	ST3GAL6	6.9	13452
ENSG00000064270	ATP2C2	3.6	9147
ENSG00000064300	NGFR	18.6	18090
ENSG00000064309	CDON	5.0	11192
ENSG00000064313	TAF2	10.6	16075
ENSG00000064393	HIPK2	28.5	18813
ENSG00000064419	TNPO3	3.0	8111
ENSG00000064490	RFXANK	3.5	8994
ENSG00000064545	TMEM161A	4.0	9765
ENSG00000064547	LPAR2	5.4	11736
ENSG00000064601	CTSA	8.1	14536
ENSG00000064607	SUGP2	1.0	3282
ENSG00000064651	SLC12A2	29.1	18836
ENSG00000064652	SNX24	0.5	1903
ENSG00000064655	EYA2	4.5	10501
ENSG00000064666	CNN2	4.9	11073
ENSG00000064687	ABCA7	22.4	18467
ENSG00000064692	SNCAIP	4.5	10501
ENSG00000064703	DDX20	8.7	14962
ENSG00000064726	BTBD1	2.7	7600
ENSG00000064763	FAR2	4.4	10330
ENSG00000064787	BCAS1	1.0	3282
ENSG00000064835	POU1F1	8.6	14895
ENSG00000064886	CHI3L2	2.6	7291
ENSG00000064932	SBNO2	8.7	14962
ENSG00000064933	PMS1	3.6	9147
ENSG00000064961	HMG20B	0.5	1903
ENSG00000064989	CALCRL	17.8	17987
ENSG00000064995	TAF11	10.4	15985
ENSG00000064999	ANKS1A	2.5	7104
ENSG00000065000	AP3D1	11.9	16616
ENSG00000065029	ZNF76	8.1	14536
ENSG00000065054	NHERF2	7.1	13639
ENSG00000065057	NTHL1	11.2	16350
ENSG00000065060	BLTP3A	2.1	6380
ENSG00000065135	GNAI3	8.6	14895
ENSG00000065150	IPO5	10.8	16162
ENSG00000065154	OAT	5.9	12348
ENSG00000065183	WDR3	2.9	7932
ENSG00000065243	PKN2	16.2	17740
ENSG00000065268	WDR18	1.6	5463
ENSG00000065308	TRAM2	2.1	6380
ENSG00000065320	NTN1	4.5	10501
ENSG00000065325	GLP2R	4.2	10017
ENSG00000065328	MCM10	3.9	9571
ENSG00000065357	DGKA	10.3	15915
ENSG00000065361	ERBB3	22.6	18479
ENSG00000065371	ROPN1	3.8	9432
ENSG00000065413	ANKRD44	0.0	1
ENSG00000065427	KARS1	14.9	17482
ENSG00000065457	ADAT1	3.4	8766
ENSG00000065485	PDIA5	7.0	13559
ENSG00000065491	TBC1D22B	2.1	6380
ENSG00000065518	NDUFB4	2.4	6954
ENSG00000065526	SPEN	7.1	13639
ENSG00000065534	MYLK	10.2	15862
ENSG00000065548	ZC3H15	2.3	6711
ENSG00000065559	MAP2K4	8.0	14457
ENSG00000065600	PACC1	1.6	5463
ENSG00000065609	SNAP91	4.3	10201
ENSG00000065613	SLK	9.4	15426
ENSG00000065615	CYB5R4	9.9	15713
ENSG00000065618	COL17A1	4.7	10753
ENSG00000065621	GSTO2	6.8	13329
ENSG00000065665	SEC61A2	2.5	7104
ENSG00000065675	PRKCQ	14.3	17326
ENSG00000065717	TLE2	5.2	11424
ENSG00000065802	ASB1	3.2	8468
ENSG00000065809	FAM107B	0.0	1
ENSG00000065833	ME1	17.6	17959
ENSG00000065882	TBC1D1	1.3	4364
ENSG00000065883	CDK13	8.6	14895
ENSG00000065911	MTHFD2	13.2	17041
ENSG00000065923	SLC9A7	7.5	14017
ENSG00000065970	FOXJ2	11.0	16257
ENSG00000065978	YBX1	18.1	18029
ENSG00000065989	PDE4A	7.4	13914
ENSG00000066027	PPP2R5A	4.9	11073
ENSG00000066032	CTNNA2	9.8	15662
ENSG00000066044	ELAVL1	14.6	17413
ENSG00000066056	TIE1	7.2	13747
ENSG00000066084	DIP2B	1.5	4687
ENSG00000066117	SMARCD1	13.4	17108
ENSG00000066135	KDM4A	9.3	15379
ENSG00000066136	NFYC	10.3	15915
ENSG00000066185	ZMYND12	2.6	7291
ENSG00000066230	SLC9A3	10.1	15809
ENSG00000066248	NGEF	6.0	12446
ENSG00000066279	ASPM	1.6	5463
ENSG00000066294	CD84	7.6	14102
ENSG00000066322	ELOVL1	10.5	16025
ENSG00000066336	SPI1	39.2	19095
ENSG00000066379	POLR1H	4.5	10501
ENSG00000066382	MPPED2	2.5	7104
ENSG00000066405	CLDN18	5.0	11192
ENSG00000066422	ZBTB11	1.5	4687
ENSG00000066427	ATXN3	24.6	18616
ENSG00000066455	GOLGA5	4.7	10753
ENSG00000066468	FGFR2	58.3	19221
ENSG00000066557	LRRC40	0.5	1903
ENSG00000066583	ISOC1	0.0	1
ENSG00000066629	EML1	6.5	13008
ENSG00000066651	TRMT11	1.9	5985
ENSG00000066654	THUMPD1	1.5	4687
ENSG00000066697	MSANTD3	0.0	1
ENSG00000066735	KIF26A	7.4	13914
ENSG00000066739	ATG2B	4.8	10931
ENSG00000066777	ARFGEF1	11.2	16350
ENSG00000066813	ACSM2B	4.6	10655
ENSG00000066827	ZFAT	1.5	4687
ENSG00000066855	MTFR1	2.5	7104
ENSG00000066923	STAG3	3.8	9432
ENSG00000066926	FECH	10.9	16206
ENSG00000066933	MYO9A	6.3	12794
ENSG00000067048	DDX3Y	2.5	7104
ENSG00000067057	PFKP	6.0	12446
ENSG00000067064	IDI1	5.2	11424
ENSG00000067066	SP100	28.0	18796
ENSG00000067082	KLF6	6.7	13235
ENSG00000067113	PLPP1	16.6	17809
ENSG00000067141	NEO1	3.7	9268
ENSG00000067167	TRAM1	4.7	10753
ENSG00000067177	PHKA1	4.3	10201
ENSG00000067182	TNFRSF1A	21.0	18359
ENSG00000067191	CACNB1	6.0	12446
ENSG00000067208	EVI5	5.0	11192
ENSG00000067221	STOML1	0.5	1903
ENSG00000067225	PKM	12.1	16689
ENSG00000067248	DHX29	6.0	12446
ENSG00000067334	DNTTIP2	2.4	6954
ENSG00000067365	METTL22	4.7	10753
ENSG00000067369	TP53BP1	15.7	17645
ENSG00000067445	TRO	2.3	6711
ENSG00000067533	RRP15	1.0	3282
ENSG00000067560	RHOA	51.2	19199
ENSG00000067596	DHX8	9.7	15609
ENSG00000067606	PRKCZ	17.5	17947
ENSG00000067646	ZFY	3.0	8111
ENSG00000067704	IARS2	3.3	8619
ENSG00000067715	SYT1	17.3	17917
ENSG00000067798	NAV3	5.3	11597
ENSG00000067829	IDH3G	5.1	11329
ENSG00000067836	ROGDI	3.0	8111
ENSG00000067840	PDZD4	0.0	1
ENSG00000067842	ATP2B3	8.3	14683
ENSG00000067900	ROCK1	49.5	19190
ENSG00000067955	CBFB	6.0	12446
ENSG00000067992	PDK3	11.2	16350
ENSG00000068001	HYAL2	26.8	18735
ENSG00000068024	HDAC4	31.7	18938
ENSG00000068028	RASSF1	7.0	13559
ENSG00000068078	FGFR3	26.3	18708
ENSG00000068079	IFI35	6.1	12588
ENSG00000068097	HEATR6	0.5	1903
ENSG00000068120	COASY	6.6	13122
ENSG00000068137	PLEKHH3	0.0	1
ENSG00000068305	MEF2A	21.6	18411
ENSG00000068308	OTUD5	19.2	18173
ENSG00000068323	TFE3	11.7	16536
ENSG00000068354	TBC1D25	2.6	7291
ENSG00000068366	ACSL4	14.8	17461
ENSG00000068383	INPP5A	8.2	14610
ENSG00000068394	GPKOW	3.5	8994
ENSG00000068400	GRIPAP1	1.8	5759
ENSG00000068438	FTSJ1	12.8	16920
ENSG00000068489	PRR11	0.8	3045
ENSG00000068615	REEP1	4.7	10753
ENSG00000068650	ATP11A	5.6	11982
ENSG00000068654	POLR1A	9.5	15494
ENSG00000068697	LAPTM4A	0.5	1903
ENSG00000068724	TTC7A	1.8	5759
ENSG00000068745	IP6K2	18.9	18139
ENSG00000068784	SRBD1	1.5	4687
ENSG00000068796	KIF2A	7.8	14288
ENSG00000068831	RASGRP2	9.4	15426
ENSG00000068878	PSME4	5.9	12348
ENSG00000068885	IFT80	1.7	5664
ENSG00000068903	SIRT2	46.7	19173
ENSG00000068912	ERLEC1	3.8	9432
ENSG00000068971	PPP2R5B	1.4	4622
ENSG00000068976	PYGM	6.5	13008
ENSG00000068985	PAGE1	0.0	1
ENSG00000069011	PITX1	6.4	12917
ENSG00000069018	TRPC7	4.3	10201
ENSG00000069020	MAST4	1.5	4687
ENSG00000069122	ADGRF5	4.3	10201
ENSG00000069188	SDK2	3.0	8111
ENSG00000069206	ADAM7	3.0	8111
ENSG00000069248	NUP133	5.8	12204
ENSG00000069275	NUCKS1	15.5	17610
ENSG00000069329	VPS35	21.5	18403
ENSG00000069345	DNAJA2	6.6	13122
ENSG00000069399	BCL3	17.0	17864
ENSG00000069424	KCNAB2	4.6	10655
ENSG00000069431	ABCC9	14.7	17436
ENSG00000069482	GAL	10.7	16120
ENSG00000069493	CLEC2D	3.8	9432
ENSG00000069509	FUNDC1	6.1	12588
ENSG00000069535	MAOB	7.0	13559
ENSG00000069667	RORA	25.9	18680
ENSG00000069696	DRD4	23.0	18506
ENSG00000069702	TGFBR3	39.0	19093
ENSG00000069764	PLA2G10	23.0	18506
ENSG00000069812	HES2	3.8	9432
ENSG00000069849	ATP1B3	15.3	17571
ENSG00000069869	NEDD4	39.3	19097
ENSG00000069943	PIGB	4.4	10330
ENSG00000069956	MAPK6	4.7	10753
ENSG00000069966	GNB5	6.2	12686
ENSG00000069974	RAB27A	18.1	18029
ENSG00000069998	HDHD5	0.5	1903
ENSG00000070010	UFD1	11.5	16473
ENSG00000070018	LRP6	23.5	18543
ENSG00000070019	GUCY2C	4.6	10655
ENSG00000070031	SCT	9.8	15662
ENSG00000070047	PHRF1	0.5	1903
ENSG00000070061	ELP1	2.2	6585
ENSG00000070081	NUCB2	4.6	10655
ENSG00000070087	PFN2	9.5	15494
ENSG00000070159	PTPN3	9.6	15554
ENSG00000070182	SPTB	6.3	12794
ENSG00000070190	DAPP1	4.7	10753
ENSG00000070193	FGF10	36.5	19051
ENSG00000070214	SLC44A1	13.0	16985
ENSG00000070269	TMEM260	1.6	5463
ENSG00000070366	SMG6	15.0	17507
ENSG00000070367	EXOC5	5.1	11329
ENSG00000070371	CLTCL1	6.0	12446
ENSG00000070388	FGF22	4.1	9897
ENSG00000070404	FSTL3	10.0	15759
ENSG00000070413	DGCR2	1.7	5664
ENSG00000070423	RNF126	12.4	16811
ENSG00000070444	MNT	9.2	15304
ENSG00000070476	ZXDC	5.0	11192
ENSG00000070495	JMJD6	21.7	18420
ENSG00000070501	POLB	15.5	17610
ENSG00000070526	ST6GALNAC1	5.7	12090
ENSG00000070540	WIPI1	12.8	16920
ENSG00000070601	FRMPD1	1.6	5463
ENSG00000070610	GBA2	15.0	17507
ENSG00000070614	NDST1	7.6	14102
ENSG00000070669	ASNS	5.5	11839
ENSG00000070718	AP3M2	4.3	10201
ENSG00000070729	CNGB1	14.9	17482
ENSG00000070731	ST6GALNAC2	7.8	14288
ENSG00000070748	CHAT	4.2	10017
ENSG00000070756	PABPC1	16.0	17704
ENSG00000070759	TESK2	5.3	11597
ENSG00000070761	CFAP20	6.5	13008
ENSG00000070770	CSNK2A2	8.6	14895
ENSG00000070778	PTPN21	2.8	7695
ENSG00000070785	EIF2B3	10.6	16075
ENSG00000070808	CAMK2A	19.7	18240
ENSG00000070814	TCOF1	8.4	14752
ENSG00000070831	CDC42	35.6	19040
ENSG00000070882	OSBPL3	3.1	8298
ENSG00000070886	EPHA8	7.0	13559
ENSG00000070915	SLC12A3	8.4	14752
ENSG00000070950	RAD18	8.6	14895
ENSG00000070961	ATP2B1	12.3	16779
ENSG00000070985	TRPM5	7.6	14102
ENSG00000071051	NCK2	12.4	16811
ENSG00000071054	MAP4K4	13.4	17108
ENSG00000071073	MGAT4A	7.3	13831
ENSG00000071082	RPL31	10.4	15985
ENSG00000071127	WDR1	5.8	12204
ENSG00000071189	SNX13	3.7	9268
ENSG00000071203	MS4A12	0.5	1903
ENSG00000071205	ARHGAP10	3.3	8619
ENSG00000071242	RPS6KA2	7.5	14017
ENSG00000071243	ING3	9.6	15554
ENSG00000071246	VASH1	10.1	15809
ENSG00000071282	LMCD1	2.6	7291
ENSG00000071462	BUD23	5.9	12348
ENSG00000071537	SEL1L	5.4	11736
ENSG00000071539	TRIP13	7.5	14017
ENSG00000071553	ATP6AP1	7.2	13747
ENSG00000071564	TCF3	28.2	18803
ENSG00000071575	TRIB2	6.3	12794
ENSG00000071626	DAZAP1	4.1	9897
ENSG00000071655	MBD3	7.4	13914
ENSG00000071677	PRLH	3.4	8766
ENSG00000071794	HLTF	13.6	17161
ENSG00000071859	FAM50A	2.4	6954
ENSG00000071889	FAM3A	3.4	8766
ENSG00000071894	CPSF1	3.4	8766
ENSG00000071909	MYO3B	3.5	8994
ENSG00000071967	CYBRD1	7.1	13639
ENSG00000071991	CDH19	4.0	9765
ENSG00000071994	PDCD2	3.2	8468
ENSG00000072041	SLC6A15	8.8	15033
ENSG00000072042	RDH11	7.8	14288
ENSG00000072062	PRKACA	37.8	19078
ENSG00000072071	ADGRL1	4.3	10201
ENSG00000072080	SPP2	1.8	5759
ENSG00000072110	ACTN1	16.5	17798
ENSG00000072121	ZFYVE26	9.2	15304
ENSG00000072133	RPS6KA6	6.5	13008
ENSG00000072134	EPN2	4.4	10330
ENSG00000072135	PTPN18	4.0	9765
ENSG00000072163	LIMS2	1.5	4687
ENSG00000072182	ASIC4	1.0	3282
ENSG00000072195	SPEG	2.8	7695
ENSG00000072201	LNX1	1.8	5759
ENSG00000072210	ALDH3A2	12.5	16839
ENSG00000072274	TFRC	25.1	18638
ENSG00000072310	SREBF1	26.3	18708
ENSG00000072315	TRPC5	9.7	15609
ENSG00000072364	AFF4	2.0	6082
ENSG00000072401	UBE2D1	12.3	16779
ENSG00000072415	PALS1	7.0	13559
ENSG00000072422	RHOBTB1	4.5	10501
ENSG00000072501	SMC1A	10.1	15809
ENSG00000072506	HSD17B10	23.5	18543
ENSG00000072518	MARK2	22.9	18499
ENSG00000072571	HMMR	1.8	5759
ENSG00000072609	CHFR	5.5	11839
ENSG00000072657	TRHDE	4.2	10017
ENSG00000072682	P4HA2	3.1	8298
ENSG00000072694	FCGR2B	41.8	19130
ENSG00000072736	NFATC3	13.5	17136
ENSG00000072756	TRNT1	11.5	16473
ENSG00000072778	ACADVL	11.7	16536
ENSG00000072786	STK10	7.3	13831
ENSG00000072803	FBXW11	12.0	16648
ENSG00000072818	ACAP1	0.0	1
ENSG00000072832	CRMP1	5.7	12090
ENSG00000072840	EVC	2.8	7695
ENSG00000072849	DERL2	8.5	14830
ENSG00000072858	SIDT1	2.3	6711
ENSG00000072864	NDE1	8.7	14962
ENSG00000072952	IRAG1	0.0	1
ENSG00000072954	TMEM38A	3.4	8766
ENSG00000072958	AP1M1	4.4	10330
ENSG00000073008	PVR	9.8	15662
ENSG00000073050	XRCC1	9.9	15713
ENSG00000073060	SCARB1	30.7	18904
ENSG00000073067	CYP2W1	10.2	15862
ENSG00000073111	MCM2	9.7	15609
ENSG00000073146	MOV10L1	8.4	14752
ENSG00000073150	PANX2	2.5	7104
ENSG00000073169	SELENOO	1.6	5463
ENSG00000073282	TP63	20.2	18279
ENSG00000073331	ALPK1	8.5	14830
ENSG00000073350	LLGL2	6.5	13008
ENSG00000073417	PDE8A	7.3	13831
ENSG00000073464	CLCN4	7.2	13747
ENSG00000073536	NLE1	0.5	1903
ENSG00000073578	SDHA	8.8	15033
ENSG00000073584	SMARCE1	16.8	17833
ENSG00000073598	FNDC8	0.0	1
ENSG00000073605	GSDMB	8.9	15105
ENSG00000073614	KDM5A	9.5	15494
ENSG00000073670	ADAM11	5.7	12090
ENSG00000073711	PPP2R3A	10.8	16162
ENSG00000073712	FERMT2	29.4	18850
ENSG00000073734	ABCB11	26.0	18682
ENSG00000073737	DHRS9	10.1	15809
ENSG00000073754	CD5L	1.4	4622
ENSG00000073756	PTGS2	17.4	17934
ENSG00000073792	IGF2BP2	8.9	15105
ENSG00000073803	MAP3K13	12.7	16895
ENSG00000073849	ST6GAL1	9.4	15426
ENSG00000073861	TBX21	13.9	17231
ENSG00000073910	FRY	1.0	3282
ENSG00000073921	PICALM	33.8	18996
ENSG00000073969	NSF	13.0	16985
ENSG00000074047	GLI2	26.5	18718
ENSG00000074054	CLASP1	29.2	18840
ENSG00000074071	MRPS34	3.7	9268
ENSG00000074181	NOTCH3	4.7	10753
ENSG00000074201	CLNS1A	3.5	8994
ENSG00000074211	PPP2R2C	1.1	4265
ENSG00000074219	TEAD2	10.6	16075
ENSG00000074266	EED	6.5	13008
ENSG00000074276	CDHR2	7.1	13639
ENSG00000074317	SNCB	5.3	11597
ENSG00000074319	TSG101	24.2	18591
ENSG00000074356	NCBP3	7.3	13831
ENSG00000074370	ATP2A3	13.7	17187
ENSG00000074410	CA12	3.1	8298
ENSG00000074416	MGLL	11.4	16433
ENSG00000074527	NTN4	3.0	8111
ENSG00000074582	BCS1L	4.2	10017
ENSG00000074590	NUAK1	7.2	13747
ENSG00000074603	DPP8	4.7	10753
ENSG00000074621	SLC24A1	12.2	16737
ENSG00000074657	ZNF532	0.6	2927
ENSG00000074660	SCARF1	8.9	15105
ENSG00000074695	LMAN1	10.6	16075
ENSG00000074696	HACD3	10.1	15809
ENSG00000074706	IPCEF1	3.2	8468
ENSG00000074755	ZZEF1	0.8	3045
ENSG00000074771	NOX3	3.3	8619
ENSG00000074800	ENO1	21.5	18403
ENSG00000074803	SLC12A1	9.4	15426
ENSG00000074842	MYDGF	5.1	11329
ENSG00000074855	ANO8	4.2	10017
ENSG00000074935	TUBE1	5.4	11736
ENSG00000074964	ARHGEF10L	6.2	12686
ENSG00000074966	TXK	7.8	14288
ENSG00000075035	WSCD2	0.5	1903
ENSG00000075043	KCNQ2	7.3	13831
ENSG00000075073	TACR2	7.2	13747
ENSG00000075089	ACTR6	3.5	8994
ENSG00000075131	TIPIN	7.0	13559
ENSG00000075142	SRI	16.3	17761
ENSG00000075151	EIF4G3	7.6	14102
ENSG00000075188	NUP37	0.6	2927
ENSG00000075213	SEMA3A	20.2	18279
ENSG00000075218	GTSE1	1.7	5664
ENSG00000075223	SEMA3C	8.3	14683
ENSG00000075234	TTC38	0.0	1
ENSG00000075239	ACAT1	12.9	16951
ENSG00000075240	GRAMD4	1.8	5759
ENSG00000075275	CELSR1	8.5	14830
ENSG00000075290	WNT8B	9.1	15239
ENSG00000075292	ZNF638	4.2	10017
ENSG00000075303	SLC25A40	0.8	3045
ENSG00000075336	TIMM21	3.5	8994
ENSG00000075340	ADD2	14.7	17436
ENSG00000075388	FGF4	11.9	16616
ENSG00000075391	RASAL2	2.8	7695
ENSG00000075399	VPS9D1	1.9	5985
ENSG00000075407	ZNF37A	2.7	7600
ENSG00000075413	MARK3	9.7	15609
ENSG00000075415	SLC25A3	3.2	8468
ENSG00000075420	FNDC3B	0.5	1903
ENSG00000075426	FOSL2	9.3	15379
ENSG00000075429	CACNG5	4.8	10931
ENSG00000075461	CACNG4	4.1	9897
ENSG00000075539	FRYL	1.0	3282
ENSG00000075568	TMEM131	1.6	5463
ENSG00000075618	FSCN1	19.2	18173
ENSG00000075624	ACTB	36.6	19053
ENSG00000075643	MOCOS	4.4	10330
ENSG00000075651	PLD1	10.0	15759
ENSG00000075673	ATP12A	4.6	10655
ENSG00000075702	WDR62	5.2	11424
ENSG00000075711	DLG1	34.6	19015
ENSG00000075785	RAB7A	25.2	18644
ENSG00000075790	BCAP29	1.5	4687
ENSG00000075826	SEC31B	2.7	7600
ENSG00000075856	SART3	12.6	16868
ENSG00000075884	ARHGAP15	4.4	10330
ENSG00000075886	TUBA3D	2.0	6082
ENSG00000075891	PAX2	42.8	19140
ENSG00000075914	EXOSC7	10.2	15862
ENSG00000075945	KIFAP3	5.8	12204
ENSG00000075975	MKRN2	5.0	11192
ENSG00000076003	MCM6	7.0	13559
ENSG00000076043	REXO2	8.7	14962
ENSG00000076053	RBM7	7.7	14204
ENSG00000076067	RBMS2	3.8	9432
ENSG00000076108	BAZ2A	5.5	11839
ENSG00000076201	PTPN23	10.3	15915
ENSG00000076242	MLH1	8.0	14457
ENSG00000076248	UNG	8.3	14683
ENSG00000076258	FMO4	1.6	5463
ENSG00000076321	KLHL20	9.5	15494
ENSG00000076344	RGS11	5.4	11736
ENSG00000076351	SLC46A1	16.7	17821
ENSG00000076356	PLXNA2	3.5	8994
ENSG00000076382	SPAG5	7.2	13747
ENSG00000076513	ANKRD13A	4.2	10017
ENSG00000076554	TPD52	5.2	11424
ENSG00000076555	ACACB	6.0	12446
ENSG00000076604	TRAF4	7.1	13639
ENSG00000076641	PAG1	4.9	11073
ENSG00000076650	GPATCH1	1.5	4687
ENSG00000076662	ICAM3	9.2	15304
ENSG00000076685	NT5C2	14.1	17268
ENSG00000076706	MCAM	5.2	11424
ENSG00000076716	GPC4	3.4	8766
ENSG00000076770	MBNL3	2.3	6711
ENSG00000076826	CAMSAP3	15.0	17507
ENSG00000076864	RAP1GAP	10.5	16025
ENSG00000076924	XAB2	5.0	11192
ENSG00000076928	ARHGEF1	6.3	12794
ENSG00000076944	STXBP2	5.4	11736
ENSG00000076984	MAP2K7	17.4	17934
ENSG00000077009	NMRK2	3.5	8994
ENSG00000077044	DGKD	16.2	17740
ENSG00000077063	CTTNBP2	0.5	1903
ENSG00000077080	ACTL6B	14.3	17326
ENSG00000077092	RARB	7.8	14288
ENSG00000077097	TOP2B	6.3	12794
ENSG00000077147	TM9SF3	0.5	1903
ENSG00000077150	NFKB2	8.4	14752
ENSG00000077152	UBE2T	12.7	16895
ENSG00000077157	PPP1R12B	4.2	10017
ENSG00000077232	DNAJC10	10.2	15862
ENSG00000077235	GTF3C1	8.4	14752
ENSG00000077238	IL4R	9.4	15426
ENSG00000077254	USP33	15.9	17685
ENSG00000077264	PAK3	11.9	16616
ENSG00000077274	CAPN6	3.4	8766
ENSG00000077279	DCX	5.0	11192
ENSG00000077312	SNRPA	6.9	13452
ENSG00000077327	SPAG6	2.5	7104
ENSG00000077348	EXOSC5	8.5	14830
ENSG00000077380	DYNC1I2	3.9	9571
ENSG00000077420	APBB1IP	1.0	3282
ENSG00000077454	LRCH4	1.9	5985
ENSG00000077458	FAM76B	3.2	8468
ENSG00000077463	SIRT6	56.6	19214
ENSG00000077498	TYR	8.7	14962
ENSG00000077514	POLD3	8.0	14457
ENSG00000077522	ACTN2	21.6	18411
ENSG00000077549	CAPZB	2.8	7695
ENSG00000077585	GPR137B	6.7	13235
ENSG00000077616	NAALAD2	3.5	8994
ENSG00000077684	JADE1	13.1	17014
ENSG00000077713	SLC25A43	0.0	1
ENSG00000077721	UBE2A	13.0	16985
ENSG00000077782	FGFR1	34.4	19010
ENSG00000077800	FKBP6	8.9	15105
ENSG00000077935	SMC1B	1.6	5463
ENSG00000077942	FBLN1	18.2	18050
ENSG00000077943	ITGA8	5.9	12348
ENSG00000077984	CST7	9.0	15175
ENSG00000078018	MAP2	12.1	16689
ENSG00000078043	PIAS2	11.0	16257
ENSG00000078053	AMPH	3.6	9147
ENSG00000078061	ARAF	6.8	13329
ENSG00000078070	MCCC1	5.4	11736
ENSG00000078081	LAMP3	5.3	11597
ENSG00000078098	FAP	19.3	18188
ENSG00000078114	NEBL	6.4	12917
ENSG00000078124	ACER3	10.6	16075
ENSG00000078140	UBE2K	10.0	15759
ENSG00000078142	PIK3C3	19.8	18251
ENSG00000078177	N4BP2	4.5	10501
ENSG00000078237	TIGAR	10.0	15759
ENSG00000078246	TULP3	12.7	16895
ENSG00000078269	SYNJ2	15.2	17552
ENSG00000078295	ADCY2	9.7	15609
ENSG00000078304	PPP2R5C	6.2	12686
ENSG00000078319	PMS2P1	0.0	1
ENSG00000078328	RBFOX1	2.7	7600
ENSG00000078369	GNB1	9.1	15239
ENSG00000078399	HOXA9	6.4	12917
ENSG00000078401	EDN1	45.3	19169
ENSG00000078403	MLLT10	4.7	10753
ENSG00000078487	ZCWPW1	4.6	10655
ENSG00000078549	ADCYAP1R1	4.9	11073
ENSG00000078579	FGF20	12.8	16920
ENSG00000078589	P2RY10	1.0	3282
ENSG00000078596	ITM2A	1.0	3282
ENSG00000078618	NRDC	7.2	13747
ENSG00000078668	VDAC3	4.1	9897
ENSG00000078674	PCM1	12.5	16839
ENSG00000078687	TNRC6C	4.9	11073
ENSG00000078699	CBFA2T2	4.8	10931
ENSG00000078725	BRINP1	1.5	4687
ENSG00000078747	ITCH	31.2	18921
ENSG00000078795	PKD2L2	1.0	3282
ENSG00000078804	TP53INP2	2.6	7291
ENSG00000078808	SDF4	6.6	13122
ENSG00000078814	MYH7B	1.0	3282
ENSG00000078898	BPIFB2	0.0	1
ENSG00000078900	TP73	26.2	18696
ENSG00000078902	TOLLIP	8.5	14830
ENSG00000078967	UBE2D4	9.7	15609
ENSG00000079101	CLUL1	0.5	1903
ENSG00000079102	RUNX1T1	4.8	10931
ENSG00000079112	CDH17	8.8	15033
ENSG00000079134	THOC1	2.7	7600
ENSG00000079150	FKBP7	1.0	3282
ENSG00000079156	OSBPL6	4.4	10330
ENSG00000079215	SLC1A3	21.1	18366
ENSG00000079246	XRCC5	29.9	18877
ENSG00000079257	LXN	0.5	1903
ENSG00000079263	SP140	1.9	5985
ENSG00000079277	MKNK1	6.1	12588
ENSG00000079308	TNS1	1.0	3282
ENSG00000079313	REXO1	1.0	3282
ENSG00000079332	SAR1A	14.1	17268
ENSG00000079335	CDC14A	4.7	10753
ENSG00000079337	RAPGEF3	19.4	18201
ENSG00000079385	CEACAM1	30.3	18893
ENSG00000079387	SENP1	7.3	13831
ENSG00000079393	DUSP13B	6.7	13235
ENSG00000079432	CIC	4.5	10501
ENSG00000079435	LIPE	8.1	14536
ENSG00000079459	FDFT1	2.4	6954
ENSG00000079462	PAFAH1B3	6.8	13329
ENSG00000079482	OPHN1	17.1	17878
ENSG00000079557	AFM	5.5	11839
ENSG00000079616	KIF22	7.1	13639
ENSG00000079689	SCGN	1.1	4265
ENSG00000079691	CARMIL1	12.7	16895
ENSG00000079739	PGM1	8.3	14683
ENSG00000079785	DDX1	10.0	15759
ENSG00000079805	DNM2	26.9	18742
ENSG00000079819	EPB41L2	1.3	4364
ENSG00000079841	RIMS1	12.3	16779
ENSG00000079931	MOXD1	2.5	7104
ENSG00000079950	STX7	8.9	15105
ENSG00000079974	RABL2B	4.3	10201
ENSG00000079999	KEAP1	9.9	15713
ENSG00000080007	DDX43	2.8	7695
ENSG00000080031	PTPRH	4.1	9897
ENSG00000080166	DCT	7.0	13559
ENSG00000080189	SLC35H1	1.0	3282
ENSG00000080200	CRYBG3	2.3	6711
ENSG00000080224	EPHA6	1.5	4687
ENSG00000080293	SCTR	8.2	14610
ENSG00000080298	RFX3	12.6	16868
ENSG00000080345	RIF1	6.2	12686
ENSG00000080371	RAB21	9.8	15662
ENSG00000080493	SLC4A4	17.9	18004
ENSG00000080503	SMARCA2	23.9	18573
ENSG00000080511	RDH8	3.7	9268
ENSG00000080546	SESN1	7.8	14288
ENSG00000080561	MID2	13.0	16985
ENSG00000080572	DNAAF6	7.8	14288
ENSG00000080573	COL5A3	5.0	11192
ENSG00000080603	SRCAP	5.9	12348
ENSG00000080608	PUM3	2.3	6711
ENSG00000080618	CPB2	3.3	8619
ENSG00000080644	CHRNA3	20.1	18270
ENSG00000080709	KCNN2	12.6	16868
ENSG00000080802	CNOT4	5.3	11597
ENSG00000080815	PSEN1	44.1	19155
ENSG00000080819	CPOX	6.0	12446
ENSG00000080822	CLDND1	0.0	1
ENSG00000080823	MOK	1.8	5759
ENSG00000080824	HSP90AA1	39.4	19099
ENSG00000080839	RBL1	5.9	12348
ENSG00000080845	DLGAP4	1.0	3282
ENSG00000080854	IGSF9B	0.0	1
ENSG00000080910	CFHR2	3.4	8766
ENSG00000080986	NDC80	17.1	17878
ENSG00000081014	AP4E1	3.1	8298
ENSG00000081019	RSBN1	1.5	4687
ENSG00000081026	MAGI3	2.3	6711
ENSG00000081041	CXCL2	5.1	11329
ENSG00000081051	AFP	1.0	3282
ENSG00000081052	COL4A4	4.6	10655
ENSG00000081059	TCF7	9.0	15175
ENSG00000081087	OSTM1	1.3	4364
ENSG00000081138	CDH7	4.6	10655
ENSG00000081148	IMPG2	3.7	9268
ENSG00000081154	PCNP	2.6	7291
ENSG00000081177	EXD2	10.9	16206
ENSG00000081181	ARG2	5.7	12090
ENSG00000081189	MEF2C	64.6	19232
ENSG00000081237	PTPRC	40.8	19121
ENSG00000081248	CACNA1S	9.1	15239
ENSG00000081277	PKP1	13.1	17014
ENSG00000081307	UBA5	11.6	16500
ENSG00000081320	STK17B	6.5	13008
ENSG00000081377	CDC14B	8.5	14830
ENSG00000081386	ZNF510	1.0	3282
ENSG00000081479	LRP2	27.0	18747
ENSG00000081665	ZNF506	1.5	4687
ENSG00000081692	JMJD4	5.6	11982
ENSG00000081721	DUSP12	5.6	11982
ENSG00000081760	AACS	2.8	7695
ENSG00000081791	DELE1	9.0	15175
ENSG00000081800	SLC13A1	4.1	9897
ENSG00000081803	CADPS2	1.0	3282
ENSG00000081818	PCDHB4	5.2	11424
ENSG00000081842	PCDHA6	2.8	7695
ENSG00000081853	PCDHGA2	1.0	3282
ENSG00000081870	IFT25	3.7	9268
ENSG00000081913	PHLPP1	5.8	12204
ENSG00000081923	ATP8B1	10.6	16075
ENSG00000082014	SMARCD3	17.4	17934
ENSG00000082068	WDR70	1.4	4622
ENSG00000082074	FYB1	4.2	10017
ENSG00000082126	MPP4	0.5	1903
ENSG00000082146	STRADB	4.2	10017
ENSG00000082153	BZW1	1.8	5759
ENSG00000082175	PGR	19.7	18240
ENSG00000082196	C1QTNF3	9.8	15662
ENSG00000082212	ME2	4.4	10330
ENSG00000082213	C5orf22	0.0	1
ENSG00000082258	CCNT2	11.0	16257
ENSG00000082269	FAM135A	0.5	1903
ENSG00000082293	COL19A1	5.5	11839
ENSG00000082397	EPB41L3	6.7	13235
ENSG00000082438	COBLL1	0.5	1903
ENSG00000082458	DLG3	7.8	14288
ENSG00000082482	KCNK2	8.8	15033
ENSG00000082497	SERTAD4	0.0	1
ENSG00000082512	TRAF5	11.2	16350
ENSG00000082515	MRPL22	2.1	6380
ENSG00000082516	GEMIN5	13.0	16985
ENSG00000082556	OPRK1	12.8	16920
ENSG00000082641	NFE2L1	16.1	17722
ENSG00000082684	SEMA5B	3.5	8994
ENSG00000082701	GSK3B	83.5	19259
ENSG00000082781	ITGB5	11.4	16433
ENSG00000082805	ERC1	4.6	10655
ENSG00000082898	XPO1	13.2	17041
ENSG00000082996	RNF13	4.4	10330
ENSG00000083067	TRPM3	8.5	14830
ENSG00000083093	PALB2	3.4	8766
ENSG00000083097	DOP1A	0.6	2927
ENSG00000083099	LYRM2	0.8	3045
ENSG00000083123	BCKDHB	5.8	12204
ENSG00000083168	KAT6A	19.6	18225
ENSG00000083223	TUT7	8.9	15105
ENSG00000083290	ULK2	8.2	14610
ENSG00000083307	GRHL2	19.3	18188
ENSG00000083312	TNPO1	3.7	9268
ENSG00000083444	PLOD1	8.4	14752
ENSG00000083454	P2RX5	10.5	16025
ENSG00000083457	ITGAE	2.7	7600
ENSG00000083520	DIS3	11.2	16350
ENSG00000083535	PIBF1	10.9	16206
ENSG00000083544	TDRD3	5.8	12204
ENSG00000083635	NUFIP1	8.3	14683
ENSG00000083642	PDS5B	5.7	12090
ENSG00000083720	OXCT1	2.6	7291
ENSG00000083750	RRAGB	11.9	16616
ENSG00000083782	EPYC	2.8	7695
ENSG00000083799	CYLD	27.5	18765
ENSG00000083807	SLC27A5	9.2	15304
ENSG00000083812	ZNF324	3.1	8298
ENSG00000083814	ZNF671	1.5	4687
ENSG00000083817	ZNF416	3.9	9571
ENSG00000083828	ZNF586	1.5	4687
ENSG00000083838	ZNF446	2.8	7695
ENSG00000083844	ZNF264	1.5	4687
ENSG00000083845	RPS5	11.8	16572
ENSG00000083857	FAT1	3.7	9268
ENSG00000083896	YTHDC1	8.8	15033
ENSG00000083937	CHMP2B	27.1	18753
ENSG00000084070	SMAP2	0.5	1903
ENSG00000084072	PPIE	11.1	16303
ENSG00000084073	ZMPSTE24	5.2	11424
ENSG00000084090	STARD7	6.7	13235
ENSG00000084092	NOA1	4.7	10753
ENSG00000084093	REST	34.9	19024
ENSG00000084110	HAL	2.7	7600
ENSG00000084112	SSH1	8.4	14752
ENSG00000084207	GSTP1	27.6	18772
ENSG00000084234	APLP2	3.8	9432
ENSG00000084444	FAM234B	0.0	1
ENSG00000084453	SLCO1A2	7.7	14204
ENSG00000084463	WBP11	3.2	8468
ENSG00000084623	EIF3I	5.7	12090
ENSG00000084628	NKAIN1	0.5	1903
ENSG00000084636	COL16A1	7.9	14372
ENSG00000084652	TXLNA	0.0	1
ENSG00000084674	APOB	18.4	18069
ENSG00000084676	NCOA1	14.8	17461
ENSG00000084693	AGBL5	2.5	7104
ENSG00000084710	EFR3B	2.1	6380
ENSG00000084731	KIF3C	2.9	7932
ENSG00000084733	RAB10	14.5	17382
ENSG00000084734	GCKR	12.1	16689
ENSG00000084754	HADHA	8.2	14610
ENSG00000084764	MAPRE3	7.1	13639
ENSG00000084774	CAD	12.1	16689
ENSG00000085063	CD59	7.6	14102
ENSG00000085117	CD82	0.0	1
ENSG00000085185	BCORL1	2.2	6585
ENSG00000085224	ATRX	16.1	17722
ENSG00000085231	AK6	3.6	9147
ENSG00000085265	FCN1	13.0	16985
ENSG00000085274	MYNN	1.5	4687
ENSG00000085276	MECOM	12.1	16689
ENSG00000085365	SCAMP1	2.2	6585
ENSG00000085377	PREP	3.2	8468
ENSG00000085382	HACE1	10.1	15809
ENSG00000085415	SEH1L	9.2	15304
ENSG00000085433	WDR47	0.8	3045
ENSG00000085449	WDFY1	4.0	9765
ENSG00000085465	OVGP1	1.9	5985
ENSG00000085491	SLC25A24	11.1	16303
ENSG00000085511	MAP3K4	5.8	12204
ENSG00000085514	PILRA	1.3	4364
ENSG00000085552	IGSF9	2.0	6082
ENSG00000085563	ABCB1	36.7	19054
ENSG00000085644	ZNF213	1.5	4687
ENSG00000085662	AKR1B1	13.0	16985
ENSG00000085719	CPNE3	11.6	16500
ENSG00000085721	RRN3	3.9	9571
ENSG00000085733	CTTN	8.2	14610
ENSG00000085741	WNT11	16.3	17761
ENSG00000085760	MTIF2	6.9	13452
ENSG00000085788	DDHD2	1.0	3282
ENSG00000085831	TTC39A	0.0	1
ENSG00000085832	EPS15	8.7	14962
ENSG00000085840	ORC1	4.1	9897
ENSG00000085871	MGST2	10.6	16075
ENSG00000085872	CHERP	5.9	12348
ENSG00000085978	ATG16L1	9.8	15662
ENSG00000085982	USP40	2.6	7291
ENSG00000085998	POMGNT1	7.5	14017
ENSG00000085999	RAD54L	6.6	13122
ENSG00000086015	MAST2	5.3	11597
ENSG00000086061	DNAJA1	16.9	17853
ENSG00000086062	B4GALT1	16.6	17809
ENSG00000086065	CHMP5	19.4	18201
ENSG00000086102	NFX1	10.5	16025
ENSG00000086159	AQP6	5.9	12348
ENSG00000086189	DIMT1	6.4	12917
ENSG00000086200	IPO11	1.0	3282
ENSG00000086205	FOLH1	7.4	13914
ENSG00000086232	EIF2AK1	8.4	14752
ENSG00000086288	NME8	4.7	10753
ENSG00000086289	EPDR1	3.2	8468
ENSG00000086300	SNX10	6.8	13329
ENSG00000086475	SEPHS1	8.5	14830
ENSG00000086504	MRPL28	2.8	7695
ENSG00000086506	HBQ1	2.9	7932
ENSG00000086544	ITPKC	3.9	9571
ENSG00000086548	CEACAM6	9.0	15175
ENSG00000086570	FAT2	3.4	8766
ENSG00000086589	RBM22	9.5	15494
ENSG00000086598	TMED2	9.1	15239
ENSG00000086619	ERO1B	6.4	12917
ENSG00000086666	ZFAND6	4.4	10330
ENSG00000086696	HSD17B2	8.2	14610
ENSG00000086712	TXLNG	3.1	8298
ENSG00000086717	PPEF1	2.3	6711
ENSG00000086730	LAT2	7.2	13747
ENSG00000086758	HUWE1	17.5	17947
ENSG00000086827	ZW10	12.8	16920
ENSG00000086848	ALG9	6.0	12446
ENSG00000086967	MYBPC2	1.9	5985
ENSG00000086991	NOX4	18.6	18090
ENSG00000087008	ACOX3	2.0	6082
ENSG00000087053	MTMR2	10.4	15985
ENSG00000087074	PPP1R15A	18.2	18050
ENSG00000087076	HSD17B14	2.4	6954
ENSG00000087077	TRIP6	5.9	12348
ENSG00000087085	ACHE	20.6	18319
ENSG00000087086	FTL	4.4	10330
ENSG00000087087	SRRT	6.0	12446
ENSG00000087088	BAX	37.8	19078
ENSG00000087095	NLK	14.3	17326
ENSG00000087111	PIGS	3.6	9147
ENSG00000087116	ADAMTS2	4.2	10017
ENSG00000087128	TMPRSS11E	2.8	7695
ENSG00000087152	ATXN7L3	5.7	12090
ENSG00000087157	PGS1	4.4	10330
ENSG00000087191	PSMC5	12.4	16811
ENSG00000087206	UIMC1	10.4	15985
ENSG00000087237	CETP	28.2	18803
ENSG00000087245	MMP2	18.1	18029
ENSG00000087250	MT3	25.7	18667
ENSG00000087253	LPCAT2	7.6	14102
ENSG00000087258	GNAO1	7.4	13914
ENSG00000087263	OGFOD1	8.3	14683
ENSG00000087266	SH3BP2	1.7	5664
ENSG00000087269	NOP14	5.9	12348
ENSG00000087274	ADD1	15.9	17685
ENSG00000087299	L2HGDH	4.3	10201
ENSG00000087301	TXNDC16	0.0	1
ENSG00000087302	RTRAF	7.0	13559
ENSG00000087303	NID2	4.3	10201
ENSG00000087338	GMCL1	0.8	3045
ENSG00000087365	SF3B2	7.0	13559
ENSG00000087448	KLHL42	5.3	11597
ENSG00000087460	GNAS	10.8	16162
ENSG00000087470	DNM1L	22.5	18471
ENSG00000087494	PTHLH	15.2	17552
ENSG00000087495	PHACTR3	1.0	3282
ENSG00000087502	ERGIC2	3.2	8468
ENSG00000087510	TFAP2C	12.1	16689
ENSG00000087586	AURKA	23.3	18530
ENSG00000087589	CASS4	5.0	11192
ENSG00000087842	PIR	7.8	14288
ENSG00000087884	AAMDC	0.5	1903
ENSG00000087903	RFX2	7.7	14204
ENSG00000087995	METTL2A	4.5	10501
ENSG00000088002	SULT2B1	9.0	15175
ENSG00000088035	ALG6	7.6	14102
ENSG00000088038	CNOT3	3.9	9571
ENSG00000088053	GP6	8.8	15033
ENSG00000088179	PTPN4	2.3	6711
ENSG00000088205	DDX18	1.9	5985
ENSG00000088247	KHSRP	12.2	16737
ENSG00000088256	GNA11	8.8	15033
ENSG00000088280	ASAP3	4.7	10753
ENSG00000088298	EDEM2	8.5	14830
ENSG00000088305	DNMT3B	7.6	14102
ENSG00000088320	REM1	1.0	3282
ENSG00000088325	TPX2	8.8	15033
ENSG00000088356	PDRG1	1.2	4328
ENSG00000088367	EPB41L1	0.5	1903
ENSG00000088386	SLC15A1	8.0	14457
ENSG00000088387	DOCK9	2.5	7104
ENSG00000088448	ANKRD10	0.0	1
ENSG00000088451	TGDS	2.9	7932
ENSG00000088538	DOCK3	3.7	9268
ENSG00000088543	C3orf18	0.0	1
ENSG00000088682	COQ9	5.3	11597
ENSG00000088726	TMEM40	0.0	1
ENSG00000088727	KIF9	5.7	12090
ENSG00000088756	ARHGAP28	3.8	9432
ENSG00000088766	CRLS1	7.9	14372
ENSG00000088782	DEFB127	3.4	8766
ENSG00000088808	PPP1R13B	2.2	6585
ENSG00000088812	ATRN	0.9	3235
ENSG00000088826	SMOX	6.1	12588
ENSG00000088827	SIGLEC1	4.2	10017
ENSG00000088832	FKBP1A	25.3	18647
ENSG00000088833	NSFL1C	6.0	12446
ENSG00000088836	SLC4A11	14.5	17382
ENSG00000088854	DNAAF9	0.0	1
ENSG00000088876	ZNF343	2.3	6711
ENSG00000088881	EBF4	6.0	12446
ENSG00000088882	CPXM1	0.0	1
ENSG00000088888	MAVS	37.4	19073
ENSG00000088899	LZTS3	1.0	3282
ENSG00000088926	F11	9.7	15609
ENSG00000088930	XRN2	11.8	16572
ENSG00000088970	KIZ	2.1	6380
ENSG00000088986	DYNLL1	6.2	12686
ENSG00000088992	TESC	14.8	17461
ENSG00000089006	SNX5	10.6	16075
ENSG00000089009	RPL6	13.2	17041
ENSG00000089012	SIRPG	6.1	12588
ENSG00000089022	MAPKAPK5	15.2	17552
ENSG00000089041	P2RX7	28.0	18796
ENSG00000089048	ESF1	1.5	4687
ENSG00000089050	RBBP9	2.4	6954
ENSG00000089053	ANAPC5	7.3	13831
ENSG00000089057	SLC23A2	6.3	12794
ENSG00000089060	SLC8B1	16.5	17798
ENSG00000089063	TMEM230	2.9	7932
ENSG00000089091	DZANK1	1.0	3282
ENSG00000089094	KDM2B	15.0	17507
ENSG00000089101	CFAP61	3.9	9571
ENSG00000089116	LHX5	3.3	8619
ENSG00000089123	TASP1	5.1	11329
ENSG00000089127	OAS1	26.3	18708
ENSG00000089154	GCN1	7.3	13831
ENSG00000089157	RPLP0	7.4	13914
ENSG00000089159	PXN	11.9	16616
ENSG00000089163	SIRT4	12.3	16779
ENSG00000089169	RPH3A	5.9	12348
ENSG00000089177	KIF16B	11.2	16350
ENSG00000089195	TRMT6	1.3	4364
ENSG00000089199	CHGB	0.9	3235
ENSG00000089220	PEBP1	3.5	8994
ENSG00000089225	TBX5	30.5	18898
ENSG00000089234	BRAP	9.7	15609
ENSG00000089248	ERP29	5.5	11839
ENSG00000089250	NOS1	33.8	18996
ENSG00000089280	FUS	17.6	17959
ENSG00000089289	IGBP1	7.2	13747
ENSG00000089327	FXYD5	7.8	14288
ENSG00000089335	ZNF302	1.5	4687
ENSG00000089351	GRAMD1A	3.0	8111
ENSG00000089356	FXYD3	6.0	12446
ENSG00000089472	HEPH	3.6	9147
ENSG00000089486	CDIP1	1.8	5759
ENSG00000089505	CMTM1	0.0	1
ENSG00000089558	KCNH4	3.3	8619
ENSG00000089597	GANAB	4.7	10753
ENSG00000089639	GMIP	4.9	11073
ENSG00000089682	RBM41	1.5	4687
ENSG00000089685	BIRC5	29.1	18836
ENSG00000089692	LAG3	7.4	13914
ENSG00000089693	MLF2	0.5	1903
ENSG00000089723	OTUB2	5.8	12204
ENSG00000089737	DDX24	1.7	5664
ENSG00000089775	ZBTB25	3.4	8766
ENSG00000089818	NECAP1	0.5	1903
ENSG00000089820	ARHGAP4	6.4	12917
ENSG00000089847	ANKRD24	1.5	4687
ENSG00000089876	DHX32	1.0	3282
ENSG00000089902	RCOR1	2.9	7932
ENSG00000089916	GPATCH2L	0.0	1
ENSG00000090006	LTBP4	9.2	15304
ENSG00000090013	BLVRB	7.5	14017
ENSG00000090020	SLC9A1	34.9	19024
ENSG00000090054	SPTLC1	10.3	15915
ENSG00000090060	PAPOLA	6.7	13235
ENSG00000090061	CCNK	9.7	15609
ENSG00000090097	PCBP4	4.2	10017
ENSG00000090104	RGS1	11.8	16572
ENSG00000090238	YPEL3	0.8	3045
ENSG00000090263	MRPS33	1.8	5759
ENSG00000090266	NDUFB2	2.4	6954
ENSG00000090273	NUDC	3.1	8298
ENSG00000090316	MAEA	4.6	10655
ENSG00000090339	ICAM1	19.8	18251
ENSG00000090372	STRN4	6.2	12686
ENSG00000090376	IRAK3	25.3	18647
ENSG00000090382	LYZ	7.4	13914
ENSG00000090402	SI	4.7	10753
ENSG00000090432	MUL1	19.6	18225
ENSG00000090447	TFAP4	19.4	18201
ENSG00000090470	PDCD7	2.7	7600
ENSG00000090487	SPG21	2.3	6711
ENSG00000090512	FETUB	3.0	8111
ENSG00000090520	DNAJB11	3.9	9571
ENSG00000090530	P3H2	4.2	10017
ENSG00000090534	THPO	14.2	17296
ENSG00000090539	CHRD	9.5	15494
ENSG00000090554	FLT3LG	6.0	12446
ENSG00000090565	RAB11FIP3	24.9	18630
ENSG00000090581	GNPTG	1.9	5985
ENSG00000090612	ZNF268	14.8	17461
ENSG00000090615	GOLGA3	0.5	1903
ENSG00000090621	PABPC4	8.9	15105
ENSG00000090659	CD209	19.1	18159
ENSG00000090661	CERS4	4.4	10330
ENSG00000090674	MCOLN1	17.1	17878
ENSG00000090686	USP48	1.8	5759
ENSG00000090776	EFNB1	5.0	11192
ENSG00000090857	PDPR	0.8	3045
ENSG00000090861	AARS1	12.6	16868
ENSG00000090863	GLG1	1.4	4622
ENSG00000090889	KIF4A	5.8	12204
ENSG00000090905	TNRC6A	5.0	11192
ENSG00000090924	PLEKHG2	2.3	6711
ENSG00000090932	DLL3	2.9	7932
ENSG00000090971	NAT14	1.7	5664
ENSG00000090975	PITPNM2	6.2	12686
ENSG00000090989	EXOC1	5.4	11736
ENSG00000091009	RBM27	1.6	5463
ENSG00000091010	POU4F3	7.9	14372
ENSG00000091039	OSBPL8	9.7	15609
ENSG00000091073	DTX2	1.5	4687
ENSG00000091106	NLRC4	14.9	17482
ENSG00000091127	PUS7	10.3	15915
ENSG00000091128	LAMB4	1.0	3282
ENSG00000091129	NRCAM	10.3	15915
ENSG00000091136	LAMB1	15.3	17571
ENSG00000091137	SLC26A4	15.4	17593
ENSG00000091138	SLC26A3	9.0	15175
ENSG00000091140	DLD	10.2	15862
ENSG00000091157	WDR7	0.6	2927
ENSG00000091164	TXNL1	1.3	4364
ENSG00000091181	IL5RA	7.7	14204
ENSG00000091262	ABCC6	11.8	16572
ENSG00000091317	CMTM6	2.4	6954
ENSG00000091409	ITGA6	14.1	17268
ENSG00000091428	RAPGEF4	7.8	14288
ENSG00000091436	MAP3K20	26.4	18713
ENSG00000091482	SMPX	0.9	3235
ENSG00000091483	FH	10.9	16206
ENSG00000091490	SEL1L3	0.0	1
ENSG00000091513	TF	14.0	17251
ENSG00000091527	CDV3	0.0	1
ENSG00000091536	MYO15A	2.9	7932
ENSG00000091542	ALKBH5	9.2	15304
ENSG00000091583	APOH	15.8	17668
ENSG00000091592	NLRP1	26.1	18687
ENSG00000091622	PITPNM3	3.9	9571
ENSG00000091640	SPAG7	0.0	1
ENSG00000091651	ORC6	1.3	4364
ENSG00000091656	ZFHX4	2.0	6082
ENSG00000091664	SLC17A6	12.2	16737
ENSG00000091704	CPA1	4.1	9897
ENSG00000091732	ZC3HC1	0.8	3045
ENSG00000091831	ESR1	43.0	19143
ENSG00000091844	RGS17	2.8	7695
ENSG00000091879	ANGPT2	10.2	15862
ENSG00000091947	TMEM101	0.5	1903
ENSG00000091972	CD200	14.7	17436
ENSG00000091986	CCDC80	1.0	3282
ENSG00000092009	CMA1	9.9	15713
ENSG00000092010	PSME1	4.1	9897
ENSG00000092020	PPP2R3C	2.5	7104
ENSG00000092036	HAUS4	4.9	11073
ENSG00000092051	JPH4	3.2	8468
ENSG00000092054	MYH7	15.2	17552
ENSG00000092067	CEBPE	8.6	14895
ENSG00000092068	SLC7A8	26.4	18713
ENSG00000092094	OSGEP	3.8	9432
ENSG00000092096	SLC22A17	2.8	7695
ENSG00000092098	RNF31	12.3	16779
ENSG00000092108	SCFD1	6.9	13452
ENSG00000092140	G2E3	3.2	8468
ENSG00000092148	HECTD1	3.3	8619
ENSG00000092199	HNRNPC	12.2	16737
ENSG00000092200	RPGRIP1	1.0	3282
ENSG00000092201	SUPT16H	6.1	12588
ENSG00000092203	TOX4	2.6	7291
ENSG00000092208	GEMIN2	6.5	13008
ENSG00000092295	TGM1	8.6	14895
ENSG00000092330	TINF2	10.9	16206
ENSG00000092345	DAZL	5.4	11736
ENSG00000092377	TBL1Y	1.0	3282
ENSG00000092421	SEMA6A	11.4	16433
ENSG00000092439	TRPM7	10.4	15985
ENSG00000092445	TYRO3	15.6	17629
ENSG00000092470	WDR76	2.6	7291
ENSG00000092529	CAPN3	27.9	18790
ENSG00000092531	SNAP23	6.8	13329
ENSG00000092607	TBX15	3.3	8619
ENSG00000092621	PHGDH	4.8	10931
ENSG00000092758	COL9A3	3.4	8766
ENSG00000092820	EZR	37.6	19074
ENSG00000092841	MYL6	5.9	12348
ENSG00000092847	AGO1	15.9	17685
ENSG00000092850	TEKT2	1.5	4687
ENSG00000092853	CLSPN	6.3	12794
ENSG00000092871	RFFL	14.4	17358
ENSG00000092929	UNC13D	4.5	10501
ENSG00000092931	MFSD11	0.0	1
ENSG00000092964	DPYSL2	7.2	13747
ENSG00000092969	TGFB2	72.1	19249
ENSG00000092978	GPATCH2	0.0	1
ENSG00000093000	NUP50	1.1	4265
ENSG00000093009	CDC45	5.6	11982
ENSG00000093010	COMT	8.9	15105
ENSG00000093072	ADA2	6.9	13452
ENSG00000093144	ECHDC1	1.5	4687
ENSG00000093167	LRRFIP2	0.8	3045
ENSG00000093183	SEC22C	1.4	4622
ENSG00000093217	XYLB	7.9	14372
ENSG00000094631	HDAC6	52.5	19207
ENSG00000094661	OR1I1	1.0	3282
ENSG00000094755	GABRP	4.5	10501
ENSG00000094796	KRT31	3.8	9432
ENSG00000094804	CDC6	10.1	15809
ENSG00000094880	CDC23	14.4	17358
ENSG00000094914	AAAS	4.1	9897
ENSG00000094916	CBX5	13.2	17041
ENSG00000094963	FMO2	5.0	11192
ENSG00000094975	SUCO	2.0	6082
ENSG00000095002	MSH2	26.8	18735
ENSG00000095015	MAP3K1	7.2	13747
ENSG00000095059	DHPS	6.0	12446
ENSG00000095066	HOOK2	8.3	14683
ENSG00000095110	NXPE1	0.8	3045
ENSG00000095139	ARCN1	3.5	8994
ENSG00000095203	EPB41L4B	6.2	12686
ENSG00000095209	TMEM38B	3.4	8766
ENSG00000095261	PSMD5	0.8	3045
ENSG00000095303	PTGS1	4.1	9897
ENSG00000095319	NUP188	2.9	7932
ENSG00000095321	CRAT	8.4	14752
ENSG00000095370	SH2D3C	0.9	3235
ENSG00000095380	NANS	4.4	10330
ENSG00000095383	TBC1D2	3.7	9268
ENSG00000095397	WHRN	6.0	12446
ENSG00000095464	PDE6C	2.9	7932
ENSG00000095485	CWF19L1	1.0	3282
ENSG00000095539	SEMA4G	4.0	9765
ENSG00000095564	BTAF1	3.2	8468
ENSG00000095574	IKZF5	6.3	12794
ENSG00000095585	BLNK	14.9	17482
ENSG00000095587	TLL2	3.3	8619
ENSG00000095596	CYP26A1	11.3	16392
ENSG00000095627	TDRD1	3.5	8994
ENSG00000095637	SORBS1	10.8	16162
ENSG00000095713	CRTAC1	0.5	1903
ENSG00000095739	BAMBI	11.5	16473
ENSG00000095752	IL11	15.0	17507
ENSG00000095777	MYO3A	9.9	15713
ENSG00000095787	WAC	8.4	14752
ENSG00000095794	CREM	9.2	15304
ENSG00000095906	NUBP2	2.5	7104
ENSG00000095917	TPSD1	1.9	5985
ENSG00000095932	SMIM24	0.0	1
ENSG00000095951	HIVEP1	4.7	10753
ENSG00000095970	TREM2	84.9	19260
ENSG00000095981	KCNK16	8.9	15105
ENSG00000096006	CRISP3	1.2	4328
ENSG00000096060	FKBP5	6.8	13329
ENSG00000096063	SRPK1	15.1	17529
ENSG00000096070	BRPF3	6.7	13235
ENSG00000096080	MRPS18A	3.8	9432
ENSG00000096088	PGC	5.3	11597
ENSG00000096092	TMEM14A	1.6	5463
ENSG00000096093	EFHC1	6.5	13008
ENSG00000096264	NCR2	3.2	8468
ENSG00000096384	HSP90AB1	32.5	18968
ENSG00000096395	MLN	1.3	4364
ENSG00000096401	CDC5L	10.3	15915
ENSG00000096433	ITPR3	16.1	17722
ENSG00000096654	ZNF184	2.1	6380
ENSG00000096696	DSP	14.2	17296
ENSG00000096717	SIRT1	109.7	19268
ENSG00000096746	HNRNPH3	6.2	12686
ENSG00000096872	IFT74	4.6	10655
ENSG00000096968	JAK2	56.6	19214
ENSG00000096996	IL12RB1	23.8	18568
ENSG00000097007	ABL1	67.2	19241
ENSG00000097021	ACOT7	8.7	14962
ENSG00000097033	SH3GLB1	13.5	17136
ENSG00000097046	CDC7	8.4	14752
ENSG00000097096	SYDE2	5.1	11329
ENSG00000099139	PCSK5	20.6	18319
ENSG00000099194	SCD	7.1	13639
ENSG00000099203	TMED1	4.2	10017
ENSG00000099204	ABLIM1	5.8	12204
ENSG00000099219	ERMP1	2.1	6380
ENSG00000099246	RAB18	7.7	14204
ENSG00000099250	NRP1	51.4	19200
ENSG00000099256	PRTFDC1	4.1	9897
ENSG00000099260	PALMD	0.0	1
ENSG00000099282	TSPAN15	5.6	11982
ENSG00000099284	MACROH2A2	10.0	15759
ENSG00000099290	WASHC2A	4.5	10501
ENSG00000099308	MAST3	1.5	4687
ENSG00000099326	MZF1	9.4	15426
ENSG00000099330	OCEL1	0.5	1903
ENSG00000099331	MYO9B	17.1	17878
ENSG00000099337	KCNK6	5.1	11329
ENSG00000099338	CATSPERG	1.8	5759
ENSG00000099341	PSMD8	3.5	8994
ENSG00000099364	FBXL19	5.8	12204
ENSG00000099365	STX1B	8.6	14895
ENSG00000099377	HSD3B7	3.9	9571
ENSG00000099381	SETD1A	6.1	12588
ENSG00000099385	BCL7C	6.0	12446
ENSG00000099399	MAGEB2	0.5	1903
ENSG00000099617	EFNA2	4.9	11073
ENSG00000099622	CIRBP	7.4	13914
ENSG00000099624	ATP5F1D	8.8	15033
ENSG00000099625	CBARP	3.0	8111
ENSG00000099715	PCDH11Y	2.6	7291
ENSG00000099721	AMELY	1.8	5759
ENSG00000099769	IGFALS	2.8	7695
ENSG00000099783	HNRNPM	4.2	10017
ENSG00000099785	MARCHF2	6.8	13329
ENSG00000099795	NDUFB7	3.2	8468
ENSG00000099797	TECR	8.1	14536
ENSG00000099804	CDC34	10.1	15809
ENSG00000099810	MTAP	3.6	9147
ENSG00000099812	MISP	6.4	12917
ENSG00000099814	CEP170B	0.0	1
ENSG00000099817	POLR2E	10.9	16206
ENSG00000099821	POLRMT	8.7	14962
ENSG00000099822	HCN2	14.8	17461
ENSG00000099834	CDHR5	6.0	12446
ENSG00000099840	IZUMO4	0.0	1
ENSG00000099849	RASSF7	0.0	1
ENSG00000099860	GADD45B	2.9	7932
ENSG00000099864	PALM	3.1	8298
ENSG00000099866	MADCAM1	10.0	15759
ENSG00000099875	MKNK2	8.6	14895
ENSG00000099889	ARVCF	3.5	8994
ENSG00000099899	TRMT2A	2.1	6380
ENSG00000099901	RANBP1	3.6	9147
ENSG00000099904	ZDHHC8	8.0	14457
ENSG00000099910	KLHL22	15.9	17685
ENSG00000099917	MED15	1.8	5759
ENSG00000099937	SERPIND1	1.4	4622
ENSG00000099940	SNAP29	10.3	15915
ENSG00000099942	CRKL	14.2	17296
ENSG00000099949	LZTR1	4.5	10501
ENSG00000099953	MMP11	6.0	12446
ENSG00000099954	CECR2	5.6	11982
ENSG00000099956	SMARCB1	24.5	18612
ENSG00000099957	P2RX6	6.4	12917
ENSG00000099958	DERL3	8.4	14752
ENSG00000099960	SLC7A4	1.9	5985
ENSG00000099968	BCL2L13	1.2	4328
ENSG00000099974	DDTL	0.5	1903
ENSG00000099977	DDT	8.0	14457
ENSG00000099984	GSTT2	1.8	5759
ENSG00000099985	OSM	16.3	17761
ENSG00000099991	CABIN1	5.2	11424
ENSG00000099992	TBC1D10A	5.5	11839
ENSG00000099994	SUSD2	1.6	5463
ENSG00000099995	SF3A1	7.9	14372
ENSG00000099998	GGT5	9.4	15426
ENSG00000099999	RNF215	1.0	3282
ENSG00000100003	SEC14L2	2.4	6954
ENSG00000100012	SEC14L3	0.0	1
ENSG00000100014	SPECC1L	1.3	4364
ENSG00000100023	PPIL2	5.1	11329
ENSG00000100024	UPB1	6.6	13122
ENSG00000100027	YPEL1	0.0	1
ENSG00000100028	SNRPD3	14.9	17482
ENSG00000100029	PES1	7.7	14204
ENSG00000100030	MAPK1	27.5	18765
ENSG00000100031	GGT1	17.2	17902
ENSG00000100033	PRODH	8.9	15105
ENSG00000100034	PPM1F	17.5	17947
ENSG00000100036	SLC35E4	1.0	3282
ENSG00000100038	TOP3B	5.7	12090
ENSG00000100053	CRYBB3	2.4	6954
ENSG00000100055	CYTH4	1.8	5759
ENSG00000100056	ESS2	2.3	6711
ENSG00000100060	MFNG	3.7	9268
ENSG00000100065	CARD10	6.2	12686
ENSG00000100068	LRP5L	0.0	1
ENSG00000100075	SLC25A1	6.9	13452
ENSG00000100077	GRK3	9.0	15175
ENSG00000100078	PLA2G3	15.4	17593
ENSG00000100079	LGALS2	3.4	8766
ENSG00000100083	GGA1	7.2	13747
ENSG00000100084	HIRA	7.3	13831
ENSG00000100092	SH3BP1	14.2	17296
ENSG00000100095	SEZ6L	0.5	1903
ENSG00000100097	LGALS1	9.4	15426
ENSG00000100099	HPS4	11.9	16616
ENSG00000100104	SRRD	1.0	3282
ENSG00000100105	PATZ1	5.7	12090
ENSG00000100106	TRIOBP	5.8	12204
ENSG00000100109	TFIP11	5.6	11982
ENSG00000100116	GCAT	1.2	4328
ENSG00000100121	GGTLC2	0.5	1903
ENSG00000100122	CRYBB1	2.4	6954
ENSG00000100124	ANKRD54	2.0	6082
ENSG00000100129	EIF3L	6.5	13008
ENSG00000100138	SNU13	13.8	17208
ENSG00000100139	MICALL1	13.4	17108
ENSG00000100142	POLR2F	9.4	15426
ENSG00000100146	SOX10	12.3	16779
ENSG00000100147	CCDC134	4.5	10501
ENSG00000100150	DEPDC5	6.9	13452
ENSG00000100151	PICK1	16.1	17722
ENSG00000100154	TTC28	1.6	5463
ENSG00000100156	SLC16A8	2.3	6711
ENSG00000100162	CENPM	0.6	2927
ENSG00000100167	SEPTIN3	3.4	8766
ENSG00000100170	SLC5A1	22.7	18485
ENSG00000100191	SLC5A4	2.3	6711
ENSG00000100196	KDELR3	2.6	7291
ENSG00000100197	CYP2D6	20.8	18340
ENSG00000100201	DDX17	14.1	17268
ENSG00000100206	DMC1	12.3	16779
ENSG00000100207	TCF20	2.1	6380
ENSG00000100209	HSCB	3.1	8298
ENSG00000100211	CBY1	7.9	14372
ENSG00000100216	TOMM22	5.5	11839
ENSG00000100218	RSPH14	1.2	4328
ENSG00000100219	XBP1	68.9	19245
ENSG00000100220	RTCB	10.9	16206
ENSG00000100221	JOSD1	2.3	6711
ENSG00000100225	FBXO7	19.4	18201
ENSG00000100226	GTPBP1	11.3	16392
ENSG00000100227	POLDIP3	4.5	10501
ENSG00000100228	RAB36	1.5	4687
ENSG00000100234	TIMP3	4.2	10017
ENSG00000100239	PPP6R2	1.8	5759
ENSG00000100241	SBF1	6.5	13008
ENSG00000100242	SUN2	7.9	14372
ENSG00000100243	CYB5R3	6.8	13329
ENSG00000100246	DNAL4	2.6	7291
ENSG00000100249	C22orf31	0.0	1
ENSG00000100253	MIOX	5.8	12204
ENSG00000100258	LMF2	0.5	1903
ENSG00000100263	RHBDD3	0.5	1903
ENSG00000100266	PACSIN2	9.2	15304
ENSG00000100271	TTLL1	4.9	11073
ENSG00000100276	RASL10A	1.8	5759
ENSG00000100280	AP1B1	3.4	8766
ENSG00000100281	HMGXB4	1.9	5985
ENSG00000100284	TOM1	12.5	16839
ENSG00000100285	NEFH	11.0	16257
ENSG00000100288	CHKB	4.4	10330
ENSG00000100290	BIK	4.3	10201
ENSG00000100292	HMOX1	31.0	18913
ENSG00000100294	MCAT	6.5	13008
ENSG00000100296	THOC5	4.5	10501
ENSG00000100297	MCM5	4.8	10931
ENSG00000100298	APOBEC3H	9.4	15426
ENSG00000100299	ARSA	3.0	8111
ENSG00000100300	TSPO	9.0	15175
ENSG00000100302	RASD2	3.9	9571
ENSG00000100304	TTLL12	4.0	9765
ENSG00000100307	CBX7	2.5	7104
ENSG00000100311	PDGFB	56.8	19216
ENSG00000100312	ACR	10.4	15985
ENSG00000100314	CABP7	0.0	1
ENSG00000100316	RPL3	8.9	15105
ENSG00000100319	ZMAT5	2.2	6585
ENSG00000100320	RBFOX2	8.3	14683
ENSG00000100321	SYNGR1	2.0	6082
ENSG00000100324	TAB1	6.6	13122
ENSG00000100325	ASCC2	8.2	14610
ENSG00000100330	MTMR3	17.7	17976
ENSG00000100335	MIEF1	7.8	14288
ENSG00000100336	APOL4	1.1	4265
ENSG00000100341	PNPLA5	3.2	8468
ENSG00000100342	APOL1	4.5	10501
ENSG00000100344	PNPLA3	17.1	17878
ENSG00000100345	MYH9	29.3	18846
ENSG00000100346	CACNA1I	4.4	10330
ENSG00000100347	SAMM50	3.7	9268
ENSG00000100348	TXN2	2.2	6585
ENSG00000100350	FOXRED2	3.1	8298
ENSG00000100351	GRAP2	3.3	8619
ENSG00000100353	EIF3D	10.5	16025
ENSG00000100354	TNRC6B	5.3	11597
ENSG00000100359	SGSM3	9.3	15379
ENSG00000100360	IFT27	7.3	13831
ENSG00000100362	PVALB	1.8	5759
ENSG00000100364	KIAA0930	0.0	1
ENSG00000100365	NCF4	4.8	10931
ENSG00000100368	CSF2RB	14.3	17326
ENSG00000100372	SLC25A17	14.9	17482
ENSG00000100373	UPK3A	1.8	5759
ENSG00000100376	SIRAL2	0.8	3045
ENSG00000100379	KCTD17	6.3	12794
ENSG00000100380	ST13	2.8	7695
ENSG00000100385	IL2RB	17.6	17959
ENSG00000100387	RBX1	71.5	19248
ENSG00000100393	EP300	72.9	19250
ENSG00000100395	L3MBTL2	5.1	11329
ENSG00000100399	CHADL	3.9	9571
ENSG00000100401	RANGAP1	9.4	15426
ENSG00000100403	ZC3H7B	3.9	9571
ENSG00000100410	PHF5A	6.3	12794
ENSG00000100412	ACO2	6.6	13122
ENSG00000100413	POLR3H	4.5	10501
ENSG00000100416	TRMU	0.5	1903
ENSG00000100417	PMM1	6.6	13122
ENSG00000100418	DESI1	4.2	10017
ENSG00000100422	CERK	6.1	12588
ENSG00000100425	BRD1	7.7	14204
ENSG00000100426	ZBED4	3.8	9432
ENSG00000100427	MLC1	5.2	11424
ENSG00000100429	HDAC10	13.4	17108
ENSG00000100433	KCNK10	6.2	12686
ENSG00000100441	KHNYN	1.5	4687
ENSG00000100442	FKBP3	2.3	6711
ENSG00000100445	SDR39U1	0.0	1
ENSG00000100448	CTSG	22.5	18471
ENSG00000100450	GZMH	2.2	6585
ENSG00000100453	GZMB	13.2	17041
ENSG00000100461	RBM23	2.6	7291
ENSG00000100462	PRMT5	23.9	18573
ENSG00000100473	COCH	3.0	8111
ENSG00000100478	AP4S1	3.1	8298
ENSG00000100479	POLE2	4.5	10501
ENSG00000100483	VCPKMT	6.3	12794
ENSG00000100485	SOS2	1.0	3282
ENSG00000100490	CDKL1	2.8	7695
ENSG00000100503	NIN	4.8	10931
ENSG00000100504	PYGL	10.3	15915
ENSG00000100505	TRIM9	3.2	8468
ENSG00000100519	PSMC6	8.3	14683
ENSG00000100522	GNPNAT1	1.3	4364
ENSG00000100523	DDHD1	1.3	4364
ENSG00000100526	CDKN3	7.4	13914
ENSG00000100528	CNIH1	2.3	6711
ENSG00000100532	CGRRF1	1.4	4622
ENSG00000100554	ATP6V1D	6.8	13329
ENSG00000100557	CCDC198	0.5	1903
ENSG00000100558	PLEK2	0.5	1903
ENSG00000100564	PIGH	2.2	6585
ENSG00000100565	LRRC74A	0.0	1
ENSG00000100567	PSMA3	19.7	18240
ENSG00000100568	VTI1B	9.9	15713
ENSG00000100575	TIMM9	8.0	14457
ENSG00000100577	GSTZ1	10.4	15985
ENSG00000100578	KIAA0586	3.1	8298
ENSG00000100580	TMED8	0.0	1
ENSG00000100583	SAMD15	1.0	3282
ENSG00000100591	AHSA1	8.7	14962
ENSG00000100592	DAAM1	0.6	2927
ENSG00000100593	ISM2	0.0	1
ENSG00000100596	SPTLC2	9.4	15426
ENSG00000100599	RIN3	7.4	13914
ENSG00000100600	LGMN	23.7	18560
ENSG00000100601	ALKBH1	15.6	17629
ENSG00000100603	SNW1	22.5	18471
ENSG00000100604	CHGA	11.2	16350
ENSG00000100605	ITPK1	8.2	14610
ENSG00000100612	DHRS7	2.4	6954
ENSG00000100614	PPM1A	12.4	16811
ENSG00000100625	SIX4	15.7	17645
ENSG00000100626	GALNT16	2.6	7291
ENSG00000100628	ASB2	9.7	15609
ENSG00000100629	CEP128	5.6	11982
ENSG00000100632	ERH	3.7	9268
ENSG00000100644	HIF1A	65.4	19234
ENSG00000100647	SUSD6	1.3	4364
ENSG00000100650	SRSF5	3.3	8619
ENSG00000100652	SLC10A1	3.6	9147
ENSG00000100664	EIF5	4.6	10655
ENSG00000100665	SERPINA4	1.4	4622
ENSG00000100678	SLC8A3	13.2	17041
ENSG00000100697	DICER1	26.7	18728
ENSG00000100711	ZFYVE21	0.0	1
ENSG00000100714	MTHFD1	14.2	17296
ENSG00000100721	TCL1A	5.8	12204
ENSG00000100722	ZC3H14	5.7	12090
ENSG00000100726	TELO2	8.3	14683
ENSG00000100731	PCNX1	0.0	1
ENSG00000100739	BDKRB1	2.7	7600
ENSG00000100744	GSKIP	9.5	15494
ENSG00000100749	VRK1	17.5	17947
ENSG00000100764	PSMC1	5.0	11192
ENSG00000100767	PAPLN	0.0	1
ENSG00000100784	RPS6KA5	16.2	17740
ENSG00000100796	PPP4R3A	1.5	4687
ENSG00000100802	C14orf93	0.5	1903
ENSG00000100804	PSMB5	16.3	17761
ENSG00000100811	YY1	25.5	18657
ENSG00000100813	ACIN1	7.6	14102
ENSG00000100814	CCNB1IP1	2.3	6711
ENSG00000100815	TRIP11	5.7	12090
ENSG00000100823	APEX1	30.5	18898
ENSG00000100836	PABPN1	7.1	13639
ENSG00000100842	EFS	2.7	7600
ENSG00000100852	ARHGAP5	6.8	13329
ENSG00000100865	CINP	3.2	8468
ENSG00000100867	DHRS2	7.3	13831
ENSG00000100883	SRP54	13.3	17085
ENSG00000100884	CPNE6	5.0	11192
ENSG00000100888	CHD8	18.8	18124
ENSG00000100889	PCK2	10.8	16162
ENSG00000100890	PRORP	3.9	9571
ENSG00000100897	DCAF11	1.7	5664
ENSG00000100902	PSMA6	23.9	18573
ENSG00000100906	NFKBIA	23.0	18506
ENSG00000100908	EMC9	4.7	10753
ENSG00000100911	PSME2	4.9	11073
ENSG00000100916	BRMS1L	4.0	9765
ENSG00000100918	REC8	5.7	12090
ENSG00000100926	TM9SF1	0.5	1903
ENSG00000100934	SEC23A	3.4	8766
ENSG00000100938	GMPR2	1.6	5463
ENSG00000100941	PNN	4.8	10931
ENSG00000100949	RABGGTA	5.2	11424
ENSG00000100968	NFATC4	8.8	15033
ENSG00000100979	PLTP	24.1	18588
ENSG00000100982	PCIF1	6.4	12917
ENSG00000100983	GSS	8.6	14895
ENSG00000100985	MMP9	29.2	18840
ENSG00000100987	VSX1	4.3	10201
ENSG00000100991	TRPC4AP	6.8	13329
ENSG00000100994	PYGB	2.7	7600
ENSG00000100997	ABHD12	11.0	16257
ENSG00000101000	PROCR	2.2	6585
ENSG00000101003	GINS1	1.9	5985
ENSG00000101004	NINL	0.5	1903
ENSG00000101017	CD40	19.3	18188
ENSG00000101019	UQCC1	1.3	4364
ENSG00000101040	ZMYND8	11.1	16303
ENSG00000101049	SGK2	6.9	13452
ENSG00000101052	IFT52	3.8	9432
ENSG00000101057	MYBL2	5.8	12204
ENSG00000101074	R3HDML	0.0	1
ENSG00000101076	HNF4A	24.7	18622
ENSG00000101079	NDRG3	2.3	6711
ENSG00000101082	SLA2	6.9	13452
ENSG00000101084	RAB5IF	2.2	6585
ENSG00000101096	NFATC2	15.4	17593
ENSG00000101098	RIMS4	1.5	4687
ENSG00000101104	PABPC1L	3.9	9571
ENSG00000101109	STK4	23.6	18551
ENSG00000101115	SALL4	1.0	3282
ENSG00000101126	ADNP	2.5	7104
ENSG00000101132	PFDN4	6.6	13122
ENSG00000101134	DOK5	1.8	5759
ENSG00000101138	CSTF1	1.3	4364
ENSG00000101144	BMP7	34.8	19020
ENSG00000101146	RAE1	5.6	11982
ENSG00000101150	TPD52L2	2.2	6585
ENSG00000101152	DNAJC5	3.4	8766
ENSG00000101158	NELFCD	3.4	8766
ENSG00000101160	CTSZ	6.9	13452
ENSG00000101161	PRPF6	14.9	17482
ENSG00000101162	TUBB1	2.0	6082
ENSG00000101166	PRELID3B	1.0	3282
ENSG00000101180	HRH3	6.1	12588
ENSG00000101181	MTG2	5.0	11192
ENSG00000101182	PSMA7	17.7	17976
ENSG00000101187	SLCO4A1	2.6	7291
ENSG00000101188	NTSR1	9.3	15379
ENSG00000101189	MRGBP	3.9	9571
ENSG00000101190	TCFL5	11.0	16257
ENSG00000101191	DIDO1	0.5	1903
ENSG00000101193	GID8	3.7	9268
ENSG00000101194	SLC17A9	9.0	15175
ENSG00000101197	BIRC7	11.0	16257
ENSG00000101198	NKAIN4	0.5	1903
ENSG00000101199	ARFGAP1	2.3	6711
ENSG00000101200	AVP	15.7	17645
ENSG00000101203	COL20A1	0.0	1
ENSG00000101204	CHRNA4	23.7	18560
ENSG00000101210	EEF1A2	6.9	13452
ENSG00000101213	PTK6	16.4	17788
ENSG00000101216	GMEB2	4.0	9765
ENSG00000101220	ADISSP	3.9	9571
ENSG00000101222	SPEF1	6.9	13452
ENSG00000101224	CDC25B	11.3	16392
ENSG00000101230	ISM1	0.5	1903
ENSG00000101236	RNF24	0.0	1
ENSG00000101246	ARFRP1	6.7	13235
ENSG00000101247	NDUFAF5	1.3	4364
ENSG00000101251	SEL1L2	0.5	1903
ENSG00000101255	TRIB3	16.2	17740
ENSG00000101265	RASSF2	7.1	13639
ENSG00000101266	CSNK2A1	24.0	18583
ENSG00000101276	SLC52A3	5.2	11424
ENSG00000101278	RPS10P5	1.0	3282
ENSG00000101280	ANGPT4	12.2	16737
ENSG00000101282	RSPO4	3.2	8468
ENSG00000101290	CDS2	6.3	12794
ENSG00000101292	PROKR2	2.0	6082
ENSG00000101294	HM13	10.5	16025
ENSG00000101298	SNPH	2.3	6711
ENSG00000101306	MYLK2	12.4	16811
ENSG00000101307	SIRPB1	2.8	7695
ENSG00000101310	SEC23B	1.0	3282
ENSG00000101311	FERMT1	6.6	13122
ENSG00000101323	HAO1	4.0	9765
ENSG00000101327	PDYN	2.0	6082
ENSG00000101331	CCM2L	0.5	1903
ENSG00000101333	PLCB4	4.6	10655
ENSG00000101335	MYL9	4.9	11073
ENSG00000101336	HCK	26.8	18735
ENSG00000101337	TM9SF4	6.1	12588
ENSG00000101342	TLDC2	0.5	1903
ENSG00000101343	CRNKL1	5.5	11839
ENSG00000101346	POFUT1	4.8	10931
ENSG00000101347	SAMHD1	19.1	18159
ENSG00000101349	PAK5	7.4	13914
ENSG00000101350	KIF3B	12.8	16920
ENSG00000101353	MROH8	0.0	1
ENSG00000101361	NOP56	8.1	14536
ENSG00000101363	MANBAL	0.0	1
ENSG00000101365	IDH3B	4.5	10501
ENSG00000101367	MAPRE1	14.3	17326
ENSG00000101384	JAG1	24.5	18612
ENSG00000101391	CDK5RAP1	6.1	12588
ENSG00000101400	SNTA1	12.0	16648
ENSG00000101405	OXT	3.9	9571
ENSG00000101407	TTI1	6.0	12446
ENSG00000101412	E2F1	25.7	18667
ENSG00000101413	RPRD1B	5.8	12204
ENSG00000101417	PXMP4	0.0	1
ENSG00000101421	CHMP4B	30.4	18896
ENSG00000101425	BPI	11.2	16350
ENSG00000101435	CST9L	0.5	1903
ENSG00000101438	SLC32A1	9.6	15554
ENSG00000101439	CST3	13.4	17108
ENSG00000101440	ASIP	7.9	14372
ENSG00000101441	CST4	2.9	7932
ENSG00000101442	ACTR5	7.9	14372
ENSG00000101443	WFDC2	7.8	14288
ENSG00000101444	AHCY	2.7	7600
ENSG00000101445	PPP1R16B	7.8	14288
ENSG00000101446	SPINT3	0.0	1
ENSG00000101447	SACK1D	12.6	16868
ENSG00000101452	DHX35	2.0	6082
ENSG00000101457	DNTTIP1	4.8	10931
ENSG00000101460	MAP1LC3A	9.6	15554
ENSG00000101463	SYNDIG1	3.8	9432
ENSG00000101464	PIGU	8.1	14536
ENSG00000101470	TNNC2	4.6	10655
ENSG00000101473	ACOT8	13.4	17108
ENSG00000101474	APMAP	1.3	4364
ENSG00000101489	CELF4	7.0	13559
ENSG00000101493	ZNF516	4.0	9765
ENSG00000101542	CDH20	4.0	9765
ENSG00000101544	ADNP2	1.5	4687
ENSG00000101546	RBFA	2.4	6954
ENSG00000101557	USP14	11.2	16350
ENSG00000101558	VAPA	21.3	18383
ENSG00000101574	METTL4	7.9	14372
ENSG00000101577	LPIN2	6.7	13235
ENSG00000101596	SMCHD1	5.0	11192
ENSG00000101605	MYOM1	6.1	12588
ENSG00000101608	MYL12A	1.0	3282
ENSG00000101624	CEP76	1.3	4364
ENSG00000101638	ST8SIA5	6.1	12588
ENSG00000101639	CEP192	5.3	11597
ENSG00000101654	RNMT	7.7	14204
ENSG00000101665	SMAD7	31.0	18913
ENSG00000101670	LIPG	12.6	16868
ENSG00000101680	LAMA1	6.9	13452
ENSG00000101695	RNF125	7.9	14372
ENSG00000101745	ANKRD12	0.0	1
ENSG00000101746	NOL4	0.9	3235
ENSG00000101751	POLI	5.3	11597
ENSG00000101752	MIB1	3.7	9268
ENSG00000101773	RBBP8	10.0	15759
ENSG00000101782	RIOK3	13.9	17231
ENSG00000101811	CSTF2	4.0	9765
ENSG00000101812	H2BW2	1.5	4687
ENSG00000101825	MXRA5	2.4	6954
ENSG00000101842	VSIG1	0.5	1903
ENSG00000101843	PSMD10	10.7	16120
ENSG00000101844	ATG4A	8.3	14683
ENSG00000101846	STS	4.0	9765
ENSG00000101849	TBL1X	10.8	16162
ENSG00000101850	GPR143	14.6	17413
ENSG00000101856	PGRMC1	6.7	13235
ENSG00000101868	POLA1	19.5	18215
ENSG00000101871	MID1	8.7	14962
ENSG00000101882	NKAP	5.3	11597
ENSG00000101883	RHOXF1	6.7	13235
ENSG00000101888	NXT2	0.5	1903
ENSG00000101890	GUCY2F	7.0	13559
ENSG00000101892	ATP1B4	3.0	8111
ENSG00000101898	MCTS2	0.5	1903
ENSG00000101901	ALG13	4.0	9765
ENSG00000101911	PRPS2	5.6	11982
ENSG00000101916	TLR8	19.1	18159
ENSG00000101928	MOSPD1	1.0	3282
ENSG00000101935	AMMECR1	0.0	1
ENSG00000101938	CHRDL1	2.3	6711
ENSG00000101940	WDR13	0.0	1
ENSG00000101945	SUV39H1	21.6	18411
ENSG00000101951	PAGE4	8.1	14536
ENSG00000101955	SRPX	1.1	4265
ENSG00000101958	GLRA2	9.3	15379
ENSG00000101966	XIAP	26.0	18682
ENSG00000101972	STAG2	3.2	8468
ENSG00000101974	ATP11C	5.8	12204
ENSG00000101977	MCF2	3.7	9268
ENSG00000101981	F9	10.5	16025
ENSG00000101986	ABCD1	33.7	18993
ENSG00000101997	CCDC22	7.2	13747
ENSG00000102001	CACNA1F	5.8	12204
ENSG00000102003	SYP	4.5	10501
ENSG00000102007	PLP2	3.8	9432
ENSG00000102010	BMX	7.6	14102
ENSG00000102021	LUZP4	0.6	2927
ENSG00000102024	PLS3	2.3	6711
ENSG00000102030	NAA10	6.7	13235
ENSG00000102032	RENBP	6.9	13452
ENSG00000102034	ELF4	10.2	15862
ENSG00000102038	SMARCA1	11.7	16536
ENSG00000102043	MTMR8	5.5	11839
ENSG00000102048	ASB9	4.2	10017
ENSG00000102053	ZC3H12B	1.5	4687
ENSG00000102054	RBBP7	12.1	16689
ENSG00000102055	PPP1R2C	1.6	5463
ENSG00000102057	KCND1	2.3	6711
ENSG00000102076	OPN1LW	7.6	14102
ENSG00000102078	SLC25A14	7.2	13747
ENSG00000102081	FMR1	52.6	19208
ENSG00000102096	PIM2	9.3	15379
ENSG00000102098	SCML2	2.3	6711
ENSG00000102100	SLC35A2	4.5	10501
ENSG00000102103	PQBP1	11.4	16433
ENSG00000102104	RS1	5.2	11424
ENSG00000102109	PCSK1N	3.3	8619
ENSG00000102119	EMD	11.0	16257
ENSG00000102125	TAFAZZIN	8.3	14683
ENSG00000102128	RAB40AL	1.0	3282
ENSG00000102144	PGK1	13.3	17085
ENSG00000102145	GATA1	27.8	18783
ENSG00000102158	MAGT1	5.3	11597
ENSG00000102172	SMS	3.6	9147
ENSG00000102174	PHEX	7.2	13747
ENSG00000102178	UBL4A	8.1	14536
ENSG00000102181	CD99L2	0.0	1
ENSG00000102189	EEA1	9.7	15609
ENSG00000102195	GPR50	3.7	9268
ENSG00000102218	RP2	9.5	15494
ENSG00000102221	JADE3	3.9	9571
ENSG00000102225	CDK16	7.9	14372
ENSG00000102226	USP11	5.9	12348
ENSG00000102230	PCYT1B	5.2	11424
ENSG00000102239	BRS3	4.6	10655
ENSG00000102241	HTATSF1	7.0	13559
ENSG00000102243	VGLL1	2.0	6082
ENSG00000102245	CD40LG	17.6	17959
ENSG00000102265	TIMP1	11.6	16500
ENSG00000102271	KLHL4	1.6	5463
ENSG00000102287	GABRE	5.9	12348
ENSG00000102290	PCDH11X	1.0	3282
ENSG00000102302	FGD1	10.1	15809
ENSG00000102309	PIN4	2.9	7932
ENSG00000102312	PORCN	4.0	9765
ENSG00000102313	ITIH6	0.0	1
ENSG00000102316	MAGED2	2.1	6380
ENSG00000102317	RBM3	5.3	11597
ENSG00000102349	KLF8	5.2	11424
ENSG00000102359	SRPX2	8.7	14962
ENSG00000102362	SYTL4	6.8	13329
ENSG00000102383	ZDHHC15	7.5	14017
ENSG00000102384	CENPI	2.5	7104
ENSG00000102385	DRP2	1.4	4622
ENSG00000102387	TAF7L	1.0	3282
ENSG00000102390	PBDC1	1.0	3282
ENSG00000102393	GLA	11.2	16350
ENSG00000102401	ARMCX3	0.5	1903
ENSG00000102409	BEX4	5.8	12204
ENSG00000102445	RUBCNL	7.3	13831
ENSG00000102452	NALCN	9.5	15494
ENSG00000102466	FGF14	7.8	14288
ENSG00000102468	HTR2A	17.9	18004
ENSG00000102471	NDFIP2	3.1	8298
ENSG00000102524	TNFSF13B	5.5	11839
ENSG00000102531	FNDC3A	1.0	3282
ENSG00000102539	MLNR	2.6	7291
ENSG00000102543	CDADC1	4.5	10501
ENSG00000102547	CAB39L	1.0	3282
ENSG00000102554	KLF5	5.2	11424
ENSG00000102572	STK24	11.8	16572
ENSG00000102575	ACP5	4.5	10501
ENSG00000102580	DNAJC3	5.6	11982
ENSG00000102595	UGGT2	3.3	8619
ENSG00000102606	ARHGEF7	11.7	16536
ENSG00000102678	FGF9	11.4	16433
ENSG00000102683	SGCG	2.5	7104
ENSG00000102699	PARP4	11.1	16303
ENSG00000102710	SUPT20H	2.8	7695
ENSG00000102738	MRPS31	1.9	5985
ENSG00000102743	SLC25A15	8.5	14830
ENSG00000102753	KPNA3	4.2	10017
ENSG00000102755	FLT1	23.5	18543
ENSG00000102760	RGCC	27.0	18747
ENSG00000102763	VWA8	0.5	1903
ENSG00000102780	DGKH	11.4	16433
ENSG00000102781	KATNAL1	4.5	10501
ENSG00000102786	INTS6	7.1	13639
ENSG00000102794	ACOD1	14.3	17326
ENSG00000102796	DHRS12	0.0	1
ENSG00000102802	MEDAG	0.5	1903
ENSG00000102804	TSC22D1	6.6	13122
ENSG00000102805	CLN5	9.4	15426
ENSG00000102837	OLFM4	2.9	7932
ENSG00000102854	MSLN	1.1	4265
ENSG00000102858	MGRN1	8.8	15033
ENSG00000102870	ZNF629	1.0	3282
ENSG00000102871	TRADD	23.0	18506
ENSG00000102878	HSF4	6.0	12446
ENSG00000102879	CORO1A	15.9	17685
ENSG00000102882	MAPK3	32.0	18952
ENSG00000102886	GDPD3	3.1	8298
ENSG00000102890	ELMO3	2.0	6082
ENSG00000102891	MT4	3.0	8111
ENSG00000102893	PHKB	2.6	7291
ENSG00000102897	LYRM1	0.0	1
ENSG00000102898	NUTF2	6.3	12794
ENSG00000102900	NUP93	6.1	12588
ENSG00000102901	CENPT	4.8	10931
ENSG00000102904	TSNAXIP1	0.0	1
ENSG00000102908	NFAT5	13.8	17208
ENSG00000102910	LONP2	6.4	12917
ENSG00000102921	N4BP1	8.0	14457
ENSG00000102924	CBLN1	8.5	14830
ENSG00000102931	ARL2BP	4.2	10017
ENSG00000102934	PLLP	3.9	9571
ENSG00000102935	ZNF423	7.8	14288
ENSG00000102962	CCL22	12.3	16779
ENSG00000102967	DHODH	2.3	6711
ENSG00000102970	CCL17	6.1	12588
ENSG00000102974	CTCF	17.4	17934
ENSG00000102977	ACD	20.9	18348
ENSG00000102978	POLR2C	3.4	8766
ENSG00000102981	PARD6A	7.1	13639
ENSG00000102984	ZNF821	2.3	6711
ENSG00000102996	MMP15	9.5	15494
ENSG00000103005	USB1	5.8	12204
ENSG00000103018	CYB5B	3.9	9571
ENSG00000103021	CFAP263	1.3	4364
ENSG00000103023	PRSS54	1.0	3282
ENSG00000103024	NME3	11.8	16572
ENSG00000103034	NDRG4	7.8	14288
ENSG00000103035	PSMD7	4.3	10201
ENSG00000103037	SETD6	6.4	12917
ENSG00000103042	SLC38A7	6.2	12686
ENSG00000103043	VAC14	3.3	8619
ENSG00000103044	HAS3	7.9	14372
ENSG00000103047	TANGO6	0.5	1903
ENSG00000103051	COG4	4.2	10017
ENSG00000103056	SMPD3	6.8	13329
ENSG00000103061	SLC7A6OS	0.5	1903
ENSG00000103064	SLC7A6	11.8	16572
ENSG00000103066	PLA2G15	16.3	17761
ENSG00000103067	ESRP2	3.1	8298
ENSG00000103089	FA2H	9.1	15239
ENSG00000103091	WDR59	5.9	12348
ENSG00000103111	MON1B	2.1	6380
ENSG00000103121	CMC2	0.0	1
ENSG00000103126	AXIN1	24.6	18616
ENSG00000103145	HCFC1R1	0.0	1
ENSG00000103148	NPRL3	4.5	10501
ENSG00000103150	MLYCD	9.8	15662
ENSG00000103152	MPG	6.3	12794
ENSG00000103154	NECAB2	6.9	13452
ENSG00000103160	HSDL1	0.8	3045
ENSG00000103168	TAF1C	5.3	11597
ENSG00000103174	NAGPA	5.0	11192
ENSG00000103175	WFDC1	1.1	4265
ENSG00000103184	SEC14L5	0.0	1
ENSG00000103187	COTL1	2.6	7291
ENSG00000103194	USP10	18.8	18124
ENSG00000103196	CRISPLD2	1.8	5759
ENSG00000103197	TSC2	18.7	18104
ENSG00000103199	ZNF500	1.5	4687
ENSG00000103202	NME4	8.7	14962
ENSG00000103222	ABCC1	30.5	18898
ENSG00000103226	NOMO3	3.2	8468
ENSG00000103227	LMF1	1.3	4364
ENSG00000103241	FOXF1	21.4	18395
ENSG00000103245	CIAO3	4.6	10655
ENSG00000103248	MTHFSD	0.5	1903
ENSG00000103249	CLCN7	3.2	8468
ENSG00000103253	HAGHL	0.5	1903
ENSG00000103254	ANTKMT	2.6	7291
ENSG00000103257	SLC7A5	31.9	18946
ENSG00000103260	METRN	1.5	4687
ENSG00000103264	FBXO31	9.1	15239
ENSG00000103266	STUB1	49.4	19189
ENSG00000103269	RHBDL1	1.4	4622
ENSG00000103274	NUBP1	5.7	12090
ENSG00000103275	UBE2I	18.1	18029
ENSG00000103310	ZP2	8.5	14830
ENSG00000103313	MEFV	14.5	17382
ENSG00000103316	CRYM	10.8	16162
ENSG00000103319	EEF2K	6.1	12588
ENSG00000103326	CAPN15	1.0	3282
ENSG00000103335	PIEZO1	6.2	12686
ENSG00000103342	GSPT1	9.5	15494
ENSG00000103343	ZNF174	7.6	14102
ENSG00000103351	IFT38	1.7	5664
ENSG00000103353	UBFD1	1.0	3282
ENSG00000103355	PRSS33	1.8	5759
ENSG00000103356	EARS2	4.2	10017
ENSG00000103363	ELOB	9.3	15379
ENSG00000103365	GGA2	4.5	10501
ENSG00000103375	AQP8	15.8	17668
ENSG00000103381	CPPED1	0.0	1
ENSG00000103404	USP31	0.8	3045
ENSG00000103415	HMOX2	4.1	9897
ENSG00000103423	DNAJA3	15.9	17685
ENSG00000103429	BFAR	9.8	15662
ENSG00000103449	SALL1	17.8	17987
ENSG00000103460	TOX3	6.6	13122
ENSG00000103472	RRN3P2	1.5	4687
ENSG00000103479	RBL2	5.1	11329
ENSG00000103485	QPRT	5.6	11982
ENSG00000103489	XYLT1	8.4	14752
ENSG00000103490	PYCARD	52.2	19205
ENSG00000103494	RPGRIP1L	3.7	9268
ENSG00000103495	MAZ	10.8	16162
ENSG00000103496	STX4	20.5	18309
ENSG00000103502	CDIPT	2.6	7291
ENSG00000103507	BCKDK	7.0	13559
ENSG00000103510	KAT8	18.0	18016
ENSG00000103512	NOMO1	2.2	6585
ENSG00000103522	IL21R	5.0	11192
ENSG00000103528	SYT17	4.9	11073
ENSG00000103534	TMC5	0.5	1903
ENSG00000103540	CCP110	6.8	13329
ENSG00000103544	VPS35L	2.7	7600
ENSG00000103546	SLC6A2	12.6	16868
ENSG00000103549	RNF40	6.6	13122
ENSG00000103550	KNOP1	0.5	1903
ENSG00000103569	AQP9	14.9	17482
ENSG00000103591	AAGAB	0.0	1
ENSG00000103599	IQCH	0.0	1
ENSG00000103642	LACTB	3.9	9571
ENSG00000103647	CORO2B	8.3	14683
ENSG00000103653	CSK	7.5	14017
ENSG00000103657	HERC1	0.9	3235
ENSG00000103671	TRIP4	15.7	17645
ENSG00000103707	MTFMT	2.6	7291
ENSG00000103710	RASL12	1.0	3282
ENSG00000103723	AP3B2	3.8	9432
ENSG00000103740	ACSBG1	6.6	13122
ENSG00000103742	IGDCC4	0.5	1903
ENSG00000103769	RAB11A	31.0	18913
ENSG00000103811	CTSH	26.7	18728
ENSG00000103852	TTC23	0.5	1903
ENSG00000103855	CD276	5.1	11329
ENSG00000103876	FAH	3.8	9432
ENSG00000103888	CEMIP	10.6	16075
ENSG00000103932	RPAP1	0.0	1
ENSG00000103942	HOMER2	5.8	12204
ENSG00000103966	EHD4	5.5	11839
ENSG00000103978	TMEM87A	5.3	11597
ENSG00000103994	ZNF106	1.0	3282
ENSG00000103995	CEP152	3.9	9571
ENSG00000104043	ATP8B4	1.5	4687
ENSG00000104044	OCA2	3.4	8766
ENSG00000104047	DTWD1	2.6	7291
ENSG00000104055	TGM5	3.7	9268
ENSG00000104059	ENTREP2	0.0	1
ENSG00000104064	GABPB1	3.1	8298
ENSG00000104067	TJP1	19.6	18225
ENSG00000104081	BMF	4.4	10330
ENSG00000104093	DMXL2	1.9	5985
ENSG00000104112	SCG3	1.0	3282
ENSG00000104129	DNAJC17	0.5	1903
ENSG00000104131	EIF3J	3.4	8766
ENSG00000104133	SPG11	10.2	15862
ENSG00000104140	RHOV	3.5	8994
ENSG00000104142	VPS18	13.8	17208
ENSG00000104147	OIP5	3.1	8298
ENSG00000104154	SLC30A4	4.7	10753
ENSG00000104164	BLOC1S6	8.4	14752
ENSG00000104177	MYEF2	2.6	7291
ENSG00000104205	SGK3	7.6	14102
ENSG00000104213	PDGFRL	1.8	5759
ENSG00000104218	CSPP1	2.9	7932
ENSG00000104219	ZDHHC2	13.9	17231
ENSG00000104221	BRF2	4.2	10017
ENSG00000104228	TRIM35	4.7	10753
ENSG00000104231	ZFAND1	6.1	12588
ENSG00000104237	RP1	7.3	13831
ENSG00000104267	CA2	7.4	13914
ENSG00000104290	FZD3	11.6	16500
ENSG00000104299	INTS9	5.7	12090
ENSG00000104312	RIPK2	28.0	18796
ENSG00000104313	EYA1	7.5	14017
ENSG00000104320	NBN	27.0	18747
ENSG00000104321	TRPA1	14.6	17413
ENSG00000104324	CPQ	6.2	12686
ENSG00000104325	DECR1	4.7	10753
ENSG00000104327	CALB1	4.5	10501
ENSG00000104331	BPNT2	1.5	4687
ENSG00000104332	SFRP1	52.4	19206
ENSG00000104341	LAPTM4B	8.5	14830
ENSG00000104343	UBE2W	11.0	16257
ENSG00000104356	POP1	4.8	10931
ENSG00000104361	NIPAL2	0.5	1903
ENSG00000104365	IKBKB	39.3	19097
ENSG00000104368	PLAT	12.2	16737
ENSG00000104369	JPH1	2.7	7600
ENSG00000104371	DKK4	2.7	7600
ENSG00000104375	STK3	18.5	18079
ENSG00000104381	GDAP1	3.9	9571
ENSG00000104388	RAB2A	9.7	15609
ENSG00000104408	EIF3E	9.0	15175
ENSG00000104412	EMC2	4.2	10017
ENSG00000104413	ESRP1	3.1	8298
ENSG00000104415	CCN4	7.7	14204
ENSG00000104419	NDRG1	8.3	14683
ENSG00000104427	ZC2HC1A	0.0	1
ENSG00000104435	STMN2	7.6	14102
ENSG00000104442	ARMC1	0.8	3045
ENSG00000104447	TRPS1	7.3	13831
ENSG00000104450	SPAG1	2.0	6082
ENSG00000104472	CHRAC1	5.2	11424
ENSG00000104490	NCALD	5.5	11839
ENSG00000104497	SNX16	6.0	12446
ENSG00000104499	GML	2.7	7600
ENSG00000104517	UBR5	18.0	18016
ENSG00000104518	GSDMD	15.0	17507
ENSG00000104522	GFUS	9.4	15426
ENSG00000104524	PYCR3	2.6	7291
ENSG00000104529	EEF1D	8.4	14752
ENSG00000104537	ANXA13	6.6	13122
ENSG00000104549	SQLE	8.0	14457
ENSG00000104611	SH2D4A	1.3	4364
ENSG00000104613	INTS10	4.9	11073
ENSG00000104626	ERI1	5.9	12348
ENSG00000104635	SLC39A14	19.4	18201
ENSG00000104643	MTMR9	7.2	13747
ENSG00000104660	LEPROTL1	1.8	5759
ENSG00000104671	DCTN6	1.0	3282
ENSG00000104679	R3HCC1	0.0	1
ENSG00000104687	GSR	4.3	10201
ENSG00000104689	TNFRSF10A	11.5	16473
ENSG00000104691	UBXN8	2.7	7600
ENSG00000104695	PPP2CB	8.5	14830
ENSG00000104714	ERICH1	0.0	1
ENSG00000104722	NEFM	3.7	9268
ENSG00000104723	TUSC3	7.4	13914
ENSG00000104728	ARHGEF10	9.4	15426
ENSG00000104731	KLHDC4	0.0	1
ENSG00000104738	MCM4	6.1	12588
ENSG00000104755	ADAM2	5.2	11424
ENSG00000104756	KCTD9	1.6	5463
ENSG00000104760	FGL1	5.2	11424
ENSG00000104763	ASAH1	11.1	16303
ENSG00000104765	BNIP3L	10.3	15915
ENSG00000104774	MAN2B1	3.1	8298
ENSG00000104783	KCNN4	15.6	17629
ENSG00000104804	TULP2	2.2	6585
ENSG00000104805	NUCB1	2.0	6082
ENSG00000104808	DHDH	1.0	3282
ENSG00000104812	GYS1	4.3	10201
ENSG00000104814	MAP4K1	9.0	15175
ENSG00000104818	CGB2	1.8	5759
ENSG00000104823	ECH1	0.5	1903
ENSG00000104824	HNRNPL	6.5	13008
ENSG00000104825	NFKBIB	3.2	8468
ENSG00000104826	LHB	6.6	13122
ENSG00000104833	TUBB4A	3.6	9147
ENSG00000104835	SARS2	3.5	8994
ENSG00000104848	KCNA7	1.5	4687
ENSG00000104852	SNRNP70	9.0	15175
ENSG00000104853	CLPTM1	0.5	1903
ENSG00000104856	RELB	9.3	15379
ENSG00000104859	CLASRP	0.0	1
ENSG00000104863	LIN7B	3.4	8766
ENSG00000104866	PPP1R37	0.0	1
ENSG00000104870	FCGRT	2.9	7932
ENSG00000104872	PIH1D1	14.4	17358
ENSG00000104879	CKM	1.9	5985
ENSG00000104880	ARHGEF18	6.3	12794
ENSG00000104881	PPP1R13L	4.0	9765
ENSG00000104883	PEX11G	2.1	6380
ENSG00000104884	ERCC2	15.5	17610
ENSG00000104885	DOT1L	13.4	17108
ENSG00000104886	PLEKHJ1	1.5	4687
ENSG00000104888	SLC17A7	11.4	16433
ENSG00000104889	RNASEH2A	7.2	13747
ENSG00000104892	KLC3	2.5	7104
ENSG00000104894	CD37	0.0	1
ENSG00000104897	SF3A2	7.1	13639
ENSG00000104899	AMH	13.3	17085
ENSG00000104901	DKKL1	3.9	9571
ENSG00000104903	LYL1	7.1	13639
ENSG00000104904	OAZ1	7.1	13639
ENSG00000104907	TRMT1	6.4	12917
ENSG00000104915	STX10	6.2	12686
ENSG00000104918	RETN	0.0	1
ENSG00000104921	FCER2	9.6	15554
ENSG00000104936	DMPK	9.1	15239
ENSG00000104938	CLEC4M	15.1	17529
ENSG00000104941	RSPH6A	2.6	7291
ENSG00000104946	TBC1D17	2.6	7291
ENSG00000104951	IL4I1	10.3	15915
ENSG00000104953	TLE6	9.6	15554
ENSG00000104957	YJU2B	1.3	4364
ENSG00000104960	PTOV1	0.5	1903
ENSG00000104964	TLE5	8.0	14457
ENSG00000104967	NOVA2	9.1	15239
ENSG00000104969	SGTA	7.4	13914
ENSG00000104970	KIR3DX1	1.5	4687
ENSG00000104972	LILRB1	41.2	19123
ENSG00000104973	MED25	8.7	14962
ENSG00000104974	LILRA1	5.1	11329
ENSG00000104976	SNAPC2	4.5	10501
ENSG00000104979	C19orf53	0.0	1
ENSG00000104980	TIMM44	2.5	7104
ENSG00000104983	CCDC61	3.2	8468
ENSG00000105011	ASF1B	3.2	8468
ENSG00000105048	TNNT1	5.2	11424
ENSG00000105053	VRK3	3.1	8298
ENSG00000105058	FAM32A	1.1	4265
ENSG00000105063	PPP6R1	2.6	7291
ENSG00000105072	C19orf44	0.0	1
ENSG00000105085	MED26	7.6	14102
ENSG00000105088	OLFM2	2.6	7291
ENSG00000105122	RASAL3	3.4	8766
ENSG00000105127	AKAP8	5.7	12090
ENSG00000105131	EPHX3	2.1	6380
ENSG00000105135	HACL2	2.8	7695
ENSG00000105136	ZNF419	1.5	4687
ENSG00000105137	SYDE1	9.7	15609
ENSG00000105141	CASP14	4.1	9897
ENSG00000105143	SLC1A6	15.5	17610
ENSG00000105146	AURKC	6.2	12686
ENSG00000105171	POP4	4.0	9765
ENSG00000105173	CCNE1	4.5	10501
ENSG00000105176	URI1	14.0	17251
ENSG00000105185	PDCD5	6.4	12917
ENSG00000105186	ANKRD27	6.9	13452
ENSG00000105193	RPS16	10.5	16025
ENSG00000105197	TIMM50	9.1	15239
ENSG00000105198	LGALS13	3.9	9571
ENSG00000105202	FBL	11.9	16616
ENSG00000105204	DYRK1B	7.3	13831
ENSG00000105205	CLC	5.3	11597
ENSG00000105219	CCNP	1.0	3282
ENSG00000105220	GPI	9.4	15426
ENSG00000105221	AKT2	21.4	18395
ENSG00000105223	PLD3	5.3	11597
ENSG00000105227	PRX	1.6	5463
ENSG00000105229	PIAS4	16.1	17722
ENSG00000105245	NUMBL	4.5	10501
ENSG00000105248	YJU2	2.1	6380
ENSG00000105251	SHD	0.5	1903
ENSG00000105254	TBCB	1.0	3282
ENSG00000105255	FSD1	6.3	12794
ENSG00000105258	POLR2I	6.2	12686
ENSG00000105261	OVOL3	2.5	7104
ENSG00000105270	CLIP3	10.2	15862
ENSG00000105278	ZFR2	1.0	3282
ENSG00000105281	SLC1A5	14.7	17436
ENSG00000105287	PRKD2	30.6	18901
ENSG00000105289	TJP3	3.6	9147
ENSG00000105290	APLP1	10.1	15809
ENSG00000105298	CACTIN	12.7	16895
ENSG00000105321	CCDC9	1.3	4364
ENSG00000105323	HNRNPUL1	5.0	11192
ENSG00000105325	FZR1	8.4	14752
ENSG00000105327	BBC3	4.1	9897
ENSG00000105329	TGFB1	110.6	19269
ENSG00000105339	DENND3	4.2	10017
ENSG00000105352	CEACAM4	2.3	6711
ENSG00000105355	PLIN3	4.8	10931
ENSG00000105357	MYH14	8.7	14962
ENSG00000105364	MRPL4	1.6	5463
ENSG00000105366	SIGLEC8	3.7	9268
ENSG00000105369	CD79A	4.8	10931
ENSG00000105370	LIM2	0.6	2927
ENSG00000105371	ICAM4	5.9	12348
ENSG00000105372	RPS19	19.5	18215
ENSG00000105373	NOP53	20.4	18303
ENSG00000105374	NKG7	3.8	9432
ENSG00000105376	ICAM5	4.9	11073
ENSG00000105379	ETFB	5.1	11329
ENSG00000105383	CD33	14.0	17251
ENSG00000105388	CEACAM5	9.0	15175
ENSG00000105392	CRX	11.9	16616
ENSG00000105393	BABAM1	7.6	14102
ENSG00000105397	TYK2	18.8	18124
ENSG00000105398	SULT2A1	13.8	17208
ENSG00000105401	CDC37	9.2	15304
ENSG00000105402	NAPA	5.8	12204
ENSG00000105404	RABAC1	0.8	3045
ENSG00000105409	ATP1A3	16.4	17788
ENSG00000105419	MEIS3	7.1	13639
ENSG00000105426	PTPRS	12.1	16689
ENSG00000105427	CNFN	0.0	1
ENSG00000105428	ZNRF4	4.7	10753
ENSG00000105429	MEGF8	10.8	16162
ENSG00000105438	KDELR1	2.6	7291
ENSG00000105443	CYTH2	4.7	10753
ENSG00000105447	GRWD1	8.2	14610
ENSG00000105464	GRIN2D	13.8	17208
ENSG00000105467	SYNGR4	0.0	1
ENSG00000105472	CLEC11A	3.2	8468
ENSG00000105479	ODAD1	5.4	11736
ENSG00000105483	CARD8	19.3	18188
ENSG00000105486	LIG1	11.0	16257
ENSG00000105492	SIGLEC6	1.9	5985
ENSG00000105497	ZNF175	4.9	11073
ENSG00000105499	PLA2G4C	15.4	17593
ENSG00000105501	SIGLEC5	1.0	3282
ENSG00000105507	CABP5	2.7	7600
ENSG00000105509	HAS1	8.5	14830
ENSG00000105514	RAB3D	5.6	11982
ENSG00000105516	DBP	6.7	13235
ENSG00000105518	TMEM205	0.0	1
ENSG00000105519	CAPS	1.8	5759
ENSG00000105520	PLPPR2	2.0	6082
ENSG00000105523	SACK1E	1.8	5759
ENSG00000105538	RASIP1	9.1	15239
ENSG00000105549	SPMAP2	2.3	6711
ENSG00000105550	FGF21	8.0	14457
ENSG00000105552	BCAT2	7.8	14288
ENSG00000105556	MIER2	3.1	8298
ENSG00000105559	PLEKHA4	10.4	15985
ENSG00000105568	PPP2R1A	12.0	16648
ENSG00000105576	TNPO2	2.4	6954
ENSG00000105583	WDR83OS	3.4	8766
ENSG00000105605	CACNG7	5.3	11597
ENSG00000105607	GCDH	4.1	9897
ENSG00000105609	LILRB5	4.2	10017
ENSG00000105610	KLF1	10.1	15809
ENSG00000105612	DNASE2	2.6	7291
ENSG00000105613	MAST1	6.3	12794
ENSG00000105617	LENG1	0.0	1
ENSG00000105618	PRPF31	13.2	17041
ENSG00000105619	TFPT	7.6	14102
ENSG00000105639	JAK3	27.8	18783
ENSG00000105640	RPL18A	10.4	15985
ENSG00000105641	SLC5A5	17.1	17878
ENSG00000105642	KCNN1	6.6	13122
ENSG00000105643	ARRDC2	0.5	1903
ENSG00000105647	PIK3R2	10.1	15809
ENSG00000105649	RAB3A	16.0	17704
ENSG00000105650	PDE4C	3.2	8468
ENSG00000105655	ISYNA1	3.4	8766
ENSG00000105656	ELL	7.9	14372
ENSG00000105662	CRTC1	4.1	9897
ENSG00000105664	COMP	12.2	16737
ENSG00000105668	UPK1A	0.8	3045
ENSG00000105669	COPE	2.1	6380
ENSG00000105671	DDX49	3.4	8766
ENSG00000105672	ETV2	2.3	6711
ENSG00000105675	ATP4A	6.3	12794
ENSG00000105676	ARMC6	0.5	1903
ENSG00000105677	TMEM147	3.0	8111
ENSG00000105679	GAPDHS	3.3	8619
ENSG00000105695	MAG	5.0	11192
ENSG00000105696	TMEM59L	0.0	1
ENSG00000105697	HAMP	17.3	17917
ENSG00000105698	USF2	15.1	17529
ENSG00000105699	LSR	4.6	10655
ENSG00000105700	KXD1	4.2	10017
ENSG00000105701	FKBP8	9.6	15554
ENSG00000105705	SUGP1	1.0	3282
ENSG00000105707	HPN	15.8	17668
ENSG00000105708	ZNF14	1.5	4687
ENSG00000105711	SCN1B	18.5	18079
ENSG00000105717	PBX4	6.0	12446
ENSG00000105722	ERF	4.4	10330
ENSG00000105723	GSK3A	31.7	18938
ENSG00000105726	ATP13A1	6.4	12917
ENSG00000105732	ZNF574	4.2	10017
ENSG00000105737	GRIK5	6.4	12917
ENSG00000105738	SIPA1L3	4.1	9897
ENSG00000105750	ZNF85	3.1	8298
ENSG00000105755	ETHE1	5.5	11839
ENSG00000105767	CADM4	10.2	15862
ENSG00000105771	SMG9	5.0	11192
ENSG00000105778	AVL9	0.8	3045
ENSG00000105784	RUNDC3B	0.0	1
ENSG00000105792	CFAP69	5.1	11329
ENSG00000105793	GTPBP10	3.9	9571
ENSG00000105808	RASA4	4.2	10017
ENSG00000105810	CDK6	24.2	18591
ENSG00000105819	PMPCB	5.5	11839
ENSG00000105821	DNAJC2	9.3	15379
ENSG00000105825	TFPI2	1.4	4622
ENSG00000105829	BET1	2.3	6711
ENSG00000105835	NAMPT	14.1	17268
ENSG00000105849	POLR1F	3.1	8298
ENSG00000105851	PIK3CG	36.2	19048
ENSG00000105852	PON3	6.4	12917
ENSG00000105854	PON2	4.3	10201
ENSG00000105855	ITGB8	11.8	16572
ENSG00000105856	HBP1	2.6	7291
ENSG00000105865	DUS4L	1.3	4364
ENSG00000105866	SP4	4.4	10330
ENSG00000105875	WDR91	4.2	10017
ENSG00000105877	DNAH11	5.2	11424
ENSG00000105879	CBLL1	6.9	13452
ENSG00000105880	DLX5	11.0	16257
ENSG00000105887	MTPN	6.2	12686
ENSG00000105889	STEAP1B	0.0	1
ENSG00000105894	PTN	27.8	18783
ENSG00000105926	PALS2	0.6	2927
ENSG00000105928	GSDME	11.3	16392
ENSG00000105929	ATP6V0A4	7.5	14017
ENSG00000105939	ZC3HAV1	11.3	16392
ENSG00000105948	IFT56	6.0	12446
ENSG00000105953	OGDH	6.9	13452
ENSG00000105954	NPVF	4.5	10501
ENSG00000105963	ADAP1	4.4	10330
ENSG00000105967	TFEC	6.1	12588
ENSG00000105968	H2AZ2	2.4	6954
ENSG00000105971	CAV2	18.3	18062
ENSG00000105974	CAV1	66.1	19239
ENSG00000105976	MET	15.4	17593
ENSG00000105982	RNF32	0.0	1
ENSG00000105983	LMBR1	1.0	3282
ENSG00000105989	WNT2	17.5	17947
ENSG00000105991	HOXA1	18.0	18016
ENSG00000105993	DNAJB6	13.4	17108
ENSG00000105996	HOXA2	2.8	7695
ENSG00000105997	HOXA3	3.8	9432
ENSG00000106003	LFNG	7.1	13639
ENSG00000106004	HOXA5	11.3	16392
ENSG00000106006	HOXA6	3.3	8619
ENSG00000106009	BRAT1	10.1	15809
ENSG00000106012	IQCE	0.8	3045
ENSG00000106013	ANKRD7	0.0	1
ENSG00000106018	VIPR2	7.9	14372
ENSG00000106025	TSPAN12	2.0	6082
ENSG00000106028	SSBP1	9.7	15609
ENSG00000106031	HOXA13	6.2	12686
ENSG00000106034	CPED1	0.0	1
ENSG00000106038	EVX1	3.7	9268
ENSG00000106049	HIBADH	2.6	7291
ENSG00000106052	TAX1BP1	8.0	14457
ENSG00000106066	CPVL	0.5	1903
ENSG00000106069	CHN2	3.6	9147
ENSG00000106070	GRB10	9.4	15426
ENSG00000106077	ABHD11	1.8	5759
ENSG00000106078	COBL	7.5	14017
ENSG00000106080	FKBP14	0.0	1
ENSG00000106086	PLEKHA8	10.9	16206
ENSG00000106089	STX1A	12.4	16811
ENSG00000106100	NOD1	22.9	18499
ENSG00000106105	GARS1	6.6	13122
ENSG00000106113	CRHR2	4.8	10931
ENSG00000106123	EPHB6	3.3	8619
ENSG00000106125	MINDY4	0.5	1903
ENSG00000106128	GHRHR	12.4	16811
ENSG00000106133	NSUN5P2	0.0	1
ENSG00000106144	CASP2	15.9	17685
ENSG00000106153	CHCHD2	7.1	13639
ENSG00000106178	CCL24	17.8	17987
ENSG00000106211	HSPB1	26.1	18687
ENSG00000106236	NPTX2	0.6	2927
ENSG00000106244	PDAP1	1.4	4622
ENSG00000106245	BUD31	3.5	8994
ENSG00000106246	PTCD1	3.1	8298
ENSG00000106258	CYP3A5	15.0	17507
ENSG00000106261	ZKSCAN1	1.5	4687
ENSG00000106263	EIF3B	9.3	15379
ENSG00000106266	SNX8	3.4	8766
ENSG00000106268	NUDT1	11.1	16303
ENSG00000106278	PTPRZ1	11.2	16350
ENSG00000106290	TAF6	13.7	17187
ENSG00000106299	WASL	9.4	15426
ENSG00000106302	HYAL4	6.2	12686
ENSG00000106304	SPAM1	4.6	10655
ENSG00000106305	AIMP2	1.4	4622
ENSG00000106327	TFR2	13.8	17208
ENSG00000106328	FSCN3	2.0	6082
ENSG00000106330	MOSPD3	0.0	1
ENSG00000106331	PAX4	8.4	14752
ENSG00000106333	PCOLCE	5.4	11736
ENSG00000106336	FBXO24	3.4	8766
ENSG00000106341	PPP1R17	2.2	6585
ENSG00000106344	RBM28	0.5	1903
ENSG00000106346	USP42	4.6	10655
ENSG00000106348	IMPDH1	4.3	10201
ENSG00000106351	AGFG2	1.5	4687
ENSG00000106355	LSM5	7.6	14102
ENSG00000106366	SERPINE1	31.3	18925
ENSG00000106367	AP1S1	4.6	10655
ENSG00000106384	MOGAT3	6.0	12446
ENSG00000106392	C1GALT1	2.9	7932
ENSG00000106397	PLOD3	11.3	16392
ENSG00000106399	RPA3	13.2	17041
ENSG00000106400	ZNHIT1	7.1	13639
ENSG00000106404	CLDN15	4.6	10655
ENSG00000106410	NOBOX	3.6	9147
ENSG00000106415	GLCCI1	0.0	1
ENSG00000106436	MYL10	0.5	1903
ENSG00000106443	PHF14	5.3	11597
ENSG00000106459	NRF1	6.6	13122
ENSG00000106460	TMEM106B	4.4	10330
ENSG00000106462	EZH2	32.7	18974
ENSG00000106477	CEP41	1.8	5759
ENSG00000106479	ZNF862	0.0	1
ENSG00000106483	SFRP4	16.3	17761
ENSG00000106484	MEST	4.4	10330
ENSG00000106511	MEOX2	10.5	16025
ENSG00000106524	ANKMY2	0.0	1
ENSG00000106526	ACTR3C	0.0	1
ENSG00000106536	POU6F2	6.5	13008
ENSG00000106537	TSPAN13	0.0	1
ENSG00000106538	RARRES2	12.9	16951
ENSG00000106541	AGR2	14.8	17461
ENSG00000106546	AHR	30.9	18910
ENSG00000106554	CHCHD3	5.8	12204
ENSG00000106560	GIMAP2	1.3	4364
ENSG00000106565	TMEM176B	1.4	4622
ENSG00000106571	GLI3	21.9	18434
ENSG00000106588	PSMA2	19.4	18201
ENSG00000106591	MRPL32	2.8	7695
ENSG00000106603	COA1	3.2	8468
ENSG00000106605	BLVRA	2.9	7932
ENSG00000106608	URGCP	0.0	1
ENSG00000106609	TMEM248	0.0	1
ENSG00000106610	STAG3L4	0.0	1
ENSG00000106615	RHEB	15.5	17610
ENSG00000106617	PRKAG2	18.0	18016
ENSG00000106624	AEBP1	8.4	14752
ENSG00000106628	POLD2	3.8	9432
ENSG00000106631	MYL7	1.5	4687
ENSG00000106633	GCK	17.2	17902
ENSG00000106635	BCL7B	6.6	13122
ENSG00000106636	YKT6	6.9	13452
ENSG00000106638	TBL2	5.8	12204
ENSG00000106648	GALNTL5	2.9	7932
ENSG00000106665	CLIP2	1.5	4687
ENSG00000106682	EIF4H	5.1	11329
ENSG00000106683	LIMK1	14.5	17382
ENSG00000106686	SPATA6L	0.0	1
ENSG00000106688	SLC1A1	23.9	18573
ENSG00000106689	LHX2	3.0	8111
ENSG00000106692	FKTN	8.4	14752
ENSG00000106701	FSD1L	0.0	1
ENSG00000106714	CNTNAP3	1.6	5463
ENSG00000106723	SPIN1	5.5	11839
ENSG00000106733	NMRK1	3.5	8994
ENSG00000106771	TMEM245	0.0	1
ENSG00000106772	PRUNE2	0.5	1903
ENSG00000106780	MEGF9	0.0	1
ENSG00000106785	TRIM14	5.0	11192
ENSG00000106789	CORO2A	1.9	5985
ENSG00000106799	TGFBR1	67.9	19243
ENSG00000106803	SEC61B	6.0	12446
ENSG00000106804	C5	15.6	17629
ENSG00000106809	OGN	2.1	6380
ENSG00000106819	ASPN	3.5	8994
ENSG00000106823	ECM2	3.8	9432
ENSG00000106829	TLE4	1.5	4687
ENSG00000106852	LHX6	6.4	12917
ENSG00000106853	PTGR1	6.0	12446
ENSG00000106868	SUSD1	0.0	1
ENSG00000106927	AMBP	17.6	17959
ENSG00000106948	AKNA	4.8	10931
ENSG00000106952	TNFSF8	3.2	8468
ENSG00000106976	DNM1	16.2	17740
ENSG00000106991	ENG	44.0	19151
ENSG00000106992	AK1	3.9	9571
ENSG00000106993	CDC37L1	2.5	7104
ENSG00000107014	RLN2	3.3	8619
ENSG00000107018	RLN1	2.1	6380
ENSG00000107020	PLGRKT	0.5	1903
ENSG00000107021	TBC1D13	1.8	5759
ENSG00000107036	RIC1	6.6	13122
ENSG00000107077	KDM4C	14.2	17296
ENSG00000107099	DOCK8	8.6	14895
ENSG00000107104	KANK1	15.7	17645
ENSG00000107105	ELAVL2	2.8	7695
ENSG00000107130	NCS1	3.4	8766
ENSG00000107140	TESK1	11.7	16536
ENSG00000107147	KCNT1	4.4	10330
ENSG00000107159	CA9	4.6	10655
ENSG00000107164	FUBP3	5.5	11839
ENSG00000107165	TYRP1	5.4	11736
ENSG00000107175	CREB3	29.6	18860
ENSG00000107185	RGP1	4.5	10501
ENSG00000107186	MPDZ	0.5	1903
ENSG00000107187	LHX3	7.9	14372
ENSG00000107201	RIGI	32.7	18974
ENSG00000107223	EDF1	6.5	13008
ENSG00000107242	PIP5K1B	7.5	14017
ENSG00000107249	GLIS3	4.5	10501
ENSG00000107262	BAG1	6.2	12686
ENSG00000107263	RAPGEF1	13.2	17041
ENSG00000107281	NPDC1	0.0	1
ENSG00000107282	APBA1	7.8	14288
ENSG00000107290	SETX	17.1	17878
ENSG00000107295	SH3GL2	8.8	15033
ENSG00000107317	PTGDS	7.0	13559
ENSG00000107331	ABCA2	29.3	18846
ENSG00000107338	SHB	2.2	6585
ENSG00000107341	UBE2R2	4.7	10753
ENSG00000107362	ABHD17B	4.4	10330
ENSG00000107371	EXOSC3	10.7	16120
ENSG00000107372	ZFAND5	0.0	1
ENSG00000107404	DVL1	21.3	18383
ENSG00000107438	PDLIM1	6.9	13452
ENSG00000107443	CCNJ	1.0	3282
ENSG00000107447	DNTT	3.5	8994
ENSG00000107485	GATA3	59.3	19224
ENSG00000107518	ATRNL1	0.5	1903
ENSG00000107521	HPS1	5.5	11839
ENSG00000107537	PHYH	7.4	13914
ENSG00000107551	RASSF4	0.5	1903
ENSG00000107554	DNMBP	4.4	10330
ENSG00000107560	RAB11FIP2	7.1	13639
ENSG00000107562	CXCL12	31.9	18946
ENSG00000107566	ERLIN1	5.8	12204
ENSG00000107581	EIF3A	9.7	15609
ENSG00000107593	PKD2L1	20.5	18309
ENSG00000107611	CUBN	8.8	15033
ENSG00000107614	TRDMT1	6.9	13452
ENSG00000107625	DDX50	1.5	4687
ENSG00000107643	MAPK8	32.1	18955
ENSG00000107651	SEC23IP	3.3	8619
ENSG00000107669	ATE1	6.5	13008
ENSG00000107672	NSMCE4A	3.7	9268
ENSG00000107679	PLEKHA1	9.7	15609
ENSG00000107719	PALD1	0.5	1903
ENSG00000107731	UNC5B	3.4	8766
ENSG00000107736	CDH23	7.4	13914
ENSG00000107738	VSIR	12.5	16839
ENSG00000107742	SPOCK2	5.9	12348
ENSG00000107745	MICU1	20.7	18330
ENSG00000107758	PPP3CB	26.2	18696
ENSG00000107771	CCSER2	1.0	3282
ENSG00000107779	BMPR1A	37.2	19065
ENSG00000107789	MINPP1	14.4	17358
ENSG00000107796	ACTA2	3.6	9147
ENSG00000107798	LIPA	5.2	11424
ENSG00000107807	TLX1	2.0	6082
ENSG00000107815	TWNK	10.1	15809
ENSG00000107816	LZTS2	0.5	1903
ENSG00000107819	SFXN3	4.2	10017
ENSG00000107821	KAZALD1	1.0	3282
ENSG00000107829	FBXW4	2.9	7932
ENSG00000107831	FGF8	20.7	18330
ENSG00000107833	NPM3	2.5	7104
ENSG00000107854	TNKS2	12.7	16895
ENSG00000107859	PITX3	8.1	14536
ENSG00000107862	GBF1	20.3	18300
ENSG00000107863	ARHGAP21	5.5	11839
ENSG00000107864	CPEB3	17.2	17902
ENSG00000107872	FBXL15	5.9	12348
ENSG00000107874	CUEDC2	1.6	5463
ENSG00000107882	SUFU	10.0	15759
ENSG00000107890	ANKRD26	0.5	1903
ENSG00000107897	ACBD5	3.6	9147
ENSG00000107902	LHPP	3.4	8766
ENSG00000107929	LARP4B	3.9	9571
ENSG00000107937	GTPBP4	11.3	16392
ENSG00000107938	EDRF1	1.3	4364
ENSG00000107949	BCCIP	10.2	15862
ENSG00000107951	MTPAP	9.5	15494
ENSG00000107954	NEURL1	8.8	15033
ENSG00000107957	SH3PXD2A	3.4	8766
ENSG00000107959	PITRM1	7.6	14102
ENSG00000107960	STN1	6.9	13452
ENSG00000107968	MAP3K8	6.5	13008
ENSG00000107984	DKK1	28.5	18813
ENSG00000108001	EBF3	2.8	7695
ENSG00000108010	GLRX3	6.0	12446
ENSG00000108018	SORCS1	2.2	6585
ENSG00000108021	TASOR2	2.4	6954
ENSG00000108039	XPNPEP1	6.5	13008
ENSG00000108055	SMC3	9.9	15713
ENSG00000108061	SHOC2	7.3	13831
ENSG00000108064	TFAM	7.1	13639
ENSG00000108091	CCDC6	1.7	5664
ENSG00000108094	CUL2	13.9	17231
ENSG00000108100	CCNY	5.6	11982
ENSG00000108106	UBE2S	13.6	17161
ENSG00000108107	RPL28	8.6	14895
ENSG00000108175	ZMIZ1	8.6	14895
ENSG00000108176	DNAJC12	0.0	1
ENSG00000108179	PPIF	11.9	16616
ENSG00000108187	PBLD	6.4	12917
ENSG00000108219	TSPAN14	3.2	8468
ENSG00000108231	LGI1	5.1	11329
ENSG00000108239	TBC1D12	1.0	3282
ENSG00000108242	CYP2C18	6.3	12794
ENSG00000108244	KRT23	2.0	6082
ENSG00000108255	CRYBA1	2.1	6380
ENSG00000108256	NUFIP2	1.8	5759
ENSG00000108262	GIT1	9.3	15379
ENSG00000108298	RPL19	10.4	15985
ENSG00000108306	FBXL20	1.1	4265
ENSG00000108309	RUNDC3A	1.8	5759
ENSG00000108312	UBTF	9.4	15426
ENSG00000108342	CSF3	13.0	16985
ENSG00000108344	PSMD3	3.5	8994
ENSG00000108349	CASC3	5.7	12090
ENSG00000108352	RAPGEFL1	3.7	9268
ENSG00000108370	RGS9	4.6	10655
ENSG00000108375	RNF43	9.1	15239
ENSG00000108379	WNT3	15.8	17668
ENSG00000108381	ASPA	2.1	6380
ENSG00000108384	RAD51C	12.2	16737
ENSG00000108387	SEPTIN4	13.1	17014
ENSG00000108389	MTMR4	16.9	17853
ENSG00000108395	TRIM37	15.0	17507
ENSG00000108405	P2RX1	6.8	13329
ENSG00000108406	DHX40	1.5	4687
ENSG00000108417	KRT37	2.9	7932
ENSG00000108423	TUBD1	4.1	9897
ENSG00000108424	KPNB1	18.4	18069
ENSG00000108433	GOSR2	3.6	9147
ENSG00000108439	PNPO	5.0	11192
ENSG00000108443	RPS6KB1	23.4	18537
ENSG00000108448	TRIM16L	0.0	1
ENSG00000108465	CDK5RAP3	28.5	18813
ENSG00000108468	CBX1	7.5	14017
ENSG00000108469	RECQL5	13.0	16985
ENSG00000108474	PIGL	4.8	10931
ENSG00000108479	GALK1	6.8	13329
ENSG00000108506	INTS2	4.1	9897
ENSG00000108509	CAMTA2	6.3	12794
ENSG00000108510	MED13	7.9	14372
ENSG00000108511	HOXB6	3.8	9432
ENSG00000108515	ENO3	3.7	9268
ENSG00000108518	PFN1	12.9	16951
ENSG00000108523	RNF167	11.9	16616
ENSG00000108528	SLC25A11	2.7	7600
ENSG00000108551	RASD1	3.7	9268
ENSG00000108556	CHRNE	11.6	16500
ENSG00000108557	RAI1	3.1	8298
ENSG00000108559	NUP88	3.5	8994
ENSG00000108561	C1QBP	26.7	18728
ENSG00000108576	SLC6A4	20.2	18279
ENSG00000108578	BLMH	9.0	15175
ENSG00000108582	CPD	2.4	6954
ENSG00000108587	GOSR1	4.5	10501
ENSG00000108588	CCDC47	6.3	12794
ENSG00000108590	MED31	2.3	6711
ENSG00000108591	DRG2	4.4	10330
ENSG00000108592	FTSJ3	4.6	10655
ENSG00000108599	AKAP10	3.1	8298
ENSG00000108602	ALDH3A1	6.5	13008
ENSG00000108604	SMARCD2	10.2	15862
ENSG00000108622	ICAM2	5.9	12348
ENSG00000108639	SYNGR2	1.0	3282
ENSG00000108641	B9D1	2.6	7291
ENSG00000108651	UTP6	2.4	6954
ENSG00000108654	DDX5	26.1	18687
ENSG00000108666	C17orf75	2.1	6380
ENSG00000108669	CYTH1	4.9	11073
ENSG00000108671	PSMD11	6.4	12917
ENSG00000108679	LGALS3BP	2.7	7600
ENSG00000108684	ASIC2	3.1	8298
ENSG00000108688	CCL7	15.4	17593
ENSG00000108691	CCL2	44.2	19156
ENSG00000108700	CCL8	14.3	17326
ENSG00000108702	CCL1	13.6	17161
ENSG00000108733	PEX12	11.9	16616
ENSG00000108759	KRT32	2.9	7932
ENSG00000108771	DHX58	14.6	17413
ENSG00000108773	KAT2A	31.8	18942
ENSG00000108774	RAB5C	7.2	13747
ENSG00000108784	NAGLU	3.7	9268
ENSG00000108786	HSD17B1	9.4	15426
ENSG00000108788	MLX	13.8	17208
ENSG00000108797	CNTNAP1	10.5	16025
ENSG00000108798	ABI3	9.6	15554
ENSG00000108799	EZH1	11.2	16350
ENSG00000108813	DLX4	9.1	15239
ENSG00000108819	PPP1R9B	10.2	15862
ENSG00000108821	COL1A1	15.8	17668
ENSG00000108823	SGCA	2.4	6954
ENSG00000108826	MRPL27	2.8	7695
ENSG00000108828	VAT1	3.7	9268
ENSG00000108829	LRRC59	1.5	4687
ENSG00000108830	RND2	4.8	10931
ENSG00000108839	ALOX12	17.3	17917
ENSG00000108840	HDAC5	19.1	18159
ENSG00000108846	ABCC3	16.0	17704
ENSG00000108848	LUC7L3	3.1	8298
ENSG00000108849	PPY	4.6	10655
ENSG00000108852	MPP2	1.5	4687
ENSG00000108854	SMURF2	16.7	17821
ENSG00000108861	DUSP3	24.6	18616
ENSG00000108878	CACNG1	3.2	8468
ENSG00000108883	EFTUD2	5.8	12204
ENSG00000108924	HLF	8.4	14752
ENSG00000108932	SLC16A6	2.8	7695
ENSG00000108946	PRKAR1A	18.2	18050
ENSG00000108947	EFNB3	7.1	13639
ENSG00000108950	FAM20A	7.6	14102
ENSG00000108953	YWHAE	29.9	18877
ENSG00000108960	MMD	4.1	9897
ENSG00000108961	RANGRF	20.2	18279
ENSG00000108963	DPH1	2.6	7291
ENSG00000108984	MAP2K6	15.2	17552
ENSG00000109016	DHRS7B	1.8	5759
ENSG00000109046	WSB1	0.5	1903
ENSG00000109047	RCVRN	4.6	10655
ENSG00000109061	MYH1	2.3	6711
ENSG00000109062	NHERF1	32.5	18968
ENSG00000109063	MYH3	12.6	16868
ENSG00000109065	NAT9	1.0	3282
ENSG00000109066	SLC38A12	0.0	1
ENSG00000109072	VTN	20.2	18279
ENSG00000109079	TNFAIP1	10.1	15809
ENSG00000109083	IFT20	7.4	13914
ENSG00000109084	TMEM97	5.6	11982
ENSG00000109089	CDR2L	1.8	5759
ENSG00000109099	PMP22	3.9	9571
ENSG00000109101	FOXN1	6.4	12917
ENSG00000109103	UNC119	9.9	15713
ENSG00000109107	ALDOC	5.6	11982
ENSG00000109111	SUPT6H	5.9	12348
ENSG00000109113	RAB34	11.5	16473
ENSG00000109118	PHF12	4.2	10017
ENSG00000109132	PHOX2B	23.5	18543
ENSG00000109133	TMEM33	4.2	10017
ENSG00000109158	GABRA4	8.6	14895
ENSG00000109163	GNRHR	3.8	9432
ENSG00000109171	SLAIN2	3.9	9571
ENSG00000109180	OCIAD1	2.0	6082
ENSG00000109181	UGT2B10	2.7	7600
ENSG00000109182	CWH43	0.5	1903
ENSG00000109184	DCUN1D4	3.6	9147
ENSG00000109189	USP46	3.9	9571
ENSG00000109193	SULT1E1	10.0	15759
ENSG00000109205	ODAM	6.1	12588
ENSG00000109208	SMR3A	1.0	3282
ENSG00000109220	CHIC2	0.0	1
ENSG00000109255	NMU	6.2	12686
ENSG00000109265	CRACD	3.6	9147
ENSG00000109270	LAMTOR3	7.7	14204
ENSG00000109272	PF4V1	3.0	8111
ENSG00000109320	NFKB1	38.8	19090
ENSG00000109321	AREG	9.5	15494
ENSG00000109323	MANBA	4.7	10753
ENSG00000109332	UBE2D3	14.9	17482
ENSG00000109339	MAPK10	8.8	15033
ENSG00000109381	ELF2	7.6	14102
ENSG00000109390	NDUFC1	4.2	10017
ENSG00000109424	UCP1	13.2	17041
ENSG00000109436	TBC1D9	0.5	1903
ENSG00000109445	NOAZFP	0.6	2927
ENSG00000109452	INPP4B	5.9	12348
ENSG00000109458	GAB1	10.1	15809
ENSG00000109466	KLHL2	4.5	10501
ENSG00000109472	CPE	7.6	14102
ENSG00000109475	RPL34	9.1	15239
ENSG00000109501	WFS1	25.6	18663
ENSG00000109511	ANXA10	1.9	5985
ENSG00000109519	GRPEL1	3.7	9268
ENSG00000109534	GAR1	6.2	12686
ENSG00000109536	FRG1	2.6	7291
ENSG00000109572	CLCN3	8.6	14895
ENSG00000109576	AADAT	8.2	14610
ENSG00000109586	GALNT7	4.6	10655
ENSG00000109606	DHX15	11.5	16473
ENSG00000109610	SOD3	3.2	8468
ENSG00000109618	SEPSECS	5.9	12348
ENSG00000109625	CPZ	4.1	9897
ENSG00000109654	TRIM2	3.1	8298
ENSG00000109667	SLC2A9	9.6	15554
ENSG00000109670	FBXW7	30.8	18908
ENSG00000109674	NEIL3	11.7	16536
ENSG00000109680	TBC1D19	0.8	3045
ENSG00000109684	CLNK	2.0	6082
ENSG00000109685	NSD2	4.5	10501
ENSG00000109686	SH3D19	2.6	7291
ENSG00000109689	STIM2	8.4	14752
ENSG00000109705	NKX3-2	5.6	11982
ENSG00000109736	SLC75A1	2.5	7104
ENSG00000109738	GLRB	9.8	15662
ENSG00000109743	BST1	12.1	16689
ENSG00000109756	RAPGEF2	34.5	19012
ENSG00000109758	HGFAC	4.2	10017
ENSG00000109762	SNX25	2.1	6380
ENSG00000109771	LRP2BP	0.0	1
ENSG00000109775	UFSP2	6.6	13122
ENSG00000109787	KLF3	4.3	10201
ENSG00000109790	KLHL5	1.6	5463
ENSG00000109794	FAM149A	0.0	1
ENSG00000109805	NCAPG	2.7	7600
ENSG00000109814	UGDH	6.8	13329
ENSG00000109819	PPARGC1A	34.9	19024
ENSG00000109832	DDX25	4.0	9765
ENSG00000109846	CRYAB	14.7	17436
ENSG00000109851	DBX1	1.5	4687
ENSG00000109854	HTATIP2	4.2	10017
ENSG00000109861	CTSC	5.0	11192
ENSG00000109881	CCDC34	0.8	3045
ENSG00000109906	ZBTB16	20.6	18319
ENSG00000109911	ELP4	2.5	7104
ENSG00000109917	ZPR1	16.6	17809
ENSG00000109919	MTCH2	4.9	11073
ENSG00000109920	FNBP4	0.0	1
ENSG00000109927	TECTA	1.4	4622
ENSG00000109929	SC5D	6.8	13329
ENSG00000109943	CRTAM	14.0	17251
ENSG00000109944	JHY	1.0	3282
ENSG00000109956	B3GAT1	2.9	7932
ENSG00000109971	HSPA8	35.2	19031
ENSG00000109991	P2RX3	11.4	16433
ENSG00000110002	VWA5A	0.0	1
ENSG00000110011	DNAJC4	2.1	6380
ENSG00000110013	SIAE	3.4	8766
ENSG00000110025	SNX15	0.6	2927
ENSG00000110031	LPXN	6.3	12794
ENSG00000110042	DTX4	7.3	13831
ENSG00000110046	ATG2A	8.0	14457
ENSG00000110047	EHD1	14.5	17382
ENSG00000110048	OSBP	11.2	16350
ENSG00000110057	UNC93B1	6.7	13235
ENSG00000110060	PUS3	4.8	10931
ENSG00000110063	DCPS	7.4	13914
ENSG00000110066	KMT5B	7.2	13747
ENSG00000110074	FOXRED1	1.3	4364
ENSG00000110075	PPP6R3	1.8	5759
ENSG00000110076	NRXN2	13.6	17161
ENSG00000110077	MS4A6A	0.5	1903
ENSG00000110079	MS4A4A	0.0	1
ENSG00000110080	ST3GAL4	17.1	17878
ENSG00000110090	CPT1A	10.6	16075
ENSG00000110092	CCND1	15.9	17685
ENSG00000110104	CCDC86	2.1	6380
ENSG00000110107	PRPF19	13.0	16985
ENSG00000110108	TMEM109	3.1	8298
ENSG00000110148	CCKBR	12.1	16689
ENSG00000110169	HPX	3.2	8468
ENSG00000110171	TRIM3	6.4	12917
ENSG00000110172	CHORDC1	2.8	7695
ENSG00000110195	FOLR1	14.4	17358
ENSG00000110200	ANAPC15	6.3	12794
ENSG00000110203	FOLR3	3.8	9432
ENSG00000110218	PANX1	10.7	16120
ENSG00000110237	ARHGEF17	4.4	10330
ENSG00000110243	APOA5	24.4	18605
ENSG00000110244	APOA4	29.3	18846
ENSG00000110245	APOC3	26.3	18708
ENSG00000110274	CEP164	1.3	4364
ENSG00000110315	RNF141	2.6	7291
ENSG00000110318	CEP126	3.4	8766
ENSG00000110321	EIF4G2	9.2	15304
ENSG00000110324	IL10RA	11.4	16433
ENSG00000110328	GALNT18	2.6	7291
ENSG00000110330	BIRC2	33.2	18984
ENSG00000110344	UBE4A	2.4	6954
ENSG00000110367	DDX6	11.4	16433
ENSG00000110375	UPK2	1.3	4364
ENSG00000110395	CBL	20.5	18309
ENSG00000110400	NECTIN1	12.9	16951
ENSG00000110422	HIPK3	7.9	14372
ENSG00000110427	KIAA1549L	0.0	1
ENSG00000110429	FBXO3	5.4	11736
ENSG00000110435	PDHX	2.6	7291
ENSG00000110436	SLC1A2	17.2	17902
ENSG00000110442	COMMD9	0.6	2927
ENSG00000110446	SLC15A3	5.9	12348
ENSG00000110448	CD5	3.3	8619
ENSG00000110455	ACCS	3.2	8468
ENSG00000110484	SCGB2A2	0.5	1903
ENSG00000110492	MDK	35.7	19041
ENSG00000110497	AMBRA1	18.9	18139
ENSG00000110514	MADD	12.3	16779
ENSG00000110536	PTPMT1	5.3	11597
ENSG00000110583	NAA40	3.9	9571
ENSG00000110619	CARS1	8.5	14830
ENSG00000110628	SLC67A1	5.3	11597
ENSG00000110651	CD81	24.0	18583
ENSG00000110660	SLC35F2	4.0	9765
ENSG00000110675	ELMOD1	1.8	5759
ENSG00000110680	CALCA	11.1	16303
ENSG00000110693	SOX6	15.6	17629
ENSG00000110696	C11orf58	0.0	1
ENSG00000110697	PITPNM1	11.0	16257
ENSG00000110700	RPS13	8.6	14895
ENSG00000110711	AIP	4.9	11073
ENSG00000110713	NUP98	11.8	16572
ENSG00000110717	NDUFS8	7.1	13639
ENSG00000110719	TCIRG1	8.4	14752
ENSG00000110721	CHKA	11.1	16303
ENSG00000110723	EXPH5	5.5	11839
ENSG00000110756	HPS5	1.7	5664
ENSG00000110768	GTF2H1	9.2	15304
ENSG00000110777	POU2AF1	7.3	13831
ENSG00000110786	PTPN5	4.1	9897
ENSG00000110799	VWF	14.0	17251
ENSG00000110801	PSMD9	4.4	10330
ENSG00000110811	P3H3	2.8	7695
ENSG00000110841	PPFIBP1	2.7	7600
ENSG00000110844	PRPF40B	1.0	3282
ENSG00000110848	CD69	6.7	13235
ENSG00000110851	PRDM4	3.9	9571
ENSG00000110852	CLEC2B	5.3	11597
ENSG00000110871	COQ5	6.6	13122
ENSG00000110876	SELPLG	5.7	12090
ENSG00000110880	CORO1C	18.6	18090
ENSG00000110881	ASIC1	5.8	12204
ENSG00000110887	DAO	11.8	16572
ENSG00000110888	CAPRIN2	7.0	13559
ENSG00000110900	TSPAN11	0.5	1903
ENSG00000110906	KCTD10	5.4	11736
ENSG00000110911	SLC11A2	33.7	18993
ENSG00000110917	MLEC	2.1	6380
ENSG00000110921	MVK	8.1	14536
ENSG00000110925	CSRNP2	3.8	9432
ENSG00000110931	CAMKK2	11.3	16392
ENSG00000110934	BIN2	6.0	12446
ENSG00000110944	IL23A	34.0	19002
ENSG00000110955	ATP5F1B	12.3	16779
ENSG00000110958	PTGES3	17.1	17878
ENSG00000110975	SYT10	5.5	11839
ENSG00000110987	BCL7A	6.6	13122
ENSG00000111011	RSRC2	0.5	1903
ENSG00000111012	CYP27B1	18.8	18124
ENSG00000111046	MYF6	8.5	14830
ENSG00000111049	MYF5	8.1	14536
ENSG00000111052	LIN7A	5.2	11424
ENSG00000111057	KRT18	5.6	11982
ENSG00000111058	ACSS3	4.1	9897
ENSG00000111077	TNS2	5.8	12204
ENSG00000111087	GLI1	19.7	18240
ENSG00000111110	PPM1H	2.1	6380
ENSG00000111142	METAP2	4.7	10753
ENSG00000111144	LTA4H	16.3	17761
ENSG00000111145	ELK3	9.1	15239
ENSG00000111181	SLC6A12	7.9	14372
ENSG00000111186	WNT5B	8.5	14830
ENSG00000111196	MAGOHB	3.2	8468
ENSG00000111199	TRPV4	29.4	18850
ENSG00000111203	ITFG2	2.9	7932
ENSG00000111206	FOXM1	24.9	18630
ENSG00000111215	PRR4	0.9	3235
ENSG00000111218	PRMT8	12.1	16689
ENSG00000111224	PARP11	3.9	9571
ENSG00000111229	ARPC3	5.2	11424
ENSG00000111231	GPN3	1.3	4364
ENSG00000111237	VPS29	3.8	9432
ENSG00000111241	FGF6	6.0	12446
ENSG00000111245	MYL2	11.5	16473
ENSG00000111247	RAD51AP1	17.2	17902
ENSG00000111249	CUX2	8.7	14962
ENSG00000111252	SH2B3	15.1	17529
ENSG00000111254	AKAP3	5.2	11424
ENSG00000111261	MANSC1	0.0	1
ENSG00000111262	KCNA1	13.5	17136
ENSG00000111266	DUSP16	7.9	14372
ENSG00000111269	CREBL2	6.7	13235
ENSG00000111271	ACAD10	2.8	7695
ENSG00000111275	ALDH2	11.7	16536
ENSG00000111276	CDKN1B	26.6	18721
ENSG00000111291	GPRC5D	0.5	1903
ENSG00000111300	NAA25	1.0	3282
ENSG00000111305	GSG1	0.0	1
ENSG00000111319	SCNN1A	10.4	15985
ENSG00000111321	LTBR	10.9	16206
ENSG00000111325	OGFOD2	0.0	1
ENSG00000111328	CDK2AP1	2.2	6585
ENSG00000111331	OAS3	19.1	18159
ENSG00000111335	OAS2	13.5	17136
ENSG00000111339	ART4	1.1	4265
ENSG00000111341	MGP	4.2	10017
ENSG00000111344	RASAL1	4.5	10501
ENSG00000111348	ARHGDIB	6.7	13235
ENSG00000111358	GTF2H3	5.2	11424
ENSG00000111361	EIF2B1	10.3	15915
ENSG00000111364	DDX55	2.9	7932
ENSG00000111371	SLC38A1	15.0	17507
ENSG00000111404	RERGL	0.0	1
ENSG00000111405	ENDOU	8.4	14752
ENSG00000111412	SPRING1	0.8	3045
ENSG00000111424	VDR	30.6	18901
ENSG00000111432	FZD10	7.4	13914
ENSG00000111445	RFC5	7.1	13639
ENSG00000111450	STX2	9.9	15713
ENSG00000111452	ADGRD1	6.0	12446
ENSG00000111481	COPZ1	4.3	10201
ENSG00000111490	TBC1D30	3.7	9268
ENSG00000111530	CAND1	4.2	10017
ENSG00000111537	IFNG	49.3	19188
ENSG00000111540	RAB5B	8.8	15033
ENSG00000111554	SAXO6	2.1	6380
ENSG00000111581	NUP107	7.4	13914
ENSG00000111596	CNOT2	7.9	14372
ENSG00000111602	TIMELESS	16.3	17761
ENSG00000111605	CPSF6	10.3	15915
ENSG00000111615	KRR1	1.9	5985
ENSG00000111639	MRPL51	3.1	8298
ENSG00000111640	GAPDH	15.4	17593
ENSG00000111641	NOP2	7.6	14102
ENSG00000111642	CHD4	16.2	17740
ENSG00000111644	ACRBP	1.5	4687
ENSG00000111647	BLTP3B	4.0	9765
ENSG00000111652	COPS7A	2.0	6082
ENSG00000111653	ING4	15.4	17593
ENSG00000111664	GNB3	12.5	16839
ENSG00000111665	CDCA3	0.0	1
ENSG00000111666	CHPT1	5.6	11982
ENSG00000111667	USP5	11.8	16572
ENSG00000111669	TPI1	8.2	14610
ENSG00000111670	GNPTAB	5.6	11982
ENSG00000111671	SPSB2	3.4	8766
ENSG00000111674	ENO2	4.7	10753
ENSG00000111676	ATN1	4.6	10655
ENSG00000111678	C12orf57	6.1	12588
ENSG00000111679	PTPN6	26.3	18708
ENSG00000111684	LPCAT3	20.5	18309
ENSG00000111696	NT5DC3	0.5	1903
ENSG00000111700	SLCO1B3	9.5	15494
ENSG00000111701	APOBEC1	9.6	15554
ENSG00000111704	NANOG	15.2	17552
ENSG00000111707	SUDS3	8.7	14962
ENSG00000111711	GOLT1B	0.5	1903
ENSG00000111713	GYS2	8.3	14683
ENSG00000111716	LDHB	4.8	10931
ENSG00000111725	PRKAB1	3.8	9432
ENSG00000111726	CMAS	1.3	4364
ENSG00000111727	HCFC2	4.7	10753
ENSG00000111728	ST8SIA1	5.9	12348
ENSG00000111729	CLEC4A	10.6	16075
ENSG00000111731	C2CD5	9.3	15379
ENSG00000111732	AICDA	9.8	15662
ENSG00000111737	RAB35	12.2	16737
ENSG00000111752	PHC1	3.5	8994
ENSG00000111775	COX6A1	3.1	8298
ENSG00000111783	RFX4	5.2	11424
ENSG00000111785	RIC8B	5.1	11329
ENSG00000111786	SRSF9	4.9	11073
ENSG00000111790	FGFR1OP2	0.5	1903
ENSG00000111796	KLRB1	3.7	9268
ENSG00000111799	COL12A1	3.1	8298
ENSG00000111801	BTN3A3	2.3	6711
ENSG00000111802	TDP2	11.4	16433
ENSG00000111816	FRK	5.3	11597
ENSG00000111817	DSE	4.9	11073
ENSG00000111832	RWDD1	2.1	6380
ENSG00000111834	RSPH4A	3.7	9268
ENSG00000111837	MAK	6.1	12588
ENSG00000111843	TMEM14C	0.5	1903
ENSG00000111845	PAK1IP1	2.6	7291
ENSG00000111846	GCNT2	13.0	16985
ENSG00000111850	SMIM8	0.0	1
ENSG00000111859	NEDD9	12.8	16920
ENSG00000111860	CEP85L	0.8	3045
ENSG00000111863	ADTRP	10.4	15985
ENSG00000111875	ASF1A	7.0	13559
ENSG00000111877	MCM9	15.2	17552
ENSG00000111879	FAM184A	0.0	1
ENSG00000111880	RNGTT	6.8	13329
ENSG00000111885	MAN1A1	7.8	14288
ENSG00000111886	GABRR2	5.7	12090
ENSG00000111897	SERINC1	2.5	7104
ENSG00000111906	HDDC2	0.5	1903
ENSG00000111907	TPD52L1	6.3	12794
ENSG00000111911	HINT3	1.6	5463
ENSG00000111912	NCOA7	3.9	9571
ENSG00000111913	RIPOR2	15.6	17629
ENSG00000111961	SASH1	12.2	16737
ENSG00000111962	UST	7.3	13831
ENSG00000111981	ULBP1	6.2	12686
ENSG00000112029	FBXO5	16.5	17798
ENSG00000112031	MTRF1L	2.9	7932
ENSG00000112033	PPARD	33.1	18982
ENSG00000112038	OPRM1	18.6	18090
ENSG00000112039	FANCE	0.6	2927
ENSG00000112041	TULP1	7.4	13914
ENSG00000112053	SLC26A8	8.1	14536
ENSG00000112062	MAPK14	37.3	19070
ENSG00000112077	RHAG	16.3	17761
ENSG00000112078	KCTD20	0.5	1903
ENSG00000112079	STK38	11.9	16616
ENSG00000112081	SRSF3	7.1	13639
ENSG00000112110	MRPL18	3.9	9571
ENSG00000112118	MCM3	5.7	12090
ENSG00000112130	RNF8	20.9	18348
ENSG00000112137	PHACTR1	6.4	12917
ENSG00000112139	MDGA1	5.2	11424
ENSG00000112144	CILK1	10.0	15759
ENSG00000112146	FBXO9	8.2	14610
ENSG00000112149	CD83	2.7	7600
ENSG00000112159	MDN1	2.4	6954
ENSG00000112164	GLP1R	6.7	13235
ENSG00000112167	SAYSD1	3.9	9571
ENSG00000112175	BMP5	19.3	18188
ENSG00000112182	BACH2	4.8	10931
ENSG00000112183	RBM24	15.9	17685
ENSG00000112186	CAP2	5.5	11839
ENSG00000112195	TREML2	2.6	7291
ENSG00000112200	ZNF451	7.8	14288
ENSG00000112208	BAG2	10.4	15985
ENSG00000112210	RAB23	9.5	15494
ENSG00000112212	TSPO2	4.4	10330
ENSG00000112214	FHL5	1.0	3282
ENSG00000112218	GPR63	1.0	3282
ENSG00000112232	KHDRBS2	1.5	4687
ENSG00000112234	FBXL4	5.0	11192
ENSG00000112237	CCNC	4.2	10017
ENSG00000112238	PRDM13	1.0	3282
ENSG00000112242	E2F3	11.5	16473
ENSG00000112245	PTP4A1	1.6	5463
ENSG00000112246	SIM1	5.2	11424
ENSG00000112249	ASCC3	11.3	16392
ENSG00000112273	HDGFL1	0.5	1903
ENSG00000112276	POPDC1	9.8	15662
ENSG00000112280	COL9A1	6.7	13235
ENSG00000112282	MED23	6.3	12794
ENSG00000112290	WASF1	10.1	15809
ENSG00000112293	GPLD1	21.9	18434
ENSG00000112294	ALDH5A1	6.5	13008
ENSG00000112297	CRYBG1	0.0	1
ENSG00000112299	VNN1	8.8	15033
ENSG00000112303	VNN2	4.4	10330
ENSG00000112304	ACOT13	2.6	7291
ENSG00000112305	SMAP1	1.0	3282
ENSG00000112306	RPS12	8.1	14536
ENSG00000112308	C6orf62	0.0	1
ENSG00000112309	B3GAT2	2.0	6082
ENSG00000112312	GMNN	10.6	16075
ENSG00000112319	EYA4	3.8	9432
ENSG00000112320	SOBP	1.8	5759
ENSG00000112333	NR2E1	5.1	11329
ENSG00000112335	SNX3	13.9	17231
ENSG00000112337	SLC17A2	3.7	9268
ENSG00000112339	HBS1L	8.4	14752
ENSG00000112343	TRIM38	5.9	12348
ENSG00000112357	PEX7	6.6	13122
ENSG00000112365	ZBTB24	1.5	4687
ENSG00000112367	FIG4	3.6	9147
ENSG00000112378	PERP	3.6	9147
ENSG00000112379	ARFGEF3	1.0	3282
ENSG00000112394	SLC16A10	9.3	15379
ENSG00000112406	HECA	3.8	9432
ENSG00000112414	ADGRG6	16.1	17722
ENSG00000112419	PHACTR2	1.0	3282
ENSG00000112462	OR12D3	1.5	4687
ENSG00000112473	SLC39A7	8.1	14536
ENSG00000112486	CCR6	23.3	18530
ENSG00000112494	UNC93A	0.8	3045
ENSG00000112499	SLC22A2	43.9	19150
ENSG00000112511	PHF1	7.5	14017
ENSG00000112514	CUTA	2.1	6380
ENSG00000112530	PACRG	9.1	15239
ENSG00000112531	QKI	20.1	18270
ENSG00000112539	C6orf118	0.0	1
ENSG00000112541	PDE10A	6.2	12686
ENSG00000112559	MDFI	6.3	12794
ENSG00000112561	TFEB	17.2	17902
ENSG00000112562	SMOC2	10.0	15759
ENSG00000112576	CCND3	7.1	13639
ENSG00000112578	BYSL	2.5	7104
ENSG00000112584	FAM120B	1.0	3282
ENSG00000112592	TBP	21.6	18411
ENSG00000112599	GUCA1B	5.6	11982
ENSG00000112619	PRPH2	1.9	5985
ENSG00000112624	BICRAL	3.5	8994
ENSG00000112640	PPP2R5D	3.6	9147
ENSG00000112651	MRPL2	2.6	7291
ENSG00000112655	PTK7	7.5	14017
ENSG00000112658	SRF	29.1	18836
ENSG00000112659	CUL9	5.7	12090
ENSG00000112667	DNPH1	8.3	14683
ENSG00000112679	DUSP22	10.3	15915
ENSG00000112685	EXOC2	7.4	13914
ENSG00000112695	COX7A2	2.2	6585
ENSG00000112697	CDC50A	7.4	13914
ENSG00000112699	GMDS	8.9	15105
ENSG00000112701	SENP6	6.0	12446
ENSG00000112706	IMPG1	3.3	8619
ENSG00000112715	VEGFA	103.5	19265
ENSG00000112739	PRP4K	7.4	13914
ENSG00000112742	TTK	11.7	16536
ENSG00000112759	SLC29A1	31.0	18913
ENSG00000112761	CCN6	7.5	14017
ENSG00000112763	BTN2A1	2.4	6954
ENSG00000112769	LAMA4	3.5	8994
ENSG00000112773	TENT5A	3.8	9432
ENSG00000112782	CLIC5	2.5	7104
ENSG00000112787	FBRSL1	0.5	1903
ENSG00000112796	ENPP5	2.6	7291
ENSG00000112799	LY86	1.8	5759
ENSG00000112812	PRSS16	1.7	5664
ENSG00000112818	MEP1A	4.2	10017
ENSG00000112837	TBX18	12.0	16648
ENSG00000112851	ERBIN	6.5	13008
ENSG00000112852	PCDHB2	5.2	11424
ENSG00000112855	HARS2	6.3	12794
ENSG00000112874	NUDT12	11.4	16433
ENSG00000112877	CEP72	4.7	10753
ENSG00000112893	MAN2A1	3.7	9268
ENSG00000112902	SEMA5A	16.2	17740
ENSG00000112936	C7	5.2	11424
ENSG00000112941	TENT4A	9.5	15494
ENSG00000112964	GHR	20.7	18330
ENSG00000112972	HMGCS1	6.5	13008
ENSG00000112977	DAP	4.4	10330
ENSG00000112981	NME5	8.6	14895
ENSG00000112983	BRD8	7.5	14017
ENSG00000112984	KIF20A	6.0	12446
ENSG00000112992	NNT	6.2	12686
ENSG00000112996	MRPS30	2.0	6082
ENSG00000113013	HSPA9	11.7	16536
ENSG00000113048	MRPS27	3.8	9432
ENSG00000113068	PFDN1	6.7	13235
ENSG00000113070	HBEGF	13.2	17041
ENSG00000113073	SLC4A9	5.3	11597
ENSG00000113083	LOX	9.2	15304
ENSG00000113088	GZMK	9.6	15554
ENSG00000113100	CDH9	5.1	11329
ENSG00000113108	APBB3	3.1	8298
ENSG00000113119	TMCO6	0.0	1
ENSG00000113140	SPARC	6.9	13452
ENSG00000113141	IK	4.5	10501
ENSG00000113161	HMGCR	6.2	12686
ENSG00000113163	CERT1	12.5	16839
ENSG00000113194	FAF2	8.8	15033
ENSG00000113196	HAND1	17.7	17976
ENSG00000113205	PCDHB3	5.2	11424
ENSG00000113209	PCDHB5	3.4	8766
ENSG00000113211	PCDHB6	7.2	13747
ENSG00000113212	PCDHB7	1.0	3282
ENSG00000113231	PDE8B	2.8	7695
ENSG00000113240	CLK4	2.8	7695
ENSG00000113248	PCDHB15	2.8	7695
ENSG00000113249	HAVCR1	4.4	10330
ENSG00000113262	GRM6	9.1	15239
ENSG00000113263	ITK	8.9	15105
ENSG00000113269	RNF130	2.3	6711
ENSG00000113272	THG1L	13.4	17108
ENSG00000113273	ARSB	6.9	13452
ENSG00000113282	CLINT1	2.8	7695
ENSG00000113296	THBS4	9.2	15304
ENSG00000113300	CNOT6	9.3	15379
ENSG00000113303	BTNL8	2.3	6711
ENSG00000113312	TTC1	3.9	9571
ENSG00000113318	MSH3	13.2	17041
ENSG00000113319	RASGRF2	4.4	10330
ENSG00000113327	GABRG2	14.4	17358
ENSG00000113328	CCNG1	1.9	5985
ENSG00000113356	POLR3G	7.9	14372
ENSG00000113360	DROSHA	12.2	16737
ENSG00000113361	CDH6	5.4	11736
ENSG00000113368	LMNB1	4.7	10753
ENSG00000113369	ARRDC3	3.4	8766
ENSG00000113384	GOLPH3	20.1	18270
ENSG00000113387	SUB1	8.2	14610
ENSG00000113389	NPR3	11.6	16500
ENSG00000113391	ARB2A	2.0	6082
ENSG00000113396	SLC27A6	5.6	11982
ENSG00000113407	TARS1	6.0	12446
ENSG00000113430	IRX4	3.9	9571
ENSG00000113441	LNPEP	10.5	16025
ENSG00000113448	PDE4D	22.8	18490
ENSG00000113456	RAD1	7.2	13747
ENSG00000113460	BRIX1	1.5	4687
ENSG00000113492	AGXT2	6.8	13329
ENSG00000113494	PRLR	11.0	16257
ENSG00000113504	SLC12A7	7.6	14102
ENSG00000113520	IL4	37.2	19065
ENSG00000113522	RAD50	26.2	18696
ENSG00000113532	ST8SIA4	10.8	16162
ENSG00000113552	GNPDA1	7.4	13914
ENSG00000113555	PCDH12	1.9	5985
ENSG00000113558	SKP1	26.8	18735
ENSG00000113569	NUP155	3.9	9571
ENSG00000113575	PPP2CA	23.3	18530
ENSG00000113578	FGF1	30.7	18904
ENSG00000113580	NR3C1	24.4	18605
ENSG00000113583	C5orf15	0.0	1
ENSG00000113593	PPWD1	2.9	7932
ENSG00000113594	LIFR	15.2	17552
ENSG00000113595	TRIM23	9.7	15609
ENSG00000113597	TRAPPC13	1.8	5759
ENSG00000113600	C9	5.9	12348
ENSG00000113615	SEC24A	5.1	11329
ENSG00000113621	TXNDC15	1.5	4687
ENSG00000113638	TTC33	0.0	1
ENSG00000113643	RARS1	6.4	12917
ENSG00000113645	WWC1	13.5	17136
ENSG00000113648	MACROH2A1	30.2	18888
ENSG00000113649	TCERG1	12.4	16811
ENSG00000113657	DPYSL3	8.3	14683
ENSG00000113658	SMAD5	23.7	18560
ENSG00000113712	CSNK1A1	20.2	18279
ENSG00000113716	HMGXB3	0.0	1
ENSG00000113719	ERGIC1	1.8	5759
ENSG00000113721	PDGFRB	38.3	19086
ENSG00000113722	CDX1	11.0	16257
ENSG00000113732	ATP6V0E1	5.5	11839
ENSG00000113734	BNIP1	8.2	14610
ENSG00000113739	STC2	4.5	10501
ENSG00000113742	CPEB4	6.0	12446
ENSG00000113749	HRH2	6.4	12917
ENSG00000113758	DBN1	6.5	13008
ENSG00000113761	ZNF346	3.4	8766
ENSG00000113763	UNC5A	2.0	6082
ENSG00000113790	EHHADH	12.0	16648
ENSG00000113805	CNTN3	0.0	1
ENSG00000113810	SMC4	4.4	10330
ENSG00000113811	SELENOK	3.4	8766
ENSG00000113812	ACTR8	6.3	12794
ENSG00000113838	TBCCD1	4.2	10017
ENSG00000113845	TIMMDC1	0.0	1
ENSG00000113851	CRBN	3.9	9571
ENSG00000113889	KNG1	11.3	16392
ENSG00000113905	HRG	25.3	18647
ENSG00000113916	BCL6	18.7	18104
ENSG00000113924	HGD	6.1	12588
ENSG00000113946	CLDN16	8.8	15033
ENSG00000113966	ARL6	7.9	14372
ENSG00000113971	NPHP3	16.8	17833
ENSG00000114013	CD86	13.2	17041
ENSG00000114019	AMOTL2	4.8	10931
ENSG00000114021	NIT2	5.2	11424
ENSG00000114023	FAM162A	3.9	9571
ENSG00000114026	OGG1	18.4	18069
ENSG00000114030	KPNA1	6.3	12794
ENSG00000114054	PCCB	3.5	8994
ENSG00000114062	UBE3A	13.7	17187
ENSG00000114098	ARMC8	1.1	4265
ENSG00000114107	CEP70	1.3	4364
ENSG00000114113	RBP2	6.4	12917
ENSG00000114115	RBP1	7.5	14017
ENSG00000114120	SLC25A36	2.6	7291
ENSG00000114124	GRK7	3.6	9147
ENSG00000114125	RNF7	16.8	17833
ENSG00000114126	TFDP2	8.0	14457
ENSG00000114127	XRN1	12.6	16868
ENSG00000114166	KAT2B	32.5	18968
ENSG00000114200	BCHE	9.9	15713
ENSG00000114204	SERPINI2	1.4	4622
ENSG00000114209	PDCD10	20.6	18319
ENSG00000114248	LRRC31	0.0	1
ENSG00000114251	WNT5A	65.5	19235
ENSG00000114268	PFKFB4	3.3	8619
ENSG00000114270	COL7A1	4.9	11073
ENSG00000114279	FGF12	13.6	17161
ENSG00000114302	PRKAR2A	14.6	17413
ENSG00000114315	HES1	27.0	18747
ENSG00000114316	USP4	9.8	15662
ENSG00000114331	ACAP2	2.6	7291
ENSG00000114346	ECT2	20.8	18340
ENSG00000114349	GNAT1	12.0	16648
ENSG00000114353	GNAI2	9.9	15713
ENSG00000114354	TFG	2.6	7291
ENSG00000114374	USP9Y	7.0	13559
ENSG00000114378	HYAL1	19.2	18173
ENSG00000114383	TUSC2	1.0	3282
ENSG00000114388	NPRL2	5.6	11982
ENSG00000114391	RPL24	11.4	16433
ENSG00000114395	CYB561D2	4.4	10330
ENSG00000114405	CEP15	0.0	1
ENSG00000114416	FXR1	26.6	18721
ENSG00000114423	CBLB	9.2	15304
ENSG00000114439	BBX	2.8	7695
ENSG00000114446	IFT57	3.8	9432
ENSG00000114450	GNB4	2.3	6711
ENSG00000114455	HHLA2	3.9	9571
ENSG00000114473	DRC9	4.8	10931
ENSG00000114480	GBE1	7.0	13559
ENSG00000114487	MORC1	0.9	3235
ENSG00000114491	UMPS	5.2	11424
ENSG00000114503	NCBP2	21.6	18411
ENSG00000114520	SNX4	9.5	15494
ENSG00000114529	C3orf52	0.0	1
ENSG00000114541	FRMD4B	0.0	1
ENSG00000114544	SLC41A3	1.6	5463
ENSG00000114547	ROPN1B	9.2	15304
ENSG00000114554	PLXNA1	6.8	13329
ENSG00000114573	ATP6V1A	8.8	15033
ENSG00000114626	ABTB1	0.0	1
ENSG00000114631	PODXL2	2.2	6585
ENSG00000114638	UPK1B	1.9	5985
ENSG00000114646	CSPG5	5.2	11424
ENSG00000114648	KLHL18	3.2	8468
ENSG00000114650	SCAP	8.4	14752
ENSG00000114656	CFAP92	0.0	1
ENSG00000114670	NEK11	7.2	13747
ENSG00000114686	MRPL3	3.4	8766
ENSG00000114698	PLSCR4	6.8	13329
ENSG00000114735	HEMK1	1.8	5759
ENSG00000114737	CISH	2.7	7600
ENSG00000114738	MAPKAPK3	10.9	16206
ENSG00000114739	ACVR2B	22.6	18479
ENSG00000114742	WDR48	7.4	13914
ENSG00000114744	COMMD2	0.6	2927
ENSG00000114745	GORASP1	4.0	9765
ENSG00000114757	PEX5L	3.4	8766
ENSG00000114767	RRP9	5.0	11192
ENSG00000114770	ABCC5	22.4	18467
ENSG00000114771	AADAC	7.7	14204
ENSG00000114779	ABHD14B	4.4	10330
ENSG00000114784	EIF1B	2.6	7291
ENSG00000114790	ARHGEF26	1.0	3282
ENSG00000114796	KLHL24	4.0	9765
ENSG00000114805	PLCH1	2.8	7695
ENSG00000114812	VIPR1	8.7	14962
ENSG00000114841	DNAH1	5.6	11982
ENSG00000114850	SSR3	0.6	2927
ENSG00000114853	ZBTB47	1.0	3282
ENSG00000114854	TNNC1	14.7	17436
ENSG00000114857	NKTR	3.2	8468
ENSG00000114859	CLCN2	5.1	11329
ENSG00000114861	FOXP1	26.8	18735
ENSG00000114867	EIF4G1	29.0	18831
ENSG00000114902	SPCS1	4.3	10201
ENSG00000114904	NEK4	9.0	15175
ENSG00000114923	SLC4A3	9.7	15609
ENSG00000114933	INO80D	4.8	10931
ENSG00000114942	EEF1B2	2.2	6585
ENSG00000114948	ADAM23	3.7	9268
ENSG00000114956	DGUOK	4.7	10753
ENSG00000114978	MOB1A	2.6	7291
ENSG00000114982	KANSL3	1.9	5985
ENSG00000114988	LMAN2L	4.2	10017
ENSG00000114993	RTKN	6.0	12446
ENSG00000114999	TTL	4.2	10017
ENSG00000115008	IL1A	22.8	18490
ENSG00000115009	CCL20	12.0	16648
ENSG00000115020	PIKFYVE	21.4	18395
ENSG00000115041	KCNIP3	9.2	15304
ENSG00000115042	FAHD2A	1.6	5463
ENSG00000115053	NUCLEOLIN	8.8	15033
ENSG00000115073	ACTR1B	0.5	1903
ENSG00000115084	SLC35F5	1.6	5463
ENSG00000115085	ZAP70	18.7	18104
ENSG00000115091	ACTR3	7.2	13747
ENSG00000115107	STEAP3	6.3	12794
ENSG00000115109	EPB41L5	0.5	1903
ENSG00000115112	TFCP2L1	4.4	10330
ENSG00000115128	SF3B6	4.5	10501
ENSG00000115129	TP53I3	2.9	7932
ENSG00000115137	DNAJC27	1.0	3282
ENSG00000115138	POMC	29.9	18877
ENSG00000115145	STAM2	4.1	9897
ENSG00000115155	OTOF	3.8	9432
ENSG00000115159	GPD2	4.1	9897
ENSG00000115163	CENPA	8.0	14457
ENSG00000115165	CYTIP	1.3	4364
ENSG00000115170	ACVR1	40.6	19115
ENSG00000115183	TANC1	0.5	1903
ENSG00000115194	SLC30A3	4.7	10753
ENSG00000115204	MPV17	2.3	6711
ENSG00000115207	GTF3C2	5.7	12090
ENSG00000115211	EIF2B4	12.0	16648
ENSG00000115216	NRBP1	3.8	9432
ENSG00000115221	ITGB6	8.3	14683
ENSG00000115226	FNDC4	1.3	4364
ENSG00000115232	ITGA4	21.1	18366
ENSG00000115233	PSMD14	17.9	18004
ENSG00000115234	SNX17	7.3	13831
ENSG00000115239	ASB3	0.0	1
ENSG00000115241	PPM1G	5.3	11597
ENSG00000115252	PDE1A	2.8	7695
ENSG00000115255	REEP6	1.3	4364
ENSG00000115257	PCSK4	4.3	10201
ENSG00000115263	GCG	13.3	17085
ENSG00000115266	APC2	9.1	15239
ENSG00000115267	IFIH1	31.3	18925
ENSG00000115268	RPS15	11.6	16500
ENSG00000115271	GCA	4.7	10753
ENSG00000115274	INO80B	4.8	10931
ENSG00000115275	MOGS	5.5	11839
ENSG00000115282	TTC31	0.0	1
ENSG00000115286	NDUFS7	8.2	14610
ENSG00000115289	PCGF1	4.7	10753
ENSG00000115290	GRB14	5.3	11597
ENSG00000115295	CLIP4	1.0	3282
ENSG00000115297	TLX2	5.2	11424
ENSG00000115306	SPTBN1	16.1	17722
ENSG00000115307	AUP1	8.5	14830
ENSG00000115310	RTN4	28.7	18821
ENSG00000115317	HTRA2	30.9	18910
ENSG00000115318	LOXL3	10.7	16120
ENSG00000115325	DOK1	3.7	9268
ENSG00000115339	GALNT3	10.1	15809
ENSG00000115350	POLE4	2.2	6585
ENSG00000115353	TACR1	12.9	16951
ENSG00000115355	CCDC88A	23.4	18537
ENSG00000115361	ACADL	8.3	14683
ENSG00000115364	MRPL19	1.1	4265
ENSG00000115365	LANCL1	7.8	14288
ENSG00000115368	WDR75	5.0	11192
ENSG00000115380	EFEMP1	9.2	15304
ENSG00000115386	REG1A	5.0	11192
ENSG00000115392	FANCL	7.4	13914
ENSG00000115414	FN1	28.6	18818
ENSG00000115415	STAT1	48.7	19185
ENSG00000115419	GLS	7.6	14102
ENSG00000115421	PAPOLG	2.1	6380
ENSG00000115423	DNAH6	2.0	6082
ENSG00000115425	PECR	4.2	10017
ENSG00000115446	UNC50	1.0	3282
ENSG00000115457	IGFBP2	8.5	14830
ENSG00000115459	ELMOD3	1.3	4364
ENSG00000115461	IGFBP5	11.9	16616
ENSG00000115464	USP34	6.9	13452
ENSG00000115468	EFHD1	2.6	7291
ENSG00000115474	KCNJ13	3.3	8619
ENSG00000115484	CCT4	9.4	15426
ENSG00000115486	GGCX	7.5	14017
ENSG00000115488	NEU2	6.5	13008
ENSG00000115504	EHBP1	2.0	6082
ENSG00000115507	OTX1	5.7	12090
ENSG00000115514	TXNDC9	1.0	3282
ENSG00000115520	COQ10B	0.0	1
ENSG00000115523	GNLY	4.7	10753
ENSG00000115524	SF3B1	13.1	17014
ENSG00000115525	ST3GAL5	5.0	11192
ENSG00000115526	CHST10	7.0	13559
ENSG00000115539	PDCL3	12.1	16689
ENSG00000115540	MOB4	2.2	6585
ENSG00000115541	HSPE1	7.7	14204
ENSG00000115548	KDM3A	8.9	15105
ENSG00000115556	PLCD4	2.9	7932
ENSG00000115561	CHMP3	30.0	18881
ENSG00000115568	ZNF142	1.5	4687
ENSG00000115590	IL1R2	5.8	12204
ENSG00000115592	PRKAG3	9.0	15175
ENSG00000115593	SMYD1	3.1	8298
ENSG00000115594	IL1R1	19.6	18225
ENSG00000115596	WNT6	6.4	12917
ENSG00000115598	IL36R	4.9	11073
ENSG00000115602	IL33R	7.2	13747
ENSG00000115604	IL18R1	12.2	16737
ENSG00000115607	IL18RAP	7.6	14102
ENSG00000115616	SLC9A2	4.3	10201
ENSG00000115641	FHL2	7.3	13831
ENSG00000115648	MLPH	4.0	9765
ENSG00000115649	CNPPD1	0.5	1903
ENSG00000115652	UXS1	5.8	12204
ENSG00000115657	ABCB6	21.3	18383
ENSG00000115661	STK16	1.3	4364
ENSG00000115665	SLC5A7	11.6	16500
ENSG00000115677	HDLBP	3.3	8619
ENSG00000115685	PPP1R7	3.3	8619
ENSG00000115687	PASK	7.9	14372
ENSG00000115694	STK25	10.9	16206
ENSG00000115705	TPO	2.2	6585
ENSG00000115718	PROC	9.5	15494
ENSG00000115738	ID2	21.6	18411
ENSG00000115750	TAF1B	4.9	11073
ENSG00000115756	HPCAL1	1.9	5985
ENSG00000115758	ODC1	7.2	13747
ENSG00000115760	BIRC6	8.6	14895
ENSG00000115761	NOL10	1.0	3282
ENSG00000115762	PLEKHB2	1.3	4364
ENSG00000115806	GORASP2	5.1	11329
ENSG00000115808	STRN	9.6	15554
ENSG00000115816	CEBPZ	2.9	7932
ENSG00000115825	PRKD3	6.8	13329
ENSG00000115827	DCAF17	0.6	2927
ENSG00000115828	QPCT	4.3	10201
ENSG00000115839	RAB3GAP1	16.1	17722
ENSG00000115840	SLC25A12	9.7	15609
ENSG00000115841	RMDN2	1.3	4364
ENSG00000115844	DLX2	8.1	14536
ENSG00000115850	LCT	10.4	15985
ENSG00000115866	DARS1	8.7	14962
ENSG00000115875	SRSF7	4.8	10931
ENSG00000115884	SDC1	4.2	10017
ENSG00000115896	PLCL1	5.3	11597
ENSG00000115902	SLC1A4	23.2	18520
ENSG00000115904	SOS1	16.2	17740
ENSG00000115919	KYNU	8.7	14962
ENSG00000115935	WIPF1	6.5	13008
ENSG00000115942	ORC2	4.0	9765
ENSG00000115944	COX7A2L	4.6	10655
ENSG00000115946	PNO1	1.9	5985
ENSG00000115947	ORC4	4.2	10017
ENSG00000115956	PLEK	20.6	18319
ENSG00000115963	RND3	6.6	13122
ENSG00000115966	ATF2	27.7	18779
ENSG00000115970	THADA	6.0	12446
ENSG00000115977	AAK1	10.2	15862
ENSG00000115993	TRAK2	4.1	9897
ENSG00000115998	C2orf42	0.0	1
ENSG00000116001	TIA1	8.3	14683
ENSG00000116005	PCYOX1	4.8	10931
ENSG00000116014	KISS1R	6.4	12917
ENSG00000116016	EPAS1	15.3	17571
ENSG00000116017	ARID3A	1.0	3282
ENSG00000116030	SUMO1	20.6	18319
ENSG00000116031	CD207	4.0	9765
ENSG00000116032	GRIN3B	10.7	16120
ENSG00000116035	VAX2	7.2	13747
ENSG00000116039	ATP6V1B1	9.3	15379
ENSG00000116044	NFE2L2	37.0	19062
ENSG00000116062	MSH6	21.8	18425
ENSG00000116095	PLEKHA3	4.8	10931
ENSG00000116096	SPR	5.9	12348
ENSG00000116106	EPHA4	28.9	18828
ENSG00000116117	PARD3B	3.0	8111
ENSG00000116120	FARSB	5.2	11424
ENSG00000116127	ALMS1	2.6	7291
ENSG00000116128	BCL9	2.3	6711
ENSG00000116132	PRRX1	5.2	11424
ENSG00000116133	DHCR24	12.0	16648
ENSG00000116138	DNAJC16	0.8	3045
ENSG00000116141	MARK1	16.7	17821
ENSG00000116147	TNR	1.7	5664
ENSG00000116151	MORN1	0.0	1
ENSG00000116157	GPX7	3.5	8994
ENSG00000116161	CACYBP	2.3	6711
ENSG00000116171	SCP2	21.8	18425
ENSG00000116176	TPSG1	1.9	5985
ENSG00000116183	PAPPA2	6.0	12446
ENSG00000116191	RALGPS2	1.0	3282
ENSG00000116194	ANGPTL1	1.9	5985
ENSG00000116198	CEP104	0.8	3045
ENSG00000116199	FAM20B	3.6	9147
ENSG00000116205	TCEANC2	1.0	3282
ENSG00000116209	TMEM59	2.9	7932
ENSG00000116212	LRRC42	0.0	1
ENSG00000116213	WRAP73	2.1	6380
ENSG00000116218	NPHS2	2.5	7104
ENSG00000116221	MRPL37	2.3	6711
ENSG00000116237	ICMT	4.9	11073
ENSG00000116251	RPL22	8.5	14830
ENSG00000116254	CHD5	7.4	13914
ENSG00000116260	QSOX1	5.5	11839
ENSG00000116266	STXBP3	5.2	11424
ENSG00000116273	PHF13	6.6	13122
ENSG00000116285	ERRFI1	7.3	13831
ENSG00000116288	PARK7	82.9	19257
ENSG00000116299	ELAPOR1	4.7	10753
ENSG00000116329	OPRD1	11.5	16473
ENSG00000116337	AMPD2	6.9	13452
ENSG00000116350	SRSF4	5.0	11192
ENSG00000116353	MECR	4.5	10501
ENSG00000116396	KCNC4	5.9	12348
ENSG00000116406	EDEM3	5.7	12090
ENSG00000116455	WDR77	3.4	8766
ENSG00000116459	ATP5PB	3.7	9268
ENSG00000116473	RAP1A	13.3	17085
ENSG00000116478	HDAC1	47.5	19178
ENSG00000116489	CAPZA1	5.2	11424
ENSG00000116497	S100PBP	1.3	4364
ENSG00000116514	RNF19B	3.9	9571
ENSG00000116521	SCAMP3	2.2	6585
ENSG00000116525	TRIM62	10.3	15915
ENSG00000116539	ASH1L	3.2	8468
ENSG00000116544	DLGAP3	1.0	3282
ENSG00000116560	SFPQ	15.6	17629
ENSG00000116574	RHOU	7.4	13914
ENSG00000116580	GON4L	1.0	3282
ENSG00000116584	ARHGEF2	19.1	18159
ENSG00000116586	LAMTOR2	8.8	15033
ENSG00000116604	MEF2D	11.2	16350
ENSG00000116641	DOCK7	10.0	15759
ENSG00000116649	SRM	6.8	13329
ENSG00000116661	FBXO2	6.8	13329
ENSG00000116663	FBXO6	6.6	13122
ENSG00000116667	C1orf21	0.0	1
ENSG00000116668	SWT1	0.0	1
ENSG00000116670	MAD2L2	20.8	18340
ENSG00000116675	DNAJC6	7.4	13914
ENSG00000116678	LEPR	18.1	18029
ENSG00000116679	IVNS1ABP	6.1	12588
ENSG00000116685	KIAA2013	0.0	1
ENSG00000116688	MFN2	12.9	16951
ENSG00000116690	PRG4	0.6	2927
ENSG00000116691	MIIP	0.0	1
ENSG00000116698	SMG7	5.8	12204
ENSG00000116701	NCF2	9.4	15426
ENSG00000116703	PDC	2.7	7600
ENSG00000116704	SLC35D1	5.0	11192
ENSG00000116711	PLA2G4A	19.4	18201
ENSG00000116717	GADD45A	15.3	17571
ENSG00000116721	PRAMEF1	1.0	3282
ENSG00000116726	PRAMEF12	1.0	3282
ENSG00000116729	WLS	9.1	15239
ENSG00000116731	PRDM2	8.4	14752
ENSG00000116741	RGS2	10.6	16075
ENSG00000116745	RPE65	12.9	16951
ENSG00000116747	RO60	4.7	10753
ENSG00000116748	AMPD1	5.3	11597
ENSG00000116750	UCHL5	12.7	16895
ENSG00000116752	BCAS2	3.2	8468
ENSG00000116754	SRSF11	3.6	9147
ENSG00000116761	CTH	14.3	17326
ENSG00000116771	AGMAT	5.2	11424
ENSG00000116774	OLFML3	0.5	1903
ENSG00000116783	TNNI3K	8.2	14610
ENSG00000116785	CFHR3	1.0	3282
ENSG00000116786	PLEKHM2	6.8	13329
ENSG00000116791	CRYZ	8.0	14457
ENSG00000116793	PHTF1	0.0	1
ENSG00000116809	ZBTB17	12.2	16737
ENSG00000116815	CD58	6.1	12588
ENSG00000116819	TFAP2E	3.3	8619
ENSG00000116824	CD2	14.2	17296
ENSG00000116830	TTF2	4.5	10501
ENSG00000116833	NR5A2	28.4	18810
ENSG00000116852	KIF21B	2.0	6082
ENSG00000116857	TMEM9	3.7	9268
ENSG00000116863	ADPRS	11.5	16473
ENSG00000116871	MAP7D1	1.0	3282
ENSG00000116874	WARS2	3.6	9147
ENSG00000116882	HAO2	2.1	6380
ENSG00000116885	OSCP1	1.6	5463
ENSG00000116898	MRPS15	3.3	8619
ENSG00000116903	EXOC8	9.1	15239
ENSG00000116906	GNPAT	5.3	11597
ENSG00000116918	TSNAX	3.8	9432
ENSG00000116922	AIRIM	2.4	6954
ENSG00000116954	RRAGC	22.6	18479
ENSG00000116962	NID1	6.8	13329
ENSG00000116977	LGALS8	5.4	11736
ENSG00000116981	NT5C1A	7.8	14288
ENSG00000116983	HPCAL4	2.8	7695
ENSG00000116984	MTR	11.2	16350
ENSG00000116985	BMP8B	2.9	7932
ENSG00000116990	MYCL	3.5	8994
ENSG00000116991	SIPA1L2	0.5	1903
ENSG00000116996	ZP4	8.1	14536
ENSG00000117000	RLF	3.0	8111
ENSG00000117009	KMO	8.4	14752
ENSG00000117010	ZNF684	2.3	6711
ENSG00000117013	KCNQ4	4.5	10501
ENSG00000117016	RIMS3	4.0	9765
ENSG00000117020	AKT3	12.4	16811
ENSG00000117036	ETV3	2.8	7695
ENSG00000117054	ACADM	11.1	16303
ENSG00000117069	ST6GALNAC5	5.3	11597
ENSG00000117090	SLAMF1	11.7	16536
ENSG00000117091	CD48	3.0	8111
ENSG00000117114	ADGRL2	4.5	10501
ENSG00000117115	PADI2	7.9	14372
ENSG00000117118	SDHB	7.4	13914
ENSG00000117122	MFAP2	3.2	8468
ENSG00000117133	RPF1	2.3	6711
ENSG00000117139	KDM5B	12.8	16920
ENSG00000117143	UAP1	6.0	12446
ENSG00000117148	ACTL8	2.8	7695
ENSG00000117151	CTBS	3.9	9571
ENSG00000117152	RGS4	5.5	11839
ENSG00000117153	KLHL12	8.5	14830
ENSG00000117154	IGSF21	1.0	3282
ENSG00000117155	SSX2IP	2.9	7932
ENSG00000117174	ZNHIT6	6.6	13122
ENSG00000117215	PLA2G2D	7.8	14288
ENSG00000117222	RBBP5	4.0	9765
ENSG00000117226	GBP3	6.7	13235
ENSG00000117228	GBP1	26.9	18742
ENSG00000117245	KIF17	2.5	7104
ENSG00000117262	GPHRA	3.6	9147
ENSG00000117266	CDK18	1.8	5759
ENSG00000117280	RAB29	20.5	18309
ENSG00000117281	CD160	12.0	16648
ENSG00000117298	ECE1	17.5	17947
ENSG00000117305	HMGCL	8.6	14895
ENSG00000117308	GALE	4.2	10017
ENSG00000117318	ID3	4.1	9897
ENSG00000117322	CR2	13.1	17014
ENSG00000117335	CD46	11.7	16536
ENSG00000117360	PRPF3	9.1	15239
ENSG00000117362	APH1A	19.3	18188
ENSG00000117385	P3H1	8.9	15105
ENSG00000117394	SLC2A1	16.4	17788
ENSG00000117395	EBNA1BP2	1.5	4687
ENSG00000117399	CDC20	10.7	16120
ENSG00000117400	MPL	3.9	9571
ENSG00000117407	ARTN	5.8	12204
ENSG00000117408	IPO13	1.3	4364
ENSG00000117410	ATP6V0B	6.0	12446
ENSG00000117411	B4GALT2	2.2	6585
ENSG00000117419	ERI3	2.0	6082
ENSG00000117425	PTCH2	7.1	13639
ENSG00000117448	AKR1A1	9.1	15239
ENSG00000117450	PRDX1	9.9	15713
ENSG00000117461	PIK3R3	9.0	15175
ENSG00000117472	TSPAN1	0.8	3045
ENSG00000117475	BLZF1	4.8	10931
ENSG00000117477	CCDC181	2.5	7104
ENSG00000117479	SLC19A2	8.2	14610
ENSG00000117480	FAAH	6.3	12794
ENSG00000117481	NSUN4	9.9	15713
ENSG00000117500	TMED5	2.3	6711
ENSG00000117501	MROH9	0.0	1
ENSG00000117505	DR1	10.4	15985
ENSG00000117507	FMO6P	1.0	3282
ENSG00000117519	CNN3	2.3	6711
ENSG00000117523	PRRC2C	1.8	5759
ENSG00000117525	F3	18.3	18062
ENSG00000117528	ABCD3	16.2	17740
ENSG00000117533	VAMP4	2.6	7291
ENSG00000117543	DPH5	3.4	8766
ENSG00000117560	FASLG	17.6	17959
ENSG00000117569	PTBP2	2.3	6711
ENSG00000117586	TNFSF4	24.3	18596
ENSG00000117592	PRDX6	9.5	15494
ENSG00000117593	DARS2	7.8	14288
ENSG00000117594	HSD11B1	3.9	9571
ENSG00000117595	IRF6	7.7	14204
ENSG00000117597	UTP25	5.7	12090
ENSG00000117598	PLPPR5	3.0	8111
ENSG00000117600	PLPPR4	6.9	13452
ENSG00000117601	SERPINC1	2.7	7600
ENSG00000117602	RCAN3	4.4	10330
ENSG00000117614	SYF2	2.9	7932
ENSG00000117616	RSRP1	0.8	3045
ENSG00000117620	SLC35A3	4.5	10501
ENSG00000117625	RCOR3	2.1	6380
ENSG00000117632	STMN1	10.7	16120
ENSG00000117640	MTFR1L	1.0	3282
ENSG00000117643	MAN1C1	4.6	10655
ENSG00000117650	NEK2	13.7	17187
ENSG00000117676	RPS6KA1	14.7	17436
ENSG00000117682	DHDDS	4.2	10017
ENSG00000117691	NENF	0.5	1903
ENSG00000117697	NSL1	0.6	2927
ENSG00000117707	PROX1	40.4	19113
ENSG00000117713	ARID1A	15.0	17507
ENSG00000117724	CENPF	14.6	17413
ENSG00000117748	RPA2	21.0	18359
ENSG00000117751	PPP1R8	6.2	12686
ENSG00000117758	STX12	5.9	12348
ENSG00000117791	MTARC2	9.0	15175
ENSG00000117834	SLC5A9	2.3	6711
ENSG00000117859	OSBPL9	4.7	10753
ENSG00000117862	TXNDC12	2.4	6954
ENSG00000117868	ESYT2	7.8	14288
ENSG00000117877	POLR1G	5.7	12090
ENSG00000117899	MESD	4.7	10753
ENSG00000117906	RCN2	1.4	4622
ENSG00000117971	CHRNB4	13.9	17231
ENSG00000117983	MUC5B	1.3	4364
ENSG00000117984	CTSD	10.6	16075
ENSG00000118004	COLEC11	12.5	16839
ENSG00000118007	STAG1	2.4	6954
ENSG00000118017	A4GNT	6.2	12686
ENSG00000118046	STK11	29.8	18871
ENSG00000118058	KMT2A	16.3	17761
ENSG00000118094	TREH	3.2	8468
ENSG00000118096	IFT46	3.7	9268
ENSG00000118113	MMP8	13.6	17161
ENSG00000118137	APOA1	51.4	19200
ENSG00000118156	ZNF541	3.5	8994
ENSG00000118160	SLC8A2	16.8	17833
ENSG00000118162	KPTN	5.5	11839
ENSG00000118181	RPS25	8.5	14830
ENSG00000118193	KIF14	25.7	18667
ENSG00000118194	TNNT2	15.5	17610
ENSG00000118197	DDX59	1.0	3282
ENSG00000118200	CAMSAP2	7.9	14372
ENSG00000118217	ATF6	25.1	18638
ENSG00000118231	CRYGD	4.7	10753
ENSG00000118242	MREG	2.5	7104
ENSG00000118245	TNP1	12.3	16779
ENSG00000118246	FASTKD2	6.0	12446
ENSG00000118257	NRP2	15.8	17668
ENSG00000118260	CREB1	21.8	18425
ENSG00000118263	KLF7	12.5	16839
ENSG00000118271	TTR	3.1	8298
ENSG00000118276	B4GALT6	6.8	13329
ENSG00000118292	C1orf54	0.5	1903
ENSG00000118298	CA14	1.4	4622
ENSG00000118307	DNAI7	2.0	6082
ENSG00000118308	IRAG2	2.8	7695
ENSG00000118322	ATP10B	4.0	9765
ENSG00000118363	SPCS2	1.8	5759
ENSG00000118369	USP35	1.8	5759
ENSG00000118402	ELOVL4	7.3	13831
ENSG00000118407	FILIP1	0.5	1903
ENSG00000118412	CASP8AP2	9.7	15609
ENSG00000118418	HMGN3	1.6	5463
ENSG00000118420	UBE3D	9.1	15239
ENSG00000118432	CNR1	6.0	12446
ENSG00000118434	SPACA1	0.5	1903
ENSG00000118454	ANKRD13C	5.5	11839
ENSG00000118473	SGIP1	3.8	9432
ENSG00000118482	PHF3	0.0	1
ENSG00000118491	ZC2HC1B	0.0	1
ENSG00000118492	ADGB	0.5	1903
ENSG00000118495	PLAGL1	8.0	14457
ENSG00000118496	FBXO30	0.6	2927
ENSG00000118503	TNFAIP3	34.3	19007
ENSG00000118507	AKAP7	2.1	6380
ENSG00000118508	RAB32	13.3	17085
ENSG00000118513	MYB	14.2	17296
ENSG00000118514	ALDH8A1	4.3	10201
ENSG00000118515	SGK1	17.2	17902
ENSG00000118518	RNF146	8.1	14536
ENSG00000118520	ARG1	5.7	12090
ENSG00000118523	CCN2	9.2	15304
ENSG00000118526	TCF21	20.2	18279
ENSG00000118557	PMFBP1	1.3	4364
ENSG00000118564	FBXL5	6.3	12794
ENSG00000118579	MED28	1.8	5759
ENSG00000118596	SLC16A7	7.3	13831
ENSG00000118600	RXYLT1	5.2	11424
ENSG00000118620	ZNF430	2.0	6082
ENSG00000118640	VAMP8	12.3	16779
ENSG00000118655	DCLRE1B	10.7	16120
ENSG00000118680	MYL12B	0.5	1903
ENSG00000118689	FOXO3	25.6	18663
ENSG00000118690	ARMC2	1.8	5759
ENSG00000118702	GHRH	15.7	17645
ENSG00000118705	RPN2	3.4	8766
ENSG00000118707	TGIF2	4.8	10931
ENSG00000118729	CASQ2	15.5	17610
ENSG00000118733	OLFM3	0.5	1903
ENSG00000118762	PKD2	66.3	19240
ENSG00000118777	ABCG2	21.7	18420
ENSG00000118785	SPP1	11.8	16572
ENSG00000118804	STBD1	4.8	10931
ENSG00000118816	CCNI	1.6	5463
ENSG00000118849	RARRES1	1.4	4622
ENSG00000118855	MFSD1	3.1	8298
ENSG00000118873	RAB3GAP2	11.0	16257
ENSG00000118894	EEF2KMT	3.9	9571
ENSG00000118898	PPL	3.7	9268
ENSG00000118900	UBN1	2.5	7104
ENSG00000118922	KLF12	6.8	13329
ENSG00000118939	UCHL3	10.3	15915
ENSG00000118946	PCDH17	1.5	4687
ENSG00000118960	HS1BP3	0.8	3045
ENSG00000118961	LDAH	5.9	12348
ENSG00000118965	WDR35	6.2	12686
ENSG00000118971	CCND2	9.5	15494
ENSG00000118972	FGF23	8.0	14457
ENSG00000118985	ELL2	3.8	9432
ENSG00000118997	DNAH7	5.8	12204
ENSG00000119004	CYP20A1	0.0	1
ENSG00000119013	NDUFB3	4.2	10017
ENSG00000119041	GTF3C3	6.1	12588
ENSG00000119042	SATB2	5.4	11736
ENSG00000119048	UBE2B	18.2	18050
ENSG00000119121	TRPM6	8.6	14895
ENSG00000119125	GDA	5.1	11329
ENSG00000119138	KLF9	6.2	12686
ENSG00000119139	TJP2	11.4	16433
ENSG00000119147	ECRG4	8.8	15033
ENSG00000119185	ITGB1BP1	29.4	18850
ENSG00000119203	CPSF3	9.7	15609
ENSG00000119227	PIGZ	5.9	12348
ENSG00000119231	SENP5	2.7	7600
ENSG00000119242	CCDC92	0.8	3045
ENSG00000119280	C1orf198	0.0	1
ENSG00000119283	TRIM67	0.5	1903
ENSG00000119285	HEATR1	7.4	13914
ENSG00000119314	PTBP3	4.1	9897
ENSG00000119318	RAD23B	7.8	14288
ENSG00000119321	FKBP15	0.0	1
ENSG00000119326	CTNNAL1	1.3	4364
ENSG00000119328	ABITRAM	5.0	11192
ENSG00000119333	DYNC2I2	4.5	10501
ENSG00000119335	SET	8.0	14457
ENSG00000119383	PTPA	10.5	16025
ENSG00000119392	GLE1	4.3	10201
ENSG00000119396	RAB14	13.9	17231
ENSG00000119397	CNTRL	0.0	1
ENSG00000119401	TRIM32	33.9	19001
ENSG00000119402	FBXW2	3.9	9571
ENSG00000119403	PHF19	4.3	10201
ENSG00000119408	NEK6	17.8	17987
ENSG00000119411	BSPRY	1.0	3282
ENSG00000119414	PPP6C	6.0	12446
ENSG00000119421	NDUFA8	4.1	9897
ENSG00000119431	HDHD3	0.0	1
ENSG00000119440	LCN1P1	0.0	1
ENSG00000119446	RBM18	0.5	1903
ENSG00000119457	SLC46A2	4.0	9765
ENSG00000119471	HSDL2	1.6	5463
ENSG00000119487	MAPKAP1	15.5	17610
ENSG00000119508	NR4A3	23.4	18537
ENSG00000119509	INVS	1.8	5759
ENSG00000119514	GALNT12	2.8	7695
ENSG00000119522	DENND1A	5.4	11736
ENSG00000119523	ALG2	8.4	14752
ENSG00000119537	KDSR	10.7	16120
ENSG00000119541	VPS4B	27.3	18761
ENSG00000119547	ONECUT2	6.1	12588
ENSG00000119559	C19orf25	0.0	1
ENSG00000119574	ZBTB45	3.3	8619
ENSG00000119596	YLPM1	1.0	3282
ENSG00000119599	DCAF4	0.6	2927
ENSG00000119608	PROX2	2.0	6082
ENSG00000119614	VSX2	4.7	10753
ENSG00000119616	FCF1	1.9	5985
ENSG00000119630	PGF	9.7	15609
ENSG00000119632	IFI27L2	1.8	5759
ENSG00000119636	BBOF1	1.5	4687
ENSG00000119638	NEK9	5.0	11192
ENSG00000119640	ACYP1	2.3	6711
ENSG00000119650	IFT43	3.3	8619
ENSG00000119655	NPC2	13.8	17208
ENSG00000119661	DNAL1	4.7	10753
ENSG00000119669	IRF2BPL	3.7	9268
ENSG00000119673	ACOT2	4.7	10753
ENSG00000119681	LTBP2	5.1	11329
ENSG00000119682	AREL1	7.6	14102
ENSG00000119684	MLH3	4.0	9765
ENSG00000119685	TTLL5	4.6	10655
ENSG00000119686	FLVCR2	6.0	12446
ENSG00000119688	ABCD4	11.8	16572
ENSG00000119689	DLST	7.0	13559
ENSG00000119698	PPP4R4	2.1	6380
ENSG00000119699	TGFB3	29.5	18858
ENSG00000119703	ZC2HC1C	0.0	1
ENSG00000119705	SLIRP	2.9	7932
ENSG00000119707	RBM25	3.9	9571
ENSG00000119711	ALDH6A1	7.7	14204
ENSG00000119714	GPR68	7.2	13747
ENSG00000119715	ESRRB	16.9	17853
ENSG00000119718	EIF2B2	14.7	17436
ENSG00000119720	NRDE2	5.0	11192
ENSG00000119723	COQ6	4.0	9765
ENSG00000119725	ZNF410	6.6	13122
ENSG00000119729	RHOQ	13.8	17208
ENSG00000119737	GPR75	3.0	8111
ENSG00000119760	SUPT7L	3.9	9571
ENSG00000119771	KLHL29	1.6	5463
ENSG00000119772	DNMT3A	11.2	16350
ENSG00000119777	TMEM214	0.0	1
ENSG00000119778	ATAD2B	3.8	9432
ENSG00000119782	FKBP1B	15.9	17685
ENSG00000119787	ATL2	5.2	11424
ENSG00000119801	YPEL5	1.1	4265
ENSG00000119812	TSLIG3A	5.3	11597
ENSG00000119820	YIPF4	1.0	3282
ENSG00000119844	AFTPH	1.3	4364
ENSG00000119862	LGALSL	0.5	1903
ENSG00000119865	CNRIP1	2.9	7932
ENSG00000119866	BCL11A	15.7	17645
ENSG00000119878	CRIPT	5.7	12090
ENSG00000119888	EPCAM	6.1	12588
ENSG00000119899	SLC17A5	8.8	15033
ENSG00000119900	OGFRL1	0.0	1
ENSG00000119906	SLF2	9.5	15494
ENSG00000119912	IDE	26.1	18687
ENSG00000119913	TECTB	0.5	1903
ENSG00000119915	ELOVL3	11.1	16303
ENSG00000119917	IFIT3	5.5	11839
ENSG00000119919	NKX2-3	3.3	8619
ENSG00000119922	IFIT2	6.1	12588
ENSG00000119927	GPAM	8.0	14457
ENSG00000119929	CUTC	3.9	9571
ENSG00000119938	PPP1R3C	5.6	11982
ENSG00000119943	PYROXD2	0.8	3045
ENSG00000119946	CNNM1	1.0	3282
ENSG00000119950	MXI1	4.4	10330
ENSG00000119953	SMNDC1	2.8	7695
ENSG00000119965	C10orf88	1.3	4364
ENSG00000119969	HELLS	7.6	14102
ENSG00000119973	PRLHR	5.1	11329
ENSG00000119977	TCTN3	3.7	9268
ENSG00000119979	DENND10	6.6	13122
ENSG00000119986	AVPI1	0.5	1903
ENSG00000120008	WDR11	4.1	9897
ENSG00000120029	ARMH3	0.8	3045
ENSG00000120049	KCNIP2	22.6	18479
ENSG00000120051	CFAP58	4.7	10753
ENSG00000120053	GOT1	8.8	15033
ENSG00000120054	CPN1	2.4	6954
ENSG00000120057	SFRP5	12.0	16648
ENSG00000120063	GNA13	8.2	14610
ENSG00000120068	HOXB8	3.3	8619
ENSG00000120071	KANSL1	1.9	5985
ENSG00000120075	HOXB5	4.2	10017
ENSG00000120088	CRHR1	11.7	16536
ENSG00000120093	HOXB3	6.2	12686
ENSG00000120094	HOXB1	9.4	15426
ENSG00000120129	DUSP1	10.3	15915
ENSG00000120137	PANK3	9.0	15175
ENSG00000120149	MSX2	8.9	15105
ENSG00000120156	TEK	36.9	19058
ENSG00000120158	RCL1	2.4	6954
ENSG00000120159	CAAP1	0.8	3045
ENSG00000120160	EQTN	1.5	4687
ENSG00000120162	MOB3B	1.8	5759
ENSG00000120210	INSL6	0.6	2927
ENSG00000120211	INSL4	3.6	9147
ENSG00000120215	MLANA	0.0	1
ENSG00000120217	CD274	22.3	18461
ENSG00000120235	IFNA6	5.7	12090
ENSG00000120242	IFNA8	6.6	13122
ENSG00000120251	GRIA2	7.8	14288
ENSG00000120253	NUP43	0.6	2927
ENSG00000120254	MTHFD1L	7.3	13831
ENSG00000120256	LRP11	0.8	3045
ENSG00000120262	CCDC170	2.6	7291
ENSG00000120265	PCMT1	5.3	11597
ENSG00000120278	PLEKHG1	2.8	7695
ENSG00000120279	MYCT1	0.0	1
ENSG00000120280	TASL	3.7	9268
ENSG00000120289	MAGEB4	0.5	1903
ENSG00000120306	CYSTM1	0.0	1
ENSG00000120314	WDR55	0.5	1903
ENSG00000120318	ARAP3	4.9	11073
ENSG00000120322	PCDHB8	2.0	6082
ENSG00000120324	PCDHB10	3.4	8766
ENSG00000120327	PCDHB14	3.4	8766
ENSG00000120328	PCDHB12	2.8	7695
ENSG00000120329	SLC25A2	9.1	15239
ENSG00000120332	TNN	4.9	11073
ENSG00000120333	MRPS14	4.4	10330
ENSG00000120334	CENPL	0.6	2927
ENSG00000120337	TNFSF18	10.8	16162
ENSG00000120341	SEC16B	7.7	14204
ENSG00000120370	GORAB	0.5	1903
ENSG00000120436	GPR31	7.5	14017
ENSG00000120437	ACAT2	3.1	8298
ENSG00000120438	TCP1	11.6	16500
ENSG00000120440	TTLL2	1.5	4687
ENSG00000120451	SNX19	2.9	7932
ENSG00000120457	KCNJ5	11.0	16257
ENSG00000120458	MSANTD2	0.0	1
ENSG00000120498	TEX11	2.5	7104
ENSG00000120500	ARR3	3.3	8619
ENSG00000120509	PDZD11	3.3	8619
ENSG00000120519	SLC10A7	2.4	6954
ENSG00000120526	NUDCD1	0.0	1
ENSG00000120533	ENY2	8.2	14610
ENSG00000120539	MASTL	7.5	14017
ENSG00000120549	KIAA1217	0.5	1903
ENSG00000120563	LYZL1	0.5	1903
ENSG00000120594	PLXDC2	0.0	1
ENSG00000120616	EPC1	14.5	17382
ENSG00000120645	IQSEC3	1.5	4687
ENSG00000120647	CCDC77	0.0	1
ENSG00000120656	TAF12	14.4	17358
ENSG00000120658	ENOX1	2.6	7291
ENSG00000120659	TNFSF11	18.6	18090
ENSG00000120662	MTRF1	3.9	9571
ENSG00000120669	SOHLH2	5.8	12204
ENSG00000120675	DNAJC15	1.6	5463
ENSG00000120685	PROSER1	0.0	1
ENSG00000120686	UFM1	8.7	14962
ENSG00000120688	WBP4	3.4	8766
ENSG00000120690	ELF1	7.4	13914
ENSG00000120693	SMAD9	12.8	16920
ENSG00000120694	HSPH1	4.5	10501
ENSG00000120696	KBTBD7	4.5	10501
ENSG00000120697	ALG5	4.3	10201
ENSG00000120699	EXOSC8	8.5	14830
ENSG00000120705	ETF1	12.9	16951
ENSG00000120708	TGFBI	8.6	14895
ENSG00000120709	FAM53C	0.5	1903
ENSG00000120725	SIL1	4.4	10330
ENSG00000120727	PAIP2	2.6	7291
ENSG00000120729	MYOT	4.1	9897
ENSG00000120733	KDM3B	2.0	6082
ENSG00000120738	EGR1	28.9	18828
ENSG00000120742	SERP1	3.2	8468
ENSG00000120756	PLS1	4.8	10931
ENSG00000120784	ZFP30	1.5	4687
ENSG00000120798	NR2C1	6.8	13329
ENSG00000120800	UTP20	5.1	11329
ENSG00000120802	TMPO	1.4	4622
ENSG00000120805	ARL1	8.4	14752
ENSG00000120820	GLT8D2	0.0	1
ENSG00000120832	MTERF2	1.8	5759
ENSG00000120833	SOCS2	13.2	17041
ENSG00000120837	NFYB	10.1	15809
ENSG00000120860	WASHC3	2.2	6585
ENSG00000120868	APAF1	9.2	15304
ENSG00000120875	DUSP4	6.7	13235
ENSG00000120885	CLU	50.4	19196
ENSG00000120889	TNFRSF10B	12.8	16920
ENSG00000120896	SORBS3	5.5	11839
ENSG00000120899	PTK2B	41.8	19130
ENSG00000120903	CHRNA2	8.6	14895
ENSG00000120907	ADRA1A	21.3	18383
ENSG00000120910	PPP3CC	6.5	13008
ENSG00000120913	PDLIM2	2.5	7104
ENSG00000120915	EPHX2	14.1	17268
ENSG00000120925	RNF170	2.4	6954
ENSG00000120937	NPPB	18.4	18069
ENSG00000120942	UBIAD1	8.5	14830
ENSG00000120948	TARDBP	16.7	17821
ENSG00000120949	TNFRSF8	6.7	13235
ENSG00000120952	PRAMEF2	1.0	3282
ENSG00000120963	ZNF706	1.0	3282
ENSG00000120992	LYPLA1	9.1	15239
ENSG00000121005	CRISPLD1	0.8	3045
ENSG00000121022	COPS5	15.3	17571
ENSG00000121039	RDH10	6.4	12917
ENSG00000121053	EPX	1.9	5985
ENSG00000121057	AKAP1	4.0	9765
ENSG00000121058	COIL	2.3	6711
ENSG00000121060	TRIM25	16.8	17833
ENSG00000121064	SCPEP1	2.5	7104
ENSG00000121067	SPOP	6.1	12588
ENSG00000121068	TBX2	22.0	18446
ENSG00000121073	SLC35B1	3.2	8468
ENSG00000121075	TBX4	6.8	13329
ENSG00000121101	TEX14	5.8	12204
ENSG00000121104	FAM117A	0.0	1
ENSG00000121152	NCAPH	3.4	8766
ENSG00000121207	LRAT	7.2	13747
ENSG00000121210	TMEM131L	2.1	6380
ENSG00000121211	MND1	2.1	6380
ENSG00000121236	TRIM6	19.6	18225
ENSG00000121270	ABCC11	11.8	16572
ENSG00000121274	TENT4B	13.4	17108
ENSG00000121281	ADCY7	11.3	16392
ENSG00000121289	CEP89	3.4	8766
ENSG00000121297	TSHZ3	5.6	11982
ENSG00000121310	ECHDC2	1.0	3282
ENSG00000121314	TAS2R8	3.5	8994
ENSG00000121316	PLBD1	2.4	6954
ENSG00000121318	TAS2R10	2.5	7104
ENSG00000121335	PRB2	0.0	1
ENSG00000121350	PYROXD1	3.2	8468
ENSG00000121351	IAPP	25.3	18647
ENSG00000121361	KCNJ8	12.3	16779
ENSG00000121377	TAS2R7	3.5	8994
ENSG00000121380	BCL2L14	2.9	7932
ENSG00000121381	TAS2R9	1.9	5985
ENSG00000121390	PSPC1	4.9	11073
ENSG00000121406	ZNF549	1.5	4687
ENSG00000121410	A1BG	1.0	3282
ENSG00000121413	ZSCAN18	1.5	4687
ENSG00000121417	ZNF211	1.5	4687
ENSG00000121440	PDZRN3	2.5	7104
ENSG00000121446	RGSL1	0.0	1
ENSG00000121454	LHX4	6.5	13008
ENSG00000121481	RNF2	9.9	15713
ENSG00000121486	TRMT1L	3.1	8298
ENSG00000121542	SEC22A	1.9	5985
ENSG00000121552	CSTA	5.3	11597
ENSG00000121570	DPPA4	1.0	3282
ENSG00000121577	POPDC2	3.8	9432
ENSG00000121578	B4GALT4	7.1	13639
ENSG00000121579	NAA50	7.9	14372
ENSG00000121594	CD80	11.2	16350
ENSG00000121621	KIF18A	8.6	14895
ENSG00000121634	GJA8	3.1	8298
ENSG00000121644	DESI2	3.7	9268
ENSG00000121653	MAPK8IP1	6.5	13008
ENSG00000121671	CRY2	20.5	18309
ENSG00000121680	PEX16	6.9	13452
ENSG00000121690	DEPDC7	0.0	1
ENSG00000121691	CAT	12.6	16868
ENSG00000121716	PILRB	2.0	6082
ENSG00000121741	ZMYM2	2.2	6585
ENSG00000121742	GJB6	10.6	16075
ENSG00000121743	GJA3	2.6	7291
ENSG00000121749	TBC1D15	2.3	6711
ENSG00000121753	ADGRB2	5.7	12090
ENSG00000121764	HCRTR1	8.8	15033
ENSG00000121766	ZCCHC17	2.3	6711
ENSG00000121769	FABP3	10.1	15809
ENSG00000121774	KHDRBS1	22.2	18455
ENSG00000121775	TMEM39B	0.0	1
ENSG00000121797	CCRL2	8.3	14683
ENSG00000121807	CCR2	34.3	19007
ENSG00000121851	POLR3GL	0.8	3045
ENSG00000121853	GHSR	14.6	17413
ENSG00000121858	TNFSF10	12.0	16648
ENSG00000121864	ZNF639	10.0	15759
ENSG00000121871	SLITRK3	4.2	10017
ENSG00000121879	PIK3CA	27.5	18765
ENSG00000121892	PDS5A	2.6	7291
ENSG00000121895	TMEM156	0.0	1
ENSG00000121897	LIAS	3.5	8994
ENSG00000121898	CPXM2	0.0	1
ENSG00000121900	TMEM54	0.0	1
ENSG00000121903	ZSCAN20	1.5	4687
ENSG00000121904	CSMD2	0.0	1
ENSG00000121905	HPCA	5.6	11982
ENSG00000121931	LRIF1	0.8	3045
ENSG00000121933	TMIGD3	7.1	13639
ENSG00000121940	CLCC1	2.1	6380
ENSG00000121957	GPSM2	10.1	15809
ENSG00000121964	QTMAN	4.7	10753
ENSG00000121966	CXCR4	29.2	18840
ENSG00000121988	ZRANB3	8.7	14962
ENSG00000121989	ACVR2A	18.7	18104
ENSG00000122008	POLK	8.3	14683
ENSG00000122012	SV2C	0.5	1903
ENSG00000122025	FLT3	22.8	18490
ENSG00000122026	RPL21	9.1	15239
ENSG00000122033	MTIF3	4.4	10330
ENSG00000122034	GTF3A	3.4	8766
ENSG00000122035	RASL11A	0.5	1903
ENSG00000122042	UBL3	0.0	1
ENSG00000122068	FYTTD1	3.7	9268
ENSG00000122085	MTERF4	4.5	10501
ENSG00000122121	XPNPEP2	0.9	3235
ENSG00000122122	SASH3	2.0	6082
ENSG00000122126	OCRL	12.1	16689
ENSG00000122133	PAEP	4.4	10330
ENSG00000122136	OBP2A	2.8	7695
ENSG00000122140	MRPS2	2.9	7932
ENSG00000122145	TBX22	5.7	12090
ENSG00000122176	FMOD	1.5	4687
ENSG00000122180	MYOG	20.6	18319
ENSG00000122188	LAX1	8.1	14536
ENSG00000122194	PLG	21.4	18395
ENSG00000122203	KIAA1191	0.0	1
ENSG00000122218	COPA	3.4	8766
ENSG00000122223	CD244	9.7	15609
ENSG00000122224	LY9	2.6	7291
ENSG00000122254	HS3ST2	4.8	10931
ENSG00000122257	RBBP6	7.6	14102
ENSG00000122299	ZC3H7A	3.9	9571
ENSG00000122304	PRM2	6.6	13122
ENSG00000122335	SERAC1	1.6	5463
ENSG00000122359	ANXA11	7.0	13559
ENSG00000122367	LDB3	3.3	8619
ENSG00000122375	OPN4	10.3	15915
ENSG00000122376	SHLD2	4.7	10753
ENSG00000122378	PRXL2A	2.1	6380
ENSG00000122386	ZNF205	5.1	11329
ENSG00000122390	NAA60	7.6	14102
ENSG00000122406	RPL5	19.7	18240
ENSG00000122417	ODF2L	1.3	4364
ENSG00000122420	PTGFR	7.1	13639
ENSG00000122432	SPATA1	0.0	1
ENSG00000122435	TRMT13	1.0	3282
ENSG00000122477	LRRC39	0.5	1903
ENSG00000122481	RWDD3	1.6	5463
ENSG00000122482	ZNF644	3.9	9571
ENSG00000122483	CCDC18	0.5	1903
ENSG00000122484	RPAP2	3.7	9268
ENSG00000122490	SLC66A2	1.0	3282
ENSG00000122507	BBS9	2.4	6954
ENSG00000122512	PMS2	8.9	15105
ENSG00000122515	ZMIZ2	5.2	11424
ENSG00000122543	OCM	1.9	5985
ENSG00000122545	SEPTIN7	8.3	14683
ENSG00000122547	EEPD1	0.8	3045
ENSG00000122550	KLHL7	4.0	9765
ENSG00000122557	HERPUD2	0.5	1903
ENSG00000122565	CBX3	11.2	16350
ENSG00000122566	HNRNPA2B1	16.8	17833
ENSG00000122574	WIPF3	2.0	6082
ENSG00000122584	NXPH1	0.5	1903
ENSG00000122585	NPY	21.9	18434
ENSG00000122591	HYCC1	3.1	8298
ENSG00000122592	HOXA7	12.9	16951
ENSG00000122641	INHBA	40.0	19110
ENSG00000122642	FKBP9	2.0	6082
ENSG00000122643	NT5C3A	9.4	15426
ENSG00000122644	ARL4A	2.3	6711
ENSG00000122674	CCZ1	1.8	5759
ENSG00000122678	POLM	2.8	7695
ENSG00000122679	RAMP3	24.3	18596
ENSG00000122687	MRM2	7.7	14204
ENSG00000122691	TWIST1	35.9	19043
ENSG00000122692	SMU1	1.8	5759
ENSG00000122694	GLIPR2	3.2	8468
ENSG00000122696	SLC25A51	6.7	13235
ENSG00000122705	CLTA	2.6	7291
ENSG00000122707	RECK	7.1	13639
ENSG00000122711	SPINK4	0.0	1
ENSG00000122728	TAF1L	6.5	13008
ENSG00000122729	ACO1	14.9	17482
ENSG00000122733	PHF24	0.5	1903
ENSG00000122735	DNAI1	6.1	12588
ENSG00000122741	DCAF10	0.6	2927
ENSG00000122756	CNTFR	14.7	17436
ENSG00000122778	KIAA1549	0.0	1
ENSG00000122779	TRIM24	12.3	16779
ENSG00000122783	CYREN	3.1	8298
ENSG00000122786	CALD1	4.7	10753
ENSG00000122787	AKR1D1	8.7	14962
ENSG00000122824	NUDT10	4.5	10501
ENSG00000122852	SFTPA1	1.7	5664
ENSG00000122859	NEUROG3	12.2	16737
ENSG00000122861	PLAU	17.7	17976
ENSG00000122862	SRGN	5.6	11982
ENSG00000122863	CHST3	9.3	15379
ENSG00000122870	BICC1	2.3	6711
ENSG00000122873	CISD1	6.3	12794
ENSG00000122877	EGR2	18.2	18050
ENSG00000122882	ECD	1.6	5463
ENSG00000122884	P4HA1	3.5	8994
ENSG00000122912	SLC25A16	6.8	13329
ENSG00000122952	ZWINT	4.9	11073
ENSG00000122958	VPS26A	4.7	10753
ENSG00000122965	RBM19	2.0	6082
ENSG00000122966	CIT	9.2	15304
ENSG00000122970	IFT81	6.4	12917
ENSG00000122971	ACADS	7.7	14204
ENSG00000122986	HVCN1	14.0	17251
ENSG00000123064	DDX54	6.7	13235
ENSG00000123066	MED13L	1.6	5463
ENSG00000123080	CDKN2C	6.4	12917
ENSG00000123091	RNF11	5.2	11424
ENSG00000123094	RASSF8	0.0	1
ENSG00000123095	BHLHE41	13.8	17208
ENSG00000123096	SSPN	2.4	6954
ENSG00000123104	ITPR2	8.6	14895
ENSG00000123106	CCDC91	1.3	4364
ENSG00000123119	NECAB1	1.3	4364
ENSG00000123124	WWP1	5.7	12090
ENSG00000123130	ACOT9	4.0	9765
ENSG00000123131	PRDX4	5.4	11736
ENSG00000123136	DDX39A	9.6	15554
ENSG00000123143	PKN1	18.2	18050
ENSG00000123144	TRIR	3.4	8766
ENSG00000123146	ADGRE5	8.2	14610
ENSG00000123154	WDR83	3.1	8298
ENSG00000123159	GIPC1	10.2	15862
ENSG00000123165	ACTRT1	3.9	9571
ENSG00000123178	SPRYD7	0.0	1
ENSG00000123179	EBPL	0.0	1
ENSG00000123191	ATP7B	15.7	17645
ENSG00000123200	ZC3H13	1.8	5759
ENSG00000123201	GUCY1B2	1.0	3282
ENSG00000123213	NLN	2.3	6711
ENSG00000123219	CENPK	1.1	4265
ENSG00000123240	OPTN	15.0	17507
ENSG00000123243	ITIH5	0.0	1
ENSG00000123268	ATF1	9.6	15554
ENSG00000123297	TSFM	3.7	9268
ENSG00000123307	NEUROD4	4.0	9765
ENSG00000123329	ARHGAP9	4.4	10330
ENSG00000123338	NCKAP1L	27.5	18765
ENSG00000123342	MMP19	5.6	11982
ENSG00000123349	PFDN5	9.3	15379
ENSG00000123352	SPATS2	0.5	1903
ENSG00000123353	ORMDL2	3.1	8298
ENSG00000123358	NR4A1	17.1	17878
ENSG00000123360	PDE1B	7.1	13639
ENSG00000123364	HOXC13	7.7	14204
ENSG00000123374	CDK2	26.9	18742
ENSG00000123384	LRP1	44.5	19159
ENSG00000123388	HOXC11	6.6	13122
ENSG00000123395	ATG101	5.8	12204
ENSG00000123405	NFE2	12.5	16839
ENSG00000123407	HOXC12	1.3	4364
ENSG00000123411	IKZF4	5.7	12090
ENSG00000123415	SMUG1	6.8	13329
ENSG00000123416	TUBA1B	10.9	16206
ENSG00000123427	EEF1AKMT3	5.3	11597
ENSG00000123444	KBTBD4	0.6	2927
ENSG00000123453	SARDH	1.0	3282
ENSG00000123454	DBH	8.0	14457
ENSG00000123472	ATPAF1	2.0	6082
ENSG00000123473	STIL	15.6	17629
ENSG00000123485	HJURP	6.6	13122
ENSG00000123496	IL13RA2	7.5	14017
ENSG00000123500	COL10A1	3.0	8111
ENSG00000123505	AMD1	4.6	10655
ENSG00000123545	NDUFAF4	2.1	6380
ENSG00000123552	USP45	6.8	13329
ENSG00000123560	PLP1	5.5	11839
ENSG00000123561	SERPINA7	2.2	6585
ENSG00000123562	MORF4L2	3.4	8766
ENSG00000123569	H2BW1	3.1	8298
ENSG00000123570	RAB9B	2.9	7932
ENSG00000123572	NRK	1.0	3282
ENSG00000123575	FAM199X	0.0	1
ENSG00000123576	ESX1	8.9	15105
ENSG00000123594	ATXN3L	5.9	12348
ENSG00000123595	RAB9A	7.8	14288
ENSG00000123600	METTL8	5.6	11982
ENSG00000123607	TTC21B	4.6	10655
ENSG00000123609	NMI	7.7	14204
ENSG00000123610	TNFAIP6	14.2	17296
ENSG00000123612	ACVR1C	14.5	17382
ENSG00000123636	BAZ2B	1.5	4687
ENSG00000123643	SLC36A1	11.4	16433
ENSG00000123684	LPGAT1	8.9	15105
ENSG00000123685	BATF3	8.8	15033
ENSG00000123689	G0S2	2.6	7291
ENSG00000123700	KCNJ2	17.7	17976
ENSG00000123728	RAP2C	7.0	13559
ENSG00000123737	EXOSC9	14.6	17413
ENSG00000123739	PLA2G12A	1.1	4265
ENSG00000123810	B9D2	2.1	6380
ENSG00000123815	COQ8B	5.5	11839
ENSG00000123836	PFKFB2	7.7	14204
ENSG00000123838	C4BPA	4.7	10753
ENSG00000123843	C4BPB	4.1	9897
ENSG00000123870	ZNF137P	1.5	4687
ENSG00000123892	RAB38	13.2	17041
ENSG00000123901	GPR83	4.4	10330
ENSG00000123908	AGO2	35.1	19029
ENSG00000123933	MXD4	3.1	8298
ENSG00000123965	PMS2P5	0.0	1
ENSG00000123975	CKS2	2.5	7104
ENSG00000123977	DAW1	2.0	6082
ENSG00000123983	ACSL3	14.3	17326
ENSG00000123989	CHPF	3.4	8766
ENSG00000123992	DNPEP	2.6	7291
ENSG00000123999	INHA	21.1	18366
ENSG00000124003	MOGAT1	3.3	8619
ENSG00000124006	OBSL1	7.4	13914
ENSG00000124019	FAM124B	0.0	1
ENSG00000124067	SLC12A4	11.1	16303
ENSG00000124074	ENKD1	3.7	9268
ENSG00000124089	MC3R	9.5	15494
ENSG00000124091	GCNT7	0.5	1903
ENSG00000124092	CTCFL	11.0	16257
ENSG00000124097	HMGB1P1	0.5	1903
ENSG00000124098	MIMS2	1.6	5463
ENSG00000124102	PI3	4.9	11073
ENSG00000124103	FAM209A	0.0	1
ENSG00000124104	SNX21	1.5	4687
ENSG00000124107	SLPI	11.6	16500
ENSG00000124116	WFDC3	1.5	4687
ENSG00000124120	TTPAL	0.5	1903
ENSG00000124126	PREX1	9.6	15554
ENSG00000124134	KCNS1	5.4	11736
ENSG00000124140	SLC12A5	10.9	16206
ENSG00000124143	ARHGAP40	3.3	8619
ENSG00000124145	SDC4	4.5	10501
ENSG00000124151	NCOA3	14.2	17296
ENSG00000124155	PIGT	4.4	10330
ENSG00000124157	SEMG2	4.5	10501
ENSG00000124159	MATN4	0.6	2927
ENSG00000124160	NCOA5	2.2	6585
ENSG00000124164	VAPB	19.6	18225
ENSG00000124171	PARD6B	5.9	12348
ENSG00000124172	ATP5F1E	3.2	8468
ENSG00000124177	CHD6	6.7	13235
ENSG00000124181	PLCG1	21.3	18383
ENSG00000124191	TOX2	2.6	7291
ENSG00000124193	SRSF6	11.2	16350
ENSG00000124194	GDAP1L1	0.0	1
ENSG00000124196	GTSF1L	0.0	1
ENSG00000124198	ARFGEF2	10.2	15862
ENSG00000124201	ZNFX1	4.1	9897
ENSG00000124203	ZNF831	0.0	1
ENSG00000124205	EDN3	20.2	18279
ENSG00000124207	CSE1L	1.9	5985
ENSG00000124209	RAB22A	8.0	14457
ENSG00000124212	PTGIS	14.1	17268
ENSG00000124214	STAU1	6.9	13452
ENSG00000124215	CDH26	8.0	14457
ENSG00000124216	SNAI1	22.2	18455
ENSG00000124217	MOCS3	11.8	16572
ENSG00000124222	STX16	6.5	13008
ENSG00000124224	PPP4R1L	0.0	1
ENSG00000124225	PMEPA1	7.2	13747
ENSG00000124226	RNF114	1.5	4687
ENSG00000124227	ANKRD60	0.0	1
ENSG00000124228	DDX27	1.3	4364
ENSG00000124232	RBPJL	3.3	8619
ENSG00000124233	SEMG1	8.6	14895
ENSG00000124237	CIMIP1	0.0	1
ENSG00000124243	BCAS4	0.0	1
ENSG00000124249	KCNK15	1.8	5759
ENSG00000124251	TP53TG5	1.2	4328
ENSG00000124253	PCK1	23.6	18551
ENSG00000124256	ZBP1	13.4	17108
ENSG00000124257	NEURL2	1.0	3282
ENSG00000124260	MAGEA10	1.0	3282
ENSG00000124275	MTRR	14.1	17268
ENSG00000124279	FASTKD3	4.4	10330
ENSG00000124302	CHST8	5.7	12090
ENSG00000124313	IQSEC2	6.0	12446
ENSG00000124333	VAMP7	13.2	17041
ENSG00000124334	IL9R	6.3	12794
ENSG00000124343	XG	1.5	4687
ENSG00000124356	STAMBP	8.4	14752
ENSG00000124357	NAGK	9.6	15554
ENSG00000124370	MCEE	5.2	11424
ENSG00000124374	PAIP2B	2.6	7291
ENSG00000124380	SNRNP27	1.8	5759
ENSG00000124383	MPHOSPH10	3.7	9268
ENSG00000124406	ATP8A1	7.2	13747
ENSG00000124422	USP22	12.8	16920
ENSG00000124429	POF1B	6.0	12446
ENSG00000124440	HIF3A	5.7	12090
ENSG00000124444	ZNF576	0.6	2927
ENSG00000124449	IRGC	0.5	1903
ENSG00000124459	ZNF45	0.6	2927
ENSG00000124466	LYPD3	0.8	3045
ENSG00000124467	PSG8	0.0	1
ENSG00000124469	CEACAM8	3.5	8994
ENSG00000124479	NDP	9.5	15494
ENSG00000124486	USP9X	31.1	18919
ENSG00000124490	CRISP2	0.0	1
ENSG00000124491	F13A1	5.7	12090
ENSG00000124493	GRM4	8.2	14610
ENSG00000124496	TRERF1	7.1	13639
ENSG00000124507	PACSIN1	7.1	13639
ENSG00000124508	BTN2A2	2.5	7104
ENSG00000124523	SIRT5	15.7	17645
ENSG00000124532	MRS2	4.4	10330
ENSG00000124535	WRNIP1	5.2	11424
ENSG00000124541	RRP36	2.6	7291
ENSG00000124549	BTN2A3P	1.5	4687
ENSG00000124557	BTN1A1	2.4	6954
ENSG00000124562	SNRPC	7.5	14017
ENSG00000124564	SLC17A3	16.1	17722
ENSG00000124568	SLC17A1	6.6	13122
ENSG00000124570	SERPINB6	4.6	10655
ENSG00000124571	XPO5	12.2	16737
ENSG00000124574	ABCC10	7.3	13831
ENSG00000124587	PEX6	10.9	16206
ENSG00000124588	NQO2	9.3	15379
ENSG00000124596	OARD1	7.1	13639
ENSG00000124602	UNC5CL	3.4	8766
ENSG00000124608	AARS2	4.7	10753
ENSG00000124613	ZNF391	1.5	4687
ENSG00000124614	RPS10	5.4	11736
ENSG00000124615	MOCS1	7.2	13747
ENSG00000124635	H2BC11	12.6	16868
ENSG00000124641	MED20	5.8	12204
ENSG00000124657	OR2B6	1.0	3282
ENSG00000124659	TBCC	6.1	12588
ENSG00000124664	SPDEF	5.2	11424
ENSG00000124678	TCP11	2.8	7695
ENSG00000124688	MAD2L1BP	1.6	5463
ENSG00000124701	APOBEC2	5.7	12090
ENSG00000124702	KLHDC3	4.9	11073
ENSG00000124713	GNMT	9.0	15175
ENSG00000124721	DNAH8	4.5	10501
ENSG00000124731	TREM1	6.6	13122
ENSG00000124733	MEA1	1.8	5759
ENSG00000124743	KLHL31	2.7	7600
ENSG00000124749	COL21A1	0.6	2927
ENSG00000124762	CDKN1A	38.3	19086
ENSG00000124766	SOX4	30.0	18881
ENSG00000124767	GLO1	6.1	12588
ENSG00000124772	CPNE5	1.8	5759
ENSG00000124780	KCNK17	4.7	10753
ENSG00000124782	RREB1	12.7	16895
ENSG00000124783	SSR1	2.4	6954
ENSG00000124784	RIOK1	4.0	9765
ENSG00000124785	NRN1	0.5	1903
ENSG00000124786	SLC35B3	4.1	9897
ENSG00000124787	RPP40	5.9	12348
ENSG00000124788	ATXN1	8.6	14895
ENSG00000124789	NUP153	9.0	15175
ENSG00000124795	DEK	9.3	15379
ENSG00000124802	EEF1E1	2.9	7932
ENSG00000124812	CRISP1	0.9	3235
ENSG00000124813	RUNX2	15.1	17529
ENSG00000124818	OPN5	7.9	14372
ENSG00000124827	GCM2	9.8	15662
ENSG00000124831	LRRFIP1	6.9	13452
ENSG00000124839	RAB17	8.9	15105
ENSG00000124875	CXCL6	9.7	15609
ENSG00000124882	EREG	30.3	18893
ENSG00000124900	TRIM51	1.5	4687
ENSG00000124920	MYRF	7.0	13559
ENSG00000124935	SCGB1D2	0.0	1
ENSG00000124939	SCGB2A1	1.3	4364
ENSG00000124942	AHNAK	4.7	10753
ENSG00000125037	EMC3	4.2	10017
ENSG00000125084	WNT1	31.4	18928
ENSG00000125089	SH3TC1	0.0	1
ENSG00000125107	CNOT1	15.7	17645
ENSG00000125124	BBS2	10.5	16025
ENSG00000125144	MT1G	9.8	15662
ENSG00000125148	MT2A	7.3	13831
ENSG00000125149	PHAF1	0.5	1903
ENSG00000125166	GOT2	8.4	14752
ENSG00000125170	DOK4	1.0	3282
ENSG00000125207	PIWIL1	8.1	14536
ENSG00000125245	GPR18	3.0	8111
ENSG00000125246	CLYBL	6.6	13122
ENSG00000125247	TMTC4	3.9	9571
ENSG00000125249	RAP2A	15.6	17629
ENSG00000125255	SLC10A2	2.8	7695
ENSG00000125257	ABCC4	23.6	18551
ENSG00000125266	EFNB2	10.6	16075
ENSG00000125285	SOX21	7.0	13559
ENSG00000125304	TM9SF2	2.9	7932
ENSG00000125319	HROB	3.9	9571
ENSG00000125337	KIF25	8.0	14457
ENSG00000125347	IRF1	26.5	18718
ENSG00000125351	UPF3B	5.8	12204
ENSG00000125352	RNF113A	4.8	10931
ENSG00000125354	SEPTIN6	5.2	11424
ENSG00000125355	TMEM255A	0.0	1
ENSG00000125356	NDUFA1	3.3	8619
ENSG00000125363	AMELX	13.4	17108
ENSG00000125378	BMP4	82.8	19256
ENSG00000125384	PTGER2	6.9	13452
ENSG00000125386	FAM193A	0.8	3045
ENSG00000125388	GRK4	4.5	10501
ENSG00000125398	SOX9	65.9	19237
ENSG00000125409	TEKT3	2.5	7104
ENSG00000125414	MYH2	4.7	10753
ENSG00000125430	HS3ST3B1	3.9	9571
ENSG00000125434	SLC25A35	0.0	1
ENSG00000125445	MRPS7	4.1	9897
ENSG00000125447	GGA3	11.0	16257
ENSG00000125449	ARMC7	0.6	2927
ENSG00000125450	NUP85	3.4	8766
ENSG00000125454	SLC25A19	7.5	14017
ENSG00000125457	MIF4GD	2.6	7291
ENSG00000125458	NT5C	9.0	15175
ENSG00000125459	MSTO1	2.9	7932
ENSG00000125482	TTF1	2.1	6380
ENSG00000125484	GTF3C4	7.3	13831
ENSG00000125485	DDX31	1.8	5759
ENSG00000125492	BARHL1	2.8	7695
ENSG00000125498	KIR2DL1	4.1	9897
ENSG00000125503	PPP1R12C	1.5	4687
ENSG00000125505	MBOAT7	11.8	16572
ENSG00000125508	SRMS	6.9	13452
ENSG00000125510	OPRL1	9.1	15239
ENSG00000125520	SLC2A4RG	3.1	8298
ENSG00000125522	NPBWR2	3.2	8468
ENSG00000125531	FNDC11	0.0	1
ENSG00000125533	BHLHE23	3.8	9432
ENSG00000125534	PPDPF	0.0	1
ENSG00000125538	IL1B	74.7	19252
ENSG00000125571	IL37	10.4	15985
ENSG00000125611	CHCHD5	0.5	1903
ENSG00000125618	PAX8	31.8	18942
ENSG00000125629	INSIG2	7.2	13747
ENSG00000125630	POLR1B	6.0	12446
ENSG00000125633	CCDC93	2.7	7600
ENSG00000125637	PSD4	1.0	3282
ENSG00000125648	SLC25A23	9.6	15554
ENSG00000125650	PSPN	5.8	12204
ENSG00000125651	GTF2F1	13.4	17108
ENSG00000125652	ALKBH7	5.5	11839
ENSG00000125656	CLPP	8.7	14962
ENSG00000125657	TNFSF9	5.1	11329
ENSG00000125675	GRIA3	9.8	15662
ENSG00000125676	THOC2	4.8	10931
ENSG00000125686	MED1	39.5	19103
ENSG00000125691	RPL23	16.3	17761
ENSG00000125703	ATG4C	8.3	14683
ENSG00000125726	CD70	8.1	14536
ENSG00000125730	C3	28.7	18821
ENSG00000125731	SH2D3A	0.9	3235
ENSG00000125733	TRIP10	2.9	7932
ENSG00000125734	GPR108	1.5	4687
ENSG00000125735	TNFSF14	14.9	17482
ENSG00000125740	FOSB	4.6	10655
ENSG00000125741	OPA3	1.3	4364
ENSG00000125743	SNRPD2	10.2	15862
ENSG00000125744	RTN2	3.8	9432
ENSG00000125746	EML2	6.0	12446
ENSG00000125753	VASP	4.6	10655
ENSG00000125755	SYMPK	2.2	6585
ENSG00000125772	GPCPD1	1.0	3282
ENSG00000125775	SDCBP2	5.8	12204
ENSG00000125779	PANK2	7.6	14102
ENSG00000125780	TGM3	9.6	15554
ENSG00000125787	GNRH2	2.8	7695
ENSG00000125788	DEFB126	1.6	5463
ENSG00000125798	FOXA2	23.8	18568
ENSG00000125810	CD93	6.5	13008
ENSG00000125812	GZF1	7.9	14372
ENSG00000125813	PAX1	5.6	11982
ENSG00000125814	NAPB	3.0	8111
ENSG00000125815	CST8	0.9	3235
ENSG00000125816	NKX2-4	2.5	7104
ENSG00000125817	CENPB	3.6	9147
ENSG00000125818	PSMF1	5.1	11329
ENSG00000125820	NKX2-2	4.4	10330
ENSG00000125821	DTD1	1.8	5759
ENSG00000125823	CSTL1	1.0	3282
ENSG00000125826	RBCK1	11.3	16392
ENSG00000125827	TMX4	0.5	1903
ENSG00000125831	CST11	2.6	7291
ENSG00000125834	STK35	1.5	4687
ENSG00000125835	SNRPB	12.8	16920
ENSG00000125841	NRSN2	0.5	1903
ENSG00000125843	AP5S1	3.3	8619
ENSG00000125844	RRBP1	2.8	7695
ENSG00000125845	BMP2	78.1	19254
ENSG00000125846	ZNF133	3.2	8468
ENSG00000125848	FLRT3	7.5	14017
ENSG00000125850	OVOL2	13.5	17136
ENSG00000125851	PCSK2	5.2	11424
ENSG00000125861	GFRA4	2.6	7291
ENSG00000125863	MKKS	15.7	17645
ENSG00000125864	BFSP1	2.4	6954
ENSG00000125868	DSTN	4.9	11073
ENSG00000125869	LAMP5	0.5	1903
ENSG00000125870	SNRPB2	4.6	10655
ENSG00000125871	MGME1	5.2	11424
ENSG00000125872	LRRN4	0.5	1903
ENSG00000125875	TBC1D20	9.8	15662
ENSG00000125877	ITPA	1.8	5759
ENSG00000125878	TCF15	8.2	14610
ENSG00000125879	OTOR	1.4	4622
ENSG00000125885	MCM8	13.3	17085
ENSG00000125888	BANF2	1.8	5759
ENSG00000125895	TMEM74B	0.0	1
ENSG00000125898	FAM110A	0.8	3045
ENSG00000125900	SIRPD	0.0	1
ENSG00000125901	MRPS26	1.1	4265
ENSG00000125910	S1PR4	4.4	10330
ENSG00000125912	NCLN	6.1	12588
ENSG00000125931	CITED1	29.6	18860
ENSG00000125944	HNRNPR	3.2	8468
ENSG00000125945	ZNF436	1.5	4687
ENSG00000125952	MAX	12.1	16689
ENSG00000125962	ARMCX5	0.0	1
ENSG00000125965	GDF5	11.4	16433
ENSG00000125966	MMP24	7.7	14204
ENSG00000125967	NECAB3	2.7	7600
ENSG00000125968	ID1	8.9	15105
ENSG00000125970	RALY	4.4	10330
ENSG00000125971	DYNLRB1	4.5	10501
ENSG00000125975	C20orf173	1.0	3282
ENSG00000125977	EIF2S2	7.3	13831
ENSG00000125991	ERGIC3	3.2	8468
ENSG00000125995	ROMO1	12.8	16920
ENSG00000125998	SACK1C	1.8	5759
ENSG00000125999	BPIFB1	2.6	7291
ENSG00000126001	CEP250	9.0	15175
ENSG00000126003	PLAGL2	4.0	9765
ENSG00000126010	GRPR	6.6	13122
ENSG00000126012	KDM5C	5.3	11597
ENSG00000126016	AMOT	13.0	16985
ENSG00000126062	TMEM115	2.7	7600
ENSG00000126067	PSMB2	18.1	18029
ENSG00000126070	AGO3	14.0	17251
ENSG00000126088	UROD	6.9	13452
ENSG00000126091	ST3GAL3	8.6	14895
ENSG00000126106	TMEM53	2.9	7932
ENSG00000126107	HECTD3	3.1	8298
ENSG00000126214	KLC1	2.4	6954
ENSG00000126215	XRCC3	17.3	17917
ENSG00000126216	TUBGCP3	6.7	13235
ENSG00000126217	MCF2L	4.7	10753
ENSG00000126218	F10	10.6	16075
ENSG00000126226	PCID2	6.0	12446
ENSG00000126231	PROZ	1.5	4687
ENSG00000126233	SLURP1	5.8	12204
ENSG00000126243	LRFN3	0.0	1
ENSG00000126246	IGFLR1	0.0	1
ENSG00000126247	CAPNS1	3.8	9432
ENSG00000126249	PDCD2L	0.5	1903
ENSG00000126251	GPR42	2.8	7695
ENSG00000126254	RBM42	2.2	6585
ENSG00000126259	KIRREL2	2.1	6380
ENSG00000126261	UBA2	10.8	16162
ENSG00000126262	FFAR2	10.5	16025
ENSG00000126264	HCST	6.3	12794
ENSG00000126266	FFAR1	10.1	15809
ENSG00000126267	COX6B1	2.3	6711
ENSG00000126337	KRT36	2.6	7291
ENSG00000126351	THRA	18.1	18029
ENSG00000126353	CCR7	41.6	19127
ENSG00000126368	NR1D1	31.4	18928
ENSG00000126391	FRMD8	2.1	6380
ENSG00000126432	PRDX5	18.2	18050
ENSG00000126453	BCL2L12	2.1	6380
ENSG00000126456	IRF3	31.2	18921
ENSG00000126457	PRMT1	40.0	19110
ENSG00000126458	RRAS	13.7	17187
ENSG00000126460	PRRG2	1.5	4687
ENSG00000126461	SCAF1	1.3	4364
ENSG00000126464	PRR12	0.8	3045
ENSG00000126467	TSKS	1.3	4364
ENSG00000126500	FLRT1	2.1	6380
ENSG00000126522	ASL	5.9	12348
ENSG00000126524	SBDS	8.5	14830
ENSG00000126545	CSN1S1	2.0	6082
ENSG00000126549	STATH	4.9	11073
ENSG00000126550	HTN1	8.8	15033
ENSG00000126561	STAT5A	21.9	18434
ENSG00000126562	WNK4	9.2	15304
ENSG00000126581	BECN1	29.4	18850
ENSG00000126583	PRKCG	10.5	16025
ENSG00000126602	TRAP1	8.3	14683
ENSG00000126603	GLIS2	7.3	13831
ENSG00000126653	NSRP1	3.4	8766
ENSG00000126698	DNAJC8	0.8	3045
ENSG00000126705	AHDC1	3.2	8468
ENSG00000126709	IFI6	10.7	16120
ENSG00000126733	DACH2	1.5	4687
ENSG00000126746	ZNF384	1.8	5759
ENSG00000126749	EMG1	6.5	13008
ENSG00000126752	SSX1	2.4	6954
ENSG00000126756	UXT	9.3	15379
ENSG00000126759	CFP	5.2	11424
ENSG00000126767	ELK1	12.1	16689
ENSG00000126768	TIMM17B	2.5	7104
ENSG00000126773	PCNX4	0.0	1
ENSG00000126775	ATG14	20.1	18270
ENSG00000126777	KTN1	1.6	5463
ENSG00000126778	SIX1	25.4	18652
ENSG00000126785	RHOJ	8.9	15105
ENSG00000126787	DLGAP5	4.2	10017
ENSG00000126790	L3HYPDH	2.1	6380
ENSG00000126803	HSPA2	10.3	15915
ENSG00000126804	ZBTB1	13.8	17208
ENSG00000126814	TRMT5	2.3	6711
ENSG00000126821	SGPP1	5.9	12348
ENSG00000126822	PLEKHG3	5.7	12090
ENSG00000126838	PZP	2.8	7695
ENSG00000126856	PRDM7	0.8	3045
ENSG00000126858	RHOT1	10.0	15759
ENSG00000126860	EVI2A	0.6	2927
ENSG00000126861	OMG	0.5	1903
ENSG00000126870	DYNC2I1	5.6	11982
ENSG00000126878	AIF1L	2.8	7695
ENSG00000126882	FAM78A	0.0	1
ENSG00000126883	NUP214	5.8	12204
ENSG00000126895	AVPR2	10.7	16120
ENSG00000126903	SLC10A3	1.0	3282
ENSG00000126934	MAP2K2	14.4	17358
ENSG00000126945	HNRNPH2	2.4	6954
ENSG00000126947	ARMCX1	0.5	1903
ENSG00000126950	TMEM35A	4.7	10753
ENSG00000126952	NXF5	3.4	8766
ENSG00000126970	ZC4H2	5.5	11839
ENSG00000127022	CANX	7.5	14017
ENSG00000127054	INTS11	7.0	13559
ENSG00000127074	RGS13	2.8	7695
ENSG00000127080	IPPK	5.2	11424
ENSG00000127081	ZNF484	1.0	3282
ENSG00000127083	OMD	0.0	1
ENSG00000127084	FGD3	6.8	13329
ENSG00000127124	HIVEP3	2.3	6711
ENSG00000127125	PPCS	7.4	13914
ENSG00000127129	EDN2	18.6	18090
ENSG00000127152	BCL11B	4.7	10753
ENSG00000127184	COX7C	2.6	7291
ENSG00000127191	TRAF2	37.2	19065
ENSG00000127220	ABHD8	3.3	8619
ENSG00000127241	MASP1	13.6	17161
ENSG00000127249	ATP13A4	3.8	9432
ENSG00000127252	PLAAT1	7.8	14288
ENSG00000127311	HELB	9.4	15426
ENSG00000127314	RAP1B	10.0	15759
ENSG00000127324	TSPAN8	0.0	1
ENSG00000127325	BEST3	2.3	6711
ENSG00000127328	RAB3IP	7.3	13831
ENSG00000127329	PTPRB	7.7	14204
ENSG00000127334	DYRK2	12.0	16648
ENSG00000127337	YEATS4	8.9	15105
ENSG00000127362	TAS2R3	3.5	8994
ENSG00000127364	TAS2R4	3.5	8994
ENSG00000127366	TAS2R5	4.4	10330
ENSG00000127377	CRYGN	1.5	4687
ENSG00000127399	LRRC61	0.0	1
ENSG00000127412	TRPV5	8.6	14895
ENSG00000127415	IDUA	6.5	13008
ENSG00000127418	FGFRL1	5.0	11192
ENSG00000127419	TMEM175	7.4	13914
ENSG00000127423	AUNIP	3.7	9268
ENSG00000127445	PIN1	32.8	18978
ENSG00000127452	FBXL12	1.7	5664
ENSG00000127463	EMC1	3.2	8468
ENSG00000127472	PLA2G5	12.6	16868
ENSG00000127481	UBR4	15.3	17571
ENSG00000127483	HP1BP3	7.1	13639
ENSG00000127507	ADGRE2	6.8	13329
ENSG00000127511	SIN3B	4.0	9765
ENSG00000127515	OR7A10	1.0	3282
ENSG00000127526	SLC35E1	1.0	3282
ENSG00000127527	EPS15L1	2.0	6082
ENSG00000127528	KLF2	14.8	17461
ENSG00000127529	OR7C2	1.0	3282
ENSG00000127530	OR7C1	2.8	7695
ENSG00000127533	F2RL3	10.7	16120
ENSG00000127540	UQCR11	3.0	8111
ENSG00000127554	GFER	3.9	9571
ENSG00000127561	SYNGR3	1.5	4687
ENSG00000127564	PKMYT1	9.8	15662
ENSG00000127578	WFIKKN1	3.9	9571
ENSG00000127580	WDR24	9.9	15713
ENSG00000127585	FBXL16	1.1	4265
ENSG00000127586	CHTF18	4.5	10501
ENSG00000127588	GNG13	1.8	5759
ENSG00000127603	MACF1	13.0	16985
ENSG00000127616	SMARCA4	38.6	19088
ENSG00000127663	KDM4B	6.2	12686
ENSG00000127666	TICAM1	15.4	17593
ENSG00000127720	METTL25	0.0	1
ENSG00000127774	EMC6	5.3	11597
ENSG00000127780	OR1E2	3.7	9268
ENSG00000127804	METTL16	11.3	16392
ENSG00000127824	TUBA4A	3.3	8619
ENSG00000127831	VIL1	27.9	18790
ENSG00000127837	AAMP	3.2	8468
ENSG00000127838	PNKD	1.3	4364
ENSG00000127863	TNFRSF19	3.3	8619
ENSG00000127870	RNF6	9.6	15554
ENSG00000127884	ECHS1	7.2	13747
ENSG00000127903	ZNF835	1.5	4687
ENSG00000127914	AKAP9	18.0	18016
ENSG00000127920	GNG11	2.8	7695
ENSG00000127928	GNGT1	3.1	8298
ENSG00000127946	HIP1	26.9	18742
ENSG00000127947	PTPN12	10.2	15862
ENSG00000127948	POR	7.4	13914
ENSG00000127951	FGL2	0.6	2927
ENSG00000127952	STYXL1	8.5	14830
ENSG00000127954	STEAP4	6.0	12446
ENSG00000127955	GNAI1	23.2	18520
ENSG00000127957	PMS2P3	0.0	1
ENSG00000127980	PEX1	10.9	16206
ENSG00000127989	MTERF1	7.4	13914
ENSG00000127990	SGCE	2.4	6954
ENSG00000127993	RBM48	0.6	2927
ENSG00000127995	CASD1	2.1	6380
ENSG00000128000	ZNF780B	1.5	4687
ENSG00000128011	LRFN1	0.0	1
ENSG00000128016	ZFP36	44.0	19151
ENSG00000128039	SRD5A3	8.1	14536
ENSG00000128040	SPINK2	2.7	7600
ENSG00000128045	RASL11B	0.0	1
ENSG00000128050	PAICS	14.5	17382
ENSG00000128052	KDR	46.4	19171
ENSG00000128059	PPAT	2.8	7695
ENSG00000128159	TUBGCP6	5.7	12090
ENSG00000128165	ADM2	8.6	14895
ENSG00000128185	DGCR6L	0.0	1
ENSG00000128191	DGCR8	9.5	15494
ENSG00000128203	ASPHD2	0.0	1
ENSG00000128218	VPREB3	0.5	1903
ENSG00000128228	SDF2L1	1.6	5463
ENSG00000128242	GAL3ST1	8.5	14830
ENSG00000128245	YWHAH	13.3	17085
ENSG00000128250	RFPL1	3.1	8298
ENSG00000128253	RFPL2	1.5	4687
ENSG00000128266	GNAZ	3.8	9432
ENSG00000128268	MGAT3	7.8	14288
ENSG00000128271	ADORA2A	18.2	18050
ENSG00000128272	ATF4	44.8	19165
ENSG00000128274	A4GALT	5.0	11192
ENSG00000128276	RFPL3	1.5	4687
ENSG00000128283	CDC42EP1	4.6	10655
ENSG00000128284	APOL3	2.8	7695
ENSG00000128285	MCHR1	7.8	14288
ENSG00000128294	TPST2	5.6	11982
ENSG00000128298	BAIAP2L2	2.5	7104
ENSG00000128309	MPST	6.5	13008
ENSG00000128310	GALR3	10.3	15915
ENSG00000128311	TST	6.4	12917
ENSG00000128313	APOL5	1.7	5664
ENSG00000128322	IGLL1	1.6	5463
ENSG00000128335	APOL2	5.3	11597
ENSG00000128340	RAC2	17.0	17864
ENSG00000128342	LIF	19.1	18159
ENSG00000128346	C22orf23	0.0	1
ENSG00000128383	APOBEC3A	9.4	15426
ENSG00000128394	APOBEC3F	15.5	17610
ENSG00000128408	RIBC2	0.5	1903
ENSG00000128422	KRT17	2.5	7104
ENSG00000128463	EMC4	3.2	8468
ENSG00000128482	RNF112	7.2	13747
ENSG00000128487	SPECC1	0.5	1903
ENSG00000128510	CPA4	4.0	9765
ENSG00000128512	DOCK4	7.1	13639
ENSG00000128513	POT1	26.0	18682
ENSG00000128519	TAS2R16	3.6	9147
ENSG00000128524	ATP6V1F	4.8	10931
ENSG00000128534	LSM8	4.7	10753
ENSG00000128536	CDHR3	4.0	9765
ENSG00000128563	PRKRIP1	4.4	10330
ENSG00000128564	VGF	2.3	6711
ENSG00000128567	PODXL	6.6	13122
ENSG00000128573	FOXP2	11.3	16392
ENSG00000128578	STRIP2	2.1	6380
ENSG00000128581	IFT22	2.2	6585
ENSG00000128585	MKLN1	4.5	10501
ENSG00000128590	DNAJB9	5.6	11982
ENSG00000128591	FLNC	3.2	8468
ENSG00000128594	LRRC4	2.5	7104
ENSG00000128595	CALU	2.2	6585
ENSG00000128596	CCDC136	2.5	7104
ENSG00000128602	SMO	19.2	18173
ENSG00000128604	IRF5	18.7	18104
ENSG00000128606	LRRC17	2.5	7104
ENSG00000128607	KLHDC10	4.1	9897
ENSG00000128609	NDUFA5	3.8	9432
ENSG00000128610	FEZF1	1.5	4687
ENSG00000128617	OPN1SW	9.7	15609
ENSG00000128626	MRPS12	4.0	9765
ENSG00000128641	MYO1B	10.0	15759
ENSG00000128645	HOXD1	2.8	7695
ENSG00000128652	HOXD3	11.9	16616
ENSG00000128654	MTX2	4.3	10201
ENSG00000128655	PDE11A	6.5	13008
ENSG00000128656	CHN1	5.3	11597
ENSG00000128683	GAD1	6.9	13452
ENSG00000128694	OSGEPL1	3.3	8619
ENSG00000128699	ORMDL1	3.1	8298
ENSG00000128708	HAT1	5.6	11982
ENSG00000128709	HOXD9	6.7	13235
ENSG00000128710	HOXD10	3.4	8766
ENSG00000128713	HOXD11	4.3	10201
ENSG00000128714	HOXD13	8.4	14752
ENSG00000128731	HERC2	7.0	13559
ENSG00000128739	SNRPN	1.9	5985
ENSG00000128789	PSMG2	4.2	10017
ENSG00000128791	TWSG1	5.3	11597
ENSG00000128805	ARHGAP22	4.9	11073
ENSG00000128815	WDFY4	0.5	1903
ENSG00000128829	EIF2AK4	20.2	18279
ENSG00000128833	MYO5C	2.0	6082
ENSG00000128849	CGNL1	3.7	9268
ENSG00000128872	TMOD2	3.8	9432
ENSG00000128881	TTBK2	14.0	17251
ENSG00000128886	ELL3	8.7	14962
ENSG00000128891	CCDC32	2.6	7291
ENSG00000128908	INO80	18.5	18079
ENSG00000128915	ICE2	4.5	10501
ENSG00000128917	DLL4	22.0	18446
ENSG00000128918	ALDH1A2	10.8	16162
ENSG00000128923	MINDY2	5.8	12204
ENSG00000128928	IVD	6.6	13122
ENSG00000128944	KNSTRN	8.7	14962
ENSG00000128951	DUT	7.6	14102
ENSG00000128965	CHAC1	6.9	13452
ENSG00000128973	CLN6	7.5	14017
ENSG00000128989	ARPP19	10.6	16075
ENSG00000129003	VPS13C	4.0	9765
ENSG00000129007	CALML4	3.1	8298
ENSG00000129009	ISLR	0.9	3235
ENSG00000129028	THAP10	0.0	1
ENSG00000129038	LOXL1	2.4	6954
ENSG00000129048	ACKR4	7.4	13914
ENSG00000129055	ANAPC13	5.5	11839
ENSG00000129071	MBD4	5.8	12204
ENSG00000129083	COPB1	2.1	6380
ENSG00000129084	PSMA1	18.1	18029
ENSG00000129103	SUMF2	3.5	8994
ENSG00000129116	PALLD	3.5	8994
ENSG00000129128	SPCS3	3.4	8766
ENSG00000129151	BBOX1	6.4	12917
ENSG00000129152	MYOD1	19.6	18225
ENSG00000129158	SERGEF	3.1	8298
ENSG00000129159	KCNC1	5.9	12348
ENSG00000129167	TPH1	2.5	7104
ENSG00000129170	CSRP3	17.1	17878
ENSG00000129173	E2F8	12.9	16951
ENSG00000129187	DCTD	5.7	12090
ENSG00000129194	SOX15	12.2	16737
ENSG00000129195	PIMREG	0.0	1
ENSG00000129197	RPAIN	2.1	6380
ENSG00000129204	USP6	7.7	14204
ENSG00000129214	SHBG	1.9	5985
ENSG00000129219	PLD2	6.9	13452
ENSG00000129221	AIPL1	3.4	8766
ENSG00000129226	CD68	3.0	8111
ENSG00000129235	TXNDC17	2.1	6380
ENSG00000129244	ATP1B2	18.6	18090
ENSG00000129245	FXR2	9.4	15426
ENSG00000129250	KIF1C	5.8	12204
ENSG00000129255	MPDU1	3.6	9147
ENSG00000129292	PHF20L1	2.9	7932
ENSG00000129295	DNAAF11	11.7	16536
ENSG00000129315	CCNT1	11.1	16303
ENSG00000129317	PUS7L	2.6	7291
ENSG00000129347	KRI1	1.0	3282
ENSG00000129351	ILF3	9.5	15494
ENSG00000129353	SLC44A2	9.1	15239
ENSG00000129354	AP1M2	4.0	9765
ENSG00000129355	CDKN2D	11.0	16257
ENSG00000129422	MTUS1	1.0	3282
ENSG00000129437	KLK14	7.2	13747
ENSG00000129450	SIGLEC9	2.2	6585
ENSG00000129451	KLK10	1.9	5985
ENSG00000129455	KLK8	4.3	10201
ENSG00000129460	NGDN	2.4	6954
ENSG00000129465	RIPK3	30.1	18884
ENSG00000129467	ADCY4	7.4	13914
ENSG00000129472	RAB2B	5.9	12348
ENSG00000129474	AJUBA	8.9	15105
ENSG00000129480	DTD2	2.6	7291
ENSG00000129484	PARP2	16.1	17722
ENSG00000129493	HEATR5A	1.5	4687
ENSG00000129514	FOXA1	17.6	17959
ENSG00000129515	SNX6	9.8	15662
ENSG00000129518	EAPP	2.4	6954
ENSG00000129521	EGLN3	6.5	13008
ENSG00000129534	MIS18BP1	1.2	4328
ENSG00000129535	NRL	10.8	16162
ENSG00000129538	RNASE1	3.5	8994
ENSG00000129559	NEDD8	7.7	14204
ENSG00000129562	DAD1	5.7	12090
ENSG00000129566	TEP1	6.3	12794
ENSG00000129595	EPB41L4A	0.5	1903
ENSG00000129596	CDO1	10.1	15809
ENSG00000129625	REEP5	1.0	3282
ENSG00000129636	ITFG1	0.0	1
ENSG00000129646	QRICH2	3.4	8766
ENSG00000129654	FOXJ1	22.8	18490
ENSG00000129657	SEC14L1	5.0	11192
ENSG00000129667	RHBDF2	3.8	9432
ENSG00000129673	AANAT	7.8	14288
ENSG00000129675	ARHGEF6	4.8	10931
ENSG00000129680	MAP7D3	3.7	9268
ENSG00000129682	FGF13	15.5	17610
ENSG00000129691	ASH2L	5.9	12348
ENSG00000129696	TTI2	1.2	4328
ENSG00000129744	ART1	1.4	4622
ENSG00000129749	CHRNA10	9.4	15426
ENSG00000129757	CDKN1C	5.8	12204
ENSG00000129810	SGO1	7.6	14102
ENSG00000129824	RPS4Y1	5.8	12204
ENSG00000129910	CDH15	4.9	11073
ENSG00000129911	KLF16	2.8	7695
ENSG00000129925	PGAP6	0.0	1
ENSG00000129932	DOHH	3.7	9268
ENSG00000129933	MAU2	3.5	8994
ENSG00000129946	SHC2	1.0	3282
ENSG00000129951	PLPPR3	2.0	6082
ENSG00000129965	INS-IGF2	1.0	3282
ENSG00000129968	ABHD17A	6.8	13329
ENSG00000129988	LBP	30.2	18888
ENSG00000129990	SYT5	5.2	11424
ENSG00000129991	TNNI3	16.0	17704
ENSG00000129993	CBFA2T3	9.9	15713
ENSG00000130005	GAMT	6.2	12686
ENSG00000130021	PUDP	1.3	4364
ENSG00000130023	ERMARD	0.0	1
ENSG00000130024	PHF10	8.6	14895
ENSG00000130032	PRRG3	1.5	4687
ENSG00000130035	GALNT8	2.8	7695
ENSG00000130037	KCNA5	24.1	18588
ENSG00000130038	CRACR2A	10.3	15915
ENSG00000130045	NXNL2	1.0	3282
ENSG00000130052	STARD8	1.5	4687
ENSG00000130054	NALF2	1.0	3282
ENSG00000130055	GDPD2	4.5	10501
ENSG00000130066	SAT1	8.1	14536
ENSG00000130119	GNL3L	6.9	13452
ENSG00000130147	SH3BP4	10.8	16162
ENSG00000130150	MOSPD2	4.0	9765
ENSG00000130158	DOCK6	1.0	3282
ENSG00000130159	ECSIT	7.4	13914
ENSG00000130164	LDLR	33.7	18993
ENSG00000130165	ELOF1	3.4	8766
ENSG00000130167	TSPAN16	0.0	1
ENSG00000130173	ANGPTL8	6.3	12794
ENSG00000130175	PRKCSH	4.8	10931
ENSG00000130176	CNN1	2.7	7600
ENSG00000130177	CDC16	7.5	14017
ENSG00000130182	ZSCAN10	3.0	8111
ENSG00000130193	THEM6	0.0	1
ENSG00000130202	NECTIN2	17.8	17987
ENSG00000130203	APOE	108.5	19267
ENSG00000130204	TOMM40	5.1	11329
ENSG00000130208	APOC1	22.4	18467
ENSG00000130222	GADD45G	3.4	8766
ENSG00000130224	LRCH2	0.0	1
ENSG00000130226	DPP6	4.9	11073
ENSG00000130227	XPO7	2.6	7291
ENSG00000130234	ACE2	29.7	18867
ENSG00000130244	TSLIG3C	0.0	1
ENSG00000130254	SAFB2	1.8	5759
ENSG00000130270	ATP8B3	1.5	4687
ENSG00000130283	GDF1	1.0	3282
ENSG00000130287	NCAN	1.0	3282
ENSG00000130294	KIF1A	8.1	14536
ENSG00000130299	GTPBP3	3.4	8766
ENSG00000130300	PLVAP	3.9	9571
ENSG00000130303	BST2	14.2	17296
ENSG00000130304	SLC27A1	19.4	18201
ENSG00000130305	NSUN5	5.9	12348
ENSG00000130307	USHBP1	0.8	3045
ENSG00000130309	COLGALT1	4.7	10753
ENSG00000130311	DDA1	1.9	5985
ENSG00000130312	MRPL34	1.8	5759
ENSG00000130313	PGLS	5.1	11329
ENSG00000130332	LSM7	4.3	10201
ENSG00000130338	TULP4	0.0	1
ENSG00000130340	SNX9	17.1	17878
ENSG00000130347	RTN4IP1	3.9	9571
ENSG00000130348	QRSL1	3.9	9571
ENSG00000130349	MTRES1	4.2	10017
ENSG00000130363	RSPH3	1.2	4328
ENSG00000130368	MAS1	8.7	14962
ENSG00000130377	ACSBG2	6.0	12446
ENSG00000130382	MLLT1	1.0	3282
ENSG00000130383	FUT5	11.2	16350
ENSG00000130385	BMP15	1.9	5985
ENSG00000130396	AFDN	12.4	16811
ENSG00000130402	ACTN4	19.4	18201
ENSG00000130413	STK33	9.7	15609
ENSG00000130414	NDUFA10	3.4	8766
ENSG00000130427	EPO	18.1	18029
ENSG00000130429	ARPC1B	3.8	9432
ENSG00000130433	CACNG6	3.0	8111
ENSG00000130449	ZSWIM6	0.5	1903
ENSG00000130475	FCHO1	5.0	11192
ENSG00000130477	UNC13A	6.7	13235
ENSG00000130479	MAP1S	16.3	17761
ENSG00000130487	KLHDC7B	0.0	1
ENSG00000130508	PXDN	15.0	17507
ENSG00000130511	SSBP4	1.0	3282
ENSG00000130513	GDF15	17.5	17947
ENSG00000130517	PGPEP1	1.0	3282
ENSG00000130518	IQCN	0.8	3045
ENSG00000130520	LSM4	6.9	13452
ENSG00000130522	JUND	9.0	15175
ENSG00000130528	HRC	11.5	16473
ENSG00000130529	TRPM4	22.1	18450
ENSG00000130538	OR11H1	0.0	1
ENSG00000130540	SULT4A1	3.2	8468
ENSG00000130544	ZNF557	1.5	4687
ENSG00000130558	OLFM1	5.7	12090
ENSG00000130559	CAMSAP1	6.1	12588
ENSG00000130560	UBAC1	4.4	10330
ENSG00000130561	SAG	4.2	10017
ENSG00000130584	ZBTB46	5.8	12204
ENSG00000130589	HELZ2	4.7	10753
ENSG00000130590	SAMD10	0.5	1903
ENSG00000130592	LSP1	1.8	5759
ENSG00000130595	TNNT3	10.5	16025
ENSG00000130598	TNNI2	4.2	10017
ENSG00000130612	CYP2G1P	0.0	1
ENSG00000130635	COL5A1	14.7	17436
ENSG00000130638	ATXN10	2.9	7932
ENSG00000130640	TUBGCP2	7.5	14017
ENSG00000130643	CALY	3.9	9571
ENSG00000130649	CYP2E1	21.1	18366
ENSG00000130653	PNPLA7	0.5	1903
ENSG00000130656	HBZ	4.3	10201
ENSG00000130669	PAK4	13.2	17041
ENSG00000130675	MNX1	3.8	9432
ENSG00000130684	ZNF337	1.5	4687
ENSG00000130695	CEP85	4.8	10931
ENSG00000130699	TAF4	10.8	16162
ENSG00000130700	GATA5	12.8	16920
ENSG00000130701	RBBP8NL	0.0	1
ENSG00000130702	LAMA5	9.0	15175
ENSG00000130703	OSBPL2	10.3	15915
ENSG00000130706	ADRM1	8.8	15033
ENSG00000130707	ASS1	12.1	16689
ENSG00000130711	PRDM12	8.8	15033
ENSG00000130713	EXOSC2	9.9	15713
ENSG00000130714	POMT1	6.1	12588
ENSG00000130717	UCK1	3.7	9268
ENSG00000130720	FIBCD1	0.8	3045
ENSG00000130724	CHMP2A	31.2	18921
ENSG00000130725	UBE2M	7.8	14288
ENSG00000130726	TRIM28	27.2	18754
ENSG00000130731	METTL26	0.0	1
ENSG00000130733	YIPF2	0.0	1
ENSG00000130734	ATG4D	9.9	15713
ENSG00000130741	EIF2S3	8.1	14536
ENSG00000130748	TMEM160	0.0	1
ENSG00000130749	ZC3H4	6.3	12794
ENSG00000130751	NPAS1	4.8	10931
ENSG00000130755	GMFG	4.2	10017
ENSG00000130758	MAP3K10	9.7	15609
ENSG00000130762	ARHGEF16	9.2	15304
ENSG00000130764	LRRC47	1.0	3282
ENSG00000130766	SESN2	28.0	18796
ENSG00000130768	SMPDL3B	3.8	9432
ENSG00000130772	MED18	2.8	7695
ENSG00000130775	THEMIS2	1.9	5985
ENSG00000130779	CLIP1	8.0	14457
ENSG00000130787	HIP1R	21.1	18366
ENSG00000130803	ZNF317	1.5	4687
ENSG00000130810	PPAN	1.5	4687
ENSG00000130811	EIF3G	6.8	13329
ENSG00000130812	ANGPTL6	0.5	1903
ENSG00000130813	SHFL	13.2	17041
ENSG00000130816	DNMT1	17.1	17878
ENSG00000130818	ZNF426	1.5	4687
ENSG00000130821	SLC6A8	8.3	14683
ENSG00000130822	PNCK	1.5	4687
ENSG00000130826	DKC1	18.9	18139
ENSG00000130827	PLXNA3	8.1	14536
ENSG00000130829	DUSP9	7.4	13914
ENSG00000130830	MPP1	3.4	8766
ENSG00000130844	ZNF331	2.1	6380
ENSG00000130856	ZNF236	2.3	6711
ENSG00000130876	SLC7A10	6.0	12446
ENSG00000130881	LRP3	4.7	10753
ENSG00000130921	MTRFR	3.4	8766
ENSG00000130935	NOL11	3.2	8468
ENSG00000130939	UBE4B	5.3	11597
ENSG00000130940	CASZ1	5.2	11424
ENSG00000130943	PKDREJ	1.9	5985
ENSG00000130948	HSD17B3	4.5	10501
ENSG00000130950	NUTM2F	0.0	1
ENSG00000130956	HABP4	6.7	13235
ENSG00000130957	FBP2	2.7	7600
ENSG00000130958	SLC35D2	7.3	13831
ENSG00000130962	PRRG1	1.5	4687
ENSG00000130985	UBA1	6.7	13235
ENSG00000130988	RGN	6.8	13329
ENSG00000130997	POLN	7.6	14102
ENSG00000131002	TXLNGY	0.0	1
ENSG00000131013	PPIL4	1.1	4265
ENSG00000131015	ULBP2	7.0	13559
ENSG00000131016	AKAP12	3.9	9571
ENSG00000131018	SYNE1	10.5	16025
ENSG00000131019	ULBP3	5.4	11736
ENSG00000131023	LATS1	20.2	18279
ENSG00000131037	EPS8L1	7.3	13831
ENSG00000131042	LILRB2	33.8	18996
ENSG00000131043	AAR2	2.2	6585
ENSG00000131044	TTLL9	2.0	6082
ENSG00000131050	BPIFA2	1.3	4364
ENSG00000131051	RBM39	3.5	8994
ENSG00000131055	COX4I2	2.5	7104
ENSG00000131059	BPIFA3	0.0	1
ENSG00000131061	ZNF341	3.1	8298
ENSG00000131067	GGT7	2.3	6711
ENSG00000131068	DEFB118	11.7	16536
ENSG00000131069	ACSS2	8.2	14610
ENSG00000131080	EDA2R	6.8	13329
ENSG00000131089	ARHGEF9	2.8	7695
ENSG00000131094	C1QL1	1.6	5463
ENSG00000131095	GFAP	7.9	14372
ENSG00000131096	PYY	9.2	15304
ENSG00000131097	HIGD1B	0.5	1903
ENSG00000131100	ATP6V1E1	2.8	7695
ENSG00000131115	ZNF227	1.0	3282
ENSG00000131116	ZNF428	0.0	1
ENSG00000131126	TEX101	3.0	8111
ENSG00000131127	ZNF141	4.9	11073
ENSG00000131142	CCL25	16.1	17722
ENSG00000131143	COX4I1	3.5	8994
ENSG00000131148	EMC8	4.7	10753
ENSG00000131149	GSE1	0.0	1
ENSG00000131153	GINS2	1.9	5985
ENSG00000131165	CHMP1A	23.7	18560
ENSG00000131171	SH3BGRL	5.2	11424
ENSG00000131174	COX7B	2.9	7932
ENSG00000131183	SLC34A1	8.9	15105
ENSG00000131187	F12	13.8	17208
ENSG00000131188	PRR7	4.5	10501
ENSG00000131196	NFATC1	16.8	17833
ENSG00000131203	IDO1	7.1	13639
ENSG00000131233	GJA9	1.0	3282
ENSG00000131236	CAP1	4.7	10753
ENSG00000131238	PPT1	22.5	18471
ENSG00000131242	RAB11FIP4	3.4	8766
ENSG00000131263	RLIM	7.1	13639
ENSG00000131264	CDX4	8.8	15033
ENSG00000131269	ABCB7	13.7	17187
ENSG00000131323	TRAF3	17.9	18004
ENSG00000131351	HAUS8	4.9	11073
ENSG00000131355	ADGRE3	2.8	7695
ENSG00000131368	MRPS25	1.1	4265
ENSG00000131370	SH3BP5	4.3	10201
ENSG00000131373	HACL1	11.4	16433
ENSG00000131374	TBC1D5	8.2	14610
ENSG00000131375	CAPN7	4.2	10017
ENSG00000131378	RFTN1	8.1	14536
ENSG00000131379	FAM149C	0.0	1
ENSG00000131381	RBSN	4.4	10330
ENSG00000131386	GALNT15	2.8	7695
ENSG00000131389	SLC6A6	18.0	18016
ENSG00000131398	KCNC3	6.8	13329
ENSG00000131400	NAPSA	5.4	11736
ENSG00000131408	NR1H2	24.7	18622
ENSG00000131409	LRRC4B	3.0	8111
ENSG00000131435	PDLIM4	6.2	12686
ENSG00000131437	KIF3A	10.7	16120
ENSG00000131446	MGAT1	6.1	12588
ENSG00000131459	GFPT2	8.0	14457
ENSG00000131462	TUBG1	7.2	13747
ENSG00000131467	PSME3	9.3	15379
ENSG00000131469	RPL27	8.1	14536
ENSG00000131470	PSMC3IP	4.9	11073
ENSG00000131471	AOC3	8.3	14683
ENSG00000131473	ACLY	11.5	16473
ENSG00000131475	VPS25	6.7	13235
ENSG00000131477	RAMP2	23.6	18551
ENSG00000131480	AOC2	5.9	12348
ENSG00000131482	G6PC1	8.2	14610
ENSG00000131495	NDUFA2	2.4	6954
ENSG00000131503	ANKHD1	1.0	3282
ENSG00000131504	DIAPH1	8.8	15033
ENSG00000131507	NDFIP1	3.9	9571
ENSG00000131508	UBE2D2	9.8	15662
ENSG00000131558	EXOC4	4.8	10931
ENSG00000131584	ACAP3	0.0	1
ENSG00000131591	C1orf159	0.0	1
ENSG00000131620	ANO1	17.7	17976
ENSG00000131626	PPFIA1	4.7	10753
ENSG00000131634	TMEM204	1.5	4687
ENSG00000131650	KREMEN2	2.0	6082
ENSG00000131652	THOC6	2.7	7600
ENSG00000131653	TRAF7	9.3	15379
ENSG00000131668	BARX1	2.6	7291
ENSG00000131669	NINJ1	17.2	17902
ENSG00000131686	CA6	2.2	6585
ENSG00000131697	NPHP4	6.2	12686
ENSG00000131711	MAP1B	8.4	14752
ENSG00000131721	RHOXF2	4.9	11073
ENSG00000131724	IL13RA1	6.5	13008
ENSG00000131725	WDR44	5.5	11839
ENSG00000131730	CKMT2	2.8	7695
ENSG00000131732	ZCCHC9	0.5	1903
ENSG00000131737	KRT34	3.5	8994
ENSG00000131738	KRT33B	2.8	7695
ENSG00000131746	TNS4	0.8	3045
ENSG00000131747	TOP2A	17.4	17934
ENSG00000131748	STARD3	9.9	15713
ENSG00000131759	RARA	37.7	19075
ENSG00000131771	PPP1R1B	5.8	12204
ENSG00000131773	KHDRBS3	3.9	9571
ENSG00000131778	CHD1L	10.5	16025
ENSG00000131779	PEX11B	5.5	11839
ENSG00000131781	FMO5	2.6	7291
ENSG00000131788	PIAS3	6.7	13235
ENSG00000131791	PRKAB2	4.6	10655
ENSG00000131808	FSHB	10.6	16075
ENSG00000131828	PDHA1	2.1	6380
ENSG00000131831	RAI2	1.1	4265
ENSG00000131844	MCCC2	4.7	10753
ENSG00000131845	ZNF304	8.7	14962
ENSG00000131848	ZSCAN5A	2.3	6711
ENSG00000131849	ZNF132	1.5	4687
ENSG00000131864	USP29	4.9	11073
ENSG00000131871	SELENOS	22.5	18471
ENSG00000131873	CHSY1	6.0	12446
ENSG00000131876	SNRPA1	6.8	13329
ENSG00000131899	LLGL1	8.9	15105
ENSG00000131910	NR0B2	12.1	16689
ENSG00000131914	LIN28A	13.0	16985
ENSG00000131931	THAP1	11.6	16500
ENSG00000131941	RHPN2	1.3	4364
ENSG00000131943	C19orf12	3.2	8468
ENSG00000131944	FAAP24	2.1	6380
ENSG00000131951	LRRC9	0.0	1
ENSG00000131966	ACTR10	1.0	3282
ENSG00000131969	ABHD12B	2.0	6082
ENSG00000131979	GCH1	19.1	18159
ENSG00000131981	LGALS3	31.6	18937
ENSG00000132000	PODNL1	0.5	1903
ENSG00000132002	DNAJB1	15.3	17571
ENSG00000132003	ZSWIM4	0.0	1
ENSG00000132004	FBXW9	0.6	2927
ENSG00000132005	RFX1	4.6	10655
ENSG00000132010	ZNF20	1.5	4687
ENSG00000132016	BRME1	1.5	4687
ENSG00000132017	DCAF15	3.5	8994
ENSG00000132024	CC2D1A	4.9	11073
ENSG00000132026	RTBDN	1.5	4687
ENSG00000132031	MATN3	2.4	6954
ENSG00000132109	TRIM21	28.0	18796
ENSG00000132122	SPATA6	2.5	7104
ENSG00000132128	LRRC41	0.0	1
ENSG00000132141	CCT6B	2.6	7291
ENSG00000132153	DHX30	6.5	13008
ENSG00000132155	RAF1	17.9	18004
ENSG00000132164	SLC6A11	6.6	13122
ENSG00000132170	PPARG	87.1	19261
ENSG00000132182	NUP210	0.6	2927
ENSG00000132185	FCRLA	1.5	4687
ENSG00000132196	HSD17B7	11.2	16350
ENSG00000132199	ENOSF1	3.9	9571
ENSG00000132205	EMILIN2	6.7	13235
ENSG00000132254	ARFIP2	12.1	16689
ENSG00000132256	TRIM5	19.3	18188
ENSG00000132259	CNGA4	4.0	9765
ENSG00000132274	TRIM22	15.1	17529
ENSG00000132275	RRP8	10.1	15809
ENSG00000132286	TIMM10B	3.5	8994
ENSG00000132294	EFR3A	2.2	6585
ENSG00000132297	HHLA1	0.0	1
ENSG00000132300	PTCD3	5.0	11192
ENSG00000132305	IMMT	3.4	8766
ENSG00000132313	MRPL35	1.8	5759
ENSG00000132321	DRC11	2.7	7600
ENSG00000132323	ILKAP	1.0	3282
ENSG00000132326	PER2	15.6	17629
ENSG00000132329	RAMP1	16.3	17761
ENSG00000132330	SCLY	1.8	5759
ENSG00000132334	PTPRE	3.3	8619
ENSG00000132341	RAN	25.1	18638
ENSG00000132356	PRKAA1	40.7	19118
ENSG00000132357	CARD6	0.0	1
ENSG00000132359	RAP1GAP2	3.8	9432
ENSG00000132361	CLUH	3.4	8766
ENSG00000132376	INPP5K	28.5	18813
ENSG00000132382	MYBBP1A	10.2	15862
ENSG00000132383	RPA1	21.5	18403
ENSG00000132386	SERPINF1	2.6	7291
ENSG00000132388	UBE2G1	6.4	12917
ENSG00000132394	EEFSEC	2.6	7291
ENSG00000132405	TBC1D14	5.0	11192
ENSG00000132406	TMEM128	0.0	1
ENSG00000132423	COQ3	10.4	15985
ENSG00000132424	PNISR	0.5	1903
ENSG00000132429	POPDC3	3.5	8994
ENSG00000132432	SEC61G	3.6	9147
ENSG00000132434	LANCL2	5.7	12090
ENSG00000132436	FIGNL1	8.3	14683
ENSG00000132437	DDC	6.4	12917
ENSG00000132446	FTHL17	1.0	3282
ENSG00000132463	GRSF1	5.7	12090
ENSG00000132464	ENAM	2.0	6082
ENSG00000132465	JCHAIN	12.6	16868
ENSG00000132466	ANKRD17	8.2	14610
ENSG00000132467	UTP3	2.9	7932
ENSG00000132470	ITGB4	13.2	17041
ENSG00000132471	WBP2	11.9	16616
ENSG00000132478	UNK	3.9	9571
ENSG00000132481	TRIM47	2.4	6954
ENSG00000132485	ZRANB2	1.0	3282
ENSG00000132507	EIF5A	8.1	14536
ENSG00000132510	KDM6B	7.2	13747
ENSG00000132514	CLEC10A	2.9	7932
ENSG00000132517	SLC52A1	4.4	10330
ENSG00000132518	GUCY2D	7.8	14288
ENSG00000132522	GPS2	13.9	17231
ENSG00000132530	XAF1	2.4	6954
ENSG00000132535	DLG4	24.3	18596
ENSG00000132541	RIDA	7.2	13747
ENSG00000132549	VPS13B	7.7	14204
ENSG00000132554	RGS22	1.3	4364
ENSG00000132561	MATN2	1.7	5664
ENSG00000132563	REEP2	2.3	6711
ENSG00000132570	PCBD2	1.3	4364
ENSG00000132581	SDF2	1.6	5463
ENSG00000132589	FLOT2	9.4	15426
ENSG00000132591	ERAL1	6.0	12446
ENSG00000132600	PRMT7	10.2	15862
ENSG00000132603	NIP7	1.0	3282
ENSG00000132604	TERF2	35.1	19029
ENSG00000132612	VPS4A	38.9	19092
ENSG00000132613	MTSS2	5.2	11424
ENSG00000132622	HSPA12B	0.0	1
ENSG00000132623	ANKEF1	0.0	1
ENSG00000132631	SCP2D1	0.0	1
ENSG00000132635	PCED1A	0.0	1
ENSG00000132639	SNAP25	9.6	15554
ENSG00000132640	BTBD3	2.5	7104
ENSG00000132646	PCNA	18.2	18050
ENSG00000132661	NXT1	1.3	4364
ENSG00000132664	POLR3F	6.8	13329
ENSG00000132669	RIN2	5.2	11424
ENSG00000132670	PTPRA	5.1	11329
ENSG00000132671	SSTR4	5.6	11982
ENSG00000132676	DAP3	4.9	11073
ENSG00000132677	RHBG	8.3	14683
ENSG00000132680	KHDC4	2.1	6380
ENSG00000132681	ATP1A4	13.4	17108
ENSG00000132688	NES	7.3	13831
ENSG00000132692	BCAN	1.0	3282
ENSG00000132693	CRP	17.7	17976
ENSG00000132694	ARHGEF11	9.8	15662
ENSG00000132698	RAB25	7.3	13831
ENSG00000132702	HAPLN2	1.0	3282
ENSG00000132703	APCS	15.1	17529
ENSG00000132704	FCRL2	3.7	9268
ENSG00000132716	DCAF8	0.6	2927
ENSG00000132718	SYT11	15.0	17507
ENSG00000132740	IGHMBP2	14.8	17461
ENSG00000132744	ACY3	1.0	3282
ENSG00000132746	ALDH3B2	5.4	11736
ENSG00000132749	TESMIN	3.9	9571
ENSG00000132763	MMACHC	12.6	16868
ENSG00000132768	DPH2	5.1	11329
ENSG00000132773	TOE1	4.7	10753
ENSG00000132780	NASP	4.9	11073
ENSG00000132781	MUTYH	10.6	16075
ENSG00000132792	CTNNBL1	3.0	8111
ENSG00000132793	LPIN3	3.0	8111
ENSG00000132801	ZSWIM3	0.0	1
ENSG00000132819	RBM38	7.1	13639
ENSG00000132821	VSTM2L	0.8	3045
ENSG00000132823	OSER1	0.5	1903
ENSG00000132824	SERINC3	4.1	9897
ENSG00000132825	PPP1R3D	2.4	6954
ENSG00000132837	DMGDH	3.8	9432
ENSG00000132840	BHMT2	6.6	13122
ENSG00000132842	AP3B1	7.7	14204
ENSG00000132846	ZBED3	8.6	14895
ENSG00000132849	PATJ	2.7	7600
ENSG00000132854	KANK4	0.5	1903
ENSG00000132855	ANGPTL3	23.0	18506
ENSG00000132872	SYT4	6.8	13329
ENSG00000132874	SLC14A2	4.8	10931
ENSG00000132879	FBXO44	5.8	12204
ENSG00000132881	CPLANE2	3.5	8994
ENSG00000132906	CASP9	19.2	18173
ENSG00000132911	NMUR2	12.8	16920
ENSG00000132912	DCTN4	0.0	1
ENSG00000132915	PDE6A	3.4	8766
ENSG00000132932	ATP8A2	3.9	9571
ENSG00000132938	MTUS2	2.1	6380
ENSG00000132950	ZMYM5	0.8	3045
ENSG00000132952	USPL1	7.1	13639
ENSG00000132953	XPO4	4.2	10017
ENSG00000132958	TPTE2	2.3	6711
ENSG00000132963	POMP	1.3	4364
ENSG00000132964	CDK8	3.0	8111
ENSG00000132965	ALOX5AP	5.2	11424
ENSG00000132970	WASF3	3.8	9432
ENSG00000132972	RNF17	0.0	1
ENSG00000132975	GPR12	3.7	9268
ENSG00000133019	CHRM3	11.9	16616
ENSG00000133020	MYH8	11.1	16303
ENSG00000133026	MYH10	14.9	17482
ENSG00000133027	PEMT	3.3	8619
ENSG00000133028	SCO1	1.3	4364
ENSG00000133030	MPRIP	1.8	5759
ENSG00000133048	CHI3L1	13.8	17208
ENSG00000133055	MYBPH	2.8	7695
ENSG00000133056	PIK3C2B	5.2	11424
ENSG00000133059	DSTYK	6.0	12446
ENSG00000133063	CHIT1	9.4	15426
ENSG00000133065	SLC41A1	11.0	16257
ENSG00000133067	LGR6	5.1	11329
ENSG00000133069	TMCC2	1.3	4364
ENSG00000133083	DCLK1	6.0	12446
ENSG00000133101	CCNA1	2.8	7695
ENSG00000133103	COG6	2.1	6380
ENSG00000133104	SPART	6.6	13122
ENSG00000133105	RXFP2	1.5	4687
ENSG00000133106	EPSTI1	0.0	1
ENSG00000133107	TRPC4	12.3	16779
ENSG00000133110	POSTN	5.0	11192
ENSG00000133111	RFXAP	4.3	10201
ENSG00000133112	TPT1	6.9	13452
ENSG00000133114	GPALPP1	0.0	1
ENSG00000133115	STOML3	0.5	1903
ENSG00000133116	KL	4.0	9765
ENSG00000133119	RFC3	11.0	16257
ENSG00000133121	STARD13	8.1	14536
ENSG00000133124	IRS4	2.4	6954
ENSG00000133131	MORC4	1.3	4364
ENSG00000133134	BEX2	4.1	9897
ENSG00000133135	RNF128	5.3	11597
ENSG00000133136	GNG5B	1.0	3282
ENSG00000133138	TBC1D8B	2.6	7291
ENSG00000133169	BEX1	4.4	10330
ENSG00000133193	VCF1	0.0	1
ENSG00000133195	SLC39A11	2.0	6082
ENSG00000133216	EPHB2	25.8	18674
ENSG00000133226	SRRM1	4.9	11073
ENSG00000133243	BTBD2	0.5	1903
ENSG00000133246	PRAM1	2.3	6711
ENSG00000133247	KMT5C	6.7	13235
ENSG00000133250	ZNF414	0.6	2927
ENSG00000133256	PDE6B	4.8	10931
ENSG00000133265	HSPBP1	5.5	11839
ENSG00000133275	CSNK1G2	6.4	12917
ENSG00000133302	SLF1	9.0	15175
ENSG00000133313	CNDP2	2.8	7695
ENSG00000133315	MACROD1	7.1	13639
ENSG00000133316	WDR74	3.1	8298
ENSG00000133317	LGALS12	2.6	7291
ENSG00000133318	RTN3	5.2	11424
ENSG00000133321	PLAAT4	8.7	14962
ENSG00000133328	PLAAT2	7.0	13559
ENSG00000133392	MYH11	4.9	11073
ENSG00000133393	CEP20	2.1	6380
ENSG00000133398	MED10	1.8	5759
ENSG00000133401	PDZD2	0.0	1
ENSG00000133422	MORC2	8.8	15033
ENSG00000133424	LARGE1	19.0	18150
ENSG00000133433	GSTT2B	2.4	6954
ENSG00000133454	MYO18B	0.5	1903
ENSG00000133460	SLC2A11	6.0	12446
ENSG00000133466	C1QTNF6	0.8	3045
ENSG00000133475	GGT2P	4.1	9897
ENSG00000133477	SACK1F	1.0	3282
ENSG00000133488	SEC14L4	0.0	1
ENSG00000133561	GIMAP6	0.5	1903
ENSG00000133574	GIMAP4	0.5	1903
ENSG00000133597	ADCK2	0.8	3045
ENSG00000133606	MKRN1	4.0	9765
ENSG00000133612	AGAP3	3.5	8994
ENSG00000133619	KRABD3	0.0	1
ENSG00000133627	ACTR3B	0.0	1
ENSG00000133636	NTS	7.8	14288
ENSG00000133639	BTG1	8.9	15105
ENSG00000133640	LRRIQ1	0.0	1
ENSG00000133641	RLIG1	1.6	5463
ENSG00000133657	ATP13A3	2.8	7695
ENSG00000133661	SFTPD	11.3	16392
ENSG00000133665	DYDC2	0.0	1
ENSG00000133678	TMEM254	0.0	1
ENSG00000133687	TMTC1	2.6	7291
ENSG00000133703	KRAS	7.1	13639
ENSG00000133704	IPO8	2.8	7695
ENSG00000133706	LARS1	12.2	16737
ENSG00000133710	SPINK5	8.9	15105
ENSG00000133731	IMPA1	10.3	15915
ENSG00000133739	LRRCC1	0.0	1
ENSG00000133740	E2F5	5.4	11736
ENSG00000133742	CA1	5.4	11736
ENSG00000133773	CCDC59	0.5	1903
ENSG00000133789	SWAP70	2.3	6711
ENSG00000133794	BMAL1	25.6	18663
ENSG00000133800	LYVE1	9.6	15554
ENSG00000133805	AMPD3	3.8	9432
ENSG00000133812	SBF2	2.8	7695
ENSG00000133816	MICAL2	10.0	15759
ENSG00000133818	RRAS2	4.5	10501
ENSG00000133835	HSD17B4	10.3	15915
ENSG00000133858	ZFC3H1	0.6	2927
ENSG00000133863	TEX15	3.0	8111
ENSG00000133872	SARAF	1.3	4364
ENSG00000133874	RNF122	4.0	9765
ENSG00000133878	DUSP26	8.7	14962
ENSG00000133884	DPF2	13.1	17014
ENSG00000133895	MEN1	19.6	18225
ENSG00000133935	ERG28	1.3	4364
ENSG00000133937	GSC	5.2	11424
ENSG00000133943	DGLUCY	2.0	6082
ENSG00000133958	UNC79	1.6	5463
ENSG00000133961	NUMB	5.7	12090
ENSG00000133962	CATSPERB	1.8	5759
ENSG00000133980	VRTN	1.0	3282
ENSG00000133983	COX16	2.1	6380
ENSG00000133985	TTC9	0.0	1
ENSG00000133997	MED6	6.1	12588
ENSG00000134001	EIF2S1	14.3	17326
ENSG00000134007	ADAM20	3.3	8619
ENSG00000134013	LOXL2	15.8	17668
ENSG00000134014	ELP3	7.0	13559
ENSG00000134020	PEBP4	0.0	1
ENSG00000134028	ADAMDEC1	3.4	8766
ENSG00000134030	CTIF	2.6	7291
ENSG00000134042	MRO	0.0	1
ENSG00000134046	MBD2	10.8	16162
ENSG00000134049	IER3IP1	5.3	11597
ENSG00000134056	KGD4	3.2	8468
ENSG00000134057	CCNB1	10.9	16206
ENSG00000134058	CDK7	15.1	17529
ENSG00000134061	CD180	4.1	9897
ENSG00000134070	IRAK2	17.7	17976
ENSG00000134072	CAMK1	12.7	16895
ENSG00000134077	THUMPD3	5.0	11192
ENSG00000134107	BHLHE40	17.6	17959
ENSG00000134108	ARL8B	19.7	18240
ENSG00000134109	EDEM1	10.3	15915
ENSG00000134115	CNTN6	4.3	10201
ENSG00000134121	CHL1	2.6	7291
ENSG00000134138	MEIS2	13.3	17085
ENSG00000134146	DPH6	3.6	9147
ENSG00000134152	KATNBL1	2.2	6585
ENSG00000134153	EMC7	3.2	8468
ENSG00000134160	TRPM1	8.9	15105
ENSG00000134183	GNAT2	6.3	12794
ENSG00000134184	GSTM1	10.7	16120
ENSG00000134186	PRPF38B	0.5	1903
ENSG00000134193	REG4	2.4	6954
ENSG00000134198	TSPAN2	0.0	1
ENSG00000134200	TSHB	5.2	11424
ENSG00000134201	GSTM5	4.3	10201
ENSG00000134202	GSTM3	11.6	16500
ENSG00000134207	SYT6	5.7	12090
ENSG00000134215	VAV3	12.8	16920
ENSG00000134216	CHIA	8.0	14457
ENSG00000134222	PSRC1	5.1	11329
ENSG00000134240	HMGCS2	7.0	13559
ENSG00000134242	PTPN22	28.7	18821
ENSG00000134243	SORT1	18.5	18079
ENSG00000134245	WNT2B	9.3	15379
ENSG00000134247	PTGFRN	0.5	1903
ENSG00000134248	LAMTOR5	14.3	17326
ENSG00000134249	ADAM30	3.3	8619
ENSG00000134250	NOTCH2	20.5	18309
ENSG00000134253	TRIM45	3.7	9268
ENSG00000134255	CEPT1	6.5	13008
ENSG00000134256	CD101	0.9	3235
ENSG00000134258	VTCN1	3.9	9571
ENSG00000134259	NGF	13.2	17041
ENSG00000134262	AP4B1	3.1	8298
ENSG00000134265	NAPG	4.5	10501
ENSG00000134278	SPIRE1	9.5	15494
ENSG00000134283	PPHLN1	6.9	13452
ENSG00000134285	FKBP11	0.5	1903
ENSG00000134287	ARF3	4.1	9897
ENSG00000134291	TMEM106C	0.0	1
ENSG00000134294	SLC38A2	21.4	18395
ENSG00000134297	PLEKHA8P1	2.0	6082
ENSG00000134308	YWHAQ	3.1	8298
ENSG00000134313	KIDINS220	3.0	8111
ENSG00000134317	GRHL1	14.5	17382
ENSG00000134318	ROCK2	45.0	19166
ENSG00000134321	RSAD2	8.0	14457
ENSG00000134323	MYCN	12.1	16689
ENSG00000134324	LPIN1	10.3	15915
ENSG00000134326	CMPK2	4.1	9897
ENSG00000134330	IAH1	1.3	4364
ENSG00000134333	LDHA	7.0	13559
ENSG00000134339	SAA2	0.0	1
ENSG00000134343	ANO3	3.6	9147
ENSG00000134352	IL6ST	47.7	19179
ENSG00000134363	FST	7.6	14102
ENSG00000134365	CFHR4	1.9	5985
ENSG00000134369	NAV1	1.5	4687
ENSG00000134371	CDC73	13.7	17187
ENSG00000134375	TIMM17A	2.5	7104
ENSG00000134376	CRB1	3.4	8766
ENSG00000134389	CFHR5	4.8	10931
ENSG00000134398	ERN2	9.8	15662
ENSG00000134419	RPS15A	9.9	15713
ENSG00000134438	RAX	6.1	12588
ENSG00000134440	NARS1	7.6	14102
ENSG00000134443	GRP	7.3	13831
ENSG00000134444	RELCH	1.3	4364
ENSG00000134452	FBH1	14.6	17413
ENSG00000134453	RBM17	1.3	4364
ENSG00000134460	IL2RA	9.6	15554
ENSG00000134461	ANKRD16	0.5	1903
ENSG00000134463	ECHDC3	2.3	6711
ENSG00000134470	IL15RA	7.5	14017
ENSG00000134480	CCNH	6.2	12686
ENSG00000134489	HRH4	3.9	9571
ENSG00000134490	SLC35D4	3.1	8298
ENSG00000134504	KCTD1	4.2	10017
ENSG00000134508	CABLES1	0.5	1903
ENSG00000134516	DOCK2	7.8	14288
ENSG00000134531	EMP1	2.5	7104
ENSG00000134532	SOX5	11.1	16303
ENSG00000134533	RERG	6.8	13329
ENSG00000134538	SLCO1B1	10.3	15915
ENSG00000134539	KLRD1	12.4	16811
ENSG00000134545	KLRC1	12.3	16779
ENSG00000134548	SPX	8.8	15033
ENSG00000134569	LRP4	12.1	16689
ENSG00000134571	MYBPC3	9.4	15426
ENSG00000134574	DDB2	15.1	17529
ENSG00000134575	ACP2	1.9	5985
ENSG00000134588	USP26	5.5	11839
ENSG00000134594	RAB33A	3.7	9268
ENSG00000134595	SOX3	9.9	15713
ENSG00000134597	RBMX2	3.0	8111
ENSG00000134602	STK26	12.7	16895
ENSG00000134612	FOLH1B	3.2	8468
ENSG00000134627	PIWIL4	7.1	13639
ENSG00000134640	MTNR1B	6.7	13235
ENSG00000134644	PUM1	16.0	17704
ENSG00000134668	SPOCD1	3.0	8111
ENSG00000134684	YARS1	7.8	14288
ENSG00000134686	PHC2	3.5	8994
ENSG00000134690	CDCA8	6.9	13452
ENSG00000134697	GNL2	1.7	5664
ENSG00000134698	AGO4	11.1	16303
ENSG00000134709	HOOK1	8.2	14610
ENSG00000134716	CYP2J2	14.7	17436
ENSG00000134717	BTF3L4	0.0	1
ENSG00000134744	TUT4	10.7	16120
ENSG00000134748	PRPF38A	2.1	6380
ENSG00000134755	DSC2	6.9	13452
ENSG00000134757	DSG3	8.9	15105
ENSG00000134758	RNF138	6.8	13329
ENSG00000134759	ELP2	3.8	9432
ENSG00000134760	DSG1	6.1	12588
ENSG00000134762	DSC3	3.5	8994
ENSG00000134765	DSC1	3.0	8111
ENSG00000134769	DTNA	4.1	9897
ENSG00000134775	FHOD3	2.5	7104
ENSG00000134779	TPGS2	0.0	1
ENSG00000134780	DAGLA	8.5	14830
ENSG00000134802	SLC43A3	3.7	9268
ENSG00000134809	TIMM10	8.0	14457
ENSG00000134812	CBLIF	4.3	10201
ENSG00000134815	DHX34	6.0	12446
ENSG00000134817	APLNR	22.5	18471
ENSG00000134824	FADS2	4.6	10655
ENSG00000134825	TMEM258	4.8	10931
ENSG00000134827	TCN1	3.5	8994
ENSG00000134830	C5AR2	6.2	12686
ENSG00000134851	TMEM165	7.8	14288
ENSG00000134852	CLOCK	26.2	18696
ENSG00000134853	PDGFRA	33.3	18986
ENSG00000134864	GGACT	1.6	5463
ENSG00000134871	COL4A2	7.6	14102
ENSG00000134873	CLDN10	6.1	12588
ENSG00000134874	DZIP1	8.7	14962
ENSG00000134882	UBAC2	2.9	7932
ENSG00000134884	ARGLU1	2.9	7932
ENSG00000134897	BIVM	1.0	3282
ENSG00000134899	ERCC5	18.9	18139
ENSG00000134900	TPP2	7.3	13831
ENSG00000134901	POGLUT2	3.7	9268
ENSG00000134905	CARS2	3.1	8298
ENSG00000134909	ARHGAP32	3.8	9432
ENSG00000134910	STT3A	6.7	13235
ENSG00000134917	ADAMTS8	5.1	11329
ENSG00000134940	ACRV1	0.6	2927
ENSG00000134954	ETS1	27.5	18765
ENSG00000134955	SLC37A2	5.6	11982
ENSG00000134962	KLB	1.6	5463
ENSG00000134970	TMED7	1.5	4687
ENSG00000134982	APC	38.2	19085
ENSG00000134986	NREP	1.5	4687
ENSG00000134987	WDR36	2.4	6954
ENSG00000134996	OSTF1	2.3	6711
ENSG00000135002	RFK	7.7	14204
ENSG00000135018	UBQLN1	14.5	17382
ENSG00000135040	NAA35	1.8	5759
ENSG00000135045	C9orf40	0.0	1
ENSG00000135046	ANXA1	35.2	19031
ENSG00000135047	CTSL	23.2	18520
ENSG00000135048	CEMIP2	3.4	8766
ENSG00000135049	AGTPBP1	5.3	11597
ENSG00000135052	GOLM1	0.0	1
ENSG00000135063	ENTREP1	3.2	8468
ENSG00000135069	PSAT1	5.7	12090
ENSG00000135070	ISCA1	2.3	6711
ENSG00000135074	ADAM19	6.6	13122
ENSG00000135077	HAVCR2	12.5	16839
ENSG00000135083	CCNJL	1.0	3282
ENSG00000135090	TAOK3	10.9	16206
ENSG00000135093	USP30	10.7	16120
ENSG00000135094	SDS	7.6	14102
ENSG00000135097	MSI1	4.6	10655
ENSG00000135100	HNF1A	14.2	17296
ENSG00000135108	FBXO21	1.8	5759
ENSG00000135111	TBX3	29.7	18867
ENSG00000135114	OASL	10.3	15915
ENSG00000135116	HRK	2.9	7932
ENSG00000135119	RNFT2	0.5	1903
ENSG00000135124	P2RX4	34.6	19015
ENSG00000135127	BICDL1	3.0	8111
ENSG00000135144	DTX1	8.0	14457
ENSG00000135148	TRAFD1	1.0	3282
ENSG00000135164	DMTF1	2.7	7600
ENSG00000135175	OCM2	1.1	4265
ENSG00000135185	TMEM243	0.0	1
ENSG00000135205	CCDC146	2.8	7695
ENSG00000135211	TMEM60	0.0	1
ENSG00000135218	CD36	60.2	19228
ENSG00000135220	UGT2A3	2.1	6380
ENSG00000135222	CSN2	4.3	10201
ENSG00000135226	UGT2B28	2.6	7291
ENSG00000135241	PNPLA8	11.5	16473
ENSG00000135245	HILPDA	7.1	13639
ENSG00000135248	GARIN1B	1.0	3282
ENSG00000135249	RINT1	3.2	8468
ENSG00000135250	SRPK2	18.8	18124
ENSG00000135253	KCP	0.5	1903
ENSG00000135269	TES	2.6	7291
ENSG00000135272	MDFIC	8.1	14536
ENSG00000135297	MTO1	3.6	9147
ENSG00000135298	ADGRB3	5.1	11329
ENSG00000135299	ANKRD6	1.0	3282
ENSG00000135312	HTR1B	11.2	16350
ENSG00000135314	KHDC1	0.5	1903
ENSG00000135315	CEP162	1.3	4364
ENSG00000135316	SYNCRIP	14.1	17268
ENSG00000135317	SNX14	2.6	7291
ENSG00000135318	NT5E	9.1	15239
ENSG00000135324	MRAP2	13.5	17136
ENSG00000135333	EPHA7	9.4	15426
ENSG00000135334	AKIRIN2	9.3	15379
ENSG00000135336	ORC3	4.4	10330
ENSG00000135338	LCA5	1.8	5759
ENSG00000135341	MAP3K7	42.9	19141
ENSG00000135346	CGA	8.0	14457
ENSG00000135355	GJA10	1.0	3282
ENSG00000135362	PRR5L	6.1	12588
ENSG00000135363	LMO2	6.3	12794
ENSG00000135365	PHF21A	1.3	4364
ENSG00000135372	NAT10	12.2	16737
ENSG00000135373	EHF	6.9	13452
ENSG00000135374	ELF5	2.8	7695
ENSG00000135378	PRRG4	2.3	6711
ENSG00000135387	CAPRIN1	10.2	15862
ENSG00000135390	ATP5MC2	1.1	4265
ENSG00000135392	DNAJC14	0.5	1903
ENSG00000135404	CD63	6.9	13452
ENSG00000135406	PRPH	1.6	5463
ENSG00000135407	AVIL	9.2	15304
ENSG00000135409	AMHR2	9.1	15239
ENSG00000135413	LACRT	17.6	17959
ENSG00000135414	GDF11	5.3	11597
ENSG00000135423	GLS2	4.9	11073
ENSG00000135424	ITGA7	5.4	11736
ENSG00000135426	TESPA1	2.0	6082
ENSG00000135436	FAM186B	0.0	1
ENSG00000135437	RDH5	9.0	15175
ENSG00000135439	AGAP2	12.9	16951
ENSG00000135441	BLOC1S1	8.8	15033
ENSG00000135443	KRT85	3.3	8619
ENSG00000135446	CDK4	12.8	16920
ENSG00000135447	PPP1R1A	1.4	4622
ENSG00000135451	TROAP	0.9	3235
ENSG00000135452	TSPAN31	0.9	3235
ENSG00000135454	B4GALNT1	6.9	13452
ENSG00000135457	TFCP2	9.5	15494
ENSG00000135469	COQ10A	0.0	1
ENSG00000135472	FAIM2	5.7	12090
ENSG00000135473	PAN2	4.7	10753
ENSG00000135476	ESPL1	8.1	14536
ENSG00000135477	KRT87P	0.0	1
ENSG00000135480	KRT7	1.5	4687
ENSG00000135482	ZC3H10	3.9	9571
ENSG00000135486	HNRNPA1	17.3	17917
ENSG00000135502	SLC26A10P	3.0	8111
ENSG00000135503	ACVR1B	25.8	18674
ENSG00000135506	OS9	6.9	13452
ENSG00000135517	MIP	6.3	12794
ENSG00000135519	KCNH3	4.9	11073
ENSG00000135521	LTV1	1.5	4687
ENSG00000135525	MAP7	4.7	10753
ENSG00000135535	CD164	5.5	11839
ENSG00000135537	AFG1L	2.9	7932
ENSG00000135540	NHSL1	0.5	1903
ENSG00000135541	AHI1	7.2	13747
ENSG00000135547	HEY2	33.5	18990
ENSG00000135549	PKIB	1.3	4364
ENSG00000135569	TAAR5	6.8	13329
ENSG00000135577	NMBR	7.6	14102
ENSG00000135587	SMPD2	4.4	10330
ENSG00000135596	MICAL1	7.5	14017
ENSG00000135597	REPS1	2.3	6711
ENSG00000135604	STX11	3.8	9432
ENSG00000135605	TEC	8.5	14830
ENSG00000135617	PRADC1	0.0	1
ENSG00000135622	SEMA4F	6.7	13235
ENSG00000135624	CCT7	7.8	14288
ENSG00000135625	EGR4	6.7	13235
ENSG00000135631	RAB11FIP5	4.7	10753
ENSG00000135632	SMYD5	6.7	13235
ENSG00000135636	DYSF	5.8	12204
ENSG00000135637	CCDC142	0.0	1
ENSG00000135638	EMX1	4.3	10201
ENSG00000135643	KCNMB4	9.1	15239
ENSG00000135655	USP15	16.8	17833
ENSG00000135677	GNS	5.2	11424
ENSG00000135678	CPM	4.2	10017
ENSG00000135679	MDM2	44.3	19157
ENSG00000135686	KLHL36	2.9	7932
ENSG00000135697	BCO1	8.8	15033
ENSG00000135698	MPHOSPH6	1.3	4364
ENSG00000135702	CHST5	7.9	14372
ENSG00000135709	KIAA0513	0.0	1
ENSG00000135720	DYNC1LI2	2.1	6380
ENSG00000135722	FBXL8	1.1	4265
ENSG00000135723	FHOD1	4.7	10753
ENSG00000135736	CCDC102A	0.0	1
ENSG00000135740	SLC9A5	7.5	14017
ENSG00000135744	AGT	46.6	19172
ENSG00000135749	PCNX2	0.0	1
ENSG00000135750	KCNK1	12.0	16648
ENSG00000135763	URB2	1.0	3282
ENSG00000135766	EGLN1	10.0	15759
ENSG00000135773	CAPN9	3.7	9268
ENSG00000135775	COG2	3.4	8766
ENSG00000135776	ABCB10	8.3	14683
ENSG00000135778	NTPCR	1.3	4364
ENSG00000135801	TAF5L	6.9	13452
ENSG00000135821	GLUL	11.0	16257
ENSG00000135823	STX6	8.0	14457
ENSG00000135824	RGS8	5.4	11736
ENSG00000135828	RNASEL	8.5	14830
ENSG00000135829	DHX9	59.1	19223
ENSG00000135835	KIAA1614	1.5	4687
ENSG00000135837	CEP350	0.8	3045
ENSG00000135838	NPL	4.8	10931
ENSG00000135842	NIBAN1	2.0	6082
ENSG00000135845	PIGC	3.4	8766
ENSG00000135862	LAMC1	15.9	17685
ENSG00000135870	RC3H1	20.5	18309
ENSG00000135898	GPR55	7.6	14102
ENSG00000135899	SP110	1.9	5985
ENSG00000135900	MRPL44	2.4	6954
ENSG00000135902	CHRND	11.1	16303
ENSG00000135903	PAX3	9.3	15379
ENSG00000135905	DOCK10	5.3	11597
ENSG00000135912	TTLL4	5.8	12204
ENSG00000135913	USP37	9.7	15609
ENSG00000135914	HTR2B	29.3	18846
ENSG00000135916	ITM2C	3.4	8766
ENSG00000135917	SLC19A3	6.5	13008
ENSG00000135919	SERPINE2	11.3	16392
ENSG00000135924	DNAJB2	27.2	18754
ENSG00000135925	WNT10A	10.5	16025
ENSG00000135926	TMBIM1	5.7	12090
ENSG00000135929	CYP27A1	10.3	15915
ENSG00000135930	EIF4E2	10.8	16162
ENSG00000135931	ARMC9	2.3	6711
ENSG00000135932	CAB39	7.4	13914
ENSG00000135940	COX5B	3.5	8994
ENSG00000135945	REV1	13.6	17161
ENSG00000135951	TSGA10	0.9	3235
ENSG00000135953	SLC67A2	0.0	1
ENSG00000135956	TMEM127	2.9	7932
ENSG00000135960	EDAR	4.6	10655
ENSG00000135966	TGFBRAP1	7.4	13914
ENSG00000135968	GCC2	10.3	15915
ENSG00000135972	MRPS9	2.1	6380
ENSG00000135973	GPR45	3.0	8111
ENSG00000135974	TSLIG2	0.6	2927
ENSG00000135976	ANKRD36	0.0	1
ENSG00000135999	EPC2	4.9	11073
ENSG00000136002	ARHGEF4	5.5	11839
ENSG00000136003	ISCU	13.5	17136
ENSG00000136010	ALDH1L2	3.4	8766
ENSG00000136011	STAB2	10.5	16025
ENSG00000136014	USP44	10.7	16120
ENSG00000136021	SCYL2	5.0	11192
ENSG00000136026	CKAP4	0.5	1903
ENSG00000136040	PLXNC1	5.3	11597
ENSG00000136044	APPL2	18.7	18104
ENSG00000136045	PWP1	2.7	7600
ENSG00000136048	DRAM1	1.3	4364
ENSG00000136051	WASHC4	4.8	10931
ENSG00000136052	SLC41A2	4.6	10655
ENSG00000136059	VILL	3.4	8766
ENSG00000136068	FLNB	4.2	10017
ENSG00000136098	NEK3	1.7	5664
ENSG00000136099	PCDH8	1.9	5985
ENSG00000136100	VPS36	5.4	11736
ENSG00000136104	RNASEH2B	1.9	5985
ENSG00000136108	CKAP2	2.1	6380
ENSG00000136110	CNMD	3.6	9147
ENSG00000136111	TBC1D4	2.6	7291
ENSG00000136114	THSD1	1.6	5463
ENSG00000136122	BORA	4.7	10753
ENSG00000136141	LRCH1	3.4	8766
ENSG00000136143	SUCLA2	7.5	14017
ENSG00000136144	RCBTB1	0.0	1
ENSG00000136146	MED4	8.8	15033
ENSG00000136147	PHF11	0.0	1
ENSG00000136152	COG3	8.7	14962
ENSG00000136153	LMO7	2.6	7291
ENSG00000136155	SCEL	4.8	10931
ENSG00000136156	ITM2B	3.5	8994
ENSG00000136158	SPRY2	17.0	17864
ENSG00000136159	NUDT15	13.1	17014
ENSG00000136160	EDNRB	16.4	17788
ENSG00000136161	RCBTB2	0.9	3235
ENSG00000136167	LCP1	11.1	16303
ENSG00000136169	SETDB2	6.3	12794
ENSG00000136193	SCRN1	0.5	1903
ENSG00000136197	C7orf25	0.0	1
ENSG00000136205	TNS3	0.5	1903
ENSG00000136206	SPDYE1	0.5	1903
ENSG00000136213	CHST12	5.8	12204
ENSG00000136231	IGF2BP3	9.9	15713
ENSG00000136235	GPNMB	13.4	17108
ENSG00000136237	RAPGEF5	5.2	11424
ENSG00000136238	RAC1	53.1	19209
ENSG00000136240	KDELR2	4.2	10017
ENSG00000136243	NUP42	3.2	8468
ENSG00000136247	ZDHHC4	3.4	8766
ENSG00000136250	AOAH	5.2	11424
ENSG00000136261	BZW2	1.3	4364
ENSG00000136267	DGKB	8.0	14457
ENSG00000136270	FASTKD4	6.2	12686
ENSG00000136271	DDX56	5.4	11736
ENSG00000136273	HUS1	7.9	14372
ENSG00000136274	NACAD	1.0	3282
ENSG00000136279	DBNL	5.9	12348
ENSG00000136280	CCM2	5.6	11982
ENSG00000136286	MYO1G	5.5	11839
ENSG00000136295	TTYH3	7.3	13831
ENSG00000136297	MMD2	4.0	9765
ENSG00000136305	CIDEB	9.1	15239
ENSG00000136327	NKX2-8	10.3	15915
ENSG00000136352	NKX2-1	25.8	18674
ENSG00000136367	ZFHX2	3.3	8619
ENSG00000136371	MTHFS	10.9	16206
ENSG00000136378	ADAMTS7	7.2	13747
ENSG00000136379	ABHD17C	4.4	10330
ENSG00000136381	IREB2	8.8	15033
ENSG00000136383	ALPK3	1.0	3282
ENSG00000136404	TM6SF1	0.0	1
ENSG00000136425	CIB2	6.5	13008
ENSG00000136436	CALCOCO2	5.1	11329
ENSG00000136444	RSAD1	1.8	5759
ENSG00000136448	NMT1	10.3	15915
ENSG00000136450	SRSF1	9.6	15554
ENSG00000136451	VEZF1	6.4	12917
ENSG00000136457	CHAD	0.5	1903
ENSG00000136463	TACO1	1.6	5463
ENSG00000136478	TEX2	1.7	5664
ENSG00000136485	DCAF7	0.5	1903
ENSG00000136487	GH2	4.4	10330
ENSG00000136488	CSH1	3.5	8994
ENSG00000136490	LIMD2	1.0	3282
ENSG00000136492	BRIP1	8.3	14683
ENSG00000136504	KAT7	27.6	18772
ENSG00000136514	RTP4	4.4	10330
ENSG00000136518	ACTL6A	23.9	18573
ENSG00000136521	NDUFB5	4.2	10017
ENSG00000136522	MRPL47	1.6	5463
ENSG00000136527	TRA2B	12.0	16648
ENSG00000136531	SCN2A	9.2	15304
ENSG00000136535	TBR1	5.6	11982
ENSG00000136536	MARCHF7	12.1	16689
ENSG00000136541	ERMN	4.9	11073
ENSG00000136542	GALNT5	4.5	10501
ENSG00000136546	SCN7A	4.7	10753
ENSG00000136560	TANK	12.5	16839
ENSG00000136573	BLK	9.4	15426
ENSG00000136574	GATA4	33.8	18996
ENSG00000136603	SKIL	12.6	16868
ENSG00000136628	EPRS1	15.8	17668
ENSG00000136630	HLX	2.7	7600
ENSG00000136631	VPS45	1.6	5463
ENSG00000136636	KCTD3	0.0	1
ENSG00000136643	RPS6KC1	1.7	5664
ENSG00000136682	ZNG1B	1.5	4687
ENSG00000136688	IL36G	4.0	9765
ENSG00000136689	IL1RN	12.7	16895
ENSG00000136694	IL36A	4.3	10201
ENSG00000136695	IL36RN	6.2	12686
ENSG00000136696	IL36B	5.7	12090
ENSG00000136697	IL38	2.5	7104
ENSG00000136699	SMPD4	6.8	13329
ENSG00000136709	WDR33	2.5	7104
ENSG00000136710	VMA22	3.7	9268
ENSG00000136715	SAP130	4.3	10201
ENSG00000136717	BIN1	23.3	18530
ENSG00000136718	IMP4	3.0	8111
ENSG00000136720	HS6ST1	4.5	10501
ENSG00000136731	UGGT1	5.3	11597
ENSG00000136732	GYPC	0.6	2927
ENSG00000136738	STAM	7.4	13914
ENSG00000136750	GAD2	3.3	8619
ENSG00000136754	ABI1	8.7	14962
ENSG00000136758	YME1L1	12.1	16689
ENSG00000136770	DNAJC1	2.6	7291
ENSG00000136783	NIPSNAP3A	0.0	1
ENSG00000136802	LRRC8A	17.2	17902
ENSG00000136807	CDK9	28.2	18803
ENSG00000136810	TXN	9.4	15426
ENSG00000136811	ODF2	5.4	11736
ENSG00000136813	ECPAS	2.6	7291
ENSG00000136816	TOR1B	4.8	10931
ENSG00000136819	C9orf78	2.9	7932
ENSG00000136824	SMC2	3.5	8994
ENSG00000136826	KLF4	39.4	19099
ENSG00000136827	TOR1A	19.3	18188
ENSG00000136828	RALGPS1	3.8	9432
ENSG00000136830	NIBAN2	7.7	14204
ENSG00000136834	OR1J1	1.0	3282
ENSG00000136839	OR13C9	1.0	3282
ENSG00000136840	ST6GALNAC4	6.9	13452
ENSG00000136842	TMOD1	2.8	7695
ENSG00000136848	DAB2IP	64.4	19230
ENSG00000136854	STXBP1	13.9	17231
ENSG00000136856	SLC2A8	7.6	14102
ENSG00000136859	ANGPTL2	2.3	6711
ENSG00000136861	CDK5RAP2	19.2	18173
ENSG00000136866	ZFP37	3.3	8619
ENSG00000136867	SLC31A2	4.7	10753
ENSG00000136868	SLC31A1	16.8	17833
ENSG00000136869	TLR4	64.7	19233
ENSG00000136870	ZNF189	1.5	4687
ENSG00000136872	ALDOB	11.6	16500
ENSG00000136874	STX17	14.4	17358
ENSG00000136875	PRPF4	8.7	14962
ENSG00000136877	FPGS	7.7	14204
ENSG00000136878	USP20	10.8	16162
ENSG00000136881	BAAT	12.2	16737
ENSG00000136883	KIF12	4.4	10330
ENSG00000136888	ATP6V1G1	3.5	8994
ENSG00000136891	TEX10	0.6	2927
ENSG00000136895	GARNL3	0.5	1903
ENSG00000136897	MRPL50	0.6	2927
ENSG00000136908	DPM2	4.2	10017
ENSG00000136918	WDR38	0.0	1
ENSG00000136925	TSTD2	0.0	1
ENSG00000136928	GABBR2	8.9	15105
ENSG00000136929	HEMGN	0.5	1903
ENSG00000136930	PSMB7	12.0	16648
ENSG00000136931	NR5A1	21.9	18434
ENSG00000136932	TRMO	2.1	6380
ENSG00000136933	RABEPK	1.8	5759
ENSG00000136935	GOLGA1	1.6	5463
ENSG00000136936	XPA	11.4	16433
ENSG00000136937	NCBP1	26.7	18728
ENSG00000136938	ANP32B	5.8	12204
ENSG00000136939	OR1L4	1.0	3282
ENSG00000136940	PDCL	2.5	7104
ENSG00000136942	RPL35	10.1	15809
ENSG00000136943	CTSV	6.3	12794
ENSG00000136944	LMX1B	8.8	15033
ENSG00000136950	ARPC5L	2.3	6711
ENSG00000136960	ENPP2	12.8	16920
ENSG00000136982	DSCC1	5.9	12348
ENSG00000136986	DERL1	18.1	18029
ENSG00000136997	MYC	48.9	19187
ENSG00000136999	CCN3	21.7	18420
ENSG00000137033	IL33	13.6	17161
ENSG00000137038	DMAC1	1.3	4364
ENSG00000137040	RANBP6	1.5	4687
ENSG00000137054	POLR1E	5.2	11424
ENSG00000137055	PLAA	10.2	15862
ENSG00000137073	UBAP2	1.5	4687
ENSG00000137074	APTX	12.4	16811
ENSG00000137075	RNF38	2.6	7291
ENSG00000137076	TLN1	6.4	12917
ENSG00000137077	CCL21	37.0	19062
ENSG00000137078	SIT1	4.4	10330
ENSG00000137080	IFNA21	6.6	13122
ENSG00000137090	DMRT1	7.8	14288
ENSG00000137094	DNAJB5	3.1	8298
ENSG00000137098	SPAG8	1.0	3282
ENSG00000137100	DCTN3	3.1	8298
ENSG00000137101	CD72	4.8	10931
ENSG00000137103	TMEM8B	1.7	5664
ENSG00000137106	GRHPR	7.6	14102
ENSG00000137124	ALDH1B1	2.1	6380
ENSG00000137133	HINT2	1.3	4364
ENSG00000137135	ARHGEF39	1.3	4364
ENSG00000137142	IGFBPL1	1.8	5759
ENSG00000137145	DENND4C	4.2	10017
ENSG00000137154	RPS6	12.1	16689
ENSG00000137161	CNPY3	0.5	1903
ENSG00000137166	FOXP4	2.6	7291
ENSG00000137168	PPIL1	7.4	13914
ENSG00000137171	KLC4	1.0	3282
ENSG00000137177	KIF13A	8.0	14457
ENSG00000137185	ZSCAN9	2.3	6711
ENSG00000137193	PIM1	12.1	16689
ENSG00000137198	GMPR	2.6	7291
ENSG00000137200	CMTR1	4.2	10017
ENSG00000137203	TFAP2A	34.8	19020
ENSG00000137204	SLC22A7	8.1	14536
ENSG00000137207	YIPF3	0.0	1
ENSG00000137210	TMEM14B	3.7	9268
ENSG00000137216	TMEM63B	9.0	15175
ENSG00000137218	FRS3	5.7	12090
ENSG00000137221	TJAP1	0.5	1903
ENSG00000137225	CAPN11	2.8	7695
ENSG00000137251	TINAG	2.6	7291
ENSG00000137252	HCRTR2	8.5	14830
ENSG00000137261	KIAA0319	5.3	11597
ENSG00000137265	IRF4	14.2	17296
ENSG00000137266	SLC22A23	0.0	1
ENSG00000137267	TUBB2A	2.5	7104
ENSG00000137269	LRRC1	0.0	1
ENSG00000137270	GCM1	13.6	17161
ENSG00000137273	FOXF2	15.1	17529
ENSG00000137274	BPHL	7.3	13831
ENSG00000137275	RIPK1	50.6	19197
ENSG00000137285	TUBB2B	5.7	12090
ENSG00000137288	UQCC2	3.9	9571
ENSG00000137309	HMGA1	26.6	18721
ENSG00000137310	TCF19	0.5	1903
ENSG00000137312	FLOT1	11.3	16392
ENSG00000137331	IER3	4.0	9765
ENSG00000137337	MDC1	6.4	12917
ENSG00000137338	PGBD1	4.1	9897
ENSG00000137343	ATAT1	5.9	12348
ENSG00000137364	TPMT	7.4	13914
ENSG00000137392	CLPS	1.1	4265
ENSG00000137393	RNF144B	3.9	9571
ENSG00000137404	NRM	0.0	1
ENSG00000137409	MTCH1	4.1	9897
ENSG00000137411	VARS2	1.8	5759
ENSG00000137413	TAF8	6.3	12794
ENSG00000137414	FAM8A1	1.0	3282
ENSG00000137434	C6orf52	0.0	1
ENSG00000137440	FGFBP1	5.9	12348
ENSG00000137441	FGFBP2	1.0	3282
ENSG00000137449	CPEB2	8.9	15105
ENSG00000137460	FHDC1	3.9	9571
ENSG00000137462	TLR2	42.7	19139
ENSG00000137463	MGARP	5.5	11839
ENSG00000137473	TTC29	2.9	7932
ENSG00000137474	MYO7A	13.5	17136
ENSG00000137478	FCHSD2	4.7	10753
ENSG00000137486	ARRB1	26.5	18718
ENSG00000137491	SLCO2B1	11.3	16392
ENSG00000137492	THAP12	1.8	5759
ENSG00000137494	ANKRD42	1.0	3282
ENSG00000137496	IL18BP	4.1	9897
ENSG00000137497	NUMA1	26.1	18687
ENSG00000137500	CCDC90B	0.0	1
ENSG00000137501	SYTL2	6.0	12446
ENSG00000137502	RAB30	4.5	10501
ENSG00000137507	LRRC32	6.8	13329
ENSG00000137509	PRCP	2.9	7932
ENSG00000137513	NARS2	2.0	6082
ENSG00000137522	RNF121	1.0	3282
ENSG00000137547	MRPL15	1.6	5463
ENSG00000137558	PI15	0.0	1
ENSG00000137561	TTPA	8.5	14830
ENSG00000137563	GGH	3.6	9147
ENSG00000137571	SLCO5A1	0.5	1903
ENSG00000137573	SULF1	20.0	18262
ENSG00000137574	TGS1	5.4	11736
ENSG00000137575	SDCBP	20.3	18300
ENSG00000137601	NEK1	4.2	10017
ENSG00000137628	DDX60	6.3	12794
ENSG00000137634	NXPE4	0.0	1
ENSG00000137642	SORL1	37.3	19070
ENSG00000137648	TMPRSS4	7.0	13559
ENSG00000137656	BUD13	4.3	10201
ENSG00000137672	TRPC6	10.8	16162
ENSG00000137673	MMP7	10.8	16162
ENSG00000137674	MMP20	6.4	12917
ENSG00000137675	MMP27	1.5	4687
ENSG00000137691	CFAP300	0.0	1
ENSG00000137692	DCUN1D5	6.0	12446
ENSG00000137693	YAP1	27.8	18783
ENSG00000137699	TRIM29	1.3	4364
ENSG00000137700	SLC37A4	10.9	16206
ENSG00000137707	BTG4	2.7	7600
ENSG00000137709	POU2F3	10.2	15862
ENSG00000137710	RDX	13.5	17136
ENSG00000137713	PPP2R1B	3.1	8298
ENSG00000137714	FDX1	6.0	12446
ENSG00000137720	CFAP68	0.5	1903
ENSG00000137726	FXYD6	4.2	10017
ENSG00000137727	ARHGAP20	2.3	6711
ENSG00000137731	FXYD2	4.7	10753
ENSG00000137745	MMP13	14.2	17296
ENSG00000137747	TMPRSS13	1.6	5463
ENSG00000137752	CASP1	34.5	19012
ENSG00000137757	CASP5	8.9	15105
ENSG00000137760	ALKBH8	8.9	15105
ENSG00000137764	MAP2K5	10.2	15862
ENSG00000137766	UNC13C	3.5	8994
ENSG00000137767	SQOR	3.9	9571
ENSG00000137770	CTDSPL2	4.9	11073
ENSG00000137776	SLTM	0.5	1903
ENSG00000137801	THBS1	65.9	19237
ENSG00000137802	MAPKBP1	3.4	8766
ENSG00000137804	NUSAP1	6.5	13008
ENSG00000137806	NDUFAF1	5.5	11839
ENSG00000137807	KIF23	7.5	14017
ENSG00000137809	ITGA11	12.0	16648
ENSG00000137812	KNL1	6.6	13122
ENSG00000137814	HAUS2	4.9	11073
ENSG00000137815	RTF1	3.9	9571
ENSG00000137817	PARP6	4.4	10330
ENSG00000137818	RPLP1	7.4	13914
ENSG00000137819	PAQR5	0.5	1903
ENSG00000137821	LRRC49	0.0	1
ENSG00000137822	TUBGCP4	5.3	11597
ENSG00000137824	RMDN3	2.1	6380
ENSG00000137825	ITPKA	6.5	13008
ENSG00000137831	UACA	2.0	6082
ENSG00000137834	SMAD6	29.6	18860
ENSG00000137841	PLCB2	10.6	16075
ENSG00000137842	TMEM62	0.0	1
ENSG00000137843	PAK6	5.2	11424
ENSG00000137845	ADAM10	26.9	18742
ENSG00000137857	DUOX1	21.3	18383
ENSG00000137860	SLC28A2	20.2	18279
ENSG00000137868	STRA6	30.1	18884
ENSG00000137869	CYP19A1	11.9	16616
ENSG00000137871	ZNF280D	1.5	4687
ENSG00000137872	SEMA6D	5.3	11597
ENSG00000137875	BCL2L10	8.0	14457
ENSG00000137876	RSL24D1	0.5	1903
ENSG00000137877	SPTBN5	8.6	14895
ENSG00000137880	GCHFR	1.4	4622
ENSG00000137936	BCAR3	10.2	15862
ENSG00000137941	TTLL7	6.5	13008
ENSG00000137942	FNBP1L	7.7	14204
ENSG00000137944	KYAT3	3.0	8111
ENSG00000137947	GTF2B	21.7	18420
ENSG00000137948	BRDT	8.0	14457
ENSG00000137955	RABGGTB	4.5	10501
ENSG00000137959	IFI44L	1.3	4364
ENSG00000137960	GIPC2	0.8	3045
ENSG00000137962	ARHGAP29	4.5	10501
ENSG00000137965	IFI44	1.4	4622
ENSG00000137968	SLC44A5	5.3	11597
ENSG00000137975	CLCA2	3.2	8468
ENSG00000137976	DNASE2B	1.0	3282
ENSG00000137992	DBT	4.7	10753
ENSG00000137996	RTCA	3.6	9147
ENSG00000138002	IFT172	3.0	8111
ENSG00000138018	SELENOI	5.7	12090
ENSG00000138028	CGREF1	0.9	3235
ENSG00000138029	HADHB	5.9	12348
ENSG00000138030	KHK	7.7	14204
ENSG00000138031	ADCY3	12.1	16689
ENSG00000138032	PPM1B	9.4	15426
ENSG00000138035	PNPT1	25.3	18647
ENSG00000138036	DYNC2LI1	4.5	10501
ENSG00000138039	LHCGR	14.3	17326
ENSG00000138050	THUMPD2	3.2	8468
ENSG00000138061	CYP1B1	25.1	18638
ENSG00000138068	SULT6B1	1.0	3282
ENSG00000138069	RAB1A	19.0	18150
ENSG00000138071	ACTR2	7.9	14372
ENSG00000138073	PREB	7.0	13559
ENSG00000138074	SLC5A6	15.5	17610
ENSG00000138075	ABCG5	12.0	16648
ENSG00000138078	PREPL	3.1	8298
ENSG00000138079	SLC3A1	6.7	13235
ENSG00000138080	EMILIN1	15.4	17593
ENSG00000138081	FBXO11	7.4	13914
ENSG00000138083	SIX3	20.4	18303
ENSG00000138085	ATRAID	6.1	12588
ENSG00000138092	CENPO	0.6	2927
ENSG00000138095	LRPPRC	8.7	14962
ENSG00000138100	TRIM54	3.4	8766
ENSG00000138101	DTNB	2.5	7104
ENSG00000138107	ACTR1A	1.4	4622
ENSG00000138109	CYP2C9	21.5	18403
ENSG00000138111	SLC68A1	0.0	1
ENSG00000138115	CYP2C8	18.5	18079
ENSG00000138119	MYOF	4.6	10655
ENSG00000138131	LOXL4	1.8	5759
ENSG00000138134	STAMBPL1	5.2	11424
ENSG00000138135	CH25H	8.0	14457
ENSG00000138136	LBX1	2.9	7932
ENSG00000138138	ATAD1	3.8	9432
ENSG00000138152	BTBD16	0.0	1
ENSG00000138160	KIF11	8.2	14610
ENSG00000138161	CUZD1	0.5	1903
ENSG00000138162	TACC2	2.3	6711
ENSG00000138166	DUSP5	9.5	15494
ENSG00000138172	CALHM2	3.6	9147
ENSG00000138175	ARL3	10.3	15915
ENSG00000138180	CEP55	6.6	13122
ENSG00000138182	KIF20B	12.3	16779
ENSG00000138185	ENTPD1	6.4	12917
ENSG00000138190	EXOC6	3.4	8766
ENSG00000138193	PLCE1	14.8	17461
ENSG00000138207	RBP4	18.7	18104
ENSG00000138231	DBR1	4.7	10753
ENSG00000138246	DNAJC13	3.4	8766
ENSG00000138271	GPR87	2.6	7291
ENSG00000138279	ANXA7	5.5	11839
ENSG00000138286	FAM149B1	2.6	7291
ENSG00000138303	ASCC1	2.5	7104
ENSG00000138308	PLA2G12B	1.0	3282
ENSG00000138311	ZNF365	8.0	14457
ENSG00000138315	OIT3	0.0	1
ENSG00000138316	ADAMTS14	3.3	8619
ENSG00000138326	RPS24	10.5	16025
ENSG00000138336	TET1	15.6	17629
ENSG00000138346	DNA2	23.1	18512
ENSG00000138347	MYPN	5.2	11424
ENSG00000138356	AOX1	6.9	13452
ENSG00000138363	ATIC	9.5	15494
ENSG00000138375	SMARCAL1	7.6	14102
ENSG00000138376	BARD1	22.8	18490
ENSG00000138378	STAT4	12.3	16779
ENSG00000138379	MSTN	14.5	17382
ENSG00000138380	CARF	3.9	9571
ENSG00000138381	ASNSD1	0.0	1
ENSG00000138382	METTL5	5.5	11839
ENSG00000138385	SSB	15.2	17552
ENSG00000138386	NAB1	2.2	6585
ENSG00000138395	CDK15	2.3	6711
ENSG00000138398	PPIG	4.6	10655
ENSG00000138399	FASTKD1	3.6	9147
ENSG00000138400	MDH1B	2.5	7104
ENSG00000138411	HECW2	2.3	6711
ENSG00000138413	IDH1	7.3	13831
ENSG00000138430	OLA1	3.4	8766
ENSG00000138433	CIRSR	6.4	12917
ENSG00000138434	ITPRID2	0.8	3045
ENSG00000138435	CHRNA1	19.3	18188
ENSG00000138439	FAM117B	0.0	1
ENSG00000138442	WDR12	5.6	11982
ENSG00000138443	ABI2	15.3	17571
ENSG00000138448	ITGAV	39.6	19106
ENSG00000138449	SLC40A1	8.3	14683
ENSG00000138459	SLC35A5	1.8	5759
ENSG00000138463	SLC49A4	0.8	3045
ENSG00000138468	SENP7	2.5	7104
ENSG00000138472	GUCA1C	4.2	10017
ENSG00000138483	CCDC54	0.0	1
ENSG00000138495	COX17	4.8	10931
ENSG00000138496	PARP9	26.1	18687
ENSG00000138587	MNS1	1.8	5759
ENSG00000138592	USP8	13.4	17108
ENSG00000138593	SECISBP2L	1.5	4687
ENSG00000138594	TMOD3	3.4	8766
ENSG00000138600	SPPL2A	8.9	15105
ENSG00000138604	GLCE	6.5	13008
ENSG00000138606	SHF	0.5	1903
ENSG00000138613	APH1B	11.1	16303
ENSG00000138614	INTS14	4.1	9897
ENSG00000138615	CILP	5.4	11736
ENSG00000138617	PARP16	14.3	17326
ENSG00000138621	PPCDC	7.8	14288
ENSG00000138622	HCN4	24.3	18596
ENSG00000138623	SEMA7A	10.3	15915
ENSG00000138629	UBL7	2.6	7291
ENSG00000138639	ARHGAP24	2.0	6082
ENSG00000138640	FAM13A	1.8	5759
ENSG00000138641	HERC3	1.5	4687
ENSG00000138642	HERC6	1.5	4687
ENSG00000138646	HERC5	10.5	16025
ENSG00000138650	PCDH10	1.0	3282
ENSG00000138653	NDST4	1.5	4687
ENSG00000138658	ZGRF1	2.9	7932
ENSG00000138660	AP1AR	5.5	11839
ENSG00000138663	COPS4	3.7	9268
ENSG00000138668	HNRNPD	13.9	17231
ENSG00000138669	PRKG2	5.5	11839
ENSG00000138670	RASGEF1B	1.8	5759
ENSG00000138674	SEC31A	5.7	12090
ENSG00000138675	FGF5	10.2	15862
ENSG00000138678	GPAT3	5.0	11192
ENSG00000138684	IL21	17.8	17987
ENSG00000138685	FGF2	57.6	19218
ENSG00000138686	BBS7	7.5	14017
ENSG00000138688	BLTP1	5.1	11329
ENSG00000138696	BMPR1B	18.6	18090
ENSG00000138698	RAP1GDS1	4.8	10931
ENSG00000138709	LARP1B	1.5	4687
ENSG00000138722	MMRN1	5.8	12204
ENSG00000138735	PDE5A	3.8	9432
ENSG00000138738	PRDM5	10.3	15915
ENSG00000138741	TRPC3	13.4	17108
ENSG00000138744	NAAA	7.7	14204
ENSG00000138750	NUP54	2.6	7291
ENSG00000138755	CXCL9	17.5	17947
ENSG00000138756	BMP2K	3.0	8111
ENSG00000138757	G3BP2	5.2	11424
ENSG00000138758	SEPTIN11	2.0	6082
ENSG00000138759	FRAS1	1.5	4687
ENSG00000138760	SCARB2	14.1	17268
ENSG00000138764	CCNG2	1.0	3282
ENSG00000138767	CNOT6L	4.5	10501
ENSG00000138768	USO1	4.0	9765
ENSG00000138769	CDKL2	3.2	8468
ENSG00000138771	SHROOM3	3.0	8111
ENSG00000138772	ANXA3	6.6	13122
ENSG00000138777	PPA2	3.4	8766
ENSG00000138778	CENPE	15.3	17571
ENSG00000138780	GSTCD	0.0	1
ENSG00000138785	INTS12	4.1	9897
ENSG00000138792	ENPEP	8.9	15105
ENSG00000138794	CASP6	16.5	17798
ENSG00000138795	LEF1	44.7	19163
ENSG00000138796	HADH	6.1	12588
ENSG00000138798	EGF	29.6	18860
ENSG00000138801	PAPSS1	10.1	15809
ENSG00000138802	SEC24B	5.1	11329
ENSG00000138813	C4orf17	0.0	1
ENSG00000138814	PPP3CA	31.9	18946
ENSG00000138821	SLC39A8	20.9	18348
ENSG00000138823	MTTP	18.7	18104
ENSG00000138829	FBN2	10.1	15809
ENSG00000138834	MAPK8IP3	8.1	14536
ENSG00000138835	RGS3	3.6	9147
ENSG00000138867	GUCD1	0.0	1
ENSG00000138892	TTLL8	5.3	11597
ENSG00000138942	RNF185	14.3	17326
ENSG00000138944	SHISAL1	0.0	1
ENSG00000138964	PARVG	4.3	10201
ENSG00000139044	B4GALNT3	1.3	4364
ENSG00000139053	PDE6H	2.8	7695
ENSG00000139055	ERP27	1.5	4687
ENSG00000139083	ETV6	7.7	14204
ENSG00000139112	GABARAPL1	8.5	14830
ENSG00000139116	KIF21A	6.8	13329
ENSG00000139117	CPNE8	1.0	3282
ENSG00000139131	YARS2	10.3	15915
ENSG00000139132	FGD4	6.8	13329
ENSG00000139133	ALG10	1.0	3282
ENSG00000139144	PIK3C2G	6.5	13008
ENSG00000139146	SINHCAF	5.3	11597
ENSG00000139151	PLCZ1	7.2	13747
ENSG00000139154	AEBP2	1.7	5664
ENSG00000139155	SLCO1C1	7.7	14204
ENSG00000139160	ETFBKMT	5.2	11424
ENSG00000139163	ETNK1	2.6	7291
ENSG00000139168	ZCRB1	2.6	7291
ENSG00000139173	TMEM117	1.3	4364
ENSG00000139174	PRICKLE1	7.0	13559
ENSG00000139178	C1RL	1.0	3282
ENSG00000139180	NDUFA9	7.0	13559
ENSG00000139182	CLSTN3	12.7	16895
ENSG00000139187	KLRG1	4.5	10501
ENSG00000139190	VAMP1	2.6	7291
ENSG00000139192	TAPBPL	3.9	9571
ENSG00000139193	CD27	9.6	15554
ENSG00000139194	RBP5	1.9	5985
ENSG00000139197	PEX5	21.5	18403
ENSG00000139200	PIANP	0.0	1
ENSG00000139209	SLC38A4	6.8	13329
ENSG00000139211	AMIGO2	3.0	8111
ENSG00000139218	SCAF11	4.3	10201
ENSG00000139219	COL2A1	14.1	17268
ENSG00000139220	PPFIA2	3.8	9432
ENSG00000139223	ANP32D	0.0	1
ENSG00000139233	LLPH	3.0	8111
ENSG00000139263	LRIG3	1.0	3282
ENSG00000139266	MARCHF9	0.5	1903
ENSG00000139269	INHBE	2.0	6082
ENSG00000139278	GLIPR1	0.0	1
ENSG00000139287	TPH2	1.3	4364
ENSG00000139289	PHLDA1	0.5	1903
ENSG00000139291	FAABTP	0.0	1
ENSG00000139292	LGR5	4.7	10753
ENSG00000139304	PTPRQ	1.3	4364
ENSG00000139318	DUSP6	11.4	16433
ENSG00000139323	POC1B	4.5	10501
ENSG00000139324	TMTC3	4.2	10017
ENSG00000139329	LUM	4.5	10501
ENSG00000139330	KERA	0.0	1
ENSG00000139343	SNRPF	10.6	16075
ENSG00000139344	AMDHD1	2.8	7695
ENSG00000139350	NEDD1	1.5	4687
ENSG00000139351	SYCP3	4.2	10017
ENSG00000139352	ASCL1	22.8	18490
ENSG00000139354	GAS2L3	4.2	10017
ENSG00000139364	TMEM132B	0.0	1
ENSG00000139370	SLC15A4	14.3	17326
ENSG00000139372	TDG	19.0	18150
ENSG00000139405	RITA1	5.3	11597
ENSG00000139410	SDSL	4.9	11073
ENSG00000139428	MMAB	6.3	12794
ENSG00000139433	GLTP	9.4	15426
ENSG00000139436	GIT2	3.9	9571
ENSG00000139437	TCHP	2.9	7932
ENSG00000139438	FAM222A	0.0	1
ENSG00000139445	FOXN4	8.8	15033
ENSG00000139496	NUP58	1.6	5463
ENSG00000139505	MTMR6	8.4	14752
ENSG00000139508	SLC46A3	2.6	7291
ENSG00000139514	SLC7A1	20.2	18279
ENSG00000139515	PDX1	12.2	16737
ENSG00000139517	LNX2	1.3	4364
ENSG00000139531	SUOX	2.9	7932
ENSG00000139537	DRC2	4.3	10201
ENSG00000139540	SLC39A5	6.1	12588
ENSG00000139546	TARBP2	16.6	17809
ENSG00000139547	RDH16	7.9	14372
ENSG00000139549	DHH	7.2	13747
ENSG00000139567	ACVRL1	48.4	19181
ENSG00000139572	GPR84	1.0	3282
ENSG00000139574	NPFF	5.8	12204
ENSG00000139579	NABP2	12.1	16689
ENSG00000139597	N4BP2L1	0.0	1
ENSG00000139610	CELA1	2.0	6082
ENSG00000139613	SMARCC2	11.8	16572
ENSG00000139618	BRCA2	15.7	17645
ENSG00000139620	KANSL2	0.6	2927
ENSG00000139624	CERS5	5.2	11424
ENSG00000139625	MAP3K12	9.9	15713
ENSG00000139626	ITGB7	12.9	16951
ENSG00000139629	GALNT6	5.3	11597
ENSG00000139631	CSAD	3.0	8111
ENSG00000139636	LMBR1L	6.4	12917
ENSG00000139637	MYG1	3.2	8468
ENSG00000139641	ESYT1	4.9	11073
ENSG00000139644	TMBIM6	11.6	16500
ENSG00000139645	ANKRD52	0.0	1
ENSG00000139648	KRT71	3.1	8298
ENSG00000139651	ZNF740	2.8	7695
ENSG00000139668	WDFY2	2.1	6380
ENSG00000139675	HNRNPA1L2	1.0	3282
ENSG00000139679	LPAR6	1.0	3282
ENSG00000139684	ESD	2.7	7600
ENSG00000139687	RB1	32.2	18957
ENSG00000139697	SBNO1	4.0	9765
ENSG00000139714	MORN3	1.6	5463
ENSG00000139718	SETD1B	1.7	5664
ENSG00000139719	VPS33A	9.6	15554
ENSG00000139722	VPS37B	8.4	14752
ENSG00000139725	RHOF	6.7	13235
ENSG00000139726	DENR	3.4	8766
ENSG00000139734	DIAPH3	2.5	7104
ENSG00000139737	SLAIN1	1.5	4687
ENSG00000139746	RBM26	1.6	5463
ENSG00000139767	SRRM4	6.6	13122
ENSG00000139780	METTL21C	3.7	9268
ENSG00000139793	MBNL2	3.1	8298
ENSG00000139797	RNF113B	1.0	3282
ENSG00000139800	ZIC5	2.8	7695
ENSG00000139826	ABHD13	0.5	1903
ENSG00000139832	RAB20	3.1	8298
ENSG00000139835	GRTP1	0.5	1903
ENSG00000139842	CUL4A	25.4	18652
ENSG00000139865	TTC6	0.0	1
ENSG00000139874	SSTR1	5.5	11839
ENSG00000139880	CDH24	8.0	14457
ENSG00000139890	REM2	1.0	3282
ENSG00000139899	CBLN3	1.0	3282
ENSG00000139908	TSSK4	5.2	11424
ENSG00000139910	NOVA1	7.1	13639
ENSG00000139914	FITM1	5.8	12204
ENSG00000139915	MDGA2	1.0	3282
ENSG00000139921	TMX1	7.7	14204
ENSG00000139926	FRMD6	1.0	3282
ENSG00000139946	PELI2	4.4	10330
ENSG00000139970	RTN1	3.6	9147
ENSG00000139971	ARMH4	1.8	5759
ENSG00000139973	SYT16	0.5	1903
ENSG00000139974	SLC38A6	2.5	7104
ENSG00000139977	NAA30	2.1	6380
ENSG00000139985	ADAM21	3.3	8619
ENSG00000139988	RDH12	7.6	14102
ENSG00000139990	DCAF5	1.1	4265
ENSG00000139998	RAB15	3.7	9268
ENSG00000140006	WDR89	0.0	1
ENSG00000140009	ESR2	20.8	18340
ENSG00000140015	KCNH5	4.7	10753
ENSG00000140022	STON2	3.3	8619
ENSG00000140025	EFCAB11	1.5	4687
ENSG00000140030	GPR65	7.7	14204
ENSG00000140043	PTGR2	3.4	8766
ENSG00000140044	JDP2	5.2	11424
ENSG00000140057	AK7	3.4	8766
ENSG00000140067	FAM181A	0.0	1
ENSG00000140090	SLC24A4	18.7	18104
ENSG00000140092	FBLN5	7.3	13831
ENSG00000140093	SERPINA10	2.2	6585
ENSG00000140104	CLBA1	0.5	1903
ENSG00000140105	WARS1	10.5	16025
ENSG00000140107	SLC25A47	1.5	4687
ENSG00000140153	WDR20	2.6	7291
ENSG00000140157	NIPA2	1.3	4364
ENSG00000140199	SLC12A6	14.1	17268
ENSG00000140254	DUOXA1	4.6	10655
ENSG00000140259	MFAP1	1.8	5759
ENSG00000140262	TCF12	14.2	17296
ENSG00000140263	SORD	13.1	17014
ENSG00000140264	SERF2	0.8	3045
ENSG00000140265	ZSCAN29	2.3	6711
ENSG00000140274	DUOXA2	7.0	13559
ENSG00000140279	DUOX2	12.9	16951
ENSG00000140280	LYSMD2	0.0	1
ENSG00000140284	SLC27A2	19.0	18150
ENSG00000140285	FGF7	18.6	18090
ENSG00000140287	HDC	5.7	12090
ENSG00000140297	GCNT3	4.7	10753
ENSG00000140299	BNIP2	3.2	8468
ENSG00000140307	GTF2A2	10.1	15809
ENSG00000140319	SRP14	5.1	11329
ENSG00000140320	BAHD1	4.4	10330
ENSG00000140323	DISP2	1.1	4265
ENSG00000140326	CDAN1	2.9	7932
ENSG00000140332	TLE3	8.3	14683
ENSG00000140350	ANP32A	4.3	10201
ENSG00000140365	COMMD4	1.1	4265
ENSG00000140367	UBE2Q2	2.6	7291
ENSG00000140368	PSTPIP1	2.6	7291
ENSG00000140374	ETFA	6.3	12794
ENSG00000140379	BCL2A1	4.4	10330
ENSG00000140382	HMG20A	2.5	7104
ENSG00000140386	SCAPER	0.8	3045
ENSG00000140391	TSPAN3	0.0	1
ENSG00000140395	SKIC8	4.0	9765
ENSG00000140396	NCOA2	14.5	17382
ENSG00000140398	NEIL1	6.7	13235
ENSG00000140400	MAN2C1	1.0	3282
ENSG00000140403	DNAJA4	7.3	13831
ENSG00000140406	TLNRD1	1.8	5759
ENSG00000140416	TPM1	18.8	18124
ENSG00000140443	IGF1R	33.6	18991
ENSG00000140450	ARRDC4	5.7	12090
ENSG00000140451	PIF1	8.7	14962
ENSG00000140455	USP3	5.7	12090
ENSG00000140459	CYP11A1	12.0	16648
ENSG00000140463	BBS4	23.1	18512
ENSG00000140464	PML	40.5	19114
ENSG00000140465	CYP1A1	21.4	18395
ENSG00000140470	ADAMTS17	1.5	4687
ENSG00000140471	LINS1	0.8	3045
ENSG00000140474	ULK3	11.0	16257
ENSG00000140478	GOLGA6D	0.5	1903
ENSG00000140479	PCSK6	10.9	16206
ENSG00000140481	CCDC33	0.0	1
ENSG00000140488	CELF6	2.9	7932
ENSG00000140497	SCAMP2	2.2	6585
ENSG00000140505	CYP1A2	26.2	18696
ENSG00000140506	LMAN1L	1.0	3282
ENSG00000140511	HAPLN3	1.0	3282
ENSG00000140519	RHCG	12.3	16779
ENSG00000140521	POLG	18.7	18104
ENSG00000140522	RLBP1	2.3	6711
ENSG00000140525	FANCI	2.7	7600
ENSG00000140526	ABHD2	10.7	16120
ENSG00000140527	WDR93	0.0	1
ENSG00000140534	TICRR	6.6	13122
ENSG00000140538	NTRK3	14.2	17296
ENSG00000140543	DET1	6.8	13329
ENSG00000140545	MFGE8	1.9	5985
ENSG00000140548	ZNF710	1.5	4687
ENSG00000140553	UNC45A	2.3	6711
ENSG00000140557	ST8SIA2	10.9	16206
ENSG00000140563	MCTP2	3.2	8468
ENSG00000140564	FURIN	37.2	19065
ENSG00000140575	IQGAP1	22.0	18446
ENSG00000140577	CRTC3	4.3	10201
ENSG00000140598	EFL1	4.7	10753
ENSG00000140600	SH3GL3	4.1	9897
ENSG00000140612	SEC11A	4.4	10330
ENSG00000140623	SEPTIN12	6.4	12917
ENSG00000140632	GLYR1	7.1	13639
ENSG00000140650	PMM2	6.6	13122
ENSG00000140675	SLC5A2	11.2	16350
ENSG00000140678	ITGAX	15.3	17571
ENSG00000140682	TGFB1I1	10.0	15759
ENSG00000140688	RUSF1	0.0	1
ENSG00000140691	ARMC5	2.9	7932
ENSG00000140694	PARN	16.2	17740
ENSG00000140718	FTO	12.1	16689
ENSG00000140740	UQCRC2	3.0	8111
ENSG00000140743	CDR2	0.0	1
ENSG00000140749	IGSF6	2.7	7600
ENSG00000140750	ARHGAP17	2.0	6082
ENSG00000140795	MYLK3	7.4	13914
ENSG00000140798	ABCC12	1.0	3282
ENSG00000140807	NKD1	6.4	12917
ENSG00000140829	DHX38	6.2	12686
ENSG00000140830	TXNL4B	1.2	4328
ENSG00000140832	MARVELD3	6.4	12917
ENSG00000140835	CHST4	10.7	16120
ENSG00000140836	ZFHX3	15.4	17593
ENSG00000140839	CLEC18B	0.5	1903
ENSG00000140848	CPNE2	1.0	3282
ENSG00000140853	NLRC5	9.0	15175
ENSG00000140854	KATNB1	5.5	11839
ENSG00000140859	KIFC3	5.2	11424
ENSG00000140873	ADAMTS18	3.1	8298
ENSG00000140876	NUDT7	7.0	13559
ENSG00000140905	GCSH	1.4	4622
ENSG00000140931	CMTM3	0.0	1
ENSG00000140932	CMTM2	0.0	1
ENSG00000140937	CDH11	9.8	15662
ENSG00000140939	NOL3	15.0	17507
ENSG00000140941	MAP1LC3B	11.5	16473
ENSG00000140943	MBTPS1	13.2	17041
ENSG00000140945	CDH13	23.7	18560
ENSG00000140948	ZCCHC14	0.0	1
ENSG00000140950	MEAK7	6.6	13122
ENSG00000140955	ADAD2	3.0	8111
ENSG00000140961	OSGIN1	2.6	7291
ENSG00000140968	IRF8	11.5	16473
ENSG00000140983	RHOT2	6.8	13329
ENSG00000140986	RPL3L	7.2	13747
ENSG00000140987	ZSCAN32	2.3	6711
ENSG00000140988	RPS2	9.1	15239
ENSG00000140990	NDUFB10	2.4	6954
ENSG00000140992	PDPK1	26.1	18687
ENSG00000140993	TIGD7	0.5	1903
ENSG00000140995	DEF8	1.5	4687
ENSG00000141002	TCF25	2.8	7695
ENSG00000141012	GALNS	4.7	10753
ENSG00000141013	DRC4	9.9	15713
ENSG00000141026	MED9	1.8	5759
ENSG00000141027	NCOR1	15.2	17552
ENSG00000141030	COPS3	5.1	11329
ENSG00000141034	GID4	1.6	5463
ENSG00000141040	ZNF287	1.5	4687
ENSG00000141052	MYOCD	17.5	17947
ENSG00000141068	KSR1	6.5	13008
ENSG00000141076	UTP4	4.5	10501
ENSG00000141084	RANBP10	2.6	7291
ENSG00000141086	CTRL	2.8	7695
ENSG00000141096	DPEP3	1.8	5759
ENSG00000141098	GFOD2	0.5	1903
ENSG00000141101	NOB1	2.7	7600
ENSG00000141127	PRPSAP2	4.1	9897
ENSG00000141161	UNC45B	1.5	4687
ENSG00000141179	PCTP	7.2	13747
ENSG00000141194	OR4D1	1.7	5664
ENSG00000141198	TOM1L1	8.1	14536
ENSG00000141200	KIF2B	5.3	11597
ENSG00000141219	MTNAP1	0.0	1
ENSG00000141232	TOB1	6.7	13235
ENSG00000141252	VPS53	4.1	9897
ENSG00000141255	SPATA22	0.5	1903
ENSG00000141258	SGSM2	2.9	7932
ENSG00000141279	NPEPPS	6.2	12686
ENSG00000141293	SKAP1	11.3	16392
ENSG00000141294	LRRC46	1.0	3282
ENSG00000141295	SCRN2	0.0	1
ENSG00000141298	SSH2	5.2	11424
ENSG00000141314	RHBDL3	0.5	1903
ENSG00000141316	SPACA3	4.8	10931
ENSG00000141337	ARSG	4.6	10655
ENSG00000141338	ABCA8	12.8	16920
ENSG00000141349	G6PC3	4.9	11073
ENSG00000141367	CLTC	18.8	18124
ENSG00000141371	CHCT1	0.0	1
ENSG00000141376	BCAS3	10.8	16162
ENSG00000141378	PTRH2	4.7	10753
ENSG00000141380	SS18	5.6	11982
ENSG00000141384	TAF4B	5.7	12090
ENSG00000141385	AFG3L2	16.5	17798
ENSG00000141391	PRELID3A	2.6	7291
ENSG00000141401	IMPA2	6.6	13122
ENSG00000141404	GNAL	5.8	12204
ENSG00000141424	SLC39A6	11.5	16473
ENSG00000141425	RPRD1A	2.6	7291
ENSG00000141428	RMP24	1.4	4622
ENSG00000141429	GALNT1	7.5	14017
ENSG00000141431	ASXL3	2.8	7695
ENSG00000141433	ADCYAP1	25.6	18663
ENSG00000141434	MEP1B	1.3	4364
ENSG00000141437	SLC25A52	2.6	7291
ENSG00000141441	GAREM1	5.5	11839
ENSG00000141446	ESCO1	9.2	15304
ENSG00000141447	OSBPL1A	6.5	13008
ENSG00000141448	GATA6	29.5	18858
ENSG00000141449	GREB1L	2.6	7291
ENSG00000141452	RMC1	1.8	5759
ENSG00000141456	PELP1	4.8	10931
ENSG00000141458	NPC1	16.5	17798
ENSG00000141469	SLC14A1	5.6	11982
ENSG00000141480	ARRB2	26.7	18728
ENSG00000141485	SLC13A5	14.6	17413
ENSG00000141497	ZMYND15	1.5	4687
ENSG00000141499	WRAP53	22.5	18471
ENSG00000141503	MINK1	14.7	17436
ENSG00000141504	SAT2	6.9	13452
ENSG00000141505	ASGR1	3.8	9432
ENSG00000141506	PIK3R5	5.4	11736
ENSG00000141510	TP53	100.8	19264
ENSG00000141519	CCDC40	14.3	17326
ENSG00000141522	ARHGDIA	4.1	9897
ENSG00000141524	TMC6	2.1	6380
ENSG00000141526	SLC16A3	6.0	12446
ENSG00000141527	CARD14	6.4	12917
ENSG00000141540	TTYH2	3.1	8298
ENSG00000141542	RAB40B	6.6	13122
ENSG00000141543	EIF4A3	14.4	17358
ENSG00000141551	CSNK1D	22.2	18455
ENSG00000141552	ANAPC11	13.2	17041
ENSG00000141556	TBCD	13.5	17136
ENSG00000141560	FN3KRP	2.3	6711
ENSG00000141562	NARF	1.3	4364
ENSG00000141564	RPTOR	29.6	18860
ENSG00000141568	FOXK2	14.0	17251
ENSG00000141569	TRIM65	12.5	16839
ENSG00000141570	CBX8	3.8	9432
ENSG00000141574	SECTM1	4.8	10931
ENSG00000141576	RNF157	2.5	7104
ENSG00000141577	CEP131	6.6	13122
ENSG00000141579	ZNF750	10.5	16025
ENSG00000141580	WDR45B	8.0	14457
ENSG00000141582	CBX4	13.2	17041
ENSG00000141622	ARK2C	1.5	4687
ENSG00000141627	DYM	2.9	7932
ENSG00000141639	MAPK4	4.7	10753
ENSG00000141642	ELAC1	2.9	7932
ENSG00000141644	MBD1	7.7	14204
ENSG00000141646	SMAD4	51.5	19202
ENSG00000141655	TNFRSF11A	19.7	18240
ENSG00000141664	ZCCHC2	0.0	1
ENSG00000141665	FBXO15	0.6	2927
ENSG00000141668	CBLN2	4.1	9897
ENSG00000141682	PMAIP1	16.3	17761
ENSG00000141696	P3H4	3.9	9571
ENSG00000141698	NT5C3B	2.3	6711
ENSG00000141699	RETREG3	2.4	6954
ENSG00000141736	ERBB2	32.7	18974
ENSG00000141738	GRB7	7.1	13639
ENSG00000141741	MIEN1	3.4	8766
ENSG00000141744	PNMT	3.9	9571
ENSG00000141748	ARL5C	2.0	6082
ENSG00000141750	STAC2	2.5	7104
ENSG00000141753	IGFBP4	4.2	10017
ENSG00000141756	FKBP10	2.0	6082
ENSG00000141759	TXNL4A	3.8	9432
ENSG00000141837	CACNA1A	11.3	16392
ENSG00000141854	MISP3	0.0	1
ENSG00000141858	SAMD1	5.4	11736
ENSG00000141867	BRD4	25.4	18652
ENSG00000141873	SLC39A3	3.8	9432
ENSG00000141905	NFIC	9.4	15426
ENSG00000141933	TPGS1	1.5	4687
ENSG00000141934	PLPP2	9.4	15426
ENSG00000141946	ZIM3	1.5	4687
ENSG00000141956	PRDM15	4.5	10501
ENSG00000141959	PFKL	12.1	16689
ENSG00000141965	FEM1A	6.6	13122
ENSG00000141968	VAV1	15.0	17507
ENSG00000141971	MVB12A	12.0	16648
ENSG00000141977	CIB3	3.1	8298
ENSG00000141985	SH3GL1	4.6	10655
ENSG00000141994	DUS3L	5.0	11192
ENSG00000142002	DPP9	5.0	11192
ENSG00000142025	DMRTC2	2.3	6711
ENSG00000142039	CCDC97	0.0	1
ENSG00000142046	TMEM91	0.0	1
ENSG00000142065	ZFP14	1.5	4687
ENSG00000142082	SIRT3	14.5	17382
ENSG00000142089	IFITM3	11.6	16500
ENSG00000142102	PGGHG	2.6	7291
ENSG00000142149	HUNK	2.8	7695
ENSG00000142156	COL6A1	4.5	10501
ENSG00000142163	OR1E3	2.6	7291
ENSG00000142166	IFNAR1	12.8	16920
ENSG00000142168	SOD1	34.7	19018
ENSG00000142173	COL6A2	2.4	6954
ENSG00000142178	SIK1	14.7	17436
ENSG00000142182	DNMT3L	7.5	14017
ENSG00000142185	TRPM2	21.1	18366
ENSG00000142186	SCYL1	1.3	4364
ENSG00000142188	TMEM50B	0.5	1903
ENSG00000142192	APP	138.5	19271
ENSG00000142197	DOP1B	3.8	9432
ENSG00000142207	URB1	1.5	4687
ENSG00000142208	AKT1	106.5	19266
ENSG00000142227	EMP3	1.6	5463
ENSG00000142230	SAE1	8.4	14752
ENSG00000142233	NTN5	1.5	4687
ENSG00000142235	LMTK3	0.5	1903
ENSG00000142252	GEMIN7	3.9	9571
ENSG00000142273	CBLC	9.3	15379
ENSG00000142279	WTIP	5.7	12090
ENSG00000142303	ADAMTS10	1.5	4687
ENSG00000142319	SLC6A3	10.1	15809
ENSG00000142327	RNPEPL1	2.6	7291
ENSG00000142330	CAPN10	9.8	15662
ENSG00000142347	MYO1F	3.2	8468
ENSG00000142405	NLRP12	13.8	17208
ENSG00000142408	CACNG8	5.0	11192
ENSG00000142409	ZNF787	2.3	6711
ENSG00000142444	TIMM29	2.9	7932
ENSG00000142449	FBN3	2.0	6082
ENSG00000142453	CARM1	16.3	17761
ENSG00000142459	EVI5L	3.7	9268
ENSG00000142484	TM4SF5	1.6	5463
ENSG00000142494	SLC47A1	14.8	17461
ENSG00000142507	PSMB6	13.1	17014
ENSG00000142511	GPR32	4.8	10931
ENSG00000142512	SIGLEC10	3.4	8766
ENSG00000142513	ACP4	8.9	15105
ENSG00000142515	KLK3	7.9	14372
ENSG00000142528	ZNF473	1.8	5759
ENSG00000142530	GARIN5A	1.5	4687
ENSG00000142534	RPS11	6.3	12794
ENSG00000142538	PTH2	0.0	1
ENSG00000142541	RPL13A	12.1	16689
ENSG00000142544	CTU1	2.2	6585
ENSG00000142546	NOSIP	6.8	13329
ENSG00000142549	IGLON5	1.0	3282
ENSG00000142552	RCN3	7.0	13559
ENSG00000142556	ZNF614	1.5	4687
ENSG00000142583	SLC2A5	11.8	16572
ENSG00000142599	RERE	0.5	1903
ENSG00000142606	MMEL1	2.6	7291
ENSG00000142609	CFAP74	0.5	1903
ENSG00000142611	PRDM16	20.7	18330
ENSG00000142615	CELA2A	7.7	14204
ENSG00000142619	PADI3	3.0	8111
ENSG00000142621	FHAD1	0.0	1
ENSG00000142623	PADI1	2.1	6380
ENSG00000142627	EPHA2	20.4	18303
ENSG00000142632	ARHGEF19	4.7	10753
ENSG00000142634	EFHD2	3.4	8766
ENSG00000142655	PEX14	14.9	17482
ENSG00000142657	PGD	4.1	9897
ENSG00000142661	MYOM3	1.5	4687
ENSG00000142669	SH3BGRL3	2.1	6380
ENSG00000142675	CNKSR1	2.7	7600
ENSG00000142676	RPL11	19.9	18258
ENSG00000142677	IL22RA1	4.9	11073
ENSG00000142684	ZNF593	3.2	8468
ENSG00000142686	C1orf216	0.0	1
ENSG00000142687	KIAA0319L	0.5	1903
ENSG00000142698	C1orf94	0.0	1
ENSG00000142700	DMRTA2	3.3	8619
ENSG00000142731	PLK4	10.3	15915
ENSG00000142733	MAP3K6	6.5	13008
ENSG00000142748	FCN3	13.1	17014
ENSG00000142751	GPN2	0.5	1903
ENSG00000142765	SYTL1	2.3	6711
ENSG00000142784	WDTC1	1.1	4265
ENSG00000142789	CELA3A	1.9	5985
ENSG00000142794	NBPF3	0.0	1
ENSG00000142798	HSPG2	12.9	16951
ENSG00000142856	ITGB3BP	2.4	6954
ENSG00000142864	SERBP1	8.5	14830
ENSG00000142867	BCL10	31.0	18913
ENSG00000142871	CCN1	10.0	15759
ENSG00000142875	PRKACB	13.0	16985
ENSG00000142892	PIGK	7.5	14017
ENSG00000142910	TINAGL1	3.7	9268
ENSG00000142920	AZIN2	8.8	15033
ENSG00000142937	RPS8	6.8	13329
ENSG00000142945	KIF2C	11.1	16303
ENSG00000142949	PTPRF	11.9	16616
ENSG00000142959	BEST4	3.4	8766
ENSG00000142961	MOB3C	1.0	3282
ENSG00000142973	CYP4B1	2.7	7600
ENSG00000143001	TMEM61	0.0	1
ENSG00000143006	DMRTB1	2.5	7104
ENSG00000143013	LMO4	3.5	8994
ENSG00000143028	SYPL2	0.5	1903
ENSG00000143032	BARHL2	2.8	7695
ENSG00000143033	MTF2	5.5	11839
ENSG00000143036	SLC44A3	3.7	9268
ENSG00000143061	IGSF3	0.8	3045
ENSG00000143067	ZNF697	2.5	7104
ENSG00000143079	CTTNBP2NL	3.7	9268
ENSG00000143093	STRIP1	3.7	9268
ENSG00000143105	KCNA10	4.9	11073
ENSG00000143106	PSMA5	18.1	18029
ENSG00000143107	FNDC7	0.0	1
ENSG00000143110	C1orf162	0.0	1
ENSG00000143119	CD53	3.5	8994
ENSG00000143125	PROK1	0.5	1903
ENSG00000143126	CELSR2	5.8	12204
ENSG00000143127	ITGA10	6.9	13452
ENSG00000143147	GPR161	2.5	7104
ENSG00000143149	ALDH9A1	9.1	15239
ENSG00000143153	ATP1B1	28.6	18818
ENSG00000143155	TIPRL	2.6	7291
ENSG00000143156	NME7	6.1	12588
ENSG00000143157	POGK	0.5	1903
ENSG00000143158	MPC2	2.6	7291
ENSG00000143162	CREG1	5.8	12204
ENSG00000143164	DCAF6	2.6	7291
ENSG00000143167	GPA33	0.9	3235
ENSG00000143171	RXRG	6.0	12446
ENSG00000143178	TBX19	6.1	12588
ENSG00000143179	UCK2	4.5	10501
ENSG00000143183	TMCO1	6.9	13452
ENSG00000143184	XCL1	33.0	18980
ENSG00000143185	XCL2	6.2	12686
ENSG00000143190	POU2F1	12.8	16920
ENSG00000143194	MAEL	4.0	9765
ENSG00000143195	ILDR2	1.8	5759
ENSG00000143196	DPT	1.6	5463
ENSG00000143198	MGST3	6.6	13122
ENSG00000143199	ADCY10	7.2	13747
ENSG00000143207	COP1	6.7	13235
ENSG00000143217	NECTIN4	3.9	9571
ENSG00000143222	UFC1	9.2	15304
ENSG00000143224	PPOX	5.1	11329
ENSG00000143226	FCGR2A	3.0	8111
ENSG00000143228	NUF2	5.3	11597
ENSG00000143248	RGS5	4.6	10655
ENSG00000143252	SDHC	4.6	10655
ENSG00000143256	PFDN2	7.6	14102
ENSG00000143257	NR1I3	11.1	16303
ENSG00000143258	USP21	7.8	14288
ENSG00000143278	F13B	2.2	6585
ENSG00000143294	PRCC	0.8	3045
ENSG00000143297	FCRL5	3.1	8298
ENSG00000143303	METTL25B	0.0	1
ENSG00000143314	MRPL24	1.6	5463
ENSG00000143315	PIGM	2.6	7291
ENSG00000143318	CASQ1	6.8	13329
ENSG00000143319	ISG20L2	1.5	4687
ENSG00000143320	CRABP2	5.9	12348
ENSG00000143321	HDGF	8.1	14536
ENSG00000143322	ABL2	24.2	18591
ENSG00000143324	XPR1	6.0	12446
ENSG00000143333	RGS16	8.5	14830
ENSG00000143337	TOR1AIP1	4.2	10017
ENSG00000143340	FAM163A	0.0	1
ENSG00000143341	HMCN1	3.3	8619
ENSG00000143344	RGL1	2.2	6585
ENSG00000143353	LYPLAL1	4.8	10931
ENSG00000143355	LHX9	4.3	10201
ENSG00000143363	PRUNE1	3.7	9268
ENSG00000143365	RORC	18.8	18124
ENSG00000143367	TUFT1	2.6	7291
ENSG00000143368	SF3B4	9.2	15304
ENSG00000143369	ECM1	5.6	11982
ENSG00000143373	ZNF687	0.6	2927
ENSG00000143374	TARS2	4.3	10201
ENSG00000143375	CGN	2.0	6082
ENSG00000143376	SNX27	8.0	14457
ENSG00000143379	SETDB1	13.4	17108
ENSG00000143382	ADAMTSL4	2.4	6954
ENSG00000143384	MCL1	14.7	17436
ENSG00000143387	CTSK	12.4	16811
ENSG00000143390	RFX5	9.0	15175
ENSG00000143393	PI4KB	10.4	15985
ENSG00000143398	PIP5K1A	17.8	17987
ENSG00000143401	ANP32E	4.4	10330
ENSG00000143409	MINDY1	3.4	8766
ENSG00000143412	ANXA9	4.7	10753
ENSG00000143416	SELENBP1	1.7	5664
ENSG00000143418	CERS2	7.2	13747
ENSG00000143420	ENSA	8.1	14536
ENSG00000143434	SEMA6C	3.8	9432
ENSG00000143436	MRPL9	2.3	6711
ENSG00000143437	ARNT	22.8	18490
ENSG00000143442	POGZ	3.9	9571
ENSG00000143443	C1orf56	1.3	4364
ENSG00000143450	OAZ3	6.3	12794
ENSG00000143452	HORMAD1	5.5	11839
ENSG00000143457	GOLPH3L	6.5	13008
ENSG00000143458	GABPB2	2.6	7291
ENSG00000143469	SYT14	0.5	1903
ENSG00000143473	KCNH1	10.0	15759
ENSG00000143476	DTL	14.9	17482
ENSG00000143479	DYRK3	14.5	17382
ENSG00000143486	EIF2D	6.0	12446
ENSG00000143493	INTS7	5.7	12090
ENSG00000143494	VASH2	8.5	14830
ENSG00000143498	TAF1A	2.6	7291
ENSG00000143499	SMYD2	10.2	15862
ENSG00000143502	SUSD4	2.4	6954
ENSG00000143507	DUSP10	12.9	16951
ENSG00000143512	HHIPL2	0.0	1
ENSG00000143514	TP53BP2	7.1	13639
ENSG00000143515	ATP8B2	4.1	9897
ENSG00000143520	FLG2	2.9	7932
ENSG00000143536	CRNN	4.5	10501
ENSG00000143537	ADAM15	15.7	17645
ENSG00000143543	JTB	3.7	9268
ENSG00000143545	RAB13	13.6	17161
ENSG00000143546	S100A8	19.6	18225
ENSG00000143549	TPM3	1.5	4687
ENSG00000143552	NUP210L	0.0	1
ENSG00000143553	SNAPIN	15.1	17529
ENSG00000143554	SLC27A3	4.2	10017
ENSG00000143556	S100A7	12.2	16737
ENSG00000143569	UBAP2L	4.2	10017
ENSG00000143570	SLC39A1	7.0	13559
ENSG00000143575	HAX1	13.0	16985
ENSG00000143578	CREB3L4	3.6	9147
ENSG00000143590	EFNA3	7.0	13559
ENSG00000143595	AQP10	7.3	13831
ENSG00000143603	KCNN3	4.7	10753
ENSG00000143612	LTAP1	1.3	4364
ENSG00000143614	GATAD2B	5.7	12090
ENSG00000143621	ILF2	4.4	10330
ENSG00000143622	RIT1	5.7	12090
ENSG00000143624	INTS3	8.4	14752
ENSG00000143627	PKLR	3.6	9147
ENSG00000143630	HCN3	13.2	17041
ENSG00000143631	FLG	3.8	9432
ENSG00000143632	ACTA1	7.8	14288
ENSG00000143633	FSAF1	1.9	5985
ENSG00000143641	GALNT2	7.6	14102
ENSG00000143643	TTC13	0.0	1
ENSG00000143653	SCCPDH	0.5	1903
ENSG00000143669	LYST	6.4	12917
ENSG00000143674	MAP3K21	2.5	7104
ENSG00000143702	CEP170	0.0	1
ENSG00000143727	ACP1	3.0	8111
ENSG00000143740	SNAP47	4.3	10201
ENSG00000143742	SRP9	2.9	7932
ENSG00000143748	NVL	10.9	16206
ENSG00000143751	SDE2	6.4	12917
ENSG00000143753	DEGS1	9.4	15426
ENSG00000143756	FBXO28	3.5	8994
ENSG00000143761	ARF1	8.1	14536
ENSG00000143768	LEFTY2	1.5	4687
ENSG00000143771	CNIH4	2.6	7291
ENSG00000143772	ITPKB	5.6	11982
ENSG00000143774	GUK1	8.5	14830
ENSG00000143776	CDC42BPA	9.2	15304
ENSG00000143786	CNIH3	1.8	5759
ENSG00000143793	C1orf35	0.5	1903
ENSG00000143797	MBOAT2	10.9	16206
ENSG00000143799	PARP1	58.4	19222
ENSG00000143801	PSEN2	11.8	16572
ENSG00000143811	PYCR2	3.4	8766
ENSG00000143815	LBR	10.4	15985
ENSG00000143816	WNT9A	7.9	14372
ENSG00000143819	EPHX1	7.9	14372
ENSG00000143839	REN	9.2	15304
ENSG00000143842	SOX13	12.9	16951
ENSG00000143845	ETNK2	1.0	3282
ENSG00000143847	PPFIA4	0.5	1903
ENSG00000143850	PLEKHA6	0.0	1
ENSG00000143851	PTPN7	4.6	10655
ENSG00000143858	SYT2	5.3	11597
ENSG00000143862	ARL8A	3.4	8766
ENSG00000143867	OSR1	29.4	18850
ENSG00000143869	GDF7	4.2	10017
ENSG00000143870	PDIA6	3.6	9147
ENSG00000143878	RHOB	14.8	17461
ENSG00000143882	ATP6V1C2	2.7	7600
ENSG00000143889	HNRNPLL	3.1	8298
ENSG00000143891	GALM	10.5	16025
ENSG00000143919	CAMKMT	4.0	9765
ENSG00000143921	ABCG8	12.0	16648
ENSG00000143924	EML4	5.4	11736
ENSG00000143933	CALM2	23.2	18520
ENSG00000143942	CHAC2	3.5	8994
ENSG00000143947	RPS27A	7.2	13747
ENSG00000143951	WDPCP	8.8	15033
ENSG00000143952	VPS54	3.7	9268
ENSG00000143954	REG3G	7.4	13914
ENSG00000143970	ASXL2	5.2	11424
ENSG00000143971	ETAA1	6.8	13329
ENSG00000143977	SNRPG	10.4	15985
ENSG00000143994	ABHD1	2.0	6082
ENSG00000143995	MEIS1	6.8	13329
ENSG00000144010	TRIM43B	1.5	4687
ENSG00000144015	TRIM43	1.5	4687
ENSG00000144021	CIAO1	4.4	10330
ENSG00000144026	ZNF514	1.5	4687
ENSG00000144028	SNRNP200	13.3	17085
ENSG00000144029	MRPS5	2.1	6380
ENSG00000144031	ANKRD53	5.2	11424
ENSG00000144034	TPRKB	2.7	7600
ENSG00000144035	NAT8	5.5	11839
ENSG00000144036	EXOC6B	3.4	8766
ENSG00000144040	SFXN5	1.5	4687
ENSG00000144043	TEX261	1.0	3282
ENSG00000144045	DQX1	1.0	3282
ENSG00000144048	DUSP11	7.7	14204
ENSG00000144057	ST6GAL2	3.5	8994
ENSG00000144061	NPHP1	6.4	12917
ENSG00000144063	MALL	1.6	5463
ENSG00000144115	THNSL2	2.5	7104
ENSG00000144118	RALB	11.8	16572
ENSG00000144119	C1QL2	1.0	3282
ENSG00000144120	TMEM177	0.0	1
ENSG00000144130	NT5DC4	0.5	1903
ENSG00000144134	RABL2A	2.4	6954
ENSG00000144136	SLC20A1	6.7	13235
ENSG00000144152	FBLN7	0.0	1
ENSG00000144161	ZC3H8	9.0	15175
ENSG00000144182	LIPT1	4.6	10655
ENSG00000144191	CNGA3	10.0	15759
ENSG00000144199	FAHD2B	1.6	5463
ENSG00000144214	LYG1	1.0	3282
ENSG00000144218	AFF3	3.6	9147
ENSG00000144224	UBXN4	1.3	4364
ENSG00000144227	NXPH2	1.1	4265
ENSG00000144228	SPOPL	4.5	10501
ENSG00000144229	THSD7B	0.5	1903
ENSG00000144230	GPR17	2.8	7695
ENSG00000144231	POLR2D	4.2	10017
ENSG00000144233	AMMECR1L	0.0	1
ENSG00000144278	GALNT13	4.4	10330
ENSG00000144283	PKP4	4.3	10201
ENSG00000144285	SCN1A	8.8	15033
ENSG00000144290	SLC4A10	7.3	13831
ENSG00000144306	SCRN3	0.5	1903
ENSG00000144320	LNPK	4.3	10201
ENSG00000144331	ZNF385B	1.6	5463
ENSG00000144339	TMEFF2	3.7	9268
ENSG00000144354	CDCA7	1.6	5463
ENSG00000144355	DLX1	10.6	16075
ENSG00000144357	UBR3	4.0	9765
ENSG00000144362	PHOSPHO2	0.5	1903
ENSG00000144366	GULP1	2.6	7291
ENSG00000144369	FAM171B	0.0	1
ENSG00000144381	HSPD1	36.8	19055
ENSG00000144395	CCDC150	0.0	1
ENSG00000144401	METTL21A	7.9	14372
ENSG00000144406	UNC80	2.6	7291
ENSG00000144407	PTH2R	4.3	10201
ENSG00000144410	CPO	1.8	5759
ENSG00000144426	NBEAL1	0.0	1
ENSG00000144445	KANSL1L	0.5	1903
ENSG00000144451	SPAG16	1.8	5759
ENSG00000144452	ABCA12	23.4	18537
ENSG00000144455	SUMF1	7.2	13747
ENSG00000144460	NYAP2	2.0	6082
ENSG00000144468	RHBDD1	13.7	17187
ENSG00000144476	ACKR3	9.4	15426
ENSG00000144481	TRPM8	4.3	10201
ENSG00000144485	HES6	5.3	11597
ENSG00000144488	ESPNL	2.0	6082
ENSG00000144504	ANKMY1	0.0	1
ENSG00000144524	COPS7B	1.4	4622
ENSG00000144535	DIS3L2	10.2	15862
ENSG00000144550	CPNE9	1.8	5759
ENSG00000144554	FANCD2	4.7	10753
ENSG00000144559	TAMM41	3.9	9571
ENSG00000144560	VGLL4	5.4	11736
ENSG00000144566	RAB5A	20.7	18330
ENSG00000144567	RETREG2	0.0	1
ENSG00000144579	CTDSP1	2.9	7932
ENSG00000144580	CNOT9	8.4	14752
ENSG00000144583	MARCHF4	1.3	4364
ENSG00000144589	STK11IP	2.6	7291
ENSG00000144591	GMPPA	4.8	10931
ENSG00000144596	GRIP2	0.5	1903
ENSG00000144597	EAF1	2.6	7291
ENSG00000144619	CNTN4	9.6	15554
ENSG00000144635	DYNC1LI1	11.2	16350
ENSG00000144642	RBMS3	7.1	13639
ENSG00000144644	GADL1	0.5	1903
ENSG00000144645	OSBPL10	6.3	12794
ENSG00000144647	POMGNT2	7.8	14288
ENSG00000144648	ACKR2	6.3	12794
ENSG00000144649	GASK1A	0.0	1
ENSG00000144655	CSRNP1	3.6	9147
ENSG00000144659	SLC25A38	4.3	10201
ENSG00000144668	ITGA9	5.7	12090
ENSG00000144671	SLC22A14	0.8	3045
ENSG00000144674	GOLGA4	5.1	11329
ENSG00000144677	CTDSPL	0.5	1903
ENSG00000144681	STAC	3.6	9147
ENSG00000144711	IQSEC1	3.0	8111
ENSG00000144712	CAND2	1.5	4687
ENSG00000144713	RPL32	6.7	13235
ENSG00000144724	PTPRG	6.5	13008
ENSG00000144730	IL17RD	1.5	4687
ENSG00000144736	SHQ1	2.3	6711
ENSG00000144741	SLC25A26	6.2	12686
ENSG00000144744	UBA3	7.8	14288
ENSG00000144746	ARL6IP5	5.5	11839
ENSG00000144747	TMF1	3.7	9268
ENSG00000144749	LRIG1	1.0	3282
ENSG00000144771	LRTM1	0.0	1
ENSG00000144791	LIMD1	10.9	16206
ENSG00000144792	ZNF660	2.3	6711
ENSG00000144802	NFKBIZ	2.3	6711
ENSG00000144810	COL8A1	3.0	8111
ENSG00000144815	NXPE3	0.0	1
ENSG00000144820	ADGRG7	2.8	7695
ENSG00000144821	MYH15	1.0	3282
ENSG00000144824	PHLDB2	6.6	13122
ENSG00000144827	ABHD10	6.0	12446
ENSG00000144834	TAGLN3	1.9	5985
ENSG00000144837	PLA1A	4.6	10655
ENSG00000144840	RABL3	7.2	13747
ENSG00000144843	ADPRH	5.8	12204
ENSG00000144847	IGSF11	1.6	5463
ENSG00000144848	ATG3	10.3	15915
ENSG00000144852	NR1I2	16.5	17798
ENSG00000144857	BOC	2.0	6082
ENSG00000144867	SRPRB	1.1	4265
ENSG00000144868	TMEM108	6.0	12446
ENSG00000144891	AGTR1	31.7	18938
ENSG00000144893	MED12L	1.0	3282
ENSG00000144895	EIF2A	8.6	14895
ENSG00000144908	ALDH1L1	4.4	10330
ENSG00000144909	OSBPL11	4.5	10501
ENSG00000144935	TRPC1	15.9	17685
ENSG00000144959	NCEH1	2.8	7695
ENSG00000144962	SPATA16	1.0	3282
ENSG00000145002	FAM86B2	0.5	1903
ENSG00000145012	LPP	0.5	1903
ENSG00000145014	TMEM44	0.5	1903
ENSG00000145016	RUBCN	7.3	13831
ENSG00000145020	AMT	4.3	10201
ENSG00000145022	TCTA	2.1	6380
ENSG00000145029	NICN1	0.0	1
ENSG00000145040	UCN2	5.8	12204
ENSG00000145041	DCAF1	8.4	14752
ENSG00000145050	MANF	4.7	10753
ENSG00000145087	STXBP5L	2.5	7104
ENSG00000145088	EAF2	3.4	8766
ENSG00000145103	ILDR1	4.8	10931
ENSG00000145107	TM4SF19	1.3	4364
ENSG00000145113	MUC4	2.8	7695
ENSG00000145147	SLIT2	41.4	19125
ENSG00000145191	EIF2B5	16.7	17821
ENSG00000145192	AHSG	7.9	14372
ENSG00000145194	ECE2	5.3	11597
ENSG00000145198	VWA5B2	0.0	1
ENSG00000145214	DGKQ	27.0	18747
ENSG00000145216	FIP1L1	1.8	5759
ENSG00000145217	SLC26A1	8.6	14895
ENSG00000145220	LYAR	10.5	16025
ENSG00000145241	CENPC	6.7	13235
ENSG00000145242	EPHA5	8.0	14457
ENSG00000145244	CORIN	7.3	13831
ENSG00000145246	ATP10D	6.6	13122
ENSG00000145247	OCIAD2	3.1	8298
ENSG00000145248	SLC10A4	1.3	4364
ENSG00000145283	SLC10A6	2.8	7695
ENSG00000145284	SCD5	3.9	9571
ENSG00000145287	PLAC8	1.0	3282
ENSG00000145293	ENOPH1	2.6	7291
ENSG00000145309	CABS1	2.0	6082
ENSG00000145321	GC	6.7	13235
ENSG00000145331	TRMT10A	5.5	11839
ENSG00000145332	KLHL8	3.2	8468
ENSG00000145335	SNCA	67.7	19242
ENSG00000145337	PYURF	0.8	3045
ENSG00000145348	TBCK	5.3	11597
ENSG00000145349	CAMK2D	28.6	18818
ENSG00000145354	CISD2	3.9	9571
ENSG00000145358	DDIT4L	0.0	1
ENSG00000145362	ANK2	34.6	19015
ENSG00000145365	TIFA	5.5	11839
ENSG00000145375	AFG2A	5.0	11192
ENSG00000145384	FABP2	5.3	11597
ENSG00000145386	CCNA2	8.6	14895
ENSG00000145388	METTL14	13.9	17231
ENSG00000145390	USP53	2.6	7291
ENSG00000145391	SETD7	9.0	15175
ENSG00000145414	NAF1	13.0	16985
ENSG00000145416	MARCHF1	7.3	13831
ENSG00000145423	SFRP2	22.6	18479
ENSG00000145425	RPS3A	10.7	16120
ENSG00000145428	RNF175	1.0	3282
ENSG00000145431	PDGFC	8.4	14752
ENSG00000145439	CBR4	12.9	16951
ENSG00000145451	GLRA3	5.3	11597
ENSG00000145476	CYP4V2	3.5	8994
ENSG00000145491	ROPN1L	5.0	11192
ENSG00000145494	NDUFS6	3.5	8994
ENSG00000145495	MARCHF6	13.0	16985
ENSG00000145506	NKD2	10.1	15809
ENSG00000145526	CDH18	4.0	9765
ENSG00000145536	ADAMTS16	1.5	4687
ENSG00000145545	SRD5A1	5.6	11982
ENSG00000145555	MYO10	7.9	14372
ENSG00000145569	OTULINL	2.4	6954
ENSG00000145592	RPL37	11.0	16257
ENSG00000145604	SKP2	10.3	15915
ENSG00000145626	UGT3A1	2.1	6380
ENSG00000145632	PLK2	16.4	17788
ENSG00000145642	SHISAL2B	0.0	1
ENSG00000145649	GZMA	9.7	15609
ENSG00000145675	PIK3R1	34.7	19018
ENSG00000145681	HAPLN1	1.6	5463
ENSG00000145685	LHFPL2	1.5	4687
ENSG00000145687	SSBP2	2.2	6585
ENSG00000145692	BHMT	6.4	12917
ENSG00000145700	ANKRD31	1.5	4687
ENSG00000145703	IQGAP2	11.1	16303
ENSG00000145708	CRHBP	20.1	18270
ENSG00000145715	RASA1	17.1	17878
ENSG00000145721	LIX1	0.5	1903
ENSG00000145723	GIN1	0.0	1
ENSG00000145725	PPIP5K2	8.6	14895
ENSG00000145730	PAM	7.5	14017
ENSG00000145734	BDP1	1.8	5759
ENSG00000145736	GTF2H2	6.3	12794
ENSG00000145740	SLC30A5	14.6	17413
ENSG00000145741	BTF3	1.3	4364
ENSG00000145743	FBXL17	7.5	14017
ENSG00000145757	SPATA9	0.0	1
ENSG00000145777	TSLP	22.9	18499
ENSG00000145779	TNFAIP8	3.5	8994
ENSG00000145780	FEM1C	4.0	9765
ENSG00000145781	COMMD10	0.6	2927
ENSG00000145782	ATG12	7.2	13747
ENSG00000145794	MEGF10	13.6	17161
ENSG00000145808	ADAMTS19	6.0	12446
ENSG00000145817	YIPF5	3.1	8298
ENSG00000145819	ARHGAP26	5.9	12348
ENSG00000145826	LECT2	2.6	7291
ENSG00000145832	SLC25A48	2.9	7932
ENSG00000145833	DDX46	5.6	11982
ENSG00000145839	IL9	4.9	11073
ENSG00000145850	TIMD4	3.1	8298
ENSG00000145860	RNF145	1.5	4687
ENSG00000145861	C1QTNF2	0.5	1903
ENSG00000145863	GABRA6	7.6	14102
ENSG00000145864	GABRB2	13.8	17208
ENSG00000145868	FBXO38	7.4	13914
ENSG00000145879	SPINK7	1.5	4687
ENSG00000145882	PCYOX1L	2.3	6711
ENSG00000145888	GLRA1	20.2	18279
ENSG00000145901	TNIP1	12.3	16779
ENSG00000145907	G3BP1	13.7	17187
ENSG00000145908	ZNF300	3.9	9571
ENSG00000145911	N4BP3	0.0	1
ENSG00000145912	NHP2	7.7	14204
ENSG00000145916	RMND5B	1.6	5463
ENSG00000145919	BOD1	4.8	10931
ENSG00000145920	CPLX2	4.3	10201
ENSG00000145934	TENM2	7.7	14204
ENSG00000145936	KCNMB1	5.1	11329
ENSG00000145945	FAM50B	0.5	1903
ENSG00000145949	MYLK4	1.0	3282
ENSG00000145975	FAM217A	0.0	1
ENSG00000145979	TBC1D7	10.3	15915
ENSG00000145982	FARS2	6.0	12446
ENSG00000145990	GFOD1	0.8	3045
ENSG00000145996	CDKAL1	1.0	3282
ENSG00000146001	PCDHB18P	1.0	3282
ENSG00000146005	PSD2	1.0	3282
ENSG00000146006	LRRTM2	0.0	1
ENSG00000146007	ZMAT2	1.3	4364
ENSG00000146013	GFRA3	6.2	12686
ENSG00000146021	KLHL3	14.1	17268
ENSG00000146038	DCDC2	8.0	14457
ENSG00000146039	SLC17A4	6.9	13452
ENSG00000146047	H2BC1	3.8	9432
ENSG00000146054	TRIM7	2.6	7291
ENSG00000146063	TRIM41	6.6	13122
ENSG00000146066	HIGD2A	1.3	4364
ENSG00000146067	FAM193B	0.0	1
ENSG00000146070	PLA2G7	11.2	16350
ENSG00000146072	TNFRSF21	11.9	16616
ENSG00000146083	RNF44	1.0	3282
ENSG00000146085	MMUT	10.3	15915
ENSG00000146090	RASGEF1C	1.0	3282
ENSG00000146094	DOK3	1.0	3282
ENSG00000146109	ABT1	4.8	10931
ENSG00000146112	PPP1R18	0.0	1
ENSG00000146122	DAAM2	8.0	14457
ENSG00000146143	PRIM2	5.5	11839
ENSG00000146147	MLIP	2.0	6082
ENSG00000146151	HMGCLL1	5.0	11192
ENSG00000146166	LGSN	1.5	4687
ENSG00000146192	FGD2	6.8	13329
ENSG00000146197	SCUBE3	4.5	10501
ENSG00000146205	ANO7	4.4	10330
ENSG00000146215	CRIP3	0.0	1
ENSG00000146216	TTBK1	11.1	16303
ENSG00000146221	DRC5	2.2	6585
ENSG00000146223	RPL7L1	2.0	6082
ENSG00000146232	NFKBIE	1.3	4364
ENSG00000146233	CYP39A1	5.9	12348
ENSG00000146242	TPBG	1.1	4265
ENSG00000146243	IRAK1BP1	0.5	1903
ENSG00000146247	PHIP	8.7	14962
ENSG00000146250	PRSS35	0.0	1
ENSG00000146263	MMS22L	5.8	12204
ENSG00000146267	FAXC	0.0	1
ENSG00000146276	GABRR1	5.7	12090
ENSG00000146278	PNRC1	0.0	1
ENSG00000146281	PM20D2	4.7	10753
ENSG00000146282	RARS2	4.6	10655
ENSG00000146285	SCML4	1.5	4687
ENSG00000146350	TBC1D32	1.3	4364
ENSG00000146352	CLVS2	2.3	6711
ENSG00000146360	GPR6	4.6	10655
ENSG00000146373	RNF217	2.5	7104
ENSG00000146374	RSPO3	5.6	11982
ENSG00000146376	ARHGAP18	9.4	15426
ENSG00000146378	TAAR2	2.8	7695
ENSG00000146383	TAAR6	4.3	10201
ENSG00000146385	TAAR8	2.8	7695
ENSG00000146386	ABRACL	0.5	1903
ENSG00000146399	TAAR1	7.6	14102
ENSG00000146409	SLC18B1	4.5	10501
ENSG00000146410	MTFR2	2.5	7104
ENSG00000146411	SLC2A12	3.3	8619
ENSG00000146414	SHPRH	6.4	12917
ENSG00000146416	AIG1	1.6	5463
ENSG00000146425	DYNLT1	5.9	12348
ENSG00000146426	TIAM2	3.3	8619
ENSG00000146433	TMEM181	1.3	4364
ENSG00000146453	PNLDC1	5.7	12090
ENSG00000146457	WTAP	2.9	7932
ENSG00000146463	ZMYM4	0.9	3235
ENSG00000146469	VIP	19.1	18159
ENSG00000146476	DCPH1	5.8	12204
ENSG00000146477	SLC22A3	27.6	18772
ENSG00000146530	VWDE	0.5	1903
ENSG00000146535	GNA12	10.5	16025
ENSG00000146540	CHLSN	2.1	6380
ENSG00000146555	SDK1	3.0	8111
ENSG00000146556	WASH2P	5.2	11424
ENSG00000146574	CCZ1B	1.5	4687
ENSG00000146576	INTS15	2.8	7695
ENSG00000146587	RBAK	3.9	9571
ENSG00000146592	CREB5	5.2	11424
ENSG00000146618	FERD3L	3.8	9432
ENSG00000146648	EGFR	50.1	19194
ENSG00000146670	CDCA5	5.1	11329
ENSG00000146674	IGFBP3	11.0	16257
ENSG00000146676	PURB	7.1	13639
ENSG00000146678	IGFBP1	6.7	13235
ENSG00000146700	SSC4D	0.5	1903
ENSG00000146701	MDH2	9.7	15609
ENSG00000146707	POMZP3	0.0	1
ENSG00000146729	NIPSNAP2	2.9	7932
ENSG00000146731	CCT6A	9.9	15713
ENSG00000146733	PSPH	8.0	14457
ENSG00000146755	TRIM50	1.8	5759
ENSG00000146757	ZNF92	2.7	7600
ENSG00000146776	ATXN7L1	0.0	1
ENSG00000146802	TMEM168	0.8	3045
ENSG00000146809	ASB15	0.0	1
ENSG00000146826	TRAPPC14	3.4	8766
ENSG00000146828	SLC12A9	3.4	8766
ENSG00000146830	GIGYF1	1.6	5463
ENSG00000146833	TRIM4	4.0	9765
ENSG00000146834	MEPCE	11.3	16392
ENSG00000146839	ZAN	1.7	5664
ENSG00000146842	TMEM209	0.0	1
ENSG00000146856	AGBL3	2.6	7291
ENSG00000146857	STRA8	5.0	11192
ENSG00000146858	ZC3HAV1L	0.0	1
ENSG00000146859	TMEM140	0.0	1
ENSG00000146872	TLK2	11.7	16536
ENSG00000146904	EPHA1	10.0	15759
ENSG00000146909	NOM1	1.5	4687
ENSG00000146910	CNPY1	0.0	1
ENSG00000146918	NCAPG2	1.3	4364
ENSG00000146926	ASB10	0.0	1
ENSG00000146938	NLGN4X	20.9	18348
ENSG00000146950	SHROOM2	10.7	16120
ENSG00000146955	RAB19	1.5	4687
ENSG00000146963	LUC7L2	2.3	6711
ENSG00000146966	DENND2A	3.0	8111
ENSG00000147003	CLTRN	6.1	12588
ENSG00000147010	SH3KBP1	2.9	7932
ENSG00000147027	TMEM47	0.5	1903
ENSG00000147036	LANCL3	0.0	1
ENSG00000147041	SYTL5	1.0	3282
ENSG00000147044	CASK	8.7	14962
ENSG00000147050	KDM6A	3.9	9571
ENSG00000147059	SPIN2A	1.3	4364
ENSG00000147065	MSN	22.3	18461
ENSG00000147081	AKAP4	6.0	12446
ENSG00000147082	CCNB3	1.0	3282
ENSG00000147099	HDAC8	11.8	16572
ENSG00000147100	SLC16A2	12.2	16737
ENSG00000147113	DIPK2B	0.0	1
ENSG00000147117	ZNF157	0.0	1
ENSG00000147118	ZNF182	1.5	4687
ENSG00000147119	CHST7	9.2	15304
ENSG00000147121	KRABD4	1.5	4687
ENSG00000147123	NDUFB11	1.2	4328
ENSG00000147124	ZNF41	0.0	1
ENSG00000147127	RAB41	3.8	9432
ENSG00000147130	ZMYM3	0.9	3235
ENSG00000147133	TAF1	40.1	19112
ENSG00000147138	GPR174	2.6	7291
ENSG00000147140	NONO	7.7	14204
ENSG00000147144	CCDC120	2.4	6954
ENSG00000147145	LPAR4	1.0	3282
ENSG00000147155	EBP	10.2	15862
ENSG00000147160	AWAT2	7.8	14288
ENSG00000147162	OGT	30.2	18888
ENSG00000147164	SNX12	7.9	14372
ENSG00000147166	ITGB1BP2	2.8	7695
ENSG00000147168	IL2RG	23.4	18537
ENSG00000147174	GCNA	1.6	5463
ENSG00000147180	ZNF711	5.2	11424
ENSG00000147202	DIAPH2	2.3	6711
ENSG00000147206	NXF3	1.8	5759
ENSG00000147223	RIPPLY1	3.0	8111
ENSG00000147224	PRPS1	10.1	15809
ENSG00000147231	RADX	3.1	8298
ENSG00000147234	FRMPD3	0.0	1
ENSG00000147246	HTR2C	17.6	17959
ENSG00000147251	DOCK11	4.8	10931
ENSG00000147255	IGSF1	4.2	10017
ENSG00000147256	ARHGAP36	1.0	3282
ENSG00000147257	GPC3	9.6	15554
ENSG00000147262	GPR119	1.5	4687
ENSG00000147274	RBMX	14.7	17436
ENSG00000147316	MCPH1	2.1	6380
ENSG00000147324	MFHAS1	15.1	17529
ENSG00000147364	FBXO25	2.8	7695
ENSG00000147378	FATE1	4.7	10753
ENSG00000147381	MAGEA4	2.6	7291
ENSG00000147383	NSDHL	6.4	12917
ENSG00000147394	ZNF185	0.9	3235
ENSG00000147400	CETN2	6.8	13329
ENSG00000147403	RPL10	11.5	16473
ENSG00000147408	CSGALNACT1	13.0	16985
ENSG00000147416	ATP6V1B2	4.3	10201
ENSG00000147419	CCDC25	1.6	5463
ENSG00000147421	HMBOX1	8.8	15033
ENSG00000147432	CHRNB3	9.7	15609
ENSG00000147434	CHRNA6	11.8	16572
ENSG00000147437	GNRH1	5.1	11329
ENSG00000147439	BIN3	5.4	11736
ENSG00000147443	DOK2	2.8	7695
ENSG00000147454	SLC25A37	3.1	8298
ENSG00000147457	CHMP7	18.8	18124
ENSG00000147459	DOCK5	5.7	12090
ENSG00000147465	STAR	11.1	16303
ENSG00000147471	PLPBP	1.0	3282
ENSG00000147475	ERLIN2	5.8	12204
ENSG00000147481	SNTG1	1.5	4687
ENSG00000147485	PXDNL	2.0	6082
ENSG00000147488	ST18	5.8	12204
ENSG00000147509	RGS20	4.6	10655
ENSG00000147526	TACC1	7.9	14372
ENSG00000147533	GOLGA7	4.0	9765
ENSG00000147535	PLPP5	3.9	9571
ENSG00000147536	GINS4	1.9	5985
ENSG00000147548	NSD3	6.7	13235
ENSG00000147570	DNAJC5B	0.0	1
ENSG00000147571	CRH	15.2	17552
ENSG00000147573	TRIM55	5.6	11982
ENSG00000147576	ADHFE1	3.8	9432
ENSG00000147586	MRPS28	1.9	5985
ENSG00000147588	PMP2	2.6	7291
ENSG00000147592	LACTB2	3.4	8766
ENSG00000147596	PRDM14	1.0	3282
ENSG00000147601	TERF1	23.5	18543
ENSG00000147604	RPL7	14.9	17482
ENSG00000147606	SLC26A7	12.2	16737
ENSG00000147613	PSKH2	0.5	1903
ENSG00000147614	ATP6V0D2	2.1	6380
ENSG00000147642	SYBU	1.0	3282
ENSG00000147647	DPYS	6.6	13122
ENSG00000147649	MTDH	10.8	16162
ENSG00000147650	LRP12	4.0	9765
ENSG00000147654	EBAG9	1.2	4328
ENSG00000147655	RSPO2	4.0	9765
ENSG00000147669	POLR2K	11.5	16473
ENSG00000147676	MAL2	1.0	3282
ENSG00000147677	EIF3H	8.7	14962
ENSG00000147679	UTP23	2.6	7291
ENSG00000147684	NDUFB9	5.1	11329
ENSG00000147687	TATDN1	2.1	6380
ENSG00000147689	SACK1A	6.8	13329
ENSG00000147697	GSDMC	4.1	9897
ENSG00000147724	FAM135B	0.5	1903
ENSG00000147789	ZNF7	2.4	6954
ENSG00000147799	ARHGAP39	3.9	9571
ENSG00000147804	SLC39A4	10.7	16120
ENSG00000147813	NAPRT	3.4	8766
ENSG00000147852	VLDLR	14.2	17296
ENSG00000147853	AK3	8.0	14457
ENSG00000147854	UHRF2	11.7	16536
ENSG00000147862	NFIB	17.1	17878
ENSG00000147869	CER1	16.0	17704
ENSG00000147872	PLIN2	3.4	8766
ENSG00000147873	IFNA5	6.6	13122
ENSG00000147874	HAUS6	4.4	10330
ENSG00000147883	CDKN2B	11.7	16536
ENSG00000147885	IFNA16	6.6	13122
ENSG00000147889	CDKN2A	16.7	17821
ENSG00000147894	C9orf72	15.3	17571
ENSG00000147896	IFNK	11.0	16257
ENSG00000147905	ZCCHC7	4.0	9765
ENSG00000147912	FBXO10	4.4	10330
ENSG00000147955	SIGMAR1	2.4	6954
ENSG00000147996	ZNG1E	3.0	8111
ENSG00000148019	CEP78	4.7	10753
ENSG00000148053	NTRK2	17.3	17917
ENSG00000148057	IDNK	0.5	1903
ENSG00000148082	SHC3	4.5	10501
ENSG00000148090	AUH	6.5	13008
ENSG00000148110	SLC71A2	0.0	1
ENSG00000148120	AOPEP	0.0	1
ENSG00000148123	PLPPR1	3.5	8994
ENSG00000148136	OR13C4	1.0	3282
ENSG00000148143	ZNF462	1.5	4687
ENSG00000148153	INIP	4.5	10501
ENSG00000148154	UGCG	9.8	15662
ENSG00000148156	ACTL7B	1.4	4622
ENSG00000148158	SNX30	4.1	9897
ENSG00000148175	STOM	2.1	6380
ENSG00000148180	GSN	27.5	18765
ENSG00000148187	MRRF	1.8	5759
ENSG00000148200	NR6A1	6.9	13452
ENSG00000148204	CRB2	10.5	16025
ENSG00000148215	OR5C1	1.0	3282
ENSG00000148218	ALAD	11.4	16433
ENSG00000148219	ASTN2	3.1	8298
ENSG00000148225	WDR31	0.0	1
ENSG00000148229	POLE3	7.8	14288
ENSG00000148248	SURF4	10.8	16162
ENSG00000148288	GBGT1	1.4	4622
ENSG00000148290	SURF1	3.1	8298
ENSG00000148291	SURF2	0.0	1
ENSG00000148296	SURF6	5.2	11424
ENSG00000148297	MED22	1.8	5759
ENSG00000148300	REXO4	7.4	13914
ENSG00000148303	RPL7A	10.1	15809
ENSG00000148308	GTF3C5	7.1	13639
ENSG00000148331	ASB6	0.0	1
ENSG00000148334	PTGES2	6.1	12588
ENSG00000148335	NTMT1	8.2	14610
ENSG00000148337	CIZ1	0.9	3235
ENSG00000148339	SLC25A25	2.3	6711
ENSG00000148341	SH3GLB2	2.8	7695
ENSG00000148343	MIGA2	3.7	9268
ENSG00000148344	PTGES	8.0	14457
ENSG00000148346	LCN2	6.0	12446
ENSG00000148356	LRSAM1	8.0	14457
ENSG00000148357	HMCN2	2.1	6380
ENSG00000148358	GPR107	1.0	3282
ENSG00000148362	PAXX	6.6	13122
ENSG00000148377	IDI2	3.4	8766
ENSG00000148384	INPP5E	3.7	9268
ENSG00000148386	LCN9	0.0	1
ENSG00000148396	SEC16A	9.9	15713
ENSG00000148399	DPH7	1.8	5759
ENSG00000148400	NOTCH1	65.8	19236
ENSG00000148408	CACNA1B	8.8	15033
ENSG00000148411	NACC2	10.8	16162
ENSG00000148426	PROSER2	0.0	1
ENSG00000148429	USP6NL	9.0	15175
ENSG00000148444	COMMD3	0.6	2927
ENSG00000148450	MSRB2	4.8	10931
ENSG00000148459	PDSS1	3.9	9571
ENSG00000148468	FAM171A1	2.6	7291
ENSG00000148481	MINDY3	2.1	6380
ENSG00000148482	SLC39A12	4.0	9765
ENSG00000148483	TMEM236	0.0	1
ENSG00000148484	RSU1	2.2	6585
ENSG00000148488	ST8SIA6	5.9	12348
ENSG00000148498	PARD3	12.8	16920
ENSG00000148513	ANKRD30A	0.0	1
ENSG00000148516	ZEB1	11.1	16303
ENSG00000148541	FAM13C	0.0	1
ENSG00000148572	NRBF2	1.3	4364
ENSG00000148584	A1CF	6.7	13235
ENSG00000148600	CDHR1	3.4	8766
ENSG00000148602	LRIT1	0.0	1
ENSG00000148604	RGR	6.5	13008
ENSG00000148634	HERC4	2.8	7695
ENSG00000148655	LRMDA	1.3	4364
ENSG00000148660	CAMK2G	9.4	15426
ENSG00000148671	ADIRF	2.1	6380
ENSG00000148672	GLUD1	10.5	16025
ENSG00000148677	ANKRD1	16.9	17853
ENSG00000148680	HTR7	7.2	13747
ENSG00000148688	RPP30	5.4	11736
ENSG00000148690	FRA10AC1	1.3	4364
ENSG00000148700	ADD3	2.5	7104
ENSG00000148702	HABP2	4.4	10330
ENSG00000148704	VAX1	4.3	10201
ENSG00000148719	DNAJB12	5.5	11839
ENSG00000148730	EIF4EBP2	8.5	14830
ENSG00000148734	NPFFR1	5.3	11597
ENSG00000148735	PLEKHS1	0.0	1
ENSG00000148737	TCF7L2	36.8	19055
ENSG00000148773	MKI67	7.6	14102
ENSG00000148795	CYP17A1	12.5	16839
ENSG00000148798	INA	2.4	6954
ENSG00000148803	FUOM	3.5	8994
ENSG00000148814	LRRC27	0.0	1
ENSG00000148824	MTG1	5.5	11839
ENSG00000148826	NKX6-2	6.0	12446
ENSG00000148832	PAOX	6.6	13122
ENSG00000148834	GSTO1	10.8	16162
ENSG00000148835	TAF5	9.4	15426
ENSG00000148840	PPRC1	2.0	6082
ENSG00000148841	ITPRIP	0.5	1903
ENSG00000148842	CNNM2	1.8	5759
ENSG00000148843	PDCD11	1.8	5759
ENSG00000148848	ADAM12	4.4	10330
ENSG00000148908	RGS10	5.0	11192
ENSG00000148925	BTBD10	1.0	3282
ENSG00000148926	ADM	21.5	18403
ENSG00000148935	GAS2	1.9	5985
ENSG00000148942	SLC5A12	4.3	10201
ENSG00000148943	LIN7C	5.8	12204
ENSG00000148948	LRRC4C	5.2	11424
ENSG00000148950	IMMP1L	1.6	5463
ENSG00000148965	SAA4	0.0	1
ENSG00000148985	PGAP2	2.6	7291
ENSG00000149016	TUT1	11.4	16433
ENSG00000149021	SCGB1A1	2.1	6380
ENSG00000149043	SYT8	3.5	8994
ENSG00000149050	ZNF214	1.2	4328
ENSG00000149054	ZNF215	2.1	6380
ENSG00000149084	HSD17B12	3.8	9432
ENSG00000149089	APIP	7.1	13639
ENSG00000149090	PAMR1	0.0	1
ENSG00000149091	DGKZ	13.6	17161
ENSG00000149100	EIF3M	3.9	9571
ENSG00000149115	CNOT12	8.3	14683
ENSG00000149124	GLYAT	10.7	16120
ENSG00000149131	SERPING1	3.0	8111
ENSG00000149133	OR5F1	2.2	6585
ENSG00000149136	SSRP1	5.1	11329
ENSG00000149150	SLC43A1	14.3	17326
ENSG00000149177	PTPRJ	32.6	18973
ENSG00000149179	CSTPP1	1.6	5463
ENSG00000149182	ARFGAP2	1.0	3282
ENSG00000149187	CELF1	18.0	18016
ENSG00000149196	HIKESHI	6.3	12794
ENSG00000149201	CCDC81	0.0	1
ENSG00000149212	SESN3	5.4	11736
ENSG00000149218	ENDOD1	0.0	1
ENSG00000149231	CCDC82	0.0	1
ENSG00000149243	KLHL35	1.6	5463
ENSG00000149256	TENM4	6.9	13452
ENSG00000149257	SERPINH1	3.9	9571
ENSG00000149260	CAPN5	2.8	7695
ENSG00000149262	INTS4	4.9	11073
ENSG00000149269	PAK1	26.0	18682
ENSG00000149273	RPS3	40.7	19118
ENSG00000149289	ZC3H12C	1.5	4687
ENSG00000149292	TTC12	2.6	7291
ENSG00000149294	NCAM1	2.1	6380
ENSG00000149295	DRD2	39.6	19106
ENSG00000149300	C11orf52	0.0	1
ENSG00000149305	HTR3B	6.2	12686
ENSG00000149308	NPAT	6.1	12588
ENSG00000149311	ATM	49.6	19191
ENSG00000149313	AASDHPPT	6.0	12446
ENSG00000149328	GLB1L2	1.0	3282
ENSG00000149346	SLX4IP	0.0	1
ENSG00000149357	LAMTOR1	18.9	18139
ENSG00000149380	P4HA3	1.0	3282
ENSG00000149403	GRIK4	7.5	14017
ENSG00000149418	ST14	5.7	12090
ENSG00000149428	HYOU1	6.5	13008
ENSG00000149435	GGTLC1	0.5	1903
ENSG00000149451	ADAM33	2.8	7695
ENSG00000149452	SLC22A8	6.9	13452
ENSG00000149474	KAT14	7.2	13747
ENSG00000149476	TKFC	6.6	13122
ENSG00000149480	MTA2	7.9	14372
ENSG00000149483	TMEM138	0.8	3045
ENSG00000149485	FADS1	13.9	17231
ENSG00000149488	TMC2	3.8	9432
ENSG00000149499	EML3	2.6	7291
ENSG00000149503	INCENP	9.2	15304
ENSG00000149506	ZP1	2.5	7104
ENSG00000149507	OOSP2	0.8	3045
ENSG00000149516	MS4A3	0.0	1
ENSG00000149527	PLCH2	3.6	9147
ENSG00000149532	CPSF7	5.5	11839
ENSG00000149534	MS4A2	1.3	4364
ENSG00000149541	B3GAT3	14.7	17436
ENSG00000149547	EI24	3.0	8111
ENSG00000149548	CCDC15	1.6	5463
ENSG00000149554	CHEK1	22.7	18485
ENSG00000149557	FEZ1	3.5	8994
ENSG00000149564	ESAM	7.2	13747
ENSG00000149571	KIRREL3	3.5	8994
ENSG00000149573	MPZL2	2.3	6711
ENSG00000149575	SCN2B	9.9	15713
ENSG00000149577	SIDT2	4.3	10201
ENSG00000149582	TMEM25	1.5	4687
ENSG00000149591	TAGLN	1.7	5664
ENSG00000149596	JPH2	11.9	16616
ENSG00000149599	DUSP15	4.7	10753
ENSG00000149600	COMMD7	4.0	9765
ENSG00000149609	C20orf144	0.0	1
ENSG00000149633	KIAA1755	1.0	3282
ENSG00000149634	SPATA25	1.3	4364
ENSG00000149635	OCSTAMP	2.5	7104
ENSG00000149636	DSN1	0.6	2927
ENSG00000149639	MTCL2	2.8	7695
ENSG00000149646	CNBD2	1.0	3282
ENSG00000149651	SPINT4	0.0	1
ENSG00000149654	CDH22	4.0	9765
ENSG00000149657	LSM14B	3.5	8994
ENSG00000149658	YTHDF1	11.4	16433
ENSG00000149679	CABLES2	0.0	1
ENSG00000149716	LTO1	2.9	7932
ENSG00000149735	GPHA2	5.0	11192
ENSG00000149742	SLC22A9	5.3	11597
ENSG00000149743	TRPT1	1.0	3282
ENSG00000149761	NUDT22	1.3	4364
ENSG00000149781	FERMT3	10.9	16206
ENSG00000149782	PLCB3	13.0	16985
ENSG00000149792	MRPL49	1.1	4265
ENSG00000149798	CDC42EP2	8.8	15033
ENSG00000149806	FAU	11.3	16392
ENSG00000149809	TM7SF2	6.6	13122
ENSG00000149823	VPS51	8.5	14830
ENSG00000149922	TBX6	7.5	14017
ENSG00000149923	PPP4C	4.0	9765
ENSG00000149925	ALDOA	17.7	17976
ENSG00000149926	TLCD3B	1.5	4687
ENSG00000149927	DOC2A	3.6	9147
ENSG00000149929	HIRIP3	3.3	8619
ENSG00000149930	TAOK2	21.9	18434
ENSG00000149932	TMEM219	3.0	8111
ENSG00000149948	HMGA2	44.5	19159
ENSG00000149968	MMP3	15.7	17645
ENSG00000149970	CNKSR2	3.1	8298
ENSG00000149972	CNTN5	2.0	6082
ENSG00000150045	KLRF1	4.3	10201
ENSG00000150048	CLEC1A	2.8	7695
ENSG00000150051	MKX	3.5	8994
ENSG00000150054	MPP7	8.3	14683
ENSG00000150093	ITGB1	55.2	19212
ENSG00000150175	FRMPD2B	0.0	1
ENSG00000150201	FXYD4	4.7	10753
ENSG00000150244	TRIM48	3.1	8298
ENSG00000150261	OR8K1	0.0	1
ENSG00000150269	OR5M9	2.0	6082
ENSG00000150275	PCDH15	5.2	11424
ENSG00000150281	CTF1	6.8	13329
ENSG00000150316	CWC15	4.4	10330
ENSG00000150337	FCGR1A	8.1	14536
ENSG00000150347	ARID5B	7.3	13831
ENSG00000150361	KLHL1	3.3	8619
ENSG00000150394	CDH8	4.9	11073
ENSG00000150401	DCUN1D2	4.4	10330
ENSG00000150403	SLC9D1	1.6	5463
ENSG00000150433	TMEM218	0.0	1
ENSG00000150455	TIRAP	30.1	18884
ENSG00000150456	EEF1AKMT1	4.7	10753
ENSG00000150457	LATS2	14.1	17268
ENSG00000150459	SAP18	8.5	14830
ENSG00000150471	ADGRL3	11.2	16350
ENSG00000150477	KIAA1328	0.0	1
ENSG00000150510	FAM124A	0.0	1
ENSG00000150527	MIA2	7.2	13747
ENSG00000150551	LYPD1	1.0	3282
ENSG00000150556	LYPD6B	1.3	4364
ENSG00000150593	PDCD4	10.3	15915
ENSG00000150594	ADRA2A	37.2	19065
ENSG00000150625	GPM6A	4.6	10655
ENSG00000150627	WDR17	0.0	1
ENSG00000150628	SPATA4	1.0	3282
ENSG00000150630	VEGFC	12.0	16648
ENSG00000150636	CCDC102B	1.6	5463
ENSG00000150637	CD226	14.3	17326
ENSG00000150656	CNDP1	5.8	12204
ENSG00000150667	FSIP1	0.0	1
ENSG00000150672	DLG2	8.8	15033
ENSG00000150676	CCDC83	0.0	1
ENSG00000150681	RGS18	2.8	7695
ENSG00000150687	PRSS23	0.0	1
ENSG00000150712	MTMR12	1.8	5759
ENSG00000150722	PPP1R1C	0.5	1903
ENSG00000150750	POU2AF2	2.6	7291
ENSG00000150753	CCT5	10.0	15759
ENSG00000150756	ATPSCKMT	7.1	13639
ENSG00000150760	DOCK1	11.8	16572
ENSG00000150764	DIXDC1	2.1	6380
ENSG00000150768	DLAT	7.3	13831
ENSG00000150773	PIH1D2	2.4	6954
ENSG00000150776	NKAPD1	0.8	3045
ENSG00000150782	IL18	32.4	18962
ENSG00000150783	TEX12	2.3	6711
ENSG00000150787	PTS	5.4	11736
ENSG00000150867	PIP4K2A	9.0	15175
ENSG00000150873	CIMIP5	0.0	1
ENSG00000150893	FREM2	2.6	7291
ENSG00000150907	FOXO1	29.2	18840
ENSG00000150938	CRIM1	4.2	10017
ENSG00000150961	SEC24D	6.5	13008
ENSG00000150967	ABCB9	8.2	14610
ENSG00000150977	RILPL2	3.3	8619
ENSG00000150990	DHX37	6.3	12794
ENSG00000150991	UBC	2.5	7104
ENSG00000150995	ITPR1	17.8	17987
ENSG00000151005	TKTL2	1.0	3282
ENSG00000151006	PRSS53	0.5	1903
ENSG00000151012	SLC7A11	12.1	16689
ENSG00000151014	NOCT	8.3	14683
ENSG00000151023	ENKUR	1.8	5759
ENSG00000151025	GPR158	6.5	13008
ENSG00000151033	LYZL2	0.5	1903
ENSG00000151062	CACNA2D4	4.1	9897
ENSG00000151065	DCP1B	2.7	7600
ENSG00000151067	CACNA1C	25.1	18638
ENSG00000151079	KCNA6	6.5	13008
ENSG00000151090	THRB	14.5	17382
ENSG00000151092	NGLY1	4.9	11073
ENSG00000151093	OXSM	4.2	10017
ENSG00000151116	UEVLD	1.0	3282
ENSG00000151117	TMEM86A	1.3	4364
ENSG00000151131	NOPCHAP1	2.6	7291
ENSG00000151135	TMEM263	0.0	1
ENSG00000151136	ABTB3	0.0	1
ENSG00000151148	UBE3B	2.3	6711
ENSG00000151150	ANK3	21.2	18378
ENSG00000151151	IPMK	12.5	16839
ENSG00000151164	RAD9B	2.0	6082
ENSG00000151176	PLBD2	0.0	1
ENSG00000151208	DLG5	12.6	16868
ENSG00000151224	MAT1A	5.8	12204
ENSG00000151229	SLC2A13	9.4	15426
ENSG00000151233	GXYLT1	2.9	7932
ENSG00000151239	TWF1	7.9	14372
ENSG00000151240	DIP2C	0.0	1
ENSG00000151247	EIF4E	14.5	17382
ENSG00000151276	MAGI1	5.0	11192
ENSG00000151287	TEX30	0.0	1
ENSG00000151292	CSNK1G3	5.5	11839
ENSG00000151304	SRFBP1	1.0	3282
ENSG00000151320	AKAP6	14.7	17436
ENSG00000151322	NPAS3	3.0	8111
ENSG00000151327	FAM177A1	0.0	1
ENSG00000151332	MBIP	8.5	14830
ENSG00000151338	MIPOL1	0.8	3045
ENSG00000151348	EXT2	11.3	16392
ENSG00000151353	TMEM18	0.8	3045
ENSG00000151360	ALLC	0.0	1
ENSG00000151364	KCTD14	0.0	1
ENSG00000151365	THRSP	5.0	11192
ENSG00000151366	NDUFC2	3.2	8468
ENSG00000151376	ME3	5.0	11192
ENSG00000151379	MSGN1	3.3	8619
ENSG00000151388	ADAMTS12	13.5	17136
ENSG00000151413	NUBPL	3.9	9571
ENSG00000151414	NEK7	8.9	15105
ENSG00000151418	ATP6V1G3	1.3	4364
ENSG00000151422	FER	25.5	18657
ENSG00000151445	VIPAS39	6.4	12917
ENSG00000151458	ANKRD50	0.8	3045
ENSG00000151461	UPF2	3.9	9571
ENSG00000151465	CDC123	3.7	9268
ENSG00000151466	SCLT1	1.3	4364
ENSG00000151468	CCDC3	2.9	7932
ENSG00000151470	C4orf33	0.0	1
ENSG00000151474	FRMD4A	0.8	3045
ENSG00000151475	SLC25A31	3.0	8111
ENSG00000151490	PTPRO	17.4	17934
ENSG00000151491	EPS8	7.5	14017
ENSG00000151498	ACAD8	1.8	5759
ENSG00000151500	THYN1	0.0	1
ENSG00000151502	VPS26B	3.6	9147
ENSG00000151503	NCAPD3	3.9	9571
ENSG00000151532	VTI1A	9.3	15379
ENSG00000151552	QDPR	6.9	13452
ENSG00000151553	FHIP2A	0.6	2927
ENSG00000151572	ANO4	4.4	10330
ENSG00000151575	TEX9	0.0	1
ENSG00000151576	QTRT2	3.2	8468
ENSG00000151577	DRD3	26.2	18696
ENSG00000151611	MMAA	8.7	14962
ENSG00000151612	ZNF827	6.8	13329
ENSG00000151615	POU4F2	20.2	18279
ENSG00000151617	EDNRA	14.6	17413
ENSG00000151623	NR3C2	7.6	14102
ENSG00000151632	AKR1C2	18.4	18069
ENSG00000151640	DPYSL4	3.2	8468
ENSG00000151650	VENTX	5.7	12090
ENSG00000151651	ADAM8	24.5	18612
ENSG00000151655	ITIH2	1.7	5664
ENSG00000151657	KIN	6.3	12794
ENSG00000151687	ANKAR	0.0	1
ENSG00000151689	INPP1	4.2	10017
ENSG00000151690	MFSD6	0.5	1903
ENSG00000151692	RNF144A	5.6	11982
ENSG00000151693	ASAP2	0.5	1903
ENSG00000151694	ADAM17	45.8	19170
ENSG00000151702	FLI1	8.8	15033
ENSG00000151704	KCNJ1	6.0	12446
ENSG00000151715	TMEM45B	0.5	1903
ENSG00000151718	WWC2	9.4	15426
ENSG00000151725	CENPU	0.6	2927
ENSG00000151726	ACSL1	11.6	16500
ENSG00000151729	SLC25A4	11.1	16303
ENSG00000151743	AMN1	0.5	1903
ENSG00000151746	BICD1	19.3	18188
ENSG00000151748	SAV1	6.0	12446
ENSG00000151778	SERP2	0.5	1903
ENSG00000151779	NBAS	4.8	10931
ENSG00000151789	ZNF385D	0.8	3045
ENSG00000151790	TDO2	6.4	12917
ENSG00000151806	GUF1	1.0	3282
ENSG00000151812	SLC35F4	1.6	5463
ENSG00000151834	GABRA2	11.6	16500
ENSG00000151835	SACS	5.9	12348
ENSG00000151838	CCDC175	0.0	1
ENSG00000151846	PABPC3	2.9	7932
ENSG00000151849	CPAP	17.0	17864
ENSG00000151876	FBXO4	13.7	17187
ENSG00000151881	TMEM267	0.0	1
ENSG00000151882	CCL28	10.9	16206
ENSG00000151883	PARP8	3.6	9147
ENSG00000151892	GFRA1	5.0	11192
ENSG00000151893	CACUL1	4.2	10017
ENSG00000151914	DST	11.7	16536
ENSG00000151917	BEND6	2.3	6711
ENSG00000151923	TIAL1	9.1	15239
ENSG00000151929	BAG3	18.7	18104
ENSG00000151948	GLT1D1	0.0	1
ENSG00000151952	TMEM132D	0.0	1
ENSG00000151962	RBM46	3.5	8994
ENSG00000151967	SCHIP1	1.3	4364
ENSG00000152034	MCHR2	1.0	3282
ENSG00000152049	KCNE4	6.1	12588
ENSG00000152056	AP1S3	3.1	8298
ENSG00000152061	RABGAP1L	3.9	9571
ENSG00000152076	CCDC74B	0.0	1
ENSG00000152078	TLCD4	0.5	1903
ENSG00000152082	MZT2B	0.6	2927
ENSG00000152086	TUBA3E	2.0	6082
ENSG00000152092	ASTN1	1.0	3282
ENSG00000152102	FAM168B	0.0	1
ENSG00000152104	PTPN14	8.1	14536
ENSG00000152127	MGAT5	8.2	14610
ENSG00000152128	TMEM163	3.4	8766
ENSG00000152133	GPATCH11	0.0	1
ENSG00000152137	HSPB8	4.5	10501
ENSG00000152147	GEMIN6	3.9	9571
ENSG00000152154	TMEM178A	2.0	6082
ENSG00000152192	POU4F1	21.3	18383
ENSG00000152193	OBI1	5.0	11192
ENSG00000152207	CYSLTR2	2.7	7600
ENSG00000152208	GRID2	13.9	17231
ENSG00000152213	ARL11	1.5	4687
ENSG00000152214	RIT2	14.2	17296
ENSG00000152217	SETBP1	1.0	3282
ENSG00000152219	ARL14EP	0.0	1
ENSG00000152223	EPG5	3.7	9268
ENSG00000152229	PSTPIP2	0.0	1
ENSG00000152234	ATP5F1A	12.4	16811
ENSG00000152240	HAUS1	4.4	10330
ENSG00000152242	ARK2N	2.6	7291
ENSG00000152253	SPC25	4.1	9897
ENSG00000152254	G6PC2	4.8	10931
ENSG00000152256	PDK1	9.7	15609
ENSG00000152266	PTH	21.1	18366
ENSG00000152270	PDE3B	13.5	17136
ENSG00000152284	TCF7L1	5.8	12204
ENSG00000152291	TGOLN2	0.0	1
ENSG00000152292	SH2D6	1.5	4687
ENSG00000152315	KCNK13	5.4	11736
ENSG00000152332	UHMK1	8.1	14536
ENSG00000152348	ATG10	6.5	13008
ENSG00000152359	POC5	2.1	6380
ENSG00000152377	SPOCK1	9.9	15713
ENSG00000152380	FAM151B	0.5	1903
ENSG00000152382	TADA1	3.6	9147
ENSG00000152402	GUCY1A2	2.8	7695
ENSG00000152404	CWF19L2	1.1	4265
ENSG00000152409	JMY	7.6	14102
ENSG00000152413	HOMER1	9.8	15662
ENSG00000152422	XRCC4	14.9	17482
ENSG00000152430	BOLL	5.2	11424
ENSG00000152433	ZNF547	1.5	4687
ENSG00000152439	ZNF773	1.5	4687
ENSG00000152443	ZNF776	1.5	4687
ENSG00000152454	ZNF256	2.3	6711
ENSG00000152455	SUV39H2	12.2	16737
ENSG00000152457	DCLRE1C	5.9	12348
ENSG00000152463	OLAH	2.1	6380
ENSG00000152464	RPP38	4.5	10501
ENSG00000152465	NMT2	6.1	12588
ENSG00000152467	ZSCAN1	2.8	7695
ENSG00000152475	ZNF837	2.3	6711
ENSG00000152484	USP12	4.3	10201
ENSG00000152492	CCDC50	2.1	6380
ENSG00000152495	CAMK4	9.6	15554
ENSG00000152503	TRIM36	4.9	11073
ENSG00000152518	ZFP36L2	18.6	18090
ENSG00000152520	PAN3	2.6	7291
ENSG00000152527	PLEKHH2	2.0	6082
ENSG00000152556	PFKM	13.2	17041
ENSG00000152558	TMEM123	0.6	2927
ENSG00000152578	GRIA4	7.8	14288
ENSG00000152580	IGSF10	0.5	1903
ENSG00000152582	SPEF2	4.3	10201
ENSG00000152583	SPARCL1	1.0	3282
ENSG00000152591	DSPP	5.6	11982
ENSG00000152592	DMP1	4.5	10501
ENSG00000152595	MEPE	2.8	7695
ENSG00000152601	MBNL1	6.7	13235
ENSG00000152611	CAPSL	0.0	1
ENSG00000152620	NADK2	3.4	8766
ENSG00000152642	GPD1L	6.9	13452
ENSG00000152661	GJA1	29.0	18831
ENSG00000152669	CCNO	3.4	8766
ENSG00000152670	DDX4	7.6	14102
ENSG00000152672	CLEC4F	1.5	4687
ENSG00000152683	SLC30A6	3.7	9268
ENSG00000152684	PELO	5.5	11839
ENSG00000152689	RASGRP3	6.3	12794
ENSG00000152700	SAR1B	17.7	17976
ENSG00000152705	CATSPER3	4.8	10931
ENSG00000152749	GPR180	0.0	1
ENSG00000152760	DYNLT5	1.0	3282
ENSG00000152763	DNAI4	2.5	7104
ENSG00000152766	ANKRD22	0.0	1
ENSG00000152767	FARP1	2.9	7932
ENSG00000152778	IFIT5	9.2	15304
ENSG00000152779	SLC16A12	4.0	9765
ENSG00000152782	PANK1	5.1	11329
ENSG00000152784	PRDM8	1.0	3282
ENSG00000152785	BMP3	5.3	11597
ENSG00000152795	HNRNPDL	6.1	12588
ENSG00000152804	HHEX	25.8	18674
ENSG00000152818	UTRN	6.8	13329
ENSG00000152822	GRM1	10.9	16206
ENSG00000152894	PTPRK	16.5	17798
ENSG00000152904	GGPS1	4.2	10017
ENSG00000152910	CNTNAP4	2.5	7104
ENSG00000152926	ZNF117	2.7	7600
ENSG00000152932	RAB3C	4.4	10330
ENSG00000152936	LMNTD1	0.0	1
ENSG00000152939	MARVELD2	3.7	9268
ENSG00000152942	RAD17	9.2	15304
ENSG00000152944	MED21	6.2	12686
ENSG00000152952	PLOD2	6.8	13329
ENSG00000152953	STK32B	1.0	3282
ENSG00000152954	NRSN1	1.0	3282
ENSG00000152969	JAKMIP1	2.9	7932
ENSG00000152977	ZIC1	7.5	14017
ENSG00000152990	ADGRA3	2.3	6711
ENSG00000153002	CPB1	3.5	8994
ENSG00000153006	SREK1IP1	0.0	1
ENSG00000153012	LGI2	1.0	3282
ENSG00000153015	CWC27	2.4	6954
ENSG00000153029	MR1	7.6	14102
ENSG00000153037	SRP19	5.4	11736
ENSG00000153044	CENPH	3.8	9432
ENSG00000153046	CDYL	7.6	14102
ENSG00000153048	CARHSP1	3.8	9432
ENSG00000153060	TEKT5	1.5	4687
ENSG00000153064	BANK1	9.0	15175
ENSG00000153066	TXNDC11	0.0	1
ENSG00000153071	DAB2	19.5	18215
ENSG00000153086	ACMSD	5.6	11982
ENSG00000153093	ACOXL	2.0	6082
ENSG00000153094	BCL2L11	14.3	17326
ENSG00000153107	ANAPC1	7.0	13559
ENSG00000153113	CAST	4.8	10931
ENSG00000153130	SCOC	1.6	5463
ENSG00000153132	CLGN	3.3	8619
ENSG00000153140	CETN3	3.6	9147
ENSG00000153147	SMARCA5	24.4	18605
ENSG00000153157	SYCP2L	0.0	1
ENSG00000153162	BMP6	26.1	18687
ENSG00000153165	RGPD3	1.5	4687
ENSG00000153179	RASSF3	1.3	4364
ENSG00000153187	HNRNPU	51.7	19203
ENSG00000153201	RANBP2	11.0	16257
ENSG00000153207	AHCTF1	2.2	6585
ENSG00000153208	MERTK	8.5	14830
ENSG00000153214	TMEM87B	1.3	4364
ENSG00000153230	OR14K1	1.0	3282
ENSG00000153233	PTPRR	8.7	14962
ENSG00000153234	NR4A2	18.3	18062
ENSG00000153237	CCDC148	0.0	1
ENSG00000153246	PLA2R1	9.7	15609
ENSG00000153250	RBMS1	5.3	11597
ENSG00000153253	SCN3A	3.7	9268
ENSG00000153266	FEZF2	0.5	1903
ENSG00000153283	CD96	3.1	8298
ENSG00000153291	SLC25A27	3.4	8766
ENSG00000153292	ADGRF1	5.4	11736
ENSG00000153294	ADGRF4	2.8	7695
ENSG00000153303	FRMD1	1.0	3282
ENSG00000153310	CYRIB	9.4	15426
ENSG00000153317	ASAP1	3.6	9147
ENSG00000153339	TRAPPC8	3.4	8766
ENSG00000153347	FAM81B	0.0	1
ENSG00000153391	INO80C	5.3	11597
ENSG00000153395	LPCAT1	9.1	15239
ENSG00000153404	PLEKHG4B	4.4	10330
ENSG00000153406	NMRAL1	0.8	3045
ENSG00000153443	UBALD1	0.0	1
ENSG00000153446	C16orf89	0.8	3045
ENSG00000153485	LYSET	2.4	6954
ENSG00000153487	ING1	5.8	12204
ENSG00000153495	TEX29	0.0	1
ENSG00000153531	ADPRHL1	1.0	3282
ENSG00000153551	CMTM7	0.0	1
ENSG00000153558	FBXL2	11.7	16536
ENSG00000153560	UBP1	6.8	13329
ENSG00000153561	RMND5A	2.6	7291
ENSG00000153563	CD8A	8.1	14536
ENSG00000153574	RPIA	5.5	11839
ENSG00000153684	GOLGA8F	0.0	1
ENSG00000153707	PTPRD	12.7	16895
ENSG00000153714	LURAP1L	0.0	1
ENSG00000153721	CNKSR3	2.5	7104
ENSG00000153767	GTF2E1	3.8	9432
ENSG00000153779	TGIF2LX	2.8	7695
ENSG00000153786	ZDHHC7	17.8	17987
ENSG00000153789	CIBAR2	0.5	1903
ENSG00000153790	SPMIP4	0.0	1
ENSG00000153802	TMPRSS11D	3.6	9147
ENSG00000153814	JAZF1	1.6	5463
ENSG00000153815	CMIP	0.0	1
ENSG00000153820	SPHKAP	1.3	4364
ENSG00000153822	KCNJ16	3.3	8619
ENSG00000153823	PID1	16.0	17704
ENSG00000153827	TRIP12	8.9	15105
ENSG00000153832	FBXO36	0.6	2927
ENSG00000153879	CEBPG	13.1	17014
ENSG00000153885	KCTD15	1.8	5759
ENSG00000153896	ZNF599	1.5	4687
ENSG00000153898	MCOLN2	2.8	7695
ENSG00000153902	LGI4	1.8	5759
ENSG00000153904	DDAH1	13.6	17161
ENSG00000153914	SREK1	0.5	1903
ENSG00000153922	CHD1	5.4	11736
ENSG00000153930	ANKFN1	1.0	3282
ENSG00000153933	DGKE	7.3	13831
ENSG00000153936	HS2ST1	1.5	4687
ENSG00000153944	MSI2	2.8	7695
ENSG00000153956	CACNA2D1	14.3	17326
ENSG00000153975	ZUP1	1.5	4687
ENSG00000153976	HS3ST3A1	4.8	10931
ENSG00000153982	GDPD1	4.4	10330
ENSG00000153989	NUS1	6.9	13452
ENSG00000153993	SEMA3D	4.0	9765
ENSG00000154001	PPP2R5E	1.4	4622
ENSG00000154007	ASB17	0.0	1
ENSG00000154016	GRAP	4.6	10655
ENSG00000154025	SLC5A10	4.4	10330
ENSG00000154027	AK5	4.9	11073
ENSG00000154040	CABYR	3.9	9571
ENSG00000154059	IMPACT	5.0	11192
ENSG00000154065	ANKRD29	0.0	1
ENSG00000154079	SDHAF4	4.4	10330
ENSG00000154080	CHST9	6.0	12446
ENSG00000154096	THY1	16.1	17722
ENSG00000154099	DNAAF1	13.7	17187
ENSG00000154102	CLMB	0.0	1
ENSG00000154114	TBCEL	2.0	6082
ENSG00000154118	JPH3	3.2	8468
ENSG00000154122	ANKH	8.1	14536
ENSG00000154124	OTULIN	13.2	17041
ENSG00000154127	UBASH3B	4.3	10201
ENSG00000154133	ROBO4	5.1	11329
ENSG00000154134	ROBO3	3.6	9147
ENSG00000154143	PANX3	3.5	8994
ENSG00000154144	TBRG1	4.5	10501
ENSG00000154146	NRGN	2.7	7600
ENSG00000154153	RETREG1	3.4	8766
ENSG00000154162	CDH12	4.0	9765
ENSG00000154165	GPR15	7.1	13639
ENSG00000154174	TOMM70	11.7	16536
ENSG00000154175	ABI3BP	0.6	2927
ENSG00000154188	ANGPT1	24.2	18591
ENSG00000154198	CYP4Z2P	0.0	1
ENSG00000154217	PITPNC1	9.8	15662
ENSG00000154222	CC2D1B	1.5	4687
ENSG00000154227	CERS3	7.0	13559
ENSG00000154229	PRKCA	29.0	18831
ENSG00000154237	LRRK1	2.1	6380
ENSG00000154240	CEP112	0.8	3045
ENSG00000154252	GAL3ST2	1.8	5759
ENSG00000154258	ABCA9	1.5	4687
ENSG00000154262	ABCA6	1.5	4687
ENSG00000154263	ABCA10	1.5	4687
ENSG00000154265	ABCA5	9.2	15304
ENSG00000154269	ENPP3	15.0	17507
ENSG00000154274	PGCKA1	0.8	3045
ENSG00000154277	UCHL1	13.1	17014
ENSG00000154305	MIA3	14.3	17326
ENSG00000154309	DISP1	2.3	6711
ENSG00000154310	TNIK	10.8	16162
ENSG00000154316	TDH	0.0	1
ENSG00000154319	FAM167A	0.0	1
ENSG00000154328	NEIL2	1.8	5759
ENSG00000154330	PGM5	3.4	8766
ENSG00000154342	WNT3A	26.2	18696
ENSG00000154358	OBSCN	10.7	16120
ENSG00000154359	LONRF1	0.5	1903
ENSG00000154370	TRIM11	11.3	16392
ENSG00000154380	ENAH	2.8	7695
ENSG00000154415	PPP1R3A	1.5	4687
ENSG00000154429	CCSAP	3.9	9571
ENSG00000154438	ASZ1	1.5	4687
ENSG00000154447	SH3RF1	7.7	14204
ENSG00000154451	GBP5	12.5	16839
ENSG00000154473	BUB3	3.2	8468
ENSG00000154478	GPR26	2.6	7291
ENSG00000154479	CFAP210	0.5	1903
ENSG00000154485	MMP21	2.8	7695
ENSG00000154511	DIPK1A	0.0	1
ENSG00000154518	ATP5MC3	1.1	4265
ENSG00000154529	CNTNAP3B	1.0	3282
ENSG00000154548	SRSF12	6.0	12446
ENSG00000154553	PDLIM3	2.5	7104
ENSG00000154556	SORBS2	6.0	12446
ENSG00000154582	ELOC	8.9	15105
ENSG00000154589	LY96	10.0	15759
ENSG00000154608	CEP170P1	0.8	3045
ENSG00000154611	PSMA8	3.9	9571
ENSG00000154620	TMSB4Y	2.4	6954
ENSG00000154639	CXADR	17.4	17934
ENSG00000154640	BTG3	1.7	5664
ENSG00000154642	C21orf91	1.0	3282
ENSG00000154645	CHODL	1.9	5985
ENSG00000154646	TMPRSS15	1.0	3282
ENSG00000154654	NCAM2	1.7	5664
ENSG00000154655	L3MBTL4	1.5	4687
ENSG00000154678	PDE1C	3.9	9571
ENSG00000154710	RABGEF1	5.0	11192
ENSG00000154719	MRPL39	1.1	4265
ENSG00000154721	JAM2	8.3	14683
ENSG00000154723	ATP5PF	2.7	7600
ENSG00000154727	GABPA	6.9	13452
ENSG00000154734	ADAMTS1	8.2	14610
ENSG00000154736	ADAMTS5	12.7	16895
ENSG00000154743	TSEN2	3.1	8298
ENSG00000154760	SLFN13	3.9	9571
ENSG00000154764	WNT7A	33.8	18996
ENSG00000154767	XPC	14.7	17436
ENSG00000154781	CCDC174	0.0	1
ENSG00000154783	FGD5	5.8	12204
ENSG00000154803	FLCN	23.2	18520
ENSG00000154813	DPH3	4.6	10655
ENSG00000154814	OXNAD1	0.0	1
ENSG00000154822	PLCL2	4.3	10201
ENSG00000154832	CXXC1	2.9	7932
ENSG00000154839	SKA1	11.0	16257
ENSG00000154845	PPP4R1	2.7	7600
ENSG00000154856	APCDD1	4.2	10017
ENSG00000154864	PIEZO2	5.0	11192
ENSG00000154874	CCDC144BP	0.0	1
ENSG00000154889	MPPE1	2.8	7695
ENSG00000154898	CCDC144CP	0.0	1
ENSG00000154914	USP43	1.8	5759
ENSG00000154917	RAB6B	8.3	14683
ENSG00000154920	EME1	9.2	15304
ENSG00000154928	EPHB1	14.4	17358
ENSG00000154930	ACSS1	4.8	10931
ENSG00000154945	ANKRD40	0.0	1
ENSG00000154957	ZNF18	1.5	4687
ENSG00000154975	CA10	1.1	4265
ENSG00000154978	VOPP1	1.6	5463
ENSG00000154997	SEPTIN14	4.1	9897
ENSG00000155008	APOOL	2.1	6380
ENSG00000155011	DKK2	4.3	10201
ENSG00000155016	CYP2U1	7.3	13831
ENSG00000155026	RSPH10B	0.0	1
ENSG00000155034	FBXL18	1.2	4328
ENSG00000155052	CNTNAP5	1.0	3282
ENSG00000155066	PROM2	5.8	12204
ENSG00000155085	AK9	3.6	9147
ENSG00000155087	ODF1	0.0	1
ENSG00000155090	KLF10	10.8	16162
ENSG00000155093	PTPRN2	3.8	9432
ENSG00000155096	AZIN1	4.9	11073
ENSG00000155097	ATP6V1C1	2.9	7932
ENSG00000155099	PIP4P2	3.1	8298
ENSG00000155100	OTUD6B	6.1	12588
ENSG00000155111	CDK19	0.5	1903
ENSG00000155115	GTF3C6	5.7	12090
ENSG00000155158	TTC39B	4.0	9765
ENSG00000155189	AGPAT5	4.8	10931
ENSG00000155229	MMS19	5.5	11839
ENSG00000155249	OR4K1	0.5	1903
ENSG00000155252	PI4K2A	8.4	14752
ENSG00000155254	MARVELD1	1.0	3282
ENSG00000155256	ZFYVE27	7.7	14204
ENSG00000155265	GOLGA7B	1.3	4364
ENSG00000155269	GPR78	2.6	7291
ENSG00000155275	TRMT44	1.0	3282
ENSG00000155287	SLC25A28	1.0	3282
ENSG00000155304	HSPA13	2.0	6082
ENSG00000155307	SAMSN1	4.3	10201
ENSG00000155313	USP25	16.8	17833
ENSG00000155324	GRAMD2B	0.8	3045
ENSG00000155329	ZCCHC10	0.0	1
ENSG00000155330	HDIP1	0.0	1
ENSG00000155363	MOV10	9.2	15304
ENSG00000155366	RHOC	10.0	15759
ENSG00000155367	PPM1J	0.5	1903
ENSG00000155368	DBI	5.1	11329
ENSG00000155380	SLC16A1	14.8	17461
ENSG00000155393	HEATR3	3.9	9571
ENSG00000155428	TRIM74	1.0	3282
ENSG00000155438	NIFK	3.6	9147
ENSG00000155463	OXA1L	11.6	16500
ENSG00000155465	SLC7A7	5.3	11597
ENSG00000155495	MAGEC1	0.5	1903
ENSG00000155506	LARP1	19.6	18225
ENSG00000155508	CNOT8	5.6	11982
ENSG00000155511	GRIA1	10.7	16120
ENSG00000155530	LRGUK	1.5	4687
ENSG00000155542	SETD9	1.8	5759
ENSG00000155545	MIER3	2.3	6711
ENSG00000155561	NUP205	4.1	9897
ENSG00000155592	ZKSCAN2	1.5	4687
ENSG00000155621	C9orf85	0.0	1
ENSG00000155622	XAGE2	0.0	1
ENSG00000155629	PIK3AP1	4.5	10501
ENSG00000155636	RBM45	3.1	8298
ENSG00000155657	TTN	35.3	19034
ENSG00000155659	VSIG4	3.6	9147
ENSG00000155660	PDIA4	4.7	10753
ENSG00000155666	KDM8	10.5	16025
ENSG00000155714	PDZD9	0.0	1
ENSG00000155719	OTOA	0.5	1903
ENSG00000155729	KCTD18	0.0	1
ENSG00000155744	HYCC2	1.0	3282
ENSG00000155749	FLACC1	0.0	1
ENSG00000155754	CATSPERT	2.0	6082
ENSG00000155755	TMEM237	2.7	7600
ENSG00000155760	FZD7	21.8	18425
ENSG00000155761	SPAG17	3.0	8111
ENSG00000155792	DEPTOR	12.6	16868
ENSG00000155816	FMN2	12.5	16839
ENSG00000155827	RNF20	13.3	17085
ENSG00000155833	CYLC2	1.7	5664
ENSG00000155846	PPARGC1B	7.4	13914
ENSG00000155849	ELMO1	7.4	13914
ENSG00000155850	SLC26A2	9.3	15379
ENSG00000155858	LSM11	6.2	12686
ENSG00000155868	MED7	5.8	12204
ENSG00000155875	SAXO1	4.5	10501
ENSG00000155876	RRAGA	18.1	18029
ENSG00000155886	SLC24A2	12.7	16895
ENSG00000155890	TRIM42	0.0	1
ENSG00000155893	PXYLP1	6.0	12446
ENSG00000155897	ADCY8	22.7	18485
ENSG00000155903	RASA2	2.8	7695
ENSG00000155906	RMND1	1.3	4364
ENSG00000155918	RAET1L	3.0	8111
ENSG00000155926	SLA	2.0	6082
ENSG00000155957	TMBIM4	2.6	7291
ENSG00000155959	VBP1	5.9	12348
ENSG00000155961	RAB39B	4.6	10655
ENSG00000155962	CLIC2	6.0	12446
ENSG00000155966	AFF2	6.3	12794
ENSG00000155970	MICU3	6.4	12917
ENSG00000155974	GRIP1	3.1	8298
ENSG00000155975	VPS37A	7.8	14288
ENSG00000155980	KIF5A	8.0	14457
ENSG00000156006	NAT2	4.0	9765
ENSG00000156009	MAGEA8	1.0	3282
ENSG00000156011	PSD3	1.0	3282
ENSG00000156017	CARNMT1	7.6	14102
ENSG00000156026	MCU	18.4	18069
ENSG00000156030	MIDEAS	2.9	7932
ENSG00000156042	CFAP70	2.0	6082
ENSG00000156049	GNA14	9.0	15175
ENSG00000156050	FAM161B	0.5	1903
ENSG00000156052	GNAQ	21.1	18366
ENSG00000156076	WIF1	2.3	6711
ENSG00000156096	UGT2B4	4.2	10017
ENSG00000156097	GPR61	2.6	7291
ENSG00000156103	MMP16	11.4	16433
ENSG00000156110	ADK	5.7	12090
ENSG00000156113	KCNMA1	17.2	17902
ENSG00000156127	BATF	12.0	16648
ENSG00000156136	DCK	7.9	14372
ENSG00000156140	ADAMTS3	11.7	16536
ENSG00000156150	ALX3	3.3	8619
ENSG00000156162	DPY19L4	0.5	1903
ENSG00000156170	NDUFAF6	1.3	4364
ENSG00000156171	DRAM2	3.4	8766
ENSG00000156172	CFAP418	1.0	3282
ENSG00000156194	PPEF2	8.9	15105
ENSG00000156206	CFAP161	1.0	3282
ENSG00000156218	ADAMTSL3	0.0	1
ENSG00000156219	ART3	0.5	1903
ENSG00000156222	SLC28A1	13.1	17014
ENSG00000156232	WHAMM	9.5	15494
ENSG00000156234	CXCL13	23.3	18530
ENSG00000156239	HEMK2	11.4	16433
ENSG00000156253	RWDD2B	0.0	1
ENSG00000156256	USP16	15.9	17685
ENSG00000156261	CCT8	6.5	13008
ENSG00000156265	MAP3K7CL	0.0	1
ENSG00000156269	NAA11	2.6	7291
ENSG00000156273	BACH1	8.8	15033
ENSG00000156282	CLDN17	4.4	10330
ENSG00000156284	CLDN8	2.0	6082
ENSG00000156298	TSPAN7	0.0	1
ENSG00000156299	TIAM1	17.6	17959
ENSG00000156304	SCAF4	4.4	10330
ENSG00000156313	RPGR	9.1	15239
ENSG00000156345	CDK20	0.5	1903
ENSG00000156374	PCGF6	3.3	8619
ENSG00000156381	ANKRD9	3.2	8468
ENSG00000156384	SFR1	6.5	13008
ENSG00000156395	SORCS3	2.7	7600
ENSG00000156398	SFXN2	1.8	5759
ENSG00000156411	ATP5MJ	0.6	2927
ENSG00000156413	FUT6	10.3	15915
ENSG00000156414	TDRD9	5.8	12204
ENSG00000156427	FGF18	14.9	17482
ENSG00000156453	PCDH1	2.8	7695
ENSG00000156463	SH3RF2	10.2	15862
ENSG00000156466	GDF6	10.4	15985
ENSG00000156467	UQCRB	3.5	8994
ENSG00000156469	MTERF3	3.1	8298
ENSG00000156471	PTDSS1	5.8	12204
ENSG00000156475	PPP2R2B	1.4	4622
ENSG00000156482	RPL30	12.8	16920
ENSG00000156486	KCNS2	3.0	8111
ENSG00000156500	PABIR3	1.0	3282
ENSG00000156502	SUPV3L1	21.3	18383
ENSG00000156504	PABIR2	1.0	3282
ENSG00000156508	EEF1A1	14.4	17358
ENSG00000156509	FBXO43	2.4	6954
ENSG00000156510	HKDC1	5.4	11736
ENSG00000156515	HK1	15.8	17668
ENSG00000156521	TYSND1	8.0	14457
ENSG00000156531	PHF6	8.4	14752
ENSG00000156535	CD109	1.6	5463
ENSG00000156564	LRFN2	0.0	1
ENSG00000156574	NODAL	19.2	18173
ENSG00000156575	PRG3	6.7	13235
ENSG00000156587	UBE2L6	7.5	14017
ENSG00000156599	ZDHHC5	7.9	14372
ENSG00000156603	MED19	2.3	6711
ENSG00000156639	ZFAND3	0.0	1
ENSG00000156642	NPTN	7.5	14017
ENSG00000156650	KAT6B	10.0	15759
ENSG00000156671	SAMD8	3.7	9268
ENSG00000156675	RAB11FIP1	1.3	4364
ENSG00000156687	UNC5D	1.8	5759
ENSG00000156689	GLYATL2	3.7	9268
ENSG00000156697	UTP14A	1.1	4265
ENSG00000156709	AIFM1	14.2	17296
ENSG00000156711	MAPK13	10.6	16075
ENSG00000156735	BAG4	6.2	12686
ENSG00000156738	MS4A1	8.6	14895
ENSG00000156787	TBC1D31	2.1	6380
ENSG00000156795	NTAQ1	1.5	4687
ENSG00000156802	ATAD2	4.6	10655
ENSG00000156804	FBXO32	4.0	9765
ENSG00000156831	NSMCE2	11.2	16350
ENSG00000156853	ZNF689	1.5	4687
ENSG00000156858	PRR14	0.0	1
ENSG00000156860	FBRS	0.0	1
ENSG00000156869	FRRS1	2.0	6082
ENSG00000156873	PHKG2	9.5	15494
ENSG00000156875	SLC71A1	0.0	1
ENSG00000156876	SASS6	5.4	11736
ENSG00000156885	COX6A2	1.9	5985
ENSG00000156886	ITGAD	4.5	10501
ENSG00000156920	ADGRG4	4.4	10330
ENSG00000156925	ZIC3	12.1	16689
ENSG00000156928	MALSU1	4.7	10753
ENSG00000156931	VPS8	3.0	8111
ENSG00000156958	GALK2	3.6	9147
ENSG00000156959	LHFPL4	2.5	7104
ENSG00000156966	B3GNT7	5.2	11424
ENSG00000156968	MPV17L	2.9	7932
ENSG00000156970	BUB1B	5.2	11424
ENSG00000156973	PDE6D	2.2	6585
ENSG00000156976	EIF4A2	6.4	12917
ENSG00000156983	BRPF1	8.3	14683
ENSG00000156990	RPUSD3	4.9	11073
ENSG00000157005	SST	9.4	15426
ENSG00000157014	TATDN2	0.0	1
ENSG00000157017	GHRL	32.4	18962
ENSG00000157020	SEC13	9.3	15379
ENSG00000157036	EXOG	4.2	10017
ENSG00000157045	NTAN1	2.6	7291
ENSG00000157060	SHCBP1L	2.0	6082
ENSG00000157064	NMNAT2	6.2	12686
ENSG00000157077	ZFYVE9	4.6	10655
ENSG00000157087	ATP2B2	14.3	17326
ENSG00000157093	LYZL4	1.5	4687
ENSG00000157103	SLC6A1	13.8	17208
ENSG00000157106	SMG1	14.1	17268
ENSG00000157107	FCHO2	6.4	12917
ENSG00000157110	RBPMS	9.8	15662
ENSG00000157111	TMEM171	0.0	1
ENSG00000157119	KLHL40	5.1	11329
ENSG00000157131	C8A	5.2	11424
ENSG00000157150	TIMP4	2.6	7291
ENSG00000157152	SYN2	3.3	8619
ENSG00000157168	NRG1	45.1	19167
ENSG00000157181	ODR4	0.5	1903
ENSG00000157184	CPT2	7.8	14288
ENSG00000157191	NECAP2	1.0	3282
ENSG00000157193	LRP8	14.5	17382
ENSG00000157211	CDCP2	0.0	1
ENSG00000157212	PAXIP1	5.7	12090
ENSG00000157214	STEAP2	4.7	10753
ENSG00000157216	SSBP3	1.0	3282
ENSG00000157219	HTR5A	6.2	12686
ENSG00000157224	CLDN12	2.1	6380
ENSG00000157227	MMP14	21.4	18395
ENSG00000157240	FZD1	19.2	18173
ENSG00000157259	GATAD1	1.3	4364
ENSG00000157303	SUSD3	0.0	1
ENSG00000157315	TMED6	1.5	4687
ENSG00000157322	CLEC18A	1.3	4364
ENSG00000157326	DHRS4	9.9	15713
ENSG00000157330	CFAP107	0.5	1903
ENSG00000157335	CLEC18C	1.3	4364
ENSG00000157343	ARMC12	2.6	7291
ENSG00000157349	DDX19B	4.2	10017
ENSG00000157350	ST3GAL2	14.5	17382
ENSG00000157353	FCSK	5.0	11192
ENSG00000157368	IL34	11.7	16536
ENSG00000157379	DHRS1	1.6	5463
ENSG00000157388	CACNA1D	15.9	17685
ENSG00000157399	ARSL	3.1	8298
ENSG00000157404	KIT	37.1	19064
ENSG00000157423	HYDIN	1.0	3282
ENSG00000157426	AASDH	0.5	1903
ENSG00000157429	ZNF19	1.5	4687
ENSG00000157445	CACNA2D3	1.7	5664
ENSG00000157450	RNF111	6.7	13235
ENSG00000157456	CCNB2	1.5	4687
ENSG00000157470	FAM81A	0.5	1903
ENSG00000157483	MYO1E	8.0	14457
ENSG00000157500	APPL1	21.2	18378
ENSG00000157502	PWWP3B	0.0	1
ENSG00000157510	AFAP1L1	0.0	1
ENSG00000157514	TSC22D3	0.5	1903
ENSG00000157538	VPS26C	1.9	5985
ENSG00000157540	DYRK1A	24.8	18626
ENSG00000157542	KCNJ6	4.0	9765
ENSG00000157551	KCNJ15	2.8	7695
ENSG00000157554	ERG	8.7	14962
ENSG00000157557	ETS2	10.8	16162
ENSG00000157570	TSPAN18	4.8	10931
ENSG00000157578	LCA5L	0.5	1903
ENSG00000157593	SLC35B2	6.2	12686
ENSG00000157600	TMEM164	1.3	4364
ENSG00000157601	MX1	12.2	16737
ENSG00000157613	CREB3L1	14.2	17296
ENSG00000157617	C2CD2	0.0	1
ENSG00000157625	TAB3	8.6	14895
ENSG00000157637	SLC38A10	1.0	3282
ENSG00000157653	C9orf43	0.0	1
ENSG00000157654	PALM2AKAP2	0.0	1
ENSG00000157657	ZNF618	3.0	8111
ENSG00000157680	DGKI	5.4	11736
ENSG00000157693	TMEM268	0.0	1
ENSG00000157703	SVOPL	0.0	1
ENSG00000157734	SNX22	0.5	1903
ENSG00000157741	UBN2	1.7	5664
ENSG00000157764	BRAF	17.4	17934
ENSG00000157765	SLC34A2	8.1	14536
ENSG00000157766	ACAN	3.7	9268
ENSG00000157778	PSMG3	3.0	8111
ENSG00000157782	CABP1	5.6	11982
ENSG00000157796	WDR19	5.4	11736
ENSG00000157800	SLC37A3	4.0	9765
ENSG00000157823	AP3S2	5.1	11329
ENSG00000157827	FMNL2	2.5	7104
ENSG00000157833	GAREM2	0.0	1
ENSG00000157837	SPPL3	7.6	14102
ENSG00000157851	DPYSL5	5.0	11192
ENSG00000157856	DRC1	4.3	10201
ENSG00000157869	RAB28	4.3	10201
ENSG00000157870	PRXL2B	2.5	7104
ENSG00000157873	TNFRSF14	14.4	17358
ENSG00000157881	PANK4	4.0	9765
ENSG00000157884	CIB4	2.6	7291
ENSG00000157890	MEGF11	2.0	6082
ENSG00000157895	C12orf43	1.0	3282
ENSG00000157911	PEX10	9.3	15379
ENSG00000157916	RER1	2.6	7291
ENSG00000157927	RADIL	2.3	6711
ENSG00000157933	SKI	31.4	18928
ENSG00000157954	WIPI2	10.4	15985
ENSG00000157965	SSX8P	0.0	1
ENSG00000157978	LDLRAP1	20.6	18319
ENSG00000157985	AGAP1	1.8	5759
ENSG00000157992	KRTCAP3	0.0	1
ENSG00000157999	ANKRD61	0.0	1
ENSG00000158006	PAFAH2	5.1	11329
ENSG00000158008	EXTL1	3.5	8994
ENSG00000158014	SLC30A2	12.5	16839
ENSG00000158019	BABAM2	12.9	16951
ENSG00000158022	TRIM63	5.3	11597
ENSG00000158023	CFAP251	1.3	4364
ENSG00000158042	MRPL17	1.9	5985
ENSG00000158050	DUSP2	3.7	9268
ENSG00000158055	GRHL3	6.7	13235
ENSG00000158062	UBXN11	1.0	3282
ENSG00000158077	NLRP14	1.3	4364
ENSG00000158079	PTPDC1	1.0	3282
ENSG00000158089	GALNT14	2.8	7695
ENSG00000158092	NCK1	24.7	18622
ENSG00000158104	HPD	5.3	11597
ENSG00000158106	RHPN1	0.5	1903
ENSG00000158109	TPRG1L	0.5	1903
ENSG00000158113	LRRC43	0.0	1
ENSG00000158122	PRXL2C	1.6	5463
ENSG00000158125	XDH	12.2	16737
ENSG00000158156	XKR8	6.7	13235
ENSG00000158158	CNNM4	2.8	7695
ENSG00000158161	EYA3	9.6	15554
ENSG00000158163	DZIP1L	2.1	6380
ENSG00000158164	TMSB15A	1.5	4687
ENSG00000158169	FANCC	3.4	8766
ENSG00000158186	MRAS	7.2	13747
ENSG00000158195	WASF2	8.4	14752
ENSG00000158201	ABHD3	7.7	14204
ENSG00000158220	ESYT3	2.5	7104
ENSG00000158234	FAIM	0.5	1903
ENSG00000158246	TENT5B	5.0	11192
ENSG00000158258	CLSTN2	2.0	6082
ENSG00000158270	COLEC12	10.7	16120
ENSG00000158286	RNF207	8.0	14457
ENSG00000158290	CUL4B	21.2	18378
ENSG00000158292	GPR153	0.0	1
ENSG00000158296	SLC13A3	16.8	17833
ENSG00000158301	GPRASP2	1.3	4364
ENSG00000158315	RHBDL2	1.3	4364
ENSG00000158321	AUTS2	5.8	12204
ENSG00000158352	SHROOM4	5.5	11839
ENSG00000158373	H2BC5	3.0	8111
ENSG00000158402	CDC25C	10.3	15915
ENSG00000158411	MITD1	6.9	13452
ENSG00000158417	EIF5B	8.3	14683
ENSG00000158423	RIBC1	0.5	1903
ENSG00000158427	TMSB15B	2.3	6711
ENSG00000158428	CATIP	3.4	8766
ENSG00000158435	CNOT11	0.6	2927
ENSG00000158445	KCNB1	14.8	17461
ENSG00000158457	TSPAN33	4.2	10017
ENSG00000158458	NRG2	3.8	9432
ENSG00000158467	AHCYL2	1.0	3282
ENSG00000158470	B4GALT5	7.1	13639
ENSG00000158473	CD1D	12.0	16648
ENSG00000158477	CD1A	4.1	9897
ENSG00000158480	SPATA2	9.8	15662
ENSG00000158481	CD1C	7.5	14017
ENSG00000158485	CD1B	3.5	8994
ENSG00000158486	DNAH3	4.8	10931
ENSG00000158488	CD1E	4.1	9897
ENSG00000158516	CPA2	5.2	11424
ENSG00000158517	NCF1	13.1	17014
ENSG00000158525	CPA5	1.0	3282
ENSG00000158526	TSR2	0.5	1903
ENSG00000158528	PPP1R9A	2.0	6082
ENSG00000158545	ZC3H18	2.9	7932
ENSG00000158552	ZFAND2B	4.7	10753
ENSG00000158553	POM121L2	2.0	6082
ENSG00000158555	GDPD5	1.0	3282
ENSG00000158560	DYNC1I1	6.7	13235
ENSG00000158571	PFKFB1	7.8	14288
ENSG00000158578	ALAS2	9.3	15379
ENSG00000158604	TMED4	2.0	6082
ENSG00000158615	PPP1R15B	8.3	14683
ENSG00000158623	COPG2	4.3	10201
ENSG00000158636	EMSY	0.0	1
ENSG00000158639	PAGE5	0.0	1
ENSG00000158669	GPAT4	8.2	14610
ENSG00000158683	PKD1L1	2.6	7291
ENSG00000158691	ZSCAN12	1.5	4687
ENSG00000158710	TAGLN2	2.3	6711
ENSG00000158711	ELK4	8.3	14683
ENSG00000158714	SLAMF8	7.0	13559
ENSG00000158715	SLC45A3	4.8	10931
ENSG00000158716	DUSP23	3.4	8766
ENSG00000158717	RNF166	1.5	4687
ENSG00000158731	OR10J6P	1.0	3282
ENSG00000158747	NBL1	8.7	14962
ENSG00000158748	HTR6	8.1	14536
ENSG00000158764	ITLN2	0.5	1903
ENSG00000158769	F11R	21.1	18366
ENSG00000158773	USF1	26.2	18696
ENSG00000158786	PLA2G2F	7.1	13639
ENSG00000158792	SPATA2L	0.0	1
ENSG00000158793	NIT1	1.8	5759
ENSG00000158796	DEDD	4.2	10017
ENSG00000158805	ZNF276	2.3	6711
ENSG00000158806	NPM2	8.2	14610
ENSG00000158813	EDA	10.9	16206
ENSG00000158815	FGF17	9.2	15304
ENSG00000158816	VWA5B1	0.0	1
ENSG00000158825	CDA	8.1	14536
ENSG00000158828	PINK1	64.5	19231
ENSG00000158850	B4GALT3	4.3	10201
ENSG00000158856	DMTN	17.8	17987
ENSG00000158859	ADAMTS4	11.7	16536
ENSG00000158863	FHIP2B	0.0	1
ENSG00000158864	NDUFS2	11.6	16500
ENSG00000158865	SLC5A11	3.9	9571
ENSG00000158869	FCER1G	11.4	16433
ENSG00000158874	APOA2	36.0	19045
ENSG00000158882	TOMM40L	1.0	3282
ENSG00000158887	MPZ	4.4	10330
ENSG00000158901	WFDC8	0.0	1
ENSG00000158941	CCAR2	18.8	18124
ENSG00000158955	WNT9B	8.6	14895
ENSG00000158966	CACHD1	0.5	1903
ENSG00000158985	CDC42SE2	1.6	5463
ENSG00000158987	RAPGEF6	8.0	14457
ENSG00000159023	EPB41	7.7	14204
ENSG00000159055	MIS18A	2.5	7104
ENSG00000159063	ALG8	5.7	12090
ENSG00000159069	FBXW5	5.8	12204
ENSG00000159079	CFAP298	2.4	6954
ENSG00000159082	SYNJ1	27.7	18779
ENSG00000159086	PAXBP1	0.5	1903
ENSG00000159110	IFNAR2	17.1	17878
ENSG00000159111	MRPL10	3.1	8298
ENSG00000159128	IFNGR2	6.5	13008
ENSG00000159131	GART	10.4	15985
ENSG00000159140	SON	7.9	14372
ENSG00000159147	DONSON	4.5	10501
ENSG00000159164	SV2A	1.0	3282
ENSG00000159166	LAD1	1.4	4622
ENSG00000159167	STC1	10.9	16206
ENSG00000159173	TNNI1	1.6	5463
ENSG00000159176	CSRP1	3.9	9571
ENSG00000159184	HOXB13	8.6	14895
ENSG00000159189	C1QC	6.5	13008
ENSG00000159197	KCNE2	20.0	18262
ENSG00000159199	ATP5MC1	3.5	8994
ENSG00000159200	RCAN1	2.6	7291
ENSG00000159202	UBE2Z	2.6	7291
ENSG00000159208	CIART	3.5	8994
ENSG00000159210	SNF8	17.9	18004
ENSG00000159212	CLIC6	2.3	6711
ENSG00000159214	CCDC24	0.0	1
ENSG00000159216	RUNX1	31.4	18928
ENSG00000159217	IGF2BP1	13.1	17014
ENSG00000159224	GIP	6.1	12588
ENSG00000159228	CBR1	10.5	16025
ENSG00000159231	CBR3	5.5	11839
ENSG00000159248	GJD2	1.0	3282
ENSG00000159251	ACTC1	11.1	16303
ENSG00000159256	MORC3	11.4	16433
ENSG00000159259	CHAF1B	4.5	10501
ENSG00000159261	CLDN14	1.9	5985
ENSG00000159263	SIM2	4.7	10753
ENSG00000159267	HLCS	7.1	13639
ENSG00000159289	GOLGA6A	0.5	1903
ENSG00000159307	SCUBE1	6.0	12446
ENSG00000159314	ARHGAP27	4.8	10931
ENSG00000159322	ADPGK	4.3	10201
ENSG00000159335	PTMS	2.4	6954
ENSG00000159337	PLA2G4D	5.8	12204
ENSG00000159339	PADI4	16.1	17722
ENSG00000159346	ADIPOR1	11.0	16257
ENSG00000159348	CYB5R1	2.8	7695
ENSG00000159352	PSMD4	6.1	12588
ENSG00000159363	ATP13A2	38.1	19084
ENSG00000159374	M1AP	5.3	11597
ENSG00000159377	PSMB4	18.9	18139
ENSG00000159387	IRX6	3.0	8111
ENSG00000159388	BTG2	6.3	12794
ENSG00000159398	CES5A	0.5	1903
ENSG00000159399	HK2	14.8	17461
ENSG00000159403	C1R	10.8	16162
ENSG00000159409	CELF3	5.3	11597
ENSG00000159423	ALDH4A1	8.3	14683
ENSG00000159433	STARD9	3.9	9571
ENSG00000159445	THEM4	4.7	10753
ENSG00000159450	TCHH	1.9	5985
ENSG00000159459	UBR1	6.3	12794
ENSG00000159461	AMFR	24.8	18626
ENSG00000159479	MED8	3.3	8619
ENSG00000159495	TGM7	1.0	3282
ENSG00000159496	RGL4	1.0	3282
ENSG00000159527	PGLYRP3	8.2	14610
ENSG00000159556	ISL2	6.1	12588
ENSG00000159579	RSPRY1	1.0	3282
ENSG00000159588	CCDC17	0.0	1
ENSG00000159592	GPBP1L1	1.0	3282
ENSG00000159593	NAE1	8.9	15105
ENSG00000159596	TMEM69	0.0	1
ENSG00000159618	ADGRG5	4.4	10330
ENSG00000159625	DRC7	3.2	8468
ENSG00000159640	ACE	42.1	19135
ENSG00000159648	SPMIP8	0.0	1
ENSG00000159650	UROC1	2.6	7291
ENSG00000159658	EFCAB14	0.0	1
ENSG00000159674	SPON2	0.5	1903
ENSG00000159685	CHCHD6	4.2	10017
ENSG00000159692	CTBP1	14.7	17436
ENSG00000159708	LRRC36	0.0	1
ENSG00000159713	TPPP3	4.9	11073
ENSG00000159714	ZDHHC1	6.1	12588
ENSG00000159720	ATP6V0D1	4.8	10931
ENSG00000159723	AGRP	11.7	16536
ENSG00000159733	ZFYVE28	2.9	7932
ENSG00000159753	CARMIL2	10.6	16075
ENSG00000159761	C16orf86	0.0	1
ENSG00000159763	PIP	7.7	14204
ENSG00000159784	FAM131B	0.0	1
ENSG00000159788	RGS12	5.4	11736
ENSG00000159792	PSKH1	1.3	4364
ENSG00000159840	ZYX	5.8	12204
ENSG00000159842	ABR	6.5	13008
ENSG00000159871	LYPD5	0.0	1
ENSG00000159873	CCDC117	1.6	5463
ENSG00000159882	ZNF230	0.6	2927
ENSG00000159884	CCDC107	0.0	1
ENSG00000159885	ZNF222	0.6	2927
ENSG00000159899	NPR2	11.9	16616
ENSG00000159905	ZNF221	1.5	4687
ENSG00000159915	ZNF233	0.6	2927
ENSG00000159917	ZNF235	0.6	2927
ENSG00000159921	GNE	6.8	13329
ENSG00000159958	TNFRSF13C	2.0	6082
ENSG00000159961	OR3A3	1.6	5463
ENSG00000160007	ARHGAP35	12.4	16811
ENSG00000160013	PTGIR	7.3	13831
ENSG00000160014	CALM3	21.2	18378
ENSG00000160049	DFFA	4.7	10753
ENSG00000160050	CCDC28B	0.8	3045
ENSG00000160051	IQCC	0.0	1
ENSG00000160055	TMEM234	0.0	1
ENSG00000160058	BSDC1	0.0	1
ENSG00000160062	ZBTB8A	5.5	11839
ENSG00000160072	ATAD3B	0.5	1903
ENSG00000160075	SSU72	2.6	7291
ENSG00000160087	UBE2J2	6.0	12446
ENSG00000160094	ZNF362	1.5	4687
ENSG00000160097	FNDC5	1.5	4687
ENSG00000160111	CPAMD8	0.8	3045
ENSG00000160113	NR2F6	6.2	12686
ENSG00000160117	ANKLE1	9.7	15609
ENSG00000160124	MIX23	0.0	1
ENSG00000160131	VMA21	2.1	6380
ENSG00000160145	KALRN	9.6	15554
ENSG00000160161	CILP2	1.6	5463
ENSG00000160179	ABCG1	26.8	18735
ENSG00000160180	TFF3	1.3	4364
ENSG00000160181	TFF2	2.0	6082
ENSG00000160182	TFF1	1.4	4622
ENSG00000160183	TMPRSS3	4.3	10201
ENSG00000160185	UBASH3A	0.5	1903
ENSG00000160188	RSPH1	3.0	8111
ENSG00000160190	SLC37A1	5.6	11982
ENSG00000160191	PDE9A	7.5	14017
ENSG00000160193	WDR4	2.9	7932
ENSG00000160194	NDUFV3	6.0	12446
ENSG00000160199	PKNOX1	5.1	11329
ENSG00000160200	CBS	19.9	18258
ENSG00000160201	U2AF1	4.9	11073
ENSG00000160202	CRYAA	10.2	15862
ENSG00000160207	HSF2BP	3.8	9432
ENSG00000160208	RRP1B	6.5	13008
ENSG00000160209	PDXK	11.6	16500
ENSG00000160211	G6PD	17.3	17917
ENSG00000160213	CSTB	5.9	12348
ENSG00000160214	RRP1	1.5	4687
ENSG00000160216	AGPAT3	4.3	10201
ENSG00000160218	TRAPPC10	4.1	9897
ENSG00000160219	GAB3	1.0	3282
ENSG00000160221	GATD3	0.0	1
ENSG00000160223	ICOSLG	8.1	14536
ENSG00000160224	AIRE	15.9	17685
ENSG00000160226	CFAP410	0.5	1903
ENSG00000160229	ZNF66	1.5	4687
ENSG00000160233	LRRC3	0.0	1
ENSG00000160255	ITGB2	37.3	19070
ENSG00000160256	SLX9	0.0	1
ENSG00000160271	RALGDS	2.4	6954
ENSG00000160282	FTCD	5.0	11192
ENSG00000160284	SPATC1L	1.8	5759
ENSG00000160285	LSS	6.8	13329
ENSG00000160293	VAV2	11.3	16392
ENSG00000160294	MCM3AP	7.3	13831
ENSG00000160298	C21orf58	0.0	1
ENSG00000160299	PCNT	4.2	10017
ENSG00000160305	DIP2A	2.3	6711
ENSG00000160307	S100B	16.3	17761
ENSG00000160310	PRMT2	16.5	17798
ENSG00000160318	CLDND2	0.0	1
ENSG00000160321	ZNF208	1.6	5463
ENSG00000160323	ADAMTS13	12.6	16868
ENSG00000160325	CACFD1	0.5	1903
ENSG00000160326	SLC2A6	8.8	15033
ENSG00000160336	ZNF761	1.5	4687
ENSG00000160339	FCN2	14.6	17413
ENSG00000160345	PIERCE1	2.5	7104
ENSG00000160349	LCN1	4.2	10017
ENSG00000160352	ZNF714	1.5	4687
ENSG00000160360	GPSM1	4.7	10753
ENSG00000160392	C19orf47	0.0	1
ENSG00000160396	HIPK4	1.0	3282
ENSG00000160401	CFAP157	2.0	6082
ENSG00000160404	TOR2A	0.8	3045
ENSG00000160408	ST6GALNAC6	10.2	15862
ENSG00000160410	SHKBP1	1.8	5759
ENSG00000160439	RDH13	4.5	10501
ENSG00000160445	ZER1	2.2	6585
ENSG00000160446	ZDHHC12	5.7	12090
ENSG00000160447	PKN3	4.5	10501
ENSG00000160460	SPTBN4	11.3	16392
ENSG00000160469	BRSK1	20.1	18270
ENSG00000160471	COX6B2	0.0	1
ENSG00000160472	TMEM190	0.5	1903
ENSG00000160505	NLRP4	2.1	6380
ENSG00000160539	PLPP7	0.5	1903
ENSG00000160551	TAOK1	19.7	18240
ENSG00000160563	MED27	7.1	13639
ENSG00000160570	DEDD2	7.0	13559
ENSG00000160584	SIK3	6.3	12794
ENSG00000160588	MPZL3	0.0	1
ENSG00000160593	JAML	9.9	15713
ENSG00000160602	NEK8	3.6	9147
ENSG00000160606	TLCD1	5.2	11424
ENSG00000160613	PCSK7	4.1	9897
ENSG00000160633	SAFB	4.3	10201
ENSG00000160654	CD3G	14.7	17436
ENSG00000160678	S100A1	8.9	15105
ENSG00000160683	CXCR5	5.6	11982
ENSG00000160685	ZBTB7B	12.1	16689
ENSG00000160688	FLAD1	5.2	11424
ENSG00000160691	SHC1	17.8	17987
ENSG00000160695	VPS11	14.3	17326
ENSG00000160703	NLRX1	1.0	3282
ENSG00000160710	ADAR	15.8	17668
ENSG00000160712	IL6R	38.8	19090
ENSG00000160716	CHRNB2	33.4	18989
ENSG00000160741	CRTC2	3.0	8111
ENSG00000160746	ANO10	5.2	11424
ENSG00000160752	FDPS	3.9	9571
ENSG00000160753	RUSC1	1.3	4364
ENSG00000160767	ENTREP3	0.8	3045
ENSG00000160781	PAQR6	0.5	1903
ENSG00000160783	PMF1	5.3	11597
ENSG00000160785	SLC25A44	3.3	8619
ENSG00000160789	LMNA	17.1	17878
ENSG00000160791	CCR5	26.1	18687
ENSG00000160796	NBEAL2	1.3	4364
ENSG00000160799	CCDC12	0.0	1
ENSG00000160801	PTH1R	12.9	16951
ENSG00000160803	UBQLN4	8.2	14610
ENSG00000160808	MYL3	7.0	13559
ENSG00000160813	PPP1R35	2.8	7695
ENSG00000160818	GPATCH4	0.5	1903
ENSG00000160838	LRRC71	0.0	1
ENSG00000160856	FCRL3	9.5	15494
ENSG00000160862	AZGP1	5.4	11736
ENSG00000160867	FGFR4	23.6	18551
ENSG00000160868	CYP3A4	32.9	18979
ENSG00000160870	CYP3A7	11.6	16500
ENSG00000160877	NACC1	4.6	10655
ENSG00000160882	CYP11B1	17.0	17864
ENSG00000160883	HK3	8.1	14536
ENSG00000160886	LY6K	0.5	1903
ENSG00000160888	IER2	2.6	7291
ENSG00000160908	ZNF394	1.5	4687
ENSG00000160917	CPSF4	2.1	6380
ENSG00000160932	LY6E	3.2	8468
ENSG00000160948	VPS28	10.5	16025
ENSG00000160949	TONSL	6.6	13122
ENSG00000160951	PTGER1	6.3	12794
ENSG00000160953	PWWP3A	3.9	9571
ENSG00000160957	RECQL4	11.0	16257
ENSG00000160959	LRRC14	2.6	7291
ENSG00000160961	ZNF333	1.5	4687
ENSG00000160963	COL26A1	0.0	1
ENSG00000160972	PPP1R16A	1.0	3282
ENSG00000160973	FOXH1	23.2	18520
ENSG00000160991	ORAI2	3.4	8766
ENSG00000160993	ALKBH4	6.6	13122
ENSG00000160994	TEKTL1	0.5	1903
ENSG00000160999	SH2B2	4.4	10330
ENSG00000161010	MRNIP	7.4	13914
ENSG00000161011	SQSTM1	44.0	19151
ENSG00000161013	MGAT4B	5.3	11597
ENSG00000161016	RPL8	10.9	16206
ENSG00000161021	MAML1	8.4	14752
ENSG00000161031	PGLYRP2	8.9	15105
ENSG00000161036	LRWD1	6.4	12917
ENSG00000161040	FBXL13	2.9	7932
ENSG00000161048	NAPEPLD	8.4	14752
ENSG00000161055	SCGB3A1	2.3	6711
ENSG00000161057	PSMC2	8.0	14457
ENSG00000161082	CELF5	2.9	7932
ENSG00000161091	MFSD12	5.2	11424
ENSG00000161179	YDJC	1.0	3282
ENSG00000161180	CCDC116	0.0	1
ENSG00000161202	DVL3	19.8	18251
ENSG00000161203	AP2M1	14.3	17326
ENSG00000161204	ABCF3	1.0	3282
ENSG00000161217	PCYT1A	7.6	14102
ENSG00000161243	FBXO27	2.6	7291
ENSG00000161249	DMKN	0.5	1903
ENSG00000161265	U2AF1L4	1.0	3282
ENSG00000161267	BDH1	1.8	5759
ENSG00000161270	NPHS1	5.6	11982
ENSG00000161277	THAP8	0.0	1
ENSG00000161281	COX7A1	3.3	8619
ENSG00000161298	ZNF382	1.5	4687
ENSG00000161328	LRRC56	0.0	1
ENSG00000161381	PLXDC1	0.6	2927
ENSG00000161395	PGAP3	3.4	8766
ENSG00000161405	IKZF3	12.6	16868
ENSG00000161509	GRIN2C	12.6	16868
ENSG00000161526	SAP30BP	2.4	6954
ENSG00000161533	ACOX1	19.3	18188
ENSG00000161542	PRPSAP1	4.1	9897
ENSG00000161544	CYGB	10.5	16025
ENSG00000161547	SRSF2	3.9	9571
ENSG00000161551	ZNF577	1.5	4687
ENSG00000161558	TMEM143	0.0	1
ENSG00000161594	KLHL10	1.6	5463
ENSG00000161609	KASH5	3.5	8994
ENSG00000161610	HCRT	6.7	13235
ENSG00000161618	ALDH16A1	0.5	1903
ENSG00000161634	DCD	11.6	16500
ENSG00000161638	ITGA5	18.7	18104
ENSG00000161640	SIGLEC11	2.6	7291
ENSG00000161642	ZNF385A	7.9	14372
ENSG00000161643	SIGLEC16	2.6	7291
ENSG00000161647	MPP3	0.0	1
ENSG00000161649	CD300LG	1.0	3282
ENSG00000161652	IZUMO2	0.0	1
ENSG00000161653	NAGS	5.0	11192
ENSG00000161654	LSM12	0.0	1
ENSG00000161664	ASB16	0.0	1
ENSG00000161671	EMC10	5.3	11597
ENSG00000161677	JOSD2	3.9	9571
ENSG00000161681	SHANK1	14.7	17436
ENSG00000161682	FAM171A2	0.0	1
ENSG00000161692	DBF4B	5.5	11839
ENSG00000161714	PLCD3	0.5	1903
ENSG00000161791	FMNL3	4.9	11073
ENSG00000161798	AQP5	7.9	14372
ENSG00000161800	RACGAP1	21.0	18359
ENSG00000161807	OR7G1	1.0	3282
ENSG00000161813	LARP4	4.7	10753
ENSG00000161835	TAMALIN	0.5	1903
ENSG00000161847	RAVER1	1.0	3282
ENSG00000161849	KRT84	3.3	8619
ENSG00000161850	KRT82	2.1	6380
ENSG00000161860	SYCE2	2.4	6954
ENSG00000161888	SPC24	3.0	8111
ENSG00000161896	IP6K3	10.9	16206
ENSG00000161904	LEMD2	2.9	7932
ENSG00000161905	ALOX15	25.2	18644
ENSG00000161911	TREML1	3.7	9268
ENSG00000161914	ZNF653	5.0	11192
ENSG00000161920	MED11	1.8	5759
ENSG00000161921	CXCL16	10.4	15985
ENSG00000161929	SCIMP	6.8	13329
ENSG00000161940	BCL6B	5.3	11597
ENSG00000161944	ASGR2	3.8	9432
ENSG00000161955	TNFSF13	6.0	12446
ENSG00000161956	SENP3	6.4	12917
ENSG00000161958	FGF11	4.6	10655
ENSG00000161960	EIF4A1	8.9	15105
ENSG00000161970	RPL26	17.0	17864
ENSG00000161973	CCDC42	1.0	3282
ENSG00000161980	POLR3K	5.0	11192
ENSG00000161981	SNRNP25	2.2	6585
ENSG00000161992	PRR35	0.0	1
ENSG00000161996	WDR90	2.4	6954
ENSG00000161999	JMJD8	3.7	9268
ENSG00000162004	CCDC78	1.6	5463
ENSG00000162006	MSLNL	0.5	1903
ENSG00000162009	SSTR5	6.9	13452
ENSG00000162032	SPSB3	5.0	11192
ENSG00000162039	MEIOB	6.0	12446
ENSG00000162040	HS3ST6	2.8	7695
ENSG00000162062	TEDC2	2.1	6380
ENSG00000162063	CCNF	7.0	13559
ENSG00000162065	TBC1D24	3.2	8468
ENSG00000162066	AMDHD2	6.9	13452
ENSG00000162068	NTN3	2.1	6380
ENSG00000162069	BICDL2	1.0	3282
ENSG00000162073	PAQR4	2.4	6954
ENSG00000162076	FLYWCH2	0.5	1903
ENSG00000162078	ZG16B	4.0	9765
ENSG00000162086	ZNF75A	2.3	6711
ENSG00000162104	ADCY9	9.2	15304
ENSG00000162105	SHANK2	9.4	15426
ENSG00000162129	CLPB	6.6	13122
ENSG00000162139	NEU3	9.4	15426
ENSG00000162144	CYB561A3	1.5	4687
ENSG00000162148	SAXO4	1.8	5759
ENSG00000162174	ASRGL1	6.0	12446
ENSG00000162188	GNG3	1.9	5985
ENSG00000162191	UBXN1	12.0	16648
ENSG00000162194	LBHD1	0.5	1903
ENSG00000162222	TTC9C	0.0	1
ENSG00000162227	TAF6L	7.9	14372
ENSG00000162231	NXF1	2.3	6711
ENSG00000162236	STX5	9.1	15239
ENSG00000162241	SLC25A45	1.3	4364
ENSG00000162244	RPL29	11.9	16616
ENSG00000162267	ITIH3	0.9	3235
ENSG00000162298	SYVN1	19.2	18173
ENSG00000162300	ZFPL1	1.8	5759
ENSG00000162302	RPS6KA4	11.0	16257
ENSG00000162337	LRP5	21.9	18434
ENSG00000162341	TPCN2	21.0	18359
ENSG00000162344	FGF19	12.4	16811
ENSG00000162365	CYP4A22	7.5	14017
ENSG00000162366	PDZK1IP1	0.8	3045
ENSG00000162367	TAL1	18.6	18090
ENSG00000162368	CMPK1	7.4	13914
ENSG00000162373	BEND5	1.3	4364
ENSG00000162374	ELAVL4	8.4	14752
ENSG00000162377	COA7	2.6	7291
ENSG00000162378	ZYG11B	2.2	6585
ENSG00000162383	SLC1A7	11.0	16257
ENSG00000162384	CZIB	1.3	4364
ENSG00000162385	MAGOH	9.4	15426
ENSG00000162390	ACOT11	6.2	12686
ENSG00000162391	FAM151A	0.0	1
ENSG00000162396	PARS2	1.0	3282
ENSG00000162398	CIMAP2	0.0	1
ENSG00000162399	BSND	3.1	8298
ENSG00000162402	USP24	2.8	7695
ENSG00000162407	PLPP3	19.2	18173
ENSG00000162408	NOL9	4.1	9897
ENSG00000162409	PRKAA2	26.2	18696
ENSG00000162413	KLHL21	5.6	11982
ENSG00000162415	ZSWIM5	0.0	1
ENSG00000162419	GMEB1	7.2	13747
ENSG00000162426	SLC45A1	3.6	9147
ENSG00000162430	SELENON	3.4	8766
ENSG00000162433	AK4	10.5	16025
ENSG00000162434	JAK1	36.1	19047
ENSG00000162437	RAVER2	1.0	3282
ENSG00000162438	CTRC	5.2	11424
ENSG00000162441	LZIC	0.0	1
ENSG00000162444	RBP7	1.0	3282
ENSG00000162456	KNCN	0.0	1
ENSG00000162458	FBLIM1	3.4	8766
ENSG00000162460	TMEM82	0.0	1
ENSG00000162461	SLC25A34	0.0	1
ENSG00000162482	AKR7A3	6.1	12588
ENSG00000162490	DRAXIN	5.8	12204
ENSG00000162493	PDPN	18.7	18104
ENSG00000162494	LRRC38	4.7	10753
ENSG00000162496	DHRS3	6.9	13452
ENSG00000162510	MATN1	2.4	6954
ENSG00000162511	LAPTM5	14.8	17461
ENSG00000162512	SDC3	1.3	4364
ENSG00000162517	PEF1	10.7	16120
ENSG00000162520	SYNC	0.5	1903
ENSG00000162521	RBBP4	17.4	17934
ENSG00000162522	NHSL3	0.5	1903
ENSG00000162526	TSSK3	4.3	10201
ENSG00000162542	TMCO4	0.0	1
ENSG00000162545	CAMK2N1	2.0	6082
ENSG00000162551	ALPL	9.5	15494
ENSG00000162552	WNT4	27.0	18747
ENSG00000162571	TTLL10	3.4	8766
ENSG00000162572	SCNN1D	7.2	13747
ENSG00000162576	MXRA8	1.0	3282
ENSG00000162585	FAAP20	6.4	12917
ENSG00000162591	MEGF6	0.5	1903
ENSG00000162592	CCDC27	0.0	1
ENSG00000162595	DIRAS3	4.6	10655
ENSG00000162598	C1orf87	0.0	1
ENSG00000162599	NFIA	7.0	13559
ENSG00000162600	OMA1	14.3	17326
ENSG00000162601	MYSM1	7.6	14102
ENSG00000162604	TM2D1	1.5	4687
ENSG00000162607	USP1	10.1	15809
ENSG00000162613	FUBP1	4.1	9897
ENSG00000162614	NEXN	5.2	11424
ENSG00000162616	DNAJB4	6.3	12794
ENSG00000162618	ADGRL4	2.8	7695
ENSG00000162620	LRRIQ3	0.0	1
ENSG00000162621	LRRC53	0.0	1
ENSG00000162624	LHX8	3.8	9432
ENSG00000162627	SNX7	4.1	9897
ENSG00000162630	B3GALT2	5.3	11597
ENSG00000162631	NTNG1	5.4	11736
ENSG00000162636	EEIG2	0.0	1
ENSG00000162639	HENMT1	5.6	11982
ENSG00000162641	AKNAD1	0.0	1
ENSG00000162642	C1orf52	0.5	1903
ENSG00000162643	DNAI3	4.9	11073
ENSG00000162645	GBP2	13.7	17187
ENSG00000162650	ATXN7L2	0.0	1
ENSG00000162654	GBP4	4.9	11073
ENSG00000162664	ZNF326	5.0	11192
ENSG00000162669	HFM1	1.0	3282
ENSG00000162670	BRINP3	3.0	8111
ENSG00000162676	GFI1	11.1	16303
ENSG00000162687	KCNT2	5.5	11839
ENSG00000162688	AGL	4.0	9765
ENSG00000162692	VCAM1	17.2	17902
ENSG00000162694	EXTL2	3.2	8468
ENSG00000162695	SLC30A7	3.9	9571
ENSG00000162702	ZNF281	13.1	17014
ENSG00000162704	ARPC5	6.5	13008
ENSG00000162706	CADM3	1.5	4687
ENSG00000162711	NLRP3	35.0	19028
ENSG00000162714	ZNF496	2.5	7104
ENSG00000162722	TRIM58	1.5	4687
ENSG00000162723	SLAMF9	1.0	3282
ENSG00000162727	OR2M5	1.0	3282
ENSG00000162728	KCNJ9	1.0	3282
ENSG00000162729	IGSF8	4.0	9765
ENSG00000162733	DDR2	19.4	18201
ENSG00000162734	PEA15	2.1	6380
ENSG00000162735	PEX19	12.0	16648
ENSG00000162736	NCSTN	19.2	18173
ENSG00000162738	VANGL2	5.5	11839
ENSG00000162739	SLAMF6	5.0	11192
ENSG00000162745	OLFML2B	0.5	1903
ENSG00000162746	FCRLB	1.5	4687
ENSG00000162747	FCGR3B	3.2	8468
ENSG00000162753	SLC9C2	2.5	7104
ENSG00000162755	KLHDC9	1.3	4364
ENSG00000162757	C1orf74	0.0	1
ENSG00000162761	LMX1A	7.1	13639
ENSG00000162763	LRRC52	5.5	11839
ENSG00000162769	FLVCR1	14.8	17461
ENSG00000162771	GARIN4	0.8	3045
ENSG00000162772	ATF3	16.8	17833
ENSG00000162775	RBM15	7.6	14102
ENSG00000162777	DENND2D	0.8	3045
ENSG00000162779	AXDND1	1.0	3282
ENSG00000162782	TDRD5	1.5	4687
ENSG00000162783	IER5	4.8	10931
ENSG00000162804	SNED1	0.5	1903
ENSG00000162813	BPNT1	4.1	9897
ENSG00000162814	SPATA17	0.0	1
ENSG00000162817	C1orf115	0.8	3045
ENSG00000162819	BROX	0.8	3045
ENSG00000162825	NBPF20	0.0	1
ENSG00000162836	ACP6	5.2	11424
ENSG00000162843	WDR64	0.0	1
ENSG00000162849	KIF26B	1.0	3282
ENSG00000162851	TFB2M	4.9	11073
ENSG00000162852	CNST	3.1	8298
ENSG00000162869	PPP1R21	4.6	10655
ENSG00000162873	KLHDC8A	0.0	1
ENSG00000162877	PM20D1	5.8	12204
ENSG00000162878	PKDCC	6.9	13452
ENSG00000162881	OXER1	5.0	11192
ENSG00000162882	HAAO	8.3	14683
ENSG00000162885	B3GALNT2	5.2	11424
ENSG00000162889	MAPKAPK2	21.9	18434
ENSG00000162894	FCMR	7.2	13747
ENSG00000162896	PIGR	7.1	13639
ENSG00000162897	FCAMR	1.0	3282
ENSG00000162909	CAPN2	9.8	15662
ENSG00000162910	MRPL55	2.6	7291
ENSG00000162923	WDR26	1.1	4265
ENSG00000162924	REL	10.5	16025
ENSG00000162927	PUS10	6.6	13122
ENSG00000162928	PEX13	9.0	15175
ENSG00000162929	SANBR	1.5	4687
ENSG00000162931	TRIM17	5.5	11839
ENSG00000162944	RFTN2	0.0	1
ENSG00000162946	DISC1	6.8	13329
ENSG00000162949	CAPN13	1.0	3282
ENSG00000162951	LRRTM1	1.0	3282
ENSG00000162959	MEMO1	0.8	3045
ENSG00000162961	DPY30	3.2	8468
ENSG00000162971	TYW5	5.5	11839
ENSG00000162972	MAIP1	3.4	8766
ENSG00000162975	KCNF1	4.3	10201
ENSG00000162976	SLC66A3	0.0	1
ENSG00000162980	ARL5A	2.8	7695
ENSG00000162981	LRATD1	2.6	7291
ENSG00000162989	KCNJ3	11.3	16392
ENSG00000162992	NEUROD1	22.8	18490
ENSG00000162994	CLHC1	0.0	1
ENSG00000162997	PRORSD1P	0.0	1
ENSG00000162998	FRZB	9.4	15426
ENSG00000162999	DUSP19	5.3	11597
ENSG00000163001	CFAP36	0.0	1
ENSG00000163002	NUP35	2.6	7291
ENSG00000163006	CCDC138	0.0	1
ENSG00000163012	ZSWIM2	0.0	1
ENSG00000163013	FBXO41	0.6	2927
ENSG00000163017	ACTG2	1.5	4687
ENSG00000163026	WDCP	2.1	6380
ENSG00000163029	SMC6	9.5	15494
ENSG00000163032	VSNL1	1.0	3282
ENSG00000163040	CCDC74A	0.0	1
ENSG00000163046	ANKRD30BL	0.0	1
ENSG00000163050	COQ8A	6.6	13122
ENSG00000163053	SLC16A14	1.0	3282
ENSG00000163060	TEKT4	1.5	4687
ENSG00000163064	EN1	8.4	14752
ENSG00000163069	SGCB	1.5	4687
ENSG00000163071	SPATA18	5.8	12204
ENSG00000163072	NOSTRIN	0.5	1903
ENSG00000163075	CFAP221	2.3	6711
ENSG00000163082	SGPP2	6.2	12686
ENSG00000163083	INHBB	13.1	17014
ENSG00000163092	XIRP2	2.3	6711
ENSG00000163093	BBS5	5.5	11839
ENSG00000163098	BIRC8	3.0	8111
ENSG00000163104	SMARCAD1	9.4	15426
ENSG00000163106	HPGDS	7.4	13914
ENSG00000163110	PDLIM5	6.0	12446
ENSG00000163114	PDHA2	4.5	10501
ENSG00000163116	STPG2	0.0	1
ENSG00000163121	NEURL3	2.6	7291
ENSG00000163125	RPRD2	1.0	3282
ENSG00000163126	ANKRD23	1.8	5759
ENSG00000163131	CTSS	23.5	18543
ENSG00000163132	MSX1	16.6	17809
ENSG00000163138	PACRGL	0.0	1
ENSG00000163141	BNIPL	3.7	9268
ENSG00000163145	C1QTNF7	0.0	1
ENSG00000163154	TIPE2	1.5	4687
ENSG00000163155	LYSMD1	0.0	1
ENSG00000163156	SCNM1	3.0	8111
ENSG00000163157	TMOD4	3.8	9432
ENSG00000163159	VPS72	8.9	15105
ENSG00000163161	ERCC3	21.9	18434
ENSG00000163162	RNF149	1.0	3282
ENSG00000163166	IWS1	3.7	9268
ENSG00000163170	BOLA3	2.3	6711
ENSG00000163171	CDC42EP3	4.3	10201
ENSG00000163191	S100A11	7.9	14372
ENSG00000163206	SMCP	1.0	3282
ENSG00000163214	DHX57	1.5	4687
ENSG00000163217	BMP10	18.5	18079
ENSG00000163218	PGLYRP4	8.2	14610
ENSG00000163219	ARHGAP25	4.4	10330
ENSG00000163220	S100A9	23.9	18573
ENSG00000163221	S100A12	21.1	18366
ENSG00000163235	TGFA	9.8	15662
ENSG00000163249	CCNYL1	2.0	6082
ENSG00000163251	FZD5	24.3	18596
ENSG00000163254	CRYGC	2.9	7932
ENSG00000163257	DCAF16	0.6	2927
ENSG00000163263	CFAP141	0.5	1903
ENSG00000163273	NPPC	9.4	15426
ENSG00000163281	GNPDA2	4.1	9897
ENSG00000163283	ALPP	2.9	7932
ENSG00000163285	GABRG1	4.0	9765
ENSG00000163286	ALPG	1.9	5985
ENSG00000163288	GABRB1	12.3	16779
ENSG00000163291	PAQR3	9.2	15304
ENSG00000163293	NIPAL1	0.5	1903
ENSG00000163295	ALPI	3.9	9571
ENSG00000163297	ANTXR2	0.5	1903
ENSG00000163312	HELQ	6.0	12446
ENSG00000163319	MRPS18C	2.8	7695
ENSG00000163320	CGGBP1	4.5	10501
ENSG00000163322	ABRAXAS1	7.2	13747
ENSG00000163328	GPR155	4.5	10501
ENSG00000163331	DAPL1	4.5	10501
ENSG00000163344	PMVK	7.3	13831
ENSG00000163346	PBXIP1	4.2	10017
ENSG00000163347	CLDN1	10.8	16162
ENSG00000163348	PYGO2	0.0	1
ENSG00000163349	HIPK1	6.7	13235
ENSG00000163352	LENEP	1.8	5759
ENSG00000163354	DCST2	1.0	3282
ENSG00000163357	DCST1	3.4	8766
ENSG00000163359	COL6A3	2.0	6082
ENSG00000163362	INAVA	13.5	17136
ENSG00000163374	YY1AP1	3.2	8468
ENSG00000163376	KBTBD8	4.0	9765
ENSG00000163377	TAFA4	4.0	9765
ENSG00000163378	EOGT	1.5	4687
ENSG00000163380	LMOD3	7.3	13831
ENSG00000163382	NAXE	4.5	10501
ENSG00000163389	POGLUT1	9.7	15609
ENSG00000163393	SLC22A15	0.8	3045
ENSG00000163394	CCKAR	6.2	12686
ENSG00000163395	IGFN1	0.0	1
ENSG00000163399	ATP1A1	24.5	18612
ENSG00000163406	SLC15A2	9.8	15662
ENSG00000163412	EIF4E3	1.5	4687
ENSG00000163421	PROK2	9.2	15304
ENSG00000163424	TEX55	0.0	1
ENSG00000163428	LRRC58	2.1	6380
ENSG00000163430	FSTL1	3.4	8766
ENSG00000163431	LMOD1	3.6	9147
ENSG00000163435	ELF3	7.4	13914
ENSG00000163440	PDCL2	1.5	4687
ENSG00000163444	TMEM183A	0.0	1
ENSG00000163449	TMEM169	0.0	1
ENSG00000163453	IGFBP7	5.4	11736
ENSG00000163462	TRIM46	3.5	8994
ENSG00000163463	KRTCAP2	4.3	10201
ENSG00000163464	CXCR1	13.4	17108
ENSG00000163466	ARPC2	6.0	12446
ENSG00000163467	TSACC	1.3	4364
ENSG00000163468	CCT3	8.3	14683
ENSG00000163472	TMEM79	3.3	8619
ENSG00000163479	SSR2	1.5	4687
ENSG00000163481	RNF25	7.3	13831
ENSG00000163482	STK36	8.3	14683
ENSG00000163485	ADORA1	8.7	14962
ENSG00000163491	NEK10	6.6	13122
ENSG00000163492	CCDC141	1.0	3282
ENSG00000163497	FEV	2.8	7695
ENSG00000163499	CRYBA2	1.5	4687
ENSG00000163501	IHH	15.7	17645
ENSG00000163507	CIP2A	4.5	10501
ENSG00000163508	EOMES	11.5	16473
ENSG00000163510	CWC22	5.2	11424
ENSG00000163512	AZI2	1.2	4328
ENSG00000163513	TGFBR2	44.6	19161
ENSG00000163515	RETNLB	0.8	3045
ENSG00000163516	ANKZF1	6.3	12794
ENSG00000163517	HDAC11	3.6	9147
ENSG00000163518	FCRL4	1.5	4687
ENSG00000163519	TRAT1	6.9	13452
ENSG00000163520	FBLN2	5.0	11192
ENSG00000163521	GLB1L	1.0	3282
ENSG00000163527	STT3B	9.2	15304
ENSG00000163528	CHCHD4	4.7	10753
ENSG00000163530	DPPA2	1.0	3282
ENSG00000163531	NFASC	3.0	8111
ENSG00000163534	FCRL1	3.1	8298
ENSG00000163535	SGO2	1.5	4687
ENSG00000163536	SERPINI1	3.6	9147
ENSG00000163539	CLASP2	25.4	18652
ENSG00000163541	SUCLG1	6.4	12917
ENSG00000163545	NUAK2	9.0	15175
ENSG00000163554	SPTA1	4.9	11073
ENSG00000163558	PRKCI	23.6	18551
ENSG00000163563	MNDA	5.6	11982
ENSG00000163564	PYHIN1	9.5	15494
ENSG00000163565	IFI16	21.1	18366
ENSG00000163568	AIM2	17.9	18004
ENSG00000163576	EFHB	5.2	11424
ENSG00000163577	EIF5A2	1.6	5463
ENSG00000163581	SLC2A2	11.0	16257
ENSG00000163584	RPL22L1	1.5	4687
ENSG00000163586	FABP1	9.5	15494
ENSG00000163590	PPM1L	2.8	7695
ENSG00000163596	ICA1L	1.5	4687
ENSG00000163599	CTLA4	8.8	15033
ENSG00000163600	ICOS	3.7	9268
ENSG00000163602	RYBP	8.2	14610
ENSG00000163605	PPP4R2	4.6	10655
ENSG00000163606	CD200R1	7.1	13639
ENSG00000163607	GTPBP8	0.0	1
ENSG00000163608	RMP64	2.9	7932
ENSG00000163611	SPICE1	3.9	9571
ENSG00000163617	CCDC191	0.0	1
ENSG00000163618	CADPS	2.4	6954
ENSG00000163623	NKX6-1	7.9	14372
ENSG00000163624	CDS1	7.0	13559
ENSG00000163625	WDFY3	2.1	6380
ENSG00000163626	COX18	8.0	14457
ENSG00000163629	PTPN13	7.6	14102
ENSG00000163630	SYNPR	0.0	1
ENSG00000163631	ALB	16.7	17821
ENSG00000163632	C3orf49	0.0	1
ENSG00000163633	C4orf36	0.0	1
ENSG00000163634	THOC7	1.9	5985
ENSG00000163635	ATXN7	6.0	12446
ENSG00000163636	PSMD6	3.5	8994
ENSG00000163637	PRICKLE2	1.6	5463
ENSG00000163638	ADAMTS9	7.5	14017
ENSG00000163644	PPM1K	4.3	10201
ENSG00000163645	ERICH6	0.0	1
ENSG00000163646	CLRN1	6.6	13122
ENSG00000163655	GMPS	6.9	13452
ENSG00000163659	TIPARP	6.3	12794
ENSG00000163660	CCNL1	4.7	10753
ENSG00000163661	PTX3	8.0	14457
ENSG00000163666	HESX1	11.5	16473
ENSG00000163673	DCLK3	0.5	1903
ENSG00000163681	SLMAP	5.9	12348
ENSG00000163682	RPL9	9.1	15239
ENSG00000163683	SMIM14	0.0	1
ENSG00000163684	RPP14	4.0	9765
ENSG00000163686	ABHD6	5.9	12348
ENSG00000163687	DNASE1L3	7.9	14372
ENSG00000163689	CFAP20DC	0.0	1
ENSG00000163694	RBM47	7.4	13914
ENSG00000163697	APBB2	6.0	12446
ENSG00000163701	IL17RE	1.7	5664
ENSG00000163702	IL17RC	4.7	10753
ENSG00000163703	CRELD1	2.4	6954
ENSG00000163704	PRRT3	0.0	1
ENSG00000163705	FANCD2OS	0.5	1903
ENSG00000163710	PCOLCE2	3.4	8766
ENSG00000163714	U2SURP	1.0	3282
ENSG00000163719	MTMR14	6.6	13122
ENSG00000163728	TTC14	0.0	1
ENSG00000163734	CXCL3	2.6	7291
ENSG00000163735	CXCL5	8.3	14683
ENSG00000163736	PPBP	6.4	12917
ENSG00000163737	PF4	23.1	18512
ENSG00000163738	MTHFD2L	6.2	12686
ENSG00000163739	CXCL1	12.4	16811
ENSG00000163743	RCHY1	12.3	16779
ENSG00000163746	PLSCR2	4.4	10330
ENSG00000163749	CCDC158	1.6	5463
ENSG00000163751	CPA3	3.4	8766
ENSG00000163754	GYG1	6.7	13235
ENSG00000163755	HPS3	1.7	5664
ENSG00000163762	TM4SF18	0.0	1
ENSG00000163781	TOPBP1	15.3	17571
ENSG00000163785	RYK	19.5	18215
ENSG00000163788	SNRK	4.6	10655
ENSG00000163792	TCF23	6.1	12588
ENSG00000163793	DNAJC5G	0.0	1
ENSG00000163794	UCN	3.1	8298
ENSG00000163795	ZNF513	3.9	9571
ENSG00000163798	SLC4A1AP	0.5	1903
ENSG00000163803	PLB1	5.6	11982
ENSG00000163806	SPDYA	6.0	12446
ENSG00000163807	KIAA1143	0.0	1
ENSG00000163808	KIF15	5.3	11597
ENSG00000163810	TGM4	1.6	5463
ENSG00000163811	WDR43	6.0	12446
ENSG00000163812	ZDHHC3	15.1	17529
ENSG00000163814	CDCP1	0.0	1
ENSG00000163815	CLEC3B	5.5	11839
ENSG00000163817	SLC6A20	20.2	18279
ENSG00000163818	LZTFL1	4.2	10017
ENSG00000163820	FYCO1	2.6	7291
ENSG00000163823	CCR1	29.6	18860
ENSG00000163825	RTP3	3.6	9147
ENSG00000163827	LRRC2	0.5	1903
ENSG00000163832	ELP6	1.7	5664
ENSG00000163833	FBXO40	1.1	4265
ENSG00000163840	DTX3L	22.3	18461
ENSG00000163848	ZNF148	8.5	14830
ENSG00000163864	NMNAT3	4.1	9897
ENSG00000163866	SMIM12	0.0	1
ENSG00000163867	ZMYM6	0.9	3235
ENSG00000163870	TPRA1	2.8	7695
ENSG00000163872	YEATS2	10.8	16162
ENSG00000163873	GRIK3	10.6	16075
ENSG00000163874	ZC3H12A	48.6	19183
ENSG00000163875	MEAF6	11.8	16572
ENSG00000163877	SNIP1	4.9	11073
ENSG00000163879	DNALI1	1.3	4364
ENSG00000163882	POLR2H	8.7	14962
ENSG00000163884	KLF15	7.8	14288
ENSG00000163885	CFAP100	1.5	4687
ENSG00000163888	CAMK2N2	1.0	3282
ENSG00000163898	LIPH	5.2	11424
ENSG00000163900	TMEM41A	0.0	1
ENSG00000163902	RPN1	3.6	9147
ENSG00000163904	SENP2	8.6	14895
ENSG00000163909	HEYL	18.1	18029
ENSG00000163913	IFT122	12.9	16951
ENSG00000163914	RHO	10.2	15862
ENSG00000163918	RFC4	6.8	13329
ENSG00000163923	RPL39L	3.9	9571
ENSG00000163930	BAP1	12.6	16868
ENSG00000163931	TKT	6.9	13452
ENSG00000163932	PRKCD	39.4	19099
ENSG00000163933	RFT1	5.4	11736
ENSG00000163935	SFMBT1	5.6	11982
ENSG00000163938	GNL3	7.1	13639
ENSG00000163939	PBRM1	10.7	16120
ENSG00000163945	UVSSA	7.9	14372
ENSG00000163946	TASOR	8.4	14752
ENSG00000163947	ARHGEF3	3.2	8468
ENSG00000163950	SLBP	7.2	13747
ENSG00000163956	LRPAP1	16.4	17788
ENSG00000163958	ZDHHC19	3.4	8766
ENSG00000163959	SLC51A	3.3	8619
ENSG00000163960	UBXN7	4.0	9765
ENSG00000163961	RNF168	21.3	18383
ENSG00000163964	PIGX	0.0	1
ENSG00000163975	MELTF	7.0	13559
ENSG00000163982	OTOP1	5.6	11982
ENSG00000163993	S100P	6.2	12686
ENSG00000163995	ABLIM2	1.0	3282
ENSG00000164002	EXO5	4.3	10201
ENSG00000164007	CLDN19	14.1	17268
ENSG00000164008	C1orf50	0.8	3045
ENSG00000164010	ERMAP	1.5	4687
ENSG00000164011	ZNF691	1.5	4687
ENSG00000164022	AIMP1	6.4	12917
ENSG00000164023	SGMS2	7.0	13559
ENSG00000164024	METAP1	5.3	11597
ENSG00000164031	DNAJB14	3.9	9571
ENSG00000164032	H2AZ1	6.4	12917
ENSG00000164035	EMCN	0.0	1
ENSG00000164037	SLC9B1	2.8	7695
ENSG00000164038	SLC9B2	8.3	14683
ENSG00000164039	BDH2	5.7	12090
ENSG00000164040	PGRMC2	3.4	8766
ENSG00000164045	CDC25A	13.0	16985
ENSG00000164047	CAMP	19.4	18201
ENSG00000164048	ZNF589	4.7	10753
ENSG00000164049	FBXW12	0.6	2927
ENSG00000164050	PLXNB1	17.0	17864
ENSG00000164051	CCDC51	3.2	8468
ENSG00000164053	ATRIP	3.4	8766
ENSG00000164054	SHISA5	6.1	12588
ENSG00000164056	SPRY1	5.8	12204
ENSG00000164061	BSN	3.4	8766
ENSG00000164062	APEH	6.8	13329
ENSG00000164066	INTU	8.3	14683
ENSG00000164068	RNF123	5.4	11736
ENSG00000164070	HSPA4L	3.4	8766
ENSG00000164073	MFSD8	4.4	10330
ENSG00000164074	ABHD18	0.0	1
ENSG00000164076	CAMKV	1.5	4687
ENSG00000164077	MON1A	1.3	4364
ENSG00000164078	MST1R	10.2	15862
ENSG00000164080	RAD54L2	4.7	10753
ENSG00000164081	TEX264	5.0	11192
ENSG00000164082	GRM2	7.7	14204
ENSG00000164086	DUSP7	8.0	14457
ENSG00000164087	POC1A	0.5	1903
ENSG00000164088	PPM1M	1.5	4687
ENSG00000164089	ETNPPL	1.3	4364
ENSG00000164091	WDR82	5.3	11597
ENSG00000164093	PITX2	24.0	18583
ENSG00000164096	ARLN	0.0	1
ENSG00000164099	PRSS12	2.4	6954
ENSG00000164100	NDST3	3.9	9571
ENSG00000164104	HMGB2	24.4	18605
ENSG00000164105	SAP30	5.6	11982
ENSG00000164106	SCRG1	0.9	3235
ENSG00000164107	HAND2	20.9	18348
ENSG00000164109	MAD2L1	7.5	14017
ENSG00000164111	ANXA5	5.4	11736
ENSG00000164113	ADAD1	2.5	7104
ENSG00000164114	MAP9	5.5	11839
ENSG00000164116	GUCY1A1	7.5	14017
ENSG00000164117	FBXO8	2.2	6585
ENSG00000164118	CEP44	4.2	10017
ENSG00000164120	HPGD	14.9	17482
ENSG00000164122	ASB5	1.0	3282
ENSG00000164123	SPMIP2	0.0	1
ENSG00000164124	TMEM144	0.0	1
ENSG00000164125	GASK1B	0.0	1
ENSG00000164128	NPY1R	6.6	13122
ENSG00000164129	NPY5R	5.4	11736
ENSG00000164134	NAA15	4.2	10017
ENSG00000164136	IL15	17.4	17934
ENSG00000164142	FHIP1A	1.4	4622
ENSG00000164144	ARFIP1	4.7	10753
ENSG00000164151	ICE1	6.9	13452
ENSG00000164161	HHIP	3.4	8766
ENSG00000164162	ANAPC10	5.5	11839
ENSG00000164163	ABCE1	11.5	16473
ENSG00000164164	OTUD4	11.3	16392
ENSG00000164167	LSM6	7.7	14204
ENSG00000164168	TMEM184C	0.5	1903
ENSG00000164169	PRMT9	5.2	11424
ENSG00000164171	ITGA2	18.0	18016
ENSG00000164172	MOCS2	3.4	8766
ENSG00000164175	SLC45A2	6.1	12588
ENSG00000164176	EDIL3	2.0	6082
ENSG00000164180	TMEM161B	1.0	3282
ENSG00000164181	ELOVL7	8.0	14457
ENSG00000164182	NDUFAF2	2.9	7932
ENSG00000164185	ZNF474	0.0	1
ENSG00000164187	LMBRD2	1.3	4364
ENSG00000164188	RANBP3L	2.8	7695
ENSG00000164190	NIPBL	30.2	18888
ENSG00000164197	RNF180	2.5	7104
ENSG00000164199	ADGRV1	17.6	17959
ENSG00000164209	SLC25A46	6.6	13122
ENSG00000164211	STARD4	9.7	15609
ENSG00000164219	PGGT1B	4.9	11073
ENSG00000164220	F2RL2	6.4	12917
ENSG00000164221	CCDC112	0.0	1
ENSG00000164236	ANKRD33B	0.0	1
ENSG00000164237	CMBL	2.6	7291
ENSG00000164241	C5orf63	0.0	1
ENSG00000164244	PRRC1	1.0	3282
ENSG00000164251	F2RL1	47.0	19175
ENSG00000164252	AGGF1	4.6	10655
ENSG00000164253	WDR41	4.2	10017
ENSG00000164256	PRDM9	12.9	16951
ENSG00000164258	NDUFS4	7.6	14102
ENSG00000164265	SCGB3A2	0.0	1
ENSG00000164266	SPINK1	0.9	3235
ENSG00000164270	HTR4	12.0	16648
ENSG00000164283	ESM1	7.3	13831
ENSG00000164284	GRPEL2	2.1	6380
ENSG00000164287	CDC20B	2.8	7695
ENSG00000164291	ARSK	3.5	8994
ENSG00000164292	RHOBTB3	5.6	11982
ENSG00000164294	GPX8	2.7	7600
ENSG00000164296	TIGD6	0.5	1903
ENSG00000164299	SPZ1	0.0	1
ENSG00000164300	SERINC5	4.6	10655
ENSG00000164303	ENPP6	6.4	12917
ENSG00000164304	CAGE1	0.0	1
ENSG00000164305	CASP3	30.3	18893
ENSG00000164306	PRIMPOL	14.5	17382
ENSG00000164307	ERAP1	14.4	17358
ENSG00000164308	ERAP2	8.3	14683
ENSG00000164309	CMYA5	0.0	1
ENSG00000164318	EGFLAM	1.5	4687
ENSG00000164323	CFAP97	0.0	1
ENSG00000164325	TMEM174	0.5	1903
ENSG00000164326	CARTPT	11.6	16500
ENSG00000164327	RICTOR	16.9	17853
ENSG00000164329	TENT2	4.2	10017
ENSG00000164330	EBF1	2.0	6082
ENSG00000164331	ANKRA2	5.3	11597
ENSG00000164334	FAM170A	3.1	8298
ENSG00000164338	UTP15	4.5	10501
ENSG00000164342	TLR3	30.0	18881
ENSG00000164344	KLKB1	9.1	15239
ENSG00000164346	NSA2	1.5	4687
ENSG00000164347	GFM2	7.2	13747
ENSG00000164362	TERT	35.8	19042
ENSG00000164363	SLC6A18	2.1	6380
ENSG00000164366	CCDC127	0.8	3045
ENSG00000164379	FOXQ1	3.8	9432
ENSG00000164393	ADGRF2P	2.8	7695
ENSG00000164398	ACSL6	10.3	15915
ENSG00000164400	CSF2	14.7	17436
ENSG00000164402	SEPTIN8	4.1	9897
ENSG00000164403	SHROOM1	3.5	8994
ENSG00000164404	GDF9	6.1	12588
ENSG00000164405	UQCRQ	1.7	5664
ENSG00000164406	LEAP2	1.6	5463
ENSG00000164411	GJB7	2.6	7291
ENSG00000164414	SLC35A1	8.7	14962
ENSG00000164418	GRIK2	12.2	16737
ENSG00000164430	CGAS	27.2	18754
ENSG00000164434	FABP7	5.5	11839
ENSG00000164438	TLX3	2.8	7695
ENSG00000164440	TXLNB	0.0	1
ENSG00000164442	CITED2	31.2	18921
ENSG00000164451	CALHM4	0.5	1903
ENSG00000164458	TBXT	15.2	17552
ENSG00000164463	CREBRF	7.1	13639
ENSG00000164465	DCBLD1	0.5	1903
ENSG00000164466	SFXN1	5.8	12204
ENSG00000164483	SAMD3	0.0	1
ENSG00000164484	TMEM200A	0.0	1
ENSG00000164485	IL22RA2	3.2	8468
ENSG00000164488	DACT2	5.5	11839
ENSG00000164494	PDSS2	4.4	10330
ENSG00000164500	SPMIP7	1.0	3282
ENSG00000164506	STXBP5	4.4	10330
ENSG00000164508	H2AC1	1.0	3282
ENSG00000164512	ANKRD55	0.0	1
ENSG00000164520	RAET1E	5.4	11736
ENSG00000164530	PI16	0.0	1
ENSG00000164532	TBX20	20.9	18348
ENSG00000164535	DAGLB	7.4	13914
ENSG00000164542	MATCAP2	0.0	1
ENSG00000164543	STK17A	7.1	13639
ENSG00000164548	TRA2A	2.3	6711
ENSG00000164556	CFAP144P1	0.0	1
ENSG00000164574	GALNT10	5.2	11424
ENSG00000164576	SAP30L	11.2	16350
ENSG00000164587	RPS14	10.4	15985
ENSG00000164588	HCN1	16.3	17761
ENSG00000164591	MYOZ3	1.5	4687
ENSG00000164597	COG5	3.5	8994
ENSG00000164600	NEUROD6	3.0	8111
ENSG00000164603	SAMTOR	4.8	10931
ENSG00000164604	GPR85	2.3	6711
ENSG00000164609	SLU7	9.0	15175
ENSG00000164610	RP9	2.2	6585
ENSG00000164611	PTTG1	3.3	8619
ENSG00000164615	CAMLG	9.0	15175
ENSG00000164616	FBXL21P	4.4	10330
ENSG00000164619	BMPER	6.3	12794
ENSG00000164620	RELL2	1.8	5759
ENSG00000164626	KCNK5	6.2	12686
ENSG00000164627	KIF6	2.0	6082
ENSG00000164631	ZNF12	3.1	8298
ENSG00000164638	SLC29A4	26.6	18721
ENSG00000164645	TEX47	0.0	1
ENSG00000164647	STEAP1	1.6	5463
ENSG00000164649	CDCA7L	0.8	3045
ENSG00000164651	SP8	2.8	7695
ENSG00000164654	MIOS	6.4	12917
ENSG00000164659	ELAPOR2	2.5	7104
ENSG00000164663	USP49	7.4	13914
ENSG00000164674	SYTL3	1.0	3282
ENSG00000164675	IQUB	4.2	10017
ENSG00000164683	HEY1	25.0	18634
ENSG00000164684	ZNF704	2.3	6711
ENSG00000164687	FABP5	11.4	16433
ENSG00000164690	SHH	52.1	19204
ENSG00000164691	TAGAP	2.3	6711
ENSG00000164692	COL1A2	13.7	17187
ENSG00000164694	FNDC1	0.0	1
ENSG00000164695	CHMP4C	21.8	18425
ENSG00000164707	SLC13A4	4.5	10501
ENSG00000164708	PGAM2	6.8	13329
ENSG00000164713	BRI3	0.8	3045
ENSG00000164715	LMTK2	10.4	15985
ENSG00000164729	SLC35G3	0.0	1
ENSG00000164733	CTSB	11.7	16536
ENSG00000164736	SOX17	25.7	18667
ENSG00000164741	DLC1	15.1	17529
ENSG00000164742	ADCY1	9.7	15609
ENSG00000164743	C8orf48	0.0	1
ENSG00000164744	SUN3	0.5	1903
ENSG00000164746	C7orf57	0.0	1
ENSG00000164749	HNF4G	6.7	13235
ENSG00000164751	PEX2	14.5	17382
ENSG00000164754	RAD21	7.8	14288
ENSG00000164756	SLC30A8	13.5	17136
ENSG00000164758	MED30	8.0	14457
ENSG00000164761	TNFRSF11B	3.6	9147
ENSG00000164764	SBSPON	0.6	2927
ENSG00000164776	PHKG1	4.6	10655
ENSG00000164778	EN2	6.3	12794
ENSG00000164794	KCNV1	4.2	10017
ENSG00000164796	CSMD3	0.5	1903
ENSG00000164808	SPIDR	8.8	15033
ENSG00000164815	ORC5	5.9	12348
ENSG00000164816	DEFA5	14.1	17268
ENSG00000164818	DNAAF5	5.2	11424
ENSG00000164821	DEFA4	13.3	17085
ENSG00000164822	DEFA6	6.1	12588
ENSG00000164823	OSGIN2	1.0	3282
ENSG00000164825	DEFB1	16.7	17821
ENSG00000164828	SUN1	2.9	7932
ENSG00000164830	OXR1	1.1	4265
ENSG00000164841	TMEM74	0.8	3045
ENSG00000164849	GPR146	2.4	6954
ENSG00000164850	GPER1	41.9	19134
ENSG00000164853	UNCX	2.3	6711
ENSG00000164855	TMEM184A	1.0	3282
ENSG00000164867	NOS3	36.8	19055
ENSG00000164871	SPAG11B	2.5	7104
ENSG00000164877	MICALL2	6.8	13329
ENSG00000164879	CA3	2.2	6585
ENSG00000164880	INTS1	4.1	9897
ENSG00000164885	CDK5	34.8	19020
ENSG00000164889	SLC4A2	11.0	16257
ENSG00000164893	SLC7A13	1.0	3282
ENSG00000164896	FASTK	5.6	11982
ENSG00000164897	TMUB1	1.3	4364
ENSG00000164898	FMC1	0.8	3045
ENSG00000164900	GBX1	2.5	7104
ENSG00000164902	PHAX	3.0	8111
ENSG00000164904	ALDH7A1	17.3	17917
ENSG00000164916	FOXK1	11.6	16500
ENSG00000164920	OSR2	18.3	18062
ENSG00000164924	YWHAZ	20.6	18319
ENSG00000164929	BAALC	0.0	1
ENSG00000164930	FZD6	9.8	15662
ENSG00000164933	SLC25A32	4.4	10330
ENSG00000164934	DCAF13	8.6	14895
ENSG00000164935	DCSTAMP	5.8	12204
ENSG00000164938	TP53INP1	5.8	12204
ENSG00000164941	INTS8	4.9	11073
ENSG00000164944	VIRMA	2.1	6380
ENSG00000164946	FREM1	1.8	5759
ENSG00000164949	GEM	10.2	15862
ENSG00000164951	PDP1	3.7	9268
ENSG00000164953	TMEM67	6.4	12917
ENSG00000164961	WASHC5	4.0	9765
ENSG00000164967	RPP25L	1.5	4687
ENSG00000164970	FAM219A	0.0	1
ENSG00000164972	SPMIP6	0.5	1903
ENSG00000164975	SNAPC3	8.4	14752
ENSG00000164976	MYORG	3.6	9147
ENSG00000164978	NUDT2	6.1	12588
ENSG00000164983	TMEM65	4.1	9897
ENSG00000164985	PSIP1	6.5	13008
ENSG00000164989	CCDC171	0.0	1
ENSG00000165006	UBAP1	4.4	10330
ENSG00000165023	DIRAS2	3.4	8766
ENSG00000165025	SYK	60.0	19227
ENSG00000165028	NIPSNAP3B	0.0	1
ENSG00000165029	ABCA1	40.6	19115
ENSG00000165030	NFIL3	11.1	16303
ENSG00000165046	LETM2	1.5	4687
ENSG00000165055	METTL2B	3.7	9268
ENSG00000165059	PRKACG	9.5	15494
ENSG00000165060	FXN	21.6	18411
ENSG00000165061	ZMAT4	0.8	3045
ENSG00000165066	NKX6-3	8.1	14536
ENSG00000165071	TMEM71	0.0	1
ENSG00000165072	MAMDC2	0.0	1
ENSG00000165076	PRSS37	5.1	11329
ENSG00000165078	CPA6	1.6	5463
ENSG00000165084	C8orf34	0.0	1
ENSG00000165091	TMC1	3.0	8111
ENSG00000165092	ALDH1A1	12.1	16689
ENSG00000165097	KDM1B	5.9	12348
ENSG00000165102	HGSNAT	3.8	9432
ENSG00000165105	RASEF	5.9	12348
ENSG00000165113	GKAP1	2.3	6711
ENSG00000165115	KIF27	2.5	7104
ENSG00000165118	QNG1	4.7	10753
ENSG00000165119	HNRNPK	11.8	16572
ENSG00000165120	SSMEM1	0.5	1903
ENSG00000165124	SVEP1	3.9	9571
ENSG00000165125	TRPV6	11.1	16303
ENSG00000165131	SOFU1	1.0	3282
ENSG00000165138	ANKS6	0.0	1
ENSG00000165140	FBP1	15.7	17645
ENSG00000165152	PGAP4	2.6	7291
ENSG00000165156	ZHX1	4.7	10753
ENSG00000165164	CFAP47	1.8	5759
ENSG00000165168	CYBB	19.7	18240
ENSG00000165169	DYNLT3	4.1	9897
ENSG00000165171	METTL27	0.0	1
ENSG00000165175	MID1IP1	3.5	8994
ENSG00000165178	NCF1C	1.5	4687
ENSG00000165181	SHOC1	4.1	9897
ENSG00000165182	CXorf58	0.0	1
ENSG00000165185	KIAA1958	0.0	1
ENSG00000165186	PTCHD1	3.6	9147
ENSG00000165188	RNF183	7.6	14102
ENSG00000165192	ASB11	5.0	11192
ENSG00000165194	PCDH19	1.0	3282
ENSG00000165195	PIGA	3.7	9268
ENSG00000165197	VEGFD	9.5	15494
ENSG00000165202	OR1Q1	2.2	6585
ENSG00000165204	OR1K1	1.5	4687
ENSG00000165209	STRBP	1.5	4687
ENSG00000165215	CLDN3	20.5	18309
ENSG00000165219	GAPVD1	4.8	10931
ENSG00000165233	CARD19	1.2	4328
ENSG00000165238	WNK2	9.6	15554
ENSG00000165240	ATP7A	28.2	18803
ENSG00000165244	ZNF367	3.1	8298
ENSG00000165246	NLGN4Y	6.9	13452
ENSG00000165259	HDX	2.0	6082
ENSG00000165264	NDUFB6	5.5	11839
ENSG00000165269	AQP7	8.2	14610
ENSG00000165271	NOL6	3.4	8766
ENSG00000165272	AQP3	15.9	17685
ENSG00000165275	TRMT10B	2.6	7291
ENSG00000165280	VCP	58.1	19220
ENSG00000165282	PIGO	3.1	8298
ENSG00000165283	STOML2	8.6	14895
ENSG00000165288	BRWD3	1.5	4687
ENSG00000165300	SLITRK5	2.6	7291
ENSG00000165304	MELK	8.2	14610
ENSG00000165309	ARMC3	1.5	4687
ENSG00000165312	OTUD1	2.1	6380
ENSG00000165322	ARHGAP12	4.2	10017
ENSG00000165323	FAT3	0.5	1903
ENSG00000165325	DEUP1	2.8	7695
ENSG00000165338	HECTD2	0.5	1903
ENSG00000165349	SLC7A3	8.2	14610
ENSG00000165355	FBXO33	1.1	4265
ENSG00000165359	INTS6L	1.0	3282
ENSG00000165370	GPR101	1.5	4687
ENSG00000165376	CLDN2	7.4	13914
ENSG00000165379	LRFN5	2.3	6711
ENSG00000165383	LRRC18	0.5	1903
ENSG00000165389	SPTSSA	6.7	13235
ENSG00000165392	WRN	42.4	19137
ENSG00000165406	MARCHF8	5.7	12090
ENSG00000165409	TSHR	14.2	17296
ENSG00000165410	CFL2	4.1	9897
ENSG00000165416	SUGT1	1.6	5463
ENSG00000165417	GTF2A1	9.2	15304
ENSG00000165434	PGM2L1	2.9	7932
ENSG00000165443	PHYHIPL	0.0	1
ENSG00000165449	SLC16A9	5.0	11192
ENSG00000165457	FOLR2	11.1	16303
ENSG00000165458	INPPL1	8.9	15105
ENSG00000165462	PHOX2A	10.5	16025
ENSG00000165471	MBL2	17.0	17864
ENSG00000165474	GJB2	8.6	14895
ENSG00000165475	CRYL1	2.9	7932
ENSG00000165476	REEP3	2.6	7291
ENSG00000165478	HEPACAM	1.3	4364
ENSG00000165480	SKA3	8.4	14752
ENSG00000165487	MICU2	10.7	16120
ENSG00000165490	DDIAS	1.6	5463
ENSG00000165494	PCF11	4.5	10501
ENSG00000165495	PKNOX2	2.3	6711
ENSG00000165496	RPL10L	6.0	12446
ENSG00000165501	LRR1	1.1	4265
ENSG00000165502	RPL36AL	1.0	3282
ENSG00000165506	DNAAF2	3.7	9268
ENSG00000165507	DEPP1	1.3	4364
ENSG00000165509	MAGEC3	0.5	1903
ENSG00000165512	ZNF22	3.7	9268
ENSG00000165516	KLHDC2	3.0	8111
ENSG00000165521	EML5	0.5	1903
ENSG00000165525	NEMF	8.8	15033
ENSG00000165526	RPUSD4	9.7	15609
ENSG00000165527	ARF6	23.9	18573
ENSG00000165533	TTC8	4.5	10501
ENSG00000165548	TMEM63C	3.9	9571
ENSG00000165553	NGB	6.7	13235
ENSG00000165555	NOXRED1	1.0	3282
ENSG00000165556	CDX2	11.3	16392
ENSG00000165566	AMER2	3.6	9147
ENSG00000165568	AKR1E2	3.0	8111
ENSG00000165572	KBTBD6	4.5	10501
ENSG00000165583	SSX5	0.0	1
ENSG00000165584	SSX3	0.0	1
ENSG00000165588	OTX2	15.0	17507
ENSG00000165591	FAAH2	1.7	5664
ENSG00000165606	DRGX	3.3	8619
ENSG00000165609	NUDT5	15.1	17529
ENSG00000165617	DACT1	21.9	18434
ENSG00000165621	OXGR1	4.3	10201
ENSG00000165623	UCMA	1.3	4364
ENSG00000165626	BEND7	0.0	1
ENSG00000165629	ATP5F1C	5.5	11839
ENSG00000165630	PRPF18	2.3	6711
ENSG00000165632	TAF3	8.4	14752
ENSG00000165633	VSTM4	0.0	1
ENSG00000165637	VDAC2	9.8	15662
ENSG00000165643	SOHLH1	3.5	8994
ENSG00000165644	COMTD1	0.5	1903
ENSG00000165646	SLC18A2	10.5	16025
ENSG00000165650	PDZD8	2.6	7291
ENSG00000165655	ZNF503	2.9	7932
ENSG00000165660	ABRAXAS2	9.0	15175
ENSG00000165661	QSOX2	1.5	4687
ENSG00000165669	FAM204A	0.0	1
ENSG00000165671	NSD1	13.6	17161
ENSG00000165672	PRDX3	17.2	17902
ENSG00000165675	ENOX2	1.6	5463
ENSG00000165678	GHITM	6.8	13329
ENSG00000165682	CLEC1B	5.8	12204
ENSG00000165684	SNAPC4	7.2	13747
ENSG00000165685	TMEM52B	0.0	1
ENSG00000165688	PMPCA	2.7	7600
ENSG00000165689	ENTR1	4.7	10753
ENSG00000165694	FRMD7	1.5	4687
ENSG00000165695	AK8	3.7	9268
ENSG00000165698	SPACA9	1.6	5463
ENSG00000165699	TSC1	18.7	18104
ENSG00000165702	GFI1B	5.9	12348
ENSG00000165704	HPRT1	14.2	17296
ENSG00000165714	BORCS5	5.5	11839
ENSG00000165716	DIPK1B	0.0	1
ENSG00000165724	ZMYND19	0.0	1
ENSG00000165730	STOX1	13.7	17187
ENSG00000165731	RET	21.8	18425
ENSG00000165732	DDX21	14.2	17296
ENSG00000165733	BMS1	3.9	9571
ENSG00000165752	STK32C	1.0	3282
ENSG00000165757	JCAD	3.7	9268
ENSG00000165762	OR4K2	0.5	1903
ENSG00000165775	FUNDC2	2.6	7291
ENSG00000165782	PIP4P1	9.0	15175
ENSG00000165792	METTL17	3.4	8766
ENSG00000165794	SLC39A2	7.7	14204
ENSG00000165795	NDRG2	1.0	3282
ENSG00000165799	RNASE7	11.1	16303
ENSG00000165801	ARHGEF40	2.8	7695
ENSG00000165802	NSMF	4.8	10931
ENSG00000165804	ZNF219	7.1	13639
ENSG00000165805	ZC3H11D	1.0	3282
ENSG00000165806	CASP7	16.2	17740
ENSG00000165807	PPP1R36	0.0	1
ENSG00000165810	BTNL9	1.5	4687
ENSG00000165813	CCDC186	1.0	3282
ENSG00000165816	VWA2	2.1	6380
ENSG00000165819	METTL3	27.2	18754
ENSG00000165821	SALL2	5.0	11192
ENSG00000165828	PRAP1	6.2	12686
ENSG00000165832	TRUB1	7.1	13639
ENSG00000165837	ERICH6B	0.0	1
ENSG00000165841	CYP2C19	15.3	17571
ENSG00000165861	ZFYVE1	9.5	15494
ENSG00000165863	SPMIP5	0.0	1
ENSG00000165868	HSPA12A	0.0	1
ENSG00000165879	FRAT1	4.5	10501
ENSG00000165886	UBTD1	0.0	1
ENSG00000165887	ANKRD2	6.8	13329
ENSG00000165891	E2F7	13.2	17041
ENSG00000165895	ARHGAP42	2.1	6380
ENSG00000165898	ISCA2	4.7	10753
ENSG00000165899	OTOGL	0.5	1903
ENSG00000165905	LARGE2	7.4	13914
ENSG00000165912	PACSIN3	7.2	13747
ENSG00000165914	TTC7B	2.6	7291
ENSG00000165915	SLC39A13	9.6	15554
ENSG00000165916	PSMC3	8.8	15033
ENSG00000165917	RAPSN	4.0	9765
ENSG00000165923	AGBL2	1.5	4687
ENSG00000165929	TC2N	0.0	1
ENSG00000165934	CPSF2	3.2	8468
ENSG00000165935	SMCO2	0.0	1
ENSG00000165943	MOAP1	7.7	14204
ENSG00000165948	IFI27L1	1.8	5759
ENSG00000165949	IFI27	13.8	17208
ENSG00000165953	SERPINA12	1.3	4364
ENSG00000165959	CLMN	1.5	4687
ENSG00000165966	PDZRN4	0.0	1
ENSG00000165970	SLC6A5	7.9	14372
ENSG00000165972	CCDC38	1.5	4687
ENSG00000165973	NELL1	6.9	13452
ENSG00000165983	PTER	2.9	7932
ENSG00000165985	C1QL3	1.0	3282
ENSG00000165995	CACNB2	12.4	16811
ENSG00000165996	HACD1	10.9	16206
ENSG00000165997	ARL5B	2.8	7695
ENSG00000166002	SMCO4	0.0	1
ENSG00000166004	CEP295	5.3	11597
ENSG00000166006	KCNC2	7.6	14102
ENSG00000166012	TAF1D	1.6	5463
ENSG00000166016	ABTB2	0.0	1
ENSG00000166024	R3HCC1L	0.0	1
ENSG00000166025	AMOTL1	3.3	8619
ENSG00000166033	HTRA1	5.5	11839
ENSG00000166035	LIPC	16.3	17761
ENSG00000166037	CEP57	3.4	8766
ENSG00000166046	TCP11L2	1.0	3282
ENSG00000166049	PASD1	6.2	12686
ENSG00000166068	SPRED1	11.0	16257
ENSG00000166069	TMCO5A	0.0	1
ENSG00000166073	GPR176	5.2	11424
ENSG00000166086	JAM3	17.0	17864
ENSG00000166091	CMTM5	0.0	1
ENSG00000166105	GLB1L3	1.0	3282
ENSG00000166106	ADAMTS15	3.0	8111
ENSG00000166111	SVOP	0.0	1
ENSG00000166118	SPATA19	1.0	3282
ENSG00000166123	GPT2	2.4	6954
ENSG00000166126	AMN	7.6	14102
ENSG00000166128	RAB8B	6.6	13122
ENSG00000166130	IKBIP	0.9	3235
ENSG00000166133	RPUSD2	3.1	8298
ENSG00000166135	HIF1AN	16.0	17704
ENSG00000166136	NDUFB8	2.4	6954
ENSG00000166140	ZFYVE19	4.2	10017
ENSG00000166143	PPP1R14D	1.3	4364
ENSG00000166145	SPINT1	2.9	7932
ENSG00000166147	FBN1	19.5	18215
ENSG00000166148	AVPR1A	10.1	15809
ENSG00000166152	C16orf78	0.0	1
ENSG00000166153	DEPDC4	0.0	1
ENSG00000166159	LRTM2	0.0	1
ENSG00000166160	OPN1MW2	4.8	10931
ENSG00000166164	BRD7	16.3	17761
ENSG00000166165	CKB	5.3	11597
ENSG00000166166	TRMT61A	2.6	7291
ENSG00000166167	BTRC	20.8	18340
ENSG00000166169	POLL	11.6	16500
ENSG00000166170	BAG5	14.2	17296
ENSG00000166171	DPCD	0.0	1
ENSG00000166173	LARP6	6.1	12588
ENSG00000166181	API5	5.1	11329
ENSG00000166183	ASPG	3.3	8619
ENSG00000166188	ZNF319	1.0	3282
ENSG00000166189	HPS6	5.4	11736
ENSG00000166192	SENP8	3.7	9268
ENSG00000166197	NOLC1	9.9	15713
ENSG00000166199	ALKBH3	6.9	13452
ENSG00000166200	COPS2	5.3	11597
ENSG00000166206	GABRB3	17.8	17987
ENSG00000166211	SPIC	2.0	6082
ENSG00000166220	TBATA	0.0	1
ENSG00000166224	SGPL1	9.6	15554
ENSG00000166225	FRS2	9.2	15304
ENSG00000166226	CCT2	9.9	15713
ENSG00000166228	PCBD1	2.2	6585
ENSG00000166233	ARIH1	9.1	15239
ENSG00000166246	DNAAF8	1.0	3282
ENSG00000166250	CLMP	0.8	3045
ENSG00000166257	SCN3B	19.6	18225
ENSG00000166260	COX11	3.7	9268
ENSG00000166261	ZNF202	4.8	10931
ENSG00000166262	FAM227B	0.0	1
ENSG00000166263	STXBP4	5.8	12204
ENSG00000166265	CYYR1	0.0	1
ENSG00000166266	CUL5	15.8	17668
ENSG00000166268	MYRFL	2.0	6082
ENSG00000166272	WBP1L	0.5	1903
ENSG00000166275	BORCS7	2.4	6954
ENSG00000166278	C2	10.3	15915
ENSG00000166289	PLEKHF1	7.6	14102
ENSG00000166292	TMEM100	4.1	9897
ENSG00000166295	ANAPC16	6.3	12794
ENSG00000166311	SMPD1	23.6	18551
ENSG00000166313	APBB1	15.8	17668
ENSG00000166317	SYNPO2L	3.0	8111
ENSG00000166321	NUDT13	2.3	6711
ENSG00000166323	C11orf65	1.0	3282
ENSG00000166326	TRIM44	7.6	14102
ENSG00000166329	CCDC182	0.5	1903
ENSG00000166333	ILK	18.5	18079
ENSG00000166337	TAF10	15.5	17610
ENSG00000166340	TPP1	16.2	17740
ENSG00000166341	DCHS1	5.2	11424
ENSG00000166342	NETO1	3.0	8111
ENSG00000166343	MSS51	0.0	1
ENSG00000166347	CYB5A	1.3	4364
ENSG00000166348	USP54	1.6	5463
ENSG00000166349	RAG1	12.5	16839
ENSG00000166351	POTED	0.0	1
ENSG00000166352	IFTAP	2.3	6711
ENSG00000166359	WDR88	0.0	1
ENSG00000166363	OR10A5	2.2	6585
ENSG00000166368	OR2D2	2.2	6585
ENSG00000166377	ATP9B	2.6	7291
ENSG00000166387	PPFIBP2	1.3	4364
ENSG00000166391	MOGAT2	5.4	11736
ENSG00000166394	CYB5R2	3.6	9147
ENSG00000166396	SERPINB7	1.4	4622
ENSG00000166398	GARRE1	3.4	8766
ENSG00000166401	SERPINB8	2.9	7932
ENSG00000166402	TUB	4.5	10501
ENSG00000166405	RIC3	1.8	5759
ENSG00000166407	LMO1	1.8	5759
ENSG00000166411	IDH3A	6.2	12686
ENSG00000166415	WDR72	0.5	1903
ENSG00000166426	CRABP1	3.3	8619
ENSG00000166428	PLD4	6.0	12446
ENSG00000166432	ZMAT1	0.0	1
ENSG00000166435	XRRA1	0.8	3045
ENSG00000166436	TRIM66	0.0	1
ENSG00000166439	RNF169	7.9	14372
ENSG00000166441	RPL27A	9.1	15239
ENSG00000166444	DENND2B	1.6	5463
ENSG00000166446	CDYL2	0.5	1903
ENSG00000166448	TMEM130	0.0	1
ENSG00000166450	PRTG	0.5	1903
ENSG00000166451	CENPN	0.6	2927
ENSG00000166452	AKIP1	0.0	1
ENSG00000166454	ATMIN	4.1	9897
ENSG00000166455	C16orf46	0.0	1
ENSG00000166471	TMEM41B	3.7	9268
ENSG00000166473	PKD1L2	1.0	3282
ENSG00000166477	LEO1	5.5	11839
ENSG00000166478	ZNF143	8.9	15105
ENSG00000166479	TMX3	0.8	3045
ENSG00000166482	MFAP4	5.1	11329
ENSG00000166483	WEE1	6.2	12686
ENSG00000166484	MAPK7	17.2	17902
ENSG00000166501	PRKCB	20.9	18348
ENSG00000166503	HDGFL3	2.5	7104
ENSG00000166507	NDST2	4.2	10017
ENSG00000166508	MCM7	8.9	15105
ENSG00000166509	CLEC3A	2.3	6711
ENSG00000166510	CCDC68	2.9	7932
ENSG00000166523	CLEC4E	6.3	12794
ENSG00000166526	ZNF3	4.1	9897
ENSG00000166527	CLEC4D	4.4	10330
ENSG00000166529	ZSCAN21	5.7	12090
ENSG00000166532	RIMKLB	3.3	8619
ENSG00000166535	A2ML1	1.6	5463
ENSG00000166546	BEAN1	0.0	1
ENSG00000166548	TK2	5.7	12090
ENSG00000166557	TMED3	1.5	4687
ENSG00000166558	SLC38A8	1.0	3282
ENSG00000166562	SEC11C	2.6	7291
ENSG00000166569	CPLX4	2.0	6082
ENSG00000166573	GALR1	6.9	13452
ENSG00000166575	TMEM135	0.5	1903
ENSG00000166578	DRC10	1.2	4328
ENSG00000166579	NDEL1	9.2	15304
ENSG00000166582	CENPV	4.7	10753
ENSG00000166589	CDH16	1.9	5985
ENSG00000166592	RRAD	2.8	7695
ENSG00000166595	CIAO2B	2.7	7600
ENSG00000166596	CFAP52	2.1	6380
ENSG00000166598	HSP90B1	20.9	18348
ENSG00000166603	MC4R	12.4	16811
ENSG00000166619	BLCAP	0.8	3045
ENSG00000166634	SERPINB12	2.5	7104
ENSG00000166664	CHRFAM7A	2.0	6082
ENSG00000166669	ATF7IP2	1.0	3282
ENSG00000166670	MMP10	6.9	13452
ENSG00000166676	TVP23A	1.0	3282
ENSG00000166681	BEX3	4.6	10655
ENSG00000166682	TMPRSS5	2.6	7291
ENSG00000166685	COG1	2.8	7695
ENSG00000166689	PLEKHA7	5.7	12090
ENSG00000166704	ZNF606	1.0	3282
ENSG00000166707	ZCCHC18	0.0	1
ENSG00000166710	B2M	27.3	18761
ENSG00000166716	ZNF592	0.6	2927
ENSG00000166734	GOLM2	0.0	1
ENSG00000166736	HTR3A	6.2	12686
ENSG00000166741	NNMT	7.5	14017
ENSG00000166743	ACSM1	10.0	15759
ENSG00000166747	AP1G1	10.0	15759
ENSG00000166750	SLFN5	0.0	1
ENSG00000166762	CATSPER2	4.9	11073
ENSG00000166763	STRCP1	0.5	1903
ENSG00000166780	BMERB1	0.5	1903
ENSG00000166783	MARF1	2.0	6082
ENSG00000166788	SAAL1	1.3	4364
ENSG00000166793	YPEL4	0.0	1
ENSG00000166794	PPIB	13.3	17085
ENSG00000166796	LDHC	3.0	8111
ENSG00000166797	CIAO2A	2.1	6380
ENSG00000166800	LDHAL6A	2.3	6711
ENSG00000166801	FAM111A	7.9	14372
ENSG00000166803	PCLAF	9.0	15175
ENSG00000166813	KIF7	3.8	9432
ENSG00000166816	LDHD	4.6	10655
ENSG00000166819	PLIN1	1.7	5664
ENSG00000166821	PEX11A	4.5	10501
ENSG00000166822	TMEM170A	2.9	7932
ENSG00000166823	MESP1	21.5	18403
ENSG00000166825	ANPEP	4.2	10017
ENSG00000166828	SCNN1G	11.2	16350
ENSG00000166831	RBPMS2	6.7	13235
ENSG00000166833	NAV2	1.3	4364
ENSG00000166839	ANKDD1A	0.0	1
ENSG00000166840	GLYATL1	2.6	7291
ENSG00000166845	C18orf54	0.0	1
ENSG00000166847	DCTN5	0.0	1
ENSG00000166848	TERF2IP	14.9	17482
ENSG00000166851	PLK1	47.3	19177
ENSG00000166855	CLPX	6.8	13329
ENSG00000166856	ACKR5	2.5	7104
ENSG00000166860	ZBTB39	2.5	7104
ENSG00000166862	CACNG2	3.9	9571
ENSG00000166863	TAC3	7.7	14204
ENSG00000166866	MYO1A	4.6	10655
ENSG00000166869	CHP2	7.8	14288
ENSG00000166881	NEMP1	1.8	5759
ENSG00000166884	OR4D6	0.5	1903
ENSG00000166886	NAB2	3.5	8994
ENSG00000166887	VPS39	8.8	15033
ENSG00000166888	STAT6	18.0	18016
ENSG00000166889	PATL1	6.0	12446
ENSG00000166896	ATP23	2.8	7695
ENSG00000166897	ELFN2	1.0	3282
ENSG00000166900	STX3	9.6	15554
ENSG00000166902	MRPL16	2.1	6380
ENSG00000166908	PIP4K2C	5.8	12204
ENSG00000166912	MTMR10	0.0	1
ENSG00000166913	YWHAB	11.1	16303
ENSG00000166920	COXFA4L3	0.0	1
ENSG00000166922	SCG5	4.7	10753
ENSG00000166923	GREM1	27.4	18763
ENSG00000166924	NYAP1	2.0	6082
ENSG00000166925	TSC22D4	3.1	8298
ENSG00000166927	MS4A7	0.5	1903
ENSG00000166928	MS4A14	0.5	1903
ENSG00000166930	MS4A5	0.5	1903
ENSG00000166938	DIS3L	7.9	14372
ENSG00000166946	CCNDBP1	0.0	1
ENSG00000166947	EPB42	2.8	7695
ENSG00000166948	TGM6	1.8	5759
ENSG00000166949	SMAD3	70.0	19246
ENSG00000166959	MS4A8	0.5	1903
ENSG00000166960	CCDC178	0.5	1903
ENSG00000166961	MS4A15	0.5	1903
ENSG00000166963	MAP1A	13.6	17161
ENSG00000166965	RCCD1	0.0	1
ENSG00000166971	AKTIP	8.3	14683
ENSG00000166974	MAPRE2	5.1	11329
ENSG00000166979	EVA1C	1.3	4364
ENSG00000166986	MARS1	9.8	15662
ENSG00000166987	MBD6	2.1	6380
ENSG00000166997	CNPY4	1.3	4364
ENSG00000167004	PDIA3	9.7	15609
ENSG00000167005	NUDT21	13.4	17108
ENSG00000167011	NAT16	0.0	1
ENSG00000167014	TERB2	2.5	7104
ENSG00000167034	NKX3-1	35.4	19035
ENSG00000167037	SGSM1	2.1	6380
ENSG00000167065	DUSP18	6.3	12794
ENSG00000167074	TEF	3.7	9268
ENSG00000167077	MEI1	0.5	1903
ENSG00000167080	B4GALNT2	5.7	12090
ENSG00000167081	PBX3	6.3	12794
ENSG00000167083	GNGT2	3.6	9147
ENSG00000167085	PHB1	34.9	19024
ENSG00000167088	SNRPD1	11.6	16500
ENSG00000167094	TTC16	0.0	1
ENSG00000167098	SUN5	1.8	5759
ENSG00000167100	SAMD14	2.0	6082
ENSG00000167103	PIP5KL1	4.2	10017
ENSG00000167104	BPIFB6	0.0	1
ENSG00000167105	TMEM92	0.0	1
ENSG00000167106	EEIG1	0.5	1903
ENSG00000167107	ACSF2	3.6	9147
ENSG00000167110	GOLGA2	17.9	18004
ENSG00000167112	TRUB2	8.6	14895
ENSG00000167113	COQ4	5.8	12204
ENSG00000167114	SLC27A4	16.0	17704
ENSG00000167117	ANKRD40CL	0.0	1
ENSG00000167118	URM1	3.4	8766
ENSG00000167123	CERCAM	3.0	8111
ENSG00000167130	DOLPP1	3.8	9432
ENSG00000167131	DNAAF19	8.1	14536
ENSG00000167136	ENDOG	8.2	14610
ENSG00000167139	TBC1D21	5.4	11736
ENSG00000167157	PRRX2	4.0	9765
ENSG00000167165	UGT1A6	13.0	16985
ENSG00000167173	PRMT2IP	1.6	5463
ENSG00000167178	ISLR2	1.0	3282
ENSG00000167182	SP2	7.8	14288
ENSG00000167183	PRR15L	0.0	1
ENSG00000167186	COQ7	8.2	14610
ENSG00000167191	GPRC5B	4.9	11073
ENSG00000167193	CRK	20.5	18309
ENSG00000167194	FIMP1	1.5	4687
ENSG00000167195	GOLGA6C	0.5	1903
ENSG00000167196	FBXO22	4.8	10931
ENSG00000167202	TBC1D2B	2.1	6380
ENSG00000167207	NOD2	48.4	19181
ENSG00000167208	SNX20	1.5	4687
ENSG00000167210	LOXHD1	1.3	4364
ENSG00000167216	KATNAL2	2.1	6380
ENSG00000167220	HDHD2	1.3	4364
ENSG00000167232	ZNF91	3.8	9432
ENSG00000167244	IGF2	21.8	18425
ENSG00000167257	RNF214	0.5	1903
ENSG00000167258	CDK12	10.3	15915
ENSG00000167261	DPEP2	3.1	8298
ENSG00000167264	DUS2	7.4	13914
ENSG00000167280	ENGASE	3.6	9147
ENSG00000167281	RBFOX3	1.5	4687
ENSG00000167283	ATP5MG	3.2	8468
ENSG00000167286	CD3D	8.2	14610
ENSG00000167291	TBC1D16	2.9	7932
ENSG00000167302	TEPSIN	0.8	3045
ENSG00000167306	MYO5B	6.2	12686
ENSG00000167311	ART5	0.5	1903
ENSG00000167315	ACAA2	7.5	14017
ENSG00000167323	STIM1	13.2	17041
ENSG00000167325	RRM1	10.3	15915
ENSG00000167332	OR51E2	8.9	15105
ENSG00000167333	TRIM68	6.3	12794
ENSG00000167346	MMP26	2.9	7932
ENSG00000167355	OR51B5	1.7	5664
ENSG00000167359	OR51I1	1.7	5664
ENSG00000167360	OR51Q1	0.5	1903
ENSG00000167363	FN3K	6.4	12917
ENSG00000167371	PRRT2	3.3	8619
ENSG00000167377	ZNF23	2.3	6711
ENSG00000167378	IRGQ	4.8	10931
ENSG00000167380	ZNF226	1.0	3282
ENSG00000167384	ZNF180	1.5	4687
ENSG00000167393	PPP2R3B	3.3	8619
ENSG00000167394	ZNF668	1.8	5759
ENSG00000167395	ZNF646	1.5	4687
ENSG00000167397	VKORC1	6.8	13329
ENSG00000167414	GNG8	2.2	6585
ENSG00000167419	LPO	4.8	10931
ENSG00000167434	CA4	2.2	6585
ENSG00000167447	SMG8	2.7	7600
ENSG00000167460	TPM4	6.3	12794
ENSG00000167461	RAB8A	13.8	17208
ENSG00000167468	GPX4	12.6	16868
ENSG00000167470	MIDN	3.1	8298
ENSG00000167476	JSRP1	1.3	4364
ENSG00000167483	NIBAN3	0.0	1
ENSG00000167487	KLHL26	1.6	5463
ENSG00000167491	GATAD2A	6.3	12794
ENSG00000167508	MVD	5.6	11982
ENSG00000167513	CDT1	10.2	15862
ENSG00000167515	TRAPPC2L	2.9	7932
ENSG00000167522	ANKRD11	2.4	6954
ENSG00000167523	SPATA33	0.5	1903
ENSG00000167524	RSKR	0.5	1903
ENSG00000167525	PROCA1	0.8	3045
ENSG00000167526	RPL13	11.2	16350
ENSG00000167528	ZNF641	1.5	4687
ENSG00000167531	LALBA	7.4	13914
ENSG00000167535	CACNB3	9.0	15175
ENSG00000167536	DHRS13	0.5	1903
ENSG00000167543	TP53I13	2.4	6954
ENSG00000167548	KMT2D	10.5	16025
ENSG00000167549	CORO6	1.0	3282
ENSG00000167550	RHEBL1	4.4	10330
ENSG00000167552	TUBA1A	6.9	13452
ENSG00000167553	TUBA1C	6.1	12588
ENSG00000167554	ZNF610	1.5	4687
ENSG00000167555	ZNF528	1.5	4687
ENSG00000167562	ZNF701	1.5	4687
ENSG00000167565	SERTAD3	2.1	6380
ENSG00000167566	NCKAP5L	2.6	7291
ENSG00000167578	RAB4B	6.0	12446
ENSG00000167580	AQP2	11.5	16473
ENSG00000167588	GPD1	1.9	5985
ENSG00000167595	PROSER3	0.0	1
ENSG00000167600	CYP2S1	9.1	15239
ENSG00000167601	AXL	19.2	18173
ENSG00000167604	NFKBID	1.5	4687
ENSG00000167608	TMC4	2.1	6380
ENSG00000167612	ANKRD33	0.0	1
ENSG00000167613	LAIR1	1.5	4687
ENSG00000167614	TTYH1	7.7	14204
ENSG00000167615	LENG8	0.0	1
ENSG00000167617	CDC42EP5	5.7	12090
ENSG00000167618	LAIR2	1.5	4687
ENSG00000167619	TMEM145	0.0	1
ENSG00000167625	ZNF526	0.0	1
ENSG00000167632	TRAPPC9	2.6	7291
ENSG00000167633	KIR3DL1	5.1	11329
ENSG00000167634	NLRP7	9.4	15426
ENSG00000167635	ZNF146	5.1	11329
ENSG00000167637	ZNF283	1.5	4687
ENSG00000167641	PPP1R14A	0.5	1903
ENSG00000167642	SPINT2	5.7	12090
ENSG00000167645	YIF1B	2.3	6711
ENSG00000167646	DNAAF3	2.6	7291
ENSG00000167653	PSCA	3.9	9571
ENSG00000167654	ATCAY	3.9	9571
ENSG00000167656	LY6D	1.4	4622
ENSG00000167657	DAPK3	25.7	18667
ENSG00000167658	EEF2	7.8	14288
ENSG00000167664	TMIGD2	4.0	9765
ENSG00000167670	CHAF1A	5.5	11839
ENSG00000167671	UBXN6	4.8	10931
ENSG00000167674	HDGFL2	7.6	14102
ENSG00000167676	PLIN4	0.0	1
ENSG00000167680	SEMA6B	4.8	10931
ENSG00000167685	ZNF444	2.3	6711
ENSG00000167693	NXN	3.8	9432
ENSG00000167695	TLCD3A	0.5	1903
ENSG00000167699	GLOD4	0.5	1903
ENSG00000167700	SLC33A2	0.5	1903
ENSG00000167701	GPT	0.6	2927
ENSG00000167702	KIFC2	3.0	8111
ENSG00000167703	SLC43A2	12.3	16779
ENSG00000167705	RILP	11.5	16473
ENSG00000167711	SERPINF2	17.6	17959
ENSG00000167716	WDR81	6.3	12794
ENSG00000167720	SRR	15.9	17685
ENSG00000167721	TSR1	2.5	7104
ENSG00000167723	TRPV3	7.0	13559
ENSG00000167733	HSD11B1L	1.3	4364
ENSG00000167740	CYB5D2	0.0	1
ENSG00000167741	GGT6	0.5	1903
ENSG00000167748	KLK1	3.0	8111
ENSG00000167749	KLK4	4.9	11073
ENSG00000167751	KLK2	3.2	8468
ENSG00000167754	KLK5	10.2	15862
ENSG00000167755	KLK6	8.6	14895
ENSG00000167757	KLK11	1.9	5985
ENSG00000167759	KLK13	3.0	8111
ENSG00000167766	ZNF83	1.5	4687
ENSG00000167767	KRT80	1.5	4687
ENSG00000167768	KRT1	8.7	14962
ENSG00000167769	ACER1	13.1	17014
ENSG00000167770	OTUB1	9.5	15494
ENSG00000167771	RCOR2	2.1	6380
ENSG00000167772	ANGPTL4	9.9	15713
ENSG00000167775	CD320	5.7	12090
ENSG00000167778	SPRYD3	0.5	1903
ENSG00000167779	IGFBP6	9.3	15379
ENSG00000167780	SOAT2	13.6	17161
ENSG00000167785	ZNF558	1.5	4687
ENSG00000167791	CABP2	5.3	11597
ENSG00000167792	NDUFV1	6.3	12794
ENSG00000167797	CDK2AP2	2.8	7695
ENSG00000167798	C3P1	0.0	1
ENSG00000167799	NUDT8	5.5	11839
ENSG00000167800	TBX10	4.3	10201
ENSG00000167815	PRDX2	12.5	16839
ENSG00000167822	OR8J3	0.0	1
ENSG00000167825	OR5I1	2.6	7291
ENSG00000167840	ZNF232	1.5	4687
ENSG00000167842	MIS12	4.0	9765
ENSG00000167850	CD300C	3.3	8619
ENSG00000167851	CD300A	15.1	17529
ENSG00000167858	TEKT1	1.5	4687
ENSG00000167861	HID1	0.0	1
ENSG00000167862	MRPL58	6.3	12794
ENSG00000167863	ATP5PD	3.2	8468
ENSG00000167874	TMEM88	4.2	10017
ENSG00000167880	EVPL	5.4	11736
ENSG00000167881	SRP68	6.1	12588
ENSG00000167889	MGAT5B	3.4	8766
ENSG00000167895	TMC8	10.1	15809
ENSG00000167900	TK1	9.2	15304
ENSG00000167904	TMEM68	1.6	5463
ENSG00000167910	CYP7A1	10.4	15985
ENSG00000167914	GSDMA	4.9	11073
ENSG00000167916	KRT24	2.0	6082
ENSG00000167925	GHDC	0.5	1903
ENSG00000167930	FAM234A	0.0	1
ENSG00000167941	SOST	10.6	16075
ENSG00000167962	ZNF598	14.5	17382
ENSG00000167964	RAB26	9.4	15426
ENSG00000167965	MLST8	14.0	17251
ENSG00000167967	E4F1	8.8	15033
ENSG00000167968	DNASE1L2	5.1	11329
ENSG00000167969	ECI1	3.7	9268
ENSG00000167971	CASKIN1	2.3	6711
ENSG00000167972	ABCA3	17.9	18004
ENSG00000167977	KCTD5	2.6	7291
ENSG00000167978	SRRM2	4.2	10017
ENSG00000167981	ZNF597	2.3	6711
ENSG00000167984	NLRC3	14.3	17326
ENSG00000167985	SDHAF2	6.3	12794
ENSG00000167986	DDB1	37.9	19081
ENSG00000167987	VPS37C	6.8	13329
ENSG00000167992	VWCE	1.3	4364
ENSG00000167994	RAB3IL1	3.0	8111
ENSG00000167995	BEST1	12.5	16839
ENSG00000167996	FTH1	9.1	15239
ENSG00000168000	BSCL2	6.5	13008
ENSG00000168002	POLR2G	5.9	12348
ENSG00000168003	SLC3A2	25.4	18652
ENSG00000168004	PLAAT5	5.2	11424
ENSG00000168005	SPINDOC	2.9	7932
ENSG00000168010	ATG16L2	1.0	3282
ENSG00000168014	C2CD3	3.9	9571
ENSG00000168016	TRANK1	0.0	1
ENSG00000168026	TTC21A	2.6	7291
ENSG00000168028	RPSA	8.3	14683
ENSG00000168032	ENTPD3	6.0	12446
ENSG00000168036	CTNNB1	70.8	19247
ENSG00000168038	ULK4	5.6	11982
ENSG00000168040	FADD	31.8	18942
ENSG00000168056	LTBP3	3.7	9268
ENSG00000168060	NAALADL1	5.1	11329
ENSG00000168061	SAC3D1	1.0	3282
ENSG00000168062	BATF2	4.2	10017
ENSG00000168065	SLC22A11	7.9	14372
ENSG00000168066	SF1	7.2	13747
ENSG00000168067	MAP4K2	7.6	14102
ENSG00000168070	MAJIN	3.3	8619
ENSG00000168071	CCDC88B	3.5	8994
ENSG00000168077	SCARA3	2.7	7600
ENSG00000168078	PBK	2.0	6082
ENSG00000168079	SCARA5	4.5	10501
ENSG00000168081	PNOC	4.7	10753
ENSG00000168090	COPS6	2.0	6082
ENSG00000168092	PAFAH1B2	5.8	12204
ENSG00000168096	ANKS3	0.0	1
ENSG00000168101	NUDT16L1	6.2	12686
ENSG00000168116	KIAA1586	2.6	7291
ENSG00000168118	RAB4A	6.9	13452
ENSG00000168122	ZNF355P	1.5	4687
ENSG00000168124	OR1F1	1.6	5463
ENSG00000168126	OR2W6P	1.0	3282
ENSG00000168131	OR2B2	1.0	3282
ENSG00000168135	KCNJ4	4.7	10753
ENSG00000168137	SETD5	3.5	8994
ENSG00000168140	VASN	5.2	11424
ENSG00000168143	SACK1B	8.2	14610
ENSG00000168148	H3-4	3.7	9268
ENSG00000168152	THAP9	5.5	11839
ENSG00000168158	OR2C1	1.9	5985
ENSG00000168159	RNF187	4.5	10501
ENSG00000168172	HOOK3	14.2	17296
ENSG00000168175	MAPK1IP1L	0.0	1
ENSG00000168209	DDIT4	7.4	13914
ENSG00000168214	RBPJ	29.6	18860
ENSG00000168216	LMBRD1	4.6	10655
ENSG00000168228	ZCCHC4	5.0	11192
ENSG00000168229	PTGDR	3.5	8994
ENSG00000168234	TTC39C	1.0	3282
ENSG00000168237	GLYCTK	4.6	10655
ENSG00000168243	GNG4	2.7	7600
ENSG00000168246	UBTD2	0.0	1
ENSG00000168255	POLR2J3	1.0	3282
ENSG00000168256	NKIRAS2	2.2	6585
ENSG00000168259	DNAJC7	4.3	10201
ENSG00000168263	KCNV2	1.5	4687
ENSG00000168264	IRF2BP2	3.4	8766
ENSG00000168267	PTF1A	8.7	14962
ENSG00000168268	NT5DC2	1.0	3282
ENSG00000168269	FOXI1	9.2	15304
ENSG00000168273	UQCC5	2.1	6380
ENSG00000168275	COA6	5.8	12204
ENSG00000168280	KIF5C	5.8	12204
ENSG00000168282	MGAT2	7.6	14102
ENSG00000168283	BMI1	11.1	16303
ENSG00000168286	THAP11	6.3	12794
ENSG00000168288	MMADHC	5.2	11424
ENSG00000168291	PDHB	4.9	11073
ENSG00000168297	PXK	5.8	12204
ENSG00000168300	PCMTD1	2.9	7932
ENSG00000168301	KCTD6	5.0	11192
ENSG00000168303	MPLKIP	0.0	1
ENSG00000168306	ACOX2	7.7	14204
ENSG00000168309	FAM107A	10.9	16206
ENSG00000168310	IRF2	15.4	17593
ENSG00000168314	MOBP	0.9	3235
ENSG00000168329	CX3CR1	35.2	19031
ENSG00000168333	PPDPFL	0.0	1
ENSG00000168334	XIRP1	5.4	11736
ENSG00000168348	INSM2	2.5	7104
ENSG00000168350	DEGS2	3.3	8619
ENSG00000168356	SCN11A	6.0	12446
ENSG00000168374	ARF4	14.8	17461
ENSG00000168385	SEPTIN2	6.2	12686
ENSG00000168386	FILIP1L	0.5	1903
ENSG00000168389	MFSD2A	28.7	18821
ENSG00000168393	DTYMK	7.5	14017
ENSG00000168394	TAP1	17.4	17934
ENSG00000168395	ING5	12.3	16779
ENSG00000168397	ATG4B	15.4	17593
ENSG00000168398	BDKRB2	16.3	17761
ENSG00000168404	MLKL	8.1	14536
ENSG00000168405	CMAHP	2.4	6954
ENSG00000168411	RFWD3	11.9	16616
ENSG00000168412	MTNR1A	6.1	12588
ENSG00000168418	KCNG4	4.7	10753
ENSG00000168421	RHOH	8.1	14536
ENSG00000168427	KLHL30	1.6	5463
ENSG00000168434	COG7	7.4	13914
ENSG00000168438	CDC40	5.5	11839
ENSG00000168439	STIP1	1.8	5759
ENSG00000168447	SCNN1B	10.4	15985
ENSG00000168453	HR	2.0	6082
ENSG00000168454	TXNDC2	2.0	6082
ENSG00000168461	RAB31	10.6	16075
ENSG00000168476	REEP4	3.1	8298
ENSG00000168477	TNXB	8.5	14830
ENSG00000168481	LGI3	0.5	1903
ENSG00000168484	SFTPC	0.8	3045
ENSG00000168487	BMP1	11.3	16392
ENSG00000168488	ATXN2L	2.8	7695
ENSG00000168490	PHYHIP	1.6	5463
ENSG00000168491	CCDC110	0.0	1
ENSG00000168495	POLR3D	5.3	11597
ENSG00000168496	FEN1	20.6	18319
ENSG00000168497	CAVIN2	3.0	8111
ENSG00000168502	MTCL1	5.6	11982
ENSG00000168505	GBX2	5.1	11329
ENSG00000168509	HJV	12.9	16951
ENSG00000168515	SCGB1D1	0.0	1
ENSG00000168517	HEXIM2	7.1	13639
ENSG00000168522	FNTA	14.0	17251
ENSG00000168528	SERINC2	1.6	5463
ENSG00000168530	MYL1	3.8	9432
ENSG00000168538	TRAPPC11	5.0	11192
ENSG00000168539	CHRM1	10.9	16206
ENSG00000168542	COL3A1	19.8	18251
ENSG00000168546	GFRA2	5.2	11424
ENSG00000168556	ING2	18.7	18104
ENSG00000168564	CDKN2AIP	4.8	10931
ENSG00000168566	SNRNP48	2.2	6585
ENSG00000168569	TMEM223	1.6	5463
ENSG00000168575	SLC20A2	6.6	13122
ENSG00000168582	CRYGA	2.7	7600
ENSG00000168589	DYNLRB2	4.0	9765
ENSG00000168591	TMUB2	0.5	1903
ENSG00000168594	ADAM29	3.3	8619
ENSG00000168610	STAT3	81.7	19255
ENSG00000168612	ZSWIM1	0.0	1
ENSG00000168615	ADAM9	33.6	18991
ENSG00000168619	ADAM18	4.3	10201
ENSG00000168621	GDNF	27.9	18790
ENSG00000168631	MUCL3	0.0	1
ENSG00000168646	AXIN2	17.3	17917
ENSG00000168653	NDUFS5	3.7	9268
ENSG00000168658	VWA3B	0.0	1
ENSG00000168661	ZNF30	1.5	4687
ENSG00000168671	UGT3A2	2.1	6380
ENSG00000168672	LRATD2	0.0	1
ENSG00000168675	LDLRAD4	5.8	12204
ENSG00000168676	KCTD19	0.5	1903
ENSG00000168679	SLC16A4	2.8	7695
ENSG00000168685	IL7R	16.4	17788
ENSG00000168701	TMEM208	0.5	1903
ENSG00000168702	LRP1B	2.3	6711
ENSG00000168703	WFDC12	2.6	7291
ENSG00000168710	AHCYL1	6.6	13122
ENSG00000168724	DNAJC21	1.1	4265
ENSG00000168734	PKIG	1.4	4622
ENSG00000168743	NPNT	6.2	12686
ENSG00000168748	CA7	1.9	5985
ENSG00000168754	FAM178B	0.0	1
ENSG00000168757	TSPY2	1.0	3282
ENSG00000168758	SEMA4C	7.1	13639
ENSG00000168763	CNNM3	1.0	3282
ENSG00000168765	GSTM4	8.3	14683
ENSG00000168769	TET2	10.0	15759
ENSG00000168772	CXXC4	4.2	10017
ENSG00000168778	TCTN2	3.1	8298
ENSG00000168779	SHOX2	7.3	13831
ENSG00000168781	PPIP5K1	8.7	14962
ENSG00000168785	TSPAN5	4.0	9765
ENSG00000168792	ABHD15	2.5	7104
ENSG00000168795	ZBTB5	3.9	9571
ENSG00000168802	CHTF8	3.0	8111
ENSG00000168803	MAPDA	3.1	8298
ENSG00000168806	LCMT2	3.3	8619
ENSG00000168807	SNTB2	0.5	1903
ENSG00000168813	ZNF507	1.5	4687
ENSG00000168818	STX18	3.7	9268
ENSG00000168824	NSG1	5.3	11597
ENSG00000168826	ZBTB49	7.3	13831
ENSG00000168827	GFM1	4.4	10330
ENSG00000168828	OR13J1	1.0	3282
ENSG00000168830	HTR1E	11.8	16572
ENSG00000168843	FSTL5	1.0	3282
ENSG00000168872	DDX19A	1.5	4687
ENSG00000168874	ATOH8	12.8	16920
ENSG00000168875	SOX14	6.7	13235
ENSG00000168876	ANKRD49	1.3	4364
ENSG00000168878	SFTPB	1.8	5759
ENSG00000168883	USP39	8.0	14457
ENSG00000168884	TNIP2	11.0	16257
ENSG00000168887	C2orf68	0.0	1
ENSG00000168890	TMEM150A	2.1	6380
ENSG00000168894	RNF181	5.1	11329
ENSG00000168899	VAMP5	1.4	4622
ENSG00000168903	BTNL3	2.3	6711
ENSG00000168904	LRRC28	0.5	1903
ENSG00000168906	MAT2A	7.4	13914
ENSG00000168907	PLA2G4F	3.3	8619
ENSG00000168913	ENHO	2.1	6380
ENSG00000168916	ZNF608	1.0	3282
ENSG00000168917	SLC35G2	0.0	1
ENSG00000168918	INPP5D	10.4	15985
ENSG00000168924	LETM1	13.0	16985
ENSG00000168925	CTRB1	1.6	5463
ENSG00000168928	CTRB2	1.0	3282
ENSG00000168930	TRIM49	2.3	6711
ENSG00000168936	TMEM129	6.2	12686
ENSG00000168938	PPIC	2.3	6711
ENSG00000168939	SPRY3	4.3	10201
ENSG00000168944	CEP120	4.1	9897
ENSG00000168952	STXBP6	2.2	6585
ENSG00000168955	TM4SF20	0.8	3045
ENSG00000168958	MFF	8.4	14752
ENSG00000168959	GRM5	13.5	17136
ENSG00000168961	LGALS9	48.7	19185
ENSG00000168967	PMCHL1	1.0	3282
ENSG00000168993	CPLX1	4.7	10753
ENSG00000168994	PXDC1	0.0	1
ENSG00000168995	SIGLEC7	2.8	7695
ENSG00000169006	NTSR2	3.7	9268
ENSG00000169016	E2F6	6.5	13008
ENSG00000169018	FEM1B	7.6	14102
ENSG00000169019	COMMD8	1.6	5463
ENSG00000169020	ATP5ME	3.2	8468
ENSG00000169021	UQCRFS1	3.8	9432
ENSG00000169026	SLC49A3	0.0	1
ENSG00000169031	COL4A3	10.9	16206
ENSG00000169032	MAP2K1	18.4	18069
ENSG00000169035	KLK7	6.2	12686
ENSG00000169040	PMCHL2	1.0	3282
ENSG00000169045	HNRNPH1	6.7	13235
ENSG00000169047	IRS1	26.2	18696
ENSG00000169057	MECP2	13.9	17231
ENSG00000169059	VCX3A	1.3	4364
ENSG00000169062	UPF3A	5.8	12204
ENSG00000169064	ZBBX	0.0	1
ENSG00000169067	ACTBL2	2.0	6082
ENSG00000169071	ROR2	7.4	13914
ENSG00000169083	AR	40.7	19118
ENSG00000169084	DHRSX	6.2	12686
ENSG00000169085	VXN	1.5	4687
ENSG00000169087	HSPBAP1	0.5	1903
ENSG00000169093	ASMTL	0.5	1903
ENSG00000169100	SLC25A6	2.1	6380
ENSG00000169105	CHST14	5.8	12204
ENSG00000169116	PARM1	0.0	1
ENSG00000169118	CSNK1G1	2.8	7695
ENSG00000169122	FAM110B	0.0	1
ENSG00000169126	ODAD2	5.0	11192
ENSG00000169129	AFAP1L2	9.7	15609
ENSG00000169131	ZNF354A	3.3	8619
ENSG00000169136	ATF5	17.1	17878
ENSG00000169139	UBE2V2	6.1	12588
ENSG00000169154	GOT1L1	1.0	3282
ENSG00000169155	ZBTB43	3.6	9147
ENSG00000169169	CPT1C	3.3	8619
ENSG00000169174	PCSK9	23.6	18551
ENSG00000169180	XPO6	2.1	6380
ENSG00000169181	GSG1L	0.0	1
ENSG00000169184	MN1	2.4	6954
ENSG00000169188	APEX2	2.0	6082
ENSG00000169189	NSMCE1	5.8	12204
ENSG00000169193	CCDC126	0.0	1
ENSG00000169203	NPIPB12	0.0	1
ENSG00000169208	OR10G3	1.0	3282
ENSG00000169213	RAB3B	8.7	14962
ENSG00000169214	OR6F1	0.5	1903
ENSG00000169217	CD2BP2	2.0	6082
ENSG00000169218	RSPO1	6.4	12917
ENSG00000169220	RGS14	18.1	18029
ENSG00000169221	TBC1D10B	4.2	10017
ENSG00000169223	LMAN2	5.0	11192
ENSG00000169224	GCSAML	0.0	1
ENSG00000169228	RAB24	3.5	8994
ENSG00000169230	PRELID1	10.1	15809
ENSG00000169231	THBS3	2.6	7291
ENSG00000169239	CA5B	2.2	6585
ENSG00000169241	SLC50A1	3.6	9147
ENSG00000169242	EFNA1	13.3	17085
ENSG00000169245	CXCL10	32.2	18957
ENSG00000169246	NPIPB3	0.0	1
ENSG00000169247	SH3TC2	1.8	5759
ENSG00000169248	CXCL11	14.1	17268
ENSG00000169249	ZRSR2	5.8	12204
ENSG00000169251	NMD3	6.3	12794
ENSG00000169252	ADRB2	26.7	18728
ENSG00000169255	B3GALNT1	2.8	7695
ENSG00000169258	GPRIN1	0.5	1903
ENSG00000169271	HSPB3	0.9	3235
ENSG00000169282	KCNAB1	9.6	15554
ENSG00000169288	MRPL1	2.6	7291
ENSG00000169291	SHE	0.5	1903
ENSG00000169297	NR0B1	19.1	18159
ENSG00000169299	PGM2	2.6	7291
ENSG00000169302	STK32A	1.0	3282
ENSG00000169306	IL1RAPL1	10.9	16206
ENSG00000169313	P2RY12	18.1	18029
ENSG00000169314	C22orf15	0.0	1
ENSG00000169327	OR5AU1	1.0	3282
ENSG00000169330	MINAR1	5.5	11839
ENSG00000169340	PDILT	1.3	4364
ENSG00000169344	UMOD	8.7	14962
ENSG00000169347	GP2	1.8	5759
ENSG00000169359	SLC33A1	5.2	11424
ENSG00000169371	SNUPN	4.9	11073
ENSG00000169372	CRADD	9.3	15379
ENSG00000169375	SIN3A	15.5	17610
ENSG00000169379	ARL13B	4.0	9765
ENSG00000169385	RNASE2	8.4	14752
ENSG00000169393	ELSPBP1	1.0	3282
ENSG00000169397	RNASE3	10.2	15862
ENSG00000169398	PTK2	46.7	19173
ENSG00000169402	RSPH10B2	0.0	1
ENSG00000169403	PTAFR	8.8	15033
ENSG00000169410	PTPN9	6.0	12446
ENSG00000169413	RNASE6	11.3	16392
ENSG00000169418	NPR1	16.8	17833
ENSG00000169427	KCNK9	9.7	15609
ENSG00000169429	CXCL8	37.8	19078
ENSG00000169432	SCN9A	5.5	11839
ENSG00000169435	RASSF6	0.5	1903
ENSG00000169436	COL22A1	1.0	3282
ENSG00000169439	SDC2	3.1	8298
ENSG00000169442	CD52	1.9	5985
ENSG00000169446	MMGT1	5.0	11192
ENSG00000169484	OR4K14	0.5	1903
ENSG00000169488	OR4K15	0.5	1903
ENSG00000169490	TM2D2	0.0	1
ENSG00000169495	HTRA4	4.9	11073
ENSG00000169499	PLEKHA2	4.2	10017
ENSG00000169504	CLIC4	7.0	13559
ENSG00000169507	SLC38A11	1.0	3282
ENSG00000169508	GPR183	14.1	17268
ENSG00000169515	CCDC8	3.2	8468
ENSG00000169519	METTL15	3.4	8766
ENSG00000169548	ZNF280A	1.5	4687
ENSG00000169550	MUC15	0.0	1
ENSG00000169551	CT55	0.8	3045
ENSG00000169554	ZEB2	12.3	16779
ENSG00000169562	GJB1	4.6	10655
ENSG00000169564	PCBP1	5.7	12090
ENSG00000169567	HINT1	9.2	15304
ENSG00000169570	DTWD2	2.4	6954
ENSG00000169575	VPREB1	0.5	1903
ENSG00000169583	CLIC3	5.1	11329
ENSG00000169592	INO80E	4.8	10931
ENSG00000169594	BNC1	5.5	11839
ENSG00000169598	DFFB	7.5	14017
ENSG00000169599	NFU1	5.0	11192
ENSG00000169604	ANTXR1	6.1	12588
ENSG00000169605	GKN1	1.1	4265
ENSG00000169607	CKAP2L	0.0	1
ENSG00000169609	C15orf40	0.0	1
ENSG00000169612	RAMAC	5.2	11424
ENSG00000169618	PROKR1	2.0	6082
ENSG00000169621	APLF	16.2	17740
ENSG00000169629	RGPD8	2.1	6380
ENSG00000169635	HIC2	3.7	9268
ENSG00000169641	LUZP1	5.2	11424
ENSG00000169660	HEXD	2.1	6380
ENSG00000169676	DRD5	12.6	16868
ENSG00000169679	BUB1	9.7	15609
ENSG00000169682	SPNS1	3.1	8298
ENSG00000169683	LRRC45	0.8	3045
ENSG00000169684	CHRNA5	11.9	16616
ENSG00000169688	MT1B	4.8	10931
ENSG00000169689	CENPX	6.5	13008
ENSG00000169692	AGPAT2	8.2	14610
ENSG00000169696	ASPSCR1	1.8	5759
ENSG00000169704	GP9	6.3	12794
ENSG00000169710	FASN	9.7	15609
ENSG00000169714	CNBP	8.2	14610
ENSG00000169715	MT1E	5.6	11982
ENSG00000169717	ACTRT2	0.5	1903
ENSG00000169718	DUS1L	2.9	7932
ENSG00000169727	GPS1	3.8	9432
ENSG00000169733	RFNG	2.6	7291
ENSG00000169738	DCXR	9.3	15379
ENSG00000169740	ZNF32	2.3	6711
ENSG00000169744	LDB2	4.4	10330
ENSG00000169750	RAC3	15.2	17552
ENSG00000169752	NRG4	0.8	3045
ENSG00000169756	LIMS1	8.7	14962
ENSG00000169758	TMEM266	2.4	6954
ENSG00000169760	NLGN1	36.2	19048
ENSG00000169762	TAPT1	3.7	9268
ENSG00000169764	UGP2	8.9	15105
ENSG00000169777	TAS2R1	3.5	8994
ENSG00000169783	LINGO1	1.5	4687
ENSG00000169813	HNRNPF	6.7	13235
ENSG00000169814	BTD	3.2	8468
ENSG00000169826	CSGALNACT2	6.9	13452
ENSG00000169836	TACR3	5.4	11736
ENSG00000169840	GSX1	5.9	12348
ENSG00000169851	PCDH7	1.0	3282
ENSG00000169855	ROBO1	20.1	18270
ENSG00000169856	ONECUT1	4.4	10330
ENSG00000169857	AVEN	1.3	4364
ENSG00000169860	P2RY1	16.1	17722
ENSG00000169862	CTNND2	6.5	13008
ENSG00000169871	TRIM56	11.1	16303
ENSG00000169876	MUC17	2.2	6585
ENSG00000169877	AHSP	3.9	9571
ENSG00000169884	WNT10B	9.8	15662
ENSG00000169885	CALML6	1.5	4687
ENSG00000169891	REPS2	4.2	10017
ENSG00000169894	MUC3A	1.2	4328
ENSG00000169895	SYAP1	6.6	13122
ENSG00000169896	ITGAM	18.6	18090
ENSG00000169902	TPST1	5.6	11982
ENSG00000169903	TM4SF4	0.0	1
ENSG00000169905	TOR1AIP2	5.0	11192
ENSG00000169906	S100G	1.9	5985
ENSG00000169908	TM4SF1	0.0	1
ENSG00000169914	OTUD3	12.4	16811
ENSG00000169918	OTUD7A	4.4	10330
ENSG00000169919	GUSB	8.9	15105
ENSG00000169925	BRD3	11.3	16392
ENSG00000169926	KLF13	3.7	9268
ENSG00000169933	FRMPD4	2.1	6380
ENSG00000169946	ZFPM2	12.1	16689
ENSG00000169951	ZNF764	3.1	8298
ENSG00000169955	ZNF747	1.5	4687
ENSG00000169957	ZNF768	2.8	7695
ENSG00000169962	TAS1R3	7.8	14288
ENSG00000169964	TMEM42	0.0	1
ENSG00000169967	MAP3K2	5.1	11329
ENSG00000169972	PUSL1	1.0	3282
ENSG00000169976	SF3B5	7.1	13639
ENSG00000169981	ZNF35	5.9	12348
ENSG00000169989	TIGD4	0.5	1903
ENSG00000169991	IFFO2	0.0	1
ENSG00000169992	NLGN2	13.9	17231
ENSG00000169994	MYO7B	5.1	11329
ENSG00000170004	CHD3	15.9	17685
ENSG00000170006	TMEM154	0.0	1
ENSG00000170011	MYRIP	2.1	6380
ENSG00000170017	ALCAM	7.3	13831
ENSG00000170027	YWHAG	14.2	17296
ENSG00000170035	UBE2E3	6.8	13329
ENSG00000170037	CNTROB	4.7	10753
ENSG00000170043	TRAPPC1	2.9	7932
ENSG00000170044	ZPLD1	0.0	1
ENSG00000170049	KCNAB3	3.8	9432
ENSG00000170054	SERPINA9	1.3	4364
ENSG00000170074	FAM153A	0.0	1
ENSG00000170075	GPR37L1	7.3	13831
ENSG00000170085	SIMC1	2.1	6380
ENSG00000170088	TMEM192	0.8	3045
ENSG00000170091	NSG2	1.5	4687
ENSG00000170092	SPDYE5	0.5	1903
ENSG00000170099	SERPINA6	3.9	9571
ENSG00000170100	ZNF778	1.5	4687
ENSG00000170113	NIPA1	2.3	6711
ENSG00000170122	FOXD4	4.9	11073
ENSG00000170128	GPR25	7.6	14102
ENSG00000170142	UBE2E1	11.0	16257
ENSG00000170144	HNRNPA3	3.4	8766
ENSG00000170145	SIK2	7.9	14372
ENSG00000170153	RNF150	1.0	3282
ENSG00000170160	CCDC144A	0.6	2927
ENSG00000170162	VGLL2	0.5	1903
ENSG00000170166	HOXD4	7.8	14288
ENSG00000170175	CHRNB1	16.0	17704
ENSG00000170178	HOXD12	1.8	5759
ENSG00000170180	GYPA	0.8	3045
ENSG00000170185	USP38	4.2	10017
ENSG00000170190	SLC16A5	2.3	6711
ENSG00000170191	NANP	3.4	8766
ENSG00000170209	ANKK1	1.3	4364
ENSG00000170214	ADRA1B	12.7	16895
ENSG00000170222	ADPRM	2.0	6082
ENSG00000170231	FABP6	5.2	11424
ENSG00000170234	PWWP2A	6.5	13008
ENSG00000170236	USP50	7.1	13639
ENSG00000170242	USP47	8.4	14752
ENSG00000170248	PDCD6IP	17.5	17947
ENSG00000170255	MRGPRX1	11.1	16303
ENSG00000170260	ZNF212	6.7	13235
ENSG00000170262	MRAP	12.0	16648
ENSG00000170264	FAM161A	3.7	9268
ENSG00000170265	ZNF282	5.3	11597
ENSG00000170266	GLB1	7.5	14017
ENSG00000170270	GON7	1.4	4622
ENSG00000170271	FAXDC2	2.6	7291
ENSG00000170275	CRTAP	3.1	8298
ENSG00000170276	HSPB2	3.5	8994
ENSG00000170289	CNGB3	6.7	13235
ENSG00000170291	ELP5	2.7	7600
ENSG00000170293	CMTM8	1.0	3282
ENSG00000170296	GABARAP	11.7	16536
ENSG00000170298	LGALS9B	2.5	7104
ENSG00000170310	STX8	5.7	12090
ENSG00000170312	CDK1	38.7	19089
ENSG00000170315	UBB	9.4	15426
ENSG00000170322	NFRKB	6.1	12588
ENSG00000170323	FABP4	6.2	12686
ENSG00000170324	FRMPD2	2.6	7291
ENSG00000170325	PRDM10	3.9	9571
ENSG00000170340	B3GNT2	4.4	10330
ENSG00000170345	FOS	22.4	18467
ENSG00000170348	TMED10	13.8	17208
ENSG00000170364	SETMAR	27.2	18754
ENSG00000170365	SMAD1	29.9	18877
ENSG00000170367	CST5	2.2	6585
ENSG00000170369	CST2	2.2	6585
ENSG00000170370	EMX2	4.8	10931
ENSG00000170373	CST1	2.2	6585
ENSG00000170374	SP7	7.7	14204
ENSG00000170379	TCAF2	5.5	11839
ENSG00000170381	SEMA3E	11.8	16572
ENSG00000170382	LRRN2	3.2	8468
ENSG00000170385	SLC30A1	16.2	17740
ENSG00000170390	DCLK2	1.0	3282
ENSG00000170396	ZNF804A	2.4	6954
ENSG00000170412	GPRC5C	2.3	6711
ENSG00000170417	TMEM182	2.0	6082
ENSG00000170419	VSTM2A	4.2	10017
ENSG00000170421	KRT8	1.3	4364
ENSG00000170423	KRT78	1.5	4687
ENSG00000170425	ADORA2B	3.3	8619
ENSG00000170426	SDR9C7	2.3	6711
ENSG00000170430	MGMT	5.3	11597
ENSG00000170439	TMT1B	2.9	7932
ENSG00000170442	KRT86	1.5	4687
ENSG00000170445	HARS1	8.5	14830
ENSG00000170448	NFXL1	1.5	4687
ENSG00000170454	KRT75	2.4	6954
ENSG00000170456	DENND5B	2.7	7600
ENSG00000170458	CD14	19.5	18215
ENSG00000170464	DNAJC18	1.5	4687
ENSG00000170465	KRT6C	2.3	6711
ENSG00000170468	RIOX1	8.1	14536
ENSG00000170469	SPATA24	0.5	1903
ENSG00000170471	RALGAPB	3.3	8619
ENSG00000170473	PYM1	4.7	10753
ENSG00000170476	MZB1	3.8	9432
ENSG00000170477	KRT4	3.9	9571
ENSG00000170482	SLC23A1	11.8	16572
ENSG00000170484	KRT74	3.1	8298
ENSG00000170485	NPAS2	12.7	16895
ENSG00000170486	KRT72	1.5	4687
ENSG00000170498	KISS1	5.9	12348
ENSG00000170500	LONRF2	2.0	6082
ENSG00000170502	NUDT9	3.6	9147
ENSG00000170509	HSD17B13	3.6	9147
ENSG00000170515	PA2G4	4.7	10753
ENSG00000170516	COX7B2	0.0	1
ENSG00000170522	ELOVL6	9.3	15379
ENSG00000170523	KRT83	3.2	8468
ENSG00000170525	PFKFB3	4.9	11073
ENSG00000170537	TMC7	1.5	4687
ENSG00000170540	ARL6IP1	5.0	11192
ENSG00000170542	SERPINB9	7.7	14204
ENSG00000170545	SMAGP	0.0	1
ENSG00000170549	IRX1	6.2	12686
ENSG00000170558	CDH2	14.9	17482
ENSG00000170561	IRX2	5.4	11736
ENSG00000170571	EMB	2.5	7104
ENSG00000170577	SIX2	13.2	17041
ENSG00000170579	DLGAP1	3.0	8111
ENSG00000170581	STAT2	17.1	17878
ENSG00000170584	NUDCD2	1.0	3282
ENSG00000170604	IRF2BP1	4.2	10017
ENSG00000170605	OR9K2	1.0	3282
ENSG00000170606	HSPA4	3.8	9432
ENSG00000170608	FOXA3	8.0	14457
ENSG00000170613	GARIN3	0.0	1
ENSG00000170615	SLC26A5	6.6	13122
ENSG00000170619	COMMD5	0.6	2927
ENSG00000170624	SGCD	2.5	7104
ENSG00000170627	GTSF1	0.8	3045
ENSG00000170629	DPY19L2P2	1.0	3282
ENSG00000170631	ZNF16	7.1	13639
ENSG00000170632	ARMC10	4.5	10501
ENSG00000170633	RNF34	15.0	17507
ENSG00000170634	ACYP2	3.1	8298
ENSG00000170638	TRABD	2.4	6954
ENSG00000170653	ATF7	10.4	15985
ENSG00000170667	RASA4B	1.0	3282
ENSG00000170677	SOCS6	3.1	8298
ENSG00000170681	CAVIN4	1.3	4364
ENSG00000170683	OR10A3	2.2	6585
ENSG00000170684	ZNF296	3.3	8619
ENSG00000170689	HOXB9	5.1	11329
ENSG00000170703	TTLL6	5.8	12204
ENSG00000170734	POLH	9.2	15304
ENSG00000170743	SYT9	3.5	8994
ENSG00000170745	KCNS3	5.2	11424
ENSG00000170748	RBMXL2	1.5	4687
ENSG00000170759	KIF5B	16.8	17833
ENSG00000170775	GPR37	13.1	17014
ENSG00000170776	AKAP13	14.3	17326
ENSG00000170777	TPD52L3	0.0	1
ENSG00000170779	CDCA4	0.5	1903
ENSG00000170782	OR10A4	1.0	3282
ENSG00000170786	SDR16C5	9.6	15554
ENSG00000170788	DYDC1	1.2	4328
ENSG00000170790	OR10A2	1.0	3282
ENSG00000170791	CHCHD7	0.5	1903
ENSG00000170801	HTRA3	5.2	11424
ENSG00000170802	FOXN2	3.7	9268
ENSG00000170807	LMOD2	7.6	14102
ENSG00000170819	BFSP2	1.9	5985
ENSG00000170820	FSHR	13.8	17208
ENSG00000170832	USP32	3.0	8111
ENSG00000170835	CEL	8.3	14683
ENSG00000170836	PPM1D	11.1	16303
ENSG00000170837	GPR27	2.3	6711
ENSG00000170846	MRFAP1L2	0.8	3045
ENSG00000170848	PSG6	1.5	4687
ENSG00000170852	KBTBD2	4.8	10931
ENSG00000170854	RIOX2	5.2	11424
ENSG00000170855	TRIAP1	11.1	16303
ENSG00000170860	LSM3	7.9	14372
ENSG00000170871	KIAA0232	0.0	1
ENSG00000170873	MTSS1	10.4	15985
ENSG00000170876	TMEM43	7.4	13914
ENSG00000170881	RNF139	15.4	17593
ENSG00000170889	RPS9	6.5	13008
ENSG00000170890	PLA2G1B	24.6	18616
ENSG00000170891	CYTL1	2.3	6711
ENSG00000170892	TSEN34	1.8	5759
ENSG00000170893	TRH	4.0	9765
ENSG00000170899	GSTA4	6.4	12917
ENSG00000170903	MSANTD4	0.0	1
ENSG00000170906	NDUFA3	2.4	6954
ENSG00000170909	OSCAR	3.9	9571
ENSG00000170915	PAQR8	1.5	4687
ENSG00000170917	NUDT6	4.7	10753
ENSG00000170920	OR7G3	1.0	3282
ENSG00000170921	TANC2	2.5	7104
ENSG00000170923	OR7G2	1.0	3282
ENSG00000170925	TEX13B	0.5	1903
ENSG00000170927	PKHD1	12.8	16920
ENSG00000170929	OR1M1	1.0	3282
ENSG00000170935	NCBP2L	1.0	3282
ENSG00000170946	DNAJC24	5.1	11329
ENSG00000170949	ZNF160	2.1	6380
ENSG00000170950	PGK2	7.9	14372
ENSG00000170953	OR8B12	2.0	6082
ENSG00000170954	ZNF415	1.5	4687
ENSG00000170955	CAVIN3	1.0	3282
ENSG00000170956	CEACAM3	1.5	4687
ENSG00000170959	DCDC1	2.6	7291
ENSG00000170961	HAS2	16.6	17809
ENSG00000170962	PDGFD	3.0	8111
ENSG00000170965	PLAC1	0.8	3045
ENSG00000170967	DDI1	4.7	10753
ENSG00000170989	S1PR1	12.9	16951
ENSG00000171004	HS6ST2	2.8	7695
ENSG00000171014	OR4D5	0.5	1903
ENSG00000171016	PYGO1	1.8	5759
ENSG00000171017	LRRC8E	7.6	14102
ENSG00000171033	PKIA	4.6	10655
ENSG00000171044	XKR6	1.5	4687
ENSG00000171045	TSNARE1	2.5	7104
ENSG00000171049	FPR2	27.9	18790
ENSG00000171051	FPR1	11.6	16500
ENSG00000171054	OR13H1	1.0	3282
ENSG00000171055	FEZ2	3.5	8994
ENSG00000171056	SOX7	6.2	12686
ENSG00000171060	C8orf74	0.0	1
ENSG00000171067	C11orf24	0.0	1
ENSG00000171094	ALK	16.1	17722
ENSG00000171097	KYAT1	3.7	9268
ENSG00000171100	MTM1	15.3	17571
ENSG00000171102	OBP2B	2.1	6380
ENSG00000171103	TRMT61B	5.0	11192
ENSG00000171105	INSR	48.6	19183
ENSG00000171109	MFN1	7.1	13639
ENSG00000171115	GIMAP8	0.5	1903
ENSG00000171119	NRTN	9.1	15239
ENSG00000171121	KCNMB3	7.0	13559
ENSG00000171124	FUT3	16.8	17833
ENSG00000171126	KCNG3	5.5	11839
ENSG00000171130	ATP6V0E2	4.2	10017
ENSG00000171132	PRKCE	19.5	18215
ENSG00000171133	OR2K2	1.0	3282
ENSG00000171135	JAGN1	4.8	10931
ENSG00000171136	RLN3	0.5	1903
ENSG00000171148	TADA3	14.5	17382
ENSG00000171150	SOCS5	5.0	11192
ENSG00000171155	C1GALT1C1	1.6	5463
ENSG00000171159	BBLN	1.6	5463
ENSG00000171160	MORN4	1.0	3282
ENSG00000171161	ZNF672	1.5	4687
ENSG00000171163	ZNF692	4.7	10753
ENSG00000171169	NAIF1	1.6	5463
ENSG00000171174	RBKS	3.1	8298
ENSG00000171180	OR2M4	2.2	6585
ENSG00000171189	GRIK1	10.1	15809
ENSG00000171195	MUC7	1.6	5463
ENSG00000171199	OPRPN	3.4	8766
ENSG00000171201	SMR3B	1.0	3282
ENSG00000171202	TMEM126A	3.7	9268
ENSG00000171204	TMEM126B	1.9	5985
ENSG00000171206	TRIM8	8.6	14895
ENSG00000171208	NETO2	1.5	4687
ENSG00000171209	CSN3	2.6	7291
ENSG00000171217	CLDN20	1.0	3282
ENSG00000171219	CDC42BPG	6.5	13008
ENSG00000171222	SCAND1	0.0	1
ENSG00000171223	JUNB	8.7	14962
ENSG00000171224	FAM241B	0.0	1
ENSG00000171227	TMEM37	0.0	1
ENSG00000171234	UGT2B7	7.7	14204
ENSG00000171236	LRG1	11.3	16392
ENSG00000171241	SHCBP1	1.5	4687
ENSG00000171243	SOSTDC1	6.3	12794
ENSG00000171246	NPTX1	2.3	6711
ENSG00000171262	TSLIG3B	5.1	11329
ENSG00000171291	ZNF439	1.5	4687
ENSG00000171295	ZNF440	1.5	4687
ENSG00000171298	GAA	11.9	16616
ENSG00000171302	CANT1	6.0	12446
ENSG00000171303	KCNK3	11.1	16303
ENSG00000171307	ZDHHC16	5.1	11329
ENSG00000171310	CHST11	5.2	11424
ENSG00000171311	EXOSC1	3.0	8111
ENSG00000171314	PGAM1	8.2	14610
ENSG00000171316	CHD7	19.5	18215
ENSG00000171320	ESCO2	5.2	11424
ENSG00000171345	KRT19	5.3	11597
ENSG00000171346	KRT15	4.6	10655
ENSG00000171357	LURAP1	2.6	7291
ENSG00000171360	KRT38	2.9	7932
ENSG00000171365	CLCN5	5.5	11839
ENSG00000171368	TPPP	15.3	17571
ENSG00000171385	KCND3	15.8	17668
ENSG00000171388	APLN	14.4	17358
ENSG00000171396	KRTAP4-4	0.5	1903
ENSG00000171401	KRT13	3.3	8619
ENSG00000171402	XAGE3	0.0	1
ENSG00000171403	KRT9	5.4	11736
ENSG00000171405	XAGE5	0.0	1
ENSG00000171408	PDE7B	5.0	11192
ENSG00000171421	MRPL36	1.2	4328
ENSG00000171425	ZNF581	1.5	4687
ENSG00000171428	NAT1	3.2	8468
ENSG00000171431	KRT20	3.4	8766
ENSG00000171433	GLOD5	0.0	1
ENSG00000171435	KSR2	2.8	7695
ENSG00000171443	ZNF524	2.3	6711
ENSG00000171444	MCC	6.3	12794
ENSG00000171446	KRT27	2.5	7104
ENSG00000171448	ZBTB26	4.1	9897
ENSG00000171450	CDK5R2	4.8	10931
ENSG00000171451	DSEL	3.3	8619
ENSG00000171453	POLR1C	7.3	13831
ENSG00000171456	ASXL1	6.0	12446
ENSG00000171459	OR1L6	1.0	3282
ENSG00000171462	DLK2	1.3	4364
ENSG00000171466	ZNF562	1.5	4687
ENSG00000171467	ZNF318	2.5	7104
ENSG00000171469	ZNF561	1.5	4687
ENSG00000171476	HOPX	3.5	8994
ENSG00000171481	OR1L3	1.0	3282
ENSG00000171483	SSX6P	0.0	1
ENSG00000171487	NLRP5	7.5	14017
ENSG00000171488	LRRC8C	5.9	12348
ENSG00000171492	LRRC8D	9.2	15304
ENSG00000171495	MROH2B	0.5	1903
ENSG00000171496	OR1L8	1.0	3282
ENSG00000171497	PPID	14.4	17358
ENSG00000171501	OR1N2	1.0	3282
ENSG00000171502	COL24A1	1.6	5463
ENSG00000171503	ETFDH	10.2	15862
ENSG00000171505	OR1N1	1.0	3282
ENSG00000171509	RXFP1	2.3	6711
ENSG00000171517	LPAR3	5.5	11839
ENSG00000171522	PTGER4	15.5	17610
ENSG00000171530	TBCA	4.7	10753
ENSG00000171532	NEUROD2	12.5	16839
ENSG00000171533	MAP6	4.1	9897
ENSG00000171540	OTP	3.9	9571
ENSG00000171551	ECEL1	3.3	8619
ENSG00000171552	BCL2L1	22.2	18455
ENSG00000171557	FGG	20.0	18262
ENSG00000171560	FGA	23.1	18512
ENSG00000171561	OR2AT4	2.6	7291
ENSG00000171564	FGB	20.0	18262
ENSG00000171566	PLRG1	2.9	7932
ENSG00000171574	ZNF584	1.5	4687
ENSG00000171587	DSCAM	10.7	16120
ENSG00000171595	DNAI2	6.0	12446
ENSG00000171596	NMUR1	10.7	16120
ENSG00000171603	CLSTN1	5.3	11597
ENSG00000171604	CXXC5	5.8	12204
ENSG00000171606	ZNF274	6.5	13008
ENSG00000171608	PIK3CD	35.9	19043
ENSG00000171611	PTCRA	1.3	4364
ENSG00000171612	SLC25A33	12.1	16689
ENSG00000171617	ENC1	5.4	11736
ENSG00000171621	SPSB1	3.4	8766
ENSG00000171631	P2RY6	15.0	17507
ENSG00000171634	BPTF	8.3	14683
ENSG00000171643	S100Z	2.6	7291
ENSG00000171649	ZIK1	1.5	4687
ENSG00000171657	GPR82	0.0	1
ENSG00000171659	GPR34	2.8	7695
ENSG00000171680	PLEKHG5	4.3	10201
ENSG00000171681	ATF7IP	4.2	10017
ENSG00000171695	LKAAEAR1	0.0	1
ENSG00000171700	RGS19	3.7	9268
ENSG00000171703	TCEA2	2.2	6585
ENSG00000171714	ANO5	4.7	10753
ENSG00000171720	HDAC3	35.4	19035
ENSG00000171722	SPATA46	1.5	4687
ENSG00000171723	GPHN	10.7	16120
ENSG00000171724	VAT1L	0.5	1903
ENSG00000171729	TMEM51	0.0	1
ENSG00000171735	CAMTA1	2.3	6711
ENSG00000171747	LGALS4	2.3	6711
ENSG00000171757	LRRC34	0.0	1
ENSG00000171759	PAH	4.7	10753
ENSG00000171763	AFG2B	7.0	13559
ENSG00000171766	GATM	6.3	12794
ENSG00000171772	SYCE1	2.8	7695
ENSG00000171773	NXNL1	4.5	10501
ENSG00000171777	RASGRP4	6.1	12588
ENSG00000171786	NHLH1	6.1	12588
ENSG00000171790	SLFNL1	0.0	1
ENSG00000171791	BCL2	42.2	19136
ENSG00000171792	RHNO1	8.2	14610
ENSG00000171793	CTPS1	15.3	17571
ENSG00000171798	KNDC1	2.5	7104
ENSG00000171804	WDR87	0.0	1
ENSG00000171806	METTL18	6.6	13122
ENSG00000171811	CFAP46	0.5	1903
ENSG00000171812	COL8A2	4.6	10655
ENSG00000171813	PWWP2B	2.3	6711
ENSG00000171815	PCDHB1	1.0	3282
ENSG00000171817	ZNF540	3.9	9571
ENSG00000171819	ANGPTL7	3.3	8619
ENSG00000171823	FBXL14	3.3	8619
ENSG00000171824	EXOSC10	19.9	18258
ENSG00000171827	ZNF570	1.5	4687
ENSG00000171840	NINJ2	5.2	11424
ENSG00000171843	MLLT3	12.2	16737
ENSG00000171847	FAM90A1	0.0	1
ENSG00000171848	RRM2	5.8	12204
ENSG00000171853	TRAPPC12	5.8	12204
ENSG00000171855	IFNB1	28.4	18810
ENSG00000171858	RPS21	7.3	13831
ENSG00000171860	C3AR1	13.7	17187
ENSG00000171861	MRM3	5.4	11736
ENSG00000171862	PTEN	57.1	19217
ENSG00000171863	RPS7	15.1	17529
ENSG00000171864	PRND	2.8	7695
ENSG00000171865	RNASEH1	5.4	11736
ENSG00000171867	PRNP	33.2	18984
ENSG00000171872	KLF17	4.3	10201
ENSG00000171873	ADRA1D	11.1	16303
ENSG00000171877	FRMD5	4.5	10501
ENSG00000171885	AQP4	10.6	16075
ENSG00000171903	CYP4F11	10.6	16075
ENSG00000171914	TLN2	5.8	12204
ENSG00000171916	LGALS9C	2.5	7104
ENSG00000171928	TVP23B	1.0	3282
ENSG00000171931	FBXW10	0.6	2927
ENSG00000171936	OR10H3	1.0	3282
ENSG00000171940	ZNF217	7.2	13747
ENSG00000171942	OR10H2	1.0	3282
ENSG00000171943	SRGAP2C	10.8	16162
ENSG00000171944	OR52A5	1.7	5664
ENSG00000171951	SCG2	14.4	17358
ENSG00000171953	ATPAF2	2.7	7600
ENSG00000171954	CYP4F22	3.9	9571
ENSG00000171956	FOXB1	11.8	16572
ENSG00000171960	PPIH	7.6	14102
ENSG00000171962	DRC3	1.2	4328
ENSG00000171970	ZNF57	1.5	4687
ENSG00000171984	SHLD1	5.7	12090
ENSG00000171988	JMJD1C	8.2	14610
ENSG00000171989	LDHAL6B	4.1	9897
ENSG00000171992	SYNPO	3.0	8111
ENSG00000172000	ZNF556	1.5	4687
ENSG00000172005	MAL	9.8	15662
ENSG00000172006	ZNF554	1.5	4687
ENSG00000172007	RAB33B	12.9	16951
ENSG00000172009	THOP1	2.3	6711
ENSG00000172014	ANKRD20A4P	0.0	1
ENSG00000172016	REG3A	10.6	16075
ENSG00000172020	GAP43	5.6	11982
ENSG00000172023	REG1B	2.5	7104
ENSG00000172031	EPHX4	0.5	1903
ENSG00000172037	LAMB2	5.1	11329
ENSG00000172046	USP19	12.0	16648
ENSG00000172053	QARS1	9.8	15662
ENSG00000172057	ORMDL3	6.3	12794
ENSG00000172059	KLF11	10.3	15915
ENSG00000172061	LRRC15	8.2	14610
ENSG00000172071	EIF2AK3	29.7	18867
ENSG00000172073	SPMIP9	0.0	1
ENSG00000172081	MOB3A	1.0	3282
ENSG00000172086	KRCC1	0.0	1
ENSG00000172113	NME6	5.5	11839
ENSG00000172115	CYCS	5.3	11597
ENSG00000172116	CD8B	5.2	11424
ENSG00000172123	SLFN12	4.8	10931
ENSG00000172137	CALB2	2.5	7104
ENSG00000172139	SLC9C1	2.5	7104
ENSG00000172146	OR1A1	1.0	3282
ENSG00000172148	OR7A2P	1.0	3282
ENSG00000172150	OR1A2	1.8	5759
ENSG00000172154	OR8I2	2.0	6082
ENSG00000172156	CCL11	22.9	18499
ENSG00000172159	FRMD3	0.5	1903
ENSG00000172164	SNTB1	1.5	4687
ENSG00000172167	MTBP	1.8	5759
ENSG00000172171	TEFM	5.0	11192
ENSG00000172172	MRPL13	3.8	9432
ENSG00000172175	MALT1	20.1	18270
ENSG00000172179	PRL	11.0	16257
ENSG00000172183	ISG20	11.8	16572
ENSG00000172188	OR4C11	0.5	1903
ENSG00000172197	MBOAT1	8.2	14610
ENSG00000172199	OR8U1	0.0	1
ENSG00000172201	ID4	3.9	9571
ENSG00000172208	OR4X2	0.5	1903
ENSG00000172209	GPR22	2.3	6711
ENSG00000172215	CXCR6	6.6	13122
ENSG00000172216	CEBPB	29.1	18836
ENSG00000172232	AZU1	22.3	18461
ENSG00000172236	TPSAB1	5.8	12204
ENSG00000172238	ATOH1	7.5	14017
ENSG00000172239	PAIP1	7.7	14204
ENSG00000172243	CLEC7A	43.5	19145
ENSG00000172244	C5orf34	0.0	1
ENSG00000172247	C1QTNF4	4.2	10017
ENSG00000172250	SERHL	0.5	1903
ENSG00000172260	NEGR1	5.0	11192
ENSG00000172262	ZBTB35	2.5	7104
ENSG00000172264	MACROD2	7.1	13639
ENSG00000172269	DPAGT1	6.8	13329
ENSG00000172270	BSG	17.7	17976
ENSG00000172273	HINFP	17.2	17902
ENSG00000172289	OR10V1	1.0	3282
ENSG00000172292	CERS6	4.4	10330
ENSG00000172296	SPTLC3	4.8	10931
ENSG00000172301	COPRS	3.2	8468
ENSG00000172315	TP53RK	5.8	12204
ENSG00000172318	B3GALT1	4.4	10330
ENSG00000172320	OR5A1	1.0	3282
ENSG00000172322	CLEC12A	8.4	14752
ENSG00000172324	OR5A2	1.0	3282
ENSG00000172331	BPGM	3.8	9432
ENSG00000172336	POP7	4.0	9765
ENSG00000172339	ALG14	2.9	7932
ENSG00000172340	SUCLG2	4.4	10330
ENSG00000172345	STARD5	5.6	11982
ENSG00000172346	CSDC2	1.6	5463
ENSG00000172348	RCAN2	1.0	3282
ENSG00000172350	ABCG4	8.2	14610
ENSG00000172354	GNB2	5.2	11424
ENSG00000172361	CFAP53	4.6	10655
ENSG00000172362	OR5B12	2.0	6082
ENSG00000172365	OR5B2	2.0	6082
ENSG00000172367	NHERF4	7.1	13639
ENSG00000172375	C2CD2L	3.9	9571
ENSG00000172377	OR9I1	2.0	6082
ENSG00000172379	ARNT2	13.2	17041
ENSG00000172380	GNG12	2.7	7600
ENSG00000172382	PRSS27	1.0	3282
ENSG00000172399	MYOZ2	5.4	11736
ENSG00000172403	SYNPO2	6.0	12446
ENSG00000172404	DNAJB7	2.8	7695
ENSG00000172409	CLP1	10.8	16162
ENSG00000172410	INSL5	1.0	3282
ENSG00000172421	EFCAB3	0.0	1
ENSG00000172425	TTC36	4.5	10501
ENSG00000172426	RSPH9	5.3	11597
ENSG00000172428	COPS9	3.2	8468
ENSG00000172432	GTPBP2	3.7	9268
ENSG00000172456	FGGY	2.6	7291
ENSG00000172457	OR9G4	2.0	6082
ENSG00000172459	OR5AR1	1.0	3282
ENSG00000172461	FUT9	17.3	17917
ENSG00000172464	OR5AP2	2.0	6082
ENSG00000172466	ZNF24	6.5	13008
ENSG00000172469	MANEA	2.2	6585
ENSG00000172476	RAB40A	3.4	8766
ENSG00000172478	MAB21L4	0.0	1
ENSG00000172482	AGXT	15.2	17552
ENSG00000172487	OR8J1	0.0	1
ENSG00000172489	OR5T3	2.0	6082
ENSG00000172493	AFF1	2.0	6082
ENSG00000172497	ACOT12	2.8	7695
ENSG00000172500	FIBP	2.7	7600
ENSG00000172508	CARNS1	7.0	13559
ENSG00000172519	OR10H5	1.0	3282
ENSG00000172530	BANP	0.8	3045
ENSG00000172531	PPP1CA	18.5	18079
ENSG00000172534	HCFC1	13.4	17108
ENSG00000172538	FAM170B	1.5	4687
ENSG00000172543	CTSW	2.8	7695
ENSG00000172548	NIPAL4	0.5	1903
ENSG00000172554	SNTG2	2.5	7104
ENSG00000172568	FNDC9	0.0	1
ENSG00000172572	PDE3A	17.1	17878
ENSG00000172575	RASGRP1	22.2	18455
ENSG00000172578	KLHL6	1.6	5463
ENSG00000172586	CHCHD1	1.1	4265
ENSG00000172590	MRPL52	2.1	6380
ENSG00000172594	SMPDL3A	6.1	12588
ENSG00000172602	RND1	6.8	13329
ENSG00000172613	RAD9A	11.7	16536
ENSG00000172638	EFEMP2	9.2	15304
ENSG00000172640	OR10AD1	1.0	3282
ENSG00000172650	AGAP5	1.0	3282
ENSG00000172661	WASHC2C	14.4	17358
ENSG00000172663	TMEM134	0.0	1
ENSG00000172667	ZMAT3	0.5	1903
ENSG00000172671	ZFAND4	0.0	1
ENSG00000172673	THEMIS	2.0	6082
ENSG00000172680	MOS	7.6	14102
ENSG00000172687	ZNF738	2.5	7104
ENSG00000172689	MS4A10	0.5	1903
ENSG00000172716	SLFN11	7.4	13914
ENSG00000172717	GARIN2	0.5	1903
ENSG00000172724	CCL19	36.9	19058
ENSG00000172725	CORO1B	17.4	17934
ENSG00000172728	POFUT3	11.9	16616
ENSG00000172731	LRRC20	0.0	1
ENSG00000172732	MUS81	14.0	17251
ENSG00000172733	PURG	2.5	7104
ENSG00000172738	TMEM217	0.0	1
ENSG00000172742	OR4D9	0.5	1903
ENSG00000172748	ZNF596	1.5	4687
ENSG00000172752	COL6A5	2.1	6380
ENSG00000172757	CFL1	10.8	16162
ENSG00000172765	TMCC1	6.8	13329
ENSG00000172766	NAA16	4.1	9897
ENSG00000172769	OR5B3	2.0	6082
ENSG00000172771	EFCAB12	0.0	1
ENSG00000172772	OR10W1	1.0	3282
ENSG00000172775	PSME3IP1	2.2	6585
ENSG00000172780	RAB43	7.9	14372
ENSG00000172782	FADS6	1.0	3282
ENSG00000172785	ZNG1A	2.3	6711
ENSG00000172789	HOXC5	4.3	10201
ENSG00000172794	RAB37	4.1	9897
ENSG00000172795	DCP2	9.9	15713
ENSG00000172803	SNX32	3.2	8468
ENSG00000172809	RPL38	9.9	15713
ENSG00000172817	CYP7B1	4.7	10753
ENSG00000172818	OVOL1	2.8	7695
ENSG00000172819	RARG	12.7	16895
ENSG00000172824	CES4A	0.5	1903
ENSG00000172828	CES3	3.2	8468
ENSG00000172830	SSH3	2.0	6082
ENSG00000172831	CES2	7.7	14204
ENSG00000172840	PDP2	2.3	6711
ENSG00000172845	SP3	10.1	15809
ENSG00000172867	KRT2	8.6	14895
ENSG00000172869	DMXL1	1.1	4265
ENSG00000172878	METAP1D	3.1	8298
ENSG00000172888	ZNF621	1.5	4687
ENSG00000172889	EGFL7	3.6	9147
ENSG00000172890	NADSYN1	3.1	8298
ENSG00000172893	DHCR7	8.9	15105
ENSG00000172901	LVRN	1.5	4687
ENSG00000172915	NBEA	1.0	3282
ENSG00000172922	RNASEH2C	1.9	5985
ENSG00000172932	ANKRD13D	3.4	8766
ENSG00000172935	MRGPRF	1.0	3282
ENSG00000172936	MYD88	32.7	18974
ENSG00000172938	MRGPRD	5.4	11736
ENSG00000172939	OXSR1	21.2	18378
ENSG00000172940	SLC22A13	6.5	13008
ENSG00000172943	PHF8	16.2	17740
ENSG00000172954	LCLAT1	5.4	11736
ENSG00000172955	ADH6	3.4	8766
ENSG00000172967	XKR3	0.0	1
ENSG00000172969	FRG2C	0.0	1
ENSG00000172977	KAT5	43.7	19148
ENSG00000172985	SH3RF3	3.9	9571
ENSG00000172986	GXYLT2	2.1	6380
ENSG00000172987	HPSE2	4.8	10931
ENSG00000172992	DCAKD	2.7	7600
ENSG00000172995	ARPP21	0.0	1
ENSG00000173011	TADA2B	3.8	9432
ENSG00000173013	CFAP184	0.5	1903
ENSG00000173020	GRK2	19.0	18150
ENSG00000173039	RELA	83.2	19258
ENSG00000173040	EVC2	0.5	1903
ENSG00000173041	ZNF680	1.5	4687
ENSG00000173064	HECTD4	2.1	6380
ENSG00000173065	FAM222B	0.0	1
ENSG00000173068	BNC2	0.5	1903
ENSG00000173080	RXFP4	1.0	3282
ENSG00000173083	HPSE	17.0	17864
ENSG00000173085	COQ2	7.6	14102
ENSG00000173093	CCDC63	1.5	4687
ENSG00000173110	HSPA6	9.3	15379
ENSG00000173113	TRMT112	12.0	16648
ENSG00000173114	LRRN3	0.5	1903
ENSG00000173120	KDM2A	9.1	15239
ENSG00000173124	ACSM6	2.0	6082
ENSG00000173137	ADCK5	0.0	1
ENSG00000173141	MRPL57	2.1	6380
ENSG00000173145	NOC3L	1.5	4687
ENSG00000173153	ESRRA	6.5	13008
ENSG00000173156	RHOD	7.6	14102
ENSG00000173157	ADAMTS20	1.5	4687
ENSG00000173163	COMMD1	18.3	18062
ENSG00000173166	RAPH1	1.5	4687
ENSG00000173171	MTX1	2.6	7291
ENSG00000173175	ADCY5	12.0	16648
ENSG00000173193	PARP14	10.8	16162
ENSG00000173198	CYSLTR1	5.1	11329
ENSG00000173200	PARP15	6.3	12794
ENSG00000173207	CKS1B	2.5	7104
ENSG00000173208	ABCD2	13.4	17108
ENSG00000173209	AHSA2P	1.0	3282
ENSG00000173210	ABLIM3	3.6	9147
ENSG00000173212	MAB21L3	0.0	1
ENSG00000173213	TUBB8B	2.0	6082
ENSG00000173214	SLC60A2	1.0	3282
ENSG00000173218	VANGL1	0.6	2927
ENSG00000173221	GLRX	4.7	10753
ENSG00000173226	IQCB1	8.0	14457
ENSG00000173227	SYT12	2.5	7104
ENSG00000173230	GOLGB1	2.2	6585
ENSG00000173237	C11orf86	0.0	1
ENSG00000173239	LIPM	2.8	7695
ENSG00000173250	GPR151	5.2	11424
ENSG00000173253	DMRT2	2.5	7104
ENSG00000173258	ZNF483	1.5	4687
ENSG00000173261	PLAC8L1	0.0	1
ENSG00000173262	SLC2A14	4.2	10017
ENSG00000173264	GPR137	2.0	6082
ENSG00000173267	SNCG	2.0	6082
ENSG00000173269	MMRN2	9.4	15426
ENSG00000173272	MZT2A	0.6	2927
ENSG00000173273	TNKS	23.2	18520
ENSG00000173275	ZNF449	2.3	6711
ENSG00000173276	ZBTB21	5.5	11839
ENSG00000173281	PPP1R3B	2.3	6711
ENSG00000173285	OR10K1	1.5	4687
ENSG00000173302	GPR148	1.5	4687
ENSG00000173320	STOX2	3.3	8619
ENSG00000173327	MAP3K11	14.3	17326
ENSG00000173334	TRIB1	14.9	17482
ENSG00000173335	CST9	1.3	4364
ENSG00000173338	KCNK7	3.3	8619
ENSG00000173349	SFT2D3	0.0	1
ENSG00000173369	C1QB	5.2	11424
ENSG00000173372	C1QA	10.0	15759
ENSG00000173376	NDNF	10.4	15985
ENSG00000173389	IQCF1	2.0	6082
ENSG00000173391	OLR1	4.1	9897
ENSG00000173401	GLIPR1L1	0.5	1903
ENSG00000173402	DAG1	22.7	18485
ENSG00000173404	INSM1	17.4	17934
ENSG00000173406	DAB1	2.0	6082
ENSG00000173409	ARV1	6.2	12686
ENSG00000173418	NAA20	4.2	10017
ENSG00000173421	IHO1	4.1	9897
ENSG00000173431	RNASE8	7.3	13831
ENSG00000173432	SAA1	9.0	15175
ENSG00000173436	MICOS10	2.4	6954
ENSG00000173442	EHBP1L1	2.0	6082
ENSG00000173451	THAP2	0.0	1
ENSG00000173452	TMEM196	3.7	9268
ENSG00000173456	RNF26	7.7	14204
ENSG00000173457	PPP1R14B	1.0	3282
ENSG00000173464	RNASE11	1.0	3282
ENSG00000173465	ZNRD2	0.9	3235
ENSG00000173467	AGR3	1.3	4364
ENSG00000173473	SMARCC1	12.8	16920
ENSG00000173480	ZNF417	1.5	4687
ENSG00000173482	PTPRM	14.3	17326
ENSG00000173486	FKBP2	1.4	4622
ENSG00000173511	VEGFB	16.5	17798
ENSG00000173517	PEAK1	8.2	14610
ENSG00000173530	TNFRSF10D	0.8	3045
ENSG00000173531	MST1	3.9	9571
ENSG00000173535	TNFRSF10C	1.8	5759
ENSG00000173540	GMPPB	5.9	12348
ENSG00000173542	MOB1B	5.0	11192
ENSG00000173545	ZNF622	6.6	13122
ENSG00000173546	CSPG4	3.4	8766
ENSG00000173548	SNX33	12.9	16951
ENSG00000173557	CIMIP2C	0.5	1903
ENSG00000173559	NABP1	8.1	14536
ENSG00000173567	ADGRF3	2.8	7695
ENSG00000173572	NLRP13	0.5	1903
ENSG00000173575	CHD2	5.9	12348
ENSG00000173578	XCR1	8.4	14752
ENSG00000173581	CCDC106	0.0	1
ENSG00000173585	CCR9	8.4	14752
ENSG00000173588	CEP83	3.4	8766
ENSG00000173597	SULT1B1	10.8	16162
ENSG00000173598	NUDT4	8.2	14610
ENSG00000173599	PC	11.8	16572
ENSG00000173610	UGT2A1	4.5	10501
ENSG00000173611	SCAI	2.6	7291
ENSG00000173612	GPRC6A	2.3	6711
ENSG00000173614	NMNAT1	6.7	13235
ENSG00000173621	LRFN4	1.5	4687
ENSG00000173626	TRAPPC3L	1.5	4687
ENSG00000173627	APOBEC4	0.0	1
ENSG00000173638	SLC19A1	19.0	18150
ENSG00000173641	HSPB7	1.8	5759
ENSG00000173653	RCE1	6.8	13329
ENSG00000173660	UQCRH	5.2	11424
ENSG00000173662	TAS1R1	2.6	7291
ENSG00000173673	HES3	3.0	8111
ENSG00000173674	EIF1AX	4.9	11073
ENSG00000173678	SPDYE2B	0.5	1903
ENSG00000173679	OR1L1	1.0	3282
ENSG00000173681	BCLAF3	1.5	4687
ENSG00000173692	PSMD1	4.3	10201
ENSG00000173698	ADGRG2	6.9	13452
ENSG00000173699	SPATA3	0.0	1
ENSG00000173702	MUC13	1.6	5463
ENSG00000173705	SUSD5	0.5	1903
ENSG00000173706	HEG1	3.7	9268
ENSG00000173714	WFIKKN2	5.2	11424
ENSG00000173715	TOP6BL	2.0	6082
ENSG00000173726	TOMM20	5.8	12204
ENSG00000173728	SPMIP3	0.0	1
ENSG00000173744	AGFG1	3.3	8619
ENSG00000173757	STAT5B	19.6	18225
ENSG00000173762	CD7	4.9	11073
ENSG00000173769	TOPAZ1	0.5	1903
ENSG00000173786	CNP	3.3	8619
ENSG00000173801	JUP	26.0	18682
ENSG00000173805	HAP1	12.3	16779
ENSG00000173809	TDRD12	3.0	8111
ENSG00000173812	EIF1	8.5	14830
ENSG00000173818	ENDOV	6.1	12588
ENSG00000173821	RNF213	14.9	17482
ENSG00000173825	TIGD3	0.5	1903
ENSG00000173826	KCNH6	2.5	7104
ENSG00000173838	MARCHF10	0.0	1
ENSG00000173846	PLK3	24.3	18596
ENSG00000173848	NET1	7.0	13559
ENSG00000173852	DPY19L1	0.5	1903
ENSG00000173868	PHOSPHO1	3.9	9571
ENSG00000173875	ZNF791	1.5	4687
ENSG00000173889	PHC3	2.7	7600
ENSG00000173890	GPR160	0.0	1
ENSG00000173894	CBX2	3.8	9432
ENSG00000173898	SPTBN2	4.6	10655
ENSG00000173905	GOLIM4	0.0	1
ENSG00000173908	KRT28	2.5	7104
ENSG00000173914	RBM4B	4.0	9765
ENSG00000173915	ATP5MK	0.6	2927
ENSG00000173917	HOXB2	5.8	12204
ENSG00000173918	C1QTNF1	4.8	10931
ENSG00000173926	MARCHF3	1.0	3282
ENSG00000173928	SWSAP1	4.8	10931
ENSG00000173930	SLCO4C1	3.1	8298
ENSG00000173933	RBM4	18.1	18029
ENSG00000173947	CIMAP3	6.3	12794
ENSG00000173950	XXYLT1	5.0	11192
ENSG00000173954	SNURFL	0.0	1
ENSG00000173960	UBXN2A	5.4	11736
ENSG00000173976	RAX2	4.4	10330
ENSG00000173988	LRRC63	0.5	1903
ENSG00000173991	TCAP	29.8	18871
ENSG00000173992	CCS	5.5	11839
ENSG00000174004	NRROS	6.8	13329
ENSG00000174007	CEP19	3.4	8766
ENSG00000174010	KLHL15	5.3	11597
ENSG00000174013	FBXO45	7.7	14204
ENSG00000174015	CBY2	0.8	3045
ENSG00000174016	TENT5D	2.6	7291
ENSG00000174021	GNG5	3.6	9147
ENSG00000174032	SLC25A30	2.1	6380
ENSG00000174038	SPATA31G1	0.0	1
ENSG00000174059	CD34	22.3	18461
ENSG00000174080	CTSF	4.5	10501
ENSG00000174099	MSRB3	4.7	10753
ENSG00000174106	LEMD3	2.9	7932
ENSG00000174109	UQCC4	1.0	3282
ENSG00000174123	TLR10	5.9	12348
ENSG00000174125	TLR1	15.7	17645
ENSG00000174130	TLR6	29.7	18867
ENSG00000174132	FAM174A	0.0	1
ENSG00000174136	RGMB	3.5	8994
ENSG00000174137	FAM53A	0.5	1903
ENSG00000174145	NWD2	0.0	1
ENSG00000174151	CYB561D1	0.5	1903
ENSG00000174156	GSTA3	3.4	8766
ENSG00000174165	ZDHHC24	1.0	3282
ENSG00000174173	TRMT10C	12.4	16811
ENSG00000174175	SELP	18.5	18079
ENSG00000174177	CTU2	2.2	6585
ENSG00000174197	MGA	4.3	10201
ENSG00000174206	KICS2	5.2	11424
ENSG00000174225	ARL13A	1.0	3282
ENSG00000174226	SNX31	1.5	4687
ENSG00000174227	PIGG	5.2	11424
ENSG00000174231	PRPF8	12.6	16868
ENSG00000174233	ADCY6	16.6	17809
ENSG00000174236	REP15	2.6	7291
ENSG00000174238	PITPNA	15.0	17507
ENSG00000174243	DDX23	11.1	16303
ENSG00000174255	ZNF80	1.5	4687
ENSG00000174276	ZNHIT2	0.0	1
ENSG00000174279	EVX2	2.8	7695
ENSG00000174282	ZBTB4	9.5	15494
ENSG00000174292	TNK1	5.3	11597
ENSG00000174306	ZHX3	5.5	11839
ENSG00000174307	PHLDA3	9.6	15554
ENSG00000174326	SLC16A11	2.1	6380
ENSG00000174327	SLC16A13	0.5	1903
ENSG00000174332	GLIS1	3.9	9571
ENSG00000174339	OR2Y1	1.0	3282
ENSG00000174343	CHRNA9	7.5	14017
ENSG00000174348	PODN	3.0	8111
ENSG00000174353	STAG3L3	0.0	1
ENSG00000174358	SLC6A19	6.4	12917
ENSG00000174371	EXO1	18.2	18050
ENSG00000174373	RALGAPA1	2.3	6711
ENSG00000174405	LIG4	27.6	18772
ENSG00000174417	TRHR	2.8	7695
ENSG00000174428	GTF2IRD2B	0.6	2927
ENSG00000174429	ABRA	2.5	7104
ENSG00000174437	ATP2A2	29.0	18831
ENSG00000174442	ZWILCH	3.2	8468
ENSG00000174444	RPL4	9.6	15554
ENSG00000174446	SNAPC5	4.4	10330
ENSG00000174448	STARD6	0.0	1
ENSG00000174450	GOLGA6L2	0.0	1
ENSG00000174453	VWC2L	0.5	1903
ENSG00000174460	ZCCHC12	0.0	1
ENSG00000174469	CNTNAP2	16.0	17704
ENSG00000174473	GALNTL6	2.6	7291
ENSG00000174482	LINGO2	0.5	1903
ENSG00000174483	BBS1	9.0	15175
ENSG00000174485	DENND4A	3.9	9571
ENSG00000174498	IGDCC3	0.5	1903
ENSG00000174500	GCSAM	5.0	11192
ENSG00000174501	ANKRD36C	0.6	2927
ENSG00000174502	SLC26A9	9.9	15713
ENSG00000174514	SLC60A1	0.0	1
ENSG00000174516	PELI3	2.6	7291
ENSG00000174521	TTC9B	0.0	1
ENSG00000174527	MYO1H	2.5	7104
ENSG00000174529	TMEM81	1.6	5463
ENSG00000174547	MRPL11	3.8	9432
ENSG00000174562	KLK15	2.5	7104
ENSG00000174564	IL20RB	6.9	13452
ENSG00000174567	GOLT1A	0.5	1903
ENSG00000174574	AKIRIN1	7.0	13559
ENSG00000174576	NPAS4	10.5	16025
ENSG00000174579	MSL2	5.2	11424
ENSG00000174586	ZNF497	1.5	4687
ENSG00000174599	TRAM1L1	0.5	1903
ENSG00000174600	CMKLR1	18.0	18016
ENSG00000174606	ANGEL2	8.2	14610
ENSG00000174607	UGT8	7.3	13831
ENSG00000174611	KY	1.0	3282
ENSG00000174628	IQCK	0.0	1
ENSG00000174640	SLCO2A1	5.1	11329
ENSG00000174652	ZNF266	1.5	4687
ENSG00000174667	OR7D4	1.0	3282
ENSG00000174669	SLC29A2	27.9	18790
ENSG00000174672	BRSK2	19.6	18225
ENSG00000174678	FAM47DP	0.0	1
ENSG00000174684	B4GAT1	6.8	13329
ENSG00000174695	TMEM167A	1.3	4364
ENSG00000174697	LEP	33.1	18982
ENSG00000174705	SH3PXD2B	9.6	15554
ENSG00000174718	RESF1	1.5	4687
ENSG00000174720	LARP7	9.7	15609
ENSG00000174721	FGFBP3	4.2	10017
ENSG00000174738	NR1D2	12.2	16737
ENSG00000174740	PABPC5	1.5	4687
ENSG00000174744	BRMS1	8.0	14457
ENSG00000174748	RPL15	10.6	16075
ENSG00000174749	FAM241A	0.0	1
ENSG00000174775	HRAS	30.1	18884
ENSG00000174776	WDR49	0.0	1
ENSG00000174780	SRP72	5.8	12204
ENSG00000174788	PCP2	0.5	1903
ENSG00000174791	RIN1	1.9	5985
ENSG00000174792	ODAPH	2.1	6380
ENSG00000174796	THAP6	0.0	1
ENSG00000174799	CEP135	6.9	13452
ENSG00000174804	FZD4	22.1	18450
ENSG00000174807	CD248	1.5	4687
ENSG00000174808	BTC	7.5	14017
ENSG00000174827	PDZK1	6.3	12794
ENSG00000174837	ADGRE1	3.7	9268
ENSG00000174839	DENND6A	3.5	8994
ENSG00000174840	PDE12	12.4	16811
ENSG00000174842	GLMN	13.3	17085
ENSG00000174844	DNAH12	1.6	5463
ENSG00000174851	YIF1A	0.5	1903
ENSG00000174871	CNIH2	1.8	5759
ENSG00000174876	AMY1B	4.2	10017
ENSG00000174885	NLRP6	13.4	17108
ENSG00000174886	NDUFA11	1.2	4328
ENSG00000174891	RSRC1	2.6	7291
ENSG00000174898	CATSPERD	4.3	10201
ENSG00000174899	SLC66A1LP	0.5	1903
ENSG00000174903	RAB1B	8.7	14962
ENSG00000174912	METTL15P1	1.0	3282
ENSG00000174914	OR9G1	0.0	1
ENSG00000174915	PTDSS2	3.4	8766
ENSG00000174917	MICOS13	2.9	7932
ENSG00000174928	MISO1	0.8	3045
ENSG00000174937	OR5M3	2.0	6082
ENSG00000174938	SEZ6L2	0.5	1903
ENSG00000174939	ASPHD1	0.0	1
ENSG00000174943	KCTD13	9.1	15239
ENSG00000174944	P2RY14	2.2	6585
ENSG00000174945	AMZ1	0.0	1
ENSG00000174946	GPR171	6.2	12686
ENSG00000174948	GPR149	1.5	4687
ENSG00000174950	CD164L2	0.0	1
ENSG00000174951	FUT1	11.2	16350
ENSG00000174953	DHX36	34.3	19007
ENSG00000174957	OR5J2	1.0	3282
ENSG00000174963	ZIC4	3.3	8619
ENSG00000174970	OR10AG1	1.0	3282
ENSG00000174982	OR4S2	0.5	1903
ENSG00000174989	FBXW8	9.0	15175
ENSG00000174990	CA5A	2.1	6380
ENSG00000174992	ZG16	0.9	3235
ENSG00000174996	KLC2	2.8	7695
ENSG00000175003	SLC22A1	29.8	18871
ENSG00000175018	TEX36	0.0	1
ENSG00000175029	CTBP2	11.9	16616
ENSG00000175040	CHST2	8.0	14457
ENSG00000175048	ZDHHC14	3.6	9147
ENSG00000175054	ATR	27.5	18765
ENSG00000175063	UBE2C	15.1	17529
ENSG00000175065	DSG4	1.0	3282
ENSG00000175066	GK5	3.0	8111
ENSG00000175073	VCPIP1	9.2	15304
ENSG00000175077	RTP1	3.6	9147
ENSG00000175084	DES	8.0	14457
ENSG00000175087	PDIK1L	1.5	4687
ENSG00000175093	SPSB4	5.8	12204
ENSG00000175097	RAG2	7.0	13559
ENSG00000175104	TRAF6	44.0	19151
ENSG00000175105	ZNF654	2.1	6380
ENSG00000175106	TVP23C	1.0	3282
ENSG00000175110	MRPS22	1.9	5985
ENSG00000175115	PACS1	3.1	8298
ENSG00000175121	WFDC5	1.5	4687
ENSG00000175130	MARCKSL1	1.5	4687
ENSG00000175137	SH3BP5L	1.8	5759
ENSG00000175143	OR2T1	1.0	3282
ENSG00000175155	YPEL2	0.0	1
ENSG00000175161	CADM2	0.5	1903
ENSG00000175164	ABO	2.9	7932
ENSG00000175166	PSMD2	3.5	8994
ENSG00000175175	PPM1E	6.3	12794
ENSG00000175182	FAM131A	0.0	1
ENSG00000175183	CSRP2	2.6	7291
ENSG00000175189	INHBC	1.9	5985
ENSG00000175193	PARL	15.3	17571
ENSG00000175197	DDIT3	50.0	19192
ENSG00000175198	PCCA	6.8	13329
ENSG00000175202	HIGD2B	0.5	1903
ENSG00000175203	DCTN2	5.3	11597
ENSG00000175206	NPPA	20.0	18262
ENSG00000175213	ZNF408	2.3	6711
ENSG00000175215	CTDSP2	2.1	6380
ENSG00000175216	CKAP5	10.6	16075
ENSG00000175220	ARHGAP1	9.5	15494
ENSG00000175221	MED16	9.0	15175
ENSG00000175224	ATG13	9.5	15494
ENSG00000175229	GAL3ST3	6.9	13452
ENSG00000175262	CIROZ	0.8	3045
ENSG00000175264	CHST1	10.1	15809
ENSG00000175265	GOLGA8A	0.5	1903
ENSG00000175267	VWA3A	0.0	1
ENSG00000175274	TP53I11	0.9	3235
ENSG00000175279	CENPS	10.2	15862
ENSG00000175283	DOLK	6.8	13329
ENSG00000175287	PHYHD1	0.8	3045
ENSG00000175294	CATSPER1	5.9	12348
ENSG00000175305	CCNE2	3.0	8111
ENSG00000175309	PHYKPL	0.8	3045
ENSG00000175311	ANKS4B	4.2	10017
ENSG00000175315	CST6	1.8	5759
ENSG00000175318	GRAMD2A	4.7	10753
ENSG00000175322	ZNF519	1.5	4687
ENSG00000175324	LSM1	5.6	11982
ENSG00000175325	PROP1	3.7	9268
ENSG00000175329	ISX	3.3	8619
ENSG00000175334	BANF1	10.7	16120
ENSG00000175336	APOF	5.9	12348
ENSG00000175344	CHRNA7	41.6	19127
ENSG00000175348	TMEM9B	0.5	1903
ENSG00000175352	NRIP3	1.0	3282
ENSG00000175354	PTPN2	27.2	18754
ENSG00000175356	SCUBE2	0.5	1903
ENSG00000175376	EIF1AD	0.0	1
ENSG00000175387	SMAD2	44.3	19157
ENSG00000175390	EIF3F	9.0	15175
ENSG00000175395	ZNF25	1.5	4687
ENSG00000175398	OR10P1	1.0	3282
ENSG00000175414	ARL10	0.0	1
ENSG00000175416	CLTB	1.0	3282
ENSG00000175426	PCSK1	3.8	9432
ENSG00000175445	LPL	39.4	19099
ENSG00000175449	RFESD	0.5	1903
ENSG00000175455	CCDC14	1.8	5759
ENSG00000175463	TBC1D10C	2.6	7291
ENSG00000175467	SART1	7.4	13914
ENSG00000175470	PPP2R2D	3.0	8111
ENSG00000175471	MCTP1	5.7	12090
ENSG00000175482	POLD4	2.3	6711
ENSG00000175485	OR52W1	0.5	1903
ENSG00000175489	LRRC25	0.0	1
ENSG00000175497	DPP10	4.9	11073
ENSG00000175505	CLCF1	13.9	17231
ENSG00000175513	TSGA10IP	0.5	1903
ENSG00000175514	GPR152	1.8	5759
ENSG00000175518	UBQLNL	1.0	3282
ENSG00000175520	UBQLN3	1.0	3282
ENSG00000175535	PNLIP	6.8	13329
ENSG00000175536	LIPT2	3.6	9147
ENSG00000175538	KCNE3	8.5	14830
ENSG00000175544	CABP4	5.7	12090
ENSG00000175548	ALG10B	3.4	8766
ENSG00000175550	DRAP1	9.2	15304
ENSG00000175556	LONRF3	0.5	1903
ENSG00000175564	UCP3	10.1	15809
ENSG00000175567	UCP2	18.4	18069
ENSG00000175573	C11orf68	0.5	1903
ENSG00000175575	PAAF1	0.0	1
ENSG00000175581	MRPL48	0.6	2927
ENSG00000175582	RAB6A	15.4	17593
ENSG00000175591	P2RY2	6.1	12588
ENSG00000175592	FOSL1	11.8	16572
ENSG00000175595	ERCC4	23.8	18568
ENSG00000175600	SUGCT	1.3	4364
ENSG00000175602	CCDC85B	3.4	8766
ENSG00000175606	TMEM70	6.6	13122
ENSG00000175619	OR4B1	0.5	1903
ENSG00000175634	RPS6KB2	7.8	14288
ENSG00000175643	RMI2	4.4	10330
ENSG00000175662	TOM1L2	4.2	10017
ENSG00000175664	TEX26	0.0	1
ENSG00000175676	GOLGA8DP	0.5	1903
ENSG00000175691	ZNF77	1.5	4687
ENSG00000175697	GPR156	1.5	4687
ENSG00000175699	CCDC197	0.0	1
ENSG00000175701	MTLN	6.7	13235
ENSG00000175707	KDF1	4.0	9765
ENSG00000175711	QTGAL	3.2	8468
ENSG00000175718	RBMXL3	2.3	6711
ENSG00000175727	MLXIP	6.4	12917
ENSG00000175745	NR2F1	9.1	15239
ENSG00000175756	AURKAIP1	1.4	4622
ENSG00000175764	TTLL11	3.8	9432
ENSG00000175766	EIF4E1B	1.5	4687
ENSG00000175768	TOMM5	1.6	5463
ENSG00000175782	SLC35E3	1.5	4687
ENSG00000175787	ZNF169	1.5	4687
ENSG00000175792	RUVBL1	18.8	18124
ENSG00000175793	SFN	15.0	17507
ENSG00000175806	MSRA	6.3	12794
ENSG00000175809	CBLL2	1.5	4687
ENSG00000175820	LRTM3	0.0	1
ENSG00000175826	CTDNEP1	7.1	13639
ENSG00000175832	ETV4	6.0	12446
ENSG00000175841	ARB2BP	1.0	3282
ENSG00000175854	SWI5	3.9	9571
ENSG00000175857	GAPT	1.0	3282
ENSG00000175866	BAIAP2	8.6	14895
ENSG00000175868	CALCB	5.8	12204
ENSG00000175874	CREG2	0.0	1
ENSG00000175877	TMEM270	0.0	1
ENSG00000175879	HOXD8	5.8	12204
ENSG00000175893	ZDHHC21	8.2	14610
ENSG00000175894	TSPEAR	2.9	7932
ENSG00000175895	PLEKHF2	1.5	4687
ENSG00000175899	A2M	9.8	15662
ENSG00000175906	ARL4D	3.3	8619
ENSG00000175920	DOK7	2.6	7291
ENSG00000175928	LRRN1	0.5	1903
ENSG00000175938	ORAI3	2.6	7291
ENSG00000175946	KLHL38	1.6	5463
ENSG00000175970	UNC119B	4.4	10330
ENSG00000175984	DENND2C	0.8	3045
ENSG00000175985	PLEKHD1	0.0	1
ENSG00000176007	FAM220BP	0.0	1
ENSG00000176009	ASCL3	3.0	8111
ENSG00000176014	TUBB6	2.0	6082
ENSG00000176018	LYSMD3	2.1	6380
ENSG00000176020	AMIGO3	2.0	6082
ENSG00000176022	B3GALT6	8.4	14752
ENSG00000176024	ZNF613	1.5	4687
ENSG00000176029	C11orf16	0.0	1
ENSG00000176040	TMPRSS7	2.0	6082
ENSG00000176046	NUPR1	18.5	18079
ENSG00000176049	JAKMIP2	0.0	1
ENSG00000176055	MBLAC2	1.6	5463
ENSG00000176058	TPRN	5.4	11736
ENSG00000176076	KCNE5	15.7	17645
ENSG00000176083	ZNF683	10.1	15809
ENSG00000176087	SLC35A4	2.8	7695
ENSG00000176092	CRYBG2	0.0	1
ENSG00000176095	IP6K1	9.0	15175
ENSG00000176101	SSNA1	7.6	14102
ENSG00000176102	CSTF3	3.1	8298
ENSG00000176105	YES1	14.1	17268
ENSG00000176108	CHMP6	19.1	18159
ENSG00000176125	UFSP1	3.7	9268
ENSG00000176136	MC5R	8.7	14962
ENSG00000176142	TMEM39A	3.4	8766
ENSG00000176148	TCP11L1	0.5	1903
ENSG00000176153	GPX2	4.4	10330
ENSG00000176155	CCDC57	6.0	12446
ENSG00000176160	HSF5	1.8	5759
ENSG00000176165	FOXG1	4.9	11073
ENSG00000176170	SPHK1	33.0	18980
ENSG00000176171	BNIP3	26.8	18735
ENSG00000176177	ENTHD1	1.5	4687
ENSG00000176182	MYPOP	3.0	8111
ENSG00000176194	CIDEA	13.3	17085
ENSG00000176198	OR11H4	0.0	1
ENSG00000176200	OR4D11	0.5	1903
ENSG00000176204	LRRTM4	1.0	3282
ENSG00000176208	ATAD5	3.4	8766
ENSG00000176209	SMIM19	0.0	1
ENSG00000176219	OR11H6	0.0	1
ENSG00000176222	ZNF404	1.5	4687
ENSG00000176225	RTTN	1.5	4687
ENSG00000176230	OR4K17	0.5	1903
ENSG00000176231	OR10H4	1.0	3282
ENSG00000176239	OR51B6	1.7	5664
ENSG00000176244	ACBD7	1.0	3282
ENSG00000176246	OR4L1	0.5	1903
ENSG00000176248	ANAPC2	7.0	13559
ENSG00000176253	OR4K13	0.5	1903
ENSG00000176256	HMGB4	0.5	1903
ENSG00000176261	TSLIG1	6.7	13235
ENSG00000176269	OR4F21	0.5	1903
ENSG00000176273	SLC35G1	2.6	7291
ENSG00000176281	OR4K5	0.5	1903
ENSG00000176290	OR4K3	0.5	1903
ENSG00000176293	ZNF135	1.5	4687
ENSG00000176294	OR4N2	0.5	1903
ENSG00000176299	OR4M1	1.3	4364
ENSG00000176302	FOXR1	4.7	10753
ENSG00000176340	COX8A	3.0	8111
ENSG00000176343	RPL37AP8	0.0	1
ENSG00000176358	TAC4	10.8	16162
ENSG00000176371	ZSCAN2	1.5	4687
ENSG00000176383	B3GNT4	4.4	10330
ENSG00000176386	CDC26	6.0	12446
ENSG00000176387	HSD11B2	2.6	7291
ENSG00000176393	RNPEP	4.9	11073
ENSG00000176396	EID2	6.6	13122
ENSG00000176399	DMRTA1	3.3	8619
ENSG00000176401	EID2B	3.4	8766
ENSG00000176402	GJC3	2.2	6585
ENSG00000176406	RIMS2	7.8	14288
ENSG00000176407	KCMF1	6.9	13452
ENSG00000176410	DNAJC30	1.0	3282
ENSG00000176422	SPRYD4	0.0	1
ENSG00000176428	VPS37D	6.0	12446
ENSG00000176435	CLEC14A	5.6	11982
ENSG00000176438	SYNE3	5.0	11192
ENSG00000176444	CLK2	7.4	13914
ENSG00000176454	LPCAT4	16.4	17788
ENSG00000176463	SLCO3A1	10.6	16075
ENSG00000176472	ZNF575	1.5	4687
ENSG00000176473	WDR25	0.0	1
ENSG00000176476	SGF29	11.2	16350
ENSG00000176485	PLAAT3	13.1	17014
ENSG00000176490	DIRAS1	4.2	10017
ENSG00000176495	OR5AN1	5.5	11839
ENSG00000176510	OR10AC1	1.0	3282
ENSG00000176531	PHLDB3	0.8	3045
ENSG00000176532	PRR15	0.0	1
ENSG00000176533	GNG7	1.9	5985
ENSG00000176540	OR4C5	0.5	1903
ENSG00000176542	USF3	5.2	11424
ENSG00000176547	OR4C3	0.5	1903
ENSG00000176555	OR4S1	0.5	1903
ENSG00000176563	CNTD1	1.0	3282
ENSG00000176566	DCAF4L2	0.0	1
ENSG00000176567	OR4X1	0.5	1903
ENSG00000176571	CNBD1	0.0	1
ENSG00000176595	KBTBD11	0.0	1
ENSG00000176597	B3GNT5	5.7	12090
ENSG00000176601	MAP3K19	0.5	1903
ENSG00000176619	LMNB2	3.8	9432
ENSG00000176623	RMDN1	2.3	6711
ENSG00000176624	MEX3C	2.1	6380
ENSG00000176635	HORMAD2	2.0	6082
ENSG00000176641	RNF152	13.4	17108
ENSG00000176654	NANOGP1	2.5	7104
ENSG00000176658	MYO1D	6.3	12794
ENSG00000176678	FOXL1	8.0	14457
ENSG00000176679	TGIF2LY	2.8	7695
ENSG00000176681	LRRC37A	0.0	1
ENSG00000176692	FOXC2	19.6	18225
ENSG00000176695	OR4F17	0.5	1903
ENSG00000176697	BDNF	14.1	17268
ENSG00000176700	SCAND2P	1.2	4328
ENSG00000176714	CCDC121	0.0	1
ENSG00000176715	ACSF3	6.8	13329
ENSG00000176720	BOK	12.9	16951
ENSG00000176731	RBIS	1.3	4364
ENSG00000176732	PFN4	3.0	8111
ENSG00000176742	OR51V1	1.7	5664
ENSG00000176746	MAGEB6	0.5	1903
ENSG00000176748	OR52Z1	0.5	1903
ENSG00000176749	CDK5R1	25.1	18638
ENSG00000176769	TCERG1L	1.0	3282
ENSG00000176771	NCKAP5	1.0	3282
ENSG00000176774	MAGEB18	0.5	1903
ENSG00000176783	RUFY1	8.3	14683
ENSG00000176787	OR52E2	0.5	1903
ENSG00000176788	BASP1	12.1	16689
ENSG00000176798	OR51L1	0.5	1903
ENSG00000176809	LRRC37A3	0.0	1
ENSG00000176826	FKBP9P1	0.0	1
ENSG00000176834	VSIG10	1.5	4687
ENSG00000176842	IRX5	5.4	11736
ENSG00000176845	METRNL	5.5	11839
ENSG00000176853	FAM91A1	2.6	7291
ENSG00000176871	WSB2	0.5	1903
ENSG00000176884	GRIN1	34.2	19005
ENSG00000176887	SOX11	27.9	18790
ENSG00000176890	TYMS	10.3	15915
ENSG00000176893	OR51G2	0.5	1903
ENSG00000176894	PXMP2	0.0	1
ENSG00000176895	OR51A7	0.5	1903
ENSG00000176896	TCEANC	1.0	3282
ENSG00000176900	OR51T1	0.5	1903
ENSG00000176903	PNMA1	1.0	3282
ENSG00000176904	OR51H1	0.5	1903
ENSG00000176907	TCIM	7.1	13639
ENSG00000176909	MAMSTR	1.0	3282
ENSG00000176915	ANKLE2	7.6	14102
ENSG00000176919	C8G	3.8	9432
ENSG00000176920	FUT2	7.5	14017
ENSG00000176922	OR51S1	0.5	1903
ENSG00000176925	OR51F2	0.5	1903
ENSG00000176927	EFCAB5	0.0	1
ENSG00000176928	GCNT4	5.0	11192
ENSG00000176945	MUC20	1.3	4364
ENSG00000176946	THAP4	4.8	10931
ENSG00000176953	NFATC2IP	0.5	1903
ENSG00000176956	LY6H	3.3	8619
ENSG00000176971	FIBIN	0.0	1
ENSG00000176973	FAM89B	5.0	11192
ENSG00000176974	SHMT1	24.6	18616
ENSG00000176978	DPP7	1.4	4622
ENSG00000176979	TRIM60	3.1	8298
ENSG00000176986	SEC24C	6.5	13008
ENSG00000176988	FMR1NB	0.0	1
ENSG00000176994	SMCR8	10.6	16075
ENSG00000177000	MTHFR	14.6	17413
ENSG00000177025	C19orf18	0.0	1
ENSG00000177030	DEAF1	10.0	15759
ENSG00000177034	MTX3	2.0	6082
ENSG00000177042	TMEM80	0.5	1903
ENSG00000177045	SIX5	2.0	6082
ENSG00000177047	IFNW1	8.4	14752
ENSG00000177051	FBXO46	2.2	6585
ENSG00000177054	ZDHHC13	1.5	4687
ENSG00000177058	SLC38A9	14.4	17358
ENSG00000177076	ACER2	15.3	17571
ENSG00000177082	WDR73	2.9	7932
ENSG00000177084	POLE	13.0	16985
ENSG00000177096	PHETA2	4.7	10753
ENSG00000177098	SCN4B	14.8	17461
ENSG00000177103	DSCAML1	8.1	14536
ENSG00000177105	RHOG	15.7	17645
ENSG00000177106	EPS8L2	7.0	13559
ENSG00000177108	ZDHHC22	2.6	7291
ENSG00000177119	ANO6	24.3	18596
ENSG00000177125	ZBTB34	3.0	8111
ENSG00000177138	FAM9B	1.0	3282
ENSG00000177143	CETN1	1.5	4687
ENSG00000177144	NUDT4B	4.0	9765
ENSG00000177150	MIMS1	0.0	1
ENSG00000177151	OR2T35	1.0	3282
ENSG00000177156	TALDO1	5.2	11424
ENSG00000177169	ULK1	27.8	18783
ENSG00000177174	OR14C36	1.0	3282
ENSG00000177181	RIMKLA	2.8	7695
ENSG00000177182	CLVS1	2.3	6711
ENSG00000177186	OR2M7	1.0	3282
ENSG00000177189	RPS6KA3	13.5	17136
ENSG00000177191	B3GNT8	2.6	7291
ENSG00000177192	PUS1	9.3	15379
ENSG00000177200	CHD9	0.0	1
ENSG00000177201	OR2T12	1.0	3282
ENSG00000177202	SPACA4	2.1	6380
ENSG00000177212	OR2T33	1.0	3282
ENSG00000177225	GATD1	1.6	5463
ENSG00000177238	TRIM72	4.8	10931
ENSG00000177239	MAN1B1	10.3	15915
ENSG00000177272	KCNA3	4.1	9897
ENSG00000177275	OR2AJ1	1.0	3282
ENSG00000177283	FZD8	7.4	13914
ENSG00000177291	GJD4	1.0	3282
ENSG00000177294	FBXO39	1.1	4265
ENSG00000177300	CLDN22	1.0	3282
ENSG00000177301	KCNA2	10.5	16025
ENSG00000177302	TOP3A	9.4	15426
ENSG00000177303	CASKIN2	0.5	1903
ENSG00000177311	ZBTB38	6.5	13008
ENSG00000177324	BEND2	0.0	1
ENSG00000177350	RPL13AP3	0.0	1
ENSG00000177352	CCDC71	0.0	1
ENSG00000177354	C10orf71	1.0	3282
ENSG00000177370	TIMM22	5.7	12090
ENSG00000177374	HIC1	10.2	15862
ENSG00000177380	PPFIA3	1.5	4687
ENSG00000177383	MAGEF1	2.9	7932
ENSG00000177398	UMODL1	0.0	1
ENSG00000177409	SAMD9L	0.0	1
ENSG00000177414	UBE2U	2.0	6082
ENSG00000177425	PAWR	6.5	13008
ENSG00000177426	TGIF1	7.7	14204
ENSG00000177427	MIEF2	5.4	11736
ENSG00000177432	NAP1L5	0.0	1
ENSG00000177453	NIM1K	3.4	8766
ENSG00000177455	CD19	8.7	14962
ENSG00000177459	ERICH5	0.0	1
ENSG00000177462	OR2T8	1.0	3282
ENSG00000177463	NR2C2	14.5	17382
ENSG00000177464	GPR4	12.6	16868
ENSG00000177465	ACOT4	12.9	16951
ENSG00000177468	OLIG3	3.8	9432
ENSG00000177469	CAVIN1	6.2	12686
ENSG00000177476	OR2G3	1.0	3282
ENSG00000177479	ARIH2	11.7	16536
ENSG00000177483	RBM44	1.5	4687
ENSG00000177485	ZBTB33	7.9	14372
ENSG00000177489	OR2G2	1.0	3282
ENSG00000177494	ZBED2	6.5	13008
ENSG00000177504	VCX2	0.5	1903
ENSG00000177508	IRX3	9.3	15379
ENSG00000177511	ST8SIA3	11.2	16350
ENSG00000177519	RPRM	1.4	4622
ENSG00000177535	OR2B11	1.0	3282
ENSG00000177542	SLC25A22	8.1	14536
ENSG00000177548	RABEP2	0.8	3045
ENSG00000177551	NHLH2	5.4	11736
ENSG00000177556	ATOX1	8.6	14895
ENSG00000177558	FAM187B	0.0	1
ENSG00000177565	TBL1XR1	9.2	15304
ENSG00000177570	SAMD12	0.5	1903
ENSG00000177575	CD163	2.8	7695
ENSG00000177576	C18orf32	0.5	1903
ENSG00000177595	PIDD1	10.5	16025
ENSG00000177599	ZNF491	1.5	4687
ENSG00000177600	RPLP2	4.4	10330
ENSG00000177602	HASPIN	7.9	14372
ENSG00000177606	JUN	34.1	19004
ENSG00000177613	CSTF2T	1.0	3282
ENSG00000177614	PGBD5	3.4	8766
ENSG00000177628	GBA1	23.3	18530
ENSG00000177646	ACAD9	7.5	14017
ENSG00000177663	IL17RA	14.7	17436
ENSG00000177666	PNPLA2	16.2	17740
ENSG00000177669	MBOAT4	4.4	10330
ENSG00000177673	TEX44	0.0	1
ENSG00000177674	AGTRAP	1.3	4364
ENSG00000177675	CD163L1	0.5	1903
ENSG00000177679	SRRM3	2.6	7291
ENSG00000177683	THAP5	2.4	6954
ENSG00000177684	DEFB114	9.2	15304
ENSG00000177685	CRACR2B	0.8	3045
ENSG00000177688	SUMO4	7.1	13639
ENSG00000177689	MAGEB10	0.5	1903
ENSG00000177692	DNAJC28	0.5	1903
ENSG00000177693	OR4F4	0.5	1903
ENSG00000177694	NAALADL2	0.0	1
ENSG00000177697	CD151	7.5	14017
ENSG00000177700	POLR2L	12.5	16839
ENSG00000177706	FAM20C	7.6	14102
ENSG00000177707	NECTIN3	5.6	11982
ENSG00000177710	SLC35G5	0.0	1
ENSG00000177721	ANXA2R	0.0	1
ENSG00000177728	TMEM94	3.1	8298
ENSG00000177731	FLII	3.8	9432
ENSG00000177732	SOX12	7.8	14288
ENSG00000177733	HNRNPA0	7.3	13831
ENSG00000177752	YIPF7	1.0	3282
ENSG00000177791	MYOZ1	10.4	15985
ENSG00000177800	TMEM78	0.0	1
ENSG00000177807	KCNJ10	3.9	9571
ENSG00000177830	CHID1	2.1	6380
ENSG00000177839	PCDHB9	3.4	8766
ENSG00000177842	ZNF620	1.5	4687
ENSG00000177853	ZNF518A	1.0	3282
ENSG00000177854	TMEM187	0.0	1
ENSG00000177868	SVBP	7.4	13914
ENSG00000177873	ZNF619	1.5	4687
ENSG00000177875	CCDC184	0.0	1
ENSG00000177879	AP3S1	6.0	12446
ENSG00000177885	GRB2	21.3	18383
ENSG00000177888	ZBTB41	1.5	4687
ENSG00000177889	UBE2N	22.8	18490
ENSG00000177910	SPATA31C2	0.0	1
ENSG00000177917	ARL6IP6	0.0	1
ENSG00000177932	ZNF354C	3.1	8298
ENSG00000177938	CAPZA3	1.5	4687
ENSG00000177943	MAMDC4	0.5	1903
ENSG00000177947	CIMAP1A	0.0	1
ENSG00000177951	BET1L	3.9	9571
ENSG00000177954	RPS27	8.2	14610
ENSG00000177963	RIC8A	3.5	8994
ENSG00000177971	IMP3	3.4	8766
ENSG00000177981	ASB8	0.0	1
ENSG00000177984	LCN15	0.0	1
ENSG00000177989	CIMAP1B	0.0	1
ENSG00000177990	DPY19L2	1.8	5759
ENSG00000177992	SPATA31E1	0.0	1
ENSG00000177994	CIMIP6	0.0	1
ENSG00000178015	GPR150	1.5	4687
ENSG00000178021	TSPYL6	1.0	3282
ENSG00000178026	LRRC75B	0.0	1
ENSG00000178028	DMAP1	8.6	14895
ENSG00000178031	ADAMTSL1	0.0	1
ENSG00000178033	CALHM5	0.5	1903
ENSG00000178035	IMPDH2	5.1	11329
ENSG00000178038	ALS2CL	1.5	4687
ENSG00000178053	MLF1	4.4	10330
ENSG00000178055	PRSS42P	1.0	3282
ENSG00000178057	NDUFAF3	1.3	4364
ENSG00000178074	C2orf69	0.8	3045
ENSG00000178075	GRAMD1C	3.0	8111
ENSG00000178078	STAP2	0.0	1
ENSG00000178084	HTR3C	5.9	12348
ENSG00000178093	TSSK6	5.2	11424
ENSG00000178096	BOLA1	1.8	5759
ENSG00000178104	PDE4DIP	5.7	12090
ENSG00000178105	DDX10	1.9	5985
ENSG00000178115	GOLGA8Q	0.5	1903
ENSG00000178125	PPP1R42	1.5	4687
ENSG00000178127	NDUFV2	8.8	15033
ENSG00000178149	DALRD3	3.4	8766
ENSG00000178150	ZNF114	2.3	6711
ENSG00000178163	ZNF518B	1.0	3282
ENSG00000178171	AMER3	1.5	4687
ENSG00000178172	SPINK6	1.0	3282
ENSG00000178175	ZNF366	7.5	14017
ENSG00000178177	LCORL	1.3	4364
ENSG00000178184	PARD6G	1.5	4687
ENSG00000178187	ZNF454	2.3	6711
ENSG00000178188	SH2B1	1.8	5759
ENSG00000178199	ZC3H12D	3.6	9147
ENSG00000178201	VN1R1	0.5	1903
ENSG00000178202	POGLUT3	3.7	9268
ENSG00000178209	PLEC	6.8	13329
ENSG00000178217	SH2D4B	0.5	1903
ENSG00000178222	RNF212	2.5	7104
ENSG00000178226	PRSS36	1.3	4364
ENSG00000178229	ZNF543	1.5	4687
ENSG00000178233	TMEM151B	0.0	1
ENSG00000178234	GALNT11	7.9	14372
ENSG00000178235	SLITRK1	5.8	12204
ENSG00000178252	WDR6	6.6	13122
ENSG00000178257	PRM3	0.5	1903
ENSG00000178279	TNP2	3.0	8111
ENSG00000178287	SPAG11A	0.0	1
ENSG00000178295	GEN1	10.6	16075
ENSG00000178297	TMPRSS9	1.0	3282
ENSG00000178301	AQP11	17.0	17864
ENSG00000178307	TMEM11	1.3	4364
ENSG00000178338	ZNF354B	3.0	8111
ENSG00000178342	KCNG2	2.0	6082
ENSG00000178343	SHISA3	0.0	1
ENSG00000178358	OR2D3	1.0	3282
ENSG00000178363	CALML3	2.9	7932
ENSG00000178372	CALML5	4.2	10017
ENSG00000178381	ZFAND2A	1.0	3282
ENSG00000178385	PLEKHM3	0.5	1903
ENSG00000178386	ZNF223	1.2	4328
ENSG00000178394	HTR1A	13.5	17136
ENSG00000178395	CCDC185	0.0	1
ENSG00000178397	FAM220A	0.0	1
ENSG00000178401	DNAJC22	0.0	1
ENSG00000178403	NEUROG2	4.8	10931
ENSG00000178404	CEP295NL	0.5	1903
ENSG00000178409	BEND3	6.3	12794
ENSG00000178425	NT5DC1	0.5	1903
ENSG00000178445	GLDC	8.3	14683
ENSG00000178449	COX14	3.0	8111
ENSG00000178460	MCMDC2	0.5	1903
ENSG00000178462	TUBAL3	2.0	6082
ENSG00000178467	P4HTM	1.8	5759
ENSG00000178473	UCN3	4.4	10330
ENSG00000178498	DTX3	2.3	6711
ENSG00000178502	KLHL11	1.6	5463
ENSG00000178522	AMBN	2.5	7104
ENSG00000178531	CTXN1	0.0	1
ENSG00000178537	SLC25A20	4.2	10017
ENSG00000178538	CA8	0.9	3235
ENSG00000178562	CD28	20.6	18319
ENSG00000178567	EPM2AIP1	1.3	4364
ENSG00000178568	ERBB4	28.4	18810
ENSG00000178573	MAF	7.6	14102
ENSG00000178585	CTNNBIP1	12.2	16737
ENSG00000178586	OR6B3	1.0	3282
ENSG00000178591	DEFB125	1.5	4687
ENSG00000178597	PSAPL1	2.0	6082
ENSG00000178602	OTOS	0.5	1903
ENSG00000178605	GTPBP6	3.0	8111
ENSG00000178607	ERN1	29.4	18850
ENSG00000178623	GPR35	16.9	17853
ENSG00000178645	C10orf53	0.0	1
ENSG00000178662	CSRNP3	3.5	8994
ENSG00000178665	ZNF713	2.3	6711
ENSG00000178685	PARP10	16.2	17740
ENSG00000178690	DYNAP	4.2	10017
ENSG00000178691	SUZ12	4.9	11073
ENSG00000178694	NSUN3	3.4	8766
ENSG00000178695	KCTD12	1.8	5759
ENSG00000178700	DHFR2	7.5	14017
ENSG00000178718	RPP25	4.5	10501
ENSG00000178719	GRINA	1.5	4687
ENSG00000178726	THBD	9.4	15426
ENSG00000178732	GP5	6.4	12917
ENSG00000178734	LMO7DN	0.0	1
ENSG00000178741	COX5A	3.5	8994
ENSG00000178750	STX19	3.0	8111
ENSG00000178752	ERFE	7.1	13639
ENSG00000178761	FAM219B	0.0	1
ENSG00000178764	ZHX2	4.7	10753
ENSG00000178772	CPN2	1.7	5664
ENSG00000178773	CPNE7	4.5	10501
ENSG00000178776	C5orf46	0.0	1
ENSG00000178789	CD300LB	1.8	5759
ENSG00000178795	GDPD4	0.5	1903
ENSG00000178796	RIIAD1	0.0	1
ENSG00000178802	MPI	6.8	13329
ENSG00000178809	TRIM73	1.0	3282
ENSG00000178814	OPLAH	3.2	8468
ENSG00000178821	TMEM52	0.0	1
ENSG00000178826	TMEM139	0.0	1
ENSG00000178828	RNF186	10.7	16120
ENSG00000178852	EFCAB13	0.0	1
ENSG00000178860	MSC	6.5	13008
ENSG00000178878	APOLD1	3.1	8298
ENSG00000178882	RFLNA	2.5	7104
ENSG00000178896	EXOSC4	12.5	16839
ENSG00000178904	DPY19L3	1.3	4364
ENSG00000178913	TAF7	21.6	18411
ENSG00000178917	ZNF852	1.5	4687
ENSG00000178919	FOXE1	17.6	17959
ENSG00000178921	PFAS	11.4	16433
ENSG00000178922	HYI	1.0	3282
ENSG00000178927	CYBC1	2.6	7291
ENSG00000178928	TPRX1	2.1	6380
ENSG00000178935	ZNF552	1.5	4687
ENSG00000178947	SMIM10L2A	0.0	1
ENSG00000178950	GAK	14.5	17382
ENSG00000178951	ZBTB7A	25.5	18657
ENSG00000178952	TUFM	5.9	12348
ENSG00000178965	ERICH3	0.8	3045
ENSG00000178966	RMI1	2.6	7291
ENSG00000178971	CTC1	7.1	13639
ENSG00000178974	FBXO34	0.6	2927
ENSG00000178980	SELENOW	0.5	1903
ENSG00000178982	EIF3K	4.7	10753
ENSG00000178988	MRFAP1L1	0.8	3045
ENSG00000178996	SNX18	9.7	15609
ENSG00000178997	EXD1	3.0	8111
ENSG00000178999	AURKB	30.8	18908
ENSG00000179002	TAS1R2	7.3	13831
ENSG00000179008	C14orf39	4.8	10931
ENSG00000179010	MRFAP1	0.0	1
ENSG00000179021	C3orf38	0.8	3045
ENSG00000179023	KLHDC7A	0.0	1
ENSG00000179029	TMEM107	3.7	9268
ENSG00000179041	RRS1	6.3	12794
ENSG00000179044	EXOC3L1	2.5	7104
ENSG00000179046	TRIML2	1.8	5759
ENSG00000179051	RCC2	12.0	16648
ENSG00000179055	OR13D1	1.0	3282
ENSG00000179057	IGSF22	0.0	1
ENSG00000179058	C9orf50	0.0	1
ENSG00000179059	ZFP42	5.1	11329
ENSG00000179071	CCDC89	0.0	1
ENSG00000179073	TAAR3P	2.9	7932
ENSG00000179083	FAM133A	0.0	1
ENSG00000179085	DPM3	3.4	8766
ENSG00000179088	C12orf42	0.0	1
ENSG00000179091	CYC1	1.7	5664
ENSG00000179094	PER1	16.9	17853
ENSG00000179097	HTR1F	10.0	15759
ENSG00000179104	TMTC2	3.4	8766
ENSG00000179111	HES7	5.0	11192
ENSG00000179115	FARSA	5.3	11597
ENSG00000179119	SPTY2D1	7.3	13831
ENSG00000179133	C10orf67	0.0	1
ENSG00000179134	SAMD4B	1.5	4687
ENSG00000179142	CYP11B2	17.9	18004
ENSG00000179144	GIMAP7	4.5	10501
ENSG00000179148	ALOXE3	13.2	17041
ENSG00000179151	EDC3	3.5	8994
ENSG00000179152	TCAIM	0.0	1
ENSG00000179163	FUCA1	5.3	11597
ENSG00000179165	PXT1	0.0	1
ENSG00000179168	GGN	1.0	3282
ENSG00000179172	HNRNPCL1	1.8	5759
ENSG00000179178	TMEM125	0.0	1
ENSG00000179195	ZNF664	1.5	4687
ENSG00000179213	SIGLECL1	0.0	1
ENSG00000179218	CALR	41.3	19124
ENSG00000179222	MAGED1	3.6	9147
ENSG00000179240	GVQW3	0.0	1
ENSG00000179241	LDLRAD3	0.5	1903
ENSG00000179242	CDH4	4.9	11073
ENSG00000179256	SMCO3	0.0	1
ENSG00000179262	RAD23A	11.8	16572
ENSG00000179270	PCARE	1.0	3282
ENSG00000179271	GADD45GIP1	2.2	6585
ENSG00000179277	MEIS3P1	5.0	11192
ENSG00000179284	DAND5	9.2	15304
ENSG00000179292	TMEM151A	0.0	1
ENSG00000179295	PTPN11	42.9	19141
ENSG00000179299	NSUN7	0.0	1
ENSG00000179300	RTL3	0.0	1
ENSG00000179314	WSCD1	0.5	1903
ENSG00000179331	RAB39A	5.8	12204
ENSG00000179335	CLK3	5.8	12204
ENSG00000179344	HLA-DQB1	7.1	13639
ENSG00000179348	GATA2	24.0	18583
ENSG00000179361	ARID3B	1.0	3282
ENSG00000179364	PACS2	5.0	11192
ENSG00000179387	ELMOD2	2.6	7291
ENSG00000179388	EGR3	10.3	15915
ENSG00000179397	CATSPERE	2.8	7695
ENSG00000179399	GPC5	1.5	4687
ENSG00000179403	VWA1	0.6	2927
ENSG00000179407	DNAJB8	6.0	12446
ENSG00000179409	GEMIN4	3.8	9432
ENSG00000179412	HNRNPCL4	0.5	1903
ENSG00000179431	FJX1	1.0	3282
ENSG00000179443	OR13C6P	1.0	3282
ENSG00000179454	KLHL28	1.6	5463
ENSG00000179455	MKRN3	3.3	8619
ENSG00000179456	ZBTB18	7.4	13914
ENSG00000179468	OR9A2	0.0	1
ENSG00000179476	DORIP1	1.0	3282
ENSG00000179477	ALOX12B	13.7	17187
ENSG00000179520	SLC17A8	13.6	17161
ENSG00000179526	SHARPIN	7.8	14288
ENSG00000179528	LBX2	4.3	10201
ENSG00000179532	DNHD1	3.6	9147
ENSG00000179542	SLITRK4	2.6	7291
ENSG00000179546	HTR1D	9.2	15304
ENSG00000179562	GCC1	0.5	1903
ENSG00000179564	LSMEM2	0.0	1
ENSG00000179580	RNF151	1.0	3282
ENSG00000179583	CIITA	18.8	18124
ENSG00000179588	ZFPM1	16.4	17788
ENSG00000179593	ALOX15B	20.2	18279
ENSG00000179598	PLD6	8.1	14536
ENSG00000179600	GPHB5	4.2	10017
ENSG00000179603	GRM8	5.6	11982
ENSG00000179604	CDC42EP4	5.2	11424
ENSG00000179615	OR2AP1	0.5	1903
ENSG00000179626	OR6C4	0.5	1903
ENSG00000179627	ZBTB42	1.8	5759
ENSG00000179630	LACC1	8.7	14962
ENSG00000179632	MAF1	5.0	11192
ENSG00000179636	TPPP2	4.4	10330
ENSG00000179639	FCER1A	6.8	13329
ENSG00000179673	RPRML	0.0	1
ENSG00000179674	ARL14	1.5	4687
ENSG00000179695	OR6C2	1.7	5664
ENSG00000179698	WDR97	0.0	1
ENSG00000179709	NLRP8	0.5	1903
ENSG00000179715	PCED1B	0.0	1
ENSG00000179750	APOBEC3B	6.7	13235
ENSG00000179751	SYCN	0.0	1
ENSG00000179761	PIPOX	6.3	12794
ENSG00000179772	FOXS1	5.4	11736
ENSG00000179774	ATOH7	9.5	15494
ENSG00000179776	CDH5	31.3	18925
ENSG00000179796	LRRC3B	0.5	1903
ENSG00000179813	FAM216B	0.0	1
ENSG00000179817	MRGPRX4	3.4	8766
ENSG00000179820	MYADM	9.3	15379
ENSG00000179826	MRGPRX3	1.0	3282
ENSG00000179832	MROH1	1.6	5463
ENSG00000179833	SERTAD2	1.3	4364
ENSG00000179841	AKAP5	19.3	18188
ENSG00000179846	NKPD1	0.0	1
ENSG00000179855	GIPC3	0.0	1
ENSG00000179859	RNF227	1.0	3282
ENSG00000179862	CITED4	1.5	4687
ENSG00000179869	ABCA13	3.3	8619
ENSG00000179873	NLRP11	1.0	3282
ENSG00000179886	TIGD5	0.5	1903
ENSG00000179889	PDXDC1	0.5	1903
ENSG00000179909	ZNF154	1.5	4687
ENSG00000179912	R3HDM2	0.5	1903
ENSG00000179913	B3GNT3	4.4	10330
ENSG00000179914	ITLN1	5.8	12204
ENSG00000179915	NRXN1	19.5	18215
ENSG00000179918	SEPHS2	5.3	11597
ENSG00000179919	OR10A7	1.0	3282
ENSG00000179921	GPBAR1	4.5	10501
ENSG00000179922	ZNF784	2.3	6711
ENSG00000179930	ZNF648	1.5	4687
ENSG00000179933	C14orf119	0.0	1
ENSG00000179934	CCR8	10.9	16206
ENSG00000179938	GOLGA8J	0.5	1903
ENSG00000179941	BBS10	4.5	10501
ENSG00000179943	FIZ1	2.0	6082
ENSG00000179950	PUF60	3.3	8619
ENSG00000179954	SSC5D	4.5	10501
ENSG00000179958	DCTPP1	8.6	14895
ENSG00000179965	ZNF771	1.8	5759
ENSG00000179981	TSHZ1	2.0	6082
ENSG00000179988	PSTK	1.0	3282
ENSG00000179994	SPDYE7P	0.5	1903
ENSG00000180008	SOCS4	1.3	4364
ENSG00000180011	PTGR3	1.5	4687
ENSG00000180016	OR1E1	2.2	6585
ENSG00000180035	ZNF48	1.8	5759
ENSG00000180042	OR1R1	1.5	4687
ENSG00000180043	GARIN5B	0.0	1
ENSG00000180044	C3orf80	0.0	1
ENSG00000180053	NKX2-6	12.0	16648
ENSG00000180061	TMEM150B	0.0	1
ENSG00000180068	OR3A4P	2.2	6585
ENSG00000180071	ANKRD18A	0.0	1
ENSG00000180089	TMEM86B	6.0	12446
ENSG00000180090	OR3A1	2.5	7104
ENSG00000180096	SEPTIN1	3.3	8619
ENSG00000180098	TRNAU1AP	2.0	6082
ENSG00000180104	EXOC3	4.4	10330
ENSG00000180113	TDRD6	2.0	6082
ENSG00000180116	REDIC1	0.0	1
ENSG00000180138	CSNK1A1L	1.5	4687
ENSG00000180155	LYNX1	3.9	9571
ENSG00000180176	TH	18.9	18139
ENSG00000180182	MED14	9.8	15662
ENSG00000180185	FAHD1	4.5	10501
ENSG00000180190	TDRP	1.3	4364
ENSG00000180198	RCC1	16.2	17740
ENSG00000180209	MYL11	4.7	10753
ENSG00000180210	F2	31.5	18933
ENSG00000180219	GARIN6	0.0	1
ENSG00000180228	PRKRA	15.7	17645
ENSG00000180229	HERC2P3	1.0	3282
ENSG00000180233	ZNRF2	4.1	9897
ENSG00000180245	RRH	4.7	10753
ENSG00000180251	SLC9A4	5.3	11597
ENSG00000180257	ZNF816	1.5	4687
ENSG00000180263	FGD6	4.0	9765
ENSG00000180264	ADGRD2	2.8	7695
ENSG00000180269	GPR139	1.3	4364
ENSG00000180287	PLD5	0.0	1
ENSG00000180304	OAZ2	5.8	12204
ENSG00000180316	PNPLA1	5.7	12090
ENSG00000180318	ALX1	10.8	16162
ENSG00000180329	CCDC43	0.0	1
ENSG00000180332	KCTD4	0.0	1
ENSG00000180336	MEIOC	3.5	8994
ENSG00000180340	FZD2	8.3	14683
ENSG00000180346	TIGD2	0.5	1903
ENSG00000180347	ITPRID1	0.0	1
ENSG00000180353	HCLS1	15.1	17529
ENSG00000180354	MTURN	3.4	8766
ENSG00000180357	ZNF609	3.8	9432
ENSG00000180370	PAK2	24.2	18591
ENSG00000180376	CCDC66	13.2	17041
ENSG00000180383	DEFB124	7.2	13747
ENSG00000180389	ATP5F1EP2	1.6	5463
ENSG00000180398	MCFD2	0.6	2927
ENSG00000180423	HARBI1	0.0	1
ENSG00000180424	DEFB123	1.5	4687
ENSG00000180425	C11orf71	0.0	1
ENSG00000180432	CYP8B1	7.2	13747
ENSG00000180433	OR6K6	1.5	4687
ENSG00000180438	TPRXL	1.6	5463
ENSG00000180440	SERTM1	0.0	1
ENSG00000180447	GAS1	7.0	13559
ENSG00000180448	ARHGAP45	2.8	7695
ENSG00000180475	OR10Q1	1.0	3282
ENSG00000180479	ZNF571	1.5	4687
ENSG00000180481	GLIPR1L2	0.0	1
ENSG00000180483	DEFB119	4.0	9765
ENSG00000180488	MIGA1	2.9	7932
ENSG00000180509	KCNE1	25.5	18657
ENSG00000180530	NRIP1	13.3	17085
ENSG00000180532	ZSCAN4	3.3	8619
ENSG00000180535	BHLHA15	5.3	11597
ENSG00000180537	RNF182	2.6	7291
ENSG00000180543	TSPYL5	5.8	12204
ENSG00000180549	FUT7	18.8	18124
ENSG00000180573	H2AC6	2.4	6954
ENSG00000180574	EIF2S3B	1.5	4687
ENSG00000180592	SKIDA1	1.2	4328
ENSG00000180611	MB21D2	1.3	4364
ENSG00000180613	GSX2	3.1	8298
ENSG00000180616	SSTR2	6.0	12446
ENSG00000180626	ZNF594	1.0	3282
ENSG00000180628	PCGF5	3.5	8994
ENSG00000180638	SLC47A2	5.5	11839
ENSG00000180644	PRF1	13.4	17108
ENSG00000180658	OR2A4	3.1	8298
ENSG00000180660	MAB21L1	1.7	5664
ENSG00000180663	VN1R3	0.5	1903
ENSG00000180667	YOD1	16.1	17722
ENSG00000180694	TMEM64	3.0	8111
ENSG00000180697	C3orf22	0.0	1
ENSG00000180708	OR10K2	1.5	4687
ENSG00000180720	CHRM4	5.6	11982
ENSG00000180730	SHISA2	1.0	3282
ENSG00000180739	S1PR5	1.0	3282
ENSG00000180745	CLRN3	0.0	1
ENSG00000180758	GPR157	2.5	7104
ENSG00000180764	PIPSL	1.0	3282
ENSG00000180767	CHST13	5.2	11424
ENSG00000180772	AGTR2	17.3	17917
ENSG00000180773	SLC36A4	10.2	15862
ENSG00000180776	ZDHHC20	8.7	14962
ENSG00000180777	ANKRD30B	0.0	1
ENSG00000180785	OR51E1	0.5	1903
ENSG00000180787	ZFP3	1.5	4687
ENSG00000180801	ARSJ	1.4	4622
ENSG00000180806	HOXC9	4.9	11073
ENSG00000180815	MAP3K15	2.3	6711
ENSG00000180817	PPA1	2.8	7695
ENSG00000180818	HOXC10	6.9	13452
ENSG00000180822	PSMG4	1.1	4265
ENSG00000180828	BHLHE22	3.8	9432
ENSG00000180834	MAP6D1	1.5	4687
ENSG00000180855	ZNF443	2.4	6954
ENSG00000180871	CXCR2	19.1	18159
ENSG00000180875	GREM2	3.5	8994
ENSG00000180878	C11orf42	0.0	1
ENSG00000180879	SSR4	0.6	2927
ENSG00000180881	CAPS2	0.0	1
ENSG00000180884	ZNF792	2.3	6711
ENSG00000180891	CUEDC1	0.0	1
ENSG00000180900	SCRIB	17.8	17987
ENSG00000180901	KCTD2	1.8	5759
ENSG00000180902	D2HGDH	9.2	15304
ENSG00000180914	OXTR	9.0	15175
ENSG00000180917	CMTR2	2.6	7291
ENSG00000180919	OR56B4	0.5	1903
ENSG00000180921	SACK1H	7.0	13559
ENSG00000180929	GPR62	3.9	9571
ENSG00000180934	OR56A1	0.5	1903
ENSG00000180938	ZNF572	3.3	8619
ENSG00000180957	PITPNB	14.6	17413
ENSG00000180974	OR52E4	0.5	1903
ENSG00000180979	LRRC57	0.0	1
ENSG00000180988	OR52N2	0.5	1903
ENSG00000180992	MRPL14	1.1	4265
ENSG00000180998	GPR137C	0.5	1903
ENSG00000180999	C1orf105	0.0	1
ENSG00000181001	OR52N1	0.5	1903
ENSG00000181004	BBS12	2.6	7291
ENSG00000181007	ZFP82	1.5	4687
ENSG00000181009	OR52N5	0.5	1903
ENSG00000181016	LSMEM1	0.0	1
ENSG00000181017	OR56B2	0.5	1903
ENSG00000181019	NQO1	15.2	17552
ENSG00000181023	OR56B1	0.5	1903
ENSG00000181026	AEN	4.7	10753
ENSG00000181027	FKRP	5.0	11192
ENSG00000181029	TRAPPC5	2.9	7932
ENSG00000181031	RPH3AL	2.8	7695
ENSG00000181035	SLC25A42	10.5	16025
ENSG00000181036	FCRL6	3.9	9571
ENSG00000181038	METTL23	5.7	12090
ENSG00000181045	SLC26A11	7.3	13831
ENSG00000181061	HIGD1A	1.8	5759
ENSG00000181072	CHRM2	13.6	17161
ENSG00000181074	OR52N4	0.5	1903
ENSG00000181085	MAPK15	15.7	17645
ENSG00000181090	EHMT1	13.1	17014
ENSG00000181092	ADIPOQ	37.7	19075
ENSG00000181104	F2R	33.3	18986
ENSG00000181109	OR52P1	0.5	1903
ENSG00000181135	ZNF707	1.5	4687
ENSG00000181143	MUC16	0.6	2927
ENSG00000181163	NPM1	39.0	19093
ENSG00000181191	PJA1	1.0	3282
ENSG00000181192	DHTKD1	1.6	5463
ENSG00000181195	PENK	7.7	14204
ENSG00000181214	OR8G2P	2.0	6082
ENSG00000181215	C4orf50	0.0	1
ENSG00000181218	H2AC25	3.4	8766
ENSG00000181220	ZNF746	9.5	15494
ENSG00000181222	POLR2A	17.8	17987
ENSG00000181234	TMEM132C	0.0	1
ENSG00000181240	SLC25A41	4.5	10501
ENSG00000181264	TLCD5	0.0	1
ENSG00000181273	OR5AK2	2.0	6082
ENSG00000181274	FRAT2	0.0	1
ENSG00000181282	OR5AK3P	2.0	6082
ENSG00000181284	TMEM102	4.0	9765
ENSG00000181291	TMEM132E	1.3	4364
ENSG00000181315	ZNF322	1.5	4687
ENSG00000181322	NME9	0.0	1
ENSG00000181323	SPEM1	1.0	3282
ENSG00000181333	HEPHL1	2.1	6380
ENSG00000181350	LRRC75A	1.0	3282
ENSG00000181355	OFCC1	0.0	1
ENSG00000181371	OR5M8	2.0	6082
ENSG00000181374	CCL13	14.6	17413
ENSG00000181378	CFAP65	4.0	9765
ENSG00000181381	DDX60L	1.5	4687
ENSG00000181392	SYNE4	1.0	3282
ENSG00000181396	OGFOD3	0.0	1
ENSG00000181404	WASHC1	13.7	17187
ENSG00000181408	UTS2R	4.3	10201
ENSG00000181409	LMTK1	1.5	4687
ENSG00000181418	DDN	0.0	1
ENSG00000181433	SAGE1	1.0	3282
ENSG00000181444	ZNF467	1.5	4687
ENSG00000181449	SOX2	26.6	18721
ENSG00000181450	ZNF678	1.5	4687
ENSG00000181458	TMEM45A	0.0	1
ENSG00000181467	RAP2B	8.3	14683
ENSG00000181472	ZBTB2	6.5	13008
ENSG00000181481	RNF135	16.0	17704
ENSG00000181499	OR6T1	0.5	1903
ENSG00000181513	ACBD4	1.0	3282
ENSG00000181518	OR8D4	2.0	6082
ENSG00000181523	SGSH	3.9	9571
ENSG00000181541	MAB21L2	1.7	5664
ENSG00000181544	FANCB	2.1	6380
ENSG00000181552	EDDM3B	0.0	1
ENSG00000181555	SETD2	16.5	17798
ENSG00000181562	EDDM3A	0.9	3235
ENSG00000181585	TMIE	1.0	3282
ENSG00000181588	MEX3D	2.5	7104
ENSG00000181609	OR52D1	1.7	5664
ENSG00000181610	MRPS23	1.1	4265
ENSG00000181616	OR52H1	0.5	1903
ENSG00000181619	GPR135	1.8	5759
ENSG00000181626	ANKRD62	0.0	1
ENSG00000181631	P2RY13	1.0	3282
ENSG00000181634	TNFSF15	4.3	10201
ENSG00000181638	ZFP41	2.3	6711
ENSG00000181649	PHLDA2	1.4	4622
ENSG00000181652	ATG9B	4.8	10931
ENSG00000181656	GPR88	6.0	12446
ENSG00000181666	ZNF875	1.5	4687
ENSG00000181690	PLAG1	4.8	10931
ENSG00000181693	OR8H1	2.0	6082
ENSG00000181698	OR5T1	2.0	6082
ENSG00000181704	YIPF6	0.0	1
ENSG00000181718	OR5T2	2.0	6082
ENSG00000181722	ZBTB20	5.8	12204
ENSG00000181733	OR2Z1	1.0	3282
ENSG00000181744	DIPK2A	4.2	10017
ENSG00000181751	MACIR	2.3	6711
ENSG00000181752	OR8K5	0.0	1
ENSG00000181754	AMIGO1	5.0	11192
ENSG00000181761	OR8H3	2.0	6082
ENSG00000181767	OR8H2	2.0	6082
ENSG00000181773	GPR3	4.2	10017
ENSG00000181778	TMEM252	0.0	1
ENSG00000181781	CIMAP1D	0.0	1
ENSG00000181785	OR5AS1	1.0	3282
ENSG00000181786	ACTL9	2.1	6380
ENSG00000181788	SIAH2	12.3	16779
ENSG00000181789	COPG1	3.6	9147
ENSG00000181790	ADGRB1	17.1	17878
ENSG00000181803	OR6S1	0.5	1903
ENSG00000181804	SLC9A9	6.1	12588
ENSG00000181817	LSM10	4.8	10931
ENSG00000181826	RELL1	1.3	4364
ENSG00000181827	RFX7	4.4	10330
ENSG00000181830	SLC35C1	4.9	11073
ENSG00000181847	TIGIT	8.4	14752
ENSG00000181852	RNF41	15.5	17610
ENSG00000181856	SLC2A4	12.3	16779
ENSG00000181867	FTMT	4.2	10017
ENSG00000181873	IBA57	1.1	4265
ENSG00000181885	CLDN7	1.5	4687
ENSG00000181894	ZNF329	2.1	6380
ENSG00000181896	ZNF101	1.5	4687
ENSG00000181903	OR4C6	0.5	1903
ENSG00000181904	C5orf24	0.0	1
ENSG00000181915	ADO	3.7	9268
ENSG00000181924	COA4	0.0	1
ENSG00000181927	OR4P4	0.5	1903
ENSG00000181929	PRKAG1	15.2	17552
ENSG00000181938	GINS3	1.9	5985
ENSG00000181939	OR4C15	0.5	1903
ENSG00000181958	OR4A15	0.5	1903
ENSG00000181961	OR4A16	0.5	1903
ENSG00000181963	OR52K2	0.5	1903
ENSG00000181965	NEUROG1	26.6	18721
ENSG00000181977	PYY3	2.0	6082
ENSG00000181982	CCDC149	0.0	1
ENSG00000181984	GOLGA8CP	0.5	1903
ENSG00000181991	MRPS11	3.1	8298
ENSG00000182004	SNRPE	8.5	14830
ENSG00000182010	RTKN2	2.6	7291
ENSG00000182013	PNMA8A	0.0	1
ENSG00000182022	CHST15	6.1	12588
ENSG00000182035	ADIG	3.5	8994
ENSG00000182040	USH1G	6.1	12588
ENSG00000182050	MGAT4C	2.8	7695
ENSG00000182053	TRIM49B	1.5	4687
ENSG00000182054	IDH2	6.2	12686
ENSG00000182070	OR52A1	3.2	8468
ENSG00000182077	PTCHD3	0.0	1
ENSG00000182083	OR6B2	1.0	3282
ENSG00000182087	TMEM259	1.0	3282
ENSG00000182093	GET1	5.6	11982
ENSG00000182095	TNRC18	3.2	8468
ENSG00000182103	FAM181B	0.0	1
ENSG00000182107	CDC50B	3.4	8766
ENSG00000182108	DEXI	0.0	1
ENSG00000182111	ZNF716	1.5	4687
ENSG00000182117	NOP10	8.2	14610
ENSG00000182118	FAM89A	0.0	1
ENSG00000182132	KCNIP1	7.9	14372
ENSG00000182134	TDRKH	3.5	8994
ENSG00000182141	ZNF708	1.5	4687
ENSG00000182149	IST1	11.0	16257
ENSG00000182150	ERCC6L2	4.5	10501
ENSG00000182154	MRPL41	3.7	9268
ENSG00000182156	ENPP7	10.1	15809
ENSG00000182158	CREB3L2	6.2	12686
ENSG00000182162	P2RY8	2.6	7291
ENSG00000182168	UNC5C	7.1	13639
ENSG00000182170	MRGPRG	1.0	3282
ENSG00000182173	TSEN54	2.1	6380
ENSG00000182175	RGMA	2.6	7291
ENSG00000182177	ASB18	0.0	1
ENSG00000182179	UBA7	5.2	11424
ENSG00000182180	MRPS16	3.3	8619
ENSG00000182183	SHISAL2A	0.0	1
ENSG00000182185	RAD51B	11.7	16536
ENSG00000182187	CRYGB	2.7	7600
ENSG00000182197	EXT1	11.5	16473
ENSG00000182199	SHMT2	19.4	18201
ENSG00000182208	MOB2	1.0	3282
ENSG00000182218	HHIPL1	0.0	1
ENSG00000182220	ATP6AP2	12.1	16689
ENSG00000182223	ZAR1	5.0	11192
ENSG00000182224	CYB5D1	2.2	6585
ENSG00000182230	FAM153B	0.0	1
ENSG00000182240	BACE2	8.8	15033
ENSG00000182247	UBE2E2	11.0	16257
ENSG00000182253	SYNM	6.3	12794
ENSG00000182255	KCNA4	6.5	13008
ENSG00000182256	GABRG3	5.0	11192
ENSG00000182261	NLRP10	8.1	14536
ENSG00000182263	FIGN	1.5	4687
ENSG00000182264	IZUMO1	8.8	15033
ENSG00000182271	TMIGD1	6.4	12917
ENSG00000182272	B4GALNT4	1.3	4364
ENSG00000182287	AP1S2	2.3	6711
ENSG00000182307	C8orf33	0.0	1
ENSG00000182308	DCAF4L1	0.0	1
ENSG00000182310	SPACA6	2.6	7291
ENSG00000182318	ZSCAN22	1.5	4687
ENSG00000182324	KCNJ14	1.9	5985
ENSG00000182325	FBXL6	2.9	7932
ENSG00000182326	C1S	5.1	11329
ENSG00000182327	GLTPD2	2.0	6082
ENSG00000182329	KIAA2012	0.0	1
ENSG00000182330	PRAMEF8	1.0	3282
ENSG00000182333	LIPF	3.9	9571
ENSG00000182334	OR5P3	1.0	3282
ENSG00000182348	ZNF804B	0.0	1
ENSG00000182359	KBTBD3	1.6	5463
ENSG00000182362	YBEY	0.8	3045
ENSG00000182372	CLN8	9.0	15175
ENSG00000182378	PLCXD1	0.5	1903
ENSG00000182379	NXPH4	1.1	4265
ENSG00000182389	CACNB4	5.1	11329
ENSG00000182393	IFNL1	15.6	17629
ENSG00000182400	TRAPPC6B	2.3	6711
ENSG00000182405	PGBD4	0.0	1
ENSG00000182446	NPLOC4	8.2	14610
ENSG00000182447	OTOL1	2.0	6082
ENSG00000182450	KCNK4	15.6	17629
ENSG00000182459	TEX19	4.3	10201
ENSG00000182463	TSHZ2	2.0	6082
ENSG00000182472	CAPN12	1.0	3282
ENSG00000182473	EXOC7	6.2	12686
ENSG00000182477	OR2B8	1.0	3282
ENSG00000182481	KPNA2	10.2	15862
ENSG00000182484	WASH6P	5.2	11424
ENSG00000182487	NCF1B	1.5	4687
ENSG00000182489	XKRX	0.0	1
ENSG00000182492	BGN	1.7	5664
ENSG00000182504	CEP97	2.1	6380
ENSG00000182508	LHFPL1	0.0	1
ENSG00000182511	FES	16.9	17853
ENSG00000182512	GLRX5	3.9	9571
ENSG00000182518	VCF2	0.0	1
ENSG00000182521	TBPL2	1.0	3282
ENSG00000182533	CAV3	34.8	19020
ENSG00000182534	MXRA7	0.8	3045
ENSG00000182541	LIMK2	6.7	13235
ENSG00000182544	SLC61A1	1.6	5463
ENSG00000182545	RNASE10	3.0	8111
ENSG00000182551	ADI1	2.6	7291
ENSG00000182552	RWDD4	0.0	1
ENSG00000182557	SPNS3	0.5	1903
ENSG00000182566	CLEC4G	7.6	14102
ENSG00000182568	SATB1	8.3	14683
ENSG00000182575	NXPH3	1.1	4265
ENSG00000182578	CSF1R	34.2	19005
ENSG00000182580	EPHB3	11.5	16473
ENSG00000182583	VCX	3.8	9432
ENSG00000182585	EPGN	9.1	15239
ENSG00000182591	KRTAP11-1	0.0	1
ENSG00000182600	SNORC	0.5	1903
ENSG00000182601	HS3ST4	1.7	5664
ENSG00000182606	TRAK1	5.8	12204
ENSG00000182612	TSPAN10	1.6	5463
ENSG00000182613	OR2V2	1.0	3282
ENSG00000182621	PLCB1	25.5	18657
ENSG00000182628	SKA2	6.5	13008
ENSG00000182631	RXFP3	3.6	9147
ENSG00000182632	CCNYL2	1.0	3282
ENSG00000182634	OR10G7	1.0	3282
ENSG00000182636	NDN	0.5	1903
ENSG00000182645	CCDC172	0.0	1
ENSG00000182652	OR4Q3	0.5	1903
ENSG00000182667	NTM	2.5	7104
ENSG00000182670	TTC3	3.4	8766
ENSG00000182674	KCNB2	6.7	13235
ENSG00000182676	PPP1R27	1.3	4364
ENSG00000182685	BRICD5	0.5	1903
ENSG00000182687	GALR2	11.1	16303
ENSG00000182698	RESP18	0.0	1
ENSG00000182700	IGIP	0.0	1
ENSG00000182704	TSKU	9.5	15494
ENSG00000182707	FXYD6P3	1.0	3282
ENSG00000182712	CMC4	0.0	1
ENSG00000182718	ANXA2	20.2	18279
ENSG00000182732	RGS6	6.2	12686
ENSG00000182742	HOXB4	6.2	12686
ENSG00000182747	SLC35D3	4.1	9897
ENSG00000182749	PAQR7	1.5	4687
ENSG00000182752	PAPPA	7.6	14102
ENSG00000182759	MAFA	9.6	15554
ENSG00000182768	NGRN	3.5	8994
ENSG00000182771	GRID1	9.1	15239
ENSG00000182774	RPS17	10.1	15809
ENSG00000182782	HCAR2	4.1	9897
ENSG00000182783	OR2T29	1.0	3282
ENSG00000182791	CCDC87	1.0	3282
ENSG00000182793	GSTA5	2.5	7104
ENSG00000182795	C1orf116	0.0	1
ENSG00000182798	MAGEB17	0.5	1903
ENSG00000182809	CRIP2	0.9	3235
ENSG00000182810	DDX28	2.6	7291
ENSG00000182816	KRTAP13-2	0.0	1
ENSG00000182827	ACBD3	0.8	3045
ENSG00000182831	HAPSTR1	2.4	6954
ENSG00000182836	PLCXD3	0.5	1903
ENSG00000182841	RRP7BP	1.0	3282
ENSG00000182853	VMO1	0.0	1
ENSG00000182854	OR4F15	0.5	1903
ENSG00000182858	ALG12	6.6	13122
ENSG00000182866	LCK	32.5	18968
ENSG00000182870	GALNT9	4.0	9765
ENSG00000182871	COL18A1	6.6	13122
ENSG00000182872	RBM10	3.1	8298
ENSG00000182885	ADGRG3	5.2	11424
ENSG00000182890	GLUD2	7.4	13914
ENSG00000182896	TMEM95	1.8	5759
ENSG00000182898	TCHHL1	0.0	1
ENSG00000182899	RPL35A	9.8	15662
ENSG00000182901	RGS7	7.6	14102
ENSG00000182902	SLC25A18	6.8	13329
ENSG00000182903	ZNF721	1.0	3282
ENSG00000182919	BKGD	4.2	10017
ENSG00000182923	CEP63	7.0	13559
ENSG00000182934	SRPRA	3.5	8994
ENSG00000182938	OTOP3	3.0	8111
ENSG00000182944	EWSR1	3.2	8468
ENSG00000182950	CIMAP1C	0.0	1
ENSG00000182952	HMGN4	1.0	3282
ENSG00000182957	SPATA13	8.9	15105
ENSG00000182963	GJC1	6.4	12917
ENSG00000182968	SOX1	8.2	14610
ENSG00000182973	CNOT10	1.6	5463
ENSG00000182974	OR4M2B	0.5	1903
ENSG00000182979	MTA1	16.3	17761
ENSG00000182983	ZNF662	1.5	4687
ENSG00000182985	CADM1	14.2	17296
ENSG00000182986	ZNF320	1.5	4687
ENSG00000182993	C12orf60	0.0	1
ENSG00000183010	PYCR1	7.6	14102
ENSG00000183011	NAA38	0.8	3045
ENSG00000183018	SPNS2	7.4	13914
ENSG00000183019	MCEMP1	0.8	3045
ENSG00000183020	AP2A2	6.7	13235
ENSG00000183023	SLC8A1	36.5	19051
ENSG00000183024	OR1G1	4.0	9765
ENSG00000183032	SLC25A21	5.2	11424
ENSG00000183034	OTOP2	2.0	6082
ENSG00000183035	CYLC1	2.8	7695
ENSG00000183036	PCP4	5.0	11192
ENSG00000183044	ABAT	5.2	11424
ENSG00000183048	SLC25A10	10.8	16162
ENSG00000183049	CAMK1D	7.5	14017
ENSG00000183060	LYSMD4	0.0	1
ENSG00000183066	WBP2NL	3.8	9432
ENSG00000183067	IGSF5	0.5	1903
ENSG00000183072	NKX2-5	43.5	19145
ENSG00000183077	AFMID	0.5	1903
ENSG00000183087	GAS6	43.1	19144
ENSG00000183090	FREM3	1.6	5463
ENSG00000183091	NEB	4.0	9765
ENSG00000183092	BEGAIN	0.5	1903
ENSG00000183098	GPC6	2.4	6954
ENSG00000183111	ARHGEF37	1.3	4364
ENSG00000183114	FAM43B	0.0	1
ENSG00000183117	CSMD1	0.0	1
ENSG00000183128	CALHM3	2.5	7104
ENSG00000183134	PTGDR2	9.1	15239
ENSG00000183137	CEP57L1	1.3	4364
ENSG00000183145	RIPPLY3	1.0	3282
ENSG00000183148	ANKRD20A2P	0.0	1
ENSG00000183150	GPR19	4.4	10330
ENSG00000183153	GJD3	5.7	12090
ENSG00000183155	RABIF	4.7	10753
ENSG00000183160	TMEM119	7.9	14372
ENSG00000183161	FANCF	1.1	4265
ENSG00000183166	CALN1	0.0	1
ENSG00000183169	POM121L1P	0.0	1
ENSG00000183172	SMDT1	8.6	14895
ENSG00000183185	GABRR3	4.8	10931
ENSG00000183186	C2CD4C	0.0	1
ENSG00000183196	CHST6	8.8	15033
ENSG00000183199	HSP90AB3P	3.0	8111
ENSG00000183206	POTEC	0.0	1
ENSG00000183207	RUVBL2	29.8	18871
ENSG00000183208	GDPGP1	3.1	8298
ENSG00000183230	CTNNA3	6.9	13452
ENSG00000183246	RIMBP3C	2.0	6082
ENSG00000183248	PRR36	0.0	1
ENSG00000183251	OR51B4	1.7	5664
ENSG00000183255	PTTG1IP	4.5	10501
ENSG00000183258	DDX41	7.9	14372
ENSG00000183260	ABHD16B	2.0	6082
ENSG00000183269	OR52E8	0.5	1903
ENSG00000183273	CCDC60	0.0	1
ENSG00000183283	DAZAP2	6.9	13452
ENSG00000183287	CCBE1	6.8	13329
ENSG00000183291	SELENOF	1.4	4622
ENSG00000183303	OR5P2	1.0	3282
ENSG00000183304	FAM9A	1.0	3282
ENSG00000183307	TMEM121B	0.0	1
ENSG00000183309	ZNF623	1.5	4687
ENSG00000183310	OR2T34	1.0	3282
ENSG00000183313	OR52L1	0.5	1903
ENSG00000183317	EPHA10	2.3	6711
ENSG00000183318	SPDYE4	0.5	1903
ENSG00000183323	CCDC125	4.2	10017
ENSG00000183324	REC114	2.1	6380
ENSG00000183337	BCOR	15.8	17668
ENSG00000183340	JRKL	1.4	4622
ENSG00000183346	CABCOCO1	0.5	1903
ENSG00000183347	GBP6	4.0	9765
ENSG00000183354	BRD10	0.0	1
ENSG00000183378	OVCH2	1.8	5759
ENSG00000183379	SYNDIG1L	0.0	1
ENSG00000183386	FHL3	2.4	6954
ENSG00000183389	OR56A4	0.5	1903
ENSG00000183395	PMCH	1.5	4687
ENSG00000183396	TMEM89	0.0	1
ENSG00000183397	TEKTIP1	0.5	1903
ENSG00000183401	CCDC159	0.5	1903
ENSG00000183421	RIPK4	2.6	7291
ENSG00000183423	LRIT3	0.8	3045
ENSG00000183426	NPIPA1	0.0	1
ENSG00000183431	SF3A3	8.5	14830
ENSG00000183434	TFDP3	5.5	11839
ENSG00000183439	TRIM61	1.5	4687
ENSG00000183454	GRIN2A	21.4	18395
ENSG00000183463	URAD	1.0	3282
ENSG00000183475	ASB7	2.4	6954
ENSG00000183476	SH2D7	0.5	1903
ENSG00000183479	TREX2	6.7	13235
ENSG00000183484	GPR132	1.0	3282
ENSG00000183486	MX2	8.6	14895
ENSG00000183495	EP400	5.2	11424
ENSG00000183496	MEX3B	2.8	7695
ENSG00000183506	PI4KAP2	0.0	1
ENSG00000183508	TENT5C	3.4	8766
ENSG00000183513	COA5	0.5	1903
ENSG00000183520	UTP11	3.5	8994
ENSG00000183527	PSMG1	5.0	11192
ENSG00000183530	PRR14L	0.0	1
ENSG00000183542	KLRC4	2.0	6082
ENSG00000183549	ACSM5	2.0	6082
ENSG00000183559	C10orf120	0.0	1
ENSG00000183560	IZUMO1R	7.0	13559
ENSG00000183566	BPIFA4P	0.5	1903
ENSG00000183569	SERHL2	0.5	1903
ENSG00000183570	PCBP3	2.7	7600
ENSG00000183571	PGPEP1L	0.5	1903
ENSG00000183576	SETD3	8.5	14830
ENSG00000183578	TIPE3	5.8	12204
ENSG00000183579	ZNRF3	10.9	16206
ENSG00000183580	FBXL7	7.5	14017
ENSG00000183597	TANGO2	1.0	3282
ENSG00000183605	SFXN4	1.0	3282
ENSG00000183607	GKN2	0.5	1903
ENSG00000183615	FAM167B	0.0	1
ENSG00000183617	MRPL54	1.6	5463
ENSG00000183621	ZNF438	3.1	8298
ENSG00000183624	HMCES	10.4	15985
ENSG00000183625	CCR3	14.6	17413
ENSG00000183628	DGCR6	1.8	5759
ENSG00000183629	GOLGA8G	0.0	1
ENSG00000183631	PRR32	0.0	1
ENSG00000183638	RP1L1	3.8	9432
ENSG00000183640	KRTAP8-1	0.0	1
ENSG00000183644	HOATZ	2.0	6082
ENSG00000183647	ZNF530	1.5	4687
ENSG00000183648	NDUFB1	3.3	8619
ENSG00000183654	MARCHF11	0.5	1903
ENSG00000183655	KLHL25	8.2	14610
ENSG00000183662	TAFA1	3.5	8994
ENSG00000183665	TYW2	1.5	4687
ENSG00000183666	GUSBP1	1.8	5759
ENSG00000183668	PSG9	6.5	13008
ENSG00000183671	CMKLR2	6.0	12446
ENSG00000183682	BMP8A	4.2	10017
ENSG00000183684	ALYREF	7.2	13747
ENSG00000183688	RFLNB	3.3	8619
ENSG00000183690	EFHC2	1.0	3282
ENSG00000183691	NOG	28.8	18827
ENSG00000183695	MRGPRX2	14.3	17326
ENSG00000183696	UPP1	4.3	10201
ENSG00000183704	SLC9B1P1	0.0	1
ENSG00000183706	OR4N4	0.5	1903
ENSG00000183709	IFNL2	3.7	9268
ENSG00000183715	OPCML	2.8	7695
ENSG00000183718	TRIM52	5.8	12204
ENSG00000183722	LHFPL6	0.0	1
ENSG00000183723	CMTM4	0.0	1
ENSG00000183726	TMEM50A	0.5	1903
ENSG00000183733	FIGLA	5.5	11839
ENSG00000183734	ASCL2	9.7	15609
ENSG00000183735	TBK1	32.0	18952
ENSG00000183741	CBX6	3.0	8111
ENSG00000183742	MACC1	0.8	3045
ENSG00000183747	ACSM2A	5.3	11597
ENSG00000183751	TBL3	3.4	8766
ENSG00000183760	ACP7	0.0	1
ENSG00000183762	KREMEN1	4.0	9765
ENSG00000183763	TRAIP	9.4	15426
ENSG00000183765	CHEK2	26.2	18696
ENSG00000183770	FOXL2	14.6	17413
ENSG00000183773	AIFM3	1.8	5759
ENSG00000183775	KCTD16	0.5	1903
ENSG00000183778	B3GALT5	3.2	8468
ENSG00000183779	ZNF703	9.4	15426
ENSG00000183780	SLC35F3	2.9	7932
ENSG00000183783	KCTD8	0.5	1903
ENSG00000183785	TUBA8	2.0	6082
ENSG00000183793	NPIPA5	0.0	1
ENSG00000183798	EMILIN3	1.9	5985
ENSG00000183801	OLFML1	0.5	1903
ENSG00000183807	FAM162B	0.0	1
ENSG00000183808	RBM12B	1.5	4687
ENSG00000183813	CCR4	9.2	15304
ENSG00000183814	LIN9	3.3	8619
ENSG00000183826	BTBD9	1.5	4687
ENSG00000183828	NUDT14	5.6	11982
ENSG00000183831	ANKRD45	1.3	4364
ENSG00000183833	CFAP91	2.1	6380
ENSG00000183837	PNMA3	0.5	1903
ENSG00000183840	GPR39	2.3	6711
ENSG00000183844	FAM3B	2.9	7932
ENSG00000183850	ZNF730	1.5	4687
ENSG00000183853	KIRREL1	3.4	8766
ENSG00000183856	IQGAP3	3.6	9147
ENSG00000183862	CNGA2	4.0	9765
ENSG00000183864	TOB2	2.8	7695
ENSG00000183873	SCN5A	43.7	19148
ENSG00000183876	ARSI	1.4	4622
ENSG00000183878	UTY	3.4	8766
ENSG00000183888	SRARP	2.6	7291
ENSG00000183889	NPIPA6	0.0	1
ENSG00000183891	TTC32	0.0	1
ENSG00000183908	LRRC55	5.5	11839
ENSG00000183914	DNAH2	4.8	10931
ENSG00000183918	SH2D1A	3.2	8468
ENSG00000183921	SDR42E2	0.5	1903
ENSG00000183943	PRKX	12.7	16895
ENSG00000183955	KMT5A	13.2	17041
ENSG00000183960	KCNH8	3.1	8298
ENSG00000183963	SMTN	4.1	9897
ENSG00000183971	NPW	3.1	8298
ENSG00000183977	PP2D1	1.5	4687
ENSG00000183978	COA3	2.9	7932
ENSG00000183979	NPB	2.3	6711
ENSG00000183981	MAGEA13P	0.5	1903
ENSG00000184005	ST6GALNAC3	7.4	13914
ENSG00000184007	PTP4A2	1.4	4622
ENSG00000184009	ACTG1	14.5	17382
ENSG00000184012	TMPRSS2	6.8	13329
ENSG00000184014	DENND5A	4.5	10501
ENSG00000184022	OR2T10	1.0	3282
ENSG00000184032	KRTAP20-2	0.0	1
ENSG00000184047	DIABLO	5.4	11736
ENSG00000184056	VPS33B	12.0	16648
ENSG00000184058	TBX1	40.6	19115
ENSG00000184060	ADAP2	5.5	11839
ENSG00000184076	UQCR10	2.3	6711
ENSG00000184083	FAM120C	0.5	1903
ENSG00000184108	TRIML1	1.0	3282
ENSG00000184110	EIF3C	7.8	14288
ENSG00000184113	CLDN5	16.8	17833
ENSG00000184117	NIPSNAP1	2.1	6380
ENSG00000184140	OR4F6	0.5	1903
ENSG00000184144	CNTN2	4.9	11073
ENSG00000184154	LRRC51	0.0	1
ENSG00000184155	OR10J5	6.8	13329
ENSG00000184156	KCNQ3	5.1	11329
ENSG00000184160	ADRA2C	18.5	18079
ENSG00000184163	C1QTNF12	3.0	8111
ENSG00000184164	CRELD2	0.0	1
ENSG00000184166	OR1D2	5.2	11424
ENSG00000184178	SCFD2	1.0	3282
ENSG00000184182	UBE2F	4.4	10330
ENSG00000184185	KCNJ12	4.7	10753
ENSG00000184194	GPR173	2.3	6711
ENSG00000184203	PPP1R2	3.6	9147
ENSG00000184205	TSPYL2	5.2	11424
ENSG00000184206	GOLGA6L4	0.0	1
ENSG00000184207	PGP	6.3	12794
ENSG00000184209	SNRNP35	3.7	9268
ENSG00000184210	DGAT2L6	3.5	8994
ENSG00000184216	IRAK1	32.2	18957
ENSG00000184220	CMSS1	0.5	1903
ENSG00000184221	OLIG1	3.0	8111
ENSG00000184226	PCDH9	1.0	3282
ENSG00000184227	ACOT1	4.7	10753
ENSG00000184232	OAF	0.0	1
ENSG00000184254	ALDH1A3	7.6	14102
ENSG00000184260	H2AC20	1.0	3282
ENSG00000184261	KCNK12	3.9	9571
ENSG00000184270	H2AC21	1.0	3282
ENSG00000184271	POU6F1	8.8	15033
ENSG00000184276	DEFB108B	0.0	1
ENSG00000184277	TM2D3	3.4	8766
ENSG00000184281	TSSC4	4.2	10017
ENSG00000184292	TACSTD2	4.4	10330
ENSG00000184293	CLECL1	3.2	8468
ENSG00000184302	SIX6	5.9	12348
ENSG00000184304	PRKD1	35.4	19035
ENSG00000184305	CCSER1	0.0	1
ENSG00000184307	ZDHHC23	3.1	8298
ENSG00000184313	MROH7	0.0	1
ENSG00000184321	OR51J1	1.7	5664
ENSG00000184330	S100A7A	2.3	6711
ENSG00000184343	SRPK3	2.5	7104
ENSG00000184344	GDF3	6.3	12794
ENSG00000184345	IQCF2	0.5	1903
ENSG00000184347	SLIT3	12.1	16689
ENSG00000184349	EFNA5	15.5	17610
ENSG00000184350	MRGPRE	5.8	12204
ENSG00000184351	KRTAP19-1	0.0	1
ENSG00000184361	SPATA32	1.0	3282
ENSG00000184363	PKP3	13.7	17187
ENSG00000184368	MAP7D2	2.5	7104
ENSG00000184371	CSF1	23.5	18543
ENSG00000184374	COLEC10	5.5	11839
ENSG00000184378	ACTRT3	0.5	1903
ENSG00000184381	PLA2G6	13.2	17041
ENSG00000184384	MAML2	3.4	8766
ENSG00000184389	A3GALT2	2.3	6711
ENSG00000184394	OR4N5	0.5	1903
ENSG00000184402	SS18L1	2.0	6082
ENSG00000184408	KCND2	12.1	16689
ENSG00000184428	TOP1MT	1.5	4687
ENSG00000184432	COPB2	5.1	11329
ENSG00000184434	LRRC19	4.3	10201
ENSG00000184436	THAP7	8.5	14830
ENSG00000184445	KNTC1	4.6	10655
ENSG00000184451	CCR10	4.8	10931
ENSG00000184454	NCMAP	2.5	7104
ENSG00000184459	BPIFC	1.2	4328
ENSG00000184465	WDR27	0.0	1
ENSG00000184470	TXNRD2	4.6	10655
ENSG00000184471	C1QTNF8	0.8	3045
ENSG00000184478	OR56A3	0.5	1903
ENSG00000184481	FOXO4	18.0	18016
ENSG00000184486	POU3F2	9.8	15662
ENSG00000184489	PTP4A3	2.7	7600
ENSG00000184492	FOXD4L1	3.0	8111
ENSG00000184497	TMEM255B	0.0	1
ENSG00000184500	PROS1	2.3	6711
ENSG00000184502	GAST	4.6	10655
ENSG00000184507	NUTM1	0.0	1
ENSG00000184508	HDDC3	0.5	1903
ENSG00000184515	BEX5	1.0	3282
ENSG00000184517	ZFP1	2.3	6711
ENSG00000184524	CEND1	1.5	4687
ENSG00000184530	C6orf58	0.0	1
ENSG00000184544	DHRS7C	3.0	8111
ENSG00000184545	DUSP8	2.5	7104
ENSG00000184557	SOCS3	7.3	13831
ENSG00000184560	SPEM2	0.0	1
ENSG00000184564	SLITRK6	1.8	5759
ENSG00000184571	PIWIL3	2.5	7104
ENSG00000184574	LPAR5	0.5	1903
ENSG00000184575	XPOT	2.6	7291
ENSG00000184584	STING1	31.9	18946
ENSG00000184588	PDE4B	13.7	17187
ENSG00000184599	TAFA3	2.5	7104
ENSG00000184601	C14orf180	0.0	1
ENSG00000184602	SNN	1.7	5664
ENSG00000184611	KCNH7	3.9	9571
ENSG00000184613	NELL2	4.4	10330
ENSG00000184616	SPDYE12	0.5	1903
ENSG00000184617	ZNF840P	1.0	3282
ENSG00000184619	KRABD2	0.0	1
ENSG00000184634	MED12	7.9	14372
ENSG00000184635	ZNF93	4.3	10201
ENSG00000184640	SEPTIN9	5.0	11192
ENSG00000184647	PRSS55	2.0	6082
ENSG00000184659	FOXD4L4	3.0	8111
ENSG00000184661	CDCA2	2.8	7695
ENSG00000184672	RALYL	1.8	5759
ENSG00000184675	AMER1	10.3	15915
ENSG00000184677	ZBTB40	2.4	6954
ENSG00000184678	H2BC21	7.4	13914
ENSG00000184697	CLDN6	3.8	9432
ENSG00000184698	OR51M1	1.7	5664
ENSG00000184702	SEPTIN5	8.7	14962
ENSG00000184708	EIF4ENIF1	10.3	15915
ENSG00000184709	LRRC26	6.3	12794
ENSG00000184716	SERINC4	0.0	1
ENSG00000184719	RNLS	5.3	11597
ENSG00000184724	KRTAP6-1	0.0	1
ENSG00000184730	APOBR	2.6	7291
ENSG00000184731	FAM110C	4.7	10753
ENSG00000184735	DDX53	1.0	3282
ENSG00000184743	ATL3	6.8	13329
ENSG00000184752	NDUFA12	2.6	7291
ENSG00000184785	SMIM10	0.0	1
ENSG00000184786	DYNLT2	1.0	3282
ENSG00000184787	UBE2G2	7.7	14204
ENSG00000184788	SATL1	1.5	4687
ENSG00000184792	OSBP2	1.8	5759
ENSG00000184811	TRARG1	3.0	8111
ENSG00000184814	PRR23B	0.0	1
ENSG00000184828	ZBTB7C	2.3	6711
ENSG00000184831	APOO	2.9	7932
ENSG00000184838	PRR16	2.6	7291
ENSG00000184840	TMED9	6.8	13329
ENSG00000184845	DRD1	20.7	18330
ENSG00000184857	TMEM186	1.4	4622
ENSG00000184860	SDR42E1	0.5	1903
ENSG00000184863	RBM33	5.8	12204
ENSG00000184867	ARMCX2	0.5	1903
ENSG00000184887	BTBD6	0.5	1903
ENSG00000184895	SRY	8.4	14752
ENSG00000184898	RBM43	0.0	1
ENSG00000184900	SUMO3	3.9	9571
ENSG00000184903	IMMP2L	2.6	7291
ENSG00000184908	CLCNKB	5.3	11597
ENSG00000184916	JAG2	7.7	14204
ENSG00000184922	FMNL1	4.3	10201
ENSG00000184923	NUTM2A	0.0	1
ENSG00000184924	PTRHD1	0.0	1
ENSG00000184925	LCN12	0.5	1903
ENSG00000184933	OR6A2	2.8	7695
ENSG00000184937	WT1	45.2	19168
ENSG00000184939	ZFP90	2.8	7695
ENSG00000184945	AQP12A	0.5	1903
ENSG00000184949	FAM227A	0.0	1
ENSG00000184954	OR6C70	0.5	1903
ENSG00000184956	MUC6	1.7	5664
ENSG00000184967	NOC4L	1.6	5463
ENSG00000184979	USP18	6.8	13329
ENSG00000184983	NDUFA6	4.1	9897
ENSG00000184984	CHRM5	5.6	11982
ENSG00000184985	SORCS2	1.7	5664
ENSG00000184986	TMEM121	0.0	1
ENSG00000184988	TMEM106A	1.0	3282
ENSG00000184990	SIVA1	8.7	14962
ENSG00000184992	BRI3BP	0.0	1
ENSG00000184995	IFNE	6.7	13235
ENSG00000184999	SLC22A10	0.5	1903
ENSG00000185000	DGAT1	10.0	15759
ENSG00000185002	RFX6	13.0	16985
ENSG00000185008	ROBO2	15.1	17529
ENSG00000185009	AP3M1	6.6	13122
ENSG00000185010	F8	3.4	8766
ENSG00000185013	NT5C1B	3.3	8619
ENSG00000185015	CA13	0.5	1903
ENSG00000185019	UBOX5	3.3	8619
ENSG00000185022	MAFF	7.8	14288
ENSG00000185024	BRF1	5.6	11982
ENSG00000185028	LRRC14B	0.0	1
ENSG00000185033	SEMA4B	4.0	9765
ENSG00000185038	MROH2A	0.0	1
ENSG00000185040	SPDYE16	0.5	1903
ENSG00000185043	CIB1	32.3	18961
ENSG00000185046	ANKS1B	2.3	6711
ENSG00000185049	NELFA	5.0	11192
ENSG00000185052	SLC24A3	10.9	16206
ENSG00000185053	SGCZ	4.3	10201
ENSG00000185055	EFCAB10	0.0	1
ENSG00000185056	C5orf47	0.0	1
ENSG00000185069	KRT76	2.1	6380
ENSG00000185070	FLRT2	2.6	7291
ENSG00000185085	INTS5	4.1	9897
ENSG00000185088	RPS27L	6.0	12446
ENSG00000185090	MANEAL	0.5	1903
ENSG00000185100	ADSS1	5.7	12090
ENSG00000185101	ANO9	7.6	14102
ENSG00000185104	FAF1	12.5	16839
ENSG00000185105	MYADML2	0.0	1
ENSG00000185112	FAM43A	0.0	1
ENSG00000185115	NSMCE3	7.7	14204
ENSG00000185122	HSF1	31.7	18938
ENSG00000185127	C6orf120	0.0	1
ENSG00000185129	PURA	8.9	15105
ENSG00000185130	H2BC13	4.2	10017
ENSG00000185133	INPP5J	5.6	11982
ENSG00000185149	NPY2R	11.1	16303
ENSG00000185155	MIXL1	10.6	16075
ENSG00000185156	MFSD6L	0.0	1
ENSG00000185158	LRRC37B	0.0	1
ENSG00000185163	DDX51	0.5	1903
ENSG00000185164	NOMO2	2.2	6585
ENSG00000185176	AQP12B	0.5	1903
ENSG00000185177	ZNF479	1.5	4687
ENSG00000185187	SIGIRR	4.3	10201
ENSG00000185189	NRBP2	4.3	10201
ENSG00000185198	PRSS57	3.4	8766
ENSG00000185201	IFITM2	10.0	15759
ENSG00000185215	TNFAIP2	1.5	4687
ENSG00000185219	ZNF445	4.4	10330
ENSG00000185220	PGBD2	0.5	1903
ENSG00000185231	MC2R	7.0	13559
ENSG00000185236	RAB11B	15.9	17685
ENSG00000185238	PRMT3	9.2	15304
ENSG00000185245	GP1BA	12.4	16811
ENSG00000185246	PRPF39	1.0	3282
ENSG00000185247	MAGEA11	1.0	3282
ENSG00000185250	PPIL6	0.8	3045
ENSG00000185252	ZNF74	2.4	6954
ENSG00000185261	KIAA0825	0.0	1
ENSG00000185262	UBALD2	0.0	1
ENSG00000185264	CIMIP4	0.0	1
ENSG00000185267	CDNF	1.0	3282
ENSG00000185269	NOTUM	6.7	13235
ENSG00000185271	KLHL33	0.0	1
ENSG00000185272	RBM11	4.2	10017
ENSG00000185274	GALNT17	1.0	3282
ENSG00000185278	ZBTB37	3.8	9432
ENSG00000185290	NUPR2	5.5	11839
ENSG00000185291	IL3RA	5.7	12090
ENSG00000185294	SPPL2C	5.9	12348
ENSG00000185298	CCDC137	0.5	1903
ENSG00000185303	SFTPA2	0.0	1
ENSG00000185304	RGPD2	1.5	4687
ENSG00000185305	ARL15	0.0	1
ENSG00000185306	C12orf56	0.0	1
ENSG00000185313	SCN10A	11.2	16350
ENSG00000185324	CDK10	7.7	14204
ENSG00000185338	SOCS1	10.0	15759
ENSG00000185339	TCN2	4.3	10201
ENSG00000185340	GAS2L1	7.8	14288
ENSG00000185344	ATP6V0A2	5.8	12204
ENSG00000185345	PRKN	111.4	19270
ENSG00000185347	TEDC1	2.1	6380
ENSG00000185352	HS6ST3	1.0	3282
ENSG00000185359	HGS	18.0	18016
ENSG00000185361	TIPE1	1.8	5759
ENSG00000185372	OR2V1	1.0	3282
ENSG00000185379	RAD51D	14.2	17296
ENSG00000185385	OR7A17	1.0	3282
ENSG00000185386	MAPK11	13.4	17108
ENSG00000185404	SP140L	1.0	3282
ENSG00000185414	MRPL30	0.6	2927
ENSG00000185418	TARS3	2.0	6082
ENSG00000185420	SMYD3	2.8	7695
ENSG00000185432	TMT1A	5.3	11597
ENSG00000185436	IFNLR1	6.5	13008
ENSG00000185437	SH3BGR	0.5	1903
ENSG00000185442	FAM174B	0.8	3045
ENSG00000185448	FAM47A	0.0	1
ENSG00000185453	ZSWIM9	0.0	1
ENSG00000185467	KPNA7	1.5	4687
ENSG00000185475	TMEM179B	0.0	1
ENSG00000185477	GPRIN3	0.5	1903
ENSG00000185479	KRT6B	3.3	8619
ENSG00000185480	PARPBP	1.3	4364
ENSG00000185482	STAC3	4.4	10330
ENSG00000185483	ROR1	10.0	15759
ENSG00000185499	MUC1	7.2	13747
ENSG00000185504	FAAP100	0.6	2927
ENSG00000185507	IRF7	23.9	18573
ENSG00000185513	L3MBTL1	17.3	17917
ENSG00000185515	BRCC3	18.2	18050
ENSG00000185518	SV2B	1.0	3282
ENSG00000185519	FAM131C	0.0	1
ENSG00000185522	LMNTD2	0.5	1903
ENSG00000185523	SPATA45	0.0	1
ENSG00000185527	PDE6G	3.3	8619
ENSG00000185532	PRKG1	10.0	15759
ENSG00000185551	NR2F2	16.0	17704
ENSG00000185559	DLK1	5.3	11597
ENSG00000185561	TLCD2	5.2	11424
ENSG00000185565	LSAMP	1.9	5985
ENSG00000185567	AHNAK2	0.5	1903
ENSG00000185585	OLFML2A	0.5	1903
ENSG00000185591	SP1	26.4	18713
ENSG00000185596	WASH3P	7.9	14372
ENSG00000185608	MRPL40	2.0	6082
ENSG00000185610	DBX2	1.0	3282
ENSG00000185614	INKA1	2.6	7291
ENSG00000185615	PDIA2	6.8	13329
ENSG00000185619	PCGF3	2.7	7600
ENSG00000185621	LMLN	0.5	1903
ENSG00000185624	P4HB	21.7	18420
ENSG00000185627	PSMD13	4.0	9765
ENSG00000185630	PBX1	12.2	16737
ENSG00000185633	COXFA4L2	3.2	8468
ENSG00000185634	SHC4	1.0	3282
ENSG00000185640	KRT79	2.3	6711
ENSG00000185650	ZFP36L1	31.4	18928
ENSG00000185651	UBE2L3	18.9	18139
ENSG00000185652	NTF3	15.6	17629
ENSG00000185658	BRWD1	1.5	4687
ENSG00000185662	SMIM23	0.0	1
ENSG00000185664	PMEL	2.1	6380
ENSG00000185666	SYN3	3.7	9268
ENSG00000185668	POU3F1	6.4	12917
ENSG00000185669	SNAI3	2.3	6711
ENSG00000185670	ZBTB3	1.0	3282
ENSG00000185674	LYG2	3.4	8766
ENSG00000185681	MORN5	0.0	1
ENSG00000185684	EP400P1	0.8	3045
ENSG00000185686	PRAME	8.8	15033
ENSG00000185697	MYBL1	7.5	14017
ENSG00000185716	MOSMO	2.0	6082
ENSG00000185721	DRG1	5.0	11192
ENSG00000185722	ANKFY1	7.1	13639
ENSG00000185728	YTHDF3	12.1	16689
ENSG00000185730	ZNF696	1.5	4687
ENSG00000185736	ADARB2	6.5	13008
ENSG00000185737	NRG3	7.6	14102
ENSG00000185739	SRL	0.5	1903
ENSG00000185742	C11orf87	0.0	1
ENSG00000185745	IFIT1	11.9	16616
ENSG00000185753	CXorf38	0.0	1
ENSG00000185758	CLDN24	0.0	1
ENSG00000185760	KCNQ5	4.2	10017
ENSG00000185761	ADAMTSL5	1.6	5463
ENSG00000185774	KCNIP4	4.3	10201
ENSG00000185775	SPATA31A6	0.0	1
ENSG00000185787	MORF4L1	4.2	10017
ENSG00000185792	NLRP9	2.5	7104
ENSG00000185798	WDR53	0.0	1
ENSG00000185800	DMWD	1.8	5759
ENSG00000185803	SLC52A2	5.2	11424
ENSG00000185808	PIGP	2.9	7932
ENSG00000185811	IKZF1	7.8	14288
ENSG00000185813	PCYT2	4.4	10330
ENSG00000185818	ASPNAT	3.9	9571
ENSG00000185821	OR6C76	0.5	1903
ENSG00000185823	NPAP1	2.6	7291
ENSG00000185825	BCAP31	5.8	12204
ENSG00000185829	ARL17A	1.5	4687
ENSG00000185838	GNB1L	1.6	5463
ENSG00000185842	DNAH14	2.0	6082
ENSG00000185860	CCDC190	0.0	1
ENSG00000185862	EVI2B	4.8	10931
ENSG00000185863	TMEM210	0.0	1
ENSG00000185864	NPIPB4	0.0	1
ENSG00000185869	ZNF829	1.5	4687
ENSG00000185873	TMPRSS11B	1.8	5759
ENSG00000185875	THNSL1	0.0	1
ENSG00000185880	TRIM69	4.2	10017
ENSG00000185883	ATP6V0C	8.5	14830
ENSG00000185885	IFITM1	13.3	17085
ENSG00000185888	PRSS38	1.0	3282
ENSG00000185896	LAMP1	8.2	14610
ENSG00000185897	FFAR3	9.2	15304
ENSG00000185899	TAS2R60	2.8	7695
ENSG00000185900	POMK	6.6	13122
ENSG00000185905	C16orf54	0.0	1
ENSG00000185909	KLHDC8B	3.9	9571
ENSG00000185915	KLHL34	0.6	2927
ENSG00000185917	SETD4	6.8	13329
ENSG00000185920	PTCH1	19.9	18258
ENSG00000185924	RTN4RL1	4.7	10753
ENSG00000185926	OR4C46	0.5	1903
ENSG00000185933	CALHM1	8.1	14536
ENSG00000185942	NKAIN3	0.5	1903
ENSG00000185946	RNPC3	3.1	8298
ENSG00000185947	ZNF267	1.0	3282
ENSG00000185950	IRS2	15.2	17552
ENSG00000185955	SPACDR	0.8	3045
ENSG00000185958	FAM186A	0.0	1
ENSG00000185960	SHOX	7.7	14204
ENSG00000185963	BICD2	9.7	15609
ENSG00000185972	CCIN	1.8	5759
ENSG00000185973	TMLHE	5.4	11736
ENSG00000185974	GRK1	8.0	14457
ENSG00000185982	DEFB128	2.4	6954
ENSG00000185985	SLITRK2	7.1	13639
ENSG00000185988	PLK5	5.5	11839
ENSG00000185989	RASA3	4.4	10330
ENSG00000186001	LRCH3	1.4	4622
ENSG00000186007	LEMD1	0.0	1
ENSG00000186009	ATP4B	3.4	8766
ENSG00000186010	NDUFA13	8.4	14752
ENSG00000186017	ZNF566	1.5	4687
ENSG00000186020	ZNF529	1.5	4687
ENSG00000186026	ZNF284	1.5	4687
ENSG00000186038	HTR3E	5.9	12348
ENSG00000186047	DLEU7	0.0	1
ENSG00000186049	KRT73	1.5	4687
ENSG00000186051	TAL2	2.9	7932
ENSG00000186063	AIDA	3.3	8619
ENSG00000186073	CDIN1	1.3	4364
ENSG00000186074	CD300LF	8.0	14457
ENSG00000186075	ZPBP2	1.0	3282
ENSG00000186081	KRT5	6.1	12588
ENSG00000186086	NBPF6	0.0	1
ENSG00000186088	GSAP	2.9	7932
ENSG00000186090	HTR3D	5.9	12348
ENSG00000186092	OR4F5	0.5	1903
ENSG00000186094	AGBL4	2.5	7104
ENSG00000186103	ARGFX	2.8	7695
ENSG00000186104	CYP2R1	10.5	16025
ENSG00000186105	LRRC70	0.8	3045
ENSG00000186106	ANKRD46	0.0	1
ENSG00000186111	PIP5K1C	12.7	16895
ENSG00000186113	OR5D14	2.0	6082
ENSG00000186115	CYP4F2	28.7	18821
ENSG00000186118	TEX38	0.0	1
ENSG00000186119	OR5D18	2.0	6082
ENSG00000186130	ZBTB6	3.4	8766
ENSG00000186132	C2orf76	0.0	1
ENSG00000186136	TAS2R42	1.6	5463
ENSG00000186141	POLR3C	6.6	13122
ENSG00000186143	PRR30	0.0	1
ENSG00000186146	DEFB131A	4.8	10931
ENSG00000186150	UBL4B	0.5	1903
ENSG00000186153	WWOX	5.8	12204
ENSG00000186160	CYP4Z1	3.2	8468
ENSG00000186166	CENATAC	5.2	11424
ENSG00000186174	BCL9L	6.6	13122
ENSG00000186184	POLR1D	6.5	13008
ENSG00000186185	KIF18B	7.0	13559
ENSG00000186187	ZNRF1	5.4	11736
ENSG00000186188	FFAR4	13.0	16985
ENSG00000186190	BPIFB3	0.6	2927
ENSG00000186191	BPIFB4	0.0	1
ENSG00000186193	SAPCD2	3.1	8298
ENSG00000186197	EDARADD	0.0	1
ENSG00000186198	SLC51B	5.3	11597
ENSG00000186204	CYP4F12	9.8	15662
ENSG00000186205	MTARC1	9.8	15662
ENSG00000186212	SOWAHB	0.0	1
ENSG00000186222	BLOC1S4	2.1	6380
ENSG00000186230	ZNF749	1.5	4687
ENSG00000186231	KLHL32	1.6	5463
ENSG00000186260	MRTFB	6.0	12446
ENSG00000186265	BTLA	5.8	12204
ENSG00000186268	OR10D4P	1.0	3282
ENSG00000186272	ZNF17	1.5	4687
ENSG00000186280	KDM4D	8.8	15033
ENSG00000186281	GPAT2	6.2	12686
ENSG00000186283	TOR3A	0.8	3045
ENSG00000186297	GABRA5	9.6	15554
ENSG00000186298	PPP1CC	12.2	16737
ENSG00000186300	ZNF555	1.5	4687
ENSG00000186306	OR10T2	1.5	4687
ENSG00000186310	NAP1L3	2.4	6954
ENSG00000186314	PRELID2	1.0	3282
ENSG00000186318	BACE1	14.8	17461
ENSG00000186326	RGS9BP	1.0	3282
ENSG00000186334	SLC36A3	4.0	9765
ENSG00000186335	SLC36A2	8.7	14962
ENSG00000186340	THBS2	2.8	7695
ENSG00000186350	RXRA	39.6	19106
ENSG00000186352	ANKRD37	0.0	1
ENSG00000186364	NUDT17	2.5	7104
ENSG00000186367	MINAR2	2.1	6380
ENSG00000186376	ZNF75D	2.1	6380
ENSG00000186377	CYP4X1	0.8	3045
ENSG00000186393	KRT26	2.0	6082
ENSG00000186395	KRT10	7.1	13639
ENSG00000186399	GOLGA8R	0.5	1903
ENSG00000186407	CD300E	1.5	4687
ENSG00000186409	CCDC30	0.0	1
ENSG00000186416	NKRF	5.5	11839
ENSG00000186417	GLDN	0.5	1903
ENSG00000186431	FCAR	12.0	16648
ENSG00000186432	KPNA4	5.6	11982
ENSG00000186439	TRDN	11.4	16433
ENSG00000186440	OR6P1	1.0	3282
ENSG00000186442	KRT3	2.8	7695
ENSG00000186446	ZNF501	3.1	8298
ENSG00000186448	ZNF197	1.0	3282
ENSG00000186452	TMPRSS12	2.5	7104
ENSG00000186453	FAM228A	0.0	1
ENSG00000186458	DEFB132	1.8	5759
ENSG00000186462	NAP1L2	4.2	10017
ENSG00000186468	RPS23	10.2	15862
ENSG00000186469	GNG2	3.3	8619
ENSG00000186470	BTN3A2	3.1	8298
ENSG00000186471	AKAP14	1.3	4364
ENSG00000186472	PCLO	4.1	9897
ENSG00000186474	KLK12	4.0	9765
ENSG00000186479	RGS7BP	0.5	1903
ENSG00000186480	INSIG1	11.2	16350
ENSG00000186481	ANKRD20A5P	0.0	1
ENSG00000186487	MYT1L	4.5	10501
ENSG00000186496	ZNF396	5.2	11424
ENSG00000186501	TMEM222	0.0	1
ENSG00000186509	OR9Q1	2.0	6082
ENSG00000186510	CLCNKA	5.3	11597
ENSG00000186513	OR9Q2	2.0	6082
ENSG00000186517	ARHGAP30	4.4	10330
ENSG00000186522	SEPTIN10	2.0	6082
ENSG00000186523	FAM86B1	0.5	1903
ENSG00000186526	CYP4F8	5.1	11329
ENSG00000186529	CYP4F3	15.7	17645
ENSG00000186532	SMYD4	2.6	7291
ENSG00000186564	FOXD2	7.1	13639
ENSG00000186566	GPATCH8	0.5	1903
ENSG00000186567	CEACAM19	1.0	3282
ENSG00000186575	NF2	16.7	17821
ENSG00000186577	SMIM29	0.0	1
ENSG00000186583	SPATC1	0.0	1
ENSG00000186591	UBE2H	5.7	12090
ENSG00000186603	HPDL	1.3	4364
ENSG00000186625	KATNA1	5.3	11597
ENSG00000186628	FSD2	0.0	1
ENSG00000186635	ARAP1	11.8	16572
ENSG00000186638	KIF24	5.0	11192
ENSG00000186642	PDE2A	28.3	18808
ENSG00000186645	SPDYE17	0.5	1903
ENSG00000186648	CARMIL3	1.0	3282
ENSG00000186652	PRG2	2.0	6082
ENSG00000186654	PRR5	2.9	7932
ENSG00000186660	ZFP91	4.5	10501
ENSG00000186665	C17orf58	0.0	1
ENSG00000186666	BCDIN3D	9.6	15554
ENSG00000186675	MAGEE2	0.5	1903
ENSG00000186684	CYP27C1	11.3	16392
ENSG00000186687	LYRM7	4.4	10330
ENSG00000186710	CFAP73	1.5	4687
ENSG00000186714	CCDC73	0.0	1
ENSG00000186715	MST1L	1.5	4687
ENSG00000186716	BCR	14.0	17251
ENSG00000186723	OR10H1	1.0	3282
ENSG00000186732	MPPED1	0.5	1903
ENSG00000186765	FSCN2	6.2	12686
ENSG00000186766	FOXI2	3.0	8111
ENSG00000186767	SPIN4	2.9	7932
ENSG00000186777	ZNF732	1.5	4687
ENSG00000186787	SPIN2B	1.3	4364
ENSG00000186788	SPATA31D3	0.0	1
ENSG00000186790	FOXE3	15.1	17529
ENSG00000186792	HYAL3	11.3	16392
ENSG00000186795	KCNK18	5.2	11424
ENSG00000186803	IFNA10	5.7	12090
ENSG00000186806	VSIG10L	0.0	1
ENSG00000186810	CXCR3	20.2	18279
ENSG00000186812	ZNF397	4.7	10753
ENSG00000186814	ZSCAN30	1.5	4687
ENSG00000186815	TPCN1	7.4	13914
ENSG00000186818	LILRB4	31.9	18946
ENSG00000186825	CDRT15P3	0.0	1
ENSG00000186827	TNFRSF4	4.8	10931
ENSG00000186832	KRT16	8.3	14683
ENSG00000186834	HEXIM1	12.1	16689
ENSG00000186838	SELENOV	0.0	1
ENSG00000186847	KRT14	6.2	12686
ENSG00000186854	TRABD2A	6.0	12446
ENSG00000186862	PDZD7	3.6	9147
ENSG00000186866	POFUT2	5.5	11839
ENSG00000186867	QRFPR	3.1	8298
ENSG00000186868	MAPT	76.2	19253
ENSG00000186871	ERCC6L	1.8	5759
ENSG00000186881	OR13F1	1.0	3282
ENSG00000186886	OR5D3	2.0	6082
ENSG00000186889	TMEM17	2.9	7932
ENSG00000186891	TNFRSF18	5.6	11982
ENSG00000186895	FGF3	9.5	15494
ENSG00000186897	C1QL4	1.0	3282
ENSG00000186907	RTN4RL2	3.7	9268
ENSG00000186908	ZDHHC17	8.1	14536
ENSG00000186910	SERPINA11	0.5	1903
ENSG00000186912	P2RY4	4.6	10655
ENSG00000186918	ZNF395	7.3	13831
ENSG00000186919	ZACN	5.3	11597
ENSG00000186924	KRTAP22-1	0.0	1
ENSG00000186925	KRTAP19-6	0.0	1
ENSG00000186930	KRTAP6-2	0.8	3045
ENSG00000186940	CHCHD2P9	1.5	4687
ENSG00000186943	OR13C8	1.0	3282
ENSG00000186951	PPARA	39.5	19103
ENSG00000186952	TMEM232	2.0	6082
ENSG00000186967	KRTAP19-4	0.0	1
ENSG00000186973	CFAP144	1.3	4364
ENSG00000186976	EFCAB6	0.5	1903
ENSG00000186977	KRTAP19-5	0.0	1
ENSG00000186994	KANK3	0.5	1903
ENSG00000186998	EMID1	0.0	1
ENSG00000187003	ACTL7A	2.9	7932
ENSG00000187010	RHD	1.5	4687
ENSG00000187017	ESPN	2.8	7695
ENSG00000187021	PNLIPRP1	5.2	11424
ENSG00000187024	PTRH1	2.6	7291
ENSG00000187033	SAMD7	3.0	8111
ENSG00000187037	GPR141	0.5	1903
ENSG00000187045	TMPRSS6	8.4	14752
ENSG00000187048	CYP4A11	16.7	17821
ENSG00000187049	TMEM216	3.9	9571
ENSG00000187051	RPS19BP1	2.6	7291
ENSG00000187054	TMPRSS11A	1.0	3282
ENSG00000187066	CATSPERH	1.8	5759
ENSG00000187068	C3orf70	1.5	4687
ENSG00000187079	TEAD1	14.1	17268
ENSG00000187080	OR2AK2	1.0	3282
ENSG00000187091	PLCD1	6.3	12794
ENSG00000187094	CCK	5.6	11982
ENSG00000187097	ENTPD5	7.0	13559
ENSG00000187098	MITF	16.9	17853
ENSG00000187105	HEATR4	0.5	1903
ENSG00000187109	NAP1L1	6.5	13008
ENSG00000187116	LILRA5	10.3	15915
ENSG00000187118	CMC1	1.6	5463
ENSG00000187122	SLIT1	7.7	14204
ENSG00000187123	LYPD6	1.8	5759
ENSG00000187134	AKR1C1	23.7	18560
ENSG00000187135	VSTM2B	0.0	1
ENSG00000187140	FOXD3	8.5	14830
ENSG00000187144	SPATA21	0.0	1
ENSG00000187147	RNF220	9.1	15239
ENSG00000187151	ANGPTL5	0.0	1
ENSG00000187164	SHTN1	9.1	15239
ENSG00000187187	ZNF546	1.5	4687
ENSG00000187189	TSPYL4	1.0	3282
ENSG00000187191	DAZ3	2.0	6082
ENSG00000187193	MT1X	8.2	14610
ENSG00000187210	GCNT1	6.3	12794
ENSG00000187231	SESTD1	11.8	16572
ENSG00000187239	FNBP1	0.8	3045
ENSG00000187240	DYNC2H1	5.3	11597
ENSG00000187242	KRT12	5.1	11329
ENSG00000187244	BCAM	8.2	14610
ENSG00000187257	RSBN1L	0.5	1903
ENSG00000187258	NPSR1	5.8	12204
ENSG00000187260	WDR86	0.0	1
ENSG00000187266	EPOR	5.5	11839
ENSG00000187268	FAM9C	1.0	3282
ENSG00000187288	CIDEC	8.8	15033
ENSG00000187323	DCC	6.9	13452
ENSG00000187325	TAF9B	6.7	13235
ENSG00000187372	PCDHB13	3.4	8766
ENSG00000187391	MAGI2	13.6	17161
ENSG00000187398	LUZP2	0.0	1
ENSG00000187416	LHFPL3	0.5	1903
ENSG00000187446	CHP1	20.4	18303
ENSG00000187474	FPR3	4.8	10931
ENSG00000187479	C11orf96	0.0	1
ENSG00000187483	SERPINA13P	0.5	1903
ENSG00000187486	KCNJ11	16.6	17809
ENSG00000187492	CDHR4	1.0	3282
ENSG00000187498	COL4A1	9.9	15713
ENSG00000187510	PLEKHG7	0.5	1903
ENSG00000187513	GJA4	1.9	5985
ENSG00000187514	PTMA	5.6	11982
ENSG00000187522	HSPA14	3.5	8994
ENSG00000187527	ATP13A5	3.8	9432
ENSG00000187531	SIRT7	25.2	18644
ENSG00000187533	PRR27	0.0	1
ENSG00000187535	IFT140	5.7	12090
ENSG00000187537	POTEG	0.0	1
ENSG00000187545	PRAMEF10	1.0	3282
ENSG00000187546	AGMO	6.0	12446
ENSG00000187550	SBK2	1.0	3282
ENSG00000187553	CYP26C1	8.3	14683
ENSG00000187554	TLR5	5.5	11839
ENSG00000187555	USP7	27.2	18754
ENSG00000187556	NANOS3	6.7	13235
ENSG00000187559	FOXD4L3	3.0	8111
ENSG00000187566	NHLRC1	8.1	14536
ENSG00000187569	DPPA3	1.5	4687
ENSG00000187581	COX8C	0.0	1
ENSG00000187583	PLEKHN1	9.1	15239
ENSG00000187595	ZNF385C	0.0	1
ENSG00000187601	MAGEH1	1.4	4622
ENSG00000187605	TET3	6.5	13008
ENSG00000187607	ZNF286A	1.5	4687
ENSG00000187608	ISG15	21.6	18411
ENSG00000187609	EXD3	0.0	1
ENSG00000187612	OR5W2	1.0	3282
ENSG00000187616	MYMK	2.3	6711
ENSG00000187624	LIAT1	2.0	6082
ENSG00000187626	ZKSCAN4	2.3	6711
ENSG00000187627	RGPD1	1.5	4687
ENSG00000187630	DHRS4L2	1.0	3282
ENSG00000187634	SAMD11	2.5	7104
ENSG00000187642	PERM1	2.3	6711
ENSG00000187658	C5orf52	0.0	1
ENSG00000187664	HAPLN4	2.5	7104
ENSG00000187672	ERC2	1.0	3282
ENSG00000187676	B3GLCT	3.9	9571
ENSG00000187678	SPRY4	4.1	9897
ENSG00000187682	ERAS	1.5	4687
ENSG00000187688	TRPV2	7.6	14102
ENSG00000187689	AMTN	2.3	6711
ENSG00000187690	EZHIP	2.4	6954
ENSG00000187699	AKAP19	0.0	1
ENSG00000187701	OR2T27	1.0	3282
ENSG00000187713	TMEM203	1.8	5759
ENSG00000187714	SLC18A3	7.5	14017
ENSG00000187715	KBTBD12	1.0	3282
ENSG00000187720	THSD4	1.4	4622
ENSG00000187726	DNAJB13	3.5	8994
ENSG00000187730	GABRD	7.2	13747
ENSG00000187733	AMY1C	4.2	10017
ENSG00000187735	TCEA1	2.6	7291
ENSG00000187736	NHEJ1	10.2	15862
ENSG00000187741	FANCA	2.9	7932
ENSG00000187742	SECISBP2	5.7	12090
ENSG00000187747	OR52B6	0.5	1903
ENSG00000187753	C9orf153	0.0	1
ENSG00000187754	SSX7	0.0	1
ENSG00000187758	ADH1A	4.2	10017
ENSG00000187764	SEMA4D	26.4	18713
ENSG00000187766	KRTAP10-8	0.8	3045
ENSG00000187772	LIN28B	8.7	14962
ENSG00000187773	DIPK1C	0.0	1
ENSG00000187775	DNAH17	4.0	9765
ENSG00000187778	MCRS1	11.6	16500
ENSG00000187783	TMEM72	0.0	1
ENSG00000187790	FANCM	6.5	13008
ENSG00000187791	SPATA31F3	0.0	1
ENSG00000187792	ZNF70	1.5	4687
ENSG00000187796	CARD9	20.1	18270
ENSG00000187800	PEAR1	0.8	3045
ENSG00000187801	ZFP69B	2.3	6711
ENSG00000187806	TMEM202	0.0	1
ENSG00000187808	SOWAHD	0.0	1
ENSG00000187815	ZFP69	2.0	6082
ENSG00000187821	HELT	3.5	8994
ENSG00000187823	RTL4	0.0	1
ENSG00000187824	TMEM220	0.0	1
ENSG00000187833	C2orf78	0.0	1
ENSG00000187838	PLSCR3	11.8	16572
ENSG00000187840	EIF4EBP1	9.5	15494
ENSG00000187848	P2RX2	7.8	14288
ENSG00000187855	ASCL4	3.2	8468
ENSG00000187857	OR6C75	0.5	1903
ENSG00000187860	CCDC157	0.0	1
ENSG00000187862	TTC24	0.0	1
ENSG00000187866	PABIR1	9.0	15175
ENSG00000187867	PALM3	3.9	9571
ENSG00000187871	GFRAL	6.0	12446
ENSG00000187889	FYB2	3.1	8298
ENSG00000187902	SHISA7	6.0	12446
ENSG00000187905	LRRC74B	0.0	1
ENSG00000187908	DMBT1	20.8	18340
ENSG00000187912	CLEC17A	4.4	10330
ENSG00000187918	OR51I2	1.7	5664
ENSG00000187922	LCN10	0.0	1
ENSG00000187942	LDLRAD2	0.0	1
ENSG00000187944	C2orf66	0.0	1
ENSG00000187950	OVCH1	0.0	1
ENSG00000187954	ZFTRAF1	0.0	1
ENSG00000187955	COL14A1	5.7	12090
ENSG00000187957	DNER	5.5	11839
ENSG00000187959	CPSF4L	0.0	1
ENSG00000187961	KLHL17	2.6	7291
ENSG00000187969	ZCCHC13	2.0	6082
ENSG00000187980	PLA2G2C	2.5	7104
ENSG00000187984	ANKRD19P	0.0	1
ENSG00000187987	ZSCAN23	2.3	6711
ENSG00000187994	RINL	2.0	6082
ENSG00000188000	OR7D2	1.8	5759
ENSG00000188001	TPRG1	0.0	1
ENSG00000188004	SNHG28	0.5	1903
ENSG00000188010	MORN2	0.0	1
ENSG00000188011	RTP5	2.0	6082
ENSG00000188013	MEIS3P2	5.0	11192
ENSG00000188015	S100A3	1.0	3282
ENSG00000188021	UBQLN2	8.9	15105
ENSG00000188026	RILPL1	3.0	8111
ENSG00000188032	C19orf67	0.5	1903
ENSG00000188033	ZNF490	1.5	4687
ENSG00000188037	CLCN1	4.2	10017
ENSG00000188038	NRN1L	0.5	1903
ENSG00000188039	NWD1	0.8	3045
ENSG00000188042	ARL4C	4.0	9765
ENSG00000188050	RNF133	1.0	3282
ENSG00000188051	TMEM221	0.0	1
ENSG00000188056	TREML4	1.8	5759
ENSG00000188060	RAB42	1.0	3282
ENSG00000188064	WNT7B	23.9	18573
ENSG00000188070	ZFTA	0.5	1903
ENSG00000188076	SCGB1C1	0.0	1
ENSG00000188086	PRSS45P	1.0	3282
ENSG00000188089	PLA2G4E	9.2	15304
ENSG00000188092	GPHRB	1.5	4687
ENSG00000188095	MESP2	4.3	10201
ENSG00000188100	FAM25A	0.0	1
ENSG00000188107	EYS	2.1	6380
ENSG00000188112	C6orf132	0.0	1
ENSG00000188120	DAZ1	3.6	9147
ENSG00000188124	OR2AG2	1.0	3282
ENSG00000188130	MAPK12	12.0	16648
ENSG00000188133	TMEM215	2.4	6954
ENSG00000188152	NUTM2G	0.0	1
ENSG00000188153	COL4A5	2.7	7600
ENSG00000188155	KRTAP10-6	0.0	1
ENSG00000188157	AGRN	17.5	17947
ENSG00000188158	NHS	1.0	3282
ENSG00000188162	OTOG	0.5	1903
ENSG00000188163	CIMIP2A	0.5	1903
ENSG00000188167	TMPPE	0.0	1
ENSG00000188171	ZNF626	1.5	4687
ENSG00000188175	HEPACAM2	1.3	4364
ENSG00000188176	SMTNL2	0.5	1903
ENSG00000188177	ZC3H6	1.0	3282
ENSG00000188186	LAMTOR4	8.5	14830
ENSG00000188191	PRKAR1B	12.1	16689
ENSG00000188199	NUTM2B	0.0	1
ENSG00000188211	NCR3LG1	1.6	5463
ENSG00000188215	DCUN1D3	10.0	15759
ENSG00000188219	POTEE	2.5	7104
ENSG00000188227	ZNF793	1.5	4687
ENSG00000188229	TUBB4B	4.9	11073
ENSG00000188234	AGAP4	1.0	3282
ENSG00000188243	COMMD6	3.2	8468
ENSG00000188257	PLA2G2A	16.3	17761
ENSG00000188263	IL17REL	0.5	1903
ENSG00000188266	HYKK	3.1	8298
ENSG00000188269	OR7A5	2.2	6585
ENSG00000188277	C15orf62	2.5	7104
ENSG00000188282	RUFY4	7.8	14288
ENSG00000188283	ZNF383	1.5	4687
ENSG00000188290	HES4	2.5	7104
ENSG00000188293	IGFL1	0.5	1903
ENSG00000188295	ZNF669	1.5	4687
ENSG00000188305	PEAK3	2.6	7291
ENSG00000188306	LRRIQ4	0.0	1
ENSG00000188312	CENPP	0.6	2927
ENSG00000188313	PLSCR1	25.5	18657
ENSG00000188315	C3orf62	0.5	1903
ENSG00000188316	ENO4	1.0	3282
ENSG00000188321	ZNF559	1.5	4687
ENSG00000188322	SBK1	0.5	1903
ENSG00000188324	OR6C6	0.5	1903
ENSG00000188334	BSPH1	1.0	3282
ENSG00000188338	SLC38A3	17.3	17917
ENSG00000188340	OR6N2	1.5	4687
ENSG00000188342	GTF2F2	6.5	13008
ENSG00000188343	CIBAR1	6.8	13329
ENSG00000188352	FOCAD	0.0	1
ENSG00000188368	PRR19	0.0	1
ENSG00000188372	ZP3	19.8	18251
ENSG00000188375	H3-5	4.1	9897
ENSG00000188379	IFNA2	19.0	18150
ENSG00000188385	JAKMIP3	0.0	1
ENSG00000188386	PPP3R2	4.1	9897
ENSG00000188389	PDCD1	7.8	14288
ENSG00000188393	CLEC2A	4.5	10501
ENSG00000188394	GPR21	1.0	3282
ENSG00000188396	DYNLT4	1.8	5759
ENSG00000188404	SELL	11.0	16257
ENSG00000188408	MAGEB5	0.5	1903
ENSG00000188419	CHM	6.9	13452
ENSG00000188425	NANOS2	5.9	12348
ENSG00000188428	BLOC1S5	4.5	10501
ENSG00000188452	CERKL	1.8	5759
ENSG00000188467	SLC24A5	6.2	12686
ENSG00000188483	IER5L	0.0	1
ENSG00000188486	H2AX	10.1	15809
ENSG00000188487	INSC	3.9	9571
ENSG00000188488	SERPINA5	8.2	14610
ENSG00000188493	ACTMAP	2.4	6954
ENSG00000188501	LCTL	0.0	1
ENSG00000188505	NCCRP1	2.8	7695
ENSG00000188508	KRTDAP	0.5	1903
ENSG00000188517	COL25A1	3.5	8994
ENSG00000188522	SACK1G	1.8	5759
ENSG00000188523	CFAP77	0.5	1903
ENSG00000188529	SRSF10	9.3	15379
ENSG00000188542	DUSP28	1.6	5463
ENSG00000188549	CCDC9B	0.5	1903
ENSG00000188554	NBR1	4.6	10655
ENSG00000188558	OR2G6	1.0	3282
ENSG00000188559	RALGAPA2	2.0	6082
ENSG00000188566	NDOR1	10.8	16162
ENSG00000188573	FBLL1	5.6	11982
ENSG00000188580	NKAIN2	0.5	1903
ENSG00000188582	PAQR9	0.5	1903
ENSG00000188585	CLEC20A	0.0	1
ENSG00000188596	CFAP54	2.8	7695
ENSG00000188603	CLN3	31.1	18919
ENSG00000188610	RUMY2	0.0	1
ENSG00000188611	ASAH2	14.5	17382
ENSG00000188612	SUMO2	4.4	10330
ENSG00000188613	NANOS1	6.8	13329
ENSG00000188620	HMX3	2.0	6082
ENSG00000188624	IGFL3	1.3	4364
ENSG00000188626	GOLGA8M	0.5	1903
ENSG00000188629	ZNF177	3.2	8468
ENSG00000188641	DPYD	13.8	17208
ENSG00000188643	S100A16	3.1	8298
ENSG00000188647	PTAR1	0.5	1903
ENSG00000188649	CC2D2B	1.0	3282
ENSG00000188655	RNASE9	1.0	3282
ENSG00000188659	SAXO2	0.5	1903
ENSG00000188672	RHCE	1.5	4687
ENSG00000188674	C2orf80	0.0	1
ENSG00000188676	IDO2	4.6	10655
ENSG00000188677	PARVB	5.7	12090
ENSG00000188687	SLC4A5	6.3	12794
ENSG00000188690	UROS	7.8	14288
ENSG00000188691	OR56A5	0.5	1903
ENSG00000188694	KRTAP24-1	0.0	1
ENSG00000188706	ZDHHC9	12.2	16737
ENSG00000188707	ZBED10P	0.0	1
ENSG00000188710	QRFP	6.1	12588
ENSG00000188716	DUSP29	5.4	11736
ENSG00000188725	SMIM15	0.0	1
ENSG00000188729	OSTN	3.4	8766
ENSG00000188730	VWC2	1.5	4687
ENSG00000188732	FAM221A	0.0	1
ENSG00000188735	TMEM120B	2.0	6082
ENSG00000188738	FSIP2	2.4	6954
ENSG00000188739	RBM34	1.5	4687
ENSG00000188747	NOXA1	8.7	14962
ENSG00000188760	TMEM198	1.3	4364
ENSG00000188761	BCL2L15	0.0	1
ENSG00000188763	FZD9	15.1	17529
ENSG00000188766	SPRED3	3.0	8111
ENSG00000188770	OPTC	2.9	7932
ENSG00000188771	PLET1	3.0	8111
ENSG00000188778	ADRB3	20.2	18279
ENSG00000188779	SKOR1	5.5	11839
ENSG00000188782	CATSPER4	4.8	10931
ENSG00000188783	PRELP	3.4	8766
ENSG00000188784	PLA2G2E	6.3	12794
ENSG00000188785	ZNF548	1.5	4687
ENSG00000188786	MTF1	9.6	15554
ENSG00000188800	TMCO2	0.0	1
ENSG00000188803	SHISA6	3.5	8994
ENSG00000188807	TMEM201	5.5	11839
ENSG00000188811	NHLRC3	1.5	4687
ENSG00000188816	HMX2	2.8	7695
ENSG00000188817	SNTN	1.0	3282
ENSG00000188818	ZDHHC11	4.9	11073
ENSG00000188820	CALHM6	0.5	1903
ENSG00000188822	CNR2	3.7	9268
ENSG00000188827	SLX4	10.9	16206
ENSG00000188833	ENTPD8	4.4	10330
ENSG00000188846	RPL14	13.0	16985
ENSG00000188848	BEND4	0.0	1
ENSG00000188859	FAM78B	0.0	1
ENSG00000188868	ZNF563	1.5	4687
ENSG00000188869	TMC3	0.5	1903
ENSG00000188877	POTEA	0.0	1
ENSG00000188878	FBF1	2.9	7932
ENSG00000188883	KLRG2	0.0	1
ENSG00000188886	ASTL	4.5	10501
ENSG00000188895	MSL1	3.1	8298
ENSG00000188906	LRRK2	91.4	19262
ENSG00000188909	BSX	4.3	10201
ENSG00000188910	GJB3	1.6	5463
ENSG00000188916	INSYN2A	1.0	3282
ENSG00000188917	TRMT2B	1.6	5463
ENSG00000188921	HACD4	5.2	11424
ENSG00000188931	CFAP126	1.5	4687
ENSG00000188937	NYX	1.3	4364
ENSG00000188958	UTS2B	1.0	3282
ENSG00000188959	C9orf152	0.0	1
ENSG00000188976	NOC2L	10.5	16025
ENSG00000188981	MSANTD1	0.5	1903
ENSG00000188984	AADACL3	0.0	1
ENSG00000188986	NELFB	4.9	11073
ENSG00000188991	SLC15A5	1.0	3282
ENSG00000188992	LIPI	5.2	11424
ENSG00000188993	LRRC66	0.0	1
ENSG00000188994	ZNF292	1.5	4687
ENSG00000188996	HUS1B	3.0	8111
ENSG00000188997	KCTD21	5.5	11839
ENSG00000189001	SBSN	0.0	1
ENSG00000189007	ADAT2	1.0	3282
ENSG00000189013	KIR2DL4	6.9	13452
ENSG00000189023	MAGEB16	0.5	1903
ENSG00000189037	DUSP21	2.6	7291
ENSG00000189042	ZNF567	1.5	4687
ENSG00000189043	COXFA4	4.1	9897
ENSG00000189045	ANKDD1B	0.0	1
ENSG00000189046	ALKBH2	6.0	12446
ENSG00000189050	RNFT1	4.2	10017
ENSG00000189051	RNF222	0.0	1
ENSG00000189056	RELN	20.9	18348
ENSG00000189057	FAM111B	2.3	6711
ENSG00000189058	APOD	14.6	17413
ENSG00000189060	H1-0	7.3	13831
ENSG00000189064	GAGE2A	0.0	1
ENSG00000189067	LITAF	6.3	12794
ENSG00000189068	VSTM1	1.0	3282
ENSG00000189077	TMEM120A	7.6	14102
ENSG00000189079	ARID2	10.5	16025
ENSG00000189090	FAM25G	0.0	1
ENSG00000189091	SF3B3	10.5	16025
ENSG00000189099	PRSS48	1.0	3282
ENSG00000189108	IL1RAPL2	3.9	9571
ENSG00000189114	BLOC1S3	6.7	13235
ENSG00000189120	SP6	2.0	6082
ENSG00000189127	ANKRD34B	0.0	1
ENSG00000189129	PLAC9	0.0	1
ENSG00000189132	FAM47B	0.0	1
ENSG00000189134	NKAPL	0.5	1903
ENSG00000189139	FSCB	1.5	4687
ENSG00000189143	CLDN4	7.1	13639
ENSG00000189144	ZNF573	1.5	4687
ENSG00000189152	GRAPL	2.0	6082
ENSG00000189157	FAM47E	2.9	7932
ENSG00000189159	JPT1	0.0	1
ENSG00000189164	ZNF527	1.5	4687
ENSG00000189167	ZAR1L	3.0	8111
ENSG00000189171	S100A13	9.8	15662
ENSG00000189180	ZNF33A	2.2	6585
ENSG00000189181	OR14I1	1.0	3282
ENSG00000189182	KRT77	1.5	4687
ENSG00000189184	PCDH18	1.5	4687
ENSG00000189186	DCAF8L2	0.0	1
ENSG00000189190	ZNF600	1.0	3282
ENSG00000189195	BTBD8	0.0	1
ENSG00000189212	DPY19L2P1	0.0	1
ENSG00000189221	MAOA	6.2	12686
ENSG00000189227	C15orf61	0.0	1
ENSG00000189233	NUGGC	3.7	9268
ENSG00000189241	TSPYL1	1.8	5759
ENSG00000189253	TRIM64B	1.5	4687
ENSG00000189266	PNRC2	2.2	6585
ENSG00000189269	DRICH1	0.0	1
ENSG00000189280	GJB5	1.9	5985
ENSG00000189283	FHIT	11.0	16257
ENSG00000189292	ALKAL2	7.6	14102
ENSG00000189298	ZKSCAN3	11.1	16303
ENSG00000189299	FOXR2	1.8	5759
ENSG00000189306	RRP7A	6.1	12588
ENSG00000189308	LIN54	4.7	10753
ENSG00000189319	FAM53B	2.6	7291
ENSG00000189320	FAM180A	0.0	1
ENSG00000189325	BNIP5	0.0	1
ENSG00000189334	S100A14	9.5	15494
ENSG00000189337	KAZN	0.0	1
ENSG00000189339	SLC35E2B	1.0	3282
ENSG00000189348	FAM90A27P	0.0	1
ENSG00000189350	TOGARAM2	1.0	3282
ENSG00000189357	SPATA31D4	0.0	1
ENSG00000189362	NEMP2	0.0	1
ENSG00000189367	KIAA0408	0.0	1
ENSG00000189369	GSPT2	4.4	10330
ENSG00000189375	TBC1D28	0.0	1
ENSG00000189376	C8orf76	0.0	1
ENSG00000189377	CXCL17	12.9	16951
ENSG00000189401	OTUD6A	4.5	10501
ENSG00000189403	HMGB1	54.7	19210
ENSG00000189409	MMP23B	4.1	9897
ENSG00000189410	SH2D5	0.0	1
ENSG00000189420	ZFP92	4.0	9765
ENSG00000189430	NCR1	4.8	10931
ENSG00000189431	RASSF10	1.0	3282
ENSG00000189433	GJB4	2.5	7104
ENSG00000196071	OR2L13	1.0	3282
ENSG00000196072	BLOC1S2	12.0	16648
ENSG00000196074	SYCP2	3.0	8111
ENSG00000196081	ZNF724	1.5	4687
ENSG00000196083	IL1RAP	16.0	17704
ENSG00000196090	PTPRT	16.3	17761
ENSG00000196091	MYBPC1	3.2	8468
ENSG00000196092	PAX5	4.8	10931
ENSG00000196098	OR5K4	1.0	3282
ENSG00000196099	OR6M1	0.5	1903
ENSG00000196101	HLA-DRB3	9.5	15494
ENSG00000196104	SPOCK3	4.9	11073
ENSG00000196109	ZNF676	1.5	4687
ENSG00000196110	ZNF699	1.5	4687
ENSG00000196115	ADAM5	0.0	1
ENSG00000196116	TDRD7	6.2	12686
ENSG00000196118	CFAP119	0.0	1
ENSG00000196119	OR8A1	2.0	6082
ENSG00000196123	MATCAP1	2.1	6380
ENSG00000196126	HLA-DRB1	32.2	18957
ENSG00000196131	VN1R2	0.5	1903
ENSG00000196132	MYT1	2.3	6711
ENSG00000196136	SERPINA3	4.6	10655
ENSG00000196139	AKR1C3	41.8	19130
ENSG00000196141	SPATS2L	0.5	1903
ENSG00000196150	ZNF250	3.1	8298
ENSG00000196151	WDSUB1	0.0	1
ENSG00000196152	ZNF79	1.5	4687
ENSG00000196154	S100A4	7.5	14017
ENSG00000196155	PLEKHG4	2.8	7695
ENSG00000196156	KRTAP4-3	1.3	4364
ENSG00000196159	FAT4	3.5	8994
ENSG00000196169	KIF19	3.5	8994
ENSG00000196171	OR6K2	1.5	4687
ENSG00000196172	ZNF681	1.5	4687
ENSG00000196177	ACADSB	4.5	10501
ENSG00000196182	STK40	0.5	1903
ENSG00000196184	OR10J1	5.1	11329
ENSG00000196187	TMEM63A	4.4	10330
ENSG00000196188	CTSE	4.7	10753
ENSG00000196189	SEMA4A	5.0	11192
ENSG00000196196	HRCT1	0.0	1
ENSG00000196199	MPHOSPH8	8.5	14830
ENSG00000196205	EEF1A1P5	2.0	6082
ENSG00000196208	GREB1	0.5	1903
ENSG00000196209	SIRPB2	0.0	1
ENSG00000196214	ZNF766	1.5	4687
ENSG00000196218	RYR1	20.2	18279
ENSG00000196220	SRGAP3	3.8	9432
ENSG00000196227	FAM217B	0.0	1
ENSG00000196228	SULT1C3	7.4	13914
ENSG00000196230	TUBB	8.6	14895
ENSG00000196233	LCOR	8.1	14536
ENSG00000196235	SUPT5H	13.5	17136
ENSG00000196236	XPNPEP3	6.6	13122
ENSG00000196240	OR2T2	1.0	3282
ENSG00000196242	OR2C3	1.0	3282
ENSG00000196247	ZNF107	1.0	3282
ENSG00000196248	OR10S1	1.0	3282
ENSG00000196260	SFTA2	0.0	1
ENSG00000196262	PPIA	27.7	18779
ENSG00000196263	ZNF471	1.5	4687
ENSG00000196266	OR10J3	1.5	4687
ENSG00000196267	ZNF836	1.0	3282
ENSG00000196268	ZNF493	1.0	3282
ENSG00000196275	GTF2IRD2	0.6	2927
ENSG00000196277	GRM7	13.0	16985
ENSG00000196284	SUPT3H	6.3	12794
ENSG00000196289	BECN2	6.2	12686
ENSG00000196290	NIF3L1	3.4	8766
ENSG00000196296	ATP2A1	21.8	18425
ENSG00000196305	IARS1	6.3	12794
ENSG00000196312	SLC71A3P	0.0	1
ENSG00000196313	POM121	2.6	7291
ENSG00000196323	ZBTB44	0.0	1
ENSG00000196329	GIMAP5	0.5	1903
ENSG00000196335	STK31	1.0	3282
ENSG00000196337	CGB7	5.5	11839
ENSG00000196338	NLGN3	19.2	18173
ENSG00000196341	OR8D1	2.0	6082
ENSG00000196344	ADH7	10.9	16206
ENSG00000196345	ZKSCAN7	1.5	4687
ENSG00000196350	ZNF729	1.0	3282
ENSG00000196352	CD55	9.4	15426
ENSG00000196353	CPNE4	1.0	3282
ENSG00000196357	ZNF565	1.5	4687
ENSG00000196358	NTNG2	3.0	8111
ENSG00000196361	ELAVL3	1.3	4364
ENSG00000196363	WDR5	8.8	15033
ENSG00000196364	PRSS29P	1.0	3282
ENSG00000196365	LONP1	17.6	17959
ENSG00000196367	TRRAP	7.8	14288
ENSG00000196368	NUDT11	4.5	10501
ENSG00000196369	SRGAP2B	3.6	9147
ENSG00000196371	FUT4	13.5	17136
ENSG00000196372	ASB13	0.0	1
ENSG00000196376	SLC35F1	0.0	1
ENSG00000196378	ZNF34	1.5	4687
ENSG00000196381	ZNF781	0.6	2927
ENSG00000196383	OR4Q2	0.5	1903
ENSG00000196387	ZNF140	4.7	10753
ENSG00000196388	INCA1	6.3	12794
ENSG00000196391	ZNF774	1.5	4687
ENSG00000196396	PTPN1	27.6	18772
ENSG00000196405	EVL	8.6	14895
ENSG00000196407	THEM5	3.1	8298
ENSG00000196408	NOXO1	6.2	12686
ENSG00000196411	EPHB4	6.8	13329
ENSG00000196415	PRTN3	14.6	17413
ENSG00000196417	ZNF765	1.5	4687
ENSG00000196418	ZNF124	2.4	6954
ENSG00000196419	XRCC6	21.8	18425
ENSG00000196420	S100A5	4.2	10017
ENSG00000196422	PPP1R26	0.0	1
ENSG00000196427	NBPF4	0.0	1
ENSG00000196428	TSC22D2	0.8	3045
ENSG00000196431	CRYBA4	4.5	10501
ENSG00000196433	ASMT	8.3	14683
ENSG00000196436	NPIPB15	0.0	1
ENSG00000196437	ZNF569	1.5	4687
ENSG00000196440	ARMCX4	0.0	1
ENSG00000196449	YRDC	5.6	11982
ENSG00000196453	ZNF777	4.5	10501
ENSG00000196455	PIK3R4	11.3	16392
ENSG00000196456	ZNF775	2.1	6380
ENSG00000196458	ZNF605	0.0	1
ENSG00000196459	TRAPPC2	4.5	10501
ENSG00000196460	RFX8	2.0	6082
ENSG00000196465	MYL6B	5.5	11839
ENSG00000196466	ZNF799	1.5	4687
ENSG00000196468	FGF16	11.2	16350
ENSG00000196470	SIAH1	19.0	18150
ENSG00000196475	GK2	4.1	9897
ENSG00000196476	C20orf96	0.0	1
ENSG00000196482	ESRRG	5.9	12348
ENSG00000196497	IPO4	5.3	11597
ENSG00000196498	NCOR2	11.6	16500
ENSG00000196502	SULT1A1	13.2	17041
ENSG00000196503	ARL9	0.0	1
ENSG00000196504	PRPF40A	1.5	4687
ENSG00000196505	GDAP2	0.0	1
ENSG00000196510	ANAPC7	10.2	15862
ENSG00000196511	TPK1	5.0	11192
ENSG00000196517	SLC6A9	9.5	15494
ENSG00000196526	AFAP1	0.5	1903
ENSG00000196531	NACA	1.0	3282
ENSG00000196535	MYO18A	13.1	17014
ENSG00000196539	OR2T3	1.0	3282
ENSG00000196542	SPTSSB	5.5	11839
ENSG00000196544	BORCS6	4.5	10501
ENSG00000196547	MAN2A2	1.0	3282
ENSG00000196549	MME	27.7	18779
ENSG00000196550	RUMY1	0.0	1
ENSG00000196553	CCDC196	0.0	1
ENSG00000196557	CACNA1H	15.6	17629
ENSG00000196562	SULF2	13.9	17231
ENSG00000196565	HBG2	5.3	11597
ENSG00000196569	LAMA2	6.4	12917
ENSG00000196570	PFN3	1.5	4687
ENSG00000196576	PLXNB2	13.3	17085
ENSG00000196578	OR5AC2	2.2	6585
ENSG00000196581	AJAP1	4.5	10501
ENSG00000196584	XRCC2	8.9	15105
ENSG00000196586	MYO6	16.3	17761
ENSG00000196588	MRTFA	8.6	14895
ENSG00000196591	HDAC2	32.4	18962
ENSG00000196597	ZNF782	1.0	3282
ENSG00000196600	SLC22A25	0.5	1903
ENSG00000196604	POTEF	2.0	6082
ENSG00000196605	ZNF846	1.5	4687
ENSG00000196611	MMP1	11.7	16536
ENSG00000196616	ADH1B	5.2	11424
ENSG00000196620	UGT2B15	6.9	13452
ENSG00000196628	TCF4	12.1	16689
ENSG00000196632	WNK3	24.4	18605
ENSG00000196636	SDHAF3	1.0	3282
ENSG00000196639	HRH1	7.3	13831
ENSG00000196642	RABL6	2.3	6711
ENSG00000196646	ZNF136	2.3	6711
ENSG00000196652	ZKSCAN5	3.3	8619
ENSG00000196653	ZNF502	3.1	8298
ENSG00000196655	TRAPPC4	5.0	11192
ENSG00000196659	IFT70B	2.2	6585
ENSG00000196660	SLC30A10	17.1	17878
ENSG00000196663	TECPR2	1.3	4364
ENSG00000196664	TLR7	18.4	18069
ENSG00000196666	FAM180B	0.0	1
ENSG00000196670	ZFP62	1.0	3282
ENSG00000196678	ERI2	1.5	4687
ENSG00000196683	TOMM7	5.3	11597
ENSG00000196684	HSH2D	1.0	3282
ENSG00000196689	TRPV1	16.6	17809
ENSG00000196693	ZNF33B	1.0	3282
ENSG00000196700	ZNF512B	3.4	8766
ENSG00000196704	AMZ2	0.0	1
ENSG00000196705	ZNF431	3.0	8111
ENSG00000196711	ALKAL1	7.6	14102
ENSG00000196712	NF1	28.3	18808
ENSG00000196715	VKORC1L1	5.9	12348
ENSG00000196724	ZNF418	3.3	8619
ENSG00000196730	DAPK1	25.7	18667
ENSG00000196735	HLA-DQA1	5.6	11982
ENSG00000196739	COL27A1	2.0	6082
ENSG00000196743	GM2A	3.3	8619
ENSG00000196748	CLPSL2	0.5	1903
ENSG00000196754	S100A2	3.7	9268
ENSG00000196757	ZNF700	1.5	4687
ENSG00000196767	POU3F4	5.6	11982
ENSG00000196772	OR14A16	1.0	3282
ENSG00000196776	CD47	18.6	18090
ENSG00000196778	OR52K1	0.5	1903
ENSG00000196781	TLE1	9.2	15304
ENSG00000196782	MAML3	3.4	8766
ENSG00000196792	STRN3	11.2	16350
ENSG00000196793	ZNF239	6.5	13008
ENSG00000196800	SPINK14	1.0	3282
ENSG00000196811	CHRNG	8.2	14610
ENSG00000196812	ZSCAN16	2.3	6711
ENSG00000196814	MVB12B	8.3	14683
ENSG00000196821	ILRUN	5.0	11192
ENSG00000196832	OR11G2	0.0	1
ENSG00000196834	POTEI	2.0	6082
ENSG00000196839	ADA	19.4	18201
ENSG00000196843	ARID5A	12.4	16811
ENSG00000196844	PATE2	0.0	1
ENSG00000196850	PPTC7	4.2	10017
ENSG00000196859	KRT39	2.0	6082
ENSG00000196860	TOMM20L	2.0	6082
ENSG00000196862	RGPD4	1.5	4687
ENSG00000196865	NHLRC2	0.0	1
ENSG00000196866	H2AC7	1.0	3282
ENSG00000196867	ZFP28	1.5	4687
ENSG00000196872	CRACDL	0.0	1
ENSG00000196873	ZNG1C	1.5	4687
ENSG00000196876	SCN8A	7.7	14204
ENSG00000196878	LAMB3	3.9	9571
ENSG00000196890	H2BC26	3.0	8111
ENSG00000196900	SPMIP10	0.5	1903
ENSG00000196911	KPNA5	2.4	6954
ENSG00000196912	ANKRD36B	0.8	3045
ENSG00000196914	ARHGEF12	7.7	14204
ENSG00000196917	HCAR1	3.4	8766
ENSG00000196923	PDLIM7	3.4	8766
ENSG00000196924	FLNA	31.5	18933
ENSG00000196932	TMEM26	0.0	1
ENSG00000196933	RPS26P11	1.0	3282
ENSG00000196935	SRGAP1	2.9	7932
ENSG00000196937	FAM3C	1.6	5463
ENSG00000196943	NOP9	3.0	8111
ENSG00000196944	OR2T4	1.0	3282
ENSG00000196946	ZNF705A	2.0	6082
ENSG00000196950	SLC39A10	4.9	11073
ENSG00000196954	CASP4	19.5	18215
ENSG00000196961	AP2A1	10.9	16206
ENSG00000196967	ZNF585A	1.0	3282
ENSG00000196968	POFUT4	5.4	11736
ENSG00000196972	SMIM10L2B	0.0	1
ENSG00000196975	ANXA4	12.8	16920
ENSG00000196976	LAGE3	1.1	4265
ENSG00000196981	WDR5B	0.5	1903
ENSG00000196990	FAM163B	0.0	1
ENSG00000196993	NPIPB9	0.0	1
ENSG00000196998	WDR45	9.6	15554
ENSG00000197006	METTL9	1.3	4364
ENSG00000197008	ZNF138	1.5	4687
ENSG00000197013	ZNF429	1.5	4687
ENSG00000197016	ZNF470	1.5	4687
ENSG00000197019	SERTAD1	2.3	6711
ENSG00000197020	ZNF100	1.5	4687
ENSG00000197021	EOLA2	0.0	1
ENSG00000197024	ZNF398	2.7	7600
ENSG00000197037	ZSCAN25	1.5	4687
ENSG00000197043	ANXA6	9.4	15426
ENSG00000197044	ZNF441	1.5	4687
ENSG00000197045	GMFB	5.1	11329
ENSG00000197046	SIGLEC15	1.5	4687
ENSG00000197050	ZNF420	1.5	4687
ENSG00000197054	ZNF763	1.5	4687
ENSG00000197056	ZMYM1	0.0	1
ENSG00000197057	DTHD1	0.0	1
ENSG00000197062	ZSCAN26	2.7	7600
ENSG00000197063	MAFG	5.4	11736
ENSG00000197070	ARRDC1	8.5	14830
ENSG00000197077	KIAA1671	0.0	1
ENSG00000197079	KRT35	2.9	7932
ENSG00000197081	IGF2R	7.8	14288
ENSG00000197093	GAL3ST4	6.3	12794
ENSG00000197102	DYNC1H1	13.2	17041
ENSG00000197106	SLC6A17	6.1	12588
ENSG00000197110	IFNL3	3.7	9268
ENSG00000197111	PCBP2	11.4	16433
ENSG00000197114	ZGPAT	7.6	14102
ENSG00000197119	SLC25A29	12.1	16689
ENSG00000197121	PGAP1	4.1	9897
ENSG00000197122	SRC	72.9	19250
ENSG00000197123	ZNF679	1.5	4687
ENSG00000197124	ZNF682	1.5	4687
ENSG00000197125	OR8B8	3.2	8468
ENSG00000197128	ZNF772	1.5	4687
ENSG00000197134	ZNF257	1.5	4687
ENSG00000197136	PCNX3	0.0	1
ENSG00000197140	ADAM32	2.5	7104
ENSG00000197142	ACSL5	8.6	14895
ENSG00000197147	LRRC8B	3.1	8298
ENSG00000197150	ABCB8	4.2	10017
ENSG00000197157	SND1	8.2	14610
ENSG00000197162	ZNF785	1.5	4687
ENSG00000197165	SULT1A2	8.4	14752
ENSG00000197168	NEK5	0.5	1903
ENSG00000197170	PSMD12	3.0	8111
ENSG00000197172	MAGEA6	1.8	5759
ENSG00000197177	ADGRA1	3.5	8994
ENSG00000197181	PIWIL2	8.6	14895
ENSG00000197183	NOL4L	0.0	1
ENSG00000197191	CYSRT1	2.4	6954
ENSG00000197208	SLC22A4	10.0	15759
ENSG00000197213	ZSCAN5B	1.5	4687
ENSG00000197217	ENTPD4	10.5	16025
ENSG00000197223	C1D	4.5	10501
ENSG00000197226	TBC1D9B	1.3	4364
ENSG00000197233	OR1J2	1.0	3282
ENSG00000197241	SLC2A7	6.0	12446
ENSG00000197245	FAM110D	0.0	1
ENSG00000197249	SERPINA1	3.5	8994
ENSG00000197253	TPSB2	3.3	8619
ENSG00000197256	KANK2	9.7	15609
ENSG00000197261	C6orf141	0.0	1
ENSG00000197265	GTF2E2	5.3	11597
ENSG00000197272	IL27	8.4	14752
ENSG00000197273	GUCA2A	1.7	5664
ENSG00000197275	RAD54B	6.3	12794
ENSG00000197279	ZNF165	1.5	4687
ENSG00000197283	SYNGAP1	2.0	6082
ENSG00000197296	FITM2	10.0	15759
ENSG00000197299	BLM	41.6	19127
ENSG00000197302	KRABD5	1.5	4687
ENSG00000197309	OR10D3	1.0	3282
ENSG00000197312	DDI2	8.7	14962
ENSG00000197321	SVIL	4.6	10655
ENSG00000197323	TRIM33	6.4	12917
ENSG00000197324	LRP10	0.5	1903
ENSG00000197329	PELI1	13.3	17085
ENSG00000197343	ZNF655	2.3	6711
ENSG00000197345	MRPL21	1.6	5463
ENSG00000197353	LYPD2	0.0	1
ENSG00000197355	UAP1L1	1.0	3282
ENSG00000197360	ZNF98	1.5	4687
ENSG00000197361	FBXL22	2.2	6585
ENSG00000197362	ZNF786	1.0	3282
ENSG00000197363	ZNF517	1.5	4687
ENSG00000197364	S100A7L2	1.5	4687
ENSG00000197372	ZNF675	10.0	15759
ENSG00000197375	SLC22A5	26.2	18696
ENSG00000197380	DACT3	4.4	10330
ENSG00000197381	ADARB1	15.1	17529
ENSG00000197385	ZNF860	1.5	4687
ENSG00000197386	HTT	22.5	18471
ENSG00000197403	OR6N1	1.0	3282
ENSG00000197405	C5AR1	18.2	18050
ENSG00000197406	DIO3	5.8	12204
ENSG00000197408	CYP2B6	14.7	17436
ENSG00000197410	DCHS2	1.5	4687
ENSG00000197415	VEPH1	2.6	7291
ENSG00000197416	FABP12	2.8	7695
ENSG00000197417	SHPK	10.4	15985
ENSG00000197421	GGT3P	3.0	8111
ENSG00000197428	OR51D1	0.5	1903
ENSG00000197429	IPP	2.5	7104
ENSG00000197430	OPALIN	0.5	1903
ENSG00000197437	OR13G1	1.5	4687
ENSG00000197442	MAP3K5	26.6	18721
ENSG00000197444	OGDHL	2.0	6082
ENSG00000197446	CYP2F1	6.8	13329
ENSG00000197448	GSTK1	3.9	9571
ENSG00000197451	HNRNPAB	6.5	13008
ENSG00000197454	OR2L5	1.0	3282
ENSG00000197457	STMN3	5.4	11736
ENSG00000197461	PDGFA	31.5	18933
ENSG00000197465	GYPE	0.0	1
ENSG00000197467	COL13A1	5.0	11192
ENSG00000197471	SPN	12.2	16737
ENSG00000197472	ZNF695	1.5	4687
ENSG00000197479	PCDHB11	5.2	11424
ENSG00000197483	ZNF628	1.5	4687
ENSG00000197487	GALP	2.9	7932
ENSG00000197496	SLC2A10	19.6	18225
ENSG00000197497	ZNF665	1.5	4687
ENSG00000197498	RPF2	4.7	10753
ENSG00000197506	SLC28A3	9.1	15239
ENSG00000197520	FAM177B	0.0	1
ENSG00000197530	MIB2	5.0	11192
ENSG00000197532	OR6Y1	1.0	3282
ENSG00000197535	MYO5A	9.8	15662
ENSG00000197540	GZMM	3.5	8994
ENSG00000197548	ATG7	19.1	18159
ENSG00000197555	SIPA1L1	5.5	11839
ENSG00000197557	IFT70A	1.0	3282
ENSG00000197558	SSPOP	0.5	1903
ENSG00000197561	ELANE	25.0	18634
ENSG00000197562	RAB40C	6.6	13122
ENSG00000197563	PIGN	3.8	9432
ENSG00000197565	COL4A6	3.2	8468
ENSG00000197566	ZNF624	1.5	4687
ENSG00000197576	HOXA4	4.7	10753
ENSG00000197579	TOPORS	21.0	18359
ENSG00000197580	BCO2	10.1	15809
ENSG00000197584	KCNMB2	8.2	14610
ENSG00000197586	ENTPD6	4.0	9765
ENSG00000197587	DMBX1	6.3	12794
ENSG00000197591	OR11L1	1.0	3282
ENSG00000197594	ENPP1	30.4	18896
ENSG00000197599	CCDC154	0.5	1903
ENSG00000197601	FAR1	7.3	13831
ENSG00000197603	CPLANE1	1.3	4364
ENSG00000197608	ZNF841	1.0	3282
ENSG00000197614	MFAP5	2.5	7104
ENSG00000197616	MYH6	17.9	18004
ENSG00000197617	VN1R5	0.5	1903
ENSG00000197619	ZNF615	1.0	3282
ENSG00000197620	EOLA1	1.6	5463
ENSG00000197622	CDC42SE1	1.8	5759
ENSG00000197629	MPEG1	6.7	13235
ENSG00000197632	SERPINB2	3.2	8468
ENSG00000197635	DPP4	20.4	18303
ENSG00000197641	SERPINB13	6.9	13452
ENSG00000197646	PDCD1LG2	8.4	14752
ENSG00000197647	ZNF433	1.5	4687
ENSG00000197651	CCER1	1.0	3282
ENSG00000197653	DNAH10	2.0	6082
ENSG00000197658	SLC22A24	2.1	6380
ENSG00000197674	OR51C1	0.5	1903
ENSG00000197683	KRTAP26-1	0.0	1
ENSG00000197694	SPTAN1	3.3	8619
ENSG00000197696	NMB	9.7	15609
ENSG00000197702	PARVA	10.9	16206
ENSG00000197705	KLHL14	0.6	2927
ENSG00000197706	OR6C74	0.5	1903
ENSG00000197712	FAM114A1	0.0	1
ENSG00000197713	RPE	6.8	13329
ENSG00000197714	ZNF460	2.3	6711
ENSG00000197721	CR1L	2.6	7291
ENSG00000197724	PHF2	10.3	15915
ENSG00000197728	RPS26	8.3	14683
ENSG00000197745	SCGB1D4	0.0	1
ENSG00000197746	PSAP	15.8	17668
ENSG00000197747	S100A10	11.5	16473
ENSG00000197748	CFAP43	2.3	6711
ENSG00000197753	LHFPL5	1.0	3282
ENSG00000197756	RPL37A	5.9	12348
ENSG00000197757	HOXC6	3.4	8766
ENSG00000197763	TXNRD3	2.2	6585
ENSG00000197766	CFD	7.9	14372
ENSG00000197769	MAP1LC3C	8.6	14895
ENSG00000197771	MCMBP	3.4	8766
ENSG00000197774	EME2	8.4	14752
ENSG00000197776	KLHDC1	1.6	5463
ENSG00000197779	ZNF81	1.5	4687
ENSG00000197780	TAF13	7.3	13831
ENSG00000197782	ZNF780A	1.5	4687
ENSG00000197785	ATAD3A	9.3	15379
ENSG00000197786	OR5B17	2.0	6082
ENSG00000197790	OR52M1	0.5	1903
ENSG00000197798	SIRAL1	0.8	3045
ENSG00000197808	ZNF461	1.5	4687
ENSG00000197816	CCDC180	0.0	1
ENSG00000197818	SLC9A8	9.1	15239
ENSG00000197822	OCLN	10.9	16206
ENSG00000197826	CFAP299	0.0	1
ENSG00000197838	CYP2A13	7.4	13914
ENSG00000197841	ZNF181	1.5	4687
ENSG00000197847	SLC22A20P	0.5	1903
ENSG00000197849	OR8G1	3.2	8468
ENSG00000197852	INKA2	2.3	6711
ENSG00000197857	ZNF44	1.5	4687
ENSG00000197858	GPAA1	6.6	13122
ENSG00000197859	ADAMTSL2	1.3	4364
ENSG00000197860	SGTB	1.0	3282
ENSG00000197863	ZNF790	1.5	4687
ENSG00000197870	PRB3	0.6	2927
ENSG00000197872	CYRIA	0.0	1
ENSG00000197879	MYO1C	10.7	16120
ENSG00000197885	NKIRAS1	2.2	6585
ENSG00000197887	OR1S2	1.0	3282
ENSG00000197888	UGT2B17	6.1	12588
ENSG00000197889	MEIG1	0.0	1
ENSG00000197891	SLC22A12	7.7	14204
ENSG00000197892	KIF13B	8.0	14457
ENSG00000197893	NRAP	2.6	7291
ENSG00000197894	ADH5	7.8	14288
ENSG00000197901	SLC22A6	14.1	17268
ENSG00000197903	H2BC12	8.4	14752
ENSG00000197905	TEAD4	7.3	13831
ENSG00000197912	SPG7	8.6	14895
ENSG00000197915	HRNR	2.1	6380
ENSG00000197921	HES5	22.1	18450
ENSG00000197928	ZNF677	1.5	4687
ENSG00000197930	ERO1A	7.5	14017
ENSG00000197933	ZNF823	1.5	4687
ENSG00000197935	ZNF311	1.5	4687
ENSG00000197937	ZNF347	1.5	4687
ENSG00000197938	OR5H2	1.0	3282
ENSG00000197943	PLCG2	41.8	19130
ENSG00000197948	FCHSD1	1.5	4687
ENSG00000197951	ZNF71	1.5	4687
ENSG00000197953	AADACL2	0.0	1
ENSG00000197956	S100A6	9.0	15175
ENSG00000197958	RPL12	7.4	13914
ENSG00000197959	DNM3	4.3	10201
ENSG00000197961	ZNF121	1.5	4687
ENSG00000197965	MPZL1	3.5	8994
ENSG00000197969	VPS13A	4.3	10201
ENSG00000197971	MBP	6.5	13008
ENSG00000197976	AKAP17A	4.9	11073
ENSG00000197977	ELOVL2	9.8	15662
ENSG00000197978	GOLGA6L9	0.0	1
ENSG00000197980	LEKR1	0.0	1
ENSG00000197982	C1orf122	0.0	1
ENSG00000197992	CLEC9A	2.1	6380
ENSG00000197993	KEL	2.7	7600
ENSG00000198000	NOL8	3.1	8298
ENSG00000198001	IRAK4	19.7	18240
ENSG00000198003	ODAD3	6.2	12686
ENSG00000198010	DLGAP2	1.6	5463
ENSG00000198015	MRPL42	2.3	6711
ENSG00000198018	ENTPD7	8.1	14536
ENSG00000198019	FCGR1BP	4.2	10017
ENSG00000198022	SAGE2P	1.0	3282
ENSG00000198026	ZNF335	7.7	14204
ENSG00000198028	ZNF560	1.5	4687
ENSG00000198033	TUBA3C	2.0	6082
ENSG00000198034	RPS4X	9.3	15379
ENSG00000198039	ZNF273	1.5	4687
ENSG00000198040	ZNF84	1.2	4328
ENSG00000198042	MAK16	1.5	4687
ENSG00000198046	ZNF667	1.5	4687
ENSG00000198049	AVPR1B	13.1	17014
ENSG00000198053	SIRPA	21.3	18383
ENSG00000198055	GRK6	5.3	11597
ENSG00000198056	PRIM1	6.3	12794
ENSG00000198060	MARCHF5	12.7	16895
ENSG00000198062	POTEH	0.0	1
ENSG00000198064	NPIPB13	0.0	1
ENSG00000198074	AKR1B10	10.3	15915
ENSG00000198075	SULT1C4	8.0	14457
ENSG00000198077	CYP2A7	3.9	9571
ENSG00000198081	ZBTB14	7.4	13914
ENSG00000198087	CD2AP	8.5	14830
ENSG00000198088	NUP62CL	0.0	1
ENSG00000198089	SFI1	1.3	4364
ENSG00000198090	KRTAP4-6	0.0	1
ENSG00000198092	TMPRSS11F	1.0	3282
ENSG00000198093	ZNF649	1.5	4687
ENSG00000198099	ADH4	13.1	17014
ENSG00000198104	OR2T6	1.0	3282
ENSG00000198105	ZNF248	1.5	4687
ENSG00000198108	CHSY3	1.0	3282
ENSG00000198113	TOR4A	0.0	1
ENSG00000198121	LPAR1	13.6	17161
ENSG00000198125	MB	5.7	12090
ENSG00000198128	OR2L3	1.0	3282
ENSG00000198130	HIBCH	5.2	11424
ENSG00000198131	ZNF544	1.0	3282
ENSG00000198133	TMEM229B	0.0	1
ENSG00000198142	SOWAHC	0.0	1
ENSG00000198146	ZNF770	1.0	3282
ENSG00000198155	ZNF876P	1.5	4687
ENSG00000198156	NPIPB6	0.0	1
ENSG00000198157	HMGN5	4.7	10753
ENSG00000198160	MIER1	5.2	11424
ENSG00000198162	MAN1A2	3.7	9268
ENSG00000198168	SVIP	6.8	13329
ENSG00000198169	ZNF251	1.5	4687
ENSG00000198171	DDRGK1	25.8	18674
ENSG00000198173	FAM47C	0.0	1
ENSG00000198176	TFDP1	13.3	17085
ENSG00000198178	CLEC4C	1.5	4687
ENSG00000198182	ZNF607	1.5	4687
ENSG00000198183	BPIFA1	10.8	16162
ENSG00000198185	ZNF334	1.5	4687
ENSG00000198189	HSD17B11	5.2	11424
ENSG00000198198	SZT2	5.5	11839
ENSG00000198203	SULT1C2	5.2	11424
ENSG00000198205	ZXDA	3.4	8766
ENSG00000198208	RPS6KL1	0.0	1
ENSG00000198216	CACNA1E	5.7	12090
ENSG00000198218	QRICH1	6.4	12917
ENSG00000198223	CSF2RA	6.8	13329
ENSG00000198225	FKBP1C	1.5	4687
ENSG00000198231	DDX42	4.5	10501
ENSG00000198242	RPL23A	7.4	13914
ENSG00000198246	SLC29A3	23.9	18573
ENSG00000198252	STYX	5.0	11192
ENSG00000198258	UBL5	1.5	4687
ENSG00000198265	HELZ	4.7	10753
ENSG00000198270	TMEM116	0.0	1
ENSG00000198271	KRTAP4-5	1.3	4364
ENSG00000198276	UCKL1	2.3	6711
ENSG00000198283	OR5B21	2.0	6082
ENSG00000198286	CARD11	11.4	16433
ENSG00000198298	ZNF485	1.5	4687
ENSG00000198300	PEG3	3.0	8111
ENSG00000198301	SDAD1	1.5	4687
ENSG00000198315	ZKSCAN8	1.5	4687
ENSG00000198324	PHETA1	4.7	10753
ENSG00000198326	TMEM239	0.0	1
ENSG00000198331	HYLS1	1.0	3282
ENSG00000198336	MYL4	5.6	11982
ENSG00000198342	ZNF442	1.5	4687
ENSG00000198346	ZNF813	1.5	4687
ENSG00000198353	HOXC4	6.2	12686
ENSG00000198354	DCAF12L2	0.0	1
ENSG00000198355	PIM3	4.4	10330
ENSG00000198356	GET3	4.8	10931
ENSG00000198363	ASPH	20.8	18340
ENSG00000198369	SPRED2	6.6	13122
ENSG00000198373	WWP2	18.9	18139
ENSG00000198380	GFPT1	9.3	15379
ENSG00000198382	UVRAG	13.3	17085
ENSG00000198390	KRTAP13-1	0.0	1
ENSG00000198393	ZNF26	0.0	1
ENSG00000198398	TMEM207	0.0	1
ENSG00000198399	ITSN2	2.3	6711
ENSG00000198400	NTRK1	29.2	18840
ENSG00000198408	OGA	7.1	13639
ENSG00000198416	ZNF658B	1.0	3282
ENSG00000198417	MT1F	5.3	11597
ENSG00000198420	TCAF1	5.5	11839
ENSG00000198429	ZNF69	2.3	6711
ENSG00000198431	TXNRD1	5.7	12090
ENSG00000198435	NRARP	4.4	10330
ENSG00000198440	ZNF583	1.5	4687
ENSG00000198443	KRTAP4-1	0.0	1
ENSG00000198445	CCT8L2	2.8	7695
ENSG00000198452	OR14L1	1.0	3282
ENSG00000198453	ZNF568	4.0	9765
ENSG00000198455	ZXDB	1.0	3282
ENSG00000198464	ZNF480	1.5	4687
ENSG00000198466	ZNF587	1.5	4687
ENSG00000198467	TPM2	6.8	13329
ENSG00000198471	RTP2	3.6	9147
ENSG00000198478	SH3BGRL2	0.5	1903
ENSG00000198482	ZNF808	4.2	10017
ENSG00000198483	ANKRD35	0.0	1
ENSG00000198488	B3GNT6	5.9	12348
ENSG00000198492	YTHDF2	20.4	18303
ENSG00000198498	TMA16	2.4	6954
ENSG00000198502	HLA-DRB5	3.5	8994
ENSG00000198513	ATL1	7.8	14288
ENSG00000198515	CNGA1	7.6	14102
ENSG00000198517	MAFK	6.6	13122
ENSG00000198520	ARMH1	0.0	1
ENSG00000198521	ZNF43	1.9	5985
ENSG00000198522	GPN1	2.9	7932
ENSG00000198523	PLN	23.1	18512
ENSG00000198535	C2CD4A	2.4	6954
ENSG00000198538	ZNF28	1.5	4687
ENSG00000198542	ITGBL1	3.9	9571
ENSG00000198546	ZNF511	0.6	2927
ENSG00000198551	ZNF627	1.5	4687
ENSG00000198553	KCNRG	1.6	5463
ENSG00000198554	WDHD1	2.9	7932
ENSG00000198556	ZNF789	1.5	4687
ENSG00000198561	CTNND1	14.5	17382
ENSG00000198563	DDX39B	14.5	17382
ENSG00000198569	SLC34A3	6.5	13008
ENSG00000198570	RD3	3.1	8298
ENSG00000198574	SH2D1B	2.4	6954
ENSG00000198576	ARC	10.3	15915
ENSG00000198585	NUDT16	16.3	17761
ENSG00000198586	TLK1	7.2	13747
ENSG00000198589	LRBA	3.1	8298
ENSG00000198597	ZNF536	3.9	9571
ENSG00000198598	MMP17	6.0	12446
ENSG00000198601	OR2M2	1.0	3282
ENSG00000198604	BAZ1A	8.4	14752
ENSG00000198610	AKR1C4	16.8	17833
ENSG00000198612	COPS8	4.4	10330
ENSG00000198624	CCDC69	1.3	4364
ENSG00000198625	MDM4	13.9	17231
ENSG00000198626	RYR2	42.6	19138
ENSG00000198633	ZNF534	1.5	4687
ENSG00000198642	KLHL9	5.3	11597
ENSG00000198643	FAM3D	2.4	6954
ENSG00000198646	NCOA6	12.5	16839
ENSG00000198648	STK39	25.0	18634
ENSG00000198650	TAT	6.1	12588
ENSG00000198663	C6orf89	3.2	8468
ENSG00000198668	CALM1	27.6	18772
ENSG00000198670	LPA	5.4	11736
ENSG00000198673	TAFA2	1.5	4687
ENSG00000198674	OR10G6	1.0	3282
ENSG00000198677	SKIC3	2.9	7932
ENSG00000198678	OR5BS1	1.0	3282
ENSG00000198680	TUSC1	0.0	1
ENSG00000198681	MAGEA1	3.4	8766
ENSG00000198682	PAPSS2	9.6	15554
ENSG00000198689	SLC9A6	9.9	15713
ENSG00000198690	FAN1	10.1	15809
ENSG00000198691	ABCA4	16.9	17853
ENSG00000198692	EIF1AY	1.0	3282
ENSG00000198695	MT-ND6	3.6	9147
ENSG00000198700	IPO9	5.5	11839
ENSG00000198704	GPX6	1.0	3282
ENSG00000198707	CEP290	10.9	16206
ENSG00000198712	MT-CO2	4.1	9897
ENSG00000198715	GLMP	1.8	5759
ENSG00000198718	TOGARAM1	3.3	8619
ENSG00000198719	DLL1	34.0	19002
ENSG00000198720	ANKRD13B	3.4	8766
ENSG00000198721	ECI2	3.1	8298
ENSG00000198722	UNC13B	11.2	16350
ENSG00000198723	SAXO5	0.0	1
ENSG00000198727	MT-CYB	2.8	7695
ENSG00000198728	LDB1	12.3	16779
ENSG00000198729	PPP1R14C	0.5	1903
ENSG00000198730	CTR9	6.7	13235
ENSG00000198732	SMOC1	3.9	9571
ENSG00000198734	F5	5.3	11597
ENSG00000198736	MSRB1	5.8	12204
ENSG00000198739	LRRTM3	3.4	8766
ENSG00000198740	ZNF652	2.6	7291
ENSG00000198742	SMURF1	25.8	18674
ENSG00000198743	SLC5A3	12.3	16779
ENSG00000198746	GPATCH3	3.9	9571
ENSG00000198752	CDC42BPB	11.1	16303
ENSG00000198753	PLXNB3	13.6	17161
ENSG00000198754	OXCT2	1.0	3282
ENSG00000198755	RPL10A	7.2	13747
ENSG00000198756	COLGALT2	2.3	6711
ENSG00000198758	EPS8L3	4.4	10330
ENSG00000198759	EGFL6	0.9	3235
ENSG00000198763	MT-ND2	5.8	12204
ENSG00000198765	SYCP1	9.6	15554
ENSG00000198768	APCDD1L	0.0	1
ENSG00000198771	RCSD1	4.6	10655
ENSG00000198774	RASSF9	1.2	4328
ENSG00000198780	FAM169A	0.0	1
ENSG00000198783	ZNF830	4.8	10931
ENSG00000198785	GRIN3A	10.2	15862
ENSG00000198786	MT-ND5	5.3	11597
ENSG00000198788	MUC2	5.5	11839
ENSG00000198791	CNOT7	17.3	17917
ENSG00000198792	TMEM184B	0.5	1903
ENSG00000198793	MTOR	62.8	19229
ENSG00000198794	SCAMP5	4.5	10501
ENSG00000198795	ZNF521	1.8	5759
ENSG00000198796	ALPK2	5.6	11982
ENSG00000198797	BRINP2	1.5	4687
ENSG00000198798	MAGEB3	0.5	1903
ENSG00000198799	LRIG2	1.0	3282
ENSG00000198804	MT-CO1	3.5	8994
ENSG00000198805	PNP	17.3	17917
ENSG00000198807	PAX9	3.6	9147
ENSG00000198812	LRRC10	1.0	3282
ENSG00000198814	GK	9.2	15304
ENSG00000198815	FOXJ3	6.2	12686
ENSG00000198816	ZNF358	3.0	8111
ENSG00000198818	SFT2D1	0.0	1
ENSG00000198821	CD247	14.5	17382
ENSG00000198822	GRM3	6.4	12917
ENSG00000198824	CHAMP1	5.2	11424
ENSG00000198825	INPP5F	10.9	16206
ENSG00000198826	ARHGAP11A	3.9	9571
ENSG00000198829	SUCNR1	3.6	9147
ENSG00000198830	HMGN2	3.1	8298
ENSG00000198832	SELENOM	0.5	1903
ENSG00000198833	UBE2J1	5.5	11839
ENSG00000198835	GJC2	2.6	7291
ENSG00000198836	OPA1	23.8	18568
ENSG00000198837	DENND4B	3.5	8994
ENSG00000198838	RYR3	8.5	14830
ENSG00000198839	ZNF277	0.0	1
ENSG00000198840	MT-ND3	4.5	10501
ENSG00000198841	KTI12	0.5	1903
ENSG00000198842	STYXL2	1.5	4687
ENSG00000198843	SELENOT	7.0	13559
ENSG00000198844	ARHGEF15	7.5	14017
ENSG00000198846	TOX	7.3	13831
ENSG00000198848	CES1	15.3	17571
ENSG00000198851	CD3E	21.0	18359
ENSG00000198853	RUSC2	0.8	3045
ENSG00000198854	KPLCE	0.6	2927
ENSG00000198855	FICD	12.2	16737
ENSG00000198856	OSTC	3.7	9268
ENSG00000198858	R3HDM4	0.0	1
ENSG00000198860	TSEN15	0.8	3045
ENSG00000198862	LTN1	7.4	13914
ENSG00000198863	RUNDC1	0.0	1
ENSG00000198865	CCDC152	0.0	1
ENSG00000198870	STKLD1	0.5	1903
ENSG00000198873	GRK5	11.2	16350
ENSG00000198874	TYW1	0.5	1903
ENSG00000198876	DCAF12	5.0	11192
ENSG00000198879	SFMBT2	3.1	8298
ENSG00000198881	ASB12	2.1	6380
ENSG00000198883	PNMA5	1.3	4364
ENSG00000198885	ITPRIPL1	1.6	5463
ENSG00000198886	MT-ND4	6.8	13329
ENSG00000198887	SMC5	10.6	16075
ENSG00000198888	MT-ND1	5.8	12204
ENSG00000198889	DCAF12L1	0.0	1
ENSG00000198890	PRMT6	16.0	17704
ENSG00000198892	SHISA4	0.0	1
ENSG00000198894	CIPC	1.5	4687
ENSG00000198898	CAPZA2	3.0	8111
ENSG00000198899	MT-ATP6	5.6	11982
ENSG00000198900	TOP1	20.7	18330
ENSG00000198901	PRC1	6.4	12917
ENSG00000198908	GPRASP3	3.0	8111
ENSG00000198909	MAP3K3	6.8	13329
ENSG00000198910	L1CAM	10.0	15759
ENSG00000198911	SREBF2	23.5	18543
ENSG00000198912	C1orf174	0.0	1
ENSG00000198914	POU3F3	10.9	16206
ENSG00000198915	RASGEF1A	3.4	8766
ENSG00000198917	SPOUT1	9.2	15304
ENSG00000198918	RPL39	12.5	16839
ENSG00000198919	DZIP3	6.5	13008
ENSG00000198920	KIAA0753	2.9	7932
ENSG00000198924	DCLRE1A	3.6	9147
ENSG00000198925	ATG9A	5.9	12348
ENSG00000198929	NOS1AP	11.4	16433
ENSG00000198931	APRT	5.0	11192
ENSG00000198932	GPRASP1	2.4	6954
ENSG00000198933	TBKBP1	1.2	4328
ENSG00000198934	MAGEE1	0.5	1903
ENSG00000198937	CCDC167	0.0	1
ENSG00000198938	MT-CO3	3.0	8111
ENSG00000198939	ZFP2	1.5	4687
ENSG00000198944	SOWAHA	0.0	1
ENSG00000198945	L3MBTL3	6.3	12794
ENSG00000198947	DMD	24.1	18588
ENSG00000198948	MFAP3L	0.0	1
ENSG00000198951	NAGA	5.6	11982
ENSG00000198952	SMG5	9.8	15662
ENSG00000198954	KIFBP	4.7	10753
ENSG00000198959	TGM2	24.4	18605
ENSG00000198960	ARMCX6	0.5	1903
ENSG00000198961	PJA2	11.9	16616
ENSG00000198963	RORB	11.6	16500
ENSG00000198964	SGMS1	9.5	15494
ENSG00000198965	OR10R2	1.5	4687
ENSG00000198967	OR10Z1	1.5	4687
ENSG00000203326	ZNF525	1.5	4687
ENSG00000203485	INF2	1.3	4364
ENSG00000203499	IQANK1	0.0	1
ENSG00000203523	TAS2R2	0.8	3045
ENSG00000203581	OR1F2P	1.0	3282
ENSG00000203618	GP1BB	7.4	13914
ENSG00000203661	OR2T5	1.0	3282
ENSG00000203663	OR2L2	1.0	3282
ENSG00000203664	OR2W5	1.0	3282
ENSG00000203666	DRC8	1.2	4328
ENSG00000203667	COX20	1.3	4364
ENSG00000203668	CHML	4.2	10017
ENSG00000203685	STUM	0.0	1
ENSG00000203697	CAPN8	1.0	3282
ENSG00000203705	TATDN3	1.6	5463
ENSG00000203710	CR1	23.4	18537
ENSG00000203722	RAET1G	5.4	11736
ENSG00000203724	C1orf53	0.0	1
ENSG00000203727	SAMD5	0.5	1903
ENSG00000203730	TEDDM1	0.0	1
ENSG00000203733	GJE1	1.0	3282
ENSG00000203734	ECT2L	0.0	1
ENSG00000203737	GPR52	5.9	12348
ENSG00000203740	NTMT2	2.1	6380
ENSG00000203747	FCGR3A	12.8	16920
ENSG00000203756	TMEM244	0.0	1
ENSG00000203757	OR6K3	1.5	4687
ENSG00000203760	CENPW	7.1	13639
ENSG00000203772	SPRN	1.0	3282
ENSG00000203778	FAM229B	0.0	1
ENSG00000203780	FANK1	2.4	6954
ENSG00000203782	LORICRIN	3.8	9432
ENSG00000203786	KPRP	0.0	1
ENSG00000203791	EEF1AKMT2	4.7	10753
ENSG00000203795	FAM24A	0.0	1
ENSG00000203797	DDO	6.0	12446
ENSG00000203805	PLPP4	7.2	13747
ENSG00000203814	H2BC18	3.0	8111
ENSG00000203837	PNLIPRP3	3.0	8111
ENSG00000203857	HSD3B1	9.9	15713
ENSG00000203859	HSD3B2	7.1	13639
ENSG00000203867	RBM20	9.2	15304
ENSG00000203870	SMIM9	0.0	1
ENSG00000203872	C6orf163	0.0	1
ENSG00000203877	RIPPLY2	2.0	6082
ENSG00000203879	GDI1	6.7	13235
ENSG00000203880	PCMTD2	0.5	1903
ENSG00000203883	SOX18	17.3	17917
ENSG00000203896	LIME1	1.0	3282
ENSG00000203907	OOEP	8.2	14610
ENSG00000203908	KHDC3L	8.8	15033
ENSG00000203909	DPPA5	1.0	3282
ENSG00000203910	C1orf146	2.0	6082
ENSG00000203933	CXorf66	0.0	1
ENSG00000203942	C10orf62	0.0	1
ENSG00000203943	SAMD13	0.0	1
ENSG00000203952	CCDC160	0.0	1
ENSG00000203963	C1orf141	0.0	1
ENSG00000203965	EFCAB7	2.0	6082
ENSG00000203970	DEFB110	2.0	6082
ENSG00000203972	GLYATL3	1.0	3282
ENSG00000203985	LDLRAD1	0.0	1
ENSG00000203989	RHOXF2B	3.3	8619
ENSG00000203995	ZYG11A	0.0	1
ENSG00000204001	LCN8	0.0	1
ENSG00000204006	C1orf185	0.0	1
ENSG00000204007	GLT6D1	0.5	1903
ENSG00000204010	IFIT1B	3.1	8298
ENSG00000204019	CT83	0.0	1
ENSG00000204020	LIPN	2.8	7695
ENSG00000204021	LIPK	2.8	7695
ENSG00000204022	LIPJ	1.0	3282
ENSG00000204033	LRIT2	0.0	1
ENSG00000204052	LRRC73	0.0	1
ENSG00000204053	MYCLP1	2.4	6954
ENSG00000204060	FOXO6	3.5	8994
ENSG00000204070	SYS1	1.5	4687
ENSG00000204084	INPP5B	6.1	12588
ENSG00000204086	RPA4	7.5	14017
ENSG00000204099	NEU4	5.6	11982
ENSG00000204103	MAFB	9.3	15379
ENSG00000204104	IFT54	8.3	14683
ENSG00000204113	BMP2KL	0.0	1
ENSG00000204116	CHIC1	0.0	1
ENSG00000204120	GIGYF2	10.3	15915
ENSG00000204128	C2orf72	0.0	1
ENSG00000204130	RUFY2	1.3	4364
ENSG00000204131	NHSL2	0.5	1903
ENSG00000204138	PHACTR4	7.5	14017
ENSG00000204140	CLPSL1	0.5	1903
ENSG00000204147	ASAH2B	0.0	1
ENSG00000204149	AGAP6	1.0	3282
ENSG00000204152	TIMM23B	1.0	3282
ENSG00000204160	ZDHHC18	5.0	11192
ENSG00000204161	TMEM273	0.0	1
ENSG00000204165	CXorf65	0.0	1
ENSG00000204172	AGAP9	1.0	3282
ENSG00000204173	LRRC37A5P	0.0	1
ENSG00000204174	NPY4R	4.8	10931
ENSG00000204175	GPRIN2	0.5	1903
ENSG00000204176	SYT15	2.5	7104
ENSG00000204178	MACO1	2.3	6711
ENSG00000204179	PTPN20	0.5	1903
ENSG00000204183	GDF5-AS1	0.0	1
ENSG00000204186	ZDBF2	0.5	1903
ENSG00000204193	TXNDC8	2.1	6380
ENSG00000204195	AWAT1	3.6	9147
ENSG00000204209	DAXX	29.8	18871
ENSG00000204217	BMPR2	43.5	19145
ENSG00000204219	TCEA3	1.0	3282
ENSG00000204220	PFDN6	8.1	14536
ENSG00000204227	RING1	4.9	11073
ENSG00000204231	RXRB	10.7	16120
ENSG00000204237	OXLD1	0.0	1
ENSG00000204246	OR13C3	1.0	3282
ENSG00000204248	COL11A2	10.2	15862
ENSG00000204252	HLA-DOA	5.5	11839
ENSG00000204256	BRD2	11.4	16433
ENSG00000204257	HLA-DMA	4.6	10655
ENSG00000204262	COL5A2	7.4	13914
ENSG00000204264	PSMB8	8.6	14895
ENSG00000204267	TAP2	16.1	17722
ENSG00000204271	SPIN3	1.3	4364
ENSG00000204278	TMEM235	0.0	1
ENSG00000204279	PAGE3	0.0	1
ENSG00000204287	HLA-DRA	15.3	17571
ENSG00000204290	BTNL2	1.5	4687
ENSG00000204291	COL15A1	2.7	7600
ENSG00000204296	TSBP1	0.0	1
ENSG00000204300	TMEM225	0.0	1
ENSG00000204301	NOTCH4	15.5	17610
ENSG00000204304	PBX2	7.7	14204
ENSG00000204305	AGER	47.0	19175
ENSG00000204308	RNF5	12.0	16648
ENSG00000204310	AGPAT1	7.9	14372
ENSG00000204311	PJVK	3.0	8111
ENSG00000204314	PRRT1	4.3	10201
ENSG00000204315	FKBPL	0.6	2927
ENSG00000204316	MRPL38	0.6	2927
ENSG00000204323	SMIM5	0.0	1
ENSG00000204334	ERICH2	0.0	1
ENSG00000204335	SP5	2.0	6082
ENSG00000204344	WHR1	5.3	11597
ENSG00000204345	CD300LD	1.0	3282
ENSG00000204347	BTBD17	1.0	3282
ENSG00000204348	DXO	7.6	14102
ENSG00000204351	SKIC2	5.9	12348
ENSG00000204356	NELFE	6.4	12917
ENSG00000204361	NXPE2	0.0	1
ENSG00000204366	ZBTB12	3.3	8619
ENSG00000204370	SDHD	6.5	13008
ENSG00000204371	EHMT2	12.6	16868
ENSG00000204381	LAYN	1.3	4364
ENSG00000204385	SLC44A4	13.2	17041
ENSG00000204386	NEU1	4.8	10931
ENSG00000204388	HSPA1B	35.4	19035
ENSG00000204389	HSPA1A	50.0	19192
ENSG00000204390	HSPA1L	6.9	13452
ENSG00000204392	LSM2	8.7	14962
ENSG00000204394	VARS1	3.6	9147
ENSG00000204396	VWA7	0.0	1
ENSG00000204397	CARD16	8.0	14457
ENSG00000204403	CASP12	2.0	6082
ENSG00000204406	MBD5	5.2	11424
ENSG00000204410	MSH5	1.6	5463
ENSG00000204414	CSHL1	4.1	9897
ENSG00000204420	MPIG6B	6.4	12917
ENSG00000204421	LY6G6C	0.8	3045
ENSG00000204424	LY6G6F	0.0	1
ENSG00000204427	ABHD16A	6.2	12686
ENSG00000204428	LY6G5C	0.8	3045
ENSG00000204434	POTEKP	2.0	6082
ENSG00000204435	CSNK2B	17.6	17959
ENSG00000204438	GPANK1	0.0	1
ENSG00000204439	C6orf47	0.0	1
ENSG00000204442	NALF1	2.6	7291
ENSG00000204444	APOM	12.9	16951
ENSG00000204449	TRIM49C	1.5	4687
ENSG00000204450	TRIM64	1.5	4687
ENSG00000204463	BAG6	29.4	18850
ENSG00000204469	PRRC2A	1.0	3282
ENSG00000204472	AIF1	24.3	18596
ENSG00000204475	NCR3	8.4	14752
ENSG00000204478	PRAMEF20	1.0	3282
ENSG00000204479	PRAMEF17	1.0	3282
ENSG00000204480	PRAMEF19	1.0	3282
ENSG00000204481	PRAMEF14	1.0	3282
ENSG00000204482	LST1	3.3	8619
ENSG00000204498	NFKBIL1	3.7	9268
ENSG00000204501	PRAMEF15	1.0	3282
ENSG00000204505	PRAMEF9	1.6	5463
ENSG00000204510	PRAMEF7	1.0	3282
ENSG00000204511	MCCD1	0.0	1
ENSG00000204514	ZNF814	1.0	3282
ENSG00000204516	MICB	6.6	13122
ENSG00000204518	AADACL4	0.0	1
ENSG00000204519	ZNF551	1.5	4687
ENSG00000204520	MICA	12.2	16737
ENSG00000204524	ZNF805	1.5	4687
ENSG00000204525	HLA-C	9.5	15494
ENSG00000204531	POU5F1	25.0	18634
ENSG00000204532	ZSCAN5C	1.5	4687
ENSG00000204536	CCHCR1	1.3	4364
ENSG00000204538	PSORS1C2	0.0	1
ENSG00000204539	CDSN	9.0	15175
ENSG00000204542	C6orf15	0.5	1903
ENSG00000204548	DEFB121	1.5	4687
ENSG00000204560	DHX16	9.6	15554
ENSG00000204564	C6orf136	0.0	1
ENSG00000204568	MRPS18B	2.8	7695
ENSG00000204569	PPP1R10	11.7	16536
ENSG00000204574	ABCF1	9.4	15426
ENSG00000204576	PRR3	2.0	6082
ENSG00000204577	LILRB3	6.7	13235
ENSG00000204580	DDR1	13.1	17014
ENSG00000204583	LRCOL1	0.0	1
ENSG00000204590	GNL1	3.7	9268
ENSG00000204592	HLA-E	32.1	18955
ENSG00000204595	DPRX	2.8	7695
ENSG00000204599	TRIM39	9.4	15426
ENSG00000204604	ZNF468	1.5	4687
ENSG00000204610	TRIM15	9.1	15239
ENSG00000204611	ZNF616	1.5	4687
ENSG00000204612	FOXB2	3.0	8111
ENSG00000204613	TRIM10	1.0	3282
ENSG00000204614	TRIM40	4.8	10931
ENSG00000204616	TRIM31	10.6	16075
ENSG00000204618	RNF39	4.2	10017
ENSG00000204619	PPP1R11	6.0	12446
ENSG00000204624	DISP3	4.1	9897
ENSG00000204628	RACK1	39.9	19109
ENSG00000204632	HLA-G	27.6	18772
ENSG00000204634	TBC1D8	3.1	8298
ENSG00000204640	NMS	0.0	1
ENSG00000204642	HLA-F	15.3	17571
ENSG00000204644	ZFP57	3.1	8298
ENSG00000204648	SSX9P	0.0	1
ENSG00000204653	ASPDH	0.0	1
ENSG00000204655	MOG	2.4	6954
ENSG00000204657	OR2H2	3.7	9268
ENSG00000204659	CBY3	0.5	1903
ENSG00000204661	SPATA31J1	0.0	1
ENSG00000204662	CST9LP1	0.5	1903
ENSG00000204671	IL31	1.0	3282
ENSG00000204673	AKT1S1	6.3	12794
ENSG00000204681	GABBR1	7.1	13639
ENSG00000204687	MAS1L	2.2	6585
ENSG00000204688	OR2H1	1.0	3282
ENSG00000204694	OR11A1	0.0	1
ENSG00000204695	OR14J1	1.0	3282
ENSG00000204700	OR2J2	1.0	3282
ENSG00000204701	OR2J3	1.0	3282
ENSG00000204702	OR2J1	1.0	3282
ENSG00000204703	OR2B3	1.0	3282
ENSG00000204704	OR2W1	1.0	3282
ENSG00000204710	SPDYC	1.3	4364
ENSG00000204711	CFAP95	0.5	1903
ENSG00000204713	TRIM27	20.0	18262
ENSG00000204740	MALRD1	0.0	1
ENSG00000204764	RANBP17	2.2	6585
ENSG00000204767	INSYN2B	0.0	1
ENSG00000204779	FOXD4L5	3.0	8111
ENSG00000204815	ODAD4	6.8	13329
ENSG00000204822	MRPL53	0.6	2927
ENSG00000204839	MROH6	0.0	1
ENSG00000204842	ATXN2	7.1	13639
ENSG00000204843	DCTN1	22.9	18499
ENSG00000204849	SPATA31A1	0.0	1
ENSG00000204851	PNMA8B	0.0	1
ENSG00000204852	TCTN1	2.1	6380
ENSG00000204856	FAM216A	0.0	1
ENSG00000204859	ZBTB48	7.9	14372
ENSG00000204866	IGFL2	1.3	4364
ENSG00000204869	IGFL4	0.5	1903
ENSG00000204872	NAT8B	8.5	14830
ENSG00000204880	KRTAP4-8	1.3	4364
ENSG00000204882	GPR20	1.8	5759
ENSG00000204889	KRT40	2.0	6082
ENSG00000204897	KRT25	5.7	12090
ENSG00000204899	MZT1	2.4	6954
ENSG00000204909	SPINK9	1.8	5759
ENSG00000204913	LRRC3C	0.5	1903
ENSG00000204918	PRR20B	0.0	1
ENSG00000204919	PRR20A	0.0	1
ENSG00000204920	ZNF155	0.6	2927
ENSG00000204922	UQCC3	5.0	11192
ENSG00000204923	FBXO48	1.0	3282
ENSG00000204928	GRXCR2	1.3	4364
ENSG00000204930	FAM221B	0.0	1
ENSG00000204936	CD177	13.2	17041
ENSG00000204941	PSG5	1.9	5985
ENSG00000204946	ZNF783	2.9	7932
ENSG00000204947	ZNF425	2.3	6711
ENSG00000204950	LRRC10B	0.0	1
ENSG00000204952	FBXO47	0.6	2927
ENSG00000204954	UQCC6	2.6	7291
ENSG00000204956	PCDHGA1	1.0	3282
ENSG00000204961	PCDHA9	1.0	3282
ENSG00000204962	PCDHA8	2.8	7695
ENSG00000204963	PCDHA7	4.8	10931
ENSG00000204965	PCDHA5	2.8	7695
ENSG00000204967	PCDHA4	3.8	9432
ENSG00000204969	PCDHA2	2.8	7695
ENSG00000204970	PCDHA1	2.8	7695
ENSG00000204977	TRIM13	13.6	17161
ENSG00000204978	ERICH4	0.0	1
ENSG00000204979	MS4A13	0.5	1903
ENSG00000204983	PRSS1	2.8	7695
ENSG00000204991	SPIRE2	8.7	14962
ENSG00000205002	AARD	0.0	1
ENSG00000205022	PABPN1L	1.0	3282
ENSG00000205029	OR5D16	2.0	6082
ENSG00000205030	OR5L2	2.0	6082
ENSG00000205038	PKHD1L1	1.2	4328
ENSG00000205045	SLFN12L	0.0	1
ENSG00000205060	SLC35B4	6.5	13008
ENSG00000205078	SYCE1L	0.0	1
ENSG00000205084	TMEM231	2.6	7291
ENSG00000205085	GARIN1A	0.5	1903
ENSG00000205089	CCNI2	1.0	3282
ENSG00000205090	TMEM240	0.0	1
ENSG00000205097	FRG2	0.0	1
ENSG00000205100	HSP90AA4P	0.0	1
ENSG00000205108	SPATA31F1	0.0	1
ENSG00000205111	CDKL4	0.5	1903
ENSG00000205116	TMEM278	0.5	1903
ENSG00000205126	ACCSL	1.0	3282
ENSG00000205129	CFAP96	0.0	1
ENSG00000205133	TRIQK	0.0	1
ENSG00000205138	SDHAF1	1.3	4364
ENSG00000205143	ARID3C	2.6	7291
ENSG00000205155	PSENEN	14.9	17482
ENSG00000205176	REXO1L1P	1.0	3282
ENSG00000205177	C11orf91	0.0	1
ENSG00000205186	FABP9	2.8	7695
ENSG00000205189	ZBTB10	3.8	9432
ENSG00000205208	C4orf46	0.0	1
ENSG00000205212	CCDC144NL	0.0	1
ENSG00000205213	LGR4	7.8	14288
ENSG00000205220	PSMB10	11.8	16572
ENSG00000205221	VIT	1.5	4687
ENSG00000205238	SPDYE2	0.5	1903
ENSG00000205250	E2F4	12.4	16811
ENSG00000205268	PDE7A	2.3	6711
ENSG00000205269	TMEM170B	1.3	4364
ENSG00000205277	MUC12	0.6	2927
ENSG00000205279	CTXN3	0.0	1
ENSG00000205301	MGAT4D	1.0	3282
ENSG00000205302	SNX2	9.3	15379
ENSG00000205307	SAP25	0.0	1
ENSG00000205309	NT5M	10.1	15809
ENSG00000205323	SARNP	2.4	6954
ENSG00000205327	OR6C68	0.5	1903
ENSG00000205328	OR6C65	0.5	1903
ENSG00000205329	OR6C3	1.7	5664
ENSG00000205330	OR6C1	0.5	1903
ENSG00000205336	ADGRG1	21.1	18366
ENSG00000205339	IPO7	6.9	13452
ENSG00000205352	PRR13	0.0	1
ENSG00000205356	TECPR1	5.8	12204
ENSG00000205358	MT1H	5.6	11982
ENSG00000205359	SLCO6A1	0.5	1903
ENSG00000205361	MT1DP	3.0	8111
ENSG00000205362	MT1A	5.6	11982
ENSG00000205363	INSYN1	1.0	3282
ENSG00000205364	MT1M	4.5	10501
ENSG00000205403	CFI	3.5	8994
ENSG00000205409	OR52E6	0.5	1903
ENSG00000205413	SAMD9	0.8	3045
ENSG00000205420	KRT6A	9.9	15713
ENSG00000205423	CNEP1R1	2.4	6954
ENSG00000205426	KRT81	1.5	4687
ENSG00000205436	EXOC3L4	1.5	4687
ENSG00000205442	IZUMO3	1.0	3282
ENSG00000205464	ATP6AP1L	0.0	1
ENSG00000205476	CCDC85C	0.5	1903
ENSG00000205482	SPDYE18	0.5	1903
ENSG00000205494	OR52A4P	0.5	1903
ENSG00000205495	OR52J3	0.5	1903
ENSG00000205496	OR51A2	0.5	1903
ENSG00000205497	OR51A4	0.5	1903
ENSG00000205502	C2CD4B	2.4	6954
ENSG00000205517	RGL3	1.0	3282
ENSG00000205531	NAP1L4	4.5	10501
ENSG00000205542	TMSB4X	12.9	16951
ENSG00000205544	TMEM256	0.0	1
ENSG00000205560	CPT1B	8.3	14683
ENSG00000205578	POM121B	2.0	6082
ENSG00000205581	HMGN1	2.8	7695
ENSG00000205583	STAG3L1	0.0	1
ENSG00000205592	MUC19	0.0	1
ENSG00000205593	DENND6B	2.2	6585
ENSG00000205609	EIF3CL	1.5	4687
ENSG00000205629	LCMT1	10.3	15915
ENSG00000205639	MFSD2B	5.9	12348
ENSG00000205642	VCX3B	0.5	1903
ENSG00000205643	CDPF1	0.0	1
ENSG00000205649	HTN3	9.6	15554
ENSG00000205659	LIN52	1.8	5759
ENSG00000205667	ARSH	1.4	4622
ENSG00000205669	ACOT6	1.5	4687
ENSG00000205670	SMIM11	0.0	1
ENSG00000205678	TECRL	1.5	4687
ENSG00000205683	DPF3	6.0	12446
ENSG00000205693	MANSC4	2.0	6082
ENSG00000205702	CYP2D7	4.4	10330
ENSG00000205707	ETFRF1	2.1	6380
ENSG00000205710	C17orf107	0.0	1
ENSG00000205726	ITSN1	6.9	13452
ENSG00000205730	ITPRIPL2	0.0	1
ENSG00000205744	DENND1C	2.3	6711
ENSG00000205754	SLCO1B7	1.5	4687
ENSG00000205755	CRLF2	8.4	14752
ENSG00000205758	CRYZL1	1.4	4622
ENSG00000205765	RIMOC1	0.8	3045
ENSG00000205777	GAGE1	0.0	1
ENSG00000205784	ARRDC5	1.0	3282
ENSG00000205808	PLPP6	12.4	16811
ENSG00000205809	KLRC2	10.9	16206
ENSG00000205810	KLRC3	4.4	10330
ENSG00000205832	C16orf96	0.0	1
ENSG00000205835	GMNC	1.5	4687
ENSG00000205838	TTC23L	0.6	2927
ENSG00000205846	CLEC6A	11.2	16350
ENSG00000205856	C22orf42	0.0	1
ENSG00000205858	LRRC72	0.0	1
ENSG00000205863	C1QTNF9B	0.0	1
ENSG00000205879	FAM90A2P	0.0	1
ENSG00000205883	DEFB135	1.5	4687
ENSG00000205884	DEFB136	5.5	11839
ENSG00000205899	BHLHA9	3.3	8619
ENSG00000205903	ZNF316	1.5	4687
ENSG00000205916	DAZ4	2.0	6082
ENSG00000205918	PDPK2P	1.5	4687
ENSG00000205922	ONECUT3	2.8	7695
ENSG00000205927	OLIG2	3.8	9432
ENSG00000205929	EPCIP	2.1	6380
ENSG00000205937	RNPS1	11.3	16392
ENSG00000205940	HSP90AB2P	3.0	8111
ENSG00000205944	DAZ2	3.8	9432
ENSG00000205946	USP17L6P	5.5	11839
ENSG00000205955	HSP90AA5P	0.0	1
ENSG00000205978	NYNRIN	1.5	4687
ENSG00000205981	DNAJC19	4.9	11073
ENSG00000205989	DEFB109C	0.0	1
ENSG00000206013	IFITM5	2.6	7291
ENSG00000206034	DEFB109B	2.0	6082
ENSG00000206043	C18orf63	0.0	1
ENSG00000206052	DOK6	0.5	1903
ENSG00000206053	JPT2	1.6	5463
ENSG00000206069	LHFPL7	0.0	1
ENSG00000206072	SERPINB11	0.5	1903
ENSG00000206073	SERPINB4	4.9	11073
ENSG00000206075	SERPINB5	0.5	1903
ENSG00000206077	ZDHHC11B	1.5	4687
ENSG00000206102	KRTAP19-8	0.0	1
ENSG00000206107	KRTAP27-1	0.0	1
ENSG00000206113	CFAP99	0.0	1
ENSG00000206120	EGFEM1P	0.0	1
ENSG00000206127	GOLGA8O	0.5	1903
ENSG00000206140	TMEM191C	0.0	1
ENSG00000206150	RNASE13	1.0	3282
ENSG00000206177	HBM	2.0	6082
ENSG00000206181	ELOA2	1.8	5759
ENSG00000206190	ATP10A	7.0	13559
ENSG00000206199	ANKUB1	0.0	1
ENSG00000206203	TSSK2	5.4	11736
ENSG00000206260	PRR23A	0.0	1
ENSG00000206341	HLA-H	4.9	11073
ENSG00000206384	COL6A6	1.1	4265
ENSG00000206418	RAB12	3.3	8619
ENSG00000206422	LRRC30	0.5	1903
ENSG00000206432	TMEM200C	0.0	1
ENSG00000206474	OR10C1	1.0	3282
ENSG00000206503	HLA-A	31.0	18913
ENSG00000206527	HACD2	8.5	14830
ENSG00000206530	CFAP44	3.4	8766
ENSG00000206531	CD200R1L	0.5	1903
ENSG00000206535	LNP1	0.0	1
ENSG00000206536	OR5K3	1.0	3282
ENSG00000206538	VGLL3	0.5	1903
ENSG00000206557	TRIM71	11.8	16572
ENSG00000206559	ZCWPW2	0.8	3045
ENSG00000206560	ANKRD28	1.6	5463
ENSG00000206561	COLQ	5.7	12090
ENSG00000206562	METTL6	4.0	9765
ENSG00000206579	XKR4	3.1	8298
ENSG00000211445	GPX3	6.2	12686
ENSG00000211448	DIO2	9.8	15662
ENSG00000211450	SELENOH	0.5	1903
ENSG00000211451	GNRHR2	1.5	4687
ENSG00000211452	DIO1	6.9	13452
ENSG00000211454	AKR7L	0.5	1903
ENSG00000211455	STK38L	6.3	12794
ENSG00000211456	SACM1L	6.6	13122
ENSG00000211460	TSN	3.6	9147
ENSG00000211584	SLC48A1	4.7	10753
ENSG00000211592	IGKC	4.2	10017
ENSG00000211598	IGKV4-1	1.7	5664
ENSG00000211599	IGKV5-2	1.7	5664
ENSG00000211611	IGKV6-21	0.5	1903
ENSG00000211623	IGKV2D-26	0.5	1903
ENSG00000211625	IGKV3D-20	0.5	1903
ENSG00000211626	IGKV6D-41	0.5	1903
ENSG00000211632	IGKV3D-11	0.5	1903
ENSG00000211633	IGKV1D-42	0.5	1903
ENSG00000211637	IGLV4-69	0.5	1903
ENSG00000211638	IGLV8-61	0.5	1903
ENSG00000211639	IGLV4-60	0.5	1903
ENSG00000211640	IGLV6-57	1.7	5664
ENSG00000211641	IGLV11-55	0.5	1903
ENSG00000211642	IGLV10-54	0.5	1903
ENSG00000211643	IGLV5-52	0.5	1903
ENSG00000211644	IGLV1-51	1.7	5664
ENSG00000211645	IGLV1-50	0.5	1903
ENSG00000211647	IGLV5-48	0.5	1903
ENSG00000211648	IGLV1-47	1.7	5664
ENSG00000211649	IGLV7-46	0.5	1903
ENSG00000211650	IGLV5-45	0.5	1903
ENSG00000211651	IGLV1-44	1.7	5664
ENSG00000211652	IGLV7-43	1.7	5664
ENSG00000211653	IGLV1-40	1.7	5664
ENSG00000211654	IGLV5-37	0.5	1903
ENSG00000211655	IGLV1-36	0.5	1903
ENSG00000211656	IGLV2-33	0.5	1903
ENSG00000211657	IGLV3-32	0.5	1903
ENSG00000211658	IGLV3-27	1.7	5664
ENSG00000211659	IGLV3-25	1.7	5664
ENSG00000211660	IGLV2-23	1.7	5664
ENSG00000211661	IGLV3-22	0.5	1903
ENSG00000211662	IGLV3-21	1.7	5664
ENSG00000211663	IGLV3-19	1.7	5664
ENSG00000211664	IGLV2-18	0.5	1903
ENSG00000211665	IGLV3-16	0.5	1903
ENSG00000211666	IGLV2-14	1.7	5664
ENSG00000211667	IGLV3-12	0.5	1903
ENSG00000211668	IGLV2-11	1.7	5664
ENSG00000211669	IGLV3-10	0.5	1903
ENSG00000211670	IGLV3-9	0.5	1903
ENSG00000211672	IGLV4-3	0.5	1903
ENSG00000211673	IGLV3-1	1.7	5664
ENSG00000211675	IGLC1	3.4	8766
ENSG00000211677	IGLC2	1.0	3282
ENSG00000211679	IGLC3	2.2	6585
ENSG00000211685	IGLC7	2.2	6585
ENSG00000211689	TRGC1	2.6	7291
ENSG00000211693	TRGV11	0.0	1
ENSG00000211694	TRGV10	0.0	1
ENSG00000211695	TRGV9	1.2	4328
ENSG00000211696	TRGV8	0.0	1
ENSG00000211697	TRGV5	0.0	1
ENSG00000211698	TRGV4	0.0	1
ENSG00000211699	TRGV3	1.8	5759
ENSG00000211701	TRGV1	0.0	1
ENSG00000211706	TRBV6-1	0.5	1903
ENSG00000211707	TRBV7-1	0.5	1903
ENSG00000211710	TRBV4-1	0.5	1903
ENSG00000211713	TRBV6-4	0.5	1903
ENSG00000211714	TRBV7-3	0.5	1903
ENSG00000211715	TRBV5-3	0.5	1903
ENSG00000211716	TRBV9	0.5	1903
ENSG00000211717	TRBV10-1	0.5	1903
ENSG00000211720	TRBV11-1	0.5	1903
ENSG00000211721	TRBV6-5	0.5	1903
ENSG00000211724	TRBV6-6	0.5	1903
ENSG00000211725	TRBV5-5	0.5	1903
ENSG00000211727	TRBV7-6	0.5	1903
ENSG00000211728	TRBV5-6	0.5	1903
ENSG00000211731	TRBV5-7	0.5	1903
ENSG00000211734	TRBV5-1	0.5	1903
ENSG00000211745	TRBV4-2	0.5	1903
ENSG00000211746	TRBV19	0.5	1903
ENSG00000211747	TRBV20-1	0.5	1903
ENSG00000211749	TRBV23-1	0.5	1903
ENSG00000211750	TRBV24-1	0.5	1903
ENSG00000211751	TRBC1	2.4	6954
ENSG00000211752	TRBV27	0.5	1903
ENSG00000211753	TRBV28	0.5	1903
ENSG00000211772	TRBC2	1.8	5759
ENSG00000211776	TRAV2	0.5	1903
ENSG00000211777	TRAV3	0.5	1903
ENSG00000211778	TRAV4	0.5	1903
ENSG00000211779	TRAV5	0.5	1903
ENSG00000211780	TRAV6	0.5	1903
ENSG00000211781	TRAV7	0.5	1903
ENSG00000211782	TRAV8-1	0.5	1903
ENSG00000211783	TRAV9-1	0.5	1903
ENSG00000211784	TRAV10	0.5	1903
ENSG00000211785	TRAV12-1	0.5	1903
ENSG00000211786	TRAV8-2	0.5	1903
ENSG00000211787	TRAV8-3	0.5	1903
ENSG00000211788	TRAV13-1	0.5	1903
ENSG00000211789	TRAV12-2	0.5	1903
ENSG00000211790	TRAV8-4	2.3	6711
ENSG00000211791	TRAV13-2	0.5	1903
ENSG00000211792	TRAV14DV4	0.5	1903
ENSG00000211793	TRAV9-2	0.5	1903
ENSG00000211794	TRAV12-3	0.5	1903
ENSG00000211795	TRAV8-6	0.5	1903
ENSG00000211796	TRAV16	0.5	1903
ENSG00000211797	TRAV17	0.5	1903
ENSG00000211798	TRAV18	0.5	1903
ENSG00000211799	TRAV19	1.7	5664
ENSG00000211800	TRAV20	0.5	1903
ENSG00000211801	TRAV21	0.5	1903
ENSG00000211802	TRAV22	0.0	1
ENSG00000211803	TRAV23DV6	0.5	1903
ENSG00000211804	TRDV1	0.5	1903
ENSG00000211805	TRAV24	0.5	1903
ENSG00000211806	TRAV25	0.5	1903
ENSG00000211807	TRAV26-1	0.5	1903
ENSG00000211809	TRAV27	2.1	6380
ENSG00000211810	TRAV29DV5	2.3	6711
ENSG00000211812	TRAV26-2	0.5	1903
ENSG00000211813	TRAV34	0.5	1903
ENSG00000211814	TRAV35	0.5	1903
ENSG00000211815	TRAV36DV7	0.5	1903
ENSG00000211816	TRAV38-1	0.5	1903
ENSG00000211817	TRAV38-2DV8	0.5	1903
ENSG00000211818	TRAV39	0.5	1903
ENSG00000211819	TRAV40	0.5	1903
ENSG00000211820	TRAV41	0.0	1
ENSG00000211821	TRDV2	0.0	1
ENSG00000211829	TRDC	1.8	5759
ENSG00000211890	IGHA2	7.4	13914
ENSG00000211891	IGHE	15.6	17629
ENSG00000211892	IGHG4	3.2	8468
ENSG00000211893	IGHG2	3.2	8468
ENSG00000211895	IGHA1	7.1	13639
ENSG00000211896	IGHG1	7.3	13831
ENSG00000211897	IGHG3	3.2	8468
ENSG00000211898	IGHD	5.2	11424
ENSG00000211899	IGHM	9.0	15175
ENSG00000211933	IGHV6-1	1.0	3282
ENSG00000211934	IGHV1-2	2.2	6585
ENSG00000211935	IGHV1-3	1.0	3282
ENSG00000211937	IGHV2-5	2.2	6585
ENSG00000211938	IGHV3-7	2.2	6585
ENSG00000211941	IGHV3-11	2.2	6585
ENSG00000211942	IGHV3-13	2.2	6585
ENSG00000211943	IGHV3-15	1.0	3282
ENSG00000211944	IGHV3-16	1.0	3282
ENSG00000211945	IGHV1-18	1.0	3282
ENSG00000211946	IGHV3-20	1.0	3282
ENSG00000211947	IGHV3-21	1.0	3282
ENSG00000211949	IGHV3-23	2.2	6585
ENSG00000211950	IGHV1-24	1.0	3282
ENSG00000211951	IGHV2-26	1.0	3282
ENSG00000211952	IGHV4-28	1.0	3282
ENSG00000211955	IGHV3-33	2.2	6585
ENSG00000211956	IGHV4-34	2.2	6585
ENSG00000211957	IGHV3-35	1.0	3282
ENSG00000211958	IGHV3-38	1.0	3282
ENSG00000211959	IGHV4-39	2.2	6585
ENSG00000211961	IGHV1-45	1.0	3282
ENSG00000211962	IGHV1-46	2.2	6585
ENSG00000211964	IGHV3-48	2.2	6585
ENSG00000211965	IGHV3-49	1.0	3282
ENSG00000211966	IGHV5-51	1.0	3282
ENSG00000211967	IGHV3-53	2.2	6585
ENSG00000211968	IGHV1-58	1.0	3282
ENSG00000211970	IGHV4-61	1.0	3282
ENSG00000211972	IGHV3-66	1.0	3282
ENSG00000211973	IGHV1-69	2.2	6585
ENSG00000211974	IGHV2-70D	1.0	3282
ENSG00000211976	IGHV3-73	1.0	3282
ENSG00000211979	IGHV7-81	1.0	3282
ENSG00000212122	TSSK1B	3.9	9571
ENSG00000212123	PRR22	0.0	1
ENSG00000212124	TAS2R19	1.6	5463
ENSG00000212126	TAS2R50	2.6	7291
ENSG00000212127	TAS2R14	5.3	11597
ENSG00000212128	TAS2R13	4.3	10201
ENSG00000212643	ZRSR2P1	1.0	3282
ENSG00000212657	KRTAP16-1	0.0	1
ENSG00000212658	KRTAP29-1	0.0	1
ENSG00000212710	CTAGE1	1.5	4687
ENSG00000212721	KRTAP4-11	0.5	1903
ENSG00000212722	KRTAP4-9	1.3	4364
ENSG00000212789	ST13P5	0.0	1
ENSG00000212864	RNF208	2.6	7291
ENSG00000212899	KRTAP3-3	0.0	1
ENSG00000212900	KRTAP3-2	0.0	1
ENSG00000212901	KRTAP3-1	0.0	1
ENSG00000212907	MT-ND4L	3.2	8468
ENSG00000212916	MAP10	6.0	12446
ENSG00000212935	KRTAP10-3	0.0	1
ENSG00000212938	KRTAP6-3	0.0	1
ENSG00000212993	POU5F1B	3.5	8994
ENSG00000213005	PTTG3P	1.0	3282
ENSG00000213015	ZNF580	7.6	14102
ENSG00000213020	ZNF611	1.5	4687
ENSG00000213022	KLK9	1.6	5463
ENSG00000213023	SYT3	4.9	11073
ENSG00000213024	NUP62	20.0	18262
ENSG00000213047	DENND1B	5.4	11736
ENSG00000213064	SFT2D2	0.0	1
ENSG00000213066	CEP43	5.6	11982
ENSG00000213071	LPAL2	0.0	1
ENSG00000213079	SCAF8	5.5	11839
ENSG00000213085	CFAP45	2.9	7932
ENSG00000213088	ACKR1	4.8	10931
ENSG00000213096	ZNF254	2.4	6954
ENSG00000213123	DYNLT2B	5.6	11982
ENSG00000213139	CRYGS	1.5	4687
ENSG00000213145	CRIP1	9.6	15554
ENSG00000213160	KLHL23	1.6	5463
ENSG00000213171	LINGO4	0.5	1903
ENSG00000213185	FAM24B	0.0	1
ENSG00000213186	TRIM59	2.3	6711
ENSG00000213190	MLLT11	6.3	12794
ENSG00000213199	ASIC3	6.1	12588
ENSG00000213203	GIMAP1	0.5	1903
ENSG00000213213	CCDC183	0.0	1
ENSG00000213215	OR2F1	1.6	5463
ENSG00000213218	CSH2	3.5	8994
ENSG00000213221	DNLZ	3.6	9147
ENSG00000213231	TCL1B	3.4	8766
ENSG00000213246	SUPT4H1	9.1	15239
ENSG00000213265	TSGA13	0.0	1
ENSG00000213281	NRAS	7.1	13639
ENSG00000213316	LTC4S	6.9	13452
ENSG00000213337	ANKRD39	0.0	1
ENSG00000213339	QTRT1	3.9	9571
ENSG00000213341	CHUK	22.7	18485
ENSG00000213347	MXD3	2.0	6082
ENSG00000213366	GSTM2	16.3	17761
ENSG00000213380	COG8	2.1	6380
ENSG00000213390	ARHGAP19	2.8	7695
ENSG00000213397	HAUS7	5.7	12090
ENSG00000213398	LCAT	15.4	17593
ENSG00000213401	MAGEA12	1.0	3282
ENSG00000213402	PTPRCAP	0.9	3235
ENSG00000213413	PVRIG	3.4	8766
ENSG00000213416	KRTAP4-12	0.5	1903
ENSG00000213420	GPC2	2.0	6082
ENSG00000213424	KRT222	0.0	1
ENSG00000213439	OR5AC1	1.0	3282
ENSG00000213445	SIPA1	6.7	13235
ENSG00000213462	ERV3-1	0.0	1
ENSG00000213463	SYNJ2BP	4.8	10931
ENSG00000213465	ARL2	9.2	15304
ENSG00000213471	TTLL13	3.8	9432
ENSG00000213512	GBP7	10.6	16075
ENSG00000213516	RBMXL1	1.0	3282
ENSG00000213523	SRA1	2.9	7932
ENSG00000213533	STIMATE	2.9	7932
ENSG00000213551	DNAJC9	4.5	10501
ENSG00000213553	RPLP0P6	1.5	4687
ENSG00000213563	C8orf82	0.0	1
ENSG00000213578	CPLX3	2.5	7104
ENSG00000213585	VDAC1	18.1	18029
ENSG00000213588	ZBTB9	2.3	6711
ENSG00000213593	TMX2	2.6	7291
ENSG00000213614	HEXA	7.7	14204
ENSG00000213619	NDUFS3	7.5	14017
ENSG00000213625	LEPROT	4.7	10753
ENSG00000213626	LBH	2.9	7932
ENSG00000213638	ADAT3	0.0	1
ENSG00000213639	PPP1CB	9.6	15554
ENSG00000213648	SULT1A4	6.6	13122
ENSG00000213654	GPSM3	0.5	1903
ENSG00000213658	LAT	15.4	17593
ENSG00000213672	NCKIPSD	2.2	6585
ENSG00000213676	ATF6B	14.1	17268
ENSG00000213689	TREX1	12.7	16895
ENSG00000213694	S1PR3	8.9	15105
ENSG00000213699	SLC35F6	1.6	5463
ENSG00000213714	FAM209B	0.0	1
ENSG00000213719	CLIC1	4.5	10501
ENSG00000213722	DDAH2	3.8	9432
ENSG00000213741	RPS29	7.0	13559
ENSG00000213759	UGT2B11	4.4	10330
ENSG00000213760	ATP6V1G2	1.1	4265
ENSG00000213762	ZNF134	2.5	7104
ENSG00000213780	GTF2H4	4.7	10753
ENSG00000213782	DDX47	3.4	8766
ENSG00000213793	ZNF888	1.5	4687
ENSG00000213799	ZNF845	1.0	3282
ENSG00000213809	KLRK1	8.6	14895
ENSG00000213822	CEACAM18	1.0	3282
ENSG00000213853	EMP2	24.0	18583
ENSG00000213859	KCTD11	1.3	4364
ENSG00000213886	UBD	12.7	16895
ENSG00000213889	PPM1N	1.5	4687
ENSG00000213892	CEACAM16	2.6	7291
ENSG00000213901	SLC23A3	0.8	3045
ENSG00000213903	LTB4R	7.8	14288
ENSG00000213906	LTB4R2	4.2	10017
ENSG00000213918	DNASE1	3.5	8994
ENSG00000213920	MDP1	0.5	1903
ENSG00000213921	LEUTX	2.0	6082
ENSG00000213923	CSNK1E	17.3	17917
ENSG00000213928	IRF9	7.6	14102
ENSG00000213930	GALT	7.7	14204
ENSG00000213931	HBE1	4.8	10931
ENSG00000213934	HBG1	5.3	11597
ENSG00000213937	CLDN9	3.8	9432
ENSG00000213949	ITGA1	8.1	14536
ENSG00000213965	NUDT19	5.3	11597
ENSG00000213967	ZNF726	1.5	4687
ENSG00000213973	ZNF99	1.0	3282
ENSG00000213977	TAX1BP3	2.9	7932
ENSG00000213983	AP1G2	1.6	5463
ENSG00000213988	ZNF90	2.7	7600
ENSG00000213995	NAXD	3.6	9147
ENSG00000213996	TM6SF2	2.6	7291
ENSG00000213999	MEF2B	9.0	15175
ENSG00000214013	GANC	1.6	5463
ENSG00000214021	TTLL3	7.4	13914
ENSG00000214022	REPIN1	4.3	10201
ENSG00000214026	MRPL23	4.3	10201
ENSG00000214029	ZNF891	1.5	4687
ENSG00000214042	IFNA7	8.4	14752
ENSG00000214046	SMIM7	0.0	1
ENSG00000214050	FBXO16	0.6	2927
ENSG00000214063	TSPAN4	2.4	6954
ENSG00000214078	CPNE1	20.9	18348
ENSG00000214087	ARL16	0.0	1
ENSG00000214097	SMCO1	0.0	1
ENSG00000214102	WEE2	3.0	8111
ENSG00000214107	MAGEB1	0.5	1903
ENSG00000214113	LYRM4	5.3	11597
ENSG00000214114	MYCBP	3.4	8766
ENSG00000214128	TMEM213	0.0	1
ENSG00000214140	PRCD	1.3	4364
ENSG00000214160	ALG3	4.7	10753
ENSG00000214189	ZNF788P	0.0	1
ENSG00000214193	MNMIP1	1.5	4687
ENSG00000214194	SMIM30	1.3	4364
ENSG00000214198	TTC41P	0.0	1
ENSG00000214212	C19orf38	0.0	1
ENSG00000214216	IQCJ	0.0	1
ENSG00000214237	MINDY4B	0.5	1903
ENSG00000214253	FIS1	11.6	16500
ENSG00000214262	ANKRD36BP1	0.0	1
ENSG00000214274	ANG	39.2	19095
ENSG00000214279	SCART1	1.6	5463
ENSG00000214285	NPS	4.7	10753
ENSG00000214289	RPL39P5	1.0	3282
ENSG00000214290	POU2AF3	1.6	5463
ENSG00000214300	SPDYE3	0.5	1903
ENSG00000214309	MBLAC1	4.0	9765
ENSG00000214324	PRR23E	0.0	1
ENSG00000214336	FOXI3	7.1	13639
ENSG00000214338	MTCL3	0.0	1
ENSG00000214357	NEURL1B	2.0	6082
ENSG00000214360	EFCAB9	5.8	12204
ENSG00000214367	HAUS3	4.4	10330
ENSG00000214376	VSTM5	3.0	8111
ENSG00000214402	LCNL1	0.0	1
ENSG00000214413	BBIP1	1.9	5985
ENSG00000214414	TRIM77	1.5	4687
ENSG00000214415	GNAT3	3.5	8994
ENSG00000214435	AS3MT	7.0	13559
ENSG00000214447	FAM187A	0.0	1
ENSG00000214456	PLIN5	6.5	13008
ENSG00000214491	SEC14L6	0.0	1
ENSG00000214510	SPINK13	0.5	1903
ENSG00000214511	HIGD1C	0.5	1903
ENSG00000214513	NOTO	4.3	10201
ENSG00000214517	PPME1	6.8	13329
ENSG00000214530	STARD10	2.7	7600
ENSG00000214534	ZNF705EP	1.5	4687
ENSG00000214558	ZC3H11C	1.0	3282
ENSG00000214562	NUTM2D	0.0	1
ENSG00000214575	CPEB1	7.2	13747
ENSG00000214595	EML6	0.5	1903
ENSG00000214642	DEFB113	0.0	1
ENSG00000214643	DEFB133	2.0	6082
ENSG00000214652	ZNF727	1.5	4687
ENSG00000214654	B3GALT9	0.5	1903
ENSG00000214655	ZSWIM8	4.8	10931
ENSG00000214681	IQCF5	0.5	1903
ENSG00000214686	IQCF6	0.5	1903
ENSG00000214688	C10orf105	0.0	1
ENSG00000214694	ARHGEF33	0.0	1
ENSG00000214700	C12orf71	0.0	1
ENSG00000214706	IFRD2	2.4	6954
ENSG00000214711	CAPN14	1.0	3282
ENSG00000214717	ZBED1	13.1	17014
ENSG00000214736	TOMM6	0.6	2927
ENSG00000214753	HNRNPUL2	1.5	4687
ENSG00000214756	CSKMT	7.1	13639
ENSG00000214782	MS4A18	0.5	1903
ENSG00000214814	FER1L6	2.0	6082
ENSG00000214819	CDRT15L2	0.0	1
ENSG00000214826	DDX12P	1.0	3282
ENSG00000214827	MTCP1	3.4	8766
ENSG00000214842	RAD51AP2	0.0	1
ENSG00000214860	EVPLL	0.0	1
ENSG00000214866	DCDC2C	0.0	1
ENSG00000214872	SMTNL1	1.0	3282
ENSG00000214881	TMEM14DP	0.5	1903
ENSG00000214891	TRIM64C	1.5	4687
ENSG00000214897	PNMA6E	0.0	1
ENSG00000214929	SPATA31D1	0.0	1
ENSG00000214940	NPIPA8	0.0	1
ENSG00000214941	ZSWIM7	2.7	7600
ENSG00000214943	GPR33	3.0	8111
ENSG00000214944	ARHGEF28	5.0	11192
ENSG00000214946	TBC1D26	0.5	1903
ENSG00000214954	LRRC69	0.5	1903
ENSG00000214960	CRPPA	4.2	10017
ENSG00000214967	NPIPA7	0.0	1
ENSG00000214978	GSG1L2	0.0	1
ENSG00000215009	ACSM4	3.0	8111
ENSG00000215018	COL28A1	2.1	6380
ENSG00000215021	PHB2	19.7	18240
ENSG00000215029	TCP11X2	0.5	1903
ENSG00000215041	NEURL4	2.9	7932
ENSG00000215045	GRID2IP	0.0	1
ENSG00000215114	UBXN2B	6.2	12686
ENSG00000215126	ZNG1F	1.5	4687
ENSG00000215127	SYT14P1	2.1	6380
ENSG00000215131	C16orf90	0.0	1
ENSG00000215148	PRSS41	1.0	3282
ENSG00000215162	LINC00269	0.0	1
ENSG00000215182	MUC5AC	1.4	4622
ENSG00000215183	MSMP	2.4	6954
ENSG00000215186	GOLGA6B	0.5	1903
ENSG00000215187	CIMIP2B	0.0	1
ENSG00000215193	PEX26	6.4	12917
ENSG00000215203	GRXCR1	2.5	7104
ENSG00000215217	CFAP90	0.5	1903
ENSG00000215251	FASTKD5	3.6	9147
ENSG00000215252	GOLGA8B	0.5	1903
ENSG00000215262	KCNU1	3.9	9571
ENSG00000215269	GAGE12G	0.0	1
ENSG00000215274	GAGE10	0.0	1
ENSG00000215277	RNF212B	3.0	8111
ENSG00000215296	TMCO5B	0.0	1
ENSG00000215301	DDX3X	57.7	19219
ENSG00000215305	VPS16	5.9	12348
ENSG00000215343	ZNF705D	1.5	4687
ENSG00000215354	FAM90A24	0.0	1
ENSG00000215356	ZNF705B	1.5	4687
ENSG00000215372	ZNF705G	1.5	4687
ENSG00000215373	FAM90A5	0.0	1
ENSG00000215375	MYL5	2.3	6711
ENSG00000215397	SCRT2	4.3	10201
ENSG00000215421	ZNF407	1.5	4687
ENSG00000215440	NPEPL1	1.0	3282
ENSG00000215454	KRTAP10-4	0.0	1
ENSG00000215455	KRTAP10-1	0.0	1
ENSG00000215474	SKOR2	5.5	11839
ENSG00000215475	SIAH3	3.1	8298
ENSG00000215529	EFCAB8	0.0	1
ENSG00000215547	DEFB115	1.5	4687
ENSG00000215568	GAB4	1.0	3282
ENSG00000215580	BCORP1	0.0	1
ENSG00000215595	C20orf202	0.0	1
ENSG00000215612	HMX1	4.9	11073
ENSG00000215644	GCGR	13.0	16985
ENSG00000215704	CELA2B	2.9	7932
ENSG00000215712	TMEM242	0.8	3045
ENSG00000215717	TMEM167B	0.8	3045
ENSG00000215784	RUMY4	0.0	1
ENSG00000215788	TNFRSF25	6.3	12794
ENSG00000215790	SLC35E2A	1.0	3282
ENSG00000215811	BTNL10P	1.5	4687
ENSG00000215817	ZC3H11B	1.0	3282
ENSG00000215845	TSTD1	1.8	5759
ENSG00000215846	MPTX1	0.0	1
ENSG00000215853	RPTN	0.0	1
ENSG00000215859	PDZK1P1	1.5	4687
ENSG00000215864	NBPF7P	0.0	1
ENSG00000215883	CYB5RL	2.3	6711
ENSG00000215906	LACTBL1	0.0	1
ENSG00000215910	C1orf167	0.0	1
ENSG00000215912	TTC34	0.0	1
ENSG00000215915	ATAD3C	0.5	1903
ENSG00000216490	IFI30	3.5	8994
ENSG00000216671	CCNYL3	1.0	3282
ENSG00000216921	FAM240C	0.0	1
ENSG00000216937	CCDC7	0.0	1
ENSG00000217128	FNIP1	12.1	16689
ENSG00000217236	SP9	2.8	7695
ENSG00000217442	SYCE3	4.3	10201
ENSG00000217555	CKLF	4.0	9765
ENSG00000217930	PAM16	3.5	8994
ENSG00000218305	CDC14C	3.0	8111
ENSG00000218336	TENM3	5.3	11597
ENSG00000218739	CEBPZOS	0.0	1
ENSG00000218819	TDRD15	0.0	1
ENSG00000218823	PAPOLB	0.5	1903
ENSG00000218891	ZNF579	2.9	7932
ENSG00000219073	CELA3B	4.3	10201
ENSG00000219186	FTH1P19	1.0	3282
ENSG00000219200	RNASEK	8.1	14536
ENSG00000219435	CATSPERZ	4.8	10931
ENSG00000219438	TAFA5	5.5	11839
ENSG00000219481	NBPF1	0.0	1
ENSG00000219491	TPT1P8	0.5	1903
ENSG00000219545	UMAD1	0.0	1
ENSG00000219607	PPP1R3G	1.5	4687
ENSG00000219626	FAM228B	0.0	1
ENSG00000220008	LINGO3	0.5	1903
ENSG00000220201	ZGLP1	4.0	9765
ENSG00000220205	VAMP2	20.8	18340
ENSG00000220323	H2BC19P	3.0	8111
ENSG00000220721	OR1F12P	1.0	3282
ENSG00000220948	TRIM51G	1.5	4687
ENSG00000221813	OR6B1	1.0	3282
ENSG00000221818	EBF2	2.5	7104
ENSG00000221821	PEX39	0.0	1
ENSG00000221823	PPP3R1	8.3	14683
ENSG00000221826	PSG3	1.8	5759
ENSG00000221829	FANCG	3.7	9268
ENSG00000221836	OR2A5	1.0	3282
ENSG00000221837	KRTAP10-9	0.0	1
ENSG00000221838	AP4M1	10.5	16025
ENSG00000221840	OR4A5	0.5	1903
ENSG00000221843	SPATA31H1	0.0	1
ENSG00000221855	TAS2R41	1.6	5463
ENSG00000221858	OR2A12	1.0	3282
ENSG00000221864	KRTAP12-2	0.0	1
ENSG00000221866	PLXNA4	5.6	11982
ENSG00000221867	MAGEA3	4.2	10017
ENSG00000221869	CEBPD	5.4	11736
ENSG00000221878	PSG7	0.9	3235
ENSG00000221882	OR3A2	3.7	9268
ENSG00000221886	ZBED8	0.0	1
ENSG00000221887	HMSD	0.8	3045
ENSG00000221888	OR1C1	2.2	6585
ENSG00000221890	NPTXR	0.0	1
ENSG00000221909	ZBED8L	0.0	1
ENSG00000221910	OR2F2	1.0	3282
ENSG00000221914	PPP2R2A	4.8	10931
ENSG00000221923	ZNF880	1.5	4687
ENSG00000221926	TRIM16	7.2	13747
ENSG00000221930	DENND10P1	2.0	6082
ENSG00000221931	OR6X1	0.5	1903
ENSG00000221933	OR2A25	1.5	4687
ENSG00000221937	TAS2R40	2.6	7291
ENSG00000221938	OR2A14	1.0	3282
ENSG00000221944	TIGD1	0.5	1903
ENSG00000221946	FXYD7	4.2	10017
ENSG00000221947	XKR9	1.6	5463
ENSG00000221954	OR4C12	1.5	4687
ENSG00000221955	SLC12A8	3.0	8111
ENSG00000221957	KIR2DS4	2.3	6711
ENSG00000221963	APOL6	0.5	1903
ENSG00000221968	FADS3	1.6	5463
ENSG00000221977	OR4E2	1.5	4687
ENSG00000221978	CCNL2	4.7	10753
ENSG00000221983	UBA52	9.1	15239
ENSG00000221986	MYBPHL	0.0	1
ENSG00000221988	PPT2	5.3	11597
ENSG00000221989	OR2A2	1.0	3282
ENSG00000221994	ZNF630	1.5	4687
ENSG00000221996	OR52B4	1.3	4364
ENSG00000222009	BTBD19	0.0	1
ENSG00000222011	FAM185A	0.0	1
ENSG00000222014	RAB6C	7.1	13639
ENSG00000222018	C21orf140	0.0	1
ENSG00000222028	PSMB11	5.0	11192
ENSG00000222036	POTEM	0.0	1
ENSG00000222037	IGLC6	2.2	6585
ENSG00000222038	POTEJ	2.0	6082
ENSG00000222046	DCDC2B	0.0	1
ENSG00000223350	IGLV9-49	0.5	1903
ENSG00000223443	USP17L2	17.8	17987
ENSG00000223496	EXOSC6	6.7	13235
ENSG00000223501	VPS52	6.1	12588
ENSG00000223510	CDRT15	0.0	1
ENSG00000223519	KIF28P	3.0	8111
ENSG00000223547	ZNF844	1.5	4687
ENSG00000223569	USP17L15	1.5	4687
ENSG00000223591	CENPVL1	0.0	1
ENSG00000223609	HBD	3.9	9571
ENSG00000223611	SUPT20HL2	1.0	3282
ENSG00000223614	ZNF735	1.5	4687
ENSG00000223638	RFPL4A	1.5	4687
ENSG00000223648	IGHV3-64	1.0	3282
ENSG00000223658	C1GALT1C1L	0.0	1
ENSG00000223705	NSUN5P1	0.0	1
ENSG00000223731	SUPT20HL1	1.0	3282
ENSG00000223802	CERS1	10.2	15862
ENSG00000223865	HLA-DPB1	8.6	14895
ENSG00000223885	FAM90A13	0.0	1
ENSG00000223953	C1QTNF5	0.8	3045
ENSG00000224041	IGKV3D-15	0.5	1903
ENSG00000224051	CPTP	10.2	15862
ENSG00000224109	CENPVL3	0.0	1
ENSG00000224287	MSL3B	0.0	1
ENSG00000224373	IGHV4-59	2.2	6585
ENSG00000224383	PRR29	0.0	1
ENSG00000224411	HSP90AA2P	3.0	8111
ENSG00000224420	ADM5	3.0	8111
ENSG00000224440	CXorf51A	0.0	1
ENSG00000224470	ATXN1L	3.5	8994
ENSG00000224531	SMIM13	0.0	1
ENSG00000224543	SNRPGP15	1.0	3282
ENSG00000224578	HNRNPA1L3	1.0	3282
ENSG00000224586	GPX5	3.4	8766
ENSG00000224650	IGHV3-74	1.0	3282
ENSG00000224659	GAGE12J	0.0	1
ENSG00000224712	NPIPA3	0.0	1
ENSG00000224807	DUX4L9	4.7	10753
ENSG00000224831	TMEM183BP	0.0	1
ENSG00000224877	NDUFAF8	1.3	4364
ENSG00000224902	GAGE12H	0.0	1
ENSG00000224940	PRRT4	0.0	1
ENSG00000224960	PPP4R3C	1.5	4687
ENSG00000224982	TMEM233	0.0	1
ENSG00000225110	PNMA6F	0.0	1
ENSG00000225180	PVALEF	0.5	1903
ENSG00000225190	PLEKHM1	3.9	9571
ENSG00000225217	HSPA7	2.0	6082
ENSG00000225327	USP17L3	1.5	4687
ENSG00000225523	IGKV6D-21	0.5	1903
ENSG00000225526	MKRN2OS	0.0	1
ENSG00000225528	TMA7B	0.0	1
ENSG00000225556	C2CD4D	0.0	1
ENSG00000225614	ZNF469	2.2	6585
ENSG00000225697	SLC26A6	30.9	18910
ENSG00000225698	IGHV3-72	1.0	3282
ENSG00000225766	DHRS4L1	1.0	3282
ENSG00000225781	OR6V1	0.5	1903
ENSG00000225805	DEFB131B	0.0	1
ENSG00000225828	FAM229A	0.0	1
ENSG00000225830	ERCC6	29.8	18871
ENSG00000225899	FRG2B	0.0	1
ENSG00000225921	NOL7	2.1	6380
ENSG00000225950	NTF4	7.0	13559
ENSG00000225968	ELFN1	1.5	4687
ENSG00000225997	OR4A8	0.5	1903
ENSG00000226085	UQCRFS1P1	1.0	3282
ENSG00000226098	SEC11B	1.0	3282
ENSG00000226124	FTCDNL1	0.5	1903
ENSG00000226288	OR52I2	0.5	1903
ENSG00000226306	NPY6RP	0.5	1903
ENSG00000226321	CROCC2	0.0	1
ENSG00000226372	DCAF8L1	0.0	1
ENSG00000226430	USP17L7	1.5	4687
ENSG00000226479	TMEM185B	0.0	1
ENSG00000226650	KIF4B	3.1	8298
ENSG00000226660	TRBV2	0.5	1903
ENSG00000226742	HSBP1L1	0.5	1903
ENSG00000226761	TAS2R46	2.6	7291
ENSG00000226763	SRRM5	0.0	1
ENSG00000226784	PGAM4	3.4	8766
ENSG00000226807	MROH5	0.0	1
ENSG00000226887	ERVMER34-1	0.0	1
ENSG00000226979	LTA	8.5	14830
ENSG00000227057	WDR46	2.4	6954
ENSG00000227059	ANHX	1.5	4687
ENSG00000227124	ZNF717	1.0	3282
ENSG00000227140	USP17L5	1.5	4687
ENSG00000227151	PRR20D	0.8	3045
ENSG00000227152	OR2T7	1.0	3282
ENSG00000227191	TRGC2	2.4	6954
ENSG00000227345	PARG	5.4	11736
ENSG00000227357	HLA-DRB4	3.0	8111
ENSG00000227471	AKR1B15	3.9	9571
ENSG00000227500	SCAMP4	0.5	1903
ENSG00000227507	LTB	7.6	14102
ENSG00000227551	USP17L12	1.5	4687
ENSG00000227717	GOLGA6L25	0.0	1
ENSG00000227729	RD3L	0.0	1
ENSG00000227802	DNAJB3P	0.0	1
ENSG00000227868	TEX46	0.5	1903
ENSG00000227942	FRMD8P1	0.5	1903
ENSG00000228049	POLR2J2	1.0	3282
ENSG00000228075	BOD1L2	0.0	1
ENSG00000228083	IFNA14	6.6	13122
ENSG00000228198	OR2M3	1.0	3282
ENSG00000228224	NACA4P	1.0	3282
ENSG00000228253	MT-ATP8	3.2	8468
ENSG00000228278	ORM2	3.3	8619
ENSG00000228300	FAM174C	0.0	1
ENSG00000228325	IGKV3D-7	0.5	1903
ENSG00000228336	OR9H1	0.0	1
ENSG00000228474	OST4	2.2	6585
ENSG00000228567	VN1R4	0.5	1903
ENSG00000228570	NUTM2E	0.0	1
ENSG00000228594	FNDC10	0.0	1
ENSG00000228607	CLDN25	0.0	1
ENSG00000228623	ZNF883	1.5	4687
ENSG00000228672	PROB1	0.0	1
ENSG00000228695	CES1P1	3.3	8619
ENSG00000228696	ARL17B	0.0	1
ENSG00000228716	DHFR	16.0	17704
ENSG00000228727	SAPCD1	0.0	1
ENSG00000228789	HCG22	0.0	1
ENSG00000228836	CT45A5	0.0	1
ENSG00000228927	TSPY3	1.0	3282
ENSG00000228970	UBTFL6	2.0	6082
ENSG00000229089	ANKRD20A8P	0.0	1
ENSG00000229183	PGA4	1.0	3282
ENSG00000229292	RFPL4AL1	1.5	4687
ENSG00000229314	ORM1	5.8	12204
ENSG00000229453	SPINK8	0.0	1
ENSG00000229474	PATL2	2.5	7104
ENSG00000229544	NKX1-2	2.5	7104
ENSG00000229549	TSPY8	1.0	3282
ENSG00000229571	PRAMEF25	1.0	3282
ENSG00000229665	PRR20C	0.0	1
ENSG00000229674	H2AL3	1.0	3282
ENSG00000229676	ZNF492	1.5	4687
ENSG00000229769	TRBV10-2	0.5	1903
ENSG00000229809	ZNF688	2.1	6380
ENSG00000229833	PET100	1.0	3282
ENSG00000229859	PGA3	1.0	3282
ENSG00000229894	GK3	2.6	7291
ENSG00000229924	FAM90A26	0.0	1
ENSG00000229937	PRPS1L1	3.6	9147
ENSG00000229972	IQCF3	0.5	1903
ENSG00000230031	POTEB2	0.0	1
ENSG00000230045	FAM90A15	0.0	1
ENSG00000230062	ANKRD66	0.0	1
ENSG00000230099	TRBV5-4	0.5	1903
ENSG00000230124	ACBD6	2.1	6380
ENSG00000230246	SPATA31C1	0.0	1
ENSG00000230268	SSU72L6	1.0	3282
ENSG00000230301	OR5H6	1.0	3282
ENSG00000230358	SPDYE21	0.5	1903
ENSG00000230453	ANKRD18B	0.0	1
ENSG00000230549	USP17L1	1.5	4687
ENSG00000230561	CCDC192	0.0	1
ENSG00000230657	PRB4	0.0	1
ENSG00000230667	SETSIP	3.4	8766
ENSG00000230707	HAPSTR2	1.6	5463
ENSG00000230778	ANKRD63	0.0	1
ENSG00000230797	YY2	6.3	12794
ENSG00000230873	STMND1	2.0	6082
ENSG00000230989	HSBP1	3.9	9571
ENSG00000231192	OR5H1	1.0	3282
ENSG00000231205	ZNF826P	0.6	2927
ENSG00000231213	PLSCR5	1.0	3282
ENSG00000231256	CFAP97D1	1.0	3282
ENSG00000231274	SBK3	0.5	1903
ENSG00000231389	HLA-DPA1	9.0	15175
ENSG00000231396	USP17L10	1.5	4687
ENSG00000231475	IGHV4-31	1.0	3282
ENSG00000231500	RPS18	4.9	11073
ENSG00000231738	TSPAN19	0.0	1
ENSG00000231852	CYP21A2	12.5	16839
ENSG00000231861	OR5K2	1.0	3282
ENSG00000231924	PSG1	0.9	3235
ENSG00000231925	TAPBP	16.7	17821
ENSG00000231989	PPP1R2B	1.0	3282
ENSG00000231991	ANXA2P2	2.0	6082
ENSG00000232030	MAGEB6B	0.5	1903
ENSG00000232040	SCAND3	1.6	5463
ENSG00000232070	TMEM253	0.0	1
ENSG00000232112	TMA7	0.0	1
ENSG00000232113	TEX50	0.0	1
ENSG00000232119	MCTS1	6.9	13452
ENSG00000232125	DYTN	0.5	1903
ENSG00000232150	ST13P4	0.0	1
ENSG00000232216	IGHV3-43	1.0	3282
ENSG00000232237	ASCL5	2.0	6082
ENSG00000232258	TMEM114	0.0	1
ENSG00000232263	KRTAP25-1	0.0	1
ENSG00000232268	OR52I1	0.5	1903
ENSG00000232382	OR5K1	1.0	3282
ENSG00000232388	SMIM26	1.6	5463
ENSG00000232399	USP17L13	1.5	4687
ENSG00000232423	PRAMEF6	2.6	7291
ENSG00000232434	AJM1	0.5	1903
ENSG00000232535	OR5H8	1.0	3282
ENSG00000232560	LINC01549	0.0	1
ENSG00000232629	HLA-DQB2	4.2	10017
ENSG00000232653	GOLGA8N	0.5	1903
ENSG00000232810	TNF	100.2	19263
ENSG00000232838	PET117	0.5	1903
ENSG00000232859	LYRM9	0.0	1
ENSG00000232869	TRBV29-1	0.5	1903
ENSG00000232872	CTAGE3P	0.0	1
ENSG00000232948	DEFB130A	4.4	10330
ENSG00000233024	NPIPA9	0.0	1
ENSG00000233050	DEFB130B	2.0	6082
ENSG00000233087	RAB6D	3.0	8111
ENSG00000233111	RAB1C	1.5	4687
ENSG00000233115	FAM90A11	0.0	1
ENSG00000233132	FAM90A3	0.0	1
ENSG00000233136	USP17L11	1.5	4687
ENSG00000233198	RNF224	0.0	1
ENSG00000233232	NPIPB7	0.0	1
ENSG00000233276	GPX1	19.3	18188
ENSG00000233295	FAM90A20	0.0	1
ENSG00000233306	TRGV2	0.0	1
ENSG00000233412	OR5H15	1.0	3282
ENSG00000233436	BTBD18	3.5	8994
ENSG00000233493	TMEM238	0.0	1
ENSG00000233608	TWIST2	4.1	9897
ENSG00000233670	PIRT	1.5	4687
ENSG00000233701	PRR23C	0.0	1
ENSG00000233757	ZNF892	1.5	4687
ENSG00000233803	TSPY4	1.0	3282
ENSG00000233816	IFNA13	0.0	1
ENSG00000233822	H2BC15	4.2	10017
ENSG00000233838	DPH3P1	1.0	3282
ENSG00000233917	POTEB	0.0	1
ENSG00000233927	RPS28	10.7	16120
ENSG00000233932	CTXN2	0.0	1
ENSG00000233954	UQCRHL	0.5	1903
ENSG00000234068	PAGE2	0.0	1
ENSG00000234127	TRIM26	6.6	13122
ENSG00000234186	C16orf82	0.0	1
ENSG00000234224	TMEM229A	0.0	1
ENSG00000234278	PRR20E	0.0	1
ENSG00000234284	ZNF879	1.5	4687
ENSG00000234289	H2BC12L	6.7	13235
ENSG00000234409	CCDC188	0.0	1
ENSG00000234414	RBMY1A1	2.6	7291
ENSG00000234438	KBTBD13	3.2	8468
ENSG00000234444	ZNF736	1.5	4687
ENSG00000234465	PINLYP	0.0	1
ENSG00000234469	CLDN34	0.0	1
ENSG00000234515	PPP1R2P1	1.0	3282
ENSG00000234545	FAM133B	0.5	1903
ENSG00000234560	OR10G8	1.0	3282
ENSG00000234602	MCIDAS	9.6	15554
ENSG00000234616	JRK	1.3	4364
ENSG00000234719	NPIPB2	0.0	1
ENSG00000234745	HLA-B	16.8	17833
ENSG00000234769	WASH4P	5.2	11424
ENSG00000234776	FREY1	3.0	8111
ENSG00000234828	IQCM	0.0	1
ENSG00000234829	IFNA17	7.5	14017
ENSG00000234906	APOC2	23.1	18512
ENSG00000234965	SHISA8	0.5	1903
ENSG00000235034	C19orf81	0.0	1
ENSG00000235098	ANKRD65	0.0	1
ENSG00000235109	ZSCAN31	2.3	6711
ENSG00000235118	FAM237A	0.0	1
ENSG00000235156	CDC50CP	0.0	1
ENSG00000235162	C12orf75	0.0	1
ENSG00000235169	SMIM1	1.3	4364
ENSG00000235173	HGH1	0.0	1
ENSG00000235194	PPP1R3E	2.5	7104
ENSG00000235217	TSPY26P	1.0	3282
ENSG00000235268	KDM4E	3.1	8298
ENSG00000235272	RAMACL	1.5	4687
ENSG00000235376	RPEL1	2.0	6082
ENSG00000235568	NFAM1	6.9	13452
ENSG00000235608	NKX1-1	2.5	7104
ENSG00000235631	RNF148	1.0	3282
ENSG00000235699	CXorf51B	0.0	1
ENSG00000235711	ANKRD34C	0.0	1
ENSG00000235718	MFRP	0.6	2927
ENSG00000235750	KIAA0040	0.0	1
ENSG00000235818	VN1R17P	0.5	1903
ENSG00000235863	B3GALT4	4.8	10931
ENSG00000235961	PNMA6A	0.0	1
ENSG00000236032	OR5H14	1.0	3282
ENSG00000236104	ZBTB22	3.7	9268
ENSG00000236125	USP17L4	1.5	4687
ENSG00000236279	CLEC2L	0.0	1
ENSG00000236287	ZBED5	0.0	1
ENSG00000236320	SLFN14	7.0	13559
ENSG00000236334	PPIAL4G	1.5	4687
ENSG00000236362	GAGE12F	0.0	1
ENSG00000236396	SLC35G4	1.6	5463
ENSG00000236398	TAS2R39	2.6	7291
ENSG00000236424	TSPY10	1.0	3282
ENSG00000236444	UBE2L5	1.5	4687
ENSG00000236446	CT47B1	0.0	1
ENSG00000236609	ZNF853	1.5	4687
ENSG00000236637	IFNA4	7.5	14017
ENSG00000236699	ARHGEF38	0.5	1903
ENSG00000236761	CTAGE9	1.5	4687
ENSG00000236764	COX7A2P2	1.0	3282
ENSG00000236980	CIMIP7	0.0	1
ENSG00000236981	OR10G9	1.0	3282
ENSG00000237038	USP17L8	1.5	4687
ENSG00000237110	TAAR9	4.3	10201
ENSG00000237172	B3GNT9	1.0	3282
ENSG00000237254	TRBV30	0.5	1903
ENSG00000237330	RNF223	1.0	3282
ENSG00000237388	OR4A47	0.5	1903
ENSG00000237412	PRSS56	3.3	8619
ENSG00000237440	ZNF737	1.5	4687
ENSG00000237441	RGL2	1.2	4328
ENSG00000237452	MEIOSIN	3.0	8111
ENSG00000237515	SHISA9	1.0	3282
ENSG00000237521	OR7E24	1.0	3282
ENSG00000237541	HLA-DQA2	4.2	10017
ENSG00000237621	OR9A1P	0.0	1
ENSG00000237649	KIFC1	5.9	12348
ENSG00000237651	DEMA1	0.0	1
ENSG00000237693	IRGM	37.9	19081
ENSG00000237700	PRAMEF33	1.0	3282
ENSG00000237702	TRBV3-1	0.5	1903
ENSG00000237763	AMY1A	4.2	10017
ENSG00000237765	ZBED11	0.0	1
ENSG00000237850	GOLGA6L24	0.0	1
ENSG00000237988	OR2I1	1.0	3282
ENSG00000238074	TSPY9	1.0	3282
ENSG00000238083	LRRC37A2	0.0	1
ENSG00000238205	MPC1L	1.8	5759
ENSG00000238222	MKRN4P	1.0	3282
ENSG00000238243	OR2W3	1.0	3282
ENSG00000238244	GABARAPL3	3.5	8994
ENSG00000238269	PAGE2B	0.0	1
ENSG00000239264	TXNDC5	2.9	7932
ENSG00000239282	CASTOR1	10.3	15915
ENSG00000239305	RNF103	6.6	13122
ENSG00000239306	RBM14	7.2	13747
ENSG00000239382	ALKBH6	0.8	3045
ENSG00000239388	ASB14	0.0	1
ENSG00000239389	PCDHA13	1.0	3282
ENSG00000239474	KLHL41	6.8	13329
ENSG00000239521	CASTOR3P	1.0	3282
ENSG00000239571	IGKV2D-30	0.5	1903
ENSG00000239590	OR1J4	1.0	3282
ENSG00000239605	STPG4	2.5	7104
ENSG00000239620	PRR20G	0.0	1
ENSG00000239642	MEIKIN	5.0	11192
ENSG00000239672	NME1	22.6	18479
ENSG00000239697	TNFSF12	10.3	15915
ENSG00000239704	CDRT4	0.0	1
ENSG00000239713	APOBEC3G	16.1	17722
ENSG00000239732	TLR9	28.2	18803
ENSG00000239779	WBP1	1.3	4364
ENSG00000239789	MRPS17	2.8	7695
ENSG00000239810	PRAMEF11	1.0	3282
ENSG00000239819	IGKV1D-8	0.5	1903
ENSG00000239839	DEFA3	10.1	15809
ENSG00000239855	IGKV1-6	0.5	1903
ENSG00000239857	GET4	9.0	15175
ENSG00000239862	IGKV1-37	0.5	1903
ENSG00000239900	ADSL	5.7	12090
ENSG00000239951	IGKV3-20	3.3	8619
ENSG00000239961	LILRA4	7.1	13639
ENSG00000239975	IGKV1D-33	1.7	5664
ENSG00000239998	LILRA2	16.3	17761
ENSG00000240021	TEX35	0.0	1
ENSG00000240038	AMY2B	1.5	4687
ENSG00000240053	LY6G5B	0.8	3045
ENSG00000240065	PSMB9	9.0	15175
ENSG00000240108	NCOR1P1	0.0	1
ENSG00000240184	PCDHGC3	1.6	5463
ENSG00000240204	SMKR1	0.0	1
ENSG00000240225	ZNF542P	0.6	2927
ENSG00000240230	COX19	3.7	9268
ENSG00000240268	MOXD2P	2.5	7104
ENSG00000240303	ACAD11	6.0	12446
ENSG00000240344	PPIL3	1.5	4687
ENSG00000240382	IGKV1-17	1.7	5664
ENSG00000240403	KIR3DL2	3.2	8468
ENSG00000240445	FOXO3B	2.0	6082
ENSG00000240505	TNFRSF13B	3.3	8619
ENSG00000240542	KRTAP9-1	0.0	1
ENSG00000240563	L1TD1	2.0	6082
ENSG00000240583	AQP1	44.6	19161
ENSG00000240654	C1QTNF9	0.8	3045
ENSG00000240671	IGKV1-8	0.5	1903
ENSG00000240682	ISY1	3.9	9571
ENSG00000240694	PNMA2	0.5	1903
ENSG00000240720	LRRD1	0.0	1
ENSG00000240747	KRABD1	1.5	4687
ENSG00000240764	PCDHGC5	1.5	4687
ENSG00000240771	ARHGEF25	2.8	7695
ENSG00000240849	PEDS1	4.2	10017
ENSG00000240857	RDH14	3.0	8111
ENSG00000240864	IGKV1-16	1.7	5664
ENSG00000240871	KRTAP4-7	1.3	4364
ENSG00000240891	PLCXD2	0.5	1903
ENSG00000240972	MIF	23.2	18520
ENSG00000241058	NSUN6	6.2	12686
ENSG00000241106	HLA-DOB	5.5	11839
ENSG00000241119	UGT1A9	16.9	17853
ENSG00000241123	KRTAP10-5	0.8	3045
ENSG00000241127	YAE1	0.8	3045
ENSG00000241128	OR14A2	1.0	3282
ENSG00000241149	ZNF722	1.5	4687
ENSG00000241244	IGKV1D-16	1.7	5664
ENSG00000241258	CRCP	3.7	9268
ENSG00000241294	IGKV2-24	0.5	1903
ENSG00000241322	FBXW10B	0.0	1
ENSG00000241343	RPL36A	8.1	14536
ENSG00000241350	PMS2P11	0.0	1
ENSG00000241351	IGKV3-11	1.7	5664
ENSG00000241356	OR5G3	1.0	3282
ENSG00000241360	PDXP	10.6	16075
ENSG00000241370	RPP21	3.7	9268
ENSG00000241399	CD302	0.8	3045
ENSG00000241404	EGFL8	1.5	4687
ENSG00000241468	ATP5MF	3.8	9432
ENSG00000241484	ARHGAP8	4.9	11073
ENSG00000241553	ARPC4	5.7	12090
ENSG00000241563	CORT	5.0	11192
ENSG00000241566	IGKV2D-24	0.5	1903
ENSG00000241635	UGT1A1	24.4	18605
ENSG00000241644	INMT	3.4	8766
ENSG00000241657	TRBV11-2	0.5	1903
ENSG00000241685	ARPC1A	3.6	9147
ENSG00000241697	TMEFF1	2.6	7291
ENSG00000241721	SUMO1P1	4.4	10330
ENSG00000241735	FABP5P3	1.0	3282
ENSG00000241755	IGKV1-9	0.5	1903
ENSG00000241837	ATP5PO	4.4	10330
ENSG00000241839	PLEKHO2	0.5	1903
ENSG00000241852	C8orf58	0.0	1
ENSG00000241878	PISD	5.0	11192
ENSG00000241935	HOGA1	7.1	13639
ENSG00000241945	PWP2	2.9	7932
ENSG00000241973	PI4KA	7.0	13559
ENSG00000242019	KIR3DL3	1.5	4687
ENSG00000242028	HYPK	4.2	10017
ENSG00000242076	IGKV1-33	2.5	7104
ENSG00000242110	AMACR	7.7	14204
ENSG00000242114	MTFP1	1.3	4364
ENSG00000242120	MDFIC2	1.5	4687
ENSG00000242173	ARHGDIG	3.7	9268
ENSG00000242220	TCP10L	3.2	8468
ENSG00000242221	PSG2	2.2	6585
ENSG00000242242	NECTIN3-AS1	0.0	1
ENSG00000242247	ARFGAP3	3.8	9432
ENSG00000242252	BGLAP	14.2	17296
ENSG00000242259	C22orf39	1.0	3282
ENSG00000242265	PEG10	4.8	10931
ENSG00000242366	UGT1A8	22.2	18455
ENSG00000242371	IGKV1-39	1.7	5664
ENSG00000242372	EIF6	8.7	14962
ENSG00000242389	RBMY1E	1.0	3282
ENSG00000242419	PCDHGC4	1.5	4687
ENSG00000242441	GTF2A1L	3.1	8298
ENSG00000242485	MRPL20	1.6	5463
ENSG00000242498	ARPIN	3.7	9268
ENSG00000242515	UGT1A10	16.2	17740
ENSG00000242534	IGKV2D-28	1.7	5664
ENSG00000242550	SERPINB10	1.4	4622
ENSG00000242574	HLA-DMB	7.8	14288
ENSG00000242580	IGKV1D-43	0.5	1903
ENSG00000242612	DECR2	5.1	11329
ENSG00000242616	GNG10	2.8	7695
ENSG00000242689	CNTF	14.3	17326
ENSG00000242715	CCDC169	0.0	1
ENSG00000242732	RTL5	0.0	1
ENSG00000242766	IGKV1D-17	0.5	1903
ENSG00000242779	ZNF702P	0.6	2927
ENSG00000242802	AP5Z1	2.8	7695
ENSG00000242852	ZNF709	1.5	4687
ENSG00000242866	STRC	1.0	3282
ENSG00000242875	RBMY1B	3.3	8619
ENSG00000242950	ERVW-1	3.8	9432
ENSG00000243056	EIF4EBP3	2.7	7600
ENSG00000243063	IGKV3-7	0.5	1903
ENSG00000243073	PRAMEF4	1.0	3282
ENSG00000243130	PSG11	1.9	5985
ENSG00000243137	PSG4	0.9	3235
ENSG00000243147	MRPL33	0.6	2927
ENSG00000243156	MICAL3	7.2	13747
ENSG00000243232	PCDHAC2	2.8	7695
ENSG00000243238	IGKV2-30	1.7	5664
ENSG00000243244	STON1	2.8	7695
ENSG00000243264	IGKV2D-29	0.5	1903
ENSG00000243279	PRAF2	0.5	1903
ENSG00000243284	VSIG8	0.5	1903
ENSG00000243290	IGKV1-12	0.5	1903
ENSG00000243317	STMP1	3.1	8298
ENSG00000243335	KCTD7	2.1	6380
ENSG00000243364	EFNA4	4.1	9897
ENSG00000243414	TICAM2	14.9	17482
ENSG00000243449	NICOL1	1.5	4687
ENSG00000243466	IGKV1-5	1.7	5664
ENSG00000243477	NAA80	7.9	14372
ENSG00000243480	AMY2A	6.6	13122
ENSG00000243489	KRTAP10-11	0.0	1
ENSG00000243509	TNFRSF6B	2.9	7932
ENSG00000243566	UPK3B	0.0	1
ENSG00000243641	OR13C7	1.0	3282
ENSG00000243646	IL10RB	14.1	17268
ENSG00000243649	CFB	10.1	15809
ENSG00000243667	DNAAF10	1.6	5463
ENSG00000243678	NME2	18.4	18069
ENSG00000243708	PLA2G4B	13.2	17041
ENSG00000243709	LEFTY1	3.9	9571
ENSG00000243710	CFAP57	0.0	1
ENSG00000243716	NPIPB5	0.0	1
ENSG00000243725	TTC4	3.1	8298
ENSG00000243729	OR5V1	1.0	3282
ENSG00000243749	TMEM35B	0.0	1
ENSG00000243772	KIR2DL3	5.0	11192
ENSG00000243789	JMJD7	6.7	13235
ENSG00000243811	APOBEC3D	6.2	12686
ENSG00000243896	OR2A7	1.5	4687
ENSG00000243910	TUBA4B	0.0	1
ENSG00000243927	MRPS6	3.8	9432
ENSG00000243943	ZNF512	1.6	5463
ENSG00000243955	GSTA1	11.0	16257
ENSG00000243967	NBPF5P	0.0	1
ENSG00000243978	RTL9	0.0	1
ENSG00000243989	ACY1	3.0	8111
ENSG00000244005	NFS1	8.9	15105
ENSG00000244020	MT1HL1	3.0	8111
ENSG00000244025	KRTAP19-3	0.0	1
ENSG00000244038	DDOST	5.9	12348
ENSG00000244045	VMA12	3.7	9268
ENSG00000244067	GSTA2	4.2	10017
ENSG00000244116	IGKV2-28	0.5	1903
ENSG00000244122	UGT1A7	20.0	18262
ENSG00000244165	P2RY11	10.4	15985
ENSG00000244187	TMEM141	0.0	1
ENSG00000244219	TMEM225B	0.0	1
ENSG00000244234	GMCL2	0.8	3045
ENSG00000244242	IFITM10	0.0	1
ENSG00000244274	DBNDD2	1.3	4364
ENSG00000244355	LY6G6D	1.8	5759
ENSG00000244362	KRTAP19-7	0.0	1
ENSG00000244395	RBMY1D	1.0	3282
ENSG00000244405	ETV5	10.2	15862
ENSG00000244414	CFHR1	4.3	10201
ENSG00000244437	IGKV3-15	1.7	5664
ENSG00000244462	RBM12	1.5	4687
ENSG00000244474	UGT1A4	13.9	17231
ENSG00000244476	ERVFRD-1	2.9	7932
ENSG00000244482	LILRA6	1.5	4687
ENSG00000244486	SCARF2	1.0	3282
ENSG00000244509	APOBEC3C	6.7	13235
ENSG00000244537	KRTAP4-2	1.3	4364
ENSG00000244575	IGKV1-27	0.5	1903
ENSG00000244588	RAD21L1	2.1	6380
ENSG00000244607	CCDC13	3.4	8766
ENSG00000244617	ASPRV1	2.1	6380
ENSG00000244623	OR2AE1	1.0	3282
ENSG00000244624	KRTAP20-1	0.0	1
ENSG00000244682	FCGR2C	4.2	10017
ENSG00000244687	UBE2V1	8.4	14752
ENSG00000244694	PTCHD4	0.0	1
ENSG00000244731	C4A	8.9	15105
ENSG00000244734	HBB	15.7	17645
ENSG00000244752	CRYBB2	3.8	9432
ENSG00000244754	N4BP2L2	4.4	10330
ENSG00000245680	ZNF585B	1.0	3282
ENSG00000245848	CEBPA	28.7	18821
ENSG00000246705	H2AJ	1.0	3282
ENSG00000246922	UBAP1L	1.0	3282
ENSG00000247077	PGAM5	4.1	9897
ENSG00000247315	ZCCHC3	8.0	14457
ENSG00000247596	TWF2	13.4	17108
ENSG00000247626	MARS2	4.4	10330
ENSG00000247746	USP51	7.2	13747
ENSG00000248098	BCKDHA	5.4	11736
ENSG00000248099	INSL3	6.5	13008
ENSG00000248109	MARCOL	0.0	1
ENSG00000248124	RRN3P1	0.0	1
ENSG00000248144	ADH1C	2.8	7695
ENSG00000248290	TNXA	0.0	1
ENSG00000248333	CDK11B	15.2	17552
ENSG00000248383	PCDHAC1	2.8	7695
ENSG00000248385	TARM1	3.1	8298
ENSG00000248483	POU5F2	2.0	6082
ENSG00000248485	PCP4L1	0.0	1
ENSG00000248487	ABHD14A	0.0	1
ENSG00000248546	ANP32CP	1.5	4687
ENSG00000248712	DRC12	0.8	3045
ENSG00000248713	C4orf54	0.0	1
ENSG00000248746	ACTN3	11.8	16572
ENSG00000248767	FOXL3	2.5	7104
ENSG00000248905	FMN1	0.5	1903
ENSG00000248920	USP17L19	1.5	4687
ENSG00000248933	USP17L22	1.5	4687
ENSG00000249104	USP17L17	1.5	4687
ENSG00000249115	HAUS5	4.4	10330
ENSG00000249156	TAF11L12	1.0	3282
ENSG00000249158	PCDHA11	2.8	7695
ENSG00000249222	ATP5MGL	1.6	5463
ENSG00000249242	TMEM150C	1.5	4687
ENSG00000249437	NAIP	13.5	17136
ENSG00000249459	ZNF286B	1.5	4687
ENSG00000249471	ZNF324B	1.5	4687
ENSG00000249481	SPATS1	0.0	1
ENSG00000249581	CLRN2	1.8	5759
ENSG00000249693	SPMAP2L	0.0	1
ENSG00000249709	ZNF564	1.5	4687
ENSG00000249715	FER1L5	3.0	8111
ENSG00000249730	OR10J4	1.5	4687
ENSG00000249751	ECSCR	3.9	9571
ENSG00000249811	USP17L21	1.5	4687
ENSG00000249853	HS3ST5	6.9	13452
ENSG00000249861	LGALS16	2.1	6380
ENSG00000249915	PDCD6	23.2	18520
ENSG00000249931	GOLGA8K	0.5	1903
ENSG00000249948	GBA3	13.4	17108
ENSG00000249961	TERB1	2.5	7104
ENSG00000249992	TMEM158	0.5	1903
ENSG00000250036	IGKV1D-37	0.5	1903
ENSG00000250067	YJEFN3	3.5	8994
ENSG00000250120	PCDHA10	2.8	7695
ENSG00000250254	PTTG2	1.0	3282
ENSG00000250298	GIMD1	0.5	1903
ENSG00000250305	TRMT9B	3.7	9268
ENSG00000250312	ZNF718	1.5	4687
ENSG00000250317	SMIM20	1.3	4364
ENSG00000250361	GYPB	0.0	1
ENSG00000250374	TRIM75	2.0	6082
ENSG00000250423	KIAA1210	0.0	1
ENSG00000250479	CHCHD10	2.6	7291
ENSG00000250506	CDK3	7.5	14017
ENSG00000250510	GPR162	0.0	1
ENSG00000250565	ATP6V1E2	1.1	4265
ENSG00000250571	GLI4	1.5	4687
ENSG00000250673	REELD1	0.0	1
ENSG00000250722	SELENOP	1.8	5759
ENSG00000250745	USP17L20	1.5	4687
ENSG00000250782	TAF11L14	1.0	3282
ENSG00000250799	PRODH2	4.1	9897
ENSG00000250803	ZNF475	0.0	1
ENSG00000250844	USP17L18	1.5	4687
ENSG00000250868	XKRY	0.9	3235
ENSG00000250878	METTL21EP	0.5	1903
ENSG00000250913	USP17L23	0.0	1
ENSG00000251039	IGKV2D-40	1.7	5664
ENSG00000251154	PTTG1IP2	0.0	1
ENSG00000251192	ZNF674	1.5	4687
ENSG00000251247	ZNF345	5.9	12348
ENSG00000251258	RFPL4B	1.5	4687
ENSG00000251287	ALG1L2	0.5	1903
ENSG00000251322	SHANK3	21.5	18403
ENSG00000251369	ZNF550	1.5	4687
ENSG00000251493	FOXD1	9.8	15662
ENSG00000251546	IGKV1D-39	1.7	5664
ENSG00000251608	OR12D1	1.5	4687
ENSG00000251655	PRB1	0.0	1
ENSG00000251664	PCDHA12	1.0	3282
ENSG00000251692	PTX4	0.0	1
ENSG00000253117	OC90	3.0	8111
ENSG00000253148	RGS21	2.8	7695
ENSG00000253159	PCDHGA12	1.0	3282
ENSG00000253188	TRBV6-7	0.5	1903
ENSG00000253250	C8orf88	1.5	4687
ENSG00000253251	SHLD3	5.7	12090
ENSG00000253276	CCDC71L	0.0	1
ENSG00000253291	TRBV7-7	0.5	1903
ENSG00000253293	HOXA10	6.9	13452
ENSG00000253304	TMEM200B	0.0	1
ENSG00000253305	PCDHGB6	1.0	3282
ENSG00000253309	SERPINE3	0.5	1903
ENSG00000253313	C1orf210	0.0	1
ENSG00000253368	TRNP1	3.5	8994
ENSG00000253409	TRBV7-4	0.5	1903
ENSG00000253457	SMIM18	0.0	1
ENSG00000253485	PCDHGA5	1.0	3282
ENSG00000253497	IGKV1-13	0.5	1903
ENSG00000253506	NACA2	1.0	3282
ENSG00000253534	TRBV6-8	0.5	1903
ENSG00000253537	PCDHGA7	1.0	3282
ENSG00000253598	SLC10A5	1.0	3282
ENSG00000253626	EIF5AL1	1.0	3282
ENSG00000253649	PRSS51	1.0	3282
ENSG00000253710	ALG11	4.3	10201
ENSG00000253719	ATXN7L3B	1.3	4364
ENSG00000253729	PRKDC	32.4	18962
ENSG00000253731	PCDHGA6	1.0	3282
ENSG00000253767	PCDHGA8	1.0	3282
ENSG00000253797	UTP14C	0.0	1
ENSG00000253831	ETV3L	1.5	4687
ENSG00000253846	PCDHGA10	1.0	3282
ENSG00000253873	PCDHGA11	1.0	3282
ENSG00000253910	PCDHGB2	1.0	3282
ENSG00000253953	PCDHGB4	2.5	7104
ENSG00000253958	CLDN23	1.0	3282
ENSG00000253998	IGKV2-29	0.5	1903
ENSG00000254004	ZNF260	1.5	4687
ENSG00000254087	LYN	59.4	19225
ENSG00000254093	PINX1	14.4	17358
ENSG00000254122	PCDHGB7	1.0	3282
ENSG00000254126	CD8B2	0.0	1
ENSG00000254167	IGHV8-51-1	1.0	3282
ENSG00000254206	NPIPB11	0.0	1
ENSG00000254221	PCDHGB1	1.0	3282
ENSG00000254229	FAM90A12	0.0	1
ENSG00000254245	PCDHGA3	1.0	3282
ENSG00000254402	LRRC24	1.0	3282
ENSG00000254415	SIGLEC14	1.0	3282
ENSG00000254466	OR4D10	0.5	1903
ENSG00000254469	XNDC1N	0.0	1
ENSG00000254470	AP5B1	2.5	7104
ENSG00000254505	CHMP4A	27.4	18763
ENSG00000254521	SIGLEC12	1.0	3282
ENSG00000254535	PABPC4L	1.5	4687
ENSG00000254550	OMP	3.2	8468
ENSG00000254585	MAGEL2	4.7	10753
ENSG00000254598	CSNK2A3	5.5	11839
ENSG00000254647	INS	56.0	19213
ENSG00000254656	RTL1	1.0	3282
ENSG00000254658	OR8J2	0.0	1
ENSG00000254685	FPGT	3.5	8994
ENSG00000254709	IGLL5	1.0	3282
ENSG00000254726	MEX3A	1.3	4364
ENSG00000254737	OR10G4	1.0	3282
ENSG00000254769	OR4A4P	0.5	1903
ENSG00000254772	EEF1G	2.4	6954
ENSG00000254834	OR5M10	2.0	6082
ENSG00000254838	GVINP1	0.0	1
ENSG00000254852	NPIPA2	0.0	1
ENSG00000254858	MPV17L2	2.4	6954
ENSG00000254866	DEFB109D	0.0	1
ENSG00000254893	RAP1BL	2.0	6082
ENSG00000254901	BORCS8	3.2	8468
ENSG00000254986	DPP3	2.9	7932
ENSG00000254999	BRK1	7.4	13914
ENSG00000255009	UBTFL1	2.0	6082
ENSG00000255012	OR5M1	2.0	6082
ENSG00000255072	PIGY	2.1	6380
ENSG00000255095	OR1D4	3.7	9268
ENSG00000255112	CHMP1B	20.3	18300
ENSG00000255150	EID3	2.9	7932
ENSG00000255151	GLYATL1B	1.0	3282
ENSG00000255154	HTD2	2.8	7695
ENSG00000255181	CCDC166	0.0	1
ENSG00000255185	PDXDC2P	0.0	1
ENSG00000255192	NANOGP8	4.1	9897
ENSG00000255221	CARD17P	3.2	8468
ENSG00000255223	OR5M11	0.0	1
ENSG00000255251	PRR23D1	0.0	1
ENSG00000255298	OR8G5	2.0	6082
ENSG00000255302	EID1	4.7	10753
ENSG00000255307	OR52B2	0.5	1903
ENSG00000255346	NOX5	12.9	16951
ENSG00000255374	TAS2R43	4.4	10330
ENSG00000255378	PRR23D2	0.0	1
ENSG00000255393	OOSP4B	0.0	1
ENSG00000255398	HCAR3	5.2	11424
ENSG00000255408	PCDHA3	2.8	7695
ENSG00000255425	OR8G3	3.2	8468
ENSG00000255501	CARD18	3.0	8111
ENSG00000255524	NPIPB8	0.0	1
ENSG00000255529	POLR2M	2.9	7932
ENSG00000255561	FDXACB1	1.0	3282
ENSG00000255569	TRAV1-1	0.5	1903
ENSG00000255582	OR10G2	1.0	3282
ENSG00000255587	RAB44	3.1	8298
ENSG00000255690	TRIL	4.4	10330
ENSG00000255713	OR4D2	0.5	1903
ENSG00000255804	OR6J1	0.5	1903
ENSG00000255833	TIFAB	20.2	18279
ENSG00000255837	TAS2R20	0.0	1
ENSG00000255855	KDM4F	1.5	4687
ENSG00000255974	CYP2A6	12.0	16648
ENSG00000256043	CTSO	2.8	7695
ENSG00000256053	COA8	3.2	8468
ENSG00000256060	TRAPPC2B	5.3	11597
ENSG00000256061	DNAAF4	9.1	15239
ENSG00000256087	ZNF432	2.4	6954
ENSG00000256188	TAS2R30	2.6	7291
ENSG00000256223	ZNF10	1.5	4687
ENSG00000256229	ZNF486	1.5	4687
ENSG00000256235	SMIM3	0.8	3045
ENSG00000256263	DDX11L8	1.0	3282
ENSG00000256269	HMBS	7.0	13559
ENSG00000256294	ZNF225	1.0	3282
ENSG00000256394	ASIC5	2.8	7695
ENSG00000256436	TAS2R31	2.6	7291
ENSG00000256453	DND1	4.7	10753
ENSG00000256463	SALL3	1.0	3282
ENSG00000256525	POLG2	6.8	13329
ENSG00000256537	SMIM10L1	0.0	1
ENSG00000256553	TRAV1-2	0.5	1903
ENSG00000256574	OR13A1	1.0	3282
ENSG00000256590	TRDV3	0.5	1903
ENSG00000256660	CLEC12B	7.4	13914
ENSG00000256671	LIMS4	0.0	1
ENSG00000256683	ZNF350	6.3	12794
ENSG00000256713	PGA5	1.0	3282
ENSG00000256771	ZNF253	2.1	6380
ENSG00000256797	KLRF2	2.6	7291
ENSG00000256812	CAPNS2	0.8	3045
ENSG00000256870	SLC5A8	13.2	17041
ENSG00000256977	LIMS3	0.0	1
ENSG00000256980	KHDC1L	0.5	1903
ENSG00000257008	GPR142	3.4	8766
ENSG00000257017	HP	5.1	11329
ENSG00000257046	SLCO1B3-SLCO1B7	1.5	4687
ENSG00000257057	C11orf97	0.0	1
ENSG00000257093	DENND11	0.0	1
ENSG00000257103	LSM14A	5.2	11424
ENSG00000257108	NHLRC4	0.0	1
ENSG00000257115	OR11H12	0.0	1
ENSG00000257138	TAS2R38	2.6	7291
ENSG00000257198	SPATA31F2P	0.0	1
ENSG00000257218	GATC	2.6	7291
ENSG00000257315	ZBED6	3.5	8994
ENSG00000257335	MGAM	4.7	10753
ENSG00000257365	FNTB	5.3	11597
ENSG00000257446	ZNF878	1.5	4687
ENSG00000257591	ZNF625	1.5	4687
ENSG00000257594	GALNT4	5.2	11424
ENSG00000257704	INAFM1	0.0	1
ENSG00000257727	CNPY2	1.0	3282
ENSG00000257743	MGAM2	0.5	1903
ENSG00000257923	CUX1	6.4	12917
ENSG00000257949	TEN1	4.0	9765
ENSG00000257987	SPMIP11	0.0	1
ENSG00000258083	OR9A4	0.0	1
ENSG00000258102	MAP1LC3B2	3.5	8994
ENSG00000258186	SLC7A5P2	0.0	1
ENSG00000258223	PRSS58	1.0	3282
ENSG00000258227	CLEC5A	5.4	11736
ENSG00000258289	CHURC1	0.5	1903
ENSG00000258315	BACC1	0.8	3045
ENSG00000258366	RTEL1	18.6	18090
ENSG00000258405	ZNF578	1.5	4687
ENSG00000258429	PDF	3.7	9268
ENSG00000258436	RNASE12	1.0	3282
ENSG00000258453	OR11H2	0.0	1
ENSG00000258469	CHMP4BP1	1.5	4687
ENSG00000258484	SPESP1	2.0	6082
ENSG00000258597	SERPINA2	1.4	4622
ENSG00000258628	RHPN2P1	0.5	1903
ENSG00000258659	TRIM34	2.3	6711
ENSG00000258713	C20orf141	0.0	1
ENSG00000258806	OR11H7	0.0	1
ENSG00000258817	OR4C13	0.5	1903
ENSG00000258818	RNASE4	3.2	8468
ENSG00000258834	DUX4L4	2.0	6082
ENSG00000258839	MC1R	14.9	17482
ENSG00000258873	DUXA	2.8	7695
ENSG00000258890	CEP95	0.0	1
ENSG00000258947	TUBB3	7.8	14288
ENSG00000258986	TMEM179	0.0	1
ENSG00000258992	TSPY1	1.9	5985
ENSG00000259009	TPRX2	3.6	9147
ENSG00000259092	TRAV30	0.5	1903
ENSG00000259112	NDUFC2-KCTD14	0.0	1
ENSG00000259207	ITGB3	50.9	19198
ENSG00000259224	SLC35G6	0.0	1
ENSG00000259305	ZHX1-C8orf76	0.0	1
ENSG00000259330	INAFM2	0.0	1
ENSG00000259334	LINC00596	0.0	1
ENSG00000259384	GH1	23.2	18520
ENSG00000259417	CTXND1	0.0	1
ENSG00000259431	THTPA	6.0	12446
ENSG00000259494	MRPL46	1.1	4265
ENSG00000259706	HSP90B2P	2.5	7104
ENSG00000259803	SLC22A31	0.0	1
ENSG00000259823	LYPD8	1.0	3282
ENSG00000259916	AQP7B	2.5	7104
ENSG00000259956	RBM15B	7.4	13914
ENSG00000260001	TGFBR3L	4.0	9765
ENSG00000260027	HOXB7	7.7	14204
ENSG00000260097	SPDYE6	0.5	1903
ENSG00000260220	CCDC187	0.0	1
ENSG00000260230	FRRS1L	1.8	5759
ENSG00000260286	ARMH2	0.0	1
ENSG00000260287	TBC1D3G	0.5	1903
ENSG00000260314	MRC1	3.5	8994
ENSG00000260325	HSPB9	0.0	1
ENSG00000260357	DNM1P34	0.0	1
ENSG00000260428	SCX	18.7	18104
ENSG00000260456	C16orf95	0.0	1
ENSG00000260458	KCNJ18	2.1	6380
ENSG00000260549	MT1L	4.8	10931
ENSG00000260565	ERVK13-1	0.0	1
ENSG00000260596	DUX4	7.9	14372
ENSG00000260691	ANKRD20A1	0.0	1
ENSG00000260727	SLC7A5P1	0.0	1
ENSG00000260734	TLE7	1.0	3282
ENSG00000260802	SERTM2	0.0	1
ENSG00000260811	OR4C45	0.5	1903
ENSG00000260903	XKR7	1.5	4687
ENSG00000260916	CCPG1	2.4	6954
ENSG00000261011	AGAP11	1.0	3282
ENSG00000261052	SULT1A3	17.0	17864
ENSG00000261115	TMEM178B	0.0	1
ENSG00000261150	EPPK1	10.1	15809
ENSG00000261210	CLEC19A	0.0	1
ENSG00000261221	ZNF865	1.5	4687
ENSG00000261236	BOP1	7.5	14017
ENSG00000261239	ANKRD26P1	0.0	1
ENSG00000261247	GOLGA8T	0.5	1903
ENSG00000261272	MUC22	0.0	1
ENSG00000261308	FIGNL2	4.6	10655
ENSG00000261371	PECAM1	22.3	18461
ENSG00000261456	TUBB8	3.6	9147
ENSG00000261587	CATSPERQ	1.8	5759
ENSG00000261594	TPBGL	0.5	1903
ENSG00000261603	PRSS46P	0.0	1
ENSG00000261609	GAN	2.4	6954
ENSG00000261649	GOLGA6L7	0.0	1
ENSG00000261652	PIERCE2	2.0	6082
ENSG00000261667	LY6L	0.0	1
ENSG00000261678	SCRT1	7.0	13559
ENSG00000261701	HPR	1.6	5463
ENSG00000261716	H2BC20P	3.0	8111
ENSG00000261739	GOLGA8S	0.5	1903
ENSG00000261787	TCF24	2.0	6082
ENSG00000261794	GOLGA8H	0.5	1903
ENSG00000261857	MIA	0.5	1903
ENSG00000261934	PCDHGA9	1.5	4687
ENSG00000261936	TAS2R45	1.6	5463
ENSG00000261949	GFY	0.5	1903
ENSG00000262085	OR1P1	1.0	3282
ENSG00000262179	MYMX	5.6	11982
ENSG00000262191	OR9G9	0.0	1
ENSG00000262209	PCDHGB3	1.0	3282
ENSG00000262246	CORO7	5.2	11424
ENSG00000262315	OR8U8	0.0	1
ENSG00000262406	MMP12	20.7	18330
ENSG00000262461	SPDYE9	0.5	1903
ENSG00000262576	PCDHGA4	1.0	3282
ENSG00000262628	OR1D5	4.6	10655
ENSG00000262655	SPON1	1.6	5463
ENSG00000262664	OVCA2	2.7	7600
ENSG00000262814	MRPL12	5.5	11839
ENSG00000262919	CCNQ	1.3	4364
ENSG00000262980	OR52L2P	0.5	1903
ENSG00000263001	GTF2I	4.3	10201
ENSG00000263002	ZNF234	0.6	2927
ENSG00000263155	MYZAP	0.5	1903
ENSG00000263353	PPIAL4A	1.5	4687
ENSG00000263429	TMEM238L	0.8	3045
ENSG00000263465	SRSF8	1.5	4687
ENSG00000263513	RUMY3	0.0	1
ENSG00000263528	IKBKE	14.8	17461
ENSG00000263639	MSMB	0.0	1
ENSG00000263761	GDF2	22.9	18499
ENSG00000263956	NBPF11	0.0	1
ENSG00000263961	RHEX	3.2	8468
ENSG00000264006	AKR1C8	0.0	1
ENSG00000264204	AGAP7P	1.0	3282
ENSG00000264230	ANXA8L1	2.0	6082
ENSG00000264343	NOTCH2NLA	2.4	6954
ENSG00000264364	DYNLL2	3.5	8994
ENSG00000264424	MYH4	6.1	12588
ENSG00000264522	OTUD7B	14.6	17413
ENSG00000264717	NPY4R2	1.5	4687
ENSG00000265107	GJA5	27.8	18783
ENSG00000265190	ANXA8	9.2	15304
ENSG00000265203	RBP3	4.1	9897
ENSG00000265241	RBM8A	11.1	16303
ENSG00000265354	TIMM23	3.3	8619
ENSG00000265491	RNF115	8.1	14536
ENSG00000265681	RPL17	6.9	13452
ENSG00000265763	ZNF488	1.0	3282
ENSG00000265808	SEC22B	4.3	10201
ENSG00000265817	FSBP	0.8	3045
ENSG00000265972	TXNIP	8.1	14536
ENSG00000266028	SRGAP2	16.8	17833
ENSG00000266074	BAHCC1	0.0	1
ENSG00000266094	RASSF5	1.3	4364
ENSG00000266173	STRADA	7.4	13914
ENSG00000266200	PNLIPRP2	15.3	17571
ENSG00000266265	KLF14	5.2	11424
ENSG00000266338	NBPF15	0.0	1
ENSG00000266412	NCOA4	4.9	11073
ENSG00000266472	MRPS21	3.3	8619
ENSG00000266524	GDF10	6.0	12446
ENSG00000266714	MYO15B	0.0	1
ENSG00000266826	IGBP1C	1.0	3282
ENSG00000266964	FXYD1	10.3	15915
ENSG00000267041	ZNF850	1.0	3282
ENSG00000267060	PTGES3L	2.0	6082
ENSG00000267206	LCN6	0.0	1
ENSG00000267221	C17orf113	0.0	1
ENSG00000267343	ZNF833P	1.1	4265
ENSG00000267368	UPK3BL1	0.0	1
ENSG00000267467	APOC4	4.4	10330
ENSG00000267508	ZNF285	0.6	2927
ENSG00000267534	S1PR2	13.1	17014
ENSG00000267631	CGB1	1.8	5759
ENSG00000267673	FDX2	4.8	10931
ENSG00000267680	ZNF224	4.2	10017
ENSG00000267795	SMIM22	4.5	10501
ENSG00000267796	LIN37	2.3	6711
ENSG00000267855	NDUFA7	2.9	7932
ENSG00000267908	ZSCAN5DP	1.5	4687
ENSG00000267909	CCDC177	0.0	1
ENSG00000268041	ERFL	1.5	4687
ENSG00000268043	NBPF12	0.0	1
ENSG00000268089	GABRQ	6.9	13452
ENSG00000268104	SLC6A14	17.9	18004
ENSG00000268221	OPN1MW	10.4	15985
ENSG00000268223	ARL14EPL	0.0	1
ENSG00000268235	TCP11X1	0.5	1903
ENSG00000268320	SCGB1C2	0.0	1
ENSG00000268480	NFILZ	1.0	3282
ENSG00000268629	TEX13A	0.5	1903
ENSG00000268655	SAXO3	0.0	1
ENSG00000268696	ZNF723	1.5	4687
ENSG00000268758	ADGRE4P	2.8	7695
ENSG00000268799	H3Y2	2.5	7104
ENSG00000268940	CT45A1	0.0	1
ENSG00000268964	ERVV-2	0.0	1
ENSG00000269001	ZNF818P	0.6	2927
ENSG00000269058	CALR3	1.8	5759
ENSG00000269067	ZNF728	1.5	4687
ENSG00000269096	CT45A3	0.0	1
ENSG00000269113	TRABD2B	6.3	12794
ENSG00000269190	FBXO17	2.6	7291
ENSG00000269226	TMSB15C	0.0	1
ENSG00000269313	MAGIX	0.0	1
ENSG00000269335	IKBKG	23.3	18530
ENSG00000269343	ZNF587B	1.5	4687
ENSG00000269404	SPIB	6.1	12588
ENSG00000269433	OPN1MW3	4.8	10931
ENSG00000269466	H3Y1	3.3	8619
ENSG00000269526	ERVV-1	0.0	1
ENSG00000269556	TMEM185A	0.0	1
ENSG00000269565	GPR32P1	3.0	8111
ENSG00000269586	CT45A10	0.8	3045
ENSG00000269699	ZIM2	2.4	6954
ENSG00000269713	NBPF9	0.0	1
ENSG00000269743	SLC25A53	0.5	1903
ENSG00000269855	RNF225	1.0	3282
ENSG00000269858	EGLN2	11.0	16257
ENSG00000269964	MEI4	4.6	10655
ENSG00000270170	NCBP2AS2	0.0	1
ENSG00000270231	NBPF8	0.0	1
ENSG00000270339	PPIAL4H	1.5	4687
ENSG00000270379	HEATR9	0.0	1
ENSG00000270550	IGHV3-30	2.2	6585
ENSG00000270601	PRAMEF5	1.0	3282
ENSG00000270629	NBPF14	0.0	1
ENSG00000270647	TAF15	4.0	9765
ENSG00000270765	GAS2L2	8.9	15105
ENSG00000270806	PGBDF	0.0	1
ENSG00000270885	RASL10B	1.0	3282
ENSG00000270946	CT45A9	0.0	1
ENSG00000271079	CTAGE15	1.5	4687
ENSG00000271271	UGT2A2	3.7	9268
ENSG00000271303	SRXN1	3.5	8994
ENSG00000271321	CTAGE6	1.5	4687
ENSG00000271383	NBPF19	0.0	1
ENSG00000271425	NBPF10	0.5	1903
ENSG00000271447	MMP28	2.4	6954
ENSG00000271449	CT45A2	0.0	1
ENSG00000271503	CCL5	59.8	19226
ENSG00000271567	PPIAL4E	1.5	4687
ENSG00000271601	LIX1L	0.5	1903
ENSG00000271699	SNX29P2	0.0	1
ENSG00000272031	ANKRD34A	0.0	1
ENSG00000272047	GTF2H5	3.0	8111
ENSG00000272325	NUDT3	18.7	18104
ENSG00000272333	KMT2B	4.2	10017
ENSG00000272391	POM121C	2.0	6082
ENSG00000272395	IFNL4	5.1	11329
ENSG00000272398	CD24	19.4	18201
ENSG00000272514	CFAP206	6.0	12446
ENSG00000272578	GUSBP11	0.0	1
ENSG00000272602	ZNF595	1.5	4687
ENSG00000272636	DOC2B	4.0	9765
ENSG00000272674	PCDHB16	3.4	8766
ENSG00000272804	KRTAP10-7	0.8	3045
ENSG00000272886	DCP1A	5.1	11329
ENSG00000272899	SPMIP1	0.0	1
ENSG00000272987	OR5AL1	0.0	1
ENSG00000273079	GRIN2B	26.7	18728
ENSG00000273085	OR52E1	0.5	1903
ENSG00000273111	LYPD4	0.0	1
ENSG00000273136	NBPF26	0.0	1
ENSG00000273173	SNURF	0.0	1
ENSG00000273213	H3-7	2.5	7104
ENSG00000273274	ZBTB8B	1.5	4687
ENSG00000273513	TBC1D3K	0.5	1903
ENSG00000273514	FOXD4L6	3.0	8111
ENSG00000273520	SPDYE8	0.5	1903
ENSG00000273540	AGBL1	2.0	6082
ENSG00000273559	CWC25	1.9	5985
ENSG00000273604	EPOP	3.7	9268
ENSG00000273611	ZNHIT3	2.8	7695
ENSG00000273696	CT45A7	0.0	1
ENSG00000273703	H2BC14	4.2	10017
ENSG00000273706	LHX1	30.7	18904
ENSG00000273749	CYFIP1	10.4	15985
ENSG00000273756	GOLGA6L26	0.0	1
ENSG00000273777	CEACAM20	1.5	4687
ENSG00000273820	USP27X	8.0	14457
ENSG00000273841	TAF9	22.9	18499
ENSG00000273899	NOL12	1.8	5759
ENSG00000273962	IGKV2-40	0.5	1903
ENSG00000273976	GOLGA6L1	0.0	1
ENSG00000274070	CASTOR2	5.8	12204
ENSG00000274102	OR4M2	0.5	1903
ENSG00000274143	KIR2DL5A	1.5	4687
ENSG00000274150	FADS2B	1.0	3282
ENSG00000274180	NATD1	0.0	1
ENSG00000274183	H2AB1	2.6	7291
ENSG00000274209	ANTXRL	0.5	1903
ENSG00000274211	SOCS7	4.1	9897
ENSG00000274226	TBC1D3H	0.5	1903
ENSG00000274252	GGTLC3	0.5	1903
ENSG00000274274	GAGE13	0.0	1
ENSG00000274286	ADRA2B	13.7	17187
ENSG00000274349	ZNF658	4.2	10017
ENSG00000274391	TPTE	3.2	8468
ENSG00000274419	TBC1D3D	0.5	1903
ENSG00000274512	TBC1D3L	0.5	1903
ENSG00000274523	RCC1L	6.0	12446
ENSG00000274529	SEBOX	1.2	4328
ENSG00000274570	SPDYE10	0.5	1903
ENSG00000274576	IGHV2-70	2.2	6585
ENSG00000274588	DGKK	7.0	13559
ENSG00000274600	RIMBP3B	2.0	6082
ENSG00000274611	TBC1D3	1.3	4364
ENSG00000274641	H2BC17	4.2	10017
ENSG00000274736	CCL23	13.9	17231
ENSG00000274749	KRTAP7-1	0.0	1
ENSG00000274752	TRBV12-3	2.3	6711
ENSG00000274764	PRAMEF27	1.0	3282
ENSG00000274808	TBC1D3B	0.5	1903
ENSG00000274847	MAFIP	0.0	1
ENSG00000274933	TBC1D3I	0.5	1903
ENSG00000274997	H2AC12	1.0	3282
ENSG00000275004	ZNF280B	1.5	4687
ENSG00000275023	MLLT6	4.0	9765
ENSG00000275052	PPP4R3B	2.3	6711
ENSG00000275066	SYNRG	0.9	3235
ENSG00000275074	NUDT18	9.9	15713
ENSG00000275111	ZNF2	1.2	4328
ENSG00000275113	GAGE2E	0.0	1
ENSG00000275152	CCL16	7.9	14372
ENSG00000275158	TRBV12-5	0.5	1903
ENSG00000275183	LENG9	0.0	1
ENSG00000275243	TRBV16	0.5	1903
ENSG00000275302	CCL4	18.0	18016
ENSG00000275342	PRAG1	5.6	11982
ENSG00000275385	CCL18	10.5	16025
ENSG00000275395	FCGBP	0.5	1903
ENSG00000275410	HNF1B	12.4	16811
ENSG00000275434	KIR3DS1	3.3	8619
ENSG00000275489	SPMAP1	0.0	1
ENSG00000275572	GRIFIN	0.5	1903
ENSG00000275591	XKR5	0.0	1
ENSG00000275663	H4C7	1.0	3282
ENSG00000275700	AATF	2.7	7600
ENSG00000275713	H2BC9	6.6	13122
ENSG00000275718	CCL15	11.3	16392
ENSG00000275722	LYZL6	3.4	8766
ENSG00000275743	TRBV14	0.5	1903
ENSG00000275774	HNRNPCL2	1.3	4364
ENSG00000275791	TRBV10-3	0.5	1903
ENSG00000275793	RIMBP3	2.0	6082
ENSG00000275832	ARHGAP23	1.8	5759
ENSG00000275835	TUBGCP5	5.7	12090
ENSG00000275896	PRSS2	12.2	16737
ENSG00000275954	TBC1D3F	0.5	1903
ENSG00000275969	SPATA31A3	0.0	1
ENSG00000275976	SPDYE11	1.3	4364
ENSG00000276023	DUSP14	0.5	1903
ENSG00000276040	SPATA31A7	0.0	1
ENSG00000276043	UHRF1	29.0	18831
ENSG00000276045	ORAI1	10.6	16075
ENSG00000276119	OR13C2	1.0	3282
ENSG00000276141	WHAMMP3	0.0	1
ENSG00000276175	LILRA3	1.5	4687
ENSG00000276203	ANKRD20A3P	0.0	1
ENSG00000276231	PIK3R6	6.5	13008
ENSG00000276234	TADA2A	8.8	15033
ENSG00000276240	OR4E1	1.5	4687
ENSG00000276293	PIP4K2B	9.3	15379
ENSG00000276368	H2AC14	1.0	3282
ENSG00000276380	UBE2NL	2.0	6082
ENSG00000276387	KIR2DS1	2.7	7600
ENSG00000276405	TRBV13	0.5	1903
ENSG00000276409	CCL14	5.3	11597
ENSG00000276410	H2BC3	4.2	10017
ENSG00000276430	FAM25C	0.0	1
ENSG00000276547	PCDHGB5	1.0	3282
ENSG00000276557	TRBV18	0.5	1903
ENSG00000276566	IGKV1D-13	0.5	1903
ENSG00000276581	SPATA31A5	0.0	1
ENSG00000276597	TRBV11-3	0.5	1903
ENSG00000276600	RAB7B	5.2	11424
ENSG00000276644	DACH1	7.9	14372
ENSG00000276717	PRSS47P	1.0	3282
ENSG00000276747	PADI6	6.4	12917
ENSG00000276775	IGHV4-4	1.0	3282
ENSG00000276816	PRAMEF22	1.0	3282
ENSG00000276950	GSTT4	1.0	3282
ENSG00000276953	TRBV12-4	0.5	1903
ENSG00000277058	HNRNPCL3	0.5	1903
ENSG00000277072	STAG3L2	0.0	1
ENSG00000277147	LINC00869	0.0	1
ENSG00000277149	TYW1B	0.5	1903
ENSG00000277161	PIGW	5.6	11982
ENSG00000277200	CCDC92B	0.0	1
ENSG00000277258	PCGF2	3.8	9432
ENSG00000277322	GOLGA6L6	0.0	1
ENSG00000277363	SRCIN1	6.9	13452
ENSG00000277399	GPR179	1.8	5759
ENSG00000277443	MARCKS	3.3	8619
ENSG00000277462	ZNF670	2.3	6711
ENSG00000277481	PKD1L3	7.7	14204
ENSG00000277494	GPIHBP1	14.6	17413
ENSG00000277531	PNMA8C	0.0	1
ENSG00000277535	CT47C1	0.0	1
ENSG00000277556	OR13C5	1.0	3282
ENSG00000277561	GOLGA8IP	0.5	1903
ENSG00000277586	NEFL	8.7	14962
ENSG00000277632	CCL3	47.8	19180
ENSG00000277656	GSTT1	3.4	8766
ENSG00000277758	SYT15B	2.5	7104
ENSG00000277791	PSMB3	18.1	18029
ENSG00000277865	GOLGA6L22	0.0	1
ENSG00000277880	TRBV17	0.5	1903
ENSG00000277893	SRD5A2	8.2	14610
ENSG00000277932	OR52E5	0.5	1903
ENSG00000277972	CISD3	3.4	8766
ENSG00000278023	RDM1	0.0	1
ENSG00000278030	TRBV7-9	2.3	6711
ENSG00000278053	DDX52	1.0	3282
ENSG00000278085	CT45A8	0.0	1
ENSG00000278129	ZNF8	2.7	7600
ENSG00000278195	SSTR3	6.0	12446
ENSG00000278196	IGLV2-8	1.7	5664
ENSG00000278224	PRICKLE4	2.5	7104
ENSG00000278259	MYO19	6.0	12446
ENSG00000278289	CT45A6	0.0	1
ENSG00000278299	TBC1D3C	0.5	1903
ENSG00000278311	GGNBP2	0.0	1
ENSG00000278318	ZNF229	1.0	3282
ENSG00000278416	PMS2P2	0.0	1
ENSG00000278505	C17orf78	0.0	1
ENSG00000278522	POTEB3	0.0	1
ENSG00000278535	DHRS11	3.2	8468
ENSG00000278540	ACACA	7.4	13914
ENSG00000278558	TMEM191B	0.0	1
ENSG00000278570	NR2E3	9.6	15554
ENSG00000278599	TBC1D3E	0.5	1903
ENSG00000278615	C11orf98	0.0	1
ENSG00000278619	MRM1	4.8	10931
ENSG00000278662	GOLGA6L10	0.0	1
ENSG00000278685	DRC11L	1.5	4687
ENSG00000278803	PWWP4	0.0	1
ENSG00000278845	MRPL45	2.7	7600
ENSG00000278857	IGKV1D-12	1.7	5664
ENSG00000278870	OR51G1	0.5	1903
ENSG00000278889	OR2S2	2.2	6585
ENSG00000279000	OR10A6	1.0	3282
ENSG00000279012	OR51B2	0.5	1903
ENSG00000279051	OR6Q1	1.0	3282
ENSG00000279111	OR10X1	0.0	1
ENSG00000279116	OR8D2	2.0	6082
ENSG00000279169	PRAMEF13	1.0	3282
ENSG00000279170	TSTD3P	0.0	1
ENSG00000279263	OR2L8	1.0	3282
ENSG00000279270	OR52R1	0.5	1903
ENSG00000279301	OR2T11	1.0	3282
ENSG00000279395	OR5L1	2.0	6082
ENSG00000279408	OR4N4C	0.5	1903
ENSG00000279486	OR2AG1	1.0	3282
ENSG00000279514	OR4C16	0.5	1903
ENSG00000279761	OR5D13	2.0	6082
ENSG00000279782	PPIAL4F	1.5	4687
ENSG00000279804	PRAMEF18	1.0	3282
ENSG00000279961	OR8U3	0.0	1
ENSG00000279968	CCDC28A-AS1	0.0	1
ENSG00000280021	OR51F1	0.5	1903
ENSG00000280090	OR8B4	2.0	6082
ENSG00000280094	OR1B1	1.0	3282
ENSG00000280165	PCDH20	1.5	4687
ENSG00000280204	OR1S1	1.0	3282
ENSG00000280236	OR12D2	1.5	4687
ENSG00000280267	PRAMEF26	1.0	3282
ENSG00000280314	OR8K3	0.0	1
ENSG00000280411	IGHV1-69D	1.0	3282
ENSG00000280457	DUX4L2	2.0	6082
ENSG00000280670	CCDC163	0.0	1
ENSG00000280789	PAGR1	4.7	10753
ENSG00000280799	DUX4L5	2.0	6082
ENSG00000280969	RPS4Y2	1.5	4687
ENSG00000281038	OR8U9	0.0	1
ENSG00000281058	DUX4L6	2.0	6082
ENSG00000281106	TMEM272	0.0	1
ENSG00000281536	IGLV5-39	0.5	1903
ENSG00000281627	DUX4L3	2.0	6082
ENSG00000281652	DUX4L7	2.0	6082
ENSG00000281990	IGHV1-69-2	1.0	3282
ENSG00000282040	TRBV7-8	0.5	1903
ENSG00000282054	TRBV5-8	0.5	1903
ENSG00000282100	HSP90AB4P	3.0	8111
ENSG00000282122	IGHV7-4-1	1.0	3282
ENSG00000282419	TEX13D	0.5	1903
ENSG00000282499	TRBV25-1	0.5	1903
ENSG00000282543	TRBV4-3	0.5	1903
ENSG00000282608	ADORA3	10.0	15759
ENSG00000282610	TRBV6-9	0.5	1903
ENSG00000282639	IGHV3-64D	1.0	3282
ENSG00000282651	IGHV5-10-1	1.0	3282
ENSG00000282667	PRSS3P2	1.8	5759
ENSG00000282757	DUXB	1.5	4687
ENSG00000282815	TEX13C	0.5	1903
ENSG00000282872	C1orf232	0.0	1
ENSG00000282939	TRBV7-2	0.5	1903
ENSG00000283039	KLF18	1.5	4687
ENSG00000283063	TRBV6-2	0.5	1903
ENSG00000283071	LBHD2	0.0	1
ENSG00000283093	CENPVL2	0.0	1
ENSG00000283154	IQCJ-SCHIP1	1.3	4364
ENSG00000283199	C13orf46	0.0	1
ENSG00000283267	FAM237B	0.0	1
ENSG00000283288	SMIM33	0.0	1
ENSG00000283297	TEX52	0.0	1
ENSG00000283324	CTXND2	0.0	1
ENSG00000283329	FAM240B	0.0	1
ENSG00000283361	CFAP97D2	0.0	1
ENSG00000283434	CSNK2A2IP	0.0	1
ENSG00000283439	SPEM3	1.0	3282
ENSG00000283463	HSFX4	1.0	3282
ENSG00000283473	FAM240A	0.0	1
ENSG00000283516	LITAFD	1.0	3282
ENSG00000283526	PRRT1B	0.0	1
ENSG00000283586	GKN3P	0.5	1903
ENSG00000283597	FAM169BP	0.0	1
ENSG00000283599	CXorf49C	0.0	1
ENSG00000283632	EXOC3L2	0.0	1
ENSG00000283654	CIROP	1.0	3282
ENSG00000283697	HSFX3	1.5	4687
ENSG00000283703	VSIG10L2	1.0	3282
ENSG00000283706	PRSS50	3.1	8298
ENSG00000283740	TAF11L11	1.0	3282
ENSG00000283755	CPHXL	1.5	4687
ENSG00000283758	PMIS2	0.0	1
ENSG00000283776	TAF11L13	1.0	3282
ENSG00000283787	PRR33	0.0	1
ENSG00000283873	SSU72L4	1.0	3282
ENSG00000283967	TAF11L8	1.0	3282
ENSG00000283980	GNG14	1.0	3282
ENSG00000283988	TAF11L9	1.0	3282
ENSG00000283992	SLURP2	4.7	10753
ENSG00000284018	SSU72L5	1.0	3282
ENSG00000284024	MSANTD7	0.0	1
ENSG00000284042	TAF11L6	1.0	3282
ENSG00000284194	SCO2	4.4	10330
ENSG00000284209	CCNYL1B	1.0	3282
ENSG00000284234	TAF11L5	1.0	3282
ENSG00000284283	TAF11L4	1.0	3282
ENSG00000284306	SSU72L2	1.0	3282
ENSG00000284308	C2orf81	0.0	1
ENSG00000284356	TAF11L10	1.0	3282
ENSG00000284373	TAF11L2	1.0	3282
ENSG00000284438	SSU72L1	1.0	3282
ENSG00000284439	TAF11L3	1.0	3282
ENSG00000284465	TAF11L7	1.0	3282
ENSG00000284484	CPHXL2	1.5	4687
ENSG00000284546	SSU72L3	1.0	3282
ENSG00000284609	OR8B3	2.0	6082
ENSG00000284680	OR8B2	2.0	6082
ENSG00000284690	CD300H	3.1	8298
ENSG00000284701	TMEM247	0.0	1
ENSG00000284723	OR8S1	1.0	3282
ENSG00000284753	EEF1AKMT4	2.1	6380
ENSG00000284770	TBCE	6.2	12686
ENSG00000284791	SMIM41	0.0	1
ENSG00000284844	TOMT	5.8	12204
ENSG00000284862	CCDC39	13.8	17208
ENSG00000284873	OOSP1	0.0	1
ENSG00000284917	EEF1AKMT4-ECE2	2.5	7104
ENSG00000284981	UPK3BL2	0.0	1
ENSG00000285010	OOSP4A	0.0	1
ENSG00000285077	ARHGAP11B	5.8	12204
ENSG00000285231	OOSP3	0.0	1
ENSG00000285480	H2BK1	1.5	4687
ENSG00000285607	FAM90A9	0.0	1
ENSG00000285620	FAM90A16	0.0	1
ENSG00000285657	FAM90A19	0.0	1
ENSG00000285687	FAM90A22	0.0	1
ENSG00000285720	FAM90A17	0.0	1
ENSG00000285765	FAM90A23	0.0	1
ENSG00000285814	FAM90A14	0.0	1
ENSG00000285891	MSANTD5	0.0	1
ENSG00000285913	FAM90A18	0.0	1
ENSG00000285937	FAM90A8	0.0	1
ENSG00000285950	FAM90A10	0.0	1
ENSG00000285975	FAM90A7	0.0	1
ENSG00000286014	SPDYE15	0.5	1903
ENSG00000286019	NOTCH2NLB	2.9	7932
ENSG00000286038	SPDYE13	0.5	1903
ENSG00000286075	SMIM10L3	0.0	1
ENSG00000286095	SPEGNB	0.5	1903
ENSG00000286105	TMEM217B	0.0	1
ENSG00000286106	NOTCH2NLR	0.0	1
ENSG00000286137	SPDYE14	0.5	1903
ENSG00000286140	DERPC	0.0	1
ENSG00000286219	NOTCH2NLC	1.6	5463
ENSG00000287363	CIMIP3	0.0	1
ENSG00000288393	ZNF75CP	1.5	4687
ENSG00000288611	NPBWR1	4.1	9897
ENSG00000288649	ACTL10	0.5	1903
ENSG00000288658	RNF228	1.0	3282
ENSG00000288701	PRRC2B	1.0	3282
ENSG00000288702	UGT1A3	16.8	17833
ENSG00000288705	UGT1A5	4.0	9765
ENSG00000288784	CTAGE4	1.5	4687
ENSG00000288867	PPIAL4C	1.5	4687
ENSG00000288920	RPSA2	1.5	4687
ENSG00000289549	PPIAL4D	1.5	4687
ENSG00000289604	CTAGE8	1.5	4687
ENSG00000290292	HOMEZ	1.5	4687
ENSG00000291237	SOD2	17.0	17864
ENSG00000291309	LY6S	1.5	4687
ENSG00000293307	UBE2DNL	0.0	1
ENSG00000293543	DUSP13A	1.6	5463
ENSG00000293560	MYH16	0.0	1
